Unnamed: 0,Unnamed: 1,Indicadores,Programa (MWh),Programa (MWh).1,Programa (MWh).2,Programa (MWh).3,Programa (MWh).4,Programa (MWh).5,Programa (MWh).6,Programa (MWh).7,Programa (MWh).8,Programa (MWh).9,Programa (MWh).10,Programa (MWh).11,Programa (MWh).12,Programa (MWh).13,Programa (MWh).14,Programa (MWh).15,Programa (MWh).16,Programa (MWh).17,Programa (MWh).18,Programa (MWh).19,Programa (MWh).20,Programa (MWh).21,Programa (MWh).22,Programa (MWh).23,Programa (MWh).24,Programa (MWh).25,Programa (MWh).26,Programa (MWh).27,Programa (MWh).28,Programa (MWh).29,Programa (MWh).30,Programa (MWh).31,Programa (MWh).32,Programa (MWh).33,Programa (MWh).34,Programa (MWh).35,Programa (MWh).36,Programa (MWh).37,Programa (MWh).38,Programa (MWh).39,Programa (MWh).40,Programa (MWh).41,Programa (MWh).42,Programa (MWh).43,Programa (MWh).44,Programa (MWh).45,Programa (MWh).46,Programa (MWh).47,Programa (MWh).48,Programa (MWh).49,Programa (MWh).50,Programa (MWh).51,Programa (MWh).52,Programa (MWh).53,Programa (MWh).54,Programa (MWh).55,Programa (MWh).56,Programa (MWh).57,Programa (MWh).58,Programa (MWh).59,Programa (MWh).60,Programa (MWh).61,Programa (MWh).62,Programa (MWh).63,Programa (MWh).64,Programa (MWh).65,Programa (MWh).66,Programa (MWh).67,Programa (MWh).68,Programa (MWh).69,Programa (MWh).70,Programa (MWh).71,Programa (MWh).72,Programa (MWh).73,Programa (MWh).74,Programa (MWh).75,Programa (MWh).76,Programa (MWh).77,Programa (MWh).78,Programa (MWh).79,Programa (MWh).80,Programa (MWh).81,Programa (MWh).82,Programa (MWh).83,Programa (MWh).84,Programa (MWh).85,Programa (MWh).86,Programa (MWh).87,Programa (MWh).88,Programa (MWh).89,Programa (MWh).90,Programa (MWh).91,Programa (MWh).92,Programa (MWh).93,Programa (MWh).94,Programa (MWh).95,Programa (MWh).96
,,Dia,21-junio-2026,21-junio-2026,21-junio-2026,21-junio-2026,21-junio-2026,21-junio-2026,21-junio-2026,21-junio-2026,21-junio-2026,21-junio-2026,21-junio-2026,21-junio-2026,21-junio-2026,21-junio-2026,21-junio-2026,21-junio-2026,21-junio-2026,21-junio-2026,21-junio-2026,21-junio-2026,21-junio-2026,21-junio-2026,21-junio-2026,21-junio-2026,21-junio-2026,21-junio-2026,21-junio-2026,21-junio-2026,21-junio-2026,21-junio-2026,21-junio-2026,21-junio-2026,21-junio-2026,21-junio-2026,21-junio-2026,21-junio-2026,21-junio-2026,21-junio-2026,21-junio-2026,21-junio-2026,21-junio-2026,21-junio-2026,21-junio-2026,21-junio-2026,21-junio-2026,21-junio-2026,21-junio-2026,21-junio-2026,21-junio-2026,21-junio-2026,21-junio-2026,21-junio-2026,21-junio-2026,21-junio-2026,21-junio-2026,21-junio-2026,21-junio-2026,21-junio-2026,21-junio-2026,21-junio-2026,21-junio-2026,21-junio-2026,21-junio-2026,21-junio-2026,21-junio-2026,21-junio-2026,21-junio-2026,21-junio-2026,21-junio-2026,21-junio-2026,21-junio-2026,21-junio-2026,21-junio-2026,21-junio-2026,21-junio-2026,21-junio-2026,21-junio-2026,21-junio-2026,21-junio-2026,21-junio-2026,21-junio-2026,21-junio-2026,21-junio-2026,21-junio-2026,21-junio-2026,21-junio-2026,21-junio-2026,21-junio-2026,21-junio-2026,21-junio-2026,21-junio-2026,21-junio-2026,21-junio-2026,21-junio-2026,21-junio-2026,21-junio-2026,21-junio-2026
,,Programa,PHF-1,PHF-1,PHF-1,PHF-1,PHF-1,PHF-1,PHF-1,PHF-1,PHF-1,PHF-1,PHF-1,PHF-1,PHF-1,PHF-1,PHF-1,PHF-1,PHF-1,PHF-1,PHF-1,PHF-1,PHF-1,PHF-1,PHF-1,PHF-1,PHF-1,PHF-1,PHF-1,PHF-1,PHF-1,PHF-1,PHF-1,PHF-1,PHF-1,PHF-1,PHF-1,PHF-1,PHF-1,PHF-1,PHF-1,PHF-1,PHF-1,PHF-1,PHF-1,PHF-1,PHF-1,PHF-1,PHF-1,PHF-1,PHF-1,PHF-1,PHF-1,PHF-1,PHF-1,PHF-1,PHF-1,PHF-1,PHF-1,PHF-1,PHF-1,PHF-1,PHF-1,PHF-1,PHF-1,PHF-1,PHF-1,PHF-1,PHF-1,PHF-1,PHF-1,PHF-1,PHF-1,PHF-1,PHF-1,PHF-1,PHF-1,PHF-1,PHF-1,PHF-1,PHF-1,PHF-1,PHF-1,PHF-1,PHF-1,PHF-1,PHF-1,PHF-1,PHF-1,PHF-1,PHF-1,PHF-1,PHF-1,PHF-1,PHF-1,PHF-1,PHF-1,PHF-1,PHF-1
Unidad de Programación,Tipo Oferta,Cuarto de Hora del dia,Total,1,2,3,4,5,6,7,8,9,10,11,12,13,14,15,16,17,18,19,20,21,22,23,24,25,26,27,28,29,30,31,32,33,34,35,36,37,38,39,40,41,42,43,44,45,46,47,48,49,50,51,52,53,54,55,56,57,58,59,60,61,62,63,64,65,66,67,68,69,70,71,72,73,74,75,76,77,78,79,80,81,82,83,84,85,86,87,88,89,90,91,92,93,94,95,96
A2GAME2,10,,"36,000","0,375","0,375","0,375","0,375","0,375","0,375","0,375","0,375","0,375","0,375","0,375","0,375","0,375","0,375","0,375","0,375","0,375","0,375","0,375","0,375","0,375","0,375","0,375","0,375","0,375","0,375","0,375","0,375","0,375","0,375","0,375","0,375","0,375","0,375","0,375","0,375","0,375","0,375","0,375","0,375","0,375","0,375","0,375","0,375","0,375","0,375","0,375","0,375","0,375","0,375","0,375","0,375","0,375","0,375","0,375","0,375","0,375","0,375","0,375","0,375","0,375","0,375","0,375","0,375","0,375","0,375","0,375","0,375","0,375","0,375","0,375","0,375","0,375","0,375","0,375","0,375","0,375","0,375","0,375","0,375","0,375","0,375","0,375","0,375","0,375","0,375","0,375","0,375","0,375","0,375","0,375","0,375","0,375","0,375","0,375","0,375"
ABA1,1,,"2,400","0,025","0,025","0,025","0,025","0,025","0,025","0,025","0,025","0,025","0,025","0,025","0,025","0,025","0,025","0,025","0,025","0,025","0,025","0,025","0,025","0,025","0,025","0,025","0,025","0,025","0,025","0,025","0,025","0,025","0,025","0,025","0,025","0,025","0,025","0,025","0,025","0,025","0,025","0,025","0,025","0,025","0,025","0,025","0,025","0,025","0,025","0,025","0,025","0,025","0,025","0,025","0,025","0,025","0,025","0,025","0,025","0,025","0,025","0,025","0,025","0,025","0,025","0,025","0,025","0,025","0,025","0,025","0,025","0,025","0,025","0,025","0,025","0,025","0,025","0,025","0,025","0,025","0,025","0,025","0,025","0,025","0,025","0,025","0,025","0,025","0,025","0,025","0,025","0,025","0,025","0,025","0,025","0,025","0,025","0,025","0,025"
ABA2,1,,"2,400","0,025","0,025","0,025","0,025","0,025","0,025","0,025","0,025","0,025","0,025","0,025","0,025","0,025","0,025","0,025","0,025","0,025","0,025","0,025","0,025","0,025","0,025","0,025","0,025","0,025","0,025","0,025","0,025","0,025","0,025","0,025","0,025","0,025","0,025","0,025","0,025","0,025","0,025","0,025","0,025","0,025","0,025","0,025","0,025","0,025","0,025","0,025","0,025","0,025","0,025","0,025","0,025","0,025","0,025","0,025","0,025","0,025","0,025","0,025","0,025","0,025","0,025","0,025","0,025","0,025","0,025","0,025","0,025","0,025","0,025","0,025","0,025","0,025","0,025","0,025","0,025","0,025","0,025","0,025","0,025","0,025","0,025","0,025","0,025","0,025","0,025","0,025","0,025","0,025","0,025","0,025","0,025","0,025","0,025","0,025","0,025"
ABO2G,1,,"5520,000","57,500","57,500","57,500","57,500","57,500","57,500","57,500","57,500","57,500","57,500","57,500","57,500","57,500","57,500","57,500","57,500","57,500","57,500","57,500","57,500","57,500","57,500","57,500","57,500","57,500","57,500","57,500","57,500","57,500","57,500","57,500","57,500","57,500","57,500","57,500","57,500","57,500","57,500","57,500","57,500","57,500","57,500","57,500","57,500","57,500","57,500","57,500","57,500","57,500","57,500","57,500","57,500","57,500","57,500","57,500","57,500","57,500","57,500","57,500","57,500","57,500","57,500","57,500","57,500","57,500","57,500","57,500","57,500","57,500","57,500","57,500","57,500","57,500","57,500","57,500","57,500","57,500","57,500","57,500","57,500","57,500","57,500","57,500","57,500","57,500","57,500","57,500","57,500","57,500","57,500","57,500","57,500","57,500","57,500","57,500","57,500"
ABOUC01,8,,"-30,150","-0,375","-0,375","-0,375","-0,350","-0,350","-0,325","-0,325","-0,325","-0,325","-0,325","-0,350","-0,325","-0,325","-0,325","-0,300","-0,300","-0,300","-0,300","-0,300","-0,300","-0,300","-0,300","-0,275","-0,275","-0,275","-0,275","-0,275","-0,250","-0,275","-0,250","-0,250","-0,250","-0,275","-0,250","-0,250","-0,250","-0,275","-0,275","-0,275","-0,275","-0,275","-0,275","-0,275","-0,300","-0,300","-0,300","-0,325","-0,325","-0,325","-0,325","-0,325","-0,325","-0,325","-0,325","-0,325","-0,325","-0,325","-0,325","-0,325","-0,325","-0,300","-0,325","-0,300","-0,300","-0,325","-0,300","-0,325","-0,325","-0,325","-0,325","-0,325","-0,325","-0,300","-0,300","-0,300","-0,325","-0,325","-0,325","-0,325","-0,325","-0,325","-0,325","-0,325","-0,325","-0,325","-0,350","-0,350","-0,350","-0,375","-0,375","-0,375","-0,350","-0,350","-0,350","-0,375","-0,375"
ACAPC01,7,,"-0,750",,,,,,,,,,,,,,,,,,,,,,,,,,,,"-0,025","-0,025","-0,025","-0,025",,"-0,025",,,,,,,,,,,"-0,025","-0,025","-0,025","-0,025","-0,025","-0,025","-0,025","-0,025",,"-0,025",,,,,,,,,,,,,,,,,,,,,,,,,,,,,,,,,,,"-0,025","-0,025","-0,050","-0,050","-0,050","-0,050","-0,050","-0,050","-0,050"
ACE3,1,,"560,000",,,,,,,,,,,,,,,,,,,,,,,,,,,,,,,,,,,,,,,,,,,,,,,,,,,,,,,,,,,,,,,,,,,,,,,,,,,,,,,,,"35,000","35,000","35,000","35,000","35,000","35,000","35,000","35,000","35,000","35,000","35,000","35,000","35,000","35,000","35,000","35,000"
ACE4,1,,"2448,025","79,875","79,875","73,800","64,900","78,850","76,025","78,250","73,800","73,800","71,575","67,125","56,000","64,900","53,775","51,550","51,550","36,550","33,750","35,975","33,750","33,750","33,750","33,750","33,750","40,425","42,600","42,650","40,425","33,750","33,750","33,750","33,750","33,750","33,750","33,750","33,750",,,,,,,,,,,,,,,,,,,,,,,,,,,,,,,,,,,,,,,,,,"33,750","33,750","33,750","33,750","33,750","33,750","33,750","33,750","33,750","33,750","33,750","33,750","33,750","33,750","33,750","33,750","33,750","33,750","33,750"
ACNHC01,8,,"-91,400","-1,425","-1,425","-1,425","-1,400","-1,350","-1,325","-1,300","-1,300","-1,325","-1,300","-1,300","-1,275","-0,175","-0,225","-0,175","-0,200","-0,200","-0,150","-0,225","-0,200","-0,175","-0,175","-0,200","-0,225","-0,150","-0,200","-0,225","-0,150","-0,150","-0,225","-0,225","-0,175","-0,225","-0,150","-0,150","-0,200","-0,150","-1,250","-1,300","-1,275","-1,275","-1,275","-1,250","-1,225","-1,200","-1,175","-1,150","-1,150","-1,175","-0,175","-1,175","-1,150","-1,150","-1,150","-1,150","-1,150","-1,150","-1,150","-1,150","-1,150","-1,175","-1,200","-1,200","-1,200","-1,200","-1,200","-1,200","-1,225","-1,225","-1,250","-1,275","-1,275","-1,275","-1,325","-1,300","-1,300","-1,275","-1,275","-1,275","-0,200","-0,175","-1,350","-1,375","-1,350","-1,400","-1,425","-1,425","-1,475","-1,475","-1,475","-1,475","-1,475","-1,450","-1,425","-0,200","-1,350"
ACSOC01,8,,"-35,500","-0,400","-0,400","-0,400","-0,400","-0,300","-0,300","-0,300","-0,300","-0,300","-0,300","-0,300","-0,300","-0,300","-0,300","-0,300","-0,300","-0,300","-0,300","-0,300","-0,300","-0,300","-0,300","-0,300","-0,300","-0,300","-0,300","-0,300","-0,300","-0,300","-0,300","-0,300","-0,300","-0,300","-0,300","-0,300","-0,300","-0,300","-0,300","-0,300","-0,400","-0,400","-0,400","-0,400","-0,400","-0,400","-0,400","-0,400","-0,400","-0,400","-0,400","-0,400","-0,400","-0,400","-0,400","-0,400","-0,500","-0,500","-0,500","-0,400","-0,500","-0,400","-0,400","-0,400","-0,400","-0,400","-0,400","-0,400","-0,400","-0,400","-0,400","-0,400","-0,400","-0,400","-0,400","-0,400","-0,400","-0,400","-0,400","-0,400","-0,400","-0,400","-0,400","-0,400","-0,400","-0,400","-0,400","-0,400","-0,400","-0,500","-0,400","-0,400","-0,400","-0,500","-0,400","-0,400","-0,400"
ACTIC01,8,,"-30,975","-0,325","-0,325","-0,325","-0,325","-0,300","-0,300","-0,300","-0,300","-0,300","-0,300","-0,300","-0,300","-0,300","-0,300","-0,300","-0,300","-0,300","-0,300","-0,300","-0,300","-0,300","-0,300","-0,300","-0,300","-0,300","-0,300","-0,300","-0,275","-0,275","-0,300","-0,275","-0,275","-0,300","-0,300","-0,300","-0,300","-0,300","-0,300","-0,300","-0,300","-0,325","-0,325","-0,325","-0,325","-0,325","-0,325","-0,325","-0,325","-0,350","-0,350","-0,350","-0,350","-0,325","-0,325","-0,350","-0,350","-0,350","-0,325","-0,325","-0,325","-0,325","-0,325","-0,325","-0,325","-0,325","-0,325","-0,325","-0,325","-0,325","-0,325","-0,325","-0,350","-0,350","-0,350","-0,350","-0,350","-0,350","-0,350","-0,350","-0,350","-0,350","-0,350","-0,350","-0,350","-0,350","-0,350","-0,350","-0,375","-0,350","-0,350","-0,350","-0,350","-0,350","-0,350","-0,325","-0,325"
ADEIC01,8,,"-158,925","-1,325","-1,450","-1,400","-1,400","-1,075","-1,075","-1,300","-1,175","-1,200","-1,350","-1,175","-1,400","-1,300","-1,175","-1,150","-1,175","-1,350","-1,350","-1,150","-1,150","-1,150","-1,175","-1,175","-1,200","-1,200","-1,200","-1,200","-1,225","-1,450","-1,500","-2,225","-2,225","-1,400","-2,125","-2,100","-2,000","-1,975","-1,950","-1,900","-1,850","-1,800","-1,725","-1,725","-1,775","-1,775","-1,775","-1,725","-1,700","-1,725","-1,725","-1,775","-1,775","-1,775","-1,775","-1,725","-1,800","-1,775","-1,775","-1,775","-1,825","-1,875","-1,875","-1,875","-1,825","-1,925","-1,875","-1,875","-1,925","-2,050","-2,050","-2,050","-2,125","-2,175","-2,200","-2,225","-2,275","-2,350","-2,400","-2,500","-2,500","-2,525","-2,575","-1,650","-1,675","-1,325","-1,325","-1,375","-1,200","-1,075","-1,075","-1,125","-1,150","-1,150","-1,725","-1,725","-1,725"
ADEIV01,2,,"1,275",,,,,,,,,,,,,,,,,,,,,,,,,,,,,,,,,"0,025","0,025","0,025","0,025","0,025","0,025","0,025","0,025","0,025","0,025","0,025","0,025","0,025","0,025","0,025","0,025","0,025","0,025","0,025","0,025","0,025","0,025","0,025","0,025","0,025","0,025","0,025","0,025","0,025","0,025","0,025","0,025","0,025","0,025","0,025","0,025","0,025","0,025","0,025","0,025","0,025","0,025","0,025","0,025","0,025","0,025","0,025","0,025","0,025","0,025","0,025",,,,,,,,,,,,,
ADELC01,8,,"-311,325","-3,750","-3,700","-3,650","-3,575","-3,525","-3,500","-3,475","-3,425","-3,400","-3,375","-3,350","-3,300","-3,275","-3,275","-3,250","-3,250","-3,225","-3,225","-3,225","-3,225","-3,225","-3,225","-3,250","-3,250","-3,250","-3,250","-3,275","-3,275","-3,275","-3,150","-3,025","-2,875","-2,750","-2,800","-2,850","-2,875","-2,925","-3,000","-3,075","-3,125","-3,200","-3,225","-3,275","-3,300","-3,325","-3,350","-3,350","-3,375","-3,375","-3,400","-3,400","-3,425","-3,425","-3,400","-3,375","-3,325","-3,300","-3,275","-3,250","-3,225","-3,200","-3,150","-3,075","-3,025","-2,950","-2,950","-2,950","-2,950","-2,950","-2,975","-2,975","-3,000","-3,000","-3,025","-3,050","-3,075","-3,100","-3,125","-3,175","-3,200","-3,225","-3,250","-3,275","-3,300","-3,325","-3,350","-3,400","-3,425","-3,450","-3,450","-3,450","-3,450","-3,450","-3,450","-3,450","-3,450"
ADSEC01,8,,"-5,750","-0,050","-0,050","-0,050","-0,050","-0,050","-0,050","-0,050","-0,050","-0,050","-0,050","-0,050","-0,050","-0,050","-0,050","-0,050","-0,050","-0,050","-0,050","-0,050","-0,050","-0,050","-0,050","-0,050","-0,050","-0,050","-0,050","-0,050","-0,050","-0,050","-0,050","-0,050","-0,050","-0,050","-0,050","-0,050","-0,050","-0,050","-0,050","-0,050","-0,050","-0,050","-0,050","-0,050","-0,050","-0,050","-0,050","-0,050","-0,050","-0,050","-0,075","-0,075","-0,075","-0,075","-0,075","-0,075","-0,075","-0,075","-0,075","-0,075","-0,075","-0,075","-0,075","-0,075","-0,075","-0,075","-0,075","-0,075","-0,050","-0,050","-0,050","-0,050","-0,050","-0,050","-0,050","-0,050","-0,050","-0,075","-0,075","-0,075","-0,075","-0,075","-0,075","-0,075","-0,075","-0,075","-0,075","-0,075","-0,075","-0,075","-0,075","-0,075","-0,075","-0,075","-0,075","-0,075","-0,075"
ADSNC01,8,,"-58,650","-0,650","-0,650","-0,650","-0,650","-0,625","-0,625","-0,625","-0,625","-0,600","-0,600","-0,600","-0,600","-0,575","-0,575","-0,575","-0,575","-0,575","-0,575","-0,575","-0,575","-0,575","-0,575","-0,575","-0,575","-0,550","-0,550","-0,550","-0,550","-0,550","-0,575","-0,575","-0,600","-0,625","-0,650","-0,650","-0,675","-0,675","-0,700","-0,700","-0,725","-0,725","-0,750","-0,750","-0,750","-0,750","-0,750","-0,750","-0,750","-0,750","-0,750","-0,750","-0,750","-0,725","-0,725","-0,725","-0,725","-0,700","-0,700","-0,700","-0,700","-0,675","-0,675","-0,675","-0,675","-0,700","-0,700","-0,700","-0,700","-0,725","-0,725","-0,725","-0,725","-0,750","-0,750","-0,750","-0,750","-0,775","-0,775","-0,775","-0,775","-0,775","-0,775","-0,775","-0,775",,,,,,,,"-0,175",,"-0,650","-0,625","-0,625"
ADURC01,8,,"-48,275","-0,550","-0,525","-0,525","-0,500","-0,500","-0,475","-0,475","-0,450","-0,450","-0,450","-0,450","-0,450","-0,425","-0,425","-0,425","-0,425","-0,425","-0,425","-0,425","-0,425","-0,425","-0,425","-0,425","-0,425","-0,400","-0,400","-0,400","-0,400","-0,400","-0,400","-0,400","-0,400","-0,425","-0,450","-0,450","-0,475","-0,500","-0,525","-0,525","-0,550","-0,550","-0,575","-0,575","-0,575","-0,575","-0,575","-0,575","-0,575","-0,575","-0,575","-0,575","-0,575","-0,575","-0,575","-0,575","-0,575","-0,575","-0,575","-0,575","-0,575","-0,550","-0,550","-0,550","-0,550","-0,525","-0,525","-0,525","-0,525","-0,500","-0,500","-0,500","-0,500","-0,475","-0,475","-0,475","-0,475","-0,475","-0,475","-0,475","-0,475","-0,500","-0,500","-0,500","-0,525","-0,525","-0,550","-0,550","-0,575","-0,600","-0,600","-0,600","-0,575","-0,550","-0,525","-0,525","-0,500"
ADXC01,8,,"-2360,800","-24,600","-24,100","-23,700","-23,200","-22,700","-22,400","-22,100","-21,800","-21,500","-21,200","-21,100","-20,900","-20,800","-20,800","-20,500","-20,300","-20,300","-20,300","-20,400","-20,300","-20,200","-20,100","-20,000","-19,700","-19,900","-19,900","-19,700","-19,300","-19,700","-20,000","-19,700","-19,500","-20,800","-21,100","-21,000","-20,900","-22,300","-22,400","-22,600","-22,700","-24,500","-24,700","-24,800","-24,900","-25,700","-26,000","-26,200","-26,100","-26,800","-27,100","-27,300","-27,300","-27,400","-27,600","-27,800","-28,200","-28,200","-28,200","-28,200","-28,100","-28,600","-28,500","-28,500","-28,100","-27,500","-27,200","-27,200","-27,000","-26,600","-26,500","-26,700","-26,900","-26,500","-26,800","-27,200","-27,500","-27,400","-27,900","-28,400","-28,500","-27,400","-27,600","-27,900","-27,800","-26,700","-26,800","-27,100","-27,400","-27,700","-27,500","-27,400","-27,000","-26,500","-26,100","-25,700","-25,100"
AEDEC01,8,,"-50,850","-0,450","-0,450","-0,450","-0,450","-0,450","-0,425","-0,425","-0,425","-0,425","-0,450","-0,450","-0,425","-0,425","-0,425","-0,400","-0,400","-0,400","-0,375","-0,375","-0,375","-0,375","-0,375","-0,375","-0,425","-0,450","-0,500","-0,550","-0,550","-0,550","-0,550","-0,550","-0,550","-0,525","-0,525","-0,525","-0,525","-0,525","-0,525","-0,525","-0,525","-0,525","-0,525","-0,525","-0,525","-0,525","-0,550","-0,550","-0,525","-0,500","-0,475","-0,475","-0,475","-0,500","-0,525","-0,550","-0,550","-0,550","-0,550","-0,575","-0,550","-0,550","-0,550","-0,550","-0,550","-0,575","-0,600","-0,600","-0,600","-0,600","-0,600","-0,600","-0,600","-0,625","-0,650","-0,650","-0,675","-0,675","-0,675","-0,675","-0,675","-0,675","-0,675","-0,675","-0,675","-0,675","-0,675","-0,675","-0,650","-0,300","-0,625","-0,300","-0,600","-0,600","-0,600","-0,600","-0,600"
AEIDGEN,10,,"9,975","0,225","0,250","0,250","0,225","0,225","0,225","0,225","0,250","0,250","0,225","0,200","0,200","0,200","0,200","0,225","0,225","0,225","0,225","0,225","0,200","0,175","0,175","0,150","0,150","0,150","0,150","0,150","0,100","0,100","0,100","0,100","0,100","0,100","0,100","0,075","0,075","0,050","0,050","0,050","0,050","0,050","0,050","0,050","0,050","0,050","0,075","0,075","0,075",,,,,,,,,,,,,,,,,,,,,,"0,200","0,175","0,175","0,150","0,150","0,150","0,125","0,100","0,100","0,100","0,075","0,075","0,075","0,075","0,075","0,100","0,100","0,100","0,100","0,100","0,100","0,100","0,075","0,075","0,075","0,075","0,075"
AENEC01,8,,"-481,350","-4,475","-4,475","-4,450","-4,200","-4,650","-4,625","-4,600","-4,550","-4,200","-4,775","-5,025","-5,000","-5,175","-5,150","-5,125","-5,100","-5,075","-4,825","-4,825","-4,800","-4,775","-4,775","-4,500","-4,500","-4,525","-4,525","-4,525","-4,475","-4,475","-4,450","-4,425","-4,425","-4,450","-4,450","-4,450","-4,725","-4,900","-4,900","-5,025","-5,025","-4,925","-4,975","-4,775","-4,775","-4,775","-4,775","-4,775","-4,775","-6,625","-6,025","-6,050","-6,050","-5,725","-5,700","-5,725","-5,750","-5,750","-5,900","-5,925","-5,725","-5,950","-5,750","-5,750","-5,925","-6,125","-6,125","-6,275","-6,575","-6,725","-6,350","-6,875","-6,925","-6,250","-6,675","-6,700","-6,750","-6,200","-5,125","-5,150","-5,175","-5,175","-5,175","-5,200","-4,925","-4,925","-4,925","-4,950","-5,000","-3,175","-3,375","-3,000","-2,250","-2,175","-2,150","-2,475","-2,200"
AEQC01,8,,"-644,400","-7,425","-7,225","-7,050","-6,875","-6,675","-6,525","-6,375","-6,225","-6,100","-6,000","-5,925","-5,825","-5,775","-5,725","-5,675","-5,625","-5,600","-5,575","-5,550","-5,550","-5,525","-5,525","-5,500","-5,500","-5,500","-5,475","-5,475","-5,475","-5,475","-5,500","-5,525","-5,575","-5,625","-5,700","-5,775","-5,875","-5,975","-6,075","-6,175","-6,300","-6,425","-6,550","-6,675","-6,800","-6,925","-7,025","-7,150","-7,250","-7,375","-7,475","-7,550","-7,625","-7,700","-7,750","-7,800","-7,825","-7,825","-7,825","-7,800","-7,775","-7,725","-7,650","-7,575","-7,475","-7,375","-7,275","-7,175","-7,100","-7,000","-6,925","-6,875","-6,850","-6,825","-6,825","-6,850","-6,900","-6,950","-7,025","-7,100","-7,175","-7,275","-7,350","-7,425","-7,475","-7,550","-7,575","-7,600","-7,600","-7,575","-7,525","-7,450","-7,350","-7,225","-7,100","-6,925","-6,775"
AFALZ4C,17,,"-15,000",,,,,,,,,,,,,,,,,,,,,,,,,,,,,,,,,,,,,,,,,,,,,,,,,,,,,,,,,"-1,500","-1,500","-1,500","-1,500","-1,500","-1,500","-1,500","-1,500","-1,500","-1,500",,,,,,,,,,,,,,,,,,,,,,,,,,,,,,
AFALZ5C,17,,"-15,000",,,,,,,,,,,,,,,,,,,,,,,,,,,,,,,,,,,,,,,,,,,,,,,,,,,,,,,,,"-1,500","-1,500","-1,500","-1,500","-1,500","-1,500","-1,500","-1,500","-1,500","-1,500",,,,,,,,,,,,,,,,,,,,,,,,,,,,,,
AFIANHC,17,,"-65,000",,,,,,,,,,,,,,,,,,,,,,,,,,,,,,,,,,,,,,,,,,,,,,,,,,,,,,,,,"-6,500","-6,500","-6,500","-6,500","-6,500","-6,500","-6,500","-6,500","-6,500","-6,500",,,,,,,,,,,,,,,,,,,,,,,,,,,,,,
AFIBGEV,17,,"3,000",,,,,,,,,,,,,,,,,,,,,,,,,,,,,,,,,,,,,,,,,,,,,,,,,,,,,,,,,,,,,,,,,,,,,,,,,,,,,,,,,,,,,"0,750","0,750","0,750","0,750",,,,,,,,
AFIBHFC,17,,"-20,000",,,,,,,,,,,,,,,,,,,,,,,,,,,,,,,,,,,,,,,,,,,,,,,,,"-1,250","-1,250","-1,250","-1,250","-1,250","-1,250","-1,250","-1,250","-1,250","-1,250","-1,250","-1,250","-1,250","-1,250","-1,250","-1,250",,,,,,,,,,,,,,,,,,,,,,,,,,,,,,,,
AFIOLHC,17,,"-62,500",,,,,,,,,,,,,,,,,,,,,,,,,,,,,,,,,,,,,,,,,"-6,250","-6,250","-6,250","-6,250","-6,250","-6,250","-6,250","-6,250","-6,250","-6,250",,,,,,,,,,,,,,,,,,,,,,,,,,,,,,,,,,,,,,,,,,,,,,
AFIREHC,17,,"-62,500",,,,,,,,,,,,,,,,,,,,,,,,,,,,,,,,,,,,,,,,,,,,,,,,,,,,,,,,,,,,,"-6,250","-6,250","-6,250","-6,250","-6,250","-6,250","-6,250","-6,250","-3,125","-3,125","-3,125","-3,125",,,,,,,,,,,,,,,,,,,,,,,,
AFIROHC,17,,"-62,500",,,,,,,,,,,,,,,,,,,,,,,,,,,,,,,,,,,,,,,,,"-6,250","-6,250","-6,250","-6,250","-6,250","-6,250","-6,250","-6,250","-6,250","-6,250",,,,,,,,,,,,,,,,,,,,,,,,,,,,,,,,,,,,,,,,,,,,,,
AGENC01,8,,"-138,225","-1,400","-1,400","-1,400","-1,400","-1,275","-1,275","-1,275","-1,250","-1,200","-1,200","-1,200","-1,175","-1,150","-1,150","-1,150","-1,150","-1,125","-1,125","-1,125","-1,100","-1,100","-1,100","-1,100","-1,100","-1,150","-1,150","-1,150","-1,125","-1,150","-1,150","-1,150","-1,150","-1,275","-1,275","-1,275","-1,275","-1,450","-1,450","-1,450","-1,450","-1,575","-1,575","-1,575","-1,575","-1,675","-1,650","-1,650","-1,650","-1,725","-1,725","-1,725","-1,725","-1,775","-1,800","-1,800","-1,800","-1,750","-1,750","-1,725","-1,725","-1,575","-1,575","-1,575","-1,575","-1,450","-1,450","-1,450","-1,450","-1,400","-1,400","-1,400","-1,425","-1,425","-1,425","-1,425","-1,425","-1,475","-1,475","-1,475","-1,475","-1,625","-1,625","-1,625","-1,625","-1,775","-1,750","-1,775","-1,800","-1,675","-1,650","-1,625","-1,625","-1,450","-1,450","-1,450","-1,425"
AGMAC01,7,,"-0,350","-0,025",,,"-0,025","-0,025",,"-0,025",,,,,,,,,,,,,,,"-0,025","-0,025",,,,,,,,,,,,,,,,,,,,,,,,,,,,,,,,,"-0,025",,,,,,,,,,,,"-0,025",,,"-0,025","-0,025","-0,025","-0,025",,,,,,,,,,,,,,"-0,025",,,,,,"-0,025",,
AGRIC01,8,,"-342,000","-2,950","-2,875","-2,825","-2,625","-2,875","-2,825","-2,775","-2,775","-2,525","-2,825","-2,975","-2,975","-3,125","-3,125","-3,100","-3,075","-3,025","-2,875","-2,875","-2,850","-2,850","-2,850","-2,700","-2,750","-2,775","-2,800","-2,800","-2,800","-2,800","-2,800","-2,800","-2,800","-2,825","-2,825","-2,850","-3,025","-3,200","-3,200","-3,350","-3,375","-3,275","-3,275","-3,175","-3,175","-3,150","-3,150","-3,150","-3,150","-5,075","-4,475","-4,475","-4,500","-4,225","-4,250","-4,300","-4,275","-4,250","-4,375","-4,450","-4,250","-4,475","-4,300","-4,350","-4,525","-4,825","-4,850","-5,050","-5,325","-5,500","-5,125","-5,675","-5,725","-5,125","-5,425","-5,475","-5,525","-5,050","-4,050","-4,100","-4,125","-4,150","-4,175","-4,200","-3,975","-3,950","-3,950","-3,975","-4,025","-2,600","-2,750","-2,425","-1,800","-1,725","-1,650","-1,900","-1,700"
AGUAV,10,,"315,825",,,,,,,,,,,,,,,,,,,,,,,,,,,"0,025","0,125","0,425","1,050","1,850","2,700","3,525","4,425","5,350","5,125","6,325","2,175","2,975","7,575","8,075","8,125","8,125","8,150","8,250","8,050","8,225","8,375","8,375","8,300","8,150","7,975","7,800","7,575","7,350","7,125","6,975","6,850","6,750","6,650","6,575","6,525","6,500","6,450","6,350","6,200","6,025","5,850","5,700","5,575","5,425","5,300","5,275","5,200","5,125","4,975","4,675","4,300","3,825","3,300","2,750","2,125","1,450","0,875","0,450","0,125",,,,,,,,,,
AGUB,3,,"-4049,500",,,,,,,,,,,,,,,,,,,,,,,,,,,,,,,"-44,500","-89,000","-89,000","-89,000","-89,000","-89,000","-89,000","-89,000","-89,000","-89,000","-89,000","-89,000","-89,000","-89,000","-89,000","-89,000","-89,000","-89,000","-89,000","-89,000","-89,000","-89,000","-89,000","-89,000","-89,000","-89,000","-89,000","-89,000","-89,000","-89,000","-89,000","-89,000","-89,000","-89,000","-89,000","-89,000","-89,000","-89,000","-89,000","-89,000","-89,000","-89,000","-89,000","-89,000","-89,000","-89,000",,,,,,,,,,,,,,,,,,,,
AGUG,1,,"978,500","20,000","20,000","20,000","20,000","20,000","20,000","20,000","20,000","20,000","20,025","20,025","21,625","20,000","20,000","20,000","20,000","20,000","20,000","20,000","20,000","20,000","20,000","20,000","20,000","20,000","22,250","24,575","30,000",,,,,,,,,,,,,,,,,,,,,,,,,,,,,,,,,,,,,,,,,,,,,,,,,"20,000","20,000","20,000","20,000","20,000","20,000","20,000","20,000","20,000","20,000","20,000","20,000","20,000","20,000","20,000","20,000","20,000","20,000","20,000","20,000"
AHORC01,8,,"-26,500","-0,300","-0,300","-0,300","-0,300","-0,300","-0,300","-0,300","-0,275","-0,275","-0,275","-0,275","-0,275","-0,275","-0,275","-0,275","-0,275","-0,275","-0,275","-0,275","-0,250","-0,275","-0,275","-0,275","-0,250","-0,250","-0,250","-0,225","-0,225","-0,225","-0,225","-0,225","-0,225","-0,250","-0,250","-0,250","-0,250","-0,275","-0,275","-0,275","-0,275","-0,300","-0,300","-0,300","-0,275","-0,275","-0,275","-0,275","-0,275","-0,275","-0,275","-0,275","-0,275","-0,275","-0,275","-0,275","-0,275","-0,275","-0,275","-0,275","-0,275","-0,300","-0,275","-0,275","-0,275","-0,275","-0,275","-0,250","-0,250","-0,250","-0,250","-0,250","-0,250","-0,250","-0,250","-0,250","-0,275","-0,275","-0,275","-0,275","-0,300","-0,300","-0,300","-0,300","-0,300","-0,300","-0,300","-0,300","-0,300","-0,350","-0,325","-0,325","-0,300","-0,325","-0,325","-0,300","-0,275"
AHTC01,8,,"-0,200",,,,,,,,,,,,,,,,,,,,,,,,,,,,,,,,,,,,,,,,,,,,,,,,,,,,,,,,,"-0,025","-0,025","-0,025","-0,025","-0,025","-0,025","-0,025","-0,025",,,,,,,,,,,,,,,,,,,,,,,,,,,,,,,,
AIREC01,8,,"-322,400","-3,075","-3,125","-3,125","-2,900","-3,150","-3,100","-3,075","-3,050","-2,775","-3,150","-3,300","-3,275","-3,450","-3,425","-3,425","-3,400","-3,400","-3,225","-3,225","-3,250","-3,300","-3,325","-3,150","-3,125","-3,100","-3,100","-3,050","-3,000","-2,950","-2,900","-2,875","-2,875","-2,925","-2,950","-2,950","-3,150","-3,300","-3,325","-3,400","-3,450","-3,425","-3,450","-3,300","-3,300","-3,275","-3,275","-3,250","-3,250","-4,350","-3,950","-3,950","-3,950","-3,750","-3,750","-3,775","-3,775","-3,750","-3,825","-3,850","-3,725","-3,875","-3,750","-3,800","-3,975","-4,200","-4,200","-4,375","-4,500","-4,575","-4,325","-4,575","-4,525","-3,975","-4,150","-4,150","-4,150","-3,850","-3,175","-3,200","-3,275","-3,350","-3,400","-3,500","-3,350","-3,400","-3,450","-3,500","-3,550","-2,300","-2,450","-2,175","-1,650","-1,575","-1,575","-1,850","-1,700"
AIREV01,2,,"38,700",,,,,,,,,,,,,,,,,,,,,,,,,,,,,"0,050","0,075","0,125","0,175","0,300","0,350","0,425","0,500","0,625","0,675","0,725","0,750","0,825","0,850","0,875","0,875","0,950","0,975","0,975","0,975","1,025","1,025","1,050","1,050","1,075","1,075","1,075","1,075","1,025","1,025","1,025","1,025","0,950","0,925","0,925","0,925","0,825","0,825","0,800","0,800","0,800","0,775","0,775","0,750","0,650","0,625","0,600","0,575","0,325","0,300","0,250","0,225","0,150","0,125","0,100","0,050","0,025",,,,,,,,,,,
AIZEC01,8,,"-10,525","-0,175","-0,150","-0,150","-0,150","-0,125","-0,125","-0,125","-0,125","-0,125","-0,125","-0,125","-0,125","-0,100","-0,100","-0,100","-0,100","-0,100","-0,100","-0,100","-0,100","-0,100","-0,100","-0,100","-0,100","-0,100","-0,100","-0,100","-0,100","-0,100","-0,100","-0,100","-0,100","-0,100","-0,100","-0,100","-0,100","-0,100","-0,100","-0,100","-0,100","-0,100","-0,100","-0,100","-0,100","-0,125","-0,125","-0,125","-0,125","-0,125","-0,125","-0,125","-0,125","-0,150","-0,150","-0,150","-0,150","-0,150","-0,150","-0,150","-0,150","-0,125","-0,125","-0,125","-0,125","-0,125","-0,125","-0,125","-0,125","-0,125","-0,125","-0,125","-0,125","-0,125","-0,125","-0,125","-0,125","-0,125","-0,125","-0,125","-0,125","-0,150","-0,150","-0,150","-0,150",,,,,,,,"-0,025",,"-0,125","-0,125","-0,125"
AJENC01,8,,"-19,200","-0,200","-0,200","-0,200","-0,200","-0,200","-0,200","-0,200","-0,200","-0,150","-0,150","-0,150","-0,150","-0,150","-0,150","-0,150","-0,150","-0,125","-0,125","-0,125","-0,125","-0,125","-0,125","-0,125","-0,125","-0,175","-0,175","-0,175","-0,175","-0,175","-0,175","-0,175","-0,175","-0,200","-0,200","-0,200","-0,200","-0,200","-0,200","-0,200","-0,200","-0,200","-0,200","-0,200","-0,200","-0,200","-0,200","-0,200","-0,200","-0,225","-0,225","-0,225","-0,225","-0,225","-0,225","-0,225","-0,225","-0,250","-0,250","-0,250","-0,250","-0,275","-0,275","-0,275","-0,275","-0,250","-0,250","-0,250","-0,250","-0,250","-0,250","-0,250","-0,250","-0,225","-0,225","-0,225","-0,225","-0,225","-0,225","-0,225","-0,225","-0,225","-0,225","-0,225","-0,225","-0,200","-0,200","-0,200","-0,200","-0,175","-0,175","-0,175","-0,175","-0,175","-0,175","-0,175","-0,175"
ALAHC01,8,,"-33,050","-0,375","-0,375","-0,375","-0,350","-0,350","-0,350","-0,350","-0,325","-0,325","-0,325","-0,325","-0,325","-0,300","-0,300","-0,300","-0,300","-0,300","-0,300","-0,300","-0,300","-0,275","-0,300","-0,300","-0,300","-0,300","-0,275","-0,300","-0,275","-0,300","-0,300","-0,275","-0,275","-0,275","-0,300","-0,275","-0,300","-0,300","-0,300","-0,300","-0,300","-0,325","-0,325","-0,325","-0,325","-0,325","-0,325","-0,325","-0,325","-0,325","-0,325","-0,325","-0,325","-0,325","-0,350","-0,350","-0,350","-0,350","-0,350","-0,350","-0,350","-0,350","-0,350","-0,350","-0,350","-0,350","-0,350","-0,350","-0,350","-0,350","-0,375","-0,375","-0,375","-0,375","-0,375","-0,375","-0,375","-0,375","-0,400","-0,400","-0,400","-0,400","-0,400","-0,425","-0,425","-0,425","-0,425","-0,425","-0,425","-0,425","-0,425","-0,425","-0,425","-0,425","-0,400","-0,400","-0,375"
ALARCOS,10,,"402,725",,,,,,,,,,,,,,,,,,,,,,,,,,"0,050","0,075","0,125","0,250","0,600","1,275","2,200","3,375","4,500","5,525","6,425","7,200","7,800","8,225","8,450","8,550","8,600","8,650","8,700","8,725","8,750","8,800","8,850","8,900","8,950","8,950","8,950","8,925","8,900","8,900","8,875","8,850","8,825","8,825","8,825","8,800","8,800","8,775","8,725","8,650","8,550","8,450","8,300","8,150","8,000","7,900","7,800","7,750","7,675","7,550","7,400","7,200","6,800","6,200","5,375","4,400","3,450","2,525","1,600","0,875","0,450","0,175","0,025",,,,,,,,
ALBATER,10,,"1,875",,,,,,,,,,,,,,,,,,,,,,,,,,,,,,"0,025","0,025","0,050","0,050","0,075","0,125",,"0,175",,,,,,,,,,,,,,,,,,,,,,,,,,,,,,,,,,,,"0,050","0,275","0,225","0,200","0,175","0,125","0,100","0,075","0,050","0,025","0,025","0,025",,,,,,,,,,,,
ALBCC01,8,,"-7,925","-0,150","-0,125","-0,125","-0,125","-0,100","-0,100","-0,100","-0,100","-0,100","-0,100","-0,100","-0,100","-0,075","-0,075","-0,075","-0,075","-0,075","-0,075","-0,075","-0,075","-0,075","-0,075","-0,075","-0,075","-0,075","-0,075","-0,075","-0,075","-0,100","-0,100","-0,100","-0,100","-0,075","-0,075","-0,075","-0,075","-0,075","-0,075","-0,075","-0,075","-0,075","-0,075","-0,075","-0,075","-0,025","-0,025","-0,025","-0,025","-0,050","-0,050","-0,050","-0,050","-0,025","-0,025","-0,025","-0,025","-0,025","-0,025","-0,025","-0,025","-0,025","-0,025","-0,025","-0,025","-0,025","-0,025","-0,025","-0,025","-0,050","-0,075","-0,075","-0,100","-0,100","-0,100","-0,100","-0,100","-0,100","-0,100","-0,100","-0,100","-0,125","-0,125","-0,125","-0,125","-0,150","-0,150","-0,150","-0,150","-0,175","-0,175","-0,175","-0,175","-0,125","-0,125","-0,125","-0,125"
ALBOLOT,10,,"9,725",,,,,,,,,,,,,,,,,,,,,,,,,,,,,"0,025","0,025","0,025","0,025","0,050","0,050","0,075","0,100","0,125","0,150","0,175","0,200","0,200","0,225","0,250","0,250","0,250","0,250","0,250","0,250","0,300","0,300","0,325","0,325","0,325","0,325","0,325","0,325","0,325","0,325","0,325","0,325","0,300","0,300","0,300","0,275","0,275","0,250","0,250","0,225","0,200","0,200","0,175","0,150",,,,,,,,"0,025",,,,,,,,,,,,,,,,
ALCAC01,8,,"-565,900","-6,100","-6,000","-5,900","-5,800","-5,600","-5,500","-5,400","-5,400","-5,200","-5,200","-5,200","-5,100","-5,000","-5,000","-4,900","-5,000","-4,800","-4,800","-4,800","-4,800","-4,800","-4,800","-4,800","-4,800","-4,900","-4,800","-4,800","-4,700","-4,700","-4,700","-4,600","-4,700","-4,800","-4,900","-5,000","-5,100","-5,500","-5,500","-5,600","-5,700","-5,900","-6,000","-6,000","-6,000","-6,300","-6,400","-6,400","-6,400","-6,700","-6,700","-6,700","-6,700","-6,800","-6,900","-6,900","-7,000","-6,900","-7,000","-6,900","-6,900","-6,800","-6,900","-6,900","-6,900","-6,700","-6,600","-6,600","-6,600","-6,400","-6,300","-6,400","-6,400","-6,300","-6,300","-6,400","-6,400","-6,500","-6,400","-6,500","-6,400","-6,300","-6,300","-6,200","-6,200","-6,200","-6,200","-6,300","-6,400","-6,500","-6,400","-6,300","-6,200","-6,100","-5,900","-5,800","-5,700"
ALCAZA2,10,,"2,100",,,,,,,,,,,,,,,,,,,,,,,,,,,,,"0,025","0,025","0,050","0,100","0,125","0,175","0,200",,,,,,,,,,,,,,,,,,,,,,,,,,,,,,,,,,,,,,,,,"0,300","0,275","0,225","0,200","0,150","0,100","0,075","0,050","0,025",,,,,,,,,,,,
ALDDC01,8,,"-60,300","-0,950","-0,950","-0,950","-0,950","-1,000","-1,000","-0,975","-0,950","-0,875","-0,825","-0,800","-0,800","-0,800","-0,800","-0,800","-0,800","-0,825","-0,825","-0,825","-0,825","-0,800","-0,775","-0,775","-0,775","-0,800","-0,800","-0,750","-0,650","-0,500","-0,425","-0,400","-0,400","-0,425","-0,425","-0,425","-0,425","-0,425","-0,425","-0,425","-0,425","-0,450","-0,450","-0,450","-0,450","-0,425","-0,425","-0,425","-0,425","-0,425","-0,425","-0,425","-0,425","-0,450","-0,450","-0,450","-0,450","-0,425","-0,425","-0,425","-0,425","-0,400","-0,400","-0,400","-0,400","-0,425","-0,425","-0,425","-0,450","-0,450","-0,475","-0,475","-0,500","-0,500","-0,525","-0,525","-0,550","-0,550","-0,550","-0,550","-0,550","-0,550","-0,550","-0,550","-0,550","-0,525","-0,525","-0,575","-0,700","-0,925","-1,075","-1,150","-1,150","-1,125","-1,150","-1,125","-1,075"
ALDEC01,8,,"-1,125","-0,025","-0,025","-0,025","-0,025","-0,025","-0,025","-0,025","-0,025","-0,025","-0,025","-0,025","-0,025","-0,025","-0,025","-0,025","-0,025","-0,025","-0,025","-0,025","-0,025","-0,025","-0,025","-0,025","-0,025","-0,025","-0,025","-0,025",,,,,,,,,,,,,,,,,,,,,,,,,,,,,,,,,,,,,,,,,,,,,,,,,,,,"-0,025","-0,025","-0,025","-0,025","-0,025","-0,025","-0,025","-0,025","-0,025","-0,025","-0,025","-0,025","-0,025","-0,025","-0,025","-0,025","-0,025","-0,025"
ALDEHU,10,,"273,500","2,625","2,600","2,575","2,550","2,600","2,725","2,850","2,975","3,050","3,050","3,050","3,050","3,050","3,050","3,075","3,075","3,050","3,000","2,950","2,900","2,875","2,875","2,900","2,900","2,925","2,950","2,975","3,000","3,050","3,100","3,125","3,175","3,200","3,175","3,150","3,125","3,050","2,950","2,875","2,775","2,725","2,750","2,750","2,750","2,775","2,750","2,750","2,750","2,725","2,700","2,650","2,600","2,600","2,650","2,675","2,700","2,725","2,750","2,775","2,800","2,800","2,825","2,850","2,850","2,875","2,900","2,900","2,925","2,925","2,900","2,875","2,850","2,825","2,775","2,750","2,700","2,650","2,600","2,525","2,475","2,475","2,550","2,650","2,725","2,800","2,875","2,950","3,025","3,025","3,000","2,950","2,925","2,875","2,875","2,850","2,825"
ALDRC01,8,,"-7280,250","-76,525","-76,475","-76,475","-74,250","-72,475","-70,550","-68,925","-67,500","-66,200","-64,875","-63,725","-62,750","-61,900","-61,100","-60,350","-59,650","-59,000","-58,425","-57,925","-57,625","-57,425","-57,300","-57,150","-56,925","-56,750","-56,600","-56,550","-56,450","-56,175","-56,200","-56,575","-57,375","-57,850","-58,975","-60,075","-61,350","-62,675","-64,350","-65,950","-67,525","-69,200","-70,975","-72,625","-74,100","-75,300","-76,675","-78,025","-79,475","-80,725","-82,225","-83,625","-84,950","-85,925","-86,900","-87,550","-87,975","-88,225","-88,575","-88,850","-88,775","-88,375","-87,550","-86,775","-85,900","-85,050","-83,850","-82,825","-82,050","-82,175","-81,750","-81,475","-81,450","-82,175","-82,775","-83,675","-84,925","-86,175","-87,450","-88,450","-89,350","-90,250","-91,200","-91,900","-92,450","-93,350","-93,750","-93,925","-94,025","-94,125","-94,050","-93,475","-92,025","-89,850","-86,850","-83,450","-83,775"
ALDRV01,2,,"10,925",,,,,,,,,,,,,,,,,,,,,,,,,,,,,,,,"0,025","0,025","0,050","0,050","0,075","0,100","0,125","0,150","0,150","0,175","0,200","0,225","0,250","0,250","0,275","0,275","0,300","0,300","0,325","0,325","0,325","0,325","0,350","0,350","0,350","0,350","0,350","0,350","0,350","0,325","0,325","0,325","0,300","0,300","0,300","0,275","0,275","0,250","0,225","0,200","0,175","0,175","0,150","0,125","0,100","0,100","0,075","0,050","0,050","0,025","0,025","0,025",,,,,,,,,,,,,
ALG3,1,,"5681,950","112,500","112,500","112,500","112,500","112,500","112,500","112,500","112,500","87,500","74,950","76,000","76,750","47,500","47,500","47,500","47,500","36,250","36,250","36,250","36,250","36,250","36,250","36,250","36,250","43,000","47,500","47,500","36,250","36,250","36,250","36,250","36,250","36,250","36,250","36,250","36,250","36,250","36,250","36,250","36,250","36,250","36,250","36,250","36,250","36,250","36,250","36,250","36,250","36,250","36,250","36,250","36,250","36,250","36,250","36,250","36,250","36,250","36,250","36,250","36,250","36,250","36,250","36,250","36,250","36,250","36,250","36,250","36,250","36,250","36,250","36,250","36,250","36,250","36,250","36,250","43,750","51,250","57,500","71,250","85,000","112,500","112,500","112,500","112,500","112,500","112,500","112,500","112,500","112,500","112,500","112,500","112,500","112,500","112,500","112,500","112,500"
ALHAM,10,,"32,250",,,,,,,,,,,,,,,,,,,,,,,,,,,,,,,,"0,025","0,050","0,100","0,150","0,200","0,250","0,325","0,375","0,450","0,525","0,575","0,650","0,700","0,750","0,800","0,850","0,875","0,900","0,925","0,950","0,975","1,000","1,000","1,000","1,025","1,025","1,025","1,025","1,000","1,000","0,975","0,950","0,925","0,900","0,875","0,825","0,775","0,750","0,700","0,650","0,600","0,550","0,475","0,425","0,350","0,300","0,225","0,175","0,125","0,075","0,050","0,025",,,"0,025","0,025",,,,,,,,,
ALIOC01,8,,"-7,100","-0,075","-0,075","-0,075","-0,075","-0,075","-0,075","-0,075","-0,050","-0,050","-0,050","-0,050","-0,050","-0,050","-0,050","-0,050","-0,050","-0,050","-0,050","-0,050","-0,050","-0,050","-0,050","-0,050","-0,050","-0,050","-0,050","-0,050","-0,050","-0,050","-0,050","-0,050","-0,050","-0,050","-0,050","-0,050","-0,050","-0,050","-0,050","-0,075","-0,075","-0,075","-0,075","-0,075","-0,075","-0,075","-0,075","-0,075","-0,075","-0,075","-0,075","-0,075","-0,075","-0,075","-0,075","-0,100","-0,100","-0,100","-0,100","-0,100","-0,100","-0,100","-0,100","-0,100","-0,075","-0,075","-0,075","-0,075","-0,075","-0,075","-0,075","-0,075","-0,075","-0,075","-0,075","-0,075","-0,075","-0,075","-0,075","-0,100","-0,100","-0,100","-0,100","-0,100","-0,100","-0,100","-0,100","-0,100","-0,100","-0,100","-0,100","-0,100","-0,100","-0,100","-0,100","-0,100","-0,100"
ALMAC01,7,,"-45,200","-0,575","-0,575","-0,575","-0,575","-0,575","-0,575","-0,575","-0,575","-0,575","-0,575","-0,575","-0,575","-0,575","-0,575","-0,575","-0,575","-0,600","-0,600","-0,600","-0,600","-0,575","-0,575","-0,575","-0,575","-0,575","-0,575","-0,575","-0,575","-0,575","-0,575","-0,575","-0,575","-0,525","-0,525","-0,525","-0,525","-0,400","-0,400","-0,400","-0,400","-0,400","-0,400","-0,400","-0,400","-0,350","-0,350","-0,350","-0,350","-0,300","-0,300","-0,300","-0,300","-0,300","-0,300","-0,300","-0,300","-0,250","-0,250","-0,250","-0,250","-0,275","-0,275","-0,275","-0,275","-0,350","-0,350","-0,350","-0,350","-0,325","-0,325","-0,325","-0,325","-0,375","-0,375","-0,375","-0,375","-0,400","-0,400","-0,400","-0,400","-0,475","-0,475","-0,475","-0,475","-0,525","-0,525","-0,525","-0,525","-0,700","-0,700","-0,700","-0,700","-0,725","-0,725","-0,725","-0,725"
ALPXC01,8,,"-80,050","-1,025","-1,000","-0,975","-0,950","-0,925","-0,900","-0,900","-0,875","-0,875","-0,875","-0,875","-0,875","-0,875","-0,850","-0,850","-0,850","-0,850","-0,825","-0,825","-0,825","-0,825","-0,825","-0,825","-0,825","-0,850","-0,850","-0,850","-0,825","-0,800","-0,775","-0,775","-0,775","-0,775","-0,775","-0,775","-0,750","-0,750","-0,750","-0,750","-0,750","-0,775","-0,775","-0,775","-0,775","-0,800","-0,800","-0,800","-0,800","-0,800","-0,800","-0,800","-0,775","-0,775","-0,775","-0,775","-0,775","-0,775","-0,775","-0,775","-0,775","-0,775","-0,775","-0,775","-0,775","-0,775","-0,775","-0,775","-0,775","-0,750","-0,750","-0,750","-0,750","-0,750","-0,775","-0,775","-0,825","-0,875","-0,900","-0,925","-0,925","-0,950","-0,950","-0,975","-0,975","-0,950","-0,950","-0,950","-0,950","-0,950","-0,950","-0,925","-0,900","-0,875","-0,850","-0,825","-0,825"
ALQSC01,8,,"-111,150","-1,225","-1,175","-1,150","-1,125","-1,100","-1,075","-1,050","-1,000","-0,975","-0,925","-0,900","-0,875","-0,850","-0,850","-0,825","-0,800","-0,800","-0,775","-0,775","-0,750","-0,750","-0,750","-0,750","-0,725","-0,750","-0,725","-0,725","-0,725","-0,725","-0,750","-0,750","-0,775","-0,800","-0,800","-0,825","-0,875","-0,925","-0,950","-1,000","-1,025","-1,050","-1,100","-1,125","-1,125","-1,150","-1,175","-1,200","-1,225","-1,250","-1,300","-1,325","-1,350","-1,375","-1,425","-1,450","-1,475","-1,500","-1,525","-1,500","-1,475","-1,425","-1,400","-1,375","-1,375","-1,350","-1,325","-1,325","-1,325","-1,325","-1,325","-1,325","-1,325","-1,325","-1,350","-1,350","-1,350","-1,350","-1,350","-1,350","-1,375","-1,400","-1,425","-1,450","-1,475","-1,500","-1,525","-1,550","-1,550","-1,525","-1,500","-1,450","-1,400","-1,375","-1,325","-1,275","-1,225"
ALSEC01,8,,"-117,100","-1,300","-1,300","-1,200","-1,200","-1,200","-1,200","-1,200","-1,100","-1,100","-1,100","-1,100","-1,100","-1,100","-1,000","-1,000","-1,100","-1,000","-1,000","-1,000","-1,000","-1,000","-1,000","-1,000","-1,000","-1,000","-1,000","-1,000","-1,000","-1,000","-1,000","-1,000","-1,000","-1,000","-1,000","-1,000","-1,000","-1,100","-1,100","-1,100","-1,100","-1,200","-1,200","-1,200","-1,200","-1,300","-1,300","-1,300","-1,300","-1,300","-1,300","-1,300","-1,300","-1,300","-1,300","-1,400","-1,400","-1,400","-1,400","-1,400","-1,400","-1,400","-1,400","-1,400","-1,400","-1,300","-1,300","-1,300","-1,300","-1,300","-1,300","-1,300","-1,300","-1,300","-1,300","-1,300","-1,400","-1,300","-1,300","-1,300","-1,300","-1,300","-1,300","-1,300","-1,300","-1,300","-1,300","-1,300","-1,400","-1,400","-1,500","-1,400","-1,400","-1,400","-1,400","-1,400","-1,300"
ALUEC01,8,,"-84,100","-1,025","-1,025","-1,025","-1,025","-0,900","-0,900","-0,900","-0,900","-0,850","-0,850","-0,850","-0,850","-0,825","-0,825","-0,825","-0,825","-0,800","-0,800","-0,800","-0,800","-0,775","-0,775","-0,775","-0,775","-0,750","-0,750","-0,750","-0,750","-0,675","-0,675","-0,675","-0,675","-0,700","-0,700","-0,700","-0,700","-0,775","-0,775","-0,775","-0,775","-0,825","-0,825","-0,825","-0,825","-0,875","-0,875","-0,875","-0,875","-0,900","-0,900","-0,900","-0,900","-0,925","-0,925","-0,925","-0,925","-0,925","-0,925","-0,925","-0,925","-0,925","-0,925","-0,925","-0,925","-0,875","-0,875","-0,875","-0,875","-0,850","-0,850","-0,850","-0,850","-0,875","-0,875","-0,875","-0,875","-0,900","-0,900","-0,900","-0,900","-0,975","-0,975","-0,975","-0,975","-1,025","-1,025","-1,025","-1,025","-1,075","-1,075","-1,075","-1,075","-1,000","-1,000","-1,000","-1,000"
ALUZC01,8,,"-437,900","-4,600","-4,500","-4,500","-4,400","-4,100","-4,100","-4,000","-3,900","-3,800","-3,700","-3,700","-3,600","-3,500","-3,500","-3,500","-3,400","-3,400","-3,400","-3,400","-3,400","-3,300","-3,300","-3,300","-3,400","-3,300","-3,300","-3,200","-3,200","-3,100","-3,100","-3,100","-3,200","-3,400","-3,500","-3,600","-3,600","-4,000","-4,100","-4,200","-4,200","-4,600","-4,700","-4,700","-4,700","-5,000","-5,000","-5,000","-5,100","-5,300","-5,400","-5,400","-5,400","-5,500","-5,600","-5,700","-5,800","-5,800","-5,800","-5,800","-5,800","-5,600","-5,600","-5,600","-5,600","-5,300","-5,300","-5,300","-5,300","-5,000","-5,100","-5,100","-5,100","-5,100","-5,100","-5,100","-5,200","-5,200","-5,200","-5,200","-5,100","-5,200","-5,100","-5,100","-5,100","-5,100","-5,100","-5,100","-5,200","-5,300","-5,300","-5,200","-5,100","-4,900","-4,800","-4,700","-4,600"
ALZ1,1,,"23731,200","247,200","247,200","247,200","247,200","247,200","247,200","247,200","247,200","247,200","247,200","247,200","247,200","247,200","247,200","247,200","247,200","247,200","247,200","247,200","247,200","247,200","247,200","247,200","247,200","247,200","247,200","247,200","247,200","247,200","247,200","247,200","247,200","247,200","247,200","247,200","247,200","247,200","247,200","247,200","247,200","247,200","247,200","247,200","247,200","247,200","247,200","247,200","247,200","247,200","247,200","247,200","247,200","247,200","247,200","247,200","247,200","247,200","247,200","247,200","247,200","247,200","247,200","247,200","247,200","247,200","247,200","247,200","247,200","247,200","247,200","247,200","247,200","247,200","247,200","247,200","247,200","247,200","247,200","247,200","247,200","247,200","247,200","247,200","247,200","247,200","247,200","247,200","247,200","247,200","247,200","247,200","247,200","247,200","247,200","247,200","247,200"
ALZ2,1,,"23272,800","242,425","242,425","242,425","242,425","242,425","242,425","242,425","242,425","242,425","242,425","242,425","242,425","242,425","242,425","242,425","242,425","242,425","242,425","242,425","242,425","242,425","242,425","242,425","242,425","242,425","242,425","242,425","242,425","242,425","242,425","242,425","242,425","242,425","242,425","242,425","242,425","242,425","242,425","242,425","242,425","242,425","242,425","242,425","242,425","242,425","242,425","242,425","242,425","242,425","242,425","242,425","242,425","242,425","242,425","242,425","242,425","242,425","242,425","242,425","242,425","242,425","242,425","242,425","242,425","242,425","242,425","242,425","242,425","242,425","242,425","242,425","242,425","242,425","242,425","242,425","242,425","242,425","242,425","242,425","242,425","242,425","242,425","242,425","242,425","242,425","242,425","242,425","242,425","242,425","242,425","242,425","242,425","242,425","242,425","242,425","242,425"
AMEC01,8,,"-1105,075","-12,725","-12,300","-11,975","-11,425","-11,050","-10,925","-10,475","-10,225","-10,075","-10,100","-9,800","-9,600","-9,475","-9,500","-9,400","-9,350","-9,250","-9,250","-9,150","-9,050","-9,125","-9,150","-9,075","-9,150","-9,325","-9,250","-9,225","-9,000","-9,125","-9,150","-9,225","-9,375","-9,575","-9,925","-9,925","-9,975","-10,175","-10,450","-10,525","-10,775","-10,725","-11,050","-11,325","-11,400","-11,775","-12,000","-11,975","-12,450","-12,725","-13,000","-13,125","-13,250","-13,200","-13,175","-13,475","-13,375","-13,400","-13,450","-13,375","-13,300","-13,300","-13,200","-13,175","-12,925","-12,725","-12,800","-12,500","-12,125","-12,100","-12,000","-11,850","-11,925","-11,825","-11,875","-12,100","-12,200","-12,575","-12,900","-13,175","-13,325","-13,300","-13,650","-13,625","-13,675","-13,500","-13,575","-13,350","-13,525","-13,275","-13,250","-12,875","-12,500","-12,000","-11,875","-11,400","-10,950"
AMIC01,8,,"-22,100","-0,225","-0,225","-0,225","-0,225","-0,200","-0,200","-0,200","-0,200","-0,200","-0,200","-0,200","-0,200","-0,175","-0,175","-0,175","-0,175","-0,175","-0,175","-0,175","-0,175","-0,175","-0,175","-0,175","-0,175","-0,175","-0,175","-0,175","-0,175","-0,175","-0,175","-0,175","-0,175","-0,200","-0,200","-0,200","-0,200","-0,225","-0,225","-0,225","-0,225","-0,225","-0,225","-0,225","-0,225","-0,250","-0,250","-0,250","-0,250","-0,250","-0,250","-0,250","-0,250","-0,300","-0,300","-0,300","-0,300","-0,275","-0,275","-0,275","-0,275","-0,275","-0,275","-0,275","-0,275","-0,275","-0,275","-0,275","-0,275","-0,250","-0,250","-0,250","-0,250","-0,250","-0,250","-0,250","-0,250","-0,250","-0,250","-0,250","-0,250","-0,275","-0,275","-0,275","-0,275","-0,250","-0,250","-0,250","-0,275","-0,250","-0,250","-0,225","-0,250","-0,225","-0,225","-0,225","-0,225"
AMPEACI,10,,"78,200","1,600","1,625","1,675","1,675","1,750","1,850","1,925","2,025","2,000","1,925","1,825","1,750","1,750","1,800","1,875","1,900","1,925","1,900","1,825","1,800","1,750","1,675","1,600","1,525","1,425","1,350","1,250","1,150","1,075","1,000","0,900","0,800","0,750","0,725","0,675","0,625","0,600","0,600","0,550","0,525","0,500","0,500","0,475","0,475","0,500","0,550","0,625","0,675",,,,,,,,,,,,,,,,,,,,,,"1,075","0,975","0,875","0,800","0,725","0,675","0,625","0,600","0,550","0,525","0,500","0,500","0,525","0,525","0,550","0,600","0,625","0,675","0,725","0,700","0,650","0,575","0,500","0,475","0,450","0,475","0,475"
AMPEC01,8,,"-11,275","-0,125","-0,125","-0,125","-0,125","-0,100","-0,100","-0,100","-0,100","-0,100","-0,100","-0,100","-0,100","-0,100","-0,100","-0,100","-0,100","-0,100","-0,100","-0,100","-0,100","-0,125","-0,125","-0,125","-0,125","-0,150","-0,150","-0,150","-0,150","-0,125","-0,125","-0,125","-0,125","-0,100","-0,100","-0,100","-0,100","-0,125","-0,125","-0,125","-0,125","-0,125","-0,125","-0,125","-0,125","-0,125","-0,125","-0,125","-0,125","-0,150","-0,150","-0,150","-0,150","-0,150","-0,150","-0,150","-0,150","-0,150","-0,150","-0,150","-0,150","-0,150","-0,150","-0,150","-0,150","-0,150","-0,150","-0,150","-0,150","-0,125","-0,125","-0,125","-0,125","-0,125","-0,125","-0,125","-0,125","-0,150","-0,150","-0,150","-0,150","-0,150","-0,150","-0,150","-0,150",,,,,,,,"-0,050",,"-0,150","-0,150","-0,125"
AMPRC01,8,,"-2,250","-0,025","-0,025","-0,025","-0,025","-0,025","-0,025","-0,025","-0,025","-0,025","-0,025","-0,025","-0,025","-0,025","-0,025","-0,025","-0,025","-0,025","-0,025","-0,025","-0,025","-0,025","-0,025","-0,025","-0,025","-0,025","-0,025","-0,025","-0,025","-0,025","-0,025","-0,025","-0,025","-0,025","-0,025","-0,025","-0,025","-0,025","-0,025","-0,025","-0,025","-0,025","-0,025","-0,025","-0,025","-0,025","-0,025",,,"-0,025","-0,025","-0,025","-0,025","-0,025","-0,025","-0,025",,"-0,025","-0,025","-0,025","-0,025","-0,025","-0,025",,"-0,025","-0,025",,,"-0,025","-0,025","-0,025","-0,025","-0,025","-0,025","-0,025","-0,025","-0,025","-0,025","-0,025","-0,025","-0,025","-0,025","-0,025","-0,025","-0,025","-0,025","-0,025","-0,025","-0,025","-0,025","-0,025","-0,025","-0,025","-0,025","-0,025","-0,025","-0,025"
ANGLC01,8,,"-2,400","-0,025","-0,025","-0,025","-0,025","-0,025","-0,025","-0,025","-0,025","-0,025","-0,025","-0,025","-0,025","-0,025","-0,025","-0,025","-0,025","-0,025","-0,025","-0,025","-0,025","-0,025","-0,025","-0,025","-0,025","-0,025","-0,025","-0,025","-0,025","-0,025","-0,025","-0,025","-0,025","-0,025","-0,025","-0,025","-0,025","-0,025","-0,025","-0,025","-0,025","-0,025","-0,025","-0,025","-0,025","-0,025","-0,025","-0,025","-0,025","-0,025","-0,025","-0,025","-0,025","-0,025","-0,025","-0,025","-0,025","-0,025","-0,025","-0,025","-0,025","-0,025","-0,025","-0,025","-0,025","-0,025","-0,025","-0,025","-0,025","-0,025","-0,025","-0,025","-0,025","-0,025","-0,025","-0,025","-0,025","-0,025","-0,025","-0,025","-0,025","-0,025","-0,025","-0,025","-0,025","-0,025","-0,025","-0,025","-0,025","-0,025","-0,025","-0,025","-0,025","-0,025","-0,025","-0,025","-0,025"
ANIMC01,8,,"-117,150","-1,900","-1,875","-1,800","-1,750","-1,725","-1,700","-1,675","-1,650","-1,625","-1,600","-1,575","-1,575","-1,600","-1,575","-1,575","-1,550","-1,525","-1,525","-1,575","-1,550","-1,600","-1,600","-1,550","-1,450","-1,375","-1,325","-1,250","-1,100","-0,850","-0,825","-0,825","-0,800","-0,775","-0,775","-0,800","-0,750","-0,800","-0,775","-0,750","-0,775","-0,800","-0,775","-0,875","-0,750","-0,750","-0,775","-0,775","-0,800","-0,800","-0,800","-0,825","-0,825","-0,825","-0,850","-0,850","-0,850","-0,850","-0,850","-0,850","-0,825","-0,800","-0,850","-0,875","-0,800","-0,800","-0,800","-0,850","-0,800","-0,850","-0,825","-0,850","-0,900","-0,900","-0,925","-1,025","-1,025","-1,075","-1,175","-1,250","-1,275","-1,300","-1,325","-1,350","-1,350","-1,450","-1,500","-1,575","-1,700","-2,075","-2,225","-2,300","-2,250","-2,150","-2,050","-2,000","-1,925"
ANTEC01,8,,"-1,200","-0,025",,"-0,025",,"-0,025",,"-0,025",,"-0,025",,"-0,025",,"-0,025",,"-0,025",,"-0,025",,"-0,025",,"-0,025",,"-0,025",,"-0,025",,"-0,025",,"-0,025",,"-0,025",,"-0,025",,"-0,025",,"-0,025",,"-0,025",,"-0,025",,"-0,025",,"-0,025",,"-0,025",,"-0,025",,"-0,025",,"-0,025",,"-0,025",,"-0,025",,"-0,025",,"-0,025",,"-0,025",,"-0,025",,"-0,025",,"-0,025",,"-0,025",,"-0,025",,"-0,025",,"-0,025",,"-0,025",,"-0,025",,"-0,025",,"-0,025",,"-0,025",,"-0,025",,"-0,025",,"-0,025",,"-0,025",
APOLC01,8,,"-75,300","-0,425","-0,450","-0,450","-2,225",,,,,,,,,,,,,,,,,,,,,,,,"-0,525","-1,550","-1,600","-1,600","-1,625","-1,650","-1,625","-1,575","-1,550","-1,675","-1,650","-1,600","-1,600","-0,400","-0,250","-0,250","-0,275","-0,275","-0,275","-0,275","-0,275","-0,300","-0,300","-0,300","-0,300","-0,300","-0,300","-0,300","-0,300","-0,300","-0,300","-0,275","-0,275","-0,275","-0,275","-0,275","-0,275","-0,250","-0,250","-0,225","-0,225","-1,425","-1,450","-1,575","-1,575","-1,525","-1,575","-1,675","-1,800","-1,950","-1,925","-1,925","-1,975","-2,150","-2,125","-2,200","-2,225","-2,325","-2,300","-2,300","-2,350",,,,"-0,375","-1,025","-1,000","-0,975","-2,325"
APRC01,7,,"-3,150","-0,025","-0,025","-0,025","-0,025","-0,025","-0,025","-0,025","-0,025","-0,025","-0,025","-0,025","-0,025","-0,025","-0,025","-0,025","-0,025","-0,025","-0,025","-0,025","-0,025","-0,025","-0,025","-0,025","-0,025","-0,025","-0,025","-0,025","-0,025","-0,025","-0,025","-0,025","-0,025","-0,025","-0,025","-0,025","-0,025","-0,025","-0,025","-0,025","-0,025","-0,025","-0,025","-0,025","-0,025","-0,025","-0,025","-0,025","-0,025","-0,025","-0,025","-0,025","-0,025","-0,025","-0,050","-0,050","-0,050","-0,050","-0,025","-0,025","-0,025","-0,025","-0,025","-0,025","-0,025","-0,025","-0,025","-0,025","-0,025","-0,025","-0,025","-0,025","-0,025","-0,025","-0,025","-0,025","-0,025","-0,025","-0,025","-0,025","-0,050","-0,050","-0,050","-0,050","-0,050","-0,075","-0,050","-0,050","-0,050","-0,075","-0,075","-0,075","-0,075","-0,075","-0,075","-0,075","-0,075"
APRIC01,8,,"-149,950","-1,250","-1,225","-1,200","-1,150","-1,225","-1,200","-1,175","-1,150","-1,200","-1,200","-1,250","-1,250","-1,300","-1,275","-1,275","-1,250","-1,225","-1,150","-1,150","-1,150","-1,175","-1,175","-1,125","-1,125","-1,125","-1,125","-1,100","-1,075","-1,025","-1,000","-1,000","-1,000","-1,000","-1,025","-1,025","-1,075","-1,150","-1,175","-1,275","-1,300","-1,200","-1,200","-1,150","-1,150","-1,150","-1,150","-1,150","-1,150","-2,875","-2,400","-2,400","-2,400","-2,050","-2,075","-2,075","-2,025","-2,025","-2,075","-2,225","-2,025","-2,250","-2,000","-2,025","-2,100","-2,325","-2,375","-2,425","-2,700","-2,750","-2,450","-2,975","-3,000","-2,450","-2,575","-2,600","-2,650","-2,300","-1,325","-1,350","-1,375","-1,375","-1,400","-1,425","-1,375","-1,400","-1,425","-1,450","-1,475","-1,375","-1,375","-1,300","-1,275","-1,350","-1,300","-1,225","-1,150"
ARACC01,8,,"-324,325","-2,475","-2,700","-2,700","-2,700","-1,900","-1,900","-2,300","-2,125","-2,075","-2,325","-2,075","-2,450","-2,300","-2,050","-2,050","-2,050","-2,350","-2,350","-1,975","-1,975","-1,925","-1,925","-1,925","-1,925","-1,925","-1,925","-1,925","-1,925","-2,175","-2,175","-3,475","-3,475","-2,175","-3,725","-3,725","-3,725","-4,025","-4,025","-4,025","-4,025","-4,300","-4,300","-4,300","-4,300","-4,525","-4,525","-4,525","-4,525","-4,650","-4,650","-4,650","-4,650","-4,725","-4,725","-4,725","-4,725","-4,700","-4,700","-4,700","-4,700","-4,600","-4,600","-4,600","-4,600","-4,475","-4,475","-4,475","-4,475","-4,650","-4,650","-4,650","-4,650","-4,550","-4,550","-4,550","-4,550","-4,700","-4,700","-4,700","-4,700","-4,775","-4,450","-4,450","-2,775","-2,175","-2,175","-2,175","-1,850","-1,625","-1,625","-1,625","-1,625","-1,550","-2,325","-2,325","-2,325"
ARAIC01,8,,"-1,000","-0,025","-0,025","-0,025","-0,025","-0,025","-0,025","-0,025","-0,025","-0,025","-0,025","-0,025","-0,025","-0,025","-0,025","-0,025","-0,025","-0,025","-0,025","-0,025","-0,025","-0,025","-0,025","-0,025","-0,025","-0,025","-0,025","-0,025","-0,025",,,,,,,,,,,"-0,025","-0,025",,,,,,,,,,,,,,,,,,,,,,,,,,,,,,,,,,,,,,,,,,,,,,,"-0,025","-0,025","-0,025","-0,025","-0,025","-0,025","-0,025","-0,025","-0,025","-0,025"
ARCOS1,1,,"5073,025","88,700","88,700","73,150","51,250","88,700","80,500","88,700","68,750","68,750","68,750","53,025","42,500","51,250","42,500","42,500","42,500","42,500","42,500","42,500","42,500","42,500","42,500","42,500","42,500","42,500","42,500","42,500","42,500","42,500","42,500","42,500","42,500","42,500","42,500","42,500","42,500","42,500","42,500","42,500","42,500","42,500","42,500","42,500","42,500","42,500","42,500","42,500","42,500","42,500","42,500","42,500","42,500","42,500","42,500","42,500","42,500","42,500","42,500","42,500","42,500","42,500","42,500","42,500","42,500","42,500","42,500","42,500","42,500","42,500","42,500","42,500","42,500","42,500","42,500","42,500","42,500","42,500","42,500","42,500","42,500","42,500","59,400","84,650","84,650","84,650","84,650","84,650","84,650","87,450","87,450","87,450","87,450","88,300","88,300","88,300","88,300"
ARGC01,7,,"-1,450",,,,,,,,,,,,,,,,,,,,,,,,,,,,,,"-0,025","-0,025","-0,025","-0,025","-0,050","-0,050","-0,050","-0,050","-0,050","-0,050","-0,050","-0,050","-0,025","-0,050","-0,050","-0,050","-0,050","-0,025","-0,025","-0,050","-0,050","-0,025","-0,050","-0,050","-0,050","-0,050","-0,050","-0,050","-0,050","-0,050","-0,050","-0,025","-0,025","-0,025","-0,025",,,,,,,,,,,,,,,,,,,,,,,,,,,,,,,,
ARRU1,1,,"891,250","38,750","38,750","38,750","38,750",,,,,,,,,,,,,,,,,,,,,,,,,,,,,,,,,,,,,,,,,,,,,,,,,,,,,,,,,,,,,,,,,,,,,,,,,,"38,750","38,750","38,750","38,750","38,750","38,750","38,750","38,750","38,750","38,750","38,750","38,750","38,750","38,750","38,750","38,750","38,750","38,750","38,750"
ARRU1X,11,,"-24,000","-0,250","-0,250","-0,250","-0,250","-0,250","-0,250","-0,250","-0,250","-0,250","-0,250","-0,250","-0,250","-0,250","-0,250","-0,250","-0,250","-0,250","-0,250","-0,250","-0,250","-0,250","-0,250","-0,250","-0,250","-0,250","-0,250","-0,250","-0,250","-0,250","-0,250","-0,250","-0,250","-0,250","-0,250","-0,250","-0,250","-0,250","-0,250","-0,250","-0,250","-0,250","-0,250","-0,250","-0,250","-0,250","-0,250","-0,250","-0,250","-0,250","-0,250","-0,250","-0,250","-0,250","-0,250","-0,250","-0,250","-0,250","-0,250","-0,250","-0,250","-0,250","-0,250","-0,250","-0,250","-0,250","-0,250","-0,250","-0,250","-0,250","-0,250","-0,250","-0,250","-0,250","-0,250","-0,250","-0,250","-0,250","-0,250","-0,250","-0,250","-0,250","-0,250","-0,250","-0,250","-0,250","-0,250","-0,250","-0,250","-0,250","-0,250","-0,250","-0,250","-0,250","-0,250","-0,250","-0,250"
ARRU2,1,,"885,500","38,500","38,500","38,500","38,500",,,,,,,,,,,,,,,,,,,,,,,,,,,,,,,,,,,,,,,,,,,,,,,,,,,,,,,,,,,,,,,,,,,,,,,,,,"38,500","38,500","38,500","38,500","38,500","38,500","38,500","38,500","38,500","38,500","38,500","38,500","38,500","38,500","38,500","38,500","38,500","38,500","38,500"
ARRU2X,11,,"-14,400","-0,150","-0,150","-0,150","-0,150","-0,150","-0,150","-0,150","-0,150","-0,150","-0,150","-0,150","-0,150","-0,150","-0,150","-0,150","-0,150","-0,150","-0,150","-0,150","-0,150","-0,150","-0,150","-0,150","-0,150","-0,150","-0,150","-0,150","-0,150","-0,150","-0,150","-0,150","-0,150","-0,150","-0,150","-0,150","-0,150","-0,150","-0,150","-0,150","-0,150","-0,150","-0,150","-0,150","-0,150","-0,150","-0,150","-0,150","-0,150","-0,150","-0,150","-0,150","-0,150","-0,150","-0,150","-0,150","-0,150","-0,150","-0,150","-0,150","-0,150","-0,150","-0,150","-0,150","-0,150","-0,150","-0,150","-0,150","-0,150","-0,150","-0,150","-0,150","-0,150","-0,150","-0,150","-0,150","-0,150","-0,150","-0,150","-0,150","-0,150","-0,150","-0,150","-0,150","-0,150","-0,150","-0,150","-0,150","-0,150","-0,150","-0,150","-0,150","-0,150","-0,150","-0,150","-0,150","-0,150"
ASC1,1,,"22940,000","240,000","240,000","240,000","240,000","240,000","240,000","240,000","240,000","240,250","240,250","240,250","240,250","239,500","239,500","239,500","239,500","239,500","239,500","239,500","239,500","241,000","241,000","241,000","241,000","241,250","241,250","241,250","241,250","241,250","241,250","241,250","241,250","241,500","241,500","241,500","241,500","240,750","240,750","240,750","240,750","239,000","239,000","239,000","239,000","239,250","239,250","239,250","239,250","238,250","238,250","238,250","238,250","237,750","237,750","237,750","237,750","237,250","237,250","237,250","237,250","237,500","237,500","237,500","237,500","237,250","237,250","237,250","237,250","236,750","236,750","236,750","236,750","236,250","236,250","236,250","236,250","237,500","237,500","237,500","237,500","237,500","237,500","237,500","237,500","238,250","238,250","238,250","238,250","238,500","238,500","238,500","238,500","239,000","239,000","239,000","239,000"
ASC2,1,,"22796,000","238,500","238,500","238,500","238,500","238,500","238,500","238,500","238,500","238,750","238,750","238,750","238,750","238,000","238,000","238,000","238,000","238,000","238,000","238,000","238,000","239,500","239,500","239,500","239,500","239,750","239,750","239,750","239,750","239,750","239,750","239,750","239,750","240,000","240,000","240,000","240,000","239,250","239,250","239,250","239,250","237,500","237,500","237,500","237,500","237,750","237,750","237,750","237,750","236,750","236,750","236,750","236,750","236,250","236,250","236,250","236,250","235,750","235,750","235,750","235,750","236,000","236,000","236,000","236,000","235,750","235,750","235,750","235,750","235,250","235,250","235,250","235,250","234,750","234,750","234,750","234,750","236,000","236,000","236,000","236,000","236,000","236,000","236,000","236,000","236,750","236,750","236,750","236,750","237,000","237,000","237,000","237,000","237,500","237,500","237,500","237,500"
ASIDUE,1,,"116,900","1,200","1,200","1,200","1,200","1,200","1,200","1,200","1,200","1,200","1,200","1,200","1,200","1,200","1,200","1,200","1,200","1,200","1,200","1,200","1,200","1,200","1,200","1,200","1,200","1,200","1,200","1,200","1,200","1,225","1,225","1,225","1,225","1,225","1,225","1,225","1,225","1,225","1,225","1,225","1,225","1,225","1,225","1,225","1,225","1,225","1,225","1,225","1,225","1,225","1,225","1,225","1,225","1,225","1,225","1,225","1,225","1,225","1,225","1,225","1,225","1,225","1,225","1,225","1,225","1,225","1,225","1,225","1,225","1,225","1,225","1,225","1,225","1,225","1,225","1,225","1,225","1,225","1,225","1,225","1,225","1,225","1,225","1,225","1,225","1,225","1,225","1,225","1,225","1,225","1,225","1,225","1,225","1,225","1,225","1,225","1,225"
ASIEBR2,1,,"24,000","0,250","0,250","0,250","0,250","0,250","0,250","0,250","0,250","0,250","0,250","0,250","0,250","0,250","0,250","0,250","0,250","0,250","0,250","0,250","0,250","0,250","0,250","0,250","0,250","0,250","0,250","0,250","0,250","0,250","0,250","0,250","0,250","0,250","0,250","0,250","0,250","0,250","0,250","0,250","0,250","0,250","0,250","0,250","0,250","0,250","0,250","0,250","0,250","0,250","0,250","0,250","0,250","0,250","0,250","0,250","0,250","0,250","0,250","0,250","0,250","0,250","0,250","0,250","0,250","0,250","0,250","0,250","0,250","0,250","0,250","0,250","0,250","0,250","0,250","0,250","0,250","0,250","0,250","0,250","0,250","0,250","0,250","0,250","0,250","0,250","0,250","0,250","0,250","0,250","0,250","0,250","0,250","0,250","0,250","0,250","0,250"
ASIEBRO,1,,"46,200","0,275","0,275","0,275","0,275","0,275","0,275","0,275","0,275","0,275","0,275","0,275","0,275","0,275","0,275","0,275","0,275","0,275","0,275","0,275","0,275","0,275","0,275","0,275","0,275","0,275","0,275","0,275","0,275","0,275","0,275","0,275","0,275","0,275","0,275","0,275","0,275","0,275","0,275","0,275","0,275","0,275","0,275","0,275","0,275","0,275","0,275","0,275","0,275","0,275","0,275","0,275","0,275","0,275","0,275","0,275","0,275","0,275","0,275","0,275","0,275","0,275","0,275","0,275","0,275","0,275","0,275","0,275","0,275","0,275","0,275","0,275","0,275","1,100","1,100","1,100","1,100","1,100","1,100","1,100","1,100","1,100","1,100","1,100","1,100","1,100","1,100","1,100","1,100","1,100","1,100","1,100","1,100","1,100","1,100","1,100","1,100"
ASIJUCA,1,,"28,800","0,300","0,300","0,300","0,300","0,300","0,300","0,300","0,300","0,300","0,300","0,300","0,300","0,300","0,300","0,300","0,300","0,300","0,300","0,300","0,300","0,300","0,300","0,300","0,300","0,300","0,300","0,300","0,300","0,300","0,300","0,300","0,300","0,300","0,300","0,300","0,300","0,300","0,300","0,300","0,300","0,300","0,300","0,300","0,300","0,300","0,300","0,300","0,300","0,300","0,300","0,300","0,300","0,300","0,300","0,300","0,300","0,300","0,300","0,300","0,300","0,300","0,300","0,300","0,300","0,300","0,300","0,300","0,300","0,300","0,300","0,300","0,300","0,300","0,300","0,300","0,300","0,300","0,300","0,300","0,300","0,300","0,300","0,300","0,300","0,300","0,300","0,300","0,300","0,300","0,300","0,300","0,300","0,300","0,300","0,300","0,300"
ASITAJ,1,,"12,000","0,125","0,125","0,125","0,125","0,125","0,125","0,125","0,125","0,125","0,125","0,125","0,125","0,125","0,125","0,125","0,125","0,125","0,125","0,125","0,125","0,125","0,125","0,125","0,125","0,125","0,125","0,125","0,125","0,125","0,125","0,125","0,125","0,125","0,125","0,125","0,125","0,125","0,125","0,125","0,125","0,125","0,125","0,125","0,125","0,125","0,125","0,125","0,125","0,125","0,125","0,125","0,125","0,125","0,125","0,125","0,125","0,125","0,125","0,125","0,125","0,125","0,125","0,125","0,125","0,125","0,125","0,125","0,125","0,125","0,125","0,125","0,125","0,125","0,125","0,125","0,125","0,125","0,125","0,125","0,125","0,125","0,125","0,125","0,125","0,125","0,125","0,125","0,125","0,125","0,125","0,125","0,125","0,125","0,125","0,125","0,125"
ASSEC01,8,,"-108,650","-1,050","-1,050","-1,050","-1,025","-1,025","-1,000","-1,000","-0,975","-0,950","-0,950","-0,950","-0,950","-0,950","-0,950","-0,950","-0,950","-0,925","-0,925","-0,925","-0,925","-0,925","-0,925","-0,925","-0,925","-0,925","-0,925","-0,925","-0,925","-0,925","-0,950","-0,950","-0,975","-1,000","-1,025","-1,050","-1,100","-1,125","-1,150","-1,200","-1,225","-1,250","-1,275","-1,300","-1,300","-1,300","-1,300","-1,300","-1,300","-1,300","-1,300","-1,300","-1,300","-1,300","-1,300","-1,300","-1,275","-1,250","-1,225","-1,225","-1,200","-1,175","-1,150","-1,150","-1,150","-1,150","-1,150","-1,150","-1,150","-1,175","-1,200","-1,200","-1,225","-1,225","-1,250","-1,250","-1,275","-1,275","-1,275","-1,275","-1,275","-1,300","-1,300","-1,300","-1,300","-1,325","-1,325","-1,300","-1,275","-1,225","-1,175","-1,150","-1,125","-1,125","-1,075","-1,050","-1,025"
ASTC01,7,,"-4,875","-0,100","-0,075","-0,075","-0,050","-0,050","-0,050","-0,075","-0,050","-0,050","-0,075","-0,075","-0,075","-0,075","-0,075","-0,075","-0,075","-0,075","-0,075","-0,075","-0,075","-0,075","-0,075","-0,075","-0,075","-0,075","-0,050","-0,050","-0,050","-0,050","-0,050","-0,050","-0,050","-0,050","-0,050","-0,050","-0,050","-0,050","-0,050","-0,050","-0,050","-0,050","-0,050","-0,050","-0,050","-0,050","-0,050","-0,050","-0,050","-0,050","-0,050","-0,050","-0,050","-0,050","-0,050","-0,050","-0,075","-0,075","-0,075","-0,075","-0,050","-0,050","-0,050","-0,050","-0,050","-0,050","-0,050","-0,025","-0,025",,,"-0,025","-0,025",,,"-0,025","-0,025",,,,,,,"-0,025","-0,025","-0,025","-0,025","-0,025","-0,025","-0,100","-0,100","-0,100","-0,100","-0,075","-0,025","-0,075","-0,075"
ASTRC01,8,,"-100,950","-1,600","-1,600","-1,525","-1,475","-1,525","-1,425","-1,425","-1,450","-1,400","-1,400","-1,400","-1,350","-1,400","-1,375","-1,375","-1,325","-1,375","-1,325","-1,350","-1,375","-1,350","-1,350","-1,350","-1,200","-1,250","-1,250","-1,125","-1,000","-0,825","-0,700","-0,675","-0,625","-0,675","-0,675","-0,725","-0,650","-0,725","-0,675","-0,725","-0,775","-0,750","-0,775","-0,800","-0,750","-0,825","-0,875","-0,850","-0,900","-0,900","-0,925","-0,900","-0,900","-0,925","-0,900","-0,875","-0,900","-0,850","-0,875","-0,875","-0,825","-0,825","-0,825","-0,850","-0,850","-0,800","-0,850","-0,850","-0,850","-0,850","-0,850","-0,875","-0,825","-0,825","-0,875","-0,850","-0,850","-0,875","-0,900","-0,875","-0,900","-0,850","-0,900","-0,950","-0,875","-0,950","-1,000","-1,050","-1,175","-1,375","-1,475","-1,625","-1,575","-1,550","-1,550","-1,525","-1,500"
ATEEC01,8,,"-668,825","-8,175","-7,825","-7,600","-7,075","-7,550","-7,350","-7,175","-7,050","-6,275","-7,075","-7,300","-7,225","-7,425","-7,375","-7,325","-7,225","-7,125","-6,850","-6,800","-6,800","-6,850","-6,850","-6,525","-6,500","-6,575","-6,525","-6,375","-6,125","-5,775","-5,600","-5,500","-5,500","-5,625","-5,650","-5,675","-6,000","-6,300","-6,350","-6,600","-6,675","-6,600","-6,675","-6,525","-6,575","-6,575","-6,625","-6,675","-6,725","-7,025","-6,875","-6,925","-6,950","-6,950","-7,000","-7,025","-7,050","-7,025","-7,225","-7,000","-7,000","-7,050","-7,075","-7,075","-7,250","-7,175","-7,125","-7,400","-7,450","-7,625","-7,475","-7,575","-7,725","-7,550","-8,125","-8,300","-8,500","-8,250","-8,175","-8,325","-8,450","-8,550","-8,700","-8,825","-8,550","-8,650","-8,750","-8,900","-9,175","-6,125","-6,575","-5,900","-4,350","-4,125","-4,050","-4,625","-4,100"
ATLSC01,8,,"-1708,175","-19,275","-19,275","-19,275","-19,250","-18,500","-18,525","-18,525","-18,475","-17,725","-17,750","-17,750","-17,700","-17,225","-17,200","-17,225","-17,200","-17,025","-17,000","-17,025","-16,975","-16,925","-16,900","-16,925","-16,950","-17,575","-17,550","-17,450","-17,300","-17,575","-17,625","-17,600","-17,500","-17,650","-17,650","-17,600","-17,525","-17,825","-17,800","-17,800","-17,800","-17,400","-17,375","-17,375","-17,350","-16,900","-16,875","-16,825","-16,800","-16,575","-16,575","-16,550","-16,525","-16,225","-16,275","-16,325","-16,425","-16,325","-16,250","-16,175","-16,150","-16,225","-16,225","-16,225","-16,225","-16,025","-16,050","-16,075","-16,100","-16,025","-16,075","-16,125","-16,175","-17,000","-17,025","-17,025","-17,050","-18,350","-18,325","-18,325","-18,325","-19,450","-19,475","-19,500","-19,525","-20,725","-20,725","-20,825","-21,050","-21,625","-21,425","-21,325","-21,350","-21,200","-21,150","-21,100","-21,050"
ATLSR01,8,,"-319,600","-3,350","-3,350","-3,350","-3,325","-3,350","-3,350","-3,350","-3,350","-3,350","-3,350","-3,350","-3,350","-3,350","-3,350","-3,350","-3,350","-3,350","-3,350","-3,350","-3,350","-3,350","-3,350","-3,350","-3,350","-3,375","-3,350","-3,350","-3,325","-3,350","-3,350","-3,350","-3,325","-3,325","-3,325","-3,325","-3,325","-3,325","-3,325","-3,325","-3,325","-3,325","-3,325","-3,325","-3,325","-3,325","-3,325","-3,300","-3,300","-3,300","-3,300","-3,300","-3,300","-3,300","-3,300","-3,300","-3,325","-3,325","-3,300","-3,300","-3,300","-3,300","-3,300","-3,300","-3,300","-3,300","-3,300","-3,300","-3,325","-3,325","-3,325","-3,325","-3,325","-3,325","-3,325","-3,325","-3,350","-3,325","-3,325","-3,325","-3,325","-3,325","-3,325","-3,325","-3,325","-3,325","-3,325","-3,325","-3,350","-3,350","-3,325","-3,325","-3,325","-3,350","-3,350","-3,325","-3,325"
ATPC01,8,,"-1,925","-0,025","-0,025","-0,025","-0,025","-0,025","-0,025","-0,025","-0,025","-0,025","-0,025","-0,025","-0,025","-0,025","-0,025","-0,025",,,,,,,,,,,,,,,,,,,,"-0,025","-0,025","-0,025","-0,025","-0,025","-0,025","-0,025","-0,025","-0,025","-0,025","-0,025","-0,025","-0,025","-0,025","-0,025","-0,025","-0,025","-0,025","-0,025","-0,025","-0,025","-0,025","-0,025","-0,025","-0,025","-0,025","-0,025","-0,025","-0,025","-0,025","-0,025","-0,025","-0,025","-0,025","-0,025","-0,025","-0,025","-0,025","-0,025","-0,025","-0,025","-0,025","-0,025","-0,025","-0,025","-0,025","-0,025","-0,025","-0,025","-0,025","-0,025","-0,025","-0,025","-0,025","-0,025","-0,025","-0,025","-0,025","-0,025","-0,025","-0,025","-0,025"
AUDAC01,8,,"-479,500","-5,500","-5,400","-5,300","-5,200","-5,100","-5,100","-4,900","-4,700","-4,600","-4,600","-4,500","-4,500","-4,500","-4,500","-4,400","-4,600","-4,700","-4,700","-4,700","-4,700","-4,800","-4,800","-4,800","-4,700","-4,600","-4,400","-4,400","-4,200","-4,200","-4,200","-4,100","-4,100","-4,400","-4,400","-4,500","-4,500","-4,900","-5,000","-5,000","-4,900","-5,300","-5,200","-5,400","-5,200","-5,300","-5,300","-5,400","-5,300","-5,300","-5,300","-5,300","-5,200","-5,200","-5,300","-5,300","-5,100","-5,100","-5,100","-5,100","-5,000","-5,000","-5,000","-5,000","-4,900","-4,800","-4,900","-5,000","-4,900","-4,900","-5,000","-4,900","-5,000","-4,900","-5,200","-5,200","-5,300","-5,200","-5,300","-5,300","-5,400","-5,200","-5,300","-5,300","-5,200","-5,100","-5,200","-5,400","-5,400","-5,700","-5,700","-5,700","-5,600","-5,600","-5,500","-5,400","-5,300"
AVILC01,7,,"-16,800","-0,275","-0,275","-0,275","-0,275","-0,275","-0,275","-0,275","-0,275","-0,275","-0,275","-0,275","-0,275","-0,275","-0,275","-0,275","-0,275","-0,275","-0,275","-0,275","-0,275","-0,275","-0,275","-0,275","-0,275","-0,225","-0,225","-0,225","-0,225","-0,100","-0,100","-0,100","-0,100","-0,100","-0,100","-0,100","-0,100","-0,125","-0,125","-0,125","-0,125","-0,125","-0,125","-0,125","-0,125","-0,125","-0,125","-0,125","-0,125","-0,125","-0,125","-0,125","-0,125","-0,125","-0,125","-0,125","-0,125","-0,125","-0,125","-0,125","-0,125","-0,125","-0,125","-0,125","-0,125","-0,125","-0,125","-0,125","-0,125","-0,125","-0,125","-0,125","-0,125","-0,125","-0,125","-0,125","-0,125","-0,125","-0,125","-0,125","-0,125","-0,100","-0,100","-0,100","-0,100","-0,100","-0,100","-0,100","-0,100","-0,275","-0,275","-0,275","-0,275","-0,275","-0,275","-0,275","-0,275"
AXPOR01,8,,"-2647,700","-28,075","-28,100","-28,125","-28,175","-28,225","-28,225","-28,200","-28,250","-28,250","-28,275","-28,225","-28,200","-28,200","-28,225","-28,225","-28,200","-28,250","-28,250","-28,225","-28,150","-28,125","-28,025","-27,975","-27,950","-27,900","-27,900","-27,825","-27,800","-27,775","-27,775","-27,800","-27,750","-27,675","-27,650","-27,650","-27,575","-27,575","-27,550","-27,500","-27,450","-27,350","-27,350","-27,325","-27,300","-27,325","-27,275","-27,250","-27,225","-27,275","-27,275","-27,250","-27,250","-27,225","-27,200","-27,200","-27,175","-27,150","-27,125","-27,100","-27,100","-27,100","-27,125","-27,125","-27,100","-27,075","-27,050","-27,100","-27,100","-27,150","-27,200","-27,250","-27,325","-27,325","-27,350","-27,325","-27,375","-27,325","-27,325","-27,350","-27,350","-27,375","-27,400","-27,400","-27,425","-27,425","-27,475","-27,525","-27,475","-27,500","-27,475","-27,450","-27,450","-27,475","-27,475","-27,475","-27,475"
AYLUC01,8,,"-6,000","-0,050","-0,050","-0,050","-0,050","-0,050","-0,050","-0,050","-0,050","-0,050","-0,050","-0,050","-0,050","-0,050","-0,050","-0,050","-0,050","-0,050","-0,050","-0,050","-0,050","-0,050","-0,050","-0,050","-0,050","-0,050","-0,050","-0,050","-0,050","-0,075","-0,075","-0,075","-0,075","-0,075","-0,075","-0,075","-0,075","-0,075","-0,075","-0,075","-0,075","-0,075","-0,075","-0,075","-0,075","-0,075","-0,075","-0,075","-0,075","-0,075","-0,075","-0,075","-0,075","-0,075","-0,075","-0,075","-0,075","-0,050","-0,050","-0,050","-0,050","-0,050","-0,050","-0,050","-0,050","-0,050","-0,050","-0,050","-0,050","-0,075","-0,075","-0,075","-0,075","-0,075","-0,075","-0,075","-0,075","-0,075","-0,075","-0,075","-0,075","-0,075","-0,075","-0,075","-0,075","-0,075","-0,075","-0,075","-0,075","-0,050","-0,050","-0,050","-0,050","-0,050","-0,050","-0,050","-0,050"
BACAC01,7,,"-37,025","-0,375","-0,375","-0,375","-0,375","-0,375","-0,375","-0,375","-0,375","-0,350","-0,350","-0,350","-0,350","-0,350","-0,350","-0,375","-0,375","-0,375","-0,375","-0,375","-0,350","-0,375","-0,350","-0,375","-0,375","-0,350","-0,350","-0,350","-0,350","-0,350","-0,350","-0,350","-0,350","-0,350","-0,325","-0,325","-0,325","-0,325","-0,350","-0,350","-0,350","-0,350","-0,375","-0,350","-0,350","-0,375","-0,375","-0,350","-0,400","-0,425","-0,375","-0,400","-0,425","-0,425","-0,375","-0,400","-0,425","-0,425","-0,400","-0,375","-0,425","-0,425","-0,425","-0,400","-0,375","-0,425","-0,425","-0,425","-0,425","-0,400","-0,425","-0,450","-0,450","-0,450","-0,400","-0,400","-0,425","-0,425","-0,425","-0,375","-0,425","-0,425","-0,425","-0,375","-0,425","-0,425","-0,400","-0,400","-0,425","-0,425","-0,375","-0,400","-0,425","-0,400","-0,400","-0,425","-0,400"
BAHIAB,1,,"4890,000","85,000","85,000","43,250","43,250","71,250","57,250","71,250","43,250","43,250","43,250","43,250","43,250","43,250","43,250","43,250","43,250","43,250","43,250","43,250","43,250","43,250","43,250","43,250","43,250","43,250","43,250","43,250","43,250","43,250","43,250","43,250","43,250","43,250","43,250","43,250","43,250","43,250","43,250","43,250","43,250","43,250","43,250","43,250","43,250","43,250","43,250","43,250","43,250","43,250","43,250","43,250","43,250","43,250","43,250","43,250","43,250","43,250","43,250","43,250","43,250","43,250","43,250","43,250","43,250","43,250","43,250","43,250","43,250","43,250","43,250","43,250","43,250","43,250","43,250","43,250","43,250","43,250","43,250","43,250","43,250","43,250","43,250","85,000","85,000","85,000","85,000","85,000","85,000","85,000","85,000","85,000","85,000","85,000","85,000","85,000","85,000"
BAKC01,7,,"-5,400","-0,050","-0,050","-0,050","-0,050","-0,050","-0,050","-0,050","-0,050","-0,050","-0,050","-0,050","-0,050","-0,050","-0,050","-0,050","-0,050","-0,050","-0,050","-0,050","-0,050","-0,050","-0,050","-0,050","-0,050","-0,050","-0,050","-0,050","-0,050","-0,050","-0,050","-0,050","-0,050","-0,050","-0,050","-0,050","-0,050","-0,050","-0,050","-0,050","-0,050","-0,050","-0,050","-0,050","-0,050","-0,050","-0,050","-0,050","-0,050","-0,050","-0,050","-0,050","-0,050","-0,050","-0,050","-0,050","-0,050","-0,050","-0,050","-0,050","-0,050","-0,050","-0,050","-0,050","-0,050","-0,050","-0,050","-0,050","-0,050","-0,050","-0,050","-0,075","-0,075","-0,075","-0,075","-0,075","-0,075","-0,075","-0,100","-0,100","-0,100","-0,100","-0,100","-0,100","-0,100","-0,075","-0,075","-0,075","-0,050","-0,050","-0,050","-0,050","-0,050","-0,050","-0,050","-0,050","-0,050"
BALKC01,7,,"-1,700","-0,025","-0,025","-0,025","-0,025","-0,025","-0,025","-0,025","-0,025","-0,025","-0,025","-0,025","-0,025","-0,025","-0,025","-0,025","-0,025","-0,025","-0,025","-0,025","-0,025","-0,025","-0,025","-0,025","-0,025","-0,025","-0,025","-0,025","-0,025","-0,025","-0,025","-0,025","-0,025","-0,025","-0,025","-0,025","-0,025","-0,025","-0,025","-0,025","-0,025","-0,025","-0,025","-0,025","-0,025","-0,025","-0,025","-0,025","-0,025",,,,,,,,,,,,,,,,,,,,,,,,,,,,,"-0,025","-0,025","-0,025","-0,025","-0,025","-0,025","-0,025","-0,025","-0,025","-0,025","-0,025","-0,025","-0,025","-0,025","-0,025","-0,025","-0,025","-0,025","-0,025","-0,025"
BANARES,10,,"7,500",,,,,,,,,,,,,,,,,,,,,,,,,,,,,"0,025","0,025","0,025","0,025","0,100","0,100","0,100","0,100","0,150","0,150","0,150","0,150","0,150","0,150","0,150","0,150","0,175","0,175","0,175","0,175","0,175","0,175","0,175","0,175","0,175","0,175","0,175","0,175","0,175","0,175","0,175","0,175","0,175","0,175","0,175","0,175","0,175","0,175","0,175","0,175","0,150","0,150","0,150","0,150","0,125","0,125","0,125","0,125","0,075","0,075","0,075","0,075","0,050","0,050","0,050","0,050",,,,,,,,,,,,
BATTOS,10,,"22,275",,,,,,,,,,,,,,,,,,,,,,,,,,,,,"0,025","0,025","0,050","0,075","0,100","0,125","0,175","0,200","0,250","0,300","0,325","0,375","0,400","0,450","0,475","0,500","0,525","0,550","0,575","0,575","0,600","0,600","0,625","0,625","0,625","0,625","0,625","0,650","0,650","0,650","0,650","0,650","0,650","0,650","0,625","0,625","0,600","0,600","0,575","0,550","0,500","0,475","0,450","0,400","0,350","0,325","0,275","0,225","0,200","0,150","0,125","0,100","0,075","0,050","0,025","0,025",,,,,,,,,,,,
BAYWA1,10,,"41,525",,,,,,,,,,,,,,,,,,,,,,,,,,,,,"0,050","0,150","0,275","0,450","0,700","0,975","1,300","1,250","2,050","2,450","0,850",,"3,100","2,050","0,575",,"0,250",,,,,,,,,,,,,,,,,,,,,,,,,,"1,025","2,675","3,600","3,250","2,900","2,550","2,200","1,850","1,500","1,175","0,900","0,650","0,425","0,225","0,100","0,025",,,,,,,,,,
BAYWA3,10,,"11,000",,,,,,,,,,,,,,,,,,,,,,,,,,,,,,"0,025","0,050","0,100","0,175","0,250","0,325","0,325","0,525","0,625","0,225",,"0,750","0,475","0,125",,"0,050",,,,,,,,,,,,,,,,,,,,,,,,,,"0,225","0,625","0,875","0,825","0,800","0,750","0,675","0,575","0,475","0,375","0,300","0,225","0,150","0,075","0,025",,,,,,,,,,,
BECOC01,8,,"-288,600","-4,075","-3,975","-3,875","-3,775","-3,675","-3,600","-3,500","-3,425","-3,325","-3,250","-3,175","-3,150","-3,100","-3,075","-3,025","-3,000","-2,950","-2,925","-2,900","-2,900","-2,925","-2,925","-2,900","-2,850","-2,850","-2,800","-2,700","-2,550","-2,225","-2,075","-2,000","-2,000","-2,050","-2,050","-2,050","-2,050","-2,100","-2,100","-2,075","-2,050","-1,975","-1,950","-1,900","-1,875","-1,850","-1,800","-1,775","-1,775","-1,700","-1,675","-1,700","-1,750","-1,875","-1,925","-1,975","-2,025","-2,025","-2,075","-2,100","-2,100","-2,100","-2,100","-2,150","-2,250","-2,375","-2,475","-2,575","-2,700","-2,825","-2,950","-3,050","-3,150","-3,200","-3,275","-3,450","-3,675","-4,075","-4,300","-4,475","-4,550","-4,550","-4,625","-4,700","-4,750","-4,850","-4,925","-4,950","-4,950","-4,950","-4,950","-4,875","-4,725","-4,500","-4,375","-4,250","-4,150"
BEJAR,10,,"37,925",,,,,"1,100",,"1,100",,,,,,"1,100","1,100","1,100","1,100","1,100","1,100","1,100","1,100",,,,,,,,,"0,025","0,025","0,050",,,,,,,,,,"0,500","1,100","1,100","0,700","0,725","0,750","0,750","0,750","0,750","0,725","0,700","0,700","0,700","0,750","0,775","0,800","0,825","0,825","0,800","0,800","0,800","0,800","0,775","0,775","0,775","0,775","0,775","0,750","0,725","0,700","0,675","0,625","0,575",,,,,"0,250","0,200","0,150",,,"0,050","0,025",,,,,,,"1,100",,,,,
BELIN1,10,,"308,675",,,,,,,,,,,,,,,,,,,,,,,,,,,,"0,025","0,250","0,800","1,550","2,350","3,150","4,075","5,000","4,850","2,075","2,050","2,750","7,025","7,450","7,550","7,575","7,575","7,575","7,250","7,225","7,200","7,150","7,100","7,025","6,975","6,900","6,800","6,700","6,650","6,600","6,625","6,650","6,675","6,700","6,700","6,700","6,700","6,750","6,850","6,975","7,025","7,025","6,975","6,850","6,675","6,575","6,275","5,925","5,525","5,075","4,575","4,025","3,450","2,850","2,175","1,500","0,900","0,500","0,175","0,025",,,,,,,,,
BENOC01,8,,"-46,475","-0,550","-0,525","-0,525","-0,550","-0,575","-0,550","-0,550","-0,525","-0,525","-0,550","-0,550","-0,500","-0,500","-0,500","-0,500","-0,500","-0,500","-0,500","-0,500","-0,500","-0,500","-0,525","-0,450","-0,475","-0,500","-0,475","-0,450","-0,450","-0,400","-0,450","-0,450","-0,450","-0,425","-0,425","-0,400","-0,400","-0,425","-0,400","-0,425","-0,400","-0,350","-0,350","-0,350","-0,350","-0,350","-0,350","-0,350","-0,350","-0,350","-0,350","-0,350","-0,375","-0,375","-0,350","-0,325","-0,350","-0,375","-0,400","-0,475","-0,550","-0,575","-0,625","-0,625","-0,575","-0,550","-0,550","-0,525","-0,525","-0,525","-0,550","-0,525","-0,500","-0,500","-0,550","-0,525","-0,525","-0,525","-0,550","-0,550","-0,550","-0,550","-0,550","-0,550","-0,575","-0,600","-0,500","-0,600","-0,575","-0,550","-0,575","-0,550","-0,550","-0,525","-0,500","-0,475","-0,550"
BEREBRO,1,,"24,300","0,275","0,275","0,275","0,275","0,275","0,275","0,275","0,275","0,275","0,275","0,275","0,275","0,275","0,275","0,275","0,275","0,300","0,300","0,300","0,300","0,225","0,225","0,225","0,225","0,225","0,225","0,225","0,225","0,225","0,225","0,225","0,225","0,225","0,225","0,225","0,225","0,225","0,225","0,225","0,225","0,225","0,225","0,225","0,225","0,225","0,225","0,225","0,225","0,275","0,275","0,275","0,275","0,250","0,250","0,250","0,250","0,250","0,250","0,250","0,250","0,250","0,250","0,250","0,250","0,250","0,250","0,250","0,250","0,275","0,275","0,275","0,275","0,250","0,250","0,250","0,250","0,250","0,250","0,250","0,250","0,250","0,250","0,250","0,250","0,250","0,250","0,250","0,250","0,275","0,275","0,275","0,275","0,275","0,275","0,275","0,275"
BERLC01,8,,"-6,950","-0,075","-0,075","-0,075","-0,075","-0,075","-0,075","-0,075","-0,050","-0,050","-0,050","-0,050","-0,050","-0,050","-0,050","-0,050","-0,050","-0,050","-0,050","-0,050","-0,050","-0,050","-0,050","-0,050","-0,050","-0,050","-0,050","-0,075","-0,075","-0,075","-0,075","-0,075","-0,075","-0,075","-0,075","-0,075","-0,075","-0,075","-0,075","-0,075","-0,075","-0,075","-0,075","-0,075","-0,075","-0,075","-0,075","-0,075","-0,075","-0,075","-0,075","-0,075","-0,075","-0,075","-0,075","-0,075","-0,075","-0,075","-0,075","-0,075","-0,075","-0,075","-0,075","-0,075","-0,075","-0,075","-0,075","-0,075","-0,075","-0,075","-0,075","-0,075","-0,075","-0,075","-0,075","-0,075","-0,075","-0,075","-0,100","-0,100","-0,100","-0,100","-0,100","-0,100","-0,100","-0,075","-0,100","-0,075","-0,075","-0,075","-0,100","-0,075","-0,075","-0,075","-0,075","-0,075","-0,075"
BERR1,1,,"2,400","0,025","0,025","0,025","0,025","0,025","0,025","0,025","0,025","0,025","0,025","0,025","0,025","0,025","0,025","0,025","0,025","0,025","0,025","0,025","0,025","0,025","0,025","0,025","0,025","0,025","0,025","0,025","0,025","0,025","0,025","0,025","0,025","0,025","0,025","0,025","0,025","0,025","0,025","0,025","0,025","0,025","0,025","0,025","0,025","0,025","0,025","0,025","0,025","0,025","0,025","0,025","0,025","0,025","0,025","0,025","0,025","0,025","0,025","0,025","0,025","0,025","0,025","0,025","0,025","0,025","0,025","0,025","0,025","0,025","0,025","0,025","0,025","0,025","0,025","0,025","0,025","0,025","0,025","0,025","0,025","0,025","0,025","0,025","0,025","0,025","0,025","0,025","0,025","0,025","0,025","0,025","0,025","0,025","0,025","0,025","0,025"
BERR2,1,,"2,400","0,025","0,025","0,025","0,025","0,025","0,025","0,025","0,025","0,025","0,025","0,025","0,025","0,025","0,025","0,025","0,025","0,025","0,025","0,025","0,025","0,025","0,025","0,025","0,025","0,025","0,025","0,025","0,025","0,025","0,025","0,025","0,025","0,025","0,025","0,025","0,025","0,025","0,025","0,025","0,025","0,025","0,025","0,025","0,025","0,025","0,025","0,025","0,025","0,025","0,025","0,025","0,025","0,025","0,025","0,025","0,025","0,025","0,025","0,025","0,025","0,025","0,025","0,025","0,025","0,025","0,025","0,025","0,025","0,025","0,025","0,025","0,025","0,025","0,025","0,025","0,025","0,025","0,025","0,025","0,025","0,025","0,025","0,025","0,025","0,025","0,025","0,025","0,025","0,025","0,025","0,025","0,025","0,025","0,025","0,025","0,025"
BES4,1,,"3603,325","78,900","73,000","67,100","61,200","73,000","70,050","70,050","67,100","67,100","64,150","61,200","53,800","61,200","52,350","49,750","49,400","40,550","38,000","40,550","38,550","37,600","37,600","37,600","37,925","43,500","43,500","43,900","43,500","28,750","28,750","28,750","28,750","28,750","28,750","28,750","28,750","28,750","28,750","28,750","28,750","28,750","28,750","28,750","28,750","28,750","28,750","28,750","28,750","28,750","28,750","28,750","28,750","28,750","28,750","28,750","28,750","28,750","28,750","28,750","28,750","28,750","28,750","28,750","28,750","28,750","28,750","28,750","28,750","28,750","28,750","28,750","28,750","28,750","28,750","28,750","28,750","28,750","28,750","28,750","28,750","28,750","61,200","81,850","89,400","28,750","28,750","28,750","28,750","28,750","28,750","28,750","28,750","28,750","28,750","28,750","28,750"
BES5,1,,"5077,500","80,000","80,000","80,000","80,000",,,,,,,,,,,,,,,,,,,,,,,,,,,,,,,,,"80,000","80,000","80,000","80,000","80,000","80,000","80,000","80,000","80,000","80,000","80,000","80,000","80,000","80,000","80,000","80,000","80,000","80,000","80,000","80,000","80,000","80,000","80,000","80,000","80,000","80,000","80,000","80,000","80,000","80,000","80,000","80,000","80,000","80,000","80,000","80,000","80,000","80,000","80,000","80,000","37,500","80,000","80,000","80,000","80,000","80,000","80,000","80,000","80,000","80,000","80,000","80,000","80,000","80,000","80,000","80,000","80,000","80,000","80,000","80,000"
BESC01,8,,"-2,400","-0,025","-0,025","-0,025","-0,025","-0,025","-0,025","-0,025","-0,025","-0,025","-0,025","-0,025","-0,025","-0,025","-0,025","-0,025","-0,025","-0,025","-0,025","-0,025","-0,025","-0,025","-0,025","-0,025","-0,025","-0,025","-0,025","-0,025","-0,025","-0,025","-0,025","-0,025","-0,025","-0,025","-0,025","-0,025","-0,025","-0,025","-0,025","-0,025","-0,025","-0,025","-0,025","-0,025","-0,025","-0,025","-0,025","-0,025","-0,025","-0,025","-0,025","-0,025","-0,025","-0,025","-0,025","-0,025","-0,025","-0,025","-0,025","-0,025","-0,025","-0,025","-0,025","-0,025","-0,025","-0,025","-0,025","-0,025","-0,025","-0,025","-0,025","-0,025","-0,025","-0,025","-0,025","-0,025","-0,025","-0,025","-0,025","-0,025","-0,025","-0,025","-0,025","-0,025","-0,025","-0,025","-0,025","-0,025","-0,025","-0,025","-0,025","-0,025","-0,025","-0,025","-0,025","-0,025","-0,025"
BESTC01,8,,"-7,300","-0,075","-0,075","-0,075","-0,075","-0,075","-0,075","-0,075","-0,075","-0,075","-0,075","-0,075","-0,075","-0,050","-0,050","-0,050","-0,050","-0,050","-0,050","-0,050","-0,050","-0,050","-0,050","-0,050","-0,050","-0,050","-0,050","-0,050","-0,050","-0,050","-0,050","-0,050","-0,050","-0,050","-0,050","-0,050","-0,050","-0,075","-0,075","-0,075","-0,075","-0,075","-0,075","-0,075","-0,075","-0,100","-0,100","-0,100","-0,100","-0,100","-0,100","-0,100","-0,100","-0,100","-0,100","-0,100","-0,100","-0,100","-0,100","-0,100","-0,100","-0,075","-0,075","-0,075","-0,075","-0,075","-0,075","-0,075","-0,075","-0,075","-0,075","-0,075","-0,075","-0,075","-0,075","-0,075","-0,075","-0,075","-0,075","-0,075","-0,075","-0,100","-0,100","-0,100","-0,100","-0,100","-0,100","-0,100","-0,100","-0,100","-0,100","-0,100","-0,100","-0,075","-0,075","-0,075","-0,075"
BEYOC01,8,,"-110,300","-1,350","-1,300","-1,275","-1,225","-1,200","-1,175","-1,150","-1,125","-1,150","-1,125","-1,125","-1,100","-1,075","-1,075","-1,050","-1,050","-1,050","-1,050","-1,025","-1,025","-1,025","-1,025","-1,025","-1,025","-1,000","-1,025","-0,975","-0,950","-0,950","-0,950","-0,925","-0,950","-0,925","-0,950","-0,975","-0,950","-1,000","-1,000","-1,025","-1,025","-1,025","-1,025","-1,050","-1,075","-1,075","-1,075","-1,075","-1,075","-1,125","-1,150","-1,150","-1,150","-1,175","-1,175","-1,175","-1,175","-1,175","-1,200","-1,175","-1,175","-1,175","-1,175","-1,175","-1,150","-1,150","-1,125","-1,150","-1,150","-1,125","-1,150","-1,175","-1,150","-1,175","-1,200","-1,225","-1,250","-1,275","-1,300","-1,325","-1,325","-1,350","-1,375","-1,400","-1,375","-1,375","-1,375","-1,375","-1,375","-1,400","-1,400","-1,375","-1,350","-1,300","-1,275","-1,225","-1,200"
BIOC01,7,,"-11,750","-0,150","-0,150","-0,150","-0,150","-0,150","-0,150","-0,150","-0,175","-0,175","-0,175","-0,175","-0,175","-0,175","-0,175","-0,175","-0,175","-0,175","-0,175","-0,175","-0,175","-0,175","-0,175","-0,175","-0,200","-0,200","-0,175","-0,175","-0,175","-0,175","-0,175","-0,125","-0,125","-0,125","-0,125","-0,150","-0,125","-0,125","-0,100","-0,100","-0,100","-0,075","-0,075","-0,050","-0,025","-0,025","-0,025","-0,050","-0,025","-0,025","-0,025","-0,025","-0,025","-0,025","-0,025","-0,025","-0,025","-0,025","-0,025","-0,025","-0,025","-0,025","-0,025","-0,025","-0,025","-0,050","-0,050","-0,050","-0,125","-0,075","-0,075","-0,075","-0,125","-0,150","-0,150","-0,150","-0,150","-0,150","-0,150","-0,175","-0,175","-0,175","-0,175","-0,175","-0,175","-0,175","-0,175","-0,175","-0,175","-0,175","-0,175","-0,175","-0,175","-0,175","-0,175","-0,175","-0,175"
BIROC01,8,,"-992,950","-8,825","-8,475","-8,225","-7,800","-8,700","-8,450","-8,250","-8,100","-8,100","-8,650","-9,375","-9,200","-9,725","-9,625","-9,550","-9,450","-9,425","-8,800","-8,750","-8,725","-8,675","-8,625","-7,850","-7,825","-7,900","-7,850","-7,775","-7,600","-7,450","-7,425","-7,425","-8,150","-7,775","-7,925","-8,050","-9,025","-9,825","-10,025","-10,500","-10,525","-10,850","-11,125","-10,700","-10,875","-11,175","-11,400","-11,525","-11,725","-13,325","-12,525","-12,650","-12,800","-12,850","-13,025","-13,150","-13,225","-13,150","-13,900","-13,025","-12,800","-12,875","-12,625","-12,500","-13,125","-12,875","-12,725","-13,375","-13,400","-13,750","-12,975","-13,200","-13,275","-12,350","-13,775","-13,875","-14,125","-12,900","-11,825","-11,975","-12,050","-12,925","-12,325","-12,400","-11,550","-11,225","-11,325","-11,425","-11,625","-7,275","-7,575","-7,000","-5,525","-5,150","-5,025","-5,600","-5,225"
BIRSPRA,2,,"9,400","0,100","0,100","0,100","0,100","0,100","0,100","0,100","0,100","0,100","0,100","0,100","0,100","0,100","0,100","0,100","0,100","0,100","0,100","0,100","0,100","0,100","0,100","0,100","0,100","0,100","0,100","0,100","0,100","0,100","0,100","0,100","0,100","0,100","0,100","0,100","0,100","0,100","0,100","0,100","0,100","0,100","0,100","0,100","0,100","0,100","0,100","0,100","0,100","0,100","0,100","0,100","0,100","0,100","0,100","0,100","0,100","0,100","0,100","0,100","0,100","0,100","0,100","0,100","0,100","0,100","0,100","0,100","0,100","0,100","0,100","0,100","0,100","0,100","0,100","0,100","0,100","0,100","0,100","0,100","0,100","0,100","0,100","0,100","0,100","0,075","0,075","0,075","0,075","0,075","0,075","0,075","0,075","0,100","0,100","0,100","0,100"
BLAGAR,10,,"7,050","0,150","0,150","0,150","0,150","0,150","0,150","0,150","0,150","0,150","0,150","0,150","0,150","0,150","0,150","0,150","0,150","0,150","0,150","0,150","0,150","0,150","0,150","0,150","0,150","0,150","0,150","0,150","0,150",,,,,,,,,,,,,,,,,,,,,,,,,,,,,,,,,,,,,,,,,,,,,,,,,,"0,150","0,150","0,150","0,150","0,150","0,150","0,150","0,150","0,150","0,150","0,150","0,150","0,150","0,150","0,150","0,150","0,150","0,150","0,150"
BLANC,10,,"36,050",,,,,,,,,,,,,,,,,,,,,,,,,,,,,,"0,025","0,025","0,050","0,075","0,125","0,150","0,225","0,300","0,350","0,450","0,475","0,575","0,625","0,700","0,750","0,825","0,875","0,950","0,975","0,975","1,025","1,075","1,100","1,100","1,125","1,150","1,150","1,150","1,150","1,125","1,125","1,125","1,100","1,100","1,050","1,000","0,975","0,950","0,925","0,875","0,825","0,725","0,650","0,600","0,500","0,425","0,350","0,300","0,275","0,175","0,150","0,100","0,050","0,025","0,025",,,,,,,,,,,,
BNPRC01,8,,"-745,900","-8,050","-8,475","-8,200","-7,950","-5,850","-5,675","-6,650","-6,025","-5,950","-6,525","-5,750","-6,650","-6,200","-5,450","-5,400","-5,325","-6,275","-6,200","-5,250","-5,200","-5,200","-5,175","-5,175","-5,175","-5,225","-5,200","-5,150","-5,050","-5,950","-5,950","-9,525","-9,575","-5,650","-9,500","-9,175","-8,750","-7,900","-7,325","-6,925","-6,650","-6,450","-6,175","-5,850","-5,575","-5,325","-5,025","-4,600","-4,175","-3,425","-2,975","-2,825","-3,100","-3,850","-4,125","-4,375","-4,450","-4,275","-4,125","-4,025","-4,025","-3,625","-3,600","-4,100","-5,075","-6,600","-7,575","-8,475","-9,375","-10,175","-11,100","-12,050","-13,050","-14,050","-14,925","-15,725","-16,575","-17,875","-18,350","-18,850","-19,325","-19,925","-18,950","-19,275","-12,150","-9,800","-9,875","-9,875","-8,325","-7,150","-6,900","-6,625","-6,325","-5,950","-8,450","-8,050","-7,775"
BNPRV01,2,,"6,400",,,,,,,,,,,,,,,,,,,,,,,,,"0,025","0,025","0,025","0,025","0,025","0,025","0,025","0,025","0,050","0,050","0,050","0,050","0,075","0,075","0,075","0,075","0,125","0,125","0,125","0,125","0,175","0,175","0,175","0,175","0,200","0,200","0,200","0,200","0,200","0,200","0,200","0,200","0,175","0,175","0,175","0,175","0,175","0,175","0,175","0,175","0,150","0,150","0,150","0,150","0,100","0,100","0,100","0,100","0,050","0,050","0,050","0,050","0,025","0,025","0,025","0,025","0,025","0,025","0,025","0,025","0,025","0,025","0,025","0,025",,,,,,,,
BOAEC01,8,,"-0,675","-0,025",,,,,"-0,025",,,,,"-0,025",,,,,"-0,025","-0,025",,,,,"-0,025",,,,,"-0,025",,,,,"-0,025","-0,025",,,,,"-0,025",,,,"-0,025",,,,,,"-0,025",,"-0,025",,,,,"-0,025",,"-0,025",,,,"-0,025",,,"-0,025",,"-0,025",,"-0,025",,"-0,025",,,"-0,025",,"-0,025",,,"-0,025",,,"-0,025",,,,,"-0,025",,,,,"-0,025",,"-0,025",,,
BPC01,8,,"-102,375","-0,850","-0,850","-0,850","-0,850","-0,850","-0,850","-0,850","-0,825","-0,825","-0,825","-0,825","-0,825","-0,825","-0,825","-0,825","-0,825","-0,825","-0,825","-0,825","-0,825","-0,825","-0,825","-0,850","-0,875","-0,950","-0,975","-1,000","-1,000","-1,000","-1,000","-1,000","-1,025","-1,050","-1,075","-1,075","-1,100","-1,125","-1,150","-1,150","-1,175","-1,200","-1,225","-1,225","-1,250","-1,275","-1,300","-1,300","-1,300","-1,300","-1,325","-1,300","-1,300","-1,275","-1,275","-1,250","-1,225","-1,200","-1,175","-1,175","-1,150","-1,125","-1,125","-1,100","-1,125","-1,125","-1,125","-1,125","-1,150","-1,175","-1,175","-1,200","-1,200","-1,200","-1,225","-1,225","-1,225","-1,225","-1,225","-1,225","-1,225","-1,225","-1,225","-1,200","-1,200","-1,175","-1,150","-1,125","-1,100","-1,025","-1,000","-0,975","-0,950","-0,925","-0,900","-0,875","-0,875"
BREFEN,10,,"23,200","0,250","0,250","0,225","0,200","0,500","0,475","0,450","0,475","0,450","0,375","0,350","0,325","0,375","0,300","0,350","0,350","0,050","0,050","0,025","0,025","0,025","0,025","0,050","0,050","0,050","0,050","0,050","0,050","0,050","0,050","0,050","0,075","0,075","0,075","0,100","0,100","0,100","0,125","0,125","0,125","0,150","0,125","0,125","0,125","0,100","0,100","0,100","0,100","0,500","0,475","0,475","0,475","0,450","0,425","0,425","0,400","0,375","0,375","0,375","0,375","0,350","0,350","0,350","0,350","0,350","0,350","0,350","0,350","0,025","0,025","0,025","0,025","0,025","0,025","0,025","0,025","0,350","0,050","0,050","0,050","0,050","0,375","0,375","0,300","0,375","0,400","0,400","0,425","0,375","0,375","0,400","0,425","0,500","0,500","0,550","0,575"
BREIC01,8,,"-40,675","-0,425","-0,450","-0,425","-0,400","-0,400","-0,400","-0,400","-0,375","-0,375","-0,375","-0,375","-0,350","-0,350","-0,350","-0,350","-0,350","-0,350","-0,350","-0,350","-0,350","-0,350","-0,350","-0,350","-0,350","-0,350","-0,375","-0,375","-0,350","-0,350","-0,350","-0,350","-0,350","-0,350","-0,350","-0,375","-0,350","-0,375","-0,400","-0,400","-0,400","-0,425","-0,425","-0,425","-0,425","-0,450","-0,450","-0,450","-0,450","-0,450","-0,450","-0,450","-0,450","-0,450","-0,450","-0,475","-0,475","-0,475","-0,475","-0,475","-0,450","-0,450","-0,450","-0,450","-0,450","-0,425","-0,425","-0,425","-0,425","-0,425","-0,425","-0,425","-0,425","-0,425","-0,450","-0,450","-0,450","-0,475","-0,500","-0,500","-0,500","-0,500","-0,500","-0,500","-0,500","-0,500","-0,500","-0,500","-0,525","-0,525","-0,525","-0,525","-0,500","-0,475","-0,450","-0,450","-0,425"
BRR1X,11,,"-118,000","-0,750","-0,750","-0,750","-0,750","-1,250","-1,250","-1,250","-1,250","-1,250","-1,250","-1,250","-1,250","-1,250","-1,250","-1,250","-1,250","-1,250","-1,250","-1,250","-1,250","-1,250","-1,250","-1,250","-1,250","-1,250","-1,250","-1,250","-1,250","-1,250","-1,250","-1,250","-1,250","-1,250","-1,250","-1,250","-1,250","-1,250","-1,250","-1,250","-1,250","-1,250","-1,250","-1,250","-1,250","-1,250","-1,250","-1,250","-1,250","-1,250","-1,250","-1,250","-1,250","-1,250","-1,250","-1,250","-1,250","-1,250","-1,250","-1,250","-1,250","-1,250","-1,250","-1,250","-1,250","-1,250","-1,250","-1,250","-1,250","-1,250","-1,250","-1,250","-1,250","-1,250","-1,250","-1,250","-1,250","-1,250","-1,250","-1,250","-1,250","-1,250","-1,250","-1,250","-1,250","-1,250","-1,250","-1,250","-1,250","-1,250","-1,250","-1,250","-1,250","-1,250","-1,250","-1,250","-1,250"
BRUC,10,,"379,025",,,,,,,,,,,,,,,,,,,,,,,,,,,,,,"0,125","0,400","0,850","1,450","2,225","3,125","3,350","1,575","1,725","6,175","4,500","7,925","8,400","8,775","9,000","9,000","8,500","8,750","8,750","9,450","9,525","9,600","9,625","9,675","9,750","9,775","9,825","9,825","9,825","9,800","9,750","9,725","9,650","9,575","9,525","9,475","9,425","9,375","9,325","9,225","9,100","8,950","8,725","7,500","7,250","6,250","6,000","5,000","5,000","5,000","4,175","3,400","2,575","1,775","1,100","0,600","0,250","0,050",,,,,,,,,
BSGEC01,8,,"-18,075",,"-0,275","-0,275","-0,275","-0,275","-0,300","-0,300","-0,300","-0,300","-0,200","-0,200","-0,200","-0,200","-0,200","-0,200","-0,200","-0,200","-0,200","-0,175","-0,200","-0,175","-0,200","-0,175","-0,200","-0,175","-0,175","-0,175","-0,175","-0,200","-0,175","-0,200","-0,200","-0,175","-0,175","-0,175","-0,175","-0,175","-0,150","-0,150","-0,150","-0,150","-0,125","-0,125","-0,125","-0,125","-0,125","-0,125","-0,125","-0,125","-0,125","-0,125","-0,225","-0,225","-0,225","-0,225","-0,225","-0,225","-0,225","-0,225","-0,225","-0,225","-0,225","-0,225","-0,225","-0,200","-0,225","-0,225","-0,225","-0,200","-0,225","-0,200","-0,225","-0,225","-0,225","-0,225","-0,225","-0,225","-0,225","-0,225","-0,225","-0,225","-0,225","-0,225","-0,250","-0,175","-0,150","-0,150","-0,150","-0,175","-0,175","-0,150","-0,150",,,,
BSOUP01,10,,"68,800",,,,,,,,,,,,,,,,,,,,,,,,,,,,,,"0,025","0,075","0,150","0,250","0,400","0,575","0,775","1,000","1,200","1,375","1,500","1,550","1,625","1,650","1,700","1,650","1,650","1,650","1,650","1,600","1,550","1,575","1,550","1,550","1,550","1,575","1,550","1,525","1,525","1,550","1,525","1,500","1,500","1,525","1,475","1,500","1,500","1,475","1,475","1,550","1,475","1,425","1,450","1,475","1,450","1,400","1,375","1,300","1,150","0,975","0,825","0,650","0,475","0,350","0,200","0,125","0,075","0,050",,,,,,,,,
BTRR1,10,,"322,625",,,,,,,,,,,,,,,,,,,,,,,,,,"0,050","0,100","0,200","0,450","0,875","1,425","2,050","2,800","3,575","4,300","5,025","5,675","6,200","6,575","6,800","6,900","6,975","7,025","7,075","7,125","7,150","7,150","7,175","7,150","7,150","7,150","7,125","7,125","7,100","7,100","7,075","7,050","7,050","7,050","7,050","7,050","7,050","7,050","7,025","7,000","6,975","6,950","6,900","6,850","6,775","6,675","6,550","6,400","6,225","5,975","5,675","5,325","4,875","4,325","3,700","2,975","2,300","1,700","1,175","0,725","0,375","0,150","0,025",,,,,,,,
BTRR2,10,,"306,625",,,,,,,,,,,,,,,,,,,,,,,,,,"0,025","0,075","0,150","0,250","0,450","0,775","1,225","1,800","2,450","3,175","3,975","4,800","5,500","6,050","6,425","6,675","6,850","6,975","7,050","7,075","7,075","7,075","7,075","7,100","7,075","7,075","7,075","7,050","7,050","7,000","6,975","6,925","6,900","6,900","6,925","6,975","7,025","7,050","7,050","7,000","6,950","6,875","6,750","6,600","6,450","6,325","6,175","6,025","5,800","5,525","5,150","4,700","4,250","3,775","3,275","2,800","2,300","1,800","1,325","0,875","0,500","0,225","0,050",,,,,,,,
BTRR3,10,,"310,675",,,,,,,,,,,,,,,,,,,,,,,,,,,,,"0,075","0,250","0,500","1,150","1,850","2,500","3,225","3,750","4,675","5,025","5,425","6,300","6,475","6,700","6,900","6,800","7,025","7,100","7,125","7,100","7,000","7,000","7,000","7,050","7,050","7,025","7,025","7,000","6,950","6,725","6,900","6,975","6,950","6,900","6,875","6,900","6,725","6,800","6,825","6,850","7,025","6,925","6,950","6,825","6,725","6,725","6,450","6,300","5,375","5,300","4,450","3,700","3,200","2,175","1,600","1,225","0,750","0,325","0,175",,,,,,,,,
BYDETIC,2,,"13,275","0,225","0,225","0,225","0,225","0,225","0,225","0,225","0,225","0,225","0,225","0,225","0,225","0,225","0,225","0,225","0,225","0,225","0,225","0,225","0,225","0,225","0,225","0,225","0,225","0,225","0,225","0,225","0,225","0,225","0,225","0,225","0,225","0,225","0,225","0,225","0,175","0,125","0,125","0,025",,"0,100","0,050","0,025","0,025","0,025",,,"0,025",,,,,,,,,,,,,,,,,,,,,,,"0,025","0,075","0,125","0,125","0,125","0,125","0,125","0,125","0,125","0,125","0,225","0,225","0,225","0,225","0,225","0,225","0,225","0,225","0,225","0,225","0,225","0,225","0,225","0,225","0,225","0,225"
BYENC01,8,,"-169,900","-1,900","-1,800","-1,800","-1,800","-1,700","-1,700","-1,700","-1,700","-1,600","-1,600","-1,600","-1,600","-1,600","-1,600","-1,500","-1,500","-1,500","-1,500","-1,500","-1,500","-1,600","-1,500","-1,500","-1,500","-1,500","-1,500","-1,400","-1,400","-1,400","-1,400","-1,400","-1,400","-1,500","-1,400","-1,500","-1,500","-1,600","-1,600","-1,600","-1,600","-1,700","-1,700","-1,800","-1,800","-1,800","-1,800","-1,900","-1,800","-1,900","-1,900","-1,900","-1,900","-1,900","-2,000","-2,000","-2,000","-2,100","-2,100","-2,100","-2,100","-2,000","-2,000","-2,000","-2,000","-1,900","-1,900","-1,900","-1,900","-1,900","-1,800","-1,800","-1,900","-1,800","-1,900","-1,900","-1,900","-2,000","-2,000","-1,900","-1,900","-2,000","-2,000","-2,000","-1,900","-1,900","-1,900","-1,900","-2,000","-2,000","-2,000","-2,000","-2,000","-1,900","-1,800","-1,800","-1,800"
CADLC01,8,,"-272,125",,,,,,,,,,,,,,,,,,,,,,,,,,,,,,,,,,,,,,,,,"-6,250","-6,350","-6,475","-6,600","-6,850","-6,975","-7,125","-7,300","-7,525","-7,700","-7,850","-7,950","-8,050","-8,175","-8,250","-8,300","-8,275","-8,275","-8,250","-8,225","-8,275","-8,225","-8,150","-8,000","-7,900","-7,750","-7,650","-7,650","-7,325","-7,325","-7,275","-7,300","-7,150","-7,150","-7,075","-7,175",,,,,,,,,,,,,,,,,,,,
CALEC01,7,,"-65,700","-0,675","-0,675","-0,675","-0,675","-0,675","-0,675","-0,675","-0,675","-0,675","-0,675","-0,675","-0,675","-0,675","-0,675","-0,675","-0,675","-0,675","-0,675","-0,675","-0,675","-0,625","-0,625","-0,625","-0,625","-0,625","-0,625","-0,625","-0,625","-0,725","-0,725","-0,725","-0,725","-0,725","-0,725","-0,725","-0,725","-0,725","-0,725","-0,725","-0,725","-0,575","-0,575","-0,575","-0,575","-0,700","-0,700","-0,700","-0,700","-0,700","-0,700","-0,700","-0,700","-0,650","-0,650","-0,650","-0,650","-0,650","-0,650","-0,650","-0,650","-0,675","-0,675","-0,675","-0,675","-0,700","-0,700","-0,700","-0,700","-0,700","-0,700","-0,700","-0,700","-0,700","-0,700","-0,700","-0,700","-0,700","-0,700","-0,700","-0,700","-0,725","-0,725","-0,725","-0,725","-0,700","-0,700","-0,700","-0,700","-0,725","-0,725","-0,725","-0,725","-0,725","-0,725","-0,725","-0,725"
CAMCC01,8,,"-1,100","-0,025","-0,025","-0,025","-0,025",,,,,,,,,,,,,,,,,,,,,,,,,,,,,,,,,"-0,025","-0,025","-0,025","-0,025","-0,025","-0,025","-0,025","-0,025","-0,025","-0,025","-0,025","-0,025","-0,025","-0,025","-0,025","-0,025","-0,025","-0,025","-0,025","-0,025","-0,025","-0,025","-0,025","-0,025",,,,,,,,,,,,,,,,,,,,,"-0,025","-0,025","-0,025","-0,025","-0,025","-0,025","-0,025","-0,025","-0,025","-0,025","-0,025","-0,025","-0,025","-0,025","-0,025","-0,025"
CAMGI10,1,,"606,800",,,,,,,,,,,,,,,,,,,,,,,,,,,,,,,,,,,,,,,,,,,,,,,,,,,,,,,,,,,,,,,,,,,,,,,,,,,,,,,,,"37,925","37,925","37,925","37,925","37,925","37,925","37,925","37,925","37,925","37,925","37,925","37,925","37,925","37,925","37,925","37,925"
CANTI44,10,,"48,900",,,,,,,,,,,,,,,,,,,,,,,,,,,,,,"0,025","0,075","0,150","0,250","0,350","0,475","0,600","0,725","0,825","0,925","0,975","1,025","1,075","1,100","1,000","1,000","1,000","1,000","1,000","1,150","1,150","1,150","1,175","1,175","1,175","1,175","1,175","1,175","1,175","1,175","1,175","1,175","1,175","1,175","1,175","1,175","1,175","1,150","1,150","1,150","1,125","1,125","1,100","1,000","1,000","0,750","0,750","0,750","0,750","0,650","0,550","0,425","0,300","0,225","0,150","0,075","0,050","0,025",,,,,,,,,
CANXC01,7,,"-91,450","-1,175","-1,200","-1,200","-1,175","-1,150","-1,125","-1,150","-1,150","-1,150","-1,100","-0,950","-0,950","-0,950","-0,975","-1,000","-1,000","-0,975","-0,950","-0,950","-0,950","-0,950","-1,000","-0,975","-1,000","-0,950","-0,975","-1,000","-1,025","-1,050","-1,000","-1,025","-1,025","-1,025","-1,025","-1,025","-1,025","-1,000","-0,950","-0,975","-0,950","-0,925","-0,900","-0,900","-0,925","-0,900","-0,875","-0,850","-0,825","-0,800","-0,800","-0,825","-0,800","-0,750","-0,700","-0,750","-0,750","-0,750","-0,750","-0,775","-0,800","-0,800","-0,800","-0,775","-0,775","-0,750","-0,825","-0,850","-0,950","-0,825","-0,900","-0,875","-0,875","-0,850","-0,925","-1,000","-1,000","-1,000","-1,000","-0,975","-1,000","-1,025","-1,050","-1,025","-1,000","-1,025","-0,975","-0,975","-0,975","-0,975","-0,975","-1,025","-1,025","-1,025","-1,025","-1,025","-1,050"
CARRA,2,,"27,875",,,,,"0,775",,"0,775",,,,,,"0,775","0,775","0,775","0,775","0,775","0,775","0,775","0,775",,,,,,,,,,"0,025","0,025",,,,,,,,,,"0,350","0,775","0,425","0,475","0,500","0,550","0,575","0,600","0,600","0,625","0,625","0,625","0,650","0,625","0,625","0,625","0,625","0,625","0,625","0,600","0,600","0,600","0,575","0,575","0,550","0,525","0,500","0,475","0,450","0,425","0,400","0,350","0,325",,,,,"0,150","0,125","0,100",,,"0,025","0,025","0,025",,,"0,775",,,"0,775",,,,,
CASAC01,7,,"-0,950","-0,025",,"-0,025",,"-0,025",,"-0,025",,"-0,025",,"-0,025",,"-0,025",,"-0,025",,"-0,025",,"-0,025",,"-0,025",,"-0,025",,"-0,025",,"-0,025",,"-0,025",,"-0,025",,"-0,025",,"-0,025",,"-0,025",,"-0,025",,"-0,025",,"-0,025",,"-0,025",,"-0,025",,"-0,025",,"-0,025",,"-0,025",,,,"-0,025",,,,,,,,"-0,025",,,,,,,,"-0,025",,,,,,,,"-0,025",,"-0,025",,"-0,025",,"-0,025",,"-0,025",,"-0,025",,"-0,025",,"-0,025",
CASAI,10,,"25,550",,,,,,,,,,,,,,,,,,,,,,,,,,,,"0,075","0,175","0,225","0,325","0,550","0,975","1,600","2,375",,,,,,,,,,,,,,,,,,,,,,,,,,,,,,,,,,,,,,,,,"4,275","3,750","3,100","2,450","1,850","1,375","0,975","0,675","0,425","0,250","0,100","0,025",,,,,,,,,
CASAII,10,,"19,200",,,,,,,,,,,,,,,,,,,,,,,,,,,,"0,075","0,150","0,175","0,250","0,425","0,800","1,350","2,025",,,,,,,,,,,,,,,,,,,,,,,,,,,,,,,,,,,,,,,,,"3,325","2,800","2,250","1,675","1,175","0,825","0,625","0,500","0,375","0,250","0,125","0,025",,,,,,,,,
CASAIII,10,,"58,425",,,,,,,,,,,,,,,,,,,,,,,,,,,"0,025","0,225","0,600","1,200","1,925","2,625","3,250","3,825","4,350",,"5,225",,,,,,,,,,,,,,,,,,,,,,,,,,,,,,,,,,,,,,"4,850","4,625","4,350","4,075","3,775","3,425","3,000","2,450","1,875","1,350","0,875","0,425","0,100",,,,,,,,,
CASAIV,10,,"44,200",,,,,,,,,,,,,,,,,,,,,,,,,,,,"0,100","0,300","0,650","1,075","1,575","2,100","2,700","3,350",,"4,450",,,,,,,,,,,,,,,,,,,,,,,,,,,,,,,,,,,,,,"4,475","4,250","3,900","3,475","2,975","2,500","2,050","1,600","1,150","0,775","0,475","0,225","0,050",,,,,,,,,
CASAIX,10,,"23,025",,,,,,,,,,,,,,,,,,,,,,,,,,,,"0,075","0,225","0,400","0,625","0,875","1,150","1,500","1,850",,,,,,,,,,,,,,,,,,,,,,,,,,,,,,,,,,,,,,,,,"3,225","2,875","2,475","2,075","1,700","1,350","1,025","0,725","0,450","0,275","0,125","0,025",,,,,,,,,
CASAV,10,,"13,175",,,,,,,,,,,,,,,,,,,,,,,,,,,,"0,050","0,100","0,225","0,350","0,500","0,650","0,850","1,025",,"1,325",,,,,,,,,,,,,,,,,,,,,,,,,,,,,,,,,,,,,,"1,225","1,175","1,100","0,975","0,875","0,750","0,625","0,500","0,375","0,250","0,150","0,075","0,025",,,,,,,,,
CASAVI,10,,"28,475",,,,,,,,,,,,,,,,,,,,,,,,,,,,"0,075","0,175","0,250","0,350","0,600","1,100","1,800","2,650",,,,,,,,,,,,,,,,,,,,,,,,,,,,,,,,,,,,,,,,,"4,775","4,175","3,475","2,725","2,050","1,525","1,100","0,750","0,475","0,275","0,125","0,025",,,,,,,,,
CASAVII,10,,"31,150",,,,,,,,,,,,,,,,,,,,,,,,,,,,"0,125","0,300","0,550","0,850","1,200","1,575","2,050","2,525",,,,,,,,,,,,,,,,,,,,,,,,,,,,,,,,,,,,,,,,,"4,375","3,875","3,350","2,800","2,275","1,800","1,375","0,975","0,625","0,350","0,150","0,025",,,,,,,,,
CASMON,10,,"4,100",,,,,,,,,,,,,,,,,,,,,,,,,,,,,"0,025","0,075","0,125","0,175","0,250","0,350","0,450",,,,,,,,,,,,,,,,,,,,,,,,,,,,,,,,,,,,,,,,,"0,400","0,325","0,250","0,275","0,400","0,300","0,250","0,175","0,125","0,075","0,050","0,025",,,,,,,,,
CATGC01,8,,"-120,675","-0,775","-0,850","-0,850","-0,825","-0,575","-0,550","-0,675","-0,600","-0,575","-0,625","-0,550","-0,650","-0,575","-0,525","-0,525","-0,525","-0,650","-0,600","-0,500","-0,500","-0,475","-0,475","-0,475","-0,475","-0,475","-0,475","-0,475","-0,475","-0,550","-0,600","-0,925","-0,950","-0,650","-1,100","-1,125","-1,200","-1,300","-1,350","-1,450","-1,475","-1,525","-1,575","-1,650","-1,650","-1,700","-1,725","-1,725","-1,750","-1,750","-1,800","-1,800","-1,875","-1,950","-1,975","-2,025","-2,025","-2,025","-2,025","-2,025","-2,025","-1,950","-1,950","-1,950","-1,950","-1,950","-1,950","-1,950","-1,950","-1,950","-1,950","-1,950","-1,950","-1,950","-1,950","-1,950","-1,950","-1,900","-1,900","-1,900","-1,900","-1,900","-1,825","-1,825","-1,150","-0,950","-0,950","-0,950","-0,825","-0,700","-0,700","-0,675","-0,650","-0,625","-0,900","-0,850","-0,825"
CATRAL1,10,,"1,175",,,,,,,,,,,,,,,,,,,,,,,,,,,,,,,,"0,025","0,025","0,025","0,050",,"0,075",,,,,,,,,,,,,,,,,,,,,,,,,,,,,,,,,,,,"0,025","0,175","0,175","0,150","0,125","0,100","0,075","0,050","0,025","0,025","0,025","0,025",,,,,,,,,,,,
CATRAL2,2,,"4,000",,,,,,,,,,,,,,,,,,,,,,,,,,,,,,,,"0,025","0,025","0,025","0,025","0,050","0,050","0,050","0,075","0,075","0,075","0,075","0,075","0,100","0,100","0,100","0,100","0,100","0,100","0,125","0,125","0,125","0,125","0,125","0,125","0,125","0,125","0,125","0,125","0,125","0,125","0,100","0,100","0,100","0,100","0,100","0,100","0,075","0,075","0,075","0,075","0,075","0,050","0,050","0,050","0,050","0,025","0,025","0,025","0,025",,,,,,,,,,,,,,,,
CATRC01,8,,"-12,825","-0,150","-0,150","-0,150","-0,125","-0,125","-0,125","-0,125","-0,150","-0,125","-0,125","-0,125","-0,150","-0,125","-0,100","-0,125","-0,125","-0,125","-0,125","-0,100","-0,100","-0,100","-0,100","-0,100","-0,100","-0,100","-0,100","-0,125","-0,125","-0,100","-0,100","-0,100","-0,100","-0,100","-0,100","-0,100","-0,100","-0,100","-0,100","-0,100","-0,125","-0,100","-0,125","-0,125","-0,125","-0,125","-0,125","-0,100","-0,125","-0,125","-0,100","-0,125","-0,125","-0,150","-0,125","-0,150","-0,150","-0,150","-0,150","-0,150","-0,150","-0,150","-0,150","-0,150","-0,150","-0,150","-0,150","-0,150","-0,150","-0,150","-0,150","-0,150","-0,150","-0,150","-0,150","-0,150","-0,150","-0,150","-0,150","-0,150","-0,175","-0,150","-0,150","-0,175","-0,175","-0,150","-0,150","-0,150","-0,150","-0,175","-0,175","-0,175","-0,175","-0,150","-0,175","-0,150","-0,150"
CCASC01,8,,"-25,800","-0,600","-0,600","-0,600","-0,600","-0,550","-0,550","-0,550","-0,550","-0,525","-0,525","-0,525","-0,525","-0,475","-0,475","-0,475","-0,475","-0,450","-0,450","-0,450","-0,450","-0,450","-0,450","-0,450","-0,450","-0,425","-0,425","-0,425","-0,425","-0,300","-0,300","-0,300","-0,300",,,,,,,,,,,,,,,,,,,,,,,,,,,,,,,,,,,,,,,,,,,,,,,,,"-0,500","-0,500","-0,500","-0,500","-0,775","-0,775","-0,775","-0,775","-0,750","-0,750","-0,750","-0,750","-0,650","-0,650","-0,650","-0,650"
CCATC01,8,,"-19,400","-0,200","-0,200","-0,200","-0,200","-0,200","-0,200","-0,200","-0,175","-0,175","-0,175","-0,175","-0,150","-0,175","-0,175","-0,150","-0,150","-0,150","-0,150","-0,150","-0,150","-0,150","-0,150","-0,150","-0,150","-0,150","-0,150","-0,125","-0,125","-0,125","-0,125","-0,125","-0,125","-0,125","-0,125","-0,150","-0,150","-0,150","-0,150","-0,150","-0,150","-0,175","-0,175","-0,175","-0,175","-0,175","-0,175","-0,200","-0,200","-0,200","-0,225","-0,225","-0,225","-0,225","-0,250","-0,250","-0,250","-0,250","-0,250","-0,250","-0,250","-0,250","-0,250","-0,250","-0,250","-0,250","-0,250","-0,250","-0,250","-0,250","-0,250","-0,250","-0,250","-0,250","-0,250","-0,250","-0,250","-0,250","-0,250","-0,250","-0,225","-0,225","-0,225","-0,225","-0,225","-0,250","-0,250","-0,250","-0,250","-0,250","-0,250","-0,250","-0,250","-0,250","-0,225","-0,225","-0,225"
CD02R01,7,,"-4,800","-0,050","-0,050","-0,050","-0,050","-0,050","-0,050","-0,050","-0,050","-0,050","-0,050","-0,050","-0,050","-0,050","-0,050","-0,050","-0,050","-0,050","-0,050","-0,050","-0,050","-0,050","-0,050","-0,050","-0,050","-0,050","-0,050","-0,050","-0,050","-0,050","-0,050","-0,050","-0,050","-0,050","-0,050","-0,050","-0,050","-0,050","-0,050","-0,050","-0,050","-0,050","-0,050","-0,050","-0,050","-0,050","-0,050","-0,050","-0,050","-0,050","-0,050","-0,050","-0,050","-0,050","-0,050","-0,050","-0,050","-0,050","-0,050","-0,050","-0,050","-0,050","-0,050","-0,050","-0,050","-0,050","-0,050","-0,050","-0,050","-0,050","-0,050","-0,050","-0,050","-0,050","-0,050","-0,050","-0,050","-0,050","-0,050","-0,050","-0,050","-0,050","-0,050","-0,050","-0,050","-0,050","-0,050","-0,050","-0,050","-0,050","-0,050","-0,050","-0,050","-0,050","-0,050","-0,050","-0,050"
CD03R01,7,,"-1870,100","-21,375","-21,375","-21,375","-21,375","-21,400","-21,400","-21,400","-21,400","-21,425","-21,425","-21,425","-21,425","-21,375","-21,375","-21,375","-21,375","-21,375","-21,375","-21,375","-21,375","-21,300","-21,300","-21,300","-21,300","-21,400","-21,400","-21,400","-21,400","-21,250","-21,250","-21,250","-21,250","-21,000","-21,000","-21,000","-21,000","-20,950","-20,950","-20,950","-20,950","-20,975","-20,975","-20,975","-20,975","-20,725","-20,725","-20,725","-20,725","-20,675","-20,675","-20,675","-20,675","-20,550","-20,550","-20,550","-20,550","-20,575","-20,575","-20,575","-20,575","-20,175","-20,175","-20,175","-20,175","-16,125","-16,125","-16,125","-16,125","-16,250","-16,250","-16,250","-16,250","-16,400","-16,400","-16,400","-16,400","-16,500","-16,500","-16,500","-16,500","-16,350","-16,350","-16,350","-16,350","-16,350","-16,350","-16,350","-16,350","-16,500","-16,500","-16,500","-16,500","-16,525","-16,525","-16,525","-16,525"
CD04R01,7,,"-319,600","-1,075","-1,075","-1,075","-1,075","-1,075","-1,075","-1,075","-1,075","-1,075","-1,075","-1,075","-1,075","-1,075","-1,075","-1,075","-1,075","-1,075","-1,075","-1,075","-1,075","-1,075","-1,075","-1,075","-1,075","-9,550","-9,550","-9,550","-9,550","-9,525","-9,525","-9,525","-9,525","-9,500","-9,500","-9,500","-9,500","-9,500","-9,500","-9,500","-9,500","-9,500","-9,500","-9,500","-9,500","-9,475","-9,475","-9,475","-9,475","-4,025","-4,025","-4,025","-4,025","-1,700","-1,700","-1,700","-1,700","-1,050","-1,050","-1,050","-1,050","-1,050","-1,050","-1,050","-1,050","-1,050","-1,050","-1,050","-1,050","-1,075","-1,075","-1,075","-1,075","-1,075","-1,075","-1,075","-1,075","-1,075","-1,075","-1,075","-1,075","-1,075","-1,075","-1,075","-1,075","-1,075","-1,075","-1,075","-1,075","-1,075","-1,075","-1,075","-1,075","-1,075","-1,075","-1,075","-1,075"
CD05R01,7,,"-34,900","-0,375","-0,375","-0,375","-0,375","-0,375","-0,375","-0,375","-0,375","-0,375","-0,375","-0,375","-0,375","-0,375","-0,375","-0,375","-0,375","-0,375","-0,375","-0,375","-0,375","-0,375","-0,375","-0,375","-0,375","-0,375","-0,375","-0,375","-0,375","-0,375","-0,375","-0,375","-0,375","-0,350","-0,350","-0,350","-0,350","-0,350","-0,350","-0,350","-0,350","-0,350","-0,350","-0,350","-0,350","-0,350","-0,350","-0,350","-0,350","-0,350","-0,350","-0,350","-0,350","-0,350","-0,350","-0,350","-0,350","-0,350","-0,350","-0,350","-0,350","-0,350","-0,350","-0,350","-0,350","-0,350","-0,350","-0,350","-0,350","-0,350","-0,350","-0,350","-0,350","-0,375","-0,375","-0,375","-0,375","-0,375","-0,375","-0,375","-0,375","-0,350","-0,350","-0,350","-0,350","-0,375","-0,375","-0,375","-0,375","-0,375","-0,375","-0,375","-0,375","-0,375","-0,375","-0,375","-0,375"
CD06R01,7,,"-352,800","-3,775","-3,775","-3,775","-3,775","-3,775","-3,775","-3,775","-3,775","-3,775","-3,775","-2,475","-2,475","-3,775","-3,775","-3,775","-3,775","-3,775","-3,775","-3,775","-3,775","-3,775","-3,775","-3,775","-3,775","-3,775","-3,775","-3,775","-3,775","-3,750","-3,750","-3,750","-3,750","-3,700","-3,700","-3,700","-3,700","-3,700","-3,700","-3,700","-3,700","-3,650","-3,650","-3,650","-3,650","-3,625","-3,625","-3,625","-3,625","-3,600","-3,600","-3,600","-3,600","-3,600","-3,600","-3,600","-3,600","-3,600","-3,600","-3,600","-3,600","-3,600","-3,600","-3,600","-3,600","-3,600","-3,600","-3,600","-3,600","-3,600","-3,600","-3,600","-3,600","-3,650","-3,650","-3,650","-3,650","-3,675","-3,675","-3,675","-3,675","-3,750","-3,750","-3,750","-3,750","-3,775","-3,775","-3,775","-3,775","-3,775","-3,775","-3,775","-3,775","-3,775","-3,775","-3,775","-3,775"
CEDC01,8,,"-71,550","-0,900","-0,925","-0,925","-0,875","-0,825","-0,850","-0,800","-0,800","-0,775","-0,750","-0,775","-0,775","-0,725","-0,725","-0,725","-0,700","-0,700","-0,725","-0,725","-0,675","-0,725","-0,700","-0,700","-0,725","-0,725","-0,700","-0,725","-0,725","-0,700","-0,675","-0,675","-0,675","-0,675","-0,650","-0,650","-0,650","-0,675","-0,650","-0,650","-0,650","-0,650","-0,675","-0,650","-0,650","-0,675","-0,650","-0,625","-0,650","-0,675","-0,675","-0,675","-0,700","-0,700","-0,700","-0,700","-0,725","-0,700","-0,700","-0,700","-0,700","-0,700","-0,700","-0,725","-0,725","-0,700","-0,675","-0,700","-0,725","-0,700","-0,650","-0,700","-0,700","-0,700","-0,675","-0,725","-0,725","-0,750","-0,775","-0,775","-0,775","-0,850","-0,850","-0,825","-0,850","-0,925","-0,900","-0,925","-0,925","-0,925","-0,950","-0,950","-0,950","-0,900","-0,850","-0,875","-0,850"
CEEEC01,8,,"-1261,825","-14,325","-14,000","-13,625","-13,300","-13,025","-12,725","-12,400","-12,125","-11,925","-11,750","-11,525","-11,450","-11,375","-11,200","-11,125","-11,125","-11,050","-10,850","-10,825","-10,800","-10,725","-10,675","-10,775","-10,825","-10,900","-10,875","-10,750","-10,700","-10,675","-10,725","-10,800","-10,800","-10,850","-11,000","-11,075","-11,200","-11,525","-11,675","-11,950","-12,200","-12,300","-12,600","-12,800","-12,900","-13,050","-13,275","-13,450","-13,550","-13,675","-13,850","-13,900","-14,025","-14,150","-14,375","-14,525","-14,675","-14,775","-14,575","-14,350","-14,300","-14,100","-14,075","-14,000","-13,850","-13,750","-13,675","-13,675","-13,600","-13,600","-13,575","-13,725","-13,975","-14,125","-14,325","-14,375","-14,650","-14,725","-14,950","-15,100","-15,325","-15,450","-15,550","-15,575","-15,700","-15,625","-15,750","-15,700","-15,750","-15,800","-15,375","-15,150","-14,925","-14,600","-14,125","-13,825","-13,425"
CELSC01,7,,"-6,500","-0,050","-0,050","-0,050","-0,050","-0,050","-0,050","-0,050","-0,050","-0,075","-0,075","-0,075","-0,075","-0,075","-0,075","-0,075","-0,075","-0,075","-0,075","-0,075","-0,075","-0,075","-0,075","-0,075","-0,075","-0,075","-0,075","-0,075","-0,075","-0,075","-0,075","-0,075","-0,075","-0,075","-0,075","-0,075","-0,075","-0,075","-0,075","-0,075","-0,075","-0,075","-0,075","-0,075","-0,075","-0,075","-0,075","-0,075","-0,075","-0,075","-0,075","-0,075","-0,075","-0,075","-0,075","-0,075","-0,075","-0,075","-0,075","-0,075","-0,075","-0,075","-0,075","-0,075","-0,075","-0,075","-0,075","-0,075","-0,075","-0,050","-0,050","-0,050","-0,050","-0,050","-0,050","-0,050","-0,050","-0,050","-0,050","-0,050","-0,050","-0,050","-0,050","-0,050","-0,050","-0,075","-0,075","-0,075","-0,075","-0,050","-0,050","-0,050","-0,050","-0,075","-0,075","-0,075","-0,075"
CEMEC01,8,,"-28,700",,,,,,,,,,,,,,,,,,,,,,,,,,,,,,,,,,,,,,,,,"-0,700","-0,700","-0,700","-0,700","-0,750","-0,750","-0,750","-0,750","-0,800","-0,800","-0,800","-0,800","-0,850","-0,850","-0,850","-0,850","-0,875","-0,875","-0,875","-0,875","-0,850","-0,850","-0,850","-0,850","-0,800","-0,800","-0,800","-0,800","-0,775","-0,775","-0,775","-0,775","-0,775","-0,775","-0,775","-0,775",,,,,,,,,,,,,,,,,,,,
CENTC01,8,,"-2606,675","-27,850","-27,350","-27,975","-28,350","-24,175","-23,675","-24,650","-22,925","-22,675","-23,750","-22,050","-28,800","-23,050","-26,500","-26,775","-26,600","-27,625","-27,450","-27,350","-27,350","-27,525","-27,525","-27,550","-27,600","-27,725","-27,775","-27,750","-27,625","-27,425","-27,300","-27,275","-27,325","-27,275","-27,325","-27,475","-27,700","-28,325","-28,550","-28,850","-29,225","-26,375","-23,100","-23,475","-23,850","-24,150","-24,525","-24,900","-25,300","-20,500","-20,900","-21,200","-21,400","-21,550","-21,775","-21,900","-21,950","-22,175","-22,225","-22,200","-22,075","-21,950","-21,825","-21,675","-21,500","-19,500","-19,300","-19,125","-18,950","-27,100","-32,500","-32,450","-32,500","-32,450","-32,525","-32,675","-32,925","-33,250","-33,500","-33,775","-34,000","-34,200","-31,650","-31,850","-32,550","-20,975","-35,125","-35,200","-35,225","-35,425","-35,450","-29,625","-34,775","-33,925","-33,475","-33,175","-33,000"
CERLC01,7,,"-3,075","-0,025","-0,050","-0,025","-0,050","-0,025","-0,025","-0,025","-0,025","-0,025","-0,025","-0,025","-0,025","-0,025","-0,025","-0,025","-0,025","-0,025","-0,025","-0,025","-0,025","-0,025","-0,025","-0,025","-0,025","-0,025","-0,025","-0,025","-0,025","-0,025","-0,025","-0,025","-0,025","-0,025","-0,025","-0,025","-0,025","-0,025","-0,025","-0,025","-0,025","-0,025","-0,025","-0,025","-0,025","-0,025","-0,025","-0,025","-0,025","-0,025","-0,025","-0,025","-0,025","-0,025","-0,025","-0,025","-0,025","-0,025","-0,025","-0,025","-0,025","-0,025","-0,025","-0,025","-0,025","-0,025","-0,025","-0,025","-0,025","-0,025","-0,025","-0,025","-0,025","-0,025","-0,025","-0,025","-0,050","-0,050","-0,050","-0,050","-0,050","-0,050","-0,050","-0,050","-0,050","-0,050","-0,050","-0,050","-0,050","-0,050","-0,050","-0,050","-0,050","-0,075","-0,075","-0,075","-0,075"
CERVUP,2,,"0,900",,,,,,,,,,,,,,,,,,,,,,,,,,,,,,"0,025","0,025","0,050","0,050","0,100",,,,,,,,,,,,,,,,,,,,,,,,,,,,,,,,,,,,,,,,,,"0,250","0,150","0,050","0,050","0,025","0,050","0,025","0,025","0,025",,,,,,,,,,,,
CESOC01,8,,"-2,600","-0,050","-0,050","-0,050","-0,050","-0,050","-0,050","-0,050","-0,050","-0,025","-0,025","-0,025","-0,025","-0,025","-0,025","-0,025","-0,025","-0,025","-0,025","-0,025","-0,025","-0,025","-0,025","-0,025","-0,025","-0,025","-0,025","-0,025","-0,025","-0,025","-0,025","-0,025","-0,025","-0,025","-0,025","-0,025","-0,025","-0,025","-0,025","-0,025","-0,025","-0,025","-0,025","-0,025","-0,025","-0,025","-0,025","-0,025","-0,025","-0,025","-0,025","-0,025","-0,025","-0,025","-0,025","-0,025","-0,025","-0,025","-0,025","-0,025","-0,025","-0,025","-0,025","-0,025","-0,025","-0,025","-0,025","-0,025","-0,025","-0,025","-0,025","-0,025","-0,025","-0,025","-0,025","-0,025","-0,025","-0,025","-0,025","-0,025","-0,025","-0,025","-0,025","-0,025","-0,025","-0,025","-0,025","-0,025","-0,025","-0,025","-0,025","-0,025","-0,025","-0,025","-0,025","-0,025","-0,025"
CHANC01,8,,"-3,825","-0,050","-0,050","-0,050","-0,025","-0,025","-0,025","-0,025","-0,025","-0,025","-0,025","-0,025","-0,025","-0,025","-0,025","-0,025","-0,025","-0,025","-0,025","-0,025","-0,025","-0,025","-0,025","-0,025","-0,025","-0,025","-0,025","-0,025","-0,025","-0,025","-0,025","-0,025","-0,025","-0,025","-0,025","-0,025","-0,025","-0,025","-0,025","-0,025","-0,025","-0,025","-0,025","-0,050","-0,050","-0,050","-0,050","-0,050","-0,050","-0,050","-0,050","-0,050","-0,050","-0,050","-0,050","-0,050","-0,050","-0,050","-0,050","-0,050","-0,050","-0,050","-0,050","-0,050","-0,050","-0,050","-0,050","-0,050","-0,050","-0,050","-0,050","-0,050","-0,050","-0,050","-0,050","-0,050","-0,050","-0,050","-0,050","-0,050","-0,050","-0,050","-0,050","-0,050","-0,050","-0,050","-0,050","-0,050","-0,050","-0,050","-0,050","-0,050","-0,050","-0,050","-0,050","-0,050","-0,050"
CHBAO,1,,"0,900",,,,,,,,,,,,,,,,,,,,,,,,,,,,,"0,225","0,225","0,225",,"0,225",,,,,,,,,,,,,,,,,,,,,,,,,,,,,,,,,,,,,,,,,,,,,,,,,,,,,,,,,,,,,,,
CHCC01,8,,"-1818,975","-19,300","-19,300","-19,150","-18,850","-18,425","-18,125","-17,825","-17,500","-17,375","-17,075","-16,775","-16,475","-16,425","-16,150","-15,900","-15,725","-15,725","-15,550","-15,375","-15,250","-15,300","-15,175","-15,050","-14,925","-15,025","-14,875","-14,750","-14,625","-14,200","-14,075","-14,150","-14,475","-14,625","-14,925","-15,350","-15,900","-16,025","-16,550","-17,100","-17,625","-17,725","-18,250","-18,675","-18,975","-18,800","-19,100","-19,425","-19,775","-19,550","-19,900","-20,300","-20,750","-20,625","-21,075","-21,375","-21,525","-21,425","-21,575","-21,475","-21,125","-20,875","-20,525","-20,300","-20,175","-20,300","-20,175","-20,050","-19,900","-19,875","-19,750","-19,775","-19,900","-20,125","-20,250","-20,400","-20,525","-20,750","-20,900","-21,050","-21,225","-21,375","-21,550","-21,825","-22,225","-22,475","-22,875","-23,225","-23,525","-24,025","-24,350","-24,200","-23,600","-22,700","-22,125","-21,825","-21,825"
CHCOC01,8,,"-463,900","-4,100","-4,100","-4,100","-4,100","-4,075","-4,075","-4,075","-4,075","-3,850","-3,850","-3,850","-3,850","-3,575","-3,575","-3,575","-3,575","-3,375","-3,375","-3,375","-3,375","-3,175","-3,175","-3,175","-3,175","-3,125","-3,125","-3,125","-3,125","-3,150","-3,150","-3,150","-3,150","-3,450","-3,450","-3,450","-3,450","-3,975","-3,975","-3,975","-3,975","-4,500","-4,500","-4,500","-4,500","-4,875","-4,875","-4,875","-4,875","-5,425","-5,425","-5,425","-5,425","-6,200","-6,200","-6,200","-6,200","-6,550","-6,550","-6,550","-6,550","-6,100","-6,100","-6,100","-6,100","-5,975","-5,975","-5,975","-5,975","-5,750","-5,750","-5,750","-5,750","-5,800","-5,800","-5,800","-5,800","-5,675","-5,675","-5,675","-5,675","-5,600","-5,600","-5,600","-5,600","-5,900","-5,900","-5,900","-5,900","-6,100","-6,100","-6,100","-6,100","-5,675","-5,675","-5,675","-5,675"
CHENC01,8,,"-3,925","-0,050","-0,050","-0,050","-0,050","-0,050","-0,050","-0,050","-0,025","-0,025","-0,025","-0,025","-0,025","-0,025","-0,025","-0,025","-0,025","-0,025","-0,025","-0,025","-0,025","-0,025","-0,025","-0,025","-0,025","-0,025","-0,025","-0,025","-0,025","-0,025","-0,025","-0,025","-0,025","-0,025","-0,025","-0,025","-0,025","-0,025","-0,025","-0,025","-0,025","-0,025","-0,025","-0,050","-0,050","-0,050","-0,050","-0,050","-0,050","-0,050","-0,050","-0,050","-0,050","-0,050","-0,050","-0,050","-0,050","-0,050","-0,050","-0,050","-0,050","-0,050","-0,050","-0,050","-0,050","-0,050","-0,050","-0,050","-0,050","-0,050","-0,050","-0,050","-0,050","-0,050","-0,050","-0,050","-0,050","-0,050","-0,050","-0,050","-0,050","-0,050","-0,050","-0,050","-0,050","-0,050","-0,050","-0,050","-0,050","-0,050","-0,050","-0,050","-0,050","-0,050","-0,050","-0,050","-0,050"
CHIPB,3,,"-330,000",,,,,,,,,,,,,,,,,,,,,,,,,,,,,,,,,,,,,"-8,250","-8,250","-8,250","-8,250","-8,250","-8,250","-8,250","-8,250","-8,250","-8,250","-8,250","-8,250","-8,250","-8,250","-8,250","-8,250","-8,250","-8,250","-8,250","-8,250","-8,250","-8,250","-8,250","-8,250","-8,250","-8,250","-8,250","-8,250","-8,250","-8,250","-8,250","-8,250","-8,250","-8,250","-8,250","-8,250","-8,250","-8,250","-8,250","-8,250",,,,,,,,,,,,,,,,,,,,
CHIPG,1,,"168,000","7,000","7,000","7,000","7,000","7,000","7,000","7,000","7,000","7,000","7,000","7,000","7,000",,,,,,,,,,,,,,,,,,,,,,,,,,,,,,,,,,,,,,,,,,,,,,,,,,,,,,,,,,,,,,,,,,,,,,,,,"7,000","7,000","7,000","7,000","7,000","7,000","7,000","7,000","7,000","7,000","7,000","7,000"
CHISC01,8,,"-2,400","-0,025","-0,025","-0,025","-0,025","-0,025","-0,025","-0,025","-0,025","-0,025","-0,025","-0,025","-0,025","-0,025","-0,025","-0,025","-0,025","-0,025","-0,025","-0,025","-0,025","-0,025","-0,025","-0,025","-0,025","-0,025","-0,025","-0,025","-0,025","-0,025","-0,025","-0,025","-0,025","-0,025","-0,025","-0,025","-0,025","-0,025","-0,025","-0,025","-0,025","-0,025","-0,025","-0,025","-0,025","-0,025","-0,025","-0,025","-0,025","-0,025","-0,025","-0,025","-0,025","-0,025","-0,025","-0,025","-0,025","-0,025","-0,025","-0,025","-0,025","-0,025","-0,025","-0,025","-0,025","-0,025","-0,025","-0,025","-0,025","-0,025","-0,025","-0,025","-0,025","-0,025","-0,025","-0,025","-0,025","-0,025","-0,025","-0,025","-0,025","-0,025","-0,025","-0,025","-0,025","-0,025","-0,025","-0,025","-0,025","-0,025","-0,025","-0,025","-0,025","-0,025","-0,025","-0,025","-0,025"
CHURC,1,,"0,900",,,,,,,,,,,,,,,,,,,,,,,,,,,,,"0,225","0,225","0,225",,"0,225",,,,,,,,,,,,,,,,,,,,,,,,,,,,,,,,,,,,,,,,,,,,,,,,,,,,,,,,,,,,,,,
CHURD,1,,"0,900",,,,,,,,,,,,,,,,,,,,,,,,,,,,,"0,225","0,225","0,225",,"0,225",,,,,,,,,,,,,,,,,,,,,,,,,,,,,,,,,,,,,,,,,,,,,,,,,,,,,,,,,,,,,,,
CHVADOM,10,,"38,450","0,400","0,400","0,400","0,400","0,400","0,400","0,400","0,400","0,400","0,400","0,400","0,400","0,400","0,425","0,400","0,400","0,400","0,400","0,400","0,400","0,400","0,400","0,400","0,400","0,400","0,400","0,400","0,400","0,425","0,400","0,400","0,400","0,400","0,400","0,400","0,400","0,400","0,400","0,400","0,400","0,400","0,400","0,400","0,400","0,400","0,400","0,400","0,400","0,400","0,400","0,400","0,400","0,400","0,400","0,400","0,400","0,400","0,400","0,400","0,400","0,400","0,400","0,400","0,400","0,400","0,400","0,400","0,400","0,400","0,400","0,400","0,400","0,400","0,400","0,400","0,400","0,400","0,400","0,400","0,400","0,400","0,400","0,400","0,400","0,400","0,400","0,400","0,400","0,400","0,400","0,400","0,400","0,400","0,400","0,400","0,400"
CHVN,1,,"4,625","0,050","0,050","0,050","0,050","0,050","0,050","0,050","0,050","0,050","0,050","0,050","0,050","0,050","0,050","0,050","0,050","0,050","0,050","0,050","0,050","0,050","0,050","0,050","0,050","0,050","0,050","0,050","0,050","0,050","0,050","0,050","0,050","0,050","0,050","0,050","0,050","0,050","0,050","0,050","0,050","0,050","0,050","0,050","0,050","0,050","0,050","0,050","0,050","0,050","0,050","0,050","0,050","0,050","0,050","0,050","0,050","0,025","0,025","0,050","0,050","0,050","0,050","0,050","0,050","0,050","0,050","0,050","0,025","0,025","0,050","0,050","0,050","0,050","0,050","0,050","0,050","0,050","0,050","0,050","0,050","0,050","0,025","0,025","0,025","0,050","0,050","0,050","0,050","0,050","0,050","0,050","0,050","0,050","0,050","0,050","0,050"
CILCOR,10,,"914,500","9,600","9,600","9,600","9,600","9,600","9,600","9,600","9,600","9,550","9,550","9,550","9,550","9,550","9,550","9,550","9,550","9,550","9,550","9,550","9,550","9,475","9,475","9,475","9,475","9,500","9,500","9,500","9,500","9,500","9,500","9,500","9,500","9,500","9,500","9,500","9,500","9,475","9,475","9,475","9,475","9,450","9,450","9,450","9,450","9,475","9,475","9,475","9,475","9,475","9,475","9,475","9,475","9,525","9,525","9,525","9,525","9,550","9,550","9,550","9,550","9,550","9,550","9,550","9,550","9,550","9,550","9,550","9,550","9,500","9,500","9,500","9,500","9,500","9,500","9,500","9,500","9,500","9,500","9,500","9,500","9,525","9,525","9,525","9,525","9,550","9,550","9,550","9,550","9,575","9,575","9,575","9,575","9,600","9,600","9,600","9,600"
CIMAC01,8,,"-53,300","-0,500","-0,500","-0,500","-0,500","-0,500","-0,500","-0,500","-0,500","-0,500","-0,500","-0,500","-0,500","-0,400","-0,400","-0,400","-0,400","-0,400","-0,400","-0,400","-0,400","-0,400","-0,400","-0,400","-0,400","-0,400","-0,400","-0,400","-0,400","-0,400","-0,400","-0,400","-0,400","-0,400","-0,500","-0,500","-0,500","-0,500","-0,500","-0,500","-0,500","-0,600","-0,600","-0,600","-0,600","-0,600","-0,600","-0,600","-0,600","-0,700","-0,600","-0,700","-0,700","-0,700","-0,700","-0,700","-0,700","-0,700","-0,700","-0,700","-0,700","-0,700","-0,700","-0,700","-0,700","-0,600","-0,600","-0,600","-0,600","-0,600","-0,600","-0,600","-0,600","-0,600","-0,600","-0,600","-0,600","-0,700","-0,600","-0,600","-0,600","-0,600","-0,600","-0,600","-0,600","-0,600","-0,600","-0,600","-0,600","-0,700","-0,700","-0,600","-0,600","-0,600","-0,600","-0,600","-0,600"
CLEAC01,8,,"-26,800","-0,250","-0,250","-0,250","-0,250","-0,225","-0,225","-0,225","-0,225","-0,200","-0,200","-0,200","-0,200","-0,175","-0,175","-0,175","-0,175","-0,175","-0,175","-0,175","-0,175","-0,175","-0,175","-0,175","-0,175","-0,175","-0,175","-0,175","-0,175","-0,175","-0,175","-0,175","-0,175","-0,200","-0,200","-0,200","-0,225","-0,225","-0,250","-0,250","-0,275","-0,275","-0,300","-0,300","-0,300","-0,300","-0,300","-0,300","-0,300","-0,325","-0,325","-0,325","-0,325","-0,350","-0,350","-0,350","-0,350","-0,350","-0,350","-0,350","-0,350","-0,325","-0,325","-0,325","-0,325","-0,300","-0,300","-0,300","-0,300","-0,325","-0,325","-0,325","-0,325","-0,325","-0,325","-0,325","-0,325","-0,350","-0,350","-0,350","-0,350","-0,375","-0,375","-0,375","-0,375","-0,400","-0,400","-0,400","-0,400","-0,400","-0,375","-0,375","-0,350","-0,325","-0,300","-0,300","-0,275"
CLIDC01,8,,"-1331,350","-13,950","-15,125","-14,550","-12,225","-12,975","-13,975","-13,400","-11,275","-12,200","-13,125","-12,625","-10,675","-11,225","-12,000","-11,600","-10,025","-11,000","-11,775","-11,475","-10,050","-10,875","-11,675","-11,375","-10,000","-10,800","-11,600","-11,275","-9,850","-10,400","-11,250","-10,875","-9,350","-11,200","-11,975","-11,700","-10,375","-11,850","-12,475","-12,100","-10,750","-12,100","-12,600","-12,100","-10,625","-12,825","-13,275","-12,775","-11,350","-13,525","-14,025","-13,400","-11,650","-13,750","-14,300","-13,725","-12,050","-15,325","-16,075","-15,575","-13,775","-14,200","-14,950","-14,250","-12,075","-14,425","-15,250","-14,550","-12,300","-15,775","-16,775","-16,050","-13,550","-16,900","-18,150","-17,350","-14,500","-17,625","-19,075","-18,125","-14,800","-18,500","-20,175","-19,275","-15,750","-19,325","-21,150","-20,175","-16,375","-18,500","-20,050","-19,150","-15,825","-16,225","-17,525","-16,800","-14,050"
CLIFV10,10,,"31,575",,,,,,,,,,,,,,,,,,,,,,,,,,"0,025","0,025","0,025","0,050","0,075","0,125","0,200","0,250","0,325","0,400","0,450","0,500","0,550","0,600","0,625","0,650","0,650","0,675","0,700","0,700","0,725","0,725","0,750","0,750","0,775","0,775","0,775","0,775","0,775","0,775","0,775","0,775","0,775","0,775","0,775","0,775","0,775","0,775","0,750","0,750","0,725","0,700","0,700","0,675","0,650","0,625","0,600","0,575","0,550","0,525","0,475","0,425","0,375","0,300","0,250","0,175","0,125","0,075","0,050","0,050","0,025","0,025",,,,,,,,,
CLIFV21,10,,"5,175",,,,,,,,,,,,,,,,,,,,,,,,,,,,,"0,025","0,075","0,150","0,250","0,325","0,425","0,500",,,,,,,,,,,,,,,,,,,,,,,,,,,,,,,,,,,,,,,,,"0,625","0,500","0,500","0,475","0,400","0,250","0,250","0,200","0,125","0,075","0,025",,,,,,,,,,
