Unnamed: 0,Unnamed: 1,Unnamed: 2,Unnamed: 3,Dia,15-06-2026,15-06-2026.1,15-06-2026.2,15-06-2026.3,15-06-2026.4,15-06-2026.5,15-06-2026.6,15-06-2026.7,15-06-2026.8,15-06-2026.9,15-06-2026.10,15-06-2026.11,15-06-2026.12,15-06-2026.13,15-06-2026.14,15-06-2026.15,15-06-2026.16,15-06-2026.17,15-06-2026.18,15-06-2026.19,15-06-2026.20,15-06-2026.21,15-06-2026.22,15-06-2026.23,15-06-2026.24,15-06-2026.25,15-06-2026.26,15-06-2026.27,15-06-2026.28,15-06-2026.29,15-06-2026.30,15-06-2026.31,15-06-2026.32,15-06-2026.33,15-06-2026.34,15-06-2026.35,15-06-2026.36,15-06-2026.37,15-06-2026.38,15-06-2026.39,15-06-2026.40,15-06-2026.41,15-06-2026.42,15-06-2026.43,15-06-2026.44,15-06-2026.45,15-06-2026.46,15-06-2026.47,15-06-2026.48,15-06-2026.49,15-06-2026.50,15-06-2026.51,15-06-2026.52,15-06-2026.53,15-06-2026.54,15-06-2026.55,15-06-2026.56,15-06-2026.57,15-06-2026.58,15-06-2026.59,15-06-2026.60,15-06-2026.61,15-06-2026.62,15-06-2026.63,15-06-2026.64,15-06-2026.65,15-06-2026.66,15-06-2026.67,15-06-2026.68,15-06-2026.69,15-06-2026.70,15-06-2026.71,15-06-2026.72,15-06-2026.73,15-06-2026.74,15-06-2026.75,15-06-2026.76,15-06-2026.77,15-06-2026.78,15-06-2026.79,15-06-2026.80,15-06-2026.81,15-06-2026.82,15-06-2026.83,15-06-2026.84,15-06-2026.85,15-06-2026.86,15-06-2026.87,15-06-2026.88,15-06-2026.89,15-06-2026.90,15-06-2026.91,15-06-2026.92,15-06-2026.93,15-06-2026.94,15-06-2026.95
,,,,Cuarto de Hora del dia,1,2,3,4,5,6,7,8,9,10,11,12,13,14,15,16,17,18,19,20,21,22,23,24,25,26,27,28,29,30,31,32,33,34,35,36,37,38,39,40,41,42,43,44,45,46,47,48,49,50,51,52,53,54,55,56,57,58,59,60,61,62,63,64,65,66,67,68,69,70,71,72,73,74,75,76,77,78,79,80,81,82,83,84,85,86,87,88,89,90,91,92,93,94,95,96
Sentido,Unidad de Programación,Bloque,Tipo Oferta,Indicadores,MW,MW,MW,MW,MW,MW,MW,MW,MW,MW,MW,MW,MW,MW,MW,MW,MW,MW,MW,MW,MW,MW,MW,MW,MW,MW,MW,MW,MW,MW,MW,MW,MW,MW,MW,MW,MW,MW,MW,MW,MW,MW,MW,MW,MW,MW,MW,MW,MW,MW,MW,MW,MW,MW,MW,MW,MW,MW,MW,MW,MW,MW,MW,MW,MW,MW,MW,MW,MW,MW,MW,MW,MW,MW,MW,MW,MW,MW,MW,MW,MW,MW,MW,MW,MW,MW,MW,MW,MW,MW,MW,MW,MW,MW,MW,MW
Venta,A2GAME2,Blq. 1,10,,"0,0","0,0","0,0","0,0","0,0","0,0","0,0","0,0","0,0","0,0","0,0","0,0","0,0","0,0","0,0","0,0","0,0","0,0","0,0","0,0","0,0","0,0","0,0","0,0","0,0","0,0","0,0","0,0","0,0","0,0","0,0","0,0","0,0","0,0","0,0","0,0","0,0","0,0","0,0","0,0","0,0","0,0","0,0","0,0","0,0","0,0","0,0","0,0","0,0","0,0","0,0","0,0","0,0","0,0","0,0","0,0","0,0","0,0","0,0","0,0","0,0","0,0","0,0","0,0","0,0","0,0","0,0","0,0","0,0","0,0","0,0","0,0","0,0","0,0","0,0","0,0","0,0","0,0","0,0","0,0","0,0","0,0","0,0","0,0","0,0","0,0","0,0","0,0","0,0","0,0","0,0","0,0","0,0","0,0","0,0","0,0"
Venta,ACE3,Blq. 1,1,,"356,2","356,2","356,2","356,2","356,2","356,2","356,2","356,2","358,1","358,1","358,1","358,1","358,9","358,9","358,9","358,9","333,5","306,5","295,5","274,5","254,0","200,0","200,0","200,0","200,0","200,0","200,0","200,0","200,8","200,8","200,8","200,8","198,2","198,2","347,2","358,2","354,6","354,6","354,6","354,6","350,4","350,4","350,4","350,4","345,9","345,9","345,9","345,9","342,2","342,2","342,2","342,2","342,2","342,2","342,2","342,2","335,8","335,8","335,8","335,8","333,5","333,5","333,5","333,5","332,1","332,1","332,1","332,1","332,1","332,1","332,1","332,1","332,1","332,1","332,1","332,1","338,1","338,1","338,1","338,1","338,7","338,7","338,7","338,7","340,9","340,9","340,9","340,9","346,7","346,7","346,7","346,7","346,7","346,7","346,7","346,7"
Venta,ACE3,Blq. 2,1,,"29,8","29,8","29,8","29,8","29,8","29,8","29,8","29,8","27,9","27,9","27,9","27,9","27,1","27,1","27,1","27,1","52,5","79,5","90,5","111,5","132,0","186,0","186,0","186,0","186,0","186,0","186,0","186,0","185,2","185,2","185,2","185,2","187,8","187,8","38,8","27,8","31,4","31,4","31,4","31,4","35,6","35,6","35,6","35,6","40,1","40,1","40,1","40,1","43,8","43,8","43,8","43,8","43,8","43,8","43,8","43,8","50,2","50,2","50,2","50,2","52,5","52,5","52,5","52,5","53,9","53,9","53,9","53,9","53,9","53,9","53,9","53,9","53,9","53,9","53,9","53,9","47,9","47,9","47,9","47,9","47,3","47,3","47,3","47,3","45,1","45,1","45,1","45,1","39,3","39,3","39,3","39,3","39,3","39,3","39,3","39,3"
Venta,ACE4,Blq. 1,1,,"379,3","379,3","379,3","379,3","379,3","379,3","379,3","379,3","379,3","379,3","379,3","379,3","379,3","379,3","379,3","379,3","379,3","379,3","379,3","379,3","379,3","379,3","379,3","379,3","379,3","379,3","379,3","379,3","379,3","379,3","379,3","379,3","379,3","379,3","379,3","379,3","379,3","379,3","379,3","379,3","379,3","379,3","379,3","379,3","379,3","379,3","379,3","379,3","379,3","379,3","379,3","379,3","379,3","379,3","379,3","379,3","379,3","379,3","379,3","379,3","379,3","379,3","379,3","379,3","379,3","379,3","379,3","379,3","379,3","379,3","379,3","379,3","379,3","379,3","379,3","379,3","379,3","379,3","379,3","379,3","379,3","379,3","379,3","379,3","379,3","379,3","379,3","379,3","379,3","379,3","379,3","379,3","379,3","379,3","379,3","379,3"
Venta,AE11COG,Blq. 1,10,,"3,5","3,5","3,5","3,5",,,,,"3,5","3,5","3,5","3,5",,,,,"3,5","3,5","3,5","3,5","3,5","3,5","3,5","3,5","3,5","3,5","3,5","3,5","3,5","3,5","3,5","3,5",,,,,,,,,,,,,,,,"0,0","3,5","3,5","3,5","3,5",,,,,"3,5","3,5","3,5","3,5",,,,,,,,,,,,,"3,5","3,5","3,5","3,5","3,5","3,5","3,5","3,5","3,5","3,5","3,5","3,5","3,5","3,5","3,5","3,5","3,5","3,5","3,5","3,5","3,5","3,5","3,5","3,5"
Venta,AFALZ4C,Blq. 1,17,,"25,8","25,8","25,8","25,8","25,8","25,8","25,8","25,8","25,8","25,8","25,8","25,8","25,8","25,8","25,8","25,8","25,8","25,8","25,8","25,8","25,8","25,8","25,8","25,8","25,8","25,8","25,8","25,8","25,8","25,8","25,8","25,8","25,8","25,8","25,8","25,8","25,8","25,8","25,8","25,8","25,8","25,8","25,8","25,8","25,8","25,8","25,8","25,8","25,8","25,8","25,8","25,8","25,8","25,8","25,8","25,8","25,8","25,8","25,8","25,8","25,8","25,8","25,8","25,8","25,8","25,8","25,8","25,8","25,8","25,8","25,8","25,8","25,8","25,8","25,8","25,8","25,8","25,8","25,8","25,8","25,8","25,8","25,8","25,8","25,8","25,8","25,8","25,8","25,8","25,8","25,8","25,8","25,8","25,8","25,8","25,8"
Venta,AFALZ5C,Blq. 1,17,,"25,8","25,8","25,8","25,8","25,8","25,8","25,8","25,8","25,8","25,8","25,8","25,8","25,8","25,8","25,8","25,8","25,8","25,8","25,8","25,8","25,8","25,8","25,8","25,8","25,8","25,8","25,8","25,8","25,8","25,8","25,8","25,8","25,8","25,8","25,8","25,8","25,8","25,8","25,8","25,8","25,8","25,8","25,8","25,8","25,8","25,8","25,8","25,8","25,8","25,8","25,8","25,8","25,8","25,8","25,8","25,8","25,8","25,8","25,8","25,8","25,8","25,8","25,8","25,8","25,8","25,8","25,8","25,8","25,8","25,8","25,8","25,8","25,8","25,8","25,8","25,8","25,8","25,8","25,8","25,8","25,8","25,8","25,8","25,8","25,8","25,8","25,8","25,8","25,8","25,8","25,8","25,8","25,8","25,8","25,8","25,8"
Venta,AFIANHC,Blq. 1,17,,"26,0","26,0","26,0","26,0","26,0","26,0","26,0","26,0","26,0","26,0","26,0","26,0","26,0","26,0","26,0","26,0","26,0","26,0","26,0","26,0","26,0","26,0","26,0","26,0","26,0","26,0","26,0","26,0","26,0","26,0","26,0","26,0","26,0","26,0","26,0","26,0","26,0","26,0","26,0","26,0","26,0","26,0","26,0","26,0","26,0","26,0","26,0","26,0","26,0","26,0","26,0","26,0","26,0","26,0","26,0","26,0","26,0","26,0","26,0","26,0","26,0","26,0","26,0","26,0","26,0","26,0","26,0","26,0","26,0","26,0","26,0","26,0","26,0","26,0","26,0","26,0","26,0","26,0","26,0","26,0","26,0","26,0","26,0","26,0","26,0","26,0","26,0","26,0","26,0","26,0","26,0","26,0","26,0","26,0","26,0","26,0"
Venta,AFIBGEC,Blq. 1,17,,"0,8","6,8","6,8","6,8","6,8","6,8","6,8","6,8","6,8","6,8","6,8","6,8","6,8","1,8","6,8","6,8","6,8","6,8","6,8","6,8","6,8","6,8","6,8","6,8","6,8","6,8","6,8","6,8","6,8","6,8","6,8","6,8","6,8","6,8","6,8","6,8","6,8","6,8","6,8","6,8","6,8","6,8","6,8","6,8","6,8","6,8","6,8","6,8","6,8","6,8","6,8","3,7","6,8","1,8","6,8","6,8","6,8","6,8","6,8","6,8","1,8","6,8","1,8","6,8","6,8","6,8","6,8","6,8","6,8","6,8","6,8","6,8","6,8","6,8","6,8","6,8","6,8","6,8","6,8","6,8","6,8","6,8","6,8","6,8","6,8","6,8","6,8","6,8","6,8","6,8","6,8","6,8","6,8","6,8","6,8","6,8"
Venta,AFIBGEC,Blq. 2,17,,"6,0",,,,,,,,,,,,,"5,0",,,,,,,,,,,,,,,,,,,,,,,,,,,,,,,,,,,,,,"3,1",,"5,0",,,,,,,"5,0",,"5,0",,,,,,,,,,,,,,,,,,,,,,,,,,,,,,,,,
Venta,AFIBGEV,Blq. 1,17,,"6,0","6,0","6,0","6,0","6,0","6,0","6,0","6,0","6,0","6,0","6,0","6,0","6,0","6,0","6,0","6,0","6,0","6,0","6,0","6,0","6,0","6,0","6,0","6,0","6,0","6,0","6,0","6,0","6,0","2,5","6,0","6,0","6,0","6,0","6,0","6,0","6,0","6,0","6,0","6,0","6,0","6,0","6,0","6,0","6,0","6,0","6,0","6,0","6,0","6,0","6,0","6,0","6,0","6,0","6,0","6,0","6,0","6,0","6,0","6,0","6,0","6,0","6,0","6,0","6,0","6,0","6,0","6,0","6,0","6,0","6,0","6,0","6,0","6,0","6,0","6,0","6,0","6,0","6,0","6,0","6,0","6,0","6,0","3,1","6,0","6,0","6,0","6,0","2,2","2,2","6,0","6,0","6,0","6,0","6,0","6,0"
Venta,AFIBHEC,Blq. 1,17,,"0,5","5,5","5,5","5,5","5,5","5,5","5,5","5,5","5,5","5,5","5,5","5,5","5,5","0,5","5,5","5,5","5,5","5,5","5,5","5,5","5,5","5,5","5,5","5,5","5,5","5,5","5,5","5,5","5,5","5,5","5,5","5,5","5,5","5,5","5,5","5,5","5,5","5,5","5,5","5,5","5,5","5,5","5,5","5,5","5,5","5,5","5,5","5,5","5,5","5,5","5,5","2,4","5,5","0,5","5,5","5,5","5,5","5,5","5,5","5,5","0,5","5,5","0,5","5,5","5,5","5,5","5,5","5,5","5,5","5,5","5,5","5,5","5,5","5,5","5,5","5,5","5,5","5,5","5,5","5,5","5,5","5,5","5,5","5,5","5,5","5,5","5,5","5,5","5,5","5,5","5,5","5,5","5,5","5,5","5,5","5,5"
Venta,AFIBHEC,Blq. 2,17,,"5,0",,,,,,,,,,,,,"5,0",,,,,,,,,,,,,,,,,,,,,,,,,,,,,,,,,,,,,,"3,1",,"5,0",,,,,,,"5,0",,"5,0",,,,,,,,,,,,,,,,,,,,,,,,,,,,,,,,,
Venta,AFIBHFC,Blq. 1,17,,"3,2","5,0","5,0","5,0","5,0","5,0","5,0","5,0","5,0","5,0","5,0","5,0","5,0","5,0","5,0","5,0","5,0","5,0","5,0","5,0","5,0","5,0","5,0","5,0","5,0","5,0","5,0","5,0","5,0","5,0","5,0","5,0","5,0","5,0","5,0","5,0","5,0","5,0","5,0","5,0","5,0","5,0","5,0","5,0","5,0","5,0","5,0","2,0","5,0","5,0","5,0","5,0","5,0","5,0","5,0","5,0","5,0","5,0","5,0","5,0","5,0","5,0","5,0","5,0","5,0","5,0","5,0","5,0","5,0","5,0","5,0","5,0","5,0","5,0","5,0","5,0","5,0","5,0","5,0","5,0","5,0","5,0","5,0","5,0","5,0","5,0","5,0","5,0","5,0","5,0","5,0","5,0","5,0","5,0","5,0","5,0"
Venta,AFIBHFC,Blq. 2,17,,"1,8",,,,,,,,,,,,,,,,,,,,,,,,,,,,,,,,,,,,,,,,,,,,,,,"3,0",,,,,,,,,,,,,,,,,,,,,,,,,,,,,,,,,,,,,,,,,,,,,,,,
Venta,AFIOLHC,Blq. 1,17,,"25,0","25,0","25,0","25,0","25,0","25,0","25,0","25,0","25,0","25,0","25,0","25,0","25,0","25,0","25,0","25,0","25,0","25,0","25,0","25,0","25,0","25,0","25,0","25,0","25,0","25,0","25,0","25,0","25,0","25,0","25,0","25,0","25,0","25,0","25,0","25,0","25,0","25,0","25,0","25,0","25,0","25,0","25,0","25,0","25,0","25,0","25,0","25,0","25,0","25,0","25,0","25,0","25,0","25,0","25,0","25,0","25,0","25,0","25,0","25,0","25,0","25,0","25,0","25,0","25,0","25,0","25,0","25,0","25,0","25,0","25,0","25,0","25,0","25,0","25,0","25,0","25,0","25,0","25,0","25,0","25,0","25,0","25,0","25,0","25,0","25,0","25,0","25,0","25,0","25,0","25,0","25,0","25,0","25,0","25,0","25,0"
Venta,AFIREHC,Blq. 1,17,,"25,0","25,0","25,0","25,0","25,0","25,0","25,0","25,0","25,0","25,0","25,0","25,0","25,0","25,0","25,0","25,0","25,0","25,0","25,0","25,0","25,0","25,0","25,0","25,0","25,0","25,0","25,0","25,0","25,0","25,0","25,0","25,0","25,0","25,0","25,0","25,0","25,0","25,0","25,0","25,0","25,0","25,0","25,0","25,0","25,0","25,0","25,0","25,0","25,0","25,0","25,0","25,0","25,0","25,0","25,0","25,0","25,0","25,0","25,0","25,0","25,0","25,0","25,0","25,0","25,0","25,0","25,0","25,0","12,5","12,5","12,5","12,5","25,0","25,0","25,0","25,0","25,0","25,0","25,0","25,0","25,0","25,0","25,0","25,0","25,0","25,0","25,0","25,0","25,0","25,0","25,0","25,0","25,0","25,0","25,0","25,0"
Venta,AFIREHC,Blq. 2,17,,,,,,,,,,,,,,,,,,,,,,,,,,,,,,,,,,,,,,,,,,,,,,,,,,,,,,,,,,,,,,,,,,,,,,"12,5","12,5","12,5","12,5",,,,,,,,,,,,,,,,,,,,,,,,
Venta,AFIROHC,Blq. 1,17,,"25,0","25,0","25,0","25,0","25,0","25,0","25,0","25,0","25,0","25,0","25,0","25,0","25,0","25,0","25,0","25,0","25,0","25,0","25,0","25,0","25,0","25,0","25,0","25,0","25,0","25,0","25,0","25,0","25,0","25,0","25,0","25,0","25,0","25,0","25,0","25,0","25,0","25,0","25,0","25,0","25,0","25,0","25,0","25,0","25,0","25,0","25,0","25,0","25,0","25,0","25,0","25,0","25,0","25,0","25,0","25,0","25,0","25,0","25,0","25,0","25,0","25,0","25,0","25,0","25,0","25,0","25,0","25,0","25,0","25,0","25,0","25,0","25,0","25,0","25,0","25,0","25,0","25,0","25,0","25,0","25,0","25,0","25,0","25,0","25,0","25,0","25,0","25,0","25,0","25,0","25,0","25,0","25,0","25,0","25,0","25,0"
Venta,AGUB,Blq. 1,3,,"360,0","360,0","360,0","360,0","360,0","360,0","360,0","360,0","360,0","360,0","360,0","360,0","360,0","360,0","360,0","360,0","360,0","360,0","360,0","360,0","360,0","360,0","360,0","360,0","360,0","360,0","360,0","360,0","360,0","360,0","360,0","360,0","360,0","360,0","360,0","360,0","360,0","360,0","360,0","360,0","360,0","360,0","360,0","360,0","360,0","360,0","360,0","360,0","360,0","360,0","360,0","360,0","360,0","360,0","360,0","360,0","360,0","360,0","360,0","360,0","360,0","360,0","360,0","360,0","360,0","360,0","360,0","360,0","360,0","360,0","360,0","360,0","360,0","360,0","360,0","360,0","360,0","360,0","360,0","360,0","360,0","360,0","360,0","360,0","360,0","360,0","360,0","360,0","360,0","360,0","360,0","360,0","360,0","360,0","360,0","360,0"
Venta,AGUG,Blq. 1,1,,"360,6","360,6","360,6","360,6","360,6","360,6","360,6","360,6","360,6","360,6","360,6","360,6","360,6","360,6","360,6","360,6","360,6","360,6","360,6","360,6","360,6","360,6","360,6","360,6","360,6","360,6","360,6","360,6","360,6","360,6","360,6","360,6","360,6","360,6","360,6","360,6","360,6","360,6","360,6","360,6","360,6","360,6","360,6","360,6","360,6","360,6","360,6","360,6","360,6","360,6","360,6","360,6","360,6","360,6","360,6","360,6","360,6","360,6","360,6","360,6","360,6","360,6","360,6","360,6","360,6","360,6","360,6","360,6","360,6","360,6","360,6","360,6","360,6","360,6","360,6","360,6","360,6","360,6","360,6","360,6","360,6","360,6","360,6","360,6","360,6","360,6","360,6","360,6","360,6","360,6","360,6","360,6","360,6","360,6","360,6","360,6"
Venta,AIREV01,Blq. 1,2,,,,,,,,,,,,,,,,,,,,,,,,,,,,,,"0,0","0,0","0,0","0,0","0,0","0,0","0,0","0,0","0,0","0,0","0,0","0,0","0,0","0,0","0,0","0,0","0,0","0,0","0,0","0,0","0,0","0,0","0,0","0,0","0,0","0,0","0,0","0,0","0,0","0,0","0,0","0,0","0,0","0,0","0,0","0,0","0,0","0,0","0,0","0,0","0,0","0,0","0,0","0,0","0,0","0,0","0,0","0,0","0,0","0,0","0,0","0,0","0,0","0,0","0,0","0,0",,,,,,,,,,,,
Venta,ALBATER,Blq. 1,10,,,,,,,,,,,,,,,,,,,,,,,,,,,,,,,"0,0","0,0","0,0","0,0","0,0","0,0","0,0","0,0","0,0","0,0","0,0","0,0","0,0","0,0","0,0","0,0","0,0","0,0","0,0","0,0","0,0","0,0","0,0","0,0","0,0","0,0","0,0","0,0","0,0","0,0","0,0","0,0","0,0","0,0","0,0","0,0","0,0","0,0","0,0","0,0","0,0","0,0","0,0","0,0","0,0","0,0","0,0","0,0","0,0","0,0","0,0","0,0","0,0","0,0","0,0",,,,,,,,,,,,
Venta,ALCAZA2,Blq. 1,10,,,,,,,,,,,,,,,,,,,,,,,,,,,,,,,,,,,,,,,,,,,,,,,,"1,6","1,6","1,7","1,7","1,7","1,6","1,6","1,7","1,7","1,7","1,7","1,7","1,7","1,7","1,7","1,7","1,7","1,7","1,7","1,7",,,,,,,,,,,,,,,,,,,,,,,,,,,,,,
Venta,ALG3,Blq. 1,1,,"830,1","830,1","830,1","830,1","830,1","830,1","830,1","830,1","830,1","830,1","830,1","830,1","830,1","830,1","830,1","830,1","830,1","830,1","830,1","830,1","830,1","830,1","830,1","830,1","830,1","830,1","830,1","830,1","830,1","830,1","830,1","830,1","830,1","830,1","830,1","830,1","830,1","830,1","830,1","830,1","830,1","830,1","830,1","830,1","830,1","830,1","830,1","830,1","830,1","830,1","830,1","830,1","830,1","830,1","830,1","830,1","830,1","830,1","830,1","830,1","830,1","830,1","830,1","830,1","830,1","830,1","830,1","830,1","830,1","830,1","830,1","830,1","830,1","830,1","830,1","830,1","830,1","830,1","830,1","830,1","830,1","830,1","830,1","830,1","830,1","830,1","830,1","830,1","830,1","830,1","830,1","830,1","830,1","830,1","830,1","830,1"
Venta,ALHAM,Blq. 1,10,,"0,0","0,0","0,0","0,0","0,0","0,0","0,0","0,0","0,0","0,0","0,0","0,0","0,0","0,0","0,0","0,0","0,0","0,0","0,0","0,0","0,0","0,0","0,0","0,0","0,0","0,0","0,0","0,0","0,0","0,0","0,0","0,0","0,0","0,0","0,0","0,0","0,0","0,0","0,0","0,0","0,0","0,0","0,0","0,0","0,0","0,0","0,0","0,0","0,0","0,0","0,0","0,0","0,0","0,0","0,0","0,0","0,0","0,0","0,0","0,0","0,0","0,0","0,0","0,0","0,0","0,0","0,0","0,0","0,0","0,0","0,0","0,0","0,0","0,0","0,0","0,0","0,0","0,0","0,0","0,0","0,0","0,0","0,0","0,0","0,0","0,0","0,0","0,0","0,0","0,0","0,0","0,0","0,0","0,0","0,0","0,0"
Venta,ALZ1,Blq. 1,1,,"1011,3","1011,3","1011,3","1011,3","1011,3","1011,3","1011,3","1011,3","1011,3","1011,3","1011,3","1011,3","1011,3","1011,3","1011,3","1011,3","1011,3","1011,3","1011,3","1011,3","1011,3","1011,3","1011,3","1011,3","1011,3","1011,3","1011,3","1011,3","1011,3","1011,3","1011,3","1011,3","1011,3","1011,3","1011,3","1011,3","1011,3","1011,3","1011,3","1011,3","1011,3","1011,3","1011,3","1011,3","1011,3","1011,3","1011,3","1011,3","1011,3","1011,3","1011,3","1011,3","1011,3","1011,3","1011,3","1011,3","1011,3","1011,3","1011,3","1011,3","1011,3","1011,3","1011,3","1011,3","1011,3","1011,3","1011,3","1011,3","1011,3","1011,3","1011,3","1011,3","1011,3","1011,3","1011,3","1011,3","1011,3","1011,3","1011,3","1011,3","1011,3","1011,3","1011,3","1011,3","1011,3","1011,3","1011,3","1011,3","1011,3","1011,3","1011,3","1011,3","1011,3","1011,3","1011,3","1011,3"
Venta,ALZ2,Blq. 1,1,,"1005,8","1005,8","1005,8","1005,8","1005,8","1005,8","1005,8","1005,8","1005,8","1005,8","1005,8","1005,8","1005,8","1005,8","1005,8","1005,8","1005,8","1005,8","1005,8","1005,8","1005,8","1005,8","1005,8","1005,8","1005,8","1005,8","1005,8","1005,8","1005,8","1005,8","1005,8","1005,8","1005,8","1005,8","1005,8","1005,8","1005,8","1005,8","1005,8","1005,8","1005,8","1005,8","1005,8","1005,8","1005,8","1005,8","1005,8","1005,8","1005,8","1005,8","1005,8","1005,8","1005,8","1005,8","1005,8","1005,8","1005,8","1005,8","1005,8","1005,8","1005,8","1005,8","1005,8","1005,8","1005,8","1005,8","1005,8","1005,8","1005,8","1005,8","1005,8","1005,8","1005,8","1005,8","1005,8","1005,8","1005,8","1005,8","1005,8","1005,8","1005,8","1005,8","1005,8","1005,8","1005,8","1005,8","1005,8","1005,8","1005,8","1005,8","1005,8","1005,8","1005,8","1005,8","1005,8","1005,8"
Venta,AMBIETA,Blq. 1,1,,"786,4","786,4","786,4","786,4","786,4","786,4","786,4","786,4","786,4","786,4","786,4","786,4","786,4","786,4","786,4","786,4","786,4","786,4","786,4","786,4","786,4","786,4","786,4","786,4","786,4","786,4","786,4","786,4","786,4","786,4","786,4","786,4","786,4","786,4","786,4","786,4","786,4","786,4","786,4","786,4","786,4","786,4","786,4","786,4","786,4","786,4","786,4","786,4","786,4","786,4","786,4","786,4","786,4","786,4","786,4","786,4","786,4","786,4","786,4","786,4","786,4","786,4","786,4","786,4","786,4","786,4","786,4","786,4","786,4","786,4","786,4","786,4","786,4","786,4","786,4","786,4","786,4","786,4","786,4","786,4","786,4","786,4","786,4","786,4","786,4","786,4","786,4","786,4","786,4","786,4","786,4","786,4","786,4","786,4","786,4","786,4"
Venta,ARCH,Blq. 1,1,,"9999,9","9999,9","9999,9","9999,9","9999,9","9999,9","9999,9","9999,9","9999,9","9999,9","9999,9","9999,9","9999,9","9999,9","9999,9","9999,9","9999,9","9999,9","9999,9","9999,9","9999,9","9999,9","9999,9","9999,9","9999,9","9999,9","9999,9","9999,9","9999,9","9999,9","9999,9","9999,9","9999,9","9999,9","9999,9","9999,9","9999,9","9999,9","9999,9","9999,9","9999,9","9999,9","9999,9","9999,9","9999,9","9999,9","9999,9","9999,9","9999,9","9999,9","9999,9","9999,9","9999,9","9999,9","9999,9","9999,9","9999,9","9999,9","9999,9","9999,9","9999,9","9999,9","9999,9","9999,9","9999,9","9999,9","9999,9","9999,9","9999,9","9999,9","9999,9","9999,9","9999,9","9999,9","9999,9","9999,9","9999,9","9999,9","9999,9","9999,9","9999,9","9999,9","9999,9","9999,9","9999,9","9999,9","9999,9","9999,9","9999,9","9999,9","9999,9","9999,9","9999,9","9999,9","9999,9","9999,9"
Venta,ARCOS1,Blq. 1,1,,"389,2","389,2","389,2","389,2","389,2","389,2","389,2","389,2","389,2","389,2","389,2","389,2","389,2","389,2","389,2","389,2","389,2","389,2","389,2","389,2","389,2","389,2","389,2","389,2","389,2","389,2","389,2","389,2","389,2","389,2","389,2","389,2","389,2","389,2","389,2","179,7","389,2","177,1","177,1","177,1","173,6","173,6","173,6","173,6","171,0","171,0","171,0","171,0","166,6","166,6","166,6","166,6","166,6","166,6","166,6","166,6","158,0","158,0","158,0","158,0","155,4","155,4","155,4","155,4","155,4","155,4","155,4","155,4","157,3","157,3","157,3","157,3","157,3","157,3","157,3","389,2","164,3","0,2","0,2","0,2","389,2","389,2","389,2","389,2","2,6","2,6","2,6","2,6","389,2","389,2","389,2","389,2","389,2","389,2","389,2","389,2"
Venta,ARCOS1,Blq. 2,1,,,,,,,,,,,,,,,,,,,,,,,,,,,,,,,,,,,,,"209,5",,"212,1","212,1","212,1","215,6","215,6","215,6","215,6","218,2","218,2","218,2","218,2","222,6","222,6","222,6","222,6","222,6","222,6","222,6","222,6","231,2","231,2","231,2","231,2","233,8","233,8","233,8","233,8","233,8","233,8","233,8","233,8","231,9","231,9","231,9","231,9","231,9","231,9","231,9",,"224,9","389,0","389,0","389,0",,,,,"386,6","386,6","386,6","386,6",,,,,,,,
Venta,ARCOS2,Blq. 1,1,,"373,2","373,2","373,2","373,2","373,2","373,2","373,2","373,2","373,2","373,2","373,2","373,2","373,2","373,2","373,2","373,2","373,2","373,2","373,2","373,2","373,2","373,2","373,2","373,2","373,2","373,2","373,2","373,2","373,2","373,2","373,2","373,2","373,2","373,2","373,2","373,2","373,2","373,2","373,2","373,2","373,2","373,2","373,2","373,2","373,2","373,2","373,2","373,2","373,2","373,2","373,2","373,2","373,2","373,2","373,2","373,2","373,2","373,2","373,2","373,2","373,2","373,2","373,2","373,2","373,2","373,2","373,2","373,2","373,2","373,2","373,2","373,2","373,2","373,2","373,2","373,2","373,2","373,2","373,2","373,2","373,2","373,2","373,2","373,2","373,2","373,2","373,2","373,2","373,2","373,2","373,2","373,2","373,2","373,2","373,2","373,2"
Venta,ARCOS3,Blq. 1,1,,"170,0","170,0","170,0","170,0","170,0","170,0","170,0","170,0","170,0","170,0","170,0","170,0","170,0","170,0","170,0","170,0","170,0","170,0","170,0","170,0","170,0","170,0","170,0","170,0","170,0","170,0","170,0","170,0","170,0","170,0","170,0","170,0","170,0","170,0","170,0","170,0","170,0","170,0","170,0","170,0","170,0","170,0","170,0","170,0","170,0","170,0","170,0","170,0","170,0","170,0","170,0","170,0","170,0","170,0","170,0","170,0","170,0","170,0","170,0","170,0","170,0","170,0","170,0","170,0","170,0","170,0","170,0","170,0","170,0","170,0","170,0","170,0","170,0","170,0","170,0","170,0","170,0","170,0","170,0","170,0","170,0","170,0","170,0","170,0","170,0","170,0","170,0","170,0","170,0","170,0","170,0","170,0","170,0","170,0","170,0","170,0"
Venta,ARCOS3,Blq. 2,1,,"586,2","586,2","586,2","586,2","586,2","586,2","586,2","586,2","591,6","591,6","591,6","591,6","593,2","593,2","593,2","593,2","592,4","592,4","592,4","592,4","591,6","591,6","591,6","591,6","591,6","591,6","591,6","591,6","592,4","592,4","592,4","592,4","591,2","591,2","591,2","591,2","585,8","585,8","585,8","585,8","579,2","579,2","579,2","579,2","574,4","574,4","574,4","574,4","566,6","566,6","566,6","566,6","566,6","566,6","566,6","566,6","552,4","552,4","552,4","552,4","548,2","548,2","548,2","548,2","548,2","548,2","548,2","548,2","551,2","551,2","551,2","551,2","551,2","551,2","551,2","551,2","562,6","562,6","562,6","562,6","568,2","568,2","568,2","568,2","573,2","573,2","573,2","573,2","576,8","576,8","576,8","576,8","576,8","576,8","576,8","576,8"
Venta,ARCOS3,Blq. 3,1,,"66,6","66,6","66,6","66,6","66,6","66,6","66,6","66,6","61,2","61,2","61,2","61,2","59,6","59,6","59,6","59,6","60,4","60,4","60,4","60,4","61,2","61,2","61,2","61,2","61,2","61,2","61,2","61,2","60,4","60,4","60,4","60,4","61,6","61,6","61,6","61,6","67,0","67,0","67,0","67,0","73,6","73,6","73,6","73,6","78,4","78,4","78,4","78,4","86,2","86,2","86,2","86,2","86,2","86,2","86,2","86,2","100,4","100,4","100,4","100,4","104,6","104,6","104,6","104,6","104,6","104,6","104,6","104,6","101,6","101,6","101,6","101,6","101,6","101,6","101,6","101,6","90,2","90,2","90,2","90,2","84,6","84,6","84,6","84,6","79,6","79,6","79,6","79,6","76,0","76,0","76,0","76,0","76,0","76,0","76,0","76,0"
Venta,ARRU1,Blq. 1,1,,"239,6","239,6","239,6","239,6","239,6","239,6","239,6","239,6","394,6","394,6","394,6","394,6","394,6","394,6","394,6","394,6","394,6","394,6","394,6","394,6","394,6","239,6","239,6","239,6","239,6","239,6","239,6","239,6","239,6","239,6","239,6","239,6","239,6",,"394,6","394,6","394,6","394,6","394,6","394,6","394,6","394,6","394,6","394,6","394,6","394,6","394,6","394,6","394,6","394,6","394,6","394,6","394,6","394,6","394,6","394,6","394,6","394,6","394,6","394,6","394,6","394,6","394,6","394,6","394,6","394,6","394,6","394,6","394,6","394,6","394,6","394,6","394,6","394,6","394,6","394,6","239,6","239,6","239,6","239,6","239,6","239,6","239,6","239,6","239,6","239,6","239,6","239,6","239,6","239,6","239,6","239,6","239,6","239,6","239,6","239,6"
Venta,ARRU2,Blq. 1,1,,"390,0","390,0","390,0","390,0","390,0","390,0","390,0","390,0","390,0","390,0","390,0","390,0","390,0","390,0","390,0","390,0","390,0","390,0","390,0","390,0","390,0","236,0","236,0","236,0","236,0","236,0","236,0","236,0","236,0","236,0","236,0","236,0","236,0",,"390,0","390,0","390,0","390,0","390,0","390,0","390,0","390,0","390,0","390,0","390,0","390,0","390,0","390,0","390,0","390,0","390,0","390,0","390,0","390,0","390,0","390,0","390,0","390,0","390,0","390,0","390,0","390,0","390,0","390,0","390,0","390,0","390,0","390,0","390,0","390,0","390,0","390,0","390,0","390,0","390,0","390,0","236,0","236,0","236,0","236,0","236,0","236,0","236,0","236,0","236,0","236,0","236,0","236,0","236,0","236,0","236,0","236,0","236,0","236,0","236,0","236,0"
Venta,ASC1,Blq. 1,1,,"1006,0","1006,0","1006,0","1006,0","1006,0","1006,0","1006,0","1006,0","1006,0","1006,0","1006,0","1006,0","1006,0","1006,0","1006,0","1006,0","1006,0","1006,0","1006,0","1006,0","1006,0","1006,0","1006,0","1006,0","1006,0","1006,0","1006,0","1006,0","1006,0","1006,0","1006,0","1006,0","1006,0","1006,0","1006,0","1006,0","1006,0","1006,0","1006,0","1006,0","1006,0","1006,0","1006,0","1006,0","1006,0","1006,0","1006,0","1006,0","1006,0","1006,0","1006,0","1006,0","1006,0","1006,0","1006,0","1006,0","1006,0","1006,0","1006,0","1006,0","1006,0","1006,0","1006,0","1006,0","1006,0","1006,0","1006,0","1006,0","1006,0","1006,0","1006,0","1006,0","1006,0","1006,0","1006,0","1006,0","1006,0","1006,0","1006,0","1006,0","1006,0","1006,0","1006,0","1006,0","1006,0","1006,0","1006,0","1006,0","1006,0","1006,0","1006,0","1006,0","1006,0","1006,0","1006,0","1006,0"
Venta,ASC2,Blq. 1,1,,"991,7","991,7","991,7","991,7","991,7","991,7","991,7","991,7","991,7","991,7","991,7","991,7","991,7","991,7","991,7","991,7","991,7","991,7","991,7","991,7","991,7","991,7","991,7","991,7","991,7","991,7","991,7","991,7","991,7","991,7","991,7","991,7","991,7","991,7","991,7","991,7","991,7","991,7","991,7","991,7","991,7","991,7","991,7","991,7","991,7","991,7","991,7","991,7","991,7","991,7","991,7","991,7","991,7","991,7","991,7","991,7","991,7","991,7","991,7","991,7","991,7","991,7","991,7","991,7","991,7","991,7","991,7","991,7","991,7","991,7","991,7","991,7","991,7","991,7","991,7","991,7","991,7","991,7","991,7","991,7","991,7","991,7","991,7","991,7","991,7","991,7","991,7","991,7","991,7","991,7","991,7","991,7","991,7","991,7","991,7","991,7"
Venta,ATOMCEC,Blq. 1,10,,,,,,,,,,,,,,,,,,,,,,,,,,,,,,,,,,,,,,,,,,,,,,,,,,,,,,,,,,"0,1","0,1","0,1","0,1","0,1","0,1","0,1","0,1","0,1","0,1","0,1","0,1","0,1","0,1","0,1","0,1","0,1","0,1","0,1","0,1","0,1","0,1","0,1","0,1","0,1","0,1","0,1","0,1","0,1","0,1","0,1","0,1","0,1","0,1","0,1","0,1","0,1","0,1","0,1","0,1"
Venta,ATOMICO,Blq. 1,10,,,,,,,,,,,,,,,,,,,,,,,,,,,,,,,,,,,,,,,,,,,,,,,,,,,,,,,,,,,,,,,,,,,,,,,,,,"0,1","0,1","0,1","0,1","0,1","0,1","0,1","0,1","0,1","0,1","0,1","0,1","0,1","0,1","0,1","0,1","0,1","0,1","0,1","0,1","0,1","0,1","0,1","0,1"
Venta,AUNGNR,Blq. 1,2,,"0,0","0,0","0,0","0,0","0,0","0,0","0,0","0,0","0,0","0,0","0,0","0,0","0,0","0,0","0,0","0,0","0,0","0,0","0,0","0,0","0,0","0,0","0,0","0,0","0,0","0,0","0,0","0,0","0,0","0,0","0,0","0,0","0,0","0,0","0,0","0,0","0,0","0,0","0,0","0,0","0,0","0,0","0,0","0,0","0,0","0,0","0,0","0,0","0,0","0,0","0,0","0,0","0,0","0,0","0,0","0,0","0,0","0,0","0,0","0,0","0,0","0,0","0,0","0,0","0,0","0,0","0,0","0,0","0,0","0,0","0,0","0,0","0,0","0,0","0,0","0,0","0,0","0,0","0,0","0,0","0,0","0,0","0,0","0,0","0,0","0,0","0,0","0,0","0,0","0,0","0,0","0,0","0,0","0,0","0,0","0,0"
Venta,AYPGNR,Blq. 1,2,,"0,0","0,0","0,0","0,0","0,0","0,0","0,0","0,0","0,0","0,0","0,0","0,0","0,0","0,0","0,0","0,0","0,0","0,0","0,0","0,0","0,0","0,0","0,0","0,0","0,0","0,0","0,0","0,0","0,0","0,0","0,0","0,0","0,0","0,0","0,0","0,0","0,0","0,0","0,0","0,0","0,0","0,0","0,0","0,0","0,0","0,0","0,0","0,0","0,0","0,0","0,0","0,0","0,0","0,0","0,0","0,0","0,0","0,0","0,0","0,0","0,0","0,0","0,0","0,0","0,0","0,0","0,0","0,0","0,0","0,0","0,0","0,0","0,0","0,0","0,0","0,0","0,0","0,0","0,0","0,0","0,0","0,0","0,0","0,0","0,0","0,0","0,0","0,0","0,0","0,0","0,0","0,0","0,0","0,0","0,0","0,0"
Venta,AZULIB,Blq. 1,10,,"17,7","17,7","17,7","17,7","17,7","17,7","17,7","17,7","17,7","17,7","17,7","17,7","17,7","17,7","17,7","17,7","17,7","17,7","17,7","17,7","17,7","17,7","17,7","17,7","17,7","17,7","17,7","17,7","17,7","17,7","17,7","17,7","17,7","17,7","17,7","17,7","17,7","17,7","17,7","17,7","17,7","17,7","17,7","17,7","17,7","17,7","17,7","17,7","17,7","17,7","17,7","17,7","17,7","17,7","17,7","17,7","17,7","17,7","17,7","17,7","17,7","17,7","17,7","17,7","17,7","17,7","17,7","17,7","17,7","17,7","17,7","17,7","17,7","17,7","17,7","17,7","17,7","17,7","17,7","17,7","17,7","17,7","17,7","17,7","17,7","17,7","17,7","17,7","17,7","17,7","17,7","17,7","17,7","17,7","17,7","17,7"
Venta,BAHIAB,Blq. 1,1,,"435,3","435,3","435,3","435,3","57,4","57,4","86,2","86,2","115,0","177,0","177,0","177,0","28,6","28,6","28,6","28,6","37,4","30,3","28,6","435,3","435,3","169,2","115,0","115,0","435,3","435,3","435,3","435,3","435,3","435,3","435,3","435,3","435,3","28,6","435,3","177,0","57,4","177,0","177,0","177,0","177,0","177,0","177,0","177,0","177,0","177,0","177,0","177,0","177,0","177,0","177,0","177,0","177,0","177,0","177,0","177,0","177,0","177,0","177,0","177,0","177,0","177,0","177,0","177,0","177,0","177,0","177,0","177,0","177,0","177,0","177,0","177,0","177,0","177,0","115,0","435,3","86,2","435,3","435,3","435,3","435,3","435,3","435,3","435,3","435,3","435,3","435,3","435,3","435,3","435,3","435,3","435,3","435,3","435,3","435,3","435,3"
Venta,BAHIAB,Blq. 2,1,,,,,,"435,3","435,3","435,3","435,3","435,3","435,3","435,3","435,3","435,3","435,3","435,3","435,3","435,3","435,3","435,3",,,"435,3","435,3","435,3",,,,,,,,,,"435,3",,"435,3","435,3","435,3","435,3","435,3","435,3","435,3","435,3","435,3","435,3","435,3","435,3","435,3","435,3","435,3","435,3","435,3","435,3","435,3","435,3","435,3","435,3","435,3","435,3","435,3","435,3","435,3","435,3","435,3","435,3","435,3","435,3","435,3","435,3","435,3","435,3","435,3","435,3","435,3","435,3",,"435,3",,,,,,,,,,,,,,,,,,,
Venta,BERJUCA,Blq. 1,1,,"9999,9","9999,9","9999,9","9999,9","9999,9","9999,9","9999,9","9999,9","9999,9","9999,9","9999,9","9999,9","9999,9","9999,9","9999,9","9999,9","9999,9","9999,9","9999,9","9999,9","9999,9","9999,9","9999,9","9999,9","9999,9","9999,9","9999,9","9999,9","9999,9","9999,9","9999,9","9999,9","9999,9","9999,9","9999,9","9999,9","9999,9","9999,9","9999,9","9999,9","9999,9","9999,9","9999,9","9999,9","9999,9","9999,9","9999,9","9999,9","9999,9","9999,9","9999,9","9999,9","9999,9","9999,9","9999,9","9999,9","9999,9","9999,9","9999,9","9999,9","9999,9","9999,9","9999,9","9999,9","9999,9","9999,9","9999,9","9999,9","9999,9","9999,9","9999,9","9999,9","9999,9","9999,9","9999,9","9999,9","9999,9","9999,9","9999,9","9999,9","9999,9","9999,9","9999,9","9999,9","9999,9","9999,9","9999,9","9999,9","9999,9","9999,9","9999,9","9999,9","9999,9","9999,9","9999,9","9999,9"
Venta,BES4,Blq. 1,1,,"400,0","400,0","400,0","400,0","400,0","400,0","400,0","400,0","400,0","400,0","400,0","400,0","400,0","400,0","400,0","400,0","400,0","400,0","400,0","400,0","400,0","400,0","400,0","400,0","400,0","400,0","400,0","400,0","400,0","400,0","400,0","400,0","400,0","400,0","400,0","400,0","400,0","400,0","400,0","400,0","400,0","400,0","400,0","400,0","400,0","400,0","400,0","400,0","400,0","400,0","400,0","400,0","400,0","400,0","400,0","400,0","400,0","400,0","400,0","400,0","400,0","400,0","400,0","400,0","400,0","400,0","400,0","400,0","400,0","400,0","400,0","400,0","400,0","400,0","400,0","400,0","400,0","400,0","400,0","400,0","400,0","400,0","400,0","400,0","400,0","400,0","400,0","400,0","400,0","400,0","400,0","400,0","400,0","400,0","400,0","400,0"
Venta,BES5,Blq. 1,1,,"859,0","859,0","859,0","859,0","859,0","859,0","859,0","859,0","859,0","859,0","859,0","859,0","859,0","859,0","859,0","859,0","859,0","859,0","859,0","859,0","859,0","859,0","859,0","859,0","859,0","859,0","859,0","859,0","859,0","859,0","859,0","859,0","859,0","859,0","859,0","859,0","859,0","859,0","859,0","859,0","859,0","859,0","859,0","859,0","859,0","859,0","859,0","859,0","859,0","859,0","859,0","859,0","859,0","859,0","859,0","859,0","859,0","859,0","859,0","859,0","859,0","859,0","859,0","859,0","859,0","859,0","859,0","859,0","859,0","859,0","859,0","859,0","859,0","859,0","859,0","859,0","859,0","859,0","859,0","859,0","859,0","859,0","859,0","859,0","859,0","859,0","859,0","859,0","859,0","859,0","859,0","859,0","859,0","859,0","859,0","859,0"
Venta,BLANC,Blq. 1,10,,"0,0","0,0","0,0","0,0","0,0","0,0","0,0","0,0","0,0","0,0","0,0","0,0","0,0","0,0","0,0","0,0","0,0","0,0","0,0","0,0","0,0","0,0","0,0","0,0","0,0","0,0","0,0","0,0","0,0","0,0","0,0","0,0","0,0","0,0","0,0","0,0","0,0","0,0","0,0","0,0","0,0","0,0","0,0","0,0","0,0","0,0","0,0","0,0","0,0","0,0","0,0","0,0","0,0","0,0","0,0","0,0","0,0","0,0","0,0","0,0","0,0","0,0","0,0","0,0","0,0","0,0","0,0","0,0","0,0","0,0","0,0","0,0","0,0","0,0","0,0","0,0","0,0","0,0","0,0","0,0","0,0","0,0","0,0","0,0","0,0","0,0","0,0","0,0","0,0","0,0","0,0","0,0","0,0","0,0","0,0","0,0"
Venta,BOLI,Blq. 1,1,,"9999,9","9999,9","9999,9","9999,9","9999,9","9999,9","9999,9","9999,9","9999,9","9999,9","9999,9","9999,9","9999,9","9999,9","9999,9","9999,9","9999,9","9999,9","9999,9","9999,9","9999,9","9999,9","9999,9","9999,9","9999,9","9999,9","9999,9","9999,9","9999,9","9999,9","9999,9","9999,9","9999,9","9999,9","9999,9","9999,9","9999,9","9999,9","9999,9","9999,9","9999,9","9999,9","9999,9","9999,9","9999,9","9999,9","9999,9","9999,9","9999,9","9999,9","9999,9","9999,9","9999,9","9999,9","9999,9","9999,9","9999,9","9999,9","9999,9","9999,9","9999,9","9999,9","9999,9","9999,9","9999,9","9999,9","9999,9","9999,9","9999,9","9999,9","9999,9","9999,9","9999,9","9999,9","9999,9","9999,9","9999,9","9999,9","9999,9","9999,9","9999,9","9999,9","9999,9","9999,9","9999,9","9999,9","9999,9","9999,9","9999,9","9999,9","9999,9","9999,9","9999,9","9999,9","9999,9","9999,9"
Venta,BTRR1,Blq. 1,10,,"0,0","0,0","0,0","0,0","0,0","0,0","0,0","0,0","0,0","0,0","0,0","0,0","0,0","0,0","0,0","0,0","0,0","0,0","0,0","0,0","0,0","0,0","0,0","0,0","0,0","0,0","0,0","0,0","0,0","0,0","0,0","0,0","0,0","0,0","0,0","0,0","0,0","0,0","0,0","0,0","0,0","0,0","0,0","0,0","0,0","0,0","0,0","0,0","0,0","0,0","0,0","0,0","0,0","0,0","0,0","0,0","0,0","0,0","0,0","0,0","0,0","0,0","0,0","0,0","0,0","0,0","0,0","0,0","0,0","0,0","0,0","0,0","0,0","0,0","0,0","0,0","0,0","0,0","0,0","0,0","0,0","0,0","0,0","0,0","0,0","0,0","0,0","0,0","0,0","0,0","0,0","0,0","0,0","0,0","0,0","0,0"
Venta,BTRR2,Blq. 1,10,,"0,0","0,0","0,0","0,0","0,0","0,0","0,0","0,0","0,0","0,0","0,0","0,0","0,0","0,0","0,0","0,0","0,0","0,0","0,0","0,0","0,0","0,0","0,0","0,0","0,0","0,0","0,0","0,0","0,0","0,0","0,0","0,0","0,0","0,0","0,0","0,0","0,0","0,0","0,0","0,0","0,0","0,0","0,0","0,0","0,0","0,0","0,0","0,0","0,0","0,0","0,0","0,0","0,0","0,0","0,0","0,0","0,0","0,0","0,0","0,0","0,0","0,0","0,0","0,0","0,0","0,0","0,0","0,0","0,0","0,0","0,0","0,0","0,0","0,0","0,0","0,0","0,0","0,0","0,0","0,0","0,0","0,0","0,0","0,0","0,0","0,0","0,0","0,0","0,0","0,0","0,0","0,0","0,0","0,0","0,0","0,0"
Venta,BTRR3,Blq. 1,10,,"0,0","0,0","0,0","0,0","0,0","0,0","0,0","0,0","0,0","0,0","0,0","0,0","0,0","0,0","0,0","0,0","0,0","0,0","0,0","0,0","0,0","0,0","0,0","0,0","0,0","0,0","0,0","0,0","0,0","0,0","0,0","0,0","0,0","0,0","0,0","0,0","0,0","0,0","0,0","0,0","0,0","0,0","0,0","0,0","0,0","0,0","0,0","0,0","0,0","0,0","0,0","0,0","0,0","0,0","0,0","0,0","0,0","0,0","0,0","0,0","0,0","0,0","0,0","0,0","0,0","0,0","0,0","0,0","0,0","0,0","0,0","0,0","0,0","0,0","0,0","0,0","0,0","0,0","0,0","0,0","0,0","0,0","0,0","0,0","0,0","0,0","0,0","0,0","0,0","0,0","0,0","0,0","0,0","0,0","0,0","0,0"
Venta,BYDETIC,Blq. 1,2,,"0,1","0,1","0,1","0,1","0,1","0,1","0,1","0,1","0,1","0,1","0,1","0,1","0,1","0,1","0,1","0,1","0,1","0,1","0,1","0,1","0,1","0,1","0,1","0,1","0,1","0,1","0,1","0,1","0,1","0,1","0,1","0,1","0,1","0,1","0,1","0,1","0,1","0,1","0,1","0,1","0,1","0,1","0,1","0,1","0,1","0,1","0,1","0,1","0,1","0,1","0,1","0,1","0,1","0,1","0,1","0,1","0,1","0,1","0,1","0,1","0,1","0,1","0,1","0,1","0,1","0,1","0,1","0,1","0,1","0,1","0,1","0,1","0,1","0,1","0,1","0,1","0,1","0,1","0,1","0,1","0,1","0,1","0,1","0,1","0,1","0,1","0,1","0,1","0,1","0,1","0,1","0,1","0,1","0,1","0,1","0,1"
Venta,CAMGI10,Blq. 1,1,,"392,7","392,7","392,7","392,7","392,7","392,7","392,7","392,7","392,7","392,7","392,7","392,7","392,7","392,7","392,7","392,7","392,7","392,7","392,7","392,7","392,7","392,7","392,7","392,7","392,7","392,7","392,7","392,7","392,7","392,7","392,7","392,7","392,7","392,7","392,7","392,7","392,7","392,7","392,7","392,7","392,7","392,7","392,7","392,7","392,7","392,7","392,7","392,7","392,7","392,7","392,7","392,7","392,7","392,7","392,7","392,7","392,7","392,7","392,7","392,7","392,7","392,7","392,7","392,7","392,7","392,7","392,7","392,7","392,7","392,7","392,7","392,7","392,7","392,7","392,7","392,7","392,7","392,7","392,7","392,7","392,7","392,7","392,7","392,7","392,7","392,7","392,7","392,7","392,7","392,7","392,7","392,7","392,7","392,7","392,7","392,7"
Venta,CASMON,Blq. 1,10,,"0,0","0,0","0,0","0,0","0,0","0,0","0,0","0,0","0,0","0,0","0,0","0,0","0,0","0,0","0,0","0,0","0,0","0,0","0,0","0,0","0,0","0,0","0,0","0,0","0,0","0,0","0,0","0,0","0,0","0,0","0,0","0,0","0,0","0,0","0,0","0,0","0,0","0,0","0,0","0,0","0,0","0,0","0,0","0,0","0,0","0,0","0,0","0,0","0,0","0,0","0,0","0,0","0,0","0,0","0,0","0,0","0,0","0,0","0,0","0,0","0,0","0,0","0,0","0,0","0,0","0,0","0,0","0,0","0,0","0,0","0,0","0,0","0,0","0,0","0,0","0,0","0,0","0,0","0,0","0,0","0,0","0,0","0,0","0,0","0,0","0,0","0,0","0,0","0,0","0,0","0,0","0,0","0,0","0,0","0,0","0,0"
Venta,CATRAL1,Blq. 1,10,,,,,,,,,,,,,,,,,,,,,,,,,,,,,,,,,"0,0","0,0","0,0","0,0","0,0","0,0","0,0","0,0","0,0","0,0","0,0","0,0","0,0","0,0","0,0","0,0","0,0","0,0","0,0","0,0","0,0","0,0","0,0","0,0","0,0","0,0","0,0","0,0","0,0","0,0","0,0","0,0","0,0","0,0","0,0","0,0","0,0","0,0","0,0","0,0","0,0","0,0","0,0","0,0","0,0","0,0","0,0","0,0","0,0","0,0","0,0","0,0","0,0",,,,,,,,,,,,
Venta,CATRAL2,Blq. 1,2,,,,,,,,,,,,,,,,,,,,,,,,,,,,,,,,,"0,0","0,0","0,0","0,0","0,0","0,0","0,0","0,0","0,0","0,0","0,0","0,0","0,0","0,0","0,0","0,0","0,0","0,0","0,0","0,0","0,0","0,0","0,0","0,0","0,0","0,0","0,0","0,0","0,0","0,0","0,0","0,0","0,0","0,0","0,0","0,0","0,0","0,0","0,0","0,0","0,0","0,0","0,0","0,0","0,0","0,0","0,0","0,0","0,0",,,,,,,,,,,,,,,,
Venta,CGGRABI,Blq. 1,10,,"0,0","0,0","0,0","0,0","0,0","0,0","0,0","0,0","0,0","0,0","0,0","0,0","0,0","0,0","0,0","0,0","0,0","0,0","0,0","0,0","0,0","0,0","0,0","0,0","0,0","0,0","0,0","0,0","0,0","0,0","0,0","0,0","0,0","0,0","0,0","0,0","0,0","0,0","0,0","0,0","0,0","0,0","0,0","0,0","0,0","0,0","0,0","0,0","0,0","0,0","0,0","0,0","0,0","0,0","0,0","0,0","0,0","0,0","0,0","0,0","0,0","0,0","0,0","0,0","0,0","0,0","0,0","0,0","0,0","0,0","0,0","0,0","0,0","0,0","0,0","0,0","0,0","0,0","0,0","0,0","0,0","0,0","0,0","0,0","0,0","0,0","0,0","0,0","0,0","0,0","0,0","0,0","0,0","0,0","0,0","0,0"
Venta,CGLAM,Blq. 1,2,,"0,0","0,0","0,0","0,0","0,0","0,0","0,0","0,0","0,0","0,0","0,0","0,0","0,0","0,0","0,0","0,0","0,0","0,0","0,0","0,0","0,0","0,0","0,0","0,0","0,0","0,0","0,0","0,0","0,0","0,0","0,0","0,0","0,0","0,0","0,0","0,0","0,0","0,0","0,0","0,0","0,0","0,0","0,0","0,0","0,0","0,0","0,0","0,0","0,0","0,0","0,0","0,0","0,0","0,0","0,0","0,0","0,0","0,0","0,0","0,0","0,0","0,0","0,0","0,0","0,0","0,0","0,0","0,0","0,0","0,0","0,0","0,0","0,0","0,0","0,0","0,0","0,0","0,0","0,0","0,0","0,0","0,0","0,0","0,0","0,0","0,0","0,0","0,0","0,0","0,0","0,0","0,0","0,0","0,0","0,0","0,0"
Venta,CHBAO,Blq. 1,1,,"0,0","0,0","0,0","0,0","0,0","0,0","0,0","0,0","0,0","0,0","0,0","0,0","0,0","0,0","0,0","0,0","0,0","0,0","0,0","0,0","0,0","0,0","0,0","0,0","0,0","0,0","0,0","0,0","0,0","0,0","0,0","0,0","0,0","0,0","0,0","0,0","0,0","0,0","0,0","0,0","0,0","0,0","0,0","0,0","0,0","0,0","0,0","0,0","0,0","0,0","0,0","0,0","0,0","0,0","0,0","0,0","0,0","0,0","0,0","0,0","0,0","0,0","0,0","0,0","0,0","0,0","0,0","0,0","0,0","0,0","0,0","0,0","0,0","0,0","0,0","0,0","0,0","0,0","0,0","0,0","0,0","0,0","0,0","0,0","0,0","0,0","0,0","0,0","0,0","0,0","0,0","0,0","0,0","0,0","0,0","0,0"
Venta,CHIPB,Blq. 1,3,,"99,0","99,0","99,0","99,0","99,0","99,0","99,0","99,0","99,0","99,0","99,0","99,0","99,0","99,0","99,0","99,0","99,0","99,0","99,0","99,0","99,0","99,0","99,0","99,0","99,0","99,0","99,0","99,0","99,0","99,0","99,0","99,0","99,0","99,0","99,0","99,0","99,0","99,0","99,0","99,0","99,0","99,0","99,0","99,0","99,0","99,0","99,0","99,0","99,0","99,0","99,0","99,0","99,0","99,0","99,0","99,0","99,0","99,0","99,0","99,0","99,0","99,0","99,0","99,0","99,0","99,0","99,0","99,0","99,0","99,0","99,0","99,0","99,0","99,0","99,0","99,0","99,0","99,0","99,0","99,0","99,0","99,0","99,0","99,0","99,0","99,0","99,0","99,0","99,0","99,0","99,0","99,0","99,0","99,0","99,0","99,0"
Venta,CHIPG,Blq. 1,1,,"88,7","88,7","88,7","88,7","88,7","88,7","88,7","88,7","88,7","88,7","88,7","88,7","88,7","88,7","88,7","88,7","88,7","88,7","88,7","88,7","88,7","88,7","88,7","88,7","88,7","88,7","88,7","88,7","88,7","88,7","88,7","88,7","88,7","88,7","88,7","88,7","88,7","88,7","88,7","88,7","88,7","88,7","88,7","88,7","88,7","88,7","88,7","88,7","88,7","88,7","88,7","88,7","88,7","88,7","88,7","88,7","88,7","88,7","88,7","88,7","88,7","88,7","88,7","88,7","88,7","88,7","88,7","88,7","88,7","88,7","88,7","88,7","88,7","88,7","88,7","88,7","88,7","88,7","88,7","88,7","88,7","88,7","88,7","88,7","88,7","88,7","88,7","88,7","88,7","88,7","88,7","88,7","88,7","88,7","88,7","88,7"
Venta,CHURC,Blq. 1,1,,"0,0","0,0","0,0","0,0","0,0","0,0","0,0","0,0","0,0","0,0","0,0","0,0","0,0","0,0","0,0","0,0","0,0","0,0","0,0","0,0","0,0","0,0","0,0","0,0","0,0","0,0","0,0","0,0","0,0","0,0","0,0","0,0","0,0","0,0","0,0","0,0","0,0","0,0","0,0","0,0","0,0","0,0","0,0","0,0","0,0","0,0","0,0","0,0","0,0","0,0","0,0","0,0","0,0","0,0","0,0","0,0","0,0","0,0","0,0","0,0","0,0","0,0","0,0","0,0","0,0","0,0","0,0","0,0","0,0","0,0","0,0","0,0","0,0","0,0","0,0","0,0","0,0","0,0","0,0","0,0","0,0","0,0","0,0","0,0","0,0","0,0","0,0","0,0","0,0","0,0","0,0","0,0","0,0","0,0","0,0","0,0"
Venta,CHURD,Blq. 1,1,,"0,0","0,0","0,0","0,0","0,0","0,0","0,0","0,0","0,0","0,0","0,0","0,0","0,0","0,0","0,0","0,0","0,0","0,0","0,0","0,0","0,0","0,0","0,0","0,0","0,0","0,0","0,0","0,0","0,0","0,0","0,0","0,0","0,0","0,0","0,0","0,0","0,0","0,0","0,0","0,0","0,0","0,0","0,0","0,0","0,0","0,0","0,0","0,0","0,0","0,0","0,0","0,0","0,0","0,0","0,0","0,0","0,0","0,0","0,0","0,0","0,0","0,0","0,0","0,0","0,0","0,0","0,0","0,0","0,0","0,0","0,0","0,0","0,0","0,0","0,0","0,0","0,0","0,0","0,0","0,0","0,0","0,0","0,0","0,0","0,0","0,0","0,0","0,0","0,0","0,0","0,0","0,0","0,0","0,0","0,0","0,0"
Venta,CILCOR,Blq. 1,10,,"94,1","94,1","94,1","94,1","94,1","94,1","94,1","94,1","94,1","94,1","94,1","94,1","94,1","94,1","94,1","94,1","94,1","94,1","94,1","94,1","94,1","94,1","94,1","94,1","94,1","94,1","94,1","94,1","94,1","94,1","94,1","94,1","94,1","94,1","94,1","94,1","94,1","94,1","94,1","94,1","94,1","94,1","94,1","94,1","94,1","94,1","94,1","94,1","94,1","94,1","94,1","94,1","94,1","94,1","94,1","94,1","94,1","94,1","94,1","94,1","94,1","94,1","94,1","94,1","94,1","94,1","94,1","94,1","94,1","94,1","94,1","94,1","94,1","94,1","94,1","94,1","94,1","94,1","94,1","94,1","94,1","94,1","94,1","94,1","94,1","94,1","94,1","94,1","94,1","94,1","94,1","94,1","94,1","94,1","94,1","94,1"
Venta,CINCOVI,Blq. 1,10,,,,,,,,,,,,,,,,,,,,,,,,,,,,,,,,,,,,,,,,,,,"2,0","2,0","2,0","2,0","2,0","2,0","2,0","2,0","2,0","2,0","2,0","2,0","2,0","2,0","2,0","2,0","2,0","2,0","2,0","2,0","2,0","2,0","2,0","2,0","2,0","2,0","2,0","2,0","2,0",,,,,,,,,,,,,,,,,,,,,,,,,,
Venta,CLIFV10,Blq. 1,10,,,,,,,,,,,,,,,,,,,,,,,,,,,,,,"0,0","0,0","0,0","0,0","0,0","0,0","0,0","0,0","0,0","0,0","0,0","0,0","0,0","0,0","0,0","0,0","0,0","0,0","0,0","0,0","0,0","0,0","0,0","0,0","0,0","0,0","0,0","0,0","0,0","0,0","0,0","0,0","0,0","0,0","0,0","0,0","0,0","0,0","0,0","0,0","0,0","0,0","0,0","0,0","0,0","0,0","0,0","0,0","0,0","0,0","0,0","0,0","0,0","0,0","0,0","0,0","0,0","0,0",,,,,,,,,,
Venta,CLIFV21,Blq. 1,10,,,,,,,,,,,,,,,,,,,,,,,,,,,,,,,,,,,,,,,,,,,,,,,,,,"3,3","3,3","3,3","3,3","3,3","3,3","3,3","3,3","3,2","3,1","3,1","3,0","3,0","3,0","3,0","3,0","3,0",,,,,,,,,,,,,,,,,,,,,,,,,,,,,,,
Venta,CLIFV30,Blq. 1,10,,,,,,,,,,,,,,,,,,,,,,,,,,"0,0","0,0","0,0","0,0","0,0","0,0","0,0","0,0","0,0","0,0","0,0","0,0","0,0","0,0","0,0","0,0","0,0","0,0","0,0","0,0","0,0","0,0","0,0","0,0","0,0","0,0","0,0","0,0","0,0","0,0","0,0","0,0","0,0","0,0","0,0","0,0","0,0","0,0","0,0","0,0","0,0","0,0","0,0","0,0","0,0","0,0","0,0","0,0","0,0","0,0","0,0","0,0","0,0","0,0","0,0","0,0","0,0","0,0","0,0","0,0","0,0","0,0","0,0","0,0",,,,,,,,
Venta,CLIFV31,Blq. 1,10,,,,,,,,,,,,,,,,,,,,,,,,,,"0,0","0,0","0,0","0,0","0,0","0,0","0,0","0,0","0,0","0,0","0,0","0,0","0,0","0,0","0,0","0,0","0,0","0,0","0,0","0,0","0,0","0,0","0,0","0,0","0,0","0,0","0,0","0,0","0,0","0,0","0,0","0,0","0,0","0,0","0,0","0,0","0,0","0,0","0,0","0,0","0,0","0,0","0,0","0,0","0,0","0,0","0,0","0,0","0,0","0,0","0,0","0,0","0,0","0,0","0,0","0,0","0,0","0,0","0,0","0,0","0,0","0,0","0,0","0,0",,,,,,,,
Venta,CLIFV32,Blq. 1,10,,,,,,,,,,,,,,,,,,,,,,,,,,"0,0","0,0","0,0","0,0","0,0","0,0","0,0","0,0","0,0","0,0","0,0","0,0","0,0","0,0","0,0","0,0","0,0","0,0","0,0","0,0","0,0","0,0","0,0","0,0","0,0","0,0","0,0","0,0","0,0","0,0","0,0","0,0","0,0","0,0","0,0","0,0","0,0","0,0","0,0","0,0","0,0","0,0","0,0","0,0","0,0","0,0","0,0","0,0","0,0","0,0","0,0","0,0","0,0","0,0","0,0","0,0","0,0","0,0","0,0","0,0","0,0","0,0","0,0","0,0",,,,,,,,
Venta,CLIFV35,Blq. 1,10,,,,,,,,,,,,,,,,,,,,,,,,,,"0,0","0,0","0,0","0,0","0,0","0,0","0,0","0,0","0,0","0,0","0,0","0,0","0,0","0,0","0,0","0,0","0,0","0,0","0,0","0,0","0,0","0,0","0,0","0,0","0,0","0,0","0,0","0,0","0,0","0,0","0,0","0,0","0,0","0,0","0,0","0,0","0,0","0,0","0,0","0,0","0,0","0,0","0,0","0,0","0,0","0,0","0,0","0,0","0,0","0,0","0,0","0,0","0,0","0,0","0,0","0,0","0,0","0,0","0,0","0,0","0,0","0,0","0,0","0,0",,,,,,,,
Venta,CLIFV45,Blq. 1,10,,,,,,,,,,,,,,,,,,,,,,,,,,,,,"0,0","0,0","0,0","0,0","0,0","0,0","0,0","0,0","0,0","0,0","0,0","0,0","0,0","0,0","0,0","0,0","0,0","0,0","0,0","0,0","0,0","0,0","0,0","0,0","0,0","0,0","0,0","0,0","0,0","0,0","0,0","0,0","0,0","0,0","0,0","0,0","0,0","0,0","0,0","0,0","0,0","0,0","0,0","0,0","0,0","0,0","0,0","0,0","0,0","0,0","0,0","0,0","0,0","0,0","0,0","0,0","0,0","0,0","0,0","0,0",,,,,,,,,
Venta,CLIFV53,Blq. 1,10,,,,,,,,,,,,,,,,,,,,,,,,,,,"0,0","0,0","0,0","0,0","0,0","0,0","0,0","0,0","0,0","0,0","0,0","0,0","0,0","0,0","0,0","0,0","0,0","0,0","0,0","0,0","0,0","0,0","0,0","0,0","0,0","0,0","0,0","0,0","0,0","0,0","0,0","0,0","0,0","0,0","0,0","0,0","0,0","0,0","0,0","0,0","0,0","0,0","0,0","0,0","0,0","0,0","0,0","0,0","0,0","0,0","0,0","0,0","0,0","0,0","0,0","0,0","0,0","0,0","0,0","0,0","0,0","0,0",,,,,,,,,
Venta,CLIFV54,Blq. 1,10,,,,,,,,,,,,,,,,,,,,,,,,,,"0,0","0,0","0,0","0,0","0,0","0,0","0,0","0,0","0,0","0,0","0,0","0,0","0,0","0,0","0,0","0,0","0,0","0,0","0,0","0,0","0,0","0,0","0,0","0,0","0,0","0,0","0,0","0,0","0,0","0,0","0,0","0,0","0,0","0,0","0,0","0,0","0,0","0,0","0,0","0,0","0,0","0,0","0,0","0,0","0,0","0,0","0,0","0,0","0,0","0,0","0,0","0,0","0,0","0,0","0,0","0,0","0,0","0,0","0,0","0,0","0,0","0,0","0,0","0,0",,,,,,,,
Venta,CLIFV55,Blq. 1,10,,,,,,,,,,,,,,,,,,,,,,,,,,"0,0","0,0","0,0","0,0","0,0","0,0","0,0","0,0","0,0","0,0","0,0","0,0","0,0","0,0","0,0","0,0","0,0","0,0","0,0","0,0","0,0","0,0","0,0","0,0","0,0","0,0","0,0","0,0","0,0","0,0","0,0","0,0","0,0","0,0","0,0","0,0","0,0","0,0","0,0","0,0","0,0","0,0","0,0","0,0","0,0","0,0","0,0","0,0","0,0","0,0","0,0","0,0","0,0","0,0","0,0","0,0","0,0","0,0","0,0","0,0","0,0","0,0","0,0","0,0",,,,,,,,
Venta,CLIWI11,Blq. 1,10,,"0,0","0,0","0,0","0,0","0,0","0,0","0,0","0,0","0,0","0,0","0,0","0,0","0,0","0,0","0,0","0,0","0,0","0,0","0,0","0,0","0,0","0,0","0,0","0,0","0,0","0,0","0,0","0,0","0,0","0,0","0,0","0,0","0,0","0,0","0,0","0,0","0,0","0,0","0,0","0,0",,,,,,,,,"0,0","0,0","0,0","0,0","0,0","0,0","0,0","0,0","0,0","0,0","0,0","0,0","0,0","0,0","0,0","0,0","0,0","0,0","0,0","0,0","0,0","0,0","0,0","0,0","0,0","0,0","0,0","0,0","0,0","0,0","0,0","0,0","0,0","0,0","0,0","0,0","0,0","0,0","0,0","0,0","0,0","0,0","0,0","0,0","0,0","0,0","0,0","0,0"
Venta,COF1,Blq. 1,1,,"1063,9","1063,9","1063,9","1063,9","1063,9","1063,9","1063,9","1063,9","1063,9","1063,9","1063,9","1063,9","1063,9","1063,9","1063,9","1063,9","1063,9","1063,9","1063,9","1063,9","1063,9","1063,9","1063,9","1063,9","1063,9","1063,9","1063,9","1063,9","1063,9","1063,9","1063,9","1063,9","1063,9","1063,9","1063,9","1063,9","1063,9","1063,9","1063,9","1063,9","1063,9","1063,9","1063,9","1063,9","1063,9","1063,9","1063,9","1063,9","1063,9","1063,9","1063,9","1063,9","1063,9","1063,9","1063,9","1063,9","1063,9","1063,9","1063,9","1063,9","1063,9","1063,9","1063,9","1063,9","1063,9","1063,9","1063,9","1063,9","1063,9","1063,9","1063,9","1063,9","1063,9","1063,9","1063,9","1063,9","1063,9","1063,9","1063,9","1063,9","1063,9","1063,9","1063,9","1063,9","1063,9","1063,9","1063,9","1063,9","1063,9","1063,9","1063,9","1063,9","1063,9","1063,9","1063,9","1063,9"
Venta,COG75RQ,Blq. 1,10,,"90,9","90,9","90,9","90,9","90,9","90,9","90,9","90,9","90,9","90,9","90,9","90,9","90,9","90,9","90,9","90,9","90,9","90,9","90,9","90,9","90,9","90,9","90,9","90,9","90,9","90,9","90,9","90,9","90,9","90,9","90,9","90,9","90,9","90,9","90,9","90,9","90,9","90,9","90,9","90,9","90,9","90,9","90,9","90,9","90,9","90,9","90,9","90,9","90,9","90,9","90,9","90,9","90,9","90,9","90,9","90,9","90,9","90,9","90,9","90,9","90,9","90,9","90,9","90,9","90,9","90,9","90,9","90,9","90,9","90,9","90,9","90,9","90,9","90,9","90,9","90,9","90,9","90,9","90,9","90,9","90,9","90,9","90,9","90,9","90,9","90,9","90,9","90,9","90,9","90,9","90,9","90,9","90,9","90,9","90,9","90,9"
Venta,COGAIAD,Blq. 1,10,,"0,1","0,1","0,1","0,1","0,1","0,1","0,1","0,1","0,1","0,1","0,1","0,1","0,1","0,1","0,1","0,1","0,1","0,1","0,1","0,1","0,1","0,1","0,1","0,1","0,1","0,1","0,1","0,1","0,1","0,1","0,1","0,1","0,1","0,1","0,1","0,1","0,1","0,1","0,1","0,1","0,1","0,1","0,1","0,1","0,1","0,1","0,1","0,1","0,1","0,1","0,1","0,1","0,1","0,1","0,1","0,1","0,1","0,1","0,1","0,1","0,1","0,1","0,1","0,1","0,1","0,1","0,1","0,1","0,1","0,1","0,1","0,1","0,1","0,1","0,1","0,1","0,1","0,1","0,1","0,1","0,1","0,1","0,1","0,1","0,1","0,1","0,1","0,1","0,1","0,1","0,1","0,1","0,1","0,1","0,1","0,1"
Venta,COGAJ,Blq. 1,2,,"0,0","0,0","0,0","0,0","0,0","0,0","0,0","0,0","0,0","0,0","0,0","0,0","0,0","0,0","0,0","0,0","0,0","0,0","0,0","0,0","0,0","0,0","0,0","0,0","0,0","0,0","0,0","0,0","0,0","0,0","0,0","0,0","0,0","0,0","0,0","0,0","0,0","0,0","0,0","0,0","0,0","0,0","0,0","0,0","0,0","0,0","0,0","0,0","0,0","0,0","0,0","0,0","0,0","0,0","0,0","0,0","0,0","0,0","0,0","0,0","0,0","0,0","0,0","0,0","0,0","0,0","0,0","0,0","0,0","0,0","0,0","0,0","0,0","0,0","0,0","0,0","0,0","0,0","0,0","0,0","0,0","0,0","0,0","0,0","0,0","0,0","0,0","0,0","0,0","0,0","0,0","0,0","0,0","0,0","0,0","0,0"
Venta,COGAJ5,Blq. 1,10,,"0,0","0,0","0,0","0,0","0,0","0,0","0,0","0,0","0,0","0,0","0,0","0,0","0,0","0,0","0,0","0,0","0,0","0,0","0,0","0,0","0,0","0,0","0,0","0,0","0,0","0,0","0,0","0,0","0,0","0,0","0,0","0,0","0,0","0,0","0,0","0,0","0,0","0,0","0,0","0,0","0,0","0,0","0,0","0,0","0,0","0,0","0,0","0,0","0,0","0,0","0,0","0,0","0,0","0,0","0,0","0,0","0,0","0,0","0,0","0,0","0,0","0,0","0,0","0,0","0,0","0,0","0,0","0,0","0,0","0,0","0,0","0,0","0,0","0,0","0,0","0,0","0,0","0,0","0,0","0,0","0,0","0,0","0,0","0,0","0,0","0,0","0,0","0,0","0,0","0,0","0,0","0,0","0,0","0,0","0,0","0,0"
Venta,COGAMYL,Blq. 1,10,,"0,1","0,1","0,1","0,1","0,1","0,1","0,1","0,1","0,1","0,1","0,1","0,1","0,1","0,1","0,1","0,1","0,1","0,1","0,1","0,1","0,1","0,1","0,1","0,1","0,1","0,1","0,1","0,1","0,1","0,1","0,1","0,1","0,1","0,1","0,1","0,1","0,1","0,1","0,1","0,1","0,1","0,1","0,1","0,1","0,1","0,1","0,1","0,1","0,1","0,1","0,1","0,1","0,1","0,1","0,1","0,1","0,1","0,1","0,1","0,1","0,1","0,1","0,1","0,1","0,1","0,1","0,1","0,1","0,1","0,1","0,1","0,1","0,1","0,1","0,1","0,1","0,1","0,1","0,1","0,1","0,1","0,1","0,1","0,1","0,1","0,1","0,1","0,1","0,1","0,1","0,1","0,1","0,1","0,1","0,1","0,1"
Venta,COGATOM,Blq. 1,10,,,,,,,,,,,,,,,,,,,,,,,,,,,,,,,,,,,,,,,,,,,,,,,,,,,,,,,,,,,,,,,,,,,,,,"0,1","0,1","0,1","0,1","0,1","0,1","0,1","0,1","0,1","0,1","0,1","0,1","0,1","0,1","0,1","0,1","0,1","0,1","0,1","0,1","0,1","0,1","0,1","0,1","0,1","0,1","0,1","0,1"
Venta,COGAZEB,Blq. 1,10,,"0,1","0,1","0,1","0,1","0,1","0,1","0,1","0,1","0,1","0,1","0,1","0,1","0,1","0,1","0,1","0,1","0,1","0,1","0,1","0,1","0,1","0,1","0,1","0,1","0,1","0,1","0,1","0,1","0,1","0,1","0,1","0,1","0,1","0,1","0,1","0,1","0,1","0,1","0,1","0,1","0,1","0,1","0,1","0,1","0,1","0,1","0,1","0,1","0,1","0,1","0,1","0,1","0,1","0,1","0,1","0,1","0,1","0,1","0,1","0,1","0,1","0,1","0,1","0,1","0,1","0,1","0,1","0,1","0,1","0,1","0,1","0,1","0,1","0,1","0,1","0,1","0,1","0,1","0,1","0,1","0,1","0,1","0,1","0,1","0,1","0,1","0,1","0,1","0,1","0,1","0,1","0,1","0,1","0,1","0,1","0,1"
Venta,COGBARR,Blq. 1,10,,,,,,,,,,,,,,,,,,,,,,,,,,,,,,,,,,,,,,,,,,,,,,,,,,,,,,,,,,,,,,,,,,,,,,,,,"0,1","0,1","0,1","0,1","0,1","0,1","0,1","0,1","0,1","0,1","0,1","0,1","0,1","0,1","0,1","0,1","0,1","0,1","0,1","0,1","0,1","0,1","0,1","0,1","0,1"
Venta,COGBOOR,Blq. 1,10,,,,,,,,,,,,,,,,,,,,,,,,,,,,,,,,,,,,,,,,,,,,,,,,,,"0,1","0,1","0,1","0,1","0,1","0,1","0,1","0,1","0,1","0,1","0,1","0,1","0,1","0,1","0,1","0,1","0,1","0,1","0,1","0,1",,,,,,,,,,,,,,,,,,,,,,,,,,,,
Venta,COGCLIM,Blq. 1,10,,"0,1","0,1","0,1","0,1","0,1","0,1","0,1","0,1","0,1","0,1","0,1","0,1","0,1","0,1","0,1","0,1","0,1","0,1","0,1","0,1","0,1","0,1","0,1","0,1","0,1","0,1","0,1","0,1","0,1","0,1","0,1","0,1","0,1","0,1","0,1","0,1","0,1","0,1","0,1","0,1","0,1","0,1","0,1","0,1","0,1","0,1","0,1","0,1","0,1","0,1","0,1","0,1","0,1","0,1","0,1","0,1","0,1","0,1","0,1","0,1","0,1","0,1","0,1","0,1","0,1","0,1","0,1","0,1","0,1","0,1","0,1","0,1","0,1","0,1","0,1","0,1","0,1","0,1","0,1","0,1","0,1","0,1","0,1","0,1","0,1","0,1","0,1","0,1","0,1","0,1","0,1","0,1","0,1","0,1","0,1","0,1"
Venta,COGDERC,Blq. 1,2,,,,,,,,,,,,,,,,,,,,,,"0,1","0,1","0,1","0,1","0,1","0,1","0,1","0,1","0,1","0,1","0,1","0,1","0,1","0,1","0,1","0,1","0,1","0,1","0,1","0,1","0,1","0,1","0,1","0,1","0,1","0,1","0,1","0,1",,,,,,,,,,,,,,,,,,,,,"0,1","0,1","0,1","0,1","0,1","0,1","0,1","0,1","0,1","0,1","0,1","0,1","0,1","0,1","0,1","0,1","0,1","0,1","0,1","0,1","0,1","0,1","0,1","0,1","0,1","0,1","0,1","0,1"
Venta,COGESPU,Blq. 1,10,,"0,1","0,1","0,1","0,1","0,1","0,1","0,1","0,1","0,1","0,1","0,1","0,1","0,1","0,1","0,1","0,1","0,1","0,1","0,1","0,1","0,1","0,1","0,1","0,1","0,1","0,1","0,1","0,1","0,1","0,1","0,1","0,1","0,1","0,1","0,1","0,1","0,1","0,1","0,1","0,1",,,,,,,,,,,,,,,,,,,,,,,,,,,,,,,,,"0,1","0,1","0,1","0,1","0,1","0,1","0,1","0,1","0,1","0,1","0,1","0,1","0,1","0,1","0,1","0,1","0,1","0,1","0,1","0,1","0,1","0,1","0,1","0,1"
Venta,COGFOMP,Blq. 1,10,,"0,1","0,1","0,1","0,1","0,1","0,1","0,1","0,1","0,1","0,1","0,1","0,1","0,1","0,1","0,1","0,1","0,1","0,1","0,1","0,1","0,1","0,1","0,1","0,1","0,1","0,1","0,1","0,1","0,1","0,1","0,1","0,1","0,1","0,1","0,1","0,1","0,1","0,1","0,1","0,1","0,1","0,1","0,1","0,1","0,1","0,1","0,1","0,1","0,1","0,1","0,1","0,1","0,1","0,1","0,1","0,1","0,1","0,1","0,1","0,1","0,1","0,1","0,1","0,1","0,1","0,1","0,1","0,1","0,1","0,1","0,1","0,1","0,1","0,1","0,1","0,1","0,1","0,1","0,1","0,1","0,1","0,1","0,1","0,1","0,1","0,1","0,1","0,1","0,1","0,1","0,1","0,1","0,1","0,1","0,1","0,1"
Venta,COGFRIM,Blq. 1,10,,"9,6","9,6","9,6","9,6","9,6","9,6","9,6","9,6","9,6","9,6","9,6","9,6","9,6","9,6","9,6","9,6","9,6","9,6","9,6","9,6","9,6","9,6","9,6","9,6","9,6","9,6","9,6","9,6","9,6","9,6","9,6","9,6","9,6","9,6","9,6","9,6",,,,,,,,,,,,,,,,,,,,,,,,,,,,,,,,,,,,,,,,,"9,6","9,6","9,6","9,6","9,6","9,6","9,6","9,6","9,6","9,6","9,6","9,6","9,6","9,6","9,6","9,6","9,6","9,6","9,6","9,6"
Venta,COGFUST,Blq. 1,2,,"0,1","0,1","0,1","0,1","0,1","0,1","0,1","0,1","0,1","0,1","0,1","0,1","0,1","0,1","0,1","0,1","0,1","0,1","0,1","0,1","0,1","0,1","0,1","0,1","0,1","0,1","0,1","0,1","0,1","0,1","0,1","0,1","0,1","0,1","0,1","0,1",,,,,,,,,,,,,,,,,,,,,,,,,,,,,,,,,,,,,,,,,,,,,"0,1","0,1","0,1","0,1","0,1","0,1","0,1","0,1","0,1","0,1","0,1","0,1","0,1","0,1","0,1","0,1"
Venta,COGGESB,Blq. 1,10,,,,,,,,,,,,,,,,,,,,,,,,,,"0,1","0,1","0,1","0,1","0,1","0,1","0,1","0,1","0,1","0,1","0,1","0,1","0,1","0,1","0,1","0,1","0,1","0,1","0,1","0,1","0,1","0,1","0,1","0,1","0,1","0,1","0,1","0,1","0,1","0,1","0,1","0,1","0,1","0,1","0,1","0,1","0,1","0,1","0,1","0,1","0,1","0,1","0,1","0,1","0,1","0,1","0,1","0,1","0,1","0,1","0,1","0,1","0,1","0,1","0,1","0,1","0,1","0,1","0,1","0,1","0,1","0,1","0,1","0,1","0,1","0,1","0,1","0,1","0,1","0,1","0,1","0,1"
Venta,COGINC2,Blq. 1,2,,,,,,,,,,,,,,,,,,,,,,,,,,"0,1","0,1","0,1","0,1","0,1","0,1","0,1","0,1","0,1","0,1","0,1","0,1","0,1","0,1","0,1","0,1","0,1","0,1","0,1","0,1","0,1","0,1","0,1","0,1","0,1","0,1","0,1","0,1","0,1","0,1","0,1","0,1","0,1","0,1","0,1","0,1","0,1","0,1","0,1","0,1","0,1","0,1","0,1","0,1","0,1","0,1","0,1","0,1","0,1","0,1","0,1","0,1","0,1","0,1","0,1","0,1","0,1","0,1","0,1","0,1","0,1","0,1","0,1","0,1",,,,,,,,
Venta,COGINCU,Blq. 1,10,,,,,,,,,,,,,,,,,,,,,,,,,,,,,,,,,,,,,,,,,,,,,,,,,,,,,,,,,,,,,,,,,,,,,,,,,,,,,,"0,1","0,1","0,1","0,1","0,1","0,1","0,1","0,1","0,1","0,1","0,1","0,1",,,,,,,,
Venta,COGLINA,Blq. 1,10,,,,,,,,,,,,,,,,,,,,,,,,,,,,,,,,,,,,,,,,,,,,,,,,,,,,,,,,,,,,,,,,,,,,,,,,,,,,,,,,"0,1","0,1","0,1","0,1","0,1","0,1","0,1","0,1","0,1","0,1","0,1","0,1","0,1","0,1","0,1","0,1","0,1","0,1"
Venta,COGLOSR,Blq. 1,2,,"0,1","0,1","0,1","0,1","0,1","0,1","0,1","0,1","0,1","0,1","0,1","0,1","0,1","0,1","0,1","0,1","0,1","0,1","0,1","0,1","0,1","0,1","0,1","0,1","0,1","0,1","0,1","0,1","0,1","0,1","0,1","0,1","0,1","0,1","0,1","0,1","0,1","0,1","0,1","0,1","0,1","0,1","0,1","0,1","0,1","0,1","0,1","0,1","0,1","0,1","0,1","0,1","0,1","0,1","0,1","0,1","0,1","0,1","0,1","0,1","0,1","0,1","0,1","0,1","0,1","0,1","0,1","0,1","0,1","0,1","0,1","0,1","0,1","0,1","0,1","0,1","0,1","0,1","0,1","0,1","0,1","0,1","0,1","0,1","0,1","0,1","0,1","0,1","0,1","0,1","0,1","0,1","0,1","0,1","0,1","0,1"
Venta,COGMIMS,Blq. 1,2,,,,,,,,,,,,,,,,,,,,,,,,,,,,,,,,,,"0,1","0,1","0,1","0,1","0,1","0,1","0,1","0,1","0,1","0,1","0,1","0,1",,,,,,,,,,,,,,,,,,,,,"0,1","0,1","0,1","0,1","0,1","0,1","0,1","0,1","0,1","0,1","0,1","0,1","0,1","0,1","0,1","0,1","0,1","0,1","0,1","0,1","0,1","0,1","0,1","0,1","0,1","0,1","0,1","0,1","0,1","0,1","0,1","0,1"
Venta,COGMORA,Blq. 1,10,,"0,1","0,1","0,1","0,1","0,1","0,1","0,1","0,1","0,1","0,1","0,1","0,1","0,1","0,1","0,1","0,1","0,1","0,1","0,1","0,1","0,1","0,1","0,1","0,1","0,1","0,1","0,1","0,1","0,1","0,1","0,1","0,1","0,1","0,1","0,1","0,1","0,1","0,1","0,1","0,1","0,1","0,1","0,1","0,1","0,1","0,1","0,1","0,1","0,1","0,1","0,1","0,1","0,1","0,1","0,1","0,1","0,1","0,1","0,1","0,1","0,1","0,1","0,1","0,1","0,1","0,1","0,1","0,1","0,1","0,1","0,1","0,1","0,1","0,1","0,1","0,1","0,1","0,1","0,1","0,1","0,1","0,1","0,1","0,1","0,1","0,1","0,1","0,1","0,1","0,1","0,1","0,1","0,1","0,1","0,1","0,1"
Venta,COGNOVA,Blq. 1,10,,"0,1","0,1","0,1","0,1","0,1","0,1","0,1","0,1","0,1","0,1","0,1","0,1","0,1","0,1","0,1","0,1","0,1","0,1","0,1","0,1","0,1","0,1","0,1","0,1","0,1","0,1","0,1","0,1","0,1","0,1","0,1","0,1","0,1","0,1","0,1","0,1","0,1","0,1","0,1","0,1","0,1","0,1","0,1","0,1","0,1","0,1","0,1","0,1","0,1","0,1","0,1","0,1","0,1","0,1","0,1","0,1","0,1","0,1","0,1","0,1","0,1","0,1","0,1","0,1","0,1","0,1","0,1","0,1","0,1","0,1","0,1","0,1","0,1","0,1","0,1","0,1","0,1","0,1","0,1","0,1","0,1","0,1","0,1","0,1","0,1","0,1","0,1","0,1","0,1","0,1","0,1","0,1","0,1","0,1","0,1","0,1"
Venta,COGNULE,Blq. 1,10,,"0,1","0,1","0,1","0,1","0,1","0,1","0,1","0,1","0,1","0,1","0,1","0,1","0,1","0,1","0,1","0,1","0,1","0,1","0,1","0,1","0,1","0,1","0,1","0,1","0,1","0,1","0,1","0,1","0,1","0,1","0,1","0,1","0,1","0,1","0,1","0,1","0,1","0,1","0,1","0,1","0,1","0,1","0,1","0,1","0,1","0,1","0,1","0,1","0,1","0,1","0,1","0,1","0,1","0,1","0,1","0,1","0,1","0,1","0,1","0,1","0,1","0,1","0,1","0,1","0,1","0,1","0,1","0,1","0,1","0,1","0,1","0,1","0,1","0,1","0,1","0,1","0,1","0,1","0,1","0,1","0,1","0,1","0,1","0,1","0,1","0,1","0,1","0,1","0,1","0,1","0,1","0,1","0,1","0,1","0,1","0,1"
Venta,COGPACH,Blq. 1,2,,"0,1","0,1","0,1","0,1","0,1","0,1","0,1","0,1","0,1","0,1","0,1","0,1","0,1","0,1","0,1","0,1","0,1","0,1","0,1","0,1","0,1","0,1","0,1","0,1","0,1","0,1","0,1","0,1","0,1","0,1","0,1","0,1","0,1","0,1","0,1","0,1","0,1","0,1",,,,,,,,,,,,,,,,,,,,,,,,,,,,,,,,,,,,,"0,1","0,1","0,1","0,1","0,1","0,1","0,1","0,1","0,1","0,1","0,1","0,1","0,1","0,1","0,1","0,1","0,1","0,1","0,1","0,1","0,1","0,1"
Venta,COGRENS,Blq. 1,10,,"0,1","0,1","0,1","0,1","0,1","0,1","0,1","0,1","0,1","0,1","0,1","0,1","0,1","0,1","0,1","0,1","0,1","0,1","0,1","0,1","0,1","0,1","0,1","0,1","0,1","0,1","0,1","0,1","0,1","0,1","0,1","0,1","0,1","0,1","0,1","0,1","0,1","0,1","0,1","0,1","0,1","0,1","0,1","0,1","0,1","0,1","0,1","0,1","0,1","0,1","0,1","0,1","0,1","0,1","0,1","0,1","0,1","0,1","0,1","0,1","0,1","0,1","0,1","0,1","0,1","0,1","0,1","0,1","0,1","0,1","0,1","0,1","0,1","0,1","0,1","0,1","0,1","0,1","0,1","0,1","0,1","0,1","0,1","0,1","0,1","0,1","0,1","0,1","0,1","0,1","0,1","0,1","0,1","0,1","0,1","0,1"
Venta,COGSEFR,Blq. 1,10,,,,,,,,,,,,,,,,,,,,,,,,,,,,,,,,,,,,,,,,,,,,,,,,,,,,,,,,,,,,,,,,,,,,,,"0,1","0,1","0,1","0,1","0,1","0,1","0,1","0,1","0,1","0,1","0,1","0,1","0,1","0,1","0,1","0,1","0,1","0,1","0,1","0,1","0,1","0,1","0,1","0,1","0,1","0,1","0,1","0,1"
Venta,COGTROV,Blq. 1,10,,"0,1","0,1","0,1","0,1","0,1","0,1","0,1","0,1","0,1","0,1","0,1","0,1","0,1","0,1","0,1","0,1","0,1","0,1","0,1","0,1","0,1","0,1","0,1","0,1","0,1","0,1","0,1","0,1","0,1","0,1","0,1","0,1","0,1","0,1","0,1","0,1","0,1","0,1","0,1","0,1","0,1","0,1","0,1","0,1","0,1","0,1","0,1","0,1","0,1","0,1","0,1","0,1","0,1","0,1","0,1","0,1","0,1","0,1","0,1","0,1","0,1","0,1","0,1","0,1","0,1","0,1","0,1","0,1","0,1","0,1","0,1","0,1","0,1","0,1","0,1","0,1","0,1","0,1","0,1","0,1","0,1","0,1","0,1","0,1","0,1","0,1","0,1","0,1","0,1","0,1","0,1","0,1","0,1","0,1","0,1","0,1"
Venta,COGUTZ2,Blq. 1,2,,"0,1","0,1","0,1","0,1","0,1","0,1","0,1","0,1","0,1","0,1","0,1","0,1","0,1","0,1","0,1","0,1","0,1","0,1","0,1","0,1","0,1","0,1","0,1","0,1","0,1","0,1","0,1","0,1","0,1","0,1","0,1","0,1","0,1","0,1","0,1","0,1","0,1","0,1","0,1","0,1","0,1","0,1","0,1","0,1","0,1","0,1","0,1","0,1","0,1","0,1","0,1","0,1","0,1","0,1","0,1","0,1","0,1","0,1","0,1","0,1","0,1","0,1","0,1","0,1","0,1","0,1","0,1","0,1","0,1","0,1","0,1","0,1","0,1","0,1","0,1","0,1","0,1","0,1","0,1","0,1","0,1","0,1","0,1","0,1","0,1","0,1","0,1","0,1","0,1","0,1","0,1","0,1","0,1","0,1","0,1","0,1"
Venta,COGUTZU,Blq. 1,10,,"0,1","0,1","0,1","0,1","0,1","0,1","0,1","0,1","0,1","0,1","0,1","0,1","0,1","0,1","0,1","0,1","0,1","0,1","0,1","0,1","0,1","0,1","0,1","0,1","0,1","0,1","0,1","0,1","0,1","0,1","0,1","0,1","0,1","0,1","0,1","0,1","0,1","0,1","0,1","0,1","0,1","0,1","0,1","0,1","0,1","0,1","0,1","0,1","0,1","0,1","0,1","0,1","0,1","0,1","0,1","0,1","0,1","0,1","0,1","0,1","0,1","0,1","0,1","0,1","0,1","0,1","0,1","0,1","0,1","0,1","0,1","0,1","0,1","0,1","0,1","0,1","0,1","0,1","0,1","0,1","0,1","0,1","0,1","0,1","0,1","0,1","0,1","0,1","0,1","0,1","0,1","0,1","0,1","0,1","0,1","0,1"
Venta,CRISOL,Blq. 1,10,,,,,,,,,,,,,,,,,,,,,,,,,,,,,,,,,"0,1",,,,,,,,,,,,,,,,,,,,,,,,,,,,,,,,,,,,,,,,,,,,,,,,,"0,1",,,,,,,,,,,,,,,
Venta,CTGN1,Blq. 1,1,,"424,5","424,5","424,5","424,5","424,5","424,5","424,5","424,5","424,5","424,5","424,5","424,5","424,5","424,5","424,5","424,5","424,5","424,5","424,5","424,5","424,5","424,5","424,5","424,5","424,5","424,5","424,5","424,5","424,5","424,5","424,5","424,5","424,5","424,5","424,5","424,5","424,5","424,5","424,5","424,5","424,5","424,5","424,5","424,5","424,5","424,5","424,5","424,5","424,5","424,5","424,5","424,5","424,5","424,5","424,5","424,5","424,5","424,5","424,5","424,5","424,5","424,5","424,5","424,5","424,5","424,5","424,5","424,5","424,5","424,5","424,5","424,5","424,5","424,5","424,5","424,5","424,5","424,5","424,5","424,5","424,5","424,5","424,5","424,5","424,5","424,5","424,5","424,5","424,5","424,5","424,5","424,5","424,5","424,5","424,5","424,5"
Venta,CTGN2,Blq. 1,1,,"424,6","424,6","424,6","424,6","424,6","424,6","424,6","424,6","424,6","424,6","424,6","424,6","424,6","424,6","424,6","424,6","424,6","424,6","424,6","424,6","424,6","424,6","424,6","424,6","424,6","424,6","424,6","424,6","424,6","424,6","424,6","424,6","424,6","424,6","424,6","424,6","424,6","424,6","424,6","424,6","424,6","424,6","424,6","424,6","424,6","424,6","424,6","424,6","424,6","424,6","424,6","424,6","424,6","424,6","424,6","424,6","424,6","424,6","424,6","424,6","424,6","424,6","424,6","424,6","424,6","424,6","424,6","424,6","424,6","424,6","424,6","424,6","424,6","424,6","424,6","424,6","424,6","424,6","424,6","424,6","424,6","424,6","424,6","424,6","424,6","424,6","424,6","424,6","424,6","424,6","424,6","424,6","424,6","424,6","424,6","424,6"
Venta,CTGN3,Blq. 1,1,,"419,3","419,3","419,3","419,3","419,3","419,3","419,3","419,3","419,3","419,3","419,3","419,3","419,3","419,3","419,3","419,3","419,3","419,3","419,3","419,3","419,3","419,3","419,3","419,3","419,3","419,3","419,3","419,3","419,3","419,3","419,3","419,3","419,3","419,3","419,3","419,3","419,3","419,3","419,3","419,3","419,3","419,3","419,3","419,3","419,3","419,3","419,3","419,3","419,3","419,3","419,3","419,3","419,3","419,3","419,3","419,3","419,3","419,3","419,3","419,3","419,3","419,3","419,3","419,3","419,3","419,3","419,3","419,3","419,3","419,3","419,3","419,3","419,3","419,3","419,3","419,3","419,3","419,3","419,3","419,3","419,3","419,3","419,3","419,3","419,3","419,3","419,3","419,3","419,3","419,3","419,3","419,3","419,3","419,3","419,3","419,3"
Venta,CTJON2,Blq. 1,1,,"25,3","378,9","378,9","378,9","378,9","378,9","378,9","378,9","378,9","378,9","378,9","378,9","378,9","378,9","378,9","378,9","378,9","378,9","378,9","378,9","378,9","378,9","378,9","378,9","378,9","378,9","378,9","378,9","378,9","378,9","378,9","378,9","378,9","378,9","378,9","378,9","378,9","378,9","378,9","378,9","378,9","378,9","378,9","378,9","378,9","378,9","378,9","378,9","378,9","378,9","378,9","378,9","378,9","378,9","378,9","378,9","378,9","378,9","378,9","378,9","378,9","378,9","378,9","378,9","378,9","378,9","378,9","378,9","378,9","378,9","378,9","378,9","378,9","378,9","378,9","378,9","378,9","378,9","378,9","378,9","378,9","378,9","378,9","378,9","378,9","378,9","378,9","378,9","378,9","378,9","378,9","378,9","378,9","378,9","378,9","378,9"
Venta,CTJON2,Blq. 2,1,,"353,6",,,,,,,,,,,,,,,,,,,,,,,,,,,,,,,,,,,,,,,,,,,,,,,,,,,,,,,,,,,,,,,,,,,,,,,,,,,,,,,,,,,,,,,,,,,,,,,
Venta,CTJON3,Blq. 1,1,,"360,9","397,0","397,0","397,0","397,0","397,2","397,4","397,6","398,3","398,5","398,7","398,9","399,1","399,4","399,6","399,8","400,1","400,5","357,9","340,3","336,6","334,8","335,1","335,3","335,5","335,6","335,7","335,8","335,8","335,2","334,6","334,0","333,5","332,9","363,4","399,0","398,7","398,5","398,4","398,4","398,3","398,6","398,8","399,0","399,1","398,8","398,5","398,2","397,8","397,4","396,9","396,3","395,7","395,4","395,0","394,5","394,0","393,5","393,0","392,4","391,9","391,6","391,3","391,0","390,6","390,6","390,7","390,7","390,7","390,9","391,0","391,2","391,3","391,9","392,4","392,9","352,4","334,8","332,3","328,6","328,0","328,5","328,8","329,0","329,0","329,1","329,1","329,2","329,4","329,7","330,0","330,4","330,7","331,0","331,2","331,5"
Venta,CTJON3,Blq. 2,1,,"21,5","21,4","21,4","21,4","21,4","21,2","21,0","20,8","20,1","19,9","19,7","19,5","19,3","19,0","18,8","18,6","18,3","17,9","17,5","17,1","16,8","16,6","16,3","16,1","15,9","15,8","15,7","15,6","15,6","16,2","16,8","17,4","17,9","18,5","19,0","19,4","19,7","19,9","20,0","20,0","20,1","19,8","19,6","19,4","19,3","19,6","19,9","20,2","20,6","21,0","21,5","22,1","22,7","23,0","23,4","23,9","24,4","24,9","25,4","26,0","26,5","26,8","27,1","27,4","27,8","27,8","27,7","27,7","27,7","27,5","27,4","27,2","27,1","26,5","26,0","25,5","25,0","24,6","24,1","23,8","23,4","22,9","22,6","22,4","22,4","22,3","22,3","22,2","22,0","21,7","21,4","21,0","20,7","20,4","20,2","19,9"
Venta,CTN3,Blq. 1,1,,"782,0","782,0","782,0","782,0","782,0","782,0","782,0","782,0","782,0","782,0","782,0","782,0","782,0","782,0","782,0","782,0","782,0","782,0","782,0","782,0","782,0","782,0","782,0","782,0","782,0","782,0","782,0","782,0","782,0","782,0","782,0","782,0","782,0","782,0","782,0","782,0","782,0","782,0","782,0","782,0","782,0","782,0","782,0","782,0","782,0","782,0","782,0","782,0","782,0","782,0","782,0","782,0","782,0","782,0","782,0","782,0","782,0","782,0","782,0","782,0","782,0","782,0","782,0","782,0","782,0","782,0","782,0","782,0","782,0","782,0","782,0","782,0","782,0","782,0","782,0","782,0","782,0","782,0","782,0","782,0","782,0","782,0","782,0","782,0","782,0","782,0","782,0","782,0","782,0","782,0","782,0","782,0","782,0","782,0","782,0","782,0"
Venta,CTN4,Blq. 1,1,,"371,4","371,4","371,4","371,4","371,4","371,4","371,4","371,4","373,9","373,9","373,9","373,9","376,0","376,0","376,0","376,0","378,1","378,1","378,1","378,1","379,3","379,3","379,3","379,3","380,5","380,5","380,5","380,5","380,5","380,5","380,5","380,5","573,4","573,4","155,0","69,0","155,0","155,0","155,0","155,0","155,0","155,0","155,0","155,0","155,0","155,0","155,0","155,0","155,0","155,0","155,0","155,0","155,0","155,0","155,0","155,0","155,0","155,0","155,0","155,0","145,0","135,0","125,0","115,0","105,0","90,0","80,0","55,0","537,4","537,4","537,4","537,4","544,0","544,0","479,0","365,8","542,6","362,8","362,8","362,8","363,1","363,1","363,1","363,1","367,1","367,1","367,1","367,1","368,6","368,6","368,6","368,6","368,6","368,6","368,6","368,6"
Venta,CTN4,Blq. 2,1,,"467,9","467,9","467,9","467,9","467,9","467,9","467,9","467,9","465,4","465,4","465,4","465,4","463,3","463,3","463,3","463,3","461,2","461,2","461,2","461,2","460,0","460,0","460,0","460,0","458,8","458,8","458,8","458,8","458,8","458,8","458,8","458,8","265,9","265,9","596,4","596,4","586,6","586,6","586,6","586,6","577,0","577,0","577,0","577,0","570,0","570,0","570,0","570,0","566,6","566,6","566,6","566,6","566,6","566,6","566,6","566,6","567,4","567,4","567,4","567,4","566,0","566,0","566,0","566,0","562,6","562,6","562,6","562,6","301,9","301,9","301,9","301,9","295,3","295,3","360,3","473,5","296,7","476,5","476,5","476,5","476,2","476,2","476,2","476,2","472,2","472,2","472,2","472,2","470,7","470,7","470,7","470,7","470,7","470,7","470,7","470,7"
Venta,CTN4,Blq. 3,1,,,,,,,,,,,,,,,,,,,,,,,,,,,,,,,,,,,,"87,9","173,9","97,7","97,7","97,7","97,7","107,3","107,3","107,3","107,3","114,3","114,3","114,3","114,3","117,7","117,7","117,7","117,7","117,7","117,7","117,7","117,7","116,9","116,9","116,9","116,9","128,3","138,3","148,3","158,3","171,7","186,7","196,7","221,7",,,,,,,,,,,,,,,,,,,,,,,,,,,,
Venta,CTNU,Blq. 1,1,,"30,0","30,0","30,0","30,0","30,0","30,0","30,0","30,0","30,0","30,0","30,0","30,0","134,0","134,0","134,0","134,0","134,0","134,0","134,0","134,0","134,0","134,0","134,0","134,0","134,0","134,0","134,0","134,0","134,0","134,0","134,0","134,0","134,0","134,0","134,0","134,0","134,0","134,0","134,0","134,0","134,0","134,0","134,0","134,0","134,0","134,0","134,0","134,0","134,0","134,0","134,0","134,0","134,0","134,0","134,0","134,0","134,0","134,0","134,0","134,0","134,0","134,0","134,0","134,0","134,0","134,0","134,0","134,0","134,0","134,0","134,0","134,0","134,0","134,0","134,0","134,0","134,0","134,0","134,0","134,0","134,0","134,0","134,0","134,0","134,0","134,0","134,0","134,0","134,0","134,0","134,0","134,0","134,0","134,0","134,0","134,0"
Venta,CTNU,Blq. 2,1,,"760,6","760,6","760,6","760,6","760,6","760,6","760,6","760,6","760,6","760,6","760,6","760,6","30,0","30,0","30,0","30,0","30,0","30,0","30,0","30,0","30,0","30,0","30,0","30,0","30,0","30,0","30,0","30,0","30,0","30,0","30,0","30,0","30,0","30,0","30,0","30,0","30,0","30,0","30,0","30,0","30,0","30,0","30,0","30,0","30,0","30,0","30,0","30,0","30,0","30,0","30,0","30,0","30,0","30,0","30,0","30,0","30,0","30,0","30,0","30,0","30,0","30,0","30,0","30,0","30,0","30,0","30,0","30,0","30,0","30,0","30,0","30,0","30,0","30,0","30,0","30,0","30,0","30,0","30,0","30,0","30,0","30,0","30,0","30,0","30,0","30,0","30,0","30,0","30,0","30,0","30,0","30,0","30,0","30,0","30,0","30,0"
Venta,CTNU,Blq. 3,1,,,,,,,,,,,,,,"30,0","30,0","30,0","30,0","30,0","30,0","30,0","30,0","30,0","30,0","30,0","30,0","30,0","30,0","30,0","30,0","30,0","30,0","30,0","30,0","30,0","30,0","30,0","30,0","30,0","30,0","30,0","30,0","30,0","30,0","30,0","30,0","30,0","30,0","30,0","30,0","30,0","30,0","30,0","30,0","30,0","30,0","30,0","30,0","30,0","30,0","30,0","30,0","30,0","30,0","30,0","30,0","30,0","30,0","30,0","30,0","30,0","30,0","30,0","30,0","30,0","30,0","30,0","30,0","30,0","30,0","30,0","30,0","30,0","30,0","30,0","30,0","30,0","30,0","30,0","30,0","30,0","30,0","30,0","30,0","30,0","30,0","30,0","30,0"
Venta,CTNU,Blq. 4,1,,,,,,,,,,,,,,"30,0","30,0","30,0","30,0","30,0","30,0","30,0","30,0","30,0","30,0","30,0","30,0","30,0","30,0","30,0","30,0","30,0","30,0","30,0","30,0","30,0","30,0","30,0","30,0","30,0","30,0","30,0","30,0","30,0","30,0","30,0","30,0","30,0","30,0","30,0","30,0","30,0","30,0","30,0","30,0","30,0","30,0","30,0","30,0","30,0","30,0","30,0","30,0","30,0","30,0","30,0","30,0","30,0","30,0","30,0","30,0","30,0","30,0","30,0","30,0","30,0","30,0","30,0","30,0","30,0","30,0","30,0","30,0","30,0","30,0","30,0","30,0","30,0","30,0","30,0","30,0","30,0","30,0","30,0","30,0","30,0","30,0","30,0","30,0"
Venta,CTNU,Blq. 5,1,,,,,,,,,,,,,,"30,0","30,0","30,0","30,0","30,0","30,0","30,0","30,0","30,0","30,0","30,0","30,0","30,0","30,0","30,0","30,0","30,0","30,0","30,0","30,0","30,0","30,0","30,0","30,0","30,0","30,0","30,0","30,0","30,0","30,0","30,0","30,0","30,0","30,0","30,0","30,0","30,0","30,0","30,0","30,0","30,0","30,0","30,0","30,0","30,0","30,0","30,0","30,0","30,0","30,0","30,0","30,0","30,0","30,0","30,0","30,0","30,0","30,0","30,0","30,0","30,0","30,0","30,0","30,0","30,0","30,0","30,0","30,0","30,0","30,0","30,0","30,0","30,0","30,0","30,0","30,0","30,0","30,0","30,0","30,0","30,0","30,0","30,0","30,0"
Venta,CTNU,Blq. 6,1,,,,,,,,,,,,,,"30,0","30,0","30,0","30,0","30,0","30,0","30,0","30,0","30,0","30,0","30,0","30,0","30,0","30,0","30,0","30,0","30,0","30,0","30,0","30,0","30,0","30,0","30,0","30,0","30,0","30,0","30,0","30,0","30,0","30,0","30,0","30,0","30,0","30,0","30,0","30,0","30,0","30,0","30,0","30,0","30,0","30,0","30,0","30,0","30,0","30,0","30,0","30,0","30,0","30,0","30,0","30,0","30,0","30,0","30,0","30,0","30,0","30,0","30,0","30,0","30,0","30,0","30,0","30,0","30,0","30,0","30,0","30,0","30,0","30,0","30,0","30,0","30,0","30,0","30,0","30,0","30,0","30,0","30,0","30,0","30,0","30,0","30,0","30,0"
Venta,CTNU,Blq. 7,1,,,,,,,,,,,,,,"30,0","30,0","30,0","30,0","30,0","30,0","30,0","30,0","30,0","30,0","30,0","30,0","30,0","30,0","30,0","30,0","30,0","30,0","30,0","30,0","30,0","30,0","30,0","30,0","30,0","30,0","30,0","30,0","30,0","30,0","30,0","30,0","30,0","30,0","30,0","30,0","30,0","30,0","30,0","30,0","30,0","30,0","30,0","30,0","30,0","30,0","30,0","30,0","30,0","30,0","30,0","30,0","30,0","30,0","30,0","30,0","30,0","30,0","30,0","30,0","30,0","30,0","30,0","30,0","30,0","30,0","30,0","30,0","30,0","30,0","30,0","30,0","30,0","30,0","30,0","30,0","30,0","30,0","30,0","30,0","30,0","30,0","30,0","30,0"
Venta,CTNU,Blq. 8,1,,,,,,,,,,,,,,"476,6","476,6","476,6","476,6","476,6","476,6","476,6","476,6","476,6","476,6","476,6","476,6","476,6","476,6","476,6","476,6","476,6","476,6","476,6","476,6","476,6","476,6","476,6","476,6","476,6","476,6","476,6","476,6","476,6","476,6","476,6","476,6","476,6","476,6","476,6","476,6","476,6","476,6","476,6","476,6","476,6","476,6","476,6","476,6","476,6","476,6","476,6","476,6","476,6","476,6","476,6","476,6","476,6","476,6","476,6","476,6","476,6","476,6","476,6","476,6","476,6","476,6","476,6","476,6","476,6","476,6","476,6","476,6","476,6","476,6","476,6","476,6","476,6","476,6","476,6","476,6","476,6","476,6","476,6","476,6","476,6","476,6","476,6","476,6"
Venta,DUEB,Blq. 1,3,,"1288,0","1288,0","1288,0","1288,0","1288,0","1288,0","1288,0","1288,0","1288,0","1288,0","1288,0","1288,0","1288,0","1288,0","1288,0","1288,0","1288,0","1288,0","1288,0","1288,0","1288,0","1288,0","1288,0","1288,0","1288,0","1288,0","1288,0","1288,0","200,0","200,0","200,0","200,0","200,0","200,0","200,0","200,0","200,0","200,0","200,0","200,0","200,0","200,0","200,0","200,0","200,0","200,0","200,0","338,0","200,0","200,0","200,0","200,0","200,0","200,0","200,0","200,0","200,0","200,0","200,0","200,0","200,0","200,0","200,0","200,0","200,0","200,0","200,0","200,0","200,0","138,0","200,0","1288,0","1288,0","1288,0","1288,0","1288,0","1288,0","1288,0","1288,0","1288,0","1288,0","1288,0","1288,0","1288,0","1288,0","1288,0","1288,0","1288,0","1288,0","1288,0","1288,0","1288,0","1288,0","1288,0","1288,0","1288,0"
Venta,DUEB,Blq. 2,3,,,,,,,,,,,,,,,,,,,,,,,,,,,,,,"1088,0","1088,0","1088,0","1088,0","200,0","200,0","200,0","200,0","200,0","200,0","200,0","138,0","138,0","138,0","138,0","138,0","138,0","138,0","138,0","138,0","138,0","138,0","138,0","138,0","138,0","138,0","138,0","138,0","138,0","138,0","138,0","138,0","138,0","138,0","138,0","138,0","138,0","138,0","138,0","138,0","138,0","138,0","60,0",,,,,,,,,,,,,,,,,,,,,,,,,
Venta,DUEB,Blq. 3,3,,,,,,,,,,,,,,,,,,,,,,,,,,,,,,,,,,"888,0","888,0","888,0","888,0","888,0","888,0","888,0","200,0","200,0","138,0","138,0","138,0","138,0","138,0","138,0","138,0","138,0","138,0","138,0","138,0","138,0","138,0","138,0","138,0","138,0","138,0","138,0","138,0","138,0","138,0","138,0","138,0","138,0","138,0","138,0","138,0","138,0","200,0","1028,0",,,,,,,,,,,,,,,,,,,,,,,,,
Venta,DUEB,Blq. 4,3,,,,,,,,,,,,,,,,,,,,,,,,,,,,,,,,,,,,,,,,,"30,0","30,0","138,0","138,0","138,0","138,0","138,0","138,0","138,0","138,0","138,0","138,0","138,0","138,0","138,0","138,0","138,0","138,0","138,0","138,0","138,0","138,0","138,0","138,0","138,0","138,0","138,0","138,0","138,0","138,0","60,0",,,,,,,,,,,,,,,,,,,,,,,,,,
Venta,DUEB,Blq. 5,3,,,,,,,,,,,,,,,,,,,,,,,,,,,,,,,,,,,,,,,,,"720,0","720,0","138,0","138,0","138,0","138,0","138,0","138,0","138,0","138,0","138,0","138,0","138,0","138,0","138,0","138,0","138,0","138,0","138,0","138,0","138,0","138,0","138,0","138,0","138,0","138,0","138,0","138,0","138,0","138,0","752,0",,,,,,,,,,,,,,,,,,,,,,,,,,
Venta,DUEB,Blq. 6,3,,,,,,,,,,,,,,,,,,,,,,,,,,,,,,,,,,,,,,,,,,,"200,0","200,0","200,0","200,0","200,0","200,0","200,0","200,0","200,0","200,0","200,0","200,0","200,0","200,0","200,0","200,0","200,0","200,0","200,0","200,0","200,0","200,0","200,0","200,0","200,0","200,0","200,0","200,0",,,,,,,,,,,,,,,,,,,,,,,,,,,
Venta,DUEB,Blq. 7,3,,,,,,,,,,,,,,,,,,,,,,,,,,,,,,,,,,,,,,,,,,,"30,0","60,0","60,0","60,0","60,0","60,0","60,0","60,0","60,0","60,0","60,0","60,0","60,0","60,0","60,0","60,0","60,0","60,0","60,0","60,0","60,0","60,0","60,0","60,0","60,0","60,0","60,0","60,0",,,,,,,,,,,,,,,,,,,,,,,,,,,
Venta,DUEB,Blq. 8,3,,,,,,,,,,,,,,,,,,,,,,,,,,,,,,,,,,,,,,,,,,,"306,0","276,0","276,0","276,0","276,0","276,0","138,0","276,0","276,0","276,0","276,0","276,0","276,0","276,0","276,0","276,0","276,0","276,0","276,0","276,0","276,0","276,0","276,0","276,0","276,0","276,0","276,0","276,0",,,,,,,,,,,,,,,,,,,,,,,,,,,
Venta,DUER,Blq. 1,1,,"885,4","928,3","928,3","943,5","912,1","912,1","912,1","912,1","835,6","852,6","854,6","854,6","791,6","791,9","791,9","791,7","791,8","791,8","803,2","807,0","13,2","13,2","13,2","13,2","10,9","749,1","751,0","680,0","348,0","484,0","831,7","1,4","721,3","775,3","530,1","910,5","725,5","1440,8","1440,8","1440,8","1543,3","1543,3","1543,3","1543,3","1543,3","1543,3","1543,3","1543,3","1543,3","1543,3","1646,0","1646,0","1646,0","1646,0","1646,0","1646,0","1646,0","1646,0","1646,0","1646,0","1646,0","1646,0","1646,0","1646,0","1646,0","1646,0","1646,0","1646,0","1646,0","1646,0","1646,0","1646,0","1490,0","1490,1","745,4","762,3","788,0","788,0","635,0","9,8","315,6","20,4","4,0","0,1","1,0","1,0","29,2","60,1","60,1","60,1","60,1","75,2","60,1","75,2","81,2","134,0"
Venta,DUER,Blq. 2,1,,"32,8","32,8","32,8","32,8","32,8","32,8","32,8","32,8","32,8","32,8","32,8","32,8","32,8","32,8","32,8","32,8","32,8","32,8","32,8","32,8","900,6","900,6","900,6","900,6","855,8","32,8","32,8","32,8","35,6","32,8","32,8","856,6","32,8","32,8","32,8","32,8","8,5","32,8","32,8","32,8","32,8","32,8","32,8","32,8","32,8","32,8","32,8","32,8","32,8","32,8","32,8","32,8","32,8","32,8","32,8","32,8","32,8","32,8","32,8","32,8","32,8","32,8","32,8","32,8","32,8","32,8","32,8","32,8","32,8","32,8","32,8","32,8","32,8","32,8","32,8","32,8","32,8","32,8","32,8","221,4","32,8","75,1","75,1","75,1","75,1","75,1","75,1","75,1","75,1","75,1","75,1","75,1","75,1","75,1","75,1","25,0"
Venta,DUER,Blq. 3,1,,"221,4","221,4","221,4","221,4","221,4","221,4","221,4","221,4","221,4","221,4","221,4","221,4","221,4","221,4","221,4","221,4","221,4","221,4","221,4","221,4","32,8","32,8","32,8","32,8","32,8","85,2","1,2","1,2","75,1","1,2","85,2","32,8","221,4","221,4","221,4","221,4","221,4","221,4","221,4","221,4","221,4","221,4","221,4","221,4","221,4","221,4","221,4","221,4","221,4","221,4","221,4","221,4","221,4","221,4","221,4","221,4","221,4","221,4","221,4","221,4","221,4","221,4","221,4","221,4","221,4","221,4","221,4","221,4","221,4","221,4","221,4","221,4","221,4","221,4","221,4","221,4","221,4","221,4","221,4","53,4","221,4","3281,6","3290,0","3271,3","3291,6","3291,6","3263,4","3232,5","3232,5","3232,5","3232,5","3217,3","3232,5","3217,3","3211,3","5,1"
Venta,DUER,Blq. 4,1,,"52,0","52,0","52,0","52,0","62,2","62,2","62,2","62,2","62,2","62,2","62,2","62,2","62,2","62,2","62,2","62,2","62,2","62,2","62,2","62,2","221,4","221,4","221,4","221,4","128,4","1,0","1,0","1,0","2910,8","1,0","1,0","194,7","53,4","53,4","53,4","53,4","53,4","53,4","53,4","53,4","53,4","53,4","53,4","53,4","53,4","53,4","53,4","53,4","53,4","53,4","53,4","53,4","53,4","53,4","53,4","53,4","53,4","53,4","53,4","53,4","53,4","53,4","53,4","53,4","53,4","53,4","53,4","53,4","53,4","53,4","53,4","53,4","53,4","53,4","53,4","53,4","53,4","53,4","53,4","5,1","25,0","68,8","76,8","99,4","108,0","108,0","108,0","108,0","108,0","108,0","108,0","108,0","108,0","108,0","108,0","5,1"
Venta,DUER,Blq. 5,1,,"5,1","5,1","5,1","5,1","5,1","5,1","5,1","5,1","5,1","5,1","5,1","5,1","5,1","5,1","5,1","5,1","5,1","5,1","5,1","5,1","62,2","62,2","62,2","62,2","1,0","5,1","5,1","5,1","120,2","5,1","5,1","52,0","5,1","5,1","5,1","5,1","5,1","5,1","5,1","5,1","5,1","5,1","5,1","5,1","5,1","5,1","5,1","5,1","5,1","5,1","5,1","5,1","5,1","5,1","5,1","5,1","5,1","5,1","5,1","5,1","5,1","5,1","5,1","5,1","5,1","5,1","5,1","5,1","5,1","5,1","5,1","5,1","5,1","5,1","5,1","5,1","5,1","5,1","5,1","5,1","5,1","9,4","9,4","9,4","9,4","9,4","9,4","9,4","9,4","9,4","9,4","9,4","9,4","9,4","9,4","5,0"
Venta,DUER,Blq. 6,1,,"5,1","5,1","5,1","5,1","5,1","5,1","5,1","5,1","5,1","5,1","5,1","5,1","5,1","5,1","5,1","5,1","5,1","5,1","5,1","5,1","5,1","5,1","5,1","5,1","5,1","5,1","5,1","5,1","7,6","5,1","5,1","5,1","5,1","5,1","5,1","5,1","5,1","5,1","5,1","5,1","5,1","5,1","5,1","5,1","5,1","5,1","5,1","5,1","5,1","5,1","5,1","5,1","5,1","5,1","5,1","5,1","5,1","5,1","5,1","5,1","5,1","5,1","5,1","5,1","5,1","5,1","5,1","5,1","5,1","5,1","5,1","5,1","5,1","5,1","5,1","5,1","5,1","5,1","5,1","5,0","5,1","77,7","77,7","77,7","47,9","47,9","47,9","47,9","47,9","47,9","47,9","48,0","47,9","48,0","48,0","6,0"
Venta,DUER,Blq. 7,1,,"5,0","5,0","5,0","5,0","5,0","5,0","5,0","5,0","5,0","5,0","5,0","5,0","5,0","5,0","5,0","5,0","5,0","5,0","5,0","5,0","5,1","5,1","5,1","5,1","5,1","5,0","5,0","5,0","35,7","5,0","5,0","5,1","5,0","5,0","5,0","5,0","5,0","5,0","5,0","5,0","5,0","5,0","5,0","5,0","5,0","5,0","5,0","5,0","5,0","5,0","5,0","5,0","5,0","5,0","5,0","5,0","5,0","5,0","5,0","5,0","5,0","5,0","5,0","5,0","5,0","5,0","5,0","5,0","5,0","5,0","5,0","5,0","5,0","5,0","5,0","5,0","5,0","5,0","5,0","7,6","5,0",,,,,,,,,,,,,,,"107,8"
Venta,DUER,Blq. 8,1,,"7,6","7,6","7,6","7,6","7,6","7,6","7,6","7,6","7,6","7,6","7,6","7,6","7,6","7,6","7,6","7,6","7,6","7,6","7,6","7,6","5,0","5,0","5,0","5,0","5,0","7,6","7,6","7,6",,"7,6","7,6","5,0","7,6","7,6","7,6","7,6","7,6","7,6","7,6","7,6","7,6","7,6","7,6","7,6","7,6","7,6","7,6","7,6","7,6","7,6","7,6","7,6","7,6","7,6","7,6","7,6","7,6","7,6","7,6","7,6","7,6","7,6","7,6","7,6","7,6","7,6","7,6","7,6","7,6","7,6","7,6","7,6","7,6","7,6","7,6","7,6","7,6","7,6","7,6","147,3","6,0",,,,,,,,,,,,,,,"75,1"
Venta,DUER,Blq. 9,1,,"62,3","62,3","62,3","62,3","124,2","124,2","124,2","124,2","124,2","124,2","124,2","124,2","124,2","124,2","124,2","124,2","124,2","124,2","124,2","124,2","7,6","7,6","7,6","7,6","7,6","61,1","61,8","61,8",,"61,8","61,1","7,6","143,5","143,5","143,5","143,5","143,5","143,5","143,5","143,5","143,5","143,5","143,5","143,5","143,5","143,5","143,5","143,5","143,5","143,5","143,5","143,5","143,5","143,5","143,5","143,5","143,5","143,5","143,5","143,5","143,5","143,5","143,5","143,5","143,5","143,5","143,5","143,5","143,5","143,5","143,5","143,5","143,5","143,5","143,5","143,5","147,3","147,3","147,3","75,1","116,7",,,,,,,,,,,,,,,"3007,8"
Venta,DUER,Blq.10,1,,"2256,3","2213,4","2213,4","2198,2","2157,5","2157,5","2157,5","2157,5","2234,0","2217,0","2215,0","2215,0","2278,0","2277,7","2277,7","2277,9","2277,8","2277,8","2266,4","2262,6","2280,0","2280,0","2280,0","2280,0","2481,3","2581,0","2662,4","2733,4",,"2929,4","2498,4","2372,7","2337,8","2283,8","2529,0","2148,6","2357,9","1618,3","1618,3","1618,3","1515,8","1515,8","1515,8","1515,8","1515,8","1515,8","1515,8","1515,8","1515,8","1515,8","1413,1","1413,1","1413,1","1413,1","1413,1","1413,1","1413,1","1413,1","1413,1","1413,1","1413,1","1413,1","1413,1","1413,1","1413,1","1413,1","1413,1","1413,1","1413,1","1413,1","1413,1","1413,1","1569,1","1569,0","2313,7","2296,8","2267,3","2267,3","2420,3","3003,2","2800,3",,,,,,,,,,,,,,,"162,1"
Venta,E1CEG,Blq. 1,10,,"0,0","0,0","0,0","0,0","0,0","0,0","0,0","0,0","0,0","0,0","0,0","0,0","0,0","0,0","0,0","0,0","0,0","0,0","0,0","0,0","0,0","0,0","0,0","0,0","0,0","0,0","0,0","0,0","0,0","0,0","0,0","0,0","0,0","0,0","0,0","0,0","0,0","0,0","0,0","0,0","0,0","0,0","0,0","0,0","0,0","0,0","0,0","0,0","0,0","0,0","0,0","0,0","0,0","0,0","0,0","0,0","0,0","0,0","0,0","0,0","0,0","0,0","0,0","0,0","0,0","0,0","0,0","0,0","0,0","0,0","0,0","0,0","0,0","0,0","0,0","0,0","0,0","0,0","0,0","0,0","0,0","0,0","0,0","0,0","0,0","0,0","0,0","0,0","0,0","0,0","0,0","0,0","0,0","0,0","0,0","0,0"
Venta,E1VENTU,Blq. 1,10,,"0,0","0,0","0,0","0,0","0,0","0,0","0,0","0,0","0,0","0,0","0,0","0,0","0,0","0,0","0,0","0,0","0,0","0,0","0,0","0,0","0,0","0,0","0,0","0,0","0,0","0,0","0,0","0,0","0,0","0,0","0,0","0,0","0,0","0,0","0,0","0,0","0,0","0,0","0,0","0,0","0,0","0,0","0,0","0,0","0,0","0,0","0,0","0,0","0,0","0,0","0,0","0,0","0,0","0,0","0,0","0,0","0,0","0,0","0,0","0,0","0,0","0,0","0,0","0,0","0,0","0,0","0,0","0,0","0,0","0,0","0,0","0,0","0,0","0,0","0,0","0,0","0,0","0,0","0,0","0,0","0,0","0,0","0,0","0,0","0,0","0,0","0,0","0,0","0,0","0,0","0,0","0,0","0,0","0,0","0,0","0,0"
Venta,EABARA,Blq. 1,10,,"2,0","1,8","1,7","1,6","1,6","1,4","1,2","0,9","1,4","1,3","1,1","0,9","0,6","0,4","0,3","0,3",,,"0,0","0,0",,,,,,,,,,,,,"0,6","0,3","0,0",,"0,0","0,0","0,0","0,0",,,"0,0",,"0,1","0,1","0,0","0,0","0,0","0,0","0,0","0,0","0,1","0,1","0,2","0,0","0,3","0,3","0,3","0,2","0,1","0,1","0,1","0,1",,,,"0,0","0,0","0,0","0,0",,"0,3","0,0","0,2","0,2","0,0","0,0","0,0","0,0","0,5","0,5","0,4","0,2","0,1","0,1","0,1","0,0","0,0","0,0","0,0","0,0","0,0","0,0","0,0","0,0"
Venta,EABILI,Blq. 1,10,,"0,0","0,0","0,0","0,0","0,0","0,0","0,0","0,0","0,0","0,0","0,0","0,0","0,0","0,0","0,0","0,0","0,0","0,0","0,0","0,0","0,0","0,0","0,0","0,0","0,0","0,0","0,0","0,0","0,0","0,0","0,0","0,0","0,0","0,0","0,0","0,0","0,0","0,0","0,0","0,0","0,0","0,0","0,0","0,0","0,0","0,0","0,0","0,0","0,0","0,0","0,0","0,0","0,0","0,0","0,0","0,0","0,0","0,0","0,0","0,0","0,0","0,0","0,0","0,0","0,0","0,0","0,0","0,0","0,0","0,0","0,0","0,0","0,0","0,0","0,0","0,0","0,0","0,0","0,0","0,0","0,0","0,0","0,0","0,0","0,0","0,0","0,0","0,0","0,0","0,0","0,0","0,0","0,0","0,0","0,0","0,0"
Venta,EADRAG,Blq. 1,10,,"0,3","0,1","0,1","0,0",,,,,,,,,,,,,,,,,,,,,,,,,,,,,,,,,,,,,,,,,,,,,"0,0","0,0","0,0","0,0",,,,,,,,,,,,,,,,,,,,,,,,,,,,,,,,,,,,,,,,,,,,
Venta,EAGON2,Blq. 1,10,,"0,0","0,0","0,0","0,0","0,0","0,0","0,0","0,0","0,0","0,0","0,0","0,0","0,0","0,0","0,0","0,0","0,0","0,0","0,0","0,0","0,0","0,0","0,0","0,0","0,0","0,0","0,0","0,0","0,0","0,0","0,0","0,0","0,0","0,0","0,0","0,0","0,0","0,0","0,0","0,0","0,0","0,0","0,0","0,0","0,0","0,0","0,0","0,0","0,0","0,0","0,0","0,0","0,0","0,0","0,0","0,0","0,0","0,0","0,0","0,0","0,0","0,0","0,0","0,0","0,0","0,0","0,0","0,0","0,0","0,0","0,0","0,0","0,0","0,0","0,0","0,0","0,0","0,0","0,0","0,0","0,0","0,0","0,0","0,0","0,0","0,0","0,0","0,0","0,0","0,0","0,0","0,0","0,0","0,0","0,0","0,0"
Venta,EALIJA2,Blq. 1,10,,"0,1","0,1","0,1","0,1","0,1","0,1","0,1","0,1","0,1","0,1","0,1","0,1","0,1","0,1","0,1","0,1","0,1","0,1","0,1","0,1","0,1","0,1","0,1","0,1","0,1","0,1","0,1","0,1","0,1","0,1","0,1","0,1","0,1","0,1","0,1","0,1","0,1","0,1","0,1","0,1","0,1","0,1","0,1","0,1","0,1","0,1",,,,,,,,,,,,,,,,,,,,,"0,1","0,1","0,1","0,1","0,1","0,1","0,1","0,1","0,1","0,1","0,1","0,1","0,1","0,1","0,1","0,1","0,1","0,1","0,1","0,1","0,1","0,1","0,1","0,1","0,1","0,1","0,1","0,1","0,1","0,1"
Venta,EARTIG,Blq. 1,10,,"99,0","99,0","99,0","99,0","99,0","99,0","99,0","99,0","99,0","99,0","99,0","99,0","99,0","99,0","99,0","99,0","99,0","99,0","99,0","99,0","99,0","99,0","99,0","99,0","99,0","99,0","99,0","99,0","99,0","99,0","99,0","99,0","99,0","99,0","99,0","99,0","99,0","99,0","99,0","99,0","99,0","99,0","99,0","99,0","99,0","99,0","99,0","99,0","99,0","99,0","99,0","99,0","99,0","99,0","99,0","99,0","99,0","99,0","99,0","99,0","99,0","99,0","99,0","99,0","99,0","99,0","99,0","99,0","99,0","99,0","99,0","99,0","99,0","99,0","99,0","99,0","99,0","99,0","99,0","99,0","99,0","99,0","99,0","99,0","99,0","99,0","99,0","99,0","99,0","99,0","99,0","99,0","99,0","99,0","99,0","99,0"
Venta,EAUSIN,Blq. 1,10,,"0,0","0,0","0,0","0,0","0,0","0,0","0,0","0,0","0,0","0,0","0,0","0,0","0,0","0,0","0,0","0,0","0,0","0,0","0,0","0,0","0,0","0,0","0,0","0,0","0,0","0,0","0,0","0,0","0,0","0,0","0,0","0,0","0,0","0,0","0,0","0,0","0,0","0,0","0,0","0,0","0,0","0,0","0,0","0,0","0,0","0,0","0,0","0,0","0,0","0,0","0,0","0,0","0,0","0,0","0,0","0,0","0,0","0,0","0,0","0,0","0,0","0,0","0,0","0,0","0,0","0,0","0,0","0,0","0,0","0,0","0,0","0,0","0,0","0,0","0,0","0,0","0,0","0,0","0,0","0,0","0,0","0,0","0,0","0,0","0,0","0,0","0,0","0,0","0,0","0,0","0,0","0,0","0,0","0,0","0,0","0,0"
Venta,EBHIBHV,Blq. 1,18,,"37,8","37,8","37,8","37,8","37,8","37,8","37,8","37,8","37,8","37,8","37,8","37,8","37,8","37,8","37,8","37,8","37,8","37,8","37,8","37,8","37,8","37,8","37,8","37,8","37,8","37,8","37,8","37,8","37,8","33,3","37,8","37,8","37,8","37,8","37,8","37,8","37,8","37,8","37,8","37,8","37,8","37,8","37,8","37,8","0,6","0,2","37,8","37,8","0,6","0,2","0,1","0,1","0,1","0,1","37,8","0,1","0,1","0,2","0,1","0,2","0,3","0,4","0,2","37,8","37,8","37,8","37,8","37,8","37,8","37,8","37,8","37,8","37,8","37,8","37,8","37,8","3,1","37,8","0,2","1,1","3,3","4,3","3,2","2,2","0,3","37,8","37,8","37,8","0,3","0,4","0,4","0,4","0,3","0,3","0,5","0,6"
Venta,EBHIBHV,Blq. 2,18,,,,,,,,,,,,,,,,,,,,,,,,,,,,,,,,,,,,,,,,,,,,,,"37,2","37,6",,,"37,2","37,6","37,7","37,7","37,7","37,7",,"37,7","37,7","37,6","37,7","37,6","37,5","37,4","37,6",,,,,,,,,,,,,,"34,7",,"37,6","36,7","34,5","33,5","34,6","33,1","37,5",,,,"33,0","32,9","34,9","37,4","37,5","37,5","37,3","37,2"
Venta,EBRA,Blq. 1,1,,"46,8","46,8","46,8","46,8","46,8","46,8","46,8","46,8","46,8","46,8","46,8","46,8","46,8","46,8","46,8","46,8","46,8","46,8","46,8","46,8","46,8","46,8","46,8","46,8","46,8","46,8","46,8","46,8","46,8","46,8","46,8","46,8","45,9","45,9","45,9","45,9","46,0","46,0","46,0","46,0","46,1","46,1","46,1","46,1","46,1","46,1","46,1","46,1","46,0","46,0","46,0","46,0","46,0","46,0","46,0","46,0","46,0","46,0","46,0","46,0","46,0","46,0","46,0","46,0","46,2","46,2","46,2","46,2","46,2","46,2","46,2","46,2","46,2","46,2","46,2","46,2","46,1","46,1","46,1","46,1","46,0","46,0","46,0","46,0","46,0","46,0","46,0","46,0","46,0","46,0","46,0","46,0","46,0","46,0","46,0","46,0"
Venta,EBRA,Blq. 2,1,,"34,7","34,7","34,7","34,7","31,2","31,2","31,2","31,2","31,2","31,2","31,2","31,2","21,1","21,1","21,1","21,1","21,1","21,1","21,1","21,1","31,2","31,2","31,2","31,2","37,2","37,2","37,2","37,2","37,2","37,2","37,2","37,2","20,4","20,4","20,4","20,4","20,4","20,4","20,4","20,4","20,4","20,4","20,4","20,4","60,4","60,4","60,4","60,4","60,4","60,4","60,4","60,4","60,4","60,4","60,4","60,4","60,4","60,4","60,4","60,4","60,4","60,4","60,4","60,4","60,4","60,4","60,4","60,4","60,4","60,4","60,4","60,4","60,4","60,4","60,4","60,4","60,4","60,4","60,4","76,4","117,2","117,2","117,2","117,2","117,2","117,2","117,2","117,2","117,2","117,2","117,2","117,2","117,2","117,2","117,2","117,2"
Venta,EBRA,Blq. 3,1,,"100,3","100,3","100,3","100,3","103,8","103,8","103,8","103,8","103,8","103,8","103,8","103,8","113,8","113,8","113,8","113,8","113,8","113,8","113,8","113,8","103,8","103,8","103,8","103,8","97,8","97,8","97,8","97,8","97,8","97,8","97,8","97,8","114,6","114,6","114,6","114,6","114,6","114,6","114,6","114,6","114,6","114,6","114,6","114,6","76,6","76,6","76,6","76,6","76,6","76,6","76,6","76,6","76,6","76,6","76,6","76,6","76,6","76,6","76,6","76,6","76,6","76,6","76,6","76,6","76,6","76,6","76,6","76,6","76,6","76,6","76,6","76,6","76,6","76,6","76,6","76,6","76,6","76,6","76,6","60,6","21,8","21,8","21,8","21,8","21,8","21,8","21,8","21,8","21,8","21,8","21,8","21,8","21,8","21,8","21,8","21,8"
Venta,EBRA,Blq. 4,1,,"6,4","6,4","6,4","6,4","6,4","6,4","6,4","6,4","6,4","6,4","6,4","6,4","6,5","6,5","6,5","6,5","6,5","6,5","6,5","6,5","6,4","6,4","6,4","6,4","6,4","6,4","6,4","6,4","6,4","6,4","6,4","6,4","7,3","7,3","7,3","7,3","7,2","7,2","7,2","7,2","7,1","7,1","7,1","7,1","5,1","5,1","5,1","5,1","5,2","5,2","5,2","5,2","5,2","5,2","5,2","5,2","5,2","5,2","5,2","5,2","5,2","5,2","5,2","5,2","5,0","5,0","5,0","5,0","5,0","5,0","5,0","5,0","5,0","5,0","5,0","5,0","5,1","5,1","5,1","5,1","3,2","3,2","3,2","3,2","3,2","3,2","3,2","3,2","3,2","3,2","3,2","3,2","3,2","3,2","3,2","3,2"
Venta,EBRACC1,Blq. 1,1,,"376,4","376,4","376,4","376,4","376,4","376,4","376,4","376,4","376,4","376,4","376,4","376,4","376,4","376,4","376,4","376,4","376,4","376,4","376,4","376,4","376,4","376,4","376,4","376,4","376,4","376,4","376,4","376,4","376,4","376,4","376,4","376,4","376,4","376,4","376,4","376,4","376,4","376,4","376,4","376,4","376,4","376,4","376,4","376,4","376,4","376,4","376,4","376,4","376,4","376,4","376,4","376,4","376,4","376,4","376,4","376,4","376,4","376,4","376,4","376,4","376,4","376,4","376,4","376,4","376,4","376,4","376,4","376,4","376,4","376,4","376,4","376,4","376,4","376,4","376,4","376,4","376,4","376,4","376,4","376,4","376,4","376,4","376,4","376,4","376,4","376,4","376,4","376,4","376,4","376,4","376,4","376,4","376,4","376,4","376,4","376,4"
Venta,EBRACC2,Blq. 1,1,,"162,0","162,0","162,0","162,0","162,0","162,0","162,0","162,0","162,0","162,0","162,0","162,0","162,0","162,0","162,0","162,0","162,0","162,0","162,0","162,0","162,0","162,0","162,0","162,0","162,0","162,0","162,0","162,0","162,0","162,0","162,0","162,0","162,0","162,0","162,0","162,0","162,0","162,0","162,0","162,0","162,0","162,0","162,0","162,0","162,0","162,0","162,0","162,0","162,0","162,0","162,0","162,0","162,0","162,0","162,0","162,0","162,0","162,0","162,0","162,0","162,0","162,0","162,0","162,0","162,0","162,0","162,0","162,0","162,0","162,0","162,0","162,0","162,0","162,0","162,0","162,0","162,0","162,0","162,0","162,0","162,0","162,0","162,0","162,0","162,0","162,0","162,0","162,0","162,0","162,0","162,0","162,0","162,0","162,0","162,0","162,0"
Venta,EBRERZ,Blq. 1,1,,"2,3","2,3","2,3","2,3","2,3","2,3","2,3","2,3","2,3","2,3","2,3","2,3","2,3","2,3","2,3","2,3","2,3","2,3","2,3","2,3","2,3","2,3","2,3","2,3","2,3","2,3","2,3","2,3","2,3","2,3","2,3","2,3","2,3","2,3","2,3","2,3","2,3","2,3","2,3","2,3","2,3","2,3","2,3","2,3","2,3","2,3","2,3","2,3","2,3","2,3","2,3","2,3","2,3","2,3","2,3","2,3","2,3","2,3","2,3","2,3","2,3","2,3","2,3","2,3","2,3","2,3","2,3","2,3","2,3","2,3","2,3","2,3","2,3","2,3","2,3","2,3","2,3","2,3","2,3","2,3","2,3","2,3","2,3","2,3","2,3","2,3","2,3","2,3","2,3","2,3","2,3","2,3","2,3","2,3","2,3","2,3"
Venta,EBRFEN,Blq. 1,1,,"1870,7","1870,7","1870,7","1870,7","1870,7","1870,7","1870,7","1870,7","1870,7","1870,7","1870,7","1870,7","1870,7","1870,7","1870,7","1870,7","1870,7","1870,7","1870,7","1870,7","1870,7","1870,7","1870,7","1870,7","1870,7","1870,7","1870,7","1870,7","1870,7","1870,7","1870,7","1870,7","1870,7","1870,7","1870,7","1870,7","1870,7","1870,7","1870,7","1870,7","1870,7","1870,7","1870,7","1870,7","1870,7","1870,7","1870,7","1870,7","1870,7","1870,7","1870,7","1870,7","1870,7","1870,7","1870,7","1870,7","1870,7","1870,7","1870,7","1870,7","1870,7","1870,7","1870,7","1870,7","1870,7","1870,7","1870,7","1870,7","1870,7","1870,7","1870,7","1870,7","1870,7","1870,7","1870,7","1870,7","1870,7","1870,7","1870,7","1870,7","1870,7","1870,7","1870,7","1870,7","1870,7","1870,7","1870,7","1870,7","1870,7","1870,7","1870,7","1870,7","1870,7","1870,7","1870,7","1870,7"
Venta,EBROF,Blq. 1,1,,"0,0","0,0","0,0","0,0","0,0","0,0","0,0","0,0","0,0","0,0","0,0","0,0","0,0","0,0","0,0","0,0","0,0","0,0","0,0","0,0","0,0","0,0","0,0","0,0","0,0","0,0","0,0","0,0","0,0","0,0","0,0","0,0","0,0","0,0","0,0","0,0","0,0","0,0","0,0","0,0","0,0","0,0","0,0","0,0","0,0","0,0","0,0","0,0","0,0","0,0","0,0","0,0","0,0","0,0","0,0","0,0","0,0","0,0","0,0","0,0","0,0","0,0","0,0","0,0","0,0","0,0","0,0","0,0","0,0","0,0","0,0","0,0","0,0","0,0","0,0","0,0","0,0","0,0","0,0","0,0","0,0","0,0","0,0","0,0","0,0","0,0","0,0","0,0","0,0","0,0","0,0","0,0","0,0","0,0","0,0","0,0"
Venta,EBSISG,Blq. 1,10,,"0,3","0,4","0,5","0,7","0,5","0,5","0,5","0,4","0,2","0,0",,,,,,,,,,,,,,,,,,,,,,,"0,0","0,0",,,,,,,,,,,,,,,,,,"0,0","0,0",,"0,0","0,0",,,,,"0,0","0,0","0,0","0,1",,,,,,,,,,,,"0,1",,,,,,,,,,,,,,,,,,,,
Venta,ECARRER,Blq. 1,10,,"0,0","0,0","0,0","0,0","0,0","0,0","0,0","0,0","0,0","0,0","0,0","0,0","0,0","0,0","0,0","0,0","0,0","0,0","0,0","0,0","0,0","0,0","0,0","0,0","0,0","0,0","0,0","0,0","0,0","0,0","0,0","0,0","0,0","0,0","0,0","0,0","0,0","0,0","0,0","0,0","0,0","0,0","0,0","0,0","0,0","0,0","0,0","0,0","0,0","0,0","0,0","0,0","0,0","0,0","0,0","0,0","0,0","0,0","0,0","0,0","0,0","0,0","0,0","0,0","0,0","0,0","0,0","0,0","0,0","0,0","0,0","0,0","0,0","0,0","0,0","0,0","0,0","0,0","0,0","0,0","0,0","0,0","0,0","0,0","0,0","0,0","0,0","0,0","0,0","0,0","0,0","0,0","0,0","0,0","0,0","0,0"
Venta,ECASAR,Blq. 1,10,,"0,0","0,0","0,0","0,0","0,0","0,0","0,0","0,0","0,0","0,0","0,0","0,0","0,0","0,0","0,0","0,0","0,0","0,0","0,0","0,0","0,0","0,0","0,0","0,0","0,0","0,0","0,0","0,0","0,0","0,0","0,0","0,0","0,0","0,0","0,0","0,0","0,0","0,0","0,0","0,0","0,0","0,0","0,0","0,0","0,0","0,0","0,0","0,0","0,0","0,0","0,0","0,0","0,0","0,0","0,0","0,0","0,0","0,0","0,0","0,0","0,0","0,0","0,0","0,0","0,0","0,0","0,0","0,0","0,0","0,0","0,0","0,0","0,0","0,0","0,0","0,0","0,0","0,0","0,0","0,0","0,0","0,0","0,0","0,0","0,0","0,0","0,0","0,0","0,0","0,0","0,0","0,0","0,0","0,0","0,0","0,0"
Venta,ECEGRG,Blq. 1,10,,,,,,,,,,,,,,,,,"0,0","0,4","0,4","0,4","0,4","0,4","0,4","0,5","0,3","0,8","0,6","0,5","0,4",,,,"0,0","0,4","0,4","0,4","0,3","0,1","0,1","0,1","0,1","0,0","0,0","0,0","0,0","0,0",,,,"0,0","0,0","0,0","0,0","0,0","0,0","0,0","0,0","0,1","0,0","0,1","0,0","0,1","0,1","0,1","0,2","0,1","0,1","0,2","0,2","0,2","0,2","0,2","0,2","0,0",,,,,,,,,,,,,,,,,,,,,,,
Venta,ECERRA2,Blq. 1,10,,"146,5","146,5","146,5","146,5","146,5","146,5","146,5","146,5","146,5","146,5","146,5","146,5","146,5","146,5","146,5","146,5","146,5","146,5","146,5","146,5","146,5","146,5","146,5","146,5","146,5","146,5","146,5","146,5","146,5","146,5","146,5","146,5","146,5","146,5","146,5","146,5","146,5","146,5","146,5","146,5","146,5","146,5","146,5","146,5","146,5","146,5","146,5","146,5","146,5","146,5","146,5","146,5","146,5","146,5","146,5","146,5","146,5","146,5","146,5","146,5","146,5","146,5","146,5","146,5","146,5","146,5","146,5","146,5","146,5","146,5","146,5","146,5","146,5","146,5","146,5","146,5","146,5","146,5","146,5","146,5","146,5","146,5","146,5","146,5","146,5","146,5","146,5","146,5","146,5","146,5","146,5","146,5","146,5","146,5","146,5","146,5"
Venta,ECERRAG,Blq. 1,10,,"79,0","79,0","79,0","79,0","79,0","79,0","79,0","79,0","79,0","79,0","79,0","79,0","79,0","79,0","79,0","79,0","79,0","79,0","79,0","79,0","79,0","79,0","79,0","79,0","79,0","79,0","79,0","79,0","79,0","79,0","79,0","79,0","79,0","79,0","79,0","79,0","79,0","79,0","79,0","79,0","79,0","79,0","79,0","79,0","79,0","79,0","79,0","79,0","79,0","79,0","79,0","79,0","79,0","79,0","79,0","79,0","79,0","79,0","79,0","79,0","79,0","79,0","79,0","79,0","79,0","79,0","79,0","79,0","79,0","79,0","79,0","79,0","79,0","79,0","79,0","79,0","79,0","79,0","79,0","79,0","79,0","79,0","79,0","79,0","79,0","79,0","79,0","79,0","79,0","79,0","79,0","79,0","79,0","79,0","79,0","79,0"
Venta,ECERRAT,Blq. 1,10,,"101,4","101,4","101,4","101,4","101,4","101,4","101,4","101,4","101,4","101,4","101,4","101,4","101,4","101,4","101,4","101,4","101,4","101,4","101,4","101,4","101,4","101,4","101,4","101,4","101,4","101,4","101,4","101,4","101,4","101,4","101,4","101,4","101,4","101,4","101,4","101,4","101,4","101,4","101,4","101,4","101,4","101,4","101,4","101,4","101,4","101,4","101,4","101,4","101,4","101,4","101,4","101,4","101,4","101,4","101,4","101,4","101,4","101,4","101,4","101,4","101,4","101,4","101,4","101,4","101,4","101,4","101,4","101,4","101,4","101,4","101,4","101,4","101,4","101,4","101,4","101,4","101,4","101,4","101,4","101,4","101,4","101,4","101,4","101,4","101,4","101,4","101,4","101,4","101,4","101,4","101,4","101,4","101,4","101,4","101,4","101,4"
Venta,ECINCA,Blq. 1,10,,"96,8","96,8","96,8","96,8","96,8","96,8","96,8","96,8","96,8","96,8","96,8","96,8","96,8","96,8","96,8","96,8","96,8","96,8","96,8","96,8","96,8","96,8","96,8","96,8","96,8","96,8","96,8","96,8","96,8","96,8","96,8","96,8","96,8","96,8","96,8","96,8","96,8","96,8","96,8","96,8","96,8","96,8","96,8","96,8","96,8","96,8","96,8","96,8","96,8","96,8","96,8","96,8","96,8","96,8","96,8","96,8","96,8","96,8","96,8","96,8","96,8","96,8","96,8","96,8","96,8","96,8","96,8","96,8","96,8","96,8","96,8","96,8","96,8","96,8","96,8","96,8","96,8","96,8","96,8","96,8","96,8","96,8","96,8","96,8","96,8","96,8","96,8","96,8","96,8","96,8","96,8","96,8","96,8","96,8","96,8","96,8"
Venta,ECINCAG,Blq. 1,10,,"60,0","60,0","60,0","60,0","60,0","60,0","60,0","60,0","60,0","60,0","60,0","60,0","60,0","60,0","60,0","60,0","60,0","60,0","60,0","60,0","60,0","60,0","60,0","60,0","60,0","60,0","60,0","60,0","60,0","60,0","60,0","60,0","60,0","60,0","60,0","60,0","60,0","60,0","60,0","60,0","60,0","60,0","60,0","60,0","60,0","60,0","60,0","60,0","60,0","60,0","60,0","60,0","60,0","60,0","60,0","60,0","60,0","60,0","60,0","60,0","60,0","60,0","60,0","60,0","60,0","60,0","60,0","60,0","60,0","60,0","60,0","60,0","60,0","60,0","60,0","60,0","60,0","60,0","60,0","60,0","60,0","60,0","60,0","60,0","60,0","60,0","60,0","60,0","60,0","60,0","60,0","60,0","60,0","60,0","60,0","60,0"
Venta,ECMTA,Blq. 1,10,,"158,5","158,5","158,5","158,5","158,5","158,5","158,5","158,5","158,5","158,5","158,5","158,5","158,5","158,5","158,5","158,5","158,5","158,5","158,5","158,5","158,5","158,5","158,5","158,5","158,5","158,5","158,5","158,5","158,5","158,5","158,5","158,5","158,5","158,5","158,5","158,5","158,5","158,5","158,5","158,5","158,5","158,5","158,5","158,5","158,5","158,5","158,5","158,5","158,5","158,5","158,5","158,5","158,5","158,5","158,5","158,5","158,5","158,5","158,5","158,5","158,5","158,5","158,5","158,5","158,5","158,5","158,5","158,5","158,5","158,5","158,5","158,5","158,5","158,5","158,5","158,5","158,5","158,5","158,5","158,5","158,5","158,5","158,5","158,5","158,5","158,5","158,5","158,5","158,5","158,5","158,5","158,5","158,5","158,5","158,5","158,5"
Venta,ECNR,Blq. 1,10,,"49,5","49,5","49,5","49,5","49,5","49,5","49,5","49,5","49,5","49,5","49,5","49,5","49,5","49,5","49,5","49,5","49,5","49,5","49,5","49,5","49,5","49,5","49,5","49,5","49,5","49,5","49,5","49,5","49,5","49,5","49,5","49,5","49,5","49,5","49,5","49,5","49,5","49,5","49,5","49,5","49,5","49,5","49,5","49,5","49,5","49,5","49,5","49,5","49,5","49,5","49,5","49,5","49,5","49,5","49,5","49,5","49,5","49,5","49,5","49,5","49,5","49,5","49,5","49,5","49,5","49,5","49,5","49,5","49,5","49,5","49,5","49,5","49,5","49,5","49,5","49,5","49,5","49,5","49,5","49,5","49,5","49,5","49,5","49,5","49,5","49,5","49,5","49,5","49,5","49,5","49,5","49,5","49,5","49,5","49,5","49,5"
Venta,ECNRG,Blq. 1,10,,"29,9","29,9","29,9","29,9","29,9","29,9","29,9","29,9","29,9","29,9","29,9","29,9","29,9","29,9","29,9","29,9","29,9","29,9","29,9","29,9","29,9","29,9","29,9","29,9","29,9","29,9","29,9","29,9","29,9","29,9","29,9","29,9","29,9","29,9","29,9","29,9","29,9","29,9","29,9","29,9","29,9","29,9","29,9","29,9","29,9","29,9","29,9","29,9","29,9","29,9","29,9","29,9","29,9","29,9","29,9","29,9","29,9","29,9","29,9","29,9","29,9","29,9","29,9","29,9","29,9","29,9","29,9","29,9","29,9","29,9","29,9","29,9","29,9","29,9","29,9","29,9","29,9","29,9","29,9","29,9","29,9","29,9","29,9","29,9","29,9","29,9","29,9","29,9","29,9","29,9","29,9","29,9","29,9","29,9","29,9","29,9"
Venta,ECT3,Blq. 1,1,,"145,0","145,0","145,0","145,0","145,0","145,0","145,0","145,0","145,0","145,0","145,0","145,0","145,0","145,0","145,0","145,0","145,0","145,0","145,0","145,0","145,0","145,0","145,0","145,0","145,0","145,0","145,0","145,0","145,0","145,0","145,0","145,0","145,0","145,0","145,0","145,0","145,0","145,0","145,0","145,0","145,0","145,0","145,0","145,0","145,0","145,0","145,0","145,0","145,0","145,0","145,0","145,0","145,0","145,0","145,0","145,0","145,0","145,0","145,0","145,0","145,0","145,0","145,0","145,0","145,0","145,0","145,0","145,0","145,0","145,0","145,0","145,0","145,0","145,0","145,0","145,0","145,0","145,0","145,0","145,0","145,0","145,0","145,0","145,0","145,0","145,0","145,0","145,0","145,0","145,0","145,0","145,0","145,0","145,0","145,0","145,0"
Venta,ECT3,Blq. 2,1,,"659,3","659,3","659,3","659,3","659,3","659,3","659,3","659,3","659,3","659,3","659,3","659,3","659,3","659,3","659,3","659,3","659,3","659,3","659,3","659,3","659,3","659,3","659,3","659,3","659,3","659,3","659,3","659,3","659,3","659,3","659,3","659,3","659,3","659,3","659,3","659,3","659,3","659,3","659,3","659,3","659,3","659,3","659,3","659,3","659,3","659,3","659,3","659,3","659,3","659,3","659,3","659,3","659,3","659,3","659,3","659,3","659,3","659,3","659,3","659,3","659,3","659,3","659,3","659,3","659,3","659,3","659,3","659,3","659,3","659,3","659,3","659,3","659,3","659,3","659,3","659,3","659,3","659,3","659,3","659,3","659,3","659,3","659,3","659,3","659,3","659,3","659,3","659,3","659,3","659,3","659,3","659,3","659,3","659,3","659,3","659,3"
Venta,ECURRAG,Blq. 1,10,,"0,1","0,1","0,0","0,0",,,,,,,,,,,,,,,,,,,,,,,,,,,,,,,,,,,,,,,,,,,,,"0,1","0,1","0,1","0,1","0,0","0,0","0,1","0,1","0,0",,"0,0","0,0",,"0,0",,,,,,,,,,,,,,"0,0",,,,,,,,,,,"0,0","0,0","0,2","0,2","0,2","0,2","0,2","0,2","0,2","0,2"
Venta,EDEVAG,Blq. 1,10,,"1,1","1,0","0,9","0,8",,,,,,,,,,,,,,,,,,,,,,,,,,,,,,,,,,,,,,,"0,0",,,,,,"0,0","0,0","0,0","0,0","0,0","0,0","0,0","0,0","0,0","0,0","0,1","0,1","0,2","0,0","0,0","0,0","0,3","0,3","0,4","0,4","0,2","0,2",,"0,1","0,6","0,3","0,5","0,3","0,9","0,9","1,0","0,9","1,3","1,1","0,9","0,7","0,2","0,2","0,2","0,2","0,0","0,0","0,0","0,0","0,0","0,0",,
Venta,EDRIBGE,Blq. 1,10,,"99,0","99,0","99,0","99,0","15,0","14,8","13,6","12,5","99,0","99,0","99,0","99,0","7,6","5,2","5,0","2,9","99,0","99,0","99,0","99,0","99,0","99,0","99,0","99,0","99,0","99,0","99,0","99,0","99,0","99,0","99,0","99,0","3,7","3,4","3,1","2,9","2,8","1,9","0,9","0,8","0,4","1,3","1,3","1,3","2,0","1,7","1,3","1,0","0,3","99,0","99,0","99,0","0,4","0,4","0,4","0,5","99,0","99,0","0,5","0,1","0,6","0,5","0,7","0,9","1,1","1,3","99,0","2,5","4,5","5,5","6,2","7,0","99,0","0,4","99,0","99,0","99,0","99,0","99,0","99,0","99,0","99,0","99,0","99,0","99,0","99,0","99,0","99,0","99,0","99,0","99,0","0,1","99,0","0,1","0,7","1,1"
Venta,EDRIBGE,Blq. 2,10,,,,,,"84,0","84,2","85,4","86,5",,,,,"91,4","93,8","94,0","96,1",,,,,,,,,,,,,,,,,"95,3","95,6","95,9","96,1","96,2","97,1","98,1","98,2","98,6","97,7","97,7","97,7","97,0","97,3","97,7","98,0","98,7",,,,"98,6","98,6","98,6","98,5",,,"98,5","98,9","98,4","98,5","98,3","98,1","97,9","97,7",,"96,5","94,5","93,5","92,8","92,0",,"98,6",,,,,,,,,,,,,,,,,,"98,9",,"98,9","98,3","97,9"
Venta,EEBAN,Blq. 1,10,,"0,0","0,0","0,0","0,0","0,0","0,0","0,0","0,0","0,0","0,0","0,0","0,0","0,0","0,0","0,0","0,0","0,0","0,0","0,0","0,0","0,0","0,0","0,0","0,0","0,0","0,0","0,0","0,0","0,0","0,0","0,0","0,0","0,0","0,0","0,0","0,0","0,0","0,0","0,0","0,0","0,0","0,0","0,0","0,0","0,0","0,0","0,0","0,0","0,0","0,0","0,0","0,0","0,0","0,0","0,0","0,0","0,0","0,0","0,0","0,0","0,0","0,0","0,0","0,0","0,0","0,0","0,0","0,0","0,0","0,0","0,0","0,0","0,0","0,0","0,0","0,0","0,0","0,0","0,0","0,0","0,0","0,0","0,0","0,0","0,0","0,0","0,0","0,0","0,0","0,0","0,0","0,0","0,0","0,0","0,0","0,0"
Venta,EECAB,Blq. 1,10,,"0,0","0,0","0,0","0,0","0,0","0,0","0,0","0,0","0,0","0,0","0,0","0,0","0,0","0,0","0,0","0,0","0,0","0,0","0,0","0,0","0,0","0,0","0,0","0,0","0,0","0,0","0,0","0,0","0,0","0,0","0,0","0,0","0,0","0,0","0,0","0,0","0,0","0,0","0,0","0,0","0,0","0,0","0,0","0,0","0,0","0,0","0,0","0,0","0,0","0,0","0,0","0,0","0,0","0,0","0,0","0,0","0,0","0,0","0,0","0,0","0,0","0,0","0,0","0,0","0,0","0,0","0,0","0,0","0,0","0,0","0,0","0,0","0,0","0,0","0,0","0,0","0,0","0,0","0,0","0,0","0,0","0,0","0,0","0,0","0,0","0,0","0,0","0,0","0,0","0,0","0,0","0,0","0,0","0,0","0,0","0,0"
Venta,EECAP,Blq. 1,10,,"0,0","0,0","0,0","0,0","0,0","0,0","0,0","0,0","0,0","0,0","0,0","0,0","0,0","0,0","0,0","0,0","0,0","0,0","0,0","0,0","0,0","0,0","0,0","0,0","0,0","0,0","0,0","0,0","0,0","0,0","0,0","0,0","0,0","0,0","0,0","0,0","0,0","0,0","0,0","0,0","0,0","0,0","0,0","0,0","0,0","0,0","0,0","0,0","0,0","0,0","0,0","0,0","0,0","0,0","0,0","0,0","0,0","0,0","0,0","0,0","0,0","0,0","0,0","0,0","0,0","0,0","0,0","0,0","0,0","0,0","0,0","0,0","0,0","0,0","0,0","0,0","0,0","0,0","0,0","0,0","0,0","0,0","0,0","0,0","0,0","0,0","0,0","0,0","0,0","0,0","0,0","0,0","0,0","0,0","0,0","0,0"
Venta,EEHU2,Blq. 1,10,,"11,0","11,0","11,0","11,0","11,0","11,0","11,0","11,0","11,0","11,0","11,0","11,0","11,0","11,0","11,0","11,0","11,0","11,0","11,0","11,0","11,0","11,0","11,0","11,0","11,0","11,0","11,0","11,0","11,0","11,0","11,0","11,0","11,0","11,0","11,0","11,0","11,0","11,0","11,0","11,0","11,0","11,0","11,0","11,0","11,0","11,0","11,0","11,0","11,0","11,0","11,0","11,0","11,0","11,0","11,0","11,0","11,0","11,0","11,0","11,0","11,0","11,0","11,0","11,0","11,0","11,0","11,0","11,0","11,0","11,0","11,0","11,0","11,0","11,0","11,0","11,0","11,0","11,0","11,0","11,0","11,0","11,0","11,0","11,0","11,0","11,0","11,0","11,0","11,0","11,0","11,0","11,0","11,0","11,0","11,0","11,0"
Venta,EELEZU,Blq. 1,10,,"0,0","0,0","0,0","0,0","0,0","0,0","0,0","0,0","0,0","0,0","0,0","0,0","0,0","0,0","0,0","0,0","0,0","0,0","0,0","0,0","0,0","0,0","0,0","0,0","0,0","0,0","0,0","0,0","0,0","0,0","0,0","0,0","0,0","0,0","0,0","0,0","0,0","0,0","0,0","0,0","0,0","0,0","0,0","0,0","0,0","0,0","0,0","0,0","0,0","0,0","0,0","0,0","0,0","0,0","0,0","0,0","0,0","0,0","0,0","0,0","0,0","0,0","0,0","0,0","0,0","0,0","0,0","0,0","0,0","0,0","0,0","0,0","0,0","0,0","0,0","0,0","0,0","0,0","0,0","0,0","0,0","0,0","0,0","0,0","0,0","0,0","0,0","0,0","0,0","0,0","0,0","0,0","0,0","0,0","0,0","0,0"
Venta,EEOBRO,Blq. 1,10,,"0,0","0,0","0,0","0,0","0,0","0,0","0,0","0,0","0,0","0,0","0,0","0,0","0,0","0,0","0,0","0,0","0,0","0,0","0,0","0,0","0,0","0,0","0,0","0,0","0,0","0,0","0,0","0,0","0,0","0,0","0,0","0,0","0,0","0,0","0,0","0,0","0,0","0,0","0,0","0,0","0,0","0,0","0,0","0,0","0,0","0,0","0,0","0,0","0,0","0,0","0,0","0,0","0,0","0,0","0,0","0,0","0,0","0,0","0,0","0,0","0,0","0,0","0,0","0,0","0,0","0,0","0,0","0,0","0,0","0,0","0,0","0,0","0,0","0,0","0,0","0,0","0,0","0,0","0,0","0,0","0,0","0,0","0,0","0,0","0,0","0,0","0,0","0,0","0,0","0,0","0,0","0,0","0,0","0,0","0,0","0,0"
Venta,EEOBRO2,Blq. 1,10,,"0,0","0,0","0,0","0,0","0,0","0,0","0,0","0,0","0,0","0,0","0,0","0,0","0,0","0,0","0,0","0,0","0,0","0,0","0,0","0,0","0,0","0,0","0,0","0,0","0,0","0,0","0,0","0,0","0,0","0,0","0,0","0,0","0,0","0,0","0,0","0,0","0,0","0,0","0,0","0,0","0,0","0,0","0,0","0,0","0,0","0,0","0,0","0,0","0,0","0,0","0,0","0,0","0,0","0,0","0,0","0,0","0,0","0,0","0,0","0,0","0,0","0,0","0,0","0,0","0,0","0,0","0,0","0,0","0,0","0,0","0,0","0,0","0,0","0,0","0,0","0,0","0,0","0,0","0,0","0,0","0,0","0,0","0,0","0,0","0,0","0,0","0,0","0,0","0,0","0,0","0,0","0,0","0,0","0,0","0,0","0,0"
Venta,EFEGED,Blq. 1,10,,"0,1","0,1","0,0","0,0","1,7","1,5","1,3","1,3","1,6","1,7","1,8","1,9","0,1","0,1","0,3","0,3","0,5","0,5","0,4","0,5","0,6","0,5","0,3","0,2","0,2","0,2","0,2","0,2","0,1","0,1","0,1","0,1","0,0","0,0","0,0","0,0","0,0","0,0","0,0","0,0","0,0","0,0","0,0","0,0","0,0","0,0","0,0","0,0","0,0","0,0","0,0","0,0","0,0","0,0","0,0","0,0","0,0","0,1","0,0","0,1",,"0,0","0,1","0,2","1,1","0,9","0,9","0,7","0,6","0,7","0,3","0,6","0,6","0,5","0,5","0,4","0,5","0,5","0,6","0,9","0,4","0,2","0,2","0,0","0,1","0,0","0,0","0,1","0,2","0,2","0,3","0,3","0,4","0,4","0,5","0,5"
Venta,EFEGEL1,Blq. 1,10,,"0,0","0,0","0,0","0,0","0,0","0,0","0,0","0,0","0,0","0,0","0,0","0,0","0,0",,,,,,,,"0,0","0,0","0,0","0,0","0,0","0,0","0,0","0,0","0,0","0,0","0,0","0,0","0,0","0,0","0,0","0,0",,,"0,0","0,0","0,0","0,0","0,0","0,0","0,0","0,0","0,0","0,0","0,0","0,0","0,0","0,0","0,0","0,0","0,0","0,0","0,0","0,0","0,0","0,0","0,0","0,0","0,0","0,0","0,0","0,0","0,0","0,0","0,0","0,0","0,0","0,0","0,0","0,0","0,0","0,0","0,0","0,0","0,0","0,0","0,0","0,0","0,0","0,0","0,0","0,0","0,0","0,0","0,0","0,0","0,0","0,0","0,0","0,0","0,0","0,0"
Venta,EFEGEL1,Blq. 2,10,,"0,4","0,2","0,1",,,,,,,"0,1",,,,,,,,,,,,,,,,,,,,,,,"0,2","0,2",,,,,,,"0,1",,"0,6","0,1",,,,,,,,,,,,,,,,,"0,2",,,,,,,,"0,5","0,6","0,6","0,6","1,3","1,1","1,1","1,0","1,0","1,0","0,8","0,8","1,1","0,8","0,7","0,7","0,1","0,1","0,1","0,1",,,,,,,,
Venta,EFEGEL2,Blq. 1,10,,"0,0","0,0","0,0","0,0","0,0","0,0","0,0","0,0","0,0","0,0","0,0","0,0",,,,,,,"0,0","0,0","0,0","0,0","0,0","0,0","0,0","0,0","0,0","0,0","0,0","0,0","0,0","0,0","0,0","0,0","0,0","0,0","0,0","0,0","0,0","0,0","0,0","0,0","0,0","0,0","0,0","0,0","0,0","0,0","0,0","0,0","0,0","0,0","0,0","0,0","0,0","0,0","0,0","0,0","0,0","0,0","0,0","0,0","0,0","0,0","0,0","0,0","0,0","0,0","0,0","0,0","0,0","0,0","0,0","0,0","0,0","0,0","0,0","0,0","0,0","0,0","0,0","0,0","0,0","0,0","0,0","0,0","0,0","0,0","0,0","0,0","0,0","0,0","0,0","0,0","0,0","0,0"
