Unnamed: 0,Unnamed: 1,Indicadores,Programa (MWh),Programa (MWh).1,Programa (MWh).2,Programa (MWh).3,Programa (MWh).4,Programa (MWh).5,Programa (MWh).6,Programa (MWh).7,Programa (MWh).8,Programa (MWh).9,Programa (MWh).10,Programa (MWh).11,Programa (MWh).12,Programa (MWh).13,Programa (MWh).14,Programa (MWh).15,Programa (MWh).16,Programa (MWh).17,Programa (MWh).18,Programa (MWh).19,Programa (MWh).20,Programa (MWh).21,Programa (MWh).22,Programa (MWh).23,Programa (MWh).24,Programa (MWh).25,Programa (MWh).26,Programa (MWh).27,Programa (MWh).28,Programa (MWh).29,Programa (MWh).30,Programa (MWh).31,Programa (MWh).32,Programa (MWh).33,Programa (MWh).34,Programa (MWh).35,Programa (MWh).36,Programa (MWh).37,Programa (MWh).38,Programa (MWh).39,Programa (MWh).40,Programa (MWh).41,Programa (MWh).42,Programa (MWh).43,Programa (MWh).44,Programa (MWh).45,Programa (MWh).46,Programa (MWh).47,Programa (MWh).48,Programa (MWh).49,Programa (MWh).50,Programa (MWh).51,Programa (MWh).52,Programa (MWh).53,Programa (MWh).54,Programa (MWh).55,Programa (MWh).56,Programa (MWh).57,Programa (MWh).58,Programa (MWh).59,Programa (MWh).60,Programa (MWh).61,Programa (MWh).62,Programa (MWh).63,Programa (MWh).64,Programa (MWh).65,Programa (MWh).66,Programa (MWh).67,Programa (MWh).68,Programa (MWh).69,Programa (MWh).70,Programa (MWh).71,Programa (MWh).72,Programa (MWh).73,Programa (MWh).74,Programa (MWh).75,Programa (MWh).76,Programa (MWh).77,Programa (MWh).78,Programa (MWh).79,Programa (MWh).80,Programa (MWh).81,Programa (MWh).82,Programa (MWh).83,Programa (MWh).84,Programa (MWh).85,Programa (MWh).86,Programa (MWh).87,Programa (MWh).88,Programa (MWh).89,Programa (MWh).90,Programa (MWh).91,Programa (MWh).92,Programa (MWh).93,Programa (MWh).94,Programa (MWh).95,Programa (MWh).96
,,Dia,11-junio-2026,11-junio-2026,11-junio-2026,11-junio-2026,11-junio-2026,11-junio-2026,11-junio-2026,11-junio-2026,11-junio-2026,11-junio-2026,11-junio-2026,11-junio-2026,11-junio-2026,11-junio-2026,11-junio-2026,11-junio-2026,11-junio-2026,11-junio-2026,11-junio-2026,11-junio-2026,11-junio-2026,11-junio-2026,11-junio-2026,11-junio-2026,11-junio-2026,11-junio-2026,11-junio-2026,11-junio-2026,11-junio-2026,11-junio-2026,11-junio-2026,11-junio-2026,11-junio-2026,11-junio-2026,11-junio-2026,11-junio-2026,11-junio-2026,11-junio-2026,11-junio-2026,11-junio-2026,11-junio-2026,11-junio-2026,11-junio-2026,11-junio-2026,11-junio-2026,11-junio-2026,11-junio-2026,11-junio-2026,11-junio-2026,11-junio-2026,11-junio-2026,11-junio-2026,11-junio-2026,11-junio-2026,11-junio-2026,11-junio-2026,11-junio-2026,11-junio-2026,11-junio-2026,11-junio-2026,11-junio-2026,11-junio-2026,11-junio-2026,11-junio-2026,11-junio-2026,11-junio-2026,11-junio-2026,11-junio-2026,11-junio-2026,11-junio-2026,11-junio-2026,11-junio-2026,11-junio-2026,11-junio-2026,11-junio-2026,11-junio-2026,11-junio-2026,11-junio-2026,11-junio-2026,11-junio-2026,11-junio-2026,11-junio-2026,11-junio-2026,11-junio-2026,11-junio-2026,11-junio-2026,11-junio-2026,11-junio-2026,11-junio-2026,11-junio-2026,11-junio-2026,11-junio-2026,11-junio-2026,11-junio-2026,11-junio-2026,11-junio-2026,11-junio-2026
,,Programa,PDVP,PDVP,PDVP,PDVP,PDVP,PDVP,PDVP,PDVP,PDVP,PDVP,PDVP,PDVP,PDVP,PDVP,PDVP,PDVP,PDVP,PDVP,PDVP,PDVP,PDVP,PDVP,PDVP,PDVP,PDVP,PDVP,PDVP,PDVP,PDVP,PDVP,PDVP,PDVP,PDVP,PDVP,PDVP,PDVP,PDVP,PDVP,PDVP,PDVP,PDVP,PDVP,PDVP,PDVP,PDVP,PDVP,PDVP,PDVP,PDVP,PDVP,PDVP,PDVP,PDVP,PDVP,PDVP,PDVP,PDVP,PDVP,PDVP,PDVP,PDVP,PDVP,PDVP,PDVP,PDVP,PDVP,PDVP,PDVP,PDVP,PDVP,PDVP,PDVP,PDVP,PDVP,PDVP,PDVP,PDVP,PDVP,PDVP,PDVP,PDVP,PDVP,PDVP,PDVP,PDVP,PDVP,PDVP,PDVP,PDVP,PDVP,PDVP,PDVP,PDVP,PDVP,PDVP,PDVP,PDVP
Unidad de Programación,Tipo Oferta,Cuarto de Hora del dia,Total,1,2,3,4,5,6,7,8,9,10,11,12,13,14,15,16,17,18,19,20,21,22,23,24,25,26,27,28,29,30,31,32,33,34,35,36,37,38,39,40,41,42,43,44,45,46,47,48,49,50,51,52,53,54,55,56,57,58,59,60,61,62,63,64,65,66,67,68,69,70,71,72,73,74,75,76,77,78,79,80,81,82,83,84,85,86,87,88,89,90,91,92,93,94,95,96
A2GAME2,10,,"45,600","0,475","0,475","0,475","0,475","0,475","0,475","0,475","0,475","0,475","0,475","0,475","0,475","0,475","0,475","0,475","0,475","0,475","0,475","0,475","0,475","0,475","0,475","0,475","0,475","0,475","0,475","0,475","0,475","0,475","0,475","0,475","0,475","0,475","0,475","0,475","0,475","0,475","0,475","0,475","0,475","0,475","0,475","0,475","0,475","0,475","0,475","0,475","0,475","0,475","0,475","0,475","0,475","0,475","0,475","0,475","0,475","0,475","0,475","0,475","0,475","0,475","0,475","0,475","0,475","0,475","0,475","0,475","0,475","0,475","0,475","0,475","0,475","0,475","0,475","0,475","0,475","0,475","0,475","0,475","0,475","0,475","0,475","0,475","0,475","0,475","0,475","0,475","0,475","0,475","0,475","0,475","0,475","0,475","0,475","0,475","0,475"
ABA1,1,,"1,500","0,025","0,025",,,,,,,,,,,,,,,,,,,,,,,,,,,,"0,025",,"0,025","0,025","0,025","0,025","0,025","0,025","0,025","0,025","0,025","0,025","0,025","0,025","0,025","0,025","0,025","0,025","0,025","0,025","0,025","0,025","0,025","0,025","0,025","0,025","0,025","0,025","0,025","0,025","0,025","0,025","0,025","0,025","0,025","0,025","0,025","0,025","0,025","0,025","0,025","0,025","0,025","0,025","0,025","0,025","0,025","0,025","0,025",,,"0,025","0,025","0,025","0,025","0,025",,,"0,025",,,,"0,025","0,025","0,025","0,025",
ABA2,1,,"2,400","0,025","0,025","0,025","0,025","0,025","0,025","0,025","0,025","0,025","0,025","0,025","0,025","0,025","0,025","0,025","0,025","0,025","0,025","0,025","0,025","0,025","0,025","0,025","0,025","0,025","0,025","0,025","0,025","0,025","0,025","0,025","0,025","0,025","0,025","0,025","0,025","0,025","0,025","0,025","0,025","0,025","0,025","0,025","0,025","0,025","0,025","0,025","0,025","0,025","0,025","0,025","0,025","0,025","0,025","0,025","0,025","0,025","0,025","0,025","0,025","0,025","0,025","0,025","0,025","0,025","0,025","0,025","0,025","0,025","0,025","0,025","0,025","0,025","0,025","0,025","0,025","0,025","0,025","0,025","0,025","0,025","0,025","0,025","0,025","0,025","0,025","0,025","0,025","0,025","0,025","0,025","0,025","0,025","0,025","0,025","0,025"
ABO2G,1,,"6140,000","57,500","57,500","57,500","57,500","57,500","57,500","57,500","57,500","57,500","57,500","57,500","57,500","57,500","57,500","57,500","57,500","57,500","57,500","57,500","57,500","57,500","57,500","57,500","57,500","57,500","57,500","57,500","57,500","57,500","57,500","57,500","57,500","57,500","57,500","57,500","57,500","57,500","57,500","57,500","57,500","57,500","57,500","57,500","57,500","75,000","75,000","75,000","75,000","87,500","87,500","87,500","87,500","87,500","87,500","87,500","87,500","87,500","87,500","87,500","87,500","87,500","87,500","87,500","87,500","75,000","75,000","75,000","75,000","57,500","57,500","57,500","57,500","57,500","57,500","57,500","57,500","57,500","57,500","57,500","57,500","57,500","57,500","57,500","57,500","57,500","57,500","57,500","57,500","57,500","57,500","57,500","57,500","57,500","57,500","57,500","57,500"
ABOUC01,8,,"-60,150","-0,500","-0,525","-0,500","-0,500","-0,500","-0,500","-0,475","-0,475","-0,500","-0,475","-0,475","-0,450","-0,450","-0,450","-0,425","-0,425","-0,425","-0,425","-0,450","-0,450","-0,450","-0,450","-0,450","-0,475","-0,525","-0,525","-0,525","-0,500","-0,525","-0,550","-0,550","-0,575","-0,675","-0,675","-0,675","-0,700","-0,750","-0,750","-0,750","-0,750","-0,775","-0,800","-0,800","-0,800","-0,800","-0,800","-0,800","-0,825","-0,825","-0,800","-0,800","-0,825","-0,825","-0,825","-0,800","-0,800","-0,750","-0,725","-0,700","-0,700","-0,700","-0,700","-0,700","-0,725","-0,725","-0,725","-0,700","-0,700","-0,700","-0,725","-0,725","-0,725","-0,700","-0,700","-0,700","-0,700","-0,675","-0,650","-0,650","-0,675","-0,650","-0,650","-0,650","-0,625","-0,600","-0,600","-0,575","-0,575","-0,550","-0,550","-0,550","-0,550","-0,525","-0,525","-0,500","-0,500"
ABOX,11,,"-48,000","-0,500","-0,500","-0,500","-0,500","-0,500","-0,500","-0,500","-0,500","-0,500","-0,500","-0,500","-0,500","-0,500","-0,500","-0,500","-0,500","-0,500","-0,500","-0,500","-0,500","-0,500","-0,500","-0,500","-0,500","-0,500","-0,500","-0,500","-0,500","-0,500","-0,500","-0,500","-0,500","-0,500","-0,500","-0,500","-0,500","-0,500","-0,500","-0,500","-0,500","-0,500","-0,500","-0,500","-0,500","-0,500","-0,500","-0,500","-0,500","-0,500","-0,500","-0,500","-0,500","-0,500","-0,500","-0,500","-0,500","-0,500","-0,500","-0,500","-0,500","-0,500","-0,500","-0,500","-0,500","-0,500","-0,500","-0,500","-0,500","-0,500","-0,500","-0,500","-0,500","-0,500","-0,500","-0,500","-0,500","-0,500","-0,500","-0,500","-0,500","-0,500","-0,500","-0,500","-0,500","-0,500","-0,500","-0,500","-0,500","-0,500","-0,500","-0,500","-0,500","-0,500","-0,500","-0,500","-0,500"
ACAPC01,7,,"-9,850","-0,075","-0,075","-0,075","-0,075","-0,075","-0,075","-0,075","-0,075","-0,075","-0,075","-0,075","-0,075","-0,075","-0,075","-0,075","-0,075","-0,075","-0,075","-0,075","-0,075","-0,075","-0,075","-0,075","-0,075","-0,075","-0,100","-0,125","-0,125","-0,125","-0,125","-0,125","-0,125","-0,125","-0,125","-0,125","-0,125","-0,100","-0,125","-0,125","-0,150","-0,125","-0,125","-0,125","-0,125","-0,125","-0,125","-0,125","-0,125","-0,125","-0,150","-0,125","-0,125","-0,125","-0,125","-0,125","-0,125","-0,125","-0,125","-0,125","-0,125","-0,125","-0,125","-0,125","-0,125","-0,125","-0,125","-0,125","-0,125","-0,125","-0,125","-0,125","-0,125","-0,100","-0,100","-0,100","-0,100","-0,100","-0,100","-0,100","-0,100","-0,100","-0,100","-0,100","-0,100","-0,075","-0,075","-0,075","-0,075","-0,075","-0,075","-0,075","-0,075","-0,075","-0,075","-0,075","-0,075"
ACE4,1,,"1485,000","33,750","33,750","33,750","33,750","33,750","33,750","33,750","33,750","33,750","33,750","33,750","33,750","33,750","33,750","33,750","33,750","33,750","33,750","33,750","33,750","33,750","33,750","33,750","33,750","33,750","33,750","33,750","33,750",,,,,,,,,,,,,,,,,,,,,,,,,,,,,,,,,,,,,,,,,,,,,,,,,,,,,"33,750","33,750","33,750","33,750","33,750","33,750","33,750","33,750","33,750","33,750","33,750","33,750","33,750","33,750","33,750","33,750"
ACNHC01,8,,"-118,850","-1,475","-1,475","-1,475","-1,475","-1,550","-1,550","-1,550","-1,525","-1,550","-1,550","-1,550","-0,225","-1,525","-0,250","-0,200","-1,475","-1,425","-1,400","-0,250","-0,250","-1,425","-1,475","-1,500","-1,550","-1,650","-0,275","-1,750","-1,725","-1,800","-1,825","-1,850","-1,850","-1,850","-0,275","-1,850","-0,225","-1,825","-1,800","-1,800","-0,300","-0,300","-1,800","-1,775","-1,775","-1,825","-1,825","-1,825","-0,250","-0,325","-0,275","-0,250","-0,300","-0,250","-0,275","-0,250","-0,275","-0,225","-0,275","-0,250","-0,225","-0,250","-0,250","-0,225","-0,225","-0,275","-0,275","-1,675","-1,700","-1,775","-1,800","-1,800","-1,775","-1,725","-1,725","-1,725","-1,725","-1,775","-1,775","-1,775","-1,750","-1,725","-1,700","-1,700","-1,700","-1,725","-1,700","-1,675","-1,650","-1,625","-1,600","-1,575","-1,550","-1,525","-1,500","-1,525","-1,500"
ACSOC01,8,,"-46,800","-0,400","-0,400","-0,300","-0,300","-0,300","-0,300","-0,300","-0,300","-0,300","-0,300","-0,300","-0,300","-0,300","-0,300","-0,300","-0,300","-0,300","-0,300","-0,300","-0,300","-0,300","-0,300","-0,300","-0,400","-0,400","-0,500","-0,500","-0,500","-0,500","-0,500","-0,500","-0,500","-0,600","-0,600","-0,600","-0,600","-0,600","-0,600","-0,700","-0,700","-0,700","-0,700","-0,600","-0,600","-0,600","-0,700","-0,700","-0,700","-0,700","-0,700","-0,600","-0,700","-0,700","-0,700","-0,600","-0,600","-0,600","-0,600","-0,500","-0,500","-0,500","-0,500","-0,500","-0,500","-0,500","-0,500","-0,500","-0,500","-0,500","-0,500","-0,500","-0,500","-0,500","-0,500","-0,500","-0,500","-0,500","-0,500","-0,500","-0,500","-0,500","-0,500","-0,500","-0,500","-0,500","-0,500","-0,500","-0,500","-0,500","-0,500","-0,500","-0,500","-0,400","-0,400","-0,400","-0,400"
ACTIC01,8,,"-34,375","-0,325","-0,325","-0,325","-0,325","-0,300","-0,300","-0,300","-0,300","-0,300","-0,300","-0,300","-0,300","-0,300","-0,300","-0,300","-0,300","-0,300","-0,300","-0,300","-0,275","-0,300","-0,300","-0,275","-0,275","-0,300","-0,300","-0,275","-0,275","-0,300","-0,300","-0,300","-0,300","-0,325","-0,300","-0,300","-0,300","-0,375","-0,375","-0,375","-0,375","-0,375","-0,375","-0,375","-0,375","-0,400","-0,400","-0,400","-0,400","-0,400","-0,400","-0,400","-0,400","-0,425","-0,425","-0,425","-0,425","-0,400","-0,400","-0,400","-0,400","-0,400","-0,400","-0,400","-0,400","-0,425","-0,425","-0,425","-0,425","-0,425","-0,425","-0,425","-0,425","-0,425","-0,425","-0,425","-0,425","-0,400","-0,400","-0,400","-0,400","-0,375","-0,375","-0,375","-0,375","-0,375","-0,350","-0,375","-0,375","-0,375","-0,350","-0,350","-0,350","-0,350","-0,350","-0,350","-0,325"
ADEIC01,8,,"-435,100","-0,700","-1,725","-1,775","-1,775","-1,775","-1,750","-1,750","-3,525","-3,650","-3,550","-3,525","-3,500","-3,400","-3,300","-3,250","-3,300","-3,300","-3,200","-1,550","-1,575","-1,625","-1,650","-0,675","-0,700","-0,700",,,,,,,"-0,850","-0,875","-4,425","-4,400","-8,275","-8,300","-8,150","-7,900","-7,800","-8,350","-8,275","-8,300","-8,275","-8,350","-8,275","-8,175","-8,200","-8,275","-8,100","-8,100","-8,050","-8,000","-7,900","-7,900","-7,975","-7,675","-7,675","-7,775","-7,800","-7,775","-7,775","-7,775","-7,775","-7,700","-7,850","-7,975","-8,050","-7,900","-7,975","-8,100","-8,275","-7,900","-7,975","-8,200","-8,475","-8,000","-2,000","-4,100","-4,175","-8,050","-2,050","-2,075","-0,850","-0,825","-0,800",,,,,"-0,700","-0,700","-0,675","-0,675","-0,675","-1,650"
ADEIV01,2,,"1,275",,,,,,,,,,,,,,,,,,,,,,,,,,,,,,,,,"0,025","0,025","0,025","0,025","0,025","0,025","0,025","0,025","0,025","0,025","0,025","0,025","0,025","0,025","0,025","0,025","0,025","0,025","0,025","0,025","0,025","0,025","0,025","0,025","0,025","0,025","0,025","0,025","0,025","0,025","0,025","0,025","0,025","0,025","0,025","0,025","0,025","0,025","0,025","0,025","0,025","0,025","0,025","0,025","0,025","0,025","0,025","0,025","0,025","0,025","0,025",,,,,,,,,,,,,
ADELC01,8,,"-445,075","-4,475","-4,400","-4,350","-4,275","-4,200","-4,175","-4,125","-4,100","-4,050","-4,025","-3,975","-3,950","-3,900","-3,900","-3,900","-3,900","-3,900","-3,950","-3,975","-4,025","-4,050","-4,125","-4,200","-4,250","-4,325","-4,475","-4,600","-4,750","-4,875","-4,800","-4,750","-4,675","-4,600","-4,725","-4,875","-5,000","-5,125","-5,200","-5,250","-5,325","-5,375","-5,375","-5,350","-5,350","-5,325","-5,325","-5,325","-5,325","-5,325","-5,350","-5,375","-5,375","-5,400","-5,350","-5,325","-5,275","-5,225","-5,175","-5,150","-5,100","-5,050","-5,000","-4,925","-4,875","-4,800","-4,775","-4,750","-4,725","-4,700","-4,675","-4,625","-4,600","-4,550","-4,525","-4,500","-4,475","-4,450","-4,475","-4,475","-4,500","-4,500","-4,500","-4,500","-4,475","-4,475","-4,450","-4,450","-4,425","-4,400","-4,325","-4,250","-4,150","-4,075","-4,200","-4,325","-4,425"
ADSEC01,8,,"-6,175","-0,050","-0,050","-0,050","-0,050","-0,050","-0,050","-0,050","-0,050","-0,050","-0,050","-0,050","-0,050","-0,050","-0,050","-0,050","-0,050","-0,050","-0,050","-0,050","-0,050","-0,050","-0,050","-0,050","-0,050","-0,050","-0,050","-0,050","-0,050","-0,050","-0,050","-0,050","-0,050","-0,050","-0,050","-0,050","-0,050","-0,050","-0,050","-0,050","-0,050","-0,050","-0,075","-0,075","-0,075","-0,075","-0,075","-0,075","-0,075","-0,075","-0,075","-0,075","-0,075","-0,075","-0,075","-0,075","-0,075","-0,075","-0,075","-0,075","-0,075","-0,075","-0,075","-0,075","-0,075","-0,075","-0,075","-0,075","-0,075","-0,075","-0,075","-0,075","-0,075","-0,075","-0,075","-0,075","-0,075","-0,075","-0,075","-0,075","-0,075","-0,075","-0,075","-0,075","-0,075","-0,075","-0,075","-0,075","-0,075","-0,075","-0,075","-0,075","-0,075","-0,075","-0,075","-0,075","-0,075"
ADSNC01,8,,"-47,325","-0,625","-0,600","-0,600","-0,575","-0,575","-0,575","-0,575","-0,575","-0,550","-0,550","-0,550","-0,550","-0,550","-0,550","-0,550","-0,550","-0,525","-0,525","-0,525","-0,525","-0,550","-0,550","-0,550","-0,550","-0,550","-0,575","-0,575","-0,600","-0,650","-0,675","-0,700","-0,700","-0,725","-0,750","-0,750","-0,775","-0,775","-0,775","-0,775","-0,775","-0,775","-0,775","-0,775","-0,775","-0,775","-0,775","-0,775","-0,775",,,,,,,,,,,,,,,,,,,,,"-0,800","-0,825","-0,825","-0,825","-0,825","-0,825","-0,825","-0,825","-0,825","-0,825","-0,825","-0,825","-0,825","-0,800","-0,800","-0,775","-0,775",,,,"-0,475","-0,575",,,,"-0,575","-0,575","-0,550"
ADURC01,8,,"-66,275","-0,600","-0,575","-0,575","-0,550","-0,525","-0,525","-0,525","-0,525","-0,575","-0,575","-0,575","-0,575","-0,550","-0,550","-0,550","-0,550","-0,525","-0,525","-0,525","-0,525","-0,525","-0,525","-0,525","-0,525","-0,475","-0,450","-0,475","-0,500","-0,575","-0,625","-0,675","-0,725","-0,800","-0,850","-0,875","-0,875","-0,875","-0,875","-0,875","-0,875","-0,900","-0,900","-0,900","-0,900","-0,900","-0,900","-0,900","-0,900","-0,875","-0,875","-0,875","-0,875","-0,850","-0,850","-0,850","-0,850","-0,875","-0,875","-0,875","-0,875","-0,850","-0,825","-0,825","-0,800","-0,825","-0,825","-0,800","-0,775","-0,750","-0,725","-0,675","-0,650","-0,575","-0,550","-0,525","-0,550","-0,575","-0,575","-0,575","-0,600","-0,600","-0,625","-0,625","-0,650","-0,650","-0,650","-0,650","-0,675","-0,700","-0,725","-0,700","-0,675","-0,625","-0,600","-0,600","-0,575"
ADXC01,8,,"-2931,500","-25,900","-26,200","-25,900","-25,800","-25,900","-25,700","-25,400","-25,200","-24,900","-24,700","-24,700","-24,500","-24,500","-24,600","-24,600","-24,800","-24,700","-24,700","-24,800","-24,600","-25,100","-25,100","-25,800","-26,600","-28,200","-29,100","-29,700","-30,000","-31,400","-32,400","-33,200","-32,600","-33,500","-34,500","-35,000","-34,900","-34,700","-35,200","-35,700","-35,700","-35,000","-35,300","-35,600","-35,600","-35,700","-35,700","-36,000","-35,700","-36,000","-36,300","-36,100","-35,900","-35,500","-35,300","-34,700","-33,800","-33,400","-33,300","-33,000","-32,300","-32,300","-32,200","-32,000","-31,600","-31,800","-31,500","-31,300","-31,200","-31,000","-31,200","-31,100","-30,900","-31,200","-31,300","-31,500","-31,400","-31,800","-32,200","-32,200","-32,000","-31,900","-32,000","-31,600","-31,300","-31,000","-30,800","-30,300","-29,800","-29,700","-29,500","-28,900","-28,100","-26,700","-26,000","-25,900","-25,600"
AEDEC01,8,,"-51,500","-0,450","-0,450","-0,450","-0,450","-0,450","-0,425","-0,425","-0,425","-0,425","-0,450","-0,450","-0,425","-0,425","-0,425","-0,400","-0,400","-0,400","-0,375","-0,375","-0,375","-0,375","-0,375","-0,375","-0,425","-0,450","-0,500","-0,550","-0,550","-0,550","-0,550","-0,550","-0,550","-0,525","-0,525","-0,525","-0,525","-0,525","-0,525","-0,525","-0,525","-0,525","-0,525","-0,525","-0,525","-0,525","-0,550","-0,550","-0,525","-0,500","-0,475","-0,475","-0,475","-0,500","-0,525","-0,550","-0,550","-0,550","-0,550","-0,575","-0,550","-0,550","-0,550","-0,550","-0,550","-0,575","-0,600","-0,600","-0,600","-0,600","-0,600","-0,600","-0,600","-0,625","-0,650","-0,650","-0,675","-0,675","-0,675","-0,675","-0,675","-0,675","-0,675","-0,675","-0,675","-0,675","-0,675","-0,675","-0,650","-0,650","-0,625","-0,600","-0,600","-0,600","-0,600","-0,600","-0,600"
AEIDGEN,10,,"8,325","0,075","0,050","0,050","0,050","0,050","0,050","0,050","0,050","0,050","0,050","0,050","0,050","0,050","0,050","0,050","0,050","0,050","0,050","0,050","0,050","0,050","0,050","0,050","0,050","0,050","0,050","0,050","0,050","0,050","0,050","0,050","0,050","0,050","0,050","0,050","0,050","0,050","0,025","0,025","0,025","0,025","0,025","0,025","0,025","0,025","0,025","0,025","0,025","0,025","0,025","0,025","0,025","0,025","0,025","0,025","0,025","0,025","0,050","0,050","0,050","0,050","0,050","0,050","0,075","0,075","0,075","0,075","0,075","0,075","0,075","0,100","0,100","0,100","0,100","0,100","0,100","0,125","0,125","0,100","0,125","0,150","0,175","0,175","0,200","0,225","0,175","0,200","0,200","0,200","0,225","0,250","0,325","0,375","0,375","0,400","0,400"
AENEC01,8,,"-506,925","-4,875","-4,850","-4,825","-4,800","-4,900","-5,000","-4,975","-4,800","-1,700","-1,750","-1,725","-1,675","-1,675","-1,675","-1,700","-1,675","-1,600","-1,575","-1,525","-1,550","-3,525","-5,200","-6,400","-6,400","-6,550","-6,825","-6,725","-6,850","-6,975","-7,100","-7,225","-6,125","-6,000","-6,075","-4,075","-4,100","-4,175","-4,225","-4,275","-4,275","-4,625","-4,625","-4,625","-4,600","-6,825","-6,800","-6,800","-6,825","-6,775","-6,725","-6,700","-6,700","-5,900","-5,875","-5,875","-5,875","-5,800","-5,775","-5,750","-5,750","-5,775","-5,750","-5,750","-5,750","-5,750","-5,750","-5,775","-5,775","-8,550","-8,575","-8,600","-8,600","-8,425","-8,425","-8,450","-8,475","-8,500","-8,525","-8,550","-8,550","-8,975","-9,125","-6,825","-1,900","-2,075","-1,800","-1,350","-1,350","-1,850","-2,025","-2,125","-5,325","-2,000","-5,175","-7,325","-8,225"
AEQC01,8,,"-833,850","-6,875","-6,700","-6,550","-6,400","-6,275","-6,150","-6,050","-5,975","-5,900","-5,850","-5,800","-5,750","-5,725","-5,700","-5,700","-5,700","-5,725","-5,750","-5,800","-5,875","-6,000","-6,125","-6,300","-6,500","-6,725","-6,975","-7,250","-7,525","-7,825","-8,125","-8,425","-8,725","-9,000","-9,275","-9,525","-9,750","-9,950","-10,125","-10,300","-10,450","-10,575","-10,700","-10,800","-10,900","-11,000","-11,075","-11,150","-11,225","-11,250","-11,275","-11,300","-11,275","-11,225","-11,175","-11,100","-11,000","-10,900","-10,775","-10,675","-10,550","-10,450","-10,325","-10,225","-10,150","-10,050","-9,975","-9,875","-9,800","-9,725","-9,650","-9,575","-9,525","-9,450","-9,400","-9,350","-9,300","-9,250","-9,225","-9,200","-9,175","-9,150","-9,100","-9,050","-9,000","-8,950","-8,875","-8,800","-8,675","-8,550","-8,425","-8,250","-8,075","-7,875","-7,675","-7,450","-7,225"
AFIBGEV,17,,"3,000",,,,,,,,,,,,,,,,,,,,,,,,,,,,,,,,,,,,,,,,,,,,,,,,,,,,,,,,,,,,,,,,,,,,,,,,,,,,,,,,,,,,,"0,750","0,750","0,750","0,750",,,,,,,,
AFIBHEC,17,,"-5,875",,,,,,,,,,,,,,,,,,,"-0,875",,,,,,,,,,,,,,,,,,,"-1,250",,,,,,,,,,,,"-1,250",,,,,,"-1,250",,,,"-1,250",,,,,,,,,,,,,,,,,,,,,,,,,,,,,,,,,,,,
AFIBHFC,17,,"-20,000",,,,,,,,,,,,,,,,,,,,,,,,,,,,,,,,,,,,,,,,,,,,,,,,,"-1,250","-1,250","-1,250","-1,250","-1,250","-1,250","-1,250","-1,250","-1,250","-1,250","-1,250","-1,250","-1,250","-1,250","-1,250","-1,250",,,,,,,,,,,,,,,,,,,,,,,,,,,,,,,,
AFIOLHC,17,,"-62,500",,,,,,,,,,,,,,,,,,,,,,,,,,,,,,,,,,,,,,,,,,,,,,,,,"-6,250","-6,250","-6,250","-6,250","-6,250","-6,250","-6,250","-6,250","-3,125","-3,125","-3,125","-3,125",,,,,,,,,,,,,,,,,,,,,,,,,,,,,,,,,,,,
AFIREHC,17,,"-62,500",,,,,,,,,,,,,,,,,,,,,,,,,,,,,,,,,,,,,,,,,,,,,,,,,,,,,,,,,,,,,"-6,250","-6,250","-6,250","-6,250","-6,250","-6,250","-6,250","-6,250","-3,125","-3,125","-3,125","-3,125",,,,,,,,,,,,,,,,,,,,,,,,
AFIROHC,17,,"-62,500",,,,,,,,,,,,,,,,,,,,,,,,,,,,,,,,,,,,,,,,,,,,,,,,,"-6,250","-6,250","-6,250","-6,250","-6,250","-6,250","-6,250","-6,250","-3,125","-3,125","-3,125","-3,125",,,,,,,,,,,,,,,,,,,,,,,,,,,,,,,,,,,,
AGENC01,8,,"-177,225","-1,300","-1,300","-1,300","-1,300","-1,200","-1,200","-1,200","-1,200","-1,150","-1,150","-1,150","-1,150","-1,125","-1,125","-1,125","-1,125","-1,150","-1,150","-1,150","-1,125","-1,250","-1,250","-1,250","-1,250","-1,625","-1,600","-1,600","-1,575","-2,025","-2,025","-2,025","-2,000","-2,275","-2,250","-2,225","-2,225","-2,325","-2,325","-2,325","-2,325","-2,350","-2,325","-2,325","-2,325","-2,350","-2,350","-2,350","-2,350","-2,375","-2,375","-2,375","-2,350","-2,350","-2,350","-2,375","-2,375","-2,200","-2,200","-2,200","-2,200","-2,050","-2,050","-2,050","-2,050","-1,975","-1,975","-1,975","-1,975","-1,925","-1,950","-1,950","-1,950","-1,925","-1,925","-1,925","-1,925","-2,000","-2,000","-2,000","-2,000","-2,075","-2,100","-2,100","-2,100","-2,075","-2,075","-2,100","-2,125","-1,775","-1,750","-1,750","-1,750","-1,500","-1,500","-1,500","-1,500"
AGMAC01,7,,"-16,875","-0,050","-0,050","-0,025","-0,025","-0,025","-0,025","-0,025","-0,025","-0,025","-0,025","-0,025","-0,025","-0,025","-0,025","-0,025","-0,025","-0,025","-0,025","-0,025","-0,025","-0,025","-0,025","-0,050","-0,075","-0,125","-0,150","-0,150","-0,175","-0,150","-0,150","-0,125","-0,250","-0,225","-0,300","-0,275","-0,350","-0,275","-0,300","-0,325","-0,300","-0,275","-0,300","-0,325","-0,300","-0,250","-0,275","-0,300","-0,250","-0,275","-0,275","-0,175","-0,200","-0,325","-0,300","-0,200","-0,225","-0,125","-0,125","-0,200","-0,225","-0,200","-0,300","-0,300","-0,225","-0,150","-0,300","-0,275","-0,300","-0,325","-0,375","-0,300","-0,300","-0,250","-0,350","-0,350","-0,200","-0,125","-0,125","-0,125","-0,150","-0,175","-0,175","-0,175","-0,150","-0,175","-0,175","-0,175","-0,175","-0,175","-0,175","-0,175","-0,175","-0,175","-0,175","-0,100","-0,050"
AGRIC01,8,,"-435,050","-4,000","-3,875","-3,800","-3,750","-3,950","-4,050","-4,025","-3,850","-3,850","-3,975","-3,975","-3,800","-3,800","-3,800","-3,925","-3,925","-3,875","-3,850","-3,750","-3,800","-4,025","-4,100","-4,250","-4,250","-4,575","-5,150","-4,900","-5,025","-5,175","-5,300","-5,425","-5,475","-5,225","-5,275","-5,050","-5,025","-5,000","-4,975","-4,975","-4,950","-5,475","-5,450","-5,450","-5,425","-5,400","-5,400","-5,350","-5,325","-5,300","-5,275","-5,250","-5,225","-5,225","-5,200","-5,175","-5,175","-5,125","-5,100","-5,100","-5,125","-5,175","-5,200","-5,250","-5,275","-5,300","-5,325","-5,400","-5,425","-5,650","-5,675","-5,700","-5,700","-5,475","-5,475","-5,500","-5,575","-5,700","-5,775","-5,800","-5,800","-5,825","-6,050","-5,775",,,,,,,,"-4,500","-4,425","-4,350","-4,250","-4,200","-4,200"
AGUAV,10,,"300,050",,,,,,,,,,,,,,,,,,,,,,,,,,,"0,025","0,150","0,450","0,950","1,600","2,325","3,075","3,900","4,775","1,525","6,150","6,600","6,950","7,250","7,475","7,650","7,775","7,875","8,000","7,750","7,875","8,000","8,150","8,300","8,475","8,600","8,650","8,650","8,625","8,550","6,750","6,750","6,500","6,500","7,500","7,250","7,250","7,000","5,750","5,750","5,750","5,500","3,000","2,750","2,750","2,500","2,500","2,500","2,500","2,250","5,300","4,725","4,050","3,400","2,750","2,050","1,375","0,800","0,375","0,100",,,,,,,,,,
AGUB,3,,"-3891,675",,,,,,,,,,,,"-44,500",,"-3,750","-6,050","-10,375",,,,,,,,,,,,,,,,,,"-66,750","-89,000","-89,000","-89,000","-89,000","-89,000","-89,000","-89,000","-89,000","-89,000","-89,000","-89,000","-89,000","-89,000","-89,000","-89,000","-89,000","-89,000","-89,000","-89,000","-89,000","-89,000","-89,000","-89,000","-89,000","-89,000","-89,000","-89,000","-89,000","-89,000","-89,000","-89,000","-89,000","-89,000","-89,000","-89,000","-89,000","-89,000","-89,000","-89,000",,,,,"-89,000","-89,000","-89,000","-22,250",,,,,,,,,,,,,,,
AGUG,1,,"1287,500","20,000","20,000","20,000","20,000","20,000",,,,,,,,,,,,,,,,,,,,,,,"31,100","40,000","40,000",,,,,,,,,,,,,,,,,,,,,,,,,,,,,,,,,,,,,,,,,,,,"71,125","90,100","90,100","0,075",,,,,,"60,000","60,000","60,000","60,000","60,000","60,000","60,000","60,000","60,000","60,000","60,000","60,000","60,000","45,000"
AHORC01,8,,"-30,500","-0,275","-0,275","-0,275","-0,275","-0,275","-0,275","-0,250","-0,250","-0,250","-0,250","-0,250","-0,250","-0,250","-0,250","-0,250","-0,250","-0,250","-0,250","-0,275","-0,275","-0,275","-0,275","-0,275","-0,275","-0,300","-0,300","-0,300","-0,300","-0,325","-0,325","-0,325","-0,325","-0,375","-0,350","-0,350","-0,350","-0,375","-0,375","-0,375","-0,375","-0,400","-0,400","-0,375","-0,375","-0,375","-0,375","-0,375","-0,375","-0,375","-0,375","-0,375","-0,375","-0,400","-0,375","-0,375","-0,350","-0,325","-0,325","-0,325","-0,325","-0,325","-0,325","-0,325","-0,300","-0,300","-0,300","-0,300","-0,300","-0,300","-0,300","-0,300","-0,300","-0,300","-0,300","-0,300","-0,300","-0,300","-0,300","-0,300","-0,300","-0,300","-0,325","-0,325","-0,325","-0,375","-0,350","-0,350","-0,325","-0,350","-0,350","-0,350","-0,325","-0,350","-0,325","-0,325","-0,300"
AHTC01,8,,"-0,200",,,,,,,,,,,,,,,,,,,,,,,,,,,,,,,,,,,,,,,,,,,,,,,,,,,,,,,,,"-0,025","-0,025","-0,025","-0,025","-0,025","-0,025","-0,025","-0,025",,,,,,,,,,,,,,,,,,,,,,,,,,,,,,,,
AIREC01,8,,"-448,850","-4,650","-4,650","-4,650","-4,625","-4,775","-4,850","-4,825","-4,750","-3,800","-3,925","-3,900","-3,700","-3,675","-3,625","-3,775","-3,775","-3,775","-3,775","-3,625","-3,650","-4,375","-4,825","-5,175","-5,100","-5,175","-5,350","-5,250","-5,275","-5,350","-5,400","-5,450","-5,125","-4,950","-4,950","-4,200","-4,175","-4,125","-4,100","-4,100","-4,075","-4,400","-4,400","-4,375","-4,325","-5,075","-5,075","-5,050","-5,025","-4,975","-5,000","-4,975","-5,000","-4,650","-4,625","-4,650","-4,650","-4,675","-4,650","-4,650","-4,650","-4,675","-4,675","-4,675","-4,700","-4,675","-4,675","-4,675","-4,675","-5,750","-5,750","-5,725","-5,725","-5,625","-5,625","-5,650","-5,650","-5,700","-5,750","-5,750","-5,750","-5,925","-6,025","-5,375","-3,350","-3,725","-3,325","-2,550","-2,550","-3,400","-3,775","-4,000","-4,875","-3,950","-4,850","-5,425","-5,700"
AIREV01,2,,"33,275",,,,,,,,,,,,,,,,,,,,,,,,,,,,,,,,"0,025","0,075","0,125","0,200","0,250","0,300","0,350","0,400","0,450","0,500","0,575","0,650","0,700","0,750","0,800","0,850","0,900","0,900","0,900","0,900","0,925","0,950","0,975","1,000","1,025","1,025","1,025","1,000","1,000","1,000","0,975","0,950","0,950","0,925","0,900","0,850","0,825","0,775","0,725","0,700","0,650","0,600","0,550","0,500","0,425","0,350","0,275","0,250","0,200","0,150","0,100","0,075","0,025","0,025",,,,,,,,,,,
AIZEC01,8,,"-12,750","-0,150","-0,150","-0,150","-0,150","-0,125","-0,125","-0,125","-0,125","-0,125","-0,125","-0,125","-0,125","-0,125","-0,125","-0,125","-0,125","-0,125","-0,125","-0,125","-0,125","-0,125","-0,125","-0,125","-0,125","-0,150","-0,150","-0,150","-0,150","-0,175","-0,175","-0,175","-0,200","-0,200","-0,225","-0,225","-0,250","-0,250","-0,250","-0,250","-0,250","-0,250","-0,250","-0,250","-0,250","-0,250","-0,250","-0,250","-0,250",,,,,,,,,,,,,,,,,,,,,"-0,225","-0,225","-0,225","-0,225","-0,225","-0,225","-0,225","-0,225","-0,225","-0,225","-0,225","-0,225","-0,175","-0,175","-0,175","-0,175","-0,175",,,,"-0,150","-0,175",,,,"-0,175","-0,175","-0,175"
AJENC01,8,,"-15,700","-0,150","-0,150","-0,150","-0,150","-0,125","-0,125","-0,125","-0,125","-0,125","-0,125","-0,125","-0,125","-0,125","-0,125","-0,125","-0,125","-0,100","-0,100","-0,100","-0,100","-0,100","-0,100","-0,100","-0,100","-0,150","-0,150","-0,150","-0,150","-0,150","-0,150","-0,150","-0,150","-0,175","-0,175","-0,175","-0,175","-0,175","-0,175","-0,175","-0,175","-0,175","-0,175","-0,175","-0,175","-0,175","-0,175","-0,175","-0,175","-0,175","-0,175","-0,175","-0,175","-0,175","-0,175","-0,175","-0,175","-0,200","-0,200","-0,200","-0,200","-0,200","-0,200","-0,200","-0,200","-0,200","-0,200","-0,200","-0,200","-0,175","-0,175","-0,175","-0,175","-0,175","-0,175","-0,175","-0,175","-0,175","-0,175","-0,175","-0,175","-0,200","-0,200","-0,200","-0,200","-0,175","-0,175","-0,175","-0,175","-0,175","-0,175","-0,175","-0,175","-0,175","-0,175","-0,175","-0,175"
ALAHC01,8,,"-39,550","-0,400","-0,375","-0,375","-0,375","-0,375","-0,375","-0,350","-0,350","-0,350","-0,325","-0,325","-0,300","-0,325","-0,300","-0,300","-0,300","-0,300","-0,300","-0,325","-0,325","-0,300","-0,300","-0,300","-0,300","-0,325","-0,350","-0,350","-0,350","-0,375","-0,375","-0,400","-0,400","-0,400","-0,400","-0,400","-0,400","-0,400","-0,400","-0,425","-0,425","-0,425","-0,425","-0,450","-0,450","-0,450","-0,450","-0,425","-0,425","-0,425","-0,425","-0,425","-0,425","-0,425","-0,425","-0,425","-0,425","-0,450","-0,450","-0,475","-0,475","-0,450","-0,475","-0,475","-0,475","-0,475","-0,475","-0,475","-0,475","-0,475","-0,475","-0,475","-0,475","-0,475","-0,475","-0,475","-0,475","-0,475","-0,500","-0,475","-0,475","-0,450","-0,475","-0,475","-0,475","-0,450","-0,475","-0,475","-0,475","-0,450","-0,450","-0,450","-0,425","-0,425","-0,425","-0,400","-0,400"
ALARCOS,10,,"92,650",,,,,,,,,,,,,,,,,,,,,,,,,,,"0,025","0,050","0,200","0,625","1,350","2,325","3,525","4,675","5,725","6,625","2,250","2,250","2,000","2,000","1,750","1,750","1,500","1,500",,,,,,,,,,,,,,,,,"0,750","0,750","0,750","0,750","0,750","0,750","0,750","0,750","0,750","0,750","0,750","1,000","3,000","3,250","3,000","3,000","4,500","4,750","4,750","4,750","4,375","3,375","2,325","1,250","0,550","0,275","0,100","0,025",,,,,,,,
ALBATER,10,,"3,150",,,,,,,,,,,,,,,,,,,,,,,,,,,,,,"0,025","0,025","0,050","0,075","0,100","0,125","0,150","0,200","0,225","0,250",,,,,,,,,,,,,,,,,,,,,,,,,,,,,,,,,"0,300","0,300","0,275","0,250","0,200","0,175","0,125","0,100","0,075","0,050","0,025","0,025","0,025",,,,,,,,,,,,
ALBCC01,8,,"-9,650","-0,100","-0,100","-0,100","-0,100","-0,075","-0,075","-0,075","-0,075","-0,075","-0,075","-0,075","-0,075","-0,075","-0,075","-0,075","-0,075","-0,075","-0,075","-0,075","-0,075","-0,100","-0,100","-0,100","-0,100","-0,100","-0,100","-0,100","-0,100","-0,125","-0,125","-0,125","-0,125","-0,125","-0,125","-0,125","-0,125","-0,125","-0,125","-0,125","-0,125","-0,100","-0,100","-0,100","-0,100","-0,050","-0,050","-0,050","-0,050","-0,025","-0,025","-0,025","-0,025","-0,050","-0,050","-0,050","-0,050","-0,025","-0,025","-0,025","-0,025","-0,050","-0,050","-0,050","-0,050","-0,025","-0,025","-0,025","-0,050","-0,075","-0,100","-0,100","-0,125","-0,125","-0,150","-0,150","-0,175","-0,150","-0,150","-0,150","-0,150","-0,175","-0,175","-0,175","-0,175","-0,200","-0,200","-0,200","-0,200","-0,200","-0,175","-0,175","-0,175","-0,150","-0,150","-0,150","-0,150"
ALBOLOT,10,,"0,375",,,,,,,,,,,,,,,,,,,,,,,,,,,,,"0,025","0,025","0,025","0,025","0,050","0,050","0,075","0,100",,,,,,,,,,,,,,,,,,,,,,,,,,,,,,,,,,,,,,,,,,,,,,,,,,,,,,,,,,,,
ALCAC01,8,,"-564,200","-4,800","-4,700","-4,600","-4,600","-4,400","-4,400","-4,400","-4,300","-4,200","-4,200","-4,200","-4,100","-4,100","-4,100","-4,100","-4,100","-4,100","-4,100","-4,100","-4,100","-4,100","-4,200","-4,300","-4,500","-4,800","-4,900","-5,100","-5,200","-5,700","-5,700","-5,900","-5,800","-6,400","-6,400","-6,400","-6,300","-6,800","-6,700","-6,700","-6,600","-6,900","-6,900","-6,900","-6,900","-7,100","-7,100","-7,100","-7,100","-7,200","-7,100","-7,200","-7,200","-7,200","-7,200","-7,100","-7,100","-6,800","-6,700","-6,700","-6,800","-6,700","-6,600","-6,700","-6,800","-6,600","-6,500","-6,500","-6,500","-6,500","-6,500","-6,500","-6,600","-6,300","-6,400","-6,400","-6,500","-6,300","-6,400","-6,500","-6,600","-6,400","-6,500","-6,400","-6,400","-6,300","-6,200","-6,200","-6,200","-6,200","-6,000","-5,800","-5,700","-5,400","-5,300","-5,200","-5,100"
ALCAZA2,10,,"2,725",,,,,,,,,,,,,,,,,,,,,,,,,,,,,"0,025","0,025","0,050","0,100","0,125","0,175","0,200",,"0,275",,,,,,,,,,,,,,,,,,,,,,,,,,,,,,,,,,,,,,"0,350","0,300","0,275","0,225","0,200","0,150","0,100","0,075","0,050","0,025",,,,,,,,,,,,
ALDDC01,8,,"-64,800","-0,925","-0,900","-0,875","-0,900","-0,925","-0,950","-0,925","-0,900","-0,825","-0,800","-0,775","-0,775","-0,800","-0,800","-0,800","-0,800","-0,800","-0,800","-0,800","-0,800","-0,800","-0,800","-0,800","-0,775","-0,800","-0,775","-0,750","-0,675","-0,575","-0,525","-0,500","-0,525","-0,600","-0,625","-0,650","-0,650","-0,650","-0,650","-0,650","-0,650","-0,625","-0,625","-0,625","-0,625","-0,600","-0,600","-0,600","-0,600","-0,600","-0,600","-0,600","-0,575","-0,575","-0,550","-0,550","-0,525","-0,525","-0,500","-0,500","-0,475","-0,450","-0,425","-0,425","-0,425","-0,450","-0,450","-0,450","-0,450","-0,450","-0,475","-0,475","-0,500","-0,525","-0,550","-0,550","-0,575","-0,575","-0,600","-0,600","-0,600","-0,600","-0,600","-0,600","-0,600","-0,525","-0,525","-0,575","-0,675","-0,925","-1,050","-1,125","-1,100","-1,050","-1,050","-1,025","-1,000"
ALDEC01,8,,"-1,900","-0,025","-0,025","-0,025","-0,025","-0,025","-0,025","-0,025",,,,,,,,,,,,,,,,,,,,,,,,"-0,025","-0,025","-0,025","-0,025","-0,050","-0,050","-0,050","-0,050","-0,050","-0,050","-0,050","-0,050","-0,050","-0,050","-0,050","-0,050","-0,050","-0,050","-0,050","-0,050","-0,050","-0,025","-0,025","-0,025","-0,025",,,,"-0,025","-0,025","-0,025","-0,025","-0,025","-0,025","-0,025","-0,025","-0,025","-0,025","-0,025","-0,025","-0,025","-0,025","-0,025","-0,025","-0,025",,,,,,,,,,,,"-0,025","-0,025","-0,025","-0,025","-0,025","-0,025","-0,025","-0,025","-0,025","-0,025"
ALDEHU,10,,"290,550","4,825","4,750","4,675","4,600","4,525","4,450","4,400","4,325","4,225","4,150","4,050","3,950","3,825","3,675","3,525","3,350","3,200","3,050","2,900","2,750","2,650","2,575","2,500","2,425","2,375","2,400","2,400","2,425","2,375","2,275","2,175","2,075","1,975","1,825","1,700","1,575","1,450","1,325","1,225","1,125","1,025","0,925","0,850","0,750","0,700","0,700","0,700","0,675","0,725","0,800","0,875","0,925","1,050","1,175","1,300","1,450","1,575","1,725","1,850","1,975","2,125","2,250","2,350","2,475","2,600","2,725","2,850","2,975","3,125","3,300","3,450","3,625","3,825","4,025","4,225","4,425","4,575","4,675","4,775","4,875","4,950","5,025","5,100","5,150","5,175","5,125","5,075","5,050","5,000","4,950","4,875","4,825","4,800","4,800","4,800","4,800"
ALDRC01,8,,"-8505,125","-69,625","-69,550","-69,500","-67,750","-66,225","-64,800","-63,575","-62,500","-61,525","-60,600","-59,850","-59,300","-58,975","-58,750","-58,625","-58,525","-58,350","-58,225","-58,150","-58,275","-58,650","-59,675","-61,075","-63,250","-66,050","-69,350","-72,450","-75,700","-78,775","-82,475","-85,625","-88,550","-91,375","-94,225","-96,400","-97,900","-99,225","-100,025","-100,825","-101,750","-103,000","-104,125","-105,175","-106,075","-107,025","-107,625","-108,175","-108,700","-109,200","-109,850","-110,350","-110,550","-110,325","-110,025","-109,575","-108,750","-107,600","-106,350","-105,375","-104,550","-103,900","-102,850","-101,925","-101,000","-100,100","-99,075","-98,300","-97,725","-97,300","-96,800","-96,375","-96,125","-96,200","-96,500","-97,025","-97,625","-98,225","-98,600","-98,850","-99,225","-99,775","-100,125","-100,175","-99,925","-99,925","-99,150","-98,075","-96,775","-95,225","-93,475","-91,500","-89,150","-86,275","-83,225","-80,000","-80,200"
ALDRV01,2,,"10,525",,,,,,,,,,,,,,,,,,,,,,,,,,,,,,,,"0,025","0,025","0,050","0,050","0,075","0,100","0,100","0,125","0,150","0,175","0,175","0,200","0,225","0,225","0,250","0,250","0,275","0,275","0,300","0,300","0,325","0,325","0,325","0,325","0,350","0,350","0,350","0,350","0,325","0,325","0,325","0,325","0,325","0,300","0,300","0,275","0,275","0,250","0,225","0,200","0,175","0,175","0,150","0,125","0,100","0,075","0,075","0,050","0,050","0,025","0,025",,,,,,,,,,,,,,
ALHAM,10,,"28,925",,,,,,,,,,,,,,,,,,,,,,,,,,,,,,,,"0,025","0,050","0,075","0,125","0,150","0,175","0,175","0,225","0,275","0,300","0,325","0,400","0,475","0,575","0,700","0,725","0,750","0,800","0,825","0,875","0,925","0,950","0,975","0,950","0,975","0,975","0,975","0,950","0,925","0,925","0,925","0,925","0,900","0,850","0,825","0,800","0,775","0,725","0,675","0,625","0,550","0,500","0,475","0,425","0,375","0,325","0,250","0,175","0,125","0,075","0,050","0,025",,,,,,,,,,,,,
ALIOC01,8,,"-6,550","-0,075","-0,075","-0,075","-0,050","-0,050","-0,050","-0,050","-0,050","-0,050","-0,050","-0,050","-0,050","-0,050","-0,050","-0,050","-0,050","-0,050","-0,050","-0,050","-0,050","-0,050","-0,050","-0,050","-0,050","-0,050","-0,050","-0,050","-0,050","-0,050","-0,050","-0,050","-0,050","-0,050","-0,050","-0,050","-0,050","-0,050","-0,050","-0,075","-0,075","-0,075","-0,075","-0,075","-0,075","-0,075","-0,075","-0,075","-0,075","-0,075","-0,075","-0,075","-0,075","-0,075","-0,075","-0,075","-0,075","-0,075","-0,075","-0,075","-0,075","-0,075","-0,075","-0,075","-0,075","-0,075","-0,075","-0,075","-0,075","-0,075","-0,075","-0,075","-0,075","-0,075","-0,075","-0,075","-0,075","-0,075","-0,075","-0,075","-0,075","-0,075","-0,075","-0,100","-0,100","-0,100","-0,100","-0,100","-0,100","-0,100","-0,100","-0,100","-0,075","-0,075","-0,075","-0,075","-0,075"
ALMAC01,7,,"-83,000","-1,050","-1,050","-1,050","-1,050","-1,050","-1,050","-1,050","-1,050","-1,025","-1,025","-1,025","-1,025","-1,025","-1,025","-1,025","-1,025","-1,025","-1,025","-1,025","-1,025","-0,975","-0,975","-0,975","-0,975","-0,950","-0,950","-0,950","-0,950","-0,950","-0,950","-0,950","-0,950","-0,925","-0,925","-0,925","-0,925","-0,925","-0,925","-0,925","-0,925","-0,900","-0,900","-0,900","-0,900","-0,650","-0,650","-0,650","-0,650","-0,650","-0,650","-0,650","-0,650","-0,650","-0,650","-0,650","-0,650","-0,625","-0,625","-0,625","-0,625","-0,600","-0,600","-0,600","-0,600","-0,575","-0,575","-0,575","-0,575","-0,750","-0,750","-0,750","-0,750","-0,775","-0,775","-0,775","-0,775","-0,825","-0,825","-0,825","-0,825","-0,925","-0,925","-0,925","-0,925","-0,950","-0,950","-0,950","-0,950","-0,975","-0,975","-0,975","-0,975","-1,000","-1,000","-1,000","-1,000"
ALPXC01,8,,"-125,050","-0,875","-0,850","-0,850","-0,825","-0,800","-0,800","-0,775","-0,775","-0,775","-0,775","-0,775","-0,775","-0,750","-0,750","-0,750","-0,750","-0,775","-0,775","-0,775","-0,800","-0,775","-0,775","-0,800","-0,850","-0,875","-0,900","-0,975","-1,050","-1,175","-1,250","-1,325","-1,400","-1,500","-1,575","-1,625","-1,700","-1,750","-1,800","-1,825","-1,850","-1,825","-1,850","-1,850","-1,875","-1,900","-1,900","-1,900","-1,900","-1,900","-1,900","-1,900","-1,875","-1,850","-1,825","-1,775","-1,750","-1,725","-1,700","-1,650","-1,625","-1,575","-1,525","-1,500","-1,500","-1,525","-1,525","-1,525","-1,500","-1,500","-1,500","-1,500","-1,475","-1,475","-1,475","-1,450","-1,425","-1,375","-1,350","-1,325","-1,300","-1,300","-1,275","-1,250","-1,225","-1,200","-1,175","-1,150","-1,125","-1,100","-1,075","-1,050","-1,025","-0,975","-0,950","-0,925","-0,900"
ALQSC01,8,,"-90,650","-1,100","-1,050","-1,000","-0,975","-0,925","-0,900","-0,875","-0,825","-0,800","-0,775","-0,750","-0,725","-0,725","-0,700","-0,700","-0,675","-0,675","-0,650","-0,650","-0,650","-0,675","-0,675","-0,675","-0,675","-0,700","-0,725","-0,725","-0,750","-0,775","-0,800","-0,800","-0,800","-0,825","-0,800","-0,800","-0,800","-0,800","-0,800","-0,800","-0,800","-0,825","-0,825","-0,850","-0,850","-0,875","-0,875","-0,900","-0,900","-0,925","-0,925","-0,950","-0,975","-1,000","-1,050","-1,050","-1,075","-1,100","-1,125","-1,125","-1,100","-1,075","-1,075","-1,050","-1,025","-1,025","-1,000","-1,000","-1,000","-0,975","-0,975","-1,000","-1,000","-1,000","-1,000","-1,025","-1,050","-1,050","-1,075","-1,100","-1,125","-1,150","-1,175","-1,200","-1,225","-1,250","-1,275","-1,300","-1,300","-1,325","-1,300","-1,275","-1,225","-1,175","-1,125","-1,075","-1,025"
ALSEC01,8,,"-114,600","-1,100","-1,100","-1,100","-1,100","-1,100","-1,100","-1,100","-1,100","-1,000","-1,000","-1,000","-1,000","-1,000","-1,000","-1,000","-1,000","-1,000","-1,000","-1,000","-1,000","-1,000","-0,900","-1,000","-1,000","-1,100","-1,100","-1,100","-1,100","-1,200","-1,200","-1,200","-1,200","-1,300","-1,300","-1,200","-1,200","-1,300","-1,300","-1,300","-1,300","-1,300","-1,300","-1,300","-1,300","-1,300","-1,300","-1,300","-1,300","-1,300","-1,300","-1,300","-1,300","-1,300","-1,300","-1,300","-1,300","-1,200","-1,200","-1,200","-1,200","-1,200","-1,200","-1,200","-1,200","-1,100","-1,100","-1,100","-1,200","-1,200","-1,200","-1,200","-1,200","-1,200","-1,200","-1,300","-1,300","-1,300","-1,300","-1,300","-1,300","-1,300","-1,300","-1,300","-1,300","-1,300","-1,300","-1,300","-1,400","-1,300","-1,300","-1,300","-1,300","-1,300","-1,200","-1,200","-1,200"
ALUEC01,8,,"-161,800","-0,900","-0,900","-0,900","-0,900","-0,825","-0,825","-0,825","-0,825","-0,800","-0,800","-0,800","-0,800","-0,775","-0,775","-0,775","-0,775","-0,775","-0,775","-0,775","-0,775","-0,775","-0,775","-0,775","-0,775","-0,875","-0,875","-0,875","-0,875","-0,900","-0,900","-0,900","-0,900","-1,000","-1,000","-1,000","-1,000","-1,125","-1,125","-1,125","-1,125","-1,175","-1,175","-1,175","-1,175","-1,200","-1,200","-1,200","-1,200","-1,225","-1,225","-1,225","-1,225","-1,225","-1,225","-1,225","-1,225","-1,175","-1,175","-1,175","-1,175","-1,100","-1,100","-1,100","-1,100","-1,050","-1,050","-1,050","-1,050","-1,050","-1,050","-1,050","-1,050","-3,750","-3,750","-3,750","-3,750","-3,750","-3,750","-3,750","-3,750","-3,750","-3,750","-3,750","-3,750","-3,750","-3,750","-3,750","-3,750","-3,750","-3,750","-3,750","-3,750","-3,750","-3,750","-3,750","-3,750"
ALUZC01,8,,"-420,500","-3,800","-3,800","-3,700","-3,700","-3,400","-3,400","-3,400","-3,300","-3,200","-3,200","-3,100","-3,100","-3,100","-3,100","-3,100","-3,000","-3,000","-3,000","-3,000","-3,000","-3,000","-3,000","-3,100","-3,100","-3,200","-3,200","-3,300","-3,400","-3,500","-3,600","-3,700","-3,700","-4,300","-4,400","-4,400","-4,400","-4,800","-4,800","-4,800","-4,700","-5,100","-5,100","-5,100","-5,000","-5,200","-5,200","-5,200","-5,200","-5,300","-5,300","-5,300","-5,400","-5,400","-5,500","-5,500","-5,500","-5,200","-5,200","-5,100","-5,000","-4,800","-4,800","-4,900","-4,800","-4,700","-4,800","-4,800","-4,800","-4,800","-4,700","-4,800","-4,800","-4,800","-4,800","-4,900","-5,000","-4,900","-5,000","-5,000","-5,000","-5,000","-5,000","-5,000","-5,000","-5,000","-5,000","-5,000","-5,000","-5,100","-4,900","-4,800","-4,700","-4,500","-4,400","-4,400","-4,200"
ALZ1,1,,"24120,000","251,250","251,250","251,250","251,250","251,250","251,250","251,250","251,250","251,250","251,250","251,250","251,250","251,250","251,250","251,250","251,250","251,250","251,250","251,250","251,250","251,250","251,250","251,250","251,250","251,250","251,250","251,250","251,250","251,250","251,250","251,250","251,250","251,250","251,250","251,250","251,250","251,250","251,250","251,250","251,250","251,250","251,250","251,250","251,250","251,250","251,250","251,250","251,250","251,250","251,250","251,250","251,250","251,250","251,250","251,250","251,250","251,250","251,250","251,250","251,250","251,250","251,250","251,250","251,250","251,250","251,250","251,250","251,250","251,250","251,250","251,250","251,250","251,250","251,250","251,250","251,250","251,250","251,250","251,250","251,250","251,250","251,250","251,250","251,250","251,250","251,250","251,250","251,250","251,250","251,250","251,250","251,250","251,250","251,250","251,250","251,250"
ALZ2,1,,"23505,600","244,850","244,850","244,850","244,850","244,850","244,850","244,850","244,850","244,850","244,850","244,850","244,850","244,850","244,850","244,850","244,850","244,850","244,850","244,850","244,850","244,850","244,850","244,850","244,850","244,850","244,850","244,850","244,850","244,850","244,850","244,850","244,850","244,850","244,850","244,850","244,850","244,850","244,850","244,850","244,850","244,850","244,850","244,850","244,850","244,850","244,850","244,850","244,850","244,850","244,850","244,850","244,850","244,850","244,850","244,850","244,850","244,850","244,850","244,850","244,850","244,850","244,850","244,850","244,850","244,850","244,850","244,850","244,850","244,850","244,850","244,850","244,850","244,850","244,850","244,850","244,850","244,850","244,850","244,850","244,850","244,850","244,850","244,850","244,850","244,850","244,850","244,850","244,850","244,850","244,850","244,850","244,850","244,850","244,850","244,850","244,850"
AMBIETA,1,,"2411,500","46,375","46,375","46,375","46,375","46,375","46,375","46,375","46,375","46,375","46,375","46,375","46,375","46,375","46,375","46,375","46,375","46,375","46,375","46,375","46,375","46,375","46,375","46,375","46,375","46,375","46,375","46,375","46,375","46,375","46,375","46,375","46,375","46,375","46,375","46,375","46,375",,,,,,,,,,,,,,,,,,,,,,,,,,,,,,,,,,,,,,,,,,,,,"46,375","46,375","46,375","46,375","46,375","46,375","46,375","46,375","46,375","46,375","46,375","46,375","46,375","46,375","46,375","46,375"
AMEC01,8,,"-1227,575","-7,525","-7,250","-7,075","-6,775","-6,725","-6,450","-6,375","-6,325","-6,375","-6,225","-6,175","-6,025","-6,050","-6,075","-6,025","-5,950","-5,775","-5,825","-5,800","-5,875","-5,925","-6,025","-6,200","-6,425","-6,975","-7,350","-7,500","-7,775","-8,675","-9,425","-12,650","-13,025","-13,700","-14,450","-14,800","-15,350","-16,300","-16,725","-17,050","-17,375","-17,900","-18,450","-18,625","-18,650","-18,650","-18,650","-18,750","-19,175","-19,000","-16,675","-16,575","-16,525","-16,450","-16,500","-16,425","-16,125","-16,375","-16,175","-15,975","-15,500","-14,775","-14,700","-14,425","-14,150","-13,950","-14,600","-16,250","-16,225","-16,300","-16,375","-16,575","-16,300","-16,425","-16,300","-16,500","-16,550","-16,675","-16,800","-16,750","-16,225","-16,175","-16,050","-15,825","-15,100","-14,500","-14,375","-14,125","-12,000","-11,675","-11,450","-13,025","-12,550","-12,225","-11,825","-11,375","-10,925"
AMIC01,8,,"-23,675","-0,225","-0,225","-0,225","-0,225","-0,175","-0,175","-0,175","-0,175","-0,150","-0,150","-0,150","-0,150","-0,175","-0,175","-0,175","-0,175","-0,150","-0,150","-0,150","-0,150","-0,150","-0,150","-0,150","-0,150","-0,175","-0,175","-0,175","-0,175","-0,200","-0,200","-0,200","-0,200","-0,275","-0,275","-0,275","-0,275","-0,275","-0,275","-0,275","-0,275","-0,275","-0,275","-0,275","-0,275","-0,275","-0,275","-0,275","-0,275","-0,275","-0,275","-0,275","-0,275","-0,300","-0,300","-0,300","-0,300","-0,325","-0,325","-0,325","-0,325","-0,325","-0,325","-0,325","-0,325","-0,325","-0,325","-0,325","-0,325","-0,275","-0,275","-0,275","-0,275","-0,275","-0,275","-0,275","-0,275","-0,275","-0,275","-0,275","-0,275","-0,300","-0,300","-0,300","-0,300","-0,275","-0,275","-0,275","-0,275","-0,250","-0,250","-0,250","-0,250","-0,225","-0,225","-0,225","-0,200"
AMPEACI,10,,"56,425","0,250","0,275","0,225","0,250","0,250","0,300","0,350","0,400","0,425","0,450","0,450","0,450","0,450","0,450","0,450","0,425","0,425","0,375","0,350","0,350","0,300","0,275","0,250","0,225","0,225","0,250","0,275","0,300","0,325","0,425","0,400","0,450","0,450","1,300","0,400","0,375","0,050","0,050","0,050","0,050","0,050","0,050","0,050","0,050","0,050","0,050","0,050","0,050","0,050","0,050","0,050","0,050","0,050","0,050","0,050","0,050","0,050","0,050","0,050","0,050","0,050","0,050","0,050","0,050","0,050","0,050","0,050","0,050","0,050","0,050","0,050","0,625","3,600","3,600","5,075","3,850","0,050","0,050","0,050","0,050","0,950","1,025","1,125","1,200","1,275","1,050","1,200","1,275","1,200","1,325","1,450","1,950","2,100","2,250","2,400","2,375"
AMPEC01,8,,"-12,025","-0,150","-0,150","-0,150","-0,150","-0,125","-0,125","-0,125","-0,125","-0,125","-0,125","-0,125","-0,125","-0,125","-0,125","-0,125","-0,125","-0,125","-0,125","-0,125","-0,125","-0,125","-0,125","-0,125","-0,125","-0,150","-0,175","-0,175","-0,200","-0,200","-0,225","-0,225","-0,225","-0,225","-0,225","-0,225","-0,225","-0,200","-0,200","-0,200","-0,200","-0,225","-0,225","-0,225","-0,225","-0,250","-0,250","-0,250","-0,250",,,,,,,,,,,,,,,,,,,,,"-0,225","-0,225","-0,225","-0,225","-0,175","-0,175","-0,175","-0,175","-0,175","-0,175","-0,175","-0,175","-0,175","-0,175","-0,175","-0,175","-0,150",,,,"-0,100","-0,125",,,,"-0,125","-0,125","-0,125"
AMPRC01,8,,"-2,950","-0,025","-0,025","-0,025","-0,025","-0,025","-0,025","-0,025","-0,025","-0,025","-0,025","-0,025","-0,025","-0,025","-0,025","-0,025","-0,025","-0,025","-0,025","-0,025","-0,025","-0,025","-0,025","-0,025","-0,025","-0,025","-0,025","-0,025","-0,025","-0,025","-0,025","-0,025","-0,025","-0,025","-0,025","-0,025","-0,025","-0,025","-0,025","-0,025","-0,025","-0,025","-0,025","-0,050","-0,025","-0,025","-0,025","-0,025","-0,025","-0,025","-0,025","-0,025","-0,025","-0,025","-0,025","-0,050","-0,025","-0,050","-0,050","-0,050","-0,025","-0,050","-0,050","-0,050","-0,050","-0,050","-0,050","-0,050","-0,050","-0,050","-0,050","-0,050","-0,025","-0,025","-0,025","-0,025","-0,050","-0,050","-0,050","-0,050","-0,050","-0,025","-0,025","-0,025","-0,025","-0,025","-0,025","-0,025","-0,050","-0,025","-0,025","-0,025","-0,025","-0,025","-0,025","-0,025","-0,025"
ANGLC01,8,,"-2,400","-0,025","-0,025","-0,025","-0,025","-0,025","-0,025","-0,025","-0,025","-0,025","-0,025","-0,025","-0,025","-0,025","-0,025","-0,025","-0,025","-0,025","-0,025","-0,025","-0,025","-0,025","-0,025","-0,025","-0,025","-0,025","-0,025","-0,025","-0,025","-0,025","-0,025","-0,025","-0,025","-0,025","-0,025","-0,025","-0,025","-0,025","-0,025","-0,025","-0,025","-0,025","-0,025","-0,025","-0,025","-0,025","-0,025","-0,025","-0,025","-0,025","-0,025","-0,025","-0,025","-0,025","-0,025","-0,025","-0,025","-0,025","-0,025","-0,025","-0,025","-0,025","-0,025","-0,025","-0,025","-0,025","-0,025","-0,025","-0,025","-0,025","-0,025","-0,025","-0,025","-0,025","-0,025","-0,025","-0,025","-0,025","-0,025","-0,025","-0,025","-0,025","-0,025","-0,025","-0,025","-0,025","-0,025","-0,025","-0,025","-0,025","-0,025","-0,025","-0,025","-0,025","-0,025","-0,025","-0,025"
ANIMC01,8,,"-143,125","-1,975","-1,950","-1,925","-1,925","-1,875","-1,825","-1,775","-1,750","-1,750","-1,775","-1,750","-1,700","-1,700","-1,725","-1,725","-1,675","-1,725","-1,700","-1,725","-1,750","-1,825","-1,825","-1,825","-1,750","-1,750","-1,750","-1,700","-1,575","-1,325","-1,350","-1,325","-1,325","-1,375","-1,375","-1,350","-1,325","-1,375","-1,375","-1,375","-1,325","-1,350","-1,325","-1,300","-1,275","-1,275","-1,250","-1,250","-1,200","-1,175","-1,175","-1,150","-1,150","-1,200","-1,175","-1,175","-1,150","-1,100","-1,100","-1,100","-1,050","-1,050","-1,100","-1,075","-1,100","-1,100","-1,175","-1,075","-1,075","-1,125","-1,175","-1,225","-1,200","-1,225","-1,225","-1,225","-1,250","-1,300","-1,325","-1,350","-1,375","-1,400","-1,425","-1,450","-1,475","-1,575","-1,625","-1,700","-1,775","-2,075","-2,225","-2,275","-2,225","-2,125","-2,150","-2,050","-2,000"
ANTEC01,8,,"-1,950","-0,025","-0,025","-0,025","-0,025","-0,025","-0,025","-0,025","-0,025","-0,025","-0,025","-0,025","-0,025","-0,025","-0,025","-0,025","-0,025","-0,025","-0,025","-0,025","-0,025","-0,025","-0,025","-0,025","-0,025","-0,025",,"-0,025",,"-0,025","-0,025","-0,025","-0,025","-0,025",,"-0,025",,"-0,025",,"-0,025",,"-0,025","-0,025","-0,025","-0,025","-0,025","-0,025","-0,025","-0,025","-0,025","-0,025","-0,025","-0,025","-0,025","-0,025","-0,025","-0,025","-0,025",,"-0,025",,"-0,025",,"-0,025",,"-0,025",,"-0,025",,"-0,025",,"-0,025",,"-0,025","-0,025","-0,025","-0,025","-0,025","-0,025","-0,025","-0,025","-0,025","-0,025","-0,025","-0,025","-0,025","-0,025","-0,025","-0,025","-0,025",,"-0,025",,"-0,025",,"-0,025",
APOLC01,8,,"-208,425",,,,,,,"-0,100","-2,175","-2,125","-2,100","-2,075","-2,050","-2,000","-1,950","-1,950","-2,000","-0,025","-1,975","-2,000",,,,,,"-2,400","-2,425","-2,475","-2,575","-2,775","-2,775","-2,750","-2,775","-2,975","-2,875","-2,875","-2,875","-3,000","-2,975","-2,875","-2,825","-2,925","-2,925","-2,850","-2,775","-2,900","-2,925","-2,925","-2,975","-2,975","-2,925","-2,950","-2,975","-2,975","-3,000","-2,950","-2,900","-2,875","-2,825","-2,900","-2,875","-2,775","-2,825","-2,925","-2,925","-2,825","-2,925","-3,025","-3,050","-2,975","-2,975","-2,925","-2,950","-2,725","-2,725","-2,775","-2,850","-2,875","-2,925","-2,950","-2,975","-3,075","-3,025","-3,050",,,,,,,,"-2,900","-2,900","-2,700","-2,600","-2,575","-2,625"
APRC01,7,,"-16,225","-0,175","-0,175","-0,200","-0,200","-0,175","-0,150","-0,175","-0,175","-0,150","-0,150","-0,150","-0,150","-0,150","-0,150","-0,150","-0,150","-0,150","-0,150","-0,125","-0,125","-0,125","-0,125","-0,125","-0,125","-0,125","-0,125","-0,125","-0,150","-0,175","-0,175","-0,175","-0,175","-0,175","-0,175","-0,200","-0,175","-0,175","-0,175","-0,175","-0,175","-0,175","-0,175","-0,200","-0,200","-0,175","-0,175","-0,175","-0,175","-0,175","-0,175","-0,175","-0,175","-0,150","-0,150","-0,150","-0,150","-0,150","-0,175","-0,200","-0,200","-0,200","-0,175","-0,200","-0,175","-0,175","-0,175","-0,175","-0,175","-0,175","-0,200","-0,200","-0,200","-0,200","-0,200","-0,175","-0,200","-0,200","-0,200","-0,175","-0,175","-0,175","-0,175","-0,175","-0,175","-0,175","-0,175","-0,175","-0,175","-0,175","-0,150","-0,150","-0,150","-0,150","-0,175","-0,150","-0,175"
APRIC01,8,,"-169,725","-1,300","-1,275","-1,250","-1,225","-1,275","-1,300","-1,275","-1,225","-1,225","-1,275","-1,275","-1,225","-1,200","-1,200","-1,225","-1,225","-1,225","-1,200","-1,175","-1,175","-1,250","-1,275","-1,300","-1,325","-1,450","-1,650","-1,625","-1,700","-1,775","-1,850","-1,925","-2,025","-2,125","-2,200","-2,250","-2,300","-2,350","-2,400","-2,425","-2,425","-2,425","-2,425","-2,425","-2,425","-2,425","-2,400","-2,375","-2,350","-2,325","-2,300","-2,275","-2,225","-2,200","-2,150","-2,125","-2,075","-2,000","-1,975","-1,925","-1,900","-1,875","-1,875","-1,850","-1,850","-1,850","-1,875","-1,875","-1,850","-1,925","-1,925","-1,900","-1,900","-1,775","-1,775","-1,750","-1,750","-1,750","-1,750","-1,750","-1,725","-1,700","-1,725","-1,675","-1,675","-1,700","-1,725","-1,725","-1,700","-1,700","-1,650","-1,600","-1,575","-1,525","-1,500","-1,450","-1,425"
ARACC01,8,,"-434,325","-0,625","-1,525","-1,525","-1,525","-1,425","-1,425","-1,425","-2,850","-2,750","-2,750","-2,750","-2,750","-2,750","-2,750","-2,750","-2,750","-2,650","-2,650","-1,325","-1,325","-1,325","-1,325","-0,525","-0,525","-0,575",,,,,,,"-0,675","-0,775","-3,850","-3,850","-7,300","-8,150","-8,150","-8,150","-8,150","-9,175","-9,175","-9,175","-9,175","-9,300","-9,300","-9,300","-9,300","-8,900","-8,900","-8,900","-8,900","-8,500","-8,500","-8,500","-8,500","-8,300","-8,300","-8,300","-8,300","-8,100","-8,100","-8,100","-8,100","-8,175","-8,175","-8,175","-8,175","-7,900","-7,900","-7,900","-7,900","-7,775","-7,775","-7,775","-7,775","-7,500","-1,875","-3,750","-3,750","-7,100","-1,775","-1,775","-0,700","-0,675","-0,675",,,,,"-0,675","-0,675","-0,600","-0,600","-0,600","-1,500"
ARAIC01,8,,"-1,875","-0,025","-0,025","-0,025","-0,025","-0,025","-0,025","-0,025","-0,025","-0,025","-0,025","-0,025","-0,025","-0,025","-0,025","-0,025","-0,025","-0,025","-0,025","-0,025","-0,025","-0,025","-0,025","-0,025","-0,025","-0,025","-0,025","-0,025","-0,025","-0,025","-0,025",,"-0,025","-0,025","-0,025","-0,025","-0,025","-0,025","-0,025","-0,025","-0,025","-0,025","-0,025","-0,025","-0,025","-0,025","-0,025","-0,025","-0,025","-0,025","-0,025","-0,025","-0,025","-0,025","-0,025","-0,025","-0,025","-0,025",,,,,,,,,,,,,,"-0,025",,,"-0,025",,,"-0,025",,"-0,025",,"-0,025","-0,025",,"-0,025","-0,025","-0,025","-0,025","-0,025","-0,025","-0,025","-0,025","-0,025","-0,025","-0,025","-0,025","-0,025"
ARCOS1,1,,"3400,000","42,500","42,500","42,500","42,500","42,500","42,500","42,500","42,500","42,500","42,500","42,500","42,500","42,500","42,500","42,500","42,500","42,500","42,500","42,500","42,500","42,500","42,500","42,500","42,500","42,500","42,500","42,500","42,500","42,500","42,500","42,500","42,500","42,500","42,500","42,500","42,500","42,500","42,500","42,500","42,500","42,500","42,500","42,500","42,500","42,500","42,500","42,500","42,500","42,500","42,500","42,500","42,500","42,500","42,500","42,500","42,500","42,500","42,500","42,500","42,500","42,500","42,500","42,500","42,500","42,500","42,500","42,500","42,500","42,500","42,500","42,500","42,500","42,500","42,500","42,500","42,500","42,500","42,500","42,500","42,500",,,,,,,,,,,,,,,,
ARGC01,7,,"-6,375","-0,075","-0,075","-0,075","-0,050","-0,075","-0,075","-0,075","-0,075","-0,075","-0,075","-0,075","-0,075","-0,050","-0,050","-0,075","-0,075","-0,050","-0,050","-0,050","-0,050","-0,050","-0,050","-0,050","-0,050","-0,075","-0,050","-0,050","-0,050","-0,100","-0,100","-0,100","-0,100","-0,075","-0,075","-0,075","-0,075","-0,075","-0,075","-0,075","-0,075","-0,075","-0,075","-0,075","-0,075","-0,075","-0,075","-0,075","-0,050","-0,075","-0,050","-0,075","-0,075","-0,075","-0,075","-0,075","-0,075","-0,075","-0,075","-0,075","-0,075","-0,075","-0,075","-0,075","-0,050","-0,050","-0,075","-0,075","-0,075","-0,075","-0,075","-0,075","-0,075","-0,075","-0,075","-0,075","-0,050","-0,050","-0,075","-0,075","-0,050","-0,050","-0,050","-0,050","-0,050","-0,075","-0,050","-0,025","-0,025","-0,050","-0,050","-0,050","-0,050","-0,050","-0,050","-0,050","-0,075"
ASC2,1,,"23658,000","246,500","246,500","246,500","246,500","246,750","246,750","246,750","246,750","246,750","246,750","246,750","246,750","246,750","246,750","246,750","246,750","246,750","246,750","246,750","246,750","246,750","246,750","246,750","246,750","246,750","246,750","246,750","246,750","246,750","246,750","246,750","246,750","246,750","246,750","246,750","246,750","246,750","246,750","246,750","246,750","246,750","246,750","246,750","246,750","246,500","246,500","246,500","246,500","246,500","246,500","246,500","246,500","246,250","246,250","246,250","246,250","246,250","246,250","246,250","246,250","246,250","246,250","246,250","246,250","245,750","245,750","245,750","245,750","245,750","245,750","245,750","245,750","246,000","246,000","246,000","246,000","246,000","246,000","246,000","246,000","246,250","246,250","246,250","246,250","246,250","246,250","246,250","246,250","246,250","246,250","246,250","246,250","246,500","246,500","246,500","246,500"
ASIDUE,1,,"288,000","3,000","3,000","3,000","3,000","3,000","3,000","3,000","3,000","3,000","3,000","3,000","3,000","3,000","3,000","3,000","3,000","3,000","3,000","3,000","3,000","3,000","3,000","3,000","3,000","3,000","3,000","3,000","3,000","3,000","3,000","3,000","3,000","3,000","3,000","3,000","3,000","3,000","3,000","3,000","3,000","3,000","3,000","3,000","3,000","3,000","3,000","3,000","3,000","3,000","3,000","3,000","3,000","3,000","3,000","3,000","3,000","3,000","3,000","3,000","3,000","3,000","3,000","3,000","3,000","3,000","3,000","3,000","3,000","3,000","3,000","3,000","3,000","3,000","3,000","3,000","3,000","3,000","3,000","3,000","3,000","3,000","3,000","3,000","3,000","3,000","3,000","3,000","3,000","3,000","3,000","3,000","3,000","3,000","3,000","3,000","3,000"
ASIEBR2,1,,"26,400","0,275","0,275","0,275","0,275","0,275","0,275","0,275","0,275","0,275","0,275","0,275","0,275","0,275","0,275","0,275","0,275","0,275","0,275","0,275","0,275","0,275","0,275","0,275","0,275","0,275","0,275","0,275","0,275","0,275","0,275","0,275","0,275","0,275","0,275","0,275","0,275","0,275","0,275","0,275","0,275","0,275","0,275","0,275","0,275","0,275","0,275","0,275","0,275","0,275","0,275","0,275","0,275","0,275","0,275","0,275","0,275","0,275","0,275","0,275","0,275","0,275","0,275","0,275","0,275","0,275","0,275","0,275","0,275","0,275","0,275","0,275","0,275","0,275","0,275","0,275","0,275","0,275","0,275","0,275","0,275","0,275","0,275","0,275","0,275","0,275","0,275","0,275","0,275","0,275","0,275","0,275","0,275","0,275","0,275","0,275","0,275"
ASIEBRO,1,,"168,600","1,550","1,550","1,550","1,550","1,550","1,550","1,550","1,550","1,550","1,550","1,550","1,550","1,550","1,550","1,550","1,550","1,550","1,550","1,550","1,550","1,550","1,550","1,550","1,550","1,550","1,550","1,550","1,550","1,550","1,550","1,550","1,550","1,550","1,550","1,550","1,550","1,550","1,550","1,550","1,550","1,550","1,550","1,550","1,550","1,550","1,550","1,550","1,550","1,550","1,550","1,550","1,550","1,550","1,550","1,550","1,550","1,550","1,550","1,550","1,550","1,550","1,550","1,550","1,550","1,550","1,550","1,550","1,550","1,550","1,550","1,550","1,550","2,375","2,375","2,375","2,375","2,375","2,375","2,375","2,375","2,375","2,375","2,375","2,375","2,375","2,375","2,375","2,375","2,375","2,375","2,375","2,375","2,375","2,375","2,375","2,375"
ASIJUCA,1,,"132,000","1,375","1,375","1,375","1,375","1,375","1,375","1,375","1,375","1,375","1,375","1,375","1,375","1,375","1,375","1,375","1,375","1,375","1,375","1,375","1,375","1,375","1,375","1,375","1,375","1,375","1,375","1,375","1,375","1,375","1,375","1,375","1,375","1,375","1,375","1,375","1,375","1,375","1,375","1,375","1,375","1,375","1,375","1,375","1,375","1,375","1,375","1,375","1,375","1,375","1,375","1,375","1,375","1,375","1,375","1,375","1,375","1,375","1,375","1,375","1,375","1,375","1,375","1,375","1,375","1,375","1,375","1,375","1,375","1,375","1,375","1,375","1,375","1,375","1,375","1,375","1,375","1,375","1,375","1,375","1,375","1,375","1,375","1,375","1,375","1,375","1,375","1,375","1,375","1,375","1,375","1,375","1,375","1,375","1,375","1,375","1,375"
ASITAJ,1,,"36,000","0,375","0,375","0,375","0,375","0,375","0,375","0,375","0,375","0,375","0,375","0,375","0,375","0,375","0,375","0,375","0,375","0,375","0,375","0,375","0,375","0,375","0,375","0,375","0,375","0,375","0,375","0,375","0,375","0,375","0,375","0,375","0,375","0,375","0,375","0,375","0,375","0,375","0,375","0,375","0,375","0,375","0,375","0,375","0,375","0,375","0,375","0,375","0,375","0,375","0,375","0,375","0,375","0,375","0,375","0,375","0,375","0,375","0,375","0,375","0,375","0,375","0,375","0,375","0,375","0,375","0,375","0,375","0,375","0,375","0,375","0,375","0,375","0,375","0,375","0,375","0,375","0,375","0,375","0,375","0,375","0,375","0,375","0,375","0,375","0,375","0,375","0,375","0,375","0,375","0,375","0,375","0,375","0,375","0,375","0,375","0,375"
ASSEC01,8,,"-111,900","-0,975","-0,950","-0,950","-0,925","-0,925","-0,900","-0,900","-0,900","-0,875","-0,875","-0,875","-0,875","-0,875","-0,875","-0,875","-0,875","-0,875","-0,875","-0,875","-0,875","-0,900","-0,925","-0,925","-0,950","-0,950","-0,950","-0,975","-1,000","-1,050","-1,075","-1,125","-1,150","-1,175","-1,225","-1,250","-1,250","-1,250","-1,275","-1,275","-1,300","-1,300","-1,300","-1,300","-1,300","-1,325","-1,325","-1,325","-1,325","-1,325","-1,325","-1,325","-1,325","-1,325","-1,325","-1,325","-1,325","-1,300","-1,300","-1,300","-1,300","-1,275","-1,275","-1,275","-1,275","-1,275","-1,275","-1,275","-1,275","-1,300","-1,325","-1,325","-1,350","-1,350","-1,350","-1,350","-1,350","-1,350","-1,350","-1,350","-1,350","-1,325","-1,325","-1,325","-1,325","-1,325","-1,325","-1,300","-1,275","-1,225","-1,200","-1,150","-1,125","-1,100","-1,050","-1,025","-1,000"
ASTC01,7,,"-5,375","-0,100","-0,075","-0,075","-0,075","-0,075","-0,075","-0,050","-0,050","-0,050","-0,050","-0,050","-0,050","-0,075","-0,050","-0,050","-0,075","-0,075","-0,075","-0,050","-0,050","-0,075","-0,050","-0,075","-0,075","-0,075","-0,050","-0,050","-0,050","-0,075","-0,075","-0,075","-0,050","-0,075","-0,075","-0,075","-0,075","-0,075","-0,050","-0,075","-0,075","-0,050","-0,050","-0,050","-0,050","-0,050","-0,050","-0,050","-0,050","-0,050","-0,050","-0,075","-0,050","-0,075","-0,075","-0,075","-0,050","-0,050","-0,075","-0,075","-0,050","-0,050","-0,050","-0,050","-0,050","-0,050","-0,050","-0,025","-0,025","-0,025","-0,025","-0,025","-0,025","-0,025","-0,025","-0,025","-0,025","-0,025","-0,025","-0,025","-0,025","-0,025","-0,025","-0,025","-0,025","-0,025","-0,025","-0,025","-0,025","-0,100","-0,100","-0,100","-0,100","-0,100","-0,050","-0,100","-0,100"
ASTRC01,8,,"-116,900","-1,450","-1,500","-1,475","-1,425","-1,425","-1,350","-1,400","-1,375","-1,325","-1,375","-1,350","-1,325","-1,300","-1,375","-1,250","-1,250","-1,250","-1,200","-1,250","-1,250","-1,225","-1,250","-1,250","-1,200","-1,275","-1,300","-1,225","-1,100","-0,950","-0,975","-0,900","-1,000","-1,150","-1,200","-1,225","-1,175","-1,250","-1,300","-1,225","-1,250","-1,275","-1,275","-1,325","-1,300","-1,300","-1,375","-1,325","-1,325","-1,350","-1,350","-1,400","-1,350","-1,325","-1,275","-1,325","-1,250","-1,250","-1,200","-1,200","-1,125","-1,100","-1,025","-1,100","-1,025","-1,050","-1,000","-1,050","-1,025","-1,100","-1,050","-1,050","-1,000","-1,050","-0,975","-0,950","-1,000","-0,975","-1,000","-1,000","-0,975","-1,000","-0,925","-0,950","-0,975","-1,000","-0,975","-1,075","-1,150","-1,350","-1,475","-1,600","-1,600","-1,550","-1,550","-1,500","-1,500"
ATEEC01,8,,"-810,975","-7,575","-7,300","-7,125","-6,975","-7,200","-7,300","-7,200","-6,900","-6,825","-6,975","-6,900","-6,650","-6,625","-6,575","-6,725","-6,675","-6,575","-6,500","-6,375","-6,450","-6,800","-6,900","-7,075","-7,075","-7,525","-8,225","-7,900","-8,025","-8,100","-8,225","-8,375","-8,550","-8,400","-8,550","-8,325","-8,450","-8,675","-8,800","-8,925","-8,975","-9,825","-9,850","-9,875","-9,850","-9,775","-9,775","-9,750","-9,725","-9,750","-9,750","-9,725","-9,675","-9,675","-9,650","-9,575","-9,450","-9,275","-9,150","-9,025","-8,925","-8,750","-8,650","-8,625","-8,625","-8,650","-8,675","-8,725","-8,850","-9,300","-9,400","-9,475","-9,525","-9,250","-9,300","-9,375","-9,450","-9,575","-9,650","-9,700","-9,725","-9,700","-10,025","-9,725","-7,825","-8,750","-7,775","-5,900","-5,900","-8,050","-8,975","-9,525","-9,300","-9,100","-8,875","-8,625","-8,300"
ATLSC01,8,,"-2336,100","-21,575","-21,600","-21,575","-21,525","-21,050","-21,075","-21,100","-21,025","-20,525","-20,525","-20,525","-20,500","-20,125","-20,125","-20,125","-20,075","-19,875","-19,800","-19,825","-19,750","-21,000","-20,975","-20,925","-20,875","-25,725","-25,675","-25,550","-25,350","-28,750","-28,775","-28,750","-28,675","-30,100","-29,950","-29,825","-29,750","-28,925","-28,900","-28,925","-28,900","-27,575","-27,550","-27,550","-27,500","-26,750","-26,775","-26,775","-26,725","-25,900","-25,900","-25,900","-25,850","-24,200","-24,250","-24,275","-24,325","-23,625","-23,625","-23,575","-23,550","-23,850","-23,875","-23,925","-23,900","-24,100","-24,125","-24,125","-24,125","-24,325","-24,350","-24,375","-24,375","-24,425","-24,425","-24,450","-24,475","-25,400","-25,425","-25,425","-25,425","-25,875","-25,925","-25,925","-26,000","-25,225","-25,225","-25,325","-25,525","-23,575","-23,400","-23,350","-23,325","-22,025","-21,975","-21,925","-21,825"
ATLSR01,8,,"-317,300","-3,325","-3,325","-3,325","-3,325","-3,325","-3,325","-3,325","-3,325","-3,325","-3,325","-3,325","-3,325","-3,325","-3,325","-3,325","-3,325","-3,325","-3,325","-3,325","-3,325","-3,325","-3,325","-3,325","-3,325","-3,325","-3,325","-3,325","-3,300","-3,300","-3,300","-3,300","-3,300","-3,300","-3,275","-3,275","-3,275","-3,300","-3,275","-3,275","-3,275","-3,300","-3,300","-3,300","-3,275","-3,300","-3,300","-3,300","-3,300","-3,300","-3,300","-3,300","-3,275","-3,275","-3,275","-3,300","-3,300","-3,300","-3,300","-3,300","-3,275","-3,300","-3,300","-3,300","-3,300","-3,300","-3,300","-3,300","-3,300","-3,300","-3,300","-3,300","-3,300","-3,300","-3,300","-3,300","-3,300","-3,300","-3,300","-3,300","-3,300","-3,300","-3,300","-3,300","-3,300","-3,300","-3,300","-3,300","-3,325","-3,325","-3,300","-3,300","-3,300","-3,325","-3,325","-3,300","-3,300"
ATOMCEC,10,,"103,400","1,100","1,100","1,100","1,100","1,100","1,100","1,100","1,100","1,100","1,100","1,100","1,100","1,100","1,100","1,100","1,100","1,125","1,125","1,125","1,125","1,125","1,125","1,125","1,125","1,125","1,125","1,125","1,125","1,125","1,125","1,125","1,125","1,125","1,125","1,125","1,125","1,100","1,100","1,100","1,100","1,075","1,075","1,075","1,075","1,050","1,050","1,050","1,050","1,025","1,025","1,025","1,025","1,025","1,025","1,025","1,025","1,025","1,025","1,025","1,025","1,025","1,025","1,025","1,025","1,025","1,025","1,025","1,025","1,025","1,025","1,025","1,025","1,050","1,050","1,050","1,050","1,050","1,050","1,050","1,050","1,075","1,075","1,075","1,075","1,075","1,075","1,075","1,075","1,100","1,100","1,100","1,100","1,100","1,100","1,100","1,100"
ATOMICO,10,,"64,600","1,000","1,000","1,000","1,000","1,025","1,025","1,025","1,025","1,025","1,025","1,025","1,025","1,025","1,025","1,025","1,025","1,025","1,025","1,025","1,025","1,025","1,025","1,025","1,025","1,025","1,025","1,025","1,025","1,025","1,025","1,025","1,025","1,025","1,025","1,025","1,025","1,025","1,025","1,025","1,025",,,,,,,,,,,,,,,,,,,,,,,,,,,,,,,,,"0,975","0,975","0,975","0,975","0,975","0,975","0,975","0,975","0,975","0,975","0,975","0,975","1,000","1,000","1,000","1,000","1,000","1,000","1,000","1,000","1,000","1,000","1,000","1,000"
ATPC01,8,,"-1,825","-0,025","-0,025","-0,025","-0,025","-0,025","-0,025","-0,025",,,,,,,,,,,,,,,,,,,,,,,,"-0,025","-0,025","-0,025","-0,025","-0,025","-0,025","-0,025","-0,025","-0,025","-0,025","-0,025","-0,025","-0,025","-0,025","-0,025","-0,025","-0,025","-0,025","-0,025","-0,025","-0,025","-0,025","-0,025","-0,025","-0,025","-0,025","-0,025","-0,025","-0,025","-0,025","-0,025","-0,025","-0,025","-0,025","-0,025","-0,025","-0,025","-0,025","-0,025","-0,025","-0,025","-0,025","-0,025","-0,025","-0,025","-0,025","-0,025","-0,025","-0,025","-0,025","-0,025","-0,025","-0,025","-0,025","-0,025","-0,025","-0,025","-0,025","-0,025","-0,025","-0,025","-0,025","-0,025","-0,025","-0,025","-0,025"
AUDAC01,8,,"-544,600","-5,100","-5,100","-5,100","-5,000","-5,000","-5,000","-4,900","-4,900","-4,800","-4,800","-4,800","-4,800","-4,700","-4,600","-4,500","-4,400","-4,400","-4,300","-4,300","-4,400","-4,300","-4,400","-4,400","-4,400","-4,600","-4,600","-4,700","-4,900","-5,200","-5,400","-5,600","-5,700","-6,200","-6,300","-6,400","-6,200","-6,300","-6,300","-6,400","-6,500","-6,500","-6,600","-6,700","-6,600","-6,500","-6,500","-6,600","-6,400","-6,500","-6,500","-6,500","-6,400","-6,300","-6,400","-6,300","-6,100","-6,100","-6,100","-6,200","-6,200","-6,300","-6,200","-6,200","-6,200","-6,200","-6,200","-6,200","-6,100","-6,100","-6,100","-6,000","-5,900","-5,900","-5,900","-5,900","-5,900","-5,800","-5,800","-5,800","-5,700","-5,700","-5,800","-5,900","-5,800","-6,000","-6,100","-6,100","-6,000","-6,000","-6,000","-5,900","-5,700","-5,500","-5,400","-5,300","-5,300"
AVILC01,7,,"-16,500","-0,275","-0,275","-0,275","-0,275","-0,275","-0,275","-0,275","-0,275","-0,275","-0,275","-0,275","-0,275","-0,275","-0,275","-0,275","-0,275","-0,275","-0,275","-0,275","-0,275","-0,275","-0,275","-0,275","-0,275","-0,225","-0,225","-0,225","-0,225","-0,075","-0,075","-0,075","-0,075","-0,100","-0,100","-0,100","-0,100","-0,100","-0,100","-0,100","-0,100","-0,125","-0,125","-0,125","-0,125","-0,125","-0,125","-0,125","-0,125","-0,125","-0,125","-0,125","-0,125","-0,125","-0,125","-0,125","-0,125","-0,100","-0,100","-0,100","-0,100","-0,100","-0,100","-0,100","-0,100","-0,125","-0,125","-0,125","-0,125","-0,125","-0,125","-0,125","-0,125","-0,125","-0,125","-0,125","-0,125","-0,125","-0,125","-0,125","-0,125","-0,100","-0,100","-0,100","-0,100","-0,100","-0,100","-0,100","-0,100","-0,300","-0,300","-0,300","-0,300","-0,275","-0,275","-0,275","-0,275"
AXPOR01,8,,"-2680,350","-26,875","-26,850","-26,875","-26,950","-21,900","-21,850","-21,725","-21,750","-24,975","-24,900","-24,950","-24,925","-28,400","-28,425","-28,500","-28,575","-28,625","-28,600","-28,500","-28,475","-28,475","-28,475","-28,600","-28,600","-28,625","-28,650","-28,675","-28,650","-28,750","-28,800","-28,825","-28,800","-28,550","-28,450","-28,425","-28,525","-28,475","-28,375","-28,350","-28,325","-28,325","-28,350","-28,400","-28,300","-28,225","-28,125","-28,150","-28,075","-28,100","-28,100","-28,100","-28,075","-28,075","-28,125","-28,375","-28,300","-28,325","-28,100","-28,075","-28,075","-28,200","-28,175","-28,050","-27,975","-28,025","-28,100","-28,350","-28,525","-28,500","-28,475","-28,350","-28,200","-28,275","-28,350","-28,425","-28,425","-28,300","-28,400","-28,375","-28,425","-28,475","-28,575","-28,600","-28,425","-28,475","-28,525","-28,600","-28,600","-28,700","-28,650","-28,525","-28,525","-28,550","-28,550","-28,450","-28,425"
AYLUC01,8,,"-6,900","-0,050","-0,050","-0,050","-0,050","-0,050","-0,050","-0,050","-0,050","-0,050","-0,050","-0,050","-0,050","-0,050","-0,050","-0,050","-0,050","-0,050","-0,050","-0,050","-0,050","-0,050","-0,050","-0,050","-0,050","-0,075","-0,075","-0,075","-0,075","-0,100","-0,100","-0,100","-0,100","-0,100","-0,100","-0,100","-0,100","-0,100","-0,100","-0,100","-0,100","-0,100","-0,100","-0,100","-0,100","-0,100","-0,100","-0,100","-0,100","-0,075","-0,075","-0,075","-0,075","-0,075","-0,075","-0,075","-0,075","-0,050","-0,050","-0,050","-0,050","-0,050","-0,050","-0,050","-0,050","-0,100","-0,100","-0,100","-0,100","-0,075","-0,075","-0,075","-0,075","-0,075","-0,075","-0,075","-0,075","-0,075","-0,075","-0,075","-0,075","-0,075","-0,075","-0,075","-0,075","-0,075","-0,075","-0,075","-0,075","-0,075","-0,075","-0,075","-0,075","-0,050","-0,050","-0,050","-0,050"
BACAC01,7,,"-33,750","-0,325","-0,325","-0,325","-0,325","-0,325","-0,300","-0,325","-0,325","-0,325","-0,325","-0,325","-0,325","-0,325","-0,325","-0,325","-0,325","-0,325","-0,325","-0,325","-0,325","-0,325","-0,325","-0,325","-0,325","-0,325","-0,350","-0,350","-0,375","-0,375","-0,375","-0,350","-0,350","-0,350","-0,350","-0,350","-0,350","-0,375","-0,375","-0,375","-0,375","-0,350","-0,325","-0,350","-0,350","-0,350","-0,350","-0,375","-0,375","-0,375","-0,400","-0,400","-0,400","-0,400","-0,375","-0,400","-0,375","-0,375","-0,375","-0,375","-0,375","-0,375","-0,375","-0,375","-0,375","-0,375","-0,375","-0,375","-0,375","-0,375","-0,375","-0,375","-0,375","-0,375","-0,400","-0,350","-0,325","-0,325","-0,325","-0,325","-0,325","-0,350","-0,375","-0,375","-0,375","-0,375","-0,375","-0,375","-0,325","-0,325","-0,325","-0,325","-0,325","-0,325","-0,325","-0,325","-0,325"
BAHIAB,1,,"4152,000","43,250","43,250","43,250","43,250","43,250","43,250","43,250","43,250","43,250","43,250","43,250","43,250","43,250","43,250","43,250","43,250","43,250","43,250","43,250","43,250","43,250","43,250","43,250","43,250","43,250","43,250","43,250","43,250","43,250","43,250","43,250","43,250","43,250","43,250","43,250","43,250","43,250","43,250","43,250","43,250","43,250","43,250","43,250","43,250","43,250","43,250","43,250","43,250","43,250","43,250","43,250","43,250","43,250","43,250","43,250","43,250","43,250","43,250","43,250","43,250","43,250","43,250","43,250","43,250","43,250","43,250","43,250","43,250","43,250","43,250","43,250","43,250","43,250","43,250","43,250","43,250","43,250","43,250","43,250","43,250","43,250","43,250","43,250","43,250","43,250","43,250","43,250","43,250","43,250","43,250","43,250","43,250","43,250","43,250","43,250","43,250"
BAKC01,7,,"-13,275","-0,150","-0,150","-0,150","-0,150","-0,150","-0,150","-0,150","-0,150","-0,150","-0,150","-0,150","-0,150","-0,125","-0,125","-0,150","-0,150","-0,125","-0,125","-0,125","-0,125","-0,125","-0,150","-0,125","-0,075","-0,075",,,"-0,050","-0,100","-0,125","-0,100","-0,100","-0,100","-0,100","-0,100","-0,100","-0,150","-0,150","-0,150","-0,150","-0,150","-0,150","-0,175","-0,150","-0,150","-0,175","-0,175","-0,175","-0,150","-0,150","-0,150","-0,150","-0,150","-0,150","-0,150","-0,150","-0,150","-0,150","-0,150","-0,150","-0,150","-0,150","-0,150","-0,150","-0,150","-0,150","-0,150","-0,150","-0,150","-0,150","-0,150","-0,150","-0,150","-0,150","-0,150","-0,150","-0,150","-0,150","-0,150","-0,150","-0,150","-0,150","-0,150","-0,150","-0,150","-0,150","-0,150","-0,150","-0,150","-0,150","-0,150","-0,150","-0,125","-0,125","-0,125","-0,125"
BALKC01,7,,"-4,600","-0,050","-0,050","-0,050","-0,050","-0,050","-0,050","-0,050","-0,050","-0,050","-0,050","-0,050","-0,050","-0,050","-0,050","-0,050","-0,050","-0,050","-0,050","-0,050","-0,050","-0,050","-0,050","-0,050","-0,050","-0,075","-0,075","-0,075","-0,075","-0,075","-0,075","-0,075","-0,075","-0,075","-0,075","-0,075","-0,075","-0,050","-0,050","-0,050","-0,050","-0,050","-0,050","-0,050","-0,050","-0,050","-0,050","-0,050","-0,050","-0,025","-0,025","-0,025","-0,025","-0,025","-0,025","-0,025","-0,025","-0,025","-0,025","-0,025","-0,025","-0,025","-0,025","-0,025","-0,025","-0,025","-0,025","-0,025","-0,025","-0,050","-0,050","-0,050","-0,050","-0,050","-0,050","-0,050","-0,050","-0,050","-0,050","-0,050","-0,050","-0,050","-0,050","-0,050","-0,050","-0,050","-0,050","-0,050","-0,050","-0,050","-0,050","-0,050","-0,050","-0,050","-0,050","-0,050","-0,050"
BANARES,10,,"8,300",,,,,,,,,,,,,,,,,,,,,,,,,,,,,"0,025","0,025","0,025","0,025","0,100","0,100","0,100","0,100","0,150","0,150","0,150","0,150","0,175","0,175","0,175","0,175","0,175","0,175","0,175","0,175","0,200","0,200","0,200","0,200","0,200","0,200","0,200","0,200","0,200","0,200","0,200","0,200","0,200","0,200","0,200","0,200","0,175","0,175","0,175","0,175","0,175","0,175","0,175","0,175","0,150","0,150","0,150","0,150","0,100","0,100","0,100","0,100","0,050","0,050","0,050","0,050",,,,,,,,,,,,
BATTOS,10,,"24,100",,,,,,,,,,,,,,,,,,,,,,,,,,,,,"0,025","0,025","0,050","0,075","0,100","0,150","0,200","0,225","0,275","0,325","0,350","0,400","0,450","0,475","0,525","0,550","0,575","0,600","0,625","0,650","0,650","0,675","0,675","0,675","0,700","0,700","0,700","0,700","0,700","0,700","0,700","0,700","0,700","0,675","0,675","0,675","0,650","0,625","0,600","0,575","0,550","0,500","0,475","0,425","0,375","0,350","0,300","0,250","0,200","0,175","0,125","0,100","0,075","0,050","0,025","0,025",,,,,,,,,,,,
BAYWA1,10,,"43,650",,,,,,,,,,,,,,,,,,,,,,,,,,,,,"0,025","0,125","0,250","0,425","0,675","0,950","1,300","1,675","2,050","2,475","2,925","1,450","2,025","0,325",,,,,,,,,,,,,,,,,,,,,,,,,,,,"0,750","2,725","3,575","3,300","3,000","2,700","2,400","2,075","1,750","1,425","1,125","0,850","0,600","0,375","0,200","0,100","0,025",,,,,,,,,,
BAYWA3,10,,"11,500",,,,,,,,,,,,,,,,,,,,,,,,,,,,,,"0,025","0,075","0,100","0,175","0,250","0,350","0,450","0,550","0,650","0,750","0,375","0,500","0,075",,,,,,,,,,,,,,,,,,,,,,,,,,,,"0,150","0,575","0,800","0,775","0,750","0,725","0,675","0,625","0,550","0,450","0,375","0,300","0,200","0,125","0,075","0,025",,,,,,,,,,,
BECOC01,8,,"-315,575","-3,725","-3,625","-3,525","-3,425","-3,350","-3,275","-3,200","-3,150","-3,100","-3,050","-3,000","-2,950","-2,925","-2,875","-2,850","-2,850","-2,825","-2,800","-2,825","-2,850","-2,900","-2,925","-2,975","-3,025","-3,125","-3,200","-3,225","-3,250","-3,175","-3,175","-3,225","-3,325","-3,550","-3,650","-3,650","-3,550","-3,400","-3,300","-3,225","-3,175","-3,100","-3,025","-2,950","-2,825","-2,700","-2,600","-2,525","-2,450","-2,375","-2,300","-2,250","-2,250","-2,225","-2,200","-2,200","-2,175","-2,150","-2,125","-2,150","-2,200","-2,250","-2,300","-2,375","-2,475","-2,575","-2,675","-2,775","-2,875","-3,000","-3,100","-3,200","-3,300","-3,350","-3,450","-3,625","-3,875","-4,275","-4,525","-4,700","-4,800","-4,800","-4,900","-4,950","-4,950","-5,000","-5,025","-4,975","-4,900","-4,800","-4,700","-4,575","-4,425","-4,225","-4,075","-3,950","-3,850"
BECVS01,2,,"0,150",,,,,,,,,,,,,,,,,,,,,,,,,,,,,,,,,,,,,"0,025","0,025","0,025",,,,,,"0,025","0,025","0,025",,,,,,,,,,,,,,,,,,,,,,,,,,,,,,,,,,,,,,,,,,,,,,,,,
BEJAR,10,,"19,525",,,,,,,,,,,,,,,,,,,,,,,,,,,,,,,,"0,075",,,,,,,"0,375","0,425",,,,"0,575",,,,,"0,725","0,725","0,725","0,725","0,750","0,750","0,775","0,775","0,775","0,775","0,775","0,775","0,775","0,775","0,775","0,775","0,775","0,775","0,775","0,750",,,,,,,"0,475","0,400","0,325","1,100","0,200","0,150","0,125",,"0,050","0,025",,,,,,,,,,,,
BELIN1,10,,"384,200",,,,,,,,,,,,,,,,,,,,,,,,,,,,"0,050","0,300","0,775","1,425","2,175","2,950","3,850","4,800","5,300","6,450","7,100","7,675","8,150","8,525","8,775","8,950","9,075","9,225","8,925","9,050","9,125","9,175","9,225","9,225","9,225","9,225","9,150","9,050","8,950","8,875","8,800","8,725","8,650","8,550","8,450","8,325","8,200","8,075","7,975","7,850","7,750","7,700","7,700","7,700","7,650","7,600","7,325","6,950","6,525","6,000","5,375","4,675","3,950","3,225","2,425","1,650","0,975","0,500","0,175",,,,,,,,,,
BENOC01,8,,"-51,025","-0,425","-0,425","-0,425","-0,400","-0,400","-0,375","-0,400","-0,375","-0,375","-0,375","-0,375","-0,375","-0,375","-0,350","-0,375","-0,375","-0,375","-0,350","-0,350","-0,350","-0,375","-0,375","-0,400","-0,475","-0,550","-0,575","-0,575","-0,600","-0,625","-0,650","-0,650","-0,675","-0,700","-0,675","-0,650","-0,650","-0,650","-0,625","-0,600","-0,650","-0,625","-0,625","-0,600","-0,575","-0,625","-0,600","-0,650","-0,625","-0,550","-0,575","-0,550","-0,575","-0,575","-0,600","-0,525","-0,500","-0,500","-0,475","-0,475","-0,450","-0,425","-0,450","-0,450","-0,450","-0,450","-0,450","-0,500","-0,525","-0,525","-0,550","-0,575","-0,550","-0,550","-0,550","-0,600","-0,600","-0,600","-0,625","-0,650","-0,625","-0,700","-0,650","-0,700","-0,700","-0,700","-0,700","-0,700","-0,700","-0,575","-0,575","-0,550","-0,525","-0,500","-0,500","-0,475","-0,450"
BEREBRO,1,,"21,300","0,275","0,275","0,225","0,225","0,225","0,225","0,225","0,225","0,200","0,200","0,200","0,200","0,225","0,225","0,225","0,225","0,200","0,200","0,200","0,200","0,200","0,200","0,200","0,200","0,200","0,200","0,200","0,200","0,225","0,275","0,250","0,275","0,275","0,375","0,275","0,275","0,250","0,250","0,250","0,250","0,200","0,200","0,200","0,200","0,200","0,200","0,200","0,200","0,200","0,200","0,200","0,200","0,250","0,250","0,250","0,250","0,150","0,150","0,150","0,150","0,150","0,150","0,150","0,150","0,150","0,150","0,150","0,150","0,150","0,150","0,150","0,150","0,250","0,250","0,250","0,250","0,325","0,325","0,250","0,250","0,275","0,275","0,275","0,275","0,275","0,225","0,250","0,250","0,225","0,225","0,225","0,275","0,275","0,275","0,275","0,250"
BERLC01,8,,"-6,875","-0,075","-0,075","-0,075","-0,075","-0,075","-0,075","-0,075","-0,050","-0,050","-0,050","-0,050","-0,050","-0,050","-0,050","-0,050","-0,050","-0,050","-0,050","-0,050","-0,050","-0,050","-0,050","-0,050","-0,050","-0,050","-0,050","-0,075","-0,075","-0,075","-0,075","-0,075","-0,075","-0,075","-0,075","-0,075","-0,075","-0,075","-0,075","-0,075","-0,075","-0,075","-0,075","-0,075","-0,075","-0,075","-0,075","-0,075","-0,075","-0,075","-0,075","-0,075","-0,075","-0,075","-0,075","-0,075","-0,075","-0,075","-0,075","-0,075","-0,075","-0,075","-0,075","-0,075","-0,075","-0,075","-0,075","-0,075","-0,075","-0,075","-0,075","-0,075","-0,075","-0,075","-0,075","-0,075","-0,075","-0,075","-0,100","-0,100","-0,100","-0,100","-0,100","-0,100","-0,100","-0,075","-0,100",,"-0,075","-0,075","-0,100","-0,075","-0,075","-0,075","-0,075","-0,075","-0,075"
BERR1,1,,"2,400","0,025","0,025","0,025","0,025","0,025","0,025","0,025","0,025","0,025","0,025","0,025","0,025","0,025","0,025","0,025","0,025","0,025","0,025","0,025","0,025","0,025","0,025","0,025","0,025","0,025","0,025","0,025","0,025","0,025","0,025","0,025","0,025","0,025","0,025","0,025","0,025","0,025","0,025","0,025","0,025","0,025","0,025","0,025","0,025","0,025","0,025","0,025","0,025","0,025","0,025","0,025","0,025","0,025","0,025","0,025","0,025","0,025","0,025","0,025","0,025","0,025","0,025","0,025","0,025","0,025","0,025","0,025","0,025","0,025","0,025","0,025","0,025","0,025","0,025","0,025","0,025","0,025","0,025","0,025","0,025","0,025","0,025","0,025","0,025","0,025","0,025","0,025","0,025","0,025","0,025","0,025","0,025","0,025","0,025","0,025","0,025"
BERR2,1,,"2,400","0,025","0,025","0,025","0,025","0,025","0,025","0,025","0,025","0,025","0,025","0,025","0,025","0,025","0,025","0,025","0,025","0,025","0,025","0,025","0,025","0,025","0,025","0,025","0,025","0,025","0,025","0,025","0,025","0,025","0,025","0,025","0,025","0,025","0,025","0,025","0,025","0,025","0,025","0,025","0,025","0,025","0,025","0,025","0,025","0,025","0,025","0,025","0,025","0,025","0,025","0,025","0,025","0,025","0,025","0,025","0,025","0,025","0,025","0,025","0,025","0,025","0,025","0,025","0,025","0,025","0,025","0,025","0,025","0,025","0,025","0,025","0,025","0,025","0,025","0,025","0,025","0,025","0,025","0,025","0,025","0,025","0,025","0,025","0,025","0,025","0,025","0,025","0,025","0,025","0,025","0,025","0,025","0,025","0,025","0,025","0,025"
BES3,1,,"3768,000","39,250","39,250","39,250","39,250","39,250","39,250","39,250","39,250","39,250","39,250","39,250","39,250","39,250","39,250","39,250","39,250","39,250","39,250","39,250","39,250","39,250","39,250","39,250","39,250","39,250","39,250","39,250","39,250","39,250","39,250","39,250","39,250","39,250","39,250","39,250","39,250","39,250","39,250","39,250","39,250","39,250","39,250","39,250","39,250","39,250","39,250","39,250","39,250","39,250","39,250","39,250","39,250","39,250","39,250","39,250","39,250","39,250","39,250","39,250","39,250","39,250","39,250","39,250","39,250","39,250","39,250","39,250","39,250","39,250","39,250","39,250","39,250","39,250","39,250","39,250","39,250","39,250","39,250","39,250","39,250","39,250","39,250","39,250","39,250","39,250","39,250","39,250","39,250","39,250","39,250","39,250","39,250","39,250","39,250","39,250","39,250"
BES5,1,,"3000,000","37,500","37,500","37,500","37,500","37,500","37,500","37,500","37,500","37,500","37,500","37,500","37,500","37,500","37,500","37,500","37,500","37,500","37,500","37,500","37,500","37,500","37,500","37,500","37,500","37,500","37,500","37,500","37,500","37,500","37,500","37,500","37,500","37,500","37,500","37,500","37,500","37,500","37,500","37,500","37,500","37,500","37,500","37,500","37,500","37,500","37,500","37,500","37,500","37,500","37,500","37,500","37,500","37,500","37,500","37,500","37,500","37,500","37,500","37,500","37,500","37,500","37,500","37,500","37,500","37,500","37,500","37,500","37,500","37,500","37,500","37,500","37,500","37,500","37,500","37,500","37,500","37,500","37,500","37,500","37,500",,,,,,,,,,,,,,,,
BESC01,8,,"-2,400","-0,025","-0,025","-0,025","-0,025","-0,025","-0,025","-0,025","-0,025","-0,025","-0,025","-0,025","-0,025","-0,025","-0,025","-0,025","-0,025","-0,025","-0,025","-0,025","-0,025","-0,025","-0,025","-0,025","-0,025","-0,025","-0,025","-0,025","-0,025","-0,025","-0,025","-0,025","-0,025","-0,025","-0,025","-0,025","-0,025","-0,025","-0,025","-0,025","-0,025","-0,025","-0,025","-0,025","-0,025","-0,025","-0,025","-0,025","-0,025","-0,025","-0,025","-0,025","-0,025","-0,025","-0,025","-0,025","-0,025","-0,025","-0,025","-0,025","-0,025","-0,025","-0,025","-0,025","-0,025","-0,025","-0,025","-0,025","-0,025","-0,025","-0,025","-0,025","-0,025","-0,025","-0,025","-0,025","-0,025","-0,025","-0,025","-0,025","-0,025","-0,025","-0,025","-0,025","-0,025","-0,025","-0,025","-0,025","-0,025","-0,025","-0,025","-0,025","-0,025","-0,025","-0,025","-0,025","-0,025"
BESTC01,8,,"-7,325","-0,050","-0,050","-0,050","-0,050","-0,050","-0,050","-0,050","-0,050","-0,050","-0,050","-0,050","-0,050","-0,050","-0,050","-0,050","-0,050","-0,050","-0,050","-0,050","-0,050","-0,050","-0,050","-0,050","-0,050","-0,050","-0,050","-0,050","-0,050","-0,050","-0,050","-0,050","-0,050","-0,075","-0,075","-0,075","-0,075","-0,100","-0,100","-0,100","-0,100","-0,100","-0,100","-0,100","-0,100","-0,100","-0,100","-0,100","-0,100","-0,100","-0,100","-0,100","-0,100","-0,100","-0,100","-0,100","-0,100","-0,100","-0,100","-0,100","-0,100","-0,100","-0,100","-0,100","-0,100","-0,100","-0,100","-0,100","-0,100","-0,100","-0,100","-0,100","-0,100","-0,075","-0,075","-0,075","-0,100","-0,075","-0,075","-0,075","-0,075","-0,075","-0,075","-0,075","-0,075","-0,075","-0,075","-0,075","-0,075","-0,075","-0,075","-0,075","-0,075","-0,075","-0,075","-0,075","-0,075"
BEYOC01,8,,"-183,775","-1,475","-1,450","-1,425","-1,375","-1,350","-1,350","-1,300","-1,300","-1,275","-1,275","-1,275","-1,275","-1,250","-1,250","-1,250","-1,225","-1,225","-1,225","-1,225","-1,200","-1,225","-1,250","-1,250","-1,275","-1,400","-1,450","-1,500","-1,525","-1,725","-1,825","-1,875","-1,900","-2,025","-2,075","-2,125","-2,150","-2,225","-2,275","-2,300","-2,325","-2,350","-2,350","-2,375","-2,400","-2,400","-2,400","-2,400","-2,425","-2,475","-2,500","-2,500","-2,500","-2,500","-2,525","-2,500","-2,425","-2,350","-2,325","-2,275","-2,250","-2,150","-2,175","-2,225","-2,200","-2,175","-2,200","-2,225","-2,150","-2,150","-2,175","-2,175","-2,150","-2,150","-2,175","-2,150","-2,175","-2,175","-2,200","-2,200","-2,225","-2,225","-2,200","-2,200","-2,150","-2,100","-2,075","-2,025","-1,975","-1,875","-1,825","-1,725","-1,650","-1,625","-1,575","-1,550","-1,500"
BIOC01,7,,"-2,775","-0,050","-0,050","-0,050","-0,050","-0,050","-0,050","-0,050","-0,050","-0,050","-0,050","-0,050","-0,050","-0,050","-0,050","-0,050","-0,050","-0,050","-0,050","-0,050","-0,050","-0,050","-0,050","-0,050","-0,050","-0,050","-0,050","-0,050","-0,050","-0,050","-0,025","-0,050","-0,025","-0,025","-0,025","-0,025",,,,,,,,,,,,,,,,,,,,,,,,,,,,,,,,"-0,025",,,,,"-0,025","-0,025","-0,025","-0,025","-0,025","-0,050","-0,050","-0,050","-0,050","-0,050","-0,050","-0,050","-0,050","-0,050","-0,050","-0,050","-0,050","-0,050","-0,050","-0,050","-0,050","-0,050","-0,050","-0,050","-0,050"
BIROC01,8,,"-1193,625","-10,900","-10,600","-10,325","-10,125","-10,925","-11,475","-11,350","-10,475","-10,400","-10,925","-10,850","-10,125","-10,125","-10,100","-10,725","-10,700","-10,850","-10,825","-10,275","-10,250","-10,925","-10,950","-11,050","-10,575","-10,875","-12,500","-11,200","-11,350","-11,700","-11,975","-12,300","-12,725","-12,225","-12,575","-11,750","-11,925","-12,300","-12,500","-12,675","-12,775","-15,425","-15,525","-15,650","-15,775","-15,975","-16,125","-16,250","-16,275","-16,400","-16,450","-16,500","-16,475","-16,475","-16,525","-16,425","-16,200","-15,850","-15,600","-15,400","-15,200","-15,100","-15,000","-14,850","-14,725","-14,525","-14,450","-14,350","-14,275","-15,125","-15,075","-15,025","-15,025","-14,050","-14,025","-14,025","-14,100","-14,150","-14,200","-14,275","-14,350","-14,450","-15,425","-14,550","-1,500","-1,500","-1,500","-1,500","-1,500","-1,500","-1,500","-13,950","-13,625","-13,200","-12,825","-12,525","-12,200"
BIRSPRA,2,,"9,600","0,100","0,100","0,100","0,100","0,100","0,100","0,100","0,100","0,100","0,100","0,100","0,100","0,100","0,100","0,100","0,100","0,100","0,100","0,100","0,100","0,100","0,100","0,100","0,100","0,100","0,100","0,100","0,100","0,100","0,100","0,100","0,100","0,100","0,100","0,100","0,100","0,100","0,100","0,100","0,100","0,100","0,100","0,100","0,100","0,100","0,100","0,100","0,100","0,100","0,100","0,100","0,100","0,100","0,100","0,100","0,100","0,100","0,100","0,100","0,100","0,100","0,100","0,100","0,100","0,100","0,100","0,100","0,100","0,100","0,100","0,100","0,100","0,100","0,100","0,100","0,100","0,100","0,100","0,100","0,100","0,100","0,100","0,100","0,100","0,100","0,100","0,100","0,100","0,100","0,100","0,100","0,100","0,100","0,100","0,100","0,100"
BLAGAR,10,,"14,100","0,300","0,300","0,300","0,300","0,300","0,300","0,300","0,300","0,300","0,300","0,300","0,300","0,300","0,300","0,300","0,300","0,300","0,300","0,300","0,300","0,300","0,300","0,300","0,300","0,300","0,300","0,300","0,300",,,,,,,,,,,,,,,,,,,,,,,,,,,,,,,,,,,,,,,,,,,,,,,,,,"0,300","0,300","0,300","0,300","0,300","0,300","0,300","0,300","0,300","0,300","0,300","0,300","0,300","0,300","0,300","0,300","0,300","0,300","0,300"
BLANC,10,,"35,700",,,,,,,,,,,,,,,,,,,,,,,,,,,,,"0,025","0,050","0,050","0,050","0,100","0,125","0,150","0,200","0,250","0,300","0,350","0,450","0,475","0,575","0,675","0,725","0,800","0,825","0,875","0,950","0,950","1,000","1,075","1,075","1,100","1,125","1,150","1,150","1,200","1,175","1,150","1,125","1,150","1,100","1,125","1,075","1,000","0,975","0,950","0,850","0,800","0,800","0,725","0,600","0,550","0,550","0,475","0,425","0,350","0,275","0,225","0,150","0,125","0,075","0,050","0,025",,,,,,,,,,,,
BNPRC01,8,,"-577,475","-1,475","-3,550","-3,450","-3,350","-3,250","-3,200","-3,125","-6,150","-6,150","-6,050","-5,950","-5,850","-5,675","-5,600","-5,500","-5,450","-5,425","-5,350","-2,700","-2,750","-2,800","-2,850","-1,175","-1,225","-1,300",,,,,,,"-1,500","-1,600","-8,025","-7,950","-14,775","-13,700","-13,125","-12,575","-11,950","-11,900","-11,200","-10,600","-10,050","-9,700","-9,200","-8,600","-7,800","-6,675","-5,900","-5,500","-5,400","-5,675","-5,675","-5,600","-5,550","-5,350","-5,300","-5,300","-5,475","-5,475","-5,675","-6,175","-6,850","-7,850","-8,550","-9,275","-9,900","-10,550","-11,200","-11,800","-12,400","-12,800","-13,400","-14,175","-15,175","-16,400","-4,325","-9,050","-9,425","-19,800","-5,150","-2,100","-2,150","-2,175","-2,200",,,,,"-1,875","-1,800","-1,725","-1,650","-1,575","-3,825"
BNPRV01,2,,"4,900",,,,,,,,,,,,,,,,,,,,,,,,,"0,025","0,025","0,025","0,025","0,025","0,025","0,025","0,025","0,050","0,050","0,050","0,050","0,075","0,075","0,075","0,075","0,100","0,100","0,100","0,100","0,125","0,125","0,125","0,125","0,125","0,125","0,125","0,125","0,150","0,150","0,150","0,150","0,150","0,150","0,150","0,150","0,125","0,125","0,125","0,125","0,100","0,100","0,100","0,100","0,075","0,075","0,075","0,075","0,050","0,050","0,050","0,050","0,025","0,025","0,025","0,025","0,025","0,025","0,025","0,025",,,,,,,,,,,,
BOAEC01,8,,"-0,575",,,,,,,,,,,,,,,,,,,,,,"-0,025",,,,,"-0,025",,,,,"-0,025","-0,025",,,,,"-0,025",,,,"-0,025",,,"-0,025",,,"-0,025",,"-0,025",,"-0,025",,,"-0,025",,"-0,025",,,,"-0,025",,,"-0,025",,"-0,025",,"-0,025",,"-0,025",,,"-0,025",,"-0,025",,,"-0,025",,,"-0,025",,,,,"-0,025",,,,,"-0,025",,,,,
BPC01,8,,"-99,025","-0,850","-0,825","-0,825","-0,825","-0,825","-0,825","-0,825","-0,825","-0,825","-0,825","-0,825","-0,825","-0,825","-0,825","-0,825","-0,825","-0,800","-0,800","-0,800","-0,825","-0,800","-0,825","-0,850","-0,875","-0,950","-1,000","-1,000","-1,000","-1,000","-1,000","-1,000","-1,000","-1,000","-1,025","-1,025","-1,025","-1,050","-1,075","-1,075","-1,100","-1,125","-1,125","-1,150","-1,150","-1,175","-1,200","-1,200","-1,200","-1,200","-1,200","-1,200","-1,200","-1,200","-1,175","-1,175","-1,175","-1,150","-1,150","-1,150","-1,125","-1,125","-1,125","-1,125","-1,125","-1,125","-1,125","-1,125","-1,150","-1,175","-1,175","-1,175","-1,200","-1,200","-1,200","-1,225","-1,225","-1,200","-1,200","-1,200","-1,200","-1,200","-1,175","-1,175","-1,150","-1,125","-1,100","-1,075","-1,050","-0,975","-0,950","-0,900","-0,875","-0,850","-0,825","-0,825","-0,825"
BREFEN,10,,"45,750","0,450","0,425","0,425","0,400","0,375","0,350","0,350","0,325","0,300","0,300","0,300","0,300","0,300","0,300","0,325","0,325","0,350","0,350","0,350","0,350","0,375","0,375","0,375","0,375","0,375","0,325","0,375","0,375","0,375","0,375","0,375","0,375","0,375","0,375","0,400","0,400","0,425","0,400","0,400","0,400","0,400","0,400","0,375","0,350","0,350","0,375","0,375","0,375","0,400","0,425","0,425","0,450","0,475","0,475","0,500","0,500","0,500","0,525","0,525","0,550","0,550","0,575","0,600","0,600","0,600","0,625","0,625","0,650","0,650","0,650","0,675","0,675","0,675","0,675","0,725","0,725","0,725","0,650","0,625","0,600","0,675","0,675","0,650","0,650","0,650","0,700","0,650","0,650","0,600","0,575","0,550","0,525","0,525","0,500","0,500","0,475"
BREIC01,8,,"-45,725","-0,400","-0,400","-0,375","-0,375","-0,375","-0,350","-0,350","-0,350","-0,350","-0,350","-0,350","-0,350","-0,350","-0,350","-0,350","-0,350","-0,350","-0,325","-0,350","-0,325","-0,325","-0,350","-0,350","-0,350","-0,350","-0,375","-0,375","-0,375","-0,375","-0,400","-0,425","-0,425","-0,450","-0,450","-0,475","-0,475","-0,500","-0,525","-0,525","-0,525","-0,525","-0,550","-0,550","-0,550","-0,575","-0,575","-0,600","-0,575","-0,575","-0,575","-0,575","-0,575","-0,575","-0,600","-0,600","-0,575","-0,550","-0,550","-0,550","-0,525","-0,525","-0,525","-0,525","-0,500","-0,525","-0,525","-0,525","-0,500","-0,525","-0,525","-0,550","-0,525","-0,525","-0,550","-0,550","-0,525","-0,550","-0,550","-0,550","-0,550","-0,550","-0,550","-0,550","-0,525","-0,525","-0,550","-0,550","-0,550","-0,550","-0,525","-0,500","-0,500","-0,475","-0,475","-0,450","-0,425"
BRR1X,11,,"-120,000","-1,250","-1,250","-1,250","-1,250","-1,250","-1,250","-1,250","-1,250","-1,250","-1,250","-1,250","-1,250","-1,250","-1,250","-1,250","-1,250","-1,250","-1,250","-1,250","-1,250","-1,250","-1,250","-1,250","-1,250","-1,250","-1,250","-1,250","-1,250","-1,250","-1,250","-1,250","-1,250","-1,250","-1,250","-1,250","-1,250","-1,250","-1,250","-1,250","-1,250","-1,250","-1,250","-1,250","-1,250","-1,250","-1,250","-1,250","-1,250","-1,250","-1,250","-1,250","-1,250","-1,250","-1,250","-1,250","-1,250","-1,250","-1,250","-1,250","-1,250","-1,250","-1,250","-1,250","-1,250","-1,250","-1,250","-1,250","-1,250","-1,250","-1,250","-1,250","-1,250","-1,250","-1,250","-1,250","-1,250","-1,250","-1,250","-1,250","-1,250","-1,250","-1,250","-1,250","-1,250","-1,250","-1,250","-1,250","-1,250","-1,250","-1,250","-1,250","-1,250","-1,250","-1,250","-1,250","-1,250"
BRUC,10,,"399,225",,,,,,,,,,,,,,,,,,,,,,,,,,,,,,"0,125","0,475","1,000","1,625","2,475","3,425","1,200","5,325","6,275","7,225","8,050","8,650","9,100","9,400","9,625","9,825","9,475","9,500","9,525","9,575","9,625","9,650","9,700","9,725","9,750","9,750","9,775","9,775","9,775","9,775","9,750","9,725","9,675","9,625","9,575","9,550","9,525","9,525","9,475","9,425","9,375","9,250","8,250","7,000","6,250","6,000","6,000","5,500","5,500","5,250","4,725","3,850","2,925","2,025","1,250","0,700","0,300","0,050",,,,,,,,,
BSGEC01,8,,"-26,450","-0,225","-0,250","-0,250","-0,250","-0,250","-0,225","-0,250","-0,275","-0,325","-0,350","-0,325","-0,325","-0,350","-0,325","-0,325","-0,325","-0,325","-0,325","-0,250","-0,250","-0,250","-0,250","-0,250","-0,250","-0,275","-0,300","-0,325","-0,375","-0,375","-0,375","-0,425","-0,450","-0,375","-0,350","-0,375","-0,350","-0,375","-0,350","-0,300","-0,300","-0,300","-0,300","-0,300","-0,300","-0,300","-0,300","-0,300","-0,275","-0,250","-0,250","-0,250","-0,250","-0,225","-0,250","-0,225","-0,225","-0,225","-0,200","-0,175","-0,150","-0,150","-0,150","-0,150","-0,150","-0,125","-0,150","-0,150","-0,150","-0,150","-0,175","-0,200","-0,225","-0,250","-0,250","-0,275","-0,300","-0,250","-0,300","-0,250","-0,275","-0,300","-0,300","-0,300","-0,325","-0,300","-0,300","-0,300","-0,300","-0,300","-0,325","-0,325","-0,300","-0,300","-0,300","-0,300","-0,300"
BSOUP01,10,,"57,275",,,,,,,,,,,,,,,,,,,,,,,,,,,,,,"0,025","0,050","0,100","0,200","0,300","0,425","0,575","0,750","0,900","1,025","1,150","1,175","1,250","1,275","1,325","1,300","1,325","1,350","1,350","1,350","1,350","1,350","1,325","1,325","1,350","1,350","1,350","1,325","1,325","1,350","1,325","1,325","1,325","1,325","1,275","1,300","1,300","1,300","1,275","1,325","1,275","1,225","1,250","1,250","1,225","1,175","1,150","1,075","0,950","0,800","0,675","0,525","0,375","0,275","0,175","0,100","0,050","0,050",,,,,,,,,
BTRR1,10,,"265,000",,,,,,,,,,,,,,,,,,,,,,,,,,,"0,050","0,125","0,500","0,950","1,575","2,350","2,950","3,500","4,300","5,000","5,125","5,875","6,300","6,550","3,350","3,350","3,475","3,500","4,525","4,525","4,475","4,550","4,600","4,750","4,775","4,725","4,800","4,825","4,800","4,850","4,800","4,700","4,725","4,775","5,000","4,975","4,950","4,950","4,950","4,950","4,900","4,875","4,850","4,975","4,900","4,800","9,775","9,600","9,450","9,150","6,875","6,000","5,050","4,325","3,250","2,950","2,200","1,725","0,850","0,550","0,150",,,,,,,,,
BTRR2,10,,"266,625",,,,,,,,,,,,,,,,,,,,,,,,,,,"0,050","0,100","0,200","0,625","1,100","1,650","2,250","2,825","3,450","4,400","5,050","6,175","7,000","7,075","3,550","3,600","3,600","3,600","4,575","4,600","4,575","4,650","4,750","4,750","4,775","4,800","4,825","4,900","4,975","4,950","4,875","4,750","4,875","4,925","4,850","5,025","4,850","4,900","4,850","4,950","4,925","4,925","4,800","4,850","4,825","4,800","9,700","9,700","9,525","9,375","7,075","6,475","5,700","4,825","3,675","3,125","2,300","1,800","1,150","0,600","0,200",,,,,,,,,
BTRR3,10,,"251,325",,,,,,,,,,,,,,,,,,,,,,,,,,,"0,025","0,025","0,225","0,450","0,850","1,475","2,175","3,000","3,525","4,250","5,275","6,150","6,725","6,950","3,400","3,625","3,550","3,550","4,550","4,250","4,275","4,325","4,450","4,500","4,500","4,575","4,600","4,650","4,600","4,575","4,600","4,525","4,575","4,600","4,625","4,675","4,725","4,600","4,500","4,475","4,450","4,475","4,450","4,475","4,475","4,450","9,100","9,125","9,075","8,950","6,875","6,250","4,975","4,575","3,275","2,600","1,950","1,325","0,825","0,525","0,150",,,,,,,,,
BYDETIC,2,,"13,450","0,225","0,225","0,225","0,225","0,225","0,225","0,225","0,225","0,225","0,225","0,225","0,225","0,225","0,225","0,225","0,225","0,225","0,225","0,225","0,225","0,225","0,225","0,225","0,225","0,225","0,225","0,225","0,225","0,225","0,225","0,225","0,225","0,225","0,225","0,225","0,225","0,125","0,125","0,125","0,050","0,075",,,,,,,,,,,,,,,,,,,,,,,,,,,,,"0,025","0,100","0,125","0,125","0,125","0,125","0,125","0,125","0,125","0,125","0,125","0,225","0,225","0,225","0,225","0,225","0,225","0,225","0,225","0,225","0,225","0,225","0,225","0,225","0,225","0,225","0,225"
BYENC01,8,,"-190,500","-1,600","-1,600","-1,600","-1,600","-1,600","-1,600","-1,600","-1,600","-1,500","-1,500","-1,600","-1,500","-1,500","-1,600","-1,600","-1,500","-1,500","-1,500","-1,500","-1,500","-1,500","-1,500","-1,500","-1,600","-1,600","-1,700","-1,700","-1,800","-2,000","-2,000","-2,000","-2,000","-2,200","-2,200","-2,200","-2,200","-2,400","-2,400","-2,400","-2,400","-2,400","-2,400","-2,400","-2,400","-2,400","-2,400","-2,400","-2,400","-2,400","-2,400","-2,400","-2,400","-2,400","-2,400","-2,300","-2,300","-2,200","-2,100","-2,100","-2,200","-2,100","-2,100","-2,100","-2,100","-2,100","-2,100","-2,100","-2,100","-2,100","-2,100","-2,100","-2,100","-2,000","-2,100","-2,100","-2,100","-2,000","-2,100","-2,100","-2,100","-2,100","-2,100","-2,100","-2,100","-2,000","-2,000","-2,000","-2,000","-2,100","-2,000","-1,900","-1,900","-1,900","-1,800","-1,800","-1,700"
CADLC01,8,,"-174,225",,,,,,,,,,,,,,,,,,,,,,,,,,,,,,,,,,,"-7,625","-7,775","-7,950","-8,100","-8,250","-8,350","-8,700",,,,,,,,,,,,,,,,,,,,,,,,,,"-8,225","-8,200","-8,325","-8,300","-8,300","-8,300","-8,325","-8,325","-8,375","-8,450","-8,525","-8,575","-8,650","-8,600",,,,,,,,,,,,,,,,
CALEC01,7,,"-78,000","-0,775","-0,775","-0,775","-0,775","-0,775","-0,775","-0,775","-0,775","-0,775","-0,775","-0,775","-0,775","-0,775","-0,775","-0,775","-0,775","-0,775","-0,775","-0,775","-0,775","-0,750","-0,750","-0,750","-0,750","-0,800","-0,800","-0,800","-0,800","-0,850","-0,850","-0,850","-0,850","-0,850","-0,850","-0,850","-0,850","-0,850","-0,850","-0,850","-0,850","-0,825","-0,825","-0,825","-0,825","-0,800","-0,800","-0,800","-0,800","-0,800","-0,800","-0,800","-0,800","-0,775","-0,775","-0,775","-0,775","-0,800","-0,800","-0,800","-0,800","-0,850","-0,850","-0,850","-0,850","-0,875","-0,875","-0,875","-0,875","-0,875","-0,875","-0,875","-0,875","-0,875","-0,875","-0,875","-0,875","-0,875","-0,875","-0,875","-0,875","-0,825","-0,825","-0,825","-0,825","-0,775","-0,775","-0,775","-0,775","-0,775","-0,775","-0,775","-0,775","-0,800","-0,800","-0,800","-0,800"
CAMCC01,8,,"-1,500","0,000","0,000","0,000","0,000","0,000","0,000","0,000","0,000","0,000","0,000","0,000","0,000","0,000","0,000","0,000","0,000","0,000","0,000","0,000","0,000","0,000","0,000","0,000","0,000","0,000","0,000","0,000","0,000","0,000","0,000","0,000","0,000","0,000","0,000","0,000","0,000","-0,025","-0,025","-0,025","-0,025","-0,025","-0,025","-0,025","-0,025","-0,025","-0,025","-0,025","-0,025","-0,025","-0,025","-0,025","-0,025","-0,025","-0,025","-0,025","-0,025","-0,025","-0,025","-0,025","-0,025","-0,025","-0,025","-0,025","-0,025","-0,025","-0,025","-0,025","-0,025","-0,025","-0,025","-0,025","-0,025","-0,025","-0,025","-0,025","-0,025","-0,025","-0,025","-0,025","-0,025","-0,025","-0,025","-0,025","-0,025","-0,025","-0,025","-0,025","-0,025","-0,025","-0,025","-0,025","-0,025","-0,025","-0,025","-0,025","-0,025"
CAMGI10,1,,"3034,000","37,925","37,925","37,925","37,925","37,925","37,925","37,925","37,925","37,925","37,925","37,925","37,925","37,925","37,925","37,925","37,925","37,925","37,925","37,925","37,925","37,925","37,925","37,925","37,925","37,925","37,925","37,925","37,925","37,925","37,925","37,925","37,925","37,925","37,925","37,925","37,925","37,925","37,925","37,925","37,925","37,925","37,925","37,925","37,925","37,925","37,925","37,925","37,925","37,925","37,925","37,925","37,925","37,925","37,925","37,925","37,925","37,925","37,925","37,925","37,925","37,925","37,925","37,925","37,925","37,925","37,925","37,925","37,925","37,925","37,925","37,925","37,925","37,925","37,925","37,925","37,925","37,925","37,925","37,925","37,925",,,,,,,,,,,,,,,,
CANTI44,10,,"49,275",,,,,,,,,,,,,,,,,,,,,,,,,,,,,,"0,050","0,100","0,175","0,250","0,375","0,475","0,600","0,725","0,850","0,925","1,000","1,050","1,100","1,125","1,125","1,150","1,150","1,150","1,150","1,175","1,175","1,175","1,175","1,175","1,175","1,200","1,200","1,175","1,175","1,175","1,200","1,200","1,200","1,200","1,175","1,175","1,175","1,175","1,150","1,150","1,150","1,000","1,000","0,750","0,750","0,750","0,750","0,750","0,750","0,650","0,550","0,425","0,300","0,200","0,125","0,050","0,025",,,,,,,,,,
CANXC01,7,,"-92,000","-1,125","-1,150","-1,125","-1,100","-1,100","-1,075","-1,050","-1,100","-1,075","-1,050","-1,050","-1,075","-1,050","-1,100","-1,075","-1,075","-1,050","-1,075","-1,050","-1,050","-1,050","-1,075","-1,050","-1,050","-1,000","-1,000","-1,000","-1,000","-1,000","-1,000","-1,000","-1,000","-1,025","-1,025","-1,000","-1,000","-0,950","-0,900","-0,900","-0,850","-0,825","-0,800","-0,775","-0,750","-0,775","-0,775","-0,775","-0,775","-0,775","-0,775","-0,750","-0,725","-0,675","-0,700","-0,700","-0,700","-0,700","-0,700","-0,750","-0,750","-0,775","-0,775","-0,775","-0,800","-0,850","-0,850","-0,850","-0,875","-0,850","-0,875","-0,900","-0,950","-0,950","-0,950","-0,975","-0,950","-0,975","-1,025","-1,050","-1,100","-1,075","-1,050","-1,100","-1,100","-1,100","-1,125","-1,100","-1,125","-1,100","-1,125","-1,100","-1,100","-1,100","-1,075","-1,075","-1,025"
CARRA,2,,"12,450",,,,,,,,,,,,,,,,,,,,,,,,,,,,,,,,"0,050",,,,,,,,"0,325",,,,"0,500",,,,,"0,650","0,650","0,675",,"0,675","0,675","0,675","0,675",,,,,"0,675","0,675","0,650","0,650","0,625","0,625","0,600","0,550",,,,,,,"0,275","0,250","0,200","0,775","0,125","0,100","0,075",,"0,025","0,025",,,,,,,,,,,,
CASAC01,7,,"-8,100","-0,025",,"-0,025",,"-0,025",,"-0,025",,"-0,025",,"-0,025",,"-0,025",,"-0,025",,"-0,025",,"-0,025",,"-0,025",,"-0,025",,"-0,075","-0,075","-0,075","-0,075","-0,100","-0,100","-0,100","-0,100","-0,125","-0,125","-0,125","-0,125","-0,150","-0,150","-0,150","-0,150","-0,150","-0,150","-0,150","-0,150","-0,150","-0,150","-0,150","-0,150","-0,150","-0,150","-0,150","-0,150","-0,150","-0,150","-0,150","-0,150","-0,125","-0,125","-0,125","-0,125","-0,150","-0,150","-0,150","-0,150","-0,150","-0,150","-0,150","-0,150","-0,100","-0,100","-0,100","-0,100","-0,100","-0,100","-0,100","-0,100","-0,100","-0,100","-0,100","-0,100","-0,100","-0,100","-0,100","-0,100","-0,075","-0,075","-0,075","-0,075",,,,,,,,
CASMON,10,,"6,025",,,,,,,,,,,,,,,,,,,,,,,,,,,,,"0,025","0,075","0,125","0,200","0,275","0,375","0,475",,"0,600",,,,,,,,,,,,,,,,,,,,,,,,,,,,,,,,,,,,,,"0,550","0,550","0,525","0,500","0,425","0,400","0,325","0,250","0,175","0,100","0,050","0,025",,,,,,,,,,
CATGC01,8,,"-94,550","-0,150","-0,350","-0,325","-0,325","-0,300","-0,275","-0,275","-0,525","-0,525","-0,500","-0,500","-0,500","-0,500","-0,500","-0,500","-0,500","-0,500","-0,500","-0,250","-0,250","-0,250","-0,250","-0,100","-0,100","-0,100",,,,,,,"-0,150","-0,150","-0,800","-0,800","-1,600","-1,650","-1,725","-1,725","-1,725","-1,775","-1,775","-1,775","-1,775","-1,775","-1,775","-1,775","-1,775","-1,800","-1,800","-1,800","-1,850","-1,900","-1,900","-1,900","-1,900","-1,850","-1,850","-1,850","-1,850","-1,850","-1,850","-1,850","-1,850","-1,800","-1,800","-1,800","-1,800","-1,850","-1,850","-1,850","-1,850","-1,850","-1,850","-1,850","-1,850","-1,900","-0,500","-1,000","-1,000","-2,000","-0,500","-0,500","-0,200","-0,525","-0,200",,,,,"-0,175","-0,175","-0,175","-0,150","-0,150","-0,375"
CATRAL1,10,,"1,875",,,,,,,,,,,,,,,,,,,,,,,,,,,,,,,,"0,025","0,025","0,025","0,050","0,075","0,075","0,100","0,125",,,,,,,,,,,,,,,,,,,,,,,,,,,,,,,,,"0,200","0,200","0,200","0,175","0,150","0,125","0,100","0,075","0,050","0,025","0,025","0,025","0,025",,,,,,,,,,,,
CATRAL2,2,,"3,950",,,,,,,,,,,,,,,,,,,,,,,,,,,,,,,,"0,025","0,025","0,025","0,025","0,050","0,050","0,050","0,050","0,075","0,075","0,075","0,075","0,100","0,100","0,100","0,100","0,100","0,100","0,100","0,100","0,100","0,125","0,125","0,125","0,125","0,125","0,125","0,125","0,125","0,125","0,100","0,100","0,100","0,100","0,100","0,100","0,100","0,075","0,075","0,075","0,075","0,075","0,050","0,050","0,050","0,025","0,025","0,025","0,025",,,,,,,,,,,,,,,,
CATRC01,8,,"-15,375","-0,150","-0,150","-0,125","-0,125","-0,125","-0,125","-0,125","-0,100","-0,125","-0,125","-0,125","-0,125","-0,125","-0,125","-0,125","-0,100","-0,100","-0,100","-0,100","-0,100","-0,100","-0,100","-0,100","-0,100","-0,125","-0,125","-0,125","-0,125","-0,150","-0,150","-0,125","-0,150","-0,150","-0,175","-0,175","-0,175","-0,175","-0,175","-0,175","-0,200","-0,175","-0,175","-0,175","-0,175","-0,175","-0,175","-0,175","-0,200","-0,200","-0,200","-0,200","-0,200","-0,175","-0,200","-0,200","-0,175","-0,175","-0,175","-0,175","-0,175","-0,150","-0,150","-0,150","-0,150","-0,175","-0,200","-0,200","-0,200","-0,175","-0,175","-0,175","-0,175","-0,175","-0,175","-0,175","-0,175","-0,175","-0,175","-0,175","-0,175","-0,200","-0,200","-0,175","-0,175","-0,200","-0,200","-0,200","-0,200","-0,200","-0,200","-0,175","-0,200","-0,175","-0,150","-0,150","-0,150"
CCASC01,8,,"-28,800","-0,750","-0,750","-0,750","-0,750","-0,700","-0,700","-0,700","-0,700","-0,650","-0,650","-0,650","-0,650","-0,600","-0,600","-0,600","-0,600","-0,550","-0,550","-0,550","-0,550","-0,525","-0,525","-0,525","-0,525","-0,525","-0,525","-0,525","-0,525","-0,425","-0,425","-0,425","-0,425",,,,,,,,,,,,,,,,,,,,,,,,,,,,,,,,,,,,,,,,,,,,,,,,,"-0,475","-0,475","-0,475","-0,475","-0,725","-0,725","-0,725","-0,725","-0,700","-0,700","-0,700","-0,700","-0,575","-0,575","-0,575","-0,575"
CCATC01,8,,"-14,025","-0,125","-0,125","-0,125","-0,125","-0,125","-0,125","-0,125","-0,125","-0,100","-0,100","-0,100","-0,100","-0,100","-0,100","-0,100","-0,100","-0,100","-0,100","-0,100","-0,100","-0,100","-0,100","-0,100","-0,100","-0,100","-0,100","-0,100","-0,100","-0,100","-0,100","-0,125","-0,125","-0,125","-0,125","-0,125","-0,125","-0,125","-0,125","-0,125","-0,125","-0,150","-0,150","-0,150","-0,150","-0,150","-0,150","-0,150","-0,150","-0,150","-0,150","-0,150","-0,150","-0,175","-0,175","-0,175","-0,175","-0,175","-0,175","-0,175","-0,175","-0,175","-0,175","-0,175","-0,175","-0,150","-0,150","-0,150","-0,150","-0,175","-0,175","-0,175","-0,175","-0,175","-0,175","-0,175","-0,175","-0,175","-0,175","-0,175","-0,175","-0,175","-0,175","-0,200","-0,200","-0,200","-0,200","-0,200","-0,200","-0,200","-0,200","-0,200","-0,175","-0,175","-0,175","-0,150","-0,150"
CD02R01,7,,"-22,100","-0,100","-0,100","-0,100","-0,100","-0,100","-0,100","-0,100","-0,100","-0,100","-0,100","-0,100","-0,100","-0,100","-0,100","-0,100","-0,100","-0,275","-0,275","-0,275","-0,275","-0,275","-0,275","-0,275","-0,275","-0,275","-0,275","-0,275","-0,275","-0,275","-0,275","-0,275","-0,275","-0,250","-0,250","-0,250","-0,250","-0,275","-0,275","-0,275","-0,275","-0,275","-0,275","-0,275","-0,275","-0,275","-0,275","-0,275","-0,275","-0,275","-0,275","-0,275","-0,275","-0,275","-0,275","-0,275","-0,275","-0,275","-0,275","-0,275","-0,275","-0,275","-0,275","-0,275","-0,275","-0,275","-0,275","-0,275","-0,275","-0,275","-0,275","-0,275","-0,275","-0,275","-0,275","-0,275","-0,275","-0,275","-0,275","-0,275","-0,275","-0,275","-0,275","-0,275","-0,275","-0,275","-0,275","-0,275","-0,275","-0,100","-0,100","-0,100","-0,100","-0,100","-0,100","-0,100","-0,100"
CD03R01,7,,"-1891,000","-19,775","-19,775","-19,775","-19,775","-19,600","-19,600","-19,600","-19,600","-19,525","-19,525","-19,525","-19,525","-19,525","-19,525","-19,525","-19,525","-19,450","-19,450","-19,450","-19,450","-19,550","-19,550","-19,550","-19,550","-19,700","-19,700","-19,700","-19,700","-19,525","-19,525","-19,525","-19,525","-19,350","-19,350","-19,350","-19,350","-19,225","-19,225","-19,225","-19,225","-19,400","-19,400","-19,400","-19,400","-19,475","-19,475","-19,475","-19,475","-19,750","-19,750","-19,750","-19,750","-19,700","-19,700","-19,700","-19,700","-19,575","-19,575","-19,575","-19,575","-19,525","-19,525","-19,525","-19,525","-19,625","-19,625","-19,625","-19,625","-19,800","-19,800","-19,800","-19,800","-19,900","-19,900","-19,900","-19,900","-20,000","-20,000","-20,000","-20,000","-19,875","-19,875","-19,875","-19,875","-20,175","-20,175","-20,175","-20,175","-20,300","-20,300","-20,300","-20,300","-20,425","-20,425","-20,425","-20,425"
CD04R01,7,,"-498,500","-1,325","-1,325","-1,325","-1,325","-1,325","-1,325","-1,325","-1,325","-1,325","-1,325","-1,325","-1,325","-1,325","-1,325","-1,325","-1,325","-1,325","-1,325","-1,325","-1,325","-1,325","-1,325","-1,325","-1,325","-9,500","-9,500","-9,500","-9,500","-9,450","-9,450","-9,450","-9,450","-9,450","-9,450","-9,450","-9,450","-9,450","-9,450","-9,450","-9,450","-9,475","-9,475","-9,475","-9,475","-9,475","-9,475","-9,475","-9,475","-9,475","-9,475","-9,475","-9,475","-9,450","-9,450","-9,450","-9,450","-9,475","-9,475","-9,475","-9,475","-9,475","-9,475","-9,475","-9,475","-9,475","-9,475","-9,475","-9,475","-4,050","-4,050","-4,050","-4,050","-1,850","-1,850","-1,850","-1,850","-1,325","-1,325","-1,325","-1,325","-1,325","-1,325","-1,325","-1,325","-1,325","-1,325","-1,325","-1,325","-1,325","-1,325","-1,325","-1,325","-1,325","-1,325","-1,325","-1,325"
CD05R01,7,,"-437,700","-4,575","-4,575","-4,575","-4,575","-4,575","-4,575","-4,575","-4,575","-4,575","-4,575","-4,575","-4,575","-4,575","-4,575","-4,575","-4,575","-4,575","-4,575","-4,575","-4,575","-4,575","-4,575","-4,575","-4,575","-4,550","-4,550","-4,550","-4,550","-4,550","-4,550","-4,550","-4,550","-4,550","-4,550","-4,550","-4,550","-4,550","-4,550","-4,550","-4,550","-4,550","-4,550","-4,550","-4,550","-4,550","-4,550","-4,550","-4,550","-4,550","-4,550","-4,550","-4,550","-4,550","-4,550","-4,550","-4,550","-4,550","-4,550","-4,550","-4,550","-4,550","-4,550","-4,550","-4,550","-4,550","-4,550","-4,550","-4,550","-4,550","-4,550","-4,550","-4,550","-4,550","-4,550","-4,550","-4,550","-4,550","-4,550","-4,550","-4,550","-4,550","-4,550","-4,550","-4,550","-4,575","-4,575","-4,575","-4,575","-4,575","-4,575","-4,575","-4,575","-4,575","-4,575","-4,575","-4,575"
CD06R01,7,,"-91,150",,,,,,,,,,,,,,,,,,,,,,,,,,,,,,,,,,,,,,,,"-3,000","-2,925","-2,925","-2,925","-2,925","-2,850","-2,850","-2,850","-2,850","-2,850","-2,850","-2,850","-2,850","-2,800","-2,800","-2,800","-2,800","-2,825","-2,825","-2,825","-2,825","-2,825","-2,825","-2,825","-2,825","-2,825","-2,825","-2,825","-2,825","-2,850","-2,850","-2,850",,,,,,,,,,,,,,,,,,,,,,,,,
CEBAC01,8,,"-37,575","-0,350","-0,350","-0,325","-0,325","-0,325","-0,325","-0,325","-0,300","-0,300","-0,300","-0,300","-0,275","-0,275","-0,275","-0,250","-0,250","-0,275","-0,275","-0,275","-0,275","-0,275","-0,275","-0,275","-0,275","-0,300","-0,300","-0,300","-0,325","-0,325","-0,325","-0,325","-0,325","-0,325","-0,325","-0,325","-0,325","-0,325","-0,325","-0,325","-0,325","-0,325","-0,325","-0,350","-0,350","-0,350","-0,350","-0,375","-0,375","-0,375","-0,400","-0,400","-0,425","-0,425","-0,425","-0,450","-0,475","-0,500","-0,500","-0,525","-0,525","-0,500","-0,500","-0,500","-0,500","-0,450","-0,450","-0,450","-0,450","-0,475","-0,475","-0,475","-0,475","-0,475","-0,475","-0,475","-0,450","-0,450","-0,450","-0,450","-0,450","-0,475","-0,475","-0,500","-0,500","-0,525","-0,525","-0,525","-0,525","-0,525","-0,500","-0,500","-0,475","-0,475","-0,450","-0,425","-0,400"
CEDC01,8,,"-76,625","-0,775","-0,800","-0,775","-0,775","-0,750","-0,750","-0,725","-0,750","-0,725","-0,725","-0,725","-0,725","-0,725","-0,700","-0,700","-0,700","-0,675","-0,700","-0,700","-0,675","-0,725","-0,725","-0,700","-0,750","-0,850","-0,850","-0,875","-0,875","-0,950","-0,950","-0,950","-0,975","-0,850","-0,850","-0,850","-0,825","-0,875","-0,875","-0,875","-0,875","-0,875","-0,850","-0,850","-0,850","-0,850","-0,850","-0,825","-0,825","-0,850","-0,850","-0,825","-0,825","-0,825","-0,800","-0,800","-0,825","-0,800","-0,800","-0,800","-0,775","-0,775","-0,750","-0,750","-0,775","-0,775","-0,775","-0,750","-0,750","-0,775","-0,750","-0,800","-0,800","-0,775","-0,775","-0,775","-0,775","-0,850","-0,850","-0,850","-0,875","-0,875","-0,875","-0,875","-0,850","-0,900","-0,875","-0,800","-0,800","-0,775","-0,750","-0,775","-0,775","-0,700","-0,700","-0,700","-0,675"
CEEEC01,8,,"-1576,125","-12,900","-12,800","-12,425","-12,175","-12,050","-11,800","-11,600","-11,375","-11,350","-11,200","-11,125","-11,050","-11,025","-10,875","-10,900","-10,925","-10,850","-10,825","-10,725","-10,750","-10,850","-10,925","-11,300","-11,775","-12,800","-13,550","-14,025","-14,675","-15,725","-16,425","-16,975","-17,300","-17,725","-18,000","-18,325","-18,600","-19,075","-19,275","-19,325","-19,375","-19,625","-19,725","-19,900","-20,025","-20,275","-20,575","-20,700","-20,800","-21,075","-21,150","-21,100","-20,800","-20,550","-20,675","-20,500","-19,950","-19,525","-19,525","-19,300","-19,000","-18,800","-18,625","-18,650","-18,600","-18,675","-18,700","-18,625","-18,625","-18,650","-18,550","-18,450","-18,100","-17,875","-17,875","-17,925","-17,950","-17,900","-17,925","-17,925","-17,975","-17,925","-17,925","-17,800","-17,725","-17,625","-17,450","-17,175","-16,850","-16,450","-16,100","-15,675","-15,200","-14,800","-14,375","-13,800","-13,325"
CELSC01,7,,"-59,600","-0,350","-0,350","-0,350","-0,350","-0,350","-0,350","-0,350","-0,350","-0,300","-0,300","-0,300","-0,300","-0,350","-0,350","-0,350","-0,350","-0,350","-0,350","-0,350","-0,350","-0,325","-0,325","-0,325","-0,325","-0,900","-0,900","-0,900","-0,900","-0,975","-0,975","-0,975","-0,975","-1,000","-1,000","-1,000","-1,000","-0,950","-0,950","-0,950","-0,950","-0,975","-0,975","-0,975","-0,975","-1,000","-1,000","-1,000","-1,000","-0,975","-0,975","-0,975","-0,975","-0,825","-0,825","-0,825","-0,825","-0,950","-0,950","-0,950","-0,950","-0,975","-0,975","-0,975","-0,975","-0,500","-0,500","-0,500","-0,500","-0,475","-0,475","-0,475","-0,475","-0,425","-0,425","-0,425","-0,425","-0,450","-0,450","-0,450","-0,450","-0,450","-0,450","-0,450","-0,450","-0,375","-0,375","-0,375","-0,375","-0,325","-0,325","-0,325","-0,325","-0,350","-0,350","-0,350","-0,350"
CEMEC01,8,,"-32,700",,,,,,,,,,,,,,,,,,,,,,,,,,,,,,,,,,,,,,,,,"-0,850","-0,850","-0,850","-0,850","-0,900","-0,900","-0,900","-0,900","-0,925","-0,925","-0,925","-0,925","-0,975","-0,975","-0,975","-0,975","-0,950","-0,950","-0,950","-0,950","-0,925","-0,925","-0,925","-0,925","-0,900","-0,900","-0,900","-0,900","-0,875","-0,875","-0,875","-0,875","-0,875","-0,875","-0,875","-0,875",,,,,,,,,,,,,,,,,,,,
CENTC01,8,,"-5758,725","-60,750","-60,375","-60,050","-59,775","-59,525","-59,250","-59,000","-58,725","-33,425","-33,175","-32,975","-32,825","-32,725","-32,575","-32,475","-32,400","-32,175","-32,125","-32,225","-32,525","-32,550","-32,825","-33,600","-34,850","-59,500","-60,775","-61,975","-63,100","-64,250","-65,375","-66,375","-67,200","-68,025","-68,875","-69,600","-70,250","-70,950","-71,600","-72,100","-72,450","-72,675","-73,000","-73,300","-73,550","-73,725","-73,950","-74,200","-74,450","-74,700","-74,950","-75,175","-75,400","-76,100","-76,300","-75,950","-74,975","-73,100","-72,175","-71,525","-71,175","-71,100","-70,750","-70,525","-70,450","-70,675","-70,600","-70,525","-70,475","-70,525","-70,475","-70,350","-70,125","-69,550","-69,325","-69,225","-69,200","-69,200","-69,200","-69,200","-69,225","-69,450","-69,475","-64,775","-46,375","-46,000","-45,600","-44,900","-43,900","-42,475","-41,500","-40,525","-39,600","-38,500","-51,075","-59,350","-58,850"
CERLC01,7,,"-10,075","-0,100","-0,100","-0,100","-0,100","-0,100","-0,100","-0,100","-0,100","-0,100","-0,100","-0,100","-0,100","-0,100","-0,100","-0,100","-0,100","-0,125","-0,125","-0,100","-0,125","-0,125","-0,125","-0,125","-0,125","-0,125","-0,125","-0,125","-0,125","-0,125","-0,125","-0,125","-0,125","-0,125","-0,125","-0,125","-0,100","-0,125","-0,125","-0,100","-0,100","-0,100","-0,075","-0,075","-0,075","-0,075","-0,075","-0,050","-0,050","-0,050","-0,050","-0,050","-0,050","-0,050","-0,050","-0,050","-0,050","-0,050","-0,050","-0,050","-0,050","-0,050","-0,075","-0,075","-0,075","-0,075","-0,075","-0,075","-0,075","-0,100","-0,100","-0,100","-0,100","-0,100","-0,125","-0,125","-0,125","-0,125","-0,150","-0,150","-0,150","-0,150","-0,150","-0,150","-0,150","-0,150","-0,150","-0,150","-0,150","-0,150","-0,175","-0,175","-0,150","-0,150","-0,125","-0,125","-0,125"
CERVUP,2,,"1,075",,,,,,,,,,,,,,,,,,,,,,,,,,,,,,"0,025","0,025","0,025","0,050","0,050","0,050",,"0,075",,,,,,,,,,,,,,,,,,,,,,,,,,,,,,,,,,,,,,"0,175","0,150","0,125","0,100","0,075","0,050","0,050","0,025","0,025",,,,,,,,,,,,,
CESOC01,8,,"-3,000","-0,025","-0,025","-0,025","-0,025","-0,025","-0,025","-0,025","-0,025","-0,025","-0,025","-0,025","-0,025","-0,025","-0,025","-0,025","-0,025","-0,025","-0,025","-0,025","-0,025","-0,025","-0,025","-0,025","-0,025","-0,025","-0,025","-0,025","-0,025","-0,025","-0,025","-0,025","-0,025","-0,025","-0,025","-0,025","-0,025","-0,025","-0,025","-0,025","-0,025","-0,050","-0,050","-0,050","-0,050","-0,050","-0,050","-0,050","-0,050","-0,050","-0,050","-0,050","-0,050","-0,050","-0,050","-0,050","-0,050","-0,050","-0,050","-0,050","-0,050","-0,050","-0,050","-0,050","-0,050","-0,025","-0,025","-0,025","-0,025","-0,025","-0,025","-0,025","-0,025","-0,025","-0,025","-0,025","-0,025","-0,025","-0,025","-0,025","-0,025","-0,025","-0,025","-0,025","-0,025","-0,025","-0,025","-0,025","-0,025","-0,025","-0,025","-0,025","-0,025","-0,025","-0,025","-0,025","-0,025"
CHANC01,8,,"-3,525","-0,025","-0,025","-0,025","-0,025","-0,025","-0,025","-0,025","-0,025","-0,025","-0,025","-0,025","-0,025","-0,025","-0,025","-0,025","-0,025","-0,025","-0,025","-0,025","-0,025","-0,025","-0,025","-0,025","-0,025","-0,025","-0,025","-0,025","-0,025","-0,025","-0,025","-0,025","-0,025","-0,025","-0,025","-0,025","-0,025","-0,025","-0,025","-0,025","-0,025","-0,025","-0,025","-0,025","-0,025","-0,025","-0,025","-0,025","-0,025","-0,025","-0,025","-0,050","-0,050","-0,050","-0,050","-0,050","-0,050","-0,050","-0,050","-0,050","-0,050","-0,050","-0,050","-0,050","-0,050","-0,050","-0,050","-0,050","-0,050","-0,050","-0,050","-0,050","-0,050","-0,050","-0,050","-0,050","-0,050","-0,050","-0,050","-0,050","-0,050","-0,050","-0,050","-0,050","-0,050","-0,050","-0,050","-0,050","-0,050","-0,050","-0,050","-0,050","-0,050","-0,050","-0,050","-0,050","-0,025"
CHCC01,8,,"-1717,150","-17,500","-17,500","-17,200","-16,625","-16,225","-15,650","-15,225","-14,900","-14,975","-14,650","-14,400","-14,175","-14,125","-13,925","-13,775","-13,675","-13,725","-13,625","-13,575","-13,575","-13,575","-13,575","-13,675","-14,050","-13,750","-14,150","-14,400","-14,725","-14,675","-15,000","-15,400","-15,925","-16,350","-16,875","-17,250","-17,525","-17,650","-17,925","-18,100","-18,225","-18,250","-18,350","-18,475","-18,625","-18,475","-18,600","-18,800","-19,050","-18,900","-19,150","-19,450","-19,800","-19,550","-19,925","-20,125","-20,200","-19,675","-19,750","-19,625","-19,350","-19,150","-18,875","-18,675","-18,525","-18,725","-18,575","-18,525","-18,600","-18,900","-18,950","-19,025","-19,125","-19,300","-19,400","-19,500","-19,625","-19,825","-19,950","-20,075","-20,250","-20,200","-20,350","-20,600","-20,975","-21,000","-21,375","-21,675","-21,950","-22,275","-22,525","-22,325","-21,675","-20,825","-20,175","-19,850","-19,850"
CHCOC01,8,,"-398,800","-4,000","-4,000","-4,000","-4,000","-3,425","-3,425","-3,425","-3,425","-3,075","-3,075","-3,075","-3,075","-2,900","-2,900","-2,900","-2,900","-2,775","-2,775","-2,775","-2,775","-2,725","-2,725","-2,725","-2,725","-2,825","-2,825","-2,825","-2,825","-3,175","-3,175","-3,175","-3,175","-3,500","-3,500","-3,500","-3,500","-3,575","-3,575","-3,575","-3,575","-3,600","-3,600","-3,600","-3,600","-3,825","-3,825","-3,825","-3,825","-4,250","-4,250","-4,250","-4,250","-5,050","-5,050","-5,050","-5,050","-5,675","-5,675","-5,675","-5,675","-5,375","-5,375","-5,375","-5,375","-4,975","-4,975","-4,975","-4,975","-4,850","-4,850","-4,850","-4,850","-4,750","-4,750","-4,750","-4,750","-4,675","-4,675","-4,675","-4,675","-4,800","-4,800","-4,800","-4,800","-5,275","-5,275","-5,275","-5,275","-5,600","-5,600","-5,600","-5,600","-5,025","-5,025","-5,025","-5,025"
CHENC01,8,,"-4,225","-0,050","-0,050","-0,050","-0,025","-0,025","-0,025","-0,025","-0,025","-0,025","-0,025","-0,025","-0,025","-0,025","-0,025","-0,025","-0,025","-0,025","-0,025","-0,025","-0,025","-0,025","-0,025","-0,025","-0,025","-0,025","-0,025","-0,050","-0,050","-0,050","-0,050","-0,050","-0,050","-0,050","-0,050","-0,050","-0,050","-0,050","-0,050","-0,050","-0,050","-0,050","-0,050","-0,050","-0,050","-0,050","-0,050","-0,050","-0,050","-0,050","-0,050","-0,050","-0,050","-0,050","-0,050","-0,050","-0,050","-0,050","-0,050","-0,050","-0,050","-0,050","-0,050","-0,050","-0,050","-0,050","-0,050","-0,050","-0,050","-0,050","-0,050","-0,050","-0,050","-0,050","-0,050","-0,050","-0,050","-0,050","-0,050","-0,050","-0,050","-0,050","-0,050","-0,050","-0,050","-0,050","-0,050","-0,050","-0,050","-0,050","-0,050","-0,050","-0,050","-0,050","-0,050","-0,050","-0,050"
CHIPB,3,,"-264,000",,,,,,,,,,,,,,,,,,,,,,,,,,,,,,,,,,,,,,,,,"-8,250","-8,250","-8,250","-8,250","-8,250","-8,250","-8,250","-8,250","-8,250","-8,250","-8,250","-8,250","-8,250","-8,250","-8,250","-8,250","-8,250","-8,250","-8,250","-8,250","-8,250","-8,250","-8,250","-8,250","-8,250","-8,250","-8,250","-8,250","-8,250","-8,250","-8,250","-8,250",,,,,,,,,,,,,,,,,,,,,,,,
CHIPG,1,,"84,000",,,,,,,,,,,,,,,,,,,,,,,,,,,,,,,,,,,,,,,,,,,,,,,,,,,,,,,,,,,,,,,,,,,,,,,,,,,,,,,,,,,,,"7,000","7,000","7,000","7,000","7,000","7,000","7,000","7,000","7,000","7,000","7,000","7,000"
CHISC01,8,,"-2,400","-0,025","-0,025","-0,025","-0,025","-0,025","-0,025","-0,025","-0,025","-0,025","-0,025","-0,025","-0,025","-0,025","-0,025","-0,025","-0,025","-0,025","-0,025","-0,025","-0,025","-0,025","-0,025","-0,025","-0,025","-0,025","-0,025","-0,025","-0,025","-0,025","-0,025","-0,025","-0,025","-0,025","-0,025","-0,025","-0,025","-0,025","-0,025","-0,025","-0,025","-0,025","-0,025","-0,025","-0,025","-0,025","-0,025","-0,025","-0,025","-0,025","-0,025","-0,025","-0,025","-0,025","-0,025","-0,025","-0,025","-0,025","-0,025","-0,025","-0,025","-0,025","-0,025","-0,025","-0,025","-0,025","-0,025","-0,025","-0,025","-0,025","-0,025","-0,025","-0,025","-0,025","-0,025","-0,025","-0,025","-0,025","-0,025","-0,025","-0,025","-0,025","-0,025","-0,025","-0,025","-0,025","-0,025","-0,025","-0,025","-0,025","-0,025","-0,025","-0,025","-0,025","-0,025","-0,025","-0,025"
CHURC01,7,,"-23,900",,,,,,,,,,,,,,,,,,,,,,,,,"-0,025","-0,025","-0,025","-0,025","-0,250","-0,250","-0,250","-0,250","-0,550","-0,550","-0,550","-0,550","-0,550","-0,550","-0,550","-0,550","-0,450","-0,450","-0,450","-0,450","-0,600","-0,600","-0,600","-0,600","-0,625","-0,625","-0,625","-0,625","-0,625","-0,625","-0,625","-0,625","-0,625","-0,625","-0,625","-0,625","-0,600","-0,600","-0,600","-0,600","-0,600","-0,600","-0,600","-0,600","-0,375","-0,375","-0,375","-0,375","-0,075","-0,075","-0,075","-0,075","-0,025","-0,025","-0,025","-0,025",,,,,,,,,,,,,,,,
CHVADOM,10,,"20,850","0,400","0,400","0,400","0,400","0,400","0,400","0,400","0,400","0,400","0,400","0,400","0,400","0,400","0,425","0,400","0,400","0,400","0,400","0,400","0,400","0,400","0,400","0,400","0,400","0,400","0,400","0,400","0,400","0,425","0,400","0,400","0,400","0,400","0,400","0,400","0,400",,,,,,,,,,,,,,,,,,,,,,,,,,,,,,,,,,,,,,,,,,,,,"0,400","0,400","0,400","0,400","0,400","0,400","0,400","0,400","0,400","0,400","0,400","0,400","0,400","0,400","0,400","0,400"
CHVN,1,,"4,775","0,050","0,050","0,050","0,050","0,050","0,050","0,050","0,050","0,050","0,050","0,050","0,050","0,050","0,050","0,050","0,050","0,050","0,050","0,050","0,050","0,050","0,050","0,050","0,050","0,050","0,050","0,050","0,050","0,050","0,050","0,050","0,050","0,050","0,050","0,050","0,050","0,050","0,050","0,050","0,050","0,050","0,050","0,050","0,050","0,050","0,050","0,050","0,050","0,050","0,050","0,050","0,050","0,050","0,050","0,050","0,050","0,050","0,050","0,050","0,050","0,050","0,050","0,050","0,050","0,050","0,050","0,050","0,050","0,050","0,050","0,050","0,050","0,050","0,050","0,050","0,050","0,050","0,050","0,025","0,050","0,050","0,050","0,050","0,050","0,050","0,050","0,050","0,050","0,050","0,050","0,050","0,050","0,050","0,050","0,050","0,050"
CILCOR,10,,"792,425","7,750","7,750","7,750","5,575","7,775","5,575","5,575","5,575","5,575","5,575","5,575","5,575","5,550","5,550","5,550","5,550","5,550","5,550","5,550","5,550","5,550","5,550","5,550","5,550","7,825","7,825","7,825","7,825","7,825","7,825","7,825","7,825","7,825","10,025","7,825","7,825","7,750","9,950","9,950","9,950","9,875","9,875","9,875","9,875","9,875","9,875","9,875","9,875","9,850","9,850","9,850","9,850","9,850","9,850","9,850","9,850","9,825","9,825","9,825","9,825","9,800","9,800","9,800","9,800","9,800","9,800","9,800","9,800","9,800","9,800","9,800","9,800","9,800","9,800","9,800","9,800","9,850","9,850","5,500","5,500","7,675","7,675","7,675","7,675","9,875","9,875","9,875","9,875","7,700","7,700","7,700","7,700","7,725","7,725","7,725","7,725"
CIMAC01,8,,"-55,000","-0,500","-0,500","-0,500","-0,500","-0,400","-0,400","-0,400","-0,400","-0,400","-0,400","-0,400","-0,400","-0,400","-0,400","-0,400","-0,400","-0,400","-0,400","-0,400","-0,400","-0,400","-0,400","-0,400","-0,400","-0,400","-0,500","-0,500","-0,500","-0,500","-0,600","-0,600","-0,600","-0,700","-0,700","-0,700","-0,700","-0,700","-0,700","-0,700","-0,700","-0,700","-0,700","-0,700","-0,700","-0,700","-0,700","-0,700","-0,700","-0,700","-0,700","-0,700","-0,700","-0,700","-0,700","-0,700","-0,700","-0,700","-0,700","-0,700","-0,700","-0,600","-0,600","-0,600","-0,600","-0,600","-0,600","-0,600","-0,600","-0,600","-0,600","-0,600","-0,600","-0,600","-0,600","-0,600","-0,600","-0,600","-0,600","-0,600","-0,600","-0,600","-0,600","-0,600","-0,600","-0,600","-0,600","-0,600","-0,600","-0,600","-0,600","-0,600","-0,600","-0,500","-0,500","-0,500","-0,500"
CLEAC01,8,,"-28,025","-0,275","-0,250","-0,250","-0,225","-0,225","-0,225","-0,225","-0,225","-0,200","-0,200","-0,200","-0,200","-0,175","-0,175","-0,175","-0,175","-0,175","-0,175","-0,175","-0,175","-0,175","-0,175","-0,175","-0,175","-0,200","-0,200","-0,200","-0,225","-0,225","-0,250","-0,250","-0,275","-0,275","-0,275","-0,275","-0,275","-0,275","-0,275","-0,275","-0,275","-0,275","-0,275","-0,275","-0,275","-0,300","-0,300","-0,300","-0,300","-0,300","-0,300","-0,300","-0,300","-0,325","-0,325","-0,325","-0,325","-0,350","-0,350","-0,350","-0,350","-0,350","-0,350","-0,350","-0,350","-0,325","-0,325","-0,325","-0,325","-0,325","-0,325","-0,325","-0,325","-0,350","-0,350","-0,350","-0,350","-0,350","-0,350","-0,350","-0,350","-0,375","-0,400","-0,400","-0,425","-0,425","-0,425","-0,425","-0,425","-0,425","-0,400","-0,400","-0,375","-0,350","-0,325","-0,325","-0,300"
CLIDC01,8,,"-1381,475","-11,150","-11,975","-11,675","-10,250","-9,750","-10,350","-10,050","-8,875","-8,875","-9,375","-9,100","-8,075","-8,550","-9,000","-8,725","-7,675","-9,525","-10,100","-9,800","-8,550","-9,575","-10,150","-9,825","-8,575","-10,600","-11,225","-10,875","-9,500","-12,250","-13,100","-12,700","-11,025","-15,000","-15,900","-15,525","-13,900","-17,100","-18,000","-17,400","-15,425","-17,700","-18,400","-17,900","-16,200","-17,600","-18,100","-17,600","-16,000","-17,100","-17,400","-16,900","-15,450","-17,325","-17,600","-17,000","-15,500","-16,700","-16,900","-16,300","-14,800","-16,100","-16,400","-15,800","-14,200","-16,100","-16,375","-15,750","-14,125","-16,800","-17,300","-16,600","-14,700","-17,425","-18,250","-17,400","-14,800","-18,125","-19,375","-18,450","-15,375","-17,475","-18,825","-17,950","-14,825","-18,125","-19,625","-18,700","-15,375","-16,650","-17,875","-17,100","-14,325","-14,575","-15,600","-14,925","-12,525"
CLIFV10,10,,"32,775",,,,,,,,,,,,,,,,,,,,,,,,,,,"0,025","0,025","0,025","0,075","0,125","0,150","0,225","0,275","0,350","0,425","0,500","0,575","0,625","0,675","0,675","0,700","0,725","0,750","0,750","0,775","0,775","0,800","0,800","0,800","0,825","0,825","0,825","0,825","0,825","0,825","0,825","0,825","0,825","0,825","0,800","0,800","0,800","0,775","0,775","0,750","0,750","0,725","0,700","0,675","0,650","0,650","0,625","0,600","0,550","0,500","0,425","0,375","0,300","0,225","0,175","0,100","0,075","0,050","0,025","0,025",,,,,,,,,,
CLIFV21,10,,"7,900",,,,,,,,,,,,,,,,,,,,,,,,,,,,,"0,050","0,100","0,200","0,300","0,375","0,475","0,600",,"0,750",,,,,,,,,,,,,,,,,,,,,,,,,,,,,,,,,,,,,,"0,800","0,750","0,700","0,650","0,550","0,475","0,400","0,300","0,200","0,125","0,075","0,025",,,,,,,,,,
CLIFV30,10,,"191,550",,,,,,,,,,,,,,,,,,,,,,,,,,,,,,"0,100","0,200","0,450","0,725","1,075","1,625","1,875","2,450","3,025","3,425","3,550","3,900","4,100","4,300","4,500","4,700","4,900","5,100","5,100","5,500","5,600","5,800","5,600","5,800","5,700","5,800","5,800","6,100","5,900","5,800","5,600","5,300","5,000","5,000","4,800","4,800","4,700","4,300","4,000","3,900","3,600","3,500","3,000","2,250","2,000","1,750","1,750","1,500","1,250","1,250","1,250","0,950","0,775","0,425","0,275","0,100","0,025",,,,,,,,,,
CLIFV31,10,,"225,025",,,,,,,,,,,,,,,,,,,,,,,,,,,,,,"0,100","0,200","0,400","0,600","0,900","1,400","1,900","2,300","3,100","3,500","3,800","4,100","4,400","4,800","5,000","5,700","5,900","6,300","6,800","7,150","7,450","7,500","7,800","7,775","7,600","7,825","8,275","8,500","8,800","7,550","7,175","6,475","6,350","6,000","5,800","5,675","5,425","5,100","4,775","3,425","3,025","2,975","2,250","1,750","1,250","1,500","1,500","1,500","1,250","1,250","1,000","0,700","0,575","0,300","0,275","0,200","0,100",,,,,,,,,,
CLIFV32,10,,"199,500",,,,,,,,,,,,,,,,,,,,,,,,,,,,,,"0,100","0,200","0,400","0,600","1,000","1,300","1,600","2,100","2,600","3,100","2,600","4,325","5,000","5,275","5,800","3,500","3,900","3,600","3,775","3,800","3,950","4,150","4,200","4,050","4,125","4,175","4,375","8,375","8,375","8,050","8,100","7,450","6,700","6,875","6,525","6,550","6,400","6,025","5,925","5,675","4,625","4,000","2,750","2,250","1,750","1,500","1,500","1,250","1,250","1,000","0,900","0,700","0,500","0,400","0,300","0,200",,,,,,,,,,,
CLIFV35,10,,"80,800",,,,,,,,,,,,,,,,,,,,,,,,,,"0,025","0,025","0,025",,,,,,,"0,100","0,300","0,600","0,800","1,000","1,100","1,300","1,500","1,700","1,800","1,900","2,100","2,200","2,300","2,400","2,400","2,400","2,400","2,400","2,400","2,400","2,400","2,400","2,400","2,400","2,400","2,400","2,400","2,400","2,400","2,400","2,300","2,300","2,200","2,000","1,900","1,800","1,600","1,400","1,300","1,100","1,000","0,700","0,600","0,400","0,200","0,200","0,100","0,025","0,025","0,025","0,025","0,025",,,,,,,,,
CLIFV45,10,,"22,275",,,,,,,,,,,,,,,,,,,,,,,,,,,,"0,025",,"0,100","0,300","0,700","1,000","1,200","1,500","1,700","0,500","0,500","0,500","0,250","0,250","0,250","0,250","0,250",,,,,,,,,,,,,,,,,"0,250","0,250","0,250","0,250","0,250","0,250","0,250","0,250","0,250","0,250","0,250","0,250","0,500","0,750","0,750","0,750","1,000","1,000","1,250","1,250","1,100","0,800","0,400","0,200","0,150","0,075","0,025",,,,,,,,,
CLIFV53,10,,"14,825",,,,,,,,,,,,,,,,,,,,,,,,,,,,"0,050",,,,,,,,,,,,"0,525","0,625","0,075",,,,,,,,,,,,,,,,,,,,,,,,,,,,"0,650","2,425","2,750","2,250","2,000","1,750","1,500",,,,,,,,,,"0,125","0,075","0,025",,,,,,,,
CLIFV54,10,,"28,250",,,,,,,,,,,,,,,,,,,,,,,,,,,,"0,050","0,125","0,325","0,500","0,525","0,800","0,900","1,150","1,375","1,550","1,825","1,600","0,600","0,800","0,100",,,,,,,,,,,,,,,,,,,,,,,,,,,,"0,625","2,250","2,500","2,000","1,750","1,250","1,250","1,000","0,750","0,700","0,525","0,400","0,275","0,200","0,150","0,150","0,125","0,100","0,025",,,,,,,,
CLIFV55,10,,"52,875",,,,,,,,,,,,,,,,,,,,,,,,,,,,,,"0,200","0,900","1,700","2,300","3,200","4,900","5,675","1,500","1,250","1,000","1,000","1,000","0,750","0,750","0,750",,,,,,,,,,,,,,,,,"0,250","0,250","0,250","0,250","0,250","0,250","0,250","0,250","0,250","0,250","0,250","0,500","1,250","1,250","1,250","2,000","2,750","3,250","3,000","2,500","2,100","1,500","0,900","0,700","0,200","0,100",,,,,,,,,,
CLIFV58,10,,"35,475",,,,,,,,,,,,,,,,,,,,,,,,,"0,025","0,050","0,075","0,050","0,050","0,075","0,150","0,275","0,450","0,675","1,000","1,400","1,825","2,225","2,550","1,225","1,600","0,225",,,,,,,,,,,,,,,,,,,,,,,,,,,,"0,475","1,850","2,525","2,425","2,325","2,200","2,050","1,900","1,675","1,400","1,075","0,750","0,475","0,250","0,100","0,050","0,025",,,,,,,,,,
CLIWI11,10,,"377,800","9,275","9,250","9,200","9,175","9,125","9,075","9,025","8,975","8,925","8,850","8,775","8,725","8,650","8,575","8,500","8,425","8,325","8,200","8,100","7,975","7,925","7,900","7,875","7,875","7,875","7,875","7,900","7,925","7,550","7,500","7,450","7,425","3,550","3,325","3,125","2,925","2,750","2,600","2,450","2,300",,,,,,,,,,,,,,,,,,,,,,,,,,,,,"2,950","3,125","3,300","3,450","3,625","3,825","4,000","4,175","4,350","4,500","4,650","4,800","1,225","1,400","1,575","1,750","1,900","2,075","2,225","2,375","2,575","2,775","2,975","3,175","3,325","3,400","3,500","3,575"
CNTLC01,8,,"-55,950","-0,450","-0,425","-0,425","-0,400","-0,400","-0,375","-0,375","-0,375","-0,350","-0,350","-0,350","-0,350","-0,375","-0,400","-0,400","-0,400","-0,400","-0,400","-0,400","-0,400","-0,425","-0,450","-0,450","-0,475","-0,500","-0,550","-0,550","-0,600","-0,625","-0,650","-0,675","-0,675","-0,675","-0,700","-0,700","-0,700","-0,700","-0,700","-0,700","-0,700","-0,675","-0,675","-0,675","-0,675","-0,650","-0,650","-0,650","-0,675","-0,700","-0,725","-0,725","-0,750","-0,750","-0,775","-0,750","-0,725","-0,650","-0,625","-0,600","-0,600","-0,575","-0,575","-0,575","-0,575","-0,575","-0,575","-0,575","-0,600","-0,625","-0,650","-0,650","-0,675","-0,675","-0,675","-0,675","-0,675","-0,675","-0,675","-0,675","-0,675","-0,700","-0,700","-0,700","-0,700","-0,700","-0,700","-0,675","-0,650","-0,600","-0,550","-0,525","-0,525","-0,500","-0,475","-0,475","-0,450"
COALC01,8,,"-153,425","-0,275","-0,675","-0,625","-0,625","-0,550","-0,550","-0,500","-1,000","-1,000","-1,000","-0,900","-0,900","-0,900","-0,900","-0,900","-0,900","-0,900","-0,900","-0,450","-0,450","-0,450","-0,450","-0,175","-0,175","-0,175",,,,,,,"-0,225","-0,225","-1,100","-1,200","-2,275","-2,300","-2,500","-2,500","-2,500","-2,600","-2,600","-2,800","-2,800","-2,800","-2,800","-2,800","-2,800","-2,800","-3,000","-3,000","-3,000","-3,200","-3,200","-3,200","-3,200","-3,200","-3,200","-3,200","-3,200","-3,000","-3,000","-3,000","-3,000","-3,000","-3,000","-3,000","-3,000","-3,000","-3,000","-3,000","-3,000","-3,000","-3,000","-3,000","-3,000","-3,000","-0,750","-1,500","-1,500","-3,000","-0,750","-0,750","-0,300","-0,800","-0,325",,,,,"-0,325","-0,300","-0,300","-0,300","-0,275","-0,700"
CODOC01,8,,"-2,400","-0,025","-0,025","-0,025","-0,025","-0,025","-0,025","-0,025","-0,025","-0,025","-0,025","-0,025","-0,025","-0,025","-0,025","-0,025","-0,025","-0,025","-0,025","-0,025","-0,025","-0,025","-0,025","-0,025","-0,025","-0,025","-0,025","-0,025","-0,025","-0,025","-0,025","-0,025","-0,025","-0,025","-0,025","-0,025","-0,025","-0,025","-0,025","-0,025","-0,025","-0,025","-0,025","-0,025","-0,025","-0,025","-0,025","-0,025","-0,025","-0,025","-0,025","-0,025","-0,025","-0,025","-0,025","-0,025","-0,025","-0,025","-0,025","-0,025","-0,025","-0,025","-0,025","-0,025","-0,025","-0,025","-0,025","-0,025","-0,025","-0,025","-0,025","-0,025","-0,025","-0,025","-0,025","-0,025","-0,025","-0,025","-0,025","-0,025","-0,025","-0,025","-0,025","-0,025","-0,025","-0,025","-0,025","-0,025","-0,025","-0,025","-0,025","-0,025","-0,025","-0,025","-0,025","-0,025","-0,025"
