up_code,up_name_omie,legal_entity,ownership_pct,unit_type_omie,zone_omie,technology_omie,omie_page
AFALZ4C,UOF C BATERIA FVALZ,,IBERDROLA ENERGÍA,ESPAÑA,S..A.,100 ALMACENAMIENTO ZONA ESPAÑOLA Almacenamiento Compra,1
AFALZ5C,UOF C BATERIA FVALZII,,IBERDROLA ENERGÍA,ESPAÑA,S..A.,100 ALMACENAMIENTO ZONA ESPAÑOLA Almacenamiento Compra,1
AFIANHC,UOF C BATERIA ANDEVAL,O,IBERDROLA ENERGÍA,ESPAÑA,S..A.,100 ALMACENAMIENTO ZONA ESPAÑOLA Almacenamiento Compra,1
AFIBGEC,ALMACENAMIENTO COMP,RA,IBERDROLA ENERGÍA,ESPAÑA,S..A.,100 ALMACENAMIENTO ZONA ESPAÑOLA Almacenamiento Compra,1
AFIBHEC,COMPRA HIBRIDACION EO,LICA BAT,IBERDROLA ENERGÍA,ESPAÑA,S..A.,100 ALMACENAMIENTO ZONA ESPAÑOLA Almacenamiento Compra,1
AFIBHFC,COMPRA HIBRIDACION FV,BATERIA,IBERDROLA ENERGÍA,ESPAÑA,S..A.,100 ALMACENAMIENTO ZONA ESPAÑOLA Almacenamiento Compra,1
AFIOLHC,UOF C BATERIA OLMEDILL,A,IBERDROLA ENERGÍA,ESPAÑA,S..A.,100 ALMACENAMIENTO ZONA ESPAÑOLA Almacenamiento Compra,1
AFIREHC,UOF C BATERIA REVILLA,,IBERDROLA ENERGÍA,ESPAÑA,S..A.,100 ALMACENAMIENTO ZONA ESPAÑOLA Almacenamiento Compra,1
AFIROHC,HIB ROMERAL OLMEDILLA,,IBERDROLA ENERGÍA,ESPAÑA,S..A.,100 ALMACENAMIENTO ZONA ESPAÑOLA Almacenamiento Compra,1
ASRIHCC,UNIDAD OFERTA BATERIA,SOTO,"EDP ESPAÑA, S.A.U. (",GENERAC,IÓN),100 ALMACENAMIENTO ZONA ESPAÑOLA Almacenamiento Compra,1
EGEDBAT,COMPRA BATERIA,,ACCIONA GREEN ENE,RGY DEV,ELOPMENTS,100 ALMACENAMIENTO ZONA ESPAÑOLA Almacenamiento Compra,1
EGLARMC,UNIDADE CARREGAMENT,O,"AXPO IBERIA, S.L.",,,100 ALMACENAMIENTO ZONA PORTUGUESA Almacenamiento Compra,1
FHERCON,HIB HERCULES CONSUMO,,SOLARIA REPRESENT,ACION E,N MERCADO S.L.,100 ALMACENAMIENTO ZONA ESPAÑOLA Almacenamiento Compra,1
IGNARMC,IGNIS COMPRA PT,,IGNIS ENERGIA S.L.,,,100 ALMACENAMIENTO ZONA PORTUGUESA Almacenamiento Compra,1
SMBC02,COMPRA BATERIA BATALH,A,SIMPLES ENERGIA DE,ESPAÑA,SL,100 ALMACENAMIENTO ZONA PORTUGUESA Almacenamiento Compra,1
UPACAC,UOF ACADIEMS COMPRA,,IGNIS ENERGIA S.L.,,,100 ALMACENAMIENTO ZONA ESPAÑOLA Almacenamiento Compra,1
UPXENC,UPXENC,,GNERA ENERGIA Y TE,CNOLOG,IA,100 ALMACENAMIENTO ZONA ESPAÑOLA Almacenamiento Compra,1
ACAVADB,BOMBAS DO CAVADO,,EDP GEM PORTUGAL,S.A.,,100 BOMBEO ZONA PORTUGUESA Consumo Bombe o Mixto,1
ADOUROB,BOMBA DO DOURO,,EDP GEM PORTUGAL,S.A.,,100 BOMBEO ZONA PORTUGUESA Consumo Bombe o Mixto,1
AGUB,C.H.B. AGUAYO BOMBEO,,REPSOL SERVICIOS R,ENOVAB,"LES, S.A.",100 BOMBEO ZONA ESPAÑOLA Consumo de bom beo,1
ALIMAB,BOMBAS DO LIMA,,EDP GEM PORTUGAL,S.A.,,100 BOMBEO ZONA PORTUGUESA Consumo Bombe o Mixto,1
BRENAB,UNIDAD OFERTA BOMBEO,BREÑA 2,IGNIS ENERGIA S.L.,,,100 BOMBEO ZONA ESPAÑOLA Consumo Bombe o Puro,1
DOUSUPB,DOURO SUPERIOR BOMBA,GEM,MOVHERA - HIDROEL,ÉTRICAS,DO NORTE SA,100 BOMBEO ZONA PORTUGUESA Consumo Bombe o Mixto,1
DUEB,UGH.B. DUERO BOMBEO,,IBERDROLA ENERGÍA,ESPAÑA,S..A.,100 BOMBEO ZONA ESPAÑOLA Consumo Bombe o Mixto,1
ENDPRB,C.H.B.M. MONTAMARA BO,MBEO,ENDESA GENERACIÓ,"N, S.A.",,100 BOMBEO ZONA ESPAÑOLA Consumo de bom beo,1
GDLQB,GUADALQUIVIR BOMBEO,,ENDESA GENERACIÓ,"N, S.A.",,100 BOMBEO ZONA ESPAÑOLA Consumo de bom beo,1
GUADIAB,BACIA H. GUADIANA (BOM,BAGEM),EDP GEM PORTUGAL,S.A.,,100 BOMBEO ZONA PORTUGUESA Consumo Bombe o Mixto,1
GUIB,C.H.B. GUILLENA BOMBEO,,ENDESA GENERACIÓ,"N, S.A.",,100 BOMBEO ZONA ESPAÑOLA Consumo de bom beo,1
IPB,C.H.B.IP BOMBEO,,ENDESA GENERACIÓ,"N, S.A.",,100 BOMBEO ZONA ESPAÑOLA Consumo Bombe o Puro,1
MLTB,C.H.B. MORALETS BOMBE,O,ENDESA GENERACIÓ,"N, S.A.",,100 BOMBEO ZONA ESPAÑOLA Consumo de bom beo,1
MONDEGB,BOMBEO DA AREA DE MO,NDEGO,EDP GEM PORTUGAL,S.A.,,100 BOMBEO ZONA PORTUGUESA Consumo Bombe o Mixto,1
MUEB,C.H.B. LA MUELA BOMBEO,,IBERDROLA ENERGÍA,ESPAÑA,S..A.,100 BOMBEO ZONA ESPAÑOLA Consumo de bom beo,1
SILB,UGH.B. SIL BOMBEO,,IBERDROLA ENERGÍA,ESPAÑA,S..A.,100 BOMBEO ZONA ESPAÑOLA Consumo Bombe o Mixto,1
SLTB,UGH.B. ESTANG. SALLENT,E BOMB.,ENDESA GENERACIÓ,"N, S.A.",,100 BOMBEO ZONA ESPAÑOLA Consumo de bom beo,1
TAJB,UGH.B. TAJO BOMBEO,,IBERDROLA ENERGÍA,ESPAÑA,S..A.,100 BOMBEO ZONA ESPAÑOLA Consumo Bombe o Mixto,1
TAMEGAB,TAMEGAB,,IBERDROLA ENERGÍA,ESPAÑA,S..A.,100 BOMBEO ZONA PORTUGUESA Consumo Bombe o Mixto,1
TANB,C.H.B. TANES BOMBEO,,"EDP ESPAÑA, S.A.U. (",GENERAC,IÓN),100 BOMBEO ZONA ESPAÑOLA Consumo de bom beo,1
TJEB,C.H. B. TAJO ENCANTADA,BOMBEO,ENDESA GENERACIÓ,"N, S.A.",,100 BOMBEO ZONA ESPAÑOLA Consumo de bom beo,1
UFBB,C.H.B. BOLARQUE BOMBE,O,GAS NATURAL COME,RCIALIZA,DORA,100 BOMBEO ZONA ESPAÑOLA Consumo Bombe o Puro,1
ABASC01,UOF COMPRA ABASTE,,ABASTE COMERCIALI,ZADORA,S.L.,100 COMERCIALIZADOR ZONA ESPAÑOLA Comercializador ,1
ABOUC01,ABOUT WHITE,,"ABOUT WHITE, S.L.",,,100 COMERCIALIZADOR ZONA ESPAÑOLA Comercializador ,1
ACCGC02,UNIDAD DE COMPRA,,"ACCIONA GREEN, SU",CURSAL P,T,100 COMERCIALIZADOR ZONA PORTUGUESA Comercializador ,1
ACHEC01,ACHER COMPRA,,ELECTRICA DE CHER,"A, S.C.V.",,100 COMERCIALIZADOR ZONA ESPAÑOLA Comercializador ,1
ACNHC01,COMPRA,,ACENHOL ENERGIA S,L,,100 COMERCIALIZADOR ZONA ESPAÑOLA Comercializador ,1
ACOSC01,UNIDAD DE OFERTA,,ACOS T IBERICA SL,,,100 COMERCIALIZADOR ZONA ESPAÑOLA Comercializador ,1
ACRSC02,COMERCIALIZAÇÃO,,"ACROSSCAPACITY, L",DA,,100 COMERCIALIZADOR ZONA PORTUGUESA Comercializador ,1
ACSOC01,ACSOL,,ACSOL ENERGIA GLO,"BAL, S.A.",,100 COMERCIALIZADOR ZONA ESPAÑOLA Comercializador ,1
ACTIC01,UNIDAD PARA OFERTAS D,E COMPRA,ACTIVA COMERCIALIZ,ADORA D,E ENERGIA S.L.,100 COMERCIALIZADOR ZONA ESPAÑOLA Comercializador ,1
ADEIC01,ADEINNOVA ENERGIA,,ADEINNOVA ENERGIA,,,100 COMERCIALIZADOR ZONA ESPAÑOLA Comercializador ,1
ADELC01,ADELFAS COMPRAS,,ADELFAS ENERGIA SL,,,100 COMERCIALIZADOR ZONA ESPAÑOLA Compras Comerc ializació,1
ADREC02,AUDAX COMPRA PORTUG,AL,AUDAX RENOVABLES,S.A.,,100 COMERCIALIZADOR ZONA PORTUGUESA Comercializador ,1
ADURC01,ADURIZ ENERGÍA COMPR,A (ESP),ADURIZ ENERGÍA SLU,,,100 COMERCIALIZADOR ZONA ESPAÑOLA Comercializador ,1
ADXC01,ADX RENOVABLES,,ADX RENOVABLES SL,,,100 COMERCIALIZADOR ZONA ESPAÑOLA Comercializador ,1
ADXRM01,REPRE COMER 1,,AUDAX RENOVABLES,S.A.,,100 COMERCIALIZADOR ZONA ESPAÑOLA Compras Comerc ializació,1
ADXRM02,REPRE COMER 2,,AUDAX RENOVABLES,S.A.,,100 COMERCIALIZADOR ZONA ESPAÑOLA Compras Comerc ializació,1
ADXRM03,REPRE COMER 3,,AUDAX RENOVABLES,S.A.,,100 COMERCIALIZADOR ZONA ESPAÑOLA Compras Comerc ializació,1
ADXRM04,ADS RPRE COMER 4,,AUDAX RENOVABLES,S.A.,,100 COMERCIALIZADOR ZONA ESPAÑOLA Compras Comerc ializació,1
ADXRM06,REPRE COMER 6,,AUDAX RENOVABLES,S.A.,,100 COMERCIALIZADOR ZONA ESPAÑOLA Compras Comerc ializació,1
ADXRM07,REPRE COMER 07,,AUDAX RENOVABLES S.A.,,,100 COMERCIALIZADOR ZONA ESPAÑOLA Compras Comercializació n,2
ADXRM08,REPRE COMER 8,,AUDAX RENOVABLES S.A.,,,100 COMERCIALIZADOR ZONA ESPAÑOLA Compras Comercializació n,2
ADXRM09,REPRE COMER 9,,AUDAX RENOVABLES S.A.,,,100 COMERCIALIZADOR ZONA ESPAÑOLA Compras Comercializació n,2
ADXRM10,ECO2,,AUDAX RENOVABLES S.A.,,,100 COMERCIALIZADOR ZONA ESPAÑOLA Compras Comercializació n,2
ADXRM11,FEED ENERGÍA,,AUDAX RENOVABLES S.A.,,,100 COMERCIALIZADOR ZONA ESPAÑOLA Compras Comercializació n,2
AEQC01,COMERCIALIZACIÓN AEQ,,"AEQ W2M, S.A.",,,100 COMERCIALIZADOR ZONA ESPAÑOLA Comercializador ,2
AGENC01,ABESL COMPRA,,"AB ENERGÍA 1903, S.L.U.",,,100 COMERCIALIZADOR ZONA ESPAÑOLA Comercializador ,2
AGLC02,UNIDADE DE COMPRA,,AGORALUZ ENERGIA LDA,,,100 COMERCIALIZADOR ZONA PORTUGUESA Comercializador ,2
AGRIC01,AGRI ENERGIA COMPRA,(ESP),AGRI-ENERGÍA,,,100 COMERCIALIZADOR ZONA ESPAÑOLA Comercializador ,2
AHORC01,AHORA PENINSULA,,AHORA LUZ ENERGÍA SL,,,100 COMERCIALIZADOR ZONA ESPAÑOLA Comercializador ,2
AHTC01,COMPRA COMER,,COMERCIALIZADORA ELECT,RICA DE TEN,"ERIFE, S.L.",100 COMERCIALIZADOR ZONA ESPAÑOLA Comercializador ,2
AIREC01,AIREC01,,AIRE LIMPIO S.L.,,,100 COMERCIALIZADOR ZONA ESPAÑOLA Compras Comercializació n,2
AJENC01,UNIDAD OFERTANTE A2J,ENERGÍA,"A2J ENERGÍA, S.L.",,,100 COMERCIALIZADOR ZONA ESPAÑOLA Comercializador ,2
ALAHC01,U.O ALAHURIN,,HIDROCARBUROS ALHAURÍN,SL,,100 COMERCIALIZADOR ZONA ESPAÑOLA Comercializador ,2
ALBCC01,ALBCO_COMPRAS_UP,,COMERCIALIZADORA ELECT,RICA DE ALB,ATARREC SLU,100 COMERCIALIZADOR ZONA ESPAÑOLA Comercializador ,2
ALDDC01,18W000000000OLLT,,ACCIONA COMERCIALIZADO,"RA B2C, S.L.",UNIPERSONAL,100 COMERCIALIZADOR ZONA ESPAÑOLA Compras Comercializació n,2
ALDRC01,COMERCIALIZADORA AL,DRO ENERGIA,"ENI PLENITUDE IBERIA, S.L.U",.,,100 COMERCIALIZADOR ZONA ESPAÑOLA Comercializador ,2
ALDRC02,COMERCIALIZADORA EL,ECTRICA PT,"ENI PLENITUDE IBERIA, S.L.U",.-SUCURSAL,EM PORTUGAL,100 COMERCIALIZADOR ZONA PORTUGUESA Comercializador ,2
ALFAC02,ALFA ENERGIA,,"ALFA ENERGIA, LDA",,,100 COMERCIALIZADOR ZONA PORTUGUESA Comercializador ,2
ALGICA1,ALGICA1,,SUMINISTROS ESPECIALES A,LGINETENS,"ES, S.C.V.",100 COMERCIALIZADOR ZONA ESPAÑOLA Comercializador ,2
ALIOC01,COMPRA COMERCIALIZA,DORA,ALIO ENERGIA S.L.,,,100 COMERCIALIZADOR ZONA ESPAÑOLA Comercializador ,2
ALPXC01,ALPEX IBERICA DE ENER,"GIA,S.L","ALPEX IBERICA DE ENERGIA,",S.L,,100 COMERCIALIZADOR ZONA ESPAÑOLA Comercializador ,2
ALUEC01,ALUZ PENINSULAR,,ALUZ ENERGÍA ELÉCTRICA S,L,,100 COMERCIALIZADOR ZONA ESPAÑOLA Compras Comercializació n,2
ALUZC01,ALUZC01,,AHORRELUZ SERVICIOS ONL,INE SL,,100 COMERCIALIZADOR ZONA ESPAÑOLA Comercializador ,2
AMAZC01,AMAZON COMPRA,,COMERCIALIZADORA DE ENE,RGIAS REN,OVABLES Y DE SERVICIOS,100 COMERCIALIZADOR ZONA ESPAÑOLA Comercializador ,2
AMEC01,AG. MERCADO ELÉCTRIC,O COM(ESP),FACTOR ENERGIA ESPAÑA S,AU,,100 COMERCIALIZADOR ZONA ESPAÑOLA Comercializador ,2
AMELC01,UNIDAD DE COMERCIALI,CION,ARCELORMITTAL ENERGY S.,C.A,,100 COMERCIALIZADOR ZONA ESPAÑOLA Comercializador ,2
AMIC01,COMPRA COMERCIALIZA,DORA AMI,AMI ELECTRUM S.L.,,,100 COMERCIALIZADOR ZONA ESPAÑOLA Comercializador ,2
ANGLC01,"ANGLER ENERGIA, S.L.",,ENERGYASSET COMERCIALI,ZADORA DE,"ENERGIA, S.L.",100 COMERCIALIZADOR ZONA ESPAÑOLA Comercializador ,2
ANTEC01,ANTEA ENERGÍA COMER,CIALIZADORA,ANTEA ENERGÍA COMERCIAL,IZADORA SL,,100 COMERCIALIZADOR ZONA ESPAÑOLA Comercializador ,2
ARACC01,ARACÁN ENERGÍA,,ARACÁN ENERGÍA S.L.,,,100 COMERCIALIZADOR ZONA ESPAÑOLA Compras Comercializació n,2
AREPC02,AUDAX RENOV. SUC. EM,PORTUGAL,AUDAX RENOVABLES S.A.-SU,CURSAL EM,PORTUGAL,100 COMERCIALIZADOR ZONA PORTUGUESA Comercializador ,2
ASEGC01,ASEGE01,,ASEGE GESTION SL,,,100 COMERCIALIZADOR ZONA ESPAÑOLA Comercializador ,2
ASIEC01,COMERCIALIZ,,ASISTENCIA ENERGÉTICA S.,L.,,100 COMERCIALIZADOR ZONA ESPAÑOLA Comercializador ,2
ASSEC01,18X000000000P5GW,,"ASSENN ENERGY, S.L.",,,100 COMERCIALIZADOR ZONA ESPAÑOLA Comercializador ,2
ASTEC01,ASTEC01,,ASTEN RENOVABLES S.L.U.,,,100 COMERCIALIZADOR ZONA ESPAÑOLA Comercializador ,2
ASTRC01,ASTRAL,,ASTRALCAD ENERGIA SL,,,100 COMERCIALIZADOR ZONA ESPAÑOLA Comercializador ,2
ATEEC01,ATENCO PENINSULA,,ATENCO ENERGIA,,,100 COMERCIALIZADOR ZONA ESPAÑOLA Comercializador ,2
ATLSC01,ATLAS ENERGIA COMER,CIAL SL,ATLAS ENERGIA COMERCIAL,SL,,100 COMERCIALIZADOR ZONA ESPAÑOLA Comercializador ,2
ATLSR01,ATLSR01,,ATLAS ENERGIA COMERCIAL,SL,,100 COMERCIALIZADOR ZONA ESPAÑOLA Compra Comercializador Balance,2
ATPC01,COMPRA ATP,,ATP ENERGIA SL,,,100 COMERCIALIZADOR ZONA ESPAÑOLA Comercializador ,2
ATRIC01,ATRIA - UNIDAD DE OFER,TA 01,ATRIA INVERSIONES ENERGI,A S.L.,,100 COMERCIALIZADOR ZONA ESPAÑOLA Comercializador ,2
AUDAC01,AUDAX COMPRA,,AUDAX RENOVABLES S.A.,,,100 COMERCIALIZADOR ZONA ESPAÑOLA Compras Comercializació n,2
AXEOC01,AXEO ENERGIA SL,,AXEO ENERGIA SL,,,100 COMERCIALIZADOR ZONA ESPAÑOLA Comercializador ,2
AXPOC02,AXPOP COMERCIALIZAD,OR PT,AXPO ENERGIA PORTUGAL,,,100 COMERCIALIZADOR ZONA PORTUGUESA Comercializador ,2
AXPOR01,AXPO SRAD,,"AXPO IBERIA, S.L.",,,100 COMERCIALIZADOR ZONA ESPAÑOLA Compra Comercializador Balance,2
AYLUC01,AYLUZ,,AYLUZ COMERCIALIZADORA,ELECTRICA,S.L,100 COMERCIALIZADOR ZONA ESPAÑOLA Comercializador ,2
BALEC01,BALEC01,,"ELECBALEAR,S.L.",,,100 COMERCIALIZADOR ZONA ESPAÑOLA Comercializador ,2
BECOC01,BASSOLS ENERGÍA COM,PRA (ESP),BASSOLS ENERGÍA COMERC,IAL,,100 COMERCIALIZADOR ZONA ESPAÑOLA Comercializador ,2
BESC01,BESC01,,BESPIN ENEGIA SL,,,100 COMERCIALIZADOR ZONA ESPAÑOLA Compras Comercializació n,2
BEYOC01,UNIDAD OFERTANTE,,"LUZIA ENERGIA, S.L.",,,100 COMERCIALIZADOR ZONA ESPAÑOLA Comercializador ,2
BEYRM01,REPR RELUZCA,,"LUZIA ENERGIA, S.L.",,,100 COMERCIALIZADOR ZONA ESPAÑOLA Compras Comercializació n,2
BEYRM02,REPR INDALO,,"LUZIA ENERGIA, S.L.",,,100 COMERCIALIZADOR ZONA ESPAÑOLA Compras Comercializació n,2
BNPRC01,BNPRC01,,"BON PREU, S.A.U.",,,100 COMERCIALIZADOR ZONA ESPAÑOLA Comercializador ,2
BNPRM02,BONPREU TERCIARIA,,"BON PREU, S.A.U.",,,100 COMERCIALIZADOR ZONA ESPAÑOLA Compra Comercializador Balance,2
BOAEC01,UO BOAENERGETICA 200,0 S.L,"BOAENERGETICA 2000, S.L.",,,100 COMERCIALIZADOR ZONA ESPAÑOLA Comercializador ,2
BPC01,BP AMOCO GAS (ESP),,"BP GAS AND POWER IBERIA,",S.A.U.,,100 COMERCIALIZADOR ZONA ESPAÑOLA Comercializador ,2
BPRM01,BP REP 01,BP GAS AND POWER IBERI,"A, S.A.U.",,,100 COMERCIALIZADOR ZONA ESPAÑOLA Compras Comer,3
BPSRR01,BPSRR01,"BON PREU, S.A.U.",,,,100 COMERCIALIZADOR ZONA ESPAÑOLA Compra Comerc,3
BREIC01,U. OFERTA IBERICA,"IBERICA IMPULSA, S.L",,,,100 COMERCIALIZADOR ZONA ESPAÑOLA Comercializador,3
BSGEC01,BSGEA COMPRA,BSG ENERGIA SL,,,,100 COMERCIALIZADOR ZONA ESPAÑOLA Comercializador,3
BSGRM01,COMPRA BERL,BSG ENERGIA SL,,,,100 COMERCIALIZADOR ZONA ESPAÑOLA Compras Comer,3
CACIC01,CACIC01,2026 CACI ENERGIA,,,,100 COMERCIALIZADOR ZONA ESPAÑOLA Comercializador,3
CAMCC01,CAMPO_UP,ENERGIAS DE LA VILLA DE,CAMPO CO,MERCIAL,IZADORA SLU,100 COMERCIALIZADOR ZONA ESPAÑOLA Comercializador,3
CAPLC01,CAPALOESP01,CAPALO AI SPAIN OY,,,,100 COMERCIALIZADOR ZONA ESPAÑOLA Comercializador,3
CAPTC01,COMERCIALIZACION,CAPTURA ENERGIA S.L.,,,,100 COMERCIALIZADOR ZONA ESPAÑOLA Comercializador,3
CATGC01,18WCATGC01-123-C,CATGAS ENERGIA SA,,,,100 COMERCIALIZADOR ZONA ESPAÑOLA Comercializador,3
CATRC01,CATRA COMPRA,"ELECTRICA CATRALENSE,",S.L.U.,,,100 COMERCIALIZADOR ZONA ESPAÑOLA Comercializador,3
CCATC01,CCATR COMPRA,COOPERATIVA ELÉCTRICA,BENÉFICA,CATRALE,"NSE, COOP.V.",100 COMERCIALIZADOR ZONA ESPAÑOLA Comercializador,3
CEBAC01,"COOP ELEC BENEF ALBAT, COOP.V.",COOP ELÉCTRICA BENÉFI,CA ALBATE,"RENSE, C",OOP.V.,100 COMERCIALIZADOR ZONA ESPAÑOLA Compras Comer,3
CEBIC01,CEBIN COMPRA,CEBIN ENERGY SL,,,,100 COMERCIALIZADOR ZONA ESPAÑOLA Comercializador,3
CECAC01,COOP. ELECT. CASTELLAR,COOPERATIVA ELECTRICA,DE CASTE,"LLAR, S.C.",V.,100 COMERCIALIZADOR ZONA ESPAÑOLA Comercializador,3
CEDC01,UNIDAD DE OFERTA PENINSULA,COMERCIALIZADORA DE E,NERGIA DI,RECTA S.L,.,100 COMERCIALIZADOR ZONA ESPAÑOLA Comercializador,3
CEEEC01,CEEE COMPRA,ESCANDINAVA DE ELECTR,ICIDAD S.L.,U.,,100 COMERCIALIZADOR ZONA ESPAÑOLA Compras Comer,3
CENTCP3,CENTE DERECHOS COMPRA(FRAN),ENERGYA VM GESTION DE,"ENERGIA,",S.L.,,100 COMERCIALIZADOR FRONTERA FRANCIA Comercializador,3
CENTC01,CÉNTRICA ENERGÍA COM. 1 (ESP),ENERGYA VM GESTION DE,"ENERGIA,",S.L.,,100 COMERCIALIZADOR ZONA ESPAÑOLA Comercializador,3
CENTVP3,CENTE DERECHOS VENTA(FRAN),ENERGYA VM GESTION DE,"ENERGIA,",S.L.,,100 COMERCIALIZADOR FRONTERA FRANCIA Import. de come,3
CEPSC02,COMPRA SUCURSAL PORTUGAL,CEPSA GAS Y ELECTRICID,AD S.A.-SU,CURSAL E,M PORTUGAL,100 COMERCIALIZADOR ZONA PORTUGUESA Comercializador,3
CESOC01,U. COMPRA DE COMERCIALIZADORA,COMERCIALIZADORA ENE,RGETICA S,OSTENIBL,"E, S.A.",100 COMERCIALIZADOR ZONA ESPAÑOLA Comercializador,3
CETAC01,CETAC01,COMERCIALIZADORA ELEC,TRICA TAL,AYUELAS,S.L.,100 COMERCIALIZADOR ZONA ESPAÑOLA Comercializador,3
CHCC01,UNIDAD DE COMPRA CHC,"CIDE HCENERGIA, S.A.U",,,,100 COMERCIALIZADOR ZONA ESPAÑOLA Compras Comer,3
CHERC01,CHERA COMPRA,ELECTRICA SOT DE CHER,A,,,100 COMERCIALIZADOR ZONA ESPAÑOLA Comercializador,3
CHISC01,COMCH COMERCIALIZADORA ESP,COMERCIALIZADORA LA C,HISTABINA,S.L.U,,100 COMERCIALIZADOR ZONA ESPAÑOLA Comercializador,3
CIMAC01,CIMA ENERGIA,CIMA ENERGIA COMERCIA,LIZADORA,SL,,100 COMERCIALIZADOR ZONA ESPAÑOLA Comercializador,3
CINEC01,18W000000000TFF2,CINETICA SOLUCIONES EN,ERGETICA,S S.L,,100 COMERCIALIZADOR ZONA ESPAÑOLA Comercializador,3
CLARC02,UNIDADE COMPRA,"CLARO ENERGIA,LDA.",,,,100 COMERCIALIZADOR ZONA PORTUGUESA Comercializador,3
CLEAC01,COMPRA,CLEARVIEW ENERGY SL.,,,,100 COMERCIALIZADOR ZONA ESPAÑOLA Comercializador,3
CLIDC01,CLIUO01,HOLALUZ-CLIDOM SA,,,,100 COMERCIALIZADOR ZONA ESPAÑOLA Compras Comer,3
CLIDC02,UD. COMERCIALIZACION,CLIDOMER UNIPESSOAL L,DA,,,100 COMERCIALIZADOR ZONA PORTUGUESA Comercializador,3
CNTLC01,CNTLC01,ELECTRACOMERCIAL CEN,TELLES,,,100 COMERCIALIZADOR ZONA ESPAÑOLA Comercializador,3
COALC01,COALG COMPRA,COMERCIALIZADORA SUM,ESP ALGIN,"ETENSES,",S.L.,100 COMERCIALIZADOR ZONA ESPAÑOLA Comercializador,3
CODOC01,CODOC01,ENERGIA COSTA DORADA,SLU,,,100 COMERCIALIZADOR ZONA ESPAÑOLA Comercializador,3
COELC01,COELD COMPRA,ELECTRICA DE GUADASSU,AR COOP.,V.,,100 COMERCIALIZADOR ZONA ESPAÑOLA Comercializador,3
COGEC01,COGEN COMPRA ELECTRICIDAD,ENERGY BY COGEN,,,,100 COMERCIALIZADOR ZONA ESPAÑOLA Compras Comer,3
COMGC01,COMGC01,COMERCIALIZADORA ELEC,TRICA IND,USTRIAL S,A,100 COMERCIALIZADOR ZONA ESPAÑOLA Compras Comer,3
COMPC01,UP PENINSULAR,COMPAÑIA CASTELLANA D,E COMERC,IALIZACIO,N ELECTRICA,100 COMERCIALIZADOR ZONA ESPAÑOLA Comercializador,3
CONEC01,COMPRA ENERGIA,CONECTA2 ENERGIA SL,,,,100 COMERCIALIZADOR ZONA ESPAÑOLA Compras Comer,3
COPIC01,COMERCIALIZACION,COMERCIALIZADORA HAZ,DE LUZ RE,"NOVABLE,",S.L.U.,100 COMERCIALIZADOR ZONA ESPAÑOLA Compras Comer,3
CPERM02,REPR. BEST OPTION,COMERCIALIZADORA ELEC,TRICA PEN,"INSULAR,",S.L.,100 COMERCIALIZADOR ZONA ESPAÑOLA Compras Comer,3
CREEC01,CREA ENERGIA COMERCIALIZADORA,"CREAENERGIA ECO, S.L.U.",,,,100 COMERCIALIZADOR ZONA ESPAÑOLA Comercializador,3
CREOC01,CRECE,CRECE SOLUCIONES DE E,NERGÍA SL,,,100 COMERCIALIZADOR ZONA ESPAÑOLA Compras Comer,3
CRGYC01,UNIDAD DE COMPRA,"CARTO ENERGY, SOCIEDA",D LIMITADA,,,100 COMERCIALIZADOR ZONA ESPAÑOLA Comercializador,3
CUNCC01,CUNCC01,ELECTRA CUNTIENSE COM,ERCIALIAD,"ORA, S.L.",U.,100 COMERCIALIZADOR ZONA ESPAÑOLA Comercializador,3
CUVEC01,"CUVER DESTELLA ENERGIA, SL.",CUVER DESTELLA ENERGI,"A, SL.",,,100 COMERCIALIZADOR ZONA ESPAÑOLA Comercializador,3
CVIRC01,COMPRA VIRTUAL,DUFERCO IBERIA SL,,,,100 COMERCIALIZADOR ZONA ESPAÑOLA Comercializador,3
CWCMC01,COMPRA CW COMERCIAL NO BALANCE,CAPWATT COMERCIAL S.L,.U.,,,100 COMERCIALIZADOR ZONA ESPAÑOLA Comercializador,3
CYDAC01,COMPRA CYDAE COMERCIALIZACION,COMERCIAL Y ASESORA D,E ELECTRI,"CIDAD, S.L",.,100 COMERCIALIZADOR ZONA ESPAÑOLA Compras Comer,3
CYEC01,UNIDAD COMPRA COMERCIALIZACION,CYE ENERGIA S.L.,,,,100 COMERCIALIZADOR ZONA ESPAÑOLA Compras Comer,3
DAIMC01,COMERCIAL DAIMUZ,DAIMUZ ENERGIA SL,,,,100 COMERCIALIZADOR ZONA ESPAÑOLA Comercializador,3
DANSC01,DANSKE COMPRA PENINSULAR,DANSKE COMMODITIES,,,,100 COMERCIALIZADOR ZONA ESPAÑOLA Comercializador,3
DEELC01,UNIDAD DE OFERTA,DEE LUNA ENERGY SL,,,,100 COMERCIALIZADOR ZONA ESPAÑOLA Comercializador,3
DESMC01,DESMA COMPRA,"DESMA SOLUCIONES, S.L.",,,,100 COMERCIALIZADOR ZONA ESPAÑOLA Comercializador,3
DETIC01,DETISA COMPRA (ESP),"MOEVE GAS AND POWER,",S.A.U,,,100 COMERCIALIZADOR ZONA ESPAÑOLA Comercializador,3
DETIR01,DETIR01,"MOEVE GAS AND POWER,",S.A.U,,,100 COMERCIALIZADOR ZONA ESPAÑOLA Compra Comerc,3
DFERC01,DUFERCO COMPRA,DUFERCO ENERGIA S.P.A.,,,,100 COMERCIALIZADOR ZONA ESPAÑOLA Comercializador,3
DILUC01,DILUZ,,DILUZ COMERCIALIZADORA,DE ELECTRICIDAD S.L.,100,COMERCIALIZADOR ZONA ESPA ÑOLA Comercializador ,4
DIRGC01,DIRECTGREEN,,DIRECT GREEN,,100,COMERCIALIZADOR ZONA ESPA ÑOLA Comercializador ,4
DIVIC01,UNIDAD DE OFERTA,DIVICONSULTIN,DIVICONSULTING ENERGIA,S.L,100,COMERCIALIZADOR ZONA ESPA ÑOLA Comercializador ,4
DLSTC01,UNIDAD OFERTANTE,GO ENERGIA,ENERGÉTICA DEL ESTE S.L,,100,COMERCIALIZADOR ZONA ESPA ÑOLA Comercializador ,4
DONBC01,COMERCIALIZACION,,"DON BELTRAN MARKET, S.",L.,100,COMERCIALIZADOR ZONA ESPA ÑOLA Comercializador ,4
DREAC01,UO COMPRAS DREUA,01,"FOENER ENERGÍA, S.L.",,100,COMERCIALIZADOR ZONA ESPA ÑOLA Compras Comercializació n,4
DRKFC01,DRK,,"DRK ENERGY, S.L.",,100,COMERCIALIZADOR ZONA ESPA ÑOLA Compras Comercializació n,4
DRKRM01,QUALC01,,"DRK ENERGY, S.L.",,100,COMERCIALIZADOR ZONA ESPA ÑOLA Compras Comercializació n,4
DRKRM02,HELIC01,,"DRK ENERGY, S.L.",,100,COMERCIALIZADOR ZONA ESPA ÑOLA Compras Comercializació n,4
DUERC01,DUEROLUZ ENERGIA,SL,DUEROLUZ ENERGIA SL,,100,COMERCIALIZADOR ZONA ESPA ÑOLA Comercializador ,4
DUFECP3,DUFER EXPORT RIGH,TS UNIT,DXT COMMODITIES SA,,100,COMERCIALIZADOR FRONTERA FRANCIA Comercializador no resid ente,4
DUFEC01,DUFEC01,,DXT COMMODITIES SA,,100,COMERCIALIZADOR ZONA ESPA ÑOLA Comercializador ,4
DUFEVP3,DUFER IMPORT RIGH,TS UNIT,DXT COMMODITIES SA,,100,COMERCIALIZADOR FRONTERA FRANCIA Import. de agentes extern os,4
DYNFC01,DYNFC01,,DYNEFF ESPAÑA SL,,100,COMERCIALIZADOR ZONA ESPA ÑOLA Comercializador ,4
EALBC01,EALB COMPRA,,ELECTRICA ALBATERENSE,", S.L.",100,COMERCIALIZADOR ZONA ESPA ÑOLA Comercializador ,4
EALMC01,ELALM COMERCIALIZ,ADOR ESP,ELECTRICITAT D ALMENAR,S.L.,100,COMERCIALIZADOR ZONA ESPA ÑOLA Comercializador ,4
EAMC01,AMADR COMPRA,,ELÉCTRICA ANTONIO MADR,"ID, S.L.",100,COMERCIALIZADOR ZONA ESPA ÑOLA Comercializador ,4
EAM0C01,EAM01 COMPRA,,ELECTRA ALTO MIÑO COM,ERCIALIZADORA DE ENERGÍA SLU,100,COMERCIALIZADOR ZONA ESPA ÑOLA Comercializador ,4
EBLCO01,ENGIE SPAIN RETAIL,ER,"ENGIE ESPAÑA,S.L.U",,100,COMERCIALIZADOR ZONA ESPA ÑOLA Comercializador ,4
EBLCR01,ENGIE SPAIN_SRAD,,"ENGIE ESPAÑA,S.L.U",,100,COMERCIALIZADOR ZONA ESPA ÑOLA Compra Comercializador Balance,4
EBREC01,EBREC01,,EBROENERGIA COMERCIAL,"IZADORA, S.L.",100,COMERCIALIZADOR ZONA ESPA ÑOLA Comercializador ,4
ECATC01,ELCAT COMPRA,,DISTRIBUIDORA ELÉCTRIC,"A DE CATOIRA, S.A",100,COMERCIALIZADOR ZONA ESPA ÑOLA Comercializador ,4
ECAZC01,ELECTRICA CADIZ C,OMPRA (ESP),ELECTRICA DE CADIZ,,100,COMERCIALIZADOR ZONA ESPA ÑOLA Comercializador ,4
ECOFC01,COMPRA COMERCIAL,IZADORA,ECOFUTURA LUZ ENERGIA,S.L.,100,COMERCIALIZADOR ZONA ESPA ÑOLA Compras Comercializació n,4
ECOTC01,UP PENINSULAR,,ECOTHERMIC XXI SL,,100,COMERCIALIZADOR ZONA ESPA ÑOLA Comercializador ,4
ECOVC01,18W000000000O3FL,,ECOVERGY RENOVABLES,,100,COMERCIALIZADOR ZONA ESPA ÑOLA Comercializador ,4
ECSCCA1,CALLO COMPRA ENE,RGIA,ELECTRICA DE CALLOSA D,"E SEGURA, CV",100,COMERCIALIZADOR ZONA ESPA ÑOLA Compras Comercializació n,4
EDFSC01,EDFAS COMPRA,,COOP.VCIANA.E.D.F.A. SER,"RALLO, S.COOP.V.",100,COMERCIALIZADOR ZONA ESPA ÑOLA Comercializador ,4
EDFTCP3,EDF TRADING DEREC,HOS COM (FR),EDF TRADING LIMITED,,100,COMERCIALIZADOR FRONTERA FRANCIA Comercializador no resid ente,4
EDFTC01,INTRADAY CONTINU,AND AUCTION,EDF TRADING LIMITED,,100,COMERCIALIZADOR ZONA ESPA ÑOLA Comercializador ,4
EDFTVP3,EDF TRADING DEREC,HOS VEN (FR),EDF TRADING LIMITED,,100,COMERCIALIZADOR FRONTERA FRANCIA Import. de agentes extern os,4
EDPCC01,UNIDAD DE COMPRA,,"EDP CLIENTES, S.A.U.",,100,COMERCIALIZADOR ZONA ESPA ÑOLA Comercializador ,4
EDPCR01,UO COMPRA SRAD,,"EDP CLIENTES, S.A.U.",,100,COMERCIALIZADOR ZONA ESPA ÑOLA Compra Comercializador Balance,4
EDPC2,EDP COMERCIAL CO,MPRA (PORT),EDP COMERCIAL COMERCI,ALIZACAO DE ENERGIA SA,100,COMERCIALIZADOR ZONA PORT UGUESA Comercializador ,4
EFGC01,FACTOR ENERGÍA CO,MPRA (ESP),"FACTOR ENERGIA, S.A.",,100,COMERCIALIZADOR ZONA ESPA ÑOLA Comercializador ,4
EFIDC01,COMERCIALIZADORA,,EFIDUERO ENERGY SCEL,,100,COMERCIALIZADOR ZONA ESPA ÑOLA Comercializador ,4
EFIRC01,UNIDAD DE OFERTA,,EFIRAM PATRIMONIO SL,,100,COMERCIALIZADOR ZONA ESPA ÑOLA Comercializador ,4
EGAZC01,EGAZC01,,ENERGAZE SL,,100,COMERCIALIZADOR ZONA ESPA ÑOLA Comercializador ,4
EGCMC01,ENDESA GENERAC. C,OMPRA (ESP),"ENDESA GENERACIÓN, S.A",. (ACT: COMERCIALIZACIÓN),100,COMERCIALIZADOR ZONA ESPA ÑOLA Comercializador ,4
EGEDCP3,COMPRA CON DEREC,HOS FRANCIA,ACCIONA GREEN ENERGY,DEVELOPMENTS (ACT. COMERCI,100,COMERCIALIZADOR FRONTERA FRANCIA Comercializador ,4
EGEDC01,AC. GREEN ENER DE,VEL COMP(ESP),ACCIONA GREEN ENERGY,DEVELOPMENTS,100,COMERCIALIZADOR ZONA ESPA ÑOLA Comercializador ,4
EGEDR01,SERVICIO RESPUEST,A ACT DEMANDA,ACCIONA GREEN ENERGY,DEVELOPMENTS,100,COMERCIALIZADOR ZONA ESPA ÑOLA Compra Comercializador Balance,4
EGEDVP3,VENTA CON DERECH,OS FRANCIA,ACCIONA GREEN ENERGY,DEVELOPMENTS (ACT. COMERCI,100,COMERCIALIZADOR FRONTERA FRANCIA Import. de comercializado ras,4
EGENC01,EGENC01,,ELECTRICA DE GUIXES EN,ERGIA,100,COMERCIALIZADOR ZONA ESPA ÑOLA Comercializador ,4
EGENR01,EGENR01,,ELECTRICA DE GUIXES EN,ERGIA,100,COMERCIALIZADOR ZONA ESPA ÑOLA Compra Comercializador Balance,4
EGLECP3,EGLE COMPR DER FR,ANCIA,"AXPO IBERIA, S.L.",,100,COMERCIALIZADOR FRONTERA FRANCIA Comercializador ,4
EGLEC01,EGL ESPAÑA COMPR,A (ESP),"AXPO IBERIA, S.L.",,100,COMERCIALIZADOR ZONA ESPA ÑOLA Comercializador ,4
EGLEC2,EGLE COMERCIAL CO,MPRA (PORT),"AXPO IBERIA, S.L.",,100,COMERCIALIZADOR ZONA PORT UGUESA Comercializador ,4
EGLEVP3,EGLE VENTA DER FR,ANCIA,"AXPO IBERIA, S.L.",,100,COMERCIALIZADOR FRONTERA FRANCIA Import. de comercializado ras,4
EGLRM01,UOF REPRESENTACI,ÓN COMERCIALIZ,"AXPO IBERIA, S.L.",,100,COMERCIALIZADOR ZONA ESPA ÑOLA Compras Comercializació n,4
EGNIC01,UNIDAD DE OFERTA,,EGNI SMART ENERGIES SL,,100,COMERCIALIZADOR ZONA ESPA ÑOLA Comercializador ,4
EGUPC01,UNIDAD OFERTANTE,AENERGETIC,"EGSG ELECTRIK N1, S.L.",,100,COMERCIALIZADOR ZONA ESPA ÑOLA Comercializador ,4
EHILC01,HELIC COMERCIALIZA,DOR ESP,"HELIA, COOP. V.",,100,COMERCIALIZADOR ZONA ESPA ÑOLA Comercializador ,4
EINDC01,UNIDAD DE OFERTA,,ENERGY INDEX SL,,100,COMERCIALIZADOR ZONA ESPA ÑOLA Comercializador ,4
EINTC01,ENERGY INTERSOL 1,5,ENERGY INTERSOL 15 SL,,100,COMERCIALIZADOR ZONA ESPA ÑOLA Comercializador ,4
EKHIC01,"EKHINEO ENERGÍA, S",.L.,"EKHINEO ENERGÍA, S.L.",,100,COMERCIALIZADOR ZONA ESPA ÑOLA Comercializador ,4
ELAVC01,ELAVE COMPRA,,ELECTRA AVELLANA COME,"RCIAL, S.L",100,COMERCIALIZADOR ZONA ESPA ÑOLA Comercializador ,4
ELBEC01,ELBEN_COMPRAS,,ELECTRICA BENASQUE S.L,.,100,COMERCIALIZADOR ZONA ESPA ÑOLA Comercializador ,4
ELCAC01,ELECTRA CALDENSE,COMPRA (ESP),ELECTRA CALDENSE EN,ERGIA,, 100 COMERCIALIZADOR ZONA ESPA ÑOLA Comercializador ,5
ELEIC01,ELEIC01,,"ELECTRICIDAD ELEIA, S",.L.U.,, 100 COMERCIALIZADOR ZONA ESPA ÑOLA Comercializador ,5
ELERC02,COMERCIALIZADORA,,ELERGONE ENERGIA SA,,, 100 COMERCIALIZADOR ZONA PORT UGUESA Comercializador ,5
ELESC01,ELESU COMERCIALIZ,ADOR ESP,COMERCIALIZADORA EL,ECTRI,CA SUD,ANELL S.L.U. 100 COMERCIALIZADOR ZONA ESPA ÑOLA Comercializador ,5
ELMOC01,ELMON COMERCIALIZ,ADORA ESP,COM. ELECTRICA DE MO,NTOLI,U DE L,LEIDA S.L.U 100 COMERCIALIZADOR ZONA ESPA ÑOLA Comercializador ,5
ELPOC01,ELPOC01,,"ELECTRICA POPULAR, S",.COOP,.MAD, 100 COMERCIALIZADOR ZONA ESPA ÑOLA Comercializador ,5
ELUZC01,E-LUZ ENERGY SOLU,"TIONS, S.L.",E-LUZ ENERGY SOLUTI,"ONS, S.",L., 100 COMERCIALIZADOR ZONA ESPA ÑOLA Comercializador ,5
ELV2C01,ELEVA 2 COMPRA,,ELEVA 2 COMERCIALIZA,"DORA,",S.L., 100 COMERCIALIZADOR ZONA ESPA ÑOLA Comercializador ,5
EMELC01,EMELC01,,ELÉCTRICA DE MELIANA,,, 100 COMERCIALIZADOR ZONA ESPA ÑOLA Comercializador ,5
EMIAC01,COMERCIALIZACION,,ENERMIA COMERCIALIZ,ADORA,ELEC,TRICA SL 100 COMERCIALIZADOR ZONA ESPA ÑOLA Comercializador ,5
ENARC01,ENARA COMERCIALIZ,ADORA,ENARA GESTIÓN Y MED,IACIÓN,", SL", 100 COMERCIALIZADOR ZONA ESPA ÑOLA Compras Comercializació n,5
ENCECP3,ENCECP3,,MAGNON GREEN ENER,GY SL,, 100 COMERCIALIZADOR FRONTERA FRANCIA Comercializador no resid ente,5
ENCEVP3,ENCEVP3,,MAGNON GREEN ENER,GY SL,, 100 COMERCIALIZADOR FRONTERA FRANCIA Import. de agentes extern os,5
ENCIC01,ENCIENDETENERGIA,SL,"ENCIENDETENERGIA, S.",L.,, 100 COMERCIALIZADOR ZONA ESPA ÑOLA Comercializador ,5
ENDCC04,EXP ANDORRA,,ENDESA ENERGÍA,,, 100 COMERCIALIZADOR ZONA ESPA ÑOLA Compras Comercializació n,5
ENDEC01,ESCARRILLA,,ENERGIAS DE ESCARRI,LLA SL,, 100 COMERCIALIZADOR ZONA ESPA ÑOLA Comercializador ,5
ENDEC2,ENDESA COMERCIAL.,COMPRA (PORT,ENDESA ENERGÍA,,, 100 COMERCIALIZADOR ZONA PORT UGUESA Comercializador ,5
ENDER01,ENDESA RESPUESTA,ACTIVA DEMAND,ENDESA ENERGÍA,,, 100 COMERCIALIZADOR ZONA ESPA ÑOLA Compra Comercializador Balance,5
ENDE01,ENDESA ENERGIA (ES,P),ENDESA ENERGÍA,,, 100 COMERCIALIZADOR ZONA ESPA ÑOLA Comercializador ,5
ENDGCP3,ENDG DERECHOS CO,MPRA(FRAN),"ENDESA GENERACIÓN,",S.A.,, 100 COMERCIALIZADOR FRONTERA FRANCIA Comercializador no resid ente,5
ENDGVP3,ENDG DERECHOS VE,NTA(FRAN),"ENDESA GENERACIÓN,",S.A.,, 100 COMERCIALIZADOR FRONTERA FRANCIA Import. de comercializado ras,5
ENDIC01,UP1,,ENDI ENERGY TRADING,SL,, 100 COMERCIALIZADOR ZONA ESPA ÑOLA Comercializador ,5
ENDPC01,PANTICOSA,,ENERGIAS DE PANTICO,SA CO,MERCIA,LIZADORA SL 100 COMERCIALIZADOR ZONA ESPA ÑOLA Comercializador ,5
ENDPC2,ENDESA E. SUC. POR,T. COMPRA,"ENDESA ENERGIA, SUC",URSAL,EN PO,RTUGAL 100 COMERCIALIZADOR ZONA PORT UGUESA Compras Comercializació n,5
ENDRM01,REPRESENTANTE DE,EPRESA,ENDESA ENERGÍA,,, 100 COMERCIALIZADOR ZONA ESPA ÑOLA Compras Comercializació n,5
ENEC01,UP PENINSULAR,,ENERGÍA ÚNICA SOLUC,IONES,INTEG,RALES SL 100 COMERCIALIZADOR ZONA ESPA ÑOLA Comercializador ,5
ENEDC01,ENERGIAREA EUROP,E SL,ENERGIAREA EUROPE,SL,, 100 COMERCIALIZADOR ZONA ESPA ÑOLA Comercializador ,5
ENEEC01,ENERGÍA GAS AL-AND,ALUS SL,ENERGÍA GAS AL-ANDA,LUS SL,, 100 COMERCIALIZADOR ZONA ESPA ÑOLA Comercializador ,5
ENEIR01,ENEIR01,,VITA ENERGY CONSULT,ING SL,, 100 COMERCIALIZADOR ZONA ESPA ÑOLA Compra Comercializador Balance,5
ENEPC01,18W000000000Q1SU,,"ENERGY PLUS IBERIA, S",.L.,, 100 COMERCIALIZADOR ZONA ESPA ÑOLA Comercializador ,5
ENEXC01,ENEXC01,,ENEX SOCIAL ENERGY,SL,, 100 COMERCIALIZADOR ZONA ESPA ÑOLA Comercializador ,5
ENFOC02,ENFORCESCO COME,RCIALIZADORA,ENFORCESCO SA,,, 100 COMERCIALIZADOR ZONA PORT UGUESA Compras Comercializació n,5
ENGIC02,UNIDADE DE COMPRA,,ENGIE COMERCIALIZAC,AO DE,ENERG,"IA, LDA 100 COMERCIALIZADOR ZONA PORT UGUESA Comercializador ",5
ENGNC02,COMERCIALIZAÇAO,,CAPWATT RETAIL ELEC,TRICID,ADE PT,", S.A. 100 COMERCIALIZADOR ZONA PORT UGUESA Comercializador ",5
ENHEC01,ENHEC01,,"ENHER HECSA, SL",,, 100 COMERCIALIZADOR ZONA ESPA ÑOLA Comercializador ,5
ENMEC01,COMPRA EDM,,COMERCIALIZADORA D,E ELEC,TRICID,AD Y GAS DEL MEDITER 100 COMERCIALIZADOR ZONA ESPA ÑOLA Comercializador ,5
ENRKC01,ENERKORE COMPRA,,ENERKORE SL,,, 100 COMERCIALIZADOR ZONA ESPA ÑOLA Comercializador ,5
ENSAC01,COMPRAS ENERGYS,AVE,ENERGYSAVE PROJECT,S S.L.,, 100 COMERCIALIZADOR ZONA ESPA ÑOLA Comercializador ,5
ENSRR01,CO-SRAD-EN,,ENERGIA NUFRI SLU,,, 100 COMERCIALIZADOR ZONA ESPA ÑOLA Compra Comercializador Balance,5
ENUFC01,18X00000000037UC,,ENERGIA NUFRI SLU,,, 100 COMERCIALIZADOR ZONA ESPA ÑOLA Comercializador ,5
ENVEC01,ENVEC01,,ENERVER ENERGIA SL,,, 100 COMERCIALIZADOR ZONA ESPA ÑOLA Comercializador ,5
ENZIC01,ENEAC COMERCIALIZ,ADOR ESP,ENERGIAS DEL ZINQUE,TA COM,ERCIA,LIZADORA SLU 100 COMERCIALIZADOR ZONA ESPA ÑOLA Comercializador ,5
EOP2C01,COMPRA ENERGIA M,ERCADO DIARIO,ENERGIA OPERATIVA S.,L.,, 100 COMERCIALIZADOR ZONA ESPA ÑOLA Comercializador ,5
EPACC01,EPAC COMERCIALIZA,DORA,EPAC SOLUCIONES ENE,RGETI,"CAS, S.",L. 100 COMERCIALIZADOR ZONA ESPA ÑOLA Comercializador ,5
EQUAC01,EQUAC01,,EQUANIMITYENERGY T,"O GO, S",LU, 100 COMERCIALIZADOR ZONA ESPA ÑOLA Comercializador ,5
ERENC01,ENDESA ENERGIA RE,NOVABLE,ENDESA ENERGIA REN,OVABLE,", S.L.U",. 100 COMERCIALIZADOR ZONA ESPA ÑOLA Comercializador ,5
EROUCP3,UNIDAD DE OFERTA C,OMPRA FRANCE,ELECTROROUTE ENERG,Y TRA,DING L,IMITED 100 COMERCIALIZADOR FRONTERA FRANCIA Comercializador ,5
EROUVP3,UNIDAD DE OFERTA D,E VENTA FRAN,ELECTROROUTE ENERG,Y TRA,DING L,IMITED 100 COMERCIALIZADOR FRONTERA FRANCIA Import. de comercializado ras,5
ERPCC01,UNIDAD COMPRA ENE,RGETICA,ENERGIES RENOVABLE,S PÚBL,IQUES,"DE CATALUNYA, S.A.U. 100 COMERCIALIZADOR ZONA ESPA ÑOLA Comercializador ",5
ERUNC02,COMPRA DE ENERGIA,,GREENVOLT COMUNIDA,"DES, S",A, 100 COMERCIALIZADOR ZONA PORT UGUESA Comercializador ,5
ESEGC01,UOF_SEGE,,SOCIETE EUROPEENNE,DE GE,STION,DE LENERGIE 100 COMERCIALIZADOR ZONA ESPA ÑOLA Comercializador ,5
ETNEC01,ETNEC01,,ETER ENERGIA,,, 100 COMERCIALIZADOR ZONA ESPA ÑOLA Comercializador ,5
ETSOC01,INICIAL,,ENERGY TRADER SOLU,TION S,L, 100 COMERCIALIZADOR ZONA ESPA ÑOLA Comercializador ,5
EVIVC01,18W0000000000UV4,,ENERGIA VIVA SPAIN SL,.,, 100 COMERCIALIZADOR ZONA ESPA ÑOLA Comercializador ,5
EVMER01,UOF SRAD,,ENERGYA VM GESTION,DE EN,"ERGIA,",S.L. 100 COMERCIALIZADOR ZONA ESPA ÑOLA Compra Comercializador Balance,5
EYCEC01,18W0000000005XMU,,ENERGIA Y COMER EMP,RESAR,IAL SL, 100 COMERCIALIZADOR ZONA ESPA ÑOLA Comercializador ,5
EYPC01,ESTABANELL PAHISA,COMPRA (ESP),"ESTABANELL IMPULSA,",S.A.,, 100 COMERCIALIZADOR ZONA ESPA ÑOLA Comercializador ,5
EZURC02,UNIDADE DE COMPRA,,"EZU ENERGIA, LDA",,, 100 COMERCIALIZADOR ZONA PORT UGUESA Comercializador ,5
FECC01,FECII COMPRA,,FLUID ELECTRIC CA,MPRODON II SL,,100 COMERCIALIZADOR ZONA ESPA ÑOLA Comercializador  ,6
FEDAC04,FEDA UNIDAD OFERTA,,FEDA,,,100 COMERCIALIZADOR FRONTERA ANDORRA Comercializador  ,6
FEMCC01,FEMCV COMPRA,,FLUIDO ELECTRICO,"MUSEROS, S.CO",OP.V.,100 COMERCIALIZADOR ZONA ESPA ÑOLA Comercializador  ,6
FENC01,FENIE,,FENIE ENERGIA,,,100 COMERCIALIZADOR ZONA ESPA ÑOLA Compras Comer cial ización,6
FENEC01,FENERGAS ENERGIA,SL,FENERGAS ENERGI,A SL,,100 COMERCIALIZADOR ZONA ESPA ÑOLA Comercializador  ,6
FORTC01,FORTIA COMPRA (ESP,),"FORTIA ENERGIA, S",.L.,,100 COMERCIALIZADOR ZONA ESPA ÑOLA Comercializador  ,6
FORTIC2,FORTIA COMPRA (POR,T),"FORTIA ENERGIA, S",.L.,,100 COMERCIALIZADOR ZONA PORT UGUESA Compras Comer cial ización,6
FORTR01,FORTIA SRAD,,"FORTIA ENERGIA, S",.L.,,100 COMERCIALIZADOR ZONA ESPA ÑOLA Compra Comerci aliz ador Bal,6
FOXC01,UNIDAD FOX PENINSU,LA,"FOX ENERGIA, S.A.",,,100 COMERCIALIZADOR ZONA ESPA ÑOLA Comercializador  ,6
FRANC01,18W000000000Q1QY,,FRANK ENERGIA IB,"ERIA, S.L",,100 COMERCIALIZADOR ZONA ESPA ÑOLA Comercializador  ,6
FTULC01,FORTULUZ COMERCIA,LIZADORA,"ENSTROGA, S.L.",,,100 COMERCIALIZADOR ZONA ESPA ÑOLA Compras Comer cial ización,6
FUSEC01,COMERICALIZ_PEN,,FUSE ENERGY IBER,ICA SL,,100 COMERCIALIZADOR ZONA ESPA ÑOLA Comercializador  ,6
GABAC01,GABA COMPRA,,GABA COMERCIALI,ZADORA DE ELEC,TRICIDAD S.L.U.,100 COMERCIALIZADOR ZONA ESPA ÑOLA Comercializador  ,6
GACC01,GEOATLANTER COMP,ESP,GEOATLANTER,,,100 COMERCIALIZADOR ZONA ESPA ÑOLA Comercializador  ,6
GALAC01,GALASUR,,IBERELECTRICA CO,MERCIALIZADOR,"A, SL",100 COMERCIALIZADOR ZONA ESPA ÑOLA Compras Comer cial ización,6
GALPC01,GALP ENERGIA ESPAÑ,A,GALP ENERGÍA ESP,"AÑA, S.A.U.",,100 COMERCIALIZADOR ZONA ESPA ÑOLA Compras Comer cial ización,6
GALPR01,GALPR01,,GALP ENERGÍA ESP,"AÑA, S.A.U.",,100 COMERCIALIZADOR ZONA ESPA ÑOLA Compra Comerci aliz ador Bal,6
GALPWC2,GALP POWER PORTU,GAL COMPRA,PETROGAL SA,,,100 COMERCIALIZADOR ZONA PORT UGUESA Comercializador  ,6
GAMIC01,18W000000000PW8I,,GAMBITOENERGY S,.L.,,100 COMERCIALIZADOR ZONA ESPA ÑOLA Comercializador  ,6
GAOLC01,GAOLANIA,,GAOLANIA SERVICI,OS S.L,,100 COMERCIALIZADOR ZONA ESPA ÑOLA Compras Comer cial ización,6
GDIVC01,GDIVC01_COMPRA PE,NINSULAR,GASELEC DIVERSIF,"ICACIÓN, S.L.",,100 COMERCIALIZADOR ZONA ESPA ÑOLA Compras Comer cial ización,6
GEGC01,GRUPO ENERGALICIA,,XENERA COMPAÑIA,ELECTRICA S.A.,,100 COMERCIALIZADOR ZONA ESPA ÑOLA Compras Comer cial ización,6
GEOAC01,UP COMPRA 1,,"GEO ALTERNATIVA,",SL,,100 COMERCIALIZADOR ZONA ESPA ÑOLA Comercializador  ,6
GEOLC01,GEO LUZ Y GAS,,GEO LUZ Y GAS SL,,,100 COMERCIALIZADOR ZONA ESPA ÑOLA Comercializador  ,6
GESIC01,COMPRA COMERCIALI,ZACIÓN,GESTINER INGENIE,"ROS, SL",,100 COMERCIALIZADOR ZONA ESPA ÑOLA Compras Comer cial ización,6
GESLC01,GESL,,GERENCIA ENERGE,"TICA,SL",,100 COMERCIALIZADOR ZONA ESPA ÑOLA Comercializador  ,6
GESQC01,COMERCIALIZACION,,GESTION INTEGRAL,COMUNIDADES,ENERGETICAS EUROPA,100 COMERCIALIZADOR ZONA ESPA ÑOLA Comercializador  ,6
GESTC01,GESTERNOVA COMPR,A (ESP),"GESTERNOVA, S.A",,,100 COMERCIALIZADOR ZONA ESPA ÑOLA Comercializador  ,6
GESTC02,GESTO COMERCIALIZ,ADORA,GESTO COMERCIAL,IZACAO DE ENE,"RGIA, UNIPESSOAL LDA",100 COMERCIALIZADOR ZONA PORT UGUESA Comercializador  ,6
GMEC01,COMPRA COMERCIALI,ZADORA,GARCIA-MUNTE EN,ERGIA SL,,100 COMERCIALIZADOR ZONA ESPA ÑOLA Comercializador  ,6
GMTCP3,IMPORT FROM FR W/O,CAP RIGHTS,GAZPROM MARKET,ING AND TRADIN,G LTD,100 COMERCIALIZADOR FRONTERA FRANCIA Comercializador no residente,6
GMTVP3,EXP TO FRE W/O CAP,RIGHTS,GAZPROM MARKET,ING AND TRADIN,G LTD,100 COMERCIALIZADOR FRONTERA FRANCIA Import. de comer cia lizadoras,6
GNCOCP3,GNCO DERECH COMP,RA (FRANCIA),GAS NATURAL COM,ERCIALIZADORA,,100 COMERCIALIZADOR FRONTERA FRANCIA Comercializador no residente,6
GNCOC01,GAS NATURAL COMER,CIALIZADORA,GAS NATURAL COM,ERCIALIZADORA,,100 COMERCIALIZADOR ZONA ESPA ÑOLA Comercializador  ,6
GNCOC02,UNIDAD OFERTA POR,TUGAL,GAS NATURAL COM,ERCIALIZADORA,,100 COMERCIALIZADOR ZONA PORT UGUESA Compras Comer cial ización,6
GNCOVP3,GNCO DERECH VENTA,(FRANCIA),GAS NATURAL COM,ERCIALIZADORA,,100 COMERCIALIZADOR FRONTERA FRANCIA Import. de agent es externos,6
GNRACP3,EXPORTACION GNERA,CON,GNERA ENERGIA Y,TECNOLOGIA,,100 COMERCIALIZADOR FRONTERA FRANCIA Comercializador  ,6
GNRAC01,U COMERCIALIZACION,GENERICA,GNERA ENERGIA Y,TECNOLOGIA,,100 COMERCIALIZADOR ZONA ESPA ÑOLA Comercializador  ,6
GNRAVP3,IMPORTACION GNERA,CON DERECHOS,GNERA ENERGIA Y,TECNOLOGIA,,100 COMERCIALIZADOR FRONTERA FRANCIA Import. de comer cia lizadoras,6
GNSEC01,GAS NATURAL SERV C,OMPRA (ESP),NATURGY IBERIA S.,A.,,100 COMERCIALIZADOR ZONA ESPA ÑOLA Comercializador  ,6
GNSEC02,GNS COMPRA PORTU,GAL,NATURGY IBERIA S.,A.,,100 COMERCIALIZADOR ZONA PORT UGUESA Compras Comer cial ización,6
GNSER01,GNSER01,,NATURGY IBERIA S.,A.,,100 COMERCIALIZADOR ZONA ESPA ÑOLA Compra Comerci aliz ador Bal,6
GOENC01,GOENC01,,"GODAY ENERGIA, S",.L.,,100 COMERCIALIZADOR ZONA ESPA ÑOLA Comercializador  ,6
GOIEC01,COMPRA COMERCIALI,ZADORA,GOIENER S.COOP,,,100 COMERCIALIZADOR ZONA ESPA ÑOLA Compras Comer cial ización,6
GOIRM01,REPRESENTACION ME,GARA,GOIENER S.COOP,,,100 COMERCIALIZADOR ZONA ESPA ÑOLA Compras Comer cial ización,6
GOIRM02,REPRESENTACION SO,LABRIA,GOIENER S.COOP,,,100 COMERCIALIZADOR ZONA ESPA ÑOLA Compras Comer cial ización,6
GOIRM03,REPRESENTACION NO,SA,GOIENER S.COOP,,,100 COMERCIALIZADOR ZONA ESPA ÑOLA Compras Comer cial ización,6
GOIRM05,REPRESENTACION LA,CORRIENTE,GOIENER S.COOP,,,100 COMERCIALIZADOR ZONA ESPA ÑOLA Compras Comer cial ización,6
GOIRM07,REPRESENTACION AR,AIA,GOIENER S.COOP,,,100 COMERCIALIZADOR ZONA ESPA ÑOLA Compras Comer cial ización,6
GOIRM08,REPRESENTACION ME,RKAOÑA,GOIENER S.COOP,,,100 COMERCIALIZADOR ZONA ESPA ÑOLA Compras Comer cial ización,6
GOLDC02,GOLDE COMPRA PT,,GOLDENERGY COM,ERCIALIZADORA,"ENERGIA, S.A.",100 COMERCIALIZADOR ZONA PORT UGUESA Comercializador  ,6
GREEC01,UNIDAD OFERTANTE G,REEN,GREENSUNRISE EN,"ERGY, S.L.",,100 COMERCIALIZADOR ZONA ESPA ÑOLA Comercializador  ,6
GRTEC01,GRTEC01,,GERENTA ENERGIA,SLU,,100 COMERCIALIZADOR ZONA ESPA ÑOLA Comercializador  ,6
GSLZC01,GSLZC01,,GASILUZ ECO ENER,"CÍA, S.L.",,100 COMERCIALIZADOR ZONA ESPA ÑOLA Comercializador  ,6
GSTCP3,GST BUYING UNIT,,ENGIE GLOBAL MAR,"KETS, BELGIAN",BRANCH,100 COMERCIALIZADOR FRONTERA FRANCIA Comercializador no residente,6
GSTVP3,GST SELLING UNIT,,ENGIE GLOBAL MAR,"KETS, BELGIAN",BRANCH,100 COMERCIALIZADOR FRONTERA FRANCIA Import. de agent es externos,6
GUISC01,GUIS COMPRA,,CORPORACIÓN ALI,MENTARIA GUISS,"ONA, S.A.",100 COMERCIALIZADOR ZONA ESPA ÑOLA Compras Comer cial ización,6
GURBC01,GURBC01,"GURBTEC ENERGIA, S",L,,, 100 COMERCIALIZADOR ZONA ESPA ÑOLA Comercializador,7
GWHCC01,UNIDAD OFERTANTE GWH,GWH COMERCIALIZAD,OR,A E,LÉCTRIC,"A, S.L. 100 COMERCIALIZADOR ZONA ESPA ÑOLA Comercializador",7
G9TEC02,G9TELECOM_COMERCIALIZACAO,"G9, SA",,,, 100 COMERCIALIZADOR ZONA PORT UGUESA Comercializador,7
HAFEC01,"HAFESA MOBILITY ELC, S.L.",HAXX POWER & GAS,S.L.,U.,, 100 COMERCIALIZADOR ZONA ESPA ÑOLA Comercializador,7
HCGC01,HIDROCANTABRICO G. COMPRA(ESP),"EDP ESPAÑA, S.A.U. (",COM,ER,CIAL), 100 COMERCIALIZADOR ZONA ESPA ÑOLA Comercializador,7
HCNSC01,HCNSE COMPRA,HC-NATURGAS EMPR,ESA,DE,SERVICI,"OS ENERGETICOS, S.L. 100 COMERCIALIZADOR ZONA ESPA ÑOLA Comercializador",7
HECEC01,HEC ENERGIA COM.,HIDROELÉCTRICA EL,CAR,ME,N ENERG,"ÍA, S.L. 100 COMERCIALIZADOR ZONA ESPA ÑOLA Compras Comer",7
HELEC01,UNIDAD DE COMPRA HELIOELEC,HELIOELEC ENERGIA,ELE,CT,RICA Y G,AS SOCIEDAD LIMITAD 100 COMERCIALIZADOR ZONA ESPA ÑOLA Comercializador,7
HIDSC01,HIDSE COMERCIALIZADORA ESP,HIDROBESORA SERVI,CIO,"S,",S.L.U., 100 COMERCIALIZADOR ZONA ESPA ÑOLA Comercializador,7
HISPC01,HISPAELEC ENERGIA S.A.,ALPIQ ENERGÍA ESPA,"ÑA,",S.A,.U., 100 COMERCIALIZADOR ZONA ESPA ÑOLA Comercializador,7
HIS1R01,HIS1R01,ALPIQ ENERGÍA ESPA,"ÑA,",S.A,.U., 100 COMERCIALIZADOR ZONA ESPA ÑOLA Compra Comerc,7
HLYC01,HALLEY COM,"HALLEY ENERGY, SO",CIED,AD,LIMITAD,A 100 COMERCIALIZADOR ZONA ESPA ÑOLA Comercializador,7
HOYEC01,HOY ENERGIA,"HOY ENERGIA, S.L.",,,, 100 COMERCIALIZADOR ZONA ESPA ÑOLA Comercializador,7
HSATC01,HSAT COMPRA,HSAT21 ENERGIA S.L.,,,, 100 COMERCIALIZADOR ZONA ESPA ÑOLA Comercializador,7
HSCOC01,HSCOC01,HIDROELECTRICA DE,SIL,LED,A COMER,"CIALIZADORA, S.L. 100 COMERCIALIZADOR ZONA ESPA ÑOLA Comercializador",7
HYDRC01,UNIDAD DE OFERTA,HYDROEXERGY S.L.U,.,,, 100 COMERCIALIZADOR ZONA ESPA ÑOLA Comercializador,7
IBDSC01,U. OFERTA IBERDESA,IBERDESA COMERCIA,LIZ,ADO,"RA, S.L", 100 COMERCIALIZADOR ZONA ESPA ÑOLA Comercializador,7
IBEGCP3,IBEG DERECHOS COMPRA(FRAN),IBERDROLA ENERGÍA,ES,PAÑ,A S..A., 100 COMERCIALIZADOR FRONTERA FRANCIA Comercializador,7
IBEGC05,IBEG COMPRA (MARR),IBERDROLA ENERGÍA,ES,PAÑ,A S..A., 100 COMERCIALIZADOR FRONTERA MARRUECOS Comercializador,7
IBEGVP3,IBERDROLA VENTA (FRAN) DER,IBERDROLA ENERGÍA,ES,PAÑ,A S..A., 100 COMERCIALIZADOR FRONTERA FRANCIA Import. de come,7
IBGECP3,IBGE DERECHOS COMPRA(FRAN),IBERDROLA ENERGÍA,ES,PAÑ,A S..A., 100 COMERCIALIZADOR FRONTERA FRANCIA Comercializador,7
IBGEVP3,IBGE DERECHOS VENTA(FRAN),IBERDROLA ENERGÍA,ES,PAÑ,A S..A., 100 COMERCIALIZADOR FRONTERA FRANCIA Import. de come,7
IBLEC02,IBELE PORTUGAL,IBELECTRA MERCADO,"S, L",DA,, 100 COMERCIALIZADOR ZONA PORT UGUESA Comercializador,7
IBMXC01,18W000000000Q8YY,IBERMAX ENERGY Y C,ON,SU,"LTING, S.",L. 100 COMERCIALIZADOR ZONA ESPA ÑOLA Comercializador,7
IBRM01,IBERDROLA SERVICIOS ENERGETICO,IBERDROLA ENERGÍA,ES,PAÑ,A S..A., 100 COMERCIALIZADOR ZONA ESPA ÑOLA Compras Comer,7
IBRM02,COMERCIALIZADORA FASTLIGHT,IBERDROLA ENERGÍA,ES,PAÑ,A S..A., 100 COMERCIALIZADOR ZONA ESPA ÑOLA Compras Comer,7
IBRM03,ELECTRA COMERCIALIZADORA,IBERDROLA ENERGÍA,ES,PAÑ,A S..A., 100 COMERCIALIZADOR ZONA ESPA ÑOLA Compras Comer,7
ICGAC01,COMERCIALIZADOR PARA E.E.,INGENIERIA Y COMER,. DE,L G,"AS, S.A.", 100 COMERCIALIZADOR ZONA ESPA ÑOLA Comercializador,7
ICLIC01,IBERDROLA CLIENTES COMPRA,IBERDROLA ENERGÍA,ES,PAÑ,A S..A., 100 COMERCIALIZADOR ZONA ESPA ÑOLA Rep. de comerci,7
ICLIC02,IBERDROLA CLIENTES COMPRA,IBERDROLA ENERGÍA,ES,PAÑ,A S..A., 100 COMERCIALIZADOR ZONA PORT UGUESA Rep. de comerci,7
ICLIR01,COMERCIALIZADOR BALANCE SRAD,IBERDROLA ENERGÍA,ES,PAÑ,A S..A., 100 COMERCIALIZADOR ZONA ESPA ÑOLA Compra Comerc,7
IDENC02,IDENG,ID ENGENHARIA LDA,,,, 100 COMERCIALIZADOR ZONA PORT UGUESA Comercializador,7
IENOC01,UOF COMERCIALIZADOR IENOV,INICIATIVA E.NOVA,,,, 100 COMERCIALIZADOR ZONA ESPA ÑOLA Comercializador,7
IGESC01,IBERDROLA GENERACION ESPAÑA C,IBERDROLA ENERGÍA,ES,PAÑ,A S..A., 100 COMERCIALIZADOR ZONA ESPA ÑOLA Comercializador,7
IGESC02,IBERDROLA GENERACIÓN ESPAÑA C,IBERDROLA ENERGÍA,ES,PAÑ,A S..A., 100 COMERCIALIZADOR ZONA PORT UGUESA Comercializador,7
IGESC2,IGES COM PORTUGAL,IBERDROLA ENERGÍA,ES,PAÑ,A S..A., 100 COMERCIALIZADOR ZONA PORT UGUESA Compras Comer,7
IGNRM02,IGNIS REPRESENTACIÓN COMERS,IGNIS ENERGIA S.L.,,,, 100 COMERCIALIZADOR ZONA ESPA ÑOLA Compras Comer,7
IGNRM03,UF COMPRA LUZY COMER,IGNIS ENERGIA S.L.,,,, 100 COMERCIALIZADOR ZONA ESPA ÑOLA Compras Comer,7
IGNRM04,UOF CANDELA,IGNIS ENERGIA S.L.,,,, 100 COMERCIALIZADOR ZONA ESPA ÑOLA Compras Comer,7
IGNRM06,UOF FIBER,IGNIS ENERGIA S.L.,,,, 100 COMERCIALIZADOR ZONA ESPA ÑOLA Compras Comer,7
IGNRM07,UOF LINK COMER,IGNIS ENERGIA S.L.,,,, 100 COMERCIALIZADOR ZONA ESPA ÑOLA Compras Comer,7
IGNRM08,UOF PINDO COMER,IGNIS ENERGIA S.L.,,,, 100 COMERCIALIZADOR ZONA ESPA ÑOLA Compras Comer,7
IGNRM09,UOF ALIZA ENERGIA,IGNIS ENERGIA S.L.,,,, 100 COMERCIALIZADOR ZONA ESPA ÑOLA Compras Comer,7
IGNRM10,UOF ENUCA PENINSULA,IGNIS ENERGIA S.L.,,,, 100 COMERCIALIZADOR ZONA ESPA ÑOLA Compras Comer,7
IGNRM11,UOF MORTERO SOLAR,IGNIS ENERGIA S.L.,,,, 100 COMERCIALIZADOR ZONA ESPA ÑOLA Compras Comer,7
IMAXC01,"IMAXINA ENERGIA, S.L.","IMAXINA ENERGIA, S.",L.,,, 100 COMERCIALIZADOR ZONA ESPA ÑOLA Comercializador,7
IMPEC01,IMPERIUM,IMPERIUM LUMEN S.A,.,,, 100 COMERCIALIZADOR ZONA ESPA ÑOLA Comercializador,7
IM3C01,IM3C01,IM3 ENERGIA SL,,,, 100 COMERCIALIZADOR ZONA ESPA ÑOLA Comercializador,7
INARC01,INARC01,INARGY SPOT SLU,,,, 100 COMERCIALIZADOR ZONA ESPA ÑOLA Comercializador,7
INDAC01,"INDAREL KUDEAKETA, SLU",INDAREL KUDEAKETA,", SL",U,, 100 COMERCIALIZADOR ZONA ESPA ÑOLA Comercializador,7
INDEC01,PRNCIPAL,INDEXO ENERGIA SL,,,, 100 COMERCIALIZADOR ZONA ESPA ÑOLA Comercializador,7
INERC01,COMPRA COMERCIALIZACIÓN 1,INER ENERGIA CASTI,LLA,LA,MANCHA,SL 100 COMERCIALIZADOR ZONA ESPA ÑOLA Compras Comer,7
INERM02,INUSC01,INER ENERGIA CASTI,LLA,LA,MANCHA,SL 100 COMERCIALIZADOR ZONA ESPA ÑOLA Compras Comer,7
INERM03,INEMA,INER ENERGIA CASTI,LLA,LA,MANCHA,SL 100 COMERCIALIZADOR ZONA ESPA ÑOLA Compras Comer,7
INGEC01,UNIDAD OFERTA INGEM,INGEM ENERGIA SL,,,, 100 COMERCIALIZADOR ZONA ESPA ÑOLA Compras Comer,7
INTRC01,INTERENERGIA,INTERENERGIA ENER,GY,TRA,DING CO,MPANY S.L. 100 COMERCIALIZADOR ZONA ESPA ÑOLA Comercializador,7
IONAC01,U. OFERTA IONA,IONA ENERGÍA S.L.,,,, 100 COMERCIALIZADOR ZONA ESPA ÑOLA Comercializador,7
IRISC01,IRISC01,IRIS ENERGIA EFICIEN,"TE,",SA,, 100 COMERCIALIZADOR ZONA ESPA ÑOLA Comercializador,7
ISAEC01,COMERCIALIZADORA,ISAE COMERCIALIZACI,"ÓN, SOCIEDAD LIMITADA",100,COMERCIALIZADOR,ZONA ESPA ÑOLA Comercializador  ,8
ISMSC01,ISM COMERCIALIZADORA,INGEBAU SOLUCIONES,DE MEDIDA SL,100,COMERCIALIZADOR,ZONA ESPA ÑOLA Comercializador  ,8
ISMSR01,UOF SRAD 01,INGEBAU SOLUCIONES,DE MEDIDA SL,100,COMERCIALIZADOR,ZONA ESPA ÑOLA Compra Comerci ali zador Ba,8
JAFPC02,JAFPLUS,JAF PLUS LDA,,100,COMERCIALIZADOR,ZONA PORT UGUESA Comercializador  ,8
JMFEC01,COMERCIALIZACION,JMF ENERGÍAS RENOV,"ABLES, S.L.",100,COMERCIALIZADOR,ZONA ESPA ÑOLA Comercializador  ,8
JOSEC01,JOSEP COMPRA,ELECTRICA SUDANELL,S.L,100,COMERCIALIZADOR,ZONA ESPA ÑOLA Comercializador  ,8
JRONCP3,JARON DERECHOS COMP(FRAN),J. ARON & COMPANY,,100,COMERCIALIZADOR,FRONTERA FRANCIA Comercializador no resident,8
JRONVP3,JARON DERECHOS VENT(FRAN),J. ARON & COMPANY,,100,COMERCIALIZADOR,FRONTERA FRANCIA Import. de agent es externos,8
JUANC01,JUANX_UP,"JUAN ENERGY, SLU",,100,COMERCIALIZADOR,ZONA ESPA ÑOLA Comercializador  ,8
JUSEC01,JUSEC01,JUST ENERGY PRO LU,Z SL,100,COMERCIALIZADOR,ZONA ESPA ÑOLA Compras Comer cia lización,8
KARMC01,UNIDAD COMPRA KARMA,ISOEN ENERGY SOLUT,IONS SL,100,COMERCIALIZADOR,ZONA ESPA ÑOLA Comercializador  ,8
KINEC01,KINE COMPRAS,KINESTALIA ENERGIA S,OCIEDAD LIMITADA,100,COMERCIALIZADOR,ZONA ESPA ÑOLA Comercializador  ,8
KONYC01,KONRY COMERCIALIZADORA,KONERY EFICIENCIA E,"NERGÉTICA, S.L.",100,COMERCIALIZADOR,ZONA ESPA ÑOLA Comercializador  ,8
KREAC01,KREAC01,REPSOL ENERGÍA DIGI,"TAL, SLU",100,COMERCIALIZADOR,ZONA ESPA ÑOLA Comercializador  ,8
KVASCP3,KVASICOMPRA,KVASIR TECHNOLOGIE,S LIMITED,100,COMERCIALIZADOR,FRONTERA FRANCIA Comercializador no resident,8
KVASVP3,KVASIVENTA,KVASIR TECHNOLOGIE,S LIMITED,100,COMERCIALIZADOR,FRONTERA FRANCIA Import. de agent es externos,8
LABOC01,LABOIL COMPRAS,LABOIL ENERGIA SL,,100,COMERCIALIZADOR,ZONA ESPA ÑOLA Compras Comer cia lización,8
LADYC01,LADY WARSAW INVESMENT SL,LADY WARSAW INVEST,MENT SL,100,COMERCIALIZADOR,ZONA ESPA ÑOLA Comercializador  ,8
LAMPC01,"LAMPYRIS ENERGIA, S.L.","LAMPYRIS ENERGIA, S.",L.,100,COMERCIALIZADOR,ZONA ESPA ÑOLA Comercializador  ,8
LAOBC01,LAOBC01,LABOR SOLIS COMERC,IALIZADORA DE ENERGÍA S.L,100,COMERCIALIZADOR,ZONA ESPA ÑOLA Comercializador  ,8
LAUEC01,LAUEI,LA UNIÓN ELECTRO IN,"DUSTRIAL, S.L.U.",100,COMERCIALIZADOR,ZONA ESPA ÑOLA Compras Comer cia lización,8
LAURM01,REPRESENTACION 01,LA UNIÓN ELECTRO IN,"DUSTRIAL, S.L.U.",100,COMERCIALIZADOR,ZONA ESPA ÑOLA Compras Comer cia lización,8
LAURM03,REPRESENTACION 03,LA UNIÓN ELECTRO IN,"DUSTRIAL, S.L.U.",100,COMERCIALIZADOR,ZONA ESPA ÑOLA Compras Comer cia lización,8
LAURM06,REPRESENTACION 06,LA UNIÓN ELECTRO IN,"DUSTRIAL, S.L.U.",100,COMERCIALIZADOR,ZONA ESPA ÑOLA Compras Comer cia lización,8
LAURM07,REPRESENTACION 07,LA UNIÓN ELECTRO IN,"DUSTRIAL, S.L.U.",100,COMERCIALIZADOR,ZONA ESPA ÑOLA Compras Comer cia lización,8
LAURM10,REPRESENTACION CORPOLUX,LA UNIÓN ELECTRO IN,"DUSTRIAL, S.L.U.",100,COMERCIALIZADOR,ZONA ESPA ÑOLA Compras Comer cia lización,8
LAURM11,REPRESENTACION POZO,LA UNIÓN ELECTRO IN,"DUSTRIAL, S.L.U.",100,COMERCIALIZADOR,ZONA ESPA ÑOLA Compras Comer cia lización,8
LAURM12,REPRESENTACION ALGIMIA,LA UNIÓN ELECTRO IN,"DUSTRIAL, S.L.U.",100,COMERCIALIZADOR,ZONA ESPA ÑOLA Compras Comer cia lización,8
LAURM13,REPRESENTACION CASABLANCA,LA UNIÓN ELECTRO IN,"DUSTRIAL, S.L.U.",100,COMERCIALIZADOR,ZONA ESPA ÑOLA Compras Comer cia lización,8
LAVAC01,LA VALL COMERCILIZADORA,LA VALL COMERCIALIZ,ADORA ELECTRICA SL,100,COMERCIALIZADOR,ZONA ESPA ÑOLA Comercializador  ,8
LDGIC01,UNIDAD OFERTANTE LIDERGIA,EVERGREEN ELECTRIC,A SLU,100,COMERCIALIZADOR,ZONA ESPA ÑOLA Compras Comer cia lización,8
LEGAC01,ELEGA UNIDAD DE OERTA,ELEGA ENERGIA,,100,COMERCIALIZADOR,ZONA ESPA ÑOLA Comercializador  ,8
LEONC01,UNIDAD OFERTANTE LEON COMER,LEON COMERCIALIZAD,ORA DE ENERGIA S.L.,100,COMERCIALIZADOR,ZONA ESPA ÑOLA Comercializador  ,8
LERC01,LERSA COMPRA (ESP),COMERCIALIZADORA L,ERSA,100,COMERCIALIZADOR,ZONA ESPA ÑOLA Compras Comer cia lización,8
LIDEC01,LIDERA COMERCIALIZACIÓN,GREENING SMART ENE,"RGY, SL",100,COMERCIALIZADOR,ZONA ESPA ÑOLA Compras Comer cia lización,8
LMERC01,COMERCIALIZADORA COMPRA,"LONJAS TECNOLOGÍA,",S.A.,100,COMERCIALIZADOR,ZONA ESPA ÑOLA Compras Comer cia lización,8
LOGIC02,UNIDADE LOGICA ENERGY,"LOGICA ENERGY, LDA",,100,COMERCIALIZADOR,ZONA PORT UGUESA Comercializador  ,8
LOVIC01,UO LOVIL,"LOVILUZ ENERGIA, S.L",,100,COMERCIALIZADOR,ZONA ESPA ÑOLA Comercializador  ,8
LOVRM01,REPR.LOCALUZ,"LOVILUZ ENERGIA, S.L",,100,COMERCIALIZADOR,ZONA ESPA ÑOLA Compras Comer cia lización,8
LPWEC01,U. OFERTA LOCALPOWER,LOCAL POWER ENERG,Y SL,100,COMERCIALIZADOR,ZONA ESPA ÑOLA Comercializador  ,8
LUBAC01,COMPRA PENINSULA,ENERGIA NORDICA GA,S Y ELECTRICIDAD S.L.U.,100,COMERCIALIZADOR,ZONA ESPA ÑOLA Compras Comer cia lización,8
LUCAC01,"LUCIFERASA-2 ENERGIA, S.L.","WIKU ENERGIA, S.L.",,100,COMERCIALIZADOR,ZONA ESPA ÑOLA Comercializador  ,8
LUCIC01,COMER LUCIE,SOMNI ENERGIA GLOB,"AL, S.L.",100,COMERCIALIZADOR,ZONA ESPA ÑOLA Comercializador  ,8
LUCKC01,UO LUCK01,LUCKY LUZ ENERGIA S,L,100,COMERCIALIZADOR,ZONA ESPA ÑOLA Comercializador  ,8
LUMIC01,LUMISA,COMPAÑIA LUMISA EN,"ERGIAS, SL",100,COMERCIALIZADOR,ZONA ESPA ÑOLA Compras Comer cia lización,8
LUM1C01,LUM1 COMPRA,HIDROELÉCTRICA LUM,YMEY,100,COMERCIALIZADOR,ZONA ESPA ÑOLA Compras Comer cia lización,8
LUSIC02,LUSIADAENERGIA,LUSIADAENERGIA S.A,,100,COMERCIALIZADOR,ZONA PORT UGUESA Comercializador  ,8
LUXIC01,LUXIA COMPRA,LUXIA ENERGIA Y CON,"SULTORES, S.L.",100,COMERCIALIZADOR,ZONA ESPA ÑOLA Comercializador  ,8
LUZBC02,LUZBOA,LUZBOA - COMERCIALI,ZAÇÃO DE ENERGIA LDA,100,COMERCIALIZADOR,ZONA PORT UGUESA Comercializador  ,8
MARTC01,UP_COMPRAS_MARTB,MULTIENERGÍAS MLC S,L,100,COMERCIALIZADOR,ZONA ESPA ÑOLA Comercializador  ,8
MASAC01,MASAC01,MAS ALLÁ PRODUCTOS,"ENERGÉTICOS, S.L.",100,COMERCIALIZADOR,ZONA ESPA ÑOLA Compras Comer cia lización,8
MASIC01,UNIDAD DE OFERTA,INTELIGENCIA PARA EL,AHORRO ENERGETICO S.L.,100,COMERCIALIZADOR,ZONA ESPA ÑOLA Comercializador  ,8
MAZEC01,UNIDAD OFERTA MAZE - COMER,MAZE ENERGY SLU,,100,COMERCIALIZADOR,ZONA ESPA ÑOLA Comercializador  ,8
MEGAC01,MEGAC01,MEGAWATIO ENERGÍA,SL,100,COMERCIALIZADOR,ZONA ESPA ÑOLA Compras Comer cia lización,8
MENEC01,MENER COMPRA,XENERA COMPAÑÍA EL,"ÉCTRICA,S.A.U.",100,COMERCIALIZADOR,ZONA ESPA ÑOLA Comercializador  ,8
MENGC02,UNIDADE DE COMPRA,"MELHOR ENERGIA, LDA",,100,COMERCIALIZADOR,ZONA PORT UGUESA Comercializador  ,8
MERCCP3,MERCU EXPORT WITH RIGHTS UNIT,MERCURIA ENERGY TR,ADING SA,100,COMERCIALIZADOR,FRONTERA FRANCIA Comercializador no resident,8
MERCVP3,MERCU IMPORT WITH RIGHTS UNIT,MERCURIA ENERGY TR,ADING SA,100,COMERCIALIZADOR,FRONTERA FRANCIA Import. de agent es externos,8
METEC01,18W000000000MBMS,,MET ENERGIA ES,"PANA, S.A.",, 100 COMERCIALIZADOR ZONA ESPAÑOLA Comercializador,9
METEC02,UOC PORTUGAL,,MET ENERGIA ES,"PANA, S.A.",, 100 COMERCIALIZADOR ZONA PORTUGUESA Comercializador,9
METER01,METER01,,MET ENERGIA ES,"PANA, S.A.",, 100 COMERCIALIZADOR ZONA ESPAÑOLA Compra Comerc,9
METRM01,METRM01,,MET ENERGIA ES,"PANA, S.A.",, 100 COMERCIALIZADOR ZONA ESPAÑOLA Compras Comer,9
METRM02,REP COMER,,MET ENERGIA ES,"PANA, S.A.",, 100 COMERCIALIZADOR ZONA ESPAÑOLA Compras Comer,9
METRM03,REP COMER,,MET ENERGIA ES,"PANA, S.A.",, 100 COMERCIALIZADOR ZONA ESPAÑOLA Compras Comer,9
METRM04,REP COMERC,,MET ENERGIA ES,"PANA, S.A.",, 100 COMERCIALIZADOR ZONA ESPAÑOLA Compras Comer,9
METRM05,REP COMER,,MET ENERGIA ES,"PANA, S.A.",, 100 COMERCIALIZADOR ZONA ESPAÑOLA Compras Comer,9
METRM06,REP COMER,,MET ENERGIA ES,"PANA, S.A.",, 100 COMERCIALIZADOR ZONA ESPAÑOLA Compras Comer,9
METRM07,REP COMER,,MET ENERGIA ES,"PANA, S.A.",, 100 COMERCIALIZADOR ZONA ESPAÑOLA Compras Comer,9
METRM08,REPRESENTACION,,MET ENERGIA ES,"PANA, S.A.",, 100 COMERCIALIZADOR ZONA ESPAÑOLA Compras Comer,9
METRM09,REP COMERCIALIZADORES,,MET ENERGIA ES,"PANA, S.A.",, 100 COMERCIALIZADOR ZONA ESPAÑOLA Compras Comer,9
METRM10,REP COMERCIALIZADORES,,MET ENERGIA ES,"PANA, S.A.",, 100 COMERCIALIZADOR ZONA ESPAÑOLA Compras Comer,9
METRM11,REP COMER,,MET ENERGIA ES,"PANA, S.A.",, 100 COMERCIALIZADOR ZONA ESPAÑOLA Compras Comer,9
METRM12,REP COMER,,MET ENERGIA ES,"PANA, S.A.",, 100 COMERCIALIZADOR ZONA ESPAÑOLA Compras Comer,9
METRM13,REP COMER SRAD,,MET ENERGIA ES,"PANA, S.A.",, 100 COMERCIALIZADOR ZONA ESPAÑOLA Compra Comerc,9
METRM14,REPRESENTACION,,MET ENERGIA ES,"PANA, S.A.",, 100 COMERCIALIZADOR ZONA ESPAÑOLA Compras Comer,9
METRM15,REP COMER,,MET ENERGIA ES,"PANA, S.A.",, 100 COMERCIALIZADOR ZONA ESPAÑOLA Compras Comer,9
METRM16,REPRESENTACION,,MET ENERGIA ES,"PANA, S.A.",, 100 COMERCIALIZADOR ZONA ESPAÑOLA Compras Comer,9
METRM18,REPRESENTACION,,MET ENERGIA ES,"PANA, S.A.",, 100 COMERCIALIZADOR ZONA ESPAÑOLA Compras Comer,9
METRM19,REPRESENTACION,,MET ENERGIA ES,"PANA, S.A.",, 100 COMERCIALIZADOR ZONA ESPAÑOLA Compras Comer,9
METRM20,REPRESENTACION,,MET ENERGIA ES,"PANA, S.A.",, 100 COMERCIALIZADOR ZONA ESPAÑOLA Compras Comer,9
METRM21,REPRESENTACION,,MET ENERGIA ES,"PANA, S.A.",, 100 COMERCIALIZADOR ZONA ESPAÑOLA Compras Comer,9
METRM22,REP COMER,,MET ENERGIA ES,"PANA, S.A.",, 100 COMERCIALIZADOR ZONA ESPAÑOLA Compras Comer,9
METRM23,REP COMER,,MET ENERGIA ES,"PANA, S.A.",, 100 COMERCIALIZADOR ZONA ESPAÑOLA Compras Comer,9
METRM24,REP COMERCIALIZADORA,,MET ENERGIA ES,"PANA, S.A.",, 100 COMERCIALIZADOR ZONA ESPAÑOLA Compras Comer,9
METRM25,REP COMER DIRECTA,,MET ENERGIA ES,"PANA, S.A.",, 100 COMERCIALIZADOR ZONA ESPAÑOLA Compras Comer,9
MINIC01,COMPRA COMERCIALIZADO,RA,EKHI ENERGY M,ANAGEMENT,S.L., 100 COMERCIALIZADOR ZONA ESPAÑOLA Compras Comer,9
MOTAC01,MOTAC01,,MONTARTO TEC,HNOLOGY SL,, 100 COMERCIALIZADOR ZONA ESPAÑOLA Comercializador,9
MOVHC01,COMER ES,,MOVHERA - HIDR,OELÉTRICAS,DO NORTE,SA 100 COMERCIALIZADOR ZONA ESPAÑOLA Comercializador,9
MSVSC01,MSVSL COMPRA,,MUNICIPAL DE S,ERVICIOS VIL,LAHERMOS,"ANA, S.L. 100 COMERCIALIZADOR ZONA ESPAÑOLA Comercializador",9
MULBC01,MULBC01,,MULTITELEC ENE,RGIA RENO,VABLES SL, 100 COMERCIALIZADOR ZONA ESPAÑOLA Comercializador,9
MULTC01,1,,MULTIENERGIA V,ERDE SL,, 100 COMERCIALIZADOR ZONA ESPAÑOLA Comercializador,9
MUONC02,MUON OMIE,,MUON ELECTRIC,", LDA.",, 100 COMERCIALIZADOR ZONA PORTUGUESA Comercializador,9
MUTAC01,MULTISEVICIOS TECNOLOG,"ICOS, S.",MULTISEVICIOS,TECNOLOGIC,"OS, S.A.", 100 COMERCIALIZADOR ZONA ESPAÑOLA Comercializador,9
MUVEC02,MUVEXT S.A.,,"MUVEXT, S.A.",,, 100 COMERCIALIZADOR ZONA PORTUGUESA Comercializador,9
MXXIC01,MXXIC01,,SIRAX ENERGY S,L,, 100 COMERCIALIZADOR ZONA ESPAÑOLA Comercializador,9
MYENC01,U. OFERTA DE COMPRA MY,ENERGIA,MY ENERGIA ON,ER S.L.,, 100 COMERCIALIZADOR ZONA ESPAÑOLA Comercializador,9
NABAC01,NABALIA,,NABALIA ENERGI,A 2000 S.A.,, 100 COMERCIALIZADOR ZONA ESPAÑOLA Comercializador,9
NAVAC01,PETRONAVARRA COMPRA E,SP,PETRO NAVARRA,", S.L.",, 100 COMERCIALIZADOR ZONA ESPAÑOLA Comercializador,9
NCEC01,COMPRA COMERCIALIZADO,RA,NUEVA COMERC,IALIZADORA,"ESPAÑOLA,",S.L. 100 COMERCIALIZADOR ZONA ESPAÑOLA Compras Comer,9
NCERM01,REPRESENTACION DE ALDE,FE A NCE,NUEVA COMERC,IALIZADORA,"ESPAÑOLA,",S.L. 100 COMERCIALIZADOR ZONA ESPAÑOLA Compras Comer,9
NCERM04,REPRESETNACION LUX,,NUEVA COMERC,IALIZADORA,"ESPAÑOLA,",S.L. 100 COMERCIALIZADOR ZONA ESPAÑOLA Compras Comer,9
NCERM06,REPRESENTACION DXD,,NUEVA COMERC,IALIZADORA,"ESPAÑOLA,",S.L. 100 COMERCIALIZADOR ZONA ESPAÑOLA Compras Comer,9
NCERM22,REPRESENTACION CHANDU,Y,NUEVA COMERC,IALIZADORA,"ESPAÑOLA,",S.L. 100 COMERCIALIZADOR ZONA ESPAÑOLA Compras Comer,9
NEASCP3,NEAS EXPORT WITH RIGHTS,UNIT,CENTRICA ENER,GY TRADING,AS, 100 COMERCIALIZADOR FRONTERA FRANCIA Comercializador,9
NEASC01,INTRADAY TRADING,,CENTRICA ENER,GY TRADING,AS, 100 COMERCIALIZADOR ZONA ESPAÑOLA Comercializador,9
NEASVP3,NEAS IMPORT WITH RIGHTS,UNIT,CENTRICA ENER,GY TRADING,AS, 100 COMERCIALIZADOR FRONTERA FRANCIA Import. de agent,9
NEMOC01,NEMON COMPRA ESPAÑA,,NEMON INTELLIG,ENCE IN BU,"SINESS, SL", 100 COMERCIALIZADOR ZONA ESPAÑOLA Comercializador,9
NETOC01,"NETON ENERGY SERVICES,",S.L.U.,NETON ENERGY,"SERVICES, S",.L.U., 100 COMERCIALIZADOR ZONA ESPAÑOLA Comercializador,9
NETRC01,UP NET,,NOVA ENERGIA T,RADING SL,, 100 COMERCIALIZADOR ZONA ESPAÑOLA Comercializador,9
NEURM02,REPRESENTACION 02,,NEURO ENERGIA,"Y GESTION,",SL, 100 COMERCIALIZADOR ZONA ESPAÑOLA Compras Comer,9
NEURM03,REPRESENTACION 03,,NEURO ENERGIA,"Y GESTION,",SL, 100 COMERCIALIZADOR ZONA ESPAÑOLA Compras Comer,9
NEURM05,REPRESENTACION 05,,NEURO ENERGIA,"Y GESTION,",SL, 100 COMERCIALIZADOR ZONA ESPAÑOLA Compras Comer,9
NEURM06,REPRESENTACION 06,,NEURO ENERGIA,"Y GESTION,",SL, 100 COMERCIALIZADOR ZONA ESPAÑOLA Compras Comer,9
NEURM07,REPRESENTACION 07,,NEURO ENERGIA,"Y GESTION,",SL, 100 COMERCIALIZADOR ZONA ESPAÑOLA Compras Comer,9
NEURM08,REPRESENTACION 08,,NEURO ENERGIA,"Y GESTION,",SL, 100 COMERCIALIZADOR ZONA ESPAÑOLA Compras Comer,9
NEURM09,REPRESENTACION 09,,NEURO ENERGIA,"Y GESTION,",SL, 100 COMERCIALIZADOR ZONA ESPAÑOLA Compras Comer,9
NEURM11,REPRESENTACION 11,,NEURO ENERGIA,"Y GESTION,",SL, 100 COMERCIALIZADOR ZONA ESPA ÑOLA Compras Comer,10
NEURM13,REPRESENTACION 13,,NEURO ENERGIA,"Y GESTION,",SL, 100 COMERCIALIZADOR ZONA ESPA ÑOLA Compras Comer,10
NEURM15,REPRESENTACION 15,,NEURO ENERGIA,"Y GESTION,",SL, 100 COMERCIALIZADOR ZONA ESPA ÑOLA Compras Comer,10
NEURM16,REPRESENTACION 16,,NEURO ENERGIA,"Y GESTION,",SL, 100 COMERCIALIZADOR ZONA ESPA ÑOLA Compras Comer,10
NEURM17,REPRESENTACION 17,,NEURO ENERGIA,"Y GESTION,",SL, 100 COMERCIALIZADOR ZONA ESPA ÑOLA Compras Comer,10
NEURM18,REPRESENTACION 18,,NEURO ENERGIA,"Y GESTION,",SL, 100 COMERCIALIZADOR ZONA ESPA ÑOLA Compras Comer,10
NEURM19,REPRESENTACION 19,,NEURO ENERGIA,"Y GESTION,",SL, 100 COMERCIALIZADOR ZONA ESPA ÑOLA Compras Comer,10
NEURM20,REPRESENTACION 20,,NEURO ENERGIA,"Y GESTION,",SL, 100 COMERCIALIZADOR ZONA ESPA ÑOLA Compras Comer,10
NEURM21,REPRESENTACION 21,,NEURO ENERGIA,"Y GESTION,",SL, 100 COMERCIALIZADOR ZONA ESPA ÑOLA Compras Comer,10
NEURM22,REPRESENTACION 22,,NEURO ENERGIA,"Y GESTION,",SL, 100 COMERCIALIZADOR ZONA ESPA ÑOLA Compras Comer,10
NEURM23,REPRESENTACION 23,,NEURO ENERGIA,"Y GESTION,",SL, 100 COMERCIALIZADOR ZONA ESPA ÑOLA Compras Comer,10
NEURM24,REPRESENTACION 24,,NEURO ENERGIA,"Y GESTION,",SL, 100 COMERCIALIZADOR ZONA ESPA ÑOLA Compras Comer,10
NEURM25,REPRESENTACION 25,,NEURO ENERGIA,"Y GESTION,",SL, 100 COMERCIALIZADOR ZONA ESPA ÑOLA Compras Comer,10
NEURM26,REPRESENTACION 26,,NEURO ENERGIA,"Y GESTION,",SL, 100 COMERCIALIZADOR ZONA ESPA ÑOLA Compras Comer,10
NEURM27,REPRESENTACION 27,,NEURO ENERGIA,"Y GESTION,",SL, 100 COMERCIALIZADOR ZONA ESPA ÑOLA Compras Comer,10
NEURM28,REPRESENTACION 28,,NEURO ENERGIA,"Y GESTION,",SL, 100 COMERCIALIZADOR ZONA ESPA ÑOLA Compras Comer,10
NEURM29,REPRESENTACION 29,,NEURO ENERGIA,"Y GESTION,",SL, 100 COMERCIALIZADOR ZONA ESPA ÑOLA Compras Comer,10
NEURM31,REPRESENTACION 31,,NEURO ENERGIA,"Y GESTION,",SL, 100 COMERCIALIZADOR ZONA ESPA ÑOLA Compras Comer,10
NEURM32,REPRESENTACION 32,,NEURO ENERGIA,"Y GESTION,",SL, 100 COMERCIALIZADOR ZONA ESPA ÑOLA Compras Comer,10
NEURM33,REPRESENTACION 33,,NEURO ENERGIA,"Y GESTION,",SL, 100 COMERCIALIZADOR ZONA ESPA ÑOLA Compras Comer,10
NEURM34,REPRESENTACION 34,,NEURO ENERGIA,"Y GESTION,",SL, 100 COMERCIALIZADOR ZONA ESPA ÑOLA Compras Comer,10
NEXOC01,NEXORA ENERGIA,,ALTANO CONNEC,"T, S.L.",, 100 COMERCIALIZADOR ZONA ESPA ÑOLA Comercializador,10
NEXTC01,"NEXT ENERGY PLUS, S.L.",,NEXT ENERGY PL,"US, S.L.",, 100 COMERCIALIZADOR ZONA ESPA ÑOLA Comercializador,10
NEXUC01,NEXUS ENERGÍA COMPR,A (ESP),NEXUS ENERGÍA,,, 100 COMERCIALIZADOR ZONA ESPA ÑOLA Comercializador,10
NIDHCP3,NIDHOG EXP,,NIDHOG APS,,, 100 COMERCIALIZADOR FRONTERA FRANCIA Comercializador,10
NIDHVP3,NIDHOG IMP,,NIDHOG APS,,, 100 COMERCIALIZADOR FRONTERA FRANCIA Import. de agent,10
NOBEC01,NOBEC01,,NOBE SOLUCION,ES Y ENERGI,A S.,L 100 COMERCIALIZADOR ZONA ESPA ÑOLA Compras Comer,10
NOBLCP3,EXPORT,,NOBLE CLEAN FU,ELS LIMITED,, 100 COMERCIALIZADOR FRONTERA FRANCIA Comercializador,10
NOBLVP3,IMPORT,,NOBLE CLEAN FU,ELS LIMITED,, 100 COMERCIALIZADOR FRONTERA FRANCIA Import. de come,10
NOCTC01,"NOCTILUCA ENERGIA, S.L",.,NOCTILUCA ENER,"GIA, S.L.",, 100 COMERCIALIZADOR ZONA ESPA ÑOLA Comercializador,10
NOREC01,NOREC01,,NORELECTRICA E,NERGIA S.L.,, 100 COMERCIALIZADOR ZONA ESPA ÑOLA Compras Comer,10
NORTC01,ELECTRA NORTE COMPR,A (ESP),ELECTRA NORTE,"ENERGÍA, S.",A.U., 100 COMERCIALIZADOR ZONA ESPA ÑOLA Comercializador,10
NOVAC02,NOVAE COMPRA,,"NOSSA ENERGIA,",COMÉRICIO,DE,ENERGIA LDA 100 COMERCIALIZADOR ZONA PORT UGUESA Comercializador,10
NUKIC01,UNIDAD DE OFERTA PENI,NSULAR,NUKIK ENERGY S,L,, 100 COMERCIALIZADOR ZONA ESPA ÑOLA Comercializador,10
NUMCC01,NUMINARION SL,,NUMINARION SL,,, 100 COMERCIALIZADOR ZONA ESPA ÑOLA Comercializador,10
NVLUC01,NVLUC01,,NOVALUZ ENERG,"ÍA, S.L.",, 100 COMERCIALIZADOR ZONA ESPA ÑOLA Comercializador,10
NYCLC01,NATURGY CLIENTES COM,PRA - PE,NATURGY CLIENT,"ES, S.A.",, 100 COMERCIALIZADOR ZONA ESPA ÑOLA Comercializador,10
OCYC01,OCYC01,,OCYENER S.L.,,, 100 COMERCIALIZADOR ZONA ESPA ÑOLA Comercializador,10
ODARC01,ODARA RENOVABLES,,ODARA RENOVAB,"LES, S.L.",, 100 COMERCIALIZADOR ZONA ESPA ÑOLA Comercializador,10
ODELC01,ODELC01,,ODELL ENERGY S,.L,, 100 COMERCIALIZADOR ZONA ESPA ÑOLA Comercializador,10
OENC02,NOVO REGISTO,,"OENEO ENERGY,",LDA,, 100 COMERCIALIZADOR ZONA PORT UGUESA Comercializador,10
OESTC01,OESTC01,,RONDA OESTE E,"NERGÍA, S.L.",, 100 COMERCIALIZADOR ZONA ESPA ÑOLA Comercializador,10
OKENC01,OKENC01,,OK TU ENERGIA V,ERDE SL,, 100 COMERCIALIZADOR ZONA ESPA ÑOLA Comercializador,10
OLEC01,OLE COMPRA COMERCIA,LIZACION,SIESTA GREEN E,NERGY S.L.,, 100 COMERCIALIZADOR ZONA ESPA ÑOLA Compras Comer,10
OLIVC01,OLIVIA COMERCIALIZADO,RA 01,OLIVIA COMERCI,ALIZADORA S,.L.U., 100 COMERCIALIZADOR ZONA ESPA ÑOLA Comercializador,10
ONDEC01,UNIDAD DE OFERTA PRIN,CIPAL,ON DEMAND FACI,LITIES S.L.U.,, 100 COMERCIALIZADOR ZONA ESPA ÑOLA Compras Comer,10
ONDEC02,UNIDAD OFERTA PORTUG,AL,ON DEMAND FACI,LITIES S.L.U.,, 100 COMERCIALIZADOR ZONA PORT UGUESA Comercializador,10
ONDRM14,ONDRM14,,ON DEMAND FACI,LITIES S.L.U.,, 100 COMERCIALIZADOR ZONA ESPA ÑOLA Compras Comer,10
ONEACH,ONE - AGENT EXTERNE -,COMPRA,OFFICE NATIONA,L D'ELECTRI,CITÉ,ET DE L'EAU POTABLE 100 COMERCIALIZADOR FRONTERA MARRUECOS Comercializador,10
ONEVEN,ONE - AGENT EXTERNE -,VENTA,OFFICE NATIONA,L D'ELECTRI,CITÉ,ET DE L'EAU POTABLE 100 COMERCIALIZADOR FRONTERA MARRUECOS Import. de agent,10
ORWEC01,COMERCIALIZACION,,ORWELL POWER,SL,, 100 COMERCIALIZADOR ZONA ESPA ÑOLA Comercializador,10
OURGC01,UNIDAD DE OFERTA,,OUR GREEN ENE,"RGY, S.L.",, 100 COMERCIALIZADOR ZONA ESPA ÑOLA Comercializador,10
PANDC01,18W000000000SXYP,,PANDORA ENERG,"ÍA, S.L.",, 100 COMERCIALIZADOR ZONA ESPA ÑOLA Comercializador,10
PETEC02,START,,PETROTERMICA E,NERGIA S.A,., 100 COMERCIALIZADOR ZONA PORT UGUESA Comercializador,10
PETRC01,COMPRA PETRONIEVES,ENERGIA,NIEVES ENERGIA,", S.L.",, 100 COMERCIALIZADOR ZONA ESPA ÑOLA Compras Comer,10
PEURM01,REP VALIRA,,PRODUCTORA EL,ÉCTRICA UR,GEL,"ENSE-1, S.L. 100 COMERCIALIZADOR ZONA ESPA ÑOLA Compras Comer",10
PISUC01,PISUE,,PISUERGA INFRA,ESTRUCTUR,AS E,NERGETICAS SL 100 COMERCIALIZADOR ZONA ESPA ÑOLA Comercializador,10
POLAC01,UNIDAD DE OFERTA POL,AR,POLAR COMERCI,ALIZADORA E,LEC,TRICA SL 100 COMERCIALIZADOR ZONA ESPA ÑOLA Comercializador,10
PONCC01,PONTC COMERCIALIZADO,R ESP,PONTS COMERCIALITZAD,ORA MUNICIPA,"L DENERGIA ELECTRICA,",100 COMERCIALIZADOR ZONA ESPA ÑOLA Comercializador  ,11
PORTC02,PORTULOGOS POWER,,PORTULOGOS POWER LD,A,,100 COMERCIALIZADOR ZONA PORT UGUESA Comercializador  ,11
POTEC01,POTENZIA UP,,POTENZIA COMERCIALIZA,DORA SL,,100 COMERCIALIZADOR ZONA ESPA ÑOLA Compras Comer cia lización,11
POWCP3,PURCHASE UNIT,,POWERMART APS,,,100 COMERCIALIZADOR FRONTERA FRANCIA Comercializador no resident,11
POWEC01,PURCHASE UNIT,,POWERMART APS,,,100 COMERCIALIZADOR ZONA ESPA ÑOLA Comercializador  ,11
POWRC01,POWRC01,,POWER PULSE IBERIA SL,,,100 COMERCIALIZADOR ZONA ESPA ÑOLA Comercializador  ,11
POWVP3,SALES UNIT,,POWERMART APS,,,100 COMERCIALIZADOR FRONTERA FRANCIA Import. de agent es externos,11
PRAEC01,PRAETIUM ENERGY,,PRAETIUM ENERGY SL,,,100 COMERCIALIZADOR ZONA ESPA ÑOLA Comercializador  ,11
PROPC02,ELEC COMPRAS,,PROPENSALTERNATIVA -,UNIPESSOAL L,DA,100 COMERCIALIZADOR ZONA PORT UGUESA Comercializador  ,11
PROSC01,PROSC01,,PROSOL ENERGÍA COMER,CIALIZADORA,SL,100 COMERCIALIZADOR ZONA ESPA ÑOLA Comercializador  ,11
PRPIC02,COMERCIALIZADOR - COM,PRA,PROPICIMODUS-ENERGIA,S.A.,,100 COMERCIALIZADOR ZONA PORT UGUESA Comercializador  ,11
PRVLC01,PRVLC01,,PRIMEVOLT ENERGY SL,,,100 COMERCIALIZADOR ZONA ESPA ÑOLA Comercializador  ,11
PTLIC02,COMPRA ENERGIA PT LIV,E,MEO ENERGIA COMERCIA,LIZACAO DE E,NERGIA SA,100 COMERCIALIZADOR ZONA PORT UGUESA Comercializador  ,11
PULSC01,PULSAR ENERGY UOF,,PULSAR SERVICIOS ENER,GÉTICOS SL,,100 COMERCIALIZADOR ZONA ESPA ÑOLA Compras Comer cia lización,11
PWPC02,UNIDADE COMPRA,,POWER PLUS II - COMERC,IALIZACAO DE,"ENERGIA, LDA.",100 COMERCIALIZADOR ZONA PORT UGUESA Comercializador  ,11
QENEC01,UP COMECIALIZADORA Q,UASAR,QUASAR ENERGIA SL,,,100 COMERCIALIZADOR ZONA ESPA ÑOLA Comercializador  ,11
QUATC01,QUANT_UP,,QUANTICA COMERCIALIZA,DORA DE ENE,"RGIA ,SL",100 COMERCIALIZADOR ZONA ESPA ÑOLA Comercializador  ,11
RCONC01,UP PENINSULAR,,RENOVAE CONSULTING S,L,,100 COMERCIALIZADOR ZONA ESPA ÑOLA Comercializador  ,11
RDGAC01,RDG COMPRA,,RDG COMERCIALIZADORA,GALEGA DE E,"NERXIA, S.A.",100 COMERCIALIZADOR ZONA ESPA ÑOLA Comercializador  ,11
RECOC01,EMECE ENERGÍA,,REPRESENTANTES DE CO,NSUMIDORES,EN EL MERCADO ELECT,100 COMERCIALIZADOR ZONA ESPA ÑOLA Comercializador  ,11
REMIC01,REMIC01,,REMICA COMERCIALIZADO,"RA, S.A.U.",,100 COMERCIALIZADOR ZONA ESPA ÑOLA Compras Comer cia lización,11
RENUC01,18W000000000RZ3B,,"ENERSA ELECTRICIDAD, S",.A.,,100 COMERCIALIZADOR ZONA ESPA ÑOLA Compras Comer cia lización,11
REPPC02,COMERCIALIZACION REY,G PORTUGAL,"REPSOL PORTUGUESA, LD",A,,100 COMERCIALIZADOR ZONA PORT UGUESA Comercializador  ,11
REUSC01,UNIDAD COMPRAS CONS,UMIDORES,REUS SERVEIS MUNICIPAL,"S, SA",,100 COMERCIALIZADOR ZONA ESPA ÑOLA Comercializador  ,11
RIVEC02,MW,,"RIVER-ENERGY, UNIPESS",OAL LDA.,,100 COMERCIALIZADOR ZONA PORT UGUESA Comercializador  ,11
ROFEC01,ROFEICA ENERGIA,,"ROFEICA ENERGIA, S.A.",,,100 COMERCIALIZADOR ZONA ESPA ÑOLA Comercializador  ,11
ROLEC02,ROLEAR COMPRA,,ROLEAR - AUTOMATIZACO,ES ESTUDOS,REPRESENTACOES SA,100 COMERCIALIZADOR ZONA PORT UGUESA Comercializador  ,11
RONDC01,COMPRAS,,ELECTRICA SERRANIA DE,RONDA ENER,GIA S.L.,100 COMERCIALIZADOR ZONA ESPA ÑOLA Compras Comer cia lización,11
RSPEC01,RESPIRA ENERGIA COME,RC ESP,RESPIRA ENERGIA ESPAÑ,"A, S.A.",,100 COMERCIALIZADOR ZONA ESPA ÑOLA Comercializador  ,11
RSPRC01,UNIDAD COMPRAS CONS,UMIDORES,RESPIRA ENERGIA MEDITE,"RRANIA, S.A.",,100 COMERCIALIZADOR ZONA ESPA ÑOLA Compras Comer cia lización,11
SAFEC01,UNIDAD DE COMPRA,,SUSTAINING AIR FOR EVE,"RYONE, S.R.L.",,100 COMERCIALIZADOR ZONA ESPA ÑOLA Comercializador  ,11
SALPC01,SALPA COMERCIALIZADO,R ESP,ELECTRICA SALAS DE PAL,LARS COMER,CIALITZADORA S.L,100 COMERCIALIZADOR ZONA ESPA ÑOLA Comercializador  ,11
SAMAC01,SAMARA COMPRA,,"SAMARA ENERGIA VPP, S.",L.,,100 COMERCIALIZADOR ZONA ESPA ÑOLA Comercializador  ,11
SAMPC01,SAMP COMER,,SAMPOL INGENIERIA Y OB,"RAS, S.A.",,100 COMERCIALIZADOR ZONA ESPA ÑOLA Compras Comer cia lización,11
SEELC01,COMERCIALIZADORA SHE,EN,SHELL ENERGY EUROPE L,IMITED,,100 COMERCIALIZADOR ZONA ESPA ÑOLA Comercializador  ,11
SEIYC01,"SEIYA ENERGIA, S.L.",,"SEIYA ENERGIA, S.L.",,,100 COMERCIALIZADOR ZONA ESPA ÑOLA Comercializador  ,11
SERVC01,SERVICIOS AVANZADOS U,OF,SERVICIOS ENERGÉTICOS,AVANZADOS,SL,100 COMERCIALIZADOR ZONA ESPA ÑOLA Comercializador  ,11
SESAC01,SHELL ESPAÑA COMPRA,,SHELL ESPAÑA,,,100 COMERCIALIZADOR ZONA ESPA ÑOLA Comercializador  ,11
SESAR01,SHELL ESPAÑA SRAD,,SHELL ESPAÑA,,,100 COMERCIALIZADOR ZONA ESPA ÑOLA Compra Comerci ali zador Ba,11
SHEECP3,SHELL EN TR DERECHOS,COMP (FR),SHELL ENERGY EUROPE L,IMITED,,100 COMERCIALIZADOR FRONTERA FRANCIA Comercializador no resident,11
SHEEVP3,SHELL EN TR DERECHOS,VENT (FR),SHELL ENERGY EUROPE L,IMITED,,100 COMERCIALIZADOR FRONTERA FRANCIA Import. de agent es externos,11
SHERC01,SHERA COMPRA,,ENERGIA RESPONSABLE C,OMERCIALIZ,ADORA. SL,100 COMERCIALIZADOR ZONA ESPA ÑOLA Comercializador  ,11
SHIRC01,"SHIRYU ENERGIA, S.L.",,"SHIRYU ENERGIA, S.L.",,,100 COMERCIALIZADOR ZONA ESPA ÑOLA Comercializador  ,11
SIGNC01,SIGNO COMPRA,,"SIGNO ENERGY, S.L.",,,100 COMERCIALIZADOR ZONA ESPA ÑOLA Comercializador  ,11
SLCZC01,UNIDAD OFERTANTE SOL,UZIONA,"SOLUZIONA TU ENERGÍA,",S.L.,,100 COMERCIALIZADOR ZONA ESPA ÑOLA Comercializador  ,11
SMARCP3,SMARCCOMPRA,,SMARTESTENERGY LIMITE,D,,100 COMERCIALIZADOR FRONTERA FRANCIA Comercializador no resident,11
SMARVP3,SMARCVENTA,,SMARTESTENERGY LIMITE,D,,100 COMERCIALIZADOR FRONTERA FRANCIA Import. de agent es externos,11
SMGCP3,SMG DERECHOS COMPRA,(FRAN),STATKRAFT MARKETS GM,BH,,100 COMERCIALIZADOR FRONTERA FRANCIA Comercializador no resident,11
SMGC02,STATKRAFT MARKETS PT,COMMERCIA,STATKRAFT MARKETS GM,BH,,100 COMERCIALIZADOR ZONA PORT UGUESA Comercializador  ,11
SMGVP3,SMG DERECHOS VENTA(F,RAN),STATKRAFT MARKETS GM,BH,,100 COMERCIALIZADOR FRONTERA FRANCIA Import. de agent es externos,11
SOLFC01,COMPRA COMERCIALIZAD,ORA,SOLFLIX SOLAR S.L.,,,100 COMERCIALIZADOR ZONA ESPA ÑOLA Compras Comer cia lización,11
SOLIC01,PENINSULA,,"3 SOLIMA, SL",,,100 COMERCIALIZADOR ZONA ESPA ÑOLA Comercializador  ,11
SOLLC01,ELEC. SOLLERENSE COM,PRAS(ESP),"ELÉCTRICA SOLLERENSE,",S.A.U.,,100 COMERCIALIZADOR ZONA ESPA ÑOLA Comercializador  ,11
SOLRM01,SOLWC01,,SOLWE ENERGÍA,,,100 COMERCIALIZADOR ZONA ESPA ÑOLA Compras Comer cia lización,11
SOLTC01,SOLTC01,,LIMPIEZA ENERGÉTICA 20,24 SL,,100 COMERCIALIZADOR ZONA ESPA ÑOLA Compras Comer cia lización,11
SOLWC01,SOLWE,,SOLWE ENERGÍA,,,100 COMERCIALIZADOR ZONA ESPA ÑOLA Comercializador  ,11
SOMEC01,SOMEN COMPRA,,SOM ENERGIA SCCL,,,100 COMERCIALIZADOR ZONA ESPA ÑOLA Compras Comer cial ización,12
SONEC01,SOLUZ COMPRA,,SONESTA LUZ,,,100 COMERCIALIZADOR ZONA ESPA ÑOLA Comercializador  ,12
SONNC01,SONNC01,,SONNEDIX ESPAÑA CO,MERCIALIZA,"DORA, S.L.",100 COMERCIALIZADOR ZONA ESPA ÑOLA Comercializador  ,12
SOPRC01,PROFIT ENERGY PENINSUL,A,PROFIT ENERGY SL,,,100 COMERCIALIZADOR ZONA ESPA ÑOLA Comercializador  ,12
SORXC01,SORS MARKETS LTD,,SORS MARKETS LTD,,,100 COMERCIALIZADOR ZONA ESPA ÑOLA Comercializador  ,12
SPCKC01,SPOCK01,,SPOCK P2P S.L.,,,100 COMERCIALIZADOR ZONA ESPA ÑOLA Comercializador  ,12
SRVGC01,GASHOGAR15,,SERVIGAS S.XXI S.A.,,,100 COMERCIALIZADOR ZONA ESPA ÑOLA Comercializador  ,12
SRVIC01,UP PENINSULAR,,SERVINERGIA ELECTRI,CA SL,,100 COMERCIALIZADOR ZONA ESPA ÑOLA Comercializador  ,12
SRVRM01,DOMESTICA GAS Y ELECTRI,CIDAD,SERVIGAS S.XXI S.A.,,,100 COMERCIALIZADOR ZONA ESPA ÑOLA Compras Comer cial ización,12
SRVRM02,REPRESENTACIÓN ZUG PO,WER,SERVIGAS S.XXI S.A.,,,100 COMERCIALIZADOR ZONA ESPA ÑOLA Compras Comer cial ización,12
SSEECP3,COMPRSSE,,SSE ENERGY SUPPLY L,IMITED,,100 COMERCIALIZADOR FRONTERA FRANCIA Comercializador no residente,12
SSEEVP3,VENTASSE,,SSE ENERGY SUPPLY L,IMITED,,100 COMERCIALIZADOR FRONTERA FRANCIA Import. de comer cia lizadoras,12
STAC02,COMERCIALIZADORA START,,START CAMPUS ENERG,Y UNIPESSO,AL LDA,100 COMERCIALIZADOR ZONA PORT UGUESA Comercializador  ,12
STAQC01,STACO COMERCIALIZADOR,ESP,ELECTRICA MUNICIPAL,DE SANTA C,OLOMA DE QUERALT COM,100 COMERCIALIZADOR ZONA ESPA ÑOLA Comercializador  ,12
STINC01,STINC01,,STIN S.A.,,,100 COMERCIALIZADOR ZONA ESPA ÑOLA Compras Comer cial ización,12
STROC01,ENERGY STROM COMPRAS,,"ENERGY STROM XXI, S",.L.,,100 COMERCIALIZADOR ZONA ESPA ÑOLA Compras Comer cial ización,12
SUCAC01,SUCAS COMERCIALIZACION,ESP,SUCA SDAD COOP AND,ALUZA,,100 COMERCIALIZADOR ZONA ESPA ÑOLA Comercializador  ,12
SUMAC01,COMPRA DE ENERGÍA,,SUMA ENERGIA COMER,CIALIZADOR,A S.L.,100 COMERCIALIZADOR ZONA ESPA ÑOLA Comercializador  ,12
SUNCC01,COMPRA COMERCIALIZADO,RA SUNCA,POWER WATT ENERGY,"ISLAND, S.L.",,100 COMERCIALIZADOR ZONA ESPA ÑOLA Comercializador  ,12
SUNC02,UNIDADE PROGRAMACAO D,E COMPRA,SUNCORE ER - ENERG,"Y RETAIL, UN",IPESSOAL LDA,100 COMERCIALIZADOR ZONA PORT UGUESA Comercializador  ,12
SUNFC01,COMPRA COMERCIALIZADO,RA,SUNFLIX RENOVABLES,S.L.,,100 COMERCIALIZADOR ZONA ESPA ÑOLA Compras Comer cial ización,12
SUPRC01,SUMINISTROS PROPIOS EN,"ERGIA, S",SUMINISTROS PROPIO,"S ENERGIA, S",LU,100 COMERCIALIZADOR ZONA ESPA ÑOLA Comercializador  ,12
SYENC01,SYENC01,,SHARE YOUR ENERGY,SL,,100 COMERCIALIZADOR ZONA ESPA ÑOLA Comercializador  ,12
TALEC01,TALEN COMERCIALIZADOR,ESP,TALARN ENERGIA ELEC,TRICA S.L.U,,100 COMERCIALIZADOR ZONA ESPA ÑOLA Comercializador  ,12
TATAC01,TATAC01,,TATANKA ENERGÍA S.L.,,,100 COMERCIALIZADOR ZONA ESPA ÑOLA Comercializador  ,12
TAURM01,TAUTRA REPRESENTACION,1,TAUTRA ENERGIA S.L.,,,100 COMERCIALIZADOR ZONA ESPA ÑOLA Compras Comer cial ización,12
TAURM02,TAUTRA REPRESENTACION,2,TAUTRA ENERGIA S.L.,,,100 COMERCIALIZADOR ZONA ESPA ÑOLA Compras Comer cial ización,12
TAUTC01,TAUTRA COMPRA,,TAUTRA ENERGIA S.L.,,,100 COMERCIALIZADOR ZONA ESPA ÑOLA Comercializador  ,12
TENDC01,TENDE,,TENSINA ENERGIA Y S,ERVICIOS SL,,100 COMERCIALIZADOR ZONA ESPA ÑOLA Comercializador  ,12
TEOTC01,UNIDAD OFERTANTE TORNA,,TORNADIZOS ENERGY,SL,,100 COMERCIALIZADOR ZONA ESPA ÑOLA Comercializador  ,12
TERSC01,TERSA COMPRA PEN,,TERSA - TRACTAMENT,I SELECCIÓ,"DE RESIDUS, S.A.",100 COMERCIALIZADOR ZONA ESPA ÑOLA Comercializador  ,12
TGYER01,ES-KIM,,TOTALENERGIES GAS,AND POWER,LIMITED,100 COMERCIALIZADOR ZONA ESPA ÑOLA Compra Comerci aliz ador Bal,12
THELC01,TH ELECTRICITY GAS SL,,TH ELECTRICITY GAS S,L,,100 COMERCIALIZADOR ZONA ESPA ÑOLA Comercializador  ,12
TIRCC01,COTIR COMERCIALIZADOR E,SP,SOCIETAT MUNICIPAL,DE COM. ELE,"CTRICA DE TIRVIA, S.L.",100 COMERCIALIZADOR ZONA ESPA ÑOLA Comercializador  ,12
TLCMC01,TELECOR COMERCIALIZADO,RA,TELECOR,,,100 COMERCIALIZADOR ZONA ESPA ÑOLA Comercializador  ,12
TOECC01,BUY BID UNIT,,SECOND FOUNDATION,TRADING AG,,100 COMERCIALIZADOR ZONA ESPA ÑOLA Comercializador  ,12
TOMMC01,"TOMMI ENERGY, S.L.",,"TOMMI ENERGY, S.L.",,,100 COMERCIALIZADOR ZONA ESPA ÑOLA Comercializador  ,12
TORMC01,TORMESH SOLUTIONS,,TORMESH SOLUTION S,L,,100 COMERCIALIZADOR ZONA ESPA ÑOLA Comercializador  ,12
TOTGCP3,TOTAL GA DERECHOS COM,PRA(FRAN),TOTALENERGIES GAS,AND POWER,LIMITED,100 COMERCIALIZADOR FRONTERA FRANCIA Comercializador no residente,12
TOTGVP3,TOTAL GAS DERECHOS VEN,TA(FRAN),TOTALENERGIES GAS,AND POWER,LIMITED,100 COMERCIALIZADOR FRONTERA FRANCIA Import. de agent es externos,12
TOTRM01,REPRESENTACION TGYE,,TOTALENERGIES GAS,AND POWER,LIMITED,100 COMERCIALIZADOR ZONA ESPA ÑOLA Compras Comer cial ización,12
TOTRM02,REPRESENTACION HCENE,,TOTALENERGIES GAS,AND POWER,LIMITED,100 COMERCIALIZADOR ZONA ESPA ÑOLA Compras Comer cial ización,12
TOTRM03,REPRESENTACION NAGAC0,1,TOTALENERGIES GAS,AND POWER,LIMITED,100 COMERCIALIZADOR ZONA ESPA ÑOLA Compras Comer cial ización,12
TRICC01,TRICLINIUM,,TRICLINIUM INVERSION,ES SL,,100 COMERCIALIZADOR ZONA ESPA ÑOLA Comercializador  ,12
TSOLC01,TSOL UNIDAD DE OFERTA,,TELEFÓNICA SOLUCIO,NES DE INFO,RMÁTICA Y COMUNICACIO,100 COMERCIALIZADOR ZONA ESPA ÑOLA Comercializador  ,12
TSRDCP3,TSRDE EXPORT,,ENGELHART CTP RENE,WABLES GM,BH,100 COMERCIALIZADOR FRONTERA FRANCIA Comercializador no residente,12
TSRDVP3,TSRDE IMPORT UNIT,,ENGELHART CTP RENE,WABLES GM,BH,100 COMERCIALIZADOR FRONTERA FRANCIA Import. de agent es externos,12
TUELC01,UO TU ELECTRICA,,TU ELECTRICA S.L.,,,100 COMERCIALIZADOR ZONA ESPA ÑOLA Comercializador  ,12
UBORC01,"UBORA ENERGIA SOCIAL, S.",L.,UBORA ENERGIA SOCI,"AL, S.L.",,100 COMERCIALIZADOR ZONA ESPA ÑOLA Comercializador  ,12
ULSOC01,ULTREYA,,ULTREYA SOLUCIONES,SL,,100 COMERCIALIZADOR ZONA ESPA ÑOLA Comercializador  ,12
UMEMC01,UNIDAD DE COMERCIALIZ U,MEME,OCTOPUS ENERGY ES,"PAÑA, S.L.",,100 COMERCIALIZADOR ZONA ESPA ÑOLA Comercializador  ,12
UNELC01,UNIELECTRICA,,UNIELECTRICA ENERGI,A S.A.,,100 COMERCIALIZADOR ZONA ESPA ÑOLA Compras Comer cial ización,12
UNIPC01,MARKET BIDDING UNIT,,UNIPER GLOBAL COMM,ODITIES SE,,100 COMERCIALIZADOR ZONA ESPA ÑOLA Comercializador  ,12
URACC01,URANOSCOPIDAE VII ENER,"GIA, S.L",URANOSCOPIDAE VII E,"NERGIA, S.L.",,100 COMERCIALIZADOR ZONA ESPA ÑOLA Comercializador  ,12
URAIC01,URANOSCOPIDAE IV ENERG,"IA, S.L.","EVOLVE ENERGÍA, SL",,,100 COMERCIALIZADOR ZONA ESPA ÑOLA Compras Comer cial ización,12
URBCC01,UP URBEN COMERCIALIZAD,ORA,SISTEMAS URBANOS D,E ENERGIAS,RENOVABLES S.L,100 COMERCIALIZADOR ZONA ESPA ÑOLA Comercializador  ,12
URUSC01,URUS ENERGY SORIA SL,,URUS ENERGY SORIA,SL,,100 COMERCIALIZADOR ZONA ESPA ÑOLA Comercializador  ,12
USENC02,UNIDADE DE COMPRA,,USENERGY,,,100 COMERCIALIZADOR ZONA PORT UGUESA Comercializador  ,12
VAQC01,EL. VAQUER ENERGI,A,COMPRA(ESP),ELÉCTRICA VAQUER ENERG,ÍA, 100   COMERCIA LI ZADOR  ZONA ESPAÑOLA Comercializador ,13
VARAC01,COMERCIALIZADOR,M,ERCADO LIBRE,VARAENER SL,, 100   COMERCIA LI ZADOR  ZONA ESPAÑOLA Comercializador ,13
VIEECA1,VIESGO ENERGIA 2 (,E,SP),REPSOL COMERCIALIZADOR,A DE ELECTRICID,AD Y GAS SLU 100   COMERCIA LI ZADOR  ZONA ESPAÑOLA Comercializador ,13
VIMC01,PRINCIPAL VIMCO,,,VIMCOMEL,, 100   COMERCIA LI ZADOR  ZONA ESPAÑOLA Comercializador ,13
VIRIC01,18W0000000003U2D,,,VIRGIN ELECTRIC,, 100   COMERCIA LI ZADOR  ZONA ESPAÑOLA Comercializador ,13
VIROC02,VIROQUE_UP,,,"VIROQUE ENERGY, S.L.",, 100   COMERCIA LI ZADOR  ZONA PORTUGUESA Comercializador ,13
VIRUC01,COMPRA COMERCIAL,I,ZADORA,SOCIEDAD ARAGONESA DE,COMERCIALIZACI,ÓN DE ENERGÍA 100   COMERCIA LI ZADOR  ZONA ESPAÑOLA Compras Comer cialización,13
VISLC01,COMPRA VISALIA,,,VISALIA ENERGIA SLU,, 100   COMERCIA LI ZADOR  ZONA ESPAÑOLA Compras Comer cialización,13
VISRM10,REPRESENTACION S,E,ROSENSE,VISALIA ENERGIA SLU,, 100   COMERCIA LI ZADOR  ZONA ESPAÑOLA Compras Comer cialización,13
VISRM11,REPRESENTACION B,A,RTER SHARING,VISALIA ENERGIA SLU,, 100   COMERCIA LI ZADOR  ZONA ESPAÑOLA Compras Comer cialización,13
VITLCP3,VITOL COMPRAS PAR,A,EXPORT FRA,VITOL S.A.,, 100   COMERCIA LI ZADOR  FRONTERA FRANCIA Comercializador no reside,13
VITLC01,VITOL COMPRAS PEN,I,NSULA,VITOL S.A.,, 100   COMERCIA LI ZADOR  ZONA ESPAÑOLA Comercializador ,13
VITLVP3,VITOL VENTAS DESD,E,IMPORT FRA,VITOL S.A.,, 100   COMERCIA LI ZADOR  FRONTERA FRANCIA Import. de agent es externo,13
VIVOC01,VIVO,,,VIVO ENERGIA FUTURA S.A.,, 100   COMERCIA LI ZADOR  ZONA ESPAÑOLA Comercializador ,13
VNLSC01,ELECTRICA DE VINAL,E,SA SCV,"ELECTRICA DE VINALESA, S",.C.V., 100   COMERCIA LI ZADOR  ZONA ESPAÑOLA Comercializador ,13
VOLNC02,UNIDAD DE COMPRA,D,E VOLTN,VOLTON - ENERGIA E SOLU,COES LDA, 100   COMERCIA LI ZADOR  ZONA PORTUGUESA Comercializador ,13
VTERM01,VTERM01,,,VITA ENERGY CONSULTING,SL, 100   COMERCIA LI ZADOR  ZONA ESPAÑOLA Compras Comer cialización,13
VTERM04,VTERM04,,,VITA ENERGY CONSULTING,SL, 100   COMERCIA LI ZADOR  ZONA ESPAÑOLA Compras Comer cialización,13
VTERM05,VTERM05,,,VITA ENERGY CONSULTING,SL, 100   COMERCIA LI ZADOR  ZONA ESPAÑOLA Compras Comer cialización,13
VTERM06,VTERM06,,,VITA ENERGY CONSULTING,SL, 100   COMERCIA LI ZADOR  ZONA ESPAÑOLA Compras Comer cialización,13
VTERM09,VTERM09,,,VITA ENERGY CONSULTING,SL, 100   COMERCIA LI ZADOR  ZONA ESPAÑOLA Compras Comer cialización,13
VTERM10,VTERM10,,,VITA ENERGY CONSULTING,SL, 100   COMERCIA LI ZADOR  ZONA ESPAÑOLA Compras Comer cialización,13
VTERM11,VTERM11,,,VITA ENERGY CONSULTING,SL, 100   COMERCIA LI ZADOR  ZONA ESPAÑOLA Compras Comer cialización,13
VTERM15,VTERM15,,,VITA ENERGY CONSULTING,SL, 100   COMERCIA LI ZADOR  ZONA ESPAÑOLA Compras Comer cialización,13
VTERM16,VTERM16,,,VITA ENERGY CONSULTING,SL, 100   COMERCIA LI ZADOR  ZONA ESPAÑOLA Compras Comer cialización,13
VTERM22,VTERM22,,,VITA ENERGY CONSULTING,SL, 100   COMERCIA LI ZADOR  ZONA ESPAÑOLA Compras Comer cialización,13
VTERM24,VTERM24,,,VITA ENERGY CONSULTING,SL, 100   COMERCIA LI ZADOR  ZONA ESPAÑOLA Compras Comer cialización,13
VTERM26,VTERM26,,,VITA ENERGY CONSULTING,SL, 100   COMERCIA LI ZADOR  ZONA ESPAÑOLA Compras Comer cialización,13
VTERM31,VTERM31,,,VITA ENERGY CONSULTING,SL, 100   COMERCIA LI ZADOR  ZONA ESPAÑOLA Compras Comer cialización,13
VTERM33,VTERM33,,,VITA ENERGY CONSULTING,SL, 100   COMERCIA LI ZADOR  ZONA ESPAÑOLA Compras Comer cialización,13
VTERM35,VTERM35,,,VITA ENERGY CONSULTING,SL, 100   COMERCIA LI ZADOR  ZONA ESPAÑOLA Compras Comer cialización,13
VTERM36,VTERM36,,,VITA ENERGY CONSULTING,SL, 100   COMERCIA LI ZADOR  ZONA ESPAÑOLA Compras Comer cialización,13
VVESC01,VIVA,,,VIVA ENERGIA Y SOLUCION,ES S.L., 100   COMERCIA LI ZADOR  ZONA ESPAÑOLA Compras Comer cialización,13
WATRM03,REPRESENTACION W,A,TOC01,VISALIA ENERGIA SLU,, 100   COMERCIA LI ZADOR  ZONA ESPAÑOLA Compras Comer cialización,13
WATRM07,REP. LUZ SOLIDARIA,IN,CLUSIVA,VISALIA ENERGIA SLU,, 100   COMERCIA LI ZADOR  ZONA ESPAÑOLA Compras Comer cialización,13
WATRM08,REPRESENTACION L,U,Z SOLIDARIA,VISALIA ENERGIA SLU,, 100   COMERCIA LI ZADOR  ZONA ESPAÑOLA Compras Comer cialización,13
WKWC01,WEKIWI,,,WEKIWI SL,, 100   COMERCIA LI ZADOR  ZONA ESPAÑOLA Comercializador ,13
WMARC01,COMERCIALIZACION,W,MARK,WIND TO MARKET,, 100   COMERCIA LI ZADOR  ZONA ESPAÑOLA Comercializador ,13
ZETAC01,COMERCIALIZACION,,,"ZETA ENERXIA GALEGA, S.L",., 100   COMERCIA LI ZADOR  ZONA ESPAÑOLA Comercializador ,13
ZOVEC01,ZOVEC01,,,"ZONA ENERGÍA VERDE, S.L.",, 100   COMERCIA LI ZADOR  ZONA ESPAÑOLA Comercializador ,13
ZRMTC01,UOF ZRMTT,,,COMERCIALIZADORA ELECT,RICA COMUNIDAD,SOLAR 100   COMERCIA LI ZADOR  ZONA ESPAÑOLA Compras Comer cialización,13
ZUGCC02,ZUGCR COMPRA,,,"ZUG POWER, S.L. - SUCURS",AL EM PORTUGAL, 100   COMERCIA LI ZADOR  ZONA PORTUGUESA Comercializador ,13
ZUGPC02,REPRESENTACION Z,U,G PORTUGAL,SERVIGAS S.XXI S.A.,, 100   COMERCIA LI ZADOR  ZONA PORTUGUESA Rep. de comerci alizadores,13
ZULUC01,ZULUX ENERGÍA,,,DINERGETICA 2050 SLU,, 100   COMERCIA LI ZADOR  ZONA ESPAÑOLA Comercializador ,13
CHCOC01,CHCOR COMPRA,,,COMERCIALIZADOR DE REF,ERENCIA ENERGÉ,"TICO, S.L.U 100 COMER CI ALIZADOR U LTIMO RECURSO ZONA ESPAÑOLA Comercializador ultimo rec",13
EDPUC2,EDP SERV. UNIV COM,P,RA (PORT),"SU ELETRICIDADE, S.A.",, 100 COMER CI ALIZADOR U LTIMO RECURSO ZONA PORTUGUESA Comercializador ultimo rec,13
EE21C01,ENDESA ENERGIA XX,I,COMPRA,ENERGÍA XXI COMERCIALIZ,ADORA DE REFER,"ENCIA, S.L. 100 COMER CI ALIZADOR U LTIMO RECURSO ZONA ESPAÑOLA Comercializador ultimo rec",13
EONUC01,EONUR CONSUMO CL,I,ENTES TUR,REGSITI COMERCIALIZADOR,"A REGULADA, S.L.",U. 100 COMER CI ALIZADOR U LTIMO RECURSO ZONA ESPAÑOLA Comercializador ultimo rec,13
GNSUC01,GN SUR COMPRA,,,COMERCIALIZADORA REGU,LADA GAS POWER,", S.A 100 COMER CI ALIZADOR U LTIMO RECURSO ZONA ESPAÑOLA Comercializador ultimo rec",13
HCURC01,HCCUR UNIDAD DE C,O,MPRA CUR,BASER COMERCIALIZADORA,DE REFERENCIA,SA 100 COMER CI ALIZADOR U LTIMO RECURSO ZONA ESPAÑOLA Comercializador ultimo rec,13
IBCUC01,IBERDROLA CUR,,,CURENERGÍA COMERCIALIZ,ADOR DE ÚLTIMO,"RECURSO, SAU 100 COMER CI ALIZADOR U LTIMO RECURSO ZONA ESPAÑOLA Comercializador ultimo rec",13
ABOX,COMPRA SERVICIOS,A,UXILIARES,ABOÑO GENERACIONES EL,ECTRICAS SLU, 100  C ONSUMIDO R DIREC TO ZONA ESPAÑOLA Consumo de pro ductores,13
ACAPC01,ACAPERSA 1997 S.L.,,,ACAPERSA 1997 SL,, 100  C ONSUMIDO R DIREC TO ZONA ESPAÑOLA Consumidor dire cto,13
ADXRC03,AUDAX RENOVABLES,,DIRECTA,AUDAX RENOVABLES S.A.,, 100  C ONSUMIDO R DIREC TO ZONA ESPAÑOLA Compras Consu mo Directo,13
AGERC04,ASTURAGUA SICA,,,GRUPO ENERGÉTICO ASEC,OR S.L, 100  C ONSUMIDO R DIREC TO ZONA ESPAÑOLA Compras Consu mo Directo,13
AGERC10,ONS CON,,,GRUPO ENERGÉTICO ASEC,OR S.L, 100  C ONSUMIDO R DIREC TO ZONA ESPAÑOLA Compras Consu mo Directo,13
AGMAC01,AGUAS DE MARQUES,A,DO,AGUAS DEL MARQUESADO,, 100  C ONSUMIDO R DIREC TO ZONA ESPAÑOLA Compras Consu mo Directo,13
AMBIETX,AMBIETA COM. AUX.,,,"AXPO IBERIA, S.L.",, 100  C ONSUMIDO R DIREC TO ZONA ESPAÑOLA Rep. Consumos Auxiliares,13
APRC01,APRESTOS DE LANERIA,,,APRESTOS DE LA,NERIA SA,  100 CONSUMIDOR DIRECTO ZONA ESPAÑOLA Consumidor directo ,14
ARGC01,ARGIMODE S L,,,ARGIMODE SL,,  100 CONSUMIDOR DIRECTO ZONA ESPAÑOLA Consumidor directo ,14
ARRU1XR,UOF CONSUMO SER. AUX.,ARRU1,,MOEVE GAS AND,"POWER,",S.A.U  100 CONSUMIDOR DIRECTO ZONA ESPAÑOLA Compras Co nsumos Auxili,14
ARRU2XR,UOF CONSUMO SER. AUX.,ARRU2,,MOEVE GAS AND,"POWER,",S.A.U  100 CONSUMIDOR DIRECTO ZONA ESPAÑOLA Compras Co nsumos Auxili,14
ASTCP3,ASTURAGUA FR COMPRA,,,ASTURAGUA SEV,ICIO INTE,GRAL DE L CICLO DEL AGUA SAU 100 CONSUMIDOR DIRECTO FRONTERA FRANCIA Consumidor directo ,14
ASTVP3,ASTURAGUA FR VENTA,,,ASTURAGUA SEV,ICIO INTE,GRAL DE L CICLO DEL AGUA SAU 100 CONSUMIDOR DIRECTO FRONTERA FRANCIA Import. de co mercia lizador,14
AVILC01,ALUMBRADO+EDIFICIOS AY,TO,,AYUNTAMIENTO D,E AVILE,S  100 CONSUMIDOR DIRECTO ZONA ESPAÑOLA Consumidor directo ,14
BAHIABX,BAHIAB SERV. AUXILIARES,,,BAHIA DE BIZKAIA,ELECTR,ICIDAD S. L. 100 CONSUMIDOR DIRECTO ZONA ESPAÑOLA Consumo de produc tores,14
BAKC01,BASKONIA KIROL HIRIA SLU,,,BASKONIA KIROL,HIRIA SL,U  100 CONSUMIDOR DIRECTO ZONA ESPAÑOLA Consumidor directo ,14
BIOC01,BIODIESEL ARAGON,,,BIODIESEL ARAG,ON SL,  100 CONSUMIDOR DIRECTO ZONA ESPAÑOLA Consumidor directo ,14
BRR1XR1,SSAA LOS BARRIOS REPR,,,"EDP ESPAÑA, S.A",.U. (GENE,RACIÓN)  100 CONSUMIDOR DIRECTO ZONA ESPAÑOLA Compras Co nsumos Auxili,14
BSGRC01,PLATA,,,BSG ENERGIA SL,,  100 CONSUMIDOR DIRECTO ZONA ESPAÑOLA Compras Co nsumo Directo,14
CALEC01,CALERA NUEVA,,,CALERA DE ALZO,S.L.,  100 CONSUMIDOR DIRECTO ZONA ESPAÑOLA Compras Co nsumo Directo,14
CALRC01,UNIDAD DE REPRESENTAC,ION,,CALERA DE ALZO,S.L.,  100 CONSUMIDOR DIRECTO ZONA ESPAÑOLA Compras Co nsumo Directo,14
CAMG20X,COMPRA SERV.AUX. CAMG,I20,,MOEVE GAS AND,"POWER,",S.A.U  100 CONSUMIDOR DIRECTO ZONA ESPAÑOLA Consumo de produc tores,14
CD02R01,CD02R01,,,MOEVE GAS AND,"POWER,",S.A.U  100 CONSUMIDOR DIRECTO ZONA ESPAÑOLA Compras Co ns. Dire cto Bal,14
CD03R01,CD03R01,,,MOEVE GAS AND,"POWER,",S.A.U  100 CONSUMIDOR DIRECTO ZONA ESPAÑOLA Compras Co ns. Dire cto Bal,14
CD04R01,CD04R01,,,MOEVE GAS AND,"POWER,",S.A.U  100 CONSUMIDOR DIRECTO ZONA ESPAÑOLA Compras Co ns. Dire cto Bal,14
CD05R01,CD05R01,,,MOEVE GAS AND,"POWER,",S.A.U  100 CONSUMIDOR DIRECTO ZONA ESPAÑOLA Compras Co ns. Dire cto Bal,14
CELC01,CELLTECH,,,CELLTECH S.L.U,,  100 CONSUMIDOR DIRECTO ZONA ESPAÑOLA Compras Co nsumo Directo,14
CELRC01,CELSA REP COMPRA ESPA,ÑA,,COMPAÑÍA ESPA,ÑOLA DE,"LAMINAC IÓN, S.L. 100 CONSUMIDOR DIRECTO ZONA ESPAÑOLA Compras Co nsumo Directo",14
CELRC02,CELSA REP COM ESP FERI,SA,,COMPAÑÍA ESPA,ÑOLA DE,"LAMINAC IÓN, S.L. 100 CONSUMIDOR DIRECTO ZONA ESPAÑOLA Compras Co nsumo Directo",14
CJON1XR,REPRESENTANTE DE CONS,UMOS,AUX,TOTALENERGIES,GAS AND,POWER LIMITED 100 CONSUMIDOR DIRECTO ZONA ESPAÑOLA Compras Co nsumos Auxili,14
CJON3XR,REPRESENTANTE DE CONS,UMOS,AUX,TOTALENERGIES,GAS AND,POWER LIMITED 100 CONSUMIDOR DIRECTO ZONA ESPAÑOLA Compras Co nsumos Auxili,14
CTNUX,GDF SUEZ CASTELNOU AU,X,,ENGIE CASTELNO,U,  100 CONSUMIDOR DIRECTO ZONA ESPAÑOLA Consumo de produc tores,14
CUPRC01,CUPIRE PADESA,,,CUPIRE PADESA,S.L,  100 CONSUMIDOR DIRECTO ZONA ESPAÑOLA Compras Co nsumo Directo,14
CUPRC02,BAJA TENSIÓN CON IE,,,CUPIRE PADESA,S.L,  100 CONSUMIDOR DIRECTO ZONA ESPAÑOLA Compras Co nsumo Directo,14
CZFVC01,CONSORCIO ZONA FRANCA,DE VI,GO,CONSORCIO ZON,A FRANC,A DE VIG O 100 CONSUMIDOR DIRECTO ZONA ESPAÑOLA Consumidor directo ,14
DEPOC01,DEPORTIVO ALAVES,,,DEPORTIVO ALAV,ES SAD,  100 CONSUMIDOR DIRECTO ZONA ESPAÑOLA Consumidor directo ,14
DETRC01,REP. CONSUMIDOR DIRECT,O ATZ,,MOEVE GAS AND,"POWER,",S.A.U  100 CONSUMIDOR DIRECTO ZONA ESPAÑOLA Compras Co nsumo Directo,14
DETRC02,DETRC02,,,MOEVE GAS AND,"POWER,",S.A.U  100 CONSUMIDOR DIRECTO ZONA ESPAÑOLA Compras Co nsumo Directo,14
DETRC16,DETRC16,,,MOEVE GAS AND,"POWER,",S.A.U  100 CONSUMIDOR DIRECTO ZONA ESPAÑOLA Compras Co nsumo Directo,14
DETSSAA,DETSSAA,,,MOEVE GAS AND,"POWER,",S.A.U  100 CONSUMIDOR DIRECTO ZONA ESPAÑOLA Consumo de produc tores,14
DOLRC01,DOLNO NUEVO,,,DOLOMITAS DEL,NORTE S.,A.  100 CONSUMIDOR DIRECTO ZONA ESPAÑOLA Compras Co nsumo Directo,14
DRERC01,UO COMPRA CD SIN EXENC,ION IE,,FOENER ENERGÍ,"A, S.L.",  100 CONSUMIDOR DIRECTO ZONA ESPAÑOLA Compras Co nsumo Directo,14
DRERC05,UO COMPRA CD EXENCION,85%,,FOENER ENERGÍ,"A, S.L.",  100 CONSUMIDOR DIRECTO ZONA ESPAÑOLA Compras Co nsumo Directo,14
DRERC06,UO COMPRA CD EXENCION,21.7%,,FOENER ENERGÍ,"A, S.L.",  100 CONSUMIDOR DIRECTO ZONA ESPAÑOLA Compras Co nsumo Directo,14
ECT2X,CONSUMOS AUXILIARES D,E ECT2,,IGNIS ENERGIA S.,L.,  100 CONSUMIDOR DIRECTO ZONA ESPAÑOLA Rep. Consu mos Au xiliares,14
ECYRREX,COMPRA SSAA ECYR,,,ENEL GREEN PO,WER ESP,AÑA SL (A CT: COM RE) 100 CONSUMIDOR DIRECTO ZONA ESPAÑOLA Consumo de produc tores,14
EDPCXR,REPRESENTANTE DE CONS,UMOS,AUX,TOTALENERGIES,GAS AND,POWER LIMITED 100 CONSUMIDOR DIRECTO ZONA ESPAÑOLA Compras Co nsumos Auxili,14
EENEC01,CONSUMO HUELVA,,,MAGNON GREEN,ENERGY,SL  100 CONSUMIDOR DIRECTO ZONA ESPAÑOLA Consumidor directo ,14
EENRC02,CONSUMO PONT+NAV,,,MAGNON GREEN,ENERGY,SL  100 CONSUMIDOR DIRECTO ZONA ESPAÑOLA Compras Co nsumo Directo,14
EGEDCX,UOF COMPRA SERVICIOS A,UX,,ACCIONA GREEN,ENERGY,DEVELO PMENTS 100 CONSUMIDOR DIRECTO ZONA ESPAÑOLA Consumo de produc tores,14
EGLEX,EGL SERV. AUX.(CONSUMO,),,"AXPO IBERIA, S.L.",,  100 CONSUMIDOR DIRECTO ZONA ESPAÑOLA Consumo de produc tores,14
ELEAUX,UNIDAD COMPRA CONSUM,OS AUX,ILIA,ELECTRICIDAD EL,"EIA, S.L.",U.  100 CONSUMIDOR DIRECTO ZONA ESPAÑOLA Consumo de produc tores,14
ENURC01,ENURC01,,,ENERGIA NUFRI S,LU,  100 CONSUMIDOR DIRECTO ZONA ESPAÑOLA Compras Co nsumo Directo,14
ESCCC1X,GDF SUEZ ESCOMBRERAS,1 AUX,,ENGIE CARTAGEN,A S.L,  100 CONSUMIDOR DIRECTO ZONA ESPAÑOLA Consumo de produc tores,14
ESCCC2X,GDF SUEZ ESCOMBRERAS,2 AUX,,ENGIE CARTAGEN,A S.L,  100 CONSUMIDOR DIRECTO ZONA ESPAÑOLA Consumo de produc tores,14
ESCCC3X,GDF SUEZ ESCOMBRERAS,3 AUX,,ENGIE CARTAGEN,A S.L,  100 CONSUMIDOR DIRECTO ZONA ESPAÑOLA Consumo de produc tores,14
EUCDR01,COMPRA CD BALANCE,,,WIND TO MARKET,", S.A.",  100 CONSUMIDOR DIRECTO ZONA ESPAÑOLA Compras Co ns. Dire cto Bal,14
EXISC01,EXIS COMPONENTS S.L.,,,EXIS COMPONEN,TS S.L.,  100 CONSUMIDOR DIRECTO ZONA ESPAÑOLA Consumidor directo ,14
FLAMC01,FLAMAGAS LLINARS SLU,,,FLAMAGAS LLINA,RS SLU,  100 CONSUMIDOR DIRECTO ZONA ESPAÑOLA Consumidor directo ,14
FLECC01,HORNO,,,LA FLECA DE L EM,PORDA,S.A.  100 CONSUMIDOR DIRECTO ZONA ESPAÑOLA Consumidor directo ,14
GEMRC01,UO REGANOSA,,,GESTION DE ENE,RGÍA Y M,"ERCADO S, S.L. 100 CONSUMIDOR DIRECTO ZONA ESPAÑOLA Compras Co nsumo Directo",14
GMEEC01,COMPRA CONSUMIDOR DIR,ECTO,,GARCIA-MUNTE E,NERGIA,SL  100 CONSUMIDOR DIRECTO ZONA ESPAÑOLA Consumidor directo ,14
GRAFC01,GRAFICAS VARIAS S.A.,,,GRAFICAS VARIA,S S.A.,  100 CONSUMIDOR DIRECTO ZONA ESPAÑOLA Consumidor directo ,14
GUISC02,GUIS CONSUMIDOR DIRECT,O,,CORPORACIÓN A,LIMENTA,"RIA GUIS SONA, S.A. 100 CONSUMIDOR DIRECTO ZONA ESPAÑOLA Compras Co nsumo Directo",14
GUISR01,GUISSONA SRAD,,,CORPORACIÓN A,LIMENTA,"RIA GUIS SONA, S.A. 100 CONSUMIDOR DIRECTO ZONA ESPAÑOLA Compras Co ns. Dire cto Bal",14
HAPOC01,HAPOC01,,HARINAS POLO S.A,,,    100 CONSUMIDOR DIRECTO ZONA ESPAÑOLA Consumidor directo ,15
HCGCOX,COMPRA SSAA PARA PA,RQUES EOLIC,"EDP ESPAÑA, S.A.U.",(,GENERACIÓN),    100 CONSUMIDOR DIRECTO ZONA ESPAÑOLA Consumo de produc tores,15
HILAC01,S.A. HILADOS EGARFIL,,S.A. HILADOS EGAR,FI,L,    100 CONSUMIDOR DIRECTO ZONA ESPAÑOLA Consumidor directo ,15
IBGESX,IBGES CONSUMO SERV,AUXILIARES,IBERDROLA ENERG,ÍA,ESPAÑA S..A.,    100 CONSUMIDOR DIRECTO ZONA ESPAÑOLA Consumo de produc tores,15
INVVC01,INVERGOMAR,,INVERGOMAR REST,AU,RACION SL,    100 CONSUMIDOR DIRECTO ZONA ESPAÑOLA Consumidor directo ,15
ISEOC01,ISEOC01,,ISEO ENERGÍA,,,    100 CONSUMIDOR DIRECTO ZONA ESPAÑOLA Consumidor directo ,15
JOIRC01,JOIRC01,,ENERJOIN S.L.,,,    100 CONSUMIDOR DIRECTO ZONA ESPAÑOLA Compras Co nsumo Directo,15
JOIRC02,JOIRC02,,ENERJOIN S.L.,,,    100 CONSUMIDOR DIRECTO ZONA ESPAÑOLA Compras Co nsumo Directo,15
JOIRC03,JOIRC03,,ENERJOIN S.L.,,,    100 CONSUMIDOR DIRECTO ZONA ESPAÑOLA Compras Co nsumo Directo,15
JOIRC05,JOIRC05,,ENERJOIN S.L.,,,    100 CONSUMIDOR DIRECTO ZONA ESPAÑOLA Compras Co nsumo Directo,15
JOIRC06,JOIRC06,,ENERJOIN S.L.,,,    100 CONSUMIDOR DIRECTO ZONA ESPAÑOLA Compras Co nsumo Directo,15
JOIRC07,JOIRC07,,ENERJOIN S.L.,,,    100 CONSUMIDOR DIRECTO ZONA ESPAÑOLA Compras Co nsumo Directo,15
JOIRC08,JOIRC08,,ENERJOIN S.L.,,,    100 CONSUMIDOR DIRECTO ZONA ESPAÑOLA Compras Co nsumo Directo,15
JOIRC09,JOIRC09,,ENERJOIN S.L.,,,    100 CONSUMIDOR DIRECTO ZONA ESPAÑOLA Compras Co nsumo Directo,15
JOIRC11,JOIRC11,,ENERJOIN S.L.,,,    100 CONSUMIDOR DIRECTO ZONA ESPAÑOLA Compras Co nsumo Directo,15
JOIRC12,JOIRC12,,ENERJOIN S.L.,,,    100 CONSUMIDOR DIRECTO ZONA ESPAÑOLA Compras Co nsumo Directo,15
JOIRC13,JOIRC13,,ENERJOIN S.L.,,,    100 CONSUMIDOR DIRECTO ZONA ESPAÑOLA Compras Co nsumo Directo,15
JOIRC14,JOIRC14,,ENERJOIN S.L.,,,    100 CONSUMIDOR DIRECTO ZONA ESPAÑOLA Compras Co nsumo Directo,15
JOIRC15,JOIRC15,,ENERJOIN S.L.,,,    100 CONSUMIDOR DIRECTO ZONA ESPAÑOLA Compras Co nsumo Directo,15
JOIRC16,JOIRC16,,ENERJOIN S.L.,,,    100 CONSUMIDOR DIRECTO ZONA ESPAÑOLA Compras Co nsumo Directo,15
JOIRC18,JOIRC18,,ENERJOIN S.L.,,,    100 CONSUMIDOR DIRECTO ZONA ESPAÑOLA Compras Co nsumo Directo,15
JOIRC19,JOIRC19,,ENERJOIN S.L.,,,    100 CONSUMIDOR DIRECTO ZONA ESPAÑOLA Compras Co nsumo Directo,15
JOIRC20,JOIRC20,,ENERJOIN S.L.,,,    100 CONSUMIDOR DIRECTO ZONA ESPAÑOLA Compras Co nsumo Directo,15
JOIRC21,JOIRC21,,ENERJOIN S.L.,,,    100 CONSUMIDOR DIRECTO ZONA ESPAÑOLA Compras Co nsumo Directo,15
JOIRC22,JOIRC22,,ENERJOIN S.L.,,,    100 CONSUMIDOR DIRECTO ZONA ESPAÑOLA Compras Co nsumo Directo,15
JOIRC23,JOIRC23,,ENERJOIN S.L.,,,    100 CONSUMIDOR DIRECTO ZONA ESPAÑOLA Compras Co nsumo Directo,15
JOIRC24,JOIRC24,,ENERJOIN S.L.,,,    100 CONSUMIDOR DIRECTO ZONA ESPAÑOLA Compras Co nsumo Directo,15
JOIRC25,JOIRC25,,ENERJOIN S.L.,,,    100 CONSUMIDOR DIRECTO ZONA ESPAÑOLA Compras Co nsumo Directo,15
JOIRC27,JOIRC27,,ENERJOIN S.L.,,,    100 CONSUMIDOR DIRECTO ZONA ESPAÑOLA Compras Co nsumo Directo,15
JOIRC28,JOIRC28,,ENERJOIN S.L.,,,    100 CONSUMIDOR DIRECTO ZONA ESPAÑOLA Compras Co nsumo Directo,15
JOIRC30,JOIRC30,,ENERJOIN S.L.,,,    100 CONSUMIDOR DIRECTO ZONA ESPAÑOLA Compras Co ns. Dire cto Bal,15
JOIRC31,JOIRC31,,ENERJOIN S.L.,,,    100 CONSUMIDOR DIRECTO ZONA ESPAÑOLA Compras Co nsumo Directo,15
JOIRC32,JOIRC32,,ENERJOIN S.L.,,,    100 CONSUMIDOR DIRECTO ZONA ESPAÑOLA Compras Co nsumo Directo,15
JOIRC33,JOIRC33,,ENERJOIN S.L.,,,    100 CONSUMIDOR DIRECTO ZONA ESPAÑOLA Compras Co ns. Dire cto Bal,15
JOIRC34,JOIRC34,,ENERJOIN S.L.,,,    100 CONSUMIDOR DIRECTO ZONA ESPAÑOLA Compras Co ns. Dire cto Bal,15
LOBOC01,ALMENDRA Y MIEL S.A,,ALMENDRA Y MIEL,S.A,,    100 CONSUMIDOR DIRECTO ZONA ESPAÑOLA Rep. de cons umidor es dire,15
MATAC01,PIZARRAS MATACOUTA,COMPRA,PIZARRAS MATACO,UT,A S.A,    100 CONSUMIDOR DIRECTO ZONA ESPAÑOLA Compras Co nsumo Directo,15
MELRC01,BERNA TEXTIL,,HISPANO TEX S.A.U,.,,    100 CONSUMIDOR DIRECTO ZONA ESPAÑOLA Compras Co nsumo Directo,15
MELUC01,FABRICAS COMPAÑIA,,HISPANO TEX S.A.U,.,,    100 CONSUMIDOR DIRECTO ZONA ESPAÑOLA Consumidor directo ,15
MERC01,FABRICA MEROLTEX,,MEROLTEX SL,,,    100 CONSUMIDOR DIRECTO ZONA ESPAÑOLA Consumidor directo ,15
MOIAC01,MATADERO,,ESCORXADOR COM,AR,CAL DEL MOIANES,S. A.   100 CONSUMIDOR DIRECTO ZONA ESPAÑOLA Consumidor directo ,15
MUESC01,MUESTRARIOS,,MUESTRARIOS IBER,IA,SL,    100 CONSUMIDOR DIRECTO ZONA ESPAÑOLA Consumidor directo ,15
NENRC01,NENAP,,NUEVAS ENERGIAS,A,PLICADAS SL,    100 CONSUMIDOR DIRECTO ZONA ESPAÑOLA Compras Co nsumo Directo,15
NUFRR01,NUFRI SAT RAD,,ENERGIA NUFRI SLU,,,    100 CONSUMIDOR DIRECTO ZONA ESPAÑOLA Compras Co ns. Dire cto Bal,15
OLLEC01,FRANCISCO OLLER S.A.,,FRANCISCO OLLER,S.,A.,    100 CONSUMIDOR DIRECTO ZONA ESPAÑOLA Consumidor directo ,15
ONDC01,ONDARE UNIVERSIDAD,,ONDARE UNIVERSID,A,D SLU,    100 CONSUMIDOR DIRECTO ZONA ESPAÑOLA Consumidor directo ,15
PUIC01,TEXTIL PUIG UBACH SA,,TEXTIL PUIG UBACH,S,A,    100 CONSUMIDOR DIRECTO ZONA ESPAÑOLA Consumidor directo ,15
PVENT2X,AUTOCONSUMO PLANA,DEL VENT2,ALPIQ ENERGÍA ESP,A,"ÑA, S.A.U.",    100 CONSUMIDOR DIRECTO ZONA ESPAÑOLA Compras Co nsumos Auxili,15
RECRC08,PIENSOS DARUZ,,REPRESENTANTES,DE,CONSUMIDORES,EN EL MERCADO ELECT 100 CONSUMIDOR DIRECTO ZONA ESPAÑOLA Compras Co nsumo Directo,15
RECRC09,FORESTA TERRENOS,,REPRESENTANTES,DE,CONSUMIDORES,EN EL MERCADO ELECT 100 CONSUMIDOR DIRECTO ZONA ESPAÑOLA Compras Co nsumo Directo,15
RECRC11,ALUMASA,,REPRESENTANTES,DE,CONSUMIDORES,EN EL MERCADO ELECT 100 CONSUMIDOR DIRECTO ZONA ESPAÑOLA Compras Co nsumo Directo,15
RECRC14,MINAS DE ALCANTARA,,REPRESENTANTES,DE,CONSUMIDORES,EN EL MERCADO ELECT 100 CONSUMIDOR DIRECTO ZONA ESPAÑOLA Compras Co nsumo Directo,15
RECRC16,CASAT,,REPRESENTANTES,DE,CONSUMIDORES,EN EL MERCADO ELECT 100 CONSUMIDOR DIRECTO ZONA ESPAÑOLA Compras Co nsumo Directo,15
RECRC17,COPRADO,,REPRESENTANTES,DE,CONSUMIDORES,EN EL MERCADO ELECT 100 CONSUMIDOR DIRECTO ZONA ESPAÑOLA Compras Co nsumo Directo,15
RECRC19,SERVIO EXTREMEÑO DE,SALUD,REPRESENTANTES,DE,CONSUMIDORES,EN EL MERCADO ELECT 100 CONSUMIDOR DIRECTO ZONA ESPAÑOLA Compras Co nsumo Directo,15
RECRC21,MAFRESA,,REPRESENTANTES,DE,CONSUMIDORES,EN EL MERCADO ELECT 100 CONSUMIDOR DIRECTO ZONA ESPAÑOLA Compras Co nsumo Directo,15
RECRC22,DIPUTACION DE BADAJO,Z,REPRESENTANTES,DE,CONSUMIDORES,EN EL MERCADO ELECT 100 CONSUMIDOR DIRECTO ZONA ESPAÑOLA Compras Co nsumo Directo,15
RECRC28,GAVIPLAS,,REPRESENTANTES,DE,CONSUMIDORES,EN EL MERCADO ELECT 100 CONSUMIDOR DIRECTO ZONA ESPAÑOLA Compras Co nsumo Directo,15
REPEC01,REPSOL PETROLEO,,REPSOL FUELS SA,,,100  CONSUMI DOR DIRECTO ZONA ESPA ÑOLA Rep. de consumidor es dire,16
REPRC01,REPRC01,,REPSOL FUELS SA,,,100  CONSUMI DOR DIRECTO ZONA ESPA ÑOLA Compras Consumo Directo,16
REPRC02,RPRC02-RPSQC01,,REPSOL FUELS SA,,,100  CONSUMI DOR DIRECTO ZONA ESPA ÑOLA Compras Consumo Directo,16
RIVAC01,UNIDAD DE PROGRAM,ACION RIVAS,AYUNTAMIENTO DE RIVAS-VA,CIAMADRID,,100  CONSUMI DOR DIRECTO ZONA ESPA ÑOLA Consumidor directo ,16
SBC01,SASKI BASKONIA,,SASKI BASKONIA SAD,,,100  CONSUMI DOR DIRECTO ZONA ESPA ÑOLA Consumidor directo ,16
SEDAC01,FABRICA ENRIQUE,,UNITEX S.A.,,,100  CONSUMI DOR DIRECTO ZONA ESPA ÑOLA Consumidor directo ,16
SEDAR01,UNITEX SRAD,,UNITEX S.A.,,,100  CONSUMI DOR DIRECTO ZONA ESPA ÑOLA Compras Consumo Directo,16
SESAUX,UNIDAD CONSUMOS A,UXILIARES,SHELL ESPAÑA,,,100  CONSUMI DOR DIRECTO ZONA ESPA ÑOLA Consumo de produc tores,16
SHEENX,UNIDAD CONSUMOS A,UXILIARES,SHELL ENERGY EUROPE LIMI,TED,,100  CONSUMI DOR DIRECTO ZONA ESPA ÑOLA Consumo de produc tores,16
SILOC01,HOTEL SILOS - BURGO,S,HOTEL SANTO DOMINGO S.L.,,,100  CONSUMI DOR DIRECTO ZONA ESPA ÑOLA Consumidor directo ,16
SLBYC01,SLBYC01,,SOLBY DESARROLLOS EMPR,"ESARIALES,",,100  CONSUMI DOR DIRECTO ZONA ESPA ÑOLA Consumidor directo ,16
SNIAC01,SNIACE S.A,,SNIACE S.A,,,100  CONSUMI DOR DIRECTO ZONA ESPA ÑOLA Compras Consumo Directo,16
SOCRC05,CC.RR. CANAL DE EST,REMERA,INGENIA SOCIIS INGENIERIA,Y PROYECTOS,ENERGETICOS,100  CONSUMI DOR DIRECTO ZONA ESPA ÑOLA Compras Consumo Directo,16
SOCRC06,SAT 2903 SAN PEDRO,,INGENIA SOCIIS INGENIERIA,Y PROYECTOS,ENERGETICOS,100  CONSUMI DOR DIRECTO ZONA ESPA ÑOLA Compras Consumo Directo,16
SOCRC08,BALEIKE,,INGENIA SOCIIS INGENIERIA,Y PROYECTOS,ENERGETICOS,100  CONSUMI DOR DIRECTO ZONA ESPA ÑOLA Compras Consumo Directo,16
SOCRC10,MACEB,,INGENIA SOCIIS INGENIERIA,Y PROYECTOS,ENERGETICOS,100  CONSUMI DOR DIRECTO ZONA ESPA ÑOLA Compras Consumo Directo,16
SOCRC13,IBSUS ALSASUA,,INGENIA SOCIIS INGENIERIA,Y PROYECTOS,ENERGETICOS,100  CONSUMI DOR DIRECTO ZONA ESPA ÑOLA Compras Consumo Directo,16
SOCRC14,IBSUS NULES,,INGENIA SOCIIS INGENIERIA,Y PROYECTOS,ENERGETICOS,100  CONSUMI DOR DIRECTO ZONA ESPA ÑOLA Compras Consumo Directo,16
SOCRC15,CHURRUCA,,INGENIA SOCIIS INGENIERIA,Y PROYECTOS,ENERGETICOS,100  CONSUMI DOR DIRECTO ZONA ESPA ÑOLA Compras Consumo Directo,16
SOCRC18,IMPERIO,,INGENIA SOCIIS INGENIERIA,Y PROYECTOS,ENERGETICOS,100  CONSUMI DOR DIRECTO ZONA ESPA ÑOLA Compras Consumo Directo,16
SPINC01,SPINREACT SAU,,SPINREACT SAU,,,100  CONSUMI DOR DIRECTO ZONA ESPA ÑOLA Consumidor directo ,16
TEVIC01,TVITEC,,TVITEC SYSTEM GLASS S.L,,,100  CONSUMI DOR DIRECTO ZONA ESPA ÑOLA Rep. de consumidor es dire,16
TEV2C01,TEVI,,TVITEC SYSTEM GLASS S.L,,,100  CONSUMI DOR DIRECTO ZONA ESPA ÑOLA Rep. de consumidor es dire,16
TEXZR01,TEXOR SRAD,,TEXTIL A ORTIZ SAU,,,100  CONSUMI DOR DIRECTO ZONA ESPA ÑOLA Compras Cons. Dire cto Bal,16
TGBSC01,TGB S.A.,,TGB S.A.,,,100  CONSUMI DOR DIRECTO ZONA ESPA ÑOLA Consumidor directo ,16
TLCRC01,TLCOR CONSUMO DIR,ECTO,TELECOR,,,100  CONSUMI DOR DIRECTO ZONA ESPA ÑOLA Compras Consumo Directo,16
TORTE01,TORTOSA ENERGIA CO,MPRA,TORTOSA ENERGIA (ACTIVID,AD: CLIENTE C,UALIFICADO),100  CONSUMI DOR DIRECTO ZONA ESPA ÑOLA Consumidor directo ,16
TRARC01,COMPRAENERTRADB,,TRADEBE GESTION ESPAÑA,SL,,100  CONSUMI DOR DIRECTO ZONA ESPA ÑOLA Compras Consumo Directo,16
URBRC02,UNIDAD DE PROGRAM,ACION CD URBE,SISTEMAS URBANOS DE ENE,RGIAS RENOVA,BLES S.L,100  CONSUMI DOR DIRECTO ZONA ESPA ÑOLA Compras Consumo Directo,16
VALOC01,TEXTIL VALOR,,TEXTIL VALOR S.L.,,,100  CONSUMI DOR DIRECTO ZONA ESPA ÑOLA Consumidor directo ,16
VALRC01,VALERO FORN TRADIC,IONAL,VALERO FORN TRADICIONAL,SL,,100  CONSUMI DOR DIRECTO ZONA ESPA ÑOLA Consumidor directo ,16
VGERC02,REPC01,,REPSOL SERVICIOS RENOVA,"BLES, S.A.",,100  CONSUMI DOR DIRECTO ZONA ESPA ÑOLA Compras Consumo Directo,16
VIOLC01,VINAOLIVA SDAD COO,P,VIÑAOLIVA S.COOP.,,,100  CONSUMI DOR DIRECTO ZONA ESPA ÑOLA Consumidor directo ,16
VISC01,VISCOCEL S.L.U,,VISCOCEL S.L.U,,,100  CONSUMI DOR DIRECTO ZONA ESPA ÑOLA Compras Consumo Directo,16
WMARCAX,CONSUMO SERVICIOS,AUXILIARES,WIND TO MARKET,,,100  CONSUMI DOR DIRECTO ZONA ESPA ÑOLA Consumo de produc tores,16
ZEREC01,ZEREP CARBONICAS Y,AGUAS,ZEREP CARBONICAS Y AGUA,S S.A,,100  CONSUMI DOR DIRECTO ZONA ESPA ÑOLA Consumidor directo ,16
ACBFRAE,UP ACCION COOD. FRA,N-ESP,"RED ELECTRICA DE ESPAÑA,",S.A.U.,,100 C ONTRATO INTE RNACIONAL FRONTERA FRANCIA  ,16
ACBFRAI,UP. ACCION COORD. E,SP-FRAN,"RED ELECTRICA DE ESPAÑA,",S.A.U.,,100 C ONTRATO INTE RNACIONAL FRONTERA FRANCIA  ,16
ACBPORE,ACCION COORD. BALA,NCE PORT EXP,"RED ELECTRICA DE ESPAÑA,",S.A.U.,,100 C ONTRATO INTE RNACIONAL ZONA ESPA ÑOLA  ,16
ACBPORI,ACCION COORD. BALA,NCE PORT IMP,"RED ELECTRICA DE ESPAÑA,",S.A.U.,,100 C ONTRATO INTE RNACIONAL ZONA ESPA ÑOLA  ,16
APOANDE,EXPORTACIÓN APOYO,A ANDORRA,"RED ELECTRICA DE ESPAÑA,",S.A.U.,,100 C ONTRATO INTE RNACIONAL ZONA ESPA ÑOLA  ,16
APOANDI,IMPORTACIÓN APOYO,POR ANDORRA,"RED ELECTRICA DE ESPAÑA,",S.A.U.,,100 C ONTRATO INTE RNACIONAL ZONA ESPA ÑOLA  ,16
APOFRAE,EXPORTACION APOYO,A FRANCIA,"RED ELECTRICA DE ESPAÑA,",S.A.U.,,100 C ONTRATO INTE RNACIONAL ZONA ESPA ÑOLA  ,16
APOFRAI,IMPORTACION APOYO,POR FRANCIA,"RED ELECTRICA DE ESPAÑA,",S.A.U.,,100 C ONTRATO INTE RNACIONAL ZONA ESPA ÑOLA  ,16
APOMARE,EXPORTACION APOYO,A MARRUECOS,"RED ELECTRICA DE ESPAÑA,",S.A.U.,,100 C ONTRATO INTE RNACIONAL ZONA ESPA ÑOLA  ,16
APOMARI,IMPORTACION APOYO,POR MARRUECO,"RED ELECTRICA DE ESPAÑA,",S.A.U.,,100 C ONTRATO INTE RNACIONAL ZONA ESPA ÑOLA  ,16
APOPORE,EXPORTACION APOYO,A PORTUGAL,"RED ELECTRICA DE ESPAÑA,",S.A.U.,,100 C ONTRATO INTE RNACIONAL ZONA ESPA ÑOLA  ,16
APOPORI,IMPORTACION APOYO,POR PORTUGAL,"RED ELECTRICA DE ESPAÑA,",S.A.U.,,100 C ONTRATO INTE RNACIONAL ZONA ESPA ÑOLA  ,16
BALFRAE,BALFRAE,,"RED ELECTRICA DE ESPAÑA,",S.A.U.,,100 C ONTRATO INTE RNACIONAL ZONA ESPA ÑOLA  ,16
BALFRAI,BALFRAI,,"RED ELECTRICA DE ESPAÑA,",S.A.U.,,100 C ONTRATO INTE RNACIONAL ZONA ESPA ÑOLA  ,16
BALPORE,BALPORE,,"RED ELECTRICA DE ESPAÑA,",S.A.U.,,100 C ONTRATO INTE RNACIONAL ZONA ESPA ÑOLA  ,16
BALPORI,BALPORI,,"RED ELECTRICA DE ESPAÑA,",S.A.U.,,100 C ONTRATO INTE RNACIONAL ZONA ESPA ÑOLA  ,16
MARFRAE,MARI FRANCIA EXPOR,TACION,"RED ELECTRICA DE ESPAÑA,",S.A.U.,,100 C ONTRATO INTE RNACIONAL FRONTERA FRANCIA  ,16
MARFRAI,MARI FRANCIA IMPORT,ACION,"RED ELECTRICA DE ESPAÑA,",S.A.U.,,100 C ONTRATO INTE RNACIONAL FRONTERA FRANCIA  ,16
MARPORE,MARI PORTUGAL EXPO,RTACION,"RED ELECTRICA DE ESPAÑA,",S.A.U.,,100 C ONTRATO INTE RNACIONAL ZONA ESPA ÑOLA  ,16
MARPORI,MARI PORTUGAL IMPO,RTACION,"RED ELECTRICA DE ESPAÑA,",S.A.U.,,100 C ONTRATO INTE RNACIONAL ZONA ESPA ÑOLA  ,16
EE21CEB,EEXXI INTERCONEXIO,N BALEARES,ENERGÍA XXI COMERCIALIZA,DORA DE REFE,"RENCIA, S.L.",100  DIST RIBUI DOR ZONA ESPA ÑOLA Comercializador ulti mo rec,16
GNSUCEB,GNSUCEB,,COMERCIALIZADORA REGUL,ADA GAS POW,"ER, S.A",100  DIST RIBUI DOR ZONA ESPA ÑOLA Comercializador ulti mo rec,16
HCURCEB,HCCUR COMPRA ENLACE,BALEARES,BASER COMERCIALIZ,ADORA D,E REFERENCIA,SA 100 DISTRIBUIDOR ZONA ESPAÑOLA Comercializador ult imo recurso,17
IBCUCEB,CUR ENLACE BALEARES,,CURENERGÍA COMER,CIALIZAD,OR DE ÚLTIMO,"RECURSO, SAU 100 DISTRIBUIDOR ZONA ESPAÑOLA Comercializador ult imo recurso",17
AAXRCTI,AXPO IBERIA R. CENTRO,INTERIOR,"AXPO IBERIA, S.L.",,, 100 GENERACION ZONA PORTUGUESA RE Tarifa CUR (uo f),17
AAXRGDL,AREA DE REDE DA GRAN,DE LISBOA,"AXPO IBERIA, S.L.",,, 100 GENERACION ZONA PORTUGUESA RE Tarifa CUR (uo f),17
AAXRSUL,AXPO IBERIA R.SUL,,"AXPO IBERIA, S.L.",,, 100 GENERACION ZONA PORTUGUESA RE Tarifa CUR (uo f),17
ABA1,ABARAN,,WIND TO MARKET (AC,T.: COME,RCIALIZACIÓN,RE) 100 GENERACION ZONA ESPAÑOLA Hidráulica Generac ión,17
ABA2,ABARAN 2,,WIND TO MARKET (AC,T.: COME,RCIALIZACIÓN,RE) 100 GENERACION ZONA ESPAÑOLA Hidráulica Generac ión,17
ABO1,C.T. ABOÑO 1,,ABOÑO GENERACION,ES ELECT,RICAS SLU, 100 GENERACION ZONA ESPAÑOLA Hulla Antracita ,17
ABO2G,ABOÑO 2 GAS,,ABOÑO GENERACION,ES ELECT,RICAS SLU, 100 GENERACION ZONA ESPAÑOLA Gas ,17
ACAVADO,CAVADO,,EDP GEM PORTUGAL,S.A.,, 100 GENERACION ZONA PORTUGUESA Hidráulica Generac ión,17
ACCGV02,UNIDAD DE VENTA,,"ACCIONA GREEN, SU",CURSAL P,T, 100 GENERACION ZONA PORTUGUESA RE Tarifa CUR (uo f),17
ACC1EBR,AC.GREEN EN. DEV. VEN,TA RO 1,ENDESA GENERACIÓ,"N, S.A.",, 100 GENERACION ZONA ESPAÑOLA Hidráulica Generac ión,17
ACC2EBR,AC. GREEN EN. DEV. VEN,TA RO2,ENDESA GENERACIÓ,"N, S.A.",, 100 GENERACION ZONA ESPAÑOLA Hidráulica Generac ión,17
ACE3,C.C. ACECA 3,,IBERDROLA ENERGÍA,ESPAÑA,S..A., 100 GENERACION ZONA ESPAÑOLA Ciclo Combinado ,17
ACE4,C.C. ACECA 4,,GAS NATURAL COME,RCIALIZA,DORA, 100 GENERACION ZONA ESPAÑOLA Ciclo Combinado ,17
ACNVD01,ACNVD01,,ACENHOL ENERGIA S,L,, 100 GENERACION ZONA ESPAÑOLA RE Mercado Solar Fotovoltáica,17
ACNVD02,ACNVD02,,ACENHOL ENERGIA S,L,, 100 GENERACION ZONA ESPAÑOLA RE Mercado Eólica ,17
ACRSV02,AGREGAÇÃO,,"ACROSSCAPACITY, L",DA,, 100 GENERACION ZONA PORTUGUESA RE Tarifa CUR (uo f),17
ADERE01,ADEINNOVA VENTA,,ADEINNOVA ENERGIA,,, 100 GENERACION ZONA ESPAÑOLA RE Mercado Solar Fotovoltáica,17
ADOURO,HIDRO DOURO TOTAL,,EDP GEM PORTUGAL,S.A.,, 100 GENERACION ZONA PORTUGUESA Hidráulica Generac ión,17
ADREV02,CENTRAL FOTOVOLTAICA,OURIKA,AUDAX RENOVABLES,S.A.,, 100 GENERACION ZONA PORTUGUESA RE Tarifa CUR (uo f),17
ADXRE01,PREAL1,,AUDAX RENOVABLES,S.A.,, 100 GENERACION ZONA ESPAÑOLA RE Mercado Solar Fotovoltáica,17
ADXRE02,ALARCOS,,AUDAX RENOVABLES,S.A.,, 100 GENERACION ZONA ESPAÑOLA RE Mercado Solar Fotovoltáica,17
ADXRE03,CANTILLANA44,,AUDAX RENOVABLES,S.A.,, 100 GENERACION ZONA ESPAÑOLA RE Mercado Solar Fotovoltáica,17
ADXRE04,MIRANDA,,AUDAX RENOVABLES,S.A.,, 100 GENERACION ZONA ESPAÑOLA RE Mercado Solar Fotovoltáica,17
ADXRE05,HORN16,,AUDAX RENOVABLES,S.A.,, 100 GENERACION ZONA ESPAÑOLA RE Mercado Solar Fotovoltáica,17
ADXRE06,OLIVE23,,AUDAX RENOVABLES,S.A.,, 100 GENERACION ZONA ESPAÑOLA RE Mercado Solar Fotovoltáica,17
ADXRE07,OLIVE24,,AUDAX RENOVABLES,S.A.,, 100 GENERACION ZONA ESPAÑOLA RE Mercado Solar Fotovoltáica,17
ADXRE08,OLVEN22,,AUDAX RENOVABLES,S.A.,, 100 GENERACION ZONA ESPAÑOLA RE Mercado Solar Fotovoltáica,17
ADXRE09,ZARA1,,AUDAX RENOVABLES,S.A.,, 100 GENERACION ZONA ESPAÑOLA RE Mercado Solar Fotovoltáica,17
ADXRE10,PUERTOLLANO,,AUDAX RENOVABLES,S.A.,, 100 GENERACION ZONA ESPAÑOLA RE Mercado Solar Fotovoltáica,17
ADXRE11,HORNACHOS98,,AUDAX RENOVABLES,S.A.,, 100 GENERACION ZONA ESPAÑOLA RE Mercado Solar Fotovoltáica,17
ADXVD01,AUDAX RENOVABLES VE,NTA TR,AUDAX RENOVABLES,S.A.,, 100 GENERACION ZONA ESPAÑOLA RE Mercado Térmi ca Renovabl,17
ADXVD03,PV ALARCOS,,AUDAX RENOVABLES,S.A.,, 100 GENERACION ZONA ESPAÑOLA RE Mercado Solar Fotovoltáica,17
ADXVD04,EOLICA AUDAX,,AUDAX RENOVABLES,S.A.,, 100 GENERACION ZONA ESPAÑOLA RE Mercado Eólica ,17
ADXVD05,FV GENERIBER,,AUDAX RENOVABLES,S.A.,, 100 GENERACION ZONA ESPAÑOLA RE Mercado Solar Fotovoltáica,17
ADXVD06,RS GENERIBER,,AUDAX RENOVABLES,S.A.,, 100 GENERACION ZONA ESPAÑOLA RE Mercado Térmi ca Renovabl,17
ADXVD07,T GENERIBER,,AUDAX RENOVABLES,S.A.,, 100 GENERACION ZONA ESPAÑOLA RE Mercado Térmi ca no,17
AFIBGEV,ALMACENAMIENTO VENT,A,IBERDROLA ENERGÍA,ESPAÑA,S..A., 100 GENERACION ZONA ESPAÑOLA Almacenamiento V enta,17
AGENVD2,RE TARIFA CON REPRES,ENTANTE,AE3000 AGENT COME,RCIALITZ,"ADOR, S.L.", 100 GENERACION ZONA ESPAÑOLA RE Mercado Solar Fotovoltáica,17
AGERE01,VENTA FRAILES,,GRUPO ENERGÉTICO,ASECOR,S.L, 100 GENERACION ZONA ESPAÑOLA RE Mercado Solar Fotovoltáica,17
AGERGDL,SERVIÇOS SISTEMA,,GESTO COMERCIALIZ,ACAO DE,"ENERGIA, UNI",PESSOAL LDA 100 GENERACION ZONA PORTUGUESA RE Tarifa CUR (uo f),17
AGEVD01,VENTA PEL CONG,,GRUPO ENERGÉTICO,ASECOR,S.L, 100 GENERACION ZONA ESPAÑOLA RE Mercado Térmi ca no,17
AGPRCTI,CENTRO INTERIOR,,PETROGAL SA,,, 100 GENERACION ZONA PORTUGUESA RE Tarifa CUR (uo f),17
AGPRCTL,ACTL VENDA,,PETROGAL SA,,, 100 GENERACION ZONA PORTUGUESA RE Tarifa CUR (uo f),17
AGPRSUL,ASUL VENDA,,PETROGAL SA,,, 100 GENERACION ZONA PORTUGUESA RE Tarifa CUR (uo f),17
AGPRTMD,TRÁS-OS-MONTES E DOU,RO LITORAL,PETROGAL SA,,, 100 GENERACION ZONA PORTUGUESA RE Tarifa CUR (uo f),17
AGRRE01,AGRRE01,,"AGRI-ENERGÍA, S.A.",,, 100 GENERACION ZONA ESPAÑOLA RE Mercado Hidrá ulica,17
AGRRE02,VENTA SOLAR FOTOVOLT,AICA,"AGRI-ENERGÍA, S.A.",,, 100 GENERACION ZONA ESPAÑOLA RE Mercado Solar Fotovoltáica,17
AGUG,C.H. AGUAYO GENERACI,ON,REPSOL SERVICIOS R,ENOVAB,"LES, S.A.", 100 GENERACION ZONA ESPAÑOLA Hidráulica de Bom beo Puro,17
AIGRCTI,PT ZONA AIGRCTI,,IGNIS ENERGIA S.L.,,, 100 GENERACION ZONA PORTUGUESA RE Tarifa CUR (uo f),17
AIGRCTL,PT ZONA CENTRO-LITOR,AL,IGNIS ENERGIA S.L.,,, 100 GENERACION ZONA PORTUGUESA RE Tarifa CUR (uo f),17
AIGRGDL,PT ZONA GRANDE LISBO,A,IGNIS ENERGIA S.L.,,, 100 GENERACION ZONA PORTUGUESA RE Tarifa CUR (uo f),17
AIGRMN4,PT 400 KV DO MINHO,,IGNIS ENERGIA S.L.,,, 100 GENERACION ZONA PORTUGUESA RE Tarifa CUR (uo f),17
AIGRSUL,PT ZONA SUR,,IGNIS ENERGIA S.L.,,, 100 GENERACION ZONA PORTUGUESA RE Tarifa CUR (uo f),17
AIGRTMD,PT ZONA AIGRTMD,,IGNIS ENERGIA S.L.,,, 100 GENERACION ZONA PORTUGUESA RE Tarifa CUR (uo f),17
AIRVD01,AIRVD01,,AIRE LIMPIO S.L.,,, 100 GENERACION ZONA ESPAÑOLA RE Mercado Solar Fotovoltáica,17
ALDRE01,ALDRO GENE,RACION,ENI PLENITUDE IBE,RI,"A, S.L.",U. 100 GENERACION ZONA ESPAÑOLA RE Mercado Solar Foto,18
ALDRE02,FV INSTALAC,ION MAYOR 1MW,ENI PLENITUDE IBE,RI,"A, S.L.",U. 100 GENERACION ZONA ESPAÑOLA RE Mercado Solar Foto,18
ALFAV02,UNIDADE VE,NDA ALFA ENERGIA,"ALFA ENERGIA, LD",A,, 100 GENERACION ZONA PORTUGUESA RE Tarifa CU R (uof),18
ALG3,C.C. ALGECI,RAS 3,REPSOL SERVICIO,S R,ENOV,"ABLES, S.A. 100 GENERACION ZONA ESPAÑOLA Ciclo Combin ado",18
ALIMA,LIMA,,EDP GEM PORTUG,AL,S.A., 100 GENERACION ZONA PORTUGUESA Hidráulica Ge neración,18
ALZ1,C.N. ALMARA,Z 1,ENDESA GENERAC,IÓ,"N, S.A."," 36,021 GENERACION ZONA ESPAÑOLA Nuclear ",18
ALZ2,C.N. ALMARA,Z 2,GAS NATURAL CO,ME,RCIALI,"ZADORA 11,292 GENERACION ZONA ESPAÑOLA Nuclear ",18
AMBIETA,C.C. AMORE,BIETA,"AXPO IBERIA, S.L.",,, 100 GENERACION ZONA ESPAÑOLA Ciclo Combin ado,18
AMEVD1,UNIDAD OFE,RTA TARIFA AME,FACTOR ENERGIA,ES,PAÑA,SAU 100 GENERACION ZONA ESPAÑOLA RE Mercado Térmica n,18
AMEVD2,UNIDAD OFE,RTA MERCADO AME,FACTOR ENERGIA,ES,PAÑA,SAU 100 GENERACION ZONA ESPAÑOLA RE Mercado Solar Foto,18
AMRE001,AME VENTA,REG. ESP. 1,FACTOR ENERGIA,ES,PAÑA,SAU 100 GENERACION ZONA ESPAÑOLA RE Mercado Térmica n,18
AMRE002,AME VENTA,REG. ESP. 2,FACTOR ENERGIA,ES,PAÑA,SAU 100 GENERACION ZONA ESPAÑOLA RE Mercado Térmica R,18
AMRE003,AME VENTA,REG. ESP. 3,FACTOR ENERGIA,ES,PAÑA,SAU 100 GENERACION ZONA ESPAÑOLA RE Mercado Térmica n,18
AMRE004,AME VENTA,REG. ESP. 4,FACTOR ENERGIA,ES,PAÑA,SAU 100 GENERACION ZONA ESPAÑOLA RE Mercado Térmica n,18
AMRE005,AME VENTA,REG. ESP. 5,FACTOR ENERGIA,ES,PAÑA,SAU 100 GENERACION ZONA ESPAÑOLA RE Mercado Térmica n,18
AMRE007,AME VENTA,REG. ESP. 7,FACTOR ENERGIA,ES,PAÑA,SAU 100 GENERACION ZONA ESPAÑOLA RE Mercado Térmica n,18
AMRE008,AME VENTA,REG. ESP. 8,FACTOR ENERGIA,ES,PAÑA,SAU 100 GENERACION ZONA ESPAÑOLA RE Mercado Térmica n,18
AMRE010,AME VENTA,REG. ESP. 10,FACTOR ENERGIA,ES,PAÑA,SAU 100 GENERACION ZONA ESPAÑOLA RE Mercado Térmica n,18
AMRE013,AME VENTA,REG. ESP. 13,FACTOR ENERGIA,ES,PAÑA,SAU 100 GENERACION ZONA ESPAÑOLA RE Mercado Térmica n,18
AMRE014,AME VENTA,REG. ESP. 14,FACTOR ENERGIA,ES,PAÑA,SAU 100 GENERACION ZONA ESPAÑOLA RE Mercado Térmica n,18
AMRE015,AME VENTA,REG. ESP. 15,FACTOR ENERGIA,ES,PAÑA,SAU 100 GENERACION ZONA ESPAÑOLA RE Mercado Térmica n,18
AMRE016,AMRE016,,FACTOR ENERGIA,ES,PAÑA,SAU 100 GENERACION ZONA ESPAÑOLA RE Mercado Térmica n,18
AMRE017,AME VENTA,REG. ESP. 17,FACTOR ENERGIA,ES,PAÑA,SAU 100 GENERACION ZONA ESPAÑOLA RE Mercado Térmica n,18
AMRE018,AME VENTA,REG. ESP. 18,FACTOR ENERGIA,ES,PAÑA,SAU 100 GENERACION ZONA ESPAÑOLA RE Mercado Térmica n,18
AMRE019,AME VENTA,REG. ESP. 19,FACTOR ENERGIA,ES,PAÑA,SAU 100 GENERACION ZONA ESPAÑOLA RE Mercado Térmica n,18
AMRE021,AMRE021,,FACTOR ENERGIA,ES,PAÑA,SAU 100 GENERACION ZONA ESPAÑOLA RE Mercado Térmica n,18
AMRE022,AMRE022,,FACTOR ENERGIA,ES,PAÑA,SAU 100 GENERACION ZONA ESPAÑOLA RE Mercado Térmica n,18
AMRE027,AME VENTA,REG. ESP. 27,FACTOR ENERGIA,ES,PAÑA,SAU 100 GENERACION ZONA ESPAÑOLA RE Mercado Térmica n,18
AMRE029,AME VENTA,REG. ESP. 29,FACTOR ENERGIA,ES,PAÑA,SAU 100 GENERACION ZONA ESPAÑOLA RE Mercado Térmica n,18
AMRE030,AME VENTA,REG. ESP. 30,FACTOR ENERGIA,ES,PAÑA,SAU 100 GENERACION ZONA ESPAÑOLA RE Mercado Térmica n,18
AMRE031,AME VENTA,REG. ESP. 31,FACTOR ENERGIA,ES,PAÑA,SAU 100 GENERACION ZONA ESPAÑOLA RE Mercado Térmica n,18
AMRE033,AME VENTA,REG. ESP. 33,FACTOR ENERGIA,ES,PAÑA,SAU 100 GENERACION ZONA ESPAÑOLA RE Mercado Térmica R,18
AMRE035,AME VENTA,REG. ESP. 35,FACTOR ENERGIA,ES,PAÑA,SAU 100 GENERACION ZONA ESPAÑOLA RE Mercado Térmica n,18
AMRE036,AME VENTA,REG. ESP. 36,FACTOR ENERGIA,ES,PAÑA,SAU 100 GENERACION ZONA ESPAÑOLA RE Mercado Térmica R,18
AMRE038,AME REG. ES,P 038,FACTOR ENERGIA,ES,PAÑA,SAU 100 GENERACION ZONA ESPAÑOLA RE Mercado Hidráulica,18
AMRE039,AME REG. ES,P 039,FACTOR ENERGIA,ES,PAÑA,SAU 100 GENERACION ZONA ESPAÑOLA RE Mercado Hidráulica,18
AMRE040,AME VENTA REG.,ESP. 40,,FACTOR ENERGIA ESP,AÑA S,A U  100 GENERACION ZONA ESPAÑOLA RE Mercado Térmi ca no,19
AMRE042,AMRE042,,,FACTOR ENERGIA ESP,AÑA S,A U  100 GENERACION ZONA ESPAÑOLA RE Mercado Geoté rmica,19
ARCH,ARCHENA,,,WIND TO MARKET (AC,T.: COM,E RCIALIZAC IÓN RE) 100 GENERACION ZONA ESPAÑOLA Hidráulica Generac ión,19
ARCOS1,C.C. ARCOS 1,,,IBERDROLA ENERGÍA,ESPAÑ,A S..A.  100 GENERACION ZONA ESPAÑOLA Ciclo Combinado ,19
ARCOS2,C.C. ARCOS 2,,,IBERDROLA ENERGÍA,ESPAÑ,A S..A.  100 GENERACION ZONA ESPAÑOLA Ciclo Combinado ,19
ARCOS3,C.C. ARCOS 3,,,IBERDROLA ENERGÍA,ESPAÑ,A S..A.  100 GENERACION ZONA ESPAÑOLA Ciclo Combinado ,19
AREPV02,REPRE. AUTOCO,NSUMIDOR,ES,AUDAX RENOVABLES,S.A.-SU,C URSAL EM PORTUGAL 100 GENERACION ZONA PORTUGUESA RE Tarifa CUR (uo f),19
ARRU1R,UOF REPRESENT,ADA DE A,RRUBAL 1,MOEVE GAS AND POW,"ER, S.A",. U  100 GENERACION ZONA ESPAÑOLA Ciclo Combinado ,19
ARRU2R,UOF REPRESENT,ADA DE A,RRUBAL 2,MOEVE GAS AND POW,"ER, S.A",. U  100 GENERACION ZONA ESPAÑOLA Ciclo Combinado ,19
ASC1,C.N. ASCÓ 1,,,ENDESA GENERACIÓN,", S.A.",   100 GENERACION ZONA ESPAÑOLA Nuclear ,19
ASC2,C.N. ASCÓ 2,,,IBERDROLA ENERGÍA,ESPAÑ,A S..A.  15 GENERACION ZONA ESPAÑOLA Nuclear ,19
ASIAGU,HYDRO CUENCA,AGÚERA,,ASISTENCIA ENERGÉT,ICA S.,L.   100 GENERACION ZONA ESPAÑOLA Hidráulica Generac ión,19
ASIDUE,HYDRO CUENCA,DUERO,,ASISTENCIA ENERGÉT,ICA S.,L.   100 GENERACION ZONA ESPAÑOLA Hidráulica Generac ión,19
ASIEBRO,HYDRO CUENCA,DUERO,,ASISTENCIA ENERGÉT,ICA S.,L.   100 GENERACION ZONA ESPAÑOLA Hidráulica Generac ión,19
ASIEBR2,HYDRO CUENCA,EBRO,,ASISTENCIA ENERGÉT,ICA S.,L.   100 GENERACION ZONA ESPAÑOLA Hidráulica Generac ión,19
ASIJUCA,HYDRO CUENCA,JUCAR,,ASISTENCIA ENERGÉT,ICA S.,L.   100 GENERACION ZONA ESPAÑOLA Hidráulica Generac ión,19
ASITAJ,HYDRO CUENCA,TAJO,,ASISTENCIA ENERGÉT,ICA S.,L.   100 GENERACION ZONA ESPAÑOLA Hidráulica Generac ión,19
ASIVD01,VENTA TARIFA R,EPRESENT,ANTE,ASISTENCIA ENERGÉT,ICA S.,L.   100 GENERACION ZONA ESPAÑOLA RE Mercado Hidrá ulica,19
ASIVD02,HIDRAUL REG ES,P POT>5,,ASISTENCIA ENERGÉT,ICA S.,L.   100 GENERACION ZONA ESPAÑOLA RE Mercado Hidrá ulica,19
ASIVD03,FOTOV REG ESP,P<10,,ASISTENCIA ENERGÉT,ICA S.,L.   100 GENERACION ZONA ESPAÑOLA RE Mercado Solar Fotovoltáica,19
ASIVD06,SOLAR FV MAYO,R O IGUAL,5 MW,ASISTENCIA ENERGÉT,ICA S.,L.   100 GENERACION ZONA ESPAÑOLA RE Mercado Solar Fotovoltáica,19
ASRIHCV,UO VENTA BATER,IA SOTO R,IBERA,"EDP ESPAÑA, S.A.U. (",GENER,AC IÓN)  100 GENERACION ZONA ESPAÑOLA Almacenamiento V enta,19
ATERE01,ATENC REPR 01,,,ATENCO ENERGIA,,   100 GENERACION ZONA ESPAÑOLA RE Mercado Solar Fotovoltáica,19
ATERE02,ATENC REPR 02,,,ATENCO ENERGIA,,   100 GENERACION ZONA ESPAÑOLA RE Mercado Solar Fotovoltáica,19
ATERE03,ATENC REPR 03,,,ATENCO ENERGIA,,   100 GENERACION ZONA ESPAÑOLA RE Mercado Solar Fotovoltáica,19
ATLRE01,ATLRE01,,,ATLAS ENERGIA COM,ERCIAL,S L  100 GENERACION ZONA ESPAÑOLA RE Mercado Solar Fotovoltáica,19
ATLRE02,ATLRE02,,,ATLAS ENERGIA COM,ERCIAL,S L  100 GENERACION ZONA ESPAÑOLA RE Mercado Térmi ca no,19
AXPOV02,UNIDAD VENTA A,GREGADO,R,AXPO ENERGIA PORT,UGAL,   100 GENERACION ZONA PORTUGUESA RE Tarifa CUR (uo f),19
BAHIAB,C.C. BAHÍA DE BI,ZKAIA,,BAHIA DE BIZKAIA ELE,CTRICI,D AD S.L.  100 GENERACION ZONA ESPAÑOLA Ciclo Combinado ,19
BECVD01,BEC VENDA LLAN,ARS,,BASSOLS ENERGÍA C,OMERC,"IA L, S.L.  100 GENERACION ZONA ESPAÑOLA RE Mercado Hidrá ulica",19
BECVD02,BEC VENDA CAR,LOT I MOLI,NOU,BASSOLS ENERGÍA C,OMERC,"IA L, S.L.  100 GENERACION ZONA ESPAÑOLA RE Mercado Hidrá ulica",19
BECVD03,BASSOLS ENERG,ÍA COMPR,A (ESP),BASSOLS ENERGÍA C,OMERC,"IA L, S.L.  100 GENERACION ZONA ESPAÑOLA RE Mercado Solar Fotovoltáica",19
BECVD04,BEC VENDA SOL,AR ORION,,BASSOLS ENERGÍA C,OMERC,"IA L, S.L.  100 GENERACION ZONA ESPAÑOLA RE Mercado Solar Fotovoltáica",19
BERR1,BERROCALILLO 1,,,WIND TO MARKET (AC,T.: COM,E RCIALIZAC IÓN RE) 100 GENERACION ZONA ESPAÑOLA Hidráulica Generac ión,19
BERR2,BERROCALILLO 2,,,WIND TO MARKET (AC,T.: COM,E RCIALIZAC IÓN RE) 100 GENERACION ZONA ESPAÑOLA Hidráulica Generac ión,19
BES3,C.C. BESÓS 3,,,ENDESA GENERACIÓN,", S.A.",   100 GENERACION ZONA ESPAÑOLA Ciclo Combinado ,19
BES4,C.C. BESÓS 4,,,GAS NATURAL COMER,CIALIZ,A DORA  100 GENERACION ZONA ESPAÑOLA Ciclo Combinado ,19
BES5,C.C. BESÓS 5,,,ENDESA GENERACIÓN,", S.A.",   100 GENERACION ZONA ESPAÑOLA Ciclo Combinado ,19
BNPRE01,BONPREU REPRE,SENTACIO,N,"BON PREU, S.A.U.",,   100 GENERACION ZONA ESPAÑOLA RE Mercado Solar Fotovoltáica,19
BOLI,BOLINCHES,,,WIND TO MARKET (AC,T.: COM,E RCIALIZAC IÓN RE) 100 GENERACION ZONA ESPAÑOLA Hidráulica Generac ión,19
BPRE03,BPREF01,,,BP GAS AND POWER I,"BERIA,",S. A.U.  100 GENERACION ZONA ESPAÑOLA RE Mercado Térmi ca no,19
BPRE04,BPREF02,,,BP GAS AND POWER I,"BERIA,",S. A.U.  100 GENERACION ZONA ESPAÑOLA RE Mercado Térmi ca no,19
BRR1R1,CT LOS BARRIOS,REPR,,"EDP ESPAÑA, S.A.U. (",GENER,AC IÓN)  100 GENERACION ZONA ESPAÑOLA Carbón de Importa ción,19
BSGRE01,VENTA FV,,,BSG ENERGIA SL,,   100 GENERACION ZONA ESPAÑOLA RE Mercado Solar Fotovoltáica,19
BTNR,BTNR,,,REPSOL GENERACIÓN,ELÉCT,"R ICA, S.A  100 GENERACION ZONA ESPAÑOLA Hidráulica Generac ión",19
CAMGI10,C.C. CAMPO DE G,IBRALTAR,10,GAS NATURAL COMER,CIALIZ,A DORA  100 GENERACION ZONA ESPAÑOLA Ciclo Combinado ,19
CAMG20R,CC. CAMPO DE G,IBRALTAR,20,SERVICIOS ENERGETI,COS D,"E ALTA EFICI ENCIA, S.A 100 GENERACION ZONA ESPAÑOLA Ciclo Combinado ",19
CEDRE01,CEDSL REPR01,,,COMERCIALIZADORA,DE ENE,R GIA DIREC TA S.L. 100 GENERACION ZONA ESPAÑOLA RE Mercado Solar Fotovoltáica,19
CEGPM4,PREC. MERC. SIN,PRIMA HI,DRAU,ENERGYA VM GENERA,CIÓN (,A CT. COMER . RE) 100 GENERACION ZONA ESPAÑOLA RE Mercado Hidrá ulica,19
CENRE01,CENTELLES GEN,SOLAR 01,,ELECTRACOMERCIAL,CENTE,LL ES  100 GENERACION ZONA ESPAÑOLA RE Mercado Solar Fotovoltáica,19
CENRE02,LA GAVARRA,,,ELECTRACOMERCIAL,CENTE,LL ES  100 GENERACION ZONA ESPAÑOLA RE Mercado Solar Fotovoltáica,19
CESOVD1,VENTA EXCEDEN,TES,,COMERCIALIZADORA,ENERG,"E TICA SOSTE NIBLE, S.A. 100 GENERACION ZONA ESPAÑOLA RE Mercado Solar Fotovoltáica",19
CEVD001,TARIFA TÉRMICA,<10,,ENERGYA VM GENERA,CIÓN (,A CT. COMER . RE) 100 GENERACION ZONA ESPAÑOLA RE Mercado Térmi ca no,19
CEVD002,TARIFA RESIDUO,S <10,,ENERGYA,VM,GENERACIÓN (ACT. COMER. RE) 100 GENERACION ZONA ESPAÑOLA RE Mercado Térmica R,20
CEVD003,TARIFA FOTOVO,LTAICA <10,,ENERGYA,VM,GENERACIÓN (ACT. COMER. RE) 100 GENERACION ZONA ESPAÑOLA RE Mercado Solar Foto,20
CEVD004,TARIFA HIDRÁUL,ICA <10,,ENERGYA,VM,GENERACIÓN (ACT. COMER. RE) 100 GENERACION ZONA ESPAÑOLA RE Mercado Hidráulica,20
CEVD011,ARTABRA - TARIF,A TÉRMICA,>10,ENERGYA,VM,GENERACIÓN (ACT. COMER. RE) 100 GENERACION ZONA ESPAÑOLA RE Mercado Térmica n,20
CEVD020,UTISA - TARIFA T,ÉRMICA >10,,ENERGYA,VM,GENERACIÓN (ACT. COMER. RE) 100 GENERACION ZONA ESPAÑOLA RE Mercado Térmica n,20
CEVD025,HUNOSA - TARIF,A TÉRMICA,>10,ENERGYA,VM,GENERACIÓN (ACT. COMER. RE) 100 GENERACION ZONA ESPAÑOLA RE Mercado Térmica n,20
CEVD028,MARE - TARIFA T,ÉRMICA >10,,ENERGYA,VM,GENERACIÓN (ACT. COMER. RE) 100 GENERACION ZONA ESPAÑOLA RE Mercado Térmica n,20
CEVD038,CANAL NAVARRA,-TARIFA HID,RA >10,ENERGYA,VM,GENERACIÓN (ACT. COMER. RE) 100 GENERACION ZONA ESPAÑOLA RE Mercado Hidráulica,20
CEVD044,BUTARQUE - TAR,IFA TÉRMIC,A >10,ENERGYA,VM,GENERACIÓN (ACT. COMER. RE) 100 GENERACION ZONA ESPAÑOLA RE Mercado Térmica n,20
CEVD046,TOLSA - TARIFA T,ÉRMICA >1,0,ENERGYA,VM,GENERACIÓN (ACT. COMER. RE) 100 GENERACION ZONA ESPAÑOLA RE Mercado Térmica n,20
CEVD051,BIOCAN - TARIFA,RESIDUOS,>10,ENERGYA,VM,GENERACIÓN (ACT. COMER. RE) 100 GENERACION ZONA ESPAÑOLA RE Mercado Térmica R,20
CEVD054,PECOTER - TARIF,A EÓLICA >,10,ENERGYA,VM,GENERACIÓN (ACT. COMER. RE) 100 GENERACION ZONA ESPAÑOLA RE Mercado Eólica,20
CEVD057,MOYGIRA - TARIF,A TÉRMICA,>10,ENERGYA,VM,GENERACIÓN (ACT. COMER. RE) 100 GENERACION ZONA ESPAÑOLA RE Mercado Térmica n,20
CEVD075,ALC. LA PUEBLA,,,ENERGYA,VM,GENERACIÓN (ACT. COMER. RE) 100 GENERACION ZONA ESPAÑOLA RE Mercado Térmica n,20
CEVD076,HNE - NO GESTIO,NABLE,,ENERGYA,VM,GENERACIÓN (ACT. COMER. RE) 100 GENERACION ZONA ESPAÑOLA RE Mercado Hidráulica,20
CEVD204,RESID. COMARC,A PAMPLON,A B71,ENERGYA,VM,GENERACIÓN (ACT. COMER. RE) 100 GENERACION ZONA ESPAÑOLA RE Mercado Térmica R,20
CEVD205,TERMICA BUNGE,,,ENERGYA,VM,GENERACIÓN (ACT. COMER. RE) 100 GENERACION ZONA ESPAÑOLA RE Mercado Térmica n,20
CEVD209,STO. CRISTO DE,MAGALLON,,ENERGYA,VM,GENERACIÓN (ACT. COMER. RE) 100 GENERACION ZONA ESPAÑOLA RE Mercado Eólica,20
CEVD234,CEVD234,,,ENERGYA,VM,GENERACIÓN (ACT. COMER. RE) 100 GENERACION ZONA ESPAÑOLA RE Mercado Eólica,20
CEVD235,CEVD235,,,ENERGYA,VM,GENERACIÓN (ACT. COMER. RE) 100 GENERACION ZONA ESPAÑOLA RE Mercado Térmica n,20
CEVD244,FV. RENOV. RTS1,>1MW,,ENERGYA,VM,GENERACIÓN (ACT. COMER. RE) 100 GENERACION ZONA ESPAÑOLA RE Mercado Solar Foto,20
CEVD249,FV +1MW,,,ENERGYA,VM,GENERACIÓN (ACT. COMER. RE) 100 GENERACION ZONA ESPAÑOLA RE Mercado Solar Foto,20
CEVD255,GALESA,,,ENERGYA,VM,GENERACIÓN (ACT. COMER. RE) 100 GENERACION ZONA ESPAÑOLA RE Mercado Térmica n,20
CEVD256,GECASA - AÑARB,E,,ENERGYA,VM,GENERACIÓN (ACT. COMER. RE) 100 GENERACION ZONA ESPAÑOLA RE Mercado Térmica n,20
CEVD264,CEVD264 - MOINS,A,,ENERGYA,VM,GENERACIÓN (ACT. COMER. RE) 100 GENERACION ZONA ESPAÑOLA RE Mercado Térmica n,20
CEVD269,PIEROL,,,ENERGYA,VM,GENERACIÓN (ACT. COMER. RE) 100 GENERACION ZONA ESPAÑOLA RE Mercado Térmica n,20
CEVD276,SALIN AÑANA,,,ENERGYA,VM,GENERACIÓN (ACT. COMER. RE) 100 GENERACION ZONA ESPAÑOLA RE Mercado Térmica n,20
CEVD278,RELECO,,,ENERGYA,VM,GENERACIÓN (ACT. COMER. RE) 100 GENERACION ZONA ESPAÑOLA RE Mercado Térmica n,20
CEVD279,AUSINES,,,ENERGYA,VM,GENERACIÓN (ACT. COMER. RE) 100 GENERACION ZONA ESPAÑOLA RE Mercado Eólica,20
CEVD280,ARTESA,,,ENERGYA,VM,GENERACIÓN (ACT. COMER. RE) 100 GENERACION ZONA ESPAÑOLA RE Mercado Hidráulica,20
CEVD281,EOL. CAPARROS,O,,ENERGYA,VM,GENERACIÓN (ACT. COMER. RE) 100 GENERACION ZONA ESPAÑOLA RE Mercado Eólica,20
CEVD282,EOL. CABANILLA,S,,ENERGYA,VM,GENERACIÓN (ACT. COMER. RE) 100 GENERACION ZONA ESPAÑOLA RE Mercado Eólica,20
CEVD283,LDV CASARES,,,ENERGYA,VM,GENERACIÓN (ACT. COMER. RE) 100 GENERACION ZONA ESPAÑOLA RE Mercado Eólica,20
CEVD284,EOL. EBRO,,,ENERGYA,VM,GENERACIÓN (ACT. COMER. RE) 100 GENERACION ZONA ESPAÑOLA RE Mercado Eólica,20
CEVD287,EOL. BANDERA,,,ENERGYA,VM,GENERACIÓN (ACT. COMER. RE) 100 GENERACION ZONA ESPAÑOLA RE Mercado Eólica,20
CEVD288,CEVD288,,,ENERGYA,VM,GENERACIÓN (ACT. COMER. RE) 100 GENERACION ZONA ESPAÑOLA RE Mercado Térmica n,20
CEVD289,EOLICA EVM ZR,,,ENERGYA,VM,GENERACIÓN (ACT. COMER. RE) 100 GENERACION ZONA ESPAÑOLA RE Mercado Eólica,20
CEVD290,ALCOHOLERA LA,PUEBLA,,ENERGYA,VM,GENERACIÓN (ACT. COMER. RE) 100 GENERACION ZONA ESPAÑOLA RE Mercado Térmica R,20
CEVD293,ECOPARC,,,ENERGYA,VM,GENERACIÓN (ACT. COMER. RE) 100 GENERACION ZONA ESPAÑOLA RE Mercado Térmica R,20
CEVD294,INUSA RESIDUOS,,,ENERGYA,VM,GENERACIÓN (ACT. COMER. RE) 100 GENERACION ZONA ESPAÑOLA RE Mercado Térmica R,20
CEVD296,URBASER,,,ENERGYA,VM,GENERACIÓN (ACT. COMER. RE) 100 GENERACION ZONA ESPAÑOLA RE Mercado Térmica R,20
CEVD300,NOSTIAN: BABCO,K+TECMED,,ENERGYA,VM,GENERACIÓN (ACT. COMER. RE) 100 GENERACION ZONA ESPAÑOLA RE Mercado Térmica R,20
CEVD302,ELECDEY LEZUZ,A,,ENERGYA,VM,GENERACIÓN (ACT. COMER. RE) 100 GENERACION ZONA ESPAÑOLA RE Mercado Eólica,20
CEVD308,PE LOMA DE AYA,LA,,ENERGYA,VM,GENERACIÓN (ACT. COMER. RE) 100 GENERACION ZONA ESPAÑOLA RE Mercado Eólica,20
CEVD309,PE LOS JARALES,,ENERGYA,VM,GENERACIÓN,(ACT. COMER. RE) 100 GENERACION ZONA ESPAÑOLA RE Mercado Eólica,21
CEVD328,PE SOTILLO,,ENERGYA,VM,GENERACIÓN,(ACT. COMER. RE) 100 GENERACION ZONA ESPAÑOLA RE Mercado Eólica,21
CEVD329,CEVD329,,ENERGYA,VM,GENERACIÓN,(ACT. COMER. RE) 100 GENERACION ZONA ESPAÑOLA RE Mercado Eólica,21
CEVD331,PE ABLITAS,,ENERGYA,VM,GENERACIÓN,(ACT. COMER. RE) 100 GENERACION ZONA ESPAÑOLA RE Mercado Eólica,21
CEVD332,EOL VALDETELLAS,,ENERGYA,VM,GENERACIÓN,(ACT. COMER. RE) 100 GENERACION ZONA ESPAÑOLA RE Mercado Eólica,21
CEVD334,MEH,,ENERGYA,VM,GENERACIÓN,(ACT. COMER. RE) 100 GENERACION ZONA ESPAÑOLA RE Mercado Térmica n,21
CEVD339,PANTANE MECANISM,O AJUSTE,ENERGYA,VM,GENERACIÓN,(ACT. COMER. RE) 100 GENERACION ZONA ESPAÑOLA RE Mercado Térmica n,21
CEVD340,PODEBO RDL 17_202,2,ENERGYA,VM,GENERACIÓN,(ACT. COMER. RE) 100 GENERACION ZONA ESPAÑOLA RE Mercado Térmica n,21
CEVD344,FV. PUERTO REAL,,ENERGYA,VM,GENERACIÓN,(ACT. COMER. RE) 100 GENERACION ZONA ESPAÑOLA RE Mercado Solar Foto,21
CEVD345,FV. PRADO DE LUNA,1,ENERGYA,VM,GENERACIÓN,(ACT. COMER. RE) 100 GENERACION ZONA ESPAÑOLA RE Mercado Solar Foto,21
CEVD346,FV. PRADO DE LUNA,2,ENERGYA,VM,GENERACIÓN,(ACT. COMER. RE) 100 GENERACION ZONA ESPAÑOLA RE Mercado Solar Foto,21
CEVD347,FV. PRADO DE LUNA,3,ENERGYA,VM,GENERACIÓN,(ACT. COMER. RE) 100 GENERACION ZONA ESPAÑOLA RE Mercado Solar Foto,21
CEVD348,FV. EL CUARTILLEJO,,ENERGYA,VM,GENERACIÓN,(ACT. COMER. RE) 100 GENERACION ZONA ESPAÑOLA RE Mercado Solar Foto,21
CEVD349,CUTOLE_MAJ,,ENERGYA,VM,GENERACIÓN,(ACT. COMER. RE) 100 GENERACION ZONA ESPAÑOLA RE Mercado Térmica n,21
CEVD352,P.E. CAMPO DE MAG,ALLON,ENERGYA,VM,GENERACIÓN,(ACT. COMER. RE) 100 GENERACION ZONA ESPAÑOLA RE Mercado Eólica,21
CEVD353,FV. LLANO1,,ENERGYA,VM,GENERACIÓN,(ACT. COMER. RE) 100 GENERACION ZONA ESPAÑOLA RE Mercado Solar Foto,21
CEVD354,FV. LLANO2,,ENERGYA,VM,GENERACIÓN,(ACT. COMER. RE) 100 GENERACION ZONA ESPAÑOLA RE Mercado Solar Foto,21
CEVD356,FV ALAMO,,ENERGYA,VM,GENERACIÓN,(ACT. COMER. RE) 100 GENERACION ZONA ESPAÑOLA RE Mercado Solar Foto,21
CEVD357,CH. TALAVE,,ENERGYA,VM,GENERACIÓN,(ACT. COMER. RE) 100 GENERACION ZONA ESPAÑOLA RE Mercado Hidráulica,21
CEVD358,P.E. MULTITECNOLO,GÍA ZR,ENERGYA,VM,GENERACIÓN,(ACT. COMER. RE) 100 GENERACION ZONA ESPAÑOLA RE Mercado Eólica,21
CEVD360,P.E. BECERRIL,,ENERGYA,VM,GENERACIÓN,(ACT. COMER. RE) 100 GENERACION ZONA ESPAÑOLA RE Mercado Eólica,21
CEVD361,P.E. VALDELUGO,,ENERGYA,VM,GENERACIÓN,(ACT. COMER. RE) 100 GENERACION ZONA ESPAÑOLA RE Mercado Eólica,21
CEVD368,RENOVALIA SOLAR 2,,ENERGYA,VM,GENERACIÓN,(ACT. COMER. RE) 100 GENERACION ZONA ESPAÑOLA RE Mercado Solar Foto,21
CEVD369,FV. LLANO3,,ENERGYA,VM,GENERACIÓN,(ACT. COMER. RE) 100 GENERACION ZONA ESPAÑOLA RE Mercado Solar Foto,21
CEVD371,FV. NATURENER SO,LAR ALANGE,ENERGYA,VM,GENERACIÓN,(ACT. COMER. RE) 100 GENERACION ZONA ESPAÑOLA RE Mercado Solar Foto,21
CEVD373,FV. CORONIL 1 - ECO,IBERIA SOLA,ENERGYA,VM,GENERACIÓN,(ACT. COMER. RE) 100 GENERACION ZONA ESPAÑOLA RE Mercado Solar Foto,21
CEVD374,FV. REGANTES SANT,A MARIA,ENERGYA,VM,GENERACIÓN,(ACT. COMER. RE) 100 GENERACION ZONA ESPAÑOLA RE Mercado Solar Foto,21
CEVD375,P.E. CARRERAS,,ENERGYA,VM,GENERACIÓN,(ACT. COMER. RE) 100 GENERACION ZONA ESPAÑOLA RE Mercado Eólica,21
CEVD376,P.E. MANZANAL,,ENERGYA,VM,GENERACIÓN,(ACT. COMER. RE) 100 GENERACION ZONA ESPAÑOLA RE Mercado Eólica,21
CEVD378,P.E. PEÑUCA,,ENERGYA,VM,GENERACIÓN,(ACT. COMER. RE) 100 GENERACION ZONA ESPAÑOLA RE Mercado Eólica,21
CEVD381,P.E. VENTUM,,ENERGYA,VM,GENERACIÓN,(ACT. COMER. RE) 100 GENERACION ZONA ESPAÑOLA RE Mercado Eólica,21
CEVD383,P.E. LOMILLAS,,ENERGYA,VM,GENERACIÓN,(ACT. COMER. RE) 100 GENERACION ZONA ESPAÑOLA RE Mercado Eólica,21
CEVD384,FV BELINCHON 1,,ENERGYA,VM,GENERACIÓN,(ACT. COMER. RE) 100 GENERACION ZONA ESPAÑOLA RE Mercado Solar Foto,21
CEVD385,FV BELINCHON 2,,ENERGYA,VM,GENERACIÓN,(ACT. COMER. RE) 100 GENERACION ZONA ESPAÑOLA RE Mercado Solar Foto,21
CEVD386,FV BELINCHON 3,,ENERGYA,VM,GENERACIÓN,(ACT. COMER. RE) 100 GENERACION ZONA ESPAÑOLA RE Mercado Solar Foto,21
CEVD387,FV ORELLANA,,ENERGYA,VM,GENERACIÓN,(ACT. COMER. RE) 100 GENERACION ZONA ESPAÑOLA RE Mercado Solar Foto,21
CEVD395,SOLAR ALBACETE 1,RENOVALIA,ENERGYA,VM,GENERACIÓN,(ACT. COMER. RE) 100 GENERACION ZONA ESPAÑOLA RE Mercado Solar Foto,21
CEVD396,SOLAR ALBACETE 2,RENOVALIA,ENERGYA,VM,GENERACIÓN,(ACT. COMER. RE) 100 GENERACION ZONA ESPAÑOLA RE Mercado Solar Foto,21
CEVD397,FV CASA ANGEL REN,OVALIA,ENERGYA,VM,GENERACIÓN,(ACT. COMER. RE) 100 GENERACION ZONA ESPAÑOLA RE Mercado Solar Foto,21
CEVD400,FV VALLECAS,,ENERGYA,VM,GENERACIÓN,(ACT. COMER. RE) 100 GENERACION ZONA ESPAÑOLA RE Mercado Solar Foto,21
CEVD401,FV. CARAVACA,,ENERGYA,VM,GENERACIÓN,(ACT. COMER. RE) 100 GENERACION ZONA ESPAÑOLA RE Mercado Solar Foto,21
CEVD405,CH AZANON,,ENERGYA,VM,GENERACIÓN,(ACT. COMER. RE) 100 GENERACION ZONA ESPAÑOLA RE Mercado Hidráulica,21
CEVD411,CH DUEROCANTO,,ENERGYA,VM,GENERACIÓN,(ACT. COMER. RE) 100 GENERACION ZONA ESPAÑOLA RE Mercado Hidráulica,21
CEVD412,CH EUGUI,,ENERGYA,VM,GENERACIÓN,(ACT. COMER. RE) 100 GENERACION ZONA ESPAÑOLA RE Mercado Hidráulica,21
CEVD413,CH EGUILLOR,,ENERGYA,VM,GENERACIÓN,(ACT. COMER. RE) 100 GENERACION ZONA ESPAÑOLA RE Mercado Hidráulica,21
CEVD414,AÑARBE-GECASA2,,ENERGYA,VM,GENERACIÓN,(ACT. COMER. RE) 100 GENERACION ZONA ESPAÑOLA RE Mercado Térmica n,21
CEVD440,MORALAS,,ENERGYA,VM,GENERACIÓN,(ACT. COMER. RE) 100 GENERACION ZONA ESPAÑOLA RE Mercado Solar Foto,21
CEVD449,TALEGA,,ENERGYA,VM,GENERACIÓN,(ACT. COMER. RE) 100 GENERACION ZONA ESPAÑOLA RE Mercado Solar Foto,21
CEVD450,P.E. AGON2,,ENERGYA,VM,GENERACIÓN,(ACT. COMER. RE) 100 GENERACION ZONA ESPAÑOLA RE Mercado Eólica,21
CEVD452,FV. HITA,,ENERGYA,VM,GENERACIÓN,(ACT. COMER. RE) 100 GENERACION ZONA ESPAÑOLA RE Mercado Solar Foto,21
CEVD462,FV LUCAINENA,,ENERGYA,VM,GENERACIÓN,(ACT. COMER. RE) 100 GENERACION ZONA ESPAÑOLA RE Mercado Solar Foto,21
CEVD463,FV. RETAMALA,,ENERGYA,VM,GENERACIÓN,(ACT. COMER. RE) 100 GENERACION ZONA ESPAÑOLA RE Mercado Solar Foto,21
CEVD464,FV. RINCON,,ENERGYA,VM,GENERACIÓN,(ACT. COMER. RE) 100 GENERACION ZONA ESPAÑOLA RE Mercado Solar Foto,21
CEVD465,FV. VALDEFUENTES,1,ENERGYA,VM,GENERACIÓN,(ACT. COMER. RE) 100 GENERACION ZONA ESPAÑOLA RE Mercado Solar Foto,21
CEVD466,FV. VALDEFUENTE,S 2,ENERGYA VM GEN,ERACIÓN,(ACT.,COMER. RE) 100 GENERACION ZONA ESPAÑOLA RE Mercado Solar Foto,22
CEVD467,FV. CRUZ,,ENERGYA VM GEN,ERACIÓN,(ACT.,COMER. RE) 100 GENERACION ZONA ESPAÑOLA RE Mercado Solar Foto,22
CEVD468,FV. CUBILLAS,,ENERGYA VM GEN,ERACIÓN,(ACT.,COMER. RE) 100 GENERACION ZONA ESPAÑOLA RE Mercado Solar Foto,22
CEVD469,FV. VALMOJADO,,ENERGYA VM GEN,ERACIÓN,(ACT.,COMER. RE) 100 GENERACION ZONA ESPAÑOLA RE Mercado Solar Foto,22
CEVD470,FV. VALDEYEGUAS,,ENERGYA VM GEN,ERACIÓN,(ACT.,COMER. RE) 100 GENERACION ZONA ESPAÑOLA RE Mercado Solar Foto,22
CEVD471,FV. ZORITA,,ENERGYA VM GEN,ERACIÓN,(ACT.,COMER. RE) 100 GENERACION ZONA ESPAÑOLA RE Mercado Solar Foto,22
CEVD472,FV. COLON,,ENERGYA VM GEN,ERACIÓN,(ACT.,COMER. RE) 100 GENERACION ZONA ESPAÑOLA RE Mercado Solar Foto,22
CEVD473,FV. PALOMARES,,ENERGYA VM GEN,ERACIÓN,(ACT.,COMER. RE) 100 GENERACION ZONA ESPAÑOLA RE Mercado Solar Foto,22
CEVD475,FV. NUMANCIA SOL,AR 1,ENERGYA VM GEN,ERACIÓN,(ACT.,COMER. RE) 100 GENERACION ZONA ESPAÑOLA RE Mercado Solar Foto,22
CEVD476,FV. LAS ROZAS SO,LAR,ENERGYA VM GEN,ERACIÓN,(ACT.,COMER. RE) 100 GENERACION ZONA ESPAÑOLA RE Mercado Solar Foto,22
CEVD477,C.H. ARROYO POZO,S,ENERGYA VM GEN,ERACIÓN,(ACT.,COMER. RE) 100 GENERACION ZONA ESPAÑOLA RE Mercado Hidráulica,22
CEVD478,BIOARTIGAS,,ENERGYA VM GEN,ERACIÓN,(ACT.,COMER. RE) 100 GENERACION ZONA ESPAÑOLA RE Mercado Térmica R,22
CEVD479,C.H. CAMPOSOLILL,O,ENERGYA VM GEN,ERACIÓN,(ACT.,COMER. RE) 100 GENERACION ZONA ESPAÑOLA RE Mercado Hidráulica,22
CEVD480,C.H. BOCANA DEL C,ASAR,ENERGYA VM GEN,ERACIÓN,(ACT.,COMER. RE) 100 GENERACION ZONA ESPAÑOLA RE Mercado Hidráulica,22
CEVD481,C.H. CERRATO,,ENERGYA VM GEN,ERACIÓN,(ACT.,COMER. RE) 100 GENERACION ZONA ESPAÑOLA RE Mercado Hidráulica,22
CEVD482,C.H. GORGOL,,ENERGYA VM GEN,ERACIÓN,(ACT.,COMER. RE) 100 GENERACION ZONA ESPAÑOLA RE Mercado Hidráulica,22
CEVD483,C.H. LA ISLA,,ENERGYA VM GEN,ERACIÓN,(ACT.,COMER. RE) 100 GENERACION ZONA ESPAÑOLA RE Mercado Hidráulica,22
CEVD484,BIOMERUELO,,ENERGYA VM GEN,ERACIÓN,(ACT.,COMER. RE) 100 GENERACION ZONA ESPAÑOLA RE Mercado Térmica R,22
CEVD485,C.H. PAMSA,,ENERGYA VM GEN,ERACIÓN,(ACT.,COMER. RE) 100 GENERACION ZONA ESPAÑOLA RE Mercado Hidráulica,22
CEVD486,FV. BOLARQUE1,,ENERGYA VM GEN,ERACIÓN,(ACT.,COMER. RE) 100 GENERACION ZONA ESPAÑOLA RE Mercado Solar Foto,22
CEVD487,FV. BOLARQUE2,,ENERGYA VM GEN,ERACIÓN,(ACT.,COMER. RE) 100 GENERACION ZONA ESPAÑOLA RE Mercado Solar Foto,22
CEVD488,FV. BOLARQUE3,,ENERGYA VM GEN,ERACIÓN,(ACT.,COMER. RE) 100 GENERACION ZONA ESPAÑOLA RE Mercado Solar Foto,22
CEVD489,FV. ALMOGUERA1,,ENERGYA VM GEN,ERACIÓN,(ACT.,COMER. RE) 100 GENERACION ZONA ESPAÑOLA RE Mercado Solar Foto,22
CEVD490,FV JALÓN I,,ENERGYA VM GEN,ERACIÓN,(ACT.,COMER. RE) 100 GENERACION ZONA ESPAÑOLA RE Mercado Solar Foto,22
CEVD491,FV NAVARROS II,,ENERGYA VM GEN,ERACIÓN,(ACT.,COMER. RE) 100 GENERACION ZONA ESPAÑOLA RE Mercado Solar Foto,22
CEVD492,FV MÁS DE GIL,,ENERGYA VM GEN,ERACIÓN,(ACT.,COMER. RE) 100 GENERACION ZONA ESPAÑOLA RE Mercado Solar Foto,22
CEVD493,FV. NAVARROS I,,ENERGYA VM GEN,ERACIÓN,(ACT.,COMER. RE) 100 GENERACION ZONA ESPAÑOLA RE Mercado Solar Foto,22
CEVD494,FV. MYRTEA1,,ENERGYA VM GEN,ERACIÓN,(ACT.,COMER. RE) 100 GENERACION ZONA ESPAÑOLA RE Mercado Solar Foto,22
CEVD495,FV SOCOVOS 2,,ENERGYA VM GEN,ERACIÓN,(ACT.,COMER. RE) 100 GENERACION ZONA ESPAÑOLA RE Mercado Solar Foto,22
CEVD496,FV. NEOSOL,,ENERGYA VM GEN,ERACIÓN,(ACT.,COMER. RE) 100 GENERACION ZONA ESPAÑOLA RE Mercado Solar Foto,22
CEVD497,FV. PUCELAS,,ENERGYA VM GEN,ERACIÓN,(ACT.,COMER. RE) 100 GENERACION ZONA ESPAÑOLA RE Mercado Solar Foto,22
CEVD498,FV. YESERAS,,ENERGYA VM GEN,ERACIÓN,(ACT.,COMER. RE) 100 GENERACION ZONA ESPAÑOLA RE Mercado Solar Foto,22
CEVD499,P.E. PLASENCIA,,ENERGYA VM GEN,ERACIÓN,(ACT.,COMER. RE) 100 GENERACION ZONA ESPAÑOLA RE Mercado Eólica,22
CEVD500,FV. ARCO 8,,ENERGYA VM GEN,ERACIÓN,(ACT.,COMER. RE) 100 GENERACION ZONA ESPAÑOLA RE Mercado Solar Foto,22
CEVD501,FV. VALDECARRET,AS,ENERGYA VM GEN,ERACIÓN,(ACT.,COMER. RE) 100 GENERACION ZONA ESPAÑOLA RE Mercado Solar Foto,22
CEVD502,FV. GUADAJOZ HIV,E,ENERGYA VM GEN,ERACIÓN,(ACT.,COMER. RE) 100 GENERACION ZONA ESPAÑOLA RE Mercado Solar Foto,22
CEVD503,FV. VILLAMAÑÁN,,ENERGYA VM GEN,ERACIÓN,(ACT.,COMER. RE) 100 GENERACION ZONA ESPAÑOLA RE Mercado Solar Foto,22
CEVD504,FV. ATALAYA,,ENERGYA VM GEN,ERACIÓN,(ACT.,COMER. RE) 100 GENERACION ZONA ESPAÑOLA RE Mercado Solar Foto,22
CEVD505,FV. GUZMÁN I,,ENERGYA VM GEN,ERACIÓN,(ACT.,COMER. RE) 100 GENERACION ZONA ESPAÑOLA RE Mercado Solar Foto,22
CEVD506,FV. LAS CORONAD,AS HIVE,ENERGYA VM GEN,ERACIÓN,(ACT.,COMER. RE) 100 GENERACION ZONA ESPAÑOLA RE Mercado Solar Foto,22
CEVD507,FV. BURRIANA 1,,ENERGYA VM GEN,ERACIÓN,(ACT.,COMER. RE) 100 GENERACION ZONA ESPAÑOLA RE Mercado Solar Foto,22
CEVD508,FV. BURRIANA 2,,ENERGYA VM GEN,ERACIÓN,(ACT.,COMER. RE) 100 GENERACION ZONA ESPAÑOLA RE Mercado Solar Foto,22
CEVD509,FV. DON RODRIGO,HIVE,ENERGYA VM GEN,ERACIÓN,(ACT.,COMER. RE) 100 GENERACION ZONA ESPAÑOLA RE Mercado Solar Foto,22
CEVD510,FV. CAMPOS DEL R,IO,ENERGYA VM GEN,ERACIÓN,(ACT.,COMER. RE) 100 GENERACION ZONA ESPAÑOLA RE Mercado Solar Foto,22
CEVD511,FV. EL PEDRERO,,ENERGYA VM GEN,ERACIÓN,(ACT.,COMER. RE) 100 GENERACION ZONA ESPAÑOLA RE Mercado Solar Foto,22
CEVD512,FV. MIRABUENA,,ENERGYA VM GEN,ERACIÓN,(ACT.,COMER. RE) 100 GENERACION ZONA ESPAÑOLA RE Mercado Solar Foto,22
CILCOR,C. I. DE LA CORUÑA,,REPSOL FUELS SA,,, 100 GENERACION ZONA ESPAÑOLA RE Mercado Térmica n,22
CLIDV02,FV OURIKA,,CLIDOMER UNIPES,SOAL LDA,, 100 GENERACION ZONA PORTUGUESA RE Tarifa CU R (uof),22
CLIVD01,UNIDAD OFERTA TA,RIFA,HOLALUZ-CLIDOM,SA,, 100 GENERACION ZONA ESPAÑOLA RE Mercado Solar Foto,22
CLIVD05,FOTOVOLTAICA TIP,O 10,HOLALUZ-CLIDOM,SA,, 100 GENERACION ZONA ESPAÑOLA RE Mercado Solar Foto,22
CLIVD48,CLIVD48,,HOLALUZ-CLIDOM,SA,, 100 GENERACION ZONA ESPAÑOLA RE Mercado Solar Foto,22
CLIVD49,CLIVD49,,HOLALUZ-CLIDOM,SA,, 100 GENERACION ZONA ESPAÑOLA RE Mercado Solar Foto,22
CLIVD50,CLIVD50,,HOLALUZ-CLIDOM,SA,, 100 GENERACION ZONA ESPAÑOLA RE Mercado Solar Foto,22
CLIVD54,CLIVD54,,HOLALUZ-CLIDOM,SA,, 100 GENERACION ZONA ESPAÑOLA RE Mercado Solar Foto,22
CLIVD58,CLIVD58,,HOLALUZ-CLIDOM,SA,, 100 GENERACION ZONA ESPAÑOLA RE Mercado Solar Foto,22
CLIVD65,CLIVD65,,HOLALUZ-CLIDOM,SA,, 100 GENERACION ZONA ESPAÑOLA RE Mercado Solar Foto,22
CLIVD73,CLIVD73,,HOLALUZ-CLIDOM,SA,, 100 GENERACION ZONA ESPAÑOLA RE Mercado Solar Foto,22
CLIVD74,CLIVD74,,,,,HOLALUZ-CLIDOM SA    100 GENERACION ZONA ESPAÑOLA RE Mercado Solar Fo tovoltáica,23
CLIVD75,CLIVD75,,,,,HOLALUZ-CLIDOM SA    100 GENERACION ZONA ESPAÑOLA RE Mercado Solar Fo tovoltáica,23
CLIVD77,CLIVD77,,,,,HOLALUZ-CLIDOM SA    100 GENERACION ZONA ESPAÑOLA RE Mercado Térmica no,23
CNCRE01,VENTA EX,CED,ENT,ES FV,,CONECTA2 ENERG IA S L   100 GENERACION ZONA ESPAÑOLA RE Mercado Solar Fo tovoltáica,23
CNCRE02,FV MAYOR,1M,W,,,CONECTA2 ENERG IA S L   100 GENERACION ZONA ESPAÑOLA RE Mercado Solar Fo tovoltáica,23
COF1,C.N. COFR,ENT,ES,,,IBERDROLA ENER GÍA ESPAÑA S..A.  100 GENERACION ZONA ESPAÑOLA Nuclear  ,23
COGEVD3,VENTA AE,VD1,,,,ENERGY BY COGE N    100 GENERACION ZONA ESPAÑOLA RE Mercado Térmica no,23
COGEVD4,VENTA AE,CO,GEN,ERACION,,ENERGY BY COGE N    100 GENERACION ZONA ESPAÑOLA RE Mercado Térmica no,23
COGEVD5,VENTA AE,CO,GEN,ERACION,3,ENERGY BY COGE N    100 GENERACION ZONA ESPAÑOLA RE Mercado Térmica no,23
COGEVD6,VENTA AE,CO,GEN,ERACION,4,ENERGY BY COGE N    100 GENERACION ZONA ESPAÑOLA RE Mercado Térmica no,23
COGEVD7,VENTA AE,CO,GEN,ERACION,5,ENERGY BY COGE N    100 GENERACION ZONA ESPAÑOLA RE Mercado Térmica no,23
COGEVD8,VENTA AE,CO,GEN,ERACION,,ENERGY BY COGE N    100 GENERACION ZONA ESPAÑOLA RE Mercado Térmica no,23
COGVD10,VENTA AE,CO,GEN,ERACION,10,ENERGY BY COGE N    100 GENERACION ZONA ESPAÑOLA RE Mercado Térmica no,23
COGVD11,VENTA AE,CO,GEN,ERACION,11,ENERGY BY COGE N    100 GENERACION ZONA ESPAÑOLA RE Mercado Térmica no,23
COGVD12,VENTA AE,CO,GEN,ERACION,12,ENERGY BY COGE N    100 GENERACION ZONA ESPAÑOLA RE Mercado Térmica no,23
COGVD13,VENTA AE,CO,GEN,ERACION,13,ENERGY BY COGE N    100 GENERACION ZONA ESPAÑOLA RE Mercado Térmica no,23
COGVD14,VENTA AE,CO,GEN,ERACION,14,ENERGY BY COGE N    100 GENERACION ZONA ESPAÑOLA RE Mercado Térmica no,23
COGVD15,VENTA AE,CO,GEN,ERACION,15,ENERGY BY COGE N    100 GENERACION ZONA ESPAÑOLA RE Mercado Térmica no,23
COGVD16,VENTA AE,CO,GEN,ERACION,16,ENERGY BY COGE N    100 GENERACION ZONA ESPAÑOLA RE Mercado Térmica no,23
COGVD17,VENTA AE,CO,GEN,ERACION,17,ENERGY BY COGE N    100 GENERACION ZONA ESPAÑOLA RE Mercado Térmica no,23
COGVD18,VENTA AE,CO,GEN,ERACION,18,ENERGY BY COGE N    100 GENERACION ZONA ESPAÑOLA RE Mercado Térmica no,23
COGVD19,VENTA AE,CO,GEN,ERACION,19,ENERGY BY COGE N    100 GENERACION ZONA ESPAÑOLA RE Mercado Térmica Renovable,23
COGVD20,VENTA AE,CO,GEN,ERACION,20,ENERGY BY COGE N    100 GENERACION ZONA ESPAÑOLA RE Mercado Térmica no,23
COGVD21,VENTA AE,CO,GEN,ERACION,21,ENERGY BY COGE N    100 GENERACION ZONA ESPAÑOLA RE Mercado Térmica no,23
COGVD22,VENTA AE,CO,GEN,ERACION,22,ENERGY BY COGE N    100 GENERACION ZONA ESPAÑOLA RE Mercado Térmica no,23
COGVD24,VENTA AE,CO,GEN,ERACION,24,ENERGY BY COGE N    100 GENERACION ZONA ESPAÑOLA RE Mercado Térmica no,23
COGVD25,VENTA AE,CO,GEN,ERACION,25,ENERGY BY COGE N    100 GENERACION ZONA ESPAÑOLA RE Mercado Térmica no,23
COG75RR,COG75RR,,,,,"REPSOL SERVICIO S R ENOVAB LES, S.A. 100 GENERACION ZONA ESPAÑOLA RE Mercado Térmica no",23
COL4,C.C. COLÓ,N 4,,,,"ENDESA GENERAC IÓN , S.A.   100 GENERACION ZONA ESPAÑOLA Ciclo Combin ado ",23
CTGN1,C.C. CART,AGE,NA,1,,GAS NATURAL CO MER CIALIZA DORA  100 GENERACION ZONA ESPAÑOLA Ciclo Combin ado ,23
CTGN2,C.C. CART,AGE,NA,2,,GAS NATURAL CO MER CIALIZA DORA  100 GENERACION ZONA ESPAÑOLA Ciclo Combin ado ,23
CTGN3,C.C. CART,AGE,NA,3,,GAS NATURAL CO MER CIALIZA DORA  100 GENERACION ZONA ESPAÑOLA Ciclo Combin ado ,23
CTJON1R,CC. CASTE,JON,1 R,EPR,,TOTALENERGIES G AS AND PO WER LIMITED 100 GENERACION ZONA ESPAÑOLA Ciclo Combin ado ,23
CTJON2,C.C. CAST,EJÓ,N 2,,,IBERDROLA ENER GÍA ESPAÑA S..A.  100 GENERACION ZONA ESPAÑOLA Ciclo Combin ado ,23
CTJON3R,CC CASTE,JON,3 R,EPR,,TOTALENERGIES G AS AND PO WER LIMITED 100 GENERACION ZONA ESPAÑOLA Ciclo Combin ado ,23
CTNJUC2,UGH CAST,ELN,OU,,,ENGIE CASTELNO U    100 GENERACION ZONA ESPAÑOLA Hidráulica Ge neración ,23
CTNU,C.C. CAST,ELN,OU,,,ENGIE CASTELNO U    100 GENERACION ZONA ESPAÑOLA Ciclo Combin ado ,23
CTN3,C.C. CAST,ELL,ÓN,3,,IBERDROLA ENER GÍA ESPAÑA S..A.  100 GENERACION ZONA ESPAÑOLA Ciclo Combin ado ,23
CTN4,C.C. CAST,ELL,ÓN,4,,IBERDROLA ENER GÍA ESPAÑA S..A.  100 GENERACION ZONA ESPAÑOLA Ciclo Combin ado ,23
CYEVD01,UOF REPR,FV,TAR,CON DES,VIO 1,CYE ENERGIA S.L.     100 GENERACION ZONA ESPAÑOLA RE Mercado Solar Fo tovoltáica,23
CYEVD05,UOF REPR FV TAR SUP 1MW,CYE EN,ERGI,A S.L.,,100 GENERACION ZONA ESPAÑOLA RE Mercado Solar Foto,24
DETCRE1,DETISA COM VENTA REG. ESPECIAL,MOEVE,GAS,AND POWER,", S.A.U",100 GENERACION ZONA ESPAÑOLA RE Mercado Térmica n,24
DETVD03,VENTA PRODUCTOR DETIC,MOEVE,GAS,AND POWER,", S.A.U",100 GENERACION ZONA ESPAÑOLA RE Mercado Térmica n,24
DETVD10,DETVD10,MOEVE,GAS,AND POWER,", S.A.U",100 GENERACION ZONA ESPAÑOLA RE Mercado Térmica n,24
DETVD17,DETVD17,MOEVE,GAS,AND POWER,", S.A.U",100 GENERACION ZONA ESPAÑOLA RE Mercado Térmica n,24
DETVD19,DETVD19,MOEVE,GAS,AND POWER,", S.A.U",100 GENERACION ZONA ESPAÑOLA RE Mercado Térmica n,24
DETVD25,DETVD25,MOEVE,GAS,AND POWER,", S.A.U",100 GENERACION ZONA ESPAÑOLA RE Mercado Térmica n,24
DETVD27,DETVD27,MOEVE,GAS,AND POWER,", S.A.U",100 GENERACION ZONA ESPAÑOLA RE Mercado Térmica n,24
DETVD29,DETVD29,MOEVE,GAS,AND POWER,", S.A.U",100 GENERACION ZONA ESPAÑOLA RE Mercado Térmica R,24
DETVD30,DETVD30,MOEVE,GAS,AND POWER,", S.A.U",100 GENERACION ZONA ESPAÑOLA RE Mercado Térmica n,24
DETVD34,DETVD34,MOEVE,GAS,AND POWER,", S.A.U",100 GENERACION ZONA ESPAÑOLA RE Mercado Solar Foto,24
DETVD35,DETVD35,MOEVE,GAS,AND POWER,", S.A.U",100 GENERACION ZONA ESPAÑOLA RE Mercado Hidráulica,24
DETVD36,DETVD36,MOEVE,GAS,AND POWER,", S.A.U",100 GENERACION ZONA ESPAÑOLA RE Mercado Hidráulica,24
DETVD37,DETVD37,MOEVE,GAS,AND POWER,", S.A.U",100 GENERACION ZONA ESPAÑOLA RE Mercado Hidráulica,24
DETVD38,DETVD38,MOEVE,GAS,AND POWER,", S.A.U",100 GENERACION ZONA ESPAÑOLA RE Mercado Térmica n,24
DETVD42,DETVD42,MOEVE,GAS,AND POWER,", S.A.U",100 GENERACION ZONA ESPAÑOLA RE Mercado Térmica n,24
DETVD43,DETVD43,MOEVE,GAS,AND POWER,", S.A.U",100 GENERACION ZONA ESPAÑOLA RE Mercado Térmica n,24
DETVD44,DETVD44,MOEVE,GAS,AND POWER,", S.A.U",100 GENERACION ZONA ESPAÑOLA RE Mercado Térmica n,24
DETVD46,DETVD46,MOEVE,GAS,AND POWER,", S.A.U",100 GENERACION ZONA ESPAÑOLA RE Mercado Térmica n,24
DETVD48,DETVD48,MOEVE,GAS,AND POWER,", S.A.U",100 GENERACION ZONA ESPAÑOLA RE Mercado Térmica n,24
DETVD49,DETVD49,MOEVE,GAS,AND POWER,", S.A.U",100 GENERACION ZONA ESPAÑOLA RE Mercado Térmica n,24
DETVD51,DETVD51,MOEVE,GAS,AND POWER,", S.A.U",100 GENERACION ZONA ESPAÑOLA RE Mercado Térmica R,24
DETVD53,DETVD53,MOEVE,GAS,AND POWER,", S.A.U",100 GENERACION ZONA ESPAÑOLA RE Mercado Térmica n,24
DETVD54,DETVD54,MOEVE,GAS,AND POWER,", S.A.U",100 GENERACION ZONA ESPAÑOLA RE Mercado Térmica n,24
DETVD55,DETVD55,MOEVE,GAS,AND POWER,", S.A.U",100 GENERACION ZONA ESPAÑOLA RE Mercado Térmica n,24
DETVD57,DETVD57,MOEVE,GAS,AND POWER,", S.A.U",100 GENERACION ZONA ESPAÑOLA RE Mercado Térmica n,24
DETVD58,DETVD58,MOEVE,GAS,AND POWER,", S.A.U",100 GENERACION ZONA ESPAÑOLA RE Mercado Térmica n,24
DETVD65,DETVD65,MOEVE,GAS,AND POWER,", S.A.U",100 GENERACION ZONA ESPAÑOLA RE Mercado Hidráulica,24
DETVD66,DETVD66,MOEVE,GAS,AND POWER,", S.A.U",100 GENERACION ZONA ESPAÑOLA RE Mercado Solar Foto,24
DETVD68,DETVD68,MOEVE,GAS,AND POWER,", S.A.U",100 GENERACION ZONA ESPAÑOLA RE Mercado Térmica n,24
DETVD70,DETVD70,MOEVE,GAS,AND POWER,", S.A.U",100 GENERACION ZONA ESPAÑOLA RE Mercado Hidráulica,24
DETVD71,DETVD71,MOEVE,GAS,AND POWER,", S.A.U",100 GENERACION ZONA ESPAÑOLA RE Mercado Hidráulica,24
DETVD72,DETVD72,MOEVE,GAS,AND POWER,", S.A.U",100 GENERACION ZONA ESPAÑOLA RE Mercado Hidráulica,24
DETVD73,DETVD73,MOEVE,GAS,AND POWER,", S.A.U",100 GENERACION ZONA ESPAÑOLA RE Mercado Hidráulica,24
DETVD74,DETVD74,MOEVE,GAS,AND POWER,", S.A.U",100 GENERACION ZONA ESPAÑOLA RE Mercado Hidráulica,24
DETVD75,DETVD75,MOEVE,GAS,AND POWER,", S.A.U",100 GENERACION ZONA ESPAÑOLA RE Mercado Hidráulica,24
DETVD76,DETVD76,MOEVE,GAS,AND POWER,", S.A.U",100 GENERACION ZONA ESPAÑOLA RE Mercado Hidráulica,24
DETVD77,DETVD77,MOEVE,GAS,AND POWER,", S.A.U",100 GENERACION ZONA ESPAÑOLA RE Mercado Hidráulica,24
DETVD78,DETVD78,MOEVE,GAS,AND POWER,", S.A.U",100 GENERACION ZONA ESPAÑOLA RE Mercado Hidráulica,24
DETVD79,DETVD79,MOEVE,GAS,AND POWER,", S.A.U",100 GENERACION ZONA ESPAÑOLA RE Mercado Hidráulica,24
DETVD80,DETVD80,MOEVE,GAS,AND POWER,", S.A.U",100 GENERACION ZONA ESPAÑOLA RE Mercado Hidráulica,24
DETVD81,DETVD81,,MOEVE GAS,AND P,OWER,", S.A.U 100 GENERACION ZONA ESPAÑOLA RE Mercado Hidráulica",25
DETVD82,DETVD82,,MOEVE GAS,AND P,OWER,", S.A.U 100 GENERACION ZONA ESPAÑOLA RE Mercado Hidráulica",25
DETVD83,DETVD83,,MOEVE GAS,AND P,OWER,", S.A.U 100 GENERACION ZONA ESPAÑOLA RE Mercado Hidráulica",25
DETVD84,DETVD84,,MOEVE GAS,AND P,OWER,", S.A.U 100 GENERACION ZONA ESPAÑOLA RE Mercado Hidráulica",25
DETVD85,DETVD85,,MOEVE GAS,AND P,OWER,", S.A.U 100 GENERACION ZONA ESPAÑOLA RE Mercado Eólica",25
DETVD86,DETVD86,,MOEVE GAS,AND P,OWER,", S.A.U 100 GENERACION ZONA ESPAÑOLA RE Mercado Térmica n",25
DETVD87,DETVD87,,MOEVE GAS,AND P,OWER,", S.A.U 100 GENERACION ZONA ESPAÑOLA RE Mercado Térmica n",25
DOUSUP,DOURO IN,TERNACIONAL,MOVHERA -,HIDROE,LÉTR,ICAS DO NORTE SA 100 GENERACION ZONA PORTUGUESA Hidráulica Ge neración,25
DREVD01,UO RD 413,/2014,FOENER ENE,"RGÍA,",S.L., 100 GENERACION ZONA ESPAÑOLA RE Mercado Solar Foto,25
DREVD02,UO RD 413,/2014 SUP 1MW,FOENER ENE,"RGÍA,",S.L., 100 GENERACION ZONA ESPAÑOLA RE Mercado Solar Foto,25
DREVD05,VENTA CLI,MASTER,FOENER ENE,"RGÍA,",S.L., 100 GENERACION ZONA ESPAÑOLA RE Mercado Solar Foto,25
DREVD06,VENTA ZA,RZA SOLAR,FOENER ENE,"RGÍA,",S.L., 100 GENERACION ZONA ESPAÑOLA RE Mercado Solar Foto,25
DREVD07,VENTA FV,PILAR DE LA HORADADA,FOENER ENE,"RGÍA,",S.L., 100 GENERACION ZONA ESPAÑOLA RE Mercado Solar Foto,25
DREVD08,VENTA FV,BANYERES 1600,FOENER ENE,"RGÍA,",S.L., 100 GENERACION ZONA ESPAÑOLA RE Mercado Solar Foto,25
DREVD09,VENTA FV,BELINCHON,FOENER ENE,"RGÍA,",S.L., 100 GENERACION ZONA ESPAÑOLA RE Mercado Solar Foto,25
DREVD11,VENTA FV,CHINESTRA,FOENER ENE,"RGÍA,",S.L., 100 GENERACION ZONA ESPAÑOLA RE Mercado Solar Foto,25
DREVD12,VENTA FV,VILANOVA II,FOENER ENE,"RGÍA,",S.L., 100 GENERACION ZONA ESPAÑOLA RE Mercado Solar Foto,25
DREVD13,VENTA FV,MAS DE CATALA,FOENER ENE,"RGÍA,",S.L., 100 GENERACION ZONA ESPAÑOLA RE Mercado Solar Foto,25
DREVD14,VENTA FV,ALMANSA I,FOENER ENE,"RGÍA,",S.L., 100 GENERACION ZONA ESPAÑOLA RE Mercado Solar Foto,25
DREVD15,VENTA FV,ALMANSA II,FOENER ENE,"RGÍA,",S.L., 100 GENERACION ZONA ESPAÑOLA RE Mercado Solar Foto,25
DREVD16,VENTA FV,CONSELL,FOENER ENE,"RGÍA,",S.L., 100 GENERACION ZONA ESPAÑOLA RE Mercado Solar Foto,25
DREVD18,VENTA FV,TOBOSO I,FOENER ENE,"RGÍA,",S.L., 100 GENERACION ZONA ESPAÑOLA RE Mercado Solar Foto,25
DREVD19,VENTA FV,MARCHAL,FOENER ENE,"RGÍA,",S.L., 100 GENERACION ZONA ESPAÑOLA RE Mercado Solar Foto,25
DREVD20,VENTA FV,HORCAJO,FOENER ENE,"RGÍA,",S.L., 100 GENERACION ZONA ESPAÑOLA RE Mercado Solar Foto,25
DREVD21,VENTA FV,TERVALIS,FOENER ENE,"RGÍA,",S.L., 100 GENERACION ZONA ESPAÑOLA RE Mercado Solar Foto,25
DREVD22,VENTA FV,BENEIXAMA,FOENER ENE,"RGÍA,",S.L., 100 GENERACION ZONA ESPAÑOLA RE Mercado Solar Foto,25
DREVD23,VENTA FV,CALERA,FOENER ENE,"RGÍA,",S.L., 100 GENERACION ZONA ESPAÑOLA RE Mercado Solar Foto,25
DREVD24,VENTA FV,TOBOSO II,FOENER ENE,"RGÍA,",S.L., 100 GENERACION ZONA ESPAÑOLA RE Mercado Solar Foto,25
DTVD001,DTVD001,,MOEVE GAS,AND P,OWER,", S.A.U 100 GENERACION ZONA ESPAÑOLA RE Mercado Térmica n",25
DTVD002,DTVD002,,MOEVE GAS,AND P,OWER,", S.A.U 100 GENERACION ZONA ESPAÑOLA RE Mercado Térmica n",25
DTVD003,DTVD003,,MOEVE GAS,AND P,OWER,", S.A.U 100 GENERACION ZONA ESPAÑOLA RE Mercado Térmica n",25
DTVD004,DTVD004,,MOEVE GAS,AND P,OWER,", S.A.U 100 GENERACION ZONA ESPAÑOLA RE Mercado Térmica n",25
DTVD005,DTVD005,,MOEVE GAS,AND P,OWER,", S.A.U 100 GENERACION ZONA ESPAÑOLA RE Mercado Térmica n",25
DTVD006,DTVD006,,MOEVE GAS,AND P,OWER,", S.A.U 100 GENERACION ZONA ESPAÑOLA RE Mercado Térmica n",25
DTVD007,DTVD007,,MOEVE GAS,AND P,OWER,", S.A.U 100 GENERACION ZONA ESPAÑOLA RE Mercado Térmica n",25
DTVD008,DTVD008,,MOEVE GAS,AND P,OWER,", S.A.U 100 GENERACION ZONA ESPAÑOLA RE Mercado Térmica n",25
DTVD009,DTVD009,,MOEVE GAS,AND P,OWER,", S.A.U 100 GENERACION ZONA ESPAÑOLA RE Mercado Térmica n",25
DTVD010,DTVD010,,MOEVE GAS,AND P,OWER,", S.A.U 100 GENERACION ZONA ESPAÑOLA RE Mercado Térmica n",25
DTVD011,DTVD011,,MOEVE GAS,AND P,OWER,", S.A.U 100 GENERACION ZONA ESPAÑOLA RE Mercado Térmica n",25
DTVD012,DTVD012,,MOEVE GAS,AND P,OWER,", S.A.U 100 GENERACION ZONA ESPAÑOLA RE Mercado Térmica n",25
DTVD013,DTVD013,,MOEVE GAS,AND P,OWER,", S.A.U 100 GENERACION ZONA ESPAÑOLA RE Mercado Térmica n",25
DTVD015,DTVD015,,MOEVE GAS,AND P,OWER,", S.A.U 100 GENERACION ZONA ESPAÑOLA RE Mercado Térmica n",25
DTVD016,DTVD016,,MOEVE GAS,AND P,OWER,", S.A.U 100 GENERACION ZONA ESPAÑOLA RE Mercado Térmica n",25
DTVD017,DTVD017,MOEVE,GAS,AND POWER,", S.A.U",100 GENERACION ZONA ESPAÑOLA RE Merca do Térmica no,26
DTVD018,DTVD018,MOEVE,GAS,AND POWER,", S.A.U",100 GENERACION ZONA ESPAÑOLA RE Merca do Térmica no,26
DTVD019,DTVD019,MOEVE,GAS,AND POWER,", S.A.U",100 GENERACION ZONA ESPAÑOLA RE Merca do Térmica no,26
DTVD020,DTVD020,MOEVE,GAS,AND POWER,", S.A.U",100 GENERACION ZONA ESPAÑOLA RE Merca do Térmica no,26
DTVD021,DTVD021,MOEVE,GAS,AND POWER,", S.A.U",100 GENERACION ZONA ESPAÑOLA RE Merca do Térmica no,26
DTVD023,DTVD023,MOEVE,GAS,AND POWER,", S.A.U",100 GENERACION ZONA ESPAÑOLA RE Merca do Térmica no,26
DTVD024,DTVD024,MOEVE,GAS,AND POWER,", S.A.U",100 GENERACION ZONA ESPAÑOLA RE Merca do Térmica no,26
DTVD025,DTVD025,MOEVE,GAS,AND POWER,", S.A.U",100 GENERACION ZONA ESPAÑOLA RE Merca do Térmica no,26
DTVD027,DTVD027,MOEVE,GAS,AND POWER,", S.A.U",100 GENERACION ZONA ESPAÑOLA RE Merca do Térmica no,26
DTVD029,DTVD029,MOEVE,GAS,AND POWER,", S.A.U",100 GENERACION ZONA ESPAÑOLA RE Merca do Térmica no,26
DTVD030,DTVD030,MOEVE,GAS,AND POWER,", S.A.U",100 GENERACION ZONA ESPAÑOLA RE Merca do Térmica no,26
DTVD031,DTVD031,MOEVE,GAS,AND POWER,", S.A.U",100 GENERACION ZONA ESPAÑOLA RE Merca do Térmica no,26
DTVD033,DTVD033,MOEVE,GAS,AND POWER,", S.A.U",100 GENERACION ZONA ESPAÑOLA RE Merca do Térmica no,26
DTVD034,DTVD034,MOEVE,GAS,AND POWER,", S.A.U",100 GENERACION ZONA ESPAÑOLA RE Merca do Térmica no,26
DTVD035,DTVD035,MOEVE,GAS,AND POWER,", S.A.U",100 GENERACION ZONA ESPAÑOLA RE Merca do Térmica no,26
DTVD036,DTVD036,MOEVE,GAS,AND POWER,", S.A.U",100 GENERACION ZONA ESPAÑOLA RE Merca do Térmica no,26
DTVD038,DTVD038,MOEVE,GAS,AND POWER,", S.A.U",100 GENERACION ZONA ESPAÑOLA RE Merca do Térmica no,26
DTVD039,DTVD039,MOEVE,GAS,AND POWER,", S.A.U",100 GENERACION ZONA ESPAÑOLA RE Merca do Térmica no,26
DTVD040,DTVD040,MOEVE,GAS,AND POWER,", S.A.U",100 GENERACION ZONA ESPAÑOLA RE Merca do Térmica no,26
DTVD041,DTVD041,MOEVE,GAS,AND POWER,", S.A.U",100 GENERACION ZONA ESPAÑOLA RE Merca do Térmica no,26
DTVD042,DTVD042,MOEVE,GAS,AND POWER,", S.A.U",100 GENERACION ZONA ESPAÑOLA RE Merca do Térmica no,26
DTVD043,DTVD043,MOEVE,GAS,AND POWER,", S.A.U",100 GENERACION ZONA ESPAÑOLA RE Merca do Térmica no,26
DTVD044,DTVD044,MOEVE,GAS,AND POWER,", S.A.U",100 GENERACION ZONA ESPAÑOLA RE Merca do Térmica no,26
DTVD045,DTVD045,MOEVE,GAS,AND POWER,", S.A.U",100 GENERACION ZONA ESPAÑOLA RE Merca do Térmica no,26
DTVD046,DTVD046,MOEVE,GAS,AND POWER,", S.A.U",100 GENERACION ZONA ESPAÑOLA RE Merca do Térmica no,26
DTVD047,DTVD047,MOEVE,GAS,AND POWER,", S.A.U",100 GENERACION ZONA ESPAÑOLA RE Merca do Térmica no,26
DTVD048,DTVD048,MOEVE,GAS,AND POWER,", S.A.U",100 GENERACION ZONA ESPAÑOLA RE Merca do Térmica no,26
DTVD049,DTVD049,MOEVE,GAS,AND POWER,", S.A.U",100 GENERACION ZONA ESPAÑOLA RE Merca do Térmica no,26
DTVD050,DTVD050,MOEVE,GAS,AND POWER,", S.A.U",100 GENERACION ZONA ESPAÑOLA RE Merca do Térmica no,26
DTVD052,DTVD052,MOEVE,GAS,AND POWER,", S.A.U",100 GENERACION ZONA ESPAÑOLA RE Merca do Térmica no,26
DTVD053,DTVD053,MOEVE,GAS,AND POWER,", S.A.U",100 GENERACION ZONA ESPAÑOLA RE Merca do Térmica no,26
DTVD054,DTVD054,MOEVE,GAS,AND POWER,", S.A.U",100 GENERACION ZONA ESPAÑOLA RE Merca do Térmica no,26
DTVD056,DTVD056,,,MOEVE GAS,AND POW,"ER , S.A. U 100 GENERACION ZONA ESPAÑOLA RE Mercado Térmica n",27
DTVD058,DTVD058,,,MOEVE GAS,AND POW,"ER , S.A. U 100 GENERACION ZONA ESPAÑOLA RE Mercado Térmica n",27
DTVD059,DTVD059,,,MOEVE GAS,AND POW,"ER , S.A. U 100 GENERACION ZONA ESPAÑOLA RE Mercado Térmica n",27
DTVD060,DTVD060,,,MOEVE GAS,AND POW,"ER , S.A. U 100 GENERACION ZONA ESPAÑOLA RE Mercado Térmica n",27
DTVD061,DTVD061,,,MOEVE GAS,AND POW,"ER , S.A. U 100 GENERACION ZONA ESPAÑOLA RE Mercado Térmica n",27
DTVD063,DTVD063,,,MOEVE GAS,AND POW,"ER , S.A. U 100 GENERACION ZONA ESPAÑOLA RE Mercado Térmica R",27
DTVD064,DTVD064,,,MOEVE GAS,AND POW,"ER , S.A. U 100 GENERACION ZONA ESPAÑOLA RE Mercado Térmica n",27
DTVD065,DTVD065,,,MOEVE GAS,AND POW,"ER , S.A. U 100 GENERACION ZONA ESPAÑOLA RE Mercado Térmica n",27
DTVD067,DTVD067,,,MOEVE GAS,AND POW,"ER , S.A. U 100 GENERACION ZONA ESPAÑOLA RE Mercado Térmica n",27
DTVD068,DTVD068,,,MOEVE GAS,AND POW,"ER , S.A. U 100 GENERACION ZONA ESPAÑOLA RE Mercado Solar Foto",27
DTVD069,DTVD069,,,MOEVE GAS,AND POW,"ER , S.A. U 100 GENERACION ZONA ESPAÑOLA RE Mercado Térmica n",27
DTVD070,DTVD070,,,MOEVE GAS,AND POW,"ER , S.A. U 100 GENERACION ZONA ESPAÑOLA RE Mercado Térmica n",27
DTVD071,DTVD071,,,MOEVE GAS,AND POW,"ER , S.A. U 100 GENERACION ZONA ESPAÑOLA RE Mercado Térmica n",27
DTVD072,DTVD072,,,MOEVE GAS,AND POW,"ER , S.A. U 100 GENERACION ZONA ESPAÑOLA RE Mercado Térmica n",27
DTVD073,DTVD073,,,MOEVE GAS,AND POW,"ER , S.A. U 100 GENERACION ZONA ESPAÑOLA RE Mercado Térmica R",27
DTVD074,DTVD074,,,MOEVE GAS,AND POW,"ER , S.A. U 100 GENERACION ZONA ESPAÑOLA RE Mercado Térmica n",27
DTVD075,DTVD075,,,MOEVE GAS,AND POW,"ER , S.A. U 100 GENERACION ZONA ESPAÑOLA RE Mercado Térmica n",27
DUER,UGH. DUERO,,,IBERDROLA,ENERGÍA,ES PAÑA S..A. 100 GENERACION ZONA ESPAÑOLA Hidráulica Ge neración,27
DXTVD01,AGRUPACION HIDR,O,1,DXT COMMO,DITIES SA,   100 GENERACION ZONA ESPAÑOLA RE Mercado Hidráulica,27
DXTVD02,AGRUPACION HIDR,O,2,DXT COMMO,DITIES SA,   100 GENERACION ZONA ESPAÑOLA RE Mercado Hidráulica,27
DXTVD03,AGRUPACION HIDR,O,3,DXT COMMO,DITIES SA,   100 GENERACION ZONA ESPAÑOLA RE Mercado Hidráulica,27
EAMVD02,GRAFENO,,,ELÉCTRICA,ANTONIO,"MA DRID, S.L. 100 GENERACION ZONA ESPAÑOLA RE Mercado Solar Foto",27
EAMVD03,EAMVD03,,,ELÉCTRICA,ANTONIO,"MA DRID, S.L. 100 GENERACION ZONA ESPAÑOLA RE Mercado Solar Foto",27
EAMVD04,EAMVD04,,,ELÉCTRICA,ANTONIO,"MA DRID, S.L. 100 GENERACION ZONA ESPAÑOLA RE Mercado Solar Foto",27
EAMVD05,EAMVD05,,,ELÉCTRICA,ANTONIO,"MA DRID, S.L. 100 GENERACION ZONA ESPAÑOLA RE Mercado Solar Foto",27
EAMVD06,EAMVD06,,,ELÉCTRICA,ANTONIO,"MA DRID, S.L. 100 GENERACION ZONA ESPAÑOLA RE Mercado Solar Foto",27
EBLCVD1,EBL CLIENTES A TA,RI,FA,ENGIE ESPA,"ÑA,S.L.U",   100 GENERACION ZONA ESPAÑOLA RE Mercado Hidráulica,27
EBLCVD2,EBL CLIENTES REP,RE,SENTACIÓN,ENGIE ESPA,"ÑA,S.L.U",   100 GENERACION ZONA ESPAÑOLA RE Mercado Térmica n,27
EBLCVD3,REPRESENTACION,E,OLICA 1,ENGIE ESPA,"ÑA,S.L.U",   100 GENERACION ZONA ESPAÑOLA RE Mercado Eólica,27
EBLCVD4,REPRESENTACION,E,OLICA 2,ENGIE ESPA,"ÑA,S.L.U",   100 GENERACION ZONA ESPAÑOLA RE Mercado Eólica,27
EBLCVD5,REPRESENTACÍON,P,V 50,ENGIE ESPA,"ÑA,S.L.U",   100 GENERACION ZONA ESPAÑOLA RE Mercado Solar Foto,27
EBLVD14,REPRESENTACION,E,OLICA 14,ENGIE ESPA,"ÑA,S.L.U",   100 GENERACION ZONA ESPAÑOLA RE Mercado Eólica,27
EBLVD15,REPRESENTACION,E,OLICA 15,ENGIE ESPA,"ÑA,S.L.U",   100 GENERACION ZONA ESPAÑOLA RE Mercado Eólica,27
EBLVD16,REPRESENTACION,E,OLICA 16,ENGIE ESPA,"ÑA,S.L.U",   100 GENERACION ZONA ESPAÑOLA RE Mercado Eólica,27
EBLVD17,REPRESENTACION,E,OLICA 17,ENGIE ESPA,"ÑA,S.L.U",   100 GENERACION ZONA ESPAÑOLA RE Mercado Eólica,27
EBLVD22,REPRESENTACION,E,OLICA 22,ENGIE ESPA,"ÑA,S.L.U",   100 GENERACION ZONA ESPAÑOLA RE Mercado Eólica,27
EBLVD24,REPRESENTACIÓN,E,ÓLICA 24,ENGIE ESPA,"ÑA,S.L.U",   100 GENERACION ZONA ESPAÑOLA RE Mercado Eólica,27
EBLVD25,REPRESENTACIÓN,E,ÓLICA 25,ENGIE ESPA,"ÑA,S.L.U",   100 GENERACION ZONA ESPAÑOLA RE Mercado Eólica,27
EBLVD32,REPRESENTACIÓN,P,V5,ENGIE ESPA,"ÑA,S.L.U",   100 GENERACION ZONA ESPAÑOLA RE Mercado Solar Foto,27
EBLVD35,REPRESENTACIÓN,E,ÓLICA 35,ENGIE ESPA,"ÑA,S.L.U",   100 GENERACION ZONA ESPAÑOLA RE Mercado Eólica,27
EBLVD36,REPRESENTACIÓN,E,ÓLICA 36,ENGIE ESPA,"ÑA,S.L.U",   100 GENERACION ZONA ESPAÑOLA RE Mercado Eólica,27
EBLVD39,REPRESENTACIÓN,T,ÉRMICA 5,ENGIE ESPA,"ÑA,S.L.U",   100 GENERACION ZONA ESPAÑOLA RE Mercado Térmica n,27
EBLVD40,REPRESENTACIÓN,E,ÓLICA 40,ENGIE ESPA,"ÑA,S.L.U",   100 GENERACION ZONA ESPAÑOLA RE Mercado Eólica,27
EBLVD41,REPRESENTACIÓN,E,ÓLICA 41,ENGIE ESPA,"ÑA,S.L.U",   100 GENERACION ZONA ESPAÑOLA RE Mercado Eólica,27
EBLVD42,REPRESENTACIÓN,E,ÓLICA 42,ENGIE ESPA,"ÑA,S.L.U",   100 GENERACION ZONA ESPAÑOLA RE Mercado Eólica,27
EBLVD43,REPRESENTACIÓN,EÓL,ICA 43,"ENGIE ESPAÑA,S.",L.,U    100 GENERACION ZONA ESPAÑOLA RE Mercado Eólica,28
EBLVD44,REPRESENTACIÓN,EÓL,ICA 44,"ENGIE ESPAÑA,S.",L.,U    100 GENERACION ZONA ESPAÑOLA RE Mercado Eólica,28
EBLVD45,REPRESENTACIÓN,EÓL,ICA 45,"ENGIE ESPAÑA,S.",L.,U    100 GENERACION ZONA ESPAÑOLA RE Mercado Eólica,28
EBLVD46,REPRESENTACIÓN,EÓL,ICA 46,"ENGIE ESPAÑA,S.",L.,U    100 GENERACION ZONA ESPAÑOLA RE Mercado Eólica,28
EBLVD47,REPRESENTACIÓN,EÓL,ICA 47,"ENGIE ESPAÑA,S.",L.,U    100 GENERACION ZONA ESPAÑOLA RE Mercado Eólica,28
EBLVD48,REPRESENTACIÓN,EÓL,ICA 48,"ENGIE ESPAÑA,S.",L.,U    100 GENERACION ZONA ESPAÑOLA RE Mercado Eólica,28
EBLVD49,REPRESENTACIÓN,EÓL,ICA 49,"ENGIE ESPAÑA,S.",L.,U    100 GENERACION ZONA ESPAÑOLA RE Mercado Eólica,28
EBLVD50,REPRESENTACIÓN,EÓL,ICA 50,"ENGIE ESPAÑA,S.",L.,U    100 GENERACION ZONA ESPAÑOLA RE Mercado Eólica,28
EBLVD51,REPRESENTACIÓN,EÓL,ICA 51,"ENGIE ESPAÑA,S.",L.,U    100 GENERACION ZONA ESPAÑOLA RE Mercado Eólica,28
EBLVD52,REPRESENTACIÓN,EÓL,ICA 52,"ENGIE ESPAÑA,S.",L.,U    100 GENERACION ZONA ESPAÑOLA RE Mercado Eólica,28
EBLVD53,REPRESENTACIÓN,EÓL,ICA 53,"ENGIE ESPAÑA,S.",L.,U    100 GENERACION ZONA ESPAÑOLA RE Mercado Eólica,28
EBLVD54,REPRESENTACIÓN,EÓL,ICA 54,"ENGIE ESPAÑA,S.",L.,U    100 GENERACION ZONA ESPAÑOLA RE Mercado Eólica,28
EBLVD55,REPRESENTACIÓN,EÓL,ICA 55,"ENGIE ESPAÑA,S.",L.,U    100 GENERACION ZONA ESPAÑOLA RE Mercado Eólica,28
EBLVD56,REPRESENTACIÓN,EÓL,ICA 56,"ENGIE ESPAÑA,S.",L.,U    100 GENERACION ZONA ESPAÑOLA RE Mercado Eólica,28
EBLVD57,REPRESENTACIÓN,EÓL,ICA 57,"ENGIE ESPAÑA,S.",L.,U    100 GENERACION ZONA ESPAÑOLA RE Mercado Eólica,28
EBLVD58,REPRESENTACIÓN,EÓL,ICA 58,"ENGIE ESPAÑA,S.",L.,U    100 GENERACION ZONA ESPAÑOLA RE Mercado Eólica,28
EBLVD59,REPRESENTACIÓN,EÓL,ICA 59,"ENGIE ESPAÑA,S.",L.,U    100 GENERACION ZONA ESPAÑOLA RE Mercado Eólica,28
EBLVD60,REPRESENTACIÓN,EÓL,ICA 60,"ENGIE ESPAÑA,S.",L.,U    100 GENERACION ZONA ESPAÑOLA RE Mercado Eólica,28
EBLVD61,REPRESENTACIÓN,FOT,OVOLTAICA 61,"ENGIE ESPAÑA,S.",L.,U    100 GENERACION ZONA ESPAÑOLA RE Mercado Solar Foto,28
EBLVD62,REPRESENTACIÓN,EÓL,ICA 62,"ENGIE ESPAÑA,S.",L.,U    100 GENERACION ZONA ESPAÑOLA RE Mercado Eólica,28
EBLVD63,PARQUE FV 63,,,"ENGIE ESPAÑA,S.",L.,U    100 GENERACION ZONA ESPAÑOLA RE Mercado Solar Foto,28
EBLVD64,PARQUE FV 64,,,"ENGIE ESPAÑA,S.",L.,U    100 GENERACION ZONA ESPAÑOLA RE Mercado Solar Foto,28
EBLVD65,PARQUE FV 65,,,"ENGIE ESPAÑA,S.",L.,U    100 GENERACION ZONA ESPAÑOLA RE Mercado Solar Foto,28
EBLVD66,PARQUE FV 66,,,"ENGIE ESPAÑA,S.",L.,U    100 GENERACION ZONA ESPAÑOLA RE Mercado Solar Foto,28
EBLVD67,PARQUE FV 67,,,"ENGIE ESPAÑA,S.",L.,U    100 GENERACION ZONA ESPAÑOLA RE Mercado Solar Foto,28
EBLVD68,PARQUE FV 68,,,"ENGIE ESPAÑA,S.",L.,U    100 GENERACION ZONA ESPAÑOLA RE Mercado Solar Foto,28
EBLVD69,REPRESENTACIÓN,FV 6,9,"ENGIE ESPAÑA,S.",L.,U    100 GENERACION ZONA ESPAÑOLA RE Mercado Solar Foto,28
EBLVD70,PARQUE FV 70,,,"ENGIE ESPAÑA,S.",L.,U    100 GENERACION ZONA ESPAÑOLA RE Mercado Solar Foto,28
EBLVD71,REPRESENTACIÓN,FV 7,1,"ENGIE ESPAÑA,S.",L.,U    100 GENERACION ZONA ESPAÑOLA RE Mercado Solar Foto,28
EBLVD72,REPRESENTACIÓN,FV 7,2,"ENGIE ESPAÑA,S.",L.,U    100 GENERACION ZONA ESPAÑOLA RE Mercado Solar Foto,28
EBLVD74,REPRESENTACION,EOL,ICA 74,"ENGIE ESPAÑA,S.",L.,U    100 GENERACION ZONA ESPAÑOLA RE Mercado Eólica,28
EBLVD75,REPRESENTACION,EOL,ICA 75,"ENGIE ESPAÑA,S.",L.,U    100 GENERACION ZONA ESPAÑOLA RE Mercado Eólica,28
EBLVD76,REPRESENTACIÓN,FV 7,6,"ENGIE ESPAÑA,S.",L.,U    100 GENERACION ZONA ESPAÑOLA RE Mercado Solar Foto,28
EBLVD77,REPRESENTACION,EOL,ICA_77,"ENGIE ESPAÑA,S.",L.,U    100 GENERACION ZONA ESPAÑOLA RE Mercado Solar Foto,28
EBLVD78,REPRESENTACION,EOL,ICA 78,"ENGIE ESPAÑA,S.",L.,U    100 GENERACION ZONA ESPAÑOLA RE Mercado Eólica,28
EBRA,UGH. EBRO ALTO (I,BER,DROLA),IBERDROLA ENER,G,ÍA ESPAÑA S..A.   100 GENERACION ZONA ESPAÑOLA Hidráulica Ge neración,28
EBRERZ,UGH. EBRO ERZ,,,ENDESA GENERA,CI,"Ó N, S.A.   100 GENERACION ZONA ESPAÑOLA Hidráulica Ge neración",28
EBRFEN,UGH EBRO FECSA,ENH,ER GARONA,ENDESA GENERA,CI,"Ó N, S.A.   100 GENERACION ZONA ESPAÑOLA Hidráulica Ge neración",28
ECHO,CHORRO DEL DUQU,E,,WIND TO MARKET,(,AC T.: COMERCIALIZACIÓ N RE)  100 GENERACION ZONA ESPAÑOLA Hidráulica Ge neración,28
ECOCV02,ECOCH VENTA,,,"ECO CHOICE,SA",,    100 GENERACION ZONA PORTUGUESA RE Tarifa CU R (uof),28
ECT2,C.C. ESCATRÓN 2,,,IGNIS ENERGIA S,.L.,    100 GENERACION ZONA ESPAÑOLA Ciclo Combin ado,28
ECT3,C.C. ESCATRÓN 3,,,REPSOL SERVICI,OS,"R ENOVABLES, S.A.   100 GENERACION ZONA ESPAÑOLA Ciclo Combin ado",28
ECYRRE1,ECYR VENTA REG.,ESP,. 1,ENEL GREEN PO,WE,R ESPAÑA SL (ACT: COM RE)  100 GENERACION ZONA ESPAÑOLA RE Mercado Eólica,28
EDPGPV2,VENTA REPRESENT,ACI,ON REG. ESP.,EDP GEM PORTU,GA,L S.A.   100 GENERACION ZONA PORTUGUESA RE Tarifa CU R (uof),28
EDPSVD1,VENTA RE,,,SU ELETRICIDAD,"E,",S. A.   100 GENERACION ZONA PORTUGUESA RE Tarifa CU R (uof),28
EDPSVD2,VENDA DE RE CUR,,,SU ELETRICIDAD,"E,",S. A.   100 GENERACION ZONA PORTUGUESA RE Tarifa CU R (uof),28
EDPSVD3,ATIVOS LEILÃO SOL,AR,JULHO 2019,SU ELETRICIDAD,"E,",S. A.   100 GENERACION ZONA PORTUGUESA RE Tarifa CU R (uof),28
EDPV2,VENTA AUTOCONS,UMO,,EDP COMERCIAL,C,OM ERCIALIZACAO DE EN ERGIA SA 100 GENERACION ZONA PORTUGUESA RE Tarifa CU R (uof),28
EDRE001,ACCIONA VENTA 00,1,,ACCIONA GREEN,E,NE RGY DEVELOPMENTS (ACT. COMERCI 100 GENERACION ZONA ESPAÑOLA RE Mercado Solar Foto,28
EDRE002,ACCIONA VENTA 00,2,,ACCIONA GREEN,E,NE RGY DEVELOPMENTS (ACT. COMERCI 100 GENERACION ZONA ESPAÑOLA RE Mercado Solar Foto,28
EDRE003,ACCIONA VENTA 00,3,,ACCIONA GREEN,E,NE RGY DEVELOPMENTS (ACT. COMERCI 100 GENERACION ZONA ESPAÑOLA RE Mercado Hidráulica,28
EDRE004,ACCIONA VENTA 00,4,,ACCIONA GREEN,E,NE RGY DEVELOPMENTS (ACT. COMERCI 100 GENERACION ZONA ESPAÑOLA RE Mercado Hidráulica,28
EDRE005,ACCIONA VENTA 00,5,,ACCIONA GREEN,E,NE RGY DEVELOPMENTS (ACT. COMERCI 100 GENERACION ZONA ESPAÑOLA RE Mercado Térmica R,28
EDRE006,ACCIONA VENTA 00,6,,ACCIONA GREEN,E,NE RGY DEVELOPMENTS (ACT. COMERCI 100 GENERACION ZONA ESPAÑOLA RE Mercado Solar Foto,28
EDRE007,ACCIONA VENTA 00,7,,ACCIONA GREEN,E,NE RGY DEVELOPMENTS (ACT. COMERCI 100 GENERACION ZONA ESPAÑOLA RE Mercado Solar Foto,28
EDRE008,ACCIONA VENTA 00,8,,ACCIONA GREEN,E,NE RGY DEVELOPMENTS (ACT. COMERCI 100 GENERACION ZONA ESPAÑOLA RE Mercado Térmica R,28
EDRE009,ACCIONA VENTA 00,9,,ACCIONA GREEN,E,NE RGY DEVELOPMENTS (ACT. COMERCI 100 GENERACION ZONA ESPAÑOLA RE Mercado Térmica n,28
EDRE010,ACCIONA VENTA 010,,,ACCIONA GREEN,ENERGY,DEVELOPMENTS (ACT. COMERCI 100 GENERACION ZONA ESPAÑOLA RE Mercado Térmica n,29
EDRE012,ACCIONA VENTA 012,,,ACCIONA GREEN,ENERGY,DEVELOPMENTS (ACT. COMERCI 100 GENERACION ZONA ESPAÑOLA RE Mercado Eólica,29
EDRE013,ACCIONA VENTA 013,,,ACCIONA GREEN,ENERGY,DEVELOPMENTS (ACT. COMERCI 100 GENERACION ZONA ESPAÑOLA RE Mercado Eólica,29
EDRE014,ACCIONA VENTA 014,,,ACCIONA GREEN,ENERGY,DEVELOPMENTS (ACT. COMERCI 100 GENERACION ZONA ESPAÑOLA RE Mercado Eólica,29
EDRE015,ACCIONA VENTA 015,,,ACCIONA GREEN,ENERGY,DEVELOPMENTS (ACT. COMERCI 100 GENERACION ZONA ESPAÑOLA RE Mercado Eólica,29
EDRE016,ACCIONA VENTA 016,,,ACCIONA GREEN,ENERGY,DEVELOPMENTS (ACT. COMERCI 100 GENERACION ZONA ESPAÑOLA RE Mercado Eólica,29
EDRE017,ACCIONA VENTA 017,,,ACCIONA GREEN,ENERGY,DEVELOPMENTS (ACT. COMERCI 100 GENERACION ZONA ESPAÑOLA RE Mercado Eólica,29
EDRE018,ACCIONA VENTA 018,,,ACCIONA GREEN,ENERGY,DEVELOPMENTS (ACT. COMERCI 100 GENERACION ZONA ESPAÑOLA RE Mercado Eólica,29
EDRE019,ACCIONA VENTA 019,,,ACCIONA GREEN,ENERGY,DEVELOPMENTS (ACT. COMERCI 100 GENERACION ZONA ESPAÑOLA RE Mercado Eólica,29
EDRE020,ACCIONA VENTA 020,,,ACCIONA GREEN,ENERGY,DEVELOPMENTS (ACT. COMERCI 100 GENERACION ZONA ESPAÑOLA RE Mercado Eólica,29
EDRE021,ACCIONA VENTA 021,,,ACCIONA GREEN,ENERGY,DEVELOPMENTS (ACT. COMERCI 100 GENERACION ZONA ESPAÑOLA RE Mercado Eólica,29
EDRE022,ACCIONA VENTA 022,,,ACCIONA GREEN,ENERGY,DEVELOPMENTS (ACT. COMERCI 100 GENERACION ZONA ESPAÑOLA RE Mercado Eólica,29
EDRE027,ACCIONA VENTA 027,,,ACCIONA GREEN,ENERGY,DEVELOPMENTS (ACT. COMERCI 100 GENERACION ZONA ESPAÑOLA RE Mercado Eólica,29
EDRE029,ACCIONA VENTA 029,,,ACCIONA GREEN,ENERGY,DEVELOPMENTS (ACT. COMERCI 100 GENERACION ZONA ESPAÑOLA RE Mercado Eólica,29
EDRE030,ACCIONA VENTA 030,,,ACCIONA GREEN,ENERGY,DEVELOPMENTS (ACT. COMERCI 100 GENERACION ZONA ESPAÑOLA RE Mercado Hidráulica,29
EDRE031,SALTOS DE AGUA M,AYORES,,ACCIONA GREEN,ENERGY,DEVELOPMENTS (ACT. COMERCI 100 GENERACION ZONA ESPAÑOLA RE Mercado Hidráulica,29
EDRE032,SALTOS DEL NANSA,I,,ACCIONA GREEN,ENERGY,DEVELOPMENTS (ACT. COMERCI 100 GENERACION ZONA ESPAÑOLA RE Mercado Hidráulica,29
EDRE033,SALTOS Y CENTRAL,ES CATALU,NYA,ACCIONA GREEN,ENERGY,DEVELOPMENTS (ACT. COMERCI 100 GENERACION ZONA ESPAÑOLA RE Mercado Hidráulica,29
EDRE034,HIDROELECTRICA D,EL SERRAD,O,ACCIONA GREEN,ENERGY,DEVELOPMENTS (ACT. COMERCI 100 GENERACION ZONA ESPAÑOLA RE Mercado Hidráulica,29
EDRE035,HIBRI VENTA EXTRE,M3,,ACCIONA GREEN,ENERGY,DEVELOPMENTS (ACT. COMERCI 100 GENERACION ZONA ESPAÑOLA Híbrida Reno v.-Almace,29
EDRE036,SALTOS Y CENTRAL,ES CATALU,NYA 2,ACCIONA GREEN,ENERGY,DEVELOPMENTS (ACT. COMERCI 100 GENERACION ZONA ESPAÑOLA RE Mercado Hidráulica,29
EFGVD1,VENTA FE RE TARIFA,,,FACTOR ENERGIA,(ACT. GE,NERACIÓN)   100 GENERACION ZONA ESPAÑOLA RE Mercado Solar Foto,29
EFGVD10,EFGVD10,,,FACTOR ENERGIA,(ACT. GE,NERACIÓN)   100 GENERACION ZONA ESPAÑOLA RE Mercado Hidráulica,29
EFGVD12,EFGVD12,,,FACTOR ENERGIA,(ACT. GE,NERACIÓN)   100 GENERACION ZONA ESPAÑOLA RE Mercado Eólica,29
EFGVD14,EFGVD14,,,FACTOR ENERGIA,(ACT. GE,NERACIÓN)   100 GENERACION ZONA ESPAÑOLA RE Mercado Solar Foto,29
EFGVD15,EFGVD15,,,FACTOR ENERGIA,(ACT. GE,NERACIÓN)   100 GENERACION ZONA ESPAÑOLA RE Mercado Solar Foto,29
EFGVD16,EFGVD16,,,FACTOR ENERGIA,(ACT. GE,NERACIÓN)   100 GENERACION ZONA ESPAÑOLA RE Mercado Solar Foto,29
EFGVD18,EFGVD18,,,FACTOR ENERGIA,(ACT. GE,NERACIÓN)   100 GENERACION ZONA ESPAÑOLA RE Mercado Solar Foto,29
EFGVD20,EFGVD20,,,FACTOR ENERGIA,(ACT. GE,NERACIÓN)   100 GENERACION ZONA ESPAÑOLA RE Mercado Solar Foto,29
EFGVD21,EFGVD21,,,FACTOR ENERGIA,(ACT. GE,NERACIÓN)   100 GENERACION ZONA ESPAÑOLA RE Mercado Solar Foto,29
EFGVD22,EFGVD22,,,FACTOR ENERGIA,(ACT. GE,NERACIÓN)   100 GENERACION ZONA ESPAÑOLA RE Mercado Solar Foto,29
EFGVD23,UNIDAD VD 23,,,FACTOR ENERGIA,(ACT. GE,NERACIÓN)   100 GENERACION ZONA ESPAÑOLA RE Mercado Solar Foto,29
EFGVD24,EFGVD24,,,FACTOR ENERGIA,(ACT. GE,NERACIÓN)   100 GENERACION ZONA ESPAÑOLA RE Mercado Solar Foto,29
EFGVD25,EFGVD25,,,FACTOR ENERGIA,(ACT. GE,NERACIÓN)   100 GENERACION ZONA ESPAÑOLA RE Mercado Solar Foto,29
EFGVD26,EFGVD26,,,FACTOR ENERGIA,(ACT. GE,NERACIÓN)   100 GENERACION ZONA ESPAÑOLA RE Mercado Solar Foto,29
EFGVD27,EFGVD27,,,FACTOR ENERGIA,(ACT. GE,NERACIÓN)   100 GENERACION ZONA ESPAÑOLA RE Mercado Solar Foto,29
EFGVD28,EFGVD28,,,FACTOR ENERGIA,(ACT. GE,NERACIÓN)   100 GENERACION ZONA ESPAÑOLA RE Mercado Hidráulica,29
EFGVD29,EFGVD29,,,FACTOR ENERGIA,(ACT. GE,NERACIÓN)   100 GENERACION ZONA ESPAÑOLA RE Mercado Solar Foto,29
EFGVD30,EFGVD30,,,FACTOR ENERGIA,(ACT. GE,NERACIÓN)   100 GENERACION ZONA ESPAÑOLA RE Mercado Solar Foto,29
EFGVD5,EFGVD5,,,FACTOR ENERGIA,(ACT. GE,NERACIÓN)   100 GENERACION ZONA ESPAÑOLA RE Mercado Solar Foto,29
EFGVD9,EFGVD9,,,FACTOR ENERGIA,(ACT. GE,NERACIÓN)   100 GENERACION ZONA ESPAÑOLA RE Mercado Hidráulica,29
EFIVD01,UOF VENTA EXCEDE,NTES FV,,EFIDUERO ENERG,Y SCEL,   100 GENERACION ZONA ESPAÑOLA RE Mercado Solar Foto,29
EGDRE10,AC. GREEN EN. DEV.,VENTA RE,10,ACCIONA GREEN,ENERGY,DEVELOPMENTS (ACT. COMERCI 100 GENERACION ZONA ESPAÑOLA RE Mercado Eólica,29
EGEDRE1,AC. GREEN EN. DEV.,VENTA RE,1,ACCIONA GREEN,ENERGY,DEVELOPMENTS (ACT. COMERCI 100 GENERACION ZONA ESPAÑOLA RE Mercado Eólica,29
EGEDRE3,AC. GREEN EN. DEV.,VENTA RE,3,ACCIONA GREEN,ENERGY,DEVELOPMENTS (ACT. COMERCI 100 GENERACION ZONA ESPAÑOLA RE Mercado Eólica,29
EGEDRE4,AC. GREEN EN. DEV.,VENTA RE,4,ACCIONA GREEN,ENERGY,DEVELOPMENTS (ACT. COMERCI 100 GENERACION ZONA ESPAÑOLA Híbrida Reno vable,29
EGEDRE5,AC. GREEN EN. DEV.,VENTA RE,5,ACCIONA GREEN,ENERGY,DEVELOPMENTS (ACT. COMERCI 100 GENERACION ZONA ESPAÑOLA RE Mercado Eólica,29
EGEDRE6,AC. GREEN EN. DEV.,VENTA RE,6,ACCIONA GREEN,ENERGY,DEVELOPMENTS (ACT. COMERCI 100 GENERACION ZONA ESPAÑOLA RE Mercado Eólica,29
EGEDRE9,AC.GREEN EN. DEV.,VENTA RE,9,ACCIONA GREEN,ENERGY,DEVELOPMENTS (ACT. COMERCI 100 GENERACION ZONA ESPAÑOLA RE Mercado Eólica,29
EGEDVD3,UNIDAD OFERTANTE,TARIFA 3,,ACCIONA GREEN,ENERGY,DEVELOPMENTS (ACT. COMERCI 100 GENERACION ZONA ESPAÑOLA RE Mercado Eólica,29
EGEDVD4,UNIDAD OFERTA TA,RIFA 4,,ACCIONA GREEN,ENERGY,DEVELOPMENTS (ACT. COMERCI 100 GENERACION ZONA ESPAÑOLA RE Mercado Eólica,29
EGEDVD5,UNIDAD OFERTA TA,RIFA 5,,ACCIONA GREEN,ENERGY,DEVELOPMENTS (ACT. COMERCI 100 GENERACION ZONA ESPAÑOLA RE Mercado Térmica R,29
EGEDVD6,UNIDAD OFERTA TA,RIFA 6,,ACCIONA GREEN,ENERGY,DEVELOPMENTS (ACT. COMERCI 100 GENERACION ZONA ESPAÑOLA RE Mercado Hidráulica,29
EGEDVD7,UNIDAD OFERTA TA,RIFA 7,,ACCIONA GREEN,ENERGY,DEVELOPMENTS (ACT. COMERCI 100 GENERACION ZONA ESPAÑOLA RE Mercado Hidráulica,29
EGEDVD8,BIOMASA EXTREMAD,URA 1,,ACCIONA GREEN,ENERGY,DEVELOPMENTS (ACT. COMERCI 100 GENERACION ZONA ESPAÑOLA RE Mercado Térmica R,29
EGLEVD1,VENTA EXCED. AUTO,PROD. EGL,E,"AXPO IBERIA, S.L.",,   100 GENERACION ZONA ESPAÑOLA RE Mercado Hidráulica,29
EGLEV2,UNIDAD DE OFERTA,PORTUGAL,,"AXPO IBERIA, S.L.",,   100 GENERACION ZONA PORTUGUESA RE Tarifa CU R (uof),29
EGPM003,EGLE VENTA ESP. 003,AXPO,"IBERIA,",S.L.,,    100 GENERACION ZONA ESPAÑOLA RE Mercado Eólica,30
EGPM004,EGLE VENTA ESP. 004,AXPO,"IBERIA,",S.L.,,    100 GENERACION ZONA ESPAÑOLA RE Mercado Hidráulica,30
EGPRE02,EOLICA EEGPEM,ENEL,GREEN,POWER,ESPAÑA,SL (ACT: COM RE) 100 GENERACION ZONA ESPAÑOLA RE Mercado Eólica,30
EGPRE21,EGPRE21-TICO,ENEL,GREEN,POWER,ESPAÑA,SL (ACT: COM RE) 100 GENERACION ZONA ESPAÑOLA RE Mercado Eólica,30
EGPRE22,EGPRE22-EEGPE1,ENEL,GREEN,POWER,ESPAÑA,SL (ACT: COM RE) 100 GENERACION ZONA ESPAÑOLA RE Mercado Eólica,30
EGPRE26,EOL 100 SOCIEDAD NOHAB NOZR,ENEL,GREEN,POWER,ESPAÑA,SL (ACT: COM RE) 100 GENERACION ZONA ESPAÑOLA RE Mercado Eólica,30
EGPRE28,EOL EEGPES SRS 100ECYR,ENEL,GREEN,POWER,ESPAÑA,SL (ACT: COM RE) 100 GENERACION ZONA ESPAÑOLA RE Mercado Eólica,30
EGPRE29,EOL EREGPES SRS NO100ECYR,ENEL,GREEN,POWER,ESPAÑA,SL (ACT: COM RE) 100 GENERACION ZONA ESPAÑOLA RE Mercado Eólica,30
EGPRE30,EEGPEV,ENEL,GREEN,POWER,ESPAÑA,SL (ACT: COM RE) 100 GENERACION ZONA ESPAÑOLA RE Mercado Eólica,30
EGPRE31,EGPRE31-EREGPEV,ENEL,GREEN,POWER,ESPAÑA,SL (ACT: COM RE) 100 GENERACION ZONA ESPAÑOLA RE Mercado Eólica,30
EGPRE51,FV FEGPE3,ENEL,GREEN,POWER,ESPAÑA,SL (ACT: COM RE) 100 GENERACION ZONA ESPAÑOLA RE Mercado Solar Foto,30
EGPRE52,FV FREGP3,ENEL,GREEN,POWER,ESPAÑA,SL (ACT: COM RE) 100 GENERACION ZONA ESPAÑOLA RE Mercado Solar Foto,30
EGPRE54,FV SOCIE EGPE MAS 1 MW Y NO ZR,ENEL,GREEN,POWER,ESPAÑA,SL (ACT: COM RE) 100 GENERACION ZONA ESPAÑOLA RE Mercado Solar Foto,30
EGPRE55,FV SUBASTAS FREGPEM,ENEL,GREEN,POWER,ESPAÑA,SL (ACT: COM RE) 100 GENERACION ZONA ESPAÑOLA RE Mercado Solar Foto,30
EGPRE56,FV 100EGPE HAB FEGPEM,ENEL,GREEN,POWER,ESPAÑA,SL (ACT: COM RE) 100 GENERACION ZONA ESPAÑOLA RE Mercado Solar Foto,30
EGPRE57,FV SOCIEDADES REER,ENEL,GREEN,POWER,ESPAÑA,SL (ACT: COM RE) 100 GENERACION ZONA ESPAÑOLA RE Mercado Solar Foto,30
EGPRE58,FV 100EGPE NOZR,ENEL,GREEN,POWER,ESPAÑA,SL (ACT: COM RE) 100 GENERACION ZONA ESPAÑOLA RE Mercado Solar Foto,30
EGPRE59,EGPRE59-FVEMINN,ENEL,GREEN,POWER,ESPAÑA,SL (ACT: COM RE) 100 GENERACION ZONA ESPAÑOLA RE Mercado Solar Foto,30
EGPRE60,EGPRE60-FEGPE5,ENEL,GREEN,POWER,ESPAÑA,SL (ACT: COM RE) 100 GENERACION ZONA ESPAÑOLA RE Mercado Solar Foto,30
EGPRE61,FV 100EGPE RA_ZR,ENEL,GREEN,POWER,ESPAÑA,SL (ACT: COM RE) 100 GENERACION ZONA ESPAÑOLA RE Mercado Solar Foto,30
EGPRE62,EGPRE62-FCENTUR,ENEL,GREEN,POWER,ESPAÑA,SL (ACT: COM RE) 100 GENERACION ZONA ESPAÑOLA RE Mercado Solar Foto,30
EGPRE63,EGPRE63-FESPARR,ENEL,GREEN,POWER,ESPAÑA,SL (ACT: COM RE) 100 GENERACION ZONA ESPAÑOLA RE Mercado Solar Foto,30
EGPRE64,EGPRE64-FTREVAG-FTREVEU,ENEL,GREEN,POWER,ESPAÑA,SL (ACT: COM RE) 100 GENERACION ZONA ESPAÑOLA RE Mercado Solar Foto,30
EGPRE65,EGPRE65-FBALBON,ENEL,GREEN,POWER,ESPAÑA,SL (ACT: COM RE) 100 GENERACION ZONA ESPAÑOLA RE Mercado Solar Foto,30
EGPRE66,EGPRE66-FROCINA,ENEL,GREEN,POWER,ESPAÑA,SL (ACT: COM RE) 100 GENERACION ZONA ESPAÑOLA RE Mercado Solar Foto,30
EGPRE67,EGPRE67-FEGPEV,ENEL,GREEN,POWER,ESPAÑA,SL (ACT: COM RE) 100 GENERACION ZONA ESPAÑOLA RE Mercado Solar Foto,30
EGPRE68,EGPRE68-FREGPEV,ENEL,GREEN,POWER,ESPAÑA,SL (ACT: COM RE) 100 GENERACION ZONA ESPAÑOLA RE Mercado Solar Foto,30
EGPRE80,HIDRAULICA HEGPE,ENEL,GREEN,POWER,ESPAÑA,SL (ACT: COM RE) 100 GENERACION ZONA ESPAÑOLA RE Mercado Hidráulica,30
EGPRE81,HIDRAULICA HEGPE3 MENOR 1 MW,ENEL,GREEN,POWER,ESPAÑA,SL (ACT: COM RE) 100 GENERACION ZONA ESPAÑOLA RE Mercado Hidráulica,30
EGPRE82,HIDRAULICA REPRESENTADA HREGPE,ENEL,GREEN,POWER,ESPAÑA,SL (ACT: COM RE) 100 GENERACION ZONA ESPAÑOLA RE Mercado Hidráulica,30
EGPRE90,BIOMASA REGPE3,ENEL,GREEN,POWER,ESPAÑA,SL (ACT: COM RE) 100 GENERACION ZONA ESPAÑOLA RE Mercado Térmica R,30
EGVD003,EOLICAS (TARIFA)>10MW,AXPO,"IBERIA,",S.L.,,    100 GENERACION ZONA ESPAÑOLA RE Mercado Eólica,30
EGVD004,FOTOVOLTAICAS(TARIFA)<10MW,AXPO,"IBERIA,",S.L.,,    100 GENERACION ZONA ESPAÑOLA RE Mercado Solar Foto,30
EGVD007,COG.RENOV (TARIFA) <10MW,AXPO,"IBERIA,",S.L.,,    100 GENERACION ZONA ESPAÑOLA RE Mercado Térmica R,30
EGVD011,COG.TERM<10MW,AXPO,"IBERIA,",S.L.,,    100 GENERACION ZONA ESPAÑOLA RE Mercado Térmica n,30
EGVD024,AXPO VENTA R.ESPECIAL. 024,AXPO,"IBERIA,",S.L.,,    100 GENERACION ZONA ESPAÑOLA RE Mercado Eólica,30
EGVD051,AXPO VENTA R. ESPECIAL 051,AXPO,"IBERIA,",S.L.,,    100 GENERACION ZONA ESPAÑOLA RE Mercado Eólica,30
EGVD052,AXPO VENTA R. ESPECIAL 052,AXPO,"IBERIA,",S.L.,,    100 GENERACION ZONA ESPAÑOLA RE Mercado Eólica,30
EGVD053,AXPO VENTA R. ESPECIAL 053,AXPO,"IBERIA,",S.L.,,    100 GENERACION ZONA ESPAÑOLA RE Mercado Eólica,30
EGVD055,AXPO VENTA R. ESPECIAL 055,AXPO,"IBERIA,",S.L.,,    100 GENERACION ZONA ESPAÑOLA RE Mercado Eólica,30
EGVD056,AXPO VENTA R. ESPECIAL 056,AXPO,"IBERIA,",S.L.,,    100 GENERACION ZONA ESPAÑOLA RE Mercado Eólica,30
EGVD061,AXPO VENTA R. ESPECIAL 061,AXPO,"IBERIA,",S.L.,,    100 GENERACION ZONA ESPAÑOLA RE Mercado Térmica n,30
EGVD062,AXPO VENTA R. ESPECIAL 062,AXPO,"IBERIA,",S.L.,,    100 GENERACION ZONA ESPAÑOLA RE Mercado Térmica n,30
EGVD064,AXPO VENTA R. ESPECIAL 064,AXPO,"IBERIA,",S.L.,,    100 GENERACION ZONA ESPAÑOLA RE Mercado Eólica,30
EGVD065,AXPO VENTA R. ESPECIAL 065,AXPO,"IBERIA,",S.L.,,    100 GENERACION ZONA ESPAÑOLA RE Mercado Eólica,30
EGVD066,AXPO VENTA R. ESPECIAL 066,AXPO,"IBERIA,",S.L.,,    100 GENERACION ZONA ESPAÑOLA RE Mercado Térmica n,30
EGVD067,AXPO VENTA R. ESPECIAL 067,AXPO,"IBERIA,",S.L.,,    100 GENERACION ZONA ESPAÑOLA RE Mercado Térmica n,30
EGVD068,AXPO VENTA R. ESPECIAL 068,AXPO,"IBERIA,",S.L.,,    100 GENERACION ZONA ESPAÑOLA RE Mercado Eólica,30
EGVD074,AXPO VENTA R. ESPECIAL 074,AXPO,"IBERIA,",S.L.,,    100 GENERACION ZONA ESPAÑOLA RE Mercado Eólica,30
EGVD075,AXPO VENTA R. ESPECIAL 075,AXPO,"IBERIA,",S.L.,,    100 GENERACION ZONA ESPAÑOLA RE Mercado Eólica,30
EGVD076,AXPO VENTA R. ESPECIAL 076,AXPO,"IBERIA,",S.L.,,    100 GENERACION ZONA ESPAÑOLA RE Mercado Eólica,30
EGVD083,AXPO VENTA R. ESPECIAL 083,AXPO,"IBERIA,",S.L.,,    100 GENERACION ZONA ESPAÑOLA RE Mercado Eólica,30
EGVD085,AXPO VENTA R. ESPECIAL 085,AXPO,"IBERIA,",S.L.,,    100 GENERACION ZONA ESPAÑOLA RE Mercado Eólica,30
EGVD087,AXPO VENTA R. ESPECIAL 087,AXPO,"IBERIA,",S.L.,,    100 GENERACION ZONA ESPAÑOLA RE Mercado Eólica,30
EGVD090,AXPO,VENTA,R.,ESPECIAL,090,"AXPO IBERIA, S.L. 100 GENERACION ZONA ESPAÑOLA RE Mercado Térmica n",31
EGVD091,AXPO,VENTA,R.,ESPECIAL,091,"AXPO IBERIA, S.L. 100 GENERACION ZONA ESPAÑOLA RE Mercado Térmica n",31
EGVD092,AXPO,VENTA,R.,ESPECIAL,092,"AXPO IBERIA, S.L. 100 GENERACION ZONA ESPAÑOLA RE Mercado Eólica",31
EGVD094,AXPO,VENTA,R.,ESPECIAL,094,"AXPO IBERIA, S.L. 100 GENERACION ZONA ESPAÑOLA RE Mercado Eólica",31
EGVD095,AXPO,VENTA,R.,ESPECIAL,095,"AXPO IBERIA, S.L. 100 GENERACION ZONA ESPAÑOLA RE Mercado Eólica",31
EGVD096,AXPO,VENTA,R.,ESPECIAL,096,"AXPO IBERIA, S.L. 100 GENERACION ZONA ESPAÑOLA RE Mercado Eólica",31
EGVD097,AXPO,VENTA,R.,ESPECIAL,097,"AXPO IBERIA, S.L. 100 GENERACION ZONA ESPAÑOLA RE Mercado Eólica",31
EGVD099,AXPO,VENTA,R.,ESPECIAL,099,"AXPO IBERIA, S.L. 100 GENERACION ZONA ESPAÑOLA RE Mercado Eólica",31
EGVD100,AXPO,VENTA,R.,ESPECIAL,100,"AXPO IBERIA, S.L. 100 GENERACION ZONA ESPAÑOLA RE Mercado Eólica",31
EGVD104,AXPO,VENTA,R.,ESPECIAL,104,"AXPO IBERIA, S.L. 100 GENERACION ZONA ESPAÑOLA RE Mercado Térmica n",31
EGVD106,AXPO,VENTA,R.,ESPECIAL,106,"AXPO IBERIA, S.L. 100 GENERACION ZONA ESPAÑOLA RE Mercado Térmica n",31
EGVD107,AXPO,VENTA,R.,ESPECIAL,107,"AXPO IBERIA, S.L. 100 GENERACION ZONA ESPAÑOLA RE Mercado Térmica n",31
EGVD108,AXPO,VENTA,R.,ESPECIAL,108,"AXPO IBERIA, S.L. 100 GENERACION ZONA ESPAÑOLA RE Mercado Térmica n",31
EGVD109,AXPO,VENTA,R.,ESPECIAL,109,"AXPO IBERIA, S.L. 100 GENERACION ZONA ESPAÑOLA RE Mercado Térmica n",31
EGVD111,AXPO,VENTA,R.,ESPECIAL,111,"AXPO IBERIA, S.L. 100 GENERACION ZONA ESPAÑOLA RE Mercado Térmica n",31
EGVD114,AXPO,VENTA,R.,ESPECIAL,114,"AXPO IBERIA, S.L. 100 GENERACION ZONA ESPAÑOLA RE Mercado Eólica",31
EGVD115,AXPO,VENTA,R.,ESPECIAL,115,"AXPO IBERIA, S.L. 100 GENERACION ZONA ESPAÑOLA RE Mercado Eólica",31
EGVD116,AXPO,VENTA,R.,ESPECIAL,116,"AXPO IBERIA, S.L. 100 GENERACION ZONA ESPAÑOLA RE Mercado Térmica n",31
EGVD121,AXPO,VENTA,R.,ESPECIAL,121,"AXPO IBERIA, S.L. 100 GENERACION ZONA ESPAÑOLA RE Mercado Térmica n",31
EGVD122,AXPO,VENTA,R.,ESPECIAL,122,"AXPO IBERIA, S.L. 100 GENERACION ZONA ESPAÑOLA RE Mercado Térmica n",31
EGVD123,AXPO,VENTA,R.,ESPECIAL,123,"AXPO IBERIA, S.L. 100 GENERACION ZONA ESPAÑOLA RE Mercado Térmica n",31
EGVD124,AXPO,VENTA,R.,ESPECIAL,124,"AXPO IBERIA, S.L. 100 GENERACION ZONA ESPAÑOLA RE Mercado Térmica n",31
EGVD128,AXPO,VENTA,R.,ESPECIAL,128,"AXPO IBERIA, S.L. 100 GENERACION ZONA ESPAÑOLA RE Mercado Solar Tér",31
EGVD129,AXPO,VENTA,R.,ESPECIAL,129,"AXPO IBERIA, S.L. 100 GENERACION ZONA ESPAÑOLA RE Mercado Solar Tér",31
EGVD130,AXPO,VENTA,R.,ESPECIAL,130,"AXPO IBERIA, S.L. 100 GENERACION ZONA ESPAÑOLA RE Mercado Solar Tér",31
EGVD134,AXPO,VENTA,R.,ESPECIAL,134,"AXPO IBERIA, S.L. 100 GENERACION ZONA ESPAÑOLA RE Mercado Hidráulica",31
EGVD135,AXPO,VENTA,R.,ESPECIAL,135,"AXPO IBERIA, S.L. 100 GENERACION ZONA ESPAÑOLA RE Mercado Térmica n",31
EGVD136,AXPO,VENTA,R.,ESPECIAL,136,"AXPO IBERIA, S.L. 100 GENERACION ZONA ESPAÑOLA RE Mercado Térmica n",31
EGVD137,AXPO,VENTA,R.,ESPECIAL,137,"AXPO IBERIA, S.L. 100 GENERACION ZONA ESPAÑOLA RE Mercado Térmica n",31
EGVD142,AXPO,VENTA,R.,ESPECIAL,142,"AXPO IBERIA, S.L. 100 GENERACION ZONA ESPAÑOLA RE Mercado Térmica n",31
EGVD144,AXPO,VENTA,R.,ESPECIAL,144,"AXPO IBERIA, S.L. 100 GENERACION ZONA ESPAÑOLA RE Mercado Solar Tér",31
EGVD148,AXPO,VENTA,R.,ESPECIAL,148,"AXPO IBERIA, S.L. 100 GENERACION ZONA ESPAÑOLA RE Mercado Térmica R",31
EGVD149,AXPO,VENTA,R.,ESPECIAL,149,"AXPO IBERIA, S.L. 100 GENERACION ZONA ESPAÑOLA RE Mercado Térmica n",31
EGVD152,AXPO,VENTA,R.,ESPECIAL,152,"AXPO IBERIA, S.L. 100 GENERACION ZONA ESPAÑOLA RE Mercado Hidráulica",31
EGVD155,AXPO,VENTA,R.,ESPECIAL,155,"AXPO IBERIA, S.L. 100 GENERACION ZONA ESPAÑOLA RE Mercado Térmica n",31
EGVD156,AXPO,VENTA,R.,ESPECIAL,156,"AXPO IBERIA, S.L. 100 GENERACION ZONA ESPAÑOLA RE Mercado Eólica",31
EGVD158,AXPO,VENTA,R.,ESPECIAL,158,"AXPO IBERIA, S.L. 100 GENERACION ZONA ESPAÑOLA RE Mercado Térmica n",31
EGVD160,AXPO,VENTA,R.,ESPECIAL,160,"AXPO IBERIA, S.L. 100 GENERACION ZONA ESPAÑOLA RE Mercado Hidráulica",31
EGVD161,AXPO,VENTA,R.,ESPECIAL,161,"AXPO IBERIA, S.L. 100 GENERACION ZONA ESPAÑOLA RE Mercado Hidráulica",31
EGVD162,AXPO,VENTA,R.,ESPECIAL,162,"AXPO IBERIA, S.L. 100 GENERACION ZONA ESPAÑOLA RE Mercado Hidráulica",31
EGVD163,AXPO,VENTA,R.,ESPECIAL,163,"AXPO IBERIA, S.L. 100 GENERACION ZONA ESPAÑOLA RE Mercado Hidráulica",31
EGVD165,AXPO,VENTA,R.,ESPECIAL,165,"AXPO IBERIA, S.L. 100 GENERACION ZONA ESPAÑOLA RE Mercado Hidráulica",31
EGVD166,AXPO,VENTA,R.,ESPECIAL,166,"AXPO IBERIA, S.L. 100 GENERACION ZONA ESPAÑOLA RE Mercado Hidráulica",32
EGVD169,AXPO,VENTA,R.,ESPECIAL,169,"AXPO IBERIA, S.L. 100 GENERACION ZONA ESPAÑOLA RE Mercado Hidráulica",32
EGVD173,AXPO,VENTA,R.,ESPECIAL,173,"AXPO IBERIA, S.L. 100 GENERACION ZONA ESPAÑOLA RE Mercado Hidráulica",32
EGVD174,AXPO,VENTA,R.,ESPECIAL,174,"AXPO IBERIA, S.L. 100 GENERACION ZONA ESPAÑOLA RE Mercado Térmica R",32
EGVD175,AXPO,VENTA,R.,ESPECIAL,175,"AXPO IBERIA, S.L. 100 GENERACION ZONA ESPAÑOLA RE Mercado Térmica R",32
EGVD176,AXPO,VENTA,R.,ESPECIAL,176,"AXPO IBERIA, S.L. 100 GENERACION ZONA ESPAÑOLA RE Mercado Térmica n",32
EGVD178,AXPO,VENTA,R.,ESPECIAL,178,"AXPO IBERIA, S.L. 100 GENERACION ZONA ESPAÑOLA RE Mercado Térmica R",32
EGVD180,AXPO,VENTA,R.,ESPECIAL,180,"AXPO IBERIA, S.L. 100 GENERACION ZONA ESPAÑOLA RE Mercado Hidráulica",32
EGVD181,AXPO,VENTA,R.,ESPECIAL,181,"AXPO IBERIA, S.L. 100 GENERACION ZONA ESPAÑOLA RE Mercado Hidráulica",32
EGVD183,AXPO,VENTA,R.,ESPECIAL,183,"AXPO IBERIA, S.L. 100 GENERACION ZONA ESPAÑOLA RE Mercado Eólica",32
EGVD184,AXPO,VENTA,R.,ESPECIAL,184,"AXPO IBERIA, S.L. 100 GENERACION ZONA ESPAÑOLA RE Mercado Térmica n",32
EGVD185,AXPO,VENTA,R.,ESPECIAL,185,"AXPO IBERIA, S.L. 100 GENERACION ZONA ESPAÑOLA RE Mercado Solar Tér",32
EGVD188,AXPO,VENTA,R.,ESPECIAL,188,"AXPO IBERIA, S.L. 100 GENERACION ZONA ESPAÑOLA RE Mercado Térmica n",32
EGVD192,AXPO,VENTA,R.,ESPECIAL,192,"AXPO IBERIA, S.L. 100 GENERACION ZONA ESPAÑOLA RE Mercado Eólica",32
EGVD193,AXPO,VENTA,R.,ESPECIAL,193,"AXPO IBERIA, S.L. 100 GENERACION ZONA ESPAÑOLA RE Mercado Hidráulica",32
EGVD195,AXPO,VENTA,R.,ESPECIAL,195,"AXPO IBERIA, S.L. 100 GENERACION ZONA ESPAÑOLA RE Mercado Hidráulica",32
EGVD197,AXPO,VENTA,R.,ESPECIAL,197,"AXPO IBERIA, S.L. 100 GENERACION ZONA ESPAÑOLA RE Mercado Térmica R",32
EGVD198,AXPO,VENTA,R.,ESPECIAL,198,"AXPO IBERIA, S.L. 100 GENERACION ZONA ESPAÑOLA RE Mercado Hidráulica",32
EGVD199,AXPO,VENTA,R.,ESPECIAL,199,"AXPO IBERIA, S.L. 100 GENERACION ZONA ESPAÑOLA RE Mercado Hidráulica",32
EGVD200,AXPO,VENTA,R.,ESPECIAL,200,"AXPO IBERIA, S.L. 100 GENERACION ZONA ESPAÑOLA RE Mercado Hidráulica",32
EGVD201,AXPO,VENTA,R.,ESPECIAL,201,"AXPO IBERIA, S.L. 100 GENERACION ZONA ESPAÑOLA RE Mercado Hidráulica",32
EGVD202,AXPO,VENTA,R.,ESPECIAL,202,"AXPO IBERIA, S.L. 100 GENERACION ZONA ESPAÑOLA RE Mercado Hidráulica",32
EGVD203,AXPO,VENTA,R.,ESPECIAL,203,"AXPO IBERIA, S.L. 100 GENERACION ZONA ESPAÑOLA RE Mercado Hidráulica",32
EGVD205,AXPO,VENTA,R.,ESPECIAL,205,"AXPO IBERIA, S.L. 100 GENERACION ZONA ESPAÑOLA RE Mercado Hidráulica",32
EGVD206,AXPO,VENTA,R.,ESPECIAL,206,"AXPO IBERIA, S.L. 100 GENERACION ZONA ESPAÑOLA RE Mercado Eólica",32
EGVD207,AXPO,VENTA,R.,ESPECIAL,207,"AXPO IBERIA, S.L. 100 GENERACION ZONA ESPAÑOLA RE Mercado Hidráulica",32
EGVD210,AXPO,VENTA,R.,ESPECIAL,210,"AXPO IBERIA, S.L. 100 GENERACION ZONA ESPAÑOLA RE Mercado Eólica",32
EGVD211,AXPO,VENTA,R.,ESPECIAL,211,"AXPO IBERIA, S.L. 100 GENERACION ZONA ESPAÑOLA RE Mercado Hidráulica",32
EGVD212,AXPO,VENTA,R.,ESPECIAL,212,"AXPO IBERIA, S.L. 100 GENERACION ZONA ESPAÑOLA RE Mercado Eólica",32
EGVD219,AXPO,VENTA,R.,ESPECIAL,219,"AXPO IBERIA, S.L. 100 GENERACION ZONA ESPAÑOLA RE Mercado Eólica",32
EGVD221,AXPO,VENTA,R.,ESPECIAL,221,"AXPO IBERIA, S.L. 100 GENERACION ZONA ESPAÑOLA RE Mercado Hidráulica",32
EGVD222,AXPO,VENTA,R.,ESPECIAL,222,"AXPO IBERIA, S.L. 100 GENERACION ZONA ESPAÑOLA RE Mercado Térmica n",32
EGVD223,AXPO,VENTA,R.,ESPECIAL,223,"AXPO IBERIA, S.L. 100 GENERACION ZONA ESPAÑOLA RE Mercado Eólica",32
EGVD224,AXPO,VENTA,R.,ESPECIAL,224,"AXPO IBERIA, S.L. 100 GENERACION ZONA ESPAÑOLA RE Mercado Eólica",32
EGVD225,AXPO,VENTA,R.,ESPECIAL,225,"AXPO IBERIA, S.L. 100 GENERACION ZONA ESPAÑOLA RE Mercado Eólica",32
EGVD226,AXPO,VENTA,R.,ESPECIAL,226,"AXPO IBERIA, S.L. 100 GENERACION ZONA ESPAÑOLA RE Mercado Eólica",32
EGVD228,AXPO,VENTA,R.,ESPECIAL,228,"AXPO IBERIA, S.L. 100 GENERACION ZONA ESPAÑOLA RE Mercado Hidráulica",32
EGVD230,AXPO,VENTA,R.,ESPECIAL,230,"AXPO IBERIA, S.L. 100 GENERACION ZONA ESPAÑOLA RE Mercado Térmica n",32
EGVD231,AXPO,VENTA,R.,ESPECIAL,231,"AXPO IBERIA, S.L. 100 GENERACION ZONA ESPAÑOLA RE Mercado Térmica n",32
EGVD232,AXPO,VENTA,R.,ESPECIAL,232,"AXPO IBERIA, S.L. 100 GENERACION ZONA ESPAÑOLA RE Mercado Eólica",32
EGVD234,AXPO,VENTA,R.,ESPECIAL,234,"AXPO IBERIA, S.L. 100 GENERACION ZONA ESPAÑOLA RE Mercado Eólica",32
EGVD238,AXPO,VENTA,R.,ESPECIAL,238,"AXPO IBERIA, S.L. 100 GENERACION ZONA ESPAÑOLA RE Mercado Eólica",32
EGVD242,AXPO,VENTA,R.,ESPECIAL,242,"AXPO IBERIA, S.L. 100 GENERACION ZONA ESPAÑOLA RE Mercado Hidráulica",32
EGVD246,AXPO,VENTA,R.,ESPECIAL,246,"AXPO IBERIA, S.L. 100 GENERACION ZONA ESPAÑOLA RE Mercado Eólica",32
EGVD248,AXPO,VENTA,R.,ESPECIAL,248,"AXPO IBERIA, S.L. 100 GENERACION ZONA ESPAÑOLA RE Mercado Eólica",32
EGVD250,AXPO,VENTA,R.,ESPECIAL,250,"AXPO IBERIA, S.L. 100 GENERACION ZONA ESPAÑOLA RE Mercado Hidráulica",32
EGVD251,AXPO,VENTA,R.,ESPECIAL,251,"AXPO IBERIA, S.L. 100 GENERACION ZONA ESPAÑOLA RE Mercado Térmica n",32
EGVD252,AXPO,VENTA,R.,ESPECIAL,252,"AXPO IBERIA, S.L. 100 GENERACION ZONA ESPAÑOLA RE Mercado Térmica n",32
EGVD253,AXPO,VENTA,R.,ESPECIAL,253,"AXPO IBERIA, S.L. 100 GENERACION ZONA ESPAÑOLA RE Mercado Hidráulica",32
EGVD255,AXPO,VENTA,R.,ESPECIAL,255,"AXPO IBERIA, S.L. 100 GENERACION ZONA ESPAÑOLA RE Mercado Eólica",32
EGVD257,AXPO,VENTA,R.,ESPECIAL,257,"AXPO IBERIA, S.L. 100 GENERACION ZONA ESPAÑOLA RE Mercado Eólica",32
EGVD261,AXPO,VENTA,R. ESPECIAL,261,AXPO,"IBERIA, S.L. 100 GENERACION ZONA ESPAÑOLA RE Mercado Térmica n",33
EGVD262,AXPO,VENTA,R. ESPECIAL,262,AXPO,"IBERIA, S.L. 100 GENERACION ZONA ESPAÑOLA RE Mercado Térmica n",33
EGVD263,AXPO,VENTA,R. ESPECIAL,263,AXPO,"IBERIA, S.L. 100 GENERACION ZONA ESPAÑOLA RE Mercado Térmica n",33
EGVD264,AXPO,VENTA,R. ESPECIAL,264,AXPO,"IBERIA, S.L. 100 GENERACION ZONA ESPAÑOLA RE Mercado Eólica",33
EGVD265,AXPO,VENTA,R. ESPECIAL,265,AXPO,"IBERIA, S.L. 100 GENERACION ZONA ESPAÑOLA RE Mercado Eólica",33
EGVD266,AXPO,VENTA,R. ESPECIAL,266,AXPO,"IBERIA, S.L. 100 GENERACION ZONA ESPAÑOLA RE Mercado Hidráulica",33
EGVD268,AXPO,VENTA,R. ESPECIAL,268,AXPO,"IBERIA, S.L. 100 GENERACION ZONA ESPAÑOLA RE Mercado Térmica n",33
EGVD269,AXPO,VENTA,R. ESPECIAL,269,AXPO,"IBERIA, S.L. 100 GENERACION ZONA ESPAÑOLA RE Mercado Térmica n",33
EGVD270,AXPO,VENTA,R. ESPECIAL,270,AXPO,"IBERIA, S.L. 100 GENERACION ZONA ESPAÑOLA RE Mercado Hidráulica",33
EGVD272,AXPO,VENTA,R. ESPECIAL,272,AXPO,"IBERIA, S.L. 100 GENERACION ZONA ESPAÑOLA RE Mercado Hidráulica",33
EGVD273,AXPO,VENTA,R. ESPECIAL,273,AXPO,"IBERIA, S.L. 100 GENERACION ZONA ESPAÑOLA RE Mercado Hidráulica",33
EGVD274,AXPO,VENTA,R. ESPECIAL,274,AXPO,"IBERIA, S.L. 100 GENERACION ZONA ESPAÑOLA RE Mercado Térmica n",33
EGVD275,AXPO,VENTA,R. ESPECIAL,275,AXPO,"IBERIA, S.L. 100 GENERACION ZONA ESPAÑOLA Híbrida Reno v.-Térmic",33
EGVD276,AXPO,VENTA,R. ESPECIAL,276,AXPO,"IBERIA, S.L. 100 GENERACION ZONA ESPAÑOLA RE Mercado Hidráulica",33
EGVD277,AXPO,VENTA,R. ESPECIAL,277,AXPO,"IBERIA, S.L. 100 GENERACION ZONA ESPAÑOLA RE Mercado Hidráulica",33
EGVD279,AXPO,VENTA,R. ESPECIAL,279,AXPO,"IBERIA, S.L. 100 GENERACION ZONA ESPAÑOLA RE Mercado Hidráulica",33
EGVD280,AXPO,VENTA,R. ESPECIAL,280,AXPO,"IBERIA, S.L. 100 GENERACION ZONA ESPAÑOLA RE Mercado Hidráulica",33
EGVD281,AXPO,VENTA,R. ESPECIAL,281,AXPO,"IBERIA, S.L. 100 GENERACION ZONA ESPAÑOLA RE Mercado Hidráulica",33
EGVD282,AXPO,VENTA,R. ESPECIAL,282,AXPO,"IBERIA, S.L. 100 GENERACION ZONA ESPAÑOLA RE Mercado Hidráulica",33
EGVD284,AXPO,VENTA,R. ESPECIAL,284,AXPO,"IBERIA, S.L. 100 GENERACION ZONA ESPAÑOLA RE Mercado Hidráulica",33
EGVD285,AXPO,VENTA,R. ESPECIAL,285,AXPO,"IBERIA, S.L. 100 GENERACION ZONA ESPAÑOLA RE Mercado Térmica n",33
EGVD286,AXPO,VENTA,R. ESPECIAL,286,AXPO,"IBERIA, S.L. 100 GENERACION ZONA ESPAÑOLA RE Mercado Hidráulica",33
EGVD288,AXPO,VENTA,R. ESPECIAL,288,AXPO,"IBERIA, S.L. 100 GENERACION ZONA ESPAÑOLA RE Mercado Eólica",33
EGVD291,AXPO,VENTA,R. ESPECIAL,291,AXPO,"IBERIA, S.L. 100 GENERACION ZONA ESPAÑOLA RE Mercado Eólica",33
EGVD292,AXPO,VENTA,R. ESPECIAL,292,AXPO,"IBERIA, S.L. 100 GENERACION ZONA ESPAÑOLA RE Mercado Eólica",33
EGVD295,AXPO,VENTA,R. ESPECIAL,295,AXPO,"IBERIA, S.L. 100 GENERACION ZONA ESPAÑOLA RE Mercado Térmica n",33
EGVD297,AXPO,VENTA,R. ESPECIAL,297,AXPO,"IBERIA, S.L. 100 GENERACION ZONA ESPAÑOLA RE Mercado Térmica n",33
EGVD299,AXPO,VENTA,R. ESPECIAL,299,AXPO,"IBERIA, S.L. 100 GENERACION ZONA ESPAÑOLA RE Mercado Térmica n",33
EGVD355,AXPO,VENTA,R.ESPECIAL 3,55,AXPO,"IBERIA, S.L. 100 GENERACION ZONA ESPAÑOLA RE Mercado Térmica n",33
EGVD357,AXPO,VENTA,R. ESPECIAL,357,AXPO,"IBERIA, S.L. 100 GENERACION ZONA ESPAÑOLA RE Mercado Hidráulica",33
EGVD359,AXPO,VENTA,R.ESPECIAL 3,59,AXPO,"IBERIA, S.L. 100 GENERACION ZONA ESPAÑOLA RE Mercado Térmica n",33
EGVD361,AXPO,VENTA,R.ESPECIAL 3,61,AXPO,"IBERIA, S.L. 100 GENERACION ZONA ESPAÑOLA RE Mercado Térmica n",33
EGVD362,AXPO,VENTA,R.ESPECIAL 3,62,AXPO,"IBERIA, S.L. 100 GENERACION ZONA ESPAÑOLA RE Mercado Térmica n",33
EGVD363,AXPO,VENTA,R. ESPECIAL,363,AXPO,"IBERIA, S.L. 100 GENERACION ZONA ESPAÑOLA RE Mercado Térmica n",33
EGVD364,AXPO,VENTA,R. ESPECIAL,364,AXPO,"IBERIA, S.L. 100 GENERACION ZONA ESPAÑOLA RE Mercado Térmica n",33
EGVD365,AXPO,VENTA,R. ESPECIAL,365,AXPO,"IBERIA, S.L. 100 GENERACION ZONA ESPAÑOLA RE Mercado Térmica n",33
EGVD366,AXPO,VENTA,R.ESPECIAL 3,66,AXPO,"IBERIA, S.L. 100 GENERACION ZONA ESPAÑOLA RE Mercado Eólica",33
EGVD368,AXPO,VENTA,R. ESPECIAL,368,AXPO,"IBERIA, S.L. 100 GENERACION ZONA ESPAÑOLA RE Mercado Térmica n",33
EGVD369,AXPO,VENTA,R. ESPECIAL,369,AXPO,"IBERIA, S.L. 100 GENERACION ZONA ESPAÑOLA RE Mercado Térmica n",33
EGVD372,AXPO,VENTA,R. EGVD 372,,AXPO,"IBERIA, S.L. 100 GENERACION ZONA ESPAÑOLA RE Mercado Eólica",33
EGVD373,AXPO,VENTA,R.ESPECIAL 3,73,AXPO,"IBERIA, S.L. 100 GENERACION ZONA ESPAÑOLA RE Mercado Térmica n",33
EGVD375,AXPO,VENTA,R.ESPECIAL,375,AXPO,"IBERIA, S.L. 100 GENERACION ZONA ESPAÑOLA RE Mercado Térmica n",34
EGVD376,AXPO,VENTA,R.ESPECIAL,376,AXPO,"IBERIA, S.L. 100 GENERACION ZONA ESPAÑOLA RE Mercado Térmica n",34
EGVD381,AXPO,VENTA,R.ESPECIAL,381,AXPO,"IBERIA, S.L. 100 GENERACION ZONA ESPAÑOLA RE Mercado Eólica",34
EGVD385,AXPO,VENTA,R. ESPECIAL,385,AXPO,"IBERIA, S.L. 100 GENERACION ZONA ESPAÑOLA RE Mercado Térmica n",34
EGVD386,AXPO,VENTA,R. ESPECIAL,386,AXPO,"IBERIA, S.L. 100 GENERACION ZONA ESPAÑOLA RE Mercado Eólica",34
EGVD388,AXPO,VENTA,R. EGVD 388,,AXPO,"IBERIA, S.L. 100 GENERACION ZONA ESPAÑOLA RE Mercado Térmica n",34
EGVD389,AXPO,VENTA,R. ESPECIAL,389,AXPO,"IBERIA, S.L. 100 GENERACION ZONA ESPAÑOLA RE Mercado Térmica n",34
EGVD391,AXPO,VENTA,R. ESPECIAL,391,AXPO,"IBERIA, S.L. 100 GENERACION ZONA ESPAÑOLA RE Mercado Térmica n",34
EGVD392,AXPO,VENTA,R. ESPECIAL,392,AXPO,"IBERIA, S.L. 100 GENERACION ZONA ESPAÑOLA RE Mercado Térmica n",34
EGVD393,AXPO,VENTA,R. ESPECIAL,393,AXPO,"IBERIA, S.L. 100 GENERACION ZONA ESPAÑOLA RE Mercado Térmica R",34
EGVD394,AXPO,VENTA,R. ESPECIAL,393,AXPO,"IBERIA, S.L. 100 GENERACION ZONA ESPAÑOLA RE Mercado Eólica",34
EGVD400,AXPO,VENTA,R. ESPECIAL,400,AXPO,"IBERIA, S.L. 100 GENERACION ZONA ESPAÑOLA RE Mercado Solar Tér",34
EGVD401,AXPO,VENTA,R. ESPECIAL,401,AXPO,"IBERIA, S.L. 100 GENERACION ZONA ESPAÑOLA RE Mercado Solar Tér",34
EGVD404,AXPO,VENTA,R. ESPECIAL,404,AXPO,"IBERIA, S.L. 100 GENERACION ZONA ESPAÑOLA RE Mercado Térmica R",34
EGVD406,AXPO,VENTA,R. ESPECIAL,406,AXPO,"IBERIA, S.L. 100 GENERACION ZONA ESPAÑOLA RE Mercado Térmica n",34
EGVD407,AXPO,VENTA,R. ESPECIAL,407,AXPO,"IBERIA, S.L. 100 GENERACION ZONA ESPAÑOLA RE Mercado Térmica n",34
EGVD408,AXPO,VENTA,R. ESPECIAL,408,AXPO,"IBERIA, S.L. 100 GENERACION ZONA ESPAÑOLA RE Mercado Eólica",34
EGVD410,AXPO,VENTA,R. ESPECIAL,410,AXPO,"IBERIA, S.L. 100 GENERACION ZONA ESPAÑOLA RE Mercado Eólica",34
EGVD413,AXPO,VENTA,R. ESPECIAL,413,AXPO,"IBERIA, S.L. 100 GENERACION ZONA ESPAÑOLA RE Mercado Eólica",34
EGVD414,AXPO,VENTA,R. ESPECIAL,414,AXPO,"IBERIA, S.L. 100 GENERACION ZONA ESPAÑOLA RE Mercado Solar Tér",34
EGVD415,AXPO,VENTA,R. ESPECIAL,415,AXPO,"IBERIA, S.L. 100 GENERACION ZONA ESPAÑOLA RE Mercado Solar Tér",34
EGVD416,AXPO,VENTA,R. ESPECIAL,416,AXPO,"IBERIA, S.L. 100 GENERACION ZONA ESPAÑOLA RE Mercado Solar Tér",34
EGVD417,AXPO,VENTA,R. ESPECIAL,412,AXPO,"IBERIA, S.L. 100 GENERACION ZONA ESPAÑOLA RE Mercado Solar Tér",34
EGVD418,AXPO,VENTA,R. ESPECIAL,418,AXPO,"IBERIA, S.L. 100 GENERACION ZONA ESPAÑOLA RE Mercado Solar Foto",34
EGVD420,AXPO,VENTA,R. ESPECIAL,420,AXPO,"IBERIA, S.L. 100 GENERACION ZONA ESPAÑOLA RE Mercado Solar Tér",34
EGVD421,AXPO,VENTA,R. ESPECIAL,421,AXPO,"IBERIA, S.L. 100 GENERACION ZONA ESPAÑOLA RE Mercado Solar Tér",34
EGVD422,AXPO,VENTA,R. ESPECIAL,422,AXPO,"IBERIA, S.L. 100 GENERACION ZONA ESPAÑOLA RE Mercado Solar Tér",34
EGVD423,AXPO,VENTA,R. ESPECIAL,423,AXPO,"IBERIA, S.L. 100 GENERACION ZONA ESPAÑOLA RE Mercado Solar Tér",34
EGVD426,AXPO,VENTA,R. ESPECIAL,426,AXPO,"IBERIA, S.L. 100 GENERACION ZONA ESPAÑOLA RE Mercado Solar Tér",34
EGVD427,AXPO,VENTA,R. ESPECIAL,427,AXPO,"IBERIA, S.L. 100 GENERACION ZONA ESPAÑOLA RE Mercado Solar Tér",34
EGVD429,AXPO,VENTA,R. ESPECIAL,429,AXPO,"IBERIA, S.L. 100 GENERACION ZONA ESPAÑOLA RE Mercado Térmica n",34
EGVD430,AXPO,VENTA,R. ESPECIAL,430,AXPO,"IBERIA, S.L. 100 GENERACION ZONA ESPAÑOLA RE Mercado Térmica R",34
EGVD432,AXPO,VENTA,R. ESPECIAL,432,AXPO,"IBERIA, S.L. 100 GENERACION ZONA ESPAÑOLA RE Mercado Térmica n",34
EGVD434,AXPO,VENTA,R. ESPECIAL,434,AXPO,"IBERIA, S.L. 100 GENERACION ZONA ESPAÑOLA RE Mercado Solar Foto",34
EGVD439,AXPO,VENTA,R. ESPECIAL,439,AXPO,"IBERIA, S.L. 100 GENERACION ZONA ESPAÑOLA RE Mercado Térmica n",34
EGVD440,AXPO,VENTA,R. ESPECIAL,440,AXPO,"IBERIA, S.L. 100 GENERACION ZONA ESPAÑOLA RE Mercado Solar Tér",34
EGVD441,AXPO,VENTA,R. ESPECIAL,440,AXPO,"IBERIA, S.L. 100 GENERACION ZONA ESPAÑOLA RE Mercado Solar Tér",34
EGVD442,AXPO,VENTA,R. ESPECIAL,442,AXPO,"IBERIA, S.L. 100 GENERACION ZONA ESPAÑOLA RE Mercado Solar Tér",34
EGVD444,AXPO,VENTA,R. ESPECIAL,444,AXPO,"IBERIA, S.L. 100 GENERACION ZONA ESPAÑOLA RE Mercado Solar Foto",34
EGVD445,AXPO,VENTA,R. ESPECIAL,445,AXPO,"IBERIA, S.L. 100 GENERACION ZONA ESPAÑOLA RE Mercado Solar Foto",34
EGVD447,AXPO,VENTA,R. ESPECIAL,447,AXPO,"IBERIA, S.L. 100 GENERACION ZONA ESPAÑOLA RE Mercado Hidráulica",34
EGVD448,AXPO,VENTA,R. ESPECIAL,448,AXPO,"IBERIA, S.L. 100 GENERACION ZONA ESPAÑOLA RE Mercado Solar Foto",34
EGVD449,AXPO,VENTA,R. ESPECIAL,449,AXPO,"IBERIA, S.L. 100 GENERACION ZONA ESPAÑOLA RE Mercado Solar Foto",34
EGVD450,AXPO,VENTA,R. ESPECIAL,450,AXPO,"IBERIA, S.L. 100 GENERACION ZONA ESPAÑOLA RE Mercado Solar Foto",34
EGVD451,AXPO,VENTA,R. ESPECIAL,451,AXPO,"IBERIA, S.L. 100 GENERACION ZONA ESPAÑOLA RE Mercado Solar Foto",34
EGVD452,AXPO,VENTA,R. ESPECIAL,452,AXPO,"IBERIA, S.L. 100 GENERACION ZONA ESPAÑOLA RE Mercado Solar Foto",34
EGVD453,AXPO,VENTA,R. ESPECIAL,453,AXPO,"IBERIA, S.L. 100 GENERACION ZONA ESPAÑOLA RE Mercado Térmica n",34
EGVD454,AXPO,VENTA R,. ESPECIAL 454,AXPO,"IBERIA,",S.L. 100 GENERACION ZONA ESPAÑOLA RE Mercado Eólica,35
EGVD455,AXPO,VENTA R,. ESPECIAL 455,AXPO,"IBERIA,",S.L. 100 GENERACION ZONA ESPAÑOLA RE Mercado Eólica,35
EGVD461,AXPO,VENTA R,. ESPECIAL 461,AXPO,"IBERIA,",S.L. 100 GENERACION ZONA ESPAÑOLA RE Mercado Térmica n,35
EGVD462,AXPO,VENTA R,. ESPECIAL 462,AXPO,"IBERIA,",S.L. 100 GENERACION ZONA ESPAÑOLA RE Mercado Solar Foto,35
EGVD464,AXPO,VENTA R,. ESPECIAL 464,AXPO,"IBERIA,",S.L. 100 GENERACION ZONA ESPAÑOLA RE Mercado Solar Foto,35
EGVD465,UOF M,ECANISM,O LAISA1,AXPO,"IBERIA,",S.L. 100 GENERACION ZONA ESPAÑOLA RE Mercado Térmica n,35
EGVD466,AXPO,VENTA R,. ESPECIAL 466,AXPO,"IBERIA,",S.L. 100 GENERACION ZONA ESPAÑOLA RE Mercado Eólica,35
EGVD467,AXPO,VENTA R,. ESPECIAL 467,AXPO,"IBERIA,",S.L. 100 GENERACION ZONA ESPAÑOLA RE Mercado Eólica,35
EGVD468,UOF C,OPLA1 (C,ON MECANISMO),AXPO,"IBERIA,",S.L. 100 GENERACION ZONA ESPAÑOLA RE Mercado Térmica n,35
EGVD470,AXPO,VENTA R,. ESPECIAL 470,AXPO,"IBERIA,",S.L. 100 GENERACION ZONA ESPAÑOLA RE Mercado Solar Foto,35
EGVD471,AXPO,VENTA R,. ESPECIAL 471,AXPO,"IBERIA,",S.L. 100 GENERACION ZONA ESPAÑOLA RE Mercado Eólica,35
EGVD473,AXPO,VENTA R,. ESPECIAL 473,AXPO,"IBERIA,",S.L. 100 GENERACION ZONA ESPAÑOLA RE Mercado Eólica,35
EGVD474,AXPO,VENTA R,. ESPECIAL 474,AXPO,"IBERIA,",S.L. 100 GENERACION ZONA ESPAÑOLA RE Mercado Hidráulica,35
EGVD475,AXPO,VENTA R,. ESPECIAL 472,AXPO,"IBERIA,",S.L. 100 GENERACION ZONA ESPAÑOLA RE Mercado Hidráulica,35
EGVD476,AXPO,VENTA R,. ESPECIAL 476,AXPO,"IBERIA,",S.L. 100 GENERACION ZONA ESPAÑOLA RE Mercado Hidráulica,35
EGVD478,UOF E,NERGÍA,EÓLICA ZENETE,AXPO,"IBERIA,",S.L. 100 GENERACION ZONA ESPAÑOLA RE Mercado Eólica,35
EGVD479,UOF A,NTU SOL,"AR, S.L.",AXPO,"IBERIA,",S.L. 100 GENERACION ZONA ESPAÑOLA RE Mercado Solar Foto,35
EGVD481,AXPO,VENTA R,. ESPECIAL 481,AXPO,"IBERIA,",S.L. 100 GENERACION ZONA ESPAÑOLA RE Mercado Solar Foto,35
EGVD482,AXPO,VENTA R,. ESPECIAL 482,AXPO,"IBERIA,",S.L. 100 GENERACION ZONA ESPAÑOLA RE Mercado Térmica n,35
EGVD483,AXPO,VENTA R,. ESPECIAL 483,AXPO,"IBERIA,",S.L. 100 GENERACION ZONA ESPAÑOLA RE Mercado Solar Tér,35
EGVD484,AXPO,VENTA R,. ESPECIAL 484,AXPO,"IBERIA,",S.L. 100 GENERACION ZONA ESPAÑOLA RE Mercado Solar Tér,35
EGVD487,AXPO,VENTA R,. ESPECIAL 487,AXPO,"IBERIA,",S.L. 100 GENERACION ZONA ESPAÑOLA RE Mercado Solar Foto,35
EGVD491,UOF P,LANTA F,V 154,AXPO,"IBERIA,",S.L. 100 GENERACION ZONA ESPAÑOLA RE Mercado Solar Foto,35
EGVD492,UOF IN,ST. PING,UIN,AXPO,"IBERIA,",S.L. 100 GENERACION ZONA ESPAÑOLA RE Mercado Eólica,35
EGVD494,UOF C,OLMENA,SUN BAECIENCE,AXPO,"IBERIA,",S.L. 100 GENERACION ZONA ESPAÑOLA RE Mercado Solar Foto,35
EGVD495,UOF H,IDROME,"DIA, S.A.",AXPO,"IBERIA,",S.L. 100 GENERACION ZONA ESPAÑOLA RE Mercado Hidráulica,35
EGVD496,UOF E,COPARC,"BARCELONA, S.A.",AXPO,"IBERIA,",S.L. 100 GENERACION ZONA ESPAÑOLA RE Mercado Térmica R,35
EGVD497,UOF N,EOE. SC,ECOENER NAVARRA,AXPO,"IBERIA,",S.L. 100 GENERACION ZONA ESPAÑOLA RE Mercado Térmica n,35
EGVD498,UOF N,EOELEC,BIOMASA FDP,AXPO,"IBERIA,",S.L. 100 GENERACION ZONA ESPAÑOLA RE Mercado Térmica R,35
EGVD499,UOF V,ALORITZ,ACIONS (COGENERACI,AXPO,"IBERIA,",S.L. 100 GENERACION ZONA ESPAÑOLA RE Mercado Térmica n,35
EGVD500,UOF V,ALORITZ,ACIONS (BIOGAS),AXPO,"IBERIA,",S.L. 100 GENERACION ZONA ESPAÑOLA RE Mercado Térmica R,35
EGVD501,UOF E,ÓLICA D,"EL PUERTO, S.L.",AXPO,"IBERIA,",S.L. 100 GENERACION ZONA ESPAÑOLA RE Mercado Eólica,35
EGVD502,UOF D,UNAS DF,"8, S.L.U.",AXPO,"IBERIA,",S.L. 100 GENERACION ZONA ESPAÑOLA RE Mercado Solar Foto,35
EGVD503,UOF P,ROMOSO,"LAR JUWI 17, S.L.",AXPO,"IBERIA,",S.L. 100 GENERACION ZONA ESPAÑOLA RE Mercado Solar Foto,35
EGVD504,UOF S,PV10,,AXPO,"IBERIA,",S.L. 100 GENERACION ZONA ESPAÑOLA RE Mercado Solar Foto,35
EGVD505,UOF S,PV 3,,AXPO,"IBERIA,",S.L. 100 GENERACION ZONA ESPAÑOLA RE Mercado Solar Foto,35
EGVD506,UOF A,ZUC. IBE,R (AE),AXPO,"IBERIA,",S.L. 100 GENERACION ZONA ESPAÑOLA RE Mercado Térmica n,35
EGVD507,UOF A,ZU. IBER,(NO AE),AXPO,"IBERIA,",S.L. 100 GENERACION ZONA ESPAÑOLA RE Mercado Térmica n,35
EGVD508,UOF A,NSA VIGI,"LANCE, S.L.",AXPO,"IBERIA,",S.L. 100 GENERACION ZONA ESPAÑOLA RE Mercado Solar Foto,35
EGVD511,UOF F,ERRE EN,ERGÍA,AXPO,"IBERIA,",S.L. 100 GENERACION ZONA ESPAÑOLA RE Mercado Térmica n,35
EGVD512,UOF B,ORREGO,S,AXPO,"IBERIA,",S.L. 100 GENERACION ZONA ESPAÑOLA RE Mercado Solar Foto,35
EGVD513,UOF B,IOELECT,RICA DE GARAY,AXPO,"IBERIA,",S.L. 100 GENERACION ZONA ESPAÑOLA RE Mercado Térmica R,35
EGVD514,UOF C,ERRATO,"EÓLICA, S.L.U.",AXPO,"IBERIA,",S.L. 100 GENERACION ZONA ESPAÑOLA RE Mercado Eólica,35
EGVD515,UOF P,RADA (IN,ST. PE SAN CEBRIA,AXPO,"IBERIA,",S.L. 100 GENERACION ZONA ESPAÑOLA RE Mercado Eólica,35
EGVD516,UOF F,UNDICI H,"IVE, S.L.U.",AXPO,"IBERIA,",S.L. 100 GENERACION ZONA ESPAÑOLA RE Mercado Solar Foto,35
EGVD517,UOF K,ELLY SO,"LAR, S.L.",AXPO,"IBERIA,",S.L. 100 GENERACION ZONA ESPAÑOLA RE Mercado Solar Foto,35
EGVD518,UOF A,LDENER,EXTREMADURA,AXPO,"IBERIA,",S.L. 100 GENERACION ZONA ESPAÑOLA RE Mercado Solar Foto,35
EGVD519,UOF E,ÓLICA C,"ASCANTE, S.L.",AXPO,"IBERIA,",S.L. 100 GENERACION ZONA ESPAÑOLA RE Mercado Eólica,35
EGVD520,UOF D,ESARR.,ENER DEL CANTABRIC,AXPO,"IBERIA,",S.L. 100 GENERACION ZONA ESPAÑOLA RE Mercado Eólica,35
EGVD521,UOF S,OLEN EN,ERGÍA VALDELAFUENT,AXPO,"IBERIA,",S.L. 100 GENERACION ZONA ESPAÑOLA RE Mercado Solar Foto,35
EGVD524,UOF S,OLEN EN,ERGÍA LA NAVA,AXPO,"IBERIA,",S.L. 100 GENERACION ZONA ESPAÑOLA RE Mercado Solar Foto,35
EGVD525,UPF GENERACI,ÓN,F,OTOV DE BARGAS,"AXPO IBERIA, S",.L.  100 GENERACION ZONA ESPAÑOLA RE Mercado Solar Foto,36
EGVD526,UOF CASTELLA,NA,D,E ENERG. RENO,"AXPO IBERIA, S",.L.  100 GENERACION ZONA ESPAÑOLA Híbrida Reno vable,36
EGVD527,UOF P.E LAS AT,AL,A,YAS (PRADAMAP,"AXPO IBERIA, S",.L.  100 GENERACION ZONA ESPAÑOLA RE Mercado Eólica,36
EGVD528,UOF MAMA QUI,LLA,S,"OLAR, S.L.","AXPO IBERIA, S",.L.  100 GENERACION ZONA ESPAÑOLA RE Mercado Solar Foto,36
EGVD529,UOF HOTEI SOL,AR,,,"AXPO IBERIA, S",.L.  100 GENERACION ZONA ESPAÑOLA RE Mercado Solar Foto,36
EGVD530,UOF APHIG,,,,"AXPO IBERIA, S",.L.  100 GENERACION ZONA ESPAÑOLA RE Mercado Hidráulica,36
EGVD531,UOF RIEGOS D,EL,A,LTO ARAGÓN,"AXPO IBERIA, S",.L.  100 GENERACION ZONA ESPAÑOLA RE Mercado Hidráulica,36
EGVD532,UOF BIOETANO,L G,A,LICIA,"AXPO IBERIA, S",.L.  100 GENERACION ZONA ESPAÑOLA RE Mercado Térmica n,36
EGVD533,UOF ACEQUIA C,IN,C,O VILLAS,"AXPO IBERIA, S",.L.  100 GENERACION ZONA ESPAÑOLA RE Mercado Hidráulica,36
EGVD534,UOF MINICENTR,AL,H,ERREROS,"AXPO IBERIA, S",.L.  100 GENERACION ZONA ESPAÑOLA RE Mercado Hidráulica,36
EGVD535,UOF UTE CESP,A-C,E,SPA G.R.,"AXPO IBERIA, S",.L.  100 GENERACION ZONA ESPAÑOLA RE Mercado Térmica R,36
EGVD536,UOF PREZERO,ESP,A,ÑA,"AXPO IBERIA, S",.L.  100 GENERACION ZONA ESPAÑOLA RE Mercado Térmica R,36
EGVD537,UOF SOL 20120,014,,,"AXPO IBERIA, S",.L.  100 GENERACION ZONA ESPAÑOLA RE Mercado Solar Foto,36
EGVD538,UOF SOL201200,16,,,"AXPO IBERIA, S",.L.  100 GENERACION ZONA ESPAÑOLA RE Mercado Solar Foto,36
EGVD539,UOF ELECTRO,SAN,,DIEGO,"AXPO IBERIA, S",.L.  100 GENERACION ZONA ESPAÑOLA RE Mercado Hidráulica,36
EGVD540,UOF HIDROELE,CT,RI,CA DE CUERVA,"AXPO IBERIA, S",.L.  100 GENERACION ZONA ESPAÑOLA RE Mercado Hidráulica,36
EGVD541,UOF INDUSTRIA,S R,O,KO,"AXPO IBERIA, S",.L.  100 GENERACION ZONA ESPAÑOLA RE Mercado Térmica n,36
EGVD542,UOF EURUS DE,SA,R,ROLLOS RENOVABL,"AXPO IBERIA, S",.L.  100 GENERACION ZONA ESPAÑOLA RE Mercado Eólica,36
EGVD544,UOF SOLAR CA,ST,U,"ERA, S.L.U.","AXPO IBERIA, S",.L.  100 GENERACION ZONA ESPAÑOLA RE Mercado Solar Foto,36
EGVD545,UOF PE OLIADO,(M,T,ORG),"AXPO IBERIA, S",.L.  100 GENERACION ZONA ESPAÑOLA RE Mercado Eólica,36
EGVD546,UOF COG. EÓLI,CA,P,EÑA OTERO,"AXPO IBERIA, S",.L.  100 GENERACION ZONA ESPAÑOLA RE Mercado Eólica,36
EGVD548,"UOF PINA, S.A.",,,,"AXPO IBERIA, S",.L.  100 GENERACION ZONA ESPAÑOLA RE Mercado Térmica R,36
EGVD549,UOF TABLEROS,LO,S,AN,"AXPO IBERIA, S",.L.  100 GENERACION ZONA ESPAÑOLA RE Mercado Térmica R,36
EGVD550,UOF VENTUS IB,ER,IA,,"AXPO IBERIA, S",.L.  100 GENERACION ZONA ESPAÑOLA RE Mercado Solar Foto,36
EGVD551,UOF FONZ,,,,"AXPO IBERIA, S",.L.  100 GENERACION ZONA ESPAÑOLA RE Mercado Térmica n,36
EGVD552,UOF MILAGROS,,,,"AXPO IBERIA, S",.L.  100 GENERACION ZONA ESPAÑOLA RE Mercado Térmica n,36
EGVD553,UOF MILLAN,,,,"AXPO IBERIA, S",.L.  100 GENERACION ZONA ESPAÑOLA RE Mercado Térmica n,36
EGVD554,UOF MONZÓN,,,,"AXPO IBERIA, S",.L.  100 GENERACION ZONA ESPAÑOLA RE Mercado Térmica n,36
EGVD555,UOF CETA,,,,"AXPO IBERIA, S",.L.  100 GENERACION ZONA ESPAÑOLA RE Mercado Térmica n,36
EGVD556,UOF FENERA,,,,"AXPO IBERIA, S",.L.  100 GENERACION ZONA ESPAÑOLA RE Mercado Solar Foto,36
EGVD557,UOF ROTELES,,,,"AXPO IBERIA, S",.L.  100 GENERACION ZONA ESPAÑOLA RE Mercado Solar Foto,36
EGVD558,UOF PV SOLAR,LO,S,ALCORES,"AXPO IBERIA, S",.L.  100 GENERACION ZONA ESPAÑOLA RE Mercado Solar Foto,36
EGVD559,UOF EL MONTE,,,,"AXPO IBERIA, S",.L.  100 GENERACION ZONA ESPAÑOLA RE Mercado Solar Foto,36
EGVD560,UOF VALTARAR,ON,,,"AXPO IBERIA, S",.L.  100 GENERACION ZONA ESPAÑOLA RE Mercado Solar Foto,36
EGVD561,UOF COLMENA,SU,N,ZAFRA,"AXPO IBERIA, S",.L.  100 GENERACION ZONA ESPAÑOLA RE Mercado Solar Foto,36
EGVD562,UOF FINIDI SOL,AR,,,"AXPO IBERIA, S",.L.  100 GENERACION ZONA ESPAÑOLA RE Mercado Solar Foto,36
EGVD563,UOF SOLAR CA,PAR,A,CENA 1,"AXPO IBERIA, S",.L.  100 GENERACION ZONA ESPAÑOLA RE Mercado Solar Foto,36
EGVD564,UOF COLMENA,SU,N,NIJARMAR,"AXPO IBERIA, S",.L.  100 GENERACION ZONA ESPAÑOLA RE Mercado Solar Foto,36
ELERV02,PRODUTORA,,,,ELERGONE ENE,RGIA S A 100 GENERACION ZONA PORTUGUESA RE Tarifa CU R (uof),36
ELVD001,ELEIA VD 001,,,,ELECTRICIDAD,"ELEIA, S.L.U. 100 GENERACION ZONA ESPAÑOLA RE Mercado Solar Tér",36
ELVD025,CLIFV21,,,,ELECTRICIDAD,"ELEIA, S.L.U. 100 GENERACION ZONA ESPAÑOLA RE Mercado Solar Foto",36
ELVD032,CRISOL,,,,ELECTRICIDAD,"ELEIA, S.L.U. 100 GENERACION ZONA ESPAÑOLA RE Mercado Solar Foto",36
ELVD033,SOLANAS,,,,ELECTRICIDAD,"ELEIA, S.L.U. 100 GENERACION ZONA ESPAÑOLA RE Mercado Solar Foto",36
ELVD034,BATTOS,,,,ELECTRICIDAD,"ELEIA, S.L.U. 100 GENERACION ZONA ESPAÑOLA RE Mercado Solar Foto",36
ELVD035,VIÑAS,,,,ELECTRICIDAD,"ELEIA, S.L.U. 100 GENERACION ZONA ESPAÑOLA RE Mercado Solar Foto",36
ELVD037,RETAMAR,,,,ELECTRICIDAD,"ELEIA, S.L.U. 100 GENERACION ZONA ESPAÑOLA RE Mercado Solar Foto",36
ELVD038,LAS TECLAS,,,,ELECTRICIDAD,"ELEIA, S.L.U. 100 GENERACION ZONA ESPAÑOLA RE Mercado Solar Foto",36
ELVD039,JOLCA,,,,ELECTRICIDAD,"ELEIA, S.L.U. 100 GENERACION ZONA ESPAÑOLA RE Mercado Solar Foto",36
ELVD040,5 VILLAS,,,,ELECTRICIDAD,"ELEIA, S.L.U. 100 GENERACION ZONA ESPAÑOLA RE Mercado Térmica R",36
ELVD043,PLAZA 1,,,,ELECTRICIDAD,"ELEIA, S.L.U. 100 GENERACION ZONA ESPAÑOLA RE Mercado Solar Foto",36
ELVD044,PLAZA 2,,,,ELECTRICIDAD,"ELEIA, S.L.U. 100 GENERACION ZONA ESPAÑOLA RE Mercado Solar Foto",36
ELVD045,LOS LLANOS,,,,ELECTRICIDAD,"ELEIA, S.L.U. 100 GENERACION ZONA ESPAÑOLA RE Mercado Solar Foto",36
ELVD046,CASA III,,"ELECTRICIDAD ELEIA,",S,.L.,U. 100 GENERACION ZONA ESPAÑOLA RE Mercado Solar Foto,37
ELVD047,CASA IV,,"ELECTRICIDAD ELEIA,",S,.L.,U. 100 GENERACION ZONA ESPAÑOLA RE Mercado Solar Foto,37
ELVD048,CASA V,,"ELECTRICIDAD ELEIA,",S,.L.,U. 100 GENERACION ZONA ESPAÑOLA RE Mercado Solar Foto,37
ELVD049,ALCAZ 2,,"ELECTRICIDAD ELEIA,",S,.L.,U. 100 GENERACION ZONA ESPAÑOLA RE Mercado Solar Foto,37
ELVD050,ECOSOLAR LEVANTE,,"ELECTRICIDAD ELEIA,",S,.L.,U. 100 GENERACION ZONA ESPAÑOLA RE Mercado Solar Foto,37
ELVD051,CASA I,,"ELECTRICIDAD ELEIA,",S,.L.,U. 100 GENERACION ZONA ESPAÑOLA RE Mercado Solar Foto,37
ELVD052,CASA II,,"ELECTRICIDAD ELEIA,",S,.L.,U. 100 GENERACION ZONA ESPAÑOLA RE Mercado Solar Foto,37
ELVD053,CASA VI,,"ELECTRICIDAD ELEIA,",S,.L.,U. 100 GENERACION ZONA ESPAÑOLA RE Mercado Solar Foto,37
ELVD054,CASA VII,,"ELECTRICIDAD ELEIA,",S,.L.,U. 100 GENERACION ZONA ESPAÑOLA RE Mercado Solar Foto,37
ELVD055,CASA IX,,"ELECTRICIDAD ELEIA,",S,.L.,U. 100 GENERACION ZONA ESPAÑOLA RE Mercado Solar Foto,37
ELVD056,CID 1,,"ELECTRICIDAD ELEIA,",S,.L.,U. 100 GENERACION ZONA ESPAÑOLA RE Mercado Solar Foto,37
ELVD057,CID 2,,"ELECTRICIDAD ELEIA,",S,.L.,U. 100 GENERACION ZONA ESPAÑOLA RE Mercado Solar Foto,37
ELVD058,CID 3,,"ELECTRICIDAD ELEIA,",S,.L.,U. 100 GENERACION ZONA ESPAÑOLA RE Mercado Solar Foto,37
ELVD059,CID 4,,"ELECTRICIDAD ELEIA,",S,.L.,U. 100 GENERACION ZONA ESPAÑOLA RE Mercado Solar Foto,37
ELVD060,HERRERA III,,"ELECTRICIDAD ELEIA,",S,.L.,U. 100 GENERACION ZONA ESPAÑOLA RE Mercado Solar Foto,37
ELVD061,MULA 3,,"ELECTRICIDAD ELEIA,",S,.L.,U. 100 GENERACION ZONA ESPAÑOLA RE Mercado Solar Foto,37
ENDGVD1,EG RE TARIFA REPRESEN,TANTE,ENDESA GENERACIÓN,",",S.A,. 100 GENERACION ZONA ESPAÑOLA RE Mercado Solar Foto,37
ENDRE01,PENINSULA FV AUTOCON,SUMO EE,ENDESA ENERGÍA (Act,.:,Co,mercialización Reg. Esp.) 100 GENERACION ZONA ESPAÑOLA RE Mercado Solar Foto,37
ENDRE02,VENTA EXCE AC > 1 MW,,ENDESA ENERGÍA (Act,.:,Co,mercialización Reg. Esp.) 100 GENERACION ZONA ESPAÑOLA RE Mercado Solar Foto,37
ENERE01,UNIDAD DE VENTA,,ENERGIAREA EUROPE,,SL, 100 GENERACION ZONA ESPAÑOLA RE Mercado Solar Foto,37
ENFOV02,ENFOV02,,ENFORCESCO SA,,, 100 GENERACION ZONA PORTUGUESA RE Tarifa CU R (uof),37
ENGNG02,COGENERACIONES,,CAPWATT RETAIL ELE,C,TRI,"CIDADE PT, S.A. 100 GENERACION ZONA PORTUGUESA RE Tarifa CU R (uof)",37
ENGNV02,UPAC CARVEMA,,CAPWATT RETAIL ELE,C,TRI,"CIDADE PT, S.A. 100 GENERACION ZONA PORTUGUESA RE Tarifa CU R (uof)",37
ENMRE01,EDM VENTA,,COMERCIALIZADORA,D,E E,LECTRICIDAD Y GAS DEL MEDITER 100 GENERACION ZONA ESPAÑOLA RE Mercado Hidráulica,37
ENRVD02,CELULOSA DE ASTURIAS,RTCEASA,MAGNON GREEN ENE,R,GY,SL 100 GENERACION ZONA ESPAÑOLA RE Mercado Térmica R,37
ENRVD03,ENCE ENERGIA HUELVA,,MAGNON GREEN ENE,R,GY,SL 100 GENERACION ZONA ESPAÑOLA RE Mercado Térmica R,37
ENRVD04,ENCE ENERGIA Y CELULO,SA,MAGNON GREEN ENE,R,GY,SL 100 GENERACION ZONA ESPAÑOLA RE Mercado Térmica n,37
ENRVD05,CELULOSA ENERGIA,,MAGNON GREEN ENE,R,GY,SL 100 GENERACION ZONA ESPAÑOLA RE Mercado Térmica R,37
ENRVD06,ENCE ENERGIA EXTREMA,DURA,MAGNON GREEN ENE,R,GY,SL 100 GENERACION ZONA ESPAÑOLA RE Mercado Térmica R,37
ENRVD07,CELULOSA DE ASTURIAS,CGCEASA,MAGNON GREEN ENE,R,GY,SL 100 GENERACION ZONA ESPAÑOLA RE Mercado Térmica R,37
ENRVD09,LALOMA,,MAGNON GREEN ENE,R,GY,SL 100 GENERACION ZONA ESPAÑOLA RE Mercado Térmica R,37
ENRVD10,ENEMANSA,,MAGNON GREEN ENE,R,GY,SL 100 GENERACION ZONA ESPAÑOLA RE Mercado Térmica R,37
ENRVD11,LUCENA BIOMASA,,MAGNON GREEN ENE,R,GY,SL 100 GENERACION ZONA ESPAÑOLA RE Mercado Térmica R,37
ENRVD12,LUCENA COGENERACION,,MAGNON GREEN ENE,R,GY,SL 100 GENERACION ZONA ESPAÑOLA RE Mercado Térmica n,37
ENRVD14,ENCE ENERGIA HUELVA D,OS,MAGNON GREEN ENE,R,GY,SL 100 GENERACION ZONA ESPAÑOLA RE Mercado Térmica R,37
ENRVD15,ENCE ENERGIA PUERTOL,LANO,MAGNON GREEN ENE,R,GY,SL 100 GENERACION ZONA ESPAÑOLA RE Mercado Térmica R,37
ENRVD16,ECOCARBURANTE ESPAÑ,OLES,MAGNON GREEN ENE,R,GY,SL 100 GENERACION ZONA ESPAÑOLA RE Mercado Térmica n,37
ENRVD17,BIOCARBURANTES CASTI,LLA Y LEON,MAGNON GREEN ENE,R,GY,SL 100 GENERACION ZONA ESPAÑOLA RE Mercado Térmica n,37
ENRVD18,MOVIALSA COGENERACIO,N,MAGNON GREEN ENE,R,GY,SL 100 GENERACION ZONA ESPAÑOLA RE Mercado Térmica n,37
ENRVD19,MOVIALSA BIOMASA,,MAGNON GREEN ENE,R,GY,SL 100 GENERACION ZONA ESPAÑOLA RE Mercado Térmica n,37
ENRVD21,MOVIALSA COGENERACIO,N V,MAGNON GREEN ENE,R,GY,SL 100 GENERACION ZONA ESPAÑOLA RE Mercado Térmica n,37
ENRVD99,ENCE CBIO1,,MAGNON GREEN ENE,R,GY,SL 100 GENERACION ZONA ESPAÑOLA RE Mercado Térmica n,37
ENURE01,ENURE01,,ENERGIA NUFRI SLU,,, 100 GENERACION ZONA ESPAÑOLA RE Mercado Térmica n,37
ENURE02,ENURE02,,ENERGIA NUFRI SLU,,, 100 GENERACION ZONA ESPAÑOLA RE Mercado Térmica n,37
ENURE03,ENURE03,,ENERGIA NUFRI SLU,,, 100 GENERACION ZONA ESPAÑOLA RE Mercado Térmica R,37
ENURE04,ENURE04,,ENERGIA NUFRI SLU,,, 100 GENERACION ZONA ESPAÑOLA RE Mercado Hidráulica,37
ENURE05,ENURE05,,ENERGIA NUFRI SLU,,, 100 GENERACION ZONA ESPAÑOLA RE Mercado Térmica n,37
ENURE06,ENURE06,,ENERGIA NUFRI SLU,,, 100 GENERACION ZONA ESPAÑOLA RE Mercado Solar Foto,37
ENURE07,LA JARA I,,ENERGIA NUFRI SLU,,, 100 GENERACION ZONA ESPAÑOLA RE Mercado Solar Foto,37
ENURE08,ENURE08,,,,ENERGIA NUF,RI SLU        100 GENERACION ZONA ESPAÑOLA RE Mercado Térmica no,38
ENURE09,LA JARA 2,,,,ENERGIA NUF,RI SLU        100 GENERACION ZONA ESPAÑOLA RE Mercado Solar Fotov,38
ENURE10,LA RASA 1,,,,ENERGIA NUF,RI SLU        100 GENERACION ZONA ESPAÑOLA RE Mercado Solar Fotov,38
ENURE11,POAL FOTOVO,L,TAIC,A,ENERGIA NUF,RI SLU        100 GENERACION ZONA ESPAÑOLA RE Mercado Solar Fotov,38
ENURE12,NUFRI SOLAR,,,,ENERGIA NUF,RI SLU        100 GENERACION ZONA ESPAÑOLA RE Mercado Solar Fotov,38
ENURE13,CASTELLANA,,,,ENERGIA NUF,RI SLU        100 GENERACION ZONA ESPAÑOLA RE Mercado Solar Fotov,38
ENURE14,MAS ROIG,,,,ENERGIA NUF,RI SLU        100 GENERACION ZONA ESPAÑOLA RE Mercado Solar Fotov,38
ENVD001,UOF FV ERPC,,,,ENERGIES RE,"NO VA BLES PÚBLIQUE S DE CATALUNYA , S.A.U. 100 GENERACION ZONA ESPAÑOLA RE Mercado Solar Fotov",38
ENVD002,UOF HI ERPC,,,,ENERGIES RE,"NO VA BLES PÚBLIQUE S DE CATALUNYA , S.A.U. 100 GENERACION ZONA ESPAÑOLA RE Mercado Hidráulica",38
ENVD003,UOF FV ERPC,G,ENER,ICA,ENERGIES RE,"NO VA BLES PÚBLIQUE S DE CATALUNYA , S.A.U. 100 GENERACION ZONA ESPAÑOLA RE Mercado Solar Fotov",38
ENVD004,UOF HI ERPC G,E,NER,ICA,ENERGIES RE,"NO VA BLES PÚBLIQUE S DE CATALUNYA , S.A.U. 100 GENERACION ZONA ESPAÑOLA RE Mercado Hidráulica",38
EOUVD01,REGSITI VENT,A,RE,,REGSITI COM,"ER CIA LIZAD ORA REG ULA DA , S.L.U.   100 GENERACION ZONA ESPAÑOLA RE Mercado Eólica",38
EOUVD02,REGSITI VENT,A,RE,,REGSITI COM,"ER CIA LIZAD ORA REG ULA DA , S.L.U.   100 GENERACION ZONA ESPAÑOLA RE Mercado Solar Fotov",38
EOUVD03,REGSITI VENT,A,RE,,REGSITI COM,"ER CIA LIZAD ORA REG ULA DA , S.L.U.   100 GENERACION ZONA ESPAÑOLA RE Mercado Térmica no",38
EOUVD04,REGSITI VENT,A,RE,,REGSITI COM,"ER CIA LIZAD ORA REG ULA DA , S.L.U.   100 GENERACION ZONA ESPAÑOLA RE Mercado Térmica Re",38
EOUVD05,REGSITI VENT,A,RE,,REGSITI COM,"ER CIA LIZAD ORA REG ULA DA , S.L.U.   100 GENERACION ZONA ESPAÑOLA RE Mercado Solar Térmi",38
EOUVD06,REGSITI VENT,A,RE,,REGSITI COM,"ER CIA LIZAD ORA REG ULA DA , S.L.U.   100 GENERACION ZONA ESPAÑOLA RE Mercado Térmica no",38
EOUVD07,REGSITI VENT,A,RE,,REGSITI COM,"ER CIA LIZAD ORA REG ULA DA , S.L.U.   100 GENERACION ZONA ESPAÑOLA RE Tar. CUR Eólica",38
EOUVD08,REGSITI VENT,A,RE,,REGSITI COM,"ER CIA LIZAD ORA REG ULA DA , S.L.U.   100 GENERACION ZONA ESPAÑOLA RE Tar. CUR Solar Foto",38
EOUVD09,REGSITI VENT,A,RE,,REGSITI COM,"ER CIA LIZAD ORA REG ULA DA , S.L.U.   100 GENERACION ZONA ESPAÑOLA RE Tar. CUR Hidráulica",38
EOUVD10,REGSITI VENT,A,RE,,REGSITI COM,"ER CIA LIZAD ORA REG ULA DA , S.L.U.   100 GENERACION ZONA ESPAÑOLA RE Tar. CUR Térmica R",38
EOUVD11,REGSITI VENT,A,RE,,REGSITI COM,"ER CIA LIZAD ORA REG ULA DA , S.L.U.   100 GENERACION ZONA ESPAÑOLA RE Tar. CUR Solar Térm",38
EOUVD12,REGSITI VENT,A,RE,,REGSITI COM,"ER CIA LIZAD ORA REG ULA DA , S.L.U.   100 GENERACION ZONA ESPAÑOLA RE Tar. CUR Térmica no",38
ERUNV02,UNIDADE FISIC,A,DE A,GREGACAO,GREENVOLT,"CO MUN IDAD ES, SA      100 GENERACION ZONA PORTUGUESA RE Tarifa CU R (uof)",38
ESCCC1,C.C. ESCOMBR,E,RAS,1,ENGIE CARTA,GE NA S.L       100 GENERACION ZONA ESPAÑOLA Ciclo Combin ado,38
ESCCC2,C.C. ESCOMBR,E,RAS,2,ENGIE CARTA,GE NA S.L       100 GENERACION ZONA ESPAÑOLA Ciclo Combin ado,38
ESCCC3,C.C. ESCOMBR,E,RAS,3,ENGIE CARTA,GE NA S.L       100 GENERACION ZONA ESPAÑOLA Ciclo Combin ado,38
ESC6,C.C. ESCOMBR,E,RAS,6,IBERDROLA E,NE RGÍ A ESP AÑA S..A.      100 GENERACION ZONA ESPAÑOLA Ciclo Combin ado,38
ETO1,EL TORCIO,,,,WIND TO MAR,KE T (A CT.: COMERCIA LIZ AC IÓN RE)   100 GENERACION ZONA ESPAÑOLA Hidráulica Ge neración,38
EVIRE01,ENERGIA VIVA,V,ENT,A,ENERGIA VIV,A S PAI N SL.       100 GENERACION ZONA ESPAÑOLA RE Mercado Solar Fotov,38
EYPRE01,PV MENORS 1M,,W,,ESTABANELL,"IM PUL SA, S. A.      100 GENERACION ZONA ESPAÑOLA RE Mercado Solar Fotov",38
EYPRE02,HIDRO MENOR,1,MW,,ESTABANELL,"IM PUL SA, S. A.      100 GENERACION ZONA ESPAÑOLA RE Mercado Hidráulica",38
EYPRE03,HIDRO MAJOR,1,MW,,ESTABANELL,"IM PUL SA, S. A.      100 GENERACION ZONA ESPAÑOLA RE Mercado Hidráulica",38
EYPRE04,FV CAÑADA LE,N,TISC,O,ESTABANELL,"IM PUL SA, S. A.      100 GENERACION ZONA ESPAÑOLA RE Mercado Solar Fotov",38
EYPRE05,PV SEG PLANT,E,S,,ESTABANELL,"IM PUL SA, S. A.      100 GENERACION ZONA ESPAÑOLA RE Mercado Solar Fotov",38
EYPRE06,PV SIRAH,,,,ESTABANELL,"IM PUL SA, S. A.      100 GENERACION ZONA ESPAÑOLA RE Mercado Solar Fotov",38
EYPRE07,FV 1 5 EXT,,,,ESTABANELL,"IM PUL SA, S. A.      100 GENERACION ZONA ESPAÑOLA RE Mercado Solar Fotov",38
EZURV02,UNIDADE DE V,E,NDA,,EZU ENERGIA,", L DA        100 GENERACION ZONA PORTUGUESA RE Tarifa CU R (uof)",38
E21VD01,EXXI VENTA RE,,,,ENERGÍA XXI,"CO ME RCIAL IZADORA DE RE FERENCIA, S .L. 100 GENERACION ZONA ESPAÑOLA RE Mercado Eólica",38
E21VD02,EXXI VENTA RE,,,,ENERGÍA XXI,"CO ME RCIAL IZADORA DE RE FERENCIA, S .L. 100 GENERACION ZONA ESPAÑOLA RE Mercado Solar Fotov",38
E21VD03,EXXI VENTA RE,,,,ENERGÍA XXI,"CO ME RCIAL IZADORA DE RE FERENCIA, S .L. 100 GENERACION ZONA ESPAÑOLA RE Mercado Hidráulica",38
E21VD04,EXXI VENTA RE,,,,ENERGÍA XXI,"CO ME RCIAL IZADORA DE RE FERENCIA, S .L. 100 GENERACION ZONA ESPAÑOLA RE Mercado Térmica Re",38
E21VD05,EXXI VENTA RE,,,,ENERGÍA XXI,"CO ME RCIAL IZADORA DE RE FERENCIA, S .L. 100 GENERACION ZONA ESPAÑOLA RE Mercado Solar Fotov",38
E21VD06,EXXI VENTA RE,,,,ENERGÍA XXI,"CO ME RCIAL IZADORA DE RE FERENCIA, S .L. 100 GENERACION ZONA ESPAÑOLA RE Mercado Solar Térmi",38
E21VD07,EXXI VENTA RE,,,,ENERGÍA XXI,"CO ME RCIAL IZADORA DE RE FERENCIA, S .L. 100 GENERACION ZONA ESPAÑOLA RE Mercado Térmica no",38
E21VD08,EXXI VENTA RE,,,,ENERGÍA XXI,"CO ME RCIAL IZADORA DE RE FERENCIA, S .L. 100 GENERACION ZONA ESPAÑOLA RE Mercado Geotérmica",38
E21VD09,EXXI VENTA RE,,,,ENERGÍA XXI,"CO ME RCIAL IZADORA DE RE FERENCIA, S .L. 100 GENERACION ZONA ESPAÑOLA RE Mercado Térmica no",38
E21VD10,EXXI VENTA RE,,,,ENERGÍA XXI,"CO ME RCIAL IZADORA DE RE FERENCIA, S .L. 100 GENERACION ZONA ESPAÑOLA RE Mercado Térmica Re",38
E21VD11,EXXI VENTA RE,,,,ENERGÍA XXI,"CO ME RCIAL IZADORA DE RE FERENCIA, S .L. 100 GENERACION ZONA ESPAÑOLA RE Tar. CUR Eólica",38
E21VD12,EXXI VENTA RE,,,,ENERGÍA XXI,"CO ME RCIAL IZADORA DE RE FERENCIA, S .L. 100 GENERACION ZONA ESPAÑOLA RE Tar. CUR Solar Foto",38
E21VD13,EXXI VENTA RE,,,,ENERGÍA XXI,"CO ME RCIAL IZADORA DE RE FERENCIA, S .L. 100 GENERACION ZONA ESPAÑOLA RE Tar. CUR Solar Térm",38
E21VD14,EXXI VENTA RE,,,,ENERGÍA XXI,"CO ME RCIAL IZADORA DE RE FERENCIA, S .L. 100 GENERACION ZONA ESPAÑOLA RE Tar. CUR Hidráulica",38
E21VD15,EXXI VENTA RE,,,,ENERGÍA XXI,"CO ME RCIAL IZADORA DE RE FERENCIA, S .L. 100 GENERACION ZONA ESPAÑOLA RE Tar. CUR Térmica R",38
E21VD16,EXXI VENTA RE,,,,ENERGÍA XXI,"CO ME RCIAL IZADORA DE RE FERENCIA, S .L. 100 GENERACION ZONA ESPAÑOLA RE Tar. CUR Térmica no",38
FAERE01,FAERE01,,ENDESA GENER,"ACIÓN, S",.A.,100 GENERACION ZONA ESPAÑOLA RE Mercado Solar Foto,39
FENVD01,FOTO >15 TARIFA,,FENIE ENERGIA,,,100 GENERACION ZONA ESPAÑOLA RE Mercado Solar Foto,39
FENVD02,COGENERACIÓN,,FENIE ENERGIA,,,100 GENERACION ZONA ESPAÑOLA RE Mercado Térmica n,39
FENVD03,EOLICA,,FENIE ENERGIA,,,100 GENERACION ZONA ESPAÑOLA RE Mercado Eólica,39
FENVD04,HIDRAULICA,,FENIE ENERGIA,,,100 GENERACION ZONA ESPAÑOLA RE Mercado Hidráulica,39
FENVD05,FOTO > 1MW,,FENIE ENERGIA,,,100 GENERACION ZONA ESPAÑOLA RE Mercado Solar Foto,39
FENVD06,EOLICA TERRESTRE,GESTIONABLE,FENIE ENERGIA,,,100 GENERACION ZONA ESPAÑOLA RE Mercado Eólica,39
FENVD07,FVCAR2,,FENIE ENERGIA,,,100 GENERACION ZONA ESPAÑOLA RE Mercado Solar Foto,39
FENVD08,FVCAR3,,FENIE ENERGIA,,,100 GENERACION ZONA ESPAÑOLA RE Mercado Solar Foto,39
FENVD09,FVCAR4,,FENIE ENERGIA,,,100 GENERACION ZONA ESPAÑOLA RE Mercado Solar Foto,39
FENVD10,FVVEGA,,FENIE ENERGIA,,,100 GENERACION ZONA ESPAÑOLA RE Mercado Solar Foto,39
FENVD11,PE MONTE TOURADO,,FENIE ENERGIA,,,100 GENERACION ZONA ESPAÑOLA RE Mercado Eólica,39
FENVD12,PE FARRAPA II,,FENIE ENERGIA,,,100 GENERACION ZONA ESPAÑOLA RE Mercado Eólica,39
FENVD13,PE BRETOÑA,,FENIE ENERGIA,,,100 GENERACION ZONA ESPAÑOLA RE Mercado Eólica,39
FENVD14,BIOGAS,,FENIE ENERGIA,,,100 GENERACION ZONA ESPAÑOLA RE Mercado Térmica R,39
FENVD15,F15AFEN,,FENIE ENERGIA,,,100 GENERACION ZONA ESPAÑOLA RE Mercado Solar Foto,39
FUTVD03,FUTGR ROMA COGFU,T,CAPWATT COM,ERCIAL S.,L.U.,100 GENERACION ZONA ESPAÑOLA RE Mercado Térmica n,39
FUTVD04,FUTGR FOTOVOLTAI,CAS,CAPWATT COM,ERCIAL S.,L.U.,100 GENERACION ZONA ESPAÑOLA RE Mercado Solar Foto,39
FUTVD06,ALCARRAS,,CAPWATT COM,ERCIAL S.,L.U.,100 GENERACION ZONA ESPAÑOLA RE Mercado Térmica n,39
FUTVD11,VOLTREGA,,CAPWATT COM,ERCIAL S.,L.U.,100 GENERACION ZONA ESPAÑOLA RE Mercado Térmica n,39
GACVD1,GAC REG. ESPECIAL,TARF REP,GEOATLANTER,,,100 GENERACION ZONA ESPAÑOLA RE Mercado Solar Foto,39
GACVD10,GACVD10,,GEOATLANTER,,,100 GENERACION ZONA ESPAÑOLA RE Mercado Solar Foto,39
GACVD11,GACVD11,,GEOATLANTER,,,100 GENERACION ZONA ESPAÑOLA RE Mercado Solar Foto,39
GACVD12,GACVD12,,GEOATLANTER,,,100 GENERACION ZONA ESPAÑOLA RE Mercado Solar Foto,39
GACVD13,GACVD13,,GEOATLANTER,,,100 GENERACION ZONA ESPAÑOLA RE Mercado Solar Foto,39
GACVD14,GACVD14,,GEOATLANTER,,,100 GENERACION ZONA ESPAÑOLA RE Mercado Solar Foto,39
GACVD4,GAC REG. ESPECIAL,REP,GEOATLANTER,,,100 GENERACION ZONA ESPAÑOLA RE Mercado Solar Foto,39
GACVD5,GAC REG. ESPECIAL,REP,GEOATLANTER,,,100 GENERACION ZONA ESPAÑOLA RE Mercado Solar Foto,39
GACVD6,GAC REG. ESPECIAL,REP,GEOATLANTER,,,100 GENERACION ZONA ESPAÑOLA RE Mercado Solar Foto,39
GACVD7,GACVD7,,GEOATLANTER,,,100 GENERACION ZONA ESPAÑOLA RE Mercado Solar Foto,39
GACVD8,GACVD8,,GEOATLANTER,,,100 GENERACION ZONA ESPAÑOLA RE Mercado Solar Foto,39
GACVD9,GACVD9,,GEOATLANTER,,,100 GENERACION ZONA ESPAÑOLA RE Mercado Solar Foto,39
GALPVD1,PARQUE VALDECARR,O,GALP ENERGÍA,"ESPAÑA,",S.A.U.,100 GENERACION ZONA ESPAÑOLA RE Mercado Solar Foto,39
GALPVD2,PARQUE ALCAZAR 1,,GALP ENERGÍA,"ESPAÑA,",S.A.U.,100 GENERACION ZONA ESPAÑOLA RE Mercado Solar Foto,39
GALPVD3,PARQUE MANZANAR,ES,GALP ENERGÍA,"ESPAÑA,",S.A.U.,100 GENERACION ZONA ESPAÑOLA RE Mercado Solar Foto,39
GALPVD4,PARQUE LOGRO,,GALP ENERGÍA,"ESPAÑA,",S.A.U.,100 GENERACION ZONA ESPAÑOLA RE Mercado Solar Foto,39
GALPVD5,PARQUE ICTIO ALCA,ZAR I,GALP ENERGÍA,"ESPAÑA,",S.A.U.,100 GENERACION ZONA ESPAÑOLA RE Mercado Solar Foto,39
GALPVD6,PARQUE ICTIO ALCA,ZAR II,GALP ENERGÍA,"ESPAÑA,",S.A.U.,100 GENERACION ZONA ESPAÑOLA RE Mercado Solar Foto,39
GALPVD7,ICTIO ALCAZAR III,,GALP ENERGÍA,"ESPAÑA,",S.A.U.,100 GENERACION ZONA ESPAÑOLA RE Mercado Solar Foto,39
GALPVD8,ALCAZAR II,,GALP ENERGÍA,"ESPAÑA,",S.A.U.,100 GENERACION ZONA ESPAÑOLA RE Mercado Solar Foto,39
GALPVD9,VALDIVIESO,,GALP ENERGÍA,"ESPAÑA,",S.A.U.,100 GENERACION ZONA ESPAÑOLA RE Mercado Solar Foto,39
GALPWV2,UNIDADE DE VENDA,,PETROGAL SA,,,100 GENERACION ZONA PORTUGUESA RE Tarifa CU R (uof),39
GALVD10,RIBAGRANDE,,GALP ENERGÍA,"ESPAÑA,",S.A.U.,100 GENERACION ZONA ESPAÑOLA RE Mercado Solar Foto,39
GALVD11,SIERREZUELA,,GALP ENERGÍA,"ESPAÑA,",S.A.U.,100 GENERACION ZONA ESPAÑOLA RE Mercado Solar Foto,39
GALVD12,ESCARNES,,GALP ENERGÍA,"ESPAÑA,",S.A.U.,100 GENERACION ZONA ESPAÑOLA RE Mercado Solar Foto,39
GALVD13,ENVITERO,,GALP ENERGÍA,"ESPAÑA,",S.A.U.,100 GENERACION ZONA ESPAÑOLA RE Mercado Solar Foto,39
GALVD14,MOCATERO,,GALP ENERGÍA,"ESPAÑA,",S.A.U.,100 GENERACION ZONA ESPAÑOLA RE Mercado Solar Foto,39
GALVD15,IGNIS SOLAR I,,GALP ENERGÍA,"ESPAÑA,",S.A.U.,100 GENERACION ZONA ESPAÑOLA RE Mercado Solar Foto,39
GALVD16,MEDIOMONTE,,GALP ENERGÍA,"ESPAÑA,",S.A.U.,100 GENERACION ZONA ESPAÑOLA RE Mercado Solar Foto,39
GALVD17,EMOCIÓN,,GALP ENERGÍA,"ESPAÑA,",S.A.U.,100 GENERACION ZONA ESPAÑOLA RE Mercado Solar Foto,39
GALVD18,ESCATRÓN SOLAR II,,GALP ENERGÍA,"ESPAÑA,",S.A.U.,100 GENERACION ZONA ESPAÑOLA RE Mercado Solar Foto,39
GALVD19,PALABRA,,GALP ENERGÍA,"ESPAÑA,",S.A.U.,100 GENERACION ZONA ESPAÑOLA RE Mercado Solar Foto,39
GALVD20,VALDELAGUA,,GALP ENERGÍA,"ESPAÑA,",S.A.U.,100 GENERACION ZONA ESPAÑOLA RE Mercado Solar Foto,39
GALVD21,EL ROBLEDO,,GALP ENERGÍA,"ESPAÑA,",S.A.U.,100 GENERACION ZONA ESPAÑOLA RE Mercado Solar Foto,39
GALVD22,HAZAÑA SOLAR,,GALP ENERGÍA,"ESPAÑA,",S.A.U.,100 GENERACION ZONA ESPAÑOLA RE Mercado Solar Foto,39
GALVD23,TALENTO,GALP ENERGÍA,"ESPAÑA,",S.A.U.,100,GENERACION ZONA ESPAÑOLA RE Mercado Solar Foto,40
GALVD24,ESPLENDOR,GALP ENERGÍA,"ESPAÑA,",S.A.U.,100,GENERACION ZONA ESPAÑOLA RE Mercado Solar Foto,40
GALVD25,PITARCO A,GALP ENERGÍA,"ESPAÑA,",S.A.U.,100,GENERACION ZONA ESPAÑOLA RE Mercado Solar Foto,40
GALVD29,EXTRESOL II,GALP ENERGÍA,"ESPAÑA,",S.A.U.,100,GENERACION ZONA ESPAÑOLA RE Mercado Solar Tér,40
GALVD30,EXTRESOL III,GALP ENERGÍA,"ESPAÑA,",S.A.U.,100,GENERACION ZONA ESPAÑOLA RE Mercado Solar Tér,40
GALVD31,ALBARREAL,GALP ENERGÍA,"ESPAÑA,",S.A.U.,100,GENERACION ZONA ESPAÑOLA RE Mercado Solar Foto,40
GALVD32,PEREA,GALP ENERGÍA,"ESPAÑA,",S.A.U.,100,GENERACION ZONA ESPAÑOLA RE Mercado Solar Foto,40
GALVD33,VEGON,GALP ENERGÍA,"ESPAÑA,",S.A.U.,100,GENERACION ZONA ESPAÑOLA RE Mercado Solar Foto,40
GALVD39,MONTEGORDO,GALP ENERGÍA,"ESPAÑA,",S.A.U.,100,GENERACION ZONA ESPAÑOLA RE Mercado Eólica,40
GALVD40,CARBAS,GALP ENERGÍA,"ESPAÑA,",S.A.U.,100,GENERACION ZONA ESPAÑOLA RE Mercado Eólica,40
GALVD41,CALDERA,GALP ENERGÍA,"ESPAÑA,",S.A.U.,100,GENERACION ZONA ESPAÑOLA RE Mercado Eólica,40
GALVD42,TESOSANTO,GALP ENERGÍA,"ESPAÑA,",S.A.U.,100,GENERACION ZONA ESPAÑOLA RE Mercado Eólica,40
GALVD43,EXTRESOL 1,GALP ENERGÍA,"ESPAÑA,",S.A.U.,100,GENERACION ZONA ESPAÑOLA RE Mercado Solar Tér,40
GALVD56,ALMARAZ,GALP ENERGÍA,"ESPAÑA,",S.A.U.,100,GENERACION ZONA ESPAÑOLA RE Mercado Solar Foto,40
GALVD57,TOLEDO,GALP ENERGÍA,"ESPAÑA,",S.A.U.,100,GENERACION ZONA ESPAÑOLA RE Mercado Solar Foto,40
GALVD58,AHIN,GALP ENERGÍA,"ESPAÑA,",S.A.U.,100,GENERACION ZONA ESPAÑOLA RE Mercado Solar Foto,40
GALVD59,CASABLANCA,GALP ENERGÍA,"ESPAÑA,",S.A.U.,100,GENERACION ZONA ESPAÑOLA RE Mercado Solar Tér,40
GALVD60,ABUELA,GALP ENERGÍA,"ESPAÑA,",S.A.U.,100,GENERACION ZONA ESPAÑOLA RE Mercado Eólica,40
GALVD61,COLMENAR,GALP ENERGÍA,"ESPAÑA,",S.A.U.,100,GENERACION ZONA ESPAÑOLA RE Mercado Eólica,40
GALVD62,NOGUERA,GALP ENERGÍA,"ESPAÑA,",S.A.U.,100,GENERACION ZONA ESPAÑOLA RE Mercado Eólica,40
GALVD63,VEGASISLETES,GALP ENERGÍA,"ESPAÑA,",S.A.U.,100,GENERACION ZONA ESPAÑOLA RE Mercado Eólica,40
GALVD64,SERON1,GALP ENERGÍA,"ESPAÑA,",S.A.U.,100,GENERACION ZONA ESPAÑOLA RE Mercado Eólica,40
GALVD65,SERON2,GALP ENERGÍA,"ESPAÑA,",S.A.U.,100,GENERACION ZONA ESPAÑOLA RE Mercado Eólica,40
GALVD66,TIJOLA,GALP ENERGÍA,"ESPAÑA,",S.A.U.,100,GENERACION ZONA ESPAÑOLA RE Mercado Eólica,40
GALVD67,CERROBLANCO,GALP ENERGÍA,"ESPAÑA,",S.A.U.,100,GENERACION ZONA ESPAÑOLA RE Mercado Eólica,40
GALVD68,MAJALES,GALP ENERGÍA,"ESPAÑA,",S.A.U.,100,GENERACION ZONA ESPAÑOLA RE Mercado Eólica,40
GALVD69,TORVISCAL,GALP ENERGÍA,"ESPAÑA,",S.A.U.,100,GENERACION ZONA ESPAÑOLA RE Mercado Eólica,40
GALVD70,BRENA,GALP ENERGÍA,"ESPAÑA,",S.A.U.,100,GENERACION ZONA ESPAÑOLA RE Mercado Eólica,40
GALVD71,NEBINA,GALP ENERGÍA,"ESPAÑA,",S.A.U.,100,GENERACION ZONA ESPAÑOLA RE Mercado Eólica,40
GALVD72,VILLAMAYOR,GALP ENERGÍA,"ESPAÑA,",S.A.U.,100,GENERACION ZONA ESPAÑOLA RE Mercado Eólica,40
GALVD73,CABRITO,GALP ENERGÍA,"ESPAÑA,",S.A.U.,100,GENERACION ZONA ESPAÑOLA RE Mercado Eólica,40
GALVD74,ESCAMB,GALP ENERGÍA,"ESPAÑA,",S.A.U.,100,GENERACION ZONA ESPAÑOLA RE Mercado Eólica,40
GALVD75,BENALAZ,GALP ENERGÍA,"ESPAÑA,",S.A.U.,100,GENERACION ZONA ESPAÑOLA RE Mercado Eólica,40
GALVD76,BOIRA,GALP ENERGÍA,"ESPAÑA,",S.A.U.,100,GENERACION ZONA ESPAÑOLA RE Mercado Eólica,40
GALVD77,GLOSILLA,GALP ENERGÍA,"ESPAÑA,",S.A.U.,100,GENERACION ZONA ESPAÑOLA RE Mercado Eólica,40
GALVD78,SALOMON,GALP ENERGÍA,"ESPAÑA,",S.A.U.,100,GENERACION ZONA ESPAÑOLA RE Mercado Eólica,40
GALVD79,BENALAZ2,GALP ENERGÍA,"ESPAÑA,",S.A.U.,100,GENERACION ZONA ESPAÑOLA RE Mercado Eólica,40
GALVD80,SIERRAGUAS,GALP ENERGÍA,"ESPAÑA,",S.A.U.,100,GENERACION ZONA ESPAÑOLA RE Mercado Eólica,40
GALVD83,THARSIS,GALP ENERGÍA,"ESPAÑA,",S.A.U.,100,GENERACION ZONA ESPAÑOLA RE Mercado Eólica,40
GALVD85,CAMPILLO,GALP ENERGÍA,"ESPAÑA,",S.A.U.,100,GENERACION ZONA ESPAÑOLA RE Mercado Eólica,40
GALVD86,CANTERAS3,GALP ENERGÍA,"ESPAÑA,",S.A.U.,100,GENERACION ZONA ESPAÑOLA RE Mercado Eólica,40
GASNVD2,GAS NATURAL SDG VENTA TARIFA,GAS NATURAL C,OMERCI,ALIZADORA,100,GENERACION ZONA ESPAÑOLA RE Mercado Hidráulica,40
GASNVD4,GASNVD4,GAS NATURAL C,OMERCI,ALIZADORA,100,GENERACION ZONA ESPAÑOLA RE Mercado Térmica n,40
GASNVD9,GASNVD9,GAS NATURAL C,OMERCI,ALIZADORA,100,GENERACION ZONA ESPAÑOLA RE Mercado Eólica,40
GASVD10,GASVD10,GAS NATURAL C,OMERCI,ALIZADORA,100,GENERACION ZONA ESPAÑOLA RE Mercado Térmica n,40
GASVD11,GASVD11,GAS NATURAL C,OMERCI,ALIZADORA,100,GENERACION ZONA ESPAÑOLA RE Mercado Eólica,40
GASVD12,GASVD12,GAS NATURAL C,OMERCI,ALIZADORA,100,GENERACION ZONA ESPAÑOLA RE Mercado Eólica,40
GASVD15,GASVD15,GAS NATURAL C,OMERCI,ALIZADORA,100,GENERACION ZONA ESPAÑOLA RE Mercado Solar Foto,40
GASVD16,GASVD16,GAS NATURAL C,OMERCI,ALIZADORA,100,GENERACION ZONA ESPAÑOLA RE Mercado Solar Foto,40
GASVD17,GASVD17,GAS NATURAL C,OMERCI,ALIZADORA,100,GENERACION ZONA ESPAÑOLA RE Mercado Eólica,40
GASVD18,GASVD18,GAS NATURAL C,OMERCI,ALIZADORA,100,GENERACION ZONA ESPAÑOLA RE Mercado Solar Foto,40
GASVD20,GASVD20,GAS NATURAL C,OMERCI,ALIZADORA,100,GENERACION ZONA ESPAÑOLA RE Mercado Solar Foto,40
GASVD22,GASVD22,GAS NATURAL C,OMERCI,ALIZADORA,100,GENERACION ZONA ESPAÑOLA RE Mercado Eólica,40
GDLQ,UGH. GUADALQUIVIR,ENDESA GENER,"ACIÓN, S",.A.,100,GENERACION ZONA ESPAÑOLA Hidráulica Ge neración,40
GDNA,UGH. GUADIANA,ENDESA GENER,"ACIÓN, S",.A.,100,GENERACION ZONA ESPAÑOLA Hidráulica Ge neración,40
GEMVD01,GEM VD T01,GESTION DE EN,ERGÍA Y,"MERCADOS, S.L.",100,GENERACION ZONA ESPAÑOLA RE Mercado Térmica n,40
GEMVD09,GEM VD T09,GESTION DE EN,ERGÍA,Y,"MERCADOS,",S.L. 100 GENERACION ZONA ESPAÑOLA RE Mercado Térmica n,41
GEMVD15,YESYFORMA,GESTION DE EN,ERGÍA,Y,"MERCADOS,",S.L. 100 GENERACION ZONA ESPAÑOLA RE Mercado Térmica n,41
GEMVD16,CEMOSA,GESTION DE EN,ERGÍA,Y,"MERCADOS,",S.L. 100 GENERACION ZONA ESPAÑOLA RE Mercado Térmica n,41
GEMVD17,TRATA. DE RESIDUOS LA RIOJA,GESTION DE EN,ERGÍA,Y,"MERCADOS,",S.L. 100 GENERACION ZONA ESPAÑOLA RE Mercado Térmica R,41
GEMVD18,ENERCORR XXI,GESTION DE EN,ERGÍA,Y,"MERCADOS,",S.L. 100 GENERACION ZONA ESPAÑOLA RE Mercado Térmica n,41
GEMVD19,TARBA ENERGÍA,GESTION DE EN,ERGÍA,Y,"MERCADOS,",S.L. 100 GENERACION ZONA ESPAÑOLA RE Mercado Térmica n,41
GEMVD20,ISLONIAS,GESTION DE EN,ERGÍA,Y,"MERCADOS,",S.L. 100 GENERACION ZONA ESPAÑOLA RE Mercado Térmica R,41
GEMVD30,GEM FV MENOR 1 MW,GESTION DE EN,ERGÍA,Y,"MERCADOS,",S.L. 100 GENERACION ZONA ESPAÑOLA RE Mercado Solar Foto,41
GEMVD31,CABB HIDRO MENOR 5 MW,GESTION DE EN,ERGÍA,Y,"MERCADOS,",S.L. 100 GENERACION ZONA ESPAÑOLA RE Mercado Hidráulica,41
GEMVD32,CABB B72 MENOR 5 MW,GESTION DE EN,ERGÍA,Y,"MERCADOS,",S.L. 100 GENERACION ZONA ESPAÑOLA RE Mercado Térmica R,41
GEMVD33,BIORECICLAJE DE CADIZ,GESTION DE EN,ERGÍA,Y,"MERCADOS,",S.L. 100 GENERACION ZONA ESPAÑOLA RE Mercado Térmica R,41
GEMVD34,UO LATINF,GESTION DE EN,ERGÍA,Y,"MERCADOS,",S.L. 100 GENERACION ZONA ESPAÑOLA RE Mercado Térmica n,41
GEMVD35,UO GRADO,GESTION DE EN,ERGÍA,Y,"MERCADOS,",S.L. 100 GENERACION ZONA ESPAÑOLA RE Mercado Térmica n,41
GEMVD36,UO FDP,GESTION DE EN,ERGÍA,Y,"MERCADOS,",S.L. 100 GENERACION ZONA ESPAÑOLA RE Mercado Térmica n,41
GEMVD37,UO MORON,GESTION DE EN,ERGÍA,Y,"MERCADOS,",S.L. 100 GENERACION ZONA ESPAÑOLA RE Mercado Térmica n,41
GEMVD38,UO ARAN,GESTION DE EN,ERGÍA,Y,"MERCADOS,",S.L. 100 GENERACION ZONA ESPAÑOLA RE Mercado Térmica n,41
GEMVD39,UO CINCAV,GESTION DE EN,ERGÍA,Y,"MERCADOS,",S.L. 100 GENERACION ZONA ESPAÑOLA RE Mercado Térmica n,41
GEOVD01,REPRESENTACIÓN FOTOVOLTAICA,GEO ALTERNAT,"IVA, SL",,, 100 GENERACION ZONA ESPAÑOLA RE Mercado Solar Foto,41
GEPLAS,GE PLASTICS,IBERDROLA EN,ERGÍA E,S,PAÑA S..A., 100 GENERACION ZONA ESPAÑOLA RE Mercado Térmica n,41
GESNV02,GESNV02,GESTERNOVA,SERVIC,OS,DE ENERGI,A UNIPESOAL LDA 100 GENERACION ZONA PORTUGUESA RE Tarifa CU R (uof),41
GESTVD2,GESTVD2,"GESTERNOVA,",S.A.,,, 100 GENERACION ZONA ESPAÑOLA RE Mercado Solar Foto,41
GESTVD4,GESTVD4,"GESTERNOVA,",S.A.,,, 100 GENERACION ZONA ESPAÑOLA RE Mercado Hidráulica,41
GESTVD5,BIOMASA,"GESTERNOVA,",S.A.,,, 100 GENERACION ZONA ESPAÑOLA RE Mercado Térmica R,41
GESTVD6,EOLICA,"GESTERNOVA,",S.A.,,, 100 GENERACION ZONA ESPAÑOLA RE Mercado Eólica,41
GESTVD9,BOTOA,"GESTERNOVA,",S.A.,,, 100 GENERACION ZONA ESPAÑOLA RE Mercado Solar Foto,41
GESTV02,GESTO COMERCIALIZADORA,GESTO COMER,CIALIZA,C,AO DE ENER,"GIA, UNIPESSOAL LDA 100 GENERACION ZONA PORTUGUESA RE Tarifa CU R (uof)",41
GESVD10,TALARRUBIAS,"GESTERNOVA,",S.A.,,, 100 GENERACION ZONA ESPAÑOLA RE Mercado Solar Foto,41
GESVD11,DUERO JUNCAL,"GESTERNOVA,",S.A.,,, 100 GENERACION ZONA ESPAÑOLA RE Mercado Solar Foto,41
GESVD12,HID GUADALOPE,"GESTERNOVA,",S.A.,,, 100 GENERACION ZONA ESPAÑOLA RE Mercado Hidráulica,41
GESVD13,F CANAVEROSA FOT,"GESTERNOVA,",S.A.,,, 100 GENERACION ZONA ESPAÑOLA RE Mercado Solar Foto,41
GESVD14,F LOGROSAN,"GESTERNOVA,",S.A.,,, 100 GENERACION ZONA ESPAÑOLA RE Mercado Solar Foto,41
GESVD17,F ESLA 3,"GESTERNOVA,",S.A.,,, 100 GENERACION ZONA ESPAÑOLA RE Mercado Solar Foto,41
GESVD18,EOLPOP,"GESTERNOVA,",S.A.,,, 100 GENERACION ZONA ESPAÑOLA RE Mercado Eólica,41
GESVD19,HID IDAE,"GESTERNOVA,",S.A.,,, 100 GENERACION ZONA ESPAÑOLA RE Mercado Hidráulica,41
GESVD20,BIOMASA IDAE,"GESTERNOVA,",S.A.,,, 100 GENERACION ZONA ESPAÑOLA RE Mercado Térmica R,41
GESVD21,FNAVARRA,"GESTERNOVA,",S.A.,,, 100 GENERACION ZONA ESPAÑOLA RE Mercado Solar Foto,41
GESVD22,FV RODRIGO,"GESTERNOVA,",S.A.,,, 100 GENERACION ZONA ESPAÑOLA RE Mercado Solar Foto,41
GESVD23,TORIJA,"GESTERNOVA,",S.A.,,, 100 GENERACION ZONA ESPAÑOLA RE Mercado Solar Foto,41
GESVD24,LASTRA,"GESTERNOVA,",S.A.,,, 100 GENERACION ZONA ESPAÑOLA RE Mercado Solar Foto,41
GESVD25,DRODRI2,"GESTERNOVA,",S.A.,,, 100 GENERACION ZONA ESPAÑOLA RE Mercado Solar Foto,41
GESVD26,CAMPA1,"GESTERNOVA,",S.A.,,, 100 GENERACION ZONA ESPAÑOLA RE Mercado Solar Foto,41
GESVD27,ESCALN,"GESTERNOVA,",S.A.,,, 100 GENERACION ZONA ESPAÑOLA RE Mercado Solar Foto,41
GESVD30,TORIJA3,"GESTERNOVA,",S.A.,,, 100 GENERACION ZONA ESPAÑOLA RE Mercado Solar Foto,41
GESVD31,YEPS,"GESTERNOVA,",S.A.,,, 100 GENERACION ZONA ESPAÑOLA RE Mercado Solar Foto,41
GESVD32,CORELLA,"GESTERNOVA,",S.A.,,, 100 GENERACION ZONA ESPAÑOLA RE Mercado Solar Foto,41
GESVD33,MILAGRO,"GESTERNOVA,",S.A.,,, 100 GENERACION ZONA ESPAÑOLA RE Mercado Solar Foto,41
GESVD34,BARDENAS,"GESTERNOVA,",S.A.,,, 100 GENERACION ZONA ESPAÑOLA RE Mercado Solar Foto,41
GESVD41,OLIVENZA,"GESTERNOVA,",S.A.,,, 100 GENERACION ZONA ESPAÑOLA RE Mercado Solar Foto,41
GESVD42,BARRADO,,"GESTERNOVA,",S.A.,,100 GENERACION ZONA ESPAÑOLA RE Mercado Solar Foto,42
GESVD43,VIVALES,,"GESTERNOVA,",S.A.,,100 GENERACION ZONA ESPAÑOLA RE Mercado Solar Foto,42
GESVD45,TORIJ4,,"GESTERNOVA,",S.A.,,100 GENERACION ZONA ESPAÑOLA RE Mercado Solar Foto,42
GESVD46,IM2,,"GESTERNOVA,",S.A.,,100 GENERACION ZONA ESPAÑOLA RE Mercado Solar Foto,42
GESVD48,ESCALESTE,,"GESTERNOVA,",S.A.,,100 GENERACION ZONA ESPAÑOLA RE Mercado Solar Foto,42
GESVD51,TORDE1,,"GESTERNOVA,",S.A.,,100 GENERACION ZONA ESPAÑOLA RE Mercado Solar Foto,42
GESVD54,ANOVER,,"GESTERNOVA,",S.A.,,100 GENERACION ZONA ESPAÑOLA RE Mercado Solar Foto,42
GESVD56,SCALONA,,"GESTERNOVA,",S.A.,,100 GENERACION ZONA ESPAÑOLA RE Mercado Solar Foto,42
GESVD57,CRNSOLAR,,"GESTERNOVA,",S.A.,,100 GENERACION ZONA ESPAÑOLA RE Mercado Solar Foto,42
GESVD58,SIRIUS,,"GESTERNOVA,",S.A.,,100 GENERACION ZONA ESPAÑOLA RE Mercado Solar Foto,42
GESVD59,BLDO2,,"GESTERNOVA,",S.A.,,100 GENERACION ZONA ESPAÑOLA RE Mercado Solar Foto,42
GESVD60,CALERA,,"GESTERNOVA,",S.A.,,100 GENERACION ZONA ESPAÑOLA RE Mercado Solar Foto,42
GESVD61,FVGEST61,,"GESTERNOVA,",S.A.,,100 GENERACION ZONA ESPAÑOLA RE Mercado Solar Foto,42
GESVD62,FVGEST62,,"GESTERNOVA,",S.A.,,100 GENERACION ZONA ESPAÑOLA RE Mercado Solar Foto,42
GESVD63,FVGEST63,,"GESTERNOVA,",S.A.,,100 GENERACION ZONA ESPAÑOLA RE Mercado Solar Foto,42
GESVD64,FVGEST64,,"GESTERNOVA,",S.A.,,100 GENERACION ZONA ESPAÑOLA RE Mercado Solar Foto,42
GESVD65,LUMBRERAS,,"GESTERNOVA,",S.A.,,100 GENERACION ZONA ESPAÑOLA RE Mercado Solar Foto,42
GESVD66,TABERNASII,,"GESTERNOVA,",S.A.,,100 GENERACION ZONA ESPAÑOLA RE Mercado Solar Foto,42
GESVD67,GENIL1,,"GESTERNOVA,",S.A.,,100 GENERACION ZONA ESPAÑOLA RE Mercado Solar Foto,42
GESVD68,GENIL2,,"GESTERNOVA,",S.A.,,100 GENERACION ZONA ESPAÑOLA RE Mercado Solar Foto,42
GESVD69,LASTRA2,,"GESTERNOVA,",S.A.,,100 GENERACION ZONA ESPAÑOLA RE Mercado Solar Foto,42
GESVD70,ARCICOLLAR,,"GESTERNOVA,",S.A.,,100 GENERACION ZONA ESPAÑOLA RE Mercado Solar Foto,42
GESVD71,ALQUERIA,,"GESTERNOVA,",S.A.,,100 GENERACION ZONA ESPAÑOLA RE Mercado Solar Foto,42
GESVD72,VILLAR,,"GESTERNOVA,",S.A.,,100 GENERACION ZONA ESPAÑOLA RE Mercado Hidráulica,42
GESVD73,DRACO,,"GESTERNOVA,",S.A.,,100 GENERACION ZONA ESPAÑOLA RE Mercado Solar Foto,42
GESVD76,DESIERTO,,"GESTERNOVA,",S.A.,,100 GENERACION ZONA ESPAÑOLA RE Mercado Solar Foto,42
GESVD77,JAEN,,"GESTERNOVA,",S.A.,,100 GENERACION ZONA ESPAÑOLA RE Mercado Solar Foto,42
GESVD78,ALCALANORT,,"GESTERNOVA,",S.A.,,100 GENERACION ZONA ESPAÑOLA RE Mercado Solar Foto,42
GESVD79,ALCALASUR,,"GESTERNOVA,",S.A.,,100 GENERACION ZONA ESPAÑOLA RE Mercado Solar Foto,42
GESVD80,SERVAN3,,"GESTERNOVA,",S.A.,,100 GENERACION ZONA ESPAÑOLA RE Mercado Solar Foto,42
GESVD81,SERVAN4,,"GESTERNOVA,",S.A.,,100 GENERACION ZONA ESPAÑOLA RE Mercado Solar Foto,42
GESVD82,SERVAN5,,"GESTERNOVA,",S.A.,,100 GENERACION ZONA ESPAÑOLA RE Mercado Solar Foto,42
GNANDU,UOF GNANDU,,GNERA ENERG,IA Y,TECNOLOGIA,100 GENERACION ZONA ESPAÑOLA Hidráulica Ge neración,42
GNBRRS,UOF BARROSA,,GNERA ENERG,IA Y,TECNOLOGIA,100 GENERACION ZONA ESPAÑOLA Hidráulica Ge neración,42
GNEBRO,UOF GNEBRO,,GNERA ENERG,IA Y,TECNOLOGIA,100 GENERACION ZONA ESPAÑOLA Hidráulica Ge neración,42
GNLOTZ,UOF LOTZ REGIM,EN ORD,GNERA ENERG,IA Y,TECNOLOGIA,100 GENERACION ZONA ESPAÑOLA Hidráulica Ge neración,42
GNRAPM1,GNERA VENTA A,PRECIO MERCADO,GNERA ENERG,IA Y,TECNOLOGIA,100 GENERACION ZONA ESPAÑOLA RE Mercado Hidráulica,42
GNRAPM2,GNERA UOF PRE,CIO MERCADO 2,GNERA ENERG,IA Y,TECNOLOGIA,100 GENERACION ZONA ESPAÑOLA RE Mercado Térmica n,42
GNRAVD1,GNRA REP. RE. A,TARIFA,GNERA ENERG,IA Y,TECNOLOGIA,100 GENERACION ZONA ESPAÑOLA RE Mercado Solar Foto,42
GNRVD13,UOF VD13,,GNERA ENERG,IA Y,TECNOLOGIA,100 GENERACION ZONA ESPAÑOLA RE Mercado Hidráulica,42
GNRVD14,UOF VD14,,GNERA ENERG,IA Y,TECNOLOGIA,100 GENERACION ZONA ESPAÑOLA RE Mercado Hidráulica,42
GNRVD15,UOF COGOT01,,GNERA ENERG,IA Y,TECNOLOGIA,100 GENERACION ZONA ESPAÑOLA RE Mercado Hidráulica,42
GNRVD18,UOF AYNIG01,,GNERA ENERG,IA Y,TECNOLOGIA,100 GENERACION ZONA ESPAÑOLA RE Mercado Hidráulica,42
GNRVD20,UOF AUXIM01,,GNERA ENERG,IA Y,TECNOLOGIA,100 GENERACION ZONA ESPAÑOLA RE Mercado Hidráulica,42
GNRVD21,UOF LABRA01,,GNERA ENERG,IA Y,TECNOLOGIA,100 GENERACION ZONA ESPAÑOLA RE Mercado Hidráulica,42
GNRVD22,UOF CASPV01,,GNERA ENERG,IA Y,TECNOLOGIA,100 GENERACION ZONA ESPAÑOLA RE Mercado Hidráulica,42
GNRVD25,UOF VD25,,GNERA ENERG,IA Y,TECNOLOGIA,100 GENERACION ZONA ESPAÑOLA RE Mercado Térmica R,42
GNRVD26,UOF HIBRI01,,GNERA ENERG,IA Y,TECNOLOGIA,100 GENERACION ZONA ESPAÑOLA RE Mercado Térmica R,42
GNRVD28,UOF ECOEE01,,GNERA ENERG,IA Y,TECNOLOGIA,100 GENERACION ZONA ESPAÑOLA RE Mercado Térmica R,42
GNRVD29,UOF NILEU01,,GNERA ENERG,IA Y,TECNOLOGIA,100 GENERACION ZONA ESPAÑOLA RE Mercado Térmica R,42
GNRVD30,UOF CAMFC01,,GNERA ENERG,IA Y,TECNOLOGIA,100 GENERACION ZONA ESPAÑOLA RE Mercado Térmica R,42
GNRVD31,UOF CULFC01,,GNERA ENERG,IA Y,TECNOLOGIA,100 GENERACION ZONA ESPAÑOLA RE Mercado Térmica R,42
GNRVD35,UOF VD35,,GNERA ENERG,IA Y,TECNOLOGIA,100 GENERACION ZONA ESPAÑOLA RE Mercado Térmica n,42
GNRVD36,UOF VD36,,GNERA ENERG,IA Y,TECNOLOGIA,100 GENERACION ZONA ESPAÑOLA RE Mercado Térmica n,42
GNRVD43,UOF USARG01,,GNERA ENERG,IA Y,TECNOLOGIA,100 GENERACION ZONA ESPAÑOLA RE Mercado Térmica n,42
GNRVD56,UOF AÑAR,BE,GNERA,ENERGIA,Y,TECNOLOGIA    100 GENERACION ZONA ESPAÑOLA RE Mercado Hidráulica,43
GNRVD57,UOF SVILA,01,GNERA,ENERGIA,Y,TECNOLOGIA    100 GENERACION ZONA ESPAÑOLA RE Mercado Hidráulica,43
GNRVD68,UOF VALF,W01,GNERA,ENERGIA,Y,TECNOLOGIA    100 GENERACION ZONA ESPAÑOLA RE Mercado Solar Fotov,43
GNRVD69,UOF FATF,W01,GNERA,ENERGIA,Y,TECNOLOGIA    100 GENERACION ZONA ESPAÑOLA RE Mercado Solar Fotov,43
GNRVD71,UOF LOAT,N01,GNERA,ENERGIA,Y,TECNOLOGIA    100 GENERACION ZONA ESPAÑOLA RE Mercado Hidráulica,43
GNRVD81,UOF HARIM,01,GNERA,ENERGIA,Y,TECNOLOGIA    100 GENERACION ZONA ESPAÑOLA RE Mercado Térmica no,43
GNRVD84,UOF SERR,A MENOR DE 1 MW,GNERA,ENERGIA,Y,TECNOLOGIA    100 GENERACION ZONA ESPAÑOLA RE Mercado Hidráulica,43
GNRVD88,UOF HURJ,A01,GNERA,ENERGIA,Y,TECNOLOGIA    100 GENERACION ZONA ESPAÑOLA RE Mercado Hidráulica,43
GNRVD94,UOF ELEC,DEY,GNERA,ENERGIA,Y,TECNOLOGIA    100 GENERACION ZONA ESPAÑOLA RE Mercado Hidráulica,43
GNRVD97,UOF ALHA,MA,GNERA,ENERGIA,Y,TECNOLOGIA    100 GENERACION ZONA ESPAÑOLA RE Mercado Solar Fotov,43
GNRVD99,UOF BLAN,C,GNERA,ENERGIA,Y,TECNOLOGIA    100 GENERACION ZONA ESPAÑOLA RE Mercado Solar Fotov,43
GNSUVD1,VENTA RE,_GN SUR,COMER,CIALIZADO,R,"A REGULADA GAS POWER, S.A 100 GENERACION ZONA ESPAÑOLA RE Mercado Solar Fotov",43
GNSUVD2,VENTA RE,PROV_GN SUR,COMER,CIALIZADO,R,"A REGULADA GAS POWER, S.A 100 GENERACION ZONA ESPAÑOLA RE Mercado Térmica no",43
GNSUVD3,HYGNSUR,- HIDRÁULICA NO UGH,COMER,CIALIZADO,R,"A REGULADA GAS POWER, S.A 100 GENERACION ZONA ESPAÑOLA RE Mercado Hidráulica",43
GNSUVD4,EYGNSUR,- EÓLICA TERRESTRE,COMER,CIALIZADO,R,"A REGULADA GAS POWER, S.A 100 GENERACION ZONA ESPAÑOLA RE Mercado Eólica",43
GNSUVD5,RYGNSUR,- BIOGÁS,COMER,CIALIZADO,R,"A REGULADA GAS POWER, S.A 100 GENERACION ZONA ESPAÑOLA RE Mercado Térmica Re",43
GNSUVD6,SYGNSUR,- SOLAR TÉRMICA,COMER,CIALIZADO,R,"A REGULADA GAS POWER, S.A 100 GENERACION ZONA ESPAÑOLA RE Mercado Solar Térmi",43
GNURT1,UOF URDIC,ETO 1,GNERA,ENERGIA,Y,TECNOLOGIA    100 GENERACION ZONA ESPAÑOLA Hidráulica Ge neración,43
GNURT2,UOF URDIC,ETO 2,GNERA,ENERGIA,Y,TECNOLOGIA    100 GENERACION ZONA ESPAÑOLA Hidráulica Ge neración,43
GNVD100,UOF GUAD,A,GNERA,ENERGIA,Y,TECNOLOGIA    100 GENERACION ZONA ESPAÑOLA RE Mercado Hidráulica,43
GNVD105,UOF SOPA,G,GNERA,ENERGIA,Y,TECNOLOGIA    100 GENERACION ZONA ESPAÑOLA RE Mercado Solar Fotov,43
GNVD110,UOF CHAM,ERA,GNERA,ENERGIA,Y,TECNOLOGIA    100 GENERACION ZONA ESPAÑOLA RE Mercado Hidráulica,43
GNVD115,UOF IRUGU,RUTZETA,GNERA,ENERGIA,Y,TECNOLOGIA    100 GENERACION ZONA ESPAÑOLA RE Mercado Hidráulica,43
GNVD116,UOF AUNG,NR,GNERA,ENERGIA,Y,TECNOLOGIA    100 GENERACION ZONA ESPAÑOLA RE Mercado Térmica no,43
GNVD117,UOF AYPG,NR,GNERA,ENERGIA,Y,TECNOLOGIA    100 GENERACION ZONA ESPAÑOLA RE Mercado Térmica no,43
GNVD122,UOF CALA,SPARRA,GNERA,ENERGIA,Y,TECNOLOGIA    100 GENERACION ZONA ESPAÑOLA RE Mercado Solar Fotov,43
GNVD126,UOF LOS P,INARES,GNERA,ENERGIA,Y,TECNOLOGIA    100 GENERACION ZONA ESPAÑOLA RE Mercado Solar Fotov,43
GNVD127,UOF GNER,A MAYOR DE 1MW,GNERA,ENERGIA,Y,TECNOLOGIA    100 GENERACION ZONA ESPAÑOLA RE Mercado Solar Fotov,43
GNVD130,GRUPO 2,,GNERA,ENERGIA,Y,TECNOLOGIA    100 GENERACION ZONA ESPAÑOLA RE Mercado Eólica,43
GNVD132,UOF VD132,,GNERA,ENERGIA,Y,TECNOLOGIA    100 GENERACION ZONA ESPAÑOLA RE Mercado Eólica,43
GNVD135,UOF GNVD,135,GNERA,ENERGIA,Y,TECNOLOGIA    100 GENERACION ZONA ESPAÑOLA RE Mercado Solar Fotov,43
GNVD140,UOF GNVD,140,GNERA,ENERGIA,Y,TECNOLOGIA    100 GENERACION ZONA ESPAÑOLA RE Mercado Solar Fotov,43
GNVD142,UOF GNVD,142,GNERA,ENERGIA,Y,TECNOLOGIA    100 GENERACION ZONA ESPAÑOLA RE Mercado Hidráulica,43
GNVD146,UOF GNVD,146,GNERA,ENERGIA,Y,TECNOLOGIA    100 GENERACION ZONA ESPAÑOLA RE Mercado Solar Fotov,43
GNVD148,UOF GNVD,148,GNERA,ENERGIA,Y,TECNOLOGIA    100 GENERACION ZONA ESPAÑOLA RE Mercado Solar Fotov,43
GNVD150,GNVD150,,GNERA,ENERGIA,Y,TECNOLOGIA    100 GENERACION ZONA ESPAÑOLA RE Mercado Hidráulica,43
GNVD151,OUF GNVD,151,GNERA,ENERGIA,Y,TECNOLOGIA    100 GENERACION ZONA ESPAÑOLA RE Mercado Térmica Re,43
GNVD152,UOF GNVD,152,GNERA,ENERGIA,Y,TECNOLOGIA    100 GENERACION ZONA ESPAÑOLA RE Mercado Geotérmica,43
GNVD153,UOF GNVD,153,GNERA,ENERGIA,Y,TECNOLOGIA    100 GENERACION ZONA ESPAÑOLA RE Mercado Térmica no,43
GNVD154,UOF GNVD,154,GNERA,ENERGIA,Y,TECNOLOGIA    100 GENERACION ZONA ESPAÑOLA RE Mercado Solar Fotov,43
GNVD158,UOF GNVD,158,GNERA,ENERGIA,Y,TECNOLOGIA    100 GENERACION ZONA ESPAÑOLA RE Mercado Eólica,43
GNVD159,UOF GNVD,159,GNERA,ENERGIA,Y,TECNOLOGIA    100 GENERACION ZONA ESPAÑOLA RE Mercado Térmica no,43
GNVD163,UOF GNVD,163,GNERA,ENERGIA,Y,TECNOLOGIA    100 GENERACION ZONA ESPAÑOLA RE Mercado Solar Fotov,43
GNVD168,UOF GNVD,168,GNERA,ENERGIA,Y,TECNOLOGIA    100 GENERACION ZONA ESPAÑOLA RE Mercado Solar Fotov,43
GNVD169,UOF GNVD,169,GNERA,ENERGIA,Y,TECNOLOGIA    100 GENERACION ZONA ESPAÑOLA RE Mercado Eólica,43
GNVD170,OUF GNVD,170,GNERA,ENERGIA,Y,TECNOLOGIA    100 GENERACION ZONA ESPAÑOLA RE Mercado Solar Fotov,43
GNVD171,UOF GNVD,171,GNERA,ENERGIA,Y,TECNOLOGIA    100 GENERACION ZONA ESPAÑOLA RE Mercado Solar Fotov,43
GNVD172,UOF GNVD,172,GNERA,ENERGIA,Y,TECNOLOGIA    100 GENERACION ZONA ESPAÑOLA RE Mercado Solar Fotov,43
GNVD174,UOF GNVD,174,GNERA,ENERGIA,Y,TECNOLOGIA    100 GENERACION ZONA ESPAÑOLA RE Mercado Solar Fotov,43
GNVD175,UOF GNVD,175,GNERA,ENERGIA,Y,TECNOLOGIA    100 GENERACION ZONA ESPAÑOLA RE Mercado Hidráulica,43
GNVD176,UOF GNVD,176,GNERA,ENERGIA,Y,TECNOLOGIA    100 GENERACION ZONA ESPAÑOLA RE Mercado Térmica no,43
GNVD180,UOF GNVD,180?,GNERA,ENERGIA,Y,TECNOLOGIA    100 GENERACION ZONA ESPAÑOLA RE Mercado Térmica no,43
GNVD181,UOF GNVD181,GNERA,ENERGIA,Y,TECNOLOGIA,100 GENERACION ZONA ESPAÑOLA RE Mercado Hidráulica,44
GNVD190,UOF GNVD190,GNERA,ENERGIA,Y,TECNOLOGIA,100 GENERACION ZONA ESPAÑOLA RE Mercado Térmica n,44
GNVD192,UOF GNVD192,GNERA,ENERGIA,Y,TECNOLOGIA,100 GENERACION ZONA ESPAÑOLA RE Mercado Solar Foto,44
GNVD193,GNVD193,GNERA,ENERGIA,Y,TECNOLOGIA,100 GENERACION ZONA ESPAÑOLA RE Mercado Solar Foto,44
GNVD194,GNVD194,GNERA,ENERGIA,Y,TECNOLOGIA,100 GENERACION ZONA ESPAÑOLA RE Mercado Solar Foto,44
GNVD195,GNVD195,GNERA,ENERGIA,Y,TECNOLOGIA,100 GENERACION ZONA ESPAÑOLA RE Mercado Eólica,44
GNVD196,GNVD196,GNERA,ENERGIA,Y,TECNOLOGIA,100 GENERACION ZONA ESPAÑOLA RE Mercado Térmica n,44
GNVD197,UOF GNVD197,GNERA,ENERGIA,Y,TECNOLOGIA,100 GENERACION ZONA ESPAÑOLA RE Mercado Solar Foto,44
GNVD198,UOF GNVD198,GNERA,ENERGIA,Y,TECNOLOGIA,100 GENERACION ZONA ESPAÑOLA RE Mercado Eólica,44
GNVD200,UOF GNVD200,GNERA,ENERGIA,Y,TECNOLOGIA,100 GENERACION ZONA ESPAÑOLA RE Mercado Eólica,44
GNVD201,GNVD201,GNERA,ENERGIA,Y,TECNOLOGIA,100 GENERACION ZONA ESPAÑOLA RE Mercado Solar Foto,44
GNVD202,GNVD202,GNERA,ENERGIA,Y,TECNOLOGIA,100 GENERACION ZONA ESPAÑOLA RE Mercado Solar Foto,44
GNVD203,GNVD203,GNERA,ENERGIA,Y,TECNOLOGIA,100 GENERACION ZONA ESPAÑOLA RE Mercado Solar Foto,44
GNVD204,GNVD204,GNERA,ENERGIA,Y,TECNOLOGIA,100 GENERACION ZONA ESPAÑOLA RE Mercado Solar Foto,44
GNVD205,GNVD205,GNERA,ENERGIA,Y,TECNOLOGIA,100 GENERACION ZONA ESPAÑOLA RE Mercado Eólica,44
GNVD206,GNVD206,GNERA,ENERGIA,Y,TECNOLOGIA,100 GENERACION ZONA ESPAÑOLA RE Mercado Eólica,44
GNVD207,GNVD207,GNERA,ENERGIA,Y,TECNOLOGIA,100 GENERACION ZONA ESPAÑOLA RE Mercado Solar Foto,44
GNVD208,GNVD208,GNERA,ENERGIA,Y,TECNOLOGIA,100 GENERACION ZONA ESPAÑOLA RE Mercado Solar Foto,44
GNVD209,GNVD209,GNERA,ENERGIA,Y,TECNOLOGIA,100 GENERACION ZONA ESPAÑOLA RE Mercado Solar Foto,44
GNVD210,GNVD210,GNERA,ENERGIA,Y,TECNOLOGIA,100 GENERACION ZONA ESPAÑOLA RE Mercado Solar Foto,44
GNVD211,GNVD211,GNERA,ENERGIA,Y,TECNOLOGIA,100 GENERACION ZONA ESPAÑOLA RE Mercado Solar Foto,44
GNVD212,GNVD212,GNERA,ENERGIA,Y,TECNOLOGIA,100 GENERACION ZONA ESPAÑOLA RE Mercado Solar Foto,44
GNVD213,GNVD213,GNERA,ENERGIA,Y,TECNOLOGIA,100 GENERACION ZONA ESPAÑOLA RE Mercado Solar Foto,44
GNVD214,GNVD214,GNERA,ENERGIA,Y,TECNOLOGIA,100 GENERACION ZONA ESPAÑOLA RE Mercado Solar Foto,44
GNVD215,GNVD215,GNERA,ENERGIA,Y,TECNOLOGIA,100 GENERACION ZONA ESPAÑOLA RE Mercado Solar Foto,44
GNVD216,GNVD216,GNERA,ENERGIA,Y,TECNOLOGIA,100 GENERACION ZONA ESPAÑOLA RE Mercado Solar Foto,44
GNVD217,GNVD217,GNERA,ENERGIA,Y,TECNOLOGIA,100 GENERACION ZONA ESPAÑOLA RE Mercado Solar Foto,44
GNVD218,GNVD218,GNERA,ENERGIA,Y,TECNOLOGIA,100 GENERACION ZONA ESPAÑOLA RE Mercado Solar Foto,44
GNVD219,GNVD219,GNERA,ENERGIA,Y,TECNOLOGIA,100 GENERACION ZONA ESPAÑOLA RE Mercado Solar Foto,44
GNVD220,GNVD220,GNERA,ENERGIA,Y,TECNOLOGIA,100 GENERACION ZONA ESPAÑOLA RE Mercado Solar Foto,44
GNVD222,GNVD222,GNERA,ENERGIA,Y,TECNOLOGIA,100 GENERACION ZONA ESPAÑOLA RE Mercado Solar Foto,44
GNVD223,UOF GNVD223,GNERA,ENERGIA,Y,TECNOLOGIA,100 GENERACION ZONA ESPAÑOLA RE Mercado Solar Foto,44
GNVD224,UOF GNVD224,GNERA,ENERGIA,Y,TECNOLOGIA,100 GENERACION ZONA ESPAÑOLA RE Mercado Solar Foto,44
GNVD225,UOF GNVD225,GNERA,ENERGIA,Y,TECNOLOGIA,100 GENERACION ZONA ESPAÑOLA RE Mercado Solar Foto,44
GNVD227,UOF GNVD227,GNERA,ENERGIA,Y,TECNOLOGIA,100 GENERACION ZONA ESPAÑOLA RE Mercado Solar Foto,44
GNVD228,UOF GNVD228,GNERA,ENERGIA,Y,TECNOLOGIA,100 GENERACION ZONA ESPAÑOLA RE Mercado Solar Foto,44
GNVD229,UOF GNVD229,GNERA,ENERGIA,Y,TECNOLOGIA,100 GENERACION ZONA ESPAÑOLA RE Mercado Solar Foto,44
GNVD230,UOF GNVD230,GNERA,ENERGIA,Y,TECNOLOGIA,100 GENERACION ZONA ESPAÑOLA RE Mercado Solar Foto,44
GNVD231,GNVD231,GNERA,ENERGIA,Y,TECNOLOGIA,100 GENERACION ZONA ESPAÑOLA RE Mercado Solar Foto,44
GNVD232,UOF GNVD232,GNERA,ENERGIA,Y,TECNOLOGIA,100 GENERACION ZONA ESPAÑOLA RE Mercado Solar Foto,44
GNVD233,UOF GNVD233,GNERA,ENERGIA,Y,TECNOLOGIA,100 GENERACION ZONA ESPAÑOLA RE Mercado Solar Foto,44
GNVD234,UOF GNVD234,GNERA,ENERGIA,Y,TECNOLOGIA,100 GENERACION ZONA ESPAÑOLA RE Mercado Eólica,44
GNVD236,GNVD236,GNERA,ENERGIA,Y,TECNOLOGIA,100 GENERACION ZONA ESPAÑOLA RE Mercado Solar Foto,44
GNVD237,GNVD237,GNERA,ENERGIA,Y,TECNOLOGIA,100 GENERACION ZONA ESPAÑOLA RE Mercado Solar Foto,44
GNVD238,UOF GNVD238,GNERA,ENERGIA,Y,TECNOLOGIA,100 GENERACION ZONA ESPAÑOLA RE Mercado Térmica R,44
GNVD239,UOF GNVD239,GNERA,ENERGIA,Y,TECNOLOGIA,100 GENERACION ZONA ESPAÑOLA RE Mercado Térmica n,44
GNVD240,UOF GNVD240,GNERA,ENERGIA,Y,TECNOLOGIA,100 GENERACION ZONA ESPAÑOLA RE Mercado Térmica n,44
GNVD241,UOF GNVD241,GNERA,ENERGIA,Y,TECNOLOGIA,100 GENERACION ZONA ESPAÑOLA RE Mercado Térmica n,44
GNVD242,UOF GNVD242,GNERA,ENERGIA,Y,TECNOLOGIA,100 GENERACION ZONA ESPAÑOLA RE Mercado Térmica n,44
GNVD243,UOF GNVD243,GNERA,ENERGIA,Y,TECNOLOGIA,100 GENERACION ZONA ESPAÑOLA RE Mercado Térmica n,44
GNVD244,UOF GNVD244,GNERA,ENERGIA,Y,TECNOLOGIA,100 GENERACION ZONA ESPAÑOLA RE Mercado Térmica n,44
GNVD245,UOF GNVD245,GNERA,ENERGIA,Y,TECNOLOGIA,100 GENERACION ZONA ESPAÑOLA RE Mercado Solar Foto,44
GNVD246,UOF GNVD246,GNERA,ENERGIA,Y,TECNOLOGIA,100 GENERACION ZONA ESPAÑOLA RE Mercado Solar Fo,45
GNVD247,UOF GNVD247,GNERA,ENERGIA,Y,TECNOLOGIA,100 GENERACION ZONA ESPAÑOLA RE Mercado Solar Fo,45
GNVD248,UOF GNVD248,GNERA,ENERGIA,Y,TECNOLOGIA,100 GENERACION ZONA ESPAÑOLA RE Mercado Solar Fo,45
GNVD249,UOF GNVD249,GNERA,ENERGIA,Y,TECNOLOGIA,100 GENERACION ZONA ESPAÑOLA RE Mercado Solar Fo,45
GNVD250,UOF GNVD250,GNERA,ENERGIA,Y,TECNOLOGIA,100 GENERACION ZONA ESPAÑOLA RE Mercado Solar Fo,45
GNVD251,UOF GNVD251,GNERA,ENERGIA,Y,TECNOLOGIA,100 GENERACION ZONA ESPAÑOLA RE Mercado Solar Fo,45
GNVD252,UOF GNVD252,GNERA,ENERGIA,Y,TECNOLOGIA,100 GENERACION ZONA ESPAÑOLA RE Mercado Solar Fo,45
GNVD253,UOF GNVD253,GNERA,ENERGIA,Y,TECNOLOGIA,100 GENERACION ZONA ESPAÑOLA RE Mercado Solar Fo,45
GNVD254,UOF GNVD254,GNERA,ENERGIA,Y,TECNOLOGIA,100 GENERACION ZONA ESPAÑOLA RE Mercado Solar Fo,45
GNVD255,UOF GNVD255,GNERA,ENERGIA,Y,TECNOLOGIA,100 GENERACION ZONA ESPAÑOLA RE Mercado Solar Fo,45
GNVD256,UOF GNVD256,GNERA,ENERGIA,Y,TECNOLOGIA,100 GENERACION ZONA ESPAÑOLA RE Mercado Solar Fo,45
GNVD257,UOF GNVD257,GNERA,ENERGIA,Y,TECNOLOGIA,100 GENERACION ZONA ESPAÑOLA RE Mercado Solar Fo,45
GNVD258,UOF GNVD258,GNERA,ENERGIA,Y,TECNOLOGIA,100 GENERACION ZONA ESPAÑOLA RE Mercado Solar Fo,45
GNVD259,UOF GNVD259,GNERA,ENERGIA,Y,TECNOLOGIA,100 GENERACION ZONA ESPAÑOLA RE Mercado Solar Fo,45
GNVD260,UOF GNVD260,GNERA,ENERGIA,Y,TECNOLOGIA,100 GENERACION ZONA ESPAÑOLA RE Mercado Solar Fo,45
GNVD261,UOF GNVD261,GNERA,ENERGIA,Y,TECNOLOGIA,100 GENERACION ZONA ESPAÑOLA RE Mercado Solar Fo,45
GNVD262,UOF GNVD262,GNERA,ENERGIA,Y,TECNOLOGIA,100 GENERACION ZONA ESPAÑOLA RE Mercado Solar Fo,45
GNVD263,UOF GNVD263,GNERA,ENERGIA,Y,TECNOLOGIA,100 GENERACION ZONA ESPAÑOLA RE Mercado Solar Fo,45
GNVD264,UOF GNVD264,GNERA,ENERGIA,Y,TECNOLOGIA,100 GENERACION ZONA ESPAÑOLA RE Mercado Eólica,45
GNVD265,UOF GNVD265,GNERA,ENERGIA,Y,TECNOLOGIA,100 GENERACION ZONA ESPAÑOLA RE Mercado Solar Fo,45
GNVD266,UOF GNVD266,GNERA,ENERGIA,Y,TECNOLOGIA,100 GENERACION ZONA ESPAÑOLA RE Mercado Solar Fo,45
GNVD267,UOF GNVD267,GNERA,ENERGIA,Y,TECNOLOGIA,100 GENERACION ZONA ESPAÑOLA RE Mercado Solar Fo,45
GNVD268,UOF GNVD268,GNERA,ENERGIA,Y,TECNOLOGIA,100 GENERACION ZONA ESPAÑOLA RE Mercado Solar Fo,45
GNVD269,UOF GNVD269,GNERA,ENERGIA,Y,TECNOLOGIA,100 GENERACION ZONA ESPAÑOLA RE Mercado Solar Fo,45
GNVD270,UOF GNVD270,GNERA,ENERGIA,Y,TECNOLOGIA,100 GENERACION ZONA ESPAÑOLA RE Mercado Solar Fo,45
GNVD271,UOF GNVD271,GNERA,ENERGIA,Y,TECNOLOGIA,100 GENERACION ZONA ESPAÑOLA RE Mercado Solar Fo,45
GNVD272,UOF GNVD272,GNERA,ENERGIA,Y,TECNOLOGIA,100 GENERACION ZONA ESPAÑOLA RE Mercado Solar Fo,45
GNVD273,UOF GNVD273,GNERA,ENERGIA,Y,TECNOLOGIA,100 GENERACION ZONA ESPAÑOLA RE Mercado Solar Fo,45
GNVD274,UOF GNVD274,GNERA,ENERGIA,Y,TECNOLOGIA,100 GENERACION ZONA ESPAÑOLA RE Mercado Solar Fo,45
GNVD275,UOF GNVD275,GNERA,ENERGIA,Y,TECNOLOGIA,100 GENERACION ZONA ESPAÑOLA RE Mercado Eólica,45
GNVD276,UOF GNVD276,GNERA,ENERGIA,Y,TECNOLOGIA,100 GENERACION ZONA ESPAÑOLA RE Mercado Eólica,45
GNVD277,UOF GNVD277,GNERA,ENERGIA,Y,TECNOLOGIA,100 GENERACION ZONA ESPAÑOLA RE Mercado Térmica,45
GNVD278,UOF GNVD278,GNERA,ENERGIA,Y,TECNOLOGIA,100 GENERACION ZONA ESPAÑOLA RE Mercado Térmica,45
GNVD279,UOF GNVD279,GNERA,ENERGIA,Y,TECNOLOGIA,100 GENERACION ZONA ESPAÑOLA RE Mercado Solar Fo,45
GNVD280,UOF GNVD280,GNERA,ENERGIA,Y,TECNOLOGIA,100 GENERACION ZONA ESPAÑOLA RE Mercado Solar Fo,45
GNVD281,UOF GNVD281,GNERA,ENERGIA,Y,TECNOLOGIA,100 GENERACION ZONA ESPAÑOLA RE Mercado Solar Fo,45
GNVD282,UOF GNVD282,GNERA,ENERGIA,Y,TECNOLOGIA,100 GENERACION ZONA ESPAÑOLA RE Mercado Solar Fo,45
GNVD283,UOF GNVD283,GNERA,ENERGIA,Y,TECNOLOGIA,100 GENERACION ZONA ESPAÑOLA RE Mercado Solar Fo,45
GNVD284,UOF GNVD284,GNERA,ENERGIA,Y,TECNOLOGIA,100 GENERACION ZONA ESPAÑOLA RE Mercado Solar Fo,45
GNVD285,UOF GNVD285,GNERA,ENERGIA,Y,TECNOLOGIA,100 GENERACION ZONA ESPAÑOLA RE Mercado Solar Fo,45
GNVD286,UOF GNVD286,GNERA,ENERGIA,Y,TECNOLOGIA,100 GENERACION ZONA ESPAÑOLA RE Mercado Solar Fo,45
GNVD287,UOF GNVD287,GNERA,ENERGIA,Y,TECNOLOGIA,100 GENERACION ZONA ESPAÑOLA RE Mercado Solar Fo,45
GNVD288,UOF GNVD288,GNERA,ENERGIA,Y,TECNOLOGIA,100 GENERACION ZONA ESPAÑOLA RE Mercado Solar Fo,45
GNVD289,UOF GNVD289,GNERA,ENERGIA,Y,TECNOLOGIA,100 GENERACION ZONA ESPAÑOLA RE Mercado Solar Fo,45
GNVD290,UOF GNVD290,GNERA,ENERGIA,Y,TECNOLOGIA,100 GENERACION ZONA ESPAÑOLA RE Mercado Solar Fo,45
GNVD291,UOF GNVD291,GNERA,ENERGIA,Y,TECNOLOGIA,100 GENERACION ZONA ESPAÑOLA RE Mercado Solar Fo,45
GNVD292,UOF GNVD292,GNERA,ENERGIA,Y,TECNOLOGIA,100 GENERACION ZONA ESPAÑOLA RE Mercado Solar Fo,45
GNVD293,UOF GNVD293,GNERA,ENERGIA,Y,TECNOLOGIA,100 GENERACION ZONA ESPAÑOLA RE Mercado Solar Fo,45
GNVD294,UOF GNVD294,GNERA,ENERGIA,Y,TECNOLOGIA,100 GENERACION ZONA ESPAÑOLA RE Mercado Solar Fo,45
GNVD295,UOF GNVD295,GNERA,ENERGIA,Y,TECNOLOGIA,100 GENERACION ZONA ESPAÑOLA RE Mercado Solar Fo,45
GNVD296,UOF GNVD296,GNERA,ENERGIA,Y,TECNOLOGIA,100 GENERACION ZONA ESPAÑOLA RE Mercado Solar Fo,45
GNVD297,UOF GNVD297,GNERA,ENERGIA,Y,TECNOLOGIA,100 GENERACION ZONA ESPAÑOLA RE Mercado Solar Fo,45
GNVD298,UOF GNVD298,GNERA,ENERGIA,Y,TECNOLOGIA,100 GENERACION ZONA ESPAÑOLA RE Mercado Eólica M,45
GNVD299,UOF GNVD299,GNERA,ENERGIA,Y,TECNOLOGIA,100 GENERACION ZONA ESPAÑOLA RE Mercado Solar Fo,45
GNVD300,UOF GNVD300,GNERA,ENERGIA,Y,TECNOLOGIA,100 GENERACION ZONA ESPAÑOLA RE Mercado Solar Fo,45
GNVD301,UOF GNVD301,GNERA,ENERGIA,Y,TECNOLOGIA,100 GENERACION ZONA ESPAÑOLA RE Mercado Solar Fo,45
GNVD302,GNVD302,GNERA,ENERGIA,Y,TECNOLOGIA,100 GENERACION ZONA ESPAÑOLA RE Mercado Eólica,45
GNVD303,UOF GNVD303,GNERA,ENERGIA,Y,TECNOLOGIA,100 GENERACION ZONA ESPAÑOLA RE Mercado Solar,46
GNVD304,UOF GNVD304,GNERA,ENERGIA,Y,TECNOLOGIA,100 GENERACION ZONA ESPAÑOLA RE Mercado Solar,46
GNVD305,UOF GNVD305,GNERA,ENERGIA,Y,TECNOLOGIA,100 GENERACION ZONA ESPAÑOLA RE Mercado Solar,46
GNVD306,UOF GNVD306,GNERA,ENERGIA,Y,TECNOLOGIA,100 GENERACION ZONA ESPAÑOLA RE Mercado Solar,46
GNVD307,UOF GNVD307,GNERA,ENERGIA,Y,TECNOLOGIA,100 GENERACION ZONA ESPAÑOLA RE Mercado Solar,46
GNVD308,UOF GNVD308,GNERA,ENERGIA,Y,TECNOLOGIA,100 GENERACION ZONA ESPAÑOLA RE Mercado Solar,46
GNVD310,UOF GNVD310,GNERA,ENERGIA,Y,TECNOLOGIA,100 GENERACION ZONA ESPAÑOLA RE Mercado Eólica,46
GNVD311,UOF GNVD311,GNERA,ENERGIA,Y,TECNOLOGIA,100 GENERACION ZONA ESPAÑOLA RE Mercado Solar,46
GNVD312,UOF GNVD312,GNERA,ENERGIA,Y,TECNOLOGIA,100 GENERACION ZONA ESPAÑOLA RE Mercado Solar,46
GNVD313,UOF GNVD313,GNERA,ENERGIA,Y,TECNOLOGIA,100 GENERACION ZONA ESPAÑOLA RE Mercado Solar,46
GNVD314,UOF GNVD314,GNERA,ENERGIA,Y,TECNOLOGIA,100 GENERACION ZONA ESPAÑOLA RE Mercado Solar,46
GNVD315,UOF GNVD315,GNERA,ENERGIA,Y,TECNOLOGIA,100 GENERACION ZONA ESPAÑOLA RE Mercado Solar,46
GNVD316,UOF GNVD316,GNERA,ENERGIA,Y,TECNOLOGIA,100 GENERACION ZONA ESPAÑOLA RE Mercado Solar,46
GNVD317,UOF GNVD317,GNERA,ENERGIA,Y,TECNOLOGIA,100 GENERACION ZONA ESPAÑOLA RE Mercado Solar,46
GNVD318,UOF GNVD318,GNERA,ENERGIA,Y,TECNOLOGIA,100 GENERACION ZONA ESPAÑOLA RE Mercado Solar,46
GNVD319,UOF GNVD319,GNERA,ENERGIA,Y,TECNOLOGIA,100 GENERACION ZONA ESPAÑOLA RE Mercado Solar,46
GNVD320,UOF GNVD320,GNERA,ENERGIA,Y,TECNOLOGIA,100 GENERACION ZONA ESPAÑOLA RE Mercado Solar,46
GNVD321,UOF GNVD321,GNERA,ENERGIA,Y,TECNOLOGIA,100 GENERACION ZONA ESPAÑOLA RE Mercado Solar,46
GNVD322,UOF GNVD322,GNERA,ENERGIA,Y,TECNOLOGIA,100 GENERACION ZONA ESPAÑOLA RE Mercado Solar,46
GNVD323,UOF GNVD323,GNERA,ENERGIA,Y,TECNOLOGIA,100 GENERACION ZONA ESPAÑOLA RE Mercado Solar,46
GNVD324,UOF GNVD324,GNERA,ENERGIA,Y,TECNOLOGIA,100 GENERACION ZONA ESPAÑOLA RE Mercado Solar,46
GNVD325,UOF GNVD325,GNERA,ENERGIA,Y,TECNOLOGIA,100 GENERACION ZONA ESPAÑOLA RE Mercado Solar,46
GNVD326,UOF GNVD326,GNERA,ENERGIA,Y,TECNOLOGIA,100 GENERACION ZONA ESPAÑOLA RE Mercado Solar,46
GNVD327,GNVD327,GNERA,ENERGIA,Y,TECNOLOGIA,100 GENERACION ZONA ESPAÑOLA RE Mercado Solar,46
GNVD328,UOF GNVD328,GNERA,ENERGIA,Y,TECNOLOGIA,100 GENERACION ZONA ESPAÑOLA RE Mercado Solar,46
GNVD329,UOF GNVD329,GNERA,ENERGIA,Y,TECNOLOGIA,100 GENERACION ZONA ESPAÑOLA RE Mercado Solar,46
GNVD330,UOF GNVD330,GNERA,ENERGIA,Y,TECNOLOGIA,100 GENERACION ZONA ESPAÑOLA RE Mercado Solar,46
GNVD331,GNVD331,GNERA,ENERGIA,Y,TECNOLOGIA,100 GENERACION ZONA ESPAÑOLA RE Mercado Solar,46
GNVD332,GNVD332,GNERA,ENERGIA,Y,TECNOLOGIA,100 GENERACION ZONA ESPAÑOLA Híbrida Reno v.-Alm,46
GNVD333,GNVD333,GNERA,ENERGIA,Y,TECNOLOGIA,100 GENERACION ZONA ESPAÑOLA RE Mercado Solar,46
GNVD334,GNVD334,GNERA,ENERGIA,Y,TECNOLOGIA,100 GENERACION ZONA ESPAÑOLA RE Mercado Solar,46
GNVD335,GNVD335,GNERA,ENERGIA,Y,TECNOLOGIA,100 GENERACION ZONA ESPAÑOLA RE Mercado Solar,46
GNVD336,GNVD336,GNERA,ENERGIA,Y,TECNOLOGIA,100 GENERACION ZONA ESPAÑOLA RE Mercado Solar,46
GNVD338,GNVD338,GNERA,ENERGIA,Y,TECNOLOGIA,100 GENERACION ZONA ESPAÑOLA RE Mercado Solar,46
GNVD339,GNVD339,GNERA,ENERGIA,Y,TECNOLOGIA,100 GENERACION ZONA ESPAÑOLA RE Mercado Solar,46
GNVD340,GNVD340,GNERA,ENERGIA,Y,TECNOLOGIA,100 GENERACION ZONA ESPAÑOLA RE Mercado Solar,46
GNVD341,GNVD341,GNERA,ENERGIA,Y,TECNOLOGIA,100 GENERACION ZONA ESPAÑOLA RE Mercado Solar,46
GNVD342,GNVD342,GNERA,ENERGIA,Y,TECNOLOGIA,100 GENERACION ZONA ESPAÑOLA RE Mercado Solar,46
GNVD343,GNVD343,GNERA,ENERGIA,Y,TECNOLOGIA,100 GENERACION ZONA ESPAÑOLA RE Mercado Eólica,46
GNVD344,UOF GNVD344,GNERA,ENERGIA,Y,TECNOLOGIA,100 GENERACION ZONA ESPAÑOLA RE Mercado Solar,46
GNVD345,UOF GNVD345,GNERA,ENERGIA,Y,TECNOLOGIA,100 GENERACION ZONA ESPAÑOLA RE Mercado Solar,46
GNVD346,UOF GNVD346,GNERA,ENERGIA,Y,TECNOLOGIA,100 GENERACION ZONA ESPAÑOLA RE Mercado Solar,46
GNVD348,UOF GNVD348,GNERA,ENERGIA,Y,TECNOLOGIA,100 GENERACION ZONA ESPAÑOLA RE Mercado Solar,46
GNVD349,UOF GNVD349,GNERA,ENERGIA,Y,TECNOLOGIA,100 GENERACION ZONA ESPAÑOLA RE Mercado Solar,46
GNVD350,UOF GNVD350,GNERA,ENERGIA,Y,TECNOLOGIA,100 GENERACION ZONA ESPAÑOLA RE Mercado Solar,46
GNVD351,UOF GNVD351,GNERA,ENERGIA,Y,TECNOLOGIA,100 GENERACION ZONA ESPAÑOLA RE Mercado Solar,46
GNVD352,UOF GNVD352,GNERA,ENERGIA,Y,TECNOLOGIA,100 GENERACION ZONA ESPAÑOLA RE Mercado Solar,46
GNVD353,UOF GNVD353,GNERA,ENERGIA,Y,TECNOLOGIA,100 GENERACION ZONA ESPAÑOLA RE Mercado Solar,46
GNVD354,UOF GNVD354,GNERA,ENERGIA,Y,TECNOLOGIA,100 GENERACION ZONA ESPAÑOLA RE Mercado Solar,46
GNVD355,UOF GNVD355,GNERA,ENERGIA,Y,TECNOLOGIA,100 GENERACION ZONA ESPAÑOLA RE Mercado Solar,46
GNVD356,UOF GNVD356,GNERA,ENERGIA,Y,TECNOLOGIA,100 GENERACION ZONA ESPAÑOLA RE Mercado Solar,46
GNVD357,UOF GNVD357,GNERA,ENERGIA,Y,TECNOLOGIA,100 GENERACION ZONA ESPAÑOLA RE Mercado Solar,46
GNVD358,UOF GNVD358,GNERA,ENERGIA,Y,TECNOLOGIA,100 GENERACION ZONA ESPAÑOLA RE Mercado Solar,46
GNVD359,UOF GNVD359,GNERA,ENERGIA,Y,TECNOLOGIA,100 GENERACION ZONA ESPAÑOLA RE Mercado Solar,46
GNVD360,UOF GNVD360,GNERA,ENERGIA,Y,TECNOLOGIA,100 GENERACION ZONA ESPAÑOLA RE Mercado Solar,46
GNVD361,UOF GNVD361,GNERA,ENERGIA,Y,TECNOLOGIA,100 GENERACION ZONA ESPAÑOLA RE Mercado Solar,46
GNVD362,UOF GNVD362,GNERA,ENERGIA,Y,TECNOLOGIA,100 GENERACION ZONA ESPAÑOLA RE Mercado Solar,46
GNVD363,UOF GNVD363,GNERA,ENERGIA,Y,TECNOLOGIA,100 GENERACION ZONA ESPAÑOLA RE Mercado Solar,46
GNVD364,UOF GNVD364,,GNERA ENERG,IA Y,TECNOLOGIA,100 GENERACION ZONA ESPAÑOLA RE Mercado Solar Foto,47
GNVD365,UOF GNVD365,,GNERA ENERG,IA Y,TECNOLOGIA,100 GENERACION ZONA ESPAÑOLA RE Mercado Solar Foto,47
GNVD366,UOF GNVD366,,GNERA ENERG,IA Y,TECNOLOGIA,100 GENERACION ZONA ESPAÑOLA RE Mercado Solar Foto,47
GNVD367,UOF GNVD367,,GNERA ENERG,IA Y,TECNOLOGIA,100 GENERACION ZONA ESPAÑOLA RE Mercado Solar Foto,47
GNVD368,UOF GNVD368,,GNERA ENERG,IA Y,TECNOLOGIA,100 GENERACION ZONA ESPAÑOLA RE Mercado Solar Foto,47
GNVD369,UOF GNVD369,,GNERA ENERG,IA Y,TECNOLOGIA,100 GENERACION ZONA ESPAÑOLA RE Mercado Solar Foto,47
GNVD370,UOF GNVD370,,GNERA ENERG,IA Y,TECNOLOGIA,100 GENERACION ZONA ESPAÑOLA RE Mercado Solar Foto,47
GNVD371,UOF GNVD371,,GNERA ENERG,IA Y,TECNOLOGIA,100 GENERACION ZONA ESPAÑOLA RE Mercado Solar Foto,47
GNVD372,UOF GNVD372,,GNERA ENERG,IA Y,TECNOLOGIA,100 GENERACION ZONA ESPAÑOLA RE Mercado Solar Foto,47
GNVD373,UOF GNVD373,,GNERA ENERG,IA Y,TECNOLOGIA,100 GENERACION ZONA ESPAÑOLA RE Mercado Solar Foto,47
GNVD374,UOF GNVD374,,GNERA ENERG,IA Y,TECNOLOGIA,100 GENERACION ZONA ESPAÑOLA RE Mercado Eólica,47
GNVD375,GNVD375,,GNERA ENERG,IA Y,TECNOLOGIA,100 GENERACION ZONA ESPAÑOLA RE Mercado Solar Foto,47
GNVD376,UOF GNVD376,,GNERA ENERG,IA Y,TECNOLOGIA,100 GENERACION ZONA ESPAÑOLA RE Mercado Solar Foto,47
GNVD377,UOF GNVD377,,GNERA ENERG,IA Y,TECNOLOGIA,100 GENERACION ZONA ESPAÑOLA RE Mercado Solar Foto,47
GNVD378,UOF GNVD378,,GNERA ENERG,IA Y,TECNOLOGIA,100 GENERACION ZONA ESPAÑOLA RE Mercado Solar Foto,47
GNVD379,UOF GNVD379,,GNERA ENERG,IA Y,TECNOLOGIA,100 GENERACION ZONA ESPAÑOLA RE Mercado Solar Foto,47
GNVD380,UOF GNVD380,,GNERA ENERG,IA Y,TECNOLOGIA,100 GENERACION ZONA ESPAÑOLA RE Mercado Solar Foto,47
GNVD381,UOF GNVD381,,GNERA ENERG,IA Y,TECNOLOGIA,100 GENERACION ZONA ESPAÑOLA RE Mercado Solar Foto,47
GNVD382,UOF GNVD382,,GNERA ENERG,IA Y,TECNOLOGIA,100 GENERACION ZONA ESPAÑOLA RE Mercado Solar Foto,47
GOIEVD1,VENTA PRODUCCION,BIOGAS,GOIENER S.CO,OP,,100 GENERACION ZONA ESPAÑOLA RE Mercado Térmica R,47
GOIEVD2,VENTA PRODUCCION,FOTOVOLTAICA,GOIENER S.CO,OP,,100 GENERACION ZONA ESPAÑOLA RE Mercado Solar Foto,47
GOIEVD3,VENTA PRODUCCÍON,HIDRAULICA,GOIENER S.CO,OP,,100 GENERACION ZONA ESPAÑOLA RE Mercado Hidráulica,47
GOIRE01,VENTA H.OLATE,,GOIENER S.CO,OP,,100 GENERACION ZONA ESPAÑOLA RE Mercado Hidráulica,47
GOLDV02,CARTEIRA DE VENDA,(UPAC),GOLDENERGY,COM,"ERCIALIZADORA ENERGIA, S.A.",100 GENERACION ZONA PORTUGUESA RE Tarifa CU R (uof),47
GRENV02,VENDA ENERGIA PT,,GREEN VENTU,RE T,RADING LDA,100 GENERACION ZONA PORTUGUESA RE Tarifa CU R (uof),47
GSEVD01,INSTALACIONES SOLA,R TARIFA,AVANZALIA EN,ERGÍ,"A COMERCIALIZADORA, S.A.",100 GENERACION ZONA ESPAÑOLA RE Mercado Solar Foto,47
GSLRE04,GSLRE04,,GASILUZ ECO E,NER,"CÍA, S.L.",100 GENERACION ZONA ESPAÑOLA RE Mercado Solar Foto,47
GSVD102,GUILLENA,,"GESTERNOVA,",S.A.,,100 GENERACION ZONA ESPAÑOLA RE Mercado Solar Foto,47
GSVD103,VILLANUEVA,,"GESTERNOVA,",S.A.,,100 GENERACION ZONA ESPAÑOLA RE Mercado Solar Foto,47
GSVD104,TALYELA2,,"GESTERNOVA,",S.A.,,100 GENERACION ZONA ESPAÑOLA RE Mercado Solar Foto,47
GSVD105,BARGSNO,,"GESTERNOVA,",S.A.,,100 GENERACION ZONA ESPAÑOLA RE Mercado Solar Foto,47
GSVD106,BRGSSU,,"GESTERNOVA,",S.A.,,100 GENERACION ZONA ESPAÑOLA RE Mercado Solar Foto,47
GSVD109,GAMONAL,,"GESTERNOVA,",S.A.,,100 GENERACION ZONA ESPAÑOLA RE Mercado Solar Foto,47
GSVD110,FALCONRA,,"GESTERNOVA,",S.A.,,100 GENERACION ZONA ESPAÑOLA RE Mercado Solar Foto,47
GSVD111,TARACENAN,,"GESTERNOVA,",S.A.,,100 GENERACION ZONA ESPAÑOLA RE Mercado Solar Foto,47
GSVD112,TARACENAS,,"GESTERNOVA,",S.A.,,100 GENERACION ZONA ESPAÑOLA RE Mercado Solar Foto,47
GSVD116,POLEO,,"GESTERNOVA,",S.A.,,100 GENERACION ZONA ESPAÑOLA RE Mercado Eólica,47
GSVD117,PANADERAS,,"GESTERNOVA,",S.A.,,100 GENERACION ZONA ESPAÑOLA RE Mercado Eólica,47
GSVD121,TERM_AFRIC,,"GESTERNOVA,",S.A.,,100 GENERACION ZONA ESPAÑOLA RE Mercado Solar Tér,47
GSVD122,TERM_LLANO,,"GESTERNOVA,",S.A.,,100 GENERACION ZONA ESPAÑOLA RE Mercado Solar Tér,47
GSVD123,TERM_BRGES,,"GESTERNOVA,",S.A.,,100 GENERACION ZONA ESPAÑOLA RE Mercado Solar Tér,47
GSVD127,CARAVACA_1,,"GESTERNOVA,",S.A.,,100 GENERACION ZONA ESPAÑOLA RE Mercado Solar Foto,47
GSVD128,CASILLA DE JUAN GIL,,"GESTERNOVA,",S.A.,,100 GENERACION ZONA ESPAÑOLA RE Mercado Solar Foto,47
GSVD129,SAN-FERNANDO,,"GESTERNOVA,",S.A.,,100 GENERACION ZONA ESPAÑOLA RE Mercado Hidráulica,47
GSVD132,SAX,,"GESTERNOVA,",S.A.,,100 GENERACION ZONA ESPAÑOLA RE Mercado Solar Foto,47
GSVD133,VIÑASGOMEZ,,"GESTERNOVA,",S.A.,,100 GENERACION ZONA ESPAÑOLA RE Mercado Solar Foto,47
GSVD135,TORRECILLA1,,"GESTERNOVA,",S.A.,,100 GENERACION ZONA ESPAÑOLA RE Mercado Solar Foto,47
GSVD136,TORRECILLA2,,"GESTERNOVA,",S.A.,,100 GENERACION ZONA ESPAÑOLA RE Mercado Solar Foto,47
GSVD137,CALAMOCHAI,,"GESTERNOVA,",S.A.,,100 GENERACION ZONA ESPAÑOLA RE Mercado Solar Foto,47
GSVD138,CALAMOCHAII,,"GESTERNOVA,",S.A.,,100 GENERACION ZONA ESPAÑOLA RE Mercado Solar Foto,47
GSVD139,ESCUCHAI,,"GESTERNOVA,",S.A.,,100 GENERACION ZONA ESPAÑOLA RE Mercado Solar Foto,47
GSVD140,ESCUCHAII,,"GESTERNOVA,",S.A.,,100 GENERACION ZONA ESPAÑOLA RE Mercado Solar Foto,47
GSVD141,HIJARI,,"GESTERNOVA,",S.A.,,100 GENERACION ZONA ESPAÑOLA RE Mercado Solar Foto,47
GSVD142,PEÑAFLORII,,"GESTERNOVA,",S.A.,,100 GENERACION ZONA ESPAÑOLA RE Mercado Solar Foto,47
GSVD143,TAMBORESI,,"GESTERNOVA,",S.A.,,100 GENERACION ZONA ESPAÑOLA RE Mercado Solar Foto,47
GSVD144,MOMPLANETE,,"GESTERNOVA,",S.A.,,100 GENERACION ZONA ESPAÑOLA RE Mercado Solar Foto,47
GSVD145,ELRANCHO,,"GESTERNOVA,",S.A.,,100 GENERACION ZONA ESPAÑOLA RE Mercado Solar Foto,47
GSVD146,EL BARROSO,,"GESTERNOVA,",S.A.,,100 GENERACION ZONA ESPAÑOLA RE Mercado Eólica,47
GSVD147,VALCAIRE,,"GESTERNOVA,",S.A.,100,GENERACION ZONA ESPAÑOLA RE Mercado Eólica,48
GSVD148,TERMOSOLAR1,,"GESTERNOVA,",S.A.,100,GENERACION ZONA ESPAÑOLA RE Mercado Solar Tér,48
GSVD149,TERMOSOLAR2,,"GESTERNOVA,",S.A.,100,GENERACION ZONA ESPAÑOLA RE Mercado Solar Tér,48
GSVD150,GALA,,"GESTERNOVA,",S.A.,100,GENERACION ZONA ESPAÑOLA RE Mercado Solar Foto,48
GSVD151,AUREA,,"GESTERNOVA,",S.A.,100,GENERACION ZONA ESPAÑOLA RE Mercado Solar Foto,48
GSVD152,GAETANA,,"GESTERNOVA,",S.A.,100,GENERACION ZONA ESPAÑOLA RE Mercado Solar Foto,48
GSVD153,SAPRELORCA,,"GESTERNOVA,",S.A.,100,GENERACION ZONA ESPAÑOLA RE Mercado Solar Foto,48
GSVD154,CAMPO SAN PED,RO,"GESTERNOVA,",S.A.,100,GENERACION ZONA ESPAÑOLA RE Mercado Solar Foto,48
GSVD155,TWINHOUSE PLA,NT 1,"GESTERNOVA,",S.A.,100,GENERACION ZONA ESPAÑOLA RE Mercado Solar Foto,48
GSVD156,TWINHOUSE,,"GESTERNOVA,",S.A.,100,GENERACION ZONA ESPAÑOLA RE Mercado Solar Foto,48
GSVD157,LA CISTERNIGA I,,"GESTERNOVA,",S.A.,100,GENERACION ZONA ESPAÑOLA RE Mercado Solar Foto,48
GSVD158,FV NIEVA,,"GESTERNOVA,",S.A.,100,GENERACION ZONA ESPAÑOLA RE Mercado Solar Foto,48
GSVD159,TORREIGLESIAS,,"GESTERNOVA,",S.A.,100,GENERACION ZONA ESPAÑOLA RE Mercado Solar Foto,48
GSVD160,FV IM2 SANTO D,OMINGO DE OLIVEN,"GESTERNOVA,",S.A.,100,GENERACION ZONA ESPAÑOLA RE Mercado Solar Foto,48
GSVD161,FV IM2 PUEBLA D,E SANCHO PEREZ,"GESTERNOVA,",S.A.,100,GENERACION ZONA ESPAÑOLA RE Mercado Solar Foto,48
GSVD162,IM2 ALCONERA,,"GESTERNOVA,",S.A.,100,GENERACION ZONA ESPAÑOLA RE Mercado Solar Foto,48
GSVD167,FV RETORNO SO,LAR,"GESTERNOVA,",S.A.,100,GENERACION ZONA ESPAÑOLA RE Mercado Solar Foto,48
GSVD168,FV TALAYUELA II,I,"GESTERNOVA,",S.A.,100,GENERACION ZONA ESPAÑOLA RE Mercado Solar Foto,48
GSVD169,VIVALES 6,,"GESTERNOVA,",S.A.,100,GENERACION ZONA ESPAÑOLA RE Mercado Solar Foto,48
GSVD170,ENERLASTRAS,,"GESTERNOVA,",S.A.,100,GENERACION ZONA ESPAÑOLA RE Mercado Solar Foto,48
GSVD171,POWER CHOICE,TORRALBA,"GESTERNOVA,",S.A.,100,GENERACION ZONA ESPAÑOLA RE Mercado Solar Foto,48
GSVD174,PARQUE EOLICO,LAS TADEAS,"GESTERNOVA,",S.A.,100,GENERACION ZONA ESPAÑOLA RE Mercado Eólica,48
GSVD175,LA HERRADA,,"GESTERNOVA,",S.A.,100,GENERACION ZONA ESPAÑOLA RE Mercado Eólica,48
GSVD176,FV OLMEDILLA H,IVE,"GESTERNOVA,",S.A.,100,GENERACION ZONA ESPAÑOLA RE Mercado Solar Foto,48
GSVD177,FV SABINAR HIV,E,"GESTERNOVA,",S.A.,100,GENERACION ZONA ESPAÑOLA RE Mercado Solar Foto,48
GSVD178,OMEDILLA 2,,"GESTERNOVA,",S.A.,100,GENERACION ZONA ESPAÑOLA RE Mercado Solar Foto,48
GSVD179,PFV PRADILLO,,"GESTERNOVA,",S.A.,100,GENERACION ZONA ESPAÑOLA RE Mercado Solar Foto,48
GSVD180,PFV PRADILLO 2,,"GESTERNOVA,",S.A.,100,GENERACION ZONA ESPAÑOLA RE Mercado Solar Foto,48
GSVD181,PFV PRADILLO 4,,"GESTERNOVA,",S.A.,100,GENERACION ZONA ESPAÑOLA RE Mercado Solar Foto,48
GSVD183,PSF IM2 GIBRALE,ON,"GESTERNOVA,",S.A.,100,GENERACION ZONA ESPAÑOLA RE Mercado Solar Foto,48
GSVD184,FV IM2 PUEBLA D,E LA REINA,"GESTERNOVA,",S.A.,100,GENERACION ZONA ESPAÑOLA RE Mercado Solar Foto,48
GSVD185,FV IM2 ZENETE,,"GESTERNOVA,",S.A.,100,GENERACION ZONA ESPAÑOLA RE Mercado Solar Foto,48
GSVD186,CF EL BARCIAL,,"GESTERNOVA,",S.A.,100,GENERACION ZONA ESPAÑOLA RE Mercado Solar Foto,48
GSVD187,FV VERSIÓN,,"GESTERNOVA,",S.A.,100,GENERACION ZONA ESPAÑOLA RE Mercado Solar Foto,48
GSVD188,SOLUZ GUZMAN,,"GESTERNOVA,",S.A.,100,GENERACION ZONA ESPAÑOLA RE Mercado Solar Tér,48
GSVD189,GSVD189,,"GESTERNOVA,",S.A.,100,GENERACION ZONA ESPAÑOLA RE Mercado Solar Foto,48
GSVD193,GSVD193,,"GESTERNOVA,",S.A.,100,GENERACION ZONA ESPAÑOLA RE Mercado Solar Foto,48
GSVD194,GSVD194,,"GESTERNOVA,",S.A.,100,GENERACION ZONA ESPAÑOLA RE Mercado Solar Foto,48
GSVD196,GSVD196,,"GESTERNOVA,",S.A.,100,GENERACION ZONA ESPAÑOLA RE Mercado Solar Foto,48
GSVD197,GSVD197,,"GESTERNOVA,",S.A.,100,GENERACION ZONA ESPAÑOLA RE Mercado Solar Foto,48
GSVD199,GSVD199,,"GESTERNOVA,",S.A.,100,GENERACION ZONA ESPAÑOLA RE Mercado Solar Foto,48
GSVD200,GSVD200,,"GESTERNOVA,",S.A.,100,GENERACION ZONA ESPAÑOLA RE Mercado Hidráulica,48
GSVD201,GSVD201,,"GESTERNOVA,",S.A.,100,GENERACION ZONA ESPAÑOLA RE Mercado Hidráulica,48
GSVD203,GSVD203,,"GESTERNOVA,",S.A.,100,GENERACION ZONA ESPAÑOLA RE Mercado Hidráulica,48
GSVD204,GSVD204,,"GESTERNOVA,",S.A.,100,GENERACION ZONA ESPAÑOLA RE Mercado Solar Foto,48
GSVD205,GSVD205,,"GESTERNOVA,",S.A.,100,GENERACION ZONA ESPAÑOLA RE Mercado Solar Foto,48
GSVD206,GSVD206,,"GESTERNOVA,",S.A.,100,GENERACION ZONA ESPAÑOLA RE Mercado Solar Foto,48
GSVD208,GSVD208,,"GESTERNOVA,",S.A.,100,GENERACION ZONA ESPAÑOLA RE Mercado Hidráulica,48
GSVD209,GSVD209,,"GESTERNOVA,",S.A.,100,GENERACION ZONA ESPAÑOLA RE Mercado Hidráulica,48
GSVD210,GSVD210,,"GESTERNOVA,",S.A.,100,GENERACION ZONA ESPAÑOLA RE Mercado Solar Foto,48
GSVD211,GSVD211,,"GESTERNOVA,",S.A.,100,GENERACION ZONA ESPAÑOLA RE Mercado Solar Foto,48
GSVD212,GSVD212,,"GESTERNOVA,",S.A.,100,GENERACION ZONA ESPAÑOLA RE Mercado Solar Foto,48
GSVD213,GSVD213,,"GESTERNOVA,",S.A.,100,GENERACION ZONA ESPAÑOLA RE Mercado Solar Foto,48
GSVD214,GSVD214,,"GESTERNOVA,",S.A.,100,GENERACION ZONA ESPAÑOLA RE Mercado Solar Foto,48
GSVD215,GSVD215,,"GESTERNOVA,",S.A.,100,GENERACION ZONA ESPAÑOLA RE Mercado Solar Foto,48
GSVD216,GSVD216,,"GESTERNOVA,",S.A.,100,GENERACION ZONA ESPAÑOLA RE Mercado Solar Foto,48
GSVD217,GSVD217,,"GESTERNOVA,",S.A.,100,GENERACION ZONA ESPAÑOLA RE Mercado Solar Foto,48
GSVD218,GSVD218,,"GESTERNOVA,",S.A.,100,GENERACION ZONA ESPAÑOLA RE Mercado Solar Foto,48
GSVD219,GSVD219,"GESTERNOVA,",S.A.,100,GENERACION,ZONA ESPAÑOLA RE Mercado Solar Foto,49
GSVD220,GSVD220,"GESTERNOVA,",S.A.,100,GENERACION,ZONA ESPAÑOLA RE Mercado Solar Foto,49
GSVD221,GSVD221,"GESTERNOVA,",S.A.,100,GENERACION,ZONA ESPAÑOLA RE Mercado Solar Foto,49
GSVD222,GSVD222,"GESTERNOVA,",S.A.,100,GENERACION,ZONA ESPAÑOLA RE Mercado Solar Foto,49
GSVD224,GSVD224,"GESTERNOVA,",S.A.,100,GENERACION,ZONA ESPAÑOLA RE Mercado Solar Foto,49
GSVD225,GSVD225,"GESTERNOVA,",S.A.,100,GENERACION,ZONA ESPAÑOLA RE Mercado Solar Foto,49
GSVD226,GSVD226,"GESTERNOVA,",S.A.,100,GENERACION,ZONA ESPAÑOLA RE Mercado Solar Foto,49
GSVD227,GSVD227,"GESTERNOVA,",S.A.,100,GENERACION,ZONA ESPAÑOLA RE Mercado Solar Foto,49
GSVD228,GSVD228,"GESTERNOVA,",S.A.,100,GENERACION,ZONA ESPAÑOLA RE Mercado Eólica,49
GSVD229,GSVD229,"GESTERNOVA,",S.A.,100,GENERACION,ZONA ESPAÑOLA RE Mercado Solar Tér,49
GSVD230,GSVD230,"GESTERNOVA,",S.A.,100,GENERACION,ZONA ESPAÑOLA RE Mercado Hidráulica,49
GSVD231,GSVD231,"GESTERNOVA,",S.A.,100,GENERACION,ZONA ESPAÑOLA RE Mercado Solar Foto,49
GSVD232,GSVD232,"GESTERNOVA,",S.A.,100,GENERACION,ZONA ESPAÑOLA RE Mercado Solar Foto,49
GSVD233,GSVD233,"GESTERNOVA,",S.A.,100,GENERACION,ZONA ESPAÑOLA RE Mercado Solar Foto,49
GSVD234,GSVD234,"GESTERNOVA,",S.A.,100,GENERACION,ZONA ESPAÑOLA RE Mercado Solar Foto,49
GSVD235,GSVD235,"GESTERNOVA,",S.A.,100,GENERACION,ZONA ESPAÑOLA RE Mercado Solar Foto,49
GSVD236,GSVD236,"GESTERNOVA,",S.A.,100,GENERACION,ZONA ESPAÑOLA RE Mercado Solar Foto,49
GSVD237,GSVD237,"GESTERNOVA,",S.A.,100,GENERACION,ZONA ESPAÑOLA RE Mercado Eólica,49
GSVD238,GSVD238,"GESTERNOVA,",S.A.,100,GENERACION,ZONA ESPAÑOLA RE Mercado Eólica,49
GSVD239,GSVD239,"GESTERNOVA,",S.A.,100,GENERACION,ZONA ESPAÑOLA RE Mercado Eólica,49
GSVD240,GSVD240,"GESTERNOVA,",S.A.,100,GENERACION,ZONA ESPAÑOLA RE Mercado Eólica,49
GSVD241,GSVD241,"GESTERNOVA,",S.A.,100,GENERACION,ZONA ESPAÑOLA RE Mercado Solar Foto,49
GSVD242,GSVD242,"GESTERNOVA,",S.A.,100,GENERACION,ZONA ESPAÑOLA RE Mercado Solar Foto,49
GSVD243,GSVD243,"GESTERNOVA,",S.A.,100,GENERACION,ZONA ESPAÑOLA RE Mercado Solar Foto,49
GSVD244,GSVD244,"GESTERNOVA,",S.A.,100,GENERACION,ZONA ESPAÑOLA RE Mercado Eólica,49
GSVD245,GSVD245,"GESTERNOVA,",S.A.,100,GENERACION,ZONA ESPAÑOLA RE Mercado Solar Foto,49
GSVD246,GSVD246,"GESTERNOVA,",S.A.,100,GENERACION,ZONA ESPAÑOLA RE Mercado Solar Foto,49
GSVD247,GSVD247,"GESTERNOVA,",S.A.,100,GENERACION,ZONA ESPAÑOLA RE Mercado Eólica,49
GSVD248,GSVD248,"GESTERNOVA,",S.A.,100,GENERACION,ZONA ESPAÑOLA RE Mercado Solar Foto,49
GSVD249,GSVD249,"GESTERNOVA,",S.A.,100,GENERACION,ZONA ESPAÑOLA RE Mercado Solar Foto,49
GSVD250,GSVD250,"GESTERNOVA,",S.A.,100,GENERACION,ZONA ESPAÑOLA RE Mercado Solar Foto,49
GSVD251,GSVD251,"GESTERNOVA,",S.A.,100,GENERACION,ZONA ESPAÑOLA RE Mercado Solar Foto,49
GSVD252,GSVD252,"GESTERNOVA,",S.A.,100,GENERACION,ZONA ESPAÑOLA RE Mercado Solar Foto,49
GSVD253,GSVD253,"GESTERNOVA,",S.A.,100,GENERACION,ZONA ESPAÑOLA RE Mercado Solar Foto,49
GSVD254,GSVD254,"GESTERNOVA,",S.A.,100,GENERACION,ZONA ESPAÑOLA RE Mercado Solar Foto,49
GSVD255,GSVD255,"GESTERNOVA,",S.A.,100,GENERACION,ZONA ESPAÑOLA RE Mercado Solar Foto,49
GSVD256,GSVD256,"GESTERNOVA,",S.A.,100,GENERACION,ZONA ESPAÑOLA RE Mercado Solar Foto,49
GSVD257,GSVD257,"GESTERNOVA,",S.A.,100,GENERACION,ZONA ESPAÑOLA RE Mercado Eólica,49
GSVD258,GSVD258,"GESTERNOVA,",S.A.,100,GENERACION,ZONA ESPAÑOLA RE Mercado Eólica,49
GSVD259,GSVD259,"GESTERNOVA,",S.A.,100,GENERACION,ZONA ESPAÑOLA RE Mercado Eólica,49
GSVD260,GSVD260,"GESTERNOVA,",S.A.,100,GENERACION,ZONA ESPAÑOLA RE Mercado Eólica,49
GSVD261,GSVD261,"GESTERNOVA,",S.A.,100,GENERACION,ZONA ESPAÑOLA RE Mercado Solar Foto,49
GSVD262,GSVD262,"GESTERNOVA,",S.A.,100,GENERACION,ZONA ESPAÑOLA RE Mercado Solar Foto,49
GSVD263,GSVD263,"GESTERNOVA,",S.A.,100,GENERACION,ZONA ESPAÑOLA RE Mercado Solar Foto,49
GSVD264,GSVD264,"GESTERNOVA,",S.A.,100,GENERACION,ZONA ESPAÑOLA RE Mercado Solar Foto,49
GSVD265,GSVD265,"GESTERNOVA,",S.A.,100,GENERACION,ZONA ESPAÑOLA RE Mercado Solar Foto,49
GSVD266,GSVD266,"GESTERNOVA,",S.A.,100,GENERACION,ZONA ESPAÑOLA RE Mercado Solar Foto,49
GSVD267,GSVD267,"GESTERNOVA,",S.A.,100,GENERACION,ZONA ESPAÑOLA RE Mercado Solar Foto,49
GSVD268,GSVD268,"GESTERNOVA,",S.A.,100,GENERACION,ZONA ESPAÑOLA RE Mercado Solar Foto,49
GSVD269,GSVD269,"GESTERNOVA,",S.A.,100,GENERACION,ZONA ESPAÑOLA RE Mercado Solar Foto,49
GSVD270,GSVD270,"GESTERNOVA,",S.A.,100,GENERACION,ZONA ESPAÑOLA RE Mercado Solar Foto,49
GSVD271,GSVD271,"GESTERNOVA,",S.A.,100,GENERACION,ZONA ESPAÑOLA RE Mercado Solar Foto,49
GSVD272,GSVD272,"GESTERNOVA,",S.A.,100,GENERACION,ZONA ESPAÑOLA RE Mercado Solar Foto,49
GSVD273,GSVD273,"GESTERNOVA,",S.A.,100,GENERACION,ZONA ESPAÑOLA RE Mercado Solar Foto,49
GSVD274,GSVD274,"GESTERNOVA,",S.A.,100,GENERACION,ZONA ESPAÑOLA RE Mercado Solar Foto,49
GSVD275,GSVD275,"GESTERNOVA,",S.A.,100,GENERACION,ZONA ESPAÑOLA RE Mercado Solar Foto,49
GSVD276,GSVD276,"GESTERNOVA,",S.A.,100,GENERACION,ZONA ESPAÑOLA RE Mercado Solar Foto,49
GSVD277,GSVD277,"GESTERNOVA,",S.A.,100,GENERACION,ZONA ESPAÑOLA RE Mercado Solar Foto,49
GSVD278,GSVD278,"GESTERNOVA, S.A.",100,GENERACION,ZONA,ESPAÑOLA RE Mercado Solar Fo,50
GSVD279,GSVD279,"GESTERNOVA, S.A.",100,GENERACION,ZONA,ESPAÑOLA RE Mercado Solar Fo,50
GSVD280,GSVD280,"GESTERNOVA, S.A.",100,GENERACION,ZONA,ESPAÑOLA RE Mercado Solar Fo,50
GSVD281,GSVD281,"GESTERNOVA, S.A.",100,GENERACION,ZONA,ESPAÑOLA RE Mercado Solar Fo,50
GSVD282,GSVD282,"GESTERNOVA, S.A.",100,GENERACION,ZONA,ESPAÑOLA RE Mercado Solar Fo,50
GSVD283,GSVD283,"GESTERNOVA, S.A.",100,GENERACION,ZONA,ESPAÑOLA RE Mercado Solar Fo,50
GSVD284,GSVD284,"GESTERNOVA, S.A.",100,GENERACION,ZONA,ESPAÑOLA RE Mercado Solar Fo,50
GSVD285,GSVD285,"GESTERNOVA, S.A.",100,GENERACION,ZONA,ESPAÑOLA RE Mercado Solar Fo,50
GSVD286,GSVD286,"GESTERNOVA, S.A.",100,GENERACION,ZONA,ESPAÑOLA RE Mercado Solar Fo,50
GSVD287,GSVD287,"GESTERNOVA, S.A.",100,GENERACION,ZONA,ESPAÑOLA RE Mercado Solar Fo,50
GSVD288,GSVD288,"GESTERNOVA, S.A.",100,GENERACION,ZONA,ESPAÑOLA RE Mercado Solar Fo,50
GSVD289,GSVD289,"GESTERNOVA, S.A.",100,GENERACION,ZONA,ESPAÑOLA RE Mercado Solar Fo,50
GSVD290,GSVD290,"GESTERNOVA, S.A.",100,GENERACION,ZONA,ESPAÑOLA RE Mercado Solar Fo,50
GSVD291,GSVD291,"GESTERNOVA, S.A.",100,GENERACION,ZONA,ESPAÑOLA RE Mercado Solar Fo,50
GSVD292,GSVD292,"GESTERNOVA, S.A.",100,GENERACION,ZONA,ESPAÑOLA RE Mercado Solar Fo,50
GSVD293,GSVD293,"GESTERNOVA, S.A.",100,GENERACION,ZONA,ESPAÑOLA RE Mercado Solar Fo,50
GSVD294,GSVD294,"GESTERNOVA, S.A.",100,GENERACION,ZONA,ESPAÑOLA RE Mercado Solar Fo,50
GSVD295,GSVD295,"GESTERNOVA, S.A.",100,GENERACION,ZONA,ESPAÑOLA RE Mercado Solar Fo,50
GSVD296,GSVD296,"GESTERNOVA, S.A.",100,GENERACION,ZONA,ESPAÑOLA RE Mercado Solar Fo,50
GSVD297,GSVD297,"GESTERNOVA, S.A.",100,GENERACION,ZONA,ESPAÑOLA RE Mercado Solar Fo,50
GSVD298,GSVD298,"GESTERNOVA, S.A.",100,GENERACION,ZONA,ESPAÑOLA RE Mercado Solar Fo,50
GSVD299,GSVD299,"GESTERNOVA, S.A.",100,GENERACION,ZONA,ESPAÑOLA RE Mercado Solar Fo,50
GSVD300,GSVD300,"GESTERNOVA, S.A.",100,GENERACION,ZONA,ESPAÑOLA RE Mercado Eólica,50
GSVD301,GSVD301,"GESTERNOVA, S.A.",100,GENERACION,ZONA,ESPAÑOLA RE Mercado Eólica,50
GSVD304,GSVD304,"GESTERNOVA, S.A.",100,GENERACION,ZONA,ESPAÑOLA RE Mercado Solar Fo,50
GSVD305,GSVD305,"GESTERNOVA, S.A.",100,GENERACION,ZONA,ESPAÑOLA RE Mercado Solar Fo,50
GSVD306,GSVD306,"GESTERNOVA, S.A.",100,GENERACION,ZONA,ESPAÑOLA RE Mercado Solar Fo,50
GSVD307,GSVD307,"GESTERNOVA, S.A.",100,GENERACION,ZONA,ESPAÑOLA RE Mercado Solar Fo,50
GSVD309,GSVD309,"GESTERNOVA, S.A.",100,GENERACION,ZONA,ESPAÑOLA RE Mercado Solar Fo,50
GSVD310,GSVD310,"GESTERNOVA, S.A.",100,GENERACION,ZONA,ESPAÑOLA RE Mercado Solar Fo,50
GSVD311,GSVD311,"GESTERNOVA, S.A.",100,GENERACION,ZONA,ESPAÑOLA RE Mercado Solar Fo,50
GSVD312,GSVD312,"GESTERNOVA, S.A.",100,GENERACION,ZONA,ESPAÑOLA RE Mercado Solar Fo,50
GSVD313,GSVD313,"GESTERNOVA, S.A.",100,GENERACION,ZONA,ESPAÑOLA RE Mercado Solar Fo,50
GSVD314,GSVD314,"GESTERNOVA, S.A.",100,GENERACION,ZONA,ESPAÑOLA RE Mercado Solar Fo,50
GSVD315,GSVD315,"GESTERNOVA, S.A.",100,GENERACION,ZONA,ESPAÑOLA RE Mercado Solar Fo,50
GSVD316,GSVD316,"GESTERNOVA, S.A.",100,GENERACION,ZONA,ESPAÑOLA RE Mercado Solar Fo,50
GSVD317,GSVD317,"GESTERNOVA, S.A.",100,GENERACION,ZONA,ESPAÑOLA RE Mercado Solar Fo,50
GSVD318,GSVD318,"GESTERNOVA, S.A.",100,GENERACION,ZONA,ESPAÑOLA RE Mercado Solar Fo,50
GSVD319,GSVD319,"GESTERNOVA, S.A.",100,GENERACION,ZONA,ESPAÑOLA RE Mercado Solar Fo,50
GSVD320,GSVD320,"GESTERNOVA, S.A.",100,GENERACION,ZONA,ESPAÑOLA RE Mercado Solar Fo,50
GSVD321,GSVD321,"GESTERNOVA, S.A.",100,GENERACION,ZONA,ESPAÑOLA RE Mercado Solar Té,50
GSVD322,GSVD322,"GESTERNOVA, S.A.",100,GENERACION,ZONA,ESPAÑOLA RE Mercado Solar Té,50
GSVD323,GSVD323,"GESTERNOVA, S.A.",100,GENERACION,ZONA,ESPAÑOLA RE Mercado Solar Té,50
GSVD324,GSVD324,"GESTERNOVA, S.A.",100,GENERACION,ZONA,ESPAÑOLA RE Mercado Eólica,50
GSVD325,GSVD325,"GESTERNOVA, S.A.",100,GENERACION,ZONA,ESPAÑOLA RE Mercado Solar Fo,50
GSVD326,GSVD326,"GESTERNOVA, S.A.",100,GENERACION,ZONA,ESPAÑOLA RE Mercado Solar Fo,50
GSVD327,GSVD327,"GESTERNOVA, S.A.",100,GENERACION,ZONA,ESPAÑOLA RE Mercado Eólica,50
GSVD329,GSVD329,"GESTERNOVA, S.A.",100,GENERACION,ZONA,ESPAÑOLA RE Mercado Solar Fo,50
GSVD330,GSVD330,"GESTERNOVA, S.A.",100,GENERACION,ZONA,ESPAÑOLA RE Mercado Solar Fo,50
GSVD331,GSVD331,"GESTERNOVA, S.A.",100,GENERACION,ZONA,ESPAÑOLA RE Mercado Solar Fo,50
GSVD333,GSVD333,"GESTERNOVA, S.A.",100,GENERACION,ZONA,ESPAÑOLA RE Mercado Solar Fo,50
GSVD334,GSVD334,"GESTERNOVA, S.A.",100,GENERACION,ZONA,ESPAÑOLA RE Mercado Solar Fo,50
GSVD335,GSVD335,"GESTERNOVA, S.A.",100,GENERACION,ZONA,ESPAÑOLA RE Mercado Solar Fo,50
GUADIA,BACIA HID. DO GUADIANA,EDP GEM PORTUGAL S.A.,100,GENERACION,ZONA,PORTUGUESA RE Tarifa CU R (uof),50
GUIG,C.H. GUILLENA GENERACION,"ENDESA GENERACIÓN, S.A.",100,GENERACION,ZONA,ESPAÑOLA Hidráulica de Bombe,50
GUIRE01,GUISSONA VENTA,CORPORACIÓN ALIMENTARIA GUISSONA,100,GENERACION,ZONA,ESPAÑOLA RE Mercado Térmica,50
HCGVD09,U. O. TUDELA COGENERACION,"EDP ESPAÑA, S.A.U. (GENERACIÓN)",100,GENERACION,ZONA,ESPAÑOLA RE Mercado Térmica,50
HCGVD1,OFERTA VENTA R,ENOVABLES,"EDP ESPAÑA,",S.,A.U.,(GEN ERACIÓN) 100 GENERACION ZONA ESPAÑOLA RE Mercado Solar Foto,51
HCGVD11,U.O. P.E. NO HABI,LITADOS,"EDP ESPAÑA,",S.,A.U.,(GEN ERACIÓN) 100 GENERACION ZONA ESPAÑOLA RE Mercado Eólica,51
HCGVD12,U.O. PARQUES HA,BILITADOS S.A.,"EDP ESPAÑA,",S.,A.U.,(GEN ERACIÓN) 100 GENERACION ZONA ESPAÑOLA RE Mercado Eólica,51
HCGVD13,U.O. PARQUES EO,LICA LA BRUJULA,"EDP ESPAÑA,",S.,A.U.,(GEN ERACIÓN) 100 GENERACION ZONA ESPAÑOLA RE Mercado Eólica,51
HCGVD14,U.O. PARQUES ZO,NA REGULACION,"EDP ESPAÑA,",S.,A.U.,(GEN ERACIÓN) 100 GENERACION ZONA ESPAÑOLA RE Mercado Eólica,51
HCGVD15,UO CH CRISA,,"EDP ESPAÑA,",S.,A.U.,(GEN ERACIÓN) 100 GENERACION ZONA ESPAÑOLA RE Mercado Hidráulica,51
HCGVD16,CH GUADALIMAR,(GIRIBAILLE),"EDP ESPAÑA,",S.,A.U.,(GEN ERACIÓN) 100 GENERACION ZONA ESPAÑOLA RE Mercado Hidráulica,51
HCGVD17,P. FOTOVOLTAICA,ACAMPO ARPAL,"EDP ESPAÑA,",S.,A.U.,(GEN ERACIÓN) 100 GENERACION ZONA ESPAÑOLA RE Mercado Solar Foto,51
HCGVD18,U.O. HIBRIDAS,,"EDP ESPAÑA,",S.,A.U.,(GEN ERACIÓN) 100 GENERACION ZONA ESPAÑOLA Híbrida Reno vable,51
HCGVD19,U.O. HIBRIDAS SIN,HABILITAR,"EDP ESPAÑA,",S.,A.U.,(GEN ERACIÓN) 100 GENERACION ZONA ESPAÑOLA RE Mercado Eólica,51
HCGVD2,OFERTA VENTA R,ENOVABLES TERMIC,"EDP ESPAÑA,",S.,A.U.,(GEN ERACIÓN) 100 GENERACION ZONA ESPAÑOLA RE Mercado Térmica n,51
HCGVD21,UE PE NO HABILIT,ADOS 2,"EDP ESPAÑA,",S.,A.U.,(GEN ERACIÓN) 100 GENERACION ZONA ESPAÑOLA RE Mercado Eólica,51
HCGVD22,UO PE HABILITAD,OS 2,"EDP ESPAÑA,",S.,A.U.,(GEN ERACIÓN) 100 GENERACION ZONA ESPAÑOLA RE Mercado Eólica,51
HCGVD23,UO PE HABILITAD,OS 3,"EDP ESPAÑA,",S.,A.U.,(GEN ERACIÓN) 100 GENERACION ZONA ESPAÑOLA RE Mercado Eólica,51
HCGVD24,FOTOVOLTAICAS,HABILITADAS,"EDP ESPAÑA,",S.,A.U.,(GEN ERACIÓN) 100 GENERACION ZONA ESPAÑOLA RE Mercado Solar Foto,51
HCGVD25,UO HIBRIDAS CON,ALMACENAMIENTO,"EDP ESPAÑA,",S.,A.U.,(GEN ERACIÓN) 100 GENERACION ZONA ESPAÑOLA RE Mercado Eólica,51
HCHI,UGH. HIDROCANT,ÁBRICO,"EDP ESPAÑA,",S.,A.U.,(GEN ERACIÓN) 100 GENERACION ZONA ESPAÑOLA Hidráulica Ge neración,51
HELIVD1,REPRES. TARIFA,HELIOS I,PLANTA SOLA,R,HELI,"OS I, S.L. 100 GENERACION ZONA ESPAÑOLA RE Mercado Solar Foto",51
HISVD09,FMARQUES,,ALPIQ ENERGÍ,A,ESP,"AÑA, S.A.U. 100 GENERACION ZONA ESPAÑOLA RE Mercado Solar Foto",51
HISVD11,INSTALACION SO,LAR GUILLENA,ALPIQ ENERGÍ,A,ESP,"AÑA, S.A.U. 100 GENERACION ZONA ESPAÑOLA RE Mercado Solar Foto",51
HISVD12,FSALOB,,ALPIQ ENERGÍ,A,ESP,"AÑA, S.A.U. 100 GENERACION ZONA ESPAÑOLA RE Mercado Solar Foto",51
HISVD14,RWE MUEL,,ALPIQ ENERGÍ,A,ESP,"AÑA, S.A.U. 100 GENERACION ZONA ESPAÑOLA RE Mercado Eólica",51
HISVD15,PE RWE,,ALPIQ ENERGÍ,A,ESP,"AÑA, S.A.U. 100 GENERACION ZONA ESPAÑOLA RE Mercado Eólica",51
HISVD16,PE LUNAJUNO,,ALPIQ ENERGÍ,A,ESP,"AÑA, S.A.U. 100 GENERACION ZONA ESPAÑOLA RE Mercado Eólica",51
HISVD17,PE URANO,,ALPIQ ENERGÍ,A,ESP,"AÑA, S.A.U. 100 GENERACION ZONA ESPAÑOLA RE Mercado Eólica",51
HISVD18,PE ALDEHUELAS,,ALPIQ ENERGÍ,A,ESP,"AÑA, S.A.U. 100 GENERACION ZONA ESPAÑOLA RE Mercado Eólica",51
HISVD21,FV CAP,,ALPIQ ENERGÍ,A,ESP,"AÑA, S.A.U. 100 GENERACION ZONA ESPAÑOLA RE Mercado Solar Foto",51
HISVD22,FLACAB,,ALPIQ ENERGÍ,A,ESP,"AÑA, S.A.U. 100 GENERACION ZONA ESPAÑOLA RE Mercado Solar Foto",51
HISVD23,SIGMA,,ALPIQ ENERGÍ,A,ESP,"AÑA, S.A.U. 100 GENERACION ZONA ESPAÑOLA RE Mercado Solar Foto",51
HISVD24,ALIZARSUN,,ALPIQ ENERGÍ,A,ESP,"AÑA, S.A.U. 100 GENERACION ZONA ESPAÑOLA RE Mercado Solar Foto",51
HISVD25,CASTOR,,ALPIQ ENERGÍ,A,ESP,"AÑA, S.A.U. 100 GENERACION ZONA ESPAÑOLA RE Mercado Solar Foto",51
HISVD27,CORTIJO GUER,,ALPIQ ENERGÍ,A,ESP,"AÑA, S.A.U. 100 GENERACION ZONA ESPAÑOLA RE Mercado Eólica",51
HISVD28,SIERRA ARCAS,,ALPIQ ENERGÍ,A,ESP,"AÑA, S.A.U. 100 GENERACION ZONA ESPAÑOLA RE Mercado Eólica",51
HISVD43,COSENTSOL,,ALPIQ ENERGÍ,A,ESP,"AÑA, S.A.U. 100 GENERACION ZONA ESPAÑOLA RE Mercado Solar Foto",51
HISVD44,REA,,ALPIQ ENERGÍ,A,ESP,"AÑA, S.A.U. 100 GENERACION ZONA ESPAÑOLA RE Mercado Eólica",51
HISVD45,CASA VALDES,,ALPIQ ENERGÍ,A,ESP,"AÑA, S.A.U. 100 GENERACION ZONA ESPAÑOLA RE Mercado Solar Foto",51
HISVD48,PUERTA DEL SOL,,ALPIQ ENERGÍ,A,ESP,"AÑA, S.A.U. 100 GENERACION ZONA ESPAÑOLA RE Mercado Solar Foto",51
HISVD51,ORKOIEN,,ALPIQ ENERGÍ,A,ESP,"AÑA, S.A.U. 100 GENERACION ZONA ESPAÑOLA RE Mercado Eólica",51
HISVD52,HISVD52,,ALPIQ ENERGÍ,A,ESP,"AÑA, S.A.U. 100 GENERACION ZONA ESPAÑOLA RE Mercado Solar Foto",51
HISVD59,HISVD59,,ALPIQ ENERGÍ,A,ESP,"AÑA, S.A.U. 100 GENERACION ZONA ESPAÑOLA RE Mercado Eólica",51
HISVD60,HISVD60,,ALPIQ ENERGÍ,A,ESP,"AÑA, S.A.U. 100 GENERACION ZONA ESPAÑOLA RE Mercado Solar Foto",51
HISVD61,HISVD61,,ALPIQ ENERGÍ,A,ESP,"AÑA, S.A.U. 100 GENERACION ZONA ESPAÑOLA RE Mercado Solar Foto",51
HISVD76,UTRILLA HIVE,,ALPIQ ENERGÍ,A,ESP,"AÑA, S.A.U. 100 GENERACION ZONA ESPAÑOLA RE Mercado Solar Foto",51
HISVD77,ENTRECAMINOS,,ALPIQ ENERGÍ,A,ESP,"AÑA, S.A.U. 100 GENERACION ZONA ESPAÑOLA RE Mercado Solar Foto",51
HISVD78,HAZA DE LAS TOB,AS,ALPIQ ENERGÍ,A,ESP,"AÑA, S.A.U. 100 GENERACION ZONA ESPAÑOLA RE Mercado Solar Foto",51
HISVD79,HISVD79,,ALPIQ ENERGÍ,A,ESP,"AÑA, S.A.U. 100 GENERACION ZONA ESPAÑOLA RE Mercado Solar Foto",51
HISVD80,HISVD80,,ALPIQ ENERGÍ,A,ESP,"AÑA, S.A.U. 100 GENERACION ZONA ESPAÑOLA RE Mercado Solar Foto",51
HISVD81,MORATALLA,,ALPIQ ENERGÍ,A,ESP,"AÑA, S.A.U. 100 GENERACION ZONA ESPAÑOLA RE Mercado Solar Foto",51
HISVD83,FVALP18,,ALPIQ ENERGÍ,A,ESP,"AÑA, S.A.U. 100 GENERACION ZONA ESPAÑOLA RE Mercado Solar Foto",51
HISVD84,FVALP19,,ALPIQ ENERGÍ,A,ESP,"AÑA, S.A.U. 100 GENERACION ZONA ESPAÑOLA RE Mercado Solar Foto",51
HISVD85,FVALP20,,ALPIQ ENERGÍ,A,ESP,"AÑA, S.A.U. 100 GENERACION ZONA ESPAÑOLA RE Mercado Solar Foto",51
HISVD86,FALP21,,ALPIQ ENERGÍ,A,ESP,"AÑA, S.A.U. 100 GENERACION ZONA ESPAÑOLA RE Mercado Solar Foto",51
HISVD87,HISVD87,,ALPIQ ENERGÍ,A,ESP,"AÑA, S.A.U. 100 GENERACION ZONA ESPAÑOLA RE Mercado Solar Foto",51
HISVD88,HISVD88,,ALPIQ ENERGÍ,A,ESP,"AÑA, S.A.U. 100 GENERACION ZONA ESPAÑOLA RE Mercado Eólica",51
HISVD89,HISVD89,,ALPIQ ENERGÍ,A,ESP,"AÑA, S.A.U. 100 GENERACION ZONA ESPAÑOLA RE Mercado Eólica",51
HISVD90,HISVD90,,ALPIQ ENERGÍ,A,ESP,"AÑA, S.A.U. 100 GENERACION ZONA ESPAÑOLA RE Mercado Eólica",51
HISVD91,HISVD91,,ALPIQ ENERGÍ,A,ESP,"AÑA, S.A.U. 100 GENERACION ZONA ESPAÑOLA RE Mercado Eólica",51
HISVD92,HISVD92,,ALPIQ ENER,GÍA ESPA,"ÑA, S.A.U",.   100 GENERACION ZONA ESPAÑOLA RE Mercado Eólica,52
HISVD93,HISVD93,,ALPIQ ENER,GÍA ESPA,"ÑA, S.A.U",.   100 GENERACION ZONA ESPAÑOLA RE Mercado Eólica,52
HISVD94,HISVD94,,ALPIQ ENER,GÍA ESPA,"ÑA, S.A.U",.   100 GENERACION ZONA ESPAÑOLA RE Mercado Eólica,52
HISVD95,HISVD95,,ALPIQ ENER,GÍA ESPA,"ÑA, S.A.U",.   100 GENERACION ZONA ESPAÑOLA RE Mercado Eólica,52
HISVD96,HISVD96,,ALPIQ ENER,GÍA ESPA,"ÑA, S.A.U",.   100 GENERACION ZONA ESPAÑOLA RE Mercado Eólica,52
HISVD97,HISVD97,,ALPIQ ENER,GÍA ESPA,"ÑA, S.A.U",.   100 GENERACION ZONA ESPAÑOLA RE Mercado Eólica,52
HISVD98,HISVD98,,ALPIQ ENER,GÍA ESPA,"ÑA, S.A.U",.   100 GENERACION ZONA ESPAÑOLA RE Mercado Eólica,52
HISVD99,HISVD99,,ALPIQ ENER,GÍA ESPA,"ÑA, S.A.U",.   100 GENERACION ZONA ESPAÑOLA RE Mercado Eólica,52
HMSROR1,UOF HMSROR1,,GNERA ENE,RGIA Y TE,CNOLOG,IA   100 GENERACION ZONA ESPAÑOLA Hidráulica Ge neración,52
HPOBLA1,UOF HIDRO LA POB,LA1 Y 2,NEXUS ENE,RGÍA (ACT,. COMER,CI ALIZACIÓN RE ) 100 GENERACION ZONA ESPAÑOLA Hidráulica Ge neración,52
HSVD100,HSVD100,,ALPIQ ENER,GÍA ESPA,"ÑA, S.A.U",.   100 GENERACION ZONA ESPAÑOLA RE Mercado Eólica,52
HSVD102,HSVD102,,ALPIQ ENER,GÍA ESPA,"ÑA, S.A.U",.   100 GENERACION ZONA ESPAÑOLA RE Mercado Eólica,52
HSVD103,HSVD103,,ALPIQ ENER,GÍA ESPA,"ÑA, S.A.U",.   100 GENERACION ZONA ESPAÑOLA RE Mercado Solar Foto,52
HSVD104,HSVD104,,ALPIQ ENER,GÍA ESPA,"ÑA, S.A.U",.   100 GENERACION ZONA ESPAÑOLA RE Mercado Solar Foto,52
HSVD106,HSVD106,,ALPIQ ENER,GÍA ESPA,"ÑA, S.A.U",.   100 GENERACION ZONA ESPAÑOLA RE Mercado Solar Foto,52
HURVD01,EÓLICA REP. BASE,R,BASER COM,ERCIALIZA,DORA D,E REFERENCIA SA 100 GENERACION ZONA ESPAÑOLA RE Mercado Eólica,52
HURVD02,FOTOVOLTAICA RE,P BASER,BASER COM,ERCIALIZA,DORA D,E REFERENCIA SA 100 GENERACION ZONA ESPAÑOLA RE Mercado Solar Foto,52
HURVD03,HIDRÁULICA REP B,ASER,BASER COM,ERCIALIZA,DORA D,E REFERENCIA SA 100 GENERACION ZONA ESPAÑOLA RE Mercado Hidráulica,52
HURVD04,BIOMASA REP BAS,ER,BASER COM,ERCIALIZA,DORA D,E REFERENCIA SA 100 GENERACION ZONA ESPAÑOLA RE Mercado Térmica R,52
HURVD05,TERMOSOLAR REP,BASER,BASER COM,ERCIALIZA,DORA D,E REFERENCIA SA 100 GENERACION ZONA ESPAÑOLA RE Mercado Solar Tér,52
HURVD06,TÉRMICA REP BASE,R,BASER COM,ERCIALIZA,DORA D,E REFERENCIA SA 100 GENERACION ZONA ESPAÑOLA RE Mercado Térmica n,52
HURVD07,EÓLICA REP BASER,(PRUEBAS),BASER COM,ERCIALIZA,DORA D,E REFERENCIA SA 100 GENERACION ZONA ESPAÑOLA RE Tar. CUR Eólica,52
HURVD08,FOTOV. REP BASER,(PRUEBAS),BASER COM,ERCIALIZA,DORA D,E REFERENCIA SA 100 GENERACION ZONA ESPAÑOLA RE Tar. CUR Solar Fot,52
HURVD09,HIDRÁULICA REP B,ASER (PRUEBAS),BASER COM,ERCIALIZA,DORA D,E REFERENCIA SA 100 GENERACION ZONA ESPAÑOLA RE Tar. CUR Hidráulic,52
HURVD10,BIOMASA REP BAS,ER (PRUEBAS),BASER COM,ERCIALIZA,DORA D,E REFERENCIA SA 100 GENERACION ZONA ESPAÑOLA RE Tar. CUR Térmica,52
HURVD11,TERMOSOLAR REP,BASER (PRUEBAS),BASER COM,ERCIALIZA,DORA D,E REFERENCIA SA 100 GENERACION ZONA ESPAÑOLA RE Tar. CUR Solar Tér,52
HURVD12,TÉRMICA REP BASE,R (PRUEBAS),BASER COM,ERCIALIZA,DORA D,E REFERENCIA SA 100 GENERACION ZONA ESPAÑOLA RE Tar. CUR Térmica,52
IBEVD11,EÓLICA HABILITADA,,IBERDROLA,ENERGÍA,ESPAÑA,S. .A.  100 GENERACION ZONA ESPAÑOLA RE Mercado Eólica,52
IBEVD16,FOTOVOLTAICA NO,EXENTA,IBERDROLA,ENERGÍA,ESPAÑA,S. .A.  100 GENERACION ZONA ESPAÑOLA RE Mercado Solar Foto,52
IBEVD19,FOTOVOLTAICA HA,BILITADA,IBERDROLA,ENERGÍA,ESPAÑA,S. .A.  100 GENERACION ZONA ESPAÑOLA RE Mercado Solar Foto,52
IBEVD20,COGENERACION PE,TROLEO,IBERDROLA,ENERGÍA,ESPAÑA,S. .A.  100 GENERACION ZONA ESPAÑOLA RE Mercado Térmica n,52
IBEVD21,FOTOVOLTAICA HA,B SSCC Y SEC,IBERDROLA,ENERGÍA,ESPAÑA,S. .A.  100 GENERACION ZONA ESPAÑOLA RE Mercado Solar Foto,52
IBEVD22,HIBRIDACION FV - B,ATERIA,IBERDROLA,ENERGÍA,ESPAÑA,S. .A.  100 GENERACION ZONA ESPAÑOLA Híbrida Reno v.-Almace,52
IBEVD23,VENTA EXCEDENTE,S FV,IBERDROLA,ENERGÍA,ESPAÑA,S. .A.  100 GENERACION ZONA ESPAÑOLA RE Mercado Solar Foto,52
IBEVD24,HIBRIDACION EOLIC,A - BATERIA,IBERDROLA,ENERGÍA,ESPAÑA,S. .A.  100 GENERACION ZONA ESPAÑOLA Híbrida Reno v.-Almace,52
IBEVD25,VENTA HIBRIDACIO,N EOLICA Y FV,IBERDROLA,ENERGÍA,ESPAÑA,S. .A.  100 GENERACION ZONA ESPAÑOLA Híbrida Reno vable,52
IBEVD26,EOLICA EIBGEBU,,IBERDROLA,ENERGÍA,ESPAÑA,S. .A.  100 GENERACION ZONA ESPAÑOLA RE Mercado Eólica,52
IBEVD27,FOTOVOLTAICA OR,IOL,IBERDROLA,ENERGÍA,ESPAÑA,S. .A.  100 GENERACION ZONA ESPAÑOLA RE Mercado Solar Foto,52
IBEVD28,FOTOVOLTAICA NB,ALBOA,IBERDROLA,ENERGÍA,ESPAÑA,S. .A.  100 GENERACION ZONA ESPAÑOLA RE Mercado Solar Foto,52
IBEVD29,FOTOVOLTAICA PIZ,ARRO,IBERDROLA,ENERGÍA,ESPAÑA,S. .A.  100 GENERACION ZONA ESPAÑOLA RE Mercado Solar Foto,52
IBEVD30,FOTOVOLTAICA FV,ARENA,IBERDROLA,ENERGÍA,ESPAÑA,S. .A.  100 GENERACION ZONA ESPAÑOLA RE Mercado Solar Foto,52
IBEVD31,FOTOVOLTAICA FV,CEDIL,IBERDROLA,ENERGÍA,ESPAÑA,S. .A.  100 GENERACION ZONA ESPAÑOLA RE Mercado Solar Foto,52
IBEVD32,HIBRIDACION FV CA,MPOARAÑUELO,IBERDROLA,ENERGÍA,ESPAÑA,S. .A.  100 GENERACION ZONA ESPAÑOLA Híbrida Reno v.-Almace,52
IBEVD33,FIBGETA,,IBERDROLA,ENERGÍA,ESPAÑA,S. .A.  100 GENERACION ZONA ESPAÑOLA RE Mercado Solar Foto,52
IBEVD34,EOLICAS RIOJA MO,LINOS CIDACOS,IBERDROLA,ENERGÍA,ESPAÑA,S. .A.  100 GENERACION ZONA ESPAÑOLA RE Mercado Eólica,52
IBEVD35,EOLICAS MOLINOS,RIOJA,IBERDROLA,ENERGÍA,ESPAÑA,S. .A.  100 GENERACION ZONA ESPAÑOLA RE Mercado Eólica,52
IBEVD36,EOLICAS RENOVAB,LES RIOJA,IBERDROLA,ENERGÍA,ESPAÑA,S. .A.  100 GENERACION ZONA ESPAÑOLA RE Mercado Eólica,52
IBEVD37,EOLICAS DESARRO,LLO RIOJA,IBERDROLA,ENERGÍA,ESPAÑA,S. .A.  100 GENERACION ZONA ESPAÑOLA RE Mercado Eólica,52
IBEVD38,FV VELILLA,,IBERDROLA,ENERGÍA,ESPAÑA,S. .A.  100 GENERACION ZONA ESPAÑOLA RE Mercado Solar Foto,52
IBEVD39,FV CAPARACENA,,IBERDROLA,ENERGÍA,ESPAÑA,S. .A.  100 GENERACION ZONA ESPAÑOLA RE Mercado Solar Foto,52
IBEVD40,EOLICA EIBGECA,,IBERDROLA,ENERGÍA,ESPAÑA,S. .A.  100 GENERACION ZONA ESPAÑOLA RE Mercado Eólica,52
IBEVD41,FOTOVOLTAICA FIB,GEMS,IBERDROLA,ENERGÍA,ESPAÑA,S. .A.  100 GENERACION ZONA ESPAÑOLA RE Mercado Solar Foto,52
IBEVD42,FOTOVOLTAICA FIB,GT12,IBERDROLA,ENERGÍA,ESPAÑA,S. .A.  100 GENERACION ZONA ESPAÑOLA RE Mercado Solar Foto,52
IBEVD43,FOTOVOLTAICA FIB,GT34,IBERDROLA,ENERGÍA,ESPAÑA,S. .A.  100 GENERACION ZONA ESPAÑOLA RE Mercado Solar Foto,52
IBEVD44,FOTOVOLTAICA FIB,GEVI,IBERDROLA,ENERGÍA,ESPAÑA,S. .A.  100 GENERACION ZONA ESPAÑOLA RE Mercado Solar Foto,52
IBEVD45,FOTOVOLTAICA FIB,GEPE,IBERDROLA,ENERGÍA,ESPAÑA,S. .A.  100 GENERACION ZONA ESPAÑOLA RE Mercado Solar Foto,52
IBEVD46,FV CIUDAD RODRIG,O,IBERDROLA,ENERGÍA,ESPAÑA,S. .A.  100 GENERACION ZONA ESPAÑOLA RE Mercado Solar Foto,52
IBEVD47,EOLICA PE VALDE,MORO,IBERDROLA ENE,RGÍA,ESPAÑA S..A,. 100 GENERACION ZONA ESPAÑOLA RE Mercado Eólica,53
IBEVD48,EOLICA PE NORG,ES,IBERDROLA ENE,RGÍA,ESPAÑA S..A,. 100 GENERACION ZONA ESPAÑOLA RE Mercado Eólica,53
IBEVD49,HIB FV ROMERAL,+ BAT,IBERDROLA ENE,RGÍA,ESPAÑA S..A,. 100 GENERACION ZONA ESPAÑOLA Híbrida Reno v.-Almacen,53
IBEVD50,HIB FV REVILLA +,BATERIA,IBERDROLA ENE,RGÍA,ESPAÑA S..A,. 100 GENERACION ZONA ESPAÑOLA Híbrida Reno v.-Almacen,53
IBEVD51,HIB FV OLMEDILL,A + BAT,IBERDROLA ENE,RGÍA,ESPAÑA S..A,. 100 GENERACION ZONA ESPAÑOLA Híbrida Reno v.-Almacen,53
IBEVD52,HIB FV ANDEVALO,+ BAT,IBERDROLA ENE,RGÍA,ESPAÑA S..A,. 100 GENERACION ZONA ESPAÑOLA Híbrida Reno v.-Almacen,53
IBEVD53,HIB FV ALZ + BAT,,IBERDROLA ENE,RGÍA,ESPAÑA S..A,. 100 GENERACION ZONA ESPAÑOLA Híbrida Reno v.-Almacen,53
IBEVD54,HIB FVALZII + BAT,,IBERDROLA ENE,RGÍA,ESPAÑA S..A,. 100 GENERACION ZONA ESPAÑOLA Híbrida Reno v.-Almacen,53
IBEVD55,UOF PE IGLESIAS,,IBERDROLA ENE,RGÍA,ESPAÑA S..A,. 100 GENERACION ZONA ESPAÑOLA RE Mercado Eólica,53
IBEVD56,UOF FV BALSICAS,,IBERDROLA ENE,RGÍA,ESPAÑA S..A,. 100 GENERACION ZONA ESPAÑOLA RE Mercado Solar Fotov,53
IBEVD57,FV CN COFRENTE,S,IBERDROLA ENE,RGÍA,ESPAÑA S..A,. 100 GENERACION ZONA ESPAÑOLA RE Mercado Solar Fotov,53
IBGEVD2,COGENERACIÓN,TARIFA,IBERDROLA ENE,RGÍA,ESPAÑA S..A,. 100 GENERACION ZONA ESPAÑOLA RE Mercado Térmica no,53
IBGEVD3,MINI HIDRAULICA,MAS DE 1 MW,IBERDROLA ENE,RGÍA,ESPAÑA S..A,. 100 GENERACION ZONA ESPAÑOLA RE Mercado Hidráulica,53
IBGEVD6,FOTOVOLTAICA N,O EXENTA,IBERDROLA ENE,RGÍA,ESPAÑA S..A,. 100 GENERACION ZONA ESPAÑOLA RE Mercado Solar Fotov,53
IBGEVD9,COGENERACIÓN,PETROLEO,IBERDROLA ENE,RGÍA,ESPAÑA S..A,. 100 GENERACION ZONA ESPAÑOLA RE Mercado Térmica no,53
ICUVD02,IBCUR RE 2,,CURENERGÍA C,OMER,CIALIZADOR,"DE ÚLTIMO RECURSO, SAU 100 GENERACION ZONA ESPAÑOLA RE Mercado Eólica",53
ICUVD04,IBCUR RE 4,,CURENERGÍA C,OMER,CIALIZADOR,"DE ÚLTIMO RECURSO, SAU 100 GENERACION ZONA ESPAÑOLA RE Mercado Solar Fotov",53
ICUVD05,IBCUR RE 5,,CURENERGÍA C,OMER,CIALIZADOR,"DE ÚLTIMO RECURSO, SAU 100 GENERACION ZONA ESPAÑOLA RE Mercado Hidráulica",53
ICUVD06,IBCUR RE 6,,CURENERGÍA C,OMER,CIALIZADOR,"DE ÚLTIMO RECURSO, SAU 100 GENERACION ZONA ESPAÑOLA RE Mercado Térmica Re",53
ICUVD07,IBCUR RE 7,,CURENERGÍA C,OMER,CIALIZADOR,"DE ÚLTIMO RECURSO, SAU 100 GENERACION ZONA ESPAÑOLA RE Mercado Solar Térmi",53
ICUVD08,IBCUR RE 8,,CURENERGÍA C,OMER,CIALIZADOR,"DE ÚLTIMO RECURSO, SAU 100 GENERACION ZONA ESPAÑOLA RE Mercado Térmica no",53
ICUVD09,IBCUR RE 9,,CURENERGÍA C,OMER,CIALIZADOR,"DE ÚLTIMO RECURSO, SAU 100 GENERACION ZONA ESPAÑOLA RE Tar. CUR Eólica",53
ICUVD10,IBCUR RE 10,,CURENERGÍA C,OMER,CIALIZADOR,"DE ÚLTIMO RECURSO, SAU 100 GENERACION ZONA ESPAÑOLA RE Tar. CUR Solar Foto",53
ICUVD11,IBCUR RE 11,,CURENERGÍA C,OMER,CIALIZADOR,"DE ÚLTIMO RECURSO, SAU 100 GENERACION ZONA ESPAÑOLA RE Tar. CUR Hidráulica",53
ICUVD12,IBCUR RE 12,,CURENERGÍA C,OMER,CIALIZADOR,"DE ÚLTIMO RECURSO, SAU 100 GENERACION ZONA ESPAÑOLA RE Tar. CUR Térmica R",53
ICUVD13,IBCUR RE 13,,CURENERGÍA C,OMER,CIALIZADOR,"DE ÚLTIMO RECURSO, SAU 100 GENERACION ZONA ESPAÑOLA RE Tar. CUR Solar Térm",53
ICUVD14,IBCUR RE 14,,CURENERGÍA C,OMER,CIALIZADOR,"DE ÚLTIMO RECURSO, SAU 100 GENERACION ZONA ESPAÑOLA RE Tar. CUR Térmica no",53
ICUVD17,ICUVD17,,CURENERGÍA C,OMER,CIALIZADOR,"DE ÚLTIMO RECURSO, SAU 100 GENERACION ZONA ESPAÑOLA RE Mercado Geotérmica",53
ICUVD18,ICUVD18,,CURENERGÍA C,OMER,CIALIZADOR,"DE ÚLTIMO RECURSO, SAU 100 GENERACION ZONA ESPAÑOLA RE Mercado Geotérmica",53
ICUVD19,IBCUR RE 19,,CURENERGÍA C,OMER,CIALIZADOR,"DE ÚLTIMO RECURSO, SAU 100 GENERACION ZONA ESPAÑOLA RE Mercado Térmica no",53
ICUVD20,IBCUR RE 20,,CURENERGÍA C,OMER,CIALIZADOR,"DE ÚLTIMO RECURSO, SAU 100 GENERACION ZONA ESPAÑOLA RE Mercado Térmica no",53
IGESV02,FOTOVOLTAICA P,ORTUGAL,IBERDROLA ENE,RGÍA,ESPAÑA S..A,. 100 GENERACION ZONA PORTUGUESA RE Tarifa CU R (uof),53
IGESV2,IB CLIENTES POR,TUGAL PRODUCTOR,IBERDROLA CLI,ENTES,PORTUGAL,", UNIPESSOAL, LDA 100 GENERACION ZONA PORTUGUESA RE Tarifa CU R (uof)",53
IGNIV02,VENTA PORTUGA,L,IGNIS ENERGIA,S.L.,, 100 GENERACION ZONA PORTUGUESA RE Tarifa CU R (uof),53
IGNVD29,UOF XALLAS I,,IGNIS ENERGIA,S.L.,, 100 GENERACION ZONA ESPAÑOLA RE Mercado Hidráulica,53
IGNVD30,UOF CH. CASTREL,O,IGNIS ENERGIA,S.L.,, 100 GENERACION ZONA ESPAÑOLA RE Mercado Hidráulica,53
IGNVD31,UOF XALLAS II,,IGNIS ENERGIA,S.L.,, 100 GENERACION ZONA ESPAÑOLA RE Mercado Hidráulica,53
IGNVD40,SOLAR FOTOVOL,TAICA NARANJILLAS,IGNIS ENERGIA,S.L.,, 100 GENERACION ZONA ESPAÑOLA RE Mercado Solar Fotov,53
IGNVD41,PUERTOLLANO 5,,IGNIS ENERGIA,S.L.,, 100 GENERACION ZONA ESPAÑOLA RE Mercado Solar Fotov,53
IGNVD42,PUERTOLLANO 6,,IGNIS ENERGIA,S.L.,, 100 GENERACION ZONA ESPAÑOLA RE Mercado Solar Fotov,53
IGNVD43,PUERTOLLANO 7,,IGNIS ENERGIA,S.L.,, 100 GENERACION ZONA ESPAÑOLA RE Mercado Solar Fotov,53
IGNVD44,PUERTOLLANO 8,,IGNIS ENERGIA,S.L.,, 100 GENERACION ZONA ESPAÑOLA RE Mercado Solar Fotov,53
IGNVD45,PUERTOLLANO 9,,IGNIS ENERGIA,S.L.,, 100 GENERACION ZONA ESPAÑOLA RE Mercado Solar Fotov,53
IGNVD46,UOF HIDRO AREN,OSO,IGNIS ENERGIA,S.L.,, 100 GENERACION ZONA ESPAÑOLA RE Mercado Hidráulica,53
IGNVD47,UOF HIDRO BREÑ,A 2,IGNIS ENERGIA,S.L.,, 100 GENERACION ZONA ESPAÑOLA RE Mercado Hidráulica,53
IGNVD48,UOF EDAR LAGAR,ES,IGNIS ENERGIA,S.L.,, 100 GENERACION ZONA ESPAÑOLA RE Mercado Térmica Re,53
IGNVD49,UOF HIDRO PEÑA,DEL AGUILA,IGNIS ENERGIA,S.L.,, 100 GENERACION ZONA ESPAÑOLA RE Mercado Hidráulica,53
IGNVD51,UOF HINOJOSA S,OLAR,IGNIS ENERGIA,S.L.,, 100 GENERACION ZONA ESPAÑOLA RE Mercado Solar Fotov,53
IGNVD53,UOF SF CAMPANA,RIO 1,IGNIS ENERGIA,S.L.,, 100 GENERACION ZONA ESPAÑOLA RE Mercado Solar Fotov,53
IGNVD54,UOF SF CAMPANA,RIO 3,IGNIS ENERGIA,S.L.,, 100 GENERACION ZONA ESPAÑOLA RE Mercado Solar Fotov,53
IGNVD55,UOF SOLAR FOTO,VOLTAICA TORRIJO,IGNIS ENERGIA,S.L.,, 100 GENERACION ZONA ESPAÑOLA RE Mercado Solar Fotov,53
IGNVD56,UOF CAMPANARI,O 2,IGNIS ENERGIA,S.L.,, 100 GENERACION ZONA ESPAÑOLA RE Mercado Solar Fotov,53
IGNVD57,IGNIS 7,,IGNIS ENERGIA,S.L.,, 100 GENERACION ZONA ESPAÑOLA RE Mercado Solar Fotov,53
IGNVD58,UOF BIEFFE MEDITAL,,IGNIS,ENERGIA,S.L.,100 GENERACION ZONA ESPAÑOLA RE Mercado Térmica no,54
IGNVD59,UOF QUART,,IGNIS,ENERGIA,S.L.,100 GENERACION ZONA ESPAÑOLA RE Mercado Térmica no,54
IGNVD60,UOF CAMPANARIO V,,IGNIS,ENERGIA,S.L.,100 GENERACION ZONA ESPAÑOLA RE Mercado Solar Fo tov,54
IGNVD62,UOF SF ELAWAN CAM,PANARIO 4,IGNIS,ENERGIA,S.L.,100 GENERACION ZONA ESPAÑOLA RE Mercado Solar Fo tov,54
IGNVD63,GALICIA VENTO,,IGNIS,ENERGIA,S.L.,100 GENERACION ZONA ESPAÑOLA RE Mercado Eólica ,54
IGNVD64,MONTES DEL CIERZO,,IGNIS,ENERGIA,S.L.,100 GENERACION ZONA ESPAÑOLA RE Mercado Eólica ,54
IGNVD65,AERO SUR,,IGNIS,ENERGIA,S.L.,100 GENERACION ZONA ESPAÑOLA RE Mercado Eólica ,54
IGNVD66,MALPICA,,IGNIS,ENERGIA,S.L.,100 GENERACION ZONA ESPAÑOLA RE Mercado Eólica ,54
IGNVD67,PARAMO DE POZA,,IGNIS,ENERGIA,S.L.,100 GENERACION ZONA ESPAÑOLA RE Mercado Eólica ,54
IGNVD68,ECOFRENTES,,IGNIS,ENERGIA,S.L.,100 GENERACION ZONA ESPAÑOLA RE Mercado Eólica ,54
IGNVD69,UOF PSF SUNPLEX,,IGNIS,ENERGIA,S.L.,100 GENERACION ZONA ESPAÑOLA RE Mercado Solar Fo tov,54
IGNVD70,UOF PSF FOTOSFERA,,IGNIS,ENERGIA,S.L.,100 GENERACION ZONA ESPAÑOLA RE Mercado Solar Fo tov,54
IGNVD71,UOF PSF KISSORO,,IGNIS,ENERGIA,S.L.,100 GENERACION ZONA ESPAÑOLA RE Mercado Solar Fo tov,54
IGNVD73,PE FRONTONES,,IGNIS,ENERGIA,S.L.,100 GENERACION ZONA ESPAÑOLA RE Mercado Eólica ,54
IGNVD74,PE FUENTE ALAMO,,IGNIS,ENERGIA,S.L.,100 GENERACION ZONA ESPAÑOLA RE Mercado Eólica ,54
IGNVD75,PE DERRAMADOR,,IGNIS,ENERGIA,S.L.,100 GENERACION ZONA ESPAÑOLA RE Mercado Eólica ,54
IGNVD78,PE CABEZA MESÁ,,IGNIS,ENERGIA,S.L.,100 GENERACION ZONA ESPAÑOLA RE Mercado Eólica ,54
IGNVD79,PE BON VENT CORBE,RA,IGNIS,ENERGIA,S.L.,100 GENERACION ZONA ESPAÑOLA RE Mercado Eólica ,54
IGNVD80,PE TORRE MADRINA,,IGNIS,ENERGIA,S.L.,100 GENERACION ZONA ESPAÑOLA RE Mercado Eólica ,54
IGNVD81,PE COLL DEL MORO,,IGNIS,ENERGIA,S.L.,100 GENERACION ZONA ESPAÑOLA RE Mercado Eólica ,54
IGNVD82,PE VILALBA DELS AR,CS,IGNIS,ENERGIA,S.L.,100 GENERACION ZONA ESPAÑOLA RE Mercado Eólica ,54
IGNVD83,PSHUELVA21BRUC,,IGNIS,ENERGIA,S.L.,100 GENERACION ZONA ESPAÑOLA RE Mercado Solar Fo tov,54
IGNVD97,EUROCAB FV1,,IGNIS,ENERGIA,S.L.,100 GENERACION ZONA ESPAÑOLA RE Mercado Solar Fo tov,54
IGNVD98,SOLARES MENOS DE,1MW,IGNIS,ENERGIA,S.L.,100 GENERACION ZONA ESPAÑOLA RE Mercado Solar Fo tov,54
IGNVD99,"ROLWIND HUELVA 1,",S.L.U.,IGNIS,ENERGIA,S.L.,100 GENERACION ZONA ESPAÑOLA RE Mercado Solar Fo tov,54
IGVD100,"ROLWIND HUELVA 2,",S.L.U.,IGNIS,ENERGIA,S.L.,100 GENERACION ZONA ESPAÑOLA RE Mercado Solar Fo tov,54
IGVD101,"ROLWIND HUELVA 3,",S.L.U.,IGNIS,ENERGIA,S.L.,100 GENERACION ZONA ESPAÑOLA RE Mercado Solar Fo tov,54
IGVD105,UOF POWER ELECTR,ONICS,IGNIS,ENERGIA,S.L.,100 GENERACION ZONA ESPAÑOLA RE Mercado Solar Fo tov,54
IGVD106,MUNERA I,,IGNIS,ENERGIA,S.L.,100 GENERACION ZONA ESPAÑOLA RE Mercado Eólica ,54
IGVD107,LA DEHESICA,,IGNIS,ENERGIA,S.L.,100 GENERACION ZONA ESPAÑOLA RE Mercado Eólica ,54
IGVD108,LA NAVICA,,IGNIS,ENERGIA,S.L.,100 GENERACION ZONA ESPAÑOLA RE Mercado Eólica ,54
IGVD109,PE ALFOZ,,IGNIS,ENERGIA,S.L.,100 GENERACION ZONA ESPAÑOLA RE Mercado Eólica ,54
IGVD110,VILALBA,,IGNIS,ENERGIA,S.L.,100 GENERACION ZONA ESPAÑOLA RE Mercado Eólica ,54
IGVD111,LA FATARELLA,,IGNIS,ENERGIA,S.L.,100 GENERACION ZONA ESPAÑOLA RE Mercado Eólica ,54
IGVD112,CERROS DE RADONA,,IGNIS,ENERGIA,S.L.,100 GENERACION ZONA ESPAÑOLA RE Mercado Eólica ,54
IGVD113,EL BERROCAL,,IGNIS,ENERGIA,S.L.,100 GENERACION ZONA ESPAÑOLA RE Mercado Solar Fo tov,54
IGVD117,UOF TOSCANO SOLA,R,IGNIS,ENERGIA,S.L.,100 GENERACION ZONA ESPAÑOLA RE Mercado Solar Fo tov,54
IGVD118,UOF VALDENEBRO,,IGNIS,ENERGIA,S.L.,100 GENERACION ZONA ESPAÑOLA RE Mercado Solar Fo tov,54
IGVD126,UOF ESQUEDAS,,IGNIS,ENERGIA,S.L.,100 GENERACION ZONA ESPAÑOLA RE Mercado Solar Fo tov,54
IGVD127,UOF ALTOS LUBIA,,IGNIS,ENERGIA,S.L.,100 GENERACION ZONA ESPAÑOLA RE Mercado Solar Fo tov,54
IGVD129,"MOLINOS DEL EBRO,",S.A.,IGNIS,ENERGIA,S.L.,100 GENERACION ZONA ESPAÑOLA RE Mercado Eólica ,54
IGVD130,MOLINOS DEL JALÓN,", S.A.",IGNIS,ENERGIA,S.L.,100 GENERACION ZONA ESPAÑOLA RE Mercado Eólica ,54
IGVD131,MOLINOS DEL MONC,"AYO, S.L.",IGNIS,ENERGIA,S.L.,100 GENERACION ZONA ESPAÑOLA RE Mercado Eólica ,54
IGVD132,RENOVABLES SAMCA,S.A.,IGNIS,ENERGIA,S.L.,100 GENERACION ZONA ESPAÑOLA RE Mercado Solar Té rm,54
IGVD133,"MONEGROS SOLAR,",S.A.,IGNIS,ENERGIA,S.L.,100 GENERACION ZONA ESPAÑOLA RE Mercado Solar Fo tov,54
IGVD134,"BRILEN, S.A.",,IGNIS,ENERGIA,S.L.,100 GENERACION ZONA ESPAÑOLA RE Mercado Térmica no,54
IGVD135,COGENERACIÓN MAD,ERUELO (MYTA),IGNIS,ENERGIA,S.L.,100 GENERACION ZONA ESPAÑOLA RE Mercado Térmica no,54
IGVD136,"EUROARCE MINERÍA,",S.A.,IGNIS,ENERGIA,S.L.,100 GENERACION ZONA ESPAÑOLA Híbrida Reno v.-Térmi ca,54
IGVD137,MINERA DE SANTA M,"ARTA, S.A.",IGNIS,ENERGIA,S.L.,100 GENERACION ZONA ESPAÑOLA RE Mercado Térmica no,54
IGVD138,COGENERACIÓN OND,A,IGNIS,ENERGIA,S.L.,100 GENERACION ZONA ESPAÑOLA RE Mercado Térmica no,54
IGVD139,COGENERACIÓN OND,A 1,IGNIS,ENERGIA,S.L.,100 GENERACION ZONA ESPAÑOLA RE Mercado Térmica no,54
IGVD140,COGENERACIÓN NUE,VAS ATOMIZADAS,IGNIS,ENERGIA,S.L.,100 GENERACION ZONA ESPAÑOLA RE Mercado Térmica no,54
IGVD141,COGENERACIÓN C,ONVA,IGNIS,ENERGIA,S.L.,100 GENERACION ZONA ESPAÑOLA RE Mercado Térmica n,55
IGVD142,FV TRUJILLO,,IGNIS,ENERGIA,S.L.,100 GENERACION ZONA ESPAÑOLA RE Mercado Solar Foto,55
IGVD146,UOF DON RODRIG,O II,IGNIS,ENERGIA,S.L.,100 GENERACION ZONA ESPAÑOLA RE Mercado Solar Foto,55
IGVD147,UOF FV ELVISA,,IGNIS,ENERGIA,S.L.,100 GENERACION ZONA ESPAÑOLA RE Mercado Solar Foto,55
IGVD148,ARENOSAS,,IGNIS,ENERGIA,S.L.,100 GENERACION ZONA ESPAÑOLA RE Mercado Solar Foto,55
IGVD149,MALABRIGO,,IGNIS,ENERGIA,S.L.,100 GENERACION ZONA ESPAÑOLA RE Mercado Solar Foto,55
IGVD150,EL YARTE,,IGNIS,ENERGIA,S.L.,100 GENERACION ZONA ESPAÑOLA RE Mercado Solar Foto,55
IGVD151,LA GUITA,,IGNIS,ENERGIA,S.L.,100 GENERACION ZONA ESPAÑOLA RE Mercado Solar Foto,55
IGVD153,UOF RENOVABLES,"DEL CIERZO, S.L",IGNIS,ENERGIA,S.L.,100 GENERACION ZONA ESPAÑOLA RE Mercado Eólica,55
IGVD154,UOF OUTES-BARR,IGO-SMBARDA,IGNIS,ENERGIA,S.L.,100 GENERACION ZONA ESPAÑOLA RE Mercado Eólica,55
IGVD156,UOF VALDOMPER,E MDO SUB 1,IGNIS,ENERGIA,S.L.,100 GENERACION ZONA ESPAÑOLA RE Mercado Solar Foto,55
IGVD157,UOF VALDOMPER,E MDO SUB 2,IGNIS,ENERGIA,S.L.,100 GENERACION ZONA ESPAÑOLA RE Mercado Solar Foto,55
IGVD158,UOF VALDOMPER,E MDO SUB 3,IGNIS,ENERGIA,S.L.,100 GENERACION ZONA ESPAÑOLA RE Mercado Solar Foto,55
IGVD160,UOF TORRIJOS I,,IGNIS,ENERGIA,S.L.,100 GENERACION ZONA ESPAÑOLA RE Mercado Solar Foto,55
IGVD161,UOF BELINCHON I,,IGNIS,ENERGIA,S.L.,100 GENERACION ZONA ESPAÑOLA RE Mercado Solar Foto,55
IGVD162,UOF ESCUDEROS,IV,IGNIS,ENERGIA,S.L.,100 GENERACION ZONA ESPAÑOLA RE Mercado Solar Foto,55
IGVD165,UOF SAN MARCOS,II (PE NAVARRA),IGNIS,ENERGIA,S.L.,100 GENERACION ZONA ESPAÑOLA RE Mercado Eólica,55
IGVD166,UP GENERICA IGN,IS HIDRAULICA,IGNIS,ENERGIA,S.L.,100 GENERACION ZONA ESPAÑOLA RE Mercado Hidráulica,55
IGVD168,UOF SF MILANO,,IGNIS,ENERGIA,S.L.,100 GENERACION ZONA ESPAÑOLA RE Mercado Solar Foto,55
IGVD169,UOF SF GUADACA,NO,IGNIS,ENERGIA,S.L.,100 GENERACION ZONA ESPAÑOLA RE Mercado Solar Foto,55
IGVD170,FV SALINETES I,,IGNIS,ENERGIA,S.L.,100 GENERACION ZONA ESPAÑOLA RE Mercado Solar Foto,55
IGVD172,UOF FV LAS ARRO,YADAS,IGNIS,ENERGIA,S.L.,100 GENERACION ZONA ESPAÑOLA RE Mercado Solar Foto,55
IGVD173,UOF PFV TALAFIZA,I,IGNIS,ENERGIA,S.L.,100 GENERACION ZONA ESPAÑOLA RE Mercado Solar Foto,55
IGVD174,UOF VISCOFAN,,IGNIS,ENERGIA,S.L.,100 GENERACION ZONA ESPAÑOLA RE Mercado Térmica n,55
IGVD175,UOF MUGAI,,IGNIS,ENERGIA,S.L.,100 GENERACION ZONA ESPAÑOLA RE Mercado Eólica,55
IGVD176,UOF MUGA2,,IGNIS,ENERGIA,S.L.,100 GENERACION ZONA ESPAÑOLA RE Mercado Eólica,55
IGVD177,UOF MUGA3,,IGNIS,ENERGIA,S.L.,100 GENERACION ZONA ESPAÑOLA RE Mercado Eólica,55
IGVD178,UOF GINES,,IGNIS,ENERGIA,S.L.,100 GENERACION ZONA ESPAÑOLA RE Mercado Eólica,55
IGVD179,UOF CABEZ,,IGNIS,ENERGIA,S.L.,100 GENERACION ZONA ESPAÑOLA RE Mercado Eólica,55
IGVD180,UOF PORTI,,IGNIS,ENERGIA,S.L.,100 GENERACION ZONA ESPAÑOLA RE Mercado Eólica,55
IGVD181,UOF VIRGE,,IGNIS,ENERGIA,S.L.,100 GENERACION ZONA ESPAÑOLA RE Mercado Eólica,55
IGVD182,UOF VIRG2,,IGNIS,ENERGIA,S.L.,100 GENERACION ZONA ESPAÑOLA RE Mercado Eólica,55
IGVD183,UOF MAJAS,,IGNIS,ENERGIA,S.L.,100 GENERACION ZONA ESPAÑOLA RE Mercado Eólica,55
IGVD184,UOF FV ESCUDER,OS I,IGNIS,ENERGIA,S.L.,100 GENERACION ZONA ESPAÑOLA RE Mercado Solar Foto,55
IGVD185,UOF PSF ELAWAN,BELINCHON 2,IGNIS,ENERGIA,S.L.,100 GENERACION ZONA ESPAÑOLA RE Mercado Solar Foto,55
IGVD186,UOF ELAWAN BELI,NCHON III,IGNIS,ENERGIA,S.L.,100 GENERACION ZONA ESPAÑOLA RE Mercado Solar Foto,55
IGVD187,UOF FV ELAWAN M,ANZANARES I,IGNIS,ENERGIA,S.L.,100 GENERACION ZONA ESPAÑOLA RE Mercado Solar Foto,55
IGVD188,UOF ESCUDEROS,2,IGNIS,ENERGIA,S.L.,100 GENERACION ZONA ESPAÑOLA RE Mercado Solar Foto,55
IGVD189,UOF ESCUDEROS,3,IGNIS,ENERGIA,S.L.,100 GENERACION ZONA ESPAÑOLA RE Mercado Solar Foto,55
IGVD190,UOF ESCUDEROS,5,IGNIS,ENERGIA,S.L.,100 GENERACION ZONA ESPAÑOLA RE Mercado Solar Foto,55
IGVD191,UOF FV ALHENDIN,I,IGNIS,ENERGIA,S.L.,100 GENERACION ZONA ESPAÑOLA RE Mercado Solar Foto,55
IGVD192,UOF FV ALHENDIN,II,IGNIS,ENERGIA,S.L.,100 GENERACION ZONA ESPAÑOLA RE Mercado Solar Foto,55
IGVD193,UOF FV ALHENDIN,III,IGNIS,ENERGIA,S.L.,100 GENERACION ZONA ESPAÑOLA RE Mercado Solar Foto,55
IGVD194,UOF PSFV PICÓN,,IGNIS,ENERGIA,S.L.,100 GENERACION ZONA ESPAÑOLA RE Mercado Solar Foto,55
IGVD195,UOF CÁCERES 202,3,IGNIS,ENERGIA,S.L.,100 GENERACION ZONA ESPAÑOLA RE Mercado Solar Foto,55
IGVD196,UOF SAN SERVÁN,2021,IGNIS,ENERGIA,S.L.,100 GENERACION ZONA ESPAÑOLA RE Mercado Solar Foto,55
IGVD197,UOF PE ANDELLA,,IGNIS,ENERGIA,S.L.,100 GENERACION ZONA ESPAÑOLA RE Mercado Eólica,55
IGVD198,UOF CF ACAMPO E,STREN 11498,IGNIS,ENERGIA,S.L.,100 GENERACION ZONA ESPAÑOLA RE Mercado Solar Foto,55
IGVD199,UOF AIRPORT (MA,TRIX),IGNIS,ENERGIA,S.L.,100 GENERACION ZONA ESPAÑOLA RE Mercado Solar Foto,55
IGVD200,CACERES 1,,IGNIS,ENERGIA,S.L.,100 GENERACION ZONA ESPAÑOLA RE Mercado Solar Foto,55
IGVD201,CACERES 2,,IGNIS,ENERGIA,S.L.,100 GENERACION ZONA ESPAÑOLA RE Mercado Solar Foto,55
IGVD202,AGUASVIVAS,,IGNIS,ENERGIA,S.L.,100 GENERACION ZONA ESPAÑOLA RE Mercado Solar Foto,55
IGVD204,UOD PE INIESTA,,IGNIS,ENERGIA,S.L.,100 GENERACION ZONA ESPAÑOLA RE Mercado Eólica,55
IGVD205,UOF LOS MACHOS,,IGNIS,ENERGIA,S.L.,100 GENERACION ZONA ESPAÑOLA RE Mercado Solar Foto,55
IGVD206,UOF MANZTIERRA,I,IGNIS,ENERGIA,S.L.,100 GENERACION ZONA ESPAÑOLA RE Mercado Solar Foto,55
IGVD207,UOF BRAZOINVES,I,IGNIS,ENERGIA,S.L.,100 GENERACION ZONA ESPAÑOLA RE Mercado Solar Foto,55
IGVD208,UOF EL CUCO,,IGNIS,ENERGIA,S.L.,100 GENERACION ZONA ESPAÑOLA RE Mercado Solar Foto,55
IGVD209,UOF CIERZO,IGNIS,ENERGIA,S.L.,100,GENERACION ZONA ESPAÑOLA RE Mercado Solar Fo,56
IGVD210,UOF GUARDIAN,IGNIS,ENERGIA,S.L.,100,GENERACION ZONA ESPAÑOLA RE Mercado Solar Fo,56
IGVD211,UOF ARCHOI,IGNIS,ENERGIA,S.L.,100,GENERACION ZONA ESPAÑOLA RE Mercado Solar Fo,56
IGVD212,UOF ARCHO II,IGNIS,ENERGIA,S.L.,100,GENERACION ZONA ESPAÑOLA RE Mercado Solar Fo,56
IGVD213,UOF BRAZATORTAS,IGNIS,ENERGIA,S.L.,100,GENERACION ZONA ESPAÑOLA RE Mercado Solar Fo,56
IGVD214,UOF GARNACHA,IGNIS,ENERGIA,S.L.,100,GENERACION ZONA ESPAÑOLA RE Mercado Solar Fo,56
IGVD215,UOF TREVAGO 1,IGNIS,ENERGIA,S.L.,100,GENERACION ZONA ESPAÑOLA RE Mercado Solar Fo,56
IGVD216,UOF TREVAGO 2,IGNIS,ENERGIA,S.L.,100,GENERACION ZONA ESPAÑOLA RE Mercado Solar Fo,56
IGVD217,UOF VENATOR,IGNIS,ENERGIA,S.L.,100,GENERACION ZONA ESPAÑOLA RE Mercado Térmica,56
IGVD218,UOFCORAC-CORACHA,IGNIS,ENERGIA,S.L.,100,GENERACION ZONA ESPAÑOLA RE Mercado Solar Fo,56
IGVD219,UOFCIMER-CIMERA,IGNIS,ENERGIA,S.L.,100,GENERACION ZONA ESPAÑOLA RE Mercado Solar Fo,56
IGVD220,UOFALAMB-ALAMBOR,IGNIS,ENERGIA,S.L.,100,GENERACION ZONA ESPAÑOLA RE Mercado Solar Fo,56
IGVD221,UOFLUZ8-ALTER ENERSUN,IGNIS,ENERGIA,S.L.,100,GENERACION ZONA ESPAÑOLA RE Mercado Solar Fo,56
IGVD222,UOFLUZ1-ALTER ENERSUN,IGNIS,ENERGIA,S.L.,100,GENERACION ZONA ESPAÑOLA RE Mercado Solar Fo,56
IGVD223,UOFLUZ2-ALTER ENERSUN,IGNIS,ENERGIA,S.L.,100,GENERACION ZONA ESPAÑOLA RE Mercado Solar Fo,56
IGVD224,UOFLUZ4-ALTER ENERSUN,IGNIS,ENERGIA,S.L.,100,GENERACION ZONA ESPAÑOLA RE Mercado Solar Fo,56
IGVD225,UOFLUZ3-ALTER ENERSUN,IGNIS,ENERGIA,S.L.,100,GENERACION ZONA ESPAÑOLA RE Mercado Solar Fo,56
IGVD226,UOFLUZ5-ALTER ENERSUN,IGNIS,ENERGIA,S.L.,100,GENERACION ZONA ESPAÑOLA RE Mercado Solar Fo,56
IGVD227,UOFLUZ6-ALTER ENERSUN,IGNIS,ENERGIA,S.L.,100,GENERACION ZONA ESPAÑOLA RE Mercado Solar Fo,56
IGVD228,UOFLUZ7-ALTER ENERSUN,IGNIS,ENERGIA,S.L.,100,GENERACION ZONA ESPAÑOLA RE Mercado Solar Fo,56
IGVD229,UOFCER-EL CERRO,IGNIS,ENERGIA,S.L.,100,GENERACION ZONA ESPAÑOLA RE Mercado Solar Fo,56
IGVD230,UOF PSF BARRANQUILLA,IGNIS,ENERGIA,S.L.,100,GENERACION ZONA ESPAÑOLA RE Mercado Solar Fo,56
IGVD231,PARQUE EOLICO CERNEGULA,IGNIS,ENERGIA,S.L.,100,GENERACION ZONA ESPAÑOLA RE Mercado Eólica,56
IGVD232,PSF VALLE DEL SOL,IGNIS,ENERGIA,S.L.,100,GENERACION ZONA ESPAÑOLA RE Mercado Solar Fo,56
IGVD233,UOF ALMANSOL,IGNIS,ENERGIA,S.L.,100,GENERACION ZONA ESPAÑOLA RE Mercado Solar Fo,56
IGVD234,UOF TABERNAS,IGNIS,ENERGIA,S.L.,100,GENERACION ZONA ESPAÑOLA RE Mercado Solar Fo,56
IGVD235,UOF CASTAÑO SOLAR,IGNIS,ENERGIA,S.L.,100,GENERACION ZONA ESPAÑOLA RE Mercado Solar Fo,56
IGVD236,UOF SERBAL SOLAR,IGNIS,ENERGIA,S.L.,100,GENERACION ZONA ESPAÑOLA RE Mercado Solar Fo,56
IGVD237,SALINETES II,IGNIS,ENERGIA,S.L.,100,GENERACION ZONA ESPAÑOLA RE Mercado Solar Fo,56
IGVD238,REBENTO,IGNIS,ENERGIA,S.L.,100,GENERACION ZONA ESPAÑOLA RE Mercado Solar Fo,56
IGVD239,UOFPATO,IGNIS,ENERGIA,S.L.,100,GENERACION ZONA ESPAÑOLA RE Mercado Solar Fo,56
IGVD240,UOFBAOB,IGNIS,ENERGIA,S.L.,100,GENERACION ZONA ESPAÑOLA RE Mercado Solar Fo,56
IGVD241,UOFCOV2,IGNIS,ENERGIA,S.L.,100,GENERACION ZONA ESPAÑOLA RE Mercado Solar Fo,56
IGVD242,UOFCOV3,IGNIS,ENERGIA,S.L.,100,GENERACION ZONA ESPAÑOLA RE Mercado Solar Fo,56
IGVD243,UOFCOV4,IGNIS,ENERGIA,S.L.,100,GENERACION ZONA ESPAÑOLA RE Mercado Solar Fo,56
IGVD244,UOF GAZULES I,IGNIS,ENERGIA,S.L.,100,GENERACION ZONA ESPAÑOLA RE Mercado Solar Fo,56
IGVD245,UOF GAZULES II,IGNIS,ENERGIA,S.L.,100,GENERACION ZONA ESPAÑOLA RE Mercado Solar Fo,56
IGVD246,PE SOLIEDRA,IGNIS,ENERGIA,S.L.,100,GENERACION ZONA ESPAÑOLA RE Mercado Eólica,56
IGVD247,PS TORRUBIA,IGNIS,ENERGIA,S.L.,100,GENERACION ZONA ESPAÑOLA RE Mercado Solar Fo,56
IGVD248,PEPINO 3,IGNIS,ENERGIA,S.L.,100,GENERACION ZONA ESPAÑOLA RE Mercado Solar Fo,56
IGVD249,EMBUTIDOS RODRIGUEZ,IGNIS,ENERGIA,S.L.,100,GENERACION ZONA ESPAÑOLA RE Mercado Térmica,56
IGVD250,RENOPOOL,IGNIS,ENERGIA,S.L.,100,GENERACION ZONA ESPAÑOLA RE Mercado Solar Fo,56
IGVD251,FV ERESMA SOLAR,IGNIS,ENERGIA,S.L.,100,GENERACION ZONA ESPAÑOLA RE Mercado Solar Fo,56
IGVD252,CS BADAJOZ 2,IGNIS,ENERGIA,S.L.,100,GENERACION ZONA ESPAÑOLA RE Mercado Solar Fo,56
IGVD253,CS BADAJOZ 4,IGNIS,ENERGIA,S.L.,100,GENERACION ZONA ESPAÑOLA RE Mercado Solar Fo,56
IGVD254,GERENA II,IGNIS,ENERGIA,S.L.,100,GENERACION ZONA ESPAÑOLA RE Mercado Solar Fo,56
IGVD255,UOF CHAMORRO,IGNIS,ENERGIA,S.L.,100,GENERACION ZONA ESPAÑOLA RE Mercado Solar Fo,56
IGVD256,PFV LA GUARDIA,IGNIS,ENERGIA,S.L.,100,GENERACION ZONA ESPAÑOLA RE Mercado Solar Fo,56
IGVD257,UOF TORRIJOS RJE,IGNIS,ENERGIA,S.L.,100,GENERACION ZONA ESPAÑOLA RE Mercado Solar Fo,56
IGVD258,UOF SOCOVOS,IGNIS,ENERGIA,S.L.,100,GENERACION ZONA ESPAÑOLA RE Mercado Solar Fo,56
IGVD259,UOF ALCALA GUADAIRA 1,IGNIS,ENERGIA,S.L.,100,GENERACION ZONA ESPAÑOLA RE Mercado Solar Fo,56
IGVD260,UOF ALCALA GUADAIRA 2,IGNIS,ENERGIA,S.L.,100,GENERACION ZONA ESPAÑOLA RE Mercado Solar Fo,56
IGVD261,UOF FV ALMENDRO SOLAR,IGNIS,ENERGIA,S.L.,100,GENERACION ZONA ESPAÑOLA RE Mercado Solar Fo,56
IGVD262,UOF RETAMA SOLAR,IGNIS,ENERGIA,S.L.,100,GENERACION ZONA ESPAÑOLA RE Mercado Solar Fo,56
IGVD263,UOF KENIA 1,IGNIS,ENERGIA,S.L.,100,GENERACION ZONA ESPAÑOLA RE Mercado Solar Fo,56
IGVD264,UOF KENIA 2,IGNIS,ENERGIA,S.L.,100,GENERACION ZONA ESPAÑOLA RE Mercado Solar Fo,56
IGVD265,UOF KENIA 3,IGNIS,ENERGIA,S.L.,100,GENERACION ZONA ESPAÑOLA RE Mercado Solar Fo,56
IGVD266,UOF KENIA 4,,,IGNIS ENERGIA,S.,L.   100 GENERACION ZONA ESPAÑOLA RE Mercado Solar Foto,57
IGVD267,UOF ADELFA SOLA,R,,IGNIS ENERGIA,S.,L.   100 GENERACION ZONA ESPAÑOLA RE Mercado Solar Foto,57
IGVD268,EBRO HIBRIDADA,,,IGNIS ENERGIA,S.,L.   100 GENERACION ZONA ESPAÑOLA Híbrida Reno vable,57
IGVD269,UOF CS BADAJOZ 1,,,IGNIS ENERGIA,S.,L.   100 GENERACION ZONA ESPAÑOLA RE Mercado Solar Foto,57
IGVD270,UOF CS BADAJOZ 6,,,IGNIS ENERGIA,S.,L.   100 GENERACION ZONA ESPAÑOLA RE Mercado Solar Foto,57
IGVD271,UOF BADAJOZ 3,,,IGNIS ENERGIA,S.,L.   100 GENERACION ZONA ESPAÑOLA RE Mercado Solar Foto,57
IGVD272,UOF BADAJOZ 5,,,IGNIS ENERGIA,S.,L.   100 GENERACION ZONA ESPAÑOLA RE Mercado Solar Foto,57
IGVD273,UOF XALLAS III,,,IGNIS ENERGIA,S.,L.   100 GENERACION ZONA ESPAÑOLA RE Mercado Hidráulica,57
IGVD274,FV ELAWAN ESCAT,RON,I,IGNIS ENERGIA,S.,L.   100 GENERACION ZONA ESPAÑOLA RE Mercado Solar Foto,57
IGVD275,FV ELAWAN ESCAT,RON,II,IGNIS ENERGIA,S.,L.   100 GENERACION ZONA ESPAÑOLA RE Mercado Solar Foto,57
IGVD276,FV ELAWAN ESCAT,RON,III,IGNIS ENERGIA,S.,L.   100 GENERACION ZONA ESPAÑOLA RE Mercado Solar Foto,57
IGVD277,UOF RUEDA 3,,,IGNIS ENERGIA,S.,L.   100 GENERACION ZONA ESPAÑOLA RE Mercado Eólica,57
IGVD278,UOF RUEDA SOLAR,1,,IGNIS ENERGIA,S.,L.   100 GENERACION ZONA ESPAÑOLA RE Mercado Solar Foto,57
IGVD279,UOF RUEDA SOLAR,2,,IGNIS ENERGIA,S.,L.   100 GENERACION ZONA ESPAÑOLA RE Mercado Solar Foto,57
IGVD280,UOF SALGUERO,,,IGNIS ENERGIA,S.,L.   100 GENERACION ZONA ESPAÑOLA RE Mercado Eólica,57
IGVD281,UOF MONTE BECER,RIL,,IGNIS ENERGIA,S.,L.   100 GENERACION ZONA ESPAÑOLA RE Mercado Eólica,57
IGVD282,UOF BALUARTE,,,IGNIS ENERGIA,S.,L.   100 GENERACION ZONA ESPAÑOLA RE Mercado Solar Foto,57
IGVD283,UOF BOMBARDA,,,IGNIS ENERGIA,S.,L.   100 GENERACION ZONA ESPAÑOLA RE Mercado Solar Foto,57
IGVD284,UOF PE MIRAVETE,,,IGNIS ENERGIA,S.,L.   100 GENERACION ZONA ESPAÑOLA RE Mercado Eólica,57
IGVD285,UOF CARBESO SOL,AR,,IGNIS ENERGIA,S.,L.   100 GENERACION ZONA ESPAÑOLA RE Mercado Solar Foto,57
IGVD286,UOF CRUZ DE LOS,CAMI,NOS,IGNIS ENERGIA,S.,L.   100 GENERACION ZONA ESPAÑOLA RE Mercado Solar Foto,57
IGVD287,UOF PIEDRA DE LA,SAL,,IGNIS ENERGIA,S.,L.   100 GENERACION ZONA ESPAÑOLA RE Mercado Solar Foto,57
IGVD288,UOF CASILLA SOLA,R,,IGNIS ENERGIA,S.,L.   100 GENERACION ZONA ESPAÑOLA RE Mercado Solar Foto,57
IGVD289,UOF PIZANA SOLAR,,,IGNIS ENERGIA,S.,L.   100 GENERACION ZONA ESPAÑOLA RE Mercado Solar Foto,57
IGVD290,UOF JILGUERO SO,LAR,,IGNIS ENERGIA,S.,L.   100 GENERACION ZONA ESPAÑOLA RE Mercado Solar Foto,57
IGVD291,UOF RASCON SOLA,R,,IGNIS ENERGIA,S.,L.   100 GENERACION ZONA ESPAÑOLA RE Mercado Solar Foto,57
IGVD292,UOF LA DEHESA,,,IGNIS ENERGIA,S.,L.   100 GENERACION ZONA ESPAÑOLA RE Mercado Solar Tér,57
IGVD293,UOF RUEDA WIND 1,,,IGNIS ENERGIA,S.,L.   100 GENERACION ZONA ESPAÑOLA RE Mercado Eólica,57
IGVD294,UOF RUEDA WIND 2,,,IGNIS ENERGIA,S.,L.   100 GENERACION ZONA ESPAÑOLA RE Mercado Eólica,57
IGVD295,UOF JEREZ 2020,,,IGNIS ENERGIA,S.,L.   100 GENERACION ZONA ESPAÑOLA RE Mercado Solar Foto,57
IGVD296,UOF ALCONCHEL 2,020.2,,IGNIS ENERGIA,S.,L.   100 GENERACION ZONA ESPAÑOLA RE Mercado Solar Foto,57
IGVD297,ALCONCHEL 2020,,,IGNIS ENERGIA,S.,L.   100 GENERACION ZONA ESPAÑOLA RE Mercado Solar Foto,57
IGVD298,UOF ALCONCHEL 2,021,,IGNIS ENERGIA,S.,L.   100 GENERACION ZONA ESPAÑOLA RE Mercado Solar Foto,57
IGVD299,UOF XALLAS IV,,,IGNIS ENERGIA,S.,L.   100 GENERACION ZONA ESPAÑOLA RE Mercado Hidráulica,57
IGVD300,UOF EBRO CT,,,IGNIS ENERGIA,S.,L.   100 GENERACION ZONA ESPAÑOLA RE Mercado Eólica,57
IGVD302,UOF EL AGUILA,,,IGNIS ENERGIA,S.,L.   100 GENERACION ZONA ESPAÑOLA RE Mercado Solar Foto,57
IGVD303,UOF CHAMBO,,,IGNIS ENERGIA,S.,L.   100 GENERACION ZONA ESPAÑOLA RE Mercado Solar Foto,57
IGVD304,UOF EIDEN,,,IGNIS ENERGIA,S.,L.   100 GENERACION ZONA ESPAÑOLA RE Mercado Solar Foto,57
IGVD305,UOF MAMBAR,,,IGNIS ENERGIA,S.,L.   100 GENERACION ZONA ESPAÑOLA RE Mercado Solar Foto,57
IM3RE01,IM3RE01,,,IM3 ENERGIA SL,,   100 GENERACION ZONA ESPAÑOLA RE Mercado Solar Foto,57
IM3RE02,IM3RE02,,,IM3 ENERGIA SL,,   100 GENERACION ZONA ESPAÑOLA RE Mercado Solar Foto,57
INATV02,UNIDAD DE VENTA,,,"INATLANTI, LDA",,   100 GENERACION ZONA PORTUGUESA RE Tarifa CU R (uof),57
INERE01,INERE01,,,INER ENERGIA,CA,STILL A LA MANCH A SL 100 GENERACION ZONA ESPAÑOLA RE Mercado Solar Foto,57
INTRE01,RE HIDRAULICA TT,R,,DUFERCO IBERI,A,SL   100 GENERACION ZONA ESPAÑOLA RE Mercado Hidráulica,57
INTRE02,INTRA FV >1MW,,,DUFERCO IBERI,A,SL   100 GENERACION ZONA ESPAÑOLA RE Mercado Solar Foto,57
INTRE03,HIDRO ASTURIAS A,LTAN,O,DUFERCO IBERI,A,SL   100 GENERACION ZONA ESPAÑOLA RE Mercado Hidráulica,57
INTRE04,HIDRO CUENCA AL,TANO,,DUFERCO IBERI,A,SL   100 GENERACION ZONA ESPAÑOLA RE Mercado Hidráulica,57
INTRE05,FV RIOSEQUINO AL,TANO,,DUFERCO IBERI,A,SL   100 GENERACION ZONA ESPAÑOLA RE Mercado Solar Foto,57
INTVD01,INTRA01,,,DUFERCO IBERI,A,SL   100 GENERACION ZONA ESPAÑOLA RE Mercado Hidráulica,57
INTVD02,INTRA FV <1MW,,,DUFERCO IBERI,A,SL   100 GENERACION ZONA ESPAÑOLA RE Mercado Solar Foto,57
IPG,C.H. IP GENERACIO,N,,ENDESA GENER,A,"CIÓN, S.A.  100 GENERACION ZONA ESPAÑOLA Hidráulica de Bombeo",57
ISMRE02,REPRESENTACION,MAY,A,INGEBAU SOLU,CI,ONES DE MEDIDA SL 100 GENERACION ZONA ESPAÑOLA RE Mercado Solar Foto,57
ISMRE03,REPRESENTACION,MAZ,ARRON,INGEBAU SOLU,CI,ONES DE MEDIDA SL 100 GENERACION ZONA ESPAÑOLA RE Mercado Solar Foto,57
ISMRE04,REPRESENTACIÓN,PEÑ,AS,INGEBAU SOLU,CI,ONES DE MEDIDA SL 100 GENERACION ZONA ESPAÑOLA RE Mercado Solar Foto,57
ISMRE05,REPRESENTACIÓN,PINO,SO,INGEBAU SOLU,CI,ONES DE MEDIDA SL 100 GENERACION ZONA ESPAÑOLA RE Mercado Solar Foto,57
ITUVD01,PRADILLO,,,ITURBEGI S.L.,,   100 GENERACION ZONA ESPAÑOLA RE Mercado Hidráulica,57
ITUVD02,GURREA,,,ITURBEGI S.L.,,   100 GENERACION ZONA ESPAÑOLA RE Mercado Hidráulica,57
JAFPV02,JAFPLUS_AGR,,,JAF PLUS LDA,,   100 GENERACION ZONA PORTUGUESA RE Tarifa CU R (uof),57
JUCA,UGH. JUCAR,IBERDROLA ENERG,ÍA E,SPAÑ,A S..,A.  100 GENERACION ZONA ESPAÑOLA Hidráulica Ge neración,58
LAN1,LAN1,GNERA ENERGIA Y,TEC,NOLO,GIA,  100 GENERACION ZONA ESPAÑOLA Hidráulica Ge neración,58
LAN2,LAN2,GNERA ENERGIA Y,TEC,NOLO,GIA,  100 GENERACION ZONA ESPAÑOLA Hidráulica Ge neración,58
LARES1,C.C. LARES 1,EDP GEM PORTUG,AL S,.A.,,  100 GENERACION ZONA PORTUGUESA Ciclo Combin ado,58
LARES2,C.C. LARES 2,EDP GEM PORTUG,AL S,.A.,,  100 GENERACION ZONA PORTUGUESA Ciclo Combin ado,58
LAUEVD0,COGENERACION,LA UNIÓN ELECTRO,IN,DUSTR,"IAL,",S.L.U.  100 GENERACION ZONA ESPAÑOLA RE Mercado Térmica n,58
LAUEVD2,REPRES. INSTALACIONES >15 KW,LA UNIÓN ELECTRO,IN,DUSTR,"IAL,",S.L.U.  100 GENERACION ZONA ESPAÑOLA RE Mercado Solar Foto,58
LAUEVD5,REPRES. INSTALACIONES >1MW,LA UNIÓN ELECTRO,IN,DUSTR,"IAL,",S.L.U.  100 GENERACION ZONA ESPAÑOLA RE Mercado Solar Foto,58
LAUEVD6,LAUEVD6,LA UNIÓN ELECTRO,IN,DUSTR,"IAL,",S.L.U.  100 GENERACION ZONA ESPAÑOLA RE Mercado Hidráulica,58
LAURE01,PSFV-EL CAMPILLO,LA UNIÓN ELECTRO,IN,DUSTR,"IAL,",S.L.U.  100 GENERACION ZONA ESPAÑOLA RE Mercado Solar Foto,58
LAURE02,PSF-EL TOLL,LA UNIÓN ELECTRO,IN,DUSTR,"IAL,",S.L.U.  100 GENERACION ZONA ESPAÑOLA RE Mercado Solar Foto,58
LBAT,LOS BATANEJOS,WIND TO MARKET (,ACT,.: COM,ERC,IALIZACIÓN RE) 100 GENERACION ZONA ESPAÑOLA Hidráulica Ge neración,58
LEZIV02,PLANTA FOTOVOLTAICA CERCA,EDP GEM PORTUG,AL S,.A.,,  100 GENERACION ZONA PORTUGUESA RE Tarifa CU R (uof),58
LIDVD01,LIDVD01,GREENING SMART,ENE,"RGY,",SL,  100 GENERACION ZONA ESPAÑOLA RE Mercado Solar Foto,58
LIDVD02,LIDVD02,GREENING SMART,ENE,"RGY,",SL,  100 GENERACION ZONA ESPAÑOLA RE Mercado Solar Foto,58
LIDVD03,LIDVD03,GREENING SMART,ENE,"RGY,",SL,  100 GENERACION ZONA ESPAÑOLA RE Mercado Solar Foto,58
LIDVD04,LIDVD04,GREENING SMART,ENE,"RGY,",SL,  100 GENERACION ZONA ESPAÑOLA RE Mercado Solar Foto,58
LLO1,LA LOSA 1,WIND TO MARKET (,ACT,.: COM,ERC,IALIZACIÓN RE) 100 GENERACION ZONA ESPAÑOLA Hidráulica Ge neración,58
LLO2,LA LOSA 2,WIND TO MARKET (,ACT,.: COM,ERC,IALIZACIÓN RE) 100 GENERACION ZONA ESPAÑOLA Hidráulica Ge neración,58
LLO3,LA LOSA 3,WIND TO MARKET (,ACT,.: COM,ERC,IALIZACIÓN RE) 100 GENERACION ZONA ESPAÑOLA Hidráulica Ge neración,58
LMA1,LA MANCHEGA,WIND TO MARKET (,ACT,.: COM,ERC,IALIZACIÓN RE) 100 GENERACION ZONA ESPAÑOLA Hidráulica Ge neración,58
LMEJUCA,MINIHIDRAULICA JUCA,LONJAS TECNOLOG,"ÍA,",S.A.,,  100 GENERACION ZONA ESPAÑOLA Hidráulica Ge neración,58
LMERVD1,VENTA EXCED. AUTOPROD. LMER,LONJAS TECNOLOG,"ÍA,",S.A.,,  100 GENERACION ZONA ESPAÑOLA RE Mercado Térmica n,58
LMERVD2,FYLMER-FOTOV,LONJAS TECNOLOG,"ÍA,",S.A.,,  100 GENERACION ZONA ESPAÑOLA RE Mercado Solar Foto,58
LMERVD6,BIOCOMPOST,LONJAS TECNOLOG,"ÍA,",S.A.,,  100 GENERACION ZONA ESPAÑOLA RE Mercado Térmica R,58
LMERVD7,CG ARGAL MIRALCAMP,LONJAS TECNOLOG,"ÍA,",S.A.,,  100 GENERACION ZONA ESPAÑOLA RE Mercado Térmica n,58
LMEVD10,CMILLAS,LONJAS TECNOLOG,"ÍA,",S.A.,,  100 GENERACION ZONA ESPAÑOLA RE Mercado Térmica n,58
LMEVD11,MILLAS II,LONJAS TECNOLOG,"ÍA,",S.A.,,  100 GENERACION ZONA ESPAÑOLA RE Mercado Térmica n,58
LMEVD13,ESLA,LONJAS TECNOLOG,"ÍA,",S.A.,,  100 GENERACION ZONA ESPAÑOLA RE Mercado Térmica n,58
LMEVD14,PARC DE ALBA,LONJAS TECNOLOG,"ÍA,",S.A.,,  100 GENERACION ZONA ESPAÑOLA RE Mercado Térmica n,58
LMEVD15,ESCANDELLA,LONJAS TECNOLOG,"ÍA,",S.A.,,  100 GENERACION ZONA ESPAÑOLA RE Mercado Térmica n,58
LMEVD17,VERTEDEROS RESUDIOS S.A,LONJAS TECNOLOG,"ÍA,",S.A.,,  100 GENERACION ZONA ESPAÑOLA RE Mercado Térmica R,58
LMEVD18,GAS RESIDUOS,LONJAS TECNOLOG,"ÍA,",S.A.,,  100 GENERACION ZONA ESPAÑOLA RE Mercado Térmica R,58
LMEVD23,PUERTO BLANCO,LONJAS TECNOLOG,"ÍA,",S.A.,,  100 GENERACION ZONA ESPAÑOLA RE Mercado Térmica n,58
LMEVD25,RIOANTIGUO,LONJAS TECNOLOG,"ÍA,",S.A.,,  100 GENERACION ZONA ESPAÑOLA RE Mercado Hidráulica,58
LMEVD26,SANCHEZ ROMERO,LONJAS TECNOLOG,"ÍA,",S.A.,,  100 GENERACION ZONA ESPAÑOLA RE Mercado Térmica n,58
LMEVD27,HIBFUTUCER,LONJAS TECNOLOG,"ÍA,",S.A.,,  100 GENERACION ZONA ESPAÑOLA Híbrida Reno v.-Térmic,58
LMEVD28,HIBHELIOS,LONJAS TECNOLOG,"ÍA,",S.A.,,  100 GENERACION ZONA ESPAÑOLA RE Mercado Térmica n,58
LMEVD29,HIB-IBERFRUTA,LONJAS TECNOLOG,"ÍA,",S.A.,,  100 GENERACION ZONA ESPAÑOLA RE Mercado Térmica n,58
LMEVD30,HIB-COMA,LONJAS TECNOLOG,"ÍA,",S.A.,,  100 GENERACION ZONA ESPAÑOLA Híbrida Reno vable,58
LMEVD31,FVTERMOAR,LONJAS TECNOLOG,"ÍA,",S.A.,,  100 GENERACION ZONA ESPAÑOLA RE Mercado Solar Foto,58
LMEVD32,SENORIOS,LONJAS TECNOLOG,"ÍA,",S.A.,,  100 GENERACION ZONA ESPAÑOLA RE Mercado Térmica n,58
LMEVD33,QUALICAPS,LONJAS TECNOLOG,"ÍA,",S.A.,,  100 GENERACION ZONA ESPAÑOLA RE Mercado Térmica n,58
LMEVD34,HIBBEBE,LONJAS TECNOLOG,"ÍA,",S.A.,,  100 GENERACION ZONA ESPAÑOLA Híbrida Reno vable,58
LMM1,LA MARMOTA 1,WIND TO MARKET (,ACT,.: COM,ERC,IALIZACIÓN RE) 100 GENERACION ZONA ESPAÑOLA Hidráulica Ge neración,58
LMM2,LA MARMOTA 2,WIND TO MARKET (,ACT,.: COM,ERC,IALIZACIÓN RE) 100 GENERACION ZONA ESPAÑOLA Hidráulica Ge neración,58
LMPM001,RE PMERCADO 1,LONJAS TECNOLOG,"ÍA,",S.A.,,  100 GENERACION ZONA ESPAÑOLA RE Mercado Térmica R,58
LMRE001,LONJAS MERCADOS AG. VEND. 1,"LONJAS TECNOLOGÍA, S.A.",,,100,GENERACION ZONA ESPAÑOLA RE Mercado Solar Foto,59
LMRE003,ESTEVE,"LONJAS TECNOLOGÍA, S.A.",,,100,GENERACION ZONA ESPAÑOLA RE Mercado Térmica n,59
LMRE005,FVRIOJA,"LONJAS TECNOLOGÍA, S.A.",,,100,GENERACION ZONA ESPAÑOLA RE Mercado Solar Foto,59
LNU1,LOS NUEVOS 1,WIND TO MARKET (ACT.: COMERCIALIZACIÓ,N,RE),100,GENERACION ZONA ESPAÑOLA Hidráulica Ge neración,59
LNU2,LOS NUEVOS 2,WIND TO MARKET (ACT.: COMERCIALIZACIÓ,N,RE),100,GENERACION ZONA ESPAÑOLA Hidráulica Ge neración,59
LOGIV02,LOGICA VENDA,"LOGICA ENERGY, LDA",,,100,GENERACION ZONA PORTUGUESA RE Tarifa CU R (uof),59
LORC,LORCHA,WIND TO MARKET (ACT.: COMERCIALIZACIÓ,N,RE),100,GENERACION ZONA ESPAÑOLA Hidráulica Ge neración,59
LUMRE01,LUMRE01,HIDROELÉCTRICA LUMYMEY,,,100,GENERACION ZONA ESPAÑOLA RE Mercado Solar Foto,59
LUSIV02,LUSIV02,LUSIADAENERGIA S.A,,,100,GENERACION ZONA PORTUGUESA RE Tarifa CU R (uof),59
LUZBV02,UOF GENERACION,LUZBOA-COMERCIALIZAÇAO DE ENERGIA LD,A,,100,GENERACION ZONA PORTUGUESA RE Tarifa CU R (uof),59
MALA1,C.C. MÁLAGA 1,GAS NATURAL COMERCIALIZADORA,,,100,GENERACION ZONA ESPAÑOLA Ciclo Combin ado,59
MASRE01,MASIRP01,INTELIGENCIA PARA EL AHORRO ENERGETI,C,O S.L.,100,GENERACION ZONA ESPAÑOLA RE Mercado Solar Foto,59
MAZVD01,UNIDAD OFERTA GENERICA FV,MAZE ENERGY SLU,,,100,GENERACION ZONA ESPAÑOLA RE Mercado Solar Foto,59
METRE01,VENTA RENOVABLE,"MET ENERGIA ESPANA, S.A.",,,100,GENERACION ZONA ESPAÑOLA RE Mercado Solar Foto,59
METRE02,FV PR3,"MET ENERGIA ESPANA, S.A.",,,100,GENERACION ZONA ESPAÑOLA RE Mercado Solar Foto,59
METRE03,FV SAN JORGE,"MET ENERGIA ESPANA, S.A.",,,100,GENERACION ZONA ESPAÑOLA RE Mercado Solar Foto,59
METRE04,FV LA PALMA,"MET ENERGIA ESPANA, S.A.",,,100,GENERACION ZONA ESPAÑOLA RE Mercado Solar Foto,59
METRE05,FV PEDREGAL,"MET ENERGIA ESPANA, S.A.",,,100,GENERACION ZONA ESPAÑOLA RE Mercado Solar Foto,59
METRE06,FV ROCIO,"MET ENERGIA ESPANA, S.A.",,,100,GENERACION ZONA ESPAÑOLA RE Mercado Solar Foto,59
METRE07,FV LA HERRERA,"MET ENERGIA ESPANA, S.A.",,,100,GENERACION ZONA ESPAÑOLA RE Mercado Solar Foto,59
METRE08,FV PEÑAFLOR,"MET ENERGIA ESPANA, S.A.",,,100,GENERACION ZONA ESPAÑOLA RE Mercado Solar Foto,59
METRE09,MUTXAMEL,"MET ENERGIA ESPANA, S.A.",,,100,GENERACION ZONA ESPAÑOLA RE Mercado Solar Foto,59
METRE10,UFSALADAS,"MET ENERGIA ESPANA, S.A.",,,100,GENERACION ZONA ESPAÑOLA RE Mercado Solar Foto,59
METRE11,UF PERLETA I,"MET ENERGIA ESPANA, S.A.",,,100,GENERACION ZONA ESPAÑOLA RE Mercado Solar Foto,59
METRE12,UF PERLETA II,"MET ENERGIA ESPANA, S.A.",,,100,GENERACION ZONA ESPAÑOLA RE Mercado Solar Foto,59
MHLRMER,HYDRO MHLR,ASISTENCIA ENERGÉTICA S.L.,,,100,GENERACION ZONA ESPAÑOLA Hidráulica Ge neración,59
MLTG,C.H. MORALETS GENERACION,"ENDESA GENERACIÓN, S.A.",,,100,GENERACION ZONA ESPAÑOLA Hidráulica de Bombeo,59
MOLIVIR,C.H. MOLINO VIEJO,"ELÉCTRICA ANTONIO MADRID, S.L.",,,100,GENERACION ZONA ESPAÑOLA Hidráulica Ge neración,59
MONDEGO,AREA DO MONDEGO,EDP GEM PORTUGAL S.A.,,,100,GENERACION ZONA PORTUGUESA Hidráulica Ge neración,59
MOREL1R,MORELA 1 - RO,NEXUS ENERGÍA (ACT. COMERCIALIZACIÓN,R,E),100,GENERACION ZONA ESPAÑOLA RE Mercado Térmica n,59
MOREL2R,MORELA2-RO,NEXUS ENERGÍA (ACT. COMERCIALIZACIÓN,R,E),100,GENERACION ZONA ESPAÑOLA RE Mercado Térmica n,59
MUEL,C.H. LA MUELA TURBINACION,IBERDROLA ENERGÍA ESPAÑA S..A.,,,100,GENERACION ZONA ESPAÑOLA Hidráulica de Bombeo,59
MUONV02,MUON VENDA,"MUON ELECTRIC, LDA.",,,100,GENERACION ZONA PORTUGUESA RE Tarifa CU R (uof),59
MYERE01,MYENERGIA V,MY ENERGIA ONER S.L.,,,100,GENERACION ZONA ESPAÑOLA RE Mercado Solar Foto,59
MYERE02,U. OFERTA DE COMPRA MY ENERGIA,MY ENERGIA ONER S.L.,,,100,GENERACION ZONA ESPAÑOLA RE Mercado Solar Foto,59
NCEVD01,REPRESENTACION FOTOVOLTAICA,"NUEVA COMERCIALIZADORA ESPAÑOLA, S.L",.,,100,GENERACION ZONA ESPAÑOLA RE Mercado Solar Foto,59
NETRE01,UOF SIC12,NOVA ENERGIA TRADING SL,,,100,GENERACION ZONA ESPAÑOLA RE Mercado Solar Foto,59
NETRE02,REPRESENTACIO PBEJAR,NOVA ENERGIA TRADING SL,,,100,GENERACION ZONA ESPAÑOLA RE Mercado Solar Foto,59
NETRE03,REPRESENTACIO SIC5,NOVA ENERGIA TRADING SL,,,100,GENERACION ZONA ESPAÑOLA RE Mercado Solar Foto,59
NETRE04,ENERVALL2,NOVA ENERGIA TRADING SL,,,100,GENERACION ZONA ESPAÑOLA RE Mercado Solar Foto,59
NEXVD03,VENTA SOLAR,NEXUS ENERGÍA (ACT. COMERCIALIZACIÓN,R,E),100,GENERACION ZONA ESPAÑOLA RE Mercado Solar Foto,59
NEXVD05,VENTA HIDRAUL,NEXUS ENERGÍA (ACT. COMERCIALIZACIÓN,R,E),100,GENERACION ZONA ESPAÑOLA RE Mercado Hidráulica,59
NEXVD07,VENTA TERMIC,NEXUS ENERGÍA (ACT. COMERCIALIZACIÓN,R,E),100,GENERACION ZONA ESPAÑOLA RE Mercado Térmica n,59
NEXVD09,VENTA RENOV,NEXUS ENERGÍA (ACT. COMERCIALIZACIÓN,R,E),100,GENERACION ZONA ESPAÑOLA RE Mercado Térmica R,59
NEXVD11,EOLICA TARIFA NEXUS 11,NEXUS ENERGÍA (ACT. COMERCIALIZACIÓN,R,E),100,GENERACION ZONA ESPAÑOLA RE Mercado Eólica,59
NEXVD20,VENTA TARIFA 20,NEXUS ENERGÍA (ACT. COMERCIALIZACIÓN,R,E),100,GENERACION ZONA ESPAÑOLA RE Mercado Térmica n,59
NEXVD21,VENTA TARIFA 21,NEXUS ENERGÍA (ACT. COMERCIALIZACIÓN,R,E),100,GENERACION ZONA ESPAÑOLA RE Mercado Solar Foto,59
NEXVD22,VENTA TARIFA 22,NEXUS ENERGÍA (ACT. COMERCIALIZACIÓN,R,E),100,GENERACION ZONA ESPAÑOLA RE Mercado Térmica n,59
NEXVD23,VENTA TARIFA 23,NEXUS ENERGÍA (ACT. COMERCIALIZACIÓN,R,E),100,GENERACION ZONA ESPAÑOLA RE Mercado Térmica n,59
NEXVD25,VENTA TARIFA 25,NEXUS ENERGÍA (ACT. COMERCIALIZACIÓN,R,E),100,GENERACION ZONA ESPAÑOLA RE Mercado Térmica n,59
NEXVD32,VENTA TARIFA 32,NEXUS ENERGÍA (ACT. COMERCIALIZACIÓN,R,E),100,GENERACION ZONA ESPAÑOLA RE Mercado Térmica n,59
NEXVD33,VENTA TARIFA 33,,NEXUS,ENERGÍA (ACT.,COMERCIALIZACIÓN,RE) 100 GENERACION ZONA ESPAÑOLA RE Mercado Térmica n,60
NEXVD35,VENTA TARIFA 35,,NEXUS,ENERGÍA (ACT.,COMERCIALIZACIÓN,RE) 100 GENERACION ZONA ESPAÑOLA RE Mercado Térmica n,60
NEXVD36,VENTA TARIFA 36,,NEXUS,ENERGÍA (ACT.,COMERCIALIZACIÓN,RE) 100 GENERACION ZONA ESPAÑOLA RE Mercado Térmica n,60
NEXVD45,VENTA A TARIFA,SERREZUELA XXI,NEXUS,ENERGÍA (ACT.,COMERCIALIZACIÓN,RE) 100 GENERACION ZONA ESPAÑOLA RE Mercado Solar Foto,60
NEXVD46,VENTA A TARIFA,EOLICA WIESA,NEXUS,ENERGÍA (ACT.,COMERCIALIZACIÓN,RE) 100 GENERACION ZONA ESPAÑOLA RE Mercado Eólica,60
NEXVD47,REGIMEN ESPEC,IAL MAYOR DE 10MW,NEXUS,ENERGÍA (ACT.,COMERCIALIZACIÓN,RE) 100 GENERACION ZONA ESPAÑOLA RE Mercado Solar Foto,60
NEXVD52,EOLICA MAYOR 5,MW,NEXUS,ENERGÍA (ACT.,COMERCIALIZACIÓN,RE) 100 GENERACION ZONA ESPAÑOLA RE Mercado Eólica,60
NEXVD53,FV MAYOR DE 5M,W,NEXUS,ENERGÍA (ACT.,COMERCIALIZACIÓN,RE) 100 GENERACION ZONA ESPAÑOLA RE Mercado Solar Foto,60
NEXVD57,FV MAYOR DE 5M,W,NEXUS,ENERGÍA (ACT.,COMERCIALIZACIÓN,RE) 100 GENERACION ZONA ESPAÑOLA RE Mercado Solar Foto,60
NEXVD58,FV MAYOR DE 5M,W,NEXUS,ENERGÍA (ACT.,COMERCIALIZACIÓN,RE) 100 GENERACION ZONA ESPAÑOLA RE Mercado Solar Foto,60
NEXVD59,FV MAYOR DE 5M,W,NEXUS,ENERGÍA (ACT.,COMERCIALIZACIÓN,RE) 100 GENERACION ZONA ESPAÑOLA RE Mercado Solar Foto,60
NEXVD60,FV MAYOR DE 5M,W,NEXUS,ENERGÍA (ACT.,COMERCIALIZACIÓN,RE) 100 GENERACION ZONA ESPAÑOLA RE Mercado Solar Foto,60
NEXVD61,FV MAYOR DE 5M,W,NEXUS,ENERGÍA (ACT.,COMERCIALIZACIÓN,RE) 100 GENERACION ZONA ESPAÑOLA RE Mercado Solar Foto,60
NEXVD62,FV MAYOR DE 5M,W,NEXUS,ENERGÍA (ACT.,COMERCIALIZACIÓN,RE) 100 GENERACION ZONA ESPAÑOLA RE Mercado Solar Foto,60
NEXVD63,FV MAYOR DE 5M,W,NEXUS,ENERGÍA (ACT.,COMERCIALIZACIÓN,RE) 100 GENERACION ZONA ESPAÑOLA RE Mercado Solar Foto,60
NEXVD64,FV MAYOR DE 5M,W,NEXUS,ENERGÍA (ACT.,COMERCIALIZACIÓN,RE) 100 GENERACION ZONA ESPAÑOLA RE Mercado Solar Foto,60
NEXVD65,FV MAYOR DE 5M,W,NEXUS,ENERGÍA (ACT.,COMERCIALIZACIÓN,RE) 100 GENERACION ZONA ESPAÑOLA RE Mercado Solar Foto,60
NEXVD67,FV MAYOR DE 5M,W,NEXUS,ENERGÍA (ACT.,COMERCIALIZACIÓN,RE) 100 GENERACION ZONA ESPAÑOLA RE Mercado Solar Foto,60
NEXVD70,FV MAYOR DE 5M,W,NEXUS,ENERGÍA (ACT.,COMERCIALIZACIÓN,RE) 100 GENERACION ZONA ESPAÑOLA RE Mercado Solar Foto,60
NEXVD71,FV MAYOR DE 5M,W,NEXUS,ENERGÍA (ACT.,COMERCIALIZACIÓN,RE) 100 GENERACION ZONA ESPAÑOLA RE Mercado Solar Foto,60
NEXVD72,FV MAYOR DE 5M,W,NEXUS,ENERGÍA (ACT.,COMERCIALIZACIÓN,RE) 100 GENERACION ZONA ESPAÑOLA RE Mercado Solar Foto,60
NEXVD76,TERMICA MAYOR,DE 5MW,NEXUS,ENERGÍA (ACT.,COMERCIALIZACIÓN,RE) 100 GENERACION ZONA ESPAÑOLA RE Mercado Térmica n,60
NEXVD77,TERMICA MAYOR,DE 5MW,NEXUS,ENERGÍA (ACT.,COMERCIALIZACIÓN,RE) 100 GENERACION ZONA ESPAÑOLA RE Mercado Térmica n,60
NEXVD80,TERMICA MAYOR,DE 5MW,NEXUS,ENERGÍA (ACT.,COMERCIALIZACIÓN,RE) 100 GENERACION ZONA ESPAÑOLA RE Mercado Térmica n,60
NEXVD81,TERMICA MAYOR,DE 5MW,NEXUS,ENERGÍA (ACT.,COMERCIALIZACIÓN,RE) 100 GENERACION ZONA ESPAÑOLA RE Mercado Térmica n,60
NEXVD85,EOLICA MAYOR D,E 1MW,NEXUS,ENERGÍA (ACT.,COMERCIALIZACIÓN,RE) 100 GENERACION ZONA ESPAÑOLA RE Mercado Eólica,60
NEXVD86,HIDRAULICA MAY,OR DE 1MW,NEXUS,ENERGÍA (ACT.,COMERCIALIZACIÓN,RE) 100 GENERACION ZONA ESPAÑOLA RE Mercado Hidráulica,60
NEXVD87,TERMICA MAYOR,DE 1 MW,NEXUS,ENERGÍA (ACT.,COMERCIALIZACIÓN,RE) 100 GENERACION ZONA ESPAÑOLA RE Mercado Térmica n,60
NEXVD88,RESIDUOS MAYO,R DE 1MW,NEXUS,ENERGÍA (ACT.,COMERCIALIZACIÓN,RE) 100 GENERACION ZONA ESPAÑOLA RE Mercado Térmica R,60
NEXVD89,CERM,,NEXUS,ENERGÍA (ACT.,COMERCIALIZACIÓN,RE) 100 GENERACION ZONA ESPAÑOLA RE Mercado Térmica n,60
NEXVD90,UOF COG DER PE,TROLEO MAYOR 1MW,NEXUS,ENERGÍA (ACT.,COMERCIALIZACIÓN,RE) 100 GENERACION ZONA ESPAÑOLA RE Mercado Térmica n,60
NEXVD91,UO FSCASTU,,NEXUS,ENERGÍA (ACT.,COMERCIALIZACIÓN,RE) 100 GENERACION ZONA ESPAÑOLA RE Mercado Solar Foto,60
NEXVD98,UOF BIOGAS MEN,OR 1MW,NEXUS,ENERGÍA (ACT.,COMERCIALIZACIÓN,RE) 100 GENERACION ZONA ESPAÑOLA RE Mercado Térmica n,60
NRENVD1,NRENO-VENTA,,NEXUS,"RENOVABLES,",S.L., 100 GENERACION ZONA ESPAÑOLA RE Mercado Solar Foto,60
NXVD100,UOF EPEBRE,,NEXUS,ENERGÍA (ACT.,COMERCIALIZACIÓN,RE) 100 GENERACION ZONA ESPAÑOLA RE Mercado Eólica,60
NXVD101,UOF ALTEN ALCO,NERA DOS,NEXUS,ENERGÍA (ACT.,COMERCIALIZACIÓN,RE) 100 GENERACION ZONA ESPAÑOLA RE Mercado Solar Foto,60
NXVD104,UOF MAYOR 5MW,CAÑAMERO,NEXUS,ENERGÍA (ACT.,COMERCIALIZACIÓN,RE) 100 GENERACION ZONA ESPAÑOLA RE Mercado Solar Foto,60
NXVD107,UOF SOLAR ALAM,O,NEXUS,ENERGÍA (ACT.,COMERCIALIZACIÓN,RE) 100 GENERACION ZONA ESPAÑOLA RE Mercado Solar Foto,60
NXVD108,UOF EOLICA LOM,AS,NEXUS,ENERGÍA (ACT.,COMERCIALIZACIÓN,RE) 100 GENERACION ZONA ESPAÑOLA RE Mercado Eólica,60
NXVD109,UOF HIDRAULICA,CORADA,NEXUS,ENERGÍA (ACT.,COMERCIALIZACIÓN,RE) 100 GENERACION ZONA ESPAÑOLA RE Mercado Hidráulica,60
NXVD110,UOF HIDRAULICA,JERTE,NEXUS,ENERGÍA (ACT.,COMERCIALIZACIÓN,RE) 100 GENERACION ZONA ESPAÑOLA RE Mercado Hidráulica,60
NXVD111,UOF HIDRAULICA,ALANGE,NEXUS,ENERGÍA (ACT.,COMERCIALIZACIÓN,RE) 100 GENERACION ZONA ESPAÑOLA RE Mercado Hidráulica,60
NXVD112,UOF HIDRAULICA,PORMA,NEXUS,ENERGÍA (ACT.,COMERCIALIZACIÓN,RE) 100 GENERACION ZONA ESPAÑOLA RE Mercado Hidráulica,60
NXVD113,UOF SOLAR FER,NANDINA,NEXUS,ENERGÍA (ACT.,COMERCIALIZACIÓN,RE) 100 GENERACION ZONA ESPAÑOLA RE Mercado Solar Foto,60
NXVD114,UOF EOLICA LA N,AVA,NEXUS,ENERGÍA (ACT.,COMERCIALIZACIÓN,RE) 100 GENERACION ZONA ESPAÑOLA RE Mercado Eólica,60
NXVD117,EOLICA LOS CIER,ZOS,NEXUS,ENERGÍA (ACT.,COMERCIALIZACIÓN,RE) 100 GENERACION ZONA ESPAÑOLA RE Mercado Eólica,60
NXVD118,UOF FV MIRAMUN,DO,NEXUS,ENERGÍA (ACT.,COMERCIALIZACIÓN,RE) 100 GENERACION ZONA ESPAÑOLA RE Mercado Solar Foto,60
NXVD120,UOF FV ZAFRA,,NEXUS,ENERGÍA (ACT.,COMERCIALIZACIÓN,RE) 100 GENERACION ZONA ESPAÑOLA RE Mercado Solar Foto,60
NXVD126,UOF EOLICA MIN,ON,NEXUS,ENERGÍA (ACT.,COMERCIALIZACIÓN,RE) 100 GENERACION ZONA ESPAÑOLA RE Mercado Eólica,60
NXVD127,UOF FV ALA,RCOS,NEXUS,ENERGÍA,(ACT.,COMERCIALIZACIÓN RE) 100 GENERACION ZONA ESPAÑOLA RE Mercado Solar Foto,61
NXVD128,UOF FV TOR,RE COTILLAS,NEXUS,ENERGÍA,(ACT.,COMERCIALIZACIÓN RE) 100 GENERACION ZONA ESPAÑOLA RE Mercado Solar Foto,61
NXVD129,UOF FV TAL,ARRUBIAS I,NEXUS,ENERGÍA,(ACT.,COMERCIALIZACIÓN RE) 100 GENERACION ZONA ESPAÑOLA RE Mercado Solar Foto,61
NXVD130,UOF FV TAL,ARRUBIAS II,NEXUS,ENERGÍA,(ACT.,COMERCIALIZACIÓN RE) 100 GENERACION ZONA ESPAÑOLA RE Mercado Solar Foto,61
NXVD131,UOF FV X-EL,IO ALMANSA,NEXUS,ENERGÍA,(ACT.,COMERCIALIZACIÓN RE) 100 GENERACION ZONA ESPAÑOLA RE Mercado Solar Foto,61
NXVD132,UOF FV X-EL,IO SEVILLA,NEXUS,ENERGÍA,(ACT.,COMERCIALIZACIÓN RE) 100 GENERACION ZONA ESPAÑOLA RE Mercado Solar Foto,61
NXVD133,UOF FV X-EL,IO ALCORES,NEXUS,ENERGÍA,(ACT.,COMERCIALIZACIÓN RE) 100 GENERACION ZONA ESPAÑOLA RE Mercado Solar Foto,61
NXVD134,UOF FV CAD,IMA,NEXUS,ENERGÍA,(ACT.,COMERCIALIZACIÓN RE) 100 GENERACION ZONA ESPAÑOLA RE Mercado Solar Foto,61
NXVD135,UOF FV PAR,CAS,NEXUS,ENERGÍA,(ACT.,COMERCIALIZACIÓN RE) 100 GENERACION ZONA ESPAÑOLA RE Mercado Solar Foto,61
NXVD136,UOF FV ALJ,ORRA,NEXUS,ENERGÍA,(ACT.,COMERCIALIZACIÓN RE) 100 GENERACION ZONA ESPAÑOLA RE Mercado Solar Foto,61
NXVD137,UOF FV PER,OGORDO,NEXUS,ENERGÍA,(ACT.,COMERCIALIZACIÓN RE) 100 GENERACION ZONA ESPAÑOLA RE Mercado Solar Foto,61
NXVD142,UOF HIDRAU,LICA LLOREN,NEXUS,ENERGÍA,(ACT.,COMERCIALIZACIÓN RE) 100 GENERACION ZONA ESPAÑOLA RE Mercado Hidráulica,61
NXVD143,UOF HIDRAU,LICA MOLINO,NEXUS,ENERGÍA,(ACT.,COMERCIALIZACIÓN RE) 100 GENERACION ZONA ESPAÑOLA RE Mercado Hidráulica,61
NXVD144,UOF HIDRAU,LICA POBLA,NEXUS,ENERGÍA,(ACT.,COMERCIALIZACIÓN RE) 100 GENERACION ZONA ESPAÑOLA RE Mercado Hidráulica,61
NXVD145,UOF HIDRAU,LICA FRESER,NEXUS,ENERGÍA,(ACT.,COMERCIALIZACIÓN RE) 100 GENERACION ZONA ESPAÑOLA RE Mercado Hidráulica,61
NXVD147,UOF BIOMAS,A CUBILLOS DEL SIL,NEXUS,ENERGÍA,(ACT.,COMERCIALIZACIÓN RE) 100 GENERACION ZONA ESPAÑOLA RE Mercado Térmica R,61
NXVD150,UOF FOTOV,OLTAICA CARRIL,NEXUS,ENERGÍA,(ACT.,COMERCIALIZACIÓN RE) 100 GENERACION ZONA ESPAÑOLA RE Mercado Solar Foto,61
NXVD151,UOF CSF PIN,ILLA,NEXUS,ENERGÍA,(ACT.,COMERCIALIZACIÓN RE) 100 GENERACION ZONA ESPAÑOLA RE Mercado Solar Foto,61
NXVD152,UOF EOLICA,OUROL,NEXUS,ENERGÍA,(ACT.,COMERCIALIZACIÓN RE) 100 GENERACION ZONA ESPAÑOLA RE Mercado Eólica,61
NXVD153,UOF FV LOS,BELOS,NEXUS,ENERGÍA,(ACT.,COMERCIALIZACIÓN RE) 100 GENERACION ZONA ESPAÑOLA RE Mercado Solar Foto,61
NXVD154,UOF FV EL M,UELLE,NEXUS,ENERGÍA,(ACT.,COMERCIALIZACIÓN RE) 100 GENERACION ZONA ESPAÑOLA RE Mercado Solar Foto,61
NXVD156,UOF SOLAR,AZARA,NEXUS,ENERGÍA,(ACT.,COMERCIALIZACIÓN RE) 100 GENERACION ZONA ESPAÑOLA RE Mercado Solar Foto,61
NXVD160,UOF SOLAR,MONTESOL,NEXUS,ENERGÍA,(ACT.,COMERCIALIZACIÓN RE) 100 GENERACION ZONA ESPAÑOLA RE Mercado Solar Foto,61
NXVD162,UOF EOLICA,SIERRA DE TRIGO,NEXUS,ENERGÍA,(ACT.,COMERCIALIZACIÓN RE) 100 GENERACION ZONA ESPAÑOLA RE Mercado Eólica,61
NXVD163,UOF EOLICA,LA MUELA NORTE,NEXUS,ENERGÍA,(ACT.,COMERCIALIZACIÓN RE) 100 GENERACION ZONA ESPAÑOLA RE Mercado Eólica,61
NXVD164,UOF EOLICA,LA PLATA,NEXUS,ENERGÍA,(ACT.,COMERCIALIZACIÓN RE) 100 GENERACION ZONA ESPAÑOLA RE Mercado Eólica,61
NXVD165,UOF EOLICA,EL REDONDAL,NEXUS,ENERGÍA,(ACT.,COMERCIALIZACIÓN RE) 100 GENERACION ZONA ESPAÑOLA RE Mercado Eólica,61
NXVD166,UOF EOLICA,SERRA DA LOBA,NEXUS,ENERGÍA,(ACT.,COMERCIALIZACIÓN RE) 100 GENERACION ZONA ESPAÑOLA RE Mercado Eólica,61
NXVD167,UOF EOLICA,EL SARDON,NEXUS,ENERGÍA,(ACT.,COMERCIALIZACIÓN RE) 100 GENERACION ZONA ESPAÑOLA RE Mercado Eólica,61
NXVD168,MONTE SEIX,O,NEXUS,ENERGÍA,(ACT.,COMERCIALIZACIÓN RE) 100 GENERACION ZONA ESPAÑOLA RE Mercado Eólica,61
NXVD169,UOF EOLICA,SERRA DO CANDO,NEXUS,ENERGÍA,(ACT.,COMERCIALIZACIÓN RE) 100 GENERACION ZONA ESPAÑOLA RE Mercado Eólica,61
NXVD170,UOF EOLICA,EL CONJURO,NEXUS,ENERGÍA,(ACT.,COMERCIALIZACIÓN RE) 100 GENERACION ZONA ESPAÑOLA RE Mercado Eólica,61
NXVD171,UOF EOLICA,VALDECONEJOS,NEXUS,ENERGÍA,(ACT.,COMERCIALIZACIÓN RE) 100 GENERACION ZONA ESPAÑOLA RE Mercado Eólica,61
NXVD172,UOF EOLICA,EL CARRASCAL,NEXUS,ENERGÍA,(ACT.,COMERCIALIZACIÓN RE) 100 GENERACION ZONA ESPAÑOLA RE Mercado Eólica,61
NXVD173,UOF EOLICA,EL CARRASCAL2,NEXUS,ENERGÍA,(ACT.,COMERCIALIZACIÓN RE) 100 GENERACION ZONA ESPAÑOLA RE Mercado Eólica,61
NXVD174,UOF EOLICA,LA CERRADILLA,NEXUS,ENERGÍA,(ACT.,COMERCIALIZACIÓN RE) 100 GENERACION ZONA ESPAÑOLA RE Mercado Eólica,61
NXVD175,UOF EOLICA,LA CERRADILLA2,NEXUS,ENERGÍA,(ACT.,COMERCIALIZACIÓN RE) 100 GENERACION ZONA ESPAÑOLA RE Mercado Eólica,61
NXVD176,UOF TERMO,SOLAR VILLENA,NEXUS,ENERGÍA,(ACT.,COMERCIALIZACIÓN RE) 100 GENERACION ZONA ESPAÑOLA RE Mercado Solar Tér,61
NXVD177,UOF SOLAR,MAGASQUILLA,NEXUS,ENERGÍA,(ACT.,COMERCIALIZACIÓN RE) 100 GENERACION ZONA ESPAÑOLA RE Mercado Solar Foto,61
NXVD179,UOF SOLAR,PASAJESOL,NEXUS,ENERGÍA,(ACT.,COMERCIALIZACIÓN RE) 100 GENERACION ZONA ESPAÑOLA RE Mercado Solar Foto,61
NXVD180,UOF GAMON,AREJO,NEXUS,ENERGÍA,(ACT.,COMERCIALIZACIÓN RE) 100 GENERACION ZONA ESPAÑOLA RE Mercado Solar Foto,61
NXVD188,UOF SOLAR,CALCAL,NEXUS,ENERGÍA,(ACT.,COMERCIALIZACIÓN RE) 100 GENERACION ZONA ESPAÑOLA RE Mercado Solar Foto,61
NXVD190,UOF SOLAR,ALIWIN,NEXUS,ENERGÍA,(ACT.,COMERCIALIZACIÓN RE) 100 GENERACION ZONA ESPAÑOLA RE Mercado Solar Foto,61
NXVD193,UOF SOLAR,OLIVENZA,NEXUS,ENERGÍA,(ACT.,COMERCIALIZACIÓN RE) 100 GENERACION ZONA ESPAÑOLA RE Mercado Solar Foto,61
NXVD194,UOF SOLAR,LA SOLANA,NEXUS,ENERGÍA,(ACT.,COMERCIALIZACIÓN RE) 100 GENERACION ZONA ESPAÑOLA RE Mercado Solar Foto,61
NXVD195,UOF SOLAR,TORDESILLAS,NEXUS,ENERGÍA,(ACT.,COMERCIALIZACIÓN RE) 100 GENERACION ZONA ESPAÑOLA RE Mercado Solar Foto,61
NXVD197,UOF SOLAR,SARDA,NEXUS,ENERGÍA,(ACT.,COMERCIALIZACIÓN RE) 100 GENERACION ZONA ESPAÑOLA RE Mercado Solar Foto,61
NXVD198,UOF SOLAR,ALCONERA,NEXUS,ENERGÍA,(ACT.,COMERCIALIZACIÓN RE) 100 GENERACION ZONA ESPAÑOLA RE Mercado Solar Foto,61
NXVD199,UOF SOLAR,QUIJOTE,NEXUS,ENERGÍA,(ACT.,COMERCIALIZACIÓN RE) 100 GENERACION ZONA ESPAÑOLA RE Mercado Solar Foto,61
NXVD200,UOF SOLAR,SERREZUELA,NEXUS,ENERGÍA,(ACT.,COMERCIALIZACIÓN RE) 100 GENERACION ZONA ESPAÑOLA RE Mercado Solar Foto,61
NXVD201,UOF SOLAR,TURRONEROS,NEXUS,ENERGÍA,(ACT.,COMERCIALIZACIÓN RE) 100 GENERACION ZONA ESPAÑOLA RE Mercado Solar Foto,61
NXVD206,UOF SOLAR,CALAVERON,NEXUS,ENERGÍA,(ACT.,COMERCIALIZACIÓN RE) 100 GENERACION ZONA ESPAÑOLA RE Mercado Solar Foto,61
NXVD207,UOF SOLAR,EL POCICO,NEXUS,ENERGÍA,(ACT.,COMERCIALIZACIÓN RE) 100 GENERACION ZONA ESPAÑOLA RE Mercado Solar Foto,61
NXVD212,UOF SOLAR,HELIOS1,NEXUS,ENERGÍA,(ACT.,COMERCIALIZACIÓN RE) 100 GENERACION ZONA ESPAÑOLA RE Mercado Solar Foto,61
NXVD213,UOF SOLAR,HELIOS2,NEXUS,ENERGÍA,(ACT.,COMERCIALIZACIÓN RE) 100 GENERACION ZONA ESPAÑOLA RE Mercado Solar Foto,61
NXVD214,UOF SOLAR,FONTIVEROS,NEXUS,ENERGÍA,(ACT.,COMERCIALIZACIÓN RE) 100 GENERACION ZONA ESPAÑOLA RE Mercado Solar Foto,61
NXVD215,UOF SOLAR,LA SERRANA,NEXUS,ENERGÍA,(ACT.,COMERCIALIZACIÓN RE) 100 GENERACION ZONA ESPAÑOLA RE Mercado Solar Foto,61
NXVD216,UOF SOLAR,LOBOSILLO,NEXUS,ENERGÍA,(ACT.,COMERCIALIZACIÓN RE) 100 GENERACION ZONA ESPAÑOLA RE Mercado Solar Foto,61
NXVD217,UOF,SOLAR PUENTE P,IEDRA,NEXUS,ENERGÍA,(ACT. COMERCIALIZACIÓN RE) 100 GENERACION ZONA ESPAÑOLA RE Mercado Solar Fo tovoltáica,62
NXVD218,UOF,EOLICA ASCOY,,NEXUS,ENERGÍA,(ACT. COMERCIALIZACIÓN RE) 100 GENERACION ZONA ESPAÑOLA RE Mercado Eólica ,62
NXVD219,UOF,EOLICA CARCELE,N,NEXUS,ENERGÍA,(ACT. COMERCIALIZACIÓN RE) 100 GENERACION ZONA ESPAÑOLA RE Mercado Eólica ,62
NXVD221,UOF,SOLAR LOBON,,NEXUS,ENERGÍA,(ACT. COMERCIALIZACIÓN RE) 100 GENERACION ZONA ESPAÑOLA RE Mercado Solar Fo tovoltáica,62
NXVD222,UOF,SOLAR AZUER1,,NEXUS,ENERGÍA,(ACT. COMERCIALIZACIÓN RE) 100 GENERACION ZONA ESPAÑOLA RE Mercado Solar Fo tovoltáica,62
NXVD223,UOF,SOLAR AZUER2,,NEXUS,ENERGÍA,(ACT. COMERCIALIZACIÓN RE) 100 GENERACION ZONA ESPAÑOLA RE Mercado Solar Fo tovoltáica,62
NXVD224,UOF,SOLAR SERREZU,ELA2,NEXUS,ENERGÍA,(ACT. COMERCIALIZACIÓN RE) 100 GENERACION ZONA ESPAÑOLA RE Mercado Solar Fo tovoltáica,62
NXVD225,UOF,SOLAR CORESE,,NEXUS,ENERGÍA,(ACT. COMERCIALIZACIÓN RE) 100 GENERACION ZONA ESPAÑOLA RE Mercado Solar Fo tovoltáica,62
NXVD226,UOF,EOLICA ALTO DA,CROA1,NEXUS,ENERGÍA,(ACT. COMERCIALIZACIÓN RE) 100 GENERACION ZONA ESPAÑOLA RE Mercado Eólica ,62
NXVD227,UOF,EOLICA ALTO DA,CROA2,NEXUS,ENERGÍA,(ACT. COMERCIALIZACIÓN RE) 100 GENERACION ZONA ESPAÑOLA RE Mercado Eólica ,62
NXVD228,UOF,EOLICA MONTE T,OUREDO,NEXUS,ENERGÍA,(ACT. COMERCIALIZACIÓN RE) 100 GENERACION ZONA ESPAÑOLA RE Mercado Eólica ,62
NXVD229,UOF,EOLICA ALMERIQ,,NEXUS,ENERGÍA,(ACT. COMERCIALIZACIÓN RE) 100 GENERACION ZONA ESPAÑOLA RE Mercado Eólica ,62
NXVD230,UOF,EOLICA JANCOLI,,NEXUS,ENERGÍA,(ACT. COMERCIALIZACIÓN RE) 100 GENERACION ZONA ESPAÑOLA RE Mercado Eólica ,62
NXVD231,UOF,EOLICA JANDAPE,,NEXUS,ENERGÍA,(ACT. COMERCIALIZACIÓN RE) 100 GENERACION ZONA ESPAÑOLA RE Mercado Eólica ,62
NXVD232,UOF,EOLICA JANDSUY,,NEXUS,ENERGÍA,(ACT. COMERCIALIZACIÓN RE) 100 GENERACION ZONA ESPAÑOLA RE Mercado Eólica ,62
NXVD233,UOF,EOLICA LAS MON,JAS,NEXUS,ENERGÍA,(ACT. COMERCIALIZACIÓN RE) 100 GENERACION ZONA ESPAÑOLA RE Mercado Eólica ,62
NXVD234,UOF,EOLICA MOSTAZ,A,NEXUS,ENERGÍA,(ACT. COMERCIALIZACIÓN RE) 100 GENERACION ZONA ESPAÑOLA RE Mercado Eólica ,62
NXVD235,UOF,EOLICA FACINA,,NEXUS,ENERGÍA,(ACT. COMERCIALIZACIÓN RE) 100 GENERACION ZONA ESPAÑOLA RE Mercado Eólica ,62
NXVD236,UOF,EOLICA RANCHO,VIEJO,NEXUS,ENERGÍA,(ACT. COMERCIALIZACIÓN RE) 100 GENERACION ZONA ESPAÑOLA RE Mercado Eólica ,62
NXVD237,UOF,EOLICA TEJONER,O,NEXUS,ENERGÍA,(ACT. COMERCIALIZACIÓN RE) 100 GENERACION ZONA ESPAÑOLA RE Mercado Eólica ,62
NXVD238,UOF,EOLICA VOLTOR,,NEXUS,ENERGÍA,(ACT. COMERCIALIZACIÓN RE) 100 GENERACION ZONA ESPAÑOLA RE Mercado Eólica ,62
NXVD241,UOF,SOLAR SACRO IM,PERIO,NEXUS,ENERGÍA,(ACT. COMERCIALIZACIÓN RE) 100 GENERACION ZONA ESPAÑOLA RE Mercado Solar Fo tovoltáica,62
NXVD242,UOF,SOLAR LOMOS II,,NEXUS,ENERGÍA,(ACT. COMERCIALIZACIÓN RE) 100 GENERACION ZONA ESPAÑOLA RE Mercado Solar Fo tovoltáica,62
NXVD243,UOF,TERMOSOLAR LE,BRIJA,NEXUS,ENERGÍA,(ACT. COMERCIALIZACIÓN RE) 100 GENERACION ZONA ESPAÑOLA RE Mercado Solar Té rmica,62
NXVD246,UOF,COGENERACION,SALONI,NEXUS,ENERGÍA,(ACT. COMERCIALIZACIÓN RE) 100 GENERACION ZONA ESPAÑOLA RE Mercado Térmica no,62
NXVD247,UOF,SANTANDERINA,,NEXUS,ENERGÍA,(ACT. COMERCIALIZACIÓN RE) 100 GENERACION ZONA ESPAÑOLA RE Mercado Térmica no,62
NXVD248,UP T,ERMICA MIQUEL I,COSTAS,NEXUS,ENERGÍA,(ACT. COMERCIALIZACIÓN RE) 100 GENERACION ZONA ESPAÑOLA RE Mercado Térmica no,62
NXVD250,UOF,SOLAR AURA GUI,JO CORIA,NEXUS,ENERGÍA,(ACT. COMERCIALIZACIÓN RE) 100 GENERACION ZONA ESPAÑOLA RE Mercado Solar Fo tovoltáica,62
NXVD251,UOF,SOLAR AURA DE,AGUDO,NEXUS,ENERGÍA,(ACT. COMERCIALIZACIÓN RE) 100 GENERACION ZONA ESPAÑOLA RE Mercado Solar Fo tovoltáica,62
NXVD252,UOF,COG TEJIDOS RO,YO,NEXUS,ENERGÍA,(ACT. COMERCIALIZACIÓN RE) 100 GENERACION ZONA ESPAÑOLA RE Mercado Térmica no,62
NXVD253,UOF,COGENERACION,CHAPELA,NEXUS,ENERGÍA,(ACT. COMERCIALIZACIÓN RE) 100 GENERACION ZONA ESPAÑOLA RE Mercado Térmica no,62
NXVD254,UOF,SOLAR MANZANA,RES,NEXUS,ENERGÍA,(ACT. COMERCIALIZACIÓN RE) 100 GENERACION ZONA ESPAÑOLA RE Mercado Solar Fo tovoltáica,62
NXVD255,UOF,SOLAR LOS ARC,OS,NEXUS,ENERGÍA,(ACT. COMERCIALIZACIÓN RE) 100 GENERACION ZONA ESPAÑOLA RE Mercado Solar Fo tovoltáica,62
NXVD256,UOF,SOLAR LA ESTAC,ION,NEXUS,ENERGÍA,(ACT. COMERCIALIZACIÓN RE) 100 GENERACION ZONA ESPAÑOLA RE Mercado Solar Fo tovoltáica,62
NXVD258,UOF,SOLAR CALIG,,NEXUS,ENERGÍA,(ACT. COMERCIALIZACIÓN RE) 100 GENERACION ZONA ESPAÑOLA RE Mercado Solar Fo tovoltáica,62
NXVD259,UOF,GARFER AJUSTE,,NEXUS,ENERGÍA,(ACT. COMERCIALIZACIÓN RE) 100 GENERACION ZONA ESPAÑOLA RE Mercado Térmica no,62
NXVD261,UOF,SOLAR OLMEDILL,A ALARCON,NEXUS,ENERGÍA,(ACT. COMERCIALIZACIÓN RE) 100 GENERACION ZONA ESPAÑOLA RE Mercado Solar Fo tovoltáica,62
NXVD262,UOF,SOLAR AIELO,,NEXUS,ENERGÍA,(ACT. COMERCIALIZACIÓN RE) 100 GENERACION ZONA ESPAÑOLA RE Mercado Solar Fo tovoltáica,62
NXVD263,UOF,SOLAR MANDALA,,NEXUS,ENERGÍA,(ACT. COMERCIALIZACIÓN RE) 100 GENERACION ZONA ESPAÑOLA RE Mercado Solar Fo tovoltáica,62
NXVD272,UOF,VERTEDERO RUI,CES,NEXUS,ENERGÍA,(ACT. COMERCIALIZACIÓN RE) 100 GENERACION ZONA ESPAÑOLA RE Mercado Térmica Renovable,62
NXVD273,UOF,SOLAR MAS DE L,AS MATAS,NEXUS,ENERGÍA,(ACT. COMERCIALIZACIÓN RE) 100 GENERACION ZONA ESPAÑOLA RE Mercado Solar Fo tovoltáica,62
NXVD274,UOF,SOLAR CASTELE,RAS,NEXUS,ENERGÍA,(ACT. COMERCIALIZACIÓN RE) 100 GENERACION ZONA ESPAÑOLA RE Mercado Solar Fo tovoltáica,62
NXVD275,UOF,PREMB AJUSTE,,NEXUS,ENERGÍA,(ACT. COMERCIALIZACIÓN RE) 100 GENERACION ZONA ESPAÑOLA RE Mercado Térmica no,62
NXVD276,UOF,CURTIS BIOMASA,,NEXUS,ENERGÍA,(ACT. COMERCIALIZACIÓN RE) 100 GENERACION ZONA ESPAÑOLA RE Mercado Térmica Renovable,62
NXVD277,UOF,SOLAR CAÑADA,MOLINO,NEXUS,ENERGÍA,(ACT. COMERCIALIZACIÓN RE) 100 GENERACION ZONA ESPAÑOLA RE Mercado Solar Fo tovoltáica,62
NXVD279,UOF,SOLAR LOS MIST,RALES,NEXUS,ENERGÍA,(ACT. COMERCIALIZACIÓN RE) 100 GENERACION ZONA ESPAÑOLA RE Mercado Solar Fo tovoltáica,62
NXVD280,UOF,SOLAR SOLNOCT,IS3,NEXUS,ENERGÍA,(ACT. COMERCIALIZACIÓN RE) 100 GENERACION ZONA ESPAÑOLA RE Mercado Solar Fo tovoltáica,62
NXVD281,UOF,SOLAR PAJARITO,S,NEXUS,ENERGÍA,(ACT. COMERCIALIZACIÓN RE) 100 GENERACION ZONA ESPAÑOLA RE Mercado Solar Fo tovoltáica,62
NXVD282,UOF,SOLAR SOLMURC,IA,NEXUS,ENERGÍA,(ACT. COMERCIALIZACIÓN RE) 100 GENERACION ZONA ESPAÑOLA RE Mercado Solar Fo tovoltáica,62
NXVD284,UOF,SOLAR DEHESILL,A,NEXUS,ENERGÍA,(ACT. COMERCIALIZACIÓN RE) 100 GENERACION ZONA ESPAÑOLA RE Mercado Solar Fo tovoltáica,62
NXVD285,UOF,SOLAR BURGUIL,LOS,NEXUS,ENERGÍA,(ACT. COMERCIALIZACIÓN RE) 100 GENERACION ZONA ESPAÑOLA RE Mercado Solar Fo tovoltáica,62
NXVD286,UOF,SOLAR SAN JOR,GE,NEXUS,ENERGÍA,(ACT. COMERCIALIZACIÓN RE) 100 GENERACION ZONA ESPAÑOLA RE Mercado Solar Fo tovoltáica,62
NXVD287,UOF,HIDRO HVL,LNG,O,,NEXUS ENERGÍA (ACT. COMERCIALIZACIÓN RE) 100 GENERACION ZONA ESPAÑOLA RE Mercado Hidráulica,63
NXVD288,UOF,HIDRO HM,PUN,TE,,NEXUS ENERGÍA (ACT. COMERCIALIZACIÓN RE) 100 GENERACION ZONA ESPAÑOLA RE Mercado Hidráulica,63
NXVD289,UOF,HIDRO HV,VINA,S,,NEXUS ENERGÍA (ACT. COMERCIALIZACIÓN RE) 100 GENERACION ZONA ESPAÑOLA RE Mercado Hidráulica,63
NXVD292,UOF,SOLAR AB,LITA,S,,NEXUS ENERGÍA (ACT. COMERCIALIZACIÓN RE) 100 GENERACION ZONA ESPAÑOLA RE Mercado Solar Foto,63
NXVD293,UOF,SOLAR CA,STU,R,,NEXUS ENERGÍA (ACT. COMERCIALIZACIÓN RE) 100 GENERACION ZONA ESPAÑOLA RE Mercado Solar Foto,63
NXVD294,UOF,SOLAR BE,LINC,HON1,,NEXUS ENERGÍA (ACT. COMERCIALIZACIÓN RE) 100 GENERACION ZONA ESPAÑOLA RE Mercado Solar Foto,63
NXVD295,UOF,SOLAR MA,RPA,NI,,NEXUS ENERGÍA (ACT. COMERCIALIZACIÓN RE) 100 GENERACION ZONA ESPAÑOLA RE Mercado Solar Foto,63
NXVD296,UOF,SOLAR BE,LINC,HON,2,NEXUS ENERGÍA (ACT. COMERCIALIZACIÓN RE) 100 GENERACION ZONA ESPAÑOLA RE Mercado Solar Foto,63
NXVD297,UOF,SOLAR CA,RTU,JOS 1,,NEXUS ENERGÍA (ACT. COMERCIALIZACIÓN RE) 100 GENERACION ZONA ESPAÑOLA RE Mercado Solar Foto,63
NXVD298,UOF,SOLAR CA,RTU,JOS 2,,NEXUS ENERGÍA (ACT. COMERCIALIZACIÓN RE) 100 GENERACION ZONA ESPAÑOLA RE Mercado Solar Foto,63
NXVD299,UOF,SOLAR FE,DE,,,NEXUS ENERGÍA (ACT. COMERCIALIZACIÓN RE) 100 GENERACION ZONA ESPAÑOLA RE Mercado Solar Foto,63
NXVD300,UOF,SOLAR FV,ALC,ON 1,,NEXUS ENERGÍA (ACT. COMERCIALIZACIÓN RE) 100 GENERACION ZONA ESPAÑOLA RE Mercado Solar Foto,63
NXVD301,UOF,SOLAR AR,ABA,YONA,,NEXUS ENERGÍA (ACT. COMERCIALIZACIÓN RE) 100 GENERACION ZONA ESPAÑOLA RE Mercado Solar Foto,63
NXVD302,UOF,SOLAR OLI,VAR,ES,,NEXUS ENERGÍA (ACT. COMERCIALIZACIÓN RE) 100 GENERACION ZONA ESPAÑOLA RE Mercado Solar Foto,63
NXVD303,UOF,SOLAR OLI,VAR,ES2,,NEXUS ENERGÍA (ACT. COMERCIALIZACIÓN RE) 100 GENERACION ZONA ESPAÑOLA RE Mercado Solar Foto,63
NXVD304,UOF,SOLAR OLI,VAR,ES3,,NEXUS ENERGÍA (ACT. COMERCIALIZACIÓN RE) 100 GENERACION ZONA ESPAÑOLA RE Mercado Solar Foto,63
NXVD305,UOF,SOLAR OLI,VAR,ES4,,NEXUS ENERGÍA (ACT. COMERCIALIZACIÓN RE) 100 GENERACION ZONA ESPAÑOLA RE Mercado Solar Foto,63
NXVD306,UOF,SOLAR BU,IXAL,LEU,,NEXUS ENERGÍA (ACT. COMERCIALIZACIÓN RE) 100 GENERACION ZONA ESPAÑOLA RE Mercado Solar Foto,63
NXVD308,UOF,EOLICA ES,ANC,HO,,NEXUS ENERGÍA (ACT. COMERCIALIZACIÓN RE) 100 GENERACION ZONA ESPAÑOLA RE Mercado Eólica,63
NXVD313,UOF,EOLICA CO,SJA,R,,NEXUS ENERGÍA (ACT. COMERCIALIZACIÓN RE) 100 GENERACION ZONA ESPAÑOLA RE Mercado Eólica,63
NXVD316,UOF,EOLICA HE,RRE,RA,,NEXUS ENERGÍA (ACT. COMERCIALIZACIÓN RE) 100 GENERACION ZONA ESPAÑOLA RE Mercado Eólica,63
NXVD317,UOF,SOLAR ZU,ERA,2,,NEXUS ENERGÍA (ACT. COMERCIALIZACIÓN RE) 100 GENERACION ZONA ESPAÑOLA RE Mercado Solar Foto,63
NXVD318,UOF,SOLAR PL,ASE,NCIA,,NEXUS ENERGÍA (ACT. COMERCIALIZACIÓN RE) 100 GENERACION ZONA ESPAÑOLA RE Mercado Solar Foto,63
NXVD319,UOF,SOLAR ZU,ERA,,,NEXUS ENERGÍA (ACT. COMERCIALIZACIÓN RE) 100 GENERACION ZONA ESPAÑOLA RE Mercado Solar Foto,63
NXVD320,UOF,SOLAR AR,ROB,O,,NEXUS ENERGÍA (ACT. COMERCIALIZACIÓN RE) 100 GENERACION ZONA ESPAÑOLA RE Mercado Solar Foto,63
NXVD321,UOF,SOLAR CA,STE,LNOU,II,NEXUS ENERGÍA (ACT. COMERCIALIZACIÓN RE) 100 GENERACION ZONA ESPAÑOLA RE Mercado Solar Foto,63
NXVD322,UOF,SOLAR PL,AZA,,,NEXUS ENERGÍA (ACT. COMERCIALIZACIÓN RE) 100 GENERACION ZONA ESPAÑOLA RE Mercado Solar Foto,63
NXVD324,UOF,SOLAR CA,STE,LNOU,,NEXUS ENERGÍA (ACT. COMERCIALIZACIÓN RE) 100 GENERACION ZONA ESPAÑOLA RE Mercado Solar Foto,63
NXVD325,UOF,SOLAR RE,NED,O,,NEXUS ENERGÍA (ACT. COMERCIALIZACIÓN RE) 100 GENERACION ZONA ESPAÑOLA RE Mercado Solar Foto,63
NXVD326,UOF,SOLAR ST,TOM,AS,,NEXUS ENERGÍA (ACT. COMERCIALIZACIÓN RE) 100 GENERACION ZONA ESPAÑOLA RE Mercado Solar Foto,63
NXVD327,UOF,SOLAR OLI,VEN,ZA1,,NEXUS ENERGÍA (ACT. COMERCIALIZACIÓN RE) 100 GENERACION ZONA ESPAÑOLA RE Mercado Solar Foto,63
NXVD328,UOF,SOLAR OLI,VEN,ZA2,,NEXUS ENERGÍA (ACT. COMERCIALIZACIÓN RE) 100 GENERACION ZONA ESPAÑOLA RE Mercado Solar Foto,63
NXVD329,UOF,SOLAR VA,LVE,RDE,,NEXUS ENERGÍA (ACT. COMERCIALIZACIÓN RE) 100 GENERACION ZONA ESPAÑOLA RE Mercado Solar Foto,63
NXVD330,UOF,SOLAR CA,STU,ERA,,NEXUS ENERGÍA (ACT. COMERCIALIZACIÓN RE) 100 GENERACION ZONA ESPAÑOLA RE Mercado Solar Foto,63
NXVD331,UOF,SOLAR AL,GAR,ROBO,I,NEXUS ENERGÍA (ACT. COMERCIALIZACIÓN RE) 100 GENERACION ZONA ESPAÑOLA RE Mercado Solar Foto,63
NXVD332,UOF,SOLAR AL,GAR,ROBO,II,NEXUS ENERGÍA (ACT. COMERCIALIZACIÓN RE) 100 GENERACION ZONA ESPAÑOLA RE Mercado Solar Foto,63
NXVD333,UOF,SOLAR AL,GAR,ROBO,III,NEXUS ENERGÍA (ACT. COMERCIALIZACIÓN RE) 100 GENERACION ZONA ESPAÑOLA RE Mercado Solar Foto,63
NXVD334,UOF,SOLAR CO,NTR,ERAS,,NEXUS ENERGÍA (ACT. COMERCIALIZACIÓN RE) 100 GENERACION ZONA ESPAÑOLA RE Mercado Solar Foto,63
NXVD335,UOF,SOLAR LO,CAB,A,,NEXUS ENERGÍA (ACT. COMERCIALIZACIÓN RE) 100 GENERACION ZONA ESPAÑOLA RE Mercado Solar Foto,63
NXVD336,UOF,SOLAR LA,SEN,IA,,NEXUS ENERGÍA (ACT. COMERCIALIZACIÓN RE) 100 GENERACION ZONA ESPAÑOLA RE Mercado Solar Foto,63
NXVD337,UOF,SOLAR LA,SOL,LANA,,NEXUS ENERGÍA (ACT. COMERCIALIZACIÓN RE) 100 GENERACION ZONA ESPAÑOLA RE Mercado Solar Foto,63
NXVD338,UOF,SOLAR TU,RBIN,TO,,NEXUS ENERGÍA (ACT. COMERCIALIZACIÓN RE) 100 GENERACION ZONA ESPAÑOLA RE Mercado Solar Foto,63
NXVD339,UOF,SOLAR LO,ILLA,N,,NEXUS ENERGÍA (ACT. COMERCIALIZACIÓN RE) 100 GENERACION ZONA ESPAÑOLA RE Mercado Solar Foto,63
NXVD340,UOF,SOLAR SA,N PE,LAYO,,NEXUS ENERGÍA (ACT. COMERCIALIZACIÓN RE) 100 GENERACION ZONA ESPAÑOLA RE Mercado Solar Foto,63
NXVD341,UOF,SOLAR BE,LINC,HON3,,NEXUS ENERGÍA (ACT. COMERCIALIZACIÓN RE) 100 GENERACION ZONA ESPAÑOLA RE Mercado Solar Foto,63
NXVD342,UOF,SOLAR LA,ISLA,,,NEXUS ENERGÍA (ACT. COMERCIALIZACIÓN RE) 100 GENERACION ZONA ESPAÑOLA RE Mercado Solar Foto,63
NXVD344,UOF,SOLAR DU,LCIN,EA 5,,NEXUS ENERGÍA (ACT. COMERCIALIZACIÓN RE) 100 GENERACION ZONA ESPAÑOLA RE Mercado Solar Foto,63
NXVD345,UOF,SOLAR DU,LCIN,EA 6,,NEXUS ENERGÍA (ACT. COMERCIALIZACIÓN RE) 100 GENERACION ZONA ESPAÑOLA RE Mercado Solar Foto,63
NXVD349,UOF,SOLAR AL,AMIL,LA,,NEXUS ENERGÍA (ACT. COMERCIALIZACIÓN RE) 100 GENERACION ZONA ESPAÑOLA RE Mercado Solar Foto,63
NXVD350,UOF,SOLAR YE,CLA,1,,NEXUS ENERGÍA (ACT. COMERCIALIZACIÓN RE) 100 GENERACION ZONA ESPAÑOLA RE Mercado Solar Foto,63
NXVD351,UOF,SOLAR YE,CLA,2,,NEXUS ENERGÍA (ACT. COMERCIALIZACIÓN RE) 100 GENERACION ZONA ESPAÑOLA RE Mercado Solar Foto,63
NXVD352,UOF,SOLAR YE,CLA,3,,NEXUS ENERGÍA (ACT. COMERCIALIZACIÓN RE) 100 GENERACION ZONA ESPAÑOLA RE Mercado Solar Foto,63
NXVD353,UOF,SOLAR BA,RGA,S,,NEXUS ENERGÍA (ACT. COMERCIALIZACIÓN RE) 100 GENERACION ZONA ESPAÑOLA RE Mercado Solar Foto,63
NXVD354,UOF,SOLAR AB,ENO,JAR,,NEXUS ENERGÍA (ACT. COMERCIALIZACIÓN RE) 100 GENERACION ZONA ESPAÑOLA RE Mercado Solar Foto,63
NXVD355,UOF,SOLAR TIN,AJE,ROS 1,,NEXUS ENERGÍA (ACT. COMERCIALIZACIÓN RE) 100 GENERACION ZONA ESPAÑOLA RE Mercado Solar Foto,63
NXVD356,UOF,SOLAR TIN,AJE,ROS 2,,NEXUS ENERGÍA (ACT. COMERCIALIZACIÓN RE) 100 GENERACION ZONA ESPAÑOLA RE Mercado Solar Foto,63
NXVD357,UOF,SOLAR QU,IJOT,E 3,,NEXUS ENERGÍA (ACT. COMERCIALIZACIÓN RE) 100 GENERACION ZONA ESPAÑOLA RE Mercado Solar Foto,63
NXVD358,UOF,SOLAR TA,LAYU,ELA 1,,NEXUS ENERGÍA (ACT. COMERCIALIZACIÓN RE) 100 GENERACION ZONA ESPAÑOLA RE Mercado Solar Foto,63
NXVD359,UOF SOLAR,TALAYUELA 2,NEXUS,ENERGÍA,(ACT.,COMERCIALIZACIÓN RE) 100 GENERACION ZONA ESPAÑOLA RE Mercado Solar,64
NXVD363,UOF SOLAR,LA HERRERA,NEXUS,ENERGÍA,(ACT.,COMERCIALIZACIÓN RE) 100 GENERACION ZONA ESPAÑOLA RE Mercado Solar,64
NXVD364,UOF SOLAR,PITIEGUA,NEXUS,ENERGÍA,(ACT.,COMERCIALIZACIÓN RE) 100 GENERACION ZONA ESPAÑOLA RE Mercado Solar,64
NXVD365,MURCIA1,,NEXUS,ENERGÍA,(ACT.,COMERCIALIZACIÓN RE) 100 GENERACION ZONA ESPAÑOLA RE Mercado Solar,64
NXVD366,UOF SOLAR,MURCIA 2,NEXUS,ENERGÍA,(ACT.,COMERCIALIZACIÓN RE) 100 GENERACION ZONA ESPAÑOLA RE Mercado Solar,64
NXVD367,UOF SOLAR,NOBLEJAS,NEXUS,ENERGÍA,(ACT.,COMERCIALIZACIÓN RE) 100 GENERACION ZONA ESPAÑOLA RE Mercado Solar,64
NXVD368,UOF SOLAR,CORVERA,NEXUS,ENERGÍA,(ACT.,COMERCIALIZACIÓN RE) 100 GENERACION ZONA ESPAÑOLA RE Mercado Solar,64
NXVD370,UOF SOLAR,JUNEDA,NEXUS,ENERGÍA,(ACT.,COMERCIALIZACIÓN RE) 100 GENERACION ZONA ESPAÑOLA RE Mercado Solar,64
NXVD371,UOF SOLAR,BELMEZ 1,NEXUS,ENERGÍA,(ACT.,COMERCIALIZACIÓN RE) 100 GENERACION ZONA ESPAÑOLA RE Mercado Solar,64
NXVD372,UOF SOLAR,BELMEZ 2,NEXUS,ENERGÍA,(ACT.,COMERCIALIZACIÓN RE) 100 GENERACION ZONA ESPAÑOLA RE Mercado Solar,64
NXVD377,UOF SOLAR,ALYA,NEXUS,ENERGÍA,(ACT.,COMERCIALIZACIÓN RE) 100 GENERACION ZONA ESPAÑOLA RE Mercado Solar,64
NXVD378,UOF SOLAR,ALAMAK,NEXUS,ENERGÍA,(ACT.,COMERCIALIZACIÓN RE) 100 GENERACION ZONA ESPAÑOLA RE Mercado Solar,64
NXVD380,UOF SOLAR,LA TRUCHA,NEXUS,ENERGÍA,(ACT.,COMERCIALIZACIÓN RE) 100 GENERACION ZONA ESPAÑOLA RE Mercado Solar,64
NXVD381,UOF SOLAR,LAS MULAS,NEXUS,ENERGÍA,(ACT.,COMERCIALIZACIÓN RE) 100 GENERACION ZONA ESPAÑOLA RE Mercado Solar,64
NXVD382,UOF SOLAR,LAS CAPILLAS,NEXUS,ENERGÍA,(ACT.,COMERCIALIZACIÓN RE) 100 GENERACION ZONA ESPAÑOLA RE Mercado Solar,64
NXVD383,UOF SOLAR,BURGO DE OSMA1,NEXUS,ENERGÍA,(ACT.,COMERCIALIZACIÓN RE) 100 GENERACION ZONA ESPAÑOLA RE Mercado Solar,64
NXVD384,UOF SOLAR,BURGO DE OSMA2,NEXUS,ENERGÍA,(ACT.,COMERCIALIZACIÓN RE) 100 GENERACION ZONA ESPAÑOLA RE Mercado Solar,64
NXVD385,UOF SOLAR,RABIZAS,NEXUS,ENERGÍA,(ACT.,COMERCIALIZACIÓN RE) 100 GENERACION ZONA ESPAÑOLA RE Mercado Solar,64
NXVD386,UOF SOLAR,CALATRAVA 2,NEXUS,ENERGÍA,(ACT.,COMERCIALIZACIÓN RE) 100 GENERACION ZONA ESPAÑOLA RE Mercado Solar,64
NXVD387,UOF SOLAR,LENTISCO,NEXUS,ENERGÍA,(ACT.,COMERCIALIZACIÓN RE) 100 GENERACION ZONA ESPAÑOLA RE Mercado Solar,64
NXVD389,UOF SOLAR,LOS BROVALES,NEXUS,ENERGÍA,(ACT.,COMERCIALIZACIÓN RE) 100 GENERACION ZONA ESPAÑOLA RE Mercado Solar,64
NXVD392,UOF SOLAR,,NEXUS,ENERGÍA,(ACT.,COMERCIALIZACIÓN RE) 100 GENERACION ZONA ESPAÑOLA RE Mercado Solar,64
NXVD393,UOF SOLAR,INDINA,NEXUS,ENERGÍA,(ACT.,COMERCIALIZACIÓN RE) 100 GENERACION ZONA ESPAÑOLA RE Mercado Solar,64
NXVD394,UOF SOLAR,LOS BROVALES2,NEXUS,ENERGÍA,(ACT.,COMERCIALIZACIÓN RE) 100 GENERACION ZONA ESPAÑOLA RE Mercado Solar,64
NXVD395,UOF SOLAR,LARRAL,NEXUS,ENERGÍA,(ACT.,COMERCIALIZACIÓN RE) 100 GENERACION ZONA ESPAÑOLA RE Mercado Solar,64
NXVD396,UOF SOLAR,LA PEÑAZA,NEXUS,ENERGÍA,(ACT.,COMERCIALIZACIÓN RE) 100 GENERACION ZONA ESPAÑOLA RE Mercado Solar,64
NXVD397,UOF EOLICA,TABLARES,NEXUS,ENERGÍA,(ACT.,COMERCIALIZACIÓN RE) 100 GENERACION ZONA ESPAÑOLA RE Mercado Eólica,64
NXVD399,UOF SOLAR,BROVALES 1,NEXUS,ENERGÍA,(ACT.,COMERCIALIZACIÓN RE) 100 GENERACION ZONA ESPAÑOLA RE Mercado Solar,64
NXVD400,UOF SOLAR,LAS CABEZUELAS,NEXUS,ENERGÍA,(ACT.,COMERCIALIZACIÓN RE) 100 GENERACION ZONA ESPAÑOLA RE Mercado Solar,64
NXVD403,UOF SOLAR,LAS BRISAS,NEXUS,ENERGÍA,(ACT.,COMERCIALIZACIÓN RE) 100 GENERACION ZONA ESPAÑOLA RE Mercado Solar,64
NXVD404,UOF SOLAR,VALLOBAR,NEXUS,ENERGÍA,(ACT.,COMERCIALIZACIÓN RE) 100 GENERACION ZONA ESPAÑOLA RE Mercado Solar,64
NXVD405,UOF SOLAR,LA PEÑA 1,NEXUS,ENERGÍA,(ACT.,COMERCIALIZACIÓN RE) 100 GENERACION ZONA ESPAÑOLA RE Mercado Solar,64
NXVD406,UOF SOLAR,LA PEÑA 2,NEXUS,ENERGÍA,(ACT.,COMERCIALIZACIÓN RE) 100 GENERACION ZONA ESPAÑOLA RE Mercado Solar,64
NXVD407,UOF SOLAR,LA PUEBLA 2,NEXUS,ENERGÍA,(ACT.,COMERCIALIZACIÓN RE) 100 GENERACION ZONA ESPAÑOLA RE Mercado Solar,64
NXVD408,UOF SOLAR,LOS POLLOS,NEXUS,ENERGÍA,(ACT.,COMERCIALIZACIÓN RE) 100 GENERACION ZONA ESPAÑOLA RE Mercado Solar,64
NXVD409,UOF SOLAR,SANTA CATALINA,NEXUS,ENERGÍA,(ACT.,COMERCIALIZACIÓN RE) 100 GENERACION ZONA ESPAÑOLA RE Mercado Solar,64
NXVD410,UOF SOLAR,BADAJOZ 9,NEXUS,ENERGÍA,(ACT.,COMERCIALIZACIÓN RE) 100 GENERACION ZONA ESPAÑOLA RE Mercado Solar,64
NXVD411,UOF SOLAR,PELEAS 14,NEXUS,ENERGÍA,(ACT.,COMERCIALIZACIÓN RE) 100 GENERACION ZONA ESPAÑOLA RE Mercado Solar,64
NXVD412,UOF SOLAR,MERIDA 19,NEXUS,ENERGÍA,(ACT.,COMERCIALIZACIÓN RE) 100 GENERACION ZONA ESPAÑOLA RE Mercado Solar,64
NXVD413,UOF SOLAR,ALBETA 1,NEXUS,ENERGÍA,(ACT.,COMERCIALIZACIÓN RE) 100 GENERACION ZONA ESPAÑOLA RE Mercado Solar,64
NXVD414,UOF SOLAR,ALBETA 2,NEXUS,ENERGÍA,(ACT.,COMERCIALIZACIÓN RE) 100 GENERACION ZONA ESPAÑOLA RE Mercado Solar,64
NXVD415,UOF SOLAR,ARBA,NEXUS,ENERGÍA,(ACT.,COMERCIALIZACIÓN RE) 100 GENERACION ZONA ESPAÑOLA RE Mercado Solar,64
NXVD416,UOF SOLAR,NOEZ,NEXUS,ENERGÍA,(ACT.,COMERCIALIZACIÓN RE) 100 GENERACION ZONA ESPAÑOLA RE Mercado Solar,64
NXVD417,UOF SOLAR,MAZARAMBROZ,NEXUS,ENERGÍA,(ACT.,COMERCIALIZACIÓN RE) 100 GENERACION ZONA ESPAÑOLA RE Mercado Solar,64
NXVD418,UOF EOLICA,SOTAVENTO,NEXUS,ENERGÍA,(ACT.,COMERCIALIZACIÓN RE) 100 GENERACION ZONA ESPAÑOLA RE Mercado Eólica,64
NXVD419,UOF SOLAR,NOVELDA I,NEXUS,ENERGÍA,(ACT.,COMERCIALIZACIÓN RE) 100 GENERACION ZONA ESPAÑOLA RE Mercado Solar,64
NXVD421,UOF SOLAR,VERDINALES,NEXUS,ENERGÍA,(ACT.,COMERCIALIZACIÓN RE) 100 GENERACION ZONA ESPAÑOLA RE Mercado Solar,64
NXVD422,UOF SOLAR,SOLNOCTIS6,NEXUS,ENERGÍA,(ACT.,COMERCIALIZACIÓN RE) 100 GENERACION ZONA ESPAÑOLA RE Mercado Solar,64
NXVD423,UOF SOLAR,OBAGOLS,NEXUS,ENERGÍA,(ACT.,COMERCIALIZACIÓN RE) 100 GENERACION ZONA ESPAÑOLA RE Mercado Solar,64
NXVD424,UOF SOLAR,CANILES,NEXUS,ENERGÍA,(ACT.,COMERCIALIZACIÓN RE) 100 GENERACION ZONA ESPAÑOLA RE Mercado Solar,64
NXVD426,UOF SOLAR,ARCA,NEXUS,ENERGÍA,(ACT.,COMERCIALIZACIÓN RE) 100 GENERACION ZONA ESPAÑOLA RE Mercado Solar,64
NXVD427,UOF EOLICA,COMIOLICA,NEXUS,ENERGÍA,(ACT.,COMERCIALIZACIÓN RE) 100 GENERACION ZONA ESPAÑOLA RE Mercado Eólica,64
NXVD428,UOF TERMO,SOLAR ARIES1,NEXUS,ENERGÍA,(ACT.,COMERCIALIZACIÓN RE) 100 GENERACION ZONA ESPAÑOLA RE Mercado Solar,64
NXVD429,UOF TERMO,SOLAR ARIES2,NEXUS,ENERGÍA,(ACT.,COMERCIALIZACIÓN RE) 100 GENERACION ZONA ESPAÑOLA RE Mercado Solar,64
NXVD430,UOF TERMO,SOLAR DIOXIPE,NEXUS,ENERGÍA,(ACT.,COMERCIALIZACIÓN RE) 100 GENERACION ZONA ESPAÑOLA RE Mercado Solar,64
NXVD431,UOF SOLAR,CARMONA,NEXUS,ENERGÍA,(ACT.,COMERCIALIZACIÓN RE) 100 GENERACION ZONA ESPAÑOLA RE Mercado Solar,64
NXVD432,UOF SOLAR,CARMONA 1,NEXUS,ENERGÍA,(ACT.,COMERCIALIZACIÓN RE) 100 GENERACION ZONA ESPAÑOLA RE Mercado Solar,64
NXVD433,UOF SOLAR,BARCONES,NEXUS,ENERGÍA,(ACT.,COMERCIALIZACIÓN RE) 100 GENERACION ZONA ESPAÑOLA RE Mercado Solar,64
NXVD438,UOF,SOLAR CEN,TROVIA,1,NEXUS,ENERGÍA (ACT. COMERCIALIZACIÓN RE) 100 GENERACION ZONA ESPAÑOLA RE Mercado Solar Foto,65
NXVD439,UOF,SOLAR CEN,TROVIA,2,NEXUS,ENERGÍA (ACT. COMERCIALIZACIÓN RE) 100 GENERACION ZONA ESPAÑOLA RE Mercado Solar Foto,65
NXVD440,UOF,SOLAR CEN,TROVIA,3,NEXUS,ENERGÍA (ACT. COMERCIALIZACIÓN RE) 100 GENERACION ZONA ESPAÑOLA RE Mercado Solar Foto,65
NXVD442,UOF,SOLAR SIBE,RIA,,NEXUS,ENERGÍA (ACT. COMERCIALIZACIÓN RE) 100 GENERACION ZONA ESPAÑOLA RE Mercado Solar Foto,65
NXVD443,UOF,SOLAR CELE,O,,NEXUS,ENERGÍA (ACT. COMERCIALIZACIÓN RE) 100 GENERACION ZONA ESPAÑOLA RE Mercado Solar Foto,65
NXVD444,UOF,SOLAR GUA,RROMA,N 81,NEXUS,ENERGÍA (ACT. COMERCIALIZACIÓN RE) 100 GENERACION ZONA ESPAÑOLA RE Mercado Solar Foto,65
NXVD446,UOF,SOLAR MAD,RIGAL 1,,NEXUS,ENERGÍA (ACT. COMERCIALIZACIÓN RE) 100 GENERACION ZONA ESPAÑOLA RE Mercado Solar Foto,65
NXVD447,UOF,SOLAR MAD,RIGAL 2,,NEXUS,ENERGÍA (ACT. COMERCIALIZACIÓN RE) 100 GENERACION ZONA ESPAÑOLA RE Mercado Solar Foto,65
NXVD448,UOF,RESIDUOS J,EREZ,,NEXUS,ENERGÍA (ACT. COMERCIALIZACIÓN RE) 100 GENERACION ZONA ESPAÑOLA RE Mercado Térmica R,65
NXVD449,UOF,SOLAR CON,DADO,,NEXUS,ENERGÍA (ACT. COMERCIALIZACIÓN RE) 100 GENERACION ZONA ESPAÑOLA RE Mercado Solar Foto,65
NXVD450,UOF,SOLAR SAN,CRISTO,BAL,NEXUS,ENERGÍA (ACT. COMERCIALIZACIÓN RE) 100 GENERACION ZONA ESPAÑOLA RE Mercado Solar Foto,65
NXVD452,UOF,SOLAR ERU,ELA I,,NEXUS,ENERGÍA (ACT. COMERCIALIZACIÓN RE) 100 GENERACION ZONA ESPAÑOLA RE Mercado Solar Foto,65
NXVD453,UOF,SOLAR PED,ERNOSO,,NEXUS,ENERGÍA (ACT. COMERCIALIZACIÓN RE) 100 GENERACION ZONA ESPAÑOLA RE Mercado Solar Foto,65
NXVD454,UOF,SOLAR SAN,CLEME,NTE,NEXUS,ENERGÍA (ACT. COMERCIALIZACIÓN RE) 100 GENERACION ZONA ESPAÑOLA RE Mercado Solar Foto,65
NXVD456,UOF,SOLAR ALC,ONCHEL,,NEXUS,ENERGÍA (ACT. COMERCIALIZACIÓN RE) 100 GENERACION ZONA ESPAÑOLA RE Mercado Solar Foto,65
NXVD457,UOF,SOLAR ZAN,CONES,,NEXUS,ENERGÍA (ACT. COMERCIALIZACIÓN RE) 100 GENERACION ZONA ESPAÑOLA RE Mercado Solar Foto,65
NXVD458,UOF,SOLAR VILL,AMAYOR,,NEXUS,ENERGÍA (ACT. COMERCIALIZACIÓN RE) 100 GENERACION ZONA ESPAÑOLA RE Mercado Solar Foto,65
NXVD459,UOF,SOLAR BASI,R 51,,NEXUS,ENERGÍA (ACT. COMERCIALIZACIÓN RE) 100 GENERACION ZONA ESPAÑOLA RE Mercado Solar Foto,65
NXVD460,UOF,SOLAR NAV,ELOS,,NEXUS,ENERGÍA (ACT. COMERCIALIZACIÓN RE) 100 GENERACION ZONA ESPAÑOLA RE Mercado Solar Foto,65
NXVD461,UOF,SOLAR OLIV,A,,NEXUS,ENERGÍA (ACT. COMERCIALIZACIÓN RE) 100 GENERACION ZONA ESPAÑOLA RE Mercado Solar Foto,65
NXVD462,UOF,SOLAR DEG,REEN,,NEXUS,ENERGÍA (ACT. COMERCIALIZACIÓN RE) 100 GENERACION ZONA ESPAÑOLA RE Mercado Solar Foto,65
NXVD463,UOF,SOLAR MAN,ZANEQU,E,NEXUS,ENERGÍA (ACT. COMERCIALIZACIÓN RE) 100 GENERACION ZONA ESPAÑOLA RE Mercado Solar Foto,65
NXVD464,UOF,SOLAR ULLD,ECONA,,NEXUS,ENERGÍA (ACT. COMERCIALIZACIÓN RE) 100 GENERACION ZONA ESPAÑOLA RE Mercado Solar Foto,65
NXVD465,UOF,SOLAR LA G,ALERA,,NEXUS,ENERGÍA (ACT. COMERCIALIZACIÓN RE) 100 GENERACION ZONA ESPAÑOLA RE Mercado Solar Foto,65
NXVD466,UOF,SOLAR SAN,CLEME,NTE,NEXUS,ENERGÍA (ACT. COMERCIALIZACIÓN RE) 100 GENERACION ZONA ESPAÑOLA RE Mercado Solar Foto,65
NXVD467,UOF,SOLAR CABI,LDO,,NEXUS,ENERGÍA (ACT. COMERCIALIZACIÓN RE) 100 GENERACION ZONA ESPAÑOLA RE Mercado Solar Foto,65
NXVD468,UOF,SOLAR ATA,QUINES,,NEXUS,ENERGÍA (ACT. COMERCIALIZACIÓN RE) 100 GENERACION ZONA ESPAÑOLA RE Mercado Solar Foto,65
NXVD471,UOF,SOLAR OND,A A,,NEXUS,ENERGÍA (ACT. COMERCIALIZACIÓN RE) 100 GENERACION ZONA ESPAÑOLA RE Mercado Solar Foto,65
NXVD472,UOF,SOLAR YUN,QUE,,NEXUS,ENERGÍA (ACT. COMERCIALIZACIÓN RE) 100 GENERACION ZONA ESPAÑOLA RE Mercado Solar Foto,65
NXVD473,UOF,SOLAR FAG,US,,NEXUS,ENERGÍA (ACT. COMERCIALIZACIÓN RE) 100 GENERACION ZONA ESPAÑOLA RE Mercado Solar Foto,65
NXVD474,UOF,SOLAR CAS,TANEA,,NEXUS,ENERGÍA (ACT. COMERCIALIZACIÓN RE) 100 GENERACION ZONA ESPAÑOLA RE Mercado Solar Foto,65
NXVD475,UOF,SOLAR COR,YLUS,,NEXUS,ENERGÍA (ACT. COMERCIALIZACIÓN RE) 100 GENERACION ZONA ESPAÑOLA RE Mercado Solar Foto,65
NXVD476,UOF,SOLAR BET,ULA,,NEXUS,ENERGÍA (ACT. COMERCIALIZACIÓN RE) 100 GENERACION ZONA ESPAÑOLA RE Mercado Solar Foto,65
NXVD477,UOF,SOLAR GAM,ONOSA,,NEXUS,ENERGÍA (ACT. COMERCIALIZACIÓN RE) 100 GENERACION ZONA ESPAÑOLA RE Mercado Solar Foto,65
NXVD478,UOF,SOLAR PAR,QUE2,,NEXUS,ENERGÍA (ACT. COMERCIALIZACIÓN RE) 100 GENERACION ZONA ESPAÑOLA RE Mercado Solar Foto,65
NXVD479,UOF,SOLAR PAR,ED6,,NEXUS,ENERGÍA (ACT. COMERCIALIZACIÓN RE) 100 GENERACION ZONA ESPAÑOLA RE Mercado Solar Foto,65
NXVD480,UOF,SOLAR PAR,ED4,,NEXUS,ENERGÍA (ACT. COMERCIALIZACIÓN RE) 100 GENERACION ZONA ESPAÑOLA RE Mercado Solar Foto,65
NXVD481,UOF,SOLAR PAR,ED3,,NEXUS,ENERGÍA (ACT. COMERCIALIZACIÓN RE) 100 GENERACION ZONA ESPAÑOLA RE Mercado Solar Foto,65
NXVD482,UOF,SOLAR PAR,ED7,,NEXUS,ENERGÍA (ACT. COMERCIALIZACIÓN RE) 100 GENERACION ZONA ESPAÑOLA RE Mercado Solar Foto,65
NXVD483,UOF,SOLAR PAR,ED5,,NEXUS,ENERGÍA (ACT. COMERCIALIZACIÓN RE) 100 GENERACION ZONA ESPAÑOLA RE Mercado Solar Foto,65
NXVD484,UOF,SOLAR ARP,AL,,NEXUS,ENERGÍA (ACT. COMERCIALIZACIÓN RE) 100 GENERACION ZONA ESPAÑOLA RE Mercado Solar Foto,65
NXVD485,UOF,SOLAR EKIO,LA,,NEXUS,ENERGÍA (ACT. COMERCIALIZACIÓN RE) 100 GENERACION ZONA ESPAÑOLA RE Mercado Solar Foto,65
NXVD486,UOF,SOLAR MIRA,LBAIDA,,NEXUS,ENERGÍA (ACT. COMERCIALIZACIÓN RE) 100 GENERACION ZONA ESPAÑOLA RE Mercado Solar Foto,65
NXVD487,UOF,SOLAR CUB,LA,,NEXUS,ENERGÍA (ACT. COMERCIALIZACIÓN RE) 100 GENERACION ZONA ESPAÑOLA RE Mercado Solar Foto,65
NXVD488,UOF,SOLAR PHIL,IPS,,NEXUS,ENERGÍA (ACT. COMERCIALIZACIÓN RE) 100 GENERACION ZONA ESPAÑOLA RE Mercado Solar Foto,65
NXVD489,UOF,SOLAR SOL,Y VIENT,O,NEXUS,ENERGÍA (ACT. COMERCIALIZACIÓN RE) 100 GENERACION ZONA ESPAÑOLA RE Mercado Solar Foto,65
NXVD490,UOF,SOLAR ALBE,SA,,NEXUS,ENERGÍA (ACT. COMERCIALIZACIÓN RE) 100 GENERACION ZONA ESPAÑOLA RE Mercado Solar Foto,65
NXVD491,UOF,SOLAR TOR,REGROS,A,NEXUS,ENERGÍA (ACT. COMERCIALIZACIÓN RE) 100 GENERACION ZONA ESPAÑOLA RE Mercado Solar Foto,65
NXVD493,UOF,SOLAR ALO,NDE,,NEXUS,ENERGÍA (ACT. COMERCIALIZACIÓN RE) 100 GENERACION ZONA ESPAÑOLA RE Mercado Solar Foto,65
NXVD494,UOF,SOLAR TAU,STE,,NEXUS,ENERGÍA (ACT. COMERCIALIZACIÓN RE) 100 GENERACION ZONA ESPAÑOLA RE Mercado Solar Foto,65
NXVD495,UOF,SOLAR TEBA,R,,NEXUS,ENERGÍA (ACT. COMERCIALIZACIÓN RE) 100 GENERACION ZONA ESPAÑOLA RE Mercado Solar Foto,65
NXVD496,UOF,SOLAR CAN,ES,,NEXUS,ENERGÍA (ACT. COMERCIALIZACIÓN RE) 100 GENERACION ZONA ESPAÑOLA RE Mercado Solar Foto,65
NXVD497,UOF,HIDRO LEIR,A,,NEXUS,ENERGÍA (ACT. COMERCIALIZACIÓN RE) 100 GENERACION ZONA ESPAÑOLA RE Mercado Hidráulica,65
NXVD498,UOF,SOLAR ABA,CUS,,NEXUS,ENERGÍA (ACT. COMERCIALIZACIÓN RE) 100 GENERACION ZONA ESPAÑOLA RE Mercado Solar Foto,65
NXVD499,UOF,SOLAR CLAS,A,,NEXUS,ENERGÍA (ACT. COMERCIALIZACIÓN RE) 100 GENERACION ZONA ESPAÑOLA RE Mercado Solar Foto,65
NXVD500,UOF,SOLAR LA S,ANTA,,NEXUS,ENERGÍA (ACT. COMERCIALIZACIÓN RE) 100 GENERACION ZONA ESPAÑOLA RE Mercado Solar Foto,65
NXVD501,UOF,SOLAR CAM,PO LUG,AR,NEXUS,ENERGÍA (ACT. COMERCIALIZACIÓN RE) 100 GENERACION ZONA ESPAÑOLA RE Mercado Solar Foto,65
NXVD502,UOF,SOLAR SAN,ABRIA,,NEXUS,ENERGÍA (ACT. COMERCIALIZACIÓN RE) 100 GENERACION ZONA ESPAÑOLA RE Mercado Solar Foto,65
NXVD503,UOF,SOLAR RIBADELA,GO,NEXUS,ENERGÍA,(ACT. COMERCIALIZACIÓN RE) 100 GENERACION ZONA ESPAÑOLA RE Mercado Solar Foto,66
NXVD504,UOF,SOLAR LEA ARTIB,AIKO,NEXUS,ENERGÍA,(ACT. COMERCIALIZACIÓN RE) 100 GENERACION ZONA ESPAÑOLA RE Mercado Solar Foto,66
NXVD505,UOF,SOLAR GORBEIAL,DEKO,NEXUS,ENERGÍA,(ACT. COMERCIALIZACIÓN RE) 100 GENERACION ZONA ESPAÑOLA RE Mercado Solar Foto,66
NXVD506,UOF,PALLERUELA,,NEXUS,ENERGÍA,(ACT. COMERCIALIZACIÓN RE) 100 GENERACION ZONA ESPAÑOLA RE Mercado Solar Foto,66
NXVD509,UOF,SOLAR PR2,,NEXUS,ENERGÍA,(ACT. COMERCIALIZACIÓN RE) 100 GENERACION ZONA ESPAÑOLA RE Mercado Solar Foto,66
NXVD510,UOF,SOLAR PR3,,NEXUS,ENERGÍA,(ACT. COMERCIALIZACIÓN RE) 100 GENERACION ZONA ESPAÑOLA RE Mercado Solar Foto,66
NXVD511,UOF,SOLAR PARQUE 1,,NEXUS,ENERGÍA,(ACT. COMERCIALIZACIÓN RE) 100 GENERACION ZONA ESPAÑOLA RE Mercado Solar Foto,66
NXVD512,UOF,SOLAR ERGON,,NEXUS,ENERGÍA,(ACT. COMERCIALIZACIÓN RE) 100 GENERACION ZONA ESPAÑOLA RE Mercado Solar Foto,66
NXVD513,UOF,SOLAR ALMORAU,GE,NEXUS,ENERGÍA,(ACT. COMERCIALIZACIÓN RE) 100 GENERACION ZONA ESPAÑOLA RE Mercado Solar Foto,66
NXVD514,UOF,SOLAR MER2,,NEXUS,ENERGÍA,(ACT. COMERCIALIZACIÓN RE) 100 GENERACION ZONA ESPAÑOLA RE Mercado Solar Foto,66
NXVD515,UOF,SOLAR MER3,,NEXUS,ENERGÍA,(ACT. COMERCIALIZACIÓN RE) 100 GENERACION ZONA ESPAÑOLA RE Mercado Solar Foto,66
NXVD516,UOF,HIBRIDA RIO EBR,O,NEXUS,ENERGÍA,(ACT. COMERCIALIZACIÓN RE) 100 GENERACION ZONA ESPAÑOLA RE Mercado Eólica,66
NXVD517,UOF,SOLAR TERRER,,NEXUS,ENERGÍA,(ACT. COMERCIALIZACIÓN RE) 100 GENERACION ZONA ESPAÑOLA RE Mercado Solar Foto,66
NXVD518,UOF,HIBRIDA RIO EBR,O2,NEXUS,ENERGÍA,(ACT. COMERCIALIZACIÓN RE) 100 GENERACION ZONA ESPAÑOLA RE Mercado Eólica,66
NXVD519,UOF,SOLAR ZARATAN,,NEXUS,ENERGÍA,(ACT. COMERCIALIZACIÓN RE) 100 GENERACION ZONA ESPAÑOLA RE Mercado Solar Foto,66
NXVD520,UOF,SOLAR EL RODEO,,NEXUS,ENERGÍA,(ACT. COMERCIALIZACIÓN RE) 100 GENERACION ZONA ESPAÑOLA RE Mercado Solar Foto,66
NXVD521,UOF,SOLAR VALENTIN,S,NEXUS,ENERGÍA,(ACT. COMERCIALIZACIÓN RE) 100 GENERACION ZONA ESPAÑOLA RE Mercado Solar Foto,66
NXVD522,UOF,SOLAR BECERRIL,,NEXUS,ENERGÍA,(ACT. COMERCIALIZACIÓN RE) 100 GENERACION ZONA ESPAÑOLA RE Mercado Solar Foto,66
NXVD523,UOF,SOLAR PALOMER,A,NEXUS,ENERGÍA,(ACT. COMERCIALIZACIÓN RE) 100 GENERACION ZONA ESPAÑOLA RE Mercado Solar Foto,66
NXVD524,UOF,RESIDUOS RESID,VO,NEXUS,ENERGÍA,(ACT. COMERCIALIZACIÓN RE) 100 GENERACION ZONA ESPAÑOLA RE Mercado Térmica R,66
NXVD525,UOF,RESIDUOS VACAR,ISSES,NEXUS,ENERGÍA,(ACT. COMERCIALIZACIÓN RE) 100 GENERACION ZONA ESPAÑOLA RE Mercado Térmica R,66
NXVD526,UOF,RESIDUOS RENDI,JA,NEXUS,ENERGÍA,(ACT. COMERCIALIZACIÓN RE) 100 GENERACION ZONA ESPAÑOLA RE Mercado Térmica R,66
NXVD527,UOF,RESIDUOS VERT A,LCALA,NEXUS,ENERGÍA,(ACT. COMERCIALIZACIÓN RE) 100 GENERACION ZONA ESPAÑOLA RE Mercado Térmica R,66
NXVD528,UOF,HIDRO BAUSEN,,NEXUS,ENERGÍA,(ACT. COMERCIALIZACIÓN RE) 100 GENERACION ZONA ESPAÑOLA RE Mercado Hidráulica,66
NXVD529,UOF,SOLAR SAN VALE,NTIN 1,NEXUS,ENERGÍA,(ACT. COMERCIALIZACIÓN RE) 100 GENERACION ZONA ESPAÑOLA RE Mercado Solar Foto,66
NXVD530,UOF,HIBRIDA PEDROLA,,NEXUS,ENERGÍA,(ACT. COMERCIALIZACIÓN RE) 100 GENERACION ZONA ESPAÑOLA Híbrida Reno vable,66
NXVD531,UOF,HIBRIDA AGUILA,,NEXUS,ENERGÍA,(ACT. COMERCIALIZACIÓN RE) 100 GENERACION ZONA ESPAÑOLA Híbrida Reno vable,66
NXVD532,UOF,HIBRIDA AGUILI,,NEXUS,ENERGÍA,(ACT. COMERCIALIZACIÓN RE) 100 GENERACION ZONA ESPAÑOLA Híbrida Reno vable,66
NXVD533,UOF,SOLAR CIBANAL,,NEXUS,ENERGÍA,(ACT. COMERCIALIZACIÓN RE) 100 GENERACION ZONA ESPAÑOLA RE Mercado Solar Foto,66
NXVD534,UOF,SOLAR CARRASC,A,NEXUS,ENERGÍA,(ACT. COMERCIALIZACIÓN RE) 100 GENERACION ZONA ESPAÑOLA RE Mercado Solar Foto,66
NXVD535,UOF,SOLAR CARROCE,RIAS,NEXUS,ENERGÍA,(ACT. COMERCIALIZACIÓN RE) 100 GENERACION ZONA ESPAÑOLA RE Mercado Solar Foto,66
NXVD536,UOF,SOLAR POWERSO,L,NEXUS,ENERGÍA,(ACT. COMERCIALIZACIÓN RE) 100 GENERACION ZONA ESPAÑOLA RE Mercado Solar Foto,66
NXVD537,UOF,SOLAR VILLAQUIR,AN,NEXUS,ENERGÍA,(ACT. COMERCIALIZACIÓN RE) 100 GENERACION ZONA ESPAÑOLA RE Mercado Solar Foto,66
NXVD538,UOF,SOLAR MARCHEN,A,NEXUS,ENERGÍA,(ACT. COMERCIALIZACIÓN RE) 100 GENERACION ZONA ESPAÑOLA RE Mercado Solar Foto,66
NXVD539,UOF,SOLAR GUADALC,AZAR,NEXUS,ENERGÍA,(ACT. COMERCIALIZACIÓN RE) 100 GENERACION ZONA ESPAÑOLA RE Mercado Solar Foto,66
NXVD540,UOF,SOLAR ALMODOV,AR DEL RIO I,NEXUS,ENERGÍA,(ACT. COMERCIALIZACIÓN RE) 100 GENERACION ZONA ESPAÑOLA RE Mercado Solar Foto,66
NXVD541,UOF,SOLAR ALMODOV,AR,NEXUS,ENERGÍA,(ACT. COMERCIALIZACIÓN RE) 100 GENERACION ZONA ESPAÑOLA RE Mercado Solar Foto,66
NXVD542,UOF,SOLAR RUSANDO,,NEXUS,ENERGÍA,(ACT. COMERCIALIZACIÓN RE) 100 GENERACION ZONA ESPAÑOLA RE Mercado Solar Foto,66
NXVD543,UOF,SOLAR PQ1,,NEXUS,ENERGÍA,(ACT. COMERCIALIZACIÓN RE) 100 GENERACION ZONA ESPAÑOLA RE Mercado Solar Foto,66
NXVD544,UOF,SOLAR REY1,,NEXUS,ENERGÍA,(ACT. COMERCIALIZACIÓN RE) 100 GENERACION ZONA ESPAÑOLA RE Mercado Solar Foto,66
NXVD545,UOF,SOLAR REY2,,NEXUS,ENERGÍA,(ACT. COMERCIALIZACIÓN RE) 100 GENERACION ZONA ESPAÑOLA RE Mercado Solar Foto,66
NXVD546,UOF,SOLAR REY3,,NEXUS,ENERGÍA,(ACT. COMERCIALIZACIÓN RE) 100 GENERACION ZONA ESPAÑOLA RE Mercado Solar Foto,66
NXVD547,UOF,SOLAR REY4,,NEXUS,ENERGÍA,(ACT. COMERCIALIZACIÓN RE) 100 GENERACION ZONA ESPAÑOLA RE Mercado Solar Foto,66
NXVD548,UOF,HIBRIDA COSCOJ,AR,NEXUS,ENERGÍA,(ACT. COMERCIALIZACIÓN RE) 100 GENERACION ZONA ESPAÑOLA Híbrida Reno vable,66
NXVD549,UOF,SOLAR MERINERO,,NEXUS,ENERGÍA,(ACT. COMERCIALIZACIÓN RE) 100 GENERACION ZONA ESPAÑOLA RE Mercado Solar Foto,66
NXVD550,UOF,SOLAR YUNCLILL,OS,NEXUS,ENERGÍA,(ACT. COMERCIALIZACIÓN RE) 100 GENERACION ZONA ESPAÑOLA RE Mercado Solar Foto,66
NXVD551,UOF,SOLAR PINTA,,NEXUS,ENERGÍA,(ACT. COMERCIALIZACIÓN RE) 100 GENERACION ZONA ESPAÑOLA RE Mercado Solar Foto,66
NXVD553,UOF,SOLAR PALMAR,,NEXUS,ENERGÍA,(ACT. COMERCIALIZACIÓN RE) 100 GENERACION ZONA ESPAÑOLA RE Mercado Solar Foto,66
NXVD556,UOF,SOLAR CHUCENA,2,NEXUS,ENERGÍA,(ACT. COMERCIALIZACIÓN RE) 100 GENERACION ZONA ESPAÑOLA RE Mercado Solar Foto,66
NXVD557,UOF,SOLAR AZNALCOL,LAR,NEXUS,ENERGÍA,(ACT. COMERCIALIZACIÓN RE) 100 GENERACION ZONA ESPAÑOLA RE Mercado Solar Foto,66
NXVD558,UF S,OLAR CARMONA 1,,NEXUS,ENERGÍA,(ACT. COMERCIALIZACIÓN RE) 100 GENERACION ZONA ESPAÑOLA RE Mercado Solar Foto,66
NXVD559,UOF,SOLAR CARMONA,2,NEXUS,ENERGÍA,(ACT. COMERCIALIZACIÓN RE) 100 GENERACION ZONA ESPAÑOLA RE Mercado Solar Foto,66
NXVD560,UOF,SOLAR CARMONA,3,NEXUS,ENERGÍA,(ACT. COMERCIALIZACIÓN RE) 100 GENERACION ZONA ESPAÑOLA RE Mercado Solar Foto,66
NXVD561,UOF,SOLAR HUELVES,,NEXUS,ENERGÍA,(ACT. COMERCIALIZACIÓN RE) 100 GENERACION ZONA ESPAÑOLA RE Mercado Solar Foto,66
NXVD562,UOF,SOLAR CACERES,1,NEXUS,ENERGÍA,(ACT. COMERCIALIZACIÓN RE) 100 GENERACION ZONA ESPAÑOLA RE Mercado Solar Foto,66
NXVD563,UOF,SOLAR CASAQUE,MADA SOLAR,NEXUS,ENERGÍA,(ACT. COMERCIALIZACIÓN RE) 100 GENERACION ZONA ESPAÑOLA RE Mercado Solar Foto,66
NXVD564,UOF,SOLAR CACERES,2,NEXUS,ENERGÍA,(ACT. COMERCIALIZACIÓN RE) 100 GENERACION ZONA ESPAÑOLA RE Mercado Solar Foto,66
NXVD565,UOF,SOLAR ALSEMUR,1,NEXUS,ENERGÍA,(ACT. COMERCIALIZACIÓN RE) 100 GENERACION ZONA ESPAÑOLA RE Mercado Solar Foto,66
NXVD566,UOF SOLAR ALSEMUR2,NEXUS ENERGÍA (,ACT.,C,OMERCIALIZACIÓN,R E) 100 GENERACION ZONA ESPAÑOLA RE Mercado Solar Foto,67
NXVD567,UOF SOLAR ALSEMUR3,NEXUS ENERGÍA (,ACT.,C,OMERCIALIZACIÓN,R E) 100 GENERACION ZONA ESPAÑOLA RE Mercado Solar Foto,67
NXVD568,UOF SOLAR BARROS1,NEXUS ENERGÍA (,ACT.,C,OMERCIALIZACIÓN,R E) 100 GENERACION ZONA ESPAÑOLA RE Mercado Solar Foto,67
NXVD569,UOF SOLAR BARROS2,NEXUS ENERGÍA (,ACT.,C,OMERCIALIZACIÓN,R E) 100 GENERACION ZONA ESPAÑOLA RE Mercado Solar Foto,67
NXVD570,UOF SOLAR VALSEQUILLO,NEXUS ENERGÍA (,ACT.,C,OMERCIALIZACIÓN,R E) 100 GENERACION ZONA ESPAÑOLA RE Mercado Solar Foto,67
NXVD571,UOF EOLICA VALDEHIERRO,NEXUS ENERGÍA (,ACT.,C,OMERCIALIZACIÓN,R E) 100 GENERACION ZONA ESPAÑOLA RE Mercado Eólica,67
NXVD572,UOF SOLAR PISORACA 3,NEXUS ENERGÍA (,ACT.,C,OMERCIALIZACIÓN,R E) 100 GENERACION ZONA ESPAÑOLA RE Mercado Solar Foto,67
NXVD573,UOF SOLAR PISORACA 2,NEXUS ENERGÍA (,ACT.,C,OMERCIALIZACIÓN,R E) 100 GENERACION ZONA ESPAÑOLA RE Mercado Solar Foto,67
NXVD574,UOF SOLAR GRIJOTA 5,NEXUS ENERGÍA (,ACT.,C,OMERCIALIZACIÓN,R E) 100 GENERACION ZONA ESPAÑOLA RE Mercado Solar Foto,67
NXVD575,UOF SOLAR GRIJOTA 4,NEXUS ENERGÍA (,ACT.,C,OMERCIALIZACIÓN,R E) 100 GENERACION ZONA ESPAÑOLA RE Mercado Solar Foto,67
NXVD576,UOF HIBRIDA SUNRISE,NEXUS ENERGÍA (,ACT.,C,OMERCIALIZACIÓN,R E) 100 GENERACION ZONA ESPAÑOLA RE Mercado Solar Foto,67
NXVD577,UOF SOLAR FRAGA1,NEXUS ENERGÍA (,ACT.,C,OMERCIALIZACIÓN,R E) 100 GENERACION ZONA ESPAÑOLA RE Mercado Solar Foto,67
NXVD578,UOF SOLAR GUTERA,NEXUS ENERGÍA (,ACT.,C,OMERCIALIZACIÓN,R E) 100 GENERACION ZONA ESPAÑOLA RE Mercado Solar Foto,67
NXVD579,UOF SOLAR ALLIUM,NEXUS ENERGÍA (,ACT.,C,OMERCIALIZACIÓN,R E) 100 GENERACION ZONA ESPAÑOLA RE Mercado Solar Foto,67
NXVD580,UOF SOLAR VILLACAÑAS,NEXUS ENERGÍA (,ACT.,C,OMERCIALIZACIÓN,R E) 100 GENERACION ZONA ESPAÑOLA RE Mercado Solar Foto,67
NXVD581,UOF SOLAR EL BOYAL,NEXUS ENERGÍA (,ACT.,C,OMERCIALIZACIÓN,R E) 100 GENERACION ZONA ESPAÑOLA RE Mercado Solar Foto,67
NXVD582,UOF SOLAR CORVERA,NEXUS ENERGÍA (,ACT.,C,OMERCIALIZACIÓN,R E) 100 GENERACION ZONA ESPAÑOLA RE Mercado Solar Foto,67
NXVD583,UOF SOLAR BRAZATORTAS 1,NEXUS ENERGÍA (,ACT.,C,OMERCIALIZACIÓN,R E) 100 GENERACION ZONA ESPAÑOLA RE Mercado Solar Foto,67
NXVD586,UOF SOLAR LLIRIA,NEXUS ENERGÍA (,ACT.,C,OMERCIALIZACIÓN,R E) 100 GENERACION ZONA ESPAÑOLA RE Mercado Solar Foto,67
NXVD587,UOF SOLAR GRIJOTA 3,NEXUS ENERGÍA (,ACT.,C,OMERCIALIZACIÓN,R E) 100 GENERACION ZONA ESPAÑOLA RE Mercado Solar Foto,67
NXVD588,UOF SOLAR URRETXUKO,NEXUS ENERGÍA (,ACT.,C,OMERCIALIZACIÓN,R E) 100 GENERACION ZONA ESPAÑOLA RE Mercado Solar Foto,67
NXVD589,UOF SOLAR MARTIN,NEXUS ENERGÍA (,ACT.,C,OMERCIALIZACIÓN,R E) 100 GENERACION ZONA ESPAÑOLA RE Mercado Solar Foto,67
NXVD590,UOF SOLAR INIESTA,NEXUS ENERGÍA (,ACT.,C,OMERCIALIZACIÓN,R E) 100 GENERACION ZONA ESPAÑOLA RE Mercado Solar Foto,67
NXVD591,UOF SOLAR VILLAMECA I,NEXUS ENERGÍA (,ACT.,C,OMERCIALIZACIÓN,R E) 100 GENERACION ZONA ESPAÑOLA RE Mercado Solar Foto,67
NXVD592,UOF SOLAR VILLAMECA II,NEXUS ENERGÍA (,ACT.,C,OMERCIALIZACIÓN,R E) 100 GENERACION ZONA ESPAÑOLA RE Mercado Solar Foto,67
NXVD593,UOF SOLAR MAGASQUILLA,NEXUS ENERGÍA (,ACT.,C,OMERCIALIZACIÓN,R E) 100 GENERACION ZONA ESPAÑOLA RE Mercado Solar Foto,67
NXVD594,UOF SOLAR HUMILLADERO,NEXUS ENERGÍA (,ACT.,C,OMERCIALIZACIÓN,R E) 100 GENERACION ZONA ESPAÑOLA RE Mercado Solar Foto,67
NXVD595,UF SOLAR REBUSCO,NEXUS ENERGÍA (,ACT.,C,OMERCIALIZACIÓN,R E) 100 GENERACION ZONA ESPAÑOLA RE Mercado Solar Foto,67
NXVD596,UF SOLAR CONDECILLO,NEXUS ENERGÍA (,ACT.,C,OMERCIALIZACIÓN,R E) 100 GENERACION ZONA ESPAÑOLA RE Mercado Solar Foto,67
NXVD597,UOF SOLAR ERUELA,NEXUS ENERGÍA (,ACT.,C,OMERCIALIZACIÓN,R E) 100 GENERACION ZONA ESPAÑOLA RE Mercado Solar Foto,67
OENV02,UN FISICA1,"OENEO ENERGY,L",DA,,,  100 GENERACION ZONA PORTUGUESA RE Tarifa CU R (uof),67
OPPRE01,REPRESENTACION FV,ESTRATEGIAS EL,ÉCTR,IC,AS INTEGRALES S.,A.  100 GENERACION ZONA ESPAÑOLA RE Mercado Solar Foto,67
PALOS1,C.C. PALOS 1,GAS NATURAL CO,MER,CI,ALIZADORA,  100 GENERACION ZONA ESPAÑOLA Ciclo Combin ado,67
PALOS2,C.C. PALOS 2,GAS NATURAL CO,MER,CI,ALIZADORA,  100 GENERACION ZONA ESPAÑOLA Ciclo Combin ado,67
PALOS3,C.C. PALOS 3,GAS NATURAL CO,MER,CI,ALIZADORA,  100 GENERACION ZONA ESPAÑOLA Ciclo Combin ado,67
PBCN1,C.C. PUERTO BARCELONA 1,GAS NATURAL CO,MER,CI,ALIZADORA,  100 GENERACION ZONA ESPAÑOLA Ciclo Combin ado,67
PBCN2,C.C. PUERTO DE BARCELONA 2,GAS NATURAL CO,MER,CI,ALIZADORA,  100 GENERACION ZONA ESPAÑOLA Ciclo Combin ado,67
PEGO3,CICLO COMBINADO EN PORTUGAL,ENDESA GENERA,"CIÓN,",S,.A.,  100 GENERACION ZONA PORTUGUESA Ciclo Combin ado,67
PEGO4,CICLO COMBINADO EN PORTUGAL,ENDESA GENERA,"CIÓN,",S,.A.,  100 GENERACION ZONA PORTUGUESA Ciclo Combin ado,67
PEURE01,"ANSERALL I,II,III",PRODUCTORA EL,ÉCTR,IC,"A URGELENSE-1, S",.L . 100 GENERACION ZONA ESPAÑOLA RE Mercado Hidráulica,67
PEURE02,UO SANTA LUCIA,PRODUCTORA EL,ÉCTR,IC,"A URGELENSE-1, S",.L . 100 GENERACION ZONA ESPAÑOLA RE Mercado Hidráulica,67
PGR5,C.C. PUENTES 5,ENDESA GENERA,"CIÓN,",S,.A.,  100 GENERACION ZONA ESPAÑOLA Ciclo Combin ado,67
PHENV02,PH VENDA,"PH ENERGIA, LDA",,,,  100 GENERACION ZONA PORTUGUESA RE Tarifa CU R (uof),67
PLGRE01,PLANA C.G. R.E.001,PLANA CAN GUITA,RT S,.L,.,  100 GENERACION ZONA ESPAÑOLA RE Mercado Térmica n,67
PORTV02,PORTULOGOSAUTOCONSUMO,PORTULOGOS PO,WER,L,DA,  100 GENERACION ZONA PORTUGUESA RE Tarifa CU R (uof),67
PTLIV02,FOTOVOLTAICOS,MEO ENERGIA CO,MER,CI,ALIZACAO DE ENER,G IA SA 100 GENERACION ZONA PORTUGUESA RE Tarifa CU R (uof),67
PULRE01,PULSAR REPR 01,PULSAR SERVICIO,S EN,E,RGÉTICOS SL,  100 GENERACION ZONA ESPAÑOLA RE Mercado Térmica R,67
PVENT1,C.C. PLANA DE VENT 1,GAS NATURAL CO,MER,CI,ALIZADORA,  100 GENERACION ZONA ESPAÑOLA Ciclo Combin ado,67
PVENT2,C.C. PLANA DE VENT 2,ALPIQ ENERGÍA E,SPAÑ,"A,",S.A.U.,  100 GENERACION ZONA ESPAÑOLA Ciclo Combin ado,67
PWPV02,UNIDADE VENDA,POWER PLUS II - C,OME,R,CIALIZACAO DE EN,"ER GIA, LDA. 100 GENERACION ZONA PORTUGUESA RE Tarifa CU R (uof)",67
PZCPR,PZCPR,REPSOL GENERA,CIÓN,E,"LÉCTRICA, S.A",  100 GENERACION ZONA ESPAÑOLA Hidráulica Ge neración,67
RABID2R,COG. LA RABIDA II,SERVICIOS ENER,GETIC,O,S DE ALTA EFICIEN,"C IA, S.A 100 GENERACION ZONA ESPAÑOLA RE Mercado Térmica n",67
RDQ1,RINCON DEL DUQUE 1,WIND TO MARKET,(ACT,.:,COMERCIALIZACIÓ,N RE) 100 GENERACION ZONA ESPAÑOLA Hidráulica Ge neración,67
RDQ2,RINCON DEL DUQUE 2,WIND TO MARKET,(ACT,.:,COMERCIALIZACIÓ,N RE) 100 GENERACION ZONA ESPAÑOLA Hidráulica Ge neración,67
REPPLL,REPSOL PUERTOLLANO,REPSOL FUELS S,A,,,  100 GENERACION ZONA ESPAÑOLA RE Mercado Térmica n,67
REPR,REPRIMALA,WIND TO MARKET,(ACT,.:,COMERCIALIZACIÓ,N RE) 100 GENERACION ZONA ESPAÑOLA Hidráulica Ge neración,67
REPTV02,UN. PROPIAS AUTO,CONSUMO CON EX,REPSOL PORTUGU,"ESA, L",DA,   100 GENERACION ZONA PORTUGUESA RE Tarifa CU R (uof),68
REPVD01,UD A TARIFA REPS,OL,REPSOL FUELS SA,,,   100 GENERACION ZONA ESPAÑOLA RE Mercado Térmica n,68
REPVD02,COG2 CARTAGENA,,REPSOL FUELS SA,,,   100 GENERACION ZONA ESPAÑOLA RE Mercado Térmica n,68
REPVD03,PETRONOR VENTA,A TARIFA,REPSOL FUELS SA,,,   100 GENERACION ZONA ESPAÑOLA RE Mercado Térmica n,68
REPVD04,PETRONOR1 VENT,A A TARIFA,REPSOL FUELS SA,,,   100 GENERACION ZONA ESPAÑOLA RE Mercado Térmica n,68
REPVD05,REPVD05,,REPSOL FUELS SA,,,   100 GENERACION ZONA ESPAÑOLA RE Mercado Térmica n,68
REPVD06,REPVD06,,REPSOL FUELS SA,,,   100 GENERACION ZONA ESPAÑOLA RE Mercado Térmica n,68
REPVD07,REPVD07,,REPSOL FUELS SA,,,   100 GENERACION ZONA ESPAÑOLA RE Mercado Térmica n,68
RESRE01,CABEZO,,FALCK NEXT ENER,GY SR,L SPAIN,SU CURSAL  100 GENERACION ZONA ESPAÑOLA RE Mercado Eólica,68
RESRE02,CARRECASTRO,,FALCK NEXT ENER,GY SR,L SPAIN,SU CURSAL  100 GENERACION ZONA ESPAÑOLA RE Mercado Eólica,68
RESRE03,DEHESILLA I,,FALCK NEXT ENER,GY SR,L SPAIN,SU CURSAL  100 GENERACION ZONA ESPAÑOLA RE Mercado Eólica,68
RESRE04,DEHESILLA 2,,FALCK NEXT ENER,GY SR,L SPAIN,SU CURSAL  100 GENERACION ZONA ESPAÑOLA RE Mercado Eólica,68
RESRE05,ESQUILVENT,,FALCK NEXT ENER,GY SR,L SPAIN,SU CURSAL  100 GENERACION ZONA ESPAÑOLA RE Mercado Eólica,68
RESRE06,SAN LORENZO C,,FALCK NEXT ENER,GY SR,L SPAIN,SU CURSAL  100 GENERACION ZONA ESPAÑOLA RE Mercado Eólica,68
RESRE07,SAN LORENZO D,,FALCK NEXT ENER,GY SR,L SPAIN,SU CURSAL  100 GENERACION ZONA ESPAÑOLA RE Mercado Eólica,68
RESSECR,C.H. RESSEC,,ELÉCTRICA ANTON,IO MA,"DRID, S.L",.   100 GENERACION ZONA ESPAÑOLA Hidráulica Ge neración,68
RIBATE1,C.C. RIBATEJO 1,,EDP GEM PORTUG,AL S.A,.,   100 GENERACION ZONA PORTUGUESA Ciclo Combin ado,68
RIBATE2,C.C. RIBATEJO 2,,EDP GEM PORTUG,AL S.A,.,   100 GENERACION ZONA PORTUGUESA Ciclo Combin ado,68
RIBATE3,C.C. RIBATEJO 3,,EDP GEM PORTUG,AL S.A,.,   100 GENERACION ZONA PORTUGUESA Ciclo Combin ado,68
RIVRE01,RIVAS VENDEDOR,REG.ESPECIAL 01,AYUNTAMIENTO DE,RIVA,S-VACIA,MA DRID  100 GENERACION ZONA ESPAÑOLA RE Mercado Solar Foto,68
RMU1,RIO MUERTO,,WIND TO MARKET (,ACT.:,COMERC,IA LIZACIÓN RE ) 100 GENERACION ZONA ESPAÑOLA Hidráulica Ge neración,68
ROFVD01,ROFEICA ENERGIA,VENTA,"ROFEICA ENERGIA,",S.A.,,   100 GENERACION ZONA ESPAÑOLA RE Mercado Térmica n,68
ROFVD02,ROFVD02,,"ROFEICA ENERGIA,",S.A.,,   100 GENERACION ZONA ESPAÑOLA RE Mercado Térmica n,68
RPTRTAR,REPSOL PETRÓLE,O TARRAGONA,REPSOL FUELS SA,,,   100 GENERACION ZONA ESPAÑOLA RE Mercado Térmica n,68
RSEVD02,VENTAS FV MENOR,ES 1 MW,RESPIRA ENERGIA,ESPA,"ÑA, S.A.",   100 GENERACION ZONA ESPAÑOLA RE Mercado Solar Foto,68
RSEVD03,VENTAS HIDRAULI,CA MENOR 1 MW,RESPIRA ENERGIA,ESPA,"ÑA, S.A.",   100 GENERACION ZONA ESPAÑOLA RE Mercado Hidráulica,68
RSEVD04,VENTAS EOLICA M,ENORES 1 MW,RESPIRA ENERGIA,ESPA,"ÑA, S.A.",   100 GENERACION ZONA ESPAÑOLA RE Mercado Eólica,68
RSPVD01,VENTAS TECNOLO,GIA HIDRAULICA,RESPIRA ENERGIA,MEDIT,ERRANI,"A, S.A.  100 GENERACION ZONA ESPAÑOLA RE Mercado Hidráulica",68
RSPVD02,VENTES SOLAR FO,TOVOLTAICA,RESPIRA ENERGIA,MEDIT,ERRANI,"A, S.A.  100 GENERACION ZONA ESPAÑOLA RE Mercado Solar Foto",68
RSPVD03,VENTAS FOTOVOL,TAICAS > 1MW,RESPIRA ENERGIA,MEDIT,ERRANI,"A, S.A.  100 GENERACION ZONA ESPAÑOLA RE Mercado Solar Foto",68
RSPVD05,HIDRO > 1MW,,RESPIRA ENERGIA,MEDIT,ERRANI,"A, S.A.  100 GENERACION ZONA ESPAÑOLA RE Mercado Hidráulica",68
RSPVD06,VENTA TERMICA-B,IOGAS MENOR 1MW,RESPIRA ENERGIA,MEDIT,ERRANI,"A, S.A.  100 GENERACION ZONA ESPAÑOLA RE Mercado Térmica R",68
RZABAL,VALORIZACION DE,RESIDUOS DT-1,WIND TO MARKET (,ACT.:,COMERC,IA LIZACIÓN RE ) 100 GENERACION ZONA ESPAÑOLA RE Mercado Térmica n,68
SAGU1,C.C. SAGUNTO 1,,GAS NATURAL COM,ERCI,ALIZADO,RA   100 GENERACION ZONA ESPAÑOLA Ciclo Combin ado,68
SAGU2,C.C. SAGUNTO 2,,GAS NATURAL COM,ERCI,ALIZADO,RA   100 GENERACION ZONA ESPAÑOLA Ciclo Combin ado,68
SAGU3,C.C. SAGUNTO 3,,GAS NATURAL COM,ERCI,ALIZADO,RA   100 GENERACION ZONA ESPAÑOLA Ciclo Combin ado,68
SAMPVD1,SAMPOL TARIFA,,SAMPOL INGENIERI,A Y O,BRAS,   100 GENERACION ZONA ESPAÑOLA RE Mercado Térmica n,68
SAMPVD2,SAMPOL TARIFA 2,,SAMPOL INGENIERI,A Y O,BRAS,   100 GENERACION ZONA ESPAÑOLA RE Mercado Térmica n,68
SAN1,SANGUESA,,WIND TO MARKET (,ACT.:,COMERC,IA LIZACIÓN RE ) 100 GENERACION ZONA ESPAÑOLA Hidráulica Ge neración,68
SBEU,UGH. SIL-BIBEY-EU,ME,ENDESA GENERAC,"IÓN, S",.A.,   100 GENERACION ZONA ESPAÑOLA Hidráulica Ge neración,68
SBO3,C.C. SABÓN 3,,GAS NATURAL COM,ERCI,ALIZADO,RA   100 GENERACION ZONA ESPAÑOLA Ciclo Combin ado,68
SEDAVD1,SEDAE RE 1,,SERVICIOS ENERG,ETICO,S DE AL,"TA EFICIENCIA, S.A 100 GENERACION ZONA ESPAÑOLA RE Mercado Térmica n",68
SEDVD02,GEGSAI,,SERVICIOS ENERG,ETICO,S DE AL,"TA EFICIENCIA, S.A 100 GENERACION ZONA ESPAÑOLA RE Mercado Térmica n",68
SEDVD03,GEGSAII,,SERVICIOS ENERG,ETICO,S DE AL,"TA EFICIENCIA, S.A 100 GENERACION ZONA ESPAÑOLA RE Mercado Térmica n",68
SEDVD04,LUBRISU,,,SERVICIOS ENE,RGETICO,"S D E A LTA EFICIE NCIA, S.A 100 GENERACION ZONA ESPAÑOLA RE Mercado Térmica n",69
SEDVD05,SEDAE RE1,,,SERVICIOS ENE,RGETICO,"S D E A LTA EFICIE NCIA, S.A 100 GENERACION ZONA ESPAÑOLA RE Mercado Térmica n",69
SEDVD06,SEDVD06,,,SERVICIOS ENE,RGETICO,"S D E A LTA EFICIE NCIA, S.A 100 GENERACION ZONA ESPAÑOLA RE Mercado Eólica",69
SEDVD07,SEDVD07,,,SERVICIOS ENE,RGETICO,"S D E A LTA EFICIE NCIA, S.A 100 GENERACION ZONA ESPAÑOLA RE Mercado Térmica n",69
SERRE01,REPR SERVC,01,,SERVICIOS ENE,RGÉTICO,S A VAN ZADOS SL   100 GENERACION ZONA ESPAÑOLA RE Mercado Solar Foto,69
SERRE02,REPR SERVC,02,,SERVICIOS ENE,RGÉTICO,S A VAN ZADOS SL   100 GENERACION ZONA ESPAÑOLA RE Mercado Solar Foto,69
SESVD02,HIDRAULICA,,,SHELL ESPAÑA,,     100 GENERACION ZONA ESPAÑOLA RE Mercado Hidráulica,69
SESVD03,UNIDAD DE O,FERTA,EOLICA,SHELL ESPAÑA,,     100 GENERACION ZONA ESPAÑOLA RE Mercado Eólica,69
SESVD04,UNIDAD DE O,FERTA,BIOGAS ORGANO,SHELL ESPAÑA,,     100 GENERACION ZONA ESPAÑOLA RE Mercado Térmica R,69
SESVD05,UNIDAD DE O,FERTA,BIOGAS CARTAG,SHELL ESPAÑA,,     100 GENERACION ZONA ESPAÑOLA RE Mercado Térmica R,69
SESVD08,UNIDAD OFE,RTA BIO,GAS,SHELL ESPAÑA,,     100 GENERACION ZONA ESPAÑOLA RE Mercado Térmica R,69
SESVD13,UNIDAD FOT,OVOLTA,ICA 4,SHELL ESPAÑA,,     100 GENERACION ZONA ESPAÑOLA RE Mercado Solar Foto,69
SESVD25,ENERPARC A,ASS,,SHELL ESPAÑA,,     100 GENERACION ZONA ESPAÑOLA RE Mercado Solar Foto,69
SESVD29,UNIDAD OFE,RTA BIO,GAS GADOR 2,SHELL ESPAÑA,,     100 GENERACION ZONA ESPAÑOLA RE Mercado Térmica R,69
SFA1,SAN FAUSTO,1,,WIND TO MARKE,T (ACT.:,COM ER CIALIZACIÓ N RE ) 100 GENERACION ZONA ESPAÑOLA Hidráulica Ge neración,69
SFA2,SAN FAUSTO,2,,WIND TO MARKE,T (ACT.:,COM ER CIALIZACIÓ N RE ) 100 GENERACION ZONA ESPAÑOLA Hidráulica Ge neración,69
SHEVD01,UNIDAD FOT,OVOLTA,ICA 1,SHELL ENERGY,EUROPE,LIM ITE D   100 GENERACION ZONA ESPAÑOLA RE Mercado Solar Foto,69
SHEVD02,UNIDAD FOT,OVOLTA,ICA 2,SHELL ENERGY,EUROPE,LIM ITE D   100 GENERACION ZONA ESPAÑOLA RE Mercado Solar Foto,69
SHEVD03,UNIDAD FOT,OVOLTA,ICA 3,SHELL ENERGY,EUROPE,LIM ITE D   100 GENERACION ZONA ESPAÑOLA RE Mercado Solar Foto,69
SHEVD04,UNIDAD FOT,OVOLTA,ICA 4,SHELL ENERGY,EUROPE,LIM ITE D   100 GENERACION ZONA ESPAÑOLA RE Mercado Solar Foto,69
SHEVD05,UNIDAD FOT,OVOLTA,ICA 5,SHELL ENERGY,EUROPE,LIM ITE D   100 GENERACION ZONA ESPAÑOLA RE Mercado Solar Foto,69
SHEVD06,UNIDAD FOT,OVOLTA,ICA 6,SHELL ENERGY,EUROPE,LIM ITE D   100 GENERACION ZONA ESPAÑOLA RE Mercado Solar Foto,69
SHEVD07,UNIDAD DE O,FERTA,FOTOVOLTAICA,SHELL ENERGY,EUROPE,LIM ITE D   100 GENERACION ZONA ESPAÑOLA RE Mercado Solar Foto,69
SHEVD08,UNIDAD DE O,FERTA,FOTOVOLTAICA,SHELL ENERGY,EUROPE,LIM ITE D   100 GENERACION ZONA ESPAÑOLA RE Mercado Solar Foto,69
SHEVD09,FV PUERTOL,LANO,,SHELL ENERGY,EUROPE,LIM ITE D   100 GENERACION ZONA ESPAÑOLA RE Mercado Solar Foto,69
SHEVD10,FV EL VILLAR,,,SHELL ENERGY,EUROPE,LIM ITE D   100 GENERACION ZONA ESPAÑOLA RE Mercado Solar Foto,69
SHEVD11,UNIDAD DE O,FERTA,DE MERIDA,SHELL ENERGY,EUROPE,LIM ITE D   100 GENERACION ZONA ESPAÑOLA RE Mercado Solar Foto,69
SHEVD12,FV FREYA,,,SHELL ENERGY,EUROPE,LIM ITE D   100 GENERACION ZONA ESPAÑOLA RE Mercado Solar Foto,69
SHEVD13,FV DON ROD,RIGO III,,SHELL ENERGY,EUROPE,LIM ITE D   100 GENERACION ZONA ESPAÑOLA RE Mercado Solar Foto,69
SHEVD14,FV DON ROD,RIGO IV,,SHELL ENERGY,EUROPE,LIM ITE D   100 GENERACION ZONA ESPAÑOLA RE Mercado Solar Foto,69
SHEVD15,FV DON ROD,RIGO V,,SHELL ENERGY,EUROPE,LIM ITE D   100 GENERACION ZONA ESPAÑOLA RE Mercado Solar Foto,69
SHEVD16,FV BIANOR,,,SHELL ENERGY,EUROPE,LIM ITE D   100 GENERACION ZONA ESPAÑOLA RE Mercado Solar Foto,69
SHEVD17,FUENTE1,,,SHELL ENERGY,EUROPE,LIM ITE D   100 GENERACION ZONA ESPAÑOLA RE Mercado Solar Foto,69
SHEVD18,FUENTE2,,,SHELL ENERGY,EUROPE,LIM ITE D   100 GENERACION ZONA ESPAÑOLA RE Mercado Solar Foto,69
SHEVD19,FUENTE3,,,SHELL ENERGY,EUROPE,LIM ITE D   100 GENERACION ZONA ESPAÑOLA RE Mercado Solar Foto,69
SHEVD20,FUENTE4,,,SHELL ENERGY,EUROPE,LIM ITE D   100 GENERACION ZONA ESPAÑOLA RE Mercado Solar Foto,69
SHEVD21,HINOJOSAS,,,SHELL ENERGY,EUROPE,LIM ITE D   100 GENERACION ZONA ESPAÑOLA RE Mercado Solar Foto,69
SHEVD22,UO THERMIS,TO (TRI,LLO 1),SHELL ENERGY,EUROPE,LIM ITE D   100 GENERACION ZONA ESPAÑOLA RE Mercado Solar Foto,69
SHEVD23,TELESTO7 (T,RILLO2),,SHELL ENERGY,EUROPE,LIM ITE D   100 GENERACION ZONA ESPAÑOLA RE Mercado Solar Foto,69
SHEVD24,UO TETHYS (,TRILLO,3),SHELL ENERGY,EUROPE,LIM ITE D   100 GENERACION ZONA ESPAÑOLA RE Mercado Solar Foto,69
SHEVD25,UO RHEA (TR,ILLO 4),,SHELL ENERGY,EUROPE,LIM ITE D   100 GENERACION ZONA ESPAÑOLA RE Mercado Solar Foto,69
SHEVD26,TELESTO (TR,ILLO5),,SHELL ENERGY,EUROPE,LIM ITE D   100 GENERACION ZONA ESPAÑOLA RE Mercado Solar Foto,69
SHEVD27,BIANOR SPV,,,SHELL ENERGY,EUROPE,LIM ITE D   100 GENERACION ZONA ESPAÑOLA RE Mercado Solar Foto,69
SHEVD28,FV CANADA A,LTA,,SHELL ENERGY,EUROPE,LIM ITE D   100 GENERACION ZONA ESPAÑOLA RE Mercado Solar Foto,69
SHEVD29,UNIDAD PV 2,9,,SHELL ENERGY,EUROPE,LIM ITE D   100 GENERACION ZONA ESPAÑOLA RE Mercado Solar Foto,69
SHEVD30,UNIDAD PV 3,0,,SHELL ENERGY,EUROPE,LIM ITE D   100 GENERACION ZONA ESPAÑOLA RE Mercado Solar Foto,69
SHEVD31,UNIDAD PV 3,1,,SHELL ENERGY,EUROPE,LIM ITE D   100 GENERACION ZONA ESPAÑOLA RE Mercado Solar Foto,69
SHEVD32,UNIDAD EOLI,CA 32,,SHELL ENERGY,EUROPE,LIM ITE D   100 GENERACION ZONA ESPAÑOLA RE Mercado Eólica,69
SHEVD33,UNIDAD EOLI,CA 33,,SHELL ENERGY,EUROPE,LIM ITE D   100 GENERACION ZONA ESPAÑOLA RE Mercado Eólica,69
SHEVD34,UNIDAD OFE,RTA EO,LICA,SHELL ENERGY,EUROPE,LIM ITE D   100 GENERACION ZONA ESPAÑOLA RE Mercado Eólica,69
SIL,UGH. SIL,,,IBERDROLA ENE,RGÍA ES,PAÑ A S ..A.   100 GENERACION ZONA ESPAÑOLA Hidráulica Ge neración,69
SIMPVD1,VENTA DE EN,ERGÍA,,SIMPLES ENERG,IA DE ES,PAÑ A S L   100 GENERACION ZONA ESPAÑOLA RE Mercado Solar Foto,69
SIMPV02,VENDA DE EN,ERGIA,PT,SIMPLES ENERG,IA DE ES,PAÑ A S L   100 GENERACION ZONA PORTUGUESA RE Tarifa CU R (uof),69
SLRRE01,SOLARIA REP,RESEN,TACION VENTA,SOLARIA REPRE,SENTAC,ION EN MERCADO S.L.  100 GENERACION ZONA ESPAÑOLA RE Mercado Solar Foto,69
SLRRE02,CENTAURUS,SOLAR,,SOLARIA REPRE,SENTAC,ION EN MERCADO S.L.  100 GENERACION ZONA ESPAÑOLA RE Mercado Solar Foto,69
SLRRE03,AQUARII SOL,AR,,SOLARIA REPRE,SENTAC,ION EN MERCADO S.L.  100 GENERACION ZONA ESPAÑOLA RE Mercado Solar Foto,69
SLRRE04,MAGACELA SO,LAR,SOLARIA RE,PRESENT,ACION,E N MERCADO S.L. 100 GENERACION ZONA ESPAÑOLA RE Mercado Solar Fotovoltáica,70
SLRRE05,FUENMAYOR,,SOLARIA RE,PRESENT,ACION,E N MERCADO S.L. 100 GENERACION ZONA ESPAÑOLA RE Mercado Solar Fotovoltáica,70
SLRRE06,AURIGA SOLA,R,SOLARIA RE,PRESENT,ACION,E N MERCADO S.L. 100 GENERACION ZONA ESPAÑOLA RE Mercado Solar Fotovoltáica,70
SLRRE07,FV MEDINA,,SOLARIA RE,PRESENT,ACION,E N MERCADO S.L. 100 GENERACION ZONA ESPAÑOLA RE Mercado Solar Fotovoltáica,70
SLRRE08,FV BELINCHON,,SOLARIA RE,PRESENT,ACION,E N MERCADO S.L. 100 GENERACION ZONA ESPAÑOLA RE Mercado Solar Fotovoltáica,70
SLRRE09,CEPHEUS SOL,AR,SOLARIA RE,PRESENT,ACION,E N MERCADO S.L. 100 GENERACION ZONA ESPAÑOLA RE Mercado Solar Fotovoltáica,70
SLRRE10,SCORPIUS SO,LAR,SOLARIA RE,PRESENT,ACION,E N MERCADO S.L. 100 GENERACION ZONA ESPAÑOLA RE Mercado Solar Fotovoltáica,70
SLRRE11,TUCANA SOLA,R,SOLARIA RE,PRESENT,ACION,E N MERCADO S.L. 100 GENERACION ZONA ESPAÑOLA RE Mercado Solar Fotovoltáica,70
SLRRE13,TORDESILLAS,III SOLAR,SOLARIA RE,PRESENT,ACION,E N MERCADO S.L. 100 GENERACION ZONA ESPAÑOLA RE Mercado Solar Fotovoltáica,70
SLRRE14,BALDIO SOLAR,,SOLARIA RE,PRESENT,ACION,E N MERCADO S.L. 100 GENERACION ZONA ESPAÑOLA RE Mercado Solar Fotovoltáica,70
SLRRE15,PALACIOS SOL,AR,SOLARIA RE,PRESENT,ACION,E N MERCADO S.L. 100 GENERACION ZONA ESPAÑOLA RE Mercado Solar Fotovoltáica,70
SLRRE16,VALDELOSA S,OLAR,SOLARIA RE,PRESENT,ACION,E N MERCADO S.L. 100 GENERACION ZONA ESPAÑOLA RE Mercado Solar Fotovoltáica,70
SLRRE17,FV AGREGADA,,SOLARIA RE,PRESENT,ACION,E N MERCADO S.L. 100 GENERACION ZONA ESPAÑOLA RE Mercado Solar Fotovoltáica,70
SLRRE18,DELPHINUS SO,LAR,SOLARIA RE,PRESENT,ACION,E N MERCADO S.L. 100 GENERACION ZONA ESPAÑOLA RE Mercado Solar Fotovoltáica,70
SLRRE19,TELESTO SOL,AR 10,SOLARIA RE,PRESENT,ACION,E N MERCADO S.L. 100 GENERACION ZONA ESPAÑOLA RE Mercado Solar Fotovoltáica,70
SLRRE20,TELESTO SOL,AR 4,SOLARIA RE,PRESENT,ACION,E N MERCADO S.L. 100 GENERACION ZONA ESPAÑOLA RE Mercado Solar Fotovoltáica,70
SLRRE21,TELESTO SOL,AR 9,SOLARIA RE,PRESENT,ACION,E N MERCADO S.L. 100 GENERACION ZONA ESPAÑOLA RE Mercado Solar Fotovoltáica,70
SLRRE22,TORDESILLAS,I SOLAR,SOLARIA RE,PRESENT,ACION,E N MERCADO S.L. 100 GENERACION ZONA ESPAÑOLA RE Mercado Solar Fotovoltáica,70
SLRRE23,HIB HERCULES,GENERACION,SOLARIA RE,PRESENT,ACION,E N MERCADO S.L. 100 GENERACION ZONA ESPAÑOLA Híbrida Renov.-Alm acenamient,70
SLRRE24,DIONE SOLAR,,SOLARIA RE,PRESENT,ACION,E N MERCADO S.L. 100 GENERACION ZONA ESPAÑOLA RE Mercado Solar Fotovoltáica,70
SLRRE25,VOLANS SOLA,R 1,SOLARIA RE,PRESENT,ACION,E N MERCADO S.L. 100 GENERACION ZONA ESPAÑOLA RE Mercado Solar Fotovoltáica,70
SLRRE26,VOLANS SOLA,R 2,SOLARIA RE,PRESENT,ACION,E N MERCADO S.L. 100 GENERACION ZONA ESPAÑOLA RE Mercado Solar Fotovoltáica,70
SLRRE27,JUNO SOLAR 1,,SOLARIA RE,PRESENT,ACION,E N MERCADO S.L. 100 GENERACION ZONA ESPAÑOLA RE Mercado Solar Fotovoltáica,70
SLRRE28,JUNO SOLAR 2,,SOLARIA RE,PRESENT,ACION,E N MERCADO S.L. 100 GENERACION ZONA ESPAÑOLA RE Mercado Solar Fotovoltáica,70
SLRRE29,MIMAS SOLAR,,SOLARIA RE,PRESENT,ACION,E N MERCADO S.L. 100 GENERACION ZONA ESPAÑOLA RE Mercado Solar Fotovoltáica,70
SLRRE30,TITAN SOLAR,,SOLARIA RE,PRESENT,ACION,E N MERCADO S.L. 100 GENERACION ZONA ESPAÑOLA RE Mercado Solar Fotovoltáica,70
SLRRE31,SANTIZ SOLAR,,SOLARIA RE,PRESENT,ACION,E N MERCADO S.L. 100 GENERACION ZONA ESPAÑOLA RE Mercado Solar Fotovoltáica,70
SLRRE32,ARIES SOLAR,,SOLARIA RE,PRESENT,ACION,E N MERCADO S.L. 100 GENERACION ZONA ESPAÑOLA RE Mercado Solar Fotovoltáica,70
SLRRE33,TORDESILLAS,SOLAR II,SOLARIA RE,PRESENT,ACION,E N MERCADO S.L. 100 GENERACION ZONA ESPAÑOLA RE Mercado Solar Fotovoltáica,70
SLRRE34,PEGASO SOLA,R,SOLARIA RE,PRESENT,ACION,E N MERCADO S.L. 100 GENERACION ZONA ESPAÑOLA RE Mercado Solar Fotovoltáica,70
SLRRE35,POLEÑINO SO,LAR,SOLARIA RE,PRESENT,ACION,E N MERCADO S.L. 100 GENERACION ZONA ESPAÑOLA RE Mercado Solar Fotovoltáica,70
SLRRE36,BETA SOLAR,,SOLARIA RE,PRESENT,ACION,E N MERCADO S.L. 100 GENERACION ZONA ESPAÑOLA RE Mercado Solar Fotovoltáica,70
SLRRE37,ALPHA SOLAR,,SOLARIA RE,PRESENT,ACION,E N MERCADO S.L. 100 GENERACION ZONA ESPAÑOLA RE Mercado Solar Fotovoltáica,70
SLRRE38,GAMMA SOLA,R,SOLARIA RE,PRESENT,ACION,E N MERCADO S.L. 100 GENERACION ZONA ESPAÑOLA RE Mercado Solar Fotovoltáica,70
SLRRE39,DELTA SOLAR,,SOLARIA RE,PRESENT,ACION,E N MERCADO S.L. 100 GENERACION ZONA ESPAÑOLA RE Mercado Solar Fotovoltáica,70
SLTG,UGH. ESTANG.,SALLENTE TURB.,ENDESA GE,NERACIÓN,", S.A.",    100 GENERACION ZONA ESPAÑOLA Hidráulica de Bom beo Puro,70
SLWRE01,SOLCASTEL,,SOLWE ENE,RGÍA,,    100 GENERACION ZONA ESPAÑOLA RE Mercado Solar Fotovoltáica,70
SLWRE02,JUNDESOL,,SOLWE ENE,RGÍA,,    100 GENERACION ZONA ESPAÑOLA RE Mercado Solar Fotovoltáica,70
SMARE01,MARCHENA SO,LAR PLANT,SMARTLUZ E,NERGY,,    100 GENERACION ZONA ESPAÑOLA RE Mercado Solar Fotovoltáica,70
SMBV02,VENDA BATER,IA BATALHA,SIMPLES EN,ERGIA DE,ESPAÑ,A S L  100 GENERACION ZONA PORTUGUESA Almacenamiento V enta,70
SNICOG,SNIACE COGE,NERACION,ENERGY BY,COGEN,,    100 GENERACION ZONA ESPAÑOLA RE Mercado Térmi ca no,70
SNTEVD1,UOF PARA UP,TTECQU,TEC 94,,,    100 GENERACION ZONA ESPAÑOLA Agente vendedor R eg. Especia,70
SOLRE01,SOLAR PLANT,,FALCK NEXT,ENERGY,SRL S,PA IN SUCURSA L 100 GENERACION ZONA ESPAÑOLA RE Mercado Solar Fotovoltáica,70
SOL2,EL SOLVENTE,2,WIND TO MA,RKET (AC,T.: COM,E R CIALIZACIÓ N RE) 100 GENERACION ZONA ESPAÑOLA Hidráulica Generac ión,70
SOMRE05,SOMEN REPR,FV P,SOM ENERG,IA SCCL,,    100 GENERACION ZONA ESPAÑOLA RE Mercado Solar Fotovoltáica,70
SOMRE06,FV MAYOR DE,1MW,SOM ENERG,IA SCCL,,    100 GENERACION ZONA ESPAÑOLA RE Mercado Solar Fotovoltáica,70
SOMRE07,MINIHIDRO PE,NIN.,SOM ENERG,IA SCCL,,    100 GENERACION ZONA ESPAÑOLA RE Mercado Hidrá ulica,70
SRI3,C.T. SOTO 3,,EDP ESPAÑ,"A, S.A.U. (",GENER,AC I ÓN)  100 GENERACION ZONA ESPAÑOLA Hulla Antracita ,70
SRI4R,C.C. SOTO 4,,EDP ESPAÑ,"A, S.A.U. (",GENER,AC I ÓN)  100 GENERACION ZONA ESPAÑOLA Ciclo Combinado ,70
SRI5R,CC SOTO RIBE,RA 5 REPR,EDP ESPAÑ,"A, S.A.U. (",GENER,AC I ÓN)  100 GENERACION ZONA ESPAÑOLA Ciclo Combinado ,70
SROQ1,C.C. SAN ROQ,UE 1,GAS NATUR,AL COMER,CIALIZ,A D ORA  100 GENERACION ZONA ESPAÑOLA Ciclo Combinado ,70
SROQ2,C.C. SAN ROQ,UE 2,ENDESA GE,NERACIÓN,", S.A.",    100 GENERACION ZONA ESPAÑOLA Ciclo Combinado ,70
STC4,C.C. SANTURC,E 4,IBERDROLA,ENERGÍA,ESPAÑ,A S ..A.  100 GENERACION ZONA ESPAÑOLA Ciclo Combinado ,70
STRRE01,VENTAS STRO,M,ENERGY ST,"ROM XXI,",S.L.,    100 GENERACION ZONA ESPAÑOLA RE Mercado Solar Fotovoltáica,70
STVRE03,VADOMOJON,,STIN S.A.,,,    100 GENERACION ZONA ESPAÑOLA RE Mercado Hidrá ulica,70
TAJO,UGH. TAJO,,IBERDROLA,ENERGÍA,ESPAÑ,A S ..A.  100 GENERACION ZONA ESPAÑOLA Hidráulica Generac ión,70
TAMEGA,TAMEGA,,IBERDROLA,ENERGÍA,ESPAÑ,A S ..A.  100 GENERACION ZONA PORTUGUESA Hidráulica Generac ión,70
TAPOWER,C.C. TARRAGONA P,OWER,IBERDROLA ENERGÍ,A ESPAÑA S..A.,, 100 GENERACION ZONA ESPAÑOLA Ciclo Combinado ,71
TEES,UGH. TERA-ESLA,,ENDESA GENERACIÓ,"N, S.A.",, 100 GENERACION ZONA ESPAÑOLA Hidráulica Generac ión,71
TEMON,SISTEMA TEJO-MON,DEGO,EDP GEM PORTUGA,L S.A.,, 100 GENERACION ZONA PORTUGUESA RE Tarifa CUR (uo f),71
TERE,UGH. TER,,ENDESA GENERACIÓ,"N, S.A.",, 100 GENERACION ZONA ESPAÑOLA Hidráulica Generac ión,71
TERRE01,TERSA FOT.,,TERSA - TRACTAME,NT I SELECCIÓ,DE,RESIDUS 100 GENERACION ZONA ESPAÑOLA RE Mercado Solar Fotovoltáica,71
TERRE02,TERSA RESIDUOS S,ÓLIDOS URBANOS,TERSA - TRACTAME,NT I SELECCIÓ,DE,RESIDUS 100 GENERACION ZONA ESPAÑOLA RE Mercado Térmi ca no,71
TERRE03,TERSA BIOGAS,,TERSA - TRACTAME,NT I SELECCIÓ,DE,RESIDUS 100 GENERACION ZONA ESPAÑOLA RE Mercado Térmi ca Renovabl,71
TGPLV02,REPRESENTACION,EN PT,TOTALENERGIES GA,S AND POWER,LIM,ITED 100 GENERACION ZONA PORTUGUESA RE Tarifa CUR (uo f),71
TJEG,C.H. TAJO ENCANTA,DA GENERACION,ENDESA GENERACIÓ,"N, S.A.",, 100 GENERACION ZONA ESPAÑOLA Hidráulica de Bom beo Puro,71
TOTRE01,REPRESENTACIÓN,FV GG1,TOTALENERGIES GA,S AND POWER,LIM,ITED 100 GENERACION ZONA ESPAÑOLA RE Mercado Solar Fotovoltáica,71
TOTRE02,REPRESENTACION,PFV LA ISLA,TOTALENERGIES GA,S AND POWER,LIM,ITED 100 GENERACION ZONA ESPAÑOLA RE Mercado Solar Fotovoltáica,71
TOTRE03,REPRESENTACION,EOLICA WI1014,TOTALENERGIES GA,S AND POWER,LIM,ITED 100 GENERACION ZONA ESPAÑOLA RE Mercado Eólica ,71
TOTRE04,ARBOTANTE SOLAR,,TOTALENERGIES GA,S AND POWER,LIM,ITED 100 GENERACION ZONA ESPAÑOLA RE Mercado Solar Fotovoltáica,71
TOTRE05,LA CARRASCOSA,,TOTALENERGIES GA,S AND POWER,LIM,ITED 100 GENERACION ZONA ESPAÑOLA RE Mercado Solar Fotovoltáica,71
TOTRE06,LA NORIA,,TOTALENERGIES GA,S AND POWER,LIM,ITED 100 GENERACION ZONA ESPAÑOLA RE Mercado Solar Fotovoltáica,71
TOTRE07,PILASTRA SOLAR,,TOTALENERGIES GA,S AND POWER,LIM,ITED 100 GENERACION ZONA ESPAÑOLA RE Mercado Solar Fotovoltáica,71
TOTRE08,POSTIGO SOLAR,,TOTALENERGIES GA,S AND POWER,LIM,ITED 100 GENERACION ZONA ESPAÑOLA RE Mercado Solar Fotovoltáica,71
TOTRE09,LOS VALIENTES I,,TOTALENERGIES GA,S AND POWER,LIM,ITED 100 GENERACION ZONA ESPAÑOLA RE Mercado Solar Fotovoltáica,71
TOTRE10,LOS VALIENTES II,,TOTALENERGIES GA,S AND POWER,LIM,ITED 100 GENERACION ZONA ESPAÑOLA RE Mercado Solar Fotovoltáica,71
TOTRE11,PFV DNR,,TOTALENERGIES GA,S AND POWER,LIM,ITED 100 GENERACION ZONA ESPAÑOLA RE Mercado Solar Fotovoltáica,71
TOTRE12,LAS CAROLINAS III,,TOTALENERGIES GA,S AND POWER,LIM,ITED 100 GENERACION ZONA ESPAÑOLA RE Mercado Solar Fotovoltáica,71
TOTRE13,LAS CAROLINAS 4,,TOTALENERGIES GA,S AND POWER,LIM,ITED 100 GENERACION ZONA ESPAÑOLA RE Mercado Solar Fotovoltáica,71
TOTRE14,FV EL ROMERAL I,,TOTALENERGIES GA,S AND POWER,LIM,ITED 100 GENERACION ZONA ESPAÑOLA RE Mercado Solar Fotovoltáica,71
TOTRE15,FV EL ROMERAL II,,TOTALENERGIES GA,S AND POWER,LIM,ITED 100 GENERACION ZONA ESPAÑOLA RE Mercado Solar Fotovoltáica,71
TRARE01,VENTABIOGAS,,TRADEBE GESTION,ESPAÑA SL,, 100 GENERACION ZONA ESPAÑOLA RE Mercado Térmi ca Renovabl,71
TRIRE01,GUASCOR,,SECOND FOUNDATIO,N TRADING AG,, 100 GENERACION ZONA ESPAÑOLA RE Mercado Térmi ca no,71
TRIRE02,CATRAL 1,,SECOND FOUNDATIO,N TRADING AG,, 100 GENERACION ZONA ESPAÑOLA RE Mercado Solar Fotovoltáica,71
TRIRE03,SOLGENERA,,SECOND FOUNDATIO,N TRADING AG,, 100 GENERACION ZONA ESPAÑOLA RE Mercado Solar Fotovoltáica,71
TRIRE04,MAS FUSTE,,SECOND FOUNDATIO,N TRADING AG,, 100 GENERACION ZONA ESPAÑOLA RE Mercado Solar Fotovoltáica,71
TRIRE05,CATRAL2,,SECOND FOUNDATIO,N TRADING AG,, 100 GENERACION ZONA ESPAÑOLA RE Mercado Solar Fotovoltáica,71
TRIRE06,UF MAS FUSTE2,,SECOND FOUNDATIO,N TRADING AG,, 100 GENERACION ZONA ESPAÑOLA RE Mercado Solar Fotovoltáica,71
TRIRE07,UF ALBATERA,,SECOND FOUNDATIO,N TRADING AG,, 100 GENERACION ZONA ESPAÑOLA RE Mercado Solar Fotovoltáica,71
TRIRE08,BORJA,,SECOND FOUNDATIO,N TRADING AG,, 100 GENERACION ZONA ESPAÑOLA RE Mercado Solar Fotovoltáica,71
TRL1,C.N. TRILLO,,"IBERENERGIA,S.A.",,," 15,5 GENERACION ZONA ESPAÑOLA Nuclear ",71
TSRDV02,TSRDV02,,ENGELHART CTP RE,NEWABLES GM,BH, 100 GENERACION ZONA PORTUGUESA RE Tarifa CUR (uo f),71
TSRRE01,GESTION DE INFRA,ESTRUCTURAS,ENGELHART CTP RE,NEWABLES GM,BH, 100 GENERACION ZONA ESPAÑOLA RE Mercado Solar Fotovoltáica,71
UFBG,C.H. BOLARQUE GE,NERACION,GAS NATURAL COME,RCIALIZADORA,, 100 GENERACION ZONA ESPAÑOLA Hidráulica de Bom beo Puro,71
UFGC,UGH. UF-GALICIA C,OSTA,GAS NATURAL COME,RCIALIZADORA,, 100 GENERACION ZONA ESPAÑOLA Hidráulica Generac ión,71
UFMI,UGH. UF-MIÑO,,GAS NATURAL COME,RCIALIZADORA,, 100 GENERACION ZONA ESPAÑOLA Hidráulica Generac ión,71
UFTA,UGH. UF-TAJO,,GAS NATURAL COME,RCIALIZADORA,, 100 GENERACION ZONA ESPAÑOLA Hidráulica Generac ión,71
ULEA,ULEA,,WIND TO MARKET (A,CT.: COMERCIA,LIZ,ACIÓN RE) 100 GENERACION ZONA ESPAÑOLA Hidráulica Generac ión,71
UPACAV,UOF ACADIEMS VE,NTA,IGNIS ENERGIA S.L.,,, 100 GENERACION ZONA ESPAÑOLA Almacenamiento V enta,71
UPPTCHA,UPPTCHA,,HIDROELÉCTRICA LU,MYMEY,, 100 GENERACION ZONA ESPAÑOLA Hidráulica Generac ión,71
UPPTDIS,UPPTDIS,,HIDROELÉCTRICA LU,MYMEY,, 100 GENERACION ZONA ESPAÑOLA Hidráulica Generac ión,71
UPXENV,UPXENV,,GNERA ENERGIA Y T,ECNOLOGIA,, 100 GENERACION ZONA ESPAÑOLA Almacenamiento V enta,71
VAN2,C.N. VANDELLOS II,,IBERDROLA ENERGÍ,A ESPAÑA S..A.,, 28 GENERACION ZONA ESPAÑOLA Nuclear ,71
VGERE08,HNSMER,,REPSOL SERVICIOS,"RENOVABLES,",S.A,. 100 GENERACION ZONA ESPAÑOLA RE Mercado Hidrá ulica,71
VGERE12,VGERE12,,REPSOL SERVICIOS,"RENOVABLES,",S.A,. 100 GENERACION ZONA ESPAÑOLA RE Mercado Eólica ,71
VGERE13,VGERE13,,REPSOL SERVICIOS,"RENOVABLES,",S.A,. 100 GENERACION ZONA ESPAÑOLA RE Mercado Térmi ca no,71
VGERE17,VGERE17,,REPSOL SERVICIOS,"RENOVABLES,",S.A,. 100 GENERACION ZONA ESPAÑOLA RE Mercado Térmi ca no,71
VGERE18,VGERE18,,,,,"REPSOL SERVICIO S REN OV ABLES, S.A.  100 GENERACION ZONA ESPAÑOLA RE Mercado Térmica",72
VGERE33,VGERE33,,,,,"REPSOL SERVICIO S REN OV ABLES, S.A.  100 GENERACION ZONA ESPAÑOLA RE Mercado Eólica",72
VGERE34,VGERE34,,,,,"REPSOL SERVICIO S REN OV ABLES, S.A.  100 GENERACION ZONA ESPAÑOLA RE Mercado Solar Fo",72
VGERE35,VGERE35,,,,,"REPSOL SERVICIO S REN OV ABLES, S.A.  100 GENERACION ZONA ESPAÑOLA RE Mercado Solar Fo",72
VGERE39,VGERE39,,,,,"REPSOL SERVICIO S REN OV ABLES, S.A.  100 GENERACION ZONA ESPAÑOLA RE Mercado Eólica",72
VGERE42,LA SERNA,,,,,"REPSOL SERVICIO S REN OV ABLES, S.A.  100 GENERACION ZONA ESPAÑOLA RE Mercado Eólica",72
VGERE43,KAPPAG,,,,,"REPSOL SERVICIO S REN OV ABLES, S.A.  100 GENERACION ZONA ESPAÑOLA RE Mercado Solar Fo",72
VGERE44,SIGMA,,,,,"REPSOL SERVICIO S REN OV ABLES, S.A.  100 GENERACION ZONA ESPAÑOLA RE Mercado Solar Fo",72
VGERE45,POLUX,,,,,"REPSOL SERVICIO S REN OV ABLES, S.A.  100 GENERACION ZONA ESPAÑOLA RE Mercado Eólica",72
VGERE46,GALLEGO,,,,,"REPSOL SERVICIO S REN OV ABLES, S.A.  100 GENERACION ZONA ESPAÑOLA RE Mercado Eólica",72
VGERE47,EARTIG,,,,,"REPSOL SERVICIO S REN OV ABLES, S.A.  100 GENERACION ZONA ESPAÑOLA RE Mercado Eólica",72
VGERE48,VGERE48,,,,,"REPSOL SERVICIO S REN OV ABLES, S.A.  100 GENERACION ZONA ESPAÑOLA RE Mercado Eólica",72
VGERE49,VGERE49,,,,,"REPSOL SERVICIO S REN OV ABLES, S.A.  100 GENERACION ZONA ESPAÑOLA RE Mercado Eólica",72
VGERE50,EL TOMILLAR,,,,,"REPSOL SERVICIO S REN OV ABLES, S.A.  100 GENERACION ZONA ESPAÑOLA RE Mercado Solar Fo",72
VGERE51,VGERE51,,,,,"REPSOL SERVICIO S REN OV ABLES, S.A.  100 GENERACION ZONA ESPAÑOLA RE Mercado Eólica",72
VGERE52,ECERRAT,,,,,"REPSOL SERVICIO S REN OV ABLES, S.A.  100 GENERACION ZONA ESPAÑOLA RE Mercado Eólica",72
VGERE53,FTRI,,,,,"REPSOL SERVICIO S REN OV ABLES, S.A.  100 GENERACION ZONA ESPAÑOLA RE Mercado Solar Fo",72
VGERE54,VGERE54,,,,,"REPSOL SERVICIO S REN OV ABLES, S.A.  100 GENERACION ZONA ESPAÑOLA RE Mercado Eólica",72
VGERE55,VGERE55,,,,,"REPSOL SERVICIO S REN OV ABLES, S.A.  100 GENERACION ZONA ESPAÑOLA RE Mercado Eólica",72
VGERE56,VGERE56,,,,,"REPSOL SERVICIO S REN OV ABLES, S.A.  100 GENERACION ZONA ESPAÑOLA RE Mercado Solar Fo",72
VGERE57,VGERE57,,,,,"REPSOL SERVICIO S REN OV ABLES, S.A.  100 GENERACION ZONA ESPAÑOLA RE Mercado Eólica",72
VGERE60,VGERE60,,,,,"REPSOL SERVICIO S REN OV ABLES, S.A.  100 GENERACION ZONA ESPAÑOLA RE Mercado Eólica",72
VGERE61,VGERE61,,,,,"REPSOL SERVICIO S REN OV ABLES, S.A.  100 GENERACION ZONA ESPAÑOLA RE Mercado Eólica",72
VGERE62,VGERE62,,,,,"REPSOL SERVICIO S REN OV ABLES, S.A.  100 GENERACION ZONA ESPAÑOLA RE Mercado Eólica",72
VGERE63,VGERE63,,,,,"REPSOL SERVICIO S REN OV ABLES, S.A.  100 GENERACION ZONA ESPAÑOLA RE Mercado Eólica",72
VGERE64,VGERE64,,,,,"REPSOL SERVICIO S REN OV ABLES, S.A.  100 GENERACION ZONA ESPAÑOLA RE Mercado Eólica",72
VGERE65,VGERE65,,,,,"REPSOL SERVICIO S REN OV ABLES, S.A.  100 GENERACION ZONA ESPAÑOLA RE Mercado Solar Fo",72
VGERE66,VGERE66 EREPSOH,,,,,"REPSOL SERVICIO S REN OV ABLES, S.A.  100 GENERACION ZONA ESPAÑOLA Híbrida Reno vable",72
VGERE67,VGERE67 FOTOVOL,TAI,C,A,,"REPSOL SERVICIO S REN OV ABLES, S.A.  100 GENERACION ZONA ESPAÑOLA RE Mercado Solar Fo",72
VIERE01,SOLMATCH,,,,,REPSOL COMERCI ALIZAD OR A DE E LECTRICID AD Y GAS SLU 100 GENERACION ZONA ESPAÑOLA RE Mercado Solar Fo,72
VIES,UGH. VIESGO,,,,,"REPSOL SERVICIO S REN OV ABLES, S.A.  100 GENERACION ZONA ESPAÑOLA Hidráulica Ge neració",72
VISRE19,VISALIA LOGIFASHI,ON,S,OL,AR,VISALIA ENERGIA SLU     100 GENERACION ZONA ESPAÑOLA RE Mercado Solar Fo,72
VISRE22,VISALIA FV OLIVAR,ES,,,,VISALIA ENERGIA SLU     100 GENERACION ZONA ESPAÑOLA RE Mercado Solar Fo,72
VISRE23,VISALIA FV TORREC,ILL,A,,,VISALIA ENERGIA SLU     100 GENERACION ZONA ESPAÑOLA RE Mercado Solar Fo,72
VISRE24,FV RIO,,,,,VISALIA ENERGIA SLU     100 GENERACION ZONA ESPAÑOLA RE Mercado Solar Fo,72
VISRE25,FV COTO,,,,,VISALIA ENERGIA SLU     100 GENERACION ZONA ESPAÑOLA RE Mercado Solar Fo,72
VISRE26,VISALIA FV TORDES,ILL,AS,2,,VISALIA ENERGIA SLU     100 GENERACION ZONA ESPAÑOLA RE Mercado Solar Fo,72
VTERE01,REPRESENTACION,FV,,,,VITA ENE RGY CON SULTI NG SL   100 GENERACION ZONA ESPAÑOLA RE Mercado Solar Fo,72
VTERE02,REPRESENTACION,FV,>1,,,VITA ENE RGY CON SULTI NG SL   100 GENERACION ZONA ESPAÑOLA RE Mercado Solar Fo,72
VTERE03,REPRESENTACION,FV,P,,,VITA ENE RGY CON SULTI NG SL   100 GENERACION ZONA ESPAÑOLA RE Mercado Solar Fo,72
WATRE02,WATIUM FOTOVOLT,AIC,A,01,,VISALIA ENERGIA SLU     100 GENERACION ZONA ESPAÑOLA RE Mercado Solar Fo,72
WATRE03,WATIUM FOTOVOLT,AIC,A,13,ROELES,VISALIA ENERGIA SLU     100 GENERACION ZONA ESPAÑOLA RE Mercado Solar Fo,72
WATRE05,WATIUM FOTOVOLT,AIC,A,AG,UASAL,VISALIA ENERGIA SLU     100 GENERACION ZONA ESPAÑOLA RE Mercado Solar Fo,72
WATRE06,WATIUM FV PÍO CÁ,MA,RA,BU,RGOS,VISALIA ENERGIA SLU     100 GENERACION ZONA ESPAÑOLA RE Mercado Solar Fo,72
WATRE07,WATIUM FV RODER,O E,N,ER,GÍA,VISALIA ENERGIA SLU     100 GENERACION ZONA ESPAÑOLA RE Mercado Solar Fo,72
WATRE12,PIO CAMARA EL VIS,O,,,,VISALIA ENERGIA SLU     100 GENERACION ZONA ESPAÑOLA RE Mercado Solar Fo,72
WATRE13,BARCO DE LOS FRA,ILE,S,I,,VISALIA ENERGIA SLU     100 GENERACION ZONA ESPAÑOLA RE Mercado Solar Fo,72
WATRE14,WATIUM FV VILLAH,ER,MO,SA,,VISALIA ENERGIA SLU     100 GENERACION ZONA ESPAÑOLA RE Mercado Solar Fo,72
WATRE16,FV LA MOCHA,,,,,VISALIA ENERGIA SLU     100 GENERACION ZONA ESPAÑOLA RE Mercado Solar Fo,72
WATRE17,WATIUM FV 13 ROE,LES,N,OR,TE,VISALIA ENERGIA SLU     100 GENERACION ZONA ESPAÑOLA RE Mercado Solar Fo,72
WATRE18,WATIUM PSF TARR,AGÓ,N,,,VISALIA ENERGIA SLU     100 GENERACION ZONA ESPAÑOLA RE Mercado Solar Fo,72
WMARVD1,VENTA EXCED AUT,OP,RO,D,WMARK VD1,WIND TO MARKET (ACT.: CO MERCIA LIZACIÓN RE) 100 GENERACION ZONA ESPAÑOLA RE Mercado Solar Fo,72
WMCHVNR,W2M REGIMEN ORD,INA,R,IO,CHAVIN,WIND TO MARKET (ACT.: CO MERCIA LIZACIÓN RE) 100 GENERACION ZONA ESPAÑOLA Hidráulica Ge neració,72
WMEBRO,W2M REGIMER ORD,INA,R,IO,EBRO,WIND TO MARKET (ACT.: CO MERCIA LIZACIÓN RE) 100 GENERACION ZONA ESPAÑOLA Hidráulica Ge neració,72
WMGRDZR,W2M REGIMEN ORD,INA,R,IO,GERDIZ,WIND TO MARKET (ACT.: CO MERCIA LIZACIÓN RE) 100 GENERACION ZONA ESPAÑOLA Hidráulica Ge neració,72
WMJUCA,W2M REGIMEN ORD,INA,R,IO,JUCAR,WIND TO MARKET (ACT.: CO MERCIA LIZACIÓN RE) 100 GENERACION ZONA ESPAÑOLA Hidráulica Ge neració,72
WMPGOMR,WM REGIMEN ORDI,NA,RI,O P,IAGO MAR,WIND TO MARKET (ACT.: CO MERCIA LIZACIÓN RE) 100 GENERACION ZONA ESPAÑOLA Hidráulica Ge neració,72
WMTRCDR,WM RE,GIME,N,ORDINARIO T,RONCEDA,WIND TO MARKET (ACT.: COMERCIALIZACIÓN RE) 100 GENERACION ZONA ESPAÑOLA Hidráulica Ge neración,73
WMTRC2R,WM RE,GIME,N,ORDINARIO T,RONCEDA2,WIND TO MARKET (ACT.: COMERCIALIZACIÓN RE) 100 GENERACION ZONA ESPAÑOLA Hidráulica Ge neración,73
WMVD007,VENTA,EXCE,D,AUTOPROD,WMARK 007,WIND TO MARKET (ACT.: COMERCIALIZACIÓN RE) 100 GENERACION ZONA ESPAÑOLA RE Mercado Térmica n,73
WMVD01,VENTA,EXCE,D,HIB WMVD0,1,WIND TO MARKET (ACT.: COMERCIALIZACIÓN RE) 100 GENERACION ZONA ESPAÑOLA Híbrida Reno vable,73
WMVD014,VENTA,EXCE,D,AUTOPROD,WMARK 014,WIND TO MARKET (ACT.: COMERCIALIZACIÓN RE) 100 GENERACION ZONA ESPAÑOLA RE Mercado Térmica n,73
WMVD02,VENTA,EXCE,D,HIB WMVD0,2,WIND TO MARKET (ACT.: COMERCIALIZACIÓN RE) 100 GENERACION ZONA ESPAÑOLA Híbrida Reno vable,73
WMVD034,VENTA,EXCE,D,AUTOPROD,WMARK 034,WIND TO MARKET (ACT.: COMERCIALIZACIÓN RE) 100 GENERACION ZONA ESPAÑOLA RE Mercado Térmica n,73
WMVD043,VENTA,EXCE,D,AUTOPROD,WMARK 043,WIND TO MARKET (ACT.: COMERCIALIZACIÓN RE) 100 GENERACION ZONA ESPAÑOLA RE Mercado Térmica n,73
WMVD050,VENTA,EXCE,D,AUTOPROD,WMARK 050,WIND TO MARKET (ACT.: COMERCIALIZACIÓN RE) 100 GENERACION ZONA ESPAÑOLA RE Mercado Térmica n,73
WMVD087,VTA EX,CED,AU,TOPROD. W,MARK 087,WIND TO MARKET (ACT.: COMERCIALIZACIÓN RE) 100 GENERACION ZONA ESPAÑOLA RE Mercado Eólica,73
WMVD088,VENTA,EXCE,D,AUTOPROD,WMARK 088,WIND TO MARKET (ACT.: COMERCIALIZACIÓN RE) 100 GENERACION ZONA ESPAÑOLA RE Mercado Eólica,73
WMVD090,VENTA,EXCE,D,AUTOPROD,WMARK 090,WIND TO MARKET (ACT.: COMERCIALIZACIÓN RE) 100 GENERACION ZONA ESPAÑOLA RE Mercado Eólica,73
WMVD101,VENTA,EXCE,D,AUTOPROD,WMARK 101,WIND TO MARKET (ACT.: COMERCIALIZACIÓN RE) 100 GENERACION ZONA ESPAÑOLA RE Mercado Eólica,73
WMVD114,VENTA,EXCE,D,AUTOPROD,WMARK 114,WIND TO MARKET (ACT.: COMERCIALIZACIÓN RE) 100 GENERACION ZONA ESPAÑOLA RE Mercado Térmica R,73
WMVD117,VENTA,EXCE,D,AUTOPROD,WMARK 117,WIND TO MARKET (ACT.: COMERCIALIZACIÓN RE) 100 GENERACION ZONA ESPAÑOLA RE Mercado Térmica n,73
WMVD127,VENTA,EXCE,D,AUTOPROD,WMARK 127,WIND TO MARKET (ACT.: COMERCIALIZACIÓN RE) 100 GENERACION ZONA ESPAÑOLA RE Mercado Térmica n,73
WMVD131,VENTA,EXCE,D,AUTOPROD,WMARK 131,WIND TO MARKET (ACT.: COMERCIALIZACIÓN RE) 100 GENERACION ZONA ESPAÑOLA RE Mercado Hidráulica,73
WMVD144,VENTA,EXCE,D,AUTOPROD,WMARK 144,WIND TO MARKET (ACT.: COMERCIALIZACIÓN RE) 100 GENERACION ZONA ESPAÑOLA RE Mercado Térmica n,73
WMVD145,VENTA,EXCE,D,AUTOPROD,WMARK 145,WIND TO MARKET (ACT.: COMERCIALIZACIÓN RE) 100 GENERACION ZONA ESPAÑOLA RE Mercado Eólica,73
WMVD146,VENTA,EXCE,D,AUTOPROD,WMARK146,WIND TO MARKET (ACT.: COMERCIALIZACIÓN RE) 100 GENERACION ZONA ESPAÑOLA RE Mercado Térmica n,73
WMVD147,VENTA,EXCE,D,AUTOPROD,WMARK 147,WIND TO MARKET (ACT.: COMERCIALIZACIÓN RE) 100 GENERACION ZONA ESPAÑOLA RE Mercado Eólica,73
WMVD150,VENTA,EXCE,D,AUTOPROD,WMARK 150,WIND TO MARKET (ACT.: COMERCIALIZACIÓN RE) 100 GENERACION ZONA ESPAÑOLA RE Mercado Hidráulica,73
WMVD155,VENTA,EXCE,D,AUTOPROD,WMARK 155,WIND TO MARKET (ACT.: COMERCIALIZACIÓN RE) 100 GENERACION ZONA ESPAÑOLA RE Mercado Solar Foto,73
WMVD165,VENTA,EXCE,D,AUTOPROD,WMARK 165,WIND TO MARKET (ACT.: COMERCIALIZACIÓN RE) 100 GENERACION ZONA ESPAÑOLA RE Mercado Hidráulica,73
WMVD168,VENTA,EXCE,D,AUTOPROD,WMARK 168,WIND TO MARKET (ACT.: COMERCIALIZACIÓN RE) 100 GENERACION ZONA ESPAÑOLA RE Mercado Térmica n,73
WMVD169,VENTA,EXCE,D,AUTOPROD,WMARK 169,WIND TO MARKET (ACT.: COMERCIALIZACIÓN RE) 100 GENERACION ZONA ESPAÑOLA RE Mercado Térmica n,73
WMVD170,VENTA,EXCE,D,AUTOPROD,WMARK 170,WIND TO MARKET (ACT.: COMERCIALIZACIÓN RE) 100 GENERACION ZONA ESPAÑOLA RE Mercado Térmica n,73
WMVD172,VENTA,EXCE,D,AUTOPROD,WMARK 172,WIND TO MARKET (ACT.: COMERCIALIZACIÓN RE) 100 GENERACION ZONA ESPAÑOLA RE Mercado Térmica R,73
WMVD173,VENTA,EXCE,D,AUTOPROD,WMARK 173,WIND TO MARKET (ACT.: COMERCIALIZACIÓN RE) 100 GENERACION ZONA ESPAÑOLA RE Mercado Térmica n,73
WMVD177,VENTA,EXCE,D,AUTOPROD,WMARK 177,WIND TO MARKET (ACT.: COMERCIALIZACIÓN RE) 100 GENERACION ZONA ESPAÑOLA RE Mercado Hidráulica,73
WMVD180,VENTA,EXCE,D,AUTOPROD,WMARK 180,WIND TO MARKET (ACT.: COMERCIALIZACIÓN RE) 100 GENERACION ZONA ESPAÑOLA RE Mercado Térmica n,73
WMVD181,VENTA,EXCE,D,AUTOPROD,WMARK 181,WIND TO MARKET (ACT.: COMERCIALIZACIÓN RE) 100 GENERACION ZONA ESPAÑOLA RE Mercado Térmica n,73
WMVD183,VENTA,EXCE,D,AUTOPROD,WMARK 183,WIND TO MARKET (ACT.: COMERCIALIZACIÓN RE) 100 GENERACION ZONA ESPAÑOLA RE Mercado Hidráulica,73
WMVD184,VENTA,EXCE,D,AUTOPROD,WMARK 184,WIND TO MARKET (ACT.: COMERCIALIZACIÓN RE) 100 GENERACION ZONA ESPAÑOLA RE Mercado Hidráulica,73
WMVD186,VENTA,EXCE,D,AUTOPROD,WMARK 186,WIND TO MARKET (ACT.: COMERCIALIZACIÓN RE) 100 GENERACION ZONA ESPAÑOLA RE Mercado Eólica,73
WMVD188,VENTA,EXCE,D,AUTOPROD,WMARK 188,WIND TO MARKET (ACT.: COMERCIALIZACIÓN RE) 100 GENERACION ZONA ESPAÑOLA RE Mercado Térmica n,73
WMVD189,VENTA,EXCE,D,AUTOPROD,WMARK 189,WIND TO MARKET (ACT.: COMERCIALIZACIÓN RE) 100 GENERACION ZONA ESPAÑOLA RE Mercado Eólica,73
WMVD194,VENTA,EXCE,D,AUTOPROD,WMARK 194,WIND TO MARKET (ACT.: COMERCIALIZACIÓN RE) 100 GENERACION ZONA ESPAÑOLA RE Mercado Térmica n,73
WMVD204,VENTA,EXCE,D,AUTOPROD,WMARK 204,WIND TO MARKET (ACT.: COMERCIALIZACIÓN RE) 100 GENERACION ZONA ESPAÑOLA RE Mercado Eólica,73
WMVD205,VENTA,EXCE,D,AUTOPROD,WMARK 205,WIND TO MARKET (ACT.: COMERCIALIZACIÓN RE) 100 GENERACION ZONA ESPAÑOLA RE Mercado Térmica n,73
WMVD206,VENTA,EXCE,D,AUTOPROD,WMARK 206,WIND TO MARKET (ACT.: COMERCIALIZACIÓN RE) 100 GENERACION ZONA ESPAÑOLA RE Mercado Solar Foto,73
WMVD207,VENTA,EXCE,D,AUTOPROD,WMARK 207,WIND TO MARKET (ACT.: COMERCIALIZACIÓN RE) 100 GENERACION ZONA ESPAÑOLA RE Mercado Eólica,73
WMVD208,VENTA EXCED,AUTOPROD,WMARK 208,WIND TO MARKET (ACT.:,COMERCIALIZACIÓN,RE) 100 GENERACION ZONA ESPAÑOLA RE Mercado Térmica n,74
WMVD209,ERE FREGENA,L DE LA SIER,RA,WIND TO MARKET (ACT.:,COMERCIALIZACIÓN,RE) 100 GENERACION ZONA ESPAÑOLA RE Mercado Solar Foto,74
WMVD211,VENTA EXCED,AUTOPROD,WMARK 211,WIND TO MARKET (ACT.:,COMERCIALIZACIÓN,RE) 100 GENERACION ZONA ESPAÑOLA RE Mercado Solar Foto,74
WMVD212,VENTA EXCED,AUTOPROD,WMARK 212,WIND TO MARKET (ACT.:,COMERCIALIZACIÓN,RE) 100 GENERACION ZONA ESPAÑOLA RE Mercado Eólica,74
WMVD213,VENTA EXCED,AUTOPROD,WMARK 212,WIND TO MARKET (ACT.:,COMERCIALIZACIÓN,RE) 100 GENERACION ZONA ESPAÑOLA RE Mercado Solar Foto,74
WMVD214,VENTA EXCED,AUTOPROD,WMARK 214,WIND TO MARKET (ACT.:,COMERCIALIZACIÓN,RE) 100 GENERACION ZONA ESPAÑOLA RE Mercado Solar Foto,74
WMVD216,VENTA EXCED,AUTOPROD,WMARK 216,WIND TO MARKET (ACT.:,COMERCIALIZACIÓN,RE) 100 GENERACION ZONA ESPAÑOLA RE Mercado Solar Foto,74
WMVD218,PSF SENEN,,,WIND TO MARKET (ACT.:,COMERCIALIZACIÓN,RE) 100 GENERACION ZONA ESPAÑOLA RE Mercado Solar Foto,74
WMVD219,PSF JADE,,,WIND TO MARKET (ACT.:,COMERCIALIZACIÓN,RE) 100 GENERACION ZONA ESPAÑOLA RE Mercado Solar Foto,74
WMVD221,PSF ARTEMISA,,,WIND TO MARKET (ACT.:,COMERCIALIZACIÓN,RE) 100 GENERACION ZONA ESPAÑOLA RE Mercado Solar Foto,74
WMVD224,PSF LA PIZARR,A II,,WIND TO MARKET (ACT.:,COMERCIALIZACIÓN,RE) 100 GENERACION ZONA ESPAÑOLA RE Mercado Solar Foto,74
WMVD225,PSF GESTENIA,,,WIND TO MARKET (ACT.:,COMERCIALIZACIÓN,RE) 100 GENERACION ZONA ESPAÑOLA RE Mercado Solar Foto,74
WMVD226,PSF AGATHA,,,WIND TO MARKET (ACT.:,COMERCIALIZACIÓN,RE) 100 GENERACION ZONA ESPAÑOLA RE Mercado Solar Foto,74
WMVD227,PSF ESMERAL,DA,,WIND TO MARKET (ACT.:,COMERCIALIZACIÓN,RE) 100 GENERACION ZONA ESPAÑOLA RE Mercado Solar Foto,74
WMVD228,PSF HERACLES,,,WIND TO MARKET (ACT.:,COMERCIALIZACIÓN,RE) 100 GENERACION ZONA ESPAÑOLA RE Mercado Solar Foto,74
WMVD229,VENTA EXCED,AUTOPROD,WMARK 229,WIND TO MARKET (ACT.:,COMERCIALIZACIÓN,RE) 100 GENERACION ZONA ESPAÑOLA RE Mercado Solar Foto,74
WMVD230,VENTA EXCED,AUTOPROD,WMARK 230,WIND TO MARKET (ACT.:,COMERCIALIZACIÓN,RE) 100 GENERACION ZONA ESPAÑOLA RE Mercado Solar Foto,74
WMVD231,VENTA EXCED,AUTOPROD,WMARK 231,WIND TO MARKET (ACT.:,COMERCIALIZACIÓN,RE) 100 GENERACION ZONA ESPAÑOLA RE Mercado Solar Foto,74
WMVD232,VENTA EXCED,AUTOPROD,WMVD232,WIND TO MARKET (ACT.:,COMERCIALIZACIÓN,RE) 100 GENERACION ZONA ESPAÑOLA RE Mercado Solar Foto,74
WMVD234,VENTA EXCED,AUTOPROD,WMVD234,WIND TO MARKET (ACT.:,COMERCIALIZACIÓN,RE) 100 GENERACION ZONA ESPAÑOLA RE Mercado Solar Foto,74
WMVD235,VENTA EXCED,AUTOPROD,WMVD235,WIND TO MARKET (ACT.:,COMERCIALIZACIÓN,RE) 100 GENERACION ZONA ESPAÑOLA RE Mercado Solar Foto,74
WMVD236,VENTA EXCED,AUTOPROD,WMVD236,WIND TO MARKET (ACT.:,COMERCIALIZACIÓN,RE) 100 GENERACION ZONA ESPAÑOLA RE Mercado Solar Foto,74
WMVD240,VENTA EXCED,AUTOPROD,WMVD240,WIND TO MARKET (ACT.:,COMERCIALIZACIÓN,RE) 100 GENERACION ZONA ESPAÑOLA RE Mercado Solar Foto,74
WMVD241,VENTA EXCED,AUTOPROD,WMVD241,WIND TO MARKET (ACT.:,COMERCIALIZACIÓN,RE) 100 GENERACION ZONA ESPAÑOLA RE Mercado Solar Foto,74
WMVD242,VENTA EXCED,AUTOPROD,WMVD242,WIND TO MARKET (ACT.:,COMERCIALIZACIÓN,RE) 100 GENERACION ZONA ESPAÑOLA RE Mercado Eólica,74
WMVD243,VENTA EXCED,AUTOPROD,WMVD243,WIND TO MARKET (ACT.:,COMERCIALIZACIÓN,RE) 100 GENERACION ZONA ESPAÑOLA RE Mercado Eólica,74
WMVD244,VENTA EXCED,AUTOPROD,WMVD244,WIND TO MARKET (ACT.:,COMERCIALIZACIÓN,RE) 100 GENERACION ZONA ESPAÑOLA RE Mercado Solar Foto,74
WMVD245,VENTA EXCED,AUTOPROD,WMVD245,WIND TO MARKET (ACT.:,COMERCIALIZACIÓN,RE) 100 GENERACION ZONA ESPAÑOLA RE Mercado Solar Foto,74
WMVD246,VENTA EXCED,AUTOPROD,WMVD246,WIND TO MARKET (ACT.:,COMERCIALIZACIÓN,RE) 100 GENERACION ZONA ESPAÑOLA RE Mercado Solar Foto,74
WMVD247,VENTA EXCED,AUTOPROD,WMVD247,WIND TO MARKET (ACT.:,COMERCIALIZACIÓN,RE) 100 GENERACION ZONA ESPAÑOLA RE Mercado Solar Foto,74
WMVD248,VENTA EXCED,AUTOPROD,WMVD248,WIND TO MARKET (ACT.:,COMERCIALIZACIÓN,RE) 100 GENERACION ZONA ESPAÑOLA RE Mercado Solar Foto,74
WMVD249,VENTA EXCED,AUTOPROD,WMVD249,WIND TO MARKET (ACT.:,COMERCIALIZACIÓN,RE) 100 GENERACION ZONA ESPAÑOLA RE Mercado Solar Foto,74
WMVD250,VENTA EXCED,AUTOPROD,WMVD250,WIND TO MARKET (ACT.:,COMERCIALIZACIÓN,RE) 100 GENERACION ZONA ESPAÑOLA RE Mercado Solar Foto,74
WMVD251,VENTA EXCED,AUTORPOD,WMVD251,WIND TO MARKET (ACT.:,COMERCIALIZACIÓN,RE) 100 GENERACION ZONA ESPAÑOLA RE Mercado Solar Foto,74
WMVD252,VENTA EXCED,AUTOPROD,WMVD252,WIND TO MARKET (ACT.:,COMERCIALIZACIÓN,RE) 100 GENERACION ZONA ESPAÑOLA RE Mercado Solar Foto,74
WMVD253,VENTA EXCED,AUTOPROD,WMVD253,WIND TO MARKET (ACT.:,COMERCIALIZACIÓN,RE) 100 GENERACION ZONA ESPAÑOLA RE Mercado Eólica,74
WMVD254,VENTA EXCED,AUTOPROD,WMVD254,WIND TO MARKET (ACT.:,COMERCIALIZACIÓN,RE) 100 GENERACION ZONA ESPAÑOLA RE Mercado Eólica,74
WMVD255,VENTA EXCED,AUTOPROD,WMVD255,WIND TO MARKET (ACT.:,COMERCIALIZACIÓN,RE) 100 GENERACION ZONA ESPAÑOLA RE Mercado Eólica,74
WMVD256,VENTA EXCED,AUTOPROD,WMVD256,WIND TO MARKET (ACT.:,COMERCIALIZACIÓN,RE) 100 GENERACION ZONA ESPAÑOLA RE Mercado Eólica,74
WMVD257,VENTA EXCED,AUTOPROD,WMVD257,WIND TO MARKET (ACT.:,COMERCIALIZACIÓN,RE) 100 GENERACION ZONA ESPAÑOLA RE Mercado Eólica,74
WMVD258,VENTA EXCED,AUTOPROD,WMVD258,WIND TO MARKET (ACT.:,COMERCIALIZACIÓN,RE) 100 GENERACION ZONA ESPAÑOLA RE Mercado Eólica,74
WMVD259,VENTA EXCED,AUTOPROD,WMVD259,WIND TO MARKET (ACT.:,COMERCIALIZACIÓN,RE) 100 GENERACION ZONA ESPAÑOLA RE Mercado Solar Tér,74
WMVD260,VENTA EXCED,AUTOPROD,WMVD260,WIND TO MARKET (ACT.:,COMERCIALIZACIÓN,RE) 100 GENERACION ZONA ESPAÑOLA RE Mercado Solar Tér,74
WMVD261,VENTA EXCED,AUTOPROD,WMVD261,WIND TO MARKET (ACT.:,COMERCIALIZACIÓN,RE) 100 GENERACION ZONA ESPAÑOLA RE Mercado Solar Tér,74
WMVD262,VENTA EXCED,AUTOPROD,WMVD262,WIND TO MARKET (ACT.:,COMERCIALIZACIÓN,RE) 100 GENERACION ZONA ESPAÑOLA RE Mercado Solar Tér,74
WMVD264,VENTA EXCED,AUTOPROD,WMVD264,WIND TO MARKET (ACT.:,COMERCIALIZACIÓN,RE) 100 GENERACION ZONA ESPAÑOLA RE Mercado Eólica,74
WMVD265,VENTA EXCED,AUTOPROD,WMVD265,WIND TO MARKET (ACT.:,COMERCIALIZACIÓN,RE) 100 GENERACION ZONA ESPAÑOLA RE Mercado Eólica,74
WMVD266,VENTA EXCED,AUTOPROD,WMVD266,WIND TO MARKET (ACT.:,COMERCIALIZACIÓN,RE) 100 GENERACION ZONA ESPAÑOLA RE Mercado Solar Foto,74
WMVD268,VENTA EXCED,AUTOPROD,WMVD268,WIND TO MARKET (ACT.:,COMERCIALIZACIÓN,RE) 100 GENERACION ZONA ESPAÑOLA RE Mercado Solar Foto,74
WMVD269,VENTA EXCED,AUTOPROD,WMVD269,WIND TO MARKET (ACT.:,COMERCIALIZACIÓN,RE) 100 GENERACION ZONA ESPAÑOLA RE Mercado Eólica,74
WMVD270,VENTA EXCED,AUTOPROD,WMVD270,WIND TO MARKET (ACT.:,COMERCIALIZACIÓN,RE) 100 GENERACION ZONA ESPAÑOLA RE Mercado Eólica,74
WMVD271,VENTA EXCED,AUTOPROD,WMVD271,WIND TO MARKET (ACT.:,COMERCIALIZACIÓN,RE) 100 GENERACION ZONA ESPAÑOLA RE Mercado Solar Foto,74
WMVD273,VENTA EXCED,AUTOPROD,WMVD273,WIND TO MARKET (ACT.:,COMERCIALIZACIÓN,RE) 100 GENERACION ZONA ESPAÑOLA RE Mercado Eólica,74
WMVD274,VENTA EXCED,AUTOPROD,WMVD274,WIND TO MARKET (ACT.:,COMERCIALIZACIÓN,RE) 100 GENERACION ZONA ESPAÑOLA RE Mercado Solar Foto,74
ZABU,ZARBURDON,,,WIND TO MARKET (ACT.:,COMERCIALIZACIÓN,RE) 100 GENERACION ZONA ESPAÑOLA Hidráulica Ge neración,74
ZRMRE01,UOF CERVANTI,NA,,COMERCIALIZADORA EL,ECTRICA COMUNIDAD,SOLAR 100 GENERACION ZONA ESPAÑOLA RE Mercado Solar Foto,74
ZRMRE02,UOF HYANOR 1,,,COMERCIALIZADORA EL,ECTRICA COMUNIDAD,SOLAR 100 GENERACION ZONA ESPAÑOLA RE Mercado Hidráulica,74
ZRMRE03,UOF HYANOR 2,,COMERCIALIZADORA,ELEC,TRICA COMUNIDAD SOLAR,100 GENERACION ZONA ESPAÑOLA RE Mer cado Solar F,75
GADXRC1,GENERICA VEN,TA,AUDAX RENOVABLES,S.A.,,100 GENERICA ZONA ESPAÑOLA Unidad Generica,75
GADXRV1,GENERICA VEN,TA,AUDAX RENOVABLES,S.A.,,100 GENERICA ZONA ESPAÑOLA Unidad Generica,75
GAENEC1,GAENEV1,,COX ENERGIA COMER,CIAL,IZADORA ESPAÑA S.L.U.,100 GENERICA ZONA ESPAÑOLA Unidad Generica,75
GAENEV1,GAENEV1,,COX ENERGIA COMER,CIAL,IZADORA ESPAÑA S.L.U.,100 GENERICA ZONA ESPAÑOLA Unidad Generica,75
GASTUC1,ASTURAGUA G,ENERICA,ASTURAGUA SEVICIO,INTE,GRAL DEL CICLO DEL AGUA SAU,100 GENERICA ZONA ESPAÑOLA Unidad Generica,75
GASTUV1,ASTURAGUA G,ENERICA,ASTURAGUA SEVICIO,INTE,GRAL DEL CICLO DEL AGUA SAU,100 GENERICA ZONA ESPAÑOLA Unidad Generica,75
GBNPRC1,BONPREU GENE,RICA,"BON PREU, S.A.U.",,,100 GENERICA ZONA ESPAÑOLA VENTA GENERICA,75
GBNPRV1,BONPREU GENE,RICA,"BON PREU, S.A.U.",,,100 GENERICA ZONA ESPAÑOLA Unidad Generica,75
GBPC1,UNIDAD GENER,ICA VENTA,BP GAS AND POWER I,BERI,"A, S.A.U.",100 GENERICA ZONA ESPAÑOLA VENTA GENERICA,75
GBPV1,UNIDAD GENER,ICA VENTA,BP GAS AND POWER I,BERI,"A, S.A.U.",100 GENERICA ZONA ESPAÑOLA Unidad Generica,75
GCENTC1,CENTE GENERI,CA COMPRA,ENERGYA VM GESTIO,N DE,"ENERGIA, S.L.",100 GENERICA ZONA ESPAÑOLA Unidad Generica,75
GCENTV1,CENTE GENERI,CA VENTA,ENERGYA VM GESTIO,N DE,"ENERGIA, S.L.",100 GENERICA ZONA ESPAÑOLA Unidad Generica,75
GCLDPC2,CLIDP GENERIC,A VENTA,CLIDOMER UNIPESSO,AL L,DA,100 GENERICA ZONA PORTUGUESA Unidad Generica,75
GCLDPV2,CLIDP GENERIC,A VENTA,CLIDOMER UNIPESSO,AL L,DA,100 GENERICA ZONA PORTUGUESA Unidad Generica,75
GDETIC1,DETIC GENERIC,A COMPRA,MOEVE GAS AND POW,"ER,",S.A.U,100 GENERICA ZONA ESPAÑOLA Unidad Generica,75
GDETIV1,DETIC GENERIC,A VENTA,MOEVE GAS AND POW,"ER,",S.A.U,100 GENERICA ZONA ESPAÑOLA Unidad Generica,75
GDREUC1,UNIDAD GENER,ICA FOENER,"FOENER ENERGÍA, S.",L.,,100 GENERICA ZONA ESPAÑOLA VENTA GENERICA,75
GDREUV1,UNIDAD GENER,ICA FOENER,"FOENER ENERGÍA, S.",L.,,100 GENERICA ZONA ESPAÑOLA Unidad Generica,75
GDUFEC1,DUFER GENERI,C UNIT,DXT COMMODITIES S,A,,100 GENERICA ZONA ESPAÑOLA Unidad Generica,75
GDUFEV1,DUFER GENERI,C UNIT,DXT COMMODITIES S,A,,100 GENERICA ZONA ESPAÑOLA Unidad Generica,75
GEBLCC1,GENÉRICA VEN,TA EBLCO,"ENGIE ESPAÑA,S.L.U",,,100 GENERICA ZONA ESPAÑOLA Unidad Generica,75
GEBLCV1,GENÉRICA VEN,TA EBLCO,"ENGIE ESPAÑA,S.L.U",,,100 GENERICA ZONA ESPAÑOLA Unidad Generica,75
GEDFTC1,EDFT GENERIC,A COMPRA,EDF TRADING LIMITED,,,100 GENERICA ZONA ESPAÑOLA Unidad Generica,75
GEDFTV1,EDFT GENERIC,A VENTA,EDF TRADING LIMITED,,,100 GENERICA ZONA ESPAÑOLA Unidad Generica,75
GEDPGC2,EDPGP GENERI,CA COMPRA PORT,EDP GEM PORTUGAL,S.A.,,100 GENERICA ZONA PORTUGUESA Unidad Generica,75
GEDPGV2,EDPGP GENERI,CA VENTA PORT,EDP GEM PORTUGAL,S.A.,,100 GENERICA ZONA PORTUGUESA Unidad Generica,75
GEENEC1,GEENEV1,,MAGNON GREEN ENE,RGY,SL,100 GENERICA ZONA ESPAÑOLA Unidad Generica,75
GEENEV1,GEENEV1,,MAGNON GREEN ENE,RGY,SL,100 GENERICA ZONA ESPAÑOLA Unidad Generica,75
GEFGC1,EFG GENERICA,COMPRA,"FACTOR ENERGIA, S.",A.,,100 GENERICA ZONA ESPAÑOLA Unidad Generica,75
GEFGV1,EFG GENERICA,VENTA,"FACTOR ENERGIA, S.",A.,,100 GENERICA ZONA ESPAÑOLA Unidad Generica,75
GEGEDC1,EGED GENERIC,A COMPRA,ACCIONA GREEN ENE,RGY,DEVELOPMENTS,100 GENERICA ZONA ESPAÑOLA Unidad Generica,75
GEGEDV1,EGED GENERIC,A VENTA,ACCIONA GREEN ENE,RGY,DEVELOPMENTS,100 GENERICA ZONA ESPAÑOLA Unidad Generica,75
GEGLEC1,EGLE GENERIC,A COMPRA,"AXPO IBERIA, S.L.",,,100 GENERICA ZONA ESPAÑOLA Unidad Generica,75
GEGLEC2,EGLE GENERIC,A COMPRA (PORT),"AXPO IBERIA, S.L.",,,100 GENERICA ZONA PORTUGUESA Unidad Generica,75
GEGLEV1,EGLE GENERIC,A VENTA,"AXPO IBERIA, S.L.",,,100 GENERICA ZONA ESPAÑOLA Unidad Generica,75
GEGLEV2,EGLE GENERIC,A VENTA (PORT),"AXPO IBERIA, S.L.",,,100 GENERICA ZONA PORTUGUESA Unidad Generica,75
GELEGC1,BILATERAL VEN,TA,ELEGA ENERGIA,,,100 GENERICA ZONA ESPAÑOLA VENTA GENERICA,75
GELEGV1,BILATERAL VEN,TA,ELEGA ENERGIA,,,100 GENERICA ZONA ESPAÑOLA Unidad Generica,75
GENDCC2,ENDCO GENERI,CA COMPRA,ENDESA ENERGÍA,,,100 GENERICA ZONA PORTUGUESA Unidad Generica,75
GENDCV2,ENDCO GENERI,CA VENTA,ENDESA ENERGÍA,,,100 GENERICA ZONA PORTUGUESA Unidad Generica,75
GENDGC1,ENDG GENERIC,A COMPRA,ENDESA GENERACIÓ,"N, S.A",.,100 GENERICA ZONA ESPAÑOLA Unidad Generica,75
GENDGV1,ENDG GENERIC,A VENTA,ENDESA GENERACIÓ,"N, S.A",.,100 GENERICA ZONA ESPAÑOLA Unidad Generica,75
GENDPC2,GENERICA COM,PRA PORTUGAL,"ENDESA ENERGIA, SU",CUR,SAL EN PORTUGAL,100 GENERICA ZONA PORTUGUESA Unidad Generica,75
GENDPV2,GENERICA COM,PRA PORTUGAL,"ENDESA ENERGIA, SU",CUR,SAL EN PORTUGAL,100 GENERICA ZONA PORTUGUESA Unidad Generica,75
GENGIC2,GENERICA VEN,TA ENGIE PORTUGAL,ENGIE COMERCIALIZA,CAO,"DE ENERGIA, LDA",100 GENERICA ZONA PORTUGUESA VENTA GENERICA,75
GENGIV2,GENERICA VEN,TA ENGIE PORTUGAL,ENGIE COMERCIALIZA,CAO,"DE ENERGIA, LDA",100 GENERICA ZONA PORTUGUESA Unidad Generica,75
GEROUC1,UNIDAD DE OFE,RTA GENERICA,ELECTROROUTE ENE,RGY,TRADING LIMITED,100 GENERICA ZONA ESPAÑOLA Unidad Generica,75
GEROUV1,UNIDAD DE OFE,RTA GENERICA,ELECTROROUTE ENE,RGY,TRADING LIMITED,100 GENERICA ZONA ESPAÑOLA Unidad Generica,75
GFORTC1,FORTIA GENERI,CA COMPRA,"FORTIA ENERGIA, S.L.",,,100 GENERICA ZONA ESPAÑOLA Unidad Generica,75
GFORTV1,FORTIA GENERI,CA VENTA,"FORTIA ENERGIA, S.L.",,,100 GENERICA ZONA ESPAÑOLA Unidad Generica,75
GFRGSC1,FR_GS GENERI,C UNIT,ENGIE GLOBAL MARK,"ETS,",BELGIAN BRANCH,100 GENERICA ZONA ESPAÑOLA Unidad Generica,75
GFRGSV1,FR_GS GENERI,C UNIT,ENGIE GLOBAL MARK,"ETS,",BELGIAN BRANCH,100 GENERICA ZONA ESPAÑOLA Unidad Generica,75
GGACC1,GEOATLANTER,GENERICA COMPRA,GEOATLANTER,,,100 GENERICA ZONA ESPAÑOLA Unidad Generica,75
GGACV1,GEOATLANTER,GENERICA VENTA,GEOATLANTER,,,100 GENERICA ZONA ESPAÑOLA Unidad Generica,75
GGALPC2,GALPW GENERI,CA COMPRA PORT,PETROGAL SA,,,100 GENERICA ZONA PORTUGUESA Unidad Generica,75
GGALPV2,GALPW GENERI,CA VENTA PORT,PETROGAL SA,,,100 GENERICA ZONA PORTUGUESA Unidad Generica,75
GGMTC1,GMT GEN. COM,PRA,GAZPROM MARKETIN,G AN,D TRADING LTD,100 GENERICA ZONA ESPAÑOLA Unidad Generica,75
GGMTV1,GMT GEN. VENTA,,GAZPROM MARKETI,NG AND TR,ADING LTD,100 GENERICA ZONA ESPAÑOLA Unidad Generica,76
GGNCOC1,UNIDAD GENERIC,A ESPAÑA,GAS NATURAL COME,RCIALIZA,DORA,100 GENERICA ZONA ESPAÑOLA Unidad Generica,76
GGNCOC2,UNIDAD GENERIC,A COMPRA PORT,GAS NATURAL COME,RCIALIZA,DORA,100 GENERICA ZONA PORTUGUESA Unidad Generica,76
GGNCOV1,UNIDAD GENERIC,A ESPAÑA,GAS NATURAL COME,RCIALIZA,DORA,100 GENERICA ZONA ESPAÑOLA Unidad Generica,76
GGNCOV2,UNIDAD GENERIC,A VENTA PORT,GAS NATURAL COME,RCIALIZA,DORA,100 GENERICA ZONA PORTUGUESA Unidad Generica,76
GGNRAC1,U. GENERICA INT,ERCONEXION,GNERA ENERGIA Y T,ECNOLOG,IA,100 GENERICA ZONA ESPAÑOLA Unidad Generica,76
GGNRAV1,U. GENERICA INT,ERCONEXION,GNERA ENERGIA Y T,ECNOLOG,IA,100 GENERICA ZONA ESPAÑOLA Unidad Generica,76
GGNSEC2,GNSE PORTUGAL,GENERICA,NATURGY IBERIA S.A,.,,100 GENERICA ZONA PORTUGUESA Unidad Generica,76
GGNSEV2,GNSE PORTUGAL,GENERICA,NATURGY IBERIA S.A,.,,100 GENERICA ZONA PORTUGUESA Unidad Generica,76
GGSLZC1,GASILUZ GENERI,CA,GASILUZ ECO ENER,"CÍA, S.L.",,100 GENERICA ZONA ESPAÑOLA VENTA GENERICA,76
GGSLZV1,GASILUZ GENERI,CA,GASILUZ ECO ENER,"CÍA, S.L.",,100 GENERICA ZONA ESPAÑOLA Unidad Generica,76
GHCGC1,HC G GENERICA,COMPRA,"EDP ESPAÑA, S.A.U.",(GENERAC,IÓN),100 GENERICA ZONA ESPAÑOLA Unidad Generica,76
GHCGV1,HC G GENERICA,VENTA,"EDP ESPAÑA, S.A.U.",(GENERAC,IÓN),100 GENERICA ZONA ESPAÑOLA Unidad Generica,76
GHISPC1,HISPE GENERICA,COMPRA,ALPIQ ENERGÍA ESP,"AÑA, S.A.U",.,100 GENERICA ZONA ESPAÑOLA Unidad Generica,76
GHISPV1,HISPE GENERICA,VENTA,ALPIQ ENERGÍA ESP,"AÑA, S.A.U",.,100 GENERICA ZONA ESPAÑOLA Unidad Generica,76
GIBEGC1,IBEG GEN. COMP,RA ESP,IBERDROLA ENERGÍ,A ESPAÑA,S..A.,100 GENERICA ZONA ESPAÑOLA Unidad Generica,76
GIBEGV1,IBEG GEN. VENTA,ESP,IBERDROLA ENERGÍ,A ESPAÑA,S..A.,100 GENERICA ZONA ESPAÑOLA Unidad Generica,76
GIBGEC1,IBGES GENERICA,COMPRA,IBERDROLA ENERGÍ,A ESPAÑA,S..A.,100 GENERICA ZONA ESPAÑOLA Unidad Generica,76
GIBGEV1,IBGES GENERICA,VENTA,IBERDROLA ENERGÍ,A ESPAÑA,S..A.,100 GENERICA ZONA ESPAÑOLA Unidad Generica,76
GIGNIC1,UNIDAD GENERIC,A VENTA,IGNIS ENERGIA S.L.,,,100 GENERICA ZONA ESPAÑOLA Unidad Generica,76
GIGNIV1,UNIDAD GENERIC,A VENTA,IGNIS ENERGIA S.L.,,,100 GENERICA ZONA ESPAÑOLA Unidad Generica,76
GJAROC1,JARON GENERICA,COMPRA,J. ARON & COMPANY,,,100 GENERICA ZONA ESPAÑOLA Unidad Generica,76
GJAROV1,JARON GENERICA,VENTA,J. ARON & COMPANY,,,100 GENERICA ZONA ESPAÑOLA Unidad Generica,76
GKVASC1,KVASIGENERICA,,KVASIR TECHNOLOG,IES LIMITE,D,100 GENERICA ZONA ESPAÑOLA VENTA GENERICA,76
GKVASV1,KVASIGENERICA,,KVASIR TECHNOLOG,IES LIMITE,D,100 GENERICA ZONA ESPAÑOLA Unidad Generica,76
GMARTC1,BILATERAL VENT,A,MULTIENERGÍAS ML,C SL,,100 GENERICA ZONA ESPAÑOLA VENTA GENERICA,76
GMARTV1,BILATERAL VENT,A,MULTIENERGÍAS ML,C SL,,100 GENERICA ZONA ESPAÑOLA Unidad Generica,76
GMERCC1,MERCU GENERIC,A COMPRA,MERCURIA ENERGY,TRADING,SA,100 GENERICA ZONA ESPAÑOLA Unidad Generica,76
GMERCV1,MERCU GENERIC,A VENTA,MERCURIA ENERGY,TRADING,SA,100 GENERICA ZONA ESPAÑOLA Unidad Generica,76
GMETGC1,GMETGV1,,MET ENERGIA ESPA,"NA, S.A.",,100 GENERICA ZONA ESPAÑOLA Unidad Generica,76
GMETGV1,GMETGV1,,MET ENERGIA ESPA,"NA, S.A.",,100 GENERICA ZONA ESPAÑOLA Unidad Generica,76
GNEASC1,GENERICA NEAS,,CENTRICA ENERGY,TRADING A,S,100 GENERICA ZONA ESPAÑOLA Unidad Generica,76
GNEASV1,GENERICA NEAS,,CENTRICA ENERGY,TRADING A,S,100 GENERICA ZONA ESPAÑOLA Unidad Generica,76
GNEXUC1,NEXU GENERICA,COMPRA,NEXUS ENERGÍA,,,100 GENERICA ZONA ESPAÑOLA Unidad Generica,76
GNEXUV1,NEXU GENERICA,VENTA,NEXUS ENERGÍA,,,100 GENERICA ZONA ESPAÑOLA Unidad Generica,76
GNIDHC1,NIDHOG GENERIC,,NIDHOG APS,,,100 GENERICA ZONA ESPAÑOLA VENTA GENERICA,76
GNIDHV1,NIDHOG GENERIC,,NIDHOG APS,,,100 GENERICA ZONA ESPAÑOLA Unidad Generica,76
GNOBLC1,GENERIC,,NOBLE CLEAN FUEL,S LIMITED,,100 GENERICA ZONA ESPAÑOLA Unidad Generica,76
GNOBLV1,GENERIC,,NOBLE CLEAN FUEL,S LIMITED,,100 GENERICA ZONA ESPAÑOLA Unidad Generica,76
GONEC1,ONE GENERICA C,OMPRA,OFFICE NATIONAL D',ELECTRIC,ITÉ ET DE L'EAU POTABLE,100 GENERICA ZONA ESPAÑOLA Unidad Generica,76
GONEV1,ONE GENERICA V,ENTA,OFFICE NATIONAL D',ELECTRIC,ITÉ ET DE L'EAU POTABLE,100 GENERICA ZONA ESPAÑOLA Unidad Generica,76
GPOWEC1,GENERIC UNIT,,POWERMART APS,,,100 GENERICA ZONA ESPAÑOLA Unidad Generica,76
GPOWEV1,GENERIC UNIT,,POWERMART APS,,,100 GENERICA ZONA ESPAÑOLA Unidad Generica,76
GREPSC1,REPSB GENERIC,A VENTA,REPSOL SERVICIOS,RENOVAB,"LES, S.A.",100 GENERICA ZONA ESPAÑOLA Unidad Generica,76
GREPSV1,REPSB GENERIC,A VENTA,REPSOL SERVICIOS,RENOVAB,"LES, S.A.",100 GENERICA ZONA ESPAÑOLA Unidad Generica,76
GSAMPC1,SAMP GENERICA,COMPRA,SAMPOL INGENIERIA,Y OBRAS,,100 GENERICA ZONA ESPAÑOLA Unidad Generica,76
GSAMPV1,SAMP GENERICA,VENTA,SAMPOL INGENIERIA,Y OBRAS,,100 GENERICA ZONA ESPAÑOLA Unidad Generica,76
GSHEEC1,SHEEN GENERIC,A COMPRA,SHELL ENERGY EUR,OPE LIMIT,ED,100 GENERICA ZONA ESPAÑOLA Unidad Generica,76
GSHEEC2,GENERICA VENTA,PORTUGAL,SHELL ENERGY EUR,OPE LIMIT,ED,100 GENERICA ZONA PORTUGUESA VENTA GENERICA,76
GSHEEV1,SHEEN GENERIC,A VENTA,SHELL ENERGY EUR,OPE LIMIT,ED,100 GENERICA ZONA ESPAÑOLA Unidad Generica,76
GSHEEV2,GENERICA VENTA,PORTUGAL,SHELL ENERGY EUR,OPE LIMIT,ED,100 GENERICA ZONA PORTUGUESA Unidad Generica,76
GSMARC1,SMARC GENERIC,A,SMARTESTENERGY,LIMITED,,100 GENERICA ZONA ESPAÑOLA VENTA GENERICA,76
GSMARV1,SMARC GENERIC,A,SMARTESTENERGY,LIMITED,,100 GENERICA ZONA ESPAÑOLA Unidad Generica,76
GSMGC1,GSM GENERICA C,OMPRA,STATKRAFT MARKET,S GMBH,,100 GENERICA ZONA ESPAÑOLA Unidad Generica,76
GSMGC2,PT GENERIC BUY,,STATKRAFT MARKET,S GMBH,,100 GENERICA ZONA PORTUGUESA Unidad Generica,76
GSMGV1,GSM GENERICA V,ENTA,STATKRAFT MARKET,S GMBH,,100 GENERICA ZONA ESPAÑOLA Unidad Generica,76
GSMGV2,PT GENERIC SEL,L,STATKRAFT MARKET,S GMBH,,100 GENERICA ZONA PORTUGUESA Unidad Generica,76
GSSEEC1,GENERSSE,,SSE ENERGY SUPPL,Y LIMITED,,100 GENERICA ZONA ESPAÑOLA VENTA GENERICA,76
GSSEEV1,GENERSSE,,,SSE ENERGY SUPPLY,LIMITED,   100 GENERICA ZONA ESPAÑOLA Unidad Generica ,77
GTGPLC1,TGPL GENER,ICA COMPRA,,TOTALENERGIES GAS,AND PO,WER LIMITED  100 GENERICA ZONA ESPAÑOLA Unidad Generica ,77
GTGPLC2,TGPL GENER,ICA COMPRA PT,,TOTALENERGIES GAS,AND PO,WER LIMITED  100 GENERICA ZONA PORTUGUESA VENTA GENERICA ,77
GTGPLV1,TGPL GENER,ICA VENTA,,TOTALENERGIES GAS,AND PO,WER LIMITED  100 GENERICA ZONA ESPAÑOLA Unidad Generica ,77
GTGPLV2,TGPL GENER,ICA VENTA PT,,TOTALENERGIES GAS,AND PO,WER LIMITED  100 GENERICA ZONA PORTUGUESA Unidad Generica ,77
GTSRDC1,GENERICA,,,ENGELHART CTP REN,EWABLE,S GM BH  100 GENERICA ZONA ESPAÑOLA Unidad Generica ,77
GTSRDV1,GENERICA,,,ENGELHART CTP REN,EWABLE,S GM BH  100 GENERICA ZONA ESPAÑOLA Unidad Generica ,77
GUNELC1,UNIDAD GEN,ERICA,,UNIELECTRICA ENER,GIA S.A.,   100 GENERICA ZONA ESPAÑOLA Unidad Generica ,77
GUNELV1,UNIDAD GEN,ERICA,,UNIELECTRICA ENER,GIA S.A.,   100 GENERICA ZONA ESPAÑOLA Unidad Generica ,77
GVIEGC1,VIEG GENER,ICA COMPRA,,REPSOL GENERACIÓ,N ELÉCTR,"ICA, S.A  100 GENERICA ZONA ESPAÑOLA Unidad Generica ",77
GVIEGV1,VIEG GENER,ICA VENTA,,REPSOL GENERACIÓ,N ELÉCTR,"ICA, S.A  100 GENERICA ZONA ESPAÑOLA Unidad Generica ",77
GVISAC1,UNIDAD GEN,ÉRICA VISALIA,,VISALIA ENERGIA SLU,,   100 GENERICA ZONA ESPAÑOLA VENTA GENERICA ,77
GVISAV1,UNIDAD GEN,ÉRICA VISALIA,,VISALIA ENERGIA SLU,,   100 GENERICA ZONA ESPAÑOLA Unidad Generica ,77
GVITLC1,VITOL GENE,RICA FRANCIA,,VITOL S.A.,,   100 GENERICA ZONA ESPAÑOLA Unidad Generica ,77
GVITLV1,VITOL GENE,RICA FRANCIA,,VITOL S.A.,,   100 GENERICA ZONA ESPAÑOLA Unidad Generica ,77
GWMARC1,UNIDAD GEN,ERICA W2M,,WIND TO MARKET (AC,T.: COME,RCIA LIZACIÓN RE) 100 GENERICA ZONA ESPAÑOLA Unidad Generica ,77
GWMARV1,UNIDAD GEN,ERICA W2M,,WIND TO MARKET (AC,T.: COME,RCIA LIZACIÓN RE) 100 GENERICA ZONA ESPAÑOLA Unidad Generica ,77
CLIPCX1,CLIPCX1,,,HOLALUZ-CLIDOM SA,,   100 PORFOLIO ZONA ESPAÑOLA Porfolio Produccion Compra,77
CLIPVX1,CLIPVX1,,,HOLALUZ-CLIDOM SA,,   100 PORFOLIO ZONA ESPAÑOLA Porfolio Produccion Venta,77
EBLPCX1,PORFOLIO E,BLCO COMPRA,,"ENGIE ESPAÑA,S.L.U",,   100 PORFOLIO ZONA ESPAÑOLA Porfolio Produccion Compra,77
EBLPVX1,PORFOLIO E,BLCO VENTA,,"ENGIE ESPAÑA,S.L.U",,   100 PORFOLIO ZONA ESPAÑOLA Porfolio Produccion Venta,77
EGLCCX1,PORTFOLIO,COMPRA COME,,"AXPO IBERIA, S.L.",,   100 PORFOLIO ZONA ESPAÑOLA Porfolio Comerc. Co mpra,77
EGLCVX1,PORTFOLIO,VENTA COMER,,"AXPO IBERIA, S.L.",,   100 PORFOLIO ZONA ESPAÑOLA Porfolio Comerc. Ve nta,77
EGLPCX1,COMPRA GE,NERACION,,"AXPO IBERIA, S.L.",,   100 PORFOLIO ZONA ESPAÑOLA Porfolio Produccion Compra,77
EGLPVX1,VENTA GENE,RACIÓN,,"AXPO IBERIA, S.L.",,   100 PORFOLIO ZONA ESPAÑOLA Porfolio Produccion Venta,77
EGPPCX2,PORTFOLIO,COMPRA,,EDP GEM PORTUGAL,S.A.,   100 PORFOLIO ZONA PORTUGUESA Porfolio Produccion Compra,77
EGPPVX2,PORTFOLIO,VENDA,,EDP GEM PORTUGAL,S.A.,   100 PORFOLIO ZONA PORTUGUESA Porfolio Produccion Venta,77
ELEPCX1,ELEPCX1,,,"ELECTRICIDAD ELEIA,",S.L.U.,   100 PORFOLIO ZONA ESPAÑOLA Porfolio Produccion Compra,77
ELEPVX1,ELEPVX1,,,"ELECTRICIDAD ELEIA,",S.L.U.,   100 PORFOLIO ZONA ESPAÑOLA Porfolio Produccion Venta,77
ENUPCX1,ENUPCX1,,,ENERGIA NUFRI SLU,,   100 PORFOLIO ZONA ESPAÑOLA Porfolio Produccion Compra,77
ENUPVX1,ENUPVX1,,,ENERGIA NUFRI SLU,,   100 PORFOLIO ZONA ESPAÑOLA Porfolio Produccion Venta,77
FENPCX1,PORFOLIO P,COMPRA,,FENIE ENERGIA,,   100 PORFOLIO ZONA ESPAÑOLA Porfolio Produccion Compra,77
FENPVX1,PORFOLIO P,,,FENIE ENERGIA,,   100 PORFOLIO ZONA ESPAÑOLA Porfolio Produccion Venta,77
GESPCX1,PORFOLIO G,ENERACION COM,PRA,"GESTERNOVA, S.A.",,   100 PORFOLIO ZONA ESPAÑOLA Porfolio Produccion Compra,77
GESPVX1,PORFOLIO G,ENERACION VEN,TA,"GESTERNOVA, S.A.",,   100 PORFOLIO ZONA ESPAÑOLA Porfolio Produccion Venta,77
GNCPCX1,GNCO PORT,FOLIO COMPRA,,GAS NATURAL COME,RCIALIZA,DORA   100 PORFOLIO ZONA ESPAÑOLA Porfolio Produccion Compra,77
GNCPVX1,GNCO PORT,FOLIO VENTA,,GAS NATURAL COME,RCIALIZA,DORA   100 PORFOLIO ZONA ESPAÑOLA Porfolio Produccion Venta,77
GNRPCX1,PORFOLIO P,RODUCCIÓN COM,PRA ES,GNERA ENERGIA Y TE,CNOLOG,IA   100 PORFOLIO ZONA ESPAÑOLA Porfolio Produccion Compra,77
GNRPVX1,PORFOLIO P,RODUCCIÓN VEN,TA ES,GNERA ENERGIA Y TE,CNOLOG,IA   100 PORFOLIO ZONA ESPAÑOLA Porfolio Produccion Venta,77
GOICCX1,GOICCX1,,,GOIENER S.COOP,,   100 PORFOLIO ZONA ESPAÑOLA Porfolio Comerc. Co mpra,77
GOICVX1,GOICVX1,,,GOIENER S.COOP,,   100 PORFOLIO ZONA ESPAÑOLA Porfolio Comerc. Ve nta,77
IBGCCX1,UNID. PORFO,. IBGES COMER.,COMP,IBERDROLA ENERGÍA,ESPAÑA,S..A.   100 PORFOLIO ZONA ESPAÑOLA Porfolio Comerc. Co mpra,77
IBGCVX1,UNID. PORF.,IBGES COMERC.,VENT,IBERDROLA ENERGÍA,ESPAÑA,S..A.   100 PORFOLIO ZONA ESPAÑOLA Porfolio Comerc. Ve nta,77
IBGPCX1,PROD. PORF,. IBGES COMERC,. COM,IBERDROLA ENERGÍA,ESPAÑA,S..A.   100 PORFOLIO ZONA ESPAÑOLA Porfolio Produccion Compra,77
IBGPVX1,PROD. PORF,. IBGES COMERC,. VENT,IBERDROLA ENERGÍA,ESPAÑA,S..A.   100 PORFOLIO ZONA ESPAÑOLA Porfolio Produccion Venta,77
ICUPCX1,U. PORFOLIO,IBCUR PROD. C,OM,CURENERGÍA COMER,CIALIZAD,"OR D E ÚLTIMO RECURSO, SAU 100 PORFOLIO ZONA ESPAÑOLA Porfolio Produccion Compra",77
ICUPVX1,U. PORFOLIO,IBCUR PROD. V,EN,CURENERGÍA COMER,CIALIZAD,"OR D E ÚLTIMO RECURSO, SAU 100 PORFOLIO ZONA ESPAÑOLA Porfolio Produccion Venta",77
ISMCCX1,PORTFOLIO,COMPRA,,INGEBAU SOLUCIONE,S DE MED,IDA SL  100 PORFOLIO ZONA ESPAÑOLA Porfolio Comerc. Co mpra,77
ISMCVX1,PORTFOLIO,VENTA,,INGEBAU SOLUCIONE,S DE MED,IDA SL  100 PORFOLIO ZONA ESPAÑOLA Porfolio Comerc. Ve nta,77
ISMPCX1,COMPRA PO,RTFOLIO,,INGEBAU SOLUCIONE,S DE MED,IDA SL  100 PORFOLIO ZONA ESPAÑOLA Porfolio Produccion Compra,77
ISMPVX1,VENTA PORT,FOLIO,,INGEBAU SOLUCIONE,S DE MED,IDA SL  100 PORFOLIO ZONA ESPAÑOLA Porfolio Produccion Venta,77
LAUCCX1,PORFOLIO C,OMPRA COMER,,LA UNIÓN ELECTRO IN,DUSTRIA,"L, S. L.U.  100 PORFOLIO ZONA ESPAÑOLA Porfolio Comerc. Co mpra",77
LAUCVX1,PORFOLIO V,ENTA COMER,,LA UNIÓN ELECTRO IN,DUSTRIA,"L, S. L.U.  100 PORFOLIO ZONA ESPAÑOLA Porfolio Comerc. Ve nta",77
NEUCCX1,NEUCCX1,,,NEURO ENERGIA Y G,"ESTION, S",L   100 PORFOLIO ZONA ESPAÑOLA Porfolio Comerc. Co mpra,77
NEUCVX1,NEUCVX1,,,NEURO ENERGIA Y G,"ESTION, S",L   100 PORFOLIO ZONA ESPAÑOLA Porfolio Comerc. Ve nta,77
NEXPCX1,U PORFOLIO,GENERACION,,NEXUS ENERGÍA (ACT,. COMER,CIAL IZACIÓN R E) 100 PORFOLIO ZONA ESPAÑOLA Porfolio Produccion Compra,77
NEXPVX1,U PORFOLIO,GENERACION,,NEXUS ENERGÍA (ACT,. COMER,CIAL IZACIÓN R E) 100 PORFOLIO ZONA ESPAÑOLA Porfolio Produccion Venta,77
TRIPCX1,PORTFOLIO,BUY,,SECOND FOUNDATIO,N TRADIN,G AG   100 PORFOLIO ZONA ESPAÑOLA Porfolio Produccion Compra,77
