Unnamed: 0,Unnamed: 1,Unnamed: 2,Unnamed: 3,Dia,27-junio-2026,27-junio-2026.1,27-junio-2026.2,27-junio-2026.3,27-junio-2026.4,27-junio-2026.5,27-junio-2026.6,27-junio-2026.7,27-junio-2026.8,27-junio-2026.9,27-junio-2026.10,27-junio-2026.11,27-junio-2026.12,27-junio-2026.13,27-junio-2026.14,27-junio-2026.15,27-junio-2026.16,27-junio-2026.17,27-junio-2026.18,27-junio-2026.19,27-junio-2026.20,27-junio-2026.21,27-junio-2026.22,27-junio-2026.23,27-junio-2026.24,27-junio-2026.25,27-junio-2026.26,27-junio-2026.27,27-junio-2026.28,27-junio-2026.29,27-junio-2026.30,27-junio-2026.31,27-junio-2026.32,27-junio-2026.33,27-junio-2026.34,27-junio-2026.35,27-junio-2026.36,27-junio-2026.37,27-junio-2026.38,27-junio-2026.39,27-junio-2026.40,27-junio-2026.41,27-junio-2026.42,27-junio-2026.43,27-junio-2026.44,27-junio-2026.45,27-junio-2026.46,27-junio-2026.47,27-junio-2026.48,27-junio-2026.49,27-junio-2026.50,27-junio-2026.51,27-junio-2026.52,27-junio-2026.53,27-junio-2026.54,27-junio-2026.55,27-junio-2026.56,27-junio-2026.57,27-junio-2026.58,27-junio-2026.59,27-junio-2026.60,27-junio-2026.61,27-junio-2026.62,27-junio-2026.63,27-junio-2026.64,27-junio-2026.65,27-junio-2026.66,27-junio-2026.67,27-junio-2026.68,27-junio-2026.69,27-junio-2026.70,27-junio-2026.71,27-junio-2026.72,27-junio-2026.73,27-junio-2026.74,27-junio-2026.75,27-junio-2026.76,27-junio-2026.77,27-junio-2026.78,27-junio-2026.79,27-junio-2026.80,27-junio-2026.81,27-junio-2026.82,27-junio-2026.83,27-junio-2026.84,27-junio-2026.85,27-junio-2026.86,27-junio-2026.87,27-junio-2026.88,27-junio-2026.89,27-junio-2026.90,27-junio-2026.91,27-junio-2026.92,27-junio-2026.93,27-junio-2026.94,27-junio-2026.95,27-junio-2026.96,27-junio-2026.97,27-junio-2026.98,27-junio-2026.99,27-junio-2026.100,27-junio-2026.101,27-junio-2026.102,27-junio-2026.103,27-junio-2026.104,27-junio-2026.105,27-junio-2026.106,27-junio-2026.107,27-junio-2026.108,27-junio-2026.109,27-junio-2026.110,27-junio-2026.111,27-junio-2026.112,27-junio-2026.113,27-junio-2026.114,27-junio-2026.115,27-junio-2026.116,27-junio-2026.117,27-junio-2026.118,27-junio-2026.119,27-junio-2026.120,27-junio-2026.121,27-junio-2026.122,27-junio-2026.123,27-junio-2026.124,27-junio-2026.125,27-junio-2026.126,27-junio-2026.127,27-junio-2026.128,27-junio-2026.129,27-junio-2026.130,27-junio-2026.131,27-junio-2026.132,27-junio-2026.133,27-junio-2026.134,27-junio-2026.135,27-junio-2026.136,27-junio-2026.137,27-junio-2026.138,27-junio-2026.139,27-junio-2026.140,27-junio-2026.141,27-junio-2026.142,27-junio-2026.143,27-junio-2026.144,27-junio-2026.145,27-junio-2026.146,27-junio-2026.147,27-junio-2026.148,27-junio-2026.149,27-junio-2026.150,27-junio-2026.151,27-junio-2026.152,27-junio-2026.153,27-junio-2026.154,27-junio-2026.155,27-junio-2026.156,27-junio-2026.157,27-junio-2026.158,27-junio-2026.159,27-junio-2026.160,27-junio-2026.161,27-junio-2026.162,27-junio-2026.163,27-junio-2026.164,27-junio-2026.165,27-junio-2026.166,27-junio-2026.167,27-junio-2026.168,27-junio-2026.169,27-junio-2026.170,27-junio-2026.171,27-junio-2026.172,27-junio-2026.173,27-junio-2026.174,27-junio-2026.175,27-junio-2026.176,27-junio-2026.177,27-junio-2026.178,27-junio-2026.179,27-junio-2026.180,27-junio-2026.181,27-junio-2026.182,27-junio-2026.183,27-junio-2026.184,27-junio-2026.185,27-junio-2026.186,27-junio-2026.187,27-junio-2026.188,27-junio-2026.189,27-junio-2026.190,27-junio-2026.191
,,,,Cuarto de Hora del dia,1,1,2,2,3,3,4,4,5,5,6,6,7,7,8,8,9,9,10,10,11,11,12,12,13,13,14,14,15,15,16,16,17,17,18,18,19,19,20,20,21,21,22,22,23,23,24,24,25,25,26,26,27,27,28,28,29,29,30,30,31,31,32,32,33,33,34,34,35,35,36,36,37,37,38,38,39,39,40,40,41,41,42,42,43,43,44,44,45,45,46,46,47,47,48,48,49,49,50,50,51,51,52,52,53,53,54,54,55,55,56,56,57,57,58,58,59,59,60,60,61,61,62,62,63,63,64,64,65,65,66,66,67,67,68,68,69,69,70,70,71,71,72,72,73,73,74,74,75,75,76,76,77,77,78,78,79,79,80,80,81,81,82,82,83,83,84,84,85,85,86,86,87,87,88,88,89,89,90,90,91,91,92,92,93,93,94,94,95,95,96,96
Sentido,Participante del Mercado,Bloque,Divisibilidad,Indicadores,MW,€/MW,MW,€/MW,MW,€/MW,MW,€/MW,MW,€/MW,MW,€/MW,MW,€/MW,MW,€/MW,MW,€/MW,MW,€/MW,MW,€/MW,MW,€/MW,MW,€/MW,MW,€/MW,MW,€/MW,MW,€/MW,MW,€/MW,MW,€/MW,MW,€/MW,MW,€/MW,MW,€/MW,MW,€/MW,MW,€/MW,MW,€/MW,MW,€/MW,MW,€/MW,MW,€/MW,MW,€/MW,MW,€/MW,MW,€/MW,MW,€/MW,MW,€/MW,MW,€/MW,MW,€/MW,MW,€/MW,MW,€/MW,MW,€/MW,MW,€/MW,MW,€/MW,MW,€/MW,MW,€/MW,MW,€/MW,MW,€/MW,MW,€/MW,MW,€/MW,MW,€/MW,MW,€/MW,MW,€/MW,MW,€/MW,MW,€/MW,MW,€/MW,MW,€/MW,MW,€/MW,MW,€/MW,MW,€/MW,MW,€/MW,MW,€/MW,MW,€/MW,MW,€/MW,MW,€/MW,MW,€/MW,MW,€/MW,MW,€/MW,MW,€/MW,MW,€/MW,MW,€/MW,MW,€/MW,MW,€/MW,MW,€/MW,MW,€/MW,MW,€/MW,MW,€/MW,MW,€/MW,MW,€/MW,MW,€/MW,MW,€/MW,MW,€/MW,MW,€/MW,MW,€/MW,MW,€/MW,MW,€/MW,MW,€/MW,MW,€/MW,MW,€/MW,MW,€/MW,MW,€/MW,MW,€/MW,MW,€/MW,MW,€/MW,MW,€/MW,MW,€/MW,MW,€/MW,MW,€/MW,MW,€/MW,MW,€/MW,MW,€/MW
Subir,AC2,Blq. 1,Indivisible,,,,,,,,,,,,,,,,,,,,,,,,,,,,,,,,,,,,,,,,,,,,,,,,,,,,,,,,,,,,,,,,,,,,,,,,,,,,,,,,,,,,,,,,,,,,,,,,,,,,,,,,,,,,,,"32,0","0,80","40,0","0,80","48,0","0,80","54,0","0,80","62,0","0,80","70,0","0,80","76,0","0,80","84,0","0,80","93,0","0,80","98,0","0,80","106,0","0,80","109,0","0,80","115,0","0,80","118,0","0,80","121,0","0,80","123,0","0,80","125,0","0,80","129,0","0,80","131,0","0,80","131,0","0,80","131,0","0,80",,,"124,0","1,90","118,0","9,60","112,0","18,10",,,,,,,,,,,,,,,,,,,,,,,,,,,,,,,,,,
Subir,ACC,Blq. 1,Indivisible,,,,,,,,,,,,,,,,,,,,,,,,,,,,,,,,,,,,,,,,,,,,,,,,,,,,,,,,,,,,,,,,,,,,,,,,,,,,,,,,"35,0","57,23","35,0","58,77","34,0","58,52","34,0","59,28","35,0","58,52","35,0","58,58","34,0","59,61","35,0","58,83","34,0","59,87","35,0","59,06","34,0","60,03","35,0","59,15","35,0","59,15","35,0","59,17","34,0","60,10","35,0","59,17","35,0","59,06","34,0","59,95","35,0","58,43","35,0","58,37","34,0","59,27","35,0","58,99","35,0","58,45","34,0","59,19","34,0","59,02","35,0","57,96","34,0","58,63","35,0","57,40","35,0","57,00","35,0","56,57","35,0","56,04","34,0","56,15","34,0","55,62","35,0","54,48","35,0","54,24","34,0","54,75","35,0","54,30",,,,,,,,,,,,,,,,,,,,,,,,,,,,,,,,,,,,,,,,
Subir,AX2,Blq. 1,Indivisible,,"60,0","1,25","60,0","1,25","60,0","1,25","60,0","1,25","60,0","1,25","60,0","1,25","60,0","1,25","60,0","1,25",,,,,,,,,,,,,,,,,,,,,,,,,,,,,,,,,,,,,,,,,,,,,,,,,,,,,,,,,,,,,,,,,,,,,,,,,,,,,,,,,,,,,,,,,,,,,,,,,,,,,,,,,,,,,,,,,,,,,,,,,,,,,,,,,,,,,,,,,,,,,,,,,,,,,,,,,,,,,,,,,,,,,,,,,,,,,,,,
Subir,BBE,Blq. 1,Divisible,,"62,0","23,22","62,0","21,17","62,0","18,59","62,0","15,92","62,0","19,36","62,0","17,54","62,0","16,22","62,0","14,78",,,,,,,,,,,,,,,,,,,,,,,,,,,,,,,,,,,,,,,,,,,,,,,,,,,,,,,,,"62,0","0,50","62,0","0,50","62,0","0,50","62,0","0,50","62,0","0,50","62,0","0,50","62,0","0,50","62,0","0,50","62,0","0,50","62,0","0,50","62,0","0,50","62,0","0,50","62,0","0,50","62,0","0,50","62,0","0,50","62,0","0,50","62,0","0,50","62,0","0,50","62,0","0,50","62,0","0,50","62,0","0,50","62,0","0,50","62,0","0,50","62,0","0,50","62,0","0,50","62,0","0,50","62,0","0,50","62,0","0,50","62,0","0,50","62,0","0,50","62,0","0,50","62,0","0,50","62,0","0,50","62,0","0,50","62,0","0,50","62,0","0,50","62,0","0,50","62,0","0,50","62,0","0,50","62,0","0,50","62,0","0,50","62,0","0,50","62,0","0,50","62,0","0,50","62,0","0,50","62,0","0,50","62,0","0,50","62,0","0,50","62,0","0,50","62,0","0,50","62,0","0,50","62,0","0,50","62,0","0,50","62,0","0,50","62,0","0,50","62,0","0,50","62,0","0,50","62,0","0,50","62,0","0,50","62,0","0,50"
Subir,CEP,Blq. 1,Divisible,,"38,0","0,25","38,0","0,25","38,0","0,25","38,0","0,25","38,0","0,25","38,0","0,25","38,0","0,25","0,0","0,00",,,,,,,,,,,,,,,,,,,,,,,,,,,,,,,,,,,,,,,,,,,,,,,,,,,,,,,,,,,,,,,,,,,,,,,,,,,,,,,,,,,,,,,,,,,,,,,,,,,,,,,,,,,,,,,,,,,,,,,,,,,,,,,,,,,,,,,,,"0,0","0,00","0,0","0,00","38,0","0,25","38,0","0,25","38,0","0,25","38,0","0,25","38,0","0,25","38,0","0,25","38,0","0,25","38,0","0,25","38,0","0,25","38,0","0,25","38,0","0,25","38,0","0,25","38,0","0,25","38,0","0,25","38,0","0,25","38,0","0,25","38,0","0,25","0,0","0,00"
Subir,EBC,Blq. 1,Divisible,,"0,0","0,00","0,0","0,00","0,0","0,00","0,0","0,00","0,0","0,00","0,0","0,00","0,0","0,00","0,0","0,00","0,0","0,00","0,0","0,00","0,0","0,00","0,0","0,00","0,0","0,00","0,0","0,00","0,0","0,00","0,0","0,00","0,0","0,00","0,0","0,00","0,0","0,00","0,0","0,00","0,0","0,00","0,0","0,00","0,0","0,00","0,0","0,00","0,0","0,00","0,0","0,00","0,0","0,00","0,0","0,00","0,0","0,00","0,0","0,00","0,0","0,00","0,0","0,00","0,0","0,00","0,0","0,00",,,,,,,,,,,,,,,,,,,,,,,,,,,,,,,,,,,,,,,,,,,,,,,,,,,,,,,,,,,,,,,,,,,,,,,,,,,,,,,,,,,,,,,,,,,,,,,"0,0","0,00","0,0","0,00","0,0","0,00","0,0","0,00","0,0","0,00","0,0","0,00","0,0","0,00","0,0","0,00","0,0","0,00","0,0","0,00","0,0","0,00","0,0","0,00","0,0","0,00","0,0","0,00","0,0","0,00"
Subir,ELB,Blq. 1,Divisible,,,,,,"150,0","0,00","150,0","0,00","150,0","0,00","150,0","0,00","150,0","0,00",,,,,,,"74,0","0,00","74,0","0,00","74,0","0,00","74,0","0,00","74,0","0,00","74,0","0,00","74,0","0,00","74,0","0,00","74,0","0,00","74,0","0,00","74,0","0,00","74,0","0,00","74,0","0,00","74,0","0,00","74,0","0,00","74,0","0,00","74,0","0,00","74,0","0,00","74,0","0,00","74,0","0,00","74,0","0,00","74,0","0,00","74,0","0,00","74,0","0,00","74,0","0,00","74,0","0,00","74,0","0,00","74,0","0,00","74,0","0,00","74,0","0,00","74,0","0,00","74,0","0,00","74,0","0,00","74,0","0,00","74,0","0,00","74,0","0,00","74,0","0,00","74,0","0,00","74,0","0,00","74,0","0,00","74,0","0,00","74,0","0,00","74,0","0,00","74,0","0,00","74,0","0,00","74,0","0,00","74,0","0,00","74,0","0,00","74,0","0,00","74,0","0,00","74,0","0,00","74,0","0,00","74,0","0,00","74,0","0,00","74,0","0,00","74,0","0,00","74,0","0,00","74,0","0,00","74,0","0,00","74,0","0,00","74,0","0,00","74,0","0,00","74,0","0,00","74,0","0,00","74,0","0,00","74,0","0,00","74,0","0,00","74,0","0,00","74,0","0,00",,,,,,,,,,,,,,,,,,,,,,,,,,,,,,,,,,
Subir,EN1,Blq. 1,Divisible,,"19,0","35,06","17,0","33,79","17,0","32,20","17,0","30,54","17,0","32,67","15,0","31,55","13,0","30,73","13,0","29,83","12,0","30,10","13,0","29,80","15,0","29,77","15,0","29,50","15,0","29,68","15,0","29,42","15,0","29,42","14,0","29,77","14,0","29,80","14,0","29,83","15,0","29,83","15,0","29,83","14,0","29,80","14,0","29,80","13,0","29,83","13,0","29,80","13,0","29,83","12,0","29,89","12,0","29,89","1,0","29,42","1,0","29,80","1,0","29,05","1,0","28,23","1,0","23,75","1,0","29,71","10,0","28,15","9,0","19,93","7,0","17,50","6,0","18,80","6,0","12,54","6,0","8,00","6,0","3,65","7,0","5,00","7,0","2,00","9,0","2,00","9,0","2,00","10,0","2,00","10,0","2,00","11,0","2,00","12,0","2,00","12,0","2,00","13,0","2,00","13,0","2,00","14,0","2,00","15,0","2,00","18,0","2,00","19,0","2,00","19,0","2,00","19,0","2,00","22,0","2,00","22,0","2,00","24,0","2,00","27,0","2,00","28,0","2,00","29,0","2,00","31,0","2,00","32,0","2,00","32,0","2,00","31,0","2,00","32,0","2,00","32,0","2,00","33,0","2,00","33,0","2,00","32,0","2,00","33,0","2,00","33,0","2,00","32,0","2,00","31,0","2,60","32,0","2,00","30,0","7,64","31,0","14,51","30,0","19,47","35,0","20,07","32,0","27,94","29,0","29,71","25,0","31,98","24,0","31,80","26,0","32,67","25,0","34,67","27,0","34,28","26,0","37,86","25,0","37,83","24,0","40,36","21,0","36,25","21,0","36,25","20,0","33,34","20,0","33,52","20,0","32,67"
Subir,ENC,Blq. 1,Divisible,,"2,0","0,02","2,0","0,02","2,0","0,02","2,0","0,02","2,0","0,02","2,0","0,02","2,0","0,02","2,0","0,02","2,0","0,02","2,0","0,02","2,0","0,02","2,0","0,02","2,0","0,02","2,0","0,02","2,0","0,02","2,0","0,02","2,0","0,02","2,0","0,02","2,0","0,02","2,0","0,02","2,0","0,02","2,0","0,02","2,0","0,02","2,0","0,02","2,0","0,02","2,0","0,02","2,0","0,02","2,0","0,02","2,0","0,02","2,0","0,02","2,0","0,02","2,0","0,02","2,0","0,02","2,0","0,02","2,0","0,02","2,0","0,02","2,0","0,02","2,0","0,02","2,0","0,02","2,0","0,02","2,0","0,02","2,0","0,02","2,0","0,02","2,0","0,02","2,0","0,02","2,0","0,02","2,0","0,02","2,0","0,02","2,0","0,02","2,0","0,02","2,0","0,02","2,0","0,02","2,0","0,02","2,0","0,02","2,0","0,02","2,0","0,02","2,0","0,02","2,0","0,02","2,0","0,02","2,0","0,02","2,0","0,02","2,0","0,02","2,0","0,02","2,0","0,02","2,0","0,02","2,0","0,02","2,0","0,02","2,0","0,02","2,0","0,02","2,0","0,02","2,0","0,02","2,0","0,02","2,0","0,02","2,0","0,02","2,0","0,02","2,0","0,02","2,0","0,02","2,0","0,02","2,0","0,02","2,0","0,02","2,0","0,02","2,0","0,02","2,0","0,02","2,0","0,02","2,0","0,02","2,0","0,02","2,0","0,02","2,0","0,02","2,0","0,02","2,0","0,02","2,0","0,02","2,0","0,02","2,0","0,02","2,0","0,02","2,0","0,02","2,0","0,02"
Subir,END,Blq. 1,Divisible,,"272,0","1,24","272,0","1,24","246,0","1,24","246,0","1,24","247,0","1,24","247,0","1,24","247,0","1,24","247,0","1,24","247,0","1,24","258,0","1,24","258,0","1,24","258,0","1,24","258,0","1,24","258,0","1,24","258,0","1,24","258,0","1,24","258,0","1,24","258,0","1,24","258,0","1,24","258,0","1,24","258,0","1,24","258,0","1,24","258,0","1,24","258,0","1,24","257,0","1,24","257,0","1,24","257,0","1,24","257,0","1,24","338,0","1,24","364,0","1,24","375,0","1,24","375,0","1,24","69,0","1,24","72,0","1,24","287,0","1,24","281,0","1,24","284,0","1,24","289,0","1,24","295,0","1,24","292,0","1,24","288,0","1,24","288,0","1,24","288,0","1,24","339,0","1,24","339,0","1,24","339,0","1,24","339,0","1,24","339,0","1,24","339,0","1,24","339,0","1,24","339,0","1,24","339,0","1,24","338,0","1,24","338,0","1,24","339,0","1,24","338,0","1,24","338,0","1,24","338,0","1,24","338,0","1,24","339,0","1,24","340,0","1,24","339,0","1,24","340,0","1,24","340,0","1,24","340,0","1,24","339,0","1,24","340,0","1,24","339,0","1,24","338,0","1,24","339,0","1,24","339,0","1,24","364,0","1,24","357,0","1,24","353,0","1,24","267,0","1,24","267,0","1,24","122,0","1,24","125,0","1,24","275,0","1,24","272,0","1,24","321,0","1,24","368,0","1,24","352,0","1,24","328,0","1,24","311,0","1,24","283,0","1,24","255,0","1,24","245,0","1,24","234,0","1,24","234,0","1,24","234,0","1,24","234,0","1,24","235,0","1,24","234,0","1,24","234,0","1,24","234,0","1,24"
Subir,END,Blq. 2,Divisible,,"60,0","2,01","60,0","2,01","86,0","2,39","83,0","2,35","78,0","2,30","78,0","2,30","78,0","2,30","75,0","2,26","73,0","2,24","43,0","1,88","42,0","1,86","42,0","1,86","22,0","1,61","22,0","1,61","20,0","1,59","20,0","1,59","19,0","1,58","19,0","1,58","18,0","1,56","17,0","1,55","17,0","1,55","17,0","1,55","16,0","1,54","16,0","1,54","31,0","1,71","72,0","2,23","72,0","2,23","72,0","2,23",,,,,,,,,"150,0","5,81","225,0","4,25","24,0","20,94","47,0","18,50","88,0","19,80","87,0","13,54","80,0","9,00","98,0","4,65","78,0","6,00","77,0","1,77","51,0","1,37","12,0","1,37","13,0","1,37","13,0","1,37","13,0","1,37","13,0","1,37","11,0","1,35","10,0","1,34","10,0","1,34","11,0","1,35","18,0","1,41","20,0","1,43","20,0","1,44","19,0","1,42","16,0","1,39","17,0","1,40","16,0","1,39","9,0","1,33","1,0","1,27","3,0","1,28","1,0","1,27","1,0","1,27","1,0","1,27","20,0","1,44","1,0","1,27","20,0","1,44","17,0","1,40","14,0","1,38","9,0","1,33","7,0","1,30",,,,,"81,0","1,44","67,0","3,61","173,0","2,35","152,0","8,64","93,0","15,51","57,0","20,47","32,0","21,08","5,0","4,04","16,0","1,40","40,0","1,65","33,0","1,70","64,0","2,06","92,0","2,45","99,0","2,54","105,0","2,60","105,0","2,60","105,0","2,60","105,0","2,60","100,0","2,55","104,0","2,59","104,0","2,59","104,0","2,59"
Subir,END,Blq. 3,Divisible,,"10,0","2,13","10,0","2,13","10,0","2,51","10,0","2,48","10,0","2,43","10,0","2,43","10,0","2,43","10,0","2,39","40,0","2,74","19,0","2,11","20,0","2,11","20,0","2,11","44,0","2,16","44,0","2,16","46,0","2,16","46,0","2,16","43,0","2,11","46,0","2,15","47,0","2,15","48,0","2,15","48,0","2,15","48,0","2,15","49,0","2,15","49,0","2,15","41,0","2,23",,,,,,,,,,,,,,,"65,0","6,06",,,,,,,,,"12,0","13,65","15,0","9,13","15,0","4,78","1,0","6,03","4,0","1,82","11,0","1,49","20,0","1,56","20,0","1,57","20,0","1,57","20,0","1,57","20,0","1,57","20,0","1,55","20,0","1,54","20,0","1,54","20,0","1,55","20,0","1,60","20,0","1,62","20,0","1,63","20,0","1,61","20,0","1,58","20,0","1,59","20,0","1,58","20,0","1,53","20,0","1,46","20,0","1,47","20,0","1,46","20,0","1,46","20,0","1,46","20,0","1,63","20,0","1,46","12,0","1,56","20,0","1,59","20,0","1,58","19,0","1,52","1,0","1,31",,,,,,,,,,,,,,,,,,,,,,,,,"5,0","1,75","5,0","2,11","5,0","2,51","5,0","2,60","5,0","2,66","5,0","2,66","5,0","2,66","5,0","2,66","5,0","2,61","5,0","2,65","5,0","2,65","5,0","2,65"
Subir,END,Blq. 4,Divisible,,"10,0","2,24","10,0","2,24","10,0","2,64","10,0","2,60","40,0","2,93","40,0","2,93","40,0","2,93","40,0","2,89",,,,,,,,,,,,,,,,,,,,,,,,,,,,,,,,,,,,,,,,,,,,,,,,,,,,,,,,,,,"8,0","13,72","19,0","9,29","19,0","4,94","11,0","6,13","20,0","1,99","20,0","1,68","20,0","1,75","20,0","1,76","20,0","1,76","20,0","1,76","16,0","1,72","20,0","1,74","20,0","1,73","20,0","1,73","20,0","1,74","20,0","1,80","20,0","1,82","20,0","1,83","20,0","1,81","20,0","1,78","20,0","1,79","20,0","1,78","20,0","1,72","20,0","1,65","20,0","1,66","20,0","1,65","20,0","1,65","20,0","1,65","14,0","1,77","13,0","1,58","5,0","1,60","12,0","1,71","11,0","1,68","10,0","1,61","6,0","1,36",,,,,,,,,,,,,,,,,,,,,,,,,"10,0","1,85","10,0","2,23","10,0","2,64","10,0","2,73","10,0","2,79","10,0","2,79","10,0","2,79","10,0","2,79","10,0","2,74","10,0","2,78","10,0","2,78","10,0","2,78"
Subir,END,Blq. 5,Divisible,,"40,0","2,69","40,0","2,69","40,0","3,14","40,0","3,10",,,,,,,,,,,,,,,,,,,,,,,,,,,,,,,,,,,,,,,,,,,,,,,,,,,,,,,,,,,,,,,,,,,"1,0","13,73","9,0","9,36","10,0","5,02","1,0","6,14","12,0","2,10","20,0","1,87","13,0","1,88","14,0","1,89","15,0","1,90","15,0","1,90","1,0","1,73","16,0","1,89","17,0","1,89","17,0","1,89","17,0","1,90","17,0","1,96","17,0","1,98","17,0","1,99","17,0","1,97","17,0","1,94","17,0","1,95","17,0","1,94","17,0","1,88","17,0","1,82","16,0","1,82","16,0","1,81","15,0","1,80","15,0","1,80","5,0","1,82","5,0","1,63","1,0","1,61","5,0","1,76","1,0","1,69","1,0","1,62","1,0","1,37",,,,,,,,,,,,,,,,,,,,,,,,,"40,0","2,27","40,0","2,68","40,0","3,14","40,0","3,23","40,0","3,29","40,0","3,29","40,0","3,29","40,0","3,29","40,0","3,24","40,0","3,28","40,0","3,28","40,0","3,28"
Subir,END,Blq. 6,Divisible,,,,,,,,,,,,,,,,,,,,,,,,,,,,,,,,,,,,,,,,,,,,,,,,,,,,,,,,,,,,,,,,,,,,,,,,,,,,,,"1,0","9,37","1,0","5,03",,,"1,0","2,11","12,0","1,99","1,0","1,89","1,0","1,90","1,0","1,91","1,0","1,91",,,"1,0","1,90","1,0","1,90","1,0","1,90","1,0","1,91","1,0","1,97","1,0","1,99","1,0","2,00","1,0","1,98","2,0","1,96","2,0","1,97","2,0","1,96","3,0","1,91","3,0","1,84","3,0","1,84","4,0","1,84","4,0","1,83","4,0","1,83","1,0","1,83","1,0","1,64","1,0","1,62","1,0","1,77","5,0","1,74","6,0","1,68","1,0","1,38",,,,,,,,,,,,,,,,,,,,,,,,,,,,,,,,,,,,,,,,,,,,,,,,
Subir,END,Blq. 7,Divisible,,,,,,,,,,,,,,,,,,,,,,,,,,,,,,,,,,,,,,,,,,,,,,,,,,,,,,,,,,,,,,,,,,,,,,,,,,,,,,,,,,,,,,"1,0","2,00",,,,,,,,,,,,,,,,,,,,,,,,,,,,,,,,,"1,0","1,92","1,0","1,85","1,0","1,85","1,0","1,85","1,0","1,84","1,0","1,84",,,"1,0","1,65",,,"1,0","1,78","1,0","1,75","1,0","1,69","1,0","1,39",,,,,,,,,,,,,,,,,,,,,,,,,,,,,,,,,,,,,,,,,,,,,,,,
Subir,END,Blq. 8,Divisible,,,,,,,,,,,,,,,,,,,,,,,,,,,,,,,,,,,,,,,,,,,,,,,,,,,,,,,,,,,,,,,,,,,,,,,,,,,,,,,,,,,,,,,,,,,,,,,,,,,,,,,,,,,,,,,,,,,,,,,,,,,,,,,,,,,,,,,,,,,,"1,0","1,76","1,0","1,70","1,0","1,40",,,,,,,,,,,,,,,,,,,,,,,,,,,,,,,,,,,,,,,,,,,,,,,,
Subir,END,Blq. 9,Divisible,,,,,,,,,,,,,,,,,,,,,,,,,,,,,,,,,,,,,,,,,,,,,,,,,,,,,,,,,,,,,,,,,,,,,,,,,,,,,,,,,,,,,,,,,,,,,,,,,,,,,,,,,,,,,,,,,,,,,,,,,,,,,,,,,,,,,,,,,,,,"1,0","1,77","1,0","1,71","1,0","1,41",,,,,,,,,,,,,,,,,,,,,,,,,,,,,,,,,,,,,,,,,,,,,,,,
Subir,END,Blq.10,Divisible,,,,,,,,,,,,,,,,,,,,,,,,,,,,,,,,,,,,,,,,,,,,,,,,,,,,,,,,,,,,,,,,,,,,,,,,,,,,,,,,,,,,,,,,,,,,,,,,,,,,,,,,,,,,,,,,,,,,,,,,,,,,,,,,,,,,,,,,,,,,,,"1,0","1,72","1,0","1,42",,,,,,,,,,,,,,,,,,,,,,,,,,,,,,,,,,,,,,,,,,,,,,,,
Subir,END,Blq.11,Divisible,,,,,,,,,,,,,,,,,,,,,,,,,,,,,,,,,,,,,,,,,,,,,,,,,,,,,,,,,,,,,,,,,,,,,,,,,,,,,,,,,,,,,,,,,,,,,,,,,,,,,,,,,,,,,,,,,,,,,,,,,,,,,,,,,,,,,,,,,,,,,,"1,0","1,73",,,,,,,,,,,,,,,,,,,,,,,,,,,,,,,,,,,,,,,,,,,,,,,,,,
Subir,EV,Blq. 1,Divisible,,"224,0","1,10","224,0","1,10","224,0","1,10","224,0","1,10","224,0","1,10","224,0","1,10","224,0","1,10","224,0","1,10","112,0","1,10","112,0","1,10","112,0","1,10","112,0","1,10","112,0","1,10","112,0","1,10","112,0","1,10","112,0","1,10","112,0","1,10","112,0","1,10","112,0","1,10","112,0","1,10","112,0","1,10","112,0","1,10","112,0","1,10","112,0","1,10","224,0","1,10","224,0","1,10","224,0","1,10","224,0","1,10","274,0","1,10","274,0","1,10","274,0","1,10","274,0","1,10","50,0","1,10","50,0","1,10","40,0","1,40","40,0","1,40","40,0","1,40","40,0","1,40","40,0","1,40","20,0","1,60","60,0","1,60","40,0","1,80","40,0","1,80","40,0","1,80","40,0","1,90","40,0","1,90","40,0","1,90","40,0","1,90","40,0","1,90","40,0","1,90","40,0","1,90","40,0","1,90","40,0","1,90","40,0","1,90","40,0","1,90","40,0","1,90","40,0","1,90","40,0","1,90","40,0","1,90","40,0","1,90","40,0","1,90","40,0","1,90","40,0","1,90","40,0","1,90","40,0","1,90","40,0","1,90","40,0","1,90","40,0","1,90","20,0","1,60","20,0","1,60","20,0","1,60","20,0","1,60","20,0","1,60","20,0","1,60","20,0","1,60","20,0","1,60","20,0","1,60","20,0","1,60","50,0","3,20","50,0","1,60","50,0","1,60","274,0","1,60","274,0","1,60","274,0","1,60","274,0","1,60","274,0","1,60","274,0","1,60","274,0","1,60","224,0","1,60","224,0","1,60","224,0","1,60","224,0","1,60","224,0","1,60","224,0","1,60","224,0","1,60","224,0","1,60"
Subir,EV,Blq. 2,Divisible,,"25,0","8,00","25,0","8,50","50,0","7,00","50,0","5,30","50,0","7,40","50,0","6,30","50,0","5,50","50,0","4,60","50,0","4,90","50,0","4,60","50,0","4,50","50,0","4,30","50,0","4,40","50,0","4,20","50,0","4,20","50,0","4,50","50,0","4,60","50,0","4,60","50,0","4,60","50,0","4,60","50,0","4,60","50,0","4,60","50,0","4,60","50,0","4,60","50,0","4,60","50,0","4,70","50,0","4,70","50,0","4,20","10,0","30,20","10,0","31,00","40,0","4,80","40,0","1,40","224,0","1,90","224,0","2,40","30,0","1,50","30,0","1,50","30,0","1,50","30,0","1,50","30,0","1,50","40,0","1,70","30,0","1,70","30,0","1,90","30,0","1,90","30,0","1,90","30,0","2,00","30,0","2,00","30,0","2,00","30,0","2,00","30,0","2,00","30,0","2,00","30,0","2,00","30,0","2,00","30,0","2,00","30,0","2,00","30,0","2,00","30,0","2,00","30,0","2,00","30,0","2,00","30,0","2,00","30,0","2,00","30,0","2,00","30,0","2,00","30,0","2,00","30,0","2,00","30,0","2,00","30,0","2,00","30,0","2,00","30,0","2,00","40,0","1,90","40,0","1,90","40,0","1,90","40,0","1,90","40,0","1,80","40,0","1,80","40,0","1,80","40,0","1,70","24,0","5,10","23,0","9,10","224,0","9,10","224,0","3,80","224,0","3,50","50,0","2,70","50,0","4,50","50,0","6,80","50,0","6,60","50,0","7,40","50,0","9,40","50,0","9,10","25,0","6,90","25,0","6,90","25,0","5,90","25,0","7,50","25,0","7,50","50,0","8,10","50,0","8,30","50,0","7,40"
Subir,EV,Blq. 3,Divisible,,"25,0","9,00","50,0","8,60","40,0","7,10","40,0","5,40","40,0","7,50","40,0","6,40","40,0","5,60","40,0","4,70","40,0","5,00","40,0","4,70","40,0","4,60","40,0","4,40","40,0","4,50","40,0","4,30","40,0","4,30","40,0","4,60","40,0","4,70","40,0","4,70","40,0","4,70","40,0","4,70","40,0","4,70","40,0","4,70","40,0","4,70","40,0","4,70","40,0","4,70","40,0","4,80","40,0","4,80","40,0","4,30",,,,,"30,0","4,90","30,0","1,50","40,0","6,30","40,0","4,70","20,0","1,60","20,0","1,60","70,0","1,60","40,0","1,60","40,0","1,60","30,0","1,80","20,0","1,80","20,0","2,00","20,0","2,00","20,0","2,00","20,0","2,10","20,0","2,10","20,0","2,10","20,0","2,10","20,0","2,10","20,0","2,10","20,0","2,10","20,0","2,10","20,0","2,10","20,0","2,10","20,0","2,10","20,0","2,10","20,0","2,10","20,0","2,10","20,0","2,10","20,0","2,10","20,0","2,10","20,0","2,10","20,0","2,10","20,0","2,10","20,0","2,10","20,0","2,10","20,0","2,10","20,0","2,10","30,0","2,00","30,0","2,00","30,0","2,00","30,0","2,00","30,0","1,90","30,0","1,90","30,0","1,90","30,0","1,80","24,0","5,60","23,0","9,60","20,0","16,00","17,0","21,00","4,0","21,60","40,0","2,80","40,0","4,60","40,0","6,90","40,0","6,70","40,0","7,50","40,0","9,50","40,0","9,20","25,0","7,90","25,0","7,90","25,0","6,90","25,0","8,50","25,0","8,50","40,0","8,20","40,0","8,40","40,0","7,50"
Subir,EV,Blq. 4,Divisible,,"50,0","9,80","40,0","8,70","30,0","7,20","30,0","5,50","30,0","7,60","30,0","6,50","30,0","5,70","30,0","4,80","30,0","5,10","30,0","4,80","30,0","4,70","30,0","4,50","30,0","4,60","30,0","4,40","30,0","4,40","30,0","4,70","30,0","4,80","30,0","4,80","30,0","4,80","30,0","4,80","30,0","4,80","30,0","4,80","30,0","4,80","30,0","4,80","30,0","4,80","30,0","4,90","30,0","4,90","30,0","4,40",,,,,"20,0","5,00","20,0","1,60","30,0","6,40","30,0","4,80","50,0","2,00","50,0","3,00","112,0","14,70","50,0","4,00","26,0","9,50","20,0","1,90","29,0","6,50","20,0","2,60","20,0","2,60","20,0","2,60","20,0","2,60","20,0","2,60","20,0","2,60","20,0","2,60","20,0","2,60","20,0","2,60","20,0","2,60","20,0","2,60","20,0","2,60","20,0","2,60","20,0","2,60","20,0","2,60","20,0","2,60","20,0","2,60","20,0","2,60","20,0","2,60","20,0","2,60","20,0","2,60","20,0","2,60","20,0","2,60","20,0","2,60","20,0","2,60","20,0","2,60","20,0","2,60","20,0","2,10","20,0","2,10","20,0","2,10","20,0","2,10","20,0","2,00","20,0","2,00","20,0","2,00","20,0","1,90","24,0","6,10","23,0","10,10","20,0","16,50","17,0","21,50","4,0","22,10","30,0","2,90","30,0","4,70","30,0","7,00","30,0","6,80","30,0","7,60","30,0","9,60","30,0","9,30","50,0","12,60","50,0","12,60","50,0","15,10","50,0","11,00","50,0","11,00","30,0","8,30","30,0","8,50","30,0","7,60"
Subir,EV,Blq. 5,Divisible,,"40,0","9,90","30,0","8,80","110,0","7,40","110,0","5,80","110,0","7,90","110,0","6,80","110,0","6,00","110,0","5,10","25,0","10,00","25,0","10,10","25,0","10,10","25,0","10,20","25,0","10,10","25,0","10,20","25,0","10,20","25,0","10,10","25,0","10,10","25,0","10,10","25,0","10,10","25,0","10,10","25,0","10,10","25,0","10,10","25,0","10,10","25,0","10,10","25,0","10,10","25,0","10,00","25,0","10,00","25,0","10,20",,,,,"10,0","31,80","10,0","36,20","20,0","6,50","20,0","4,90","224,0","12,50","224,0","15,20","112,0","20,10","23,0","14,00","26,0","10,00","28,0","5,20","29,0","7,00","30,0","5,10","30,0","5,10","30,0","5,10","30,0","5,10","30,0","5,10","31,0","5,10","31,0","5,10","31,0","5,10","31,0","5,10","30,0","5,10","30,0","5,10","30,0","5,10","30,0","5,10","30,0","5,10","30,0","5,10","30,0","5,10","30,0","5,10","30,0","5,10","30,0","5,10","30,0","5,10","30,0","5,10","30,0","5,10","30,0","5,10","30,0","5,10","30,0","5,10","29,0","5,10","29,0","5,10","29,0","5,10","29,0","5,10","29,0","5,10","29,0","5,10","28,0","5,10","28,0","5,10","27,0","5,10","25,0","5,10","24,0","6,60","23,0","10,60","20,0","17,00","17,0","22,00","4,0","22,60","10,0","32,10","10,0","30,30","10,0","28,00","10,0","28,20","10,0","27,30","10,0","25,30","10,0","25,70","40,0","12,70","40,0","12,70","40,0","15,20","40,0","11,10","40,0","11,10","25,0","8,70","25,0","8,60","25,0","8,90"
Subir,EV,Blq. 6,Divisible,,"30,0","10,00","110,0","9,00","25,0","9,10","25,0","9,80","25,0","8,90","25,0","9,40","25,0","9,70","25,0","10,10","112,0","10,70","112,0","10,80","112,0","10,80","112,0","10,90","112,0","10,80","112,0","10,90","112,0","10,90","112,0","10,80","112,0","10,80","112,0","10,80","112,0","10,80","112,0","10,80","112,0","10,80","112,0","10,80","112,0","10,80","112,0","10,80","25,0","11,10","25,0","11,00","25,0","11,00","25,0","11,20",,,,,,,,,"10,0","30,30","4,0","29,70","14,0","21,40","18,0","19,00","21,0","20,30","23,0","14,50","26,0","10,50","28,0","5,70","29,0","7,50","30,0","5,60","30,0","5,60","30,0","5,60","30,0","5,60","30,0","5,60","31,0","5,60","31,0","5,60","31,0","5,60","31,0","5,60","30,0","5,60","30,0","5,60","30,0","5,60","30,0","5,60","30,0","5,60","30,0","5,60","30,0","5,60","30,0","5,60","30,0","5,60","30,0","5,60","30,0","5,60","30,0","5,60","30,0","5,60","30,0","5,60","30,0","5,60","30,0","5,60","29,0","5,60","29,0","5,60","29,0","5,60","29,0","5,60","29,0","5,60","29,0","5,60","28,0","5,60","28,0","5,60","27,0","5,60","25,0","5,60","204,0","20,90","204,0","16,90","20,0","17,50","17,0","22,50","4,0","23,10",,,,,,,,,,,,,,,"30,0","12,80","30,0","12,80","30,0","15,30","30,0","11,20","30,0","11,20","25,0","9,70","25,0","9,60","25,0","9,90"
Subir,EV,Blq. 7,Divisible,,"110,0","10,30","25,0","9,50","25,0","10,10","25,0","10,80","25,0","9,90","25,0","10,40","25,0","10,70","25,0","11,10","25,0","11,00","25,0","11,10","25,0","11,10","25,0","11,20","25,0","11,10","25,0","11,20","25,0","11,20","25,0","11,10","25,0","11,10","25,0","11,10","25,0","11,10","25,0","11,10","25,0","11,10","25,0","11,10","25,0","11,10","25,0","11,10","10,0","30,20","10,0","30,10","10,0","30,10","10,0","30,60",,,,,,,,,,,"4,0","30,20","14,0","21,90","18,0","19,50","21,0","20,80","23,0","15,00","26,0","11,00","28,0","6,20","29,0","8,00","30,0","6,10","30,0","6,10","30,0","6,10","30,0","6,10","30,0","6,10","31,0","6,10","31,0","6,10","31,0","6,10","31,0","6,10","30,0","6,10","30,0","6,10","30,0","6,10","30,0","6,10","30,0","6,10","30,0","6,10","30,0","6,10","30,0","6,10","30,0","6,10","30,0","6,10","30,0","6,10","30,0","6,10","30,0","6,10","30,0","6,10","30,0","6,10","30,0","6,10","29,0","6,10","29,0","6,10","29,0","6,10","29,0","6,10","29,0","6,10","29,0","6,10","28,0","6,10","28,0","6,10","27,0","6,10","25,0","6,10","25,0","21,50","25,0","18,90","10,0","45,50","10,0","40,50","10,0","39,90",,,,,,,,,,,,,,,"10,0","22,10","10,0","22,20","10,0","19,60","10,0","23,70","10,0","23,70","10,0","26,70","10,0","26,50","10,0","27,30"
Subir,EV,Blq. 8,Divisible,,"10,0","24,90","10,0","26,20","10,0","27,80","10,0","29,50","10,0","27,30","10,0","28,50","10,0","29,30","10,0","30,20","10,0","29,90","10,0","30,20","10,0","30,20","10,0","30,50","10,0","30,30","10,0","30,60","10,0","30,60","10,0","30,20","10,0","30,20","10,0","30,20","10,0","30,20","10,0","30,20","10,0","30,20","10,0","30,20","10,0","30,20","10,0","30,20",,,,,,,,,,,,,,,,,,,"4,0","30,70","14,0","22,40","18,0","20,00","21,0","21,30","23,0","15,50","92,0","18,60","28,0","6,70","92,0","19,60","30,0","6,60","30,0","6,60","30,0","6,60","30,0","6,60","30,0","6,60","31,0","6,60","31,0","6,60","31,0","6,60","31,0","6,60","30,0","6,60","30,0","6,60","30,0","6,60","30,0","6,60","30,0","6,60","30,0","6,60","30,0","6,60","30,0","6,60","30,0","6,60","30,0","6,60","30,0","6,60","30,0","6,60","30,0","6,60","30,0","6,60","30,0","6,60","30,0","6,60","29,0","6,60","29,0","6,60","29,0","6,60","29,0","6,60","29,0","6,60","29,0","6,60","28,0","6,60","28,0","6,60","27,0","6,60","25,0","6,60","25,0","22,50","25,0","19,90",,,,,,,,,,,,,,,,,,,,,,,,,,,,,,,,,,,,
Subir,EV,Blq. 9,Divisible,,,,,,,,,,,,,,,,,,,,,,,,,,,,,,,,,,,,,,,,,,,,,,,,,,,,,,,,,,,,,,,,,,,,"4,0","31,20","14,0","22,90","18,0","20,50","21,0","21,80","92,0","16,90","25,0","18,80","92,0","20,10","25,0","20,00","92,0","21,20","92,0","21,30","92,0","21,30","92,0","21,40","92,0","21,40","92,0","21,40","92,0","21,40","92,0","21,40","92,0","21,40","92,0","21,40","92,0","21,40","92,0","21,40","92,0","21,40","92,0","21,40","92,0","21,40","92,0","21,40","92,0","21,40","92,0","21,40","92,0","21,40","92,0","21,40","92,0","21,40","92,0","21,40","92,0","21,40","92,0","21,40","92,0","21,40","92,0","21,40","92,0","21,40","92,0","21,40","92,0","21,40","92,0","21,40","92,0","21,40","92,0","21,40","92,0","21,40","92,0","21,30","92,0","20,50","10,0","58,60","10,0","52,40",,,,,,,,,,,,,,,,,,,,,,,,,,,,,,,,,,,,
Subir,EV,Blq.10,Divisible,,,,,,,,,,,,,,,,,,,,,,,,,,,,,,,,,,,,,,,,,,,,,,,,,,,,,,,,,,,,,,,,,,,,"10,0","31,80","10,0","40,10","10,0","42,50","10,0","41,20","112,0","22,30","25,0","19,80","25,0","20,50","25,0","21,00","25,0","21,70","25,0","21,90","25,0","21,90","25,0","22,00","25,0","22,00","25,0","22,00","25,0","22,00","25,0","22,00","25,0","22,00","25,0","22,00","25,0","22,00","25,0","22,00","25,0","22,00","25,0","22,00","25,0","22,00","25,0","22,00","25,0","22,00","25,0","22,00","25,0","22,00","25,0","22,00","25,0","22,00","25,0","22,00","25,0","22,00","25,0","22,00","25,0","22,00","25,0","22,00","25,0","22,00","25,0","22,00","25,0","22,00","25,0","22,00","25,0","21,90","25,0","21,90","25,0","21,90","25,0","21,80","25,0","21,00",,,,,,,,,,,,,,,,,,,,,,,,,,,,,,,,,,,,,,,,
Subir,EV,Blq.11,Divisible,,,,,,,,,,,,,,,,,,,,,,,,,,,,,,,,,,,,,,,,,,,,,,,,,,,,,,,,,,,,,,,,,,,,,,,,,,,,"10,0","47,50","112,0","23,90","25,0","21,50","112,0","25,00","25,0","22,70","25,0","22,90","25,0","22,90","25,0","23,00","25,0","23,00","25,0","23,00","25,0","23,00","25,0","23,00","25,0","23,00","25,0","23,00","25,0","23,00","25,0","23,00","25,0","23,00","25,0","23,00","25,0","23,00","25,0","23,00","25,0","23,00","25,0","23,00","25,0","23,00","25,0","23,00","25,0","23,00","25,0","23,00","25,0","23,00","25,0","23,00","25,0","23,00","25,0","23,00","25,0","23,00","25,0","23,00","25,0","23,00","25,0","23,00","25,0","22,90","25,0","22,90","25,0","22,90","25,0","22,80","25,0","22,00",,,,,,,,,,,,,,,,,,,,,,,,,,,,,,,,,,,,,,,,
Subir,EV,Blq.12,Divisible,,,,,,,,,,,,,,,,,,,,,,,,,,,,,,,,,,,,,,,,,,,,,,,,,,,,,,,,,,,,,,,,,,,,,,,,,,,,,,"10,0","52,00","112,0","25,50","10,0","55,00","112,0","26,50","112,0","26,70","112,0","26,70","112,0","26,80","112,0","26,80","112,0","26,80","112,0","26,80","112,0","26,80","112,0","26,80","112,0","26,80","112,0","26,80","112,0","26,80","112,0","26,80","112,0","26,80","112,0","26,80","112,0","26,80","112,0","26,80","112,0","26,80","112,0","26,80","112,0","26,80","112,0","26,80","112,0","26,80","112,0","26,80","112,0","26,80","112,0","26,80","112,0","26,80","112,0","26,80","112,0","26,80","112,0","26,80","112,0","26,80","112,0","26,70","112,0","26,70","112,0","26,70","112,0","26,60","112,0","25,90",,,,,,,,,,,,,,,,,,,,,,,,,,,,,,,,,,,,,,,,
Subir,EV,Blq.13,Divisible,,,,,,,,,,,,,,,,,,,,,,,,,,,,,,,,,,,,,,,,,,,,,,,,,,,,,,,,,,,,,,,,,,,,,,,,,,,,,,,,"10,0","56,30",,,"10,0","59,20","10,0","59,60","10,0","59,80","10,0","60,00","10,0","60,00","10,0","60,00","10,0","60,00","10,0","60,00","10,0","60,00","10,0","60,00","10,0","60,00","10,0","60,00","10,0","60,00","10,0","60,00","10,0","60,00","10,0","60,00","10,0","60,00","10,0","60,00","10,0","60,00","10,0","60,00","10,0","60,00","10,0","60,00","10,0","60,00","10,0","60,00","10,0","60,00","10,0","60,00","10,0","60,00","10,0","60,00","10,0","60,00","10,0","60,00","10,0","59,90","10,0","59,80","10,0","59,80","10,0","59,60","10,0","57,40",,,,,,,,,,,,,,,,,,,,,,,,,,,,,,,,,,,,,,,,
Subir,EVM,Blq. 1,Indivisible,,,,,,,,,,,,,,,,,,,,,,,,,,,,,,,,,,,,,,,,,,,,,,,,,,,,,,,,,,,,,,,,,,,,,,,,,,,,,,,,,,"154,0","4,82","159,0","0,75","161,0","0,38","163,0","0,28","164,0","0,00","165,0","0,00","166,0","0,00","166,0","0,00","167,0","0,00","167,0","0,00","167,0","0,00","167,0","0,00","167,0","0,00","167,0","0,00","166,0","0,00","166,0","0,00","166,0","0,00","166,0","0,00","166,0","0,00","166,0","0,00","166,0","0,00","166,0","0,00","165,0","0,00","165,0","0,00","164,0","0,00","164,0","0,00","163,0","0,00","162,0","0,00","161,0","0,00","159,0","0,00","157,0","0,00","154,0","0,15","148,0","0,20","142,0","0,22","135,0","0,42","127,0","2,55",,,,,,,,,,,,,,,,,,,,,,,,,,,,,,,,,,,,,,,,
Subir,GAL,Blq. 1,Divisible,,,,,,,,,,,,,,,,,,,,,,,,,,,,,,,,,,,,,,,,,,,,,,,,,,,,,,,,,,,,,,,,,,,,,,,,,,,,,,,,,,,,,,"32,0","0,37","33,0","0,24","33,0","0,19","33,0","0,19","34,0","0,19","34,0","0,19","34,0","0,19","34,0","0,19","34,0","0,19","34,0","0,19","34,0","0,19","35,0","0,19","35,0","0,19","35,0","0,19","35,0","0,19","35,0","0,19","35,0","0,19","35,0","0,19","35,0","0,19","35,0","0,19","35,0","0,19","34,0","0,19","34,0","0,19","33,0","0,19","33,0","0,19","32,0","0,19","31,0","0,19","30,0","0,19","29,0","0,19","28,0","0,19","27,0","0,19","26,0","0,21",,,,,,,,,,,,,,,,,,,,,,,,,,,,,,,,,,,,,,,,,,,,
Subir,GAL,Blq. 2,Divisible,,,,,,,,,,,,,,,,,,,,,,,,,,,,,,,,,,,,,,,,,,,,,,,,,,,,,,,,,,,,,,,,,,,,,,,,,,,,,,,,,,,,,,"32,0","0,57","33,0","0,44","33,0","0,39","33,0","0,39","34,0","0,39","34,0","0,39","34,0","0,39","34,0","0,39","34,0","0,39","34,0","0,39","34,0","0,39","35,0","0,39","35,0","0,39","35,0","0,39","35,0","0,39","35,0","0,39","35,0","0,39","35,0","0,39","35,0","0,39","35,0","0,39","35,0","0,39","34,0","0,39","34,0","0,39","33,0","0,39","33,0","0,39","32,0","0,39","31,0","0,39","30,0","0,39","29,0","0,39","28,0","0,39","27,0","0,39","26,0","0,41",,,,,,,,,,,,,,,,,,,,,,,,,,,,,,,,,,,,,,,,,,,,
Subir,GAL,Blq. 3,Divisible,,,,,,,,,,,,,,,,,,,,,,,,,,,,,,,,,,,,,,,,,,,,,,,,,,,,,,,,,,,,,,,,,,,,,,,,,,,,,,,,,,,,,,"32,0","0,77","33,0","0,64","33,0","0,59","33,0","0,59","34,0","0,59","34,0","0,59","34,0","0,59","34,0","0,59","34,0","0,59","34,0","0,59","34,0","0,59","35,0","0,59","35,0","0,59","35,0","0,59","35,0","0,59","35,0","0,59","35,0","0,59","35,0","0,59","35,0","0,59","35,0","0,59","35,0","0,59","34,0","0,59","34,0","0,59","33,0","0,59","33,0","0,59","32,0","0,59","31,0","0,59","30,0","0,59","29,0","0,59","28,0","0,59","27,0","0,59","26,0","0,61",,,,,,,,,,,,,,,,,,,,,,,,,,,,,,,,,,,,,,,,,,,,
Subir,GAL,Blq. 4,Divisible,,,,,,,,,,,,,,,,,,,,,,,,,,,,,,,,,,,,,,,,,,,,,,,,,,,,,,,,,,,,,,,,,,,,,,,,,,,,,,,,,,,,,,"32,0","0,97","33,0","0,84","33,0","0,79","33,0","0,79","34,0","0,79","34,0","0,79","34,0","0,79","34,0","0,79","34,0","0,79","34,0","0,79","34,0","0,79","35,0","0,79","35,0","0,79","35,0","0,79","35,0","0,79","35,0","0,79","35,0","0,79","35,0","0,79","35,0","0,79","35,0","0,79","35,0","0,79","34,0","0,79","34,0","0,79","33,0","0,79","33,0","0,79","32,0","0,79","31,0","0,79","30,0","0,79","29,0","0,79","28,0","0,79","27,0","0,79","26,0","0,81",,,,,,,,,,,,,,,,,,,,,,,,,,,,,,,,,,,,,,,,,,,,
Subir,GAL,Blq. 5,Divisible,,,,,,,,,,,,,,,,,,,,,,,,,,,,,,,,,,,,,,,,,,,,,,,,,,,,,,,,,,,,,,,,,,,,,,,,,,,,,,,,,,,,,,"35,0","1,17","33,0","1,04","35,0","0,99","37,0","0,99","34,0","0,99","35,0","0,99","35,0","0,99","36,0","0,99","36,0","0,99","37,0","0,99","38,0","0,99","35,0","0,99","36,0","0,99","36,0","0,99","37,0","0,99","37,0","0,99","38,0","0,99","38,0","0,99","37,0","0,99","36,0","0,99","35,0","0,99","37,0","0,99","35,0","0,99","37,0","0,99","33,0","0,99","34,0","0,99","34,0","0,99","33,0","0,99","33,0","0,99","32,0","0,99","30,0","0,99","28,0","1,01",,,,,,,,,,,,,,,,,,,,,,,,,,,,,,,,,,,,,,,,,,,,
Subir,GDF,Blq. 1,Divisible,,,,"80,0","0,00","80,0","0,00","80,0","0,00","80,0","0,00","80,0","0,00","80,0","0,00","80,0","0,00","80,0","0,00","80,0","0,00","80,0","0,00","80,0","0,00","80,0","0,00","80,0","0,00","80,0","0,00","80,0","0,00","80,0","0,00","80,0","0,00","80,0","0,00","80,0","0,00","80,0","0,00","80,0","0,00","80,0","0,00","80,0","0,00","80,0","0,00","80,0","0,00","80,0","0,00","80,0","0,00","80,0","0,00","80,0","0,00","80,0","0,00","80,0","0,00","80,0","0,00","80,0","0,00","80,0","0,00","80,0","0,00","80,0","0,00","80,0","0,00","80,0","0,00","80,0","0,00","80,0","0,00","80,0","0,00","80,0","0,00","80,0","0,00","80,0","0,00","80,0","0,00","80,0","0,00","80,0","0,00","80,0","0,00","80,0","0,00","80,0","0,00","80,0","0,00","80,0","0,00","80,0","0,00","80,0","0,00","80,0","0,00","80,0","0,00","80,0","0,00","80,0","0,00","80,0","0,00","80,0","0,00","80,0","0,00","80,0","0,00","80,0","0,00","80,0","0,00","80,0","0,00","80,0","0,00","80,0","0,00","80,0","0,00","80,0","0,00","80,0","0,00","80,0","0,00","80,0","0,00","80,0","0,00","80,0","0,00","80,0","0,00","80,0","0,00","80,0","0,00","80,0","0,00",,,,,,,,,,,,,,,,,,,,,,,,,,,,,,,,,,
Subir,GN,Blq. 1,Divisible,,"1,0","3,32","1,0","2,18","1,0","0,75","1,0","0,75","1,0","0,75","1,0","0,75","1,0","0,75","1,0","0,75","2,0","0,75","2,0","0,75","2,0","0,75","2,0","0,75","3,0","0,75","3,0","0,75","3,0","0,75","3,0","0,75","4,0","0,75","4,0","0,75","4,0","0,75","4,0","0,75","4,0","0,75","4,0","0,75","4,0","0,75","4,0","0,75","4,0","0,75","4,0","0,75","4,0","0,75","4,0","0,75","12,0","0,75","12,0","0,75","12,0","0,75","9,0","0,75","24,0","0,75","24,0","0,75","12,0","0,75","12,0","0,75","12,0","0,75","12,0","0,75","12,0","0,75","12,0","0,75","12,0","0,75","12,0","0,75","12,0","0,75","12,0","0,75","12,0","0,75","12,0","0,75","12,0","0,75","12,0","0,75","12,0","0,75","12,0","0,75","12,0","0,75","12,0","0,75","12,0","0,75","12,0","0,75","12,0","0,75","12,0","0,75","12,0","0,75","12,0","0,75","12,0","0,75","12,0","0,75","12,0","0,75","12,0","0,75","12,0","0,75","12,0","0,75","12,0","0,75","12,0","0,75","12,0","0,75","12,0","0,75","12,0","0,75","12,0","0,75","12,0","0,75","12,0","0,75","12,0","0,75","12,0","0,75","12,0","0,75","12,0","0,75","12,0","0,75","12,0","0,75","12,0","0,75","12,0","0,75","3,0","0,75","6,0","0,75","6,0","0,75","6,0","0,75","1,0","0,75","1,0","0,75","33,0","4,76","33,0","5,03","0,0","0,00","0,0","0,00","0,0","0,00","33,0","5,58","0,0","0,00","1,0","5,64","33,0","5,55","1,0","0,75"
Subir,GN,Blq. 2,Divisible,,"33,0","4,50","1,0","3,65","1,0","2,43","1,0","2,43","1,0","2,43","1,0","2,43","1,0","2,43","1,0","2,43","2,0","2,43","2,0","2,43","2,0","2,43","2,0","2,43","3,0","2,43","3,0","2,43","3,0","2,43","3,0","2,43","4,0","2,43","4,0","2,43","4,0","2,43","4,0","2,43","4,0","2,43","4,0","2,43","4,0","2,43","4,0","2,43","4,0","2,43","4,0","2,43","4,0","2,43","4,0","2,43","12,0","2,43","12,0","2,43","12,0","2,43","3,0","0,90","24,0","2,43","24,0","2,43","6,0","1,18","6,0","1,40","6,0","1,28","6,0","1,84","18,0","2,43","12,0","2,43","18,0","2,52","12,0","2,43","12,0","2,43","12,0","2,43","12,0","2,43","12,0","2,43","12,0","2,43","12,0","2,43","12,0","2,43","12,0","2,43","12,0","2,43","12,0","2,43","12,0","2,43","12,0","2,43","12,0","2,43","12,0","2,43","12,0","2,43","12,0","2,43","12,0","2,43","12,0","2,43","12,0","2,43","12,0","2,43","12,0","2,43","12,0","2,43","12,0","2,43","12,0","2,43","12,0","2,43","12,0","2,43","12,0","2,43","12,0","2,43","12,0","2,43","12,0","2,43","12,0","2,43","12,0","2,43","12,0","2,43","12,0","2,43","12,0","2,43","18,0","2,43","6,0","1,67","12,0","1,26","3,0","1,45","6,0","2,43","6,0","2,43","6,0","2,43","1,0","2,43","1,0","2,43","19,0","5,31","19,0","5,67","14,0","5,66","14,0","5,68","14,0","4,05","19,0","6,44","33,0","5,58","33,0","5,67","1,0","5,81","1,0","3,14"
Subir,GN,Blq. 3,Divisible,,"1,0","4,63","1,0","5,12","1,0","4,11","1,0","4,11","1,0","4,11","1,0","4,11","1,0","4,11","1,0","4,11","2,0","4,11","2,0","4,11","2,0","4,11","2,0","4,11","3,0","4,11","3,0","4,11","3,0","4,11","3,0","4,11","4,0","4,11","4,0","4,11","4,0","4,11","4,0","4,11","4,0","4,11","4,0","4,11","4,0","4,11","4,0","4,11","4,0","4,11","4,0","4,11","4,0","4,11","4,0","4,11","12,0","4,11","12,0","4,11","12,0","4,11","9,0","2,43","24,0","4,11","24,0","4,11","6,0","1,22","6,0","1,55","6,0","1,37","18,0","2,43","6,0","2,81","6,0","2,64","6,0","3,21","6,0","2,90","6,0","2,94","6,0","2,95","6,0","2,97","6,0","2,97","6,0","2,97","6,0","2,97","6,0","2,97","6,0","2,97","6,0","2,97","6,0","2,97","6,0","2,97","6,0","2,97","6,0","2,97","6,0","2,97","6,0","2,97","6,0","2,97","6,0","2,97","6,0","2,97","6,0","2,97","6,0","2,97","6,0","2,97","6,0","2,97","6,0","2,97","6,0","2,97","6,0","2,97","6,0","2,97","6,0","2,97","6,0","2,97","6,0","2,97","6,0","2,96","6,0","2,96","6,0","2,95","6,0","2,93","6,0","2,74","6,0","2,85","6,0","2,77","6,0","1,89","12,0","2,43","3,0","2,43","6,0","4,11","6,0","4,11","6,0","4,11","1,0","4,11","1,0","4,11","7,0","6,49","1,0","6,56","1,0","9,74","1,0","9,71","1,0","11,99","14,0","6,69","19,0","6,44","19,0","6,57","19,0","6,39","1,0","5,53"
Subir,GN,Blq. 4,Divisible,,"19,0","4,94","33,0","5,36","1,0","5,79","1,0","5,79","1,0","5,79","1,0","5,79","1,0","5,79","1,0","5,79","2,0","5,79","2,0","5,79","2,0","5,79","2,0","5,79","3,0","5,79","3,0","5,79","3,0","5,79","3,0","5,79","4,0","5,79","4,0","5,79","4,0","5,79","4,0","5,79","4,0","5,79","4,0","5,79","4,0","5,79","4,0","5,79","4,0","5,79","4,0","5,79","4,0","5,79","4,0","5,79","12,0","5,79","12,0","5,79","12,0","5,79","3,0","2,56","24,0","5,79","24,0","5,79","12,0","2,43","12,0","2,43","12,0","2,43","6,0","3,36","6,0","3,71","6,0","3,39","18,0","4,11","6,0","3,77","18,0","4,11","18,0","4,11","18,0","4,11","18,0","4,11","18,0","4,11","18,0","4,11","18,0","4,11","18,0","4,11","18,0","4,11","18,0","4,11","18,0","4,11","18,0","4,11","18,0","4,11","18,0","4,11","18,0","4,11","18,0","4,11","18,0","4,11","18,0","4,11","18,0","4,11","18,0","4,11","18,0","4,11","18,0","4,11","18,0","4,11","18,0","4,11","18,0","4,11","18,0","4,11","18,0","4,11","18,0","4,11","18,0","4,11","18,0","4,11","6,0","3,73","6,0","3,72","6,0","3,69","6,0","3,42","6,0","3,58","6,0","3,75","12,0","2,43","12,0","2,87","3,0","3,03","6,0","5,79","6,0","5,79","6,0","5,79","1,0","5,79","1,0","5,79","33,0","6,66","33,0","6,92","1,0","10,85","1,0","10,82","1,0","12,78","1,0","8,29","14,0","6,69","1,0","7,33","33,0","7,44","33,0","6,13"
Subir,GN,Blq. 5,Divisible,,"1,0","5,94","19,0","6,14","33,0","6,45","1,0","7,47","33,0","6,13","33,0","6,89","33,0","7,45","1,0","7,47","2,0","7,47","2,0","7,47","2,0","7,47","2,0","7,47","3,0","7,47","3,0","7,47","3,0","7,47","3,0","7,47","4,0","7,47","4,0","7,47","4,0","7,47","4,0","7,47","4,0","7,47","4,0","7,47","4,0","7,47","4,0","7,47","4,0","7,47","4,0","7,47","4,0","7,47","4,0","7,47","12,0","7,47","12,0","7,47","12,0","7,47","9,0","4,11","24,0","7,47","24,0","7,47","6,0","2,80","6,0","2,99","6,0","2,88","6,0","3,68","18,0","4,19","18,0","4,11","6,0","4,54","18,0","4,27","6,0","4,31","6,0","4,31","6,0","4,33","6,0","4,33","6,0","4,33","6,0","4,33","6,0","4,33","6,0","4,33","6,0","4,33","6,0","4,33","6,0","4,33","6,0","4,33","6,0","4,33","6,0","4,33","6,0","4,33","6,0","4,33","6,0","4,33","6,0","4,33","6,0","4,33","6,0","4,33","6,0","4,33","6,0","4,33","6,0","4,33","6,0","4,33","6,0","4,33","6,0","4,33","6,0","4,33","6,0","4,33","6,0","4,33","6,0","4,32","12,0","4,11","12,0","4,11","12,0","4,11","18,0","4,13","18,0","4,23","18,0","4,16","6,0","3,22","12,0","4,11","3,0","4,11","6,0","7,47","6,0","7,47","33,0","6,60","33,0","6,72","33,0","6,13","1,0","6,91","7,0","6,99","1,0","11,96","1,0","11,93","1,0","13,57","1,0","9,61","1,0","8,26","33,0","7,57","1,0","7,48","19,0","7,20"
Subir,GN,Blq. 6,Divisible,,"7,0","5,99","1,0","6,59","1,0","7,47","33,0","7,58","19,0","7,20","1,0","7,47","1,0","7,47","33,0","8,07","33,0","7,88","33,0","8,09","33,0","8,10","33,0","8,29","33,0","8,17","33,0","8,34","33,0","8,34","33,0","8,10","33,0","8,09","33,0","8,07","33,0","8,07","33,0","8,07","33,0","8,09","33,0","8,09","33,0","8,07","33,0","8,09","33,0","8,07","33,0","8,02","33,0","8,02","33,0","8,34","33,0","8,09","33,0","8,60","12,0","9,15","3,0","4,22","33,0","8,15","24,0","9,15","6,0","2,83","6,0","3,11","6,0","2,96","12,0","4,11","6,0","5,17","6,0","4,69","6,0","5,38","6,0","5,02","6,0","5,07","6,0","5,08","6,0","5,11","6,0","5,11","6,0","5,11","6,0","5,11","6,0","5,07","6,0","5,07","6,0","5,07","6,0","5,07","6,0","5,03","6,0","5,03","6,0","5,03","6,0","5,03","6,0","5,03","6,0","5,03","6,0","5,03","6,0","5,03","6,0","5,07","6,0","5,07","6,0","5,07","6,0","5,07","6,0","5,03","6,0","5,03","6,0","5,03","6,0","5,03","6,0","5,03","6,0","5,03","6,0","5,03","6,0","5,02","6,0","4,32","6,0","4,31","6,0","4,30","6,0","4,72","6,0","4,85","6,0","5,21","6,0","3,41","12,0","4,48","3,0","4,61","6,0","9,15","33,0","8,15","6,0","7,47","1,0","7,47","19,0","7,20","15,0","7,71","1,0","7,41","1,0","13,07","1,0","13,04","1,0","14,36","1,0","10,93","1,0","9,58","7,0","8,20","7,0","7,96","1,0","7,92"
Subir,GN,Blq. 7,Divisible,,"33,0","6,39","33,0","7,26","19,0","7,65","1,0","9,15","1,0","7,47","19,0","8,27","19,0","9,04","1,0","9,15","2,0","9,15","2,0","9,15","2,0","9,15","2,0","9,15","3,0","9,15","3,0","9,15","3,0","9,15","3,0","9,15","4,0","9,15","4,0","9,15","4,0","9,15","4,0","9,15","4,0","9,15","4,0","9,15","4,0","9,15","4,0","9,15","4,0","9,15","4,0","9,15","4,0","9,15","4,0","9,15","12,0","9,15","12,0","9,15","33,0","9,16","9,0","5,79","24,0","9,15","33,0","9,21","12,0","4,11","12,0","4,11","12,0","4,11","6,0","4,88","6,0","5,57","6,0","5,46","18,0","5,87","18,0","5,79","18,0","5,79","18,0","5,79","18,0","5,79","18,0","5,79","18,0","5,79","18,0","5,79","18,0","5,79","18,0","5,79","18,0","5,79","18,0","5,79","18,0","5,79","18,0","5,79","18,0","5,79","18,0","5,79","18,0","5,79","18,0","5,79","18,0","5,79","18,0","5,79","18,0","5,79","18,0","5,79","18,0","5,79","18,0","5,79","18,0","5,79","18,0","5,79","18,0","5,79","18,0","5,79","18,0","5,79","18,0","5,79","18,0","5,79","18,0","5,79","6,0","4,98","6,0","4,97","6,0","4,95","18,0","5,79","18,0","5,79","6,0","5,55","12,0","4,11","12,0","5,79","3,0","5,79","33,0","9,36","6,0","9,15","19,0","7,86","19,0","8,03","1,0","7,47","19,0","7,94","14,0","7,96","1,0","14,18","1,0","14,15","1,0","15,15","1,0","12,25","1,0","10,90","14,0","8,56","14,0","8,44","33,0","8,02"
Subir,GN,Blq. 8,Divisible,,"1,0","7,25","7,0","7,62","33,0","8,35","19,0","9,22","33,0","8,02","33,0","8,79","1,0","9,15","19,0","9,89","19,0","9,64","19,0","9,92","19,0","9,95","33,0","10,18","19,0","10,04","33,0","10,24","33,0","10,24","19,0","9,95","19,0","9,92","19,0","9,89","19,0","9,89","19,0","9,89","19,0","9,92","19,0","9,92","19,0","9,89","19,0","9,92","19,0","9,89","19,0","9,83","19,0","9,83","33,0","10,24","19,0","9,92","33,0","10,49","12,0","10,83","3,0","5,88","19,0","10,01","24,0","10,83","12,0","4,44","12,0","4,67","12,0","4,55","6,0","5,15","12,0","5,79","12,0","5,79","6,0","6,81","6,0","6,27","6,0","6,31","6,0","6,32","6,0","6,34","6,0","6,34","6,0","6,34","6,0","6,34","6,0","6,31","6,0","6,31","6,0","6,31","6,0","6,31","6,0","6,27","6,0","6,27","6,0","6,27","6,0","6,27","6,0","6,27","6,0","6,27","6,0","6,27","6,0","6,27","6,0","6,31","6,0","6,31","6,0","6,31","6,0","6,31","6,0","6,27","6,0","6,27","6,0","6,27","6,0","6,27","6,0","6,27","6,0","6,27","6,0","6,27","6,0","6,27","18,0","5,79","18,0","5,79","18,0","5,79","6,0","6,02","6,0","6,12","12,0","5,79","12,0","4,93","12,0","6,09","3,0","6,19","6,0","10,83","19,0","10,01","33,0","8,49","33,0","8,62","33,0","8,02","1,0","8,51","1,0","8,26","1,0","15,29","1,0","15,26","1,0","15,94","1,0","13,57","1,0","12,22","1,0","9,02","19,0","9,02","14,0","8,99"
Subir,GN,Blq. 9,Divisible,,"14,0","7,46","1,0","8,06","1,0","9,15","33,0","9,47","14,0","8,99","1,0","9,15","33,0","9,35","33,0","9,96","33,0","9,78","33,0","9,98","33,0","10,00","19,0","10,21","33,0","10,07","19,0","10,28","19,0","10,28","33,0","10,00","33,0","9,98","33,0","9,96","33,0","9,96","33,0","9,96","33,0","9,98","33,0","9,98","33,0","9,96","33,0","9,98","33,0","9,96","33,0","9,92","33,0","9,92","19,0","10,28","33,0","9,98","19,0","10,63","33,0","11,05","9,0","7,47","33,0","10,04","33,0","11,10","12,0","5,79","12,0","5,79","12,0","5,79","12,0","5,79","6,0","6,63","6,0","5,99","6,0","7,20","6,0","7,01","6,0","7,05","6,0","7,03","6,0","7,05","6,0","7,05","6,0","7,05","6,0","7,05","6,0","7,05","6,0","7,05","6,0","7,05","6,0","7,05","6,0","7,05","6,0","7,05","6,0","7,05","6,0","7,05","6,0","7,05","6,0","7,05","6,0","7,05","6,0","7,05","6,0","7,05","6,0","7,05","6,0","7,05","6,0","7,05","6,0","7,05","6,0","7,05","6,0","7,05","6,0","7,05","6,0","7,05","6,0","7,05","6,0","7,05","6,0","7,04","6,0","6,23","6,0","6,22","6,0","6,21","6,0","6,91","6,0","6,99","6,0","6,67","12,0","5,79","12,0","7,47","3,0","7,47","33,0","11,25","33,0","10,04","6,0","9,15","1,0","9,15","14,0","8,99","1,0","9,31","19,0","8,31","1,0","16,40","1,0","16,37","1,0","16,73","1,0","14,89","1,0","13,54","19,0","9,20","1,0","9,15","7,0","9,06"
Subir,GN,Blq.10,Divisible,,"19,0","7,57","14,0","8,27","14,0","9,30","14,0","10,36","7,0","9,06","14,0","9,71","14,0","10,24","14,0","10,82","14,0","10,65","2,0","10,83","2,0","10,83","2,0","10,83","3,0","10,83","3,0","10,83","3,0","10,83","3,0","10,83","4,0","10,83","14,0","10,82","14,0","10,82","14,0","10,82","4,0","10,83","4,0","10,83","14,0","10,82","4,0","10,83","14,0","10,82","14,0","10,78","14,0","10,78","4,0","10,83","12,0","10,83","12,0","10,83","19,0","11,41","3,0","7,54","24,0","10,83","19,0","11,48","12,0","6,05","12,0","6,23","12,0","6,14","12,0","6,62","6,0","6,95","6,0","6,87","12,0","7,47","18,0","7,52","18,0","7,55","18,0","7,56","18,0","7,57","18,0","7,57","18,0","7,57","18,0","7,57","18,0","7,55","18,0","7,55","18,0","7,55","18,0","7,55","18,0","7,51","18,0","7,51","18,0","7,51","18,0","7,51","18,0","7,51","18,0","7,51","18,0","7,51","18,0","7,51","18,0","7,55","18,0","7,55","18,0","7,55","18,0","7,55","18,0","7,51","18,0","7,51","18,0","7,51","18,0","7,51","18,0","7,51","18,0","7,51","18,0","7,51","18,0","7,52","6,0","7,04","6,0","7,03","6,0","7,04","18,0","7,47","18,0","7,47","6,0","6,94","12,0","6,45","12,0","7,70","3,0","7,77","19,0","11,69","6,0","10,83","14,0","9,44","14,0","9,55","7,0","9,06","3,0","9,65","1,0","9,11","3,0","17,50","3,0","17,50","3,0","17,50","1,0","16,21","1,0","14,86","1,0","10,71","1,0","10,82","19,0","9,83"
Subir,GN,Blq.11,Divisible,,"1,0","8,56","19,0","8,77","7,0","9,67","1,0","10,83","1,0","9,15","7,0","10,51","1,0","10,83","1,0","10,83","2,0","10,83","14,0","10,84","14,0","10,86","14,0","11,03","14,0","10,92","14,0","11,08","14,0","11,08","14,0","10,86","14,0","10,84","4,0","10,83","4,0","10,83","4,0","10,83","14,0","10,84","14,0","10,84","4,0","10,83","14,0","10,84","4,0","10,83","4,0","10,83","4,0","10,83","14,0","11,08","14,0","10,84","14,0","11,32","14,0","11,85","9,0","9,15","14,0","10,90","14,0","11,90","12,0","7,47","12,0","7,47","12,0","7,47","12,0","7,47","12,0","7,47","18,0","7,47","6,0","8,24","6,0","8,38","6,0","8,42","6,0","8,39","6,0","8,41","6,0","8,41","6,0","8,41","6,0","8,41","6,0","8,41","6,0","8,41","6,0","8,41","6,0","8,41","6,0","8,41","6,0","8,41","6,0","8,41","6,0","8,41","6,0","8,41","6,0","8,41","6,0","8,41","6,0","8,41","6,0","8,41","6,0","8,41","6,0","8,41","6,0","8,41","6,0","8,41","6,0","8,41","6,0","8,41","6,0","8,41","6,0","8,41","6,0","8,41","6,0","8,41","6,0","8,40","18,0","7,48","18,0","7,47","18,0","7,47","6,0","8,30","6,0","8,37","12,0","7,47","12,0","7,47","12,0","9,15","3,0","9,15","14,0","12,04","14,0","10,90","7,0","9,95","7,0","10,18","1,0","9,15","1,0","10,11","1,0","9,96",,,,,,,"3,0","17,50","1,0","16,18","3,0","11,65","3,0","11,37","1,0","10,31"
Subir,GN,Blq.12,Divisible,,"3,0","9,07","1,0","9,53","19,0","10,28","7,0","11,80","19,0","9,83","1,0","10,83","7,0","11,56","3,0","12,50","19,0","12,27","6,0","12,50","6,0","12,50","6,0","12,50","9,0","12,50","9,0","12,50","9,0","12,50","9,0","12,50","12,0","12,50","12,0","12,50","12,0","12,50","12,0","12,50","12,0","12,50","12,0","12,50","12,0","12,50","12,0","12,50","12,0","12,50","19,0","12,47","19,0","12,47","12,0","12,50","36,0","12,50","36,0","12,50","36,0","12,50","3,0","9,20","32,0","12,50","32,0","12,50","12,0","7,66","12,0","7,79","12,0","7,73","12,0","8,09","6,0","8,09","12,0","8,59","6,0","8,53","6,0","8,77","6,0","8,79","6,0","8,80","6,0","8,80","6,0","8,80","6,0","8,80","6,0","8,80","6,0","8,79","6,0","8,79","6,0","8,79","6,0","8,79","6,0","8,75","6,0","8,75","6,0","8,75","6,0","8,75","6,0","8,75","6,0","8,75","6,0","8,75","6,0","8,75","6,0","8,79","6,0","8,79","6,0","8,79","6,0","8,79","6,0","8,75","6,0","8,75","6,0","8,75","6,0","8,75","6,0","8,75","6,0","8,75","6,0","8,75","6,0","8,77","12,0","8,73","12,0","8,72","12,0","8,73","6,0","8,62","6,0","8,66","6,0","8,13","12,0","7,97","6,0","9,27","3,0","9,35","18,0","12,50","18,0","12,50","19,0","10,49","19,0","10,66","19,0","9,83","1,0","10,91","3,0","10,24",,,,,,,,,"3,0","17,50","1,0","12,40","1,0","12,49","3,0","12,65"
Subir,GN,Blq.13,Divisible,,"1,0","9,87","3,0","10,97","1,0","10,83","19,0","11,85","1,0","10,83","19,0","10,90","19,0","11,67","19,0","12,52","7,0","12,37","19,0","12,56","19,0","12,58","19,0","12,84","19,0","12,67","19,0","12,91","19,0","12,91","19,0","12,58","19,0","12,56","19,0","12,52","19,0","12,52","19,0","12,52","19,0","12,56","19,0","12,56","19,0","12,52","19,0","12,56","19,0","12,52","12,0","12,50","12,0","12,50","19,0","12,91","19,0","12,56","19,0","13,27","19,0","14,05","9,0","10,83","19,0","12,64","19,0","14,12","12,0","9,15","12,0","9,15","12,0","9,15","12,0","9,15","6,0","8,33","12,0","9,15","12,0","9,15","12,0","9,15","12,0","9,15","12,0","9,15","12,0","9,15","12,0","9,15","12,0","9,15","12,0","9,15","12,0","9,15","12,0","9,15","12,0","9,15","12,0","9,15","12,0","9,15","12,0","9,15","12,0","9,15","12,0","9,15","12,0","9,15","12,0","9,15","12,0","9,15","12,0","9,15","12,0","9,15","12,0","9,15","12,0","9,15","12,0","9,15","12,0","9,15","12,0","9,15","12,0","9,15","12,0","9,15","12,0","9,15","12,0","9,15","12,0","9,15","12,0","9,15","12,0","9,15","12,0","9,15","12,0","9,15","12,0","9,15","12,0","9,15","6,0","8,33","12,0","9,15","6,0","9,31","3,0","10,83","19,0","14,32","19,0","12,64","6,0","10,83","1,0","10,83","1,0","10,83","1,0","11,71","1,0","10,81",,,,,,,,,,,"3,0","13,74","3,0","13,46","1,0","12,70"
Subir,GN,Blq.14,Divisible,,"3,0","11,16","1,0","11,00","3,0","12,50","3,0","12,50","3,0","12,50","3,0","12,50","3,0","12,50","7,0","12,71","6,0","12,50","7,0","12,76","7,0","12,79","7,0","13,14","7,0","12,91","7,0","13,24","7,0","13,24","7,0","12,79","7,0","12,76","7,0","12,71","7,0","12,71","7,0","12,71","7,0","12,76","7,0","12,76","7,0","12,71","7,0","12,76","7,0","12,71","7,0","12,63","7,0","12,63","7,0","13,24","7,0","12,76","7,0","13,72","7,0","14,78","3,0","10,86","7,0","12,87","7,0","14,87","12,0","9,28","12,0","9,35","12,0","9,32","12,0","9,56","12,0","9,15","12,0","9,89","12,0","9,86","12,0","10,02","12,0","10,03","12,0","10,04","12,0","10,03","12,0","10,03","12,0","10,03","12,0","10,03","12,0","10,03","12,0","10,03","12,0","10,03","12,0","10,03","12,0","9,99","12,0","9,99","12,0","9,99","12,0","9,99","12,0","9,99","12,0","9,99","12,0","9,99","12,0","9,99","12,0","10,03","12,0","10,03","12,0","10,03","12,0","10,03","12,0","9,99","12,0","9,99","12,0","9,99","12,0","9,99","12,0","9,99","12,0","9,99","12,0","9,99","12,0","10,02","12,0","9,98","12,0","9,97","12,0","9,99","12,0","9,92","12,0","9,93","12,0","9,15","12,0","9,49","12,0","10,83","3,0","10,93","7,0","15,15","7,0","12,87","18,0","12,50","3,0","12,50","3,0","12,50","3,0","11,74","1,0","11,66",,,,,,,,,,,"1,0","14,09","1,0","14,16","3,0","14,74"
Subir,GN,Blq.15,Divisible,,"1,0","11,18","3,0","12,50","3,0","13,37","3,0","15,85","3,0","12,65","3,0","14,34","3,0","15,57","3,0","16,92","3,0","16,51","3,0","16,97","3,0","17,00","3,0","17,41","3,0","17,15","3,0","17,53","3,0","17,53","3,0","17,00","3,0","16,97","3,0","16,92","3,0","16,92","3,0","16,92","3,0","16,97","3,0","16,97","3,0","16,92","3,0","16,97","3,0","16,92","3,0","16,82","3,0","16,82","3,0","17,53","3,0","16,97","3,0","18,09","3,0","19,32","33,0","12,21","3,0","17,10","3,0","19,44","12,0","10,83","12,0","10,83","12,0","10,83","12,0","10,83","12,0","9,71","12,0","10,83","12,0","10,83","12,0","10,83","12,0","10,83","12,0","10,83","12,0","10,83","12,0","10,83","12,0","10,83","12,0","10,83","12,0","10,83","12,0","10,83","12,0","10,83","12,0","10,83","12,0","10,83","12,0","10,83","12,0","10,83","12,0","10,83","12,0","10,83","12,0","10,83","12,0","10,83","12,0","10,83","12,0","10,83","12,0","10,83","12,0","10,83","12,0","10,83","12,0","10,83","12,0","10,83","12,0","10,83","12,0","10,83","12,0","10,83","12,0","10,83","12,0","10,83","12,0","10,83","12,0","10,83","12,0","10,83","12,0","10,83","12,0","10,83","12,0","10,83","12,0","9,72","12,0","10,83","6,0","10,88","18,0","12,50","3,0","19,76","3,0","17,10","3,0","13,69","3,0","13,97","3,0","12,65","3,0","12,50","3,0","12,32",,,,,,,,,,,"1,0","15,78","1,0","15,83","1,0","15,09"
Subir,GN,Blq.16,Divisible,,"3,0","12,50","3,0","13,06","3,0","15,45","3,0","17,93","3,0","14,74","3,0","16,42","3,0","17,65","3,0","19,00","3,0","18,60","3,0","19,05","3,0","19,09","3,0","19,50","3,0","19,23","3,0","19,61","3,0","19,61","3,0","19,09","3,0","19,05","3,0","19,00","3,0","19,00","3,0","19,00","3,0","19,05","3,0","19,05","3,0","19,00","3,0","19,05","3,0","19,00","3,0","18,91","3,0","18,91","3,0","19,61","3,0","19,05","3,0","20,17","3,0","21,41","36,0","12,50","3,0","19,18","3,0","21,52","12,0","10,90","12,0","10,94","12,0","10,91","12,0","11,03","12,0","10,83","12,0","11,19","12,0","11,19","12,0","11,27","12,0","11,27","12,0","11,28","12,0","11,26","12,0","11,26","12,0","11,26","12,0","11,26","12,0","11,27","12,0","11,27","12,0","11,27","12,0","11,27","12,0","11,23","12,0","11,23","12,0","11,23","12,0","11,23","12,0","11,23","12,0","11,23","12,0","11,23","12,0","11,23","12,0","11,27","12,0","11,27","12,0","11,27","12,0","11,27","12,0","11,23","12,0","11,23","12,0","11,23","12,0","11,23","12,0","11,23","12,0","11,23","12,0","11,23","12,0","11,27","12,0","11,23","12,0","11,22","12,0","11,25","12,0","11,22","12,0","11,20","12,0","10,83","12,0","11,01","6,0","10,92","33,0","14,72","3,0","21,84","3,0","19,18","3,0","15,77","3,0","16,05","3,0","14,73",,,"3,0","12,50",,,,,,,,,,,"3,0","17,50","3,0","17,50","3,0","17,50"
Subir,GN,Blq.17,Divisible,,,,,,,,,,,,,,,,,,,,,,,,,,,,,,,,,,,,,,,,,,,,,,,,,,,,,,,,,,,,,,,,"33,0","14,10",,,,,"32,0","12,50","32,0","12,50","32,0","12,50","32,0","12,50","12,0","11,09","32,0","12,50","32,0","12,50","32,0","12,50","32,0","12,50","32,0","12,50","32,0","12,50","32,0","12,50","32,0","12,50","32,0","12,50","32,0","12,50","32,0","12,50","32,0","12,50","32,0","12,50","32,0","12,50","32,0","12,50","32,0","12,50","32,0","12,50","32,0","12,50","32,0","12,50","32,0","12,50","32,0","12,50","32,0","12,50","32,0","12,50","32,0","12,50","32,0","12,50","32,0","12,50","32,0","12,50","32,0","12,50","32,0","12,50","32,0","12,50","32,0","12,50","32,0","12,50","32,0","12,50","32,0","12,50","32,0","12,50","32,0","12,50","32,0","12,50","32,0","12,50","12,0","11,11","32,0","12,50","32,0","12,50","33,0","16,61",,,,,,,,,,,,,,,,,,,,,,,,,,,,,,
Subir,GN,Blq.18,Divisible,,,,,,,,,,,,,,,,,,,,,,,,,,,,,,,,,,,,,,,,,,,,,,,,,,,,,,,,,,,,,,,,"14,0","14,73",,,,,"33,0","14,81","33,0","16,47","33,0","15,59","33,0","19,85","32,0","12,50","33,0","25,92","33,0","25,00","33,0","27,88","33,0","28,15","33,0","28,24","33,0","28,40","33,0","28,40","33,0","28,40","33,0","28,40","33,0","28,40","33,0","28,40","33,0","28,40","33,0","28,40","33,0","28,40","33,0","28,40","33,0","28,40","33,0","28,40","33,0","28,40","33,0","28,40","33,0","28,40","33,0","28,40","33,0","28,40","33,0","28,40","33,0","28,40","33,0","28,40","33,0","28,40","33,0","28,40","33,0","28,40","33,0","28,40","33,0","28,40","33,0","28,40","33,0","28,40","33,0","28,32","33,0","28,29","33,0","28,26","33,0","28,11","33,0","26,63","33,0","27,48","32,0","12,50","33,0","18,51","33,0","15,13","14,0","17,09",,,,,,,,,,,,,,,,,,,,,,,,,,,,,,
Subir,GN,Blq.19,Divisible,,,,,,,,,,,,,,,,,,,,,,,,,,,,,,,,,,,,,,,,,,,,,,,,,,,,,,,,,,,,,,,,"19,0","15,65",,,,,"33,0","16,71","33,0","18,37","33,0","17,48","33,0","21,75","33,0","22,95","14,0","27,65","14,0","26,78","14,0","29,50","14,0","29,76","14,0","29,84","14,0","30,00","14,0","30,00","14,0","30,00","14,0","30,00","14,0","30,00","14,0","30,00","14,0","30,00","14,0","30,00","14,0","30,00","14,0","30,00","14,0","30,00","14,0","30,00","14,0","30,00","14,0","30,00","14,0","30,00","14,0","30,00","14,0","30,00","14,0","30,00","14,0","30,00","14,0","30,00","14,0","30,00","14,0","30,00","14,0","30,00","14,0","30,00","14,0","30,00","14,0","30,00","14,0","30,00","14,0","29,91","14,0","29,89","14,0","29,86","14,0","29,71","14,0","28,32","14,0","29,13","33,0","23,20","33,0","20,40","33,0","17,02","19,0","19,13",,,,,,,,,,,,,,,,,,,,,,,,,,,,,,
Subir,GN,Blq.20,Divisible,,,,,,,,,,,,,,,,,,,,,,,,,,,,,,,,,,,,,,,,,,,,,,,,,,,,,,,,,,,,,,,,"19,0","18,28",,,,,"14,0","17,18","14,0","18,75","14,0","17,91","14,0","21,93","47,0","24,85","33,0","27,81","33,0","26,89","33,0","29,77","33,0","30,04","33,0","30,13","33,0","30,30","33,0","30,30","33,0","30,30","33,0","30,30","33,0","30,30","33,0","30,30","33,0","30,30","33,0","30,30","33,0","30,30","33,0","30,30","33,0","30,30","33,0","30,30","33,0","30,30","33,0","30,30","33,0","30,30","33,0","30,30","33,0","30,30","33,0","30,30","33,0","30,30","33,0","30,30","33,0","30,30","33,0","30,30","33,0","30,30","33,0","30,30","33,0","30,30","33,0","30,30","33,0","30,30","33,0","30,21","33,0","30,19","33,0","30,16","33,0","30,00","33,0","28,52","33,0","29,38","47,0","25,09","14,0","20,67","14,0","17,48","19,0","21,77",,,,,,,,,,,,,,,,,,,,,,,,,,,,,,
Subir,GN,Blq.21,Divisible,,,,,,,,,,,,,,,,,,,,,,,,,,,,,,,,,,,,,,,,,,,,,,,,,,,,,,,,,,,,,,,,"7,0","20,53",,,,,"19,0","19,27","19,0","21,57","19,0","20,34","19,0","26,27","19,0","30,57","19,0","34,70","19,0","33,42","19,0","37,42","19,0","37,80","19,0","37,92","19,0","38,15","19,0","38,15","19,0","38,15","19,0","38,15","19,0","38,15","19,0","38,15","19,0","38,15","19,0","38,15","19,0","38,15","19,0","38,15","19,0","38,15","19,0","38,15","19,0","38,15","19,0","38,15","19,0","38,15","19,0","38,15","19,0","38,15","19,0","38,15","19,0","38,15","19,0","38,15","19,0","38,15","19,0","38,15","19,0","38,15","19,0","38,15","19,0","38,15","19,0","38,15","19,0","38,15","19,0","38,03","19,0","38,00","19,0","37,96","19,0","37,74","19,0","35,69","19,0","36,87","19,0","30,92","19,0","24,41","19,0","19,71","7,0","25,26",,,,,,,,,,,,,,,,,,,,,,,,,,,,,,
Subir,GN,Blq.22,Divisible,,,,,,,,,,,,,,,,,,,,,,,,,,,,,,,,,,,,,,,,,,,,,,,,,,,,,,,,,,,,,,,,"3,0","26,04",,,,,"19,0","21,90","19,0","24,21","19,0","22,97","19,0","28,90","19,0","33,21","19,0","37,33","19,0","36,05","19,0","40,06","19,0","40,43","19,0","40,56","19,0","40,78","19,0","40,78","19,0","40,78","19,0","40,78","19,0","40,78","19,0","40,78","19,0","40,78","19,0","40,78","19,0","40,78","19,0","40,78","19,0","40,78","19,0","40,78","19,0","40,78","19,0","40,78","19,0","40,78","19,0","40,78","19,0","40,78","19,0","40,78","19,0","40,78","19,0","40,78","19,0","40,78","19,0","40,78","19,0","40,78","19,0","40,78","19,0","40,78","19,0","40,78","19,0","40,78","19,0","40,67","19,0","40,63","19,0","40,59","19,0","40,37","19,0","38,32","19,0","39,51","19,0","33,55","19,0","27,04","19,0","22,34","3,0","31,55",,,,,,,,,,,,,,,,,,,,,,,,,,,,,,
Subir,GN,Blq.23,Divisible,,,,,,,,,,,,,,,,,,,,,,,,,,,,,,,,,,,,,,,,,,,,,,,,,,,,,,,,,,,,,,,,"3,0","28,12",,,,,"7,0","25,44","7,0","28,57","7,0","26,90","7,0","34,94","7,0","40,78","7,0","46,37","7,0","44,64","7,0","50,08","7,0","50,59","7,0","50,76","7,0","51,07","7,0","51,07","7,0","51,07","7,0","51,07","7,0","51,07","7,0","51,07","7,0","51,07","7,0","51,07","7,0","51,07","7,0","51,07","7,0","51,07","7,0","51,07","7,0","51,07","7,0","51,07","7,0","51,07","7,0","51,07","7,0","51,07","7,0","51,07","7,0","51,07","7,0","51,07","7,0","51,07","7,0","51,07","7,0","51,07","7,0","51,07","7,0","51,07","7,0","51,07","7,0","51,07","7,0","50,91","7,0","50,86","7,0","50,80","7,0","50,51","7,0","47,72","7,0","49,33","7,0","41,25","7,0","32,41","7,0","26,03","3,0","33,63",,,,,,,,,,,,,,,,,,,,,,,,,,,,,,
Subir,GN,Blq.24,Divisible,,,,,,,,,,,,,,,,,,,,,,,,,,,,,,,,,,,,,,,,,,,,,,,,,,,,,,,,,,,,,,,,,,,,,,"3,0","31,76","3,0","35,41","3,0","33,46","3,0","42,85","3,0","49,66","3,0","56,19","3,0","54,16","3,0","60,51","3,0","61,10","3,0","61,30","3,0","61,66","3,0","61,66","3,0","61,66","3,0","61,66","3,0","61,66","3,0","61,66","3,0","61,66","3,0","61,66","3,0","61,66","3,0","61,66","3,0","61,66","3,0","61,66","3,0","61,66","3,0","61,66","3,0","61,66","3,0","61,66","3,0","61,66","3,0","61,66","3,0","61,66","3,0","61,66","3,0","61,66","3,0","61,66","3,0","61,66","3,0","61,66","3,0","61,66","3,0","61,66","3,0","61,66","3,0","61,47","3,0","61,42","3,0","61,35","3,0","61,01","3,0","57,76","3,0","59,64","3,0","50,21","3,0","39,90","3,0","32,46",,,,,,,,,,,,,,,,,,,,,,,,,,,,,,,,
Subir,GN,Blq.25,Divisible,,,,,,,,,,,,,,,,,,,,,,,,,,,,,,,,,,,,,,,,,,,,,,,,,,,,,,,,,,,,,,,,,,,,,,"3,0","33,85","3,0","37,50","3,0","35,55","3,0","44,93","3,0","51,75","3,0","58,27","3,0","56,25","3,0","62,59","3,0","63,19","3,0","63,38","3,0","63,75","3,0","63,75","3,0","63,75","3,0","63,75","3,0","63,75","3,0","63,75","3,0","63,75","3,0","63,75","3,0","63,75","3,0","63,75","3,0","63,75","3,0","63,75","3,0","63,75","3,0","63,75","3,0","63,75","3,0","63,75","3,0","63,75","3,0","63,75","3,0","63,75","3,0","63,75","3,0","63,75","3,0","63,75","3,0","63,75","3,0","63,75","3,0","63,75","3,0","63,75","3,0","63,75","3,0","63,56","3,0","63,50","3,0","63,43","3,0","63,09","3,0","59,84","3,0","61,72","3,0","52,29","3,0","41,98","3,0","34,54",,,,,,,,,,,,,,,,,,,,,,,,,,,,,,,,
Subir,GN4,Blq. 1,Indivisible,,,,,,,,,,,,,,,,,,,,,,,,,,,,,,,,,,,,,,,,,,,,,,,,,,,,,,,,,,,,,,,,,,,,"0,0","0,00","0,0","0,00","0,0","0,00","0,0","0,00","0,0","0,00","0,0","0,00","0,0","0,00","0,0","0,00","0,0","0,00","0,0","0,00","0,0","0,00","0,0","0,00","0,0","0,00","0,0","0,00","0,0","0,00","0,0","0,00","0,0","0,00","0,0","0,00","0,0","0,00","0,0","0,00","0,0","0,00","0,0","0,00","0,0","0,00","0,0","0,00","0,0","0,00","0,0","0,00","0,0","0,00","0,0","0,00","0,0","0,00","0,0","0,00","0,0","0,00","0,0","0,00","0,0","0,00","0,0","0,00","0,0","0,00","0,0","0,00","0,0","0,00","0,0","0,00","0,0","0,00","0,0","0,00","0,0","0,00","0,0","0,00","0,0","0,00","0,0","0,00","0,0","0,00","0,0","0,00",,,,,,,,,,,,,,,,,,,,,,,,,,,,,,,,,,
Subir,GNE,Blq. 1,Divisible,,"4,0","0,00","4,0","0,00","4,0","0,00","4,0","0,00","4,0","0,00","4,0","0,00","4,0","0,00","4,0","0,00","4,0","0,00","4,0","0,00","4,0","0,00","4,0","0,00","4,0","0,00","4,0","0,00","4,0","0,00","4,0","0,00","4,0","0,00","4,0","0,00","4,0","0,00","4,0","0,00","4,0","0,00","4,0","0,00","4,0","0,00","4,0","0,00","4,0","0,00","4,0","0,00","4,0","0,00","4,0","0,00",,,"25,0","9,00","25,0","9,00","25,0","9,00","50,0","9,00","50,0","9,00","50,0","9,00","50,0","9,00","50,0","9,00","50,0","9,00","50,0","9,00","50,0","9,00","50,0","9,00",,,,,,,"374,0","0,00","375,0","0,00","377,0","0,00","379,0","0,00","384,0","0,00","386,0","0,00","389,0","0,00","390,0","0,00","386,0","0,00","385,0","0,00","382,0","0,00","385,0","0,00","377,0","0,00","376,0","0,00","373,0","0,00","369,0","0,00","369,0","0,00","371,0","0,00","368,0","0,00","366,0","0,00","363,0","0,00","359,0","0,00","357,0","0,00","352,0","0,00","344,0","0,00","250,0","0,00","256,0","0,00","195,0","0,00","100,0","0,00",,,,,,,,,,,,,,,,,,,,,,,,,,,,,,,,,,,,,,,,,,,,,,
Subir,GNE,Blq. 2,Divisible,,,,,,,,,,,,,,,,,,,,,,,,,,,,,,,,,,,,,,,,,,,,,,,,,,,,,,,,,,,,"25,0","14,00","25,0","14,00","25,0","14,00","25,0","14,00","25,0","14,00","25,0","14,00","25,0","14,00","25,0","14,00","25,0","14,00","25,0","14,00","25,0","14,00","25,0","14,00",,,,,,,,,,,,,,,,,,,,,,,,,,,,,,,,,,,,,,,,,,,,,,,,,,,,,,,,,,,,,,,,,,,,,,,,,,,,,,,,,,,,,,,,,,,,,,,,,,,,,,,,,,,,,,
Subir,GST,Blq. 1,Indivisible,,"5,0","39,20","5,0","34,94",,,,,,,,,,,,,,,,,,,,,,,,,,,,,,,,,,,,,,,,,,,,,,,,,,,,,"3,0","57,18","6,0","66,58","11,0","58,57","16,0","50,61","23,0","61,02","31,0","57,19","40,0","40,19","48,0","35,32","52,0","37,98","57,0","25,61","61,0","16,46","58,0","7,61","57,0","10,39","31,0","2,30","35,0","1,14","35,0","0,00","40,0","0,00","41,0","0,00","42,0","0,00","44,0","0,00","44,0","0,00","45,0","0,00","45,0","0,00","45,0","0,00","45,0","0,00","45,0","0,00","45,0","0,00","45,0","0,00","45,0","0,00","45,0","0,00","46,0","0,00","46,0","0,00","48,0","0,00","48,0","0,00","47,0","0,00","47,0","0,00","46,0","0,00","44,0","0,00","43,0","0,00","43,0","0,00","42,0","0,00","39,0","0,00","38,0","0,00","37,0","0,00","36,0","0,00","34,0","0,00","31,0","1,31","63,0","5,47","66,0","2,98","63,0","15,62","55,0","29,35","50,0","39,46","43,0","40,59","35,0","56,72","27,0","60,78","20,0","66,35","15,0","66,39","12,0","57,91","10,0","50,86","9,0","49,26","9,0","51,91","8,0","55,83","8,0","56,87","8,0","48,69","8,0","45,93","7,0","45,02","7,0","41,98","7,0","37,72"
Subir,GST,Blq. 2,Divisible,,,,,,,,,,,,,,,,,,,,,,,,,,,,,,,,,,,,,,,,,,,,,,,,,,,,,,,,,,,,,,,,,,,,,,,,,,,,"25,0","36,66","28,0","23,00","30,0","10,28","30,0","13,82","55,0","3,73","54,0","4,51","52,0","4,78","55,0","5,25","54,0","5,25","54,0","5,25","52,0","5,25","49,0","5,25","47,0","5,25","46,0","5,26","47,0","5,25","47,0","5,25","48,0","5,25","48,0","5,25","49,0","5,25","49,0","5,25","49,0","5,25","49,0","5,25","50,0","5,26","56,0","5,26","56,0","5,26","57,0","5,26","60,0","5,26","63,0","5,26","65,0","5,26","66,0","5,25","68,0","5,25","70,0","5,25","72,0","5,25","73,0","5,25","72,0","5,00","68,0","4,93","66,0","4,84","65,0","4,39","29,0","6,68","26,0","3,83","23,0","21,13",,,,,,,,,,,,,,,,,,,,,,,,,,,,,,,,,,,,
Subir,HC,Blq. 1,Divisible,,"4,0","0,25","4,0","0,25","4,0","0,25","4,0","0,25","4,0","0,25","4,0","0,25","4,0","0,25","4,0","0,25","4,0","0,25","4,0","0,25","4,0","0,25","4,0","0,25","4,0","0,25","4,0","0,25","4,0","0,25","4,0","0,25","4,0","0,25","4,0","0,25","4,0","0,25","4,0","0,25","4,0","0,25","4,0","0,25","4,0","0,25","4,0","0,25","4,0","0,25","4,0","0,25","4,0","0,25","4,0","0,25","4,0","0,25","4,0","0,25","4,0","0,25","4,0","0,25","4,0","0,25","4,0","0,25","4,0","0,25","4,0","0,25","3,0","0,25","3,0","0,25","3,0","0,25","3,0","0,25","3,0","0,25","3,0","0,25","3,0","0,25","3,0","0,25","3,0","0,25","3,0","0,25","3,0","0,25","2,0","0,25","3,0","0,25","3,0","0,25","3,0","0,25","3,0","0,25","3,0","0,25","3,0","0,25","3,0","0,25","3,0","0,25","3,0","0,25","3,0","0,25","3,0","0,25","3,0","0,25","3,0","0,25","3,0","0,25","3,0","0,25","3,0","0,25","3,0","0,25","3,0","0,25","3,0","0,25","3,0","0,25","3,0","0,25","3,0","0,25","3,0","0,25","3,0","0,25","3,0","0,25","3,0","0,25","3,0","0,25","3,0","0,25","3,0","0,25","3,0","0,25","3,0","0,25","3,0","0,25","4,0","0,25","4,0","0,25","4,0","0,25","4,0","0,25","4,0","0,25","4,0","0,25","4,0","0,25","4,0","0,25","4,0","0,25","4,0","0,25","4,0","0,25","4,0","0,25","4,0","0,25","4,0","0,25","4,0","0,25","4,0","0,25"
Subir,HC,Blq. 2,Divisible,,"10,0","0,75","10,0","0,75","10,0","0,75","10,0","0,75","20,0","8,07","20,0","6,95","20,0","6,13","20,0","5,23","20,0","5,50","20,0","5,20","20,0","5,17","20,0","4,90","20,0","5,08","20,0","4,82","20,0","4,82","20,0","5,17","20,0","5,20","20,0","5,23","20,0","5,23","20,0","5,23","20,0","5,20","20,0","5,20","20,0","5,23","20,0","5,20","5,0","1,25","5,0","1,25","5,0","1,25","5,0","1,25","5,0","1,25","5,0","1,25","5,0","1,25","5,0","1,25",,,,,,,,,,,,,,,,,,,,,,,,,,,,,,,,,,,,,,,,,"5,0","1,25","5,0","1,25","5,0","1,25","5,0","1,25","5,0","1,25","5,0","1,25","5,0","1,25","5,0","1,25",,,,,,,,,,,,,,,,,,,,,,,,,,,,,,,,,,,,,,,,,"5,0","1,25","5,0","1,25","5,0","1,25","5,0","1,00","10,0","0,75","10,0","0,75","10,0","0,75","10,0","0,75","10,0","0,75","10,0","0,75","10,0","0,75","10,0","0,75","10,0","0,75","10,0","0,75","10,0","0,75","10,0","0,75"
Subir,HC,Blq. 3,Divisible,,"5,0","1,25","5,0","1,25","5,0","1,25","5,0","1,25","20,0","8,68","20,0","7,56","20,0","6,74","20,0","5,84","20,0","6,36","20,0","6,06","20,0","6,03","20,0","5,76","20,0","5,94","20,0","5,68","20,0","5,68","20,0","6,03","20,0","6,06","20,0","6,09","20,0","6,09","20,0","6,09","20,0","6,06","20,0","6,06","20,0","6,09","20,0","6,06","20,0","5,23","20,0","5,29","20,0","5,29","20,0","4,82","20,0","5,20","20,0","4,45",,,,,,,,,,,,,,,,,,,,,,,,,,,,,,,,,,,,,,,,,,,,,,,,,,,,,,,,,,,,,,,,,,,,,,,,,,,,,,,,,,,,,,,,,,,,,,,,,,,,,,,"20,0","3,34","20,0","5,11","5,0","1,25","5,0","1,00","5,0","1,00","5,0","1,00","5,0","1,00","5,0","1,00","5,0","1,00","5,0","1,00","5,0","1,00","5,0","1,00","5,0","1,00","5,0","1,00","5,0","1,00"
Subir,HC,Blq. 4,Divisible,,"20,0","10,46","20,0","9,19","20,0","7,60","20,0","5,94","20,0","8,93","20,0","7,81","20,0","6,99","20,0","6,09",,,,,,,,,,,,,,,,,,,,,,,,,,,,,,,,,"20,0","6,09","20,0","6,15","20,0","6,15","20,0","5,68","20,0","6,06","20,0","5,31",,,,,,,,,,,,,,,,,,,,,,,,,,,,,,,,,,,,,,,,,,,,,,,,,,,,,,,,,,,,,,,,,,,,,,,,,,,,,,,,,,,,,,,,,,,,,,,,,,,,,,,"20,0","3,95","20,0","5,72","20,0","7,38","5,0","1,25","5,0","1,25","5,0","1,25","5,0","1,25","5,0","1,25","5,0","1,25","5,0","1,25","5,0","1,25","5,0","1,25","5,0","1,25","5,0","1,25","5,0","1,25"
Subir,HC,Blq. 5,Divisible,,"20,0","11,07","20,0","9,80","20,0","8,21","20,0","6,55","20,0","9,28","20,0","8,15","20,0","7,34","20,0","6,44",,,,,,,,,,,,,,,,,,,,,,,,,,,,,,,,,,,,,,,,,,,,,,,,,,,,,,,,,,,,,,,,,,,,,,,,,,,,,,,,,,,,,,,,,,,,,,,,,,,,,,,,,,,,,,,,,,,,,,,,,,,,,,,,,,,,,,,,,,,,,,,,,,,"20,0","4,20","20,0","5,97","20,0","7,99","20,0","7,20","20,0","8,08","20,0","10,07","20,0","9,69","20,0","13,26","20,0","13,23","20,0","15,76","20,0","11,65","20,0","11,65","20,0","8,74","20,0","8,93","20,0","8,07"
Subir,HC,Blq. 6,Divisible,,"20,0","11,32","20,0","10,05","20,0","8,46","20,0","6,80",,,,,,,,,,,,,,,,,,,,,,,,,,,,,,,,,,,,,,,,,,,,,,,,,,,,,,,,,,,,,,,,,,,,,,,,,,,,,,,,,,,,,,,,,,,,,,,,,,,,,,,,,,,,,,,,,,,,,,,,,,,,,,,,,,,,,,,,,,,,,,,,,,,,,,,,,,,"20,0","4,54","20,0","6,32","20,0","8,24","20,0","7,81","20,0","8,69","20,0","10,68","20,0","10,30","20,0","13,87","20,0","13,84","20,0","16,37","20,0","12,26","20,0","12,26","20,0","9,35","20,0","9,54","20,0","8,68"
Subir,HC,Blq. 7,Divisible,,"20,0","11,67","20,0","10,40","20,0","8,80","20,0","7,15",,,,,,,,,,,,,,,,,,,,,,,,,,,,,,,,,,,,,,,,,,,,,,,,,,,,,,,,,,,,,,,,,,,,,,,,,,,,,,,,,,,,,,,,,,,,,,,,,,,,,,,,,,,,,,,,,,,,,,,,,,,,,,,,,,,,,,,,,,,,,,,,,,,,,,,,,,,,,,,"20,0","8,59","20,0","8,06","20,0","8,94","20,0","10,93","20,0","10,55","20,0","14,12","20,0","14,09","20,0","16,62","20,0","12,51","20,0","12,51","20,0","9,60","20,0","9,79","20,0","8,93"
Subir,HC,Blq. 8,Divisible,,,,,,,,,,,,,,,,,,,,,,,,,,,,,,,,,,,,,,,,,,,,,,,,,,,,,,,,,,,,,,,,,,,,,,,,,,,,,,,,,,,,,,,,,,,,,,,,,,,,,,,,,,,,,,,,,,,,,,,,,,,,,,,,,,,,,,,,,,,,,,,,,,,,,,,,,,,,,,,,,,,,,,,,,,"20,0","8,40","20,0","9,28","20,0","11,28","20,0","10,89","20,0","14,46","20,0","14,43","20,0","16,97","20,0","12,86","20,0","12,86","20,0","9,95","20,0","10,13","20,0","9,28"
Subir,IGN,Blq. 1,Indivisible,,"2,0","8,93","2,0","9,71","2,0","10,70","2,0","11,72","2,0","10,40","2,0","11,10","2,0","11,61","2,0","12,17","2,0","12,00","2,0","12,19","2,0","12,20","2,0","12,37","2,0","12,27","2,0","12,42","2,0","12,42","2,0","12,20","2,0","12,19","2,0","12,17","2,0","12,17","2,0","12,17","2,0","12,19","2,0","12,19","2,0","12,17","2,0","12,19","2,0","12,17","2,0","12,13","2,0","12,13","2,0","12,42","2,0","12,19","2,0","12,65","2,0","13,16","1,0","13,73","2,0","12,24","2,0","13,21","1,0","10,18","1,0","7,91","1,0","9,12","1,0","3,30","1,0","0,00","2,0","28,40","1,0","0,00","2,0","30,18","2,0","30,43","2,0","30,51","2,0","30,66","2,0","30,66","2,0","30,66","2,0","30,66","2,0","30,66","2,0","30,66","2,0","30,66","2,0","30,66","2,0","30,66","2,0","30,66","2,0","30,66","2,0","30,66","2,0","30,66","2,0","30,66","2,0","30,66","2,0","30,66","2,0","30,66","2,0","30,66","2,0","30,66","2,0","30,66","2,0","30,66","2,0","30,66","2,0","30,66","2,0","30,66","2,0","30,66","2,0","30,66","2,0","30,66","2,0","30,58","2,0","30,56","2,0","30,53","2,0","30,39","2,0","29,05","2,0","29,82","1,0","0,00","1,0","5,14","1,0","9,75","1,0","10,31","2,0","13,34","2,0","12,24","2,0","10,83","2,0","10,95","2,0","10,40","2,0","9,16","2,0","9,40","2,0","7,19","2,0","7,21","33,0","6,40","2,0","8,19","2,0","8,19","2,0","9,99","2,0","9,88","2,0","10,40"
Subir,IGN,Blq. 2,Divisible,,"32,0","10,02","32,0","11,08","3,0","13,68","3,0","15,28","30,0","12,60","30,0","13,61","30,0","14,35","30,0","15,15","30,0","14,91","30,0","15,19","30,0","15,21","30,0","15,45","30,0","15,29","30,0","15,52","30,0","15,52","30,0","15,21","30,0","15,19","30,0","15,15","30,0","15,15","30,0","15,15","30,0","15,19","30,0","15,19","30,0","15,15","30,0","15,19","30,0","15,15","30,0","15,10","30,0","15,10","30,0","15,52","30,0","15,19","30,0","15,86","30,0","16,60","2,0","15,94","30,0","15,26","30,0","16,66","2,0","18,30","2,0","19,81","2,0","19,01","2,0","22,89","2,0","25,70","30,0","38,72","2,0","27,56","30,0","41,31","30,0","41,67","30,0","41,78","30,0","42,00","30,0","42,00","30,0","42,00","30,0","42,00","30,0","42,00","30,0","42,00","30,0","42,00","30,0","42,00","30,0","42,00","30,0","42,00","30,0","42,00","30,0","42,00","30,0","42,00","30,0","42,00","30,0","42,00","30,0","42,01","30,0","42,01","30,0","42,01","30,0","42,01","30,0","42,01","30,0","42,01","30,0","42,01","30,0","42,00","30,0","42,00","30,0","42,00","30,0","42,00","30,0","42,00","30,0","41,89","30,0","41,86","30,0","41,81","30,0","41,61","30,0","39,66","30,0","40,78","2,0","25,93","2,0","21,66","2,0","18,59","2,0","18,21","30,0","16,86","30,0","15,26","30,0","13,22","32,0","12,75","32,0","12,01","30,0","10,80","30,0","11,14","30,0","7,93","30,0","7,96","2,0","7,58","30,0","9,38","30,0","9,38","30,0","12,00","30,0","11,83","30,0","12,60"
Subir,IGN,Blq. 3,Divisible,,"3,0","10,91","3,0","12,14","28,0","13,72","28,0","15,33","3,0","13,22","3,0","14,31","3,0","15,10","3,0","15,96","3,0","15,70","3,0","16,00","3,0","16,02","3,0","16,29","3,0","16,12","3,0","16,36","3,0","16,36","3,0","16,02","3,0","16,00","3,0","15,96","3,0","15,96","3,0","15,96","3,0","16,00","3,0","16,00","3,0","15,96","3,0","16,00","3,0","15,96","3,0","15,91","3,0","15,91","3,0","16,36","3,0","16,00","3,0","16,72","3,0","17,52","30,0","20,63","3,0","16,08","3,0","17,59","30,0","24,06","30,0","26,25","30,0","25,08","30,0","30,71","30,0","34,80","3,0","41,27","30,0","37,50","3,0","44,06","3,0","44,44","3,0","44,57","3,0","44,80","3,0","44,80","3,0","44,80","3,0","44,80","3,0","44,80","3,0","44,80","3,0","44,80","3,0","44,80","3,0","44,80","3,0","44,80","3,0","44,80","3,0","44,80","3,0","44,80","3,0","44,80","3,0","44,80","3,0","44,80","3,0","44,80","3,0","44,80","3,0","44,80","3,0","44,80","3,0","44,80","3,0","44,80","3,0","44,80","3,0","44,80","3,0","44,80","3,0","44,80","3,0","44,80","3,0","44,68","3,0","44,65","3,0","44,60","3,0","44,38","3,0","42,28","3,0","43,49","30,0","35,13","30,0","28,94","30,0","24,48","30,0","23,93","1,0","17,62","3,0","16,08","3,0","13,88","3,0","14,06","3,0","13,22","3,0","11,29","3,0","11,66","3,0","8,21","3,0","8,24","1,0","29,18","3,0","9,76","3,0","9,76","3,0","12,57","3,0","12,39","3,0","13,22"
Subir,IGN,Blq. 4,Divisible,,"1,0","24,24","1,0","23,07","1,0","21,58","1,0","20,04","1,0","22,02","1,0","20,98","1,0","20,22","1,0","19,38","1,0","19,63","1,0","19,35","1,0","19,33","1,0","19,07","1,0","19,24","1,0","19,00","1,0","19,00","1,0","19,33","1,0","19,35","1,0","19,38","1,0","19,38","1,0","19,38","1,0","19,35","1,0","19,35","1,0","19,38","1,0","19,35","1,0","19,38","1,0","19,44","1,0","19,44","1,0","19,00","1,0","19,35","1,0","18,65","1,0","17,89","3,0","21,84","1,0","19,27","1,0","17,82","3,0","25,53","3,0","27,89","3,0","26,63","3,0","32,68","3,0","37,07","1,0","48,07","3,0","39,97","1,0","49,18","1,0","113,05","1,0","113,50","1,0","114,35","1,0","114,36","1,0","114,36","1,0","114,36","1,0","114,36","1,0","114,36","1,0","114,36","1,0","114,36","1,0","114,36","1,0","114,36","1,0","114,36","1,0","114,36","1,0","114,36","1,0","114,36","1,0","114,36","1,0","114,37","1,0","114,37","1,0","114,37","1,0","114,37","1,0","114,37","1,0","114,37","1,0","114,37","1,0","114,36","1,0","114,36","1,0","114,36","1,0","114,36","1,0","114,36","1,0","113,91","1,0","113,79","1,0","113,62","1,0","112,82","1,0","105,19","1,0","47,01","3,0","37,42","3,0","30,77","3,0","25,98","3,0","25,40","3,0","17,80","1,0","19,27","1,0","21,38","1,0","21,21","1,0","22,03","1,0","23,88","1,0","23,52","1,0","26,85","1,0","26,82",,,"1,0","25,35","1,0","25,35","1,0","22,65","1,0","22,82","1,0","22,02"
Subir,IGR,Blq. 1,Divisible,,,,,,,,,,,,,,,,,,,,,,,,,,,,,,,,,,,,,,,,,,,,,,,,,,,,,,,,,,,,,,,,,,,,,,,,,,,,"14,0","16,98","14,0","11,15","14,0","5,79","14,0","7,49","26,0","1,83","2,0","1,33","17,0","1,32","15,0","0,42","13,0","0,47","37,0","0,45","37,0","0,46","13,0","0,47","34,0","0,49","14,0","0,46","14,0","0,50","9,0","0,54","16,0","0,56","13,0","0,54","9,0","0,58","13,0","0,56","38,0","0,61","66,0","0,62","89,0","0,64","2,0","0,64","65,0","0,64","16,0","0,60","2,0","0,60","10,0","0,52","14,0","0,56","14,0","0,44","9,0","0,55","14,0","0,50","9,0","0,54","8,0","0,60","24,0","0,89","28,0","1,14","28,0","1,21","9,0","1,51","2,0","4,12","25,0","2,62","14,0","10,43","25,0","19,30",,,,,,,,,,,,,,,,,,,,,,,,,,,,,,,,,,
Subir,IGR,Blq. 2,Divisible,,,,,,,,,,,,,,,,,,,,,,,,,,,,,,,,,,,,,,,,,,,,,,,,,,,,,,,,,,,,,,,,,,,,,,,,,,,,"14,0","17,05","36,0","11,18","12,0","5,82","24,0","7,57","12,0","1,84","6,0","1,36","13,0","1,34","17,0","0,44","13,0","0,49","38,0","0,46","111,0","0,47","2,0","0,48","28,0","0,51","23,0","0,52","17,0","0,56","14,0","0,55","38,0","0,57","2,0","0,56","38,0","0,61","2,0","0,57","51,0","0,62","71,0","0,63","71,0","0,65","153,0","0,66","74,0","0,65","37,0","0,63","16,0","0,62","27,0","0,53","16,0","0,58","2,0","0,49","16,0","0,56","4,0","0,52","5,0","0,55","2,0","0,61","13,0","0,93","14,0","1,16","29,0","1,22","30,0","1,53","14,0","4,18","26,0","2,63","14,0","10,48","16,0","19,31",,,,,,,,,,,,,,,,,,,,,,,,,,,,,,,,,,
Subir,IGR,Blq. 3,Divisible,,,,,,,,,,,,,,,,,,,,,,,,,,,,,,,,,,,,,,,,,,,,,,,,,,,,,,,,,,,,,,,,,,,,,,,,,,,,"3,0","17,12","16,0","11,27","23,0","5,84","9,0","7,61","5,0","1,85","13,0","1,42","47,0","1,36","37,0","0,45","3,0","0,53","101,0","0,47","13,0","0,51","11,0","0,51","26,0","0,52","15,0","0,53","55,0","0,58","55,0","0,56","17,0","0,58","9,0","0,57","17,0","0,62","14,0","0,58","66,0","0,63","39,0","0,75","13,0","0,66","13,0","0,82","13,0","0,68","108,0","0,64","67,0","0,63","136,0","0,56","138,0","0,59","27,0","0,53","13,0","0,57","22,0","0,57","4,0","0,57","89,0","0,64","12,0","0,99","41,0","1,17","27,0","1,23","10,0","1,54","14,0","4,30","14,0","2,65","2,0","10,49","14,0","19,32",,,,,,,,,,,,,,,,,,,,,,,,,,,,,,,,,,
Subir,IGR,Blq. 4,Divisible,,,,,,,,,,,,,,,,,,,,,,,,,,,,,,,,,,,,,,,,,,,,,,,,,,,,,,,,,,,,,,,,,,,,,,,,,,,,"12,0","17,19","4,0","11,32","4,0","5,86","2,0","7,63","5,0","1,89","5,0","1,43","13,0","1,39","38,0","0,46","14,0","0,58","3,0","0,57","3,0","0,56","30,0","0,53","55,0","0,53","153,0","0,56","74,0","0,59","79,0","0,58","66,0","0,59","14,0","0,58","64,0","0,63","38,0","0,60","13,0","0,72","13,0","0,77","13,0","0,78","13,0","0,85","13,0","0,79","13,0","0,68","71,0","0,64","13,0","0,64","13,0","0,60","16,0","0,55","156,0","0,59","2,0","0,59","8,0","0,59","77,0","0,65","13,0","1,09","46,0","1,18","56,0","1,24","14,0","1,55","13,0","4,33","24,0","2,67","3,0","10,51","13,0","19,38",,,,,,,,,,,,,,,,,,,,,,,,,,,,,,,,,,
Subir,IGR,Blq. 5,Divisible,,,,,,,,,,,,,,,,,,,,,,,,,,,,,,,,,,,,,,,,,,,,,,,,,,,,,,,,,,,,,,,,,,,,,,,,,,,,"9,0","17,53","12,0","11,43","10,0","5,89","14,0","7,73","5,0","1,91","2,0","1,48","12,0","1,42","28,0","0,47","25,0","0,90","13,0","0,59","13,0","0,62","50,0","0,54","140,0","0,54","37,0","0,58","29,0","0,60","35,0","0,59","35,0","0,60","17,0","0,61","37,0","0,64","17,0","0,61","26,0","0,74","11,0","0,81","26,0","0,82","2,0","0,86","13,0","0,81","13,0","0,78","13,0","0,69","11,0","0,65","13,0","0,69","173,0","0,56","31,0","0,60","41,0","0,60","2,0","0,62","28,0","0,66","13,0","1,12","10,0","1,19","13,0","1,25","28,0","1,56","3,0","4,35","9,0","2,72","10,0","10,54","16,0","19,42",,,,,,,,,,,,,,,,,,,,,,,,,,,,,,,,,,
Subir,IGR,Blq. 6,Divisible,,,,,,,,,,,,,,,,,,,,,,,,,,,,,,,,,,,,,,,,,,,,,,,,,,,,,,,,,,,,,,,,,,,,,,,,,,,,"3,0","17,59","12,0","11,46","13,0","5,91","14,0","7,74","5,0","1,92","10,0","1,53","17,0","1,47","13,0","0,48","13,0","0,91","9,0","0,65","9,0","0,64","111,0","0,55","3,0","0,68","3,0","0,71","13,0","0,62","13,0","0,61","13,0","0,62","100,0","0,62","13,0","0,71","64,0","0,63","13,0","0,75","10,0","0,89","13,0","0,83","13,0","0,88","2,0","0,83","2,0","0,79","2,0","0,79","13,0","0,67","13,0","0,73","13,0","0,63","2,0","0,71","106,0","0,61","153,0","0,63","21,0","0,69","13,0","1,17","15,0","1,20","12,0","1,26","14,0","1,57","24,0","4,36","16,0","2,73","14,0","10,58","9,0","19,52",,,,,,,,,,,,,,,,,,,,,,,,,,,,,,,,,,
Subir,IGR,Blq. 7,Divisible,,,,,,,,,,,,,,,,,,,,,,,,,,,,,,,,,,,,,,,,,,,,,,,,,,,,,,,,,,,,,,,,,,,,,,,,,,,,"14,0","17,63","14,0","11,49","3,0","5,95","10,0","7,75","2,0","1,95","13,0","1,54","13,0","1,57","21,0","0,60","2,0","0,95","14,0","0,66","13,0","0,90","13,0","0,56","13,0","0,70","13,0","0,77","26,0","0,67","26,0","0,63","13,0","0,67","37,0","0,63","13,0","0,74","13,0","0,71","13,0","0,77","26,0","0,95","11,0","0,88","13,0","0,89","13,0","0,86","13,0","0,81","11,0","0,83","2,0","0,68","11,0","0,74","2,0","0,64","13,0","0,73","21,0","0,65","13,0","0,64","3,0","0,80","24,0","1,20","20,0","1,21","5,0","1,27","7,0","1,58","9,0","4,41","16,0","2,75","15,0","10,81","2,0","19,59",,,,,,,,,,,,,,,,,,,,,,,,,,,,,,,,,,
Subir,IGR,Blq. 8,Divisible,,,,,,,,,,,,,,,,,,,,,,,,,,,,,,,,,,,,,,,,,,,,,,,,,,,,,,,,,,,,,,,,,,,,,,,,,,,,"7,0","17,70","14,0","11,50","14,0","6,00","13,0","7,76","9,0","1,96","13,0","1,59","13,0","1,61","13,0","1,01","19,0","1,15","2,0","0,97","25,0","0,94","9,0","0,73","13,0","0,73","10,0","0,78","26,0","0,68","13,0","0,64","13,0","0,68","13,0","0,69","13,0","0,76","13,0","0,73","14,0","0,81","2,0","0,97","10,0","0,91","11,0","0,92","11,0","0,87","13,0","0,85","26,0","0,86","13,0","0,69","13,0","0,76","13,0","0,66","29,0","0,76","2,0","0,73","29,0","0,65","4,0","0,81","13,0","1,21","16,0","1,24","18,0","1,28","15,0","1,60","16,0","4,47","7,0","2,79","2,0","10,84","3,0","19,62",,,,,,,,,,,,,,,,,,,,,,,,,,,,,,,,,,
Subir,IGR,Blq. 9,Divisible,,,,,,,,,,,,,,,,,,,,,,,,,,,,,,,,,,,,,,,,,,,,,,,,,,,,,,,,,,,,,,,,,,,,,,,,,,,,"14,0","17,74","3,0","11,62","14,0","6,01","14,0","7,79","2,0","2,02","13,0","1,65","25,0","1,62","2,0","1,06","12,0","1,22","19,0","1,15","2,0","0,95","13,0","0,74","10,0","0,74","13,0","0,85","11,0","0,70","11,0","0,65","11,0","0,70","26,0","0,73","13,0","0,77","11,0","0,79","13,0","0,94","26,0","0,99","13,0","0,94","22,0","0,94","9,0","0,92","37,0","0,86","13,0","0,91","7,0","0,81","13,0","0,78","11,0","0,67","13,0","0,77","5,0","0,75","21,0","0,67","13,0","0,86","22,0","1,31","2,0","1,25","3,0","1,29","13,0","1,61","16,0","4,50","13,0","2,81","13,0","10,87","2,0","19,64",,,,,,,,,,,,,,,,,,,,,,,,,,,,,,,,,,
Subir,IGR,Blq.10,Divisible,,,,,,,,,,,,,,,,,,,,,,,,,,,,,,,,,,,,,,,,,,,,,,,,,,,,,,,,,,,,,,,,,,,,,,,,,,,,"12,0","17,77","10,0","11,70","14,0","6,04","14,0","7,84","4,0","2,04","25,0","1,77","13,0","1,64","19,0","1,15",,,"12,0","1,21","19,0","1,15","13,0","0,80","13,0","0,90","13,0","0,89","3,0","0,78","13,0","0,81","3,0","0,79","13,0","0,74","11,0","0,80","3,0","0,83","13,0","0,95","13,0","1,00","2,0","0,98","2,0","0,98","2,0","0,98","13,0","0,91","2,0","0,96","13,0","0,82","13,0","0,79","13,0","0,68","13,0","0,78","13,0","0,78","5,0","0,79","13,0","0,88","17,0","1,32","17,0","1,36","13,0","1,30","2,0","1,68","3,0","4,58","14,0","2,83","22,0","10,88","7,0","19,77",,,,,,,,,,,,,,,,,,,,,,,,,,,,,,,,,,
Subir,IGR,Blq.10,Indivisible,,,,,,,,,,,,,,,,,,,,,,,,,,,,,,,,,,,,,,,,,,,,,,,,,,,,,,,,,,,,,,,,,,,,,,,,,,,,,,,,,,,,,,,,,,,,"147,0","0,12",,,,,,,,,,,,,,,,,,,,,,,,,,,,,,,,,,,,,,,,,,,,,,,,,,,,,,,,,,,,,,,,,,,,,,,,,,,,,,,,,,,,,,,,,,,,,,,,,,,,
Subir,IGR,Blq.11,Divisible,,,,,,,,,,,,,,,,,,,,,,,,,,,,,,,,,,,,,,,,,,,,,,,,,,,,,,,,,,,,,,,,,,,,,,,,,,,,,,,,,,,,,,,,,,,,"69,0","0,13",,,,,,,,,,,,,,,,,,,,,,,,,,,,,,,,,,,,,,,,,,,,,,,,,,,,,,,,,,,,,,,,,,,,,,,,,,,,,,,,,,,,,,,,,,,,,,,,,,,,
Subir,IGR,Blq.11,Indivisible,,,,,,,,,,,,,,,,,,,,,,,,,,,,,,,,,,,,,,,,,,,,,,,,,,,,,,,,,,,,,,,,,,,,,,,,,,,,"133,0","16,10","149,0","10,45","134,0","5,42","166,0","6,90","147,0","1,70","145,0","1,21","159,0","1,07","170,0","0,13",,,"230,0","0,13","199,0","0,13","138,0","0,20","146,0","0,16","146,0","0,21","134,0","0,31","155,0","0,26","148,0","0,30","136,0","0,37","141,0","0,41","140,0","0,37","136,0","0,38","139,0","0,38","159,0","0,45","155,0","0,48","156,0","0,45","155,0","0,45","132,0","0,43","144,0","0,26","146,0","0,36","140,0","0,26","131,0","0,34","133,0","0,39","136,0","0,44","130,0","0,49","150,0","0,78","164,0","1,01","141,0","1,08","220,0","1,35","172,0","3,96","154,0","2,46","142,0","9,90","138,0","18,35",,,,,,,,,,,,,,,,,,,,,,,,,,,,,,,,,,
Subir,IGR,Blq.12,Divisible,,,,,,,,,,,,,,,,,,,,,,,,,,,,,,,,,,,,,,,,,,,,,,,,,,,,,,,,,,,,,,,,,,,,,,,,,,,,"13,0","17,80","26,0","11,92","21,0","6,05","5,0","7,85","13,0","2,08","13,0","1,80","24,0","1,72","12,0","1,29","27,0","0,14","43,0","0,14","12,0","1,18","14,0","0,86","37,0","1,00","14,0","0,92","10,0","0,84","10,0","0,82","10,0","0,84","11,0","0,77","3,0","0,82","10,0","0,88","38,0","0,99","23,0","1,08","12,0","0,99","12,0","0,99","12,0","0,99","2,0","0,97","12,0","0,99","13,0","0,84","7,0","0,84","13,0","0,70","13,0","0,79","13,0","0,79","3,0","0,80","13,0","0,89","40,0","1,40","13,0","1,37","2,0","1,33","13,0","1,75","7,0","4,59","19,0","2,87","13,0","10,95","14,0","19,81",,,,,,,,,,,,,,,,,,,,,,,,,,,,,,,,,,
Subir,IGR,Blq.13,Divisible,,,,,,,,,,,,,,,,,,,,,,,,,,,,,,,,,,,,,,,,,,,,,,,,,,,,,,,,,,,,,,,,,,,,,,,,,,,,"14,0","17,82","14,0","11,94","13,0","6,09","7,0","7,86","13,0","2,11","24,0","1,92","14,0","1,76","108,0","0,14","13,0","0,26","13,0","0,15","43,0","0,14","13,0","0,90","19,0","1,15","2,0","0,97","26,0","0,89","13,0","0,86","13,0","0,85","3,0","0,82","10,0","0,88","13,0","0,93","19,0","1,15","19,0","1,15","13,0","1,00","27,0","1,04","13,0","1,00","12,0","0,99","13,0","1,01","13,0","0,85","13,0","0,90","6,0","0,76","13,0","0,94","24,0","0,80","13,0","0,84","11,0","0,91","14,0","0,79","13,0","1,47","16,0","1,43","20,0","1,82","13,0","4,63","18,0","2,89","39,0","10,97","13,0","20,13",,,,,,,,,,,,,,,,,,,,,,,,,,,,,,,,,,
Subir,IGR,Blq.14,Divisible,,,,,,,,,,,,,,,,,,,,,,,,,,,,,,,,,,,,,,,,,,,,,,,,,,,,,,,,,,,,,,,,,,,,,,,,,,,,"10,0","17,93","13,0","11,96","5,0","6,25","12,0","7,88","13,0","2,13","13,0","1,93","26,0","1,81","4,0","0,17","11,0","0,33","11,0","0,33","13,0","0,17","2,0","0,94","18,0","0,18","12,0","1,00","13,0","0,94","26,0","0,90","13,0","0,90","10,0","0,88","13,0","0,94","13,0","0,96","41,0","0,39","41,0","0,39","14,0","1,01","13,0","1,06","27,0","1,03","13,0","1,02","14,0","1,07","13,0","0,90","13,0","0,92","13,0","0,86","13,0","0,95","13,0","0,82","24,0","0,86","13,0","0,92","14,0","0,80","21,0","1,49","13,0","1,50","13,0","1,83","27,0","4,65","5,0","2,90","13,0","10,99","5,0","20,40",,,,,,,,,,,,,,,,,,,,,,,,,,,,,,,,,,
Subir,IGR,Blq.15,Divisible,,,,,,,,,,,,,,,,,,,,,,,,,,,,,,,,,,,,,,,,,,,,,,,,,,,,,,,,,,,,,,,,,,,,,,,,,,,,"14,0","18,21","7,0","12,00","5,0","6,27","4,0","7,95","13,0","2,21","14,0","1,94","13,0","1,86","14,0","0,30","40,0","0,35","13,0","0,34","13,0","0,27","12,0","0,99","10,0","0,19","25,0","1,03","14,0","0,99","14,0","0,96","13,0","0,92","13,0","0,91","13,0","0,95","15,0","0,98","17,0","0,40","42,0","0,40","13,0","1,03","13,0","1,07","19,0","1,15","23,0","1,11","23,0","1,10","14,0","0,95","13,0","0,93","13,0","0,90","12,0","0,99","13,0","0,91","13,0","0,92","2,0","0,97","26,0","0,81","50,0","1,50","34,0","1,54","26,0","1,85","14,0","4,66","5,0","2,92","7,0","11,15","5,0","20,41",,,,,,,,,,,,,,,,,,,,,,,,,,,,,,,,,,
Subir,IGR,Blq.16,Divisible,,,,,,,,,,,,,,,,,,,,,,,,,,,,,,,,,,,,,,,,,,,,,,,,,,,,,,,,,,,,,,,,,,,,,,,,,,,,"5,0","18,57","14,0","12,03","13,0","6,43","5,0","7,97","25,0","2,27","13,0","1,95","42,0","1,08","13,0","0,32","69,0","0,42","40,0","0,35","11,0","0,33","25,0","1,02","14,0","0,20","19,0","1,15","12,0","1,00","2,0","0,97","2,0","0,97","13,0","0,96","2,0","0,98","12,0","0,99","16,0","0,43","4,0","0,41","13,0","1,04","19,0","1,15","18,0","0,46","19,0","1,15","19,0","1,15","2,0","0,96","2,0","0,94","14,0","0,97","22,0","1,06","2,0","0,95","2,0","0,96","12,0","1,04","5,0","0,83","14,0","1,67","26,0","1,55","11,0","1,87","11,0","4,69","5,0","2,94","13,0","11,19","14,0","20,42",,,,,,,,,,,,,,,,,,,,,,,,,,,,,,,,,,
Subir,IGR,Blq.17,Divisible,,,,,,,,,,,,,,,,,,,,,,,,,,,,,,,,,,,,,,,,,,,,,,,,,,,,,,,,,,,,,,,,,,,,,,,,,,,,"143,0","30,45","132,0","16,84","129,0","10,28","154,0","11,47","116,0","3,00","52,0","2,13","31,0","1,09","11,0","0,33","75,0","0,43","14,0","0,40","53,0","0,35","19,0","1,15","16,0","0,21","13,0","0,22","44,0","1,15","55,0","1,15","55,0","1,15","84,0","1,15","68,0","1,15","56,0","1,15","9,0","0,44","29,0","0,42","42,0","1,15","4,0","0,49","46,0","0,47","30,0","0,46","5,0","0,44","54,0","1,15","67,0","1,15","31,0","1,15","19,0","1,15","105,0","1,15","79,0","1,15","93,0","1,15","109,0","0,84","26,0","1,69","37,0","1,75","52,0","2,10","159,0","7,75","131,0","4,38","136,0","12,81","84,0","34,56",,,,,,,,,,,,,,,,,,,,,,,,,,,,,,,,,,
Subir,IGR,Blq.18,Divisible,,,,,,,,,,,,,,,,,,,,,,,,,,,,,,,,,,,,,,,,,,,,,,,,,,,,,,,,,,,,,,,,,,,,,,,,,,,,"12,0","16,16","22,0","10,52","4,0","5,44","25,0","6,91","8,0","1,71","16,0","1,23","5,0","1,10","14,0","0,35","63,0","0,44","10,0","0,43","16,0","0,41","14,0","0,21","9,0","0,23","37,0","0,24","21,0","0,32","25,0","0,27","17,0","0,31","14,0","0,38","28,0","0,42","48,0","0,38","14,0","0,47","9,0","0,45","29,0","0,46","50,0","0,50","30,0","0,48","13,0","0,47","38,0","0,45","29,0","0,27","10,0","0,37","13,0","0,27","16,0","0,35","28,0","0,40","30,0","0,45","12,0","0,50","41,0","0,85","25,0","1,02","25,0","1,10","24,0","1,37","33,0","3,97","18,0","2,47","29,0","9,94","3,0","18,41",,,,,,,,,,,,,,,,,,,,,,,,,,,,,,,,,,
Subir,IGR,Blq.19,Divisible,,,,,,,,,,,,,,,,,,,,,,,,,,,,,,,,,,,,,,,,,,,,,,,,,,,,,,,,,,,,,,,,,,,,,,,,,,,,"3,0","16,25","12,0","10,59","13,0","5,48","9,0","6,94","63,0","1,75","27,0","1,24","2,0","1,13","39,0","0,36",,,"15,0","0,44","10,0","0,43","10,0","0,22","16,0","0,27","30,0","0,26","14,0","0,34","10,0","0,31","14,0","0,33","27,0","0,39","13,0","0,43","13,0","0,39","14,0","0,53","10,0","0,47","16,0","0,47","33,0","0,51","13,0","0,49","20,0","0,48","33,0","0,46","5,0","0,28","37,0","0,38","12,0","0,28","27,0","0,36","15,0","0,41","14,0","0,46","12,0","0,51","56,0","0,86","14,0","1,03","3,0","1,11","5,0","1,39","25,0","3,98","4,0","2,49","26,0","9,95","14,0","18,46",,,,,,,,,,,,,,,,,,,,,,,,,,,,,,,,,,
Subir,IGR,Blq.20,Divisible,,,,,,,,,,,,,,,,,,,,,,,,,,,,,,,,,,,,,,,,,,,,,,,,,,,,,,,,,,,,,,,,,,,,,,,,,,,,"3,0","16,42","9,0","10,65","12,0","5,52","3,0","7,08","30,0","1,76","40,0","1,25","38,0","1,15","47,0","0,41",,,,,"15,0","0,45","23,0","0,23","14,0","0,39","14,0","0,28","40,0","0,35","14,0","0,32","29,0","0,34","16,0","0,40","30,0","0,44","27,0","0,40","2,0","0,57","24,0","0,58","13,0","0,48","13,0","0,52","10,0","0,51","10,0","0,49","23,0","0,47","13,0","0,29","19,0","0,39","14,0","0,29","2,0","0,38","22,0","0,42","14,0","0,47","9,0","0,52","13,0","0,87","5,0","1,04","37,0","1,12","8,0","1,40","2,0","3,99","3,0","2,50","12,0","10,01","12,0","18,53",,,,,,,,,,,,,,,,,,,,,,,,,,,,,,,,,,
Subir,IGR,Blq.21,Divisible,,,,,,,,,,,,,,,,,,,,,,,,,,,,,,,,,,,,,,,,,,,,,,,,,,,,,,,,,,,,,,,,,,,,,,,,,,,,"14,0","16,45","3,0","10,85","12,0","5,59","13,0","7,20","26,0","1,78","79,0","1,27","27,0","1,16",,,,,,,,,"16,0","0,25","14,0","0,44","9,0","0,29","9,0","0,36","9,0","0,33","14,0","0,36","13,0","0,41","9,0","0,45","29,0","0,41","36,0","0,58","54,0","0,61","9,0","0,49","9,0","0,53","14,0","0,56","13,0","0,51","29,0","0,48","30,0","0,30","13,0","0,40","5,0","0,31","13,0","0,39","25,0","0,44","25,0","0,48","14,0","0,53",,,"26,0","1,05","6,0","1,13","2,0","1,44","6,0","4,00","13,0","2,52","11,0","10,03","19,0","18,71",,,,,,,,,,,,,,,,,,,,,,,,,,,,,,,,,,
Subir,IGR,Blq.22,Divisible,,,,,,,,,,,,,,,,,,,,,,,,,,,,,,,,,,,,,,,,,,,,,,,,,,,,,,,,,,,,,,,,,,,,,,,,,,,,"12,0","16,52","13,0","10,87","14,0","5,63","5,0","7,22","17,0","1,79","12,0","1,28","9,0","1,23",,,,,,,,,"14,0","0,26",,,"16,0","0,32","14,0","0,37","16,0","0,36","9,0","0,37","23,0","0,42","14,0","0,48","16,0","0,43",,,,,"14,0","0,51","14,0","0,54","16,0","0,60","14,0","0,54","13,0","0,51","13,0","0,31","22,0","0,41","25,0","0,32","5,0","0,40","5,0","0,45","13,0","0,49","13,0","0,54",,,"24,0","1,06","14,0","1,15","13,0","1,45","5,0","4,02","4,0","2,53","7,0","10,23","14,0","18,82",,,,,,,,,,,,,,,,,,,,,,,,,,,,,,,,,,
Subir,IGR,Blq.23,Divisible,,,,,,,,,,,,,,,,,,,,,,,,,,,,,,,,,,,,,,,,,,,,,,,,,,,,,,,,,,,,,,,,,,,,,,,,,,,,"16,0","16,67","2,0","10,93","2,0","5,64","20,0","7,25","3,0","1,80","40,0","1,29","4,0","1,26",,,,,,,,,"16,0","0,29",,,"13,0","0,38","16,0","0,40","13,0","0,42","13,0","0,47","16,0","0,43","10,0","0,49","9,0","0,44",,,,,"10,0","0,53","10,0","0,56","16,0","0,63","14,0","0,56","14,0","0,54","13,0","0,33","4,0","0,42","13,0","0,33","13,0","0,41","4,0","0,46","23,0","0,50","23,0","0,55",,,"9,0","1,08","14,0","1,16","9,0","1,46","13,0","4,05","14,0","2,55","8,0","10,34","6,0","18,84",,,,,,,,,,,,,,,,,,,,,,,,,,,,,,,,,,
Subir,IGR,Blq.24,Divisible,,,,,,,,,,,,,,,,,,,,,,,,,,,,,,,,,,,,,,,,,,,,,,,,,,,,,,,,,,,,,,,,,,,,,,,,,,,,"16,0","16,74","3,0","11,07","30,0","5,66","16,0","7,35","32,0","1,81","3,0","1,31",,,,,,,,,,,"14,0","0,39",,,"14,0","0,42","13,0","0,47","14,0","0,45","14,0","0,49","10,0","0,45","14,0","0,53","14,0","0,47",,,,,"14,0","0,55","25,0","0,61",,,"10,0","0,59","24,0","0,59","14,0","0,43","14,0","0,49","4,0","0,38","18,0","0,42","5,0","0,47","5,0","0,52","7,0","0,56",,,"23,0","1,09","16,0","1,17","17,0","1,49","3,0","4,07","15,0","2,56","13,0","10,38","26,0","18,95",,,,,,,,,,,,,,,,,,,,,,,,,,,,,,,,,,
Subir,IGR,Blq.25,Divisible,,,,,,,,,,,,,,,,,,,,,,,,,,,,,,,,,,,,,,,,,,,,,,,,,,,,,,,,,,,,,,,,,,,,,,,,,,,,"20,0","16,80","12,0","11,10","14,0","5,78","14,0","7,39","28,0","1,82","27,0","1,32",,,,,,,,,,,"14,0","0,44",,,,,"14,0","0,48","2,0","0,52","9,0","0,55","14,0","0,48","15,0","0,56","10,0","0,48",,,,,"17,0","0,60",,,,,,,,,"14,0","0,46","14,0","0,50","14,0","0,43","32,0","0,48","14,0","0,49","18,0","0,53","5,0","0,57",,,"2,0","1,10","23,0","1,20","27,0","1,50","14,0","4,09","9,0","2,58","9,0","10,40","13,0","19,07",,,,,,,,,,,,,,,,,,,,,,,,,,,,,,,,,,
Subir,IGS,Blq. 1,Divisible,,,,,,,,,,,,,,,,,,,,,,,,,,,,,,,,,,,,,,,,,,,,,,,,,,,,,,,,,,,,,,,,,,,,,,,,,,,,,,,,,,,,,,,,,,,,,,,,,,,,,,,,,,,,,,,,,,,,,,,,,,,,,,,,,,,,,,,,,,,,,,,,,,,,,,,,,,,,,,,,,,"1,0","88,45",,,"1,0","124,87",,,,,,,,,,,,,,,,,,,,,,,,,,
Subir,IGS,Blq. 1,Indivisible,,"42,0","64,72","30,0","61,62","37,0","61,71","37,0","58,80","27,0","61,09","37,0","60,88","36,0","58,21","36,0","60,16","36,0","59,71","35,0","58,66","35,0","58,18","35,0","57,27","33,0","60,01","32,0","58,98","31,0","58,45","31,0","58,56","30,0","58,37","31,0","60,26","31,0","59,34","28,0","59,66","23,0","61,26","22,0","60,61","28,0","59,94","18,0","63,02","19,0","63,09","17,0","62,58","17,0","61,08","21,0","62,77","18,0","80,34","20,0","79,82",,,,,,,,,,,,,,,,,,,,,,,,,,,,,,,,,,,,,,,,,,,,,"22,0","4,13","20,0","4,54","24,0","3,17","25,0","3,23","27,0","3,29","29,0","3,42","30,0","3,61","34,0","3,25","34,0","3,27","37,0","3,04","39,0","2,78","41,0","2,86","41,0","2,91","42,0","2,96","41,0","3,00","43,0","3,06","44,0","3,08","44,0","3,09","44,0","3,12","45,0","3,35","45,0","3,43","46,0","3,49","45,0","3,90","45,0","8,26","44,0","5,72","44,0","18,49","44,0","32,35","41,0","41,41",,,"38,0","54,15",,,"30,0","59,98","30,0","57,65","24,0","60,67","28,0","63,95","21,0","62,53","21,0","68,36","20,0","69,72","28,0","75,64","28,0","67,55","29,0","67,55","22,0","62,66","32,0","63,46","24,0","61,45"
Subir,IGS,Blq. 2,Divisible,,"19,0","67,32","12,0","62,34","1,0","69,53","13,0","64,15","11,0","62,17","12,0","66,31","12,0","63,25","1,0","63,20","10,0","62,95","10,0","61,86","10,0","61,30","10,0","60,22","3,0","63,87","3,0","62,71","3,0","62,02","3,0","62,06","3,0","61,19","3,0","62,16","3,0","60,78","3,0","62,43","7,0","61,32","6,0","61,24","5,0","74,94","6,0","63,78","2,0","63,66","6,0","63,15","6,0","62,89","3,0","87,67","1,0","85,27","1,0","82,01",,,,,,,,,,,,,,,,,,,,,,,,,,,,,,,,,,,,,,,,,,,,,"1,0","4,41","2,0","6,00","2,0","6,00","3,0","4,13","2,0","6,00","3,0","4,24","2,0","5,78","2,0","5,95","2,0","6,05","2,0","3,25","3,0","3,01","3,0","3,02","3,0","3,00","3,0","3,03","5,0","3,01","2,0","3,71","2,0","3,68","2,0","3,65","2,0","3,62","2,0","3,87","3,0","4,09","3,0","4,09","2,0","6,49","2,0","10,19","4,0","9,10","2,0","20,88","2,0","33,77","4,0","42,22",,,"2,0","57,53",,,"10,0","61,71","5,0","58,35","9,0","60,72","2,0","65,43","9,0","62,93","9,0","68,78","8,0","71,73","3,0","76,67","3,0","68,30","10,0","69,15","10,0","63,47","4,0","63,78","10,0","61,57"
Subir,IGS,Blq. 2,Indivisible,,,,,,,,,,,,,,,,,,,,,,,,,,,,,,,,,,,,,,,,,,,,,,,,,,,,,,,,,,,,,,,,,,,,,,,,,,,,,,,,,,,,,,,,,,,,,,,,,,,,,,,,,,,,,,,,,,,,,,,,,,,,,,,,,,,,,,,,,,,,,,,,,,,,,,,,,,,,,,,,,,"38,0","40,32",,,"28,0","57,32",,,,,,,,,,,,,,,,,,,,,,,,,,
Subir,IGS,Blq. 3,Divisible,,"4,0","72,09","18,0","63,20","14,0","70,34","1,0","66,14","13,0","66,19","1,0","67,49","1,0","65,34","10,0","63,47","1,0","63,51","1,0","62,77","3,0","64,14","3,0","63,76","3,0","68,03","3,0","66,32","3,0","65,16","3,0","64,71","3,0","63,46","7,0","72,54","7,0","71,03","7,0","69,51","7,0","68,12","6,0","64,90",,,"2,0","65,67","2,0","63,96","5,0","71,77","5,0","70,81",,,"3,0","85,91",,,,,,,,,,,,,,,,,,,,,,,,,,,,,,,,,,,,,,,,,,,,,,,,,,,,,,,,,,,,,,,,,"2,0","6,07","2,0","6,10","2,0","6,13","2,0","6,08","2,0","5,97","2,0","6,00","2,0","6,00","2,0","6,00","2,0","4,69","2,0","4,91","3,0","4,04","1,0","6,04","1,0","4,88","1,0","6,61","2,0","12,56","1,0","11,88","2,0","26,35","2,0","44,93","2,0","45,24","2,0","41,43","1,0","63,45","10,0","57,46","10,0","65,47","11,0","58,83","11,0","62,16","3,0","65,86","10,0","65,95","10,0","72,51","10,0","72,39","10,0","77,00","10,0","69,37","10,0","76,18","4,0","64,29","12,0","70,02","13,0","65,91"
Subir,IGS,Blq. 4,Divisible,,"4,0","73,72","4,0","68,68","3,0","75,00","3,0","70,22","1,0","70,14","3,0","70,19","3,0","67,35","3,0","64,41","3,0","64,54","3,0","64,06","3,0","69,17","3,0","68,35","9,0","77,36","9,0","75,89","9,0","75,03","9,0","75,02","8,0","73,82",,,,,,,,,,,,,"5,0","73,70","5,0","72,58",,,,,,,,,,,,,,,,,,,,,,,,,,,,,,,,,,,,,,,,,,,,,,,,,,,,,,,,,,,,,,,,,,,,,,,,,,,,,,,,,,,,,"1,0","6,70","1,0","7,05","2,0","6,00","2,0","6,00","2,0","6,80","2,0","6,33","1,0","6,05","2,0","7,38",,,"1,0","13,01","1,0","38,39","1,0","66,21","2,0","57,97","4,0","43,16","3,0","68,04","10,0","60,38","2,0","68,33","12,0","62,45","11,0","68,38","10,0","68,67","3,0","66,78","3,0","73,89","3,0","72,95","1,0","84,18","10,0","75,60","1,0","84,88","12,0","68,12","2,0","88,19","1,0","70,33"
Subir,IGS,Blq. 5,Divisible,,"1,0","75,73","4,0","70,06","3,0","76,56","3,0","71,42","3,0","73,75","3,0","70,42","3,0","74,48","3,0","70,72","3,0","70,36","3,0","69,45","2,0","74,08","1,0","112,36","1,0","117,92","1,0","113,19",,,,,,,,,,,,,,,,,,,,,,,,,,,,,,,,,,,,,,,,,,,,,,,,,,,,,,,,,,,,,,,,,,,,,,,,,,,,,,,,,,,,,,,,,,,,,,,,,,,,,,,,,,,,,,,,,,,,,,,"2,0","6,96",,,,,,,"1,0","51,90","1,0","99,55","1,0","86,70","1,0","44,77","3,0","68,51","2,0","62,34","3,0","75,80","3,0","74,42","1,0","69,55","11,0","73,24","12,0","69,46","12,0","76,55","11,0","80,06","10,0","84,55","2,0","98,39","2,0","97,84","1,0","73,59","3,0","110,22","2,0","84,78"
Subir,IGS,Blq. 6,Divisible,,"3,0","95,14","1,0","72,97","3,0","84,69","3,0","79,11","3,0","74,52","3,0","78,16","2,0","84,42","2,0","79,72","2,0","82,79","2,0","75,84",,,,,,,,,,,,,,,,,,,,,,,,,,,,,,,,,,,,,,,,,,,,,,,,,,,,,,,,,,,,,,,,,,,,,,,,,,,,,,,,,,,,,,,,,,,,,,,,,,,,,,,,,,,,,,,,,,,,,,,,,,,,,,,,,,,,,,,,,,,"1,0","138,04","3,0","47,77","9,0","72,53","1,0","68,95","3,0","85,70","4,0","75,22","3,0","75,27","1,0","74,43","1,0","74,60","1,0","81,79","1,0","80,47","2,0","100,98","3,0","117,33","3,0","117,62","2,0","88,98",,,"3,0","108,06"
Subir,IGS,Blq. 7,Divisible,,,,"3,0","90,28",,,,,"3,0","82,67",,,,,,,,,,,,,,,,,,,,,,,,,,,,,,,,,,,,,,,,,,,,,,,,,,,,,,,,,,,,,,,,,,,,,,,,,,,,,,,,,,,,,,,,,,,,,,,,,,,,,,,,,,,,,,,,,,,,,,,,,,,,,,,,,,,,,,,,,,,,,,,,,,,,,,,"9,0","52,50","2,0","76,46","3,0","71,38","1,0","117,69","1,0","120,25","2,0","81,54","3,0","78,49","3,0","76,47","2,0","101,78","2,0","99,09","2,0","108,86","1,0","136,21","1,0","130,05","3,0","109,10",,,,
Subir,IGS,Blq. 8,Divisible,,,,,,,,,,,,,,,,,,,,,,,,,,,,,,,,,,,,,,,,,,,,,,,,,,,,,,,,,,,,,,,,,,,,,,,,,,,,,,,,,,,,,,,,,,,,,,,,,,,,,,,,,,,,,,,,,,,,,,,,,,,,,,,,,,,,,,,,,,,,,,,,,,,,,,,,,,,,,,,,,,"2,0","58,23","2,0","78,79","3,0","76,28","1,0","127,91",,,"3,0","95,72","2,0","89,14","2,0","90,93","2,0","103,42","2,0","101,96","3,0","130,09",,,,,"1,0","116,14",,,,
Subir,IGS,Blq. 9,Divisible,,,,,,,,,,,,,,,,,,,,,,,,,,,,,,,,,,,,,,,,,,,,,,,,,,,,,,,,,,,,,,,,,,,,,,,,,,,,,,,,,,,,,,,,,,,,,,,,,,,,,,,,,,,,,,,,,,,,,,,,,,,,,,,,,,,,,,,,,,,,,,,,,,,,,,,,,,,,,,,,,,"2,0","59,93","1,0","100,66","2,0","84,41","1,0","148,66",,,,,"3,0","105,68","3,0","108,89","3,0","122,18","3,0","122,13",,,,,,,,,,,,
Subir,IGS,Blq.10,Divisible,,,,,,,,,,,,,,,,,,,,,,,,,,,,,,,,,,,,,,,,,,,,,,,,,,,,,,,,,,,,,,,,,,,,,,,,,,,,,,,,,,,,,,,,,,,,,,,,,,,,,,,,,,,,,,,,,,,,,,,,,,,,,,,,,,,,,,,,,,,,,,,,,,,,,,,,,,,,,,,,,,"1,0","79,73",,,"1,0","108,25",,,,,,,,,,,,,,,,,,,,,,,,,,
Subir,IMA,Blq. 1,Divisible,,"10,0","0,37","10,0","0,37","10,0","0,37","10,0","0,37","10,0","0,37","10,0","0,37","10,0","0,37","10,0","0,37","10,0","0,37","10,0","0,37","10,0","0,37","10,0","0,37","10,0","0,37","10,0","0,37","10,0","0,37","10,0","0,37","10,0","0,37","10,0","0,37","10,0","0,37","10,0","0,37","10,0","0,37","10,0","0,37","10,0","0,37","10,0","0,37","10,0","0,37","10,0","0,37","10,0","0,37","10,0","0,37","10,0","0,37","10,0","0,37","10,0","0,37","10,0","0,37","10,0","0,37","10,0","0,37","10,0","0,37","10,0","0,37","10,0","0,37","10,0","0,37","10,0","0,37","10,0","0,37","10,0","0,37","10,0","0,37","106,0","0,37","106,0","0,37","106,0","0,37","106,0","0,37","106,0","0,37","106,0","0,37","106,0","0,37","106,0","0,37","106,0","0,37","106,0","0,37","106,0","0,37","106,0","0,37","106,0","0,37","106,0","0,37","106,0","0,37","106,0","0,37","106,0","0,37","106,0","0,37","106,0","0,37","106,0","0,37","106,0","0,37","106,0","0,37","106,0","0,37","106,0","0,37","106,0","0,37","106,0","0,37","106,0","0,37","106,0","0,37","106,0","0,37","106,0","0,37","106,0","0,37","105,0","0,37","104,0","0,37","10,0","0,37","10,0","0,37","10,0","0,37","10,0","0,37","10,0","0,37","10,0","0,37","10,0","0,37","10,0","0,37","10,0","0,37","137,0","0,76","137,0","0,76","137,0","0,76","137,0","0,76","10,0","0,37","10,0","0,37","10,0","0,37","10,0","0,37","10,0","0,37","10,0","0,37","10,0","0,37","10,0","0,37"
Subir,IMA,Blq. 2,Divisible,,"185,0","0,87","185,0","0,87","185,0","0,87","185,0","0,87","59,0","0,78","59,0","0,78","59,0","0,78","59,0","0,78","81,0","0,76","81,0","0,76","81,0","0,76","81,0","0,76","271,0","0,78","271,0","0,78","271,0","0,78","271,0","0,78","81,0","0,76","81,0","0,76","81,0","0,76","81,0","0,76","79,0","0,76","79,0","0,76","79,0","0,76","79,0","0,76","79,0","0,76","79,0","0,76","79,0","0,76","79,0","0,76","81,0","0,76","81,0","0,76","81,0","0,76","81,0","0,76","33,0","0,76","33,0","0,76","33,0","0,76","33,0","0,76","91,0","0,98","91,0","0,98","91,0","0,98","91,0","0,98","91,0","0,98","95,0","0,56","91,0","0,98","91,0","0,98","91,0","0,98","91,0","0,98","91,0","0,98","91,0","0,98","91,0","0,98","91,0","0,98","91,0","0,98","91,0","0,98","91,0","0,98","91,0","0,98","91,0","0,98","91,0","0,98","91,0","0,98","91,0","0,98","91,0","0,98","91,0","0,98","91,0","0,98","91,0","0,98","91,0","0,98","91,0","0,98","91,0","0,98","91,0","0,98","91,0","0,98","91,0","0,98","69,0","0,98","69,0","0,98","69,0","0,98","69,0","0,98","69,0","0,98","69,0","0,98","69,0","0,98","69,0","0,98","25,0","0,80","25,0","0,80","25,0","0,80","25,0","0,80","26,0","0,76","26,0","0,76","26,0","0,76","26,0","0,76","157,0","0,98","157,0","0,98","66,0","0,98","89,0","0,98","153,0","0,76","153,0","0,76","153,0","0,76","153,0","0,76","153,0","0,76","153,0","0,76","153,0","0,76","153,0","0,76"
Subir,IMA,Blq. 3,Divisible,,"69,0","0,98","225,0","0,98","225,0","0,98","180,0","0,98","1,0","0,80","1,0","0,80","1,0","0,80","1,0","0,80","51,0","0,78","51,0","0,78","51,0","0,78","51,0","0,78","4,0","0,80","4,0","0,80","4,0","0,80","4,0","0,80","51,0","0,78","51,0","0,78","51,0","0,78","51,0","0,78","51,0","0,78","51,0","0,78","51,0","0,78","51,0","0,78","51,0","0,78","51,0","0,78","51,0","0,78","51,0","0,78","4,0","0,80","4,0","0,80","4,0","0,80","4,0","0,80","37,0","0,80","37,0","0,80","37,0","0,80","37,0","0,80","88,0","18,59","89,0","12,33","89,0","7,79","93,0","3,44","93,0","4,79","91,0","0,98","10,0","4,87","10,0","4,74","10,0","4,50","10,0","4,50","10,0","4,50","10,0","4,50","10,0","4,50","10,0","4,50","10,0","4,50","10,0","4,50","10,0","4,50","10,0","4,50","10,0","4,50","10,0","4,50","10,0","4,50","10,0","4,50","10,0","4,50","10,0","4,50","10,0","4,50","10,0","4,50","10,0","4,50","10,0","4,50","10,0","4,50","10,0","4,50","10,0","4,50","10,0","4,50","10,0","4,50","10,0","4,50","10,0","4,50","10,0","4,63","10,0","4,66","10,0","4,71","10,0","4,94","94,0","2,40","69,0","0,98","69,0","0,98","92,0","0,98","92,0","0,98","4,0","0,80","4,0","0,80","4,0","0,80","4,0","0,80","100,0","24,75","100,0","24,75","23,0","1,51","45,0","1,44","19,0","0,83","19,0","0,83","19,0","0,83","19,0","0,83","19,0","0,83","19,0","0,83","19,0","0,83","19,0","0,83"
Subir,IMA,Blq. 4,Divisible,,"20,0","1,33","20,0","25,62",,,"45,0","3,76","105,0","0,87","105,0","0,87","105,0","0,87","105,0","0,87","4,0","0,80","4,0","0,80","4,0","0,80","4,0","0,80","115,0","0,98","115,0","0,98","115,0","0,98","115,0","0,98","4,0","0,80","4,0","0,80","4,0","0,80","4,0","0,80","4,0","0,80","4,0","0,80","4,0","0,80","4,0","0,80","4,0","0,80","4,0","0,80","4,0","0,80","4,0","0,80","92,0","0,98","92,0","0,98","92,0","0,98","92,0","0,98","114,0","0,98","91,0","0,98","91,0","0,98","91,0","0,98","50,0","22,18","9,0","17,04","10,0","12,50","10,0","8,15","10,0","9,50","10,0","5,27","100,0","35,89","50,0","35,91","100,0","36,30","100,0","36,30","100,0","36,30","100,0","36,30","100,0","36,30","100,0","36,30","100,0","36,30","100,0","36,30","100,0","36,30","100,0","36,30","100,0","36,30","100,0","36,30","100,0","36,30","100,0","36,30","100,0","36,30","100,0","36,30","100,0","36,30","100,0","36,30","100,0","36,30","100,0","36,30","100,0","36,30","100,0","36,30","100,0","36,30","100,0","36,30","100,0","36,30","100,0","36,30","100,0","36,30","125,0","36,16","165,0","36,12","166,0","36,07","167,0","35,82","10,0","7,11","93,0","1,14","89,0","7,43","87,0","14,30","87,0","19,26","92,0","0,98","157,0","0,98","157,0","0,98","157,0","0,98","86,0","26,00","46,0","26,00","45,0","1,82","23,0","1,71","23,0","3,96","23,0","3,92","23,0","6,46","23,0","2,35","23,0","2,35","157,0","0,98","157,0","0,98","157,0","0,98"
Subir,IMA,Blq. 5,Divisible,,"23,0","1,34",,,,,,,"225,0","0,98","225,0","0,98","225,0","0,98","225,0","0,98","203,0","0,98","203,0","0,98","203,0","0,98","203,0","0,98",,,,,,,,,"115,0","0,98","115,0","0,98","115,0","0,98","115,0","0,98","115,0","0,98","115,0","0,98","115,0","0,98","115,0","0,98","115,0","0,98","115,0","0,98","115,0","0,98","115,0","0,98","50,0","1,26","50,0","1,26","50,0","1,26","50,0","1,26","50,0","2,56","50,0","2,56","50,0","2,56","50,0","2,56","50,0","22,68","50,0","22,18","50,0","22,18","50,0","22,18","106,0","30,80","104,0","35,45","50,0","35,91","100,0","36,03","50,0","38,30","50,0","38,30","50,0","38,30","50,0","38,30","50,0","38,30","50,0","38,30","50,0","38,30","50,0","38,30","50,0","38,30","50,0","38,30","50,0","38,30","50,0","38,30","50,0","38,30","50,0","38,30","50,0","38,30","50,0","38,30","50,0","38,30","50,0","38,30","50,0","38,30","50,0","38,30","50,0","38,30","50,0","38,30","50,0","38,30","50,0","38,30","50,0","38,26","50,0","38,26","50,0","38,26","50,0","38,26","50,0","37,02","50,0","37,02","50,0","37,02","167,0","33,43","10,0","5,85","10,0","12,14","4,0","19,01","50,0","22,19","50,0","1,26","50,0","1,26","50,0","1,26","50,0","1,26",,,,,"23,0","2,10","100,0","26,16","23,0","4,00","23,0","3,97","23,0","6,51","23,0","2,40","23,0","2,40","61,0","25,12","61,0","25,33","61,0","24,75"
Subir,IMA,Blq. 6,Divisible,,"45,0","1,90",,,,,,,,,,,,,,,"50,0","1,26","50,0","1,26","50,0","1,26","50,0","1,26",,,,,,,,,"50,0","1,26","50,0","1,26","50,0","1,26","50,0","1,26","50,0","1,26","50,0","1,26","50,0","1,26","50,0","1,26","50,0","1,26","50,0","1,26","50,0","1,26","50,0","1,26","50,0","1,76","50,0","1,76","50,0","1,76","50,0","1,76","50,0","3,06","50,0","3,06","50,0","3,06","50,0","3,06","50,0","23,18","50,0","22,68","50,0","22,68","50,0","22,68","50,0","35,91","50,0","35,91","50,0","36,41","50,0","36,41","50,0","38,80","50,0","38,80","50,0","38,80","50,0","38,80","50,0","38,80","50,0","38,80","50,0","38,80","50,0","38,80","50,0","38,80","50,0","38,80","50,0","38,80","50,0","38,80","50,0","38,80","50,0","38,80","50,0","38,80","50,0","38,80","50,0","38,80","50,0","38,80","50,0","38,80","50,0","38,80","50,0","38,80","50,0","38,80","50,0","38,80","50,0","38,80","50,0","38,76","50,0","38,76","50,0","38,76","50,0","38,76","50,0","37,52","50,0","37,52","50,0","37,52","50,0","37,02","50,0","22,19","50,0","22,19","50,0","22,19","50,0","22,69","50,0","1,76","50,0","1,76","50,0","1,76","50,0","1,76",,,,,"100,0","26,59","6,0","27,41","20,0","4,13","20,0","4,09","20,0","6,63","20,0","2,52","20,0","2,52",,,,,,
Subir,IMA,Blq. 7,Divisible,,"45,0","2,21",,,,,,,,,,,,,,,"1,0","24,75","1,0","24,75","1,0","24,75","1,0","24,75",,,,,,,,,"50,0","1,76","50,0","1,76","50,0","1,76","50,0","1,76","50,0","1,76","50,0","1,76","50,0","1,76","50,0","1,76","50,0","1,76","50,0","1,76","50,0","1,76","50,0","1,76","133,0","24,75","173,0","24,75","200,0","24,75","5,0","23,54","50,0","3,56","50,0","3,56","50,0","3,56","50,0","3,56","2,0","23,30","50,0","23,18","50,0","23,18","50,0","23,18","50,0","36,41","50,0","36,41","50,0","36,91","50,0","36,91","50,0","39,30","50,0","39,30","50,0","39,30","50,0","39,30","50,0","39,30","50,0","39,30","50,0","39,30","50,0","39,30","50,0","39,30","50,0","39,30","50,0","39,30","50,0","39,30","50,0","39,30","50,0","39,30","50,0","39,30","50,0","39,30","50,0","39,30","50,0","39,30","50,0","39,30","50,0","39,30","50,0","39,30","50,0","39,30","50,0","39,30","50,0","39,30","50,0","39,26","50,0","39,26","50,0","39,26","50,0","39,26","50,0","38,02","50,0","38,02","50,0","38,02","50,0","37,52","50,0","22,69","50,0","22,69","50,0","22,69","50,0","23,19","50,0","2,26","50,0","2,26","50,0","2,26","50,0","2,26",,,,,"6,0","27,84",,,"23,0","4,70","23,0","4,67","23,0","7,20","23,0","3,09","23,0","3,09",,,,,,
Subir,IMA,Blq. 8,Divisible,,"23,0","2,49",,,,,,,,,,,,,,,,,,,,,,,,,,,,,,,"39,0","24,75","39,0","24,75","39,0","24,75","39,0","24,75","41,0","24,75","41,0","24,75","41,0","24,75","41,0","24,75","41,0","24,75","41,0","24,75","41,0","24,75","41,0","24,75","100,0","26,00","100,0","26,00","113,0","26,00","200,0","24,75","136,0","24,75","132,0","24,75","83,0","19,73","87,0","17,29","159,0","24,75","151,0","24,75","150,0","27,50","146,0","32,28","50,0","36,91","50,0","36,91","63,0","51,40","63,0","51,60","63,0","51,97","63,0","51,98","63,0","51,98","63,0","51,98","63,0","51,98","63,0","51,98","63,0","51,98","63,0","51,98","63,0","51,98","63,0","51,98","63,0","51,98","63,0","51,98","63,0","51,98","63,0","51,98","63,0","51,98","63,0","51,98","63,0","51,98","63,0","51,98","63,0","51,98","63,0","51,98","63,0","51,98","63,0","51,98","63,0","51,98","63,0","51,98","85,0","51,98","85,0","51,98","85,0","51,98","100,0","51,78","100,0","51,72","100,0","51,65","100,0","51,30","50,0","38,02","50,0","23,19","50,0","23,19","50,0","23,19","136,0","24,75","80,0","19,87","106,0","24,75","100,0","24,75","100,0","24,75",,,,,,,,,"45,0","5,01","45,0","4,98","45,0","7,52","45,0","3,40","45,0","3,40",,,,,,
Subir,IMA,Blq. 9,Divisible,,"20,0","27,02",,,,,,,,,,,,,,,,,,,,,,,,,,,,,,,,,,,,,,,,,,,,,,,,,,,,,,,,,,,,,"108,0","26,00","100,0","26,00","100,0","26,00","100,0","24,75","100,0","24,75","100,0","26,00","100,0","32,66","100,0","39,65","100,0","46,35","100,0","44,27","100,0","50,79",,,,,,,,,,,,,,,,,,,,,,,,,,,,,,,,,,,,,,,,,,,,,,,,,,,,,,,,,,,,,,,,,,,"100,0","47,96","143,0","34,81","147,0","27,90","132,0","24,75","100,0","26,00","100,0","24,75","100,0","26,00","82,0","26,00","67,0","26,00",,,,,,,,,"23,0","5,28","23,0","5,25","23,0","7,79","23,0","3,68","23,0","3,68",,,,,,
Subir,IMA,Blq.10,Divisible,,,,,,,,,,,,,,,,,,,,,,,,,,,,,,,,,,,,,,,,,,,,,,,,,,,,,,,,,,,,,,,,,,"20,0","29,50","47,0","27,94","96,0","26,00","92,0","26,00",,,,,,,,,,,,,,,,,,,,,,,,,,,,,,,,,,,,,,,,,,,,,,,,,,,,,,,,,,,,,,,,,,,,,,,,,,,,,,,,,"100,0","49,89","100,0","40,21","100,0","29,63",,,"93,0","26,00","47,0","27,73","31,0","29,50","6,0","31,77",,,,,,,,,"61,0","30,09","61,0","30,06","61,0","32,85","61,0","28,33","61,0","28,33",,,,,,
Subir,IMA,Blq.11,Divisible,,,,,,,,,,,,,,,,,,,,,,,,,,,,,,,,,,,,,,,,,,,,,,,,,,,,,,,,,,,,,,,,,,,,,,,,,,,,,,,,,,,,,,,,,,,,,,,,,,,,,,,,,,,,,,,,,,,,,,,,,,,,,,,,,,,,,,,,,,,,,,,,,,,,,,,,,,,,,,,,,,"45,0","87,50",,,,,,,,,,,,,,,,,,,,,,,,,,,,,,
Subir,NEX,Blq. 1,Indivisible,,,,,,,,,,"0,0","2,62","0,0","2,62","0,0","2,62","0,0","2,62","0,0","2,62","0,0","2,62","0,0","2,62","0,0","2,62","0,0","2,62","0,0","2,62","0,0","2,62","0,0","2,62","0,0","2,62","0,0","2,62","0,0","2,62","0,0","2,62","0,0","2,62","0,0","2,62","0,0","2,62","0,0","2,62","11,0","43,79","11,0","43,84","11,0","43,93","11,0","43,77","18,0","45,25","35,0","51,31","60,0","39,87","83,0","33,85","113,0","41,69","93,0","39,51","117,0","28,71","138,0","25,51","135,0","26,85","177,0","18,43","173,0","12,53","192,0","6,64","178,0","8,23","275,0","3,32","291,0","2,89","228,0","2,76","116,0","1,77","118,0","1,76","118,0","1,76","119,0","1,76",,,,,,,,,"118,0","1,76","118,0","1,76","118,0","1,75","117,0","1,75","117,0","1,75","117,0","1,75","117,0","1,75","119,0","1,75","119,0","1,75","119,0","1,75","119,0","1,75","118,0","1,75","117,0","1,75","117,0","1,75","116,0","1,75","115,0","1,75","112,0","1,75","110,0","1,75","108,0","1,75","217,0","2,68","153,0","2,67","153,0","2,77","151,0","3,07","187,0","6,05","141,0","4,34","126,0","12,88","108,0","22,23","92,0","29,07","94,0","31,14","72,0","42,31","58,0","44,84","60,0","58,33","22,0","61,92","8,0","62,81","0,0","2,50","0,0","2,50","0,0","2,50","0,0","2,50","0,0","2,50","0,0","2,50","0,0","2,50","0,0","2,50","0,0","2,50","0,0","2,50"
Subir,NEX,Blq. 2,Divisible,,,,,,,,,,,,,,,,,,,,,,,,,,,,,,,,,,,,,,,,,,,,,,,,,,,,,,,,,,,,,,"4,0","40,68","11,0","33,86","1,0","41,70","4,0","39,52","3,0","28,72","3,0","25,62","23,0","27,01","5,0","18,65","7,0","12,58","8,0","6,76","14,0","8,33","10,0","3,33","89,0","2,99","23,0","2,79","1,0","1,80","84,0","2,50","85,0","2,50","86,0","2,50",,,,,,,,,"84,0","2,50","84,0","2,50","1,0","1,76","1,0","1,76","1,0","1,76","1,0","1,76","1,0","1,76","71,0","2,50","69,0","2,50","70,0","2,50","69,0","2,50","69,0","2,50","70,0","2,50","69,0","2,50","1,0","1,76","1,0","1,76","1,0","1,76","1,0","1,76","1,0","1,76","6,0","2,69","17,0","2,70","3,0","2,78","92,0","3,10","17,0","6,07","16,0","4,35","16,0","12,97","5,0","22,35","12,0","29,08","2,0","31,15","2,0","42,32","7,0","45,11","0,0","58,65","0,0","61,99","0,0","63,50","0,0","2,62",,,,,,,,,,,"0,0","2,62","0,0","2,62",,,,
Subir,NEX,Blq. 3,Divisible,,,,,,,,,,,,,,,,,,,,,,,,,,,,,,,,,,,,,,,,,,,,,,,,,,,,,,,,,,,,,,"3,0","40,92","5,0","33,93","8,0","41,76","2,0","39,61","23,0","28,94","18,0","25,68","2,0","27,20","2,0","18,74","12,0","12,75","58,0","6,98","45,0","8,40","9,0","3,43","12,0","3,02","10,0","2,81","69,0","2,50","2,0","2,62","2,0","2,62","2,0","2,62",,,,,,,,,"2,0","2,62","2,0","2,62","83,0","2,50","82,0","2,50","83,0","2,50","83,0","2,50","82,0","2,50","30,0","2,62","30,0","2,62","30,0","2,62","30,0","2,62","30,0","2,62","30,0","2,62","30,0","2,62","79,0","2,50","75,0","2,50","73,0","2,50","72,0","2,50","71,0","2,50","7,0","2,71","96,0","2,72","101,0","2,79","7,0","3,11","11,0","6,08","44,0","4,37","14,0","13,02","2,0","22,39","20,0","29,31","10,0","31,44","9,0","42,53","3,0","45,39","1,0","77,97","0,0","66,27","0,0","74,00",,,,,,,,,,,,,,,,,,,,
Subir,NEX,Blq. 4,Divisible,,,,,,,,,,,,,,,,,,,,,,,,,,,,,,,,,,,,,,,,,,,,,,,,,,,,,,,,,,,,,,"3,0","41,06","3,0","34,20","5,0","41,82","3,0","39,62","44,0","29,10","40,0","25,73","37,0","27,22","15,0","18,80","7,0","12,93","2,0","7,20","28,0","8,47","5,0","3,44","11,0","3,11","90,0","2,82","14,0","2,51","28,0","2,63","28,0","2,63","28,0","2,63",,,,,,,,,"28,0","2,63","28,0","2,63","2,0","2,62","2,0","2,62","2,0","2,62","2,0","2,62","2,0","2,62",,,,,,,,,,,,,,,"2,0","2,62","2,0","2,62","2,0","2,62","2,0","2,62","2,0","2,62","7,0","2,74","7,0","2,73","1,0","2,81","1,0","3,12","20,0","6,09","11,0","4,40","26,0","13,05","14,0","22,41","15,0","29,45","17,0","31,80","8,0","42,94","3,0","45,44",,,"0,0","68,99",,,,,,,,,,,,,,,,,,,,,,
Subir,NEX,Blq. 5,Divisible,,,,,,,,,,,,,,,,,,,,,,,,,,,,,,,,,,,,,,,,,,,,,,,,,,,,,,,,,,,,,,"3,0","41,53","7,0","34,31","8,0","41,94","18,0","39,63","16,0","29,36","13,0","25,75","1,0","27,23","44,0","18,99","8,0","12,96","25,0","7,30","9,0","8,73","27,0","3,51","1,0","3,15","15,0","2,83","2,0","2,62",,,,,,,,,,,,,,,,,,,"28,0","2,63","28,0","2,63","28,0","2,63","28,0","2,63","28,0","2,63",,,,,,,,,,,,,,,"28,0","2,63","28,0","2,63","28,0","2,63","28,0","2,63","28,0","2,63","1,0","2,79","10,0","2,75","9,0","2,82","9,0","3,17","7,0","6,10","2,0","4,44","6,0","13,09","31,0","22,60","21,0","29,57","3,0","31,95","12,0","43,26","3,0","45,58",,,,,,,,,,,,,,,,,,,,,,,,,,
Subir,NEX,Blq. 6,Divisible,,,,,,,,,,,,,,,,,,,,,,,,,,,,,,,,,,,,,,,,,,,,,,,,,,,,,,,,,,,,,,"2,0","41,82","3,0","34,37","16,0","42,12","7,0","39,73","9,0","29,49","12,0","25,77","16,0","27,28","3,0","19,04","21,0","12,98","5,0","7,31","31,0","9,08","62,0","3,52","3,0","3,16","12,0","2,88","26,0","2,63",,,,,,,,,,,,,,,,,,,,,,,,,,,,,,,,,,,,,,,,,,,,,,,,,,,,,"0,0","2,80","8,0","2,78","8,0","2,86","8,0","3,24","1,0","6,14","6,0","4,52","4,0","13,20","5,0","22,68","4,0","29,70","3,0","31,96","9,0","43,38","8,0","46,06",,,,,,,,,,,,,,,,,,,,,,,,,,
Subir,NEX,Blq. 7,Divisible,,,,,,,,,,,,,,,,,,,,,,,,,,,,,,,,,,,,,,,,,,,,,,,,,,,,,,,,,,,,,,"1,0","41,89","6,0","34,44","11,0","42,22","32,0","40,01","3,0","29,69","23,0","25,99","22,0","27,37","23,0","19,09","43,0","13,02","23,0","7,33","43,0","9,12","2,0","3,70","1,0","3,18","11,0","2,90","2,0","2,64",,,,,,,,,,,,,,,,,,,,,,,,,,,,,,,,,,,,,,,,,,,,,,,,,,,,,"5,0","2,83","1,0","2,83","5,0","2,89","6,0","3,26","6,0","6,35","9,0","4,53","4,0","13,28","8,0","22,92","11,0","30,21","5,0","32,08","4,0","43,64","6,0","46,58",,,,,,,,,,,,,,,,,,,,,,,,,,
Subir,NEX,Blq. 8,Divisible,,,,,,,,,,,,,,,,,,,,,,,,,,,,,,,,,,,,,,,,,,,,,,,,,,,,,,,,,,,,,,"1,0","42,63","5,0","34,49","8,0","42,24","14,0","40,30","12,0","29,80","10,0","26,38","17,0","27,41","36,0","19,12","60,0","13,10","38,0","7,34","19,0","9,13","9,0","3,76","16,0","3,25","1,0","2,94",,,,,,,,,,,,,,,,,,,,,,,,,,,,,,,,,,,,,,,,,,,,,,,,,,,,,,,"17,0","2,86","6,0","2,87","1,0","2,92","1,0","3,32","9,0","6,46","8,0","4,62","10,0","13,60","3,0","22,96","10,0","30,67","2,0","32,14","4,0","44,07","4,0","47,20",,,,,,,,,,,,,,,,,,,,,,,,,,
Subir,NEX,Blq. 9,Divisible,,,,,,,,,,,,,,,,,,,,,,,,,,,,,,,,,,,,,,,,,,,,,,,,,,,,,,,,,,,,,,"1,0","42,67","2,0","34,54","2,0","42,33","7,0","40,48","3,0","29,86","2,0","26,76","16,0","27,67","10,0","20,10","10,0","13,94","10,0","7,35","18,0","9,38","1,0","3,77","16,0","3,26","1,0","2,96",,,,,,,,,,,,,,,,,,,,,,,,,,,,,,,,,,,,,,,,,,,,,,,,,,,,,,,"23,0","2,87","22,0","2,90","6,0","2,94","14,0","3,33","8,0","6,68","8,0","4,65","9,0","13,72","12,0","23,29","6,0","30,85","6,0","32,79","2,0","44,28","2,0","47,27",,,,,,,,,,,,,,,,,,,,,,,,,,
Subir,NEX,Blq.10,Divisible,,,,,,,,,,,,,,,,,,,,,,,,,,,,,,,,,,,,,,,,,,,,,,,,,,,,,,,,,,,,,,"1,0","42,92","1,0","34,59","21,0","42,45","43,0","40,68","9,0","30,42","9,0","27,34","17,0","28,25","2,0","20,52","2,0","14,37","3,0","7,61","2,0","10,05","1,0","3,79","38,0","3,27","9,0","2,97",,,,,,,,,,,,,,,,,,,,,,,,,,,,,,,,,,,,,,,,,,,,,,,,,,,,,,,"9,0","2,88","30,0","2,91","14,0","2,97","8,0","3,36","6,0","6,75","14,0","4,73","8,0","14,14","8,0","23,56","1,0","31,54","4,0","32,86","4,0","44,63","1,0","47,66",,,,,,,,,,,,,,,,,,,,,,,,,,
Subir,NEX,Blq.11,Divisible,,,,,,,,,,,,,,,,,,,,,,,,,,,,,,,,,,,,,,,,,,,,,,,,,,,,,,,,,,,,,,"1,0","43,12","2,0","34,69","5,0","42,57","18,0","40,85","3,0","30,69","9,0","27,72","4,0","28,98","11,0","21,29","11,0","14,97","13,0","7,90","11,0","10,58","1,0","3,84","6,0","3,58","16,0","3,03",,,,,,,,,,,,,,,,,,,,,,,,,,,,,,,,,,,,,,,,,,,,,,,,,,,,,,,"3,0","2,89","8,0","2,92","8,0","2,98","8,0","3,37","8,0","6,78","8,0","4,84","8,0","14,15","9,0","23,79","8,0","31,79","1,0","33,12","2,0","44,70","0,0","47,98",,,,,,,,,,,,,,,,,,,,,,,,,,
Subir,NEX,Blq.12,Divisible,,,,,,,,,,,,,,,,,,,,,,,,,,,,,,,,,,,,,,,,,,,,,,,,,,,,,,,,,,,,,,"1,0","43,50","4,0","34,73","4,0","42,91","9,0","41,30","34,0","31,03","7,0","27,87","9,0","29,53","9,0","21,55","10,0","15,09","10,0","8,31","9,0","10,84","16,0","3,91","2,0","5,31","41,0","3,04",,,,,,,,,,,,,,,,,,,,,,,,,,,,,,,,,,,,,,,,,,,,,,,,,,,,,,,"2,0","3,09","5,0","2,93","24,0","2,99","16,0","3,38","8,0","6,92","8,0","4,88","6,0","14,25","6,0","24,24","9,0","32,83","1,0","33,59","1,0","44,80","1,0","47,99",,,,,,,,,,,,,,,,,,,,,,,,,,
Subir,NEX,Blq.13,Divisible,,,,,,,,,,,,,,,,,,,,,,,,,,,,,,,,,,,,,,,,,,,,,,,,,,,,,,,,,,,,,,"1,0","45,21","1,0","34,90","7,0","43,18","1,0","41,38","9,0","31,22","9,0","28,47","25,0","30,62","17,0","22,08","16,0","15,26","1,0","8,39","7,0","10,88","9,0","3,92","1,0","7,68","13,0","3,05",,,,,,,,,,,,,,,,,,,,,,,,,,,,,,,,,,,,,,,,,,,,,,,,,,,,,,,"1,0","3,99","2,0","3,12","6,0","3,00","6,0","3,40","25,0","7,05","8,0","4,89","9,0","14,84","9,0","24,54","6,0","33,17","7,0","33,86","7,0","45,76","1,0","48,05",,,,,,,,,,,,,,,,,,,,,,,,,,
Subir,NEX,Blq.14,Divisible,,,,,,,,,,,,,,,,,,,,,,,,,,,,,,,,,,,,,,,,,,,,,,,,,,,,,,,,,,,,,,,,"3,0","35,03","2,0","43,97","4,0","41,58","9,0","31,39","30,0","28,78","10,0","31,65","21,0","22,78","19,0","15,61","16,0","8,54","17,0","10,92","7,0","3,93",,,"2,0","4,07",,,,,,,,,,,,,,,,,,,,,,,,,,,,,,,,,,,,,,,,,,,,,,,,,,,,,,,"1,0","5,63","1,0","4,10","10,0","3,01","8,0","3,42","6,0","7,18","8,0","4,91","16,0","15,15","9,0","25,45","3,0","33,64","7,0","34,33","4,0","47,38","1,0","48,28",,,,,,,,,,,,,,,,,,,,,,,,,,
Subir,NEX,Blq.15,Divisible,,,,,,,,,,,,,,,,,,,,,,,,,,,,,,,,,,,,,,,,,,,,,,,,,,,,,,,,,,,,,,,,"2,0","35,36","1,0","44,44","2,0","41,63","9,0","31,73","18,0","29,26","21,0","32,38","26,0","23,41","21,0","15,98","19,0","8,70","27,0","11,19","27,0","3,95",,,"1,0","5,92",,,,,,,,,,,,,,,,,,,,,,,,,,,,,,,,,,,,,,,,,,,,,,,,,,,,,,,,,"1,0","5,85","3,0","3,02","2,0","3,43","8,0","7,34","6,0","4,96","16,0","15,66","8,0","25,76","2,0","33,77","10,0","35,82","1,0","48,43","0,0","51,15",,,,,,,,,,,,,,,,,,,,,,,,,,
Subir,NEX,Blq.16,Divisible,,,,,,,,,,,,,,,,,,,,,,,,,,,,,,,,,,,,,,,,,,,,,,,,,,,,,,,,,,,,,,,,"3,0","35,48","1,0","45,20","7,0","42,49","7,0","32,39","17,0","29,96","16,0","33,00","7,0","24,15","7,0","16,16","18,0","8,81","4,0","11,32","4,0","3,96",,,,,,,,,,,,,,,,,,,,,,,,,,,,,,,,,,,,,,,,,,,,,,,,,,,,,,,,,,,,,,,"2,0","3,21","3,0","3,44","5,0","7,45","5,0","5,01","3,0","15,94","16,0","26,71","8,0","33,89","3,0","37,12","1,0","49,74","1,0","53,35",,,,,,,,,,,,,,,,,,,,,,,,,,
Subir,NEX,Blq.17,Divisible,,,,,,,,,,,,,,,,,,,,,,,,,,,,,,,,,,,,,,,,,,,,,,,,,,,,,,,,,,,,,,,,"4,0","35,73","1,0","45,47","11,0","43,03","12,0","33,49","11,0","31,47","12,0","34,88","4,0","24,41","11,0","16,53","18,0","9,00","7,0","11,38","7,0","3,97",,,,,,,,,,,,,,,,,,,,,,,,,,,,,,,,,,,,,,,,,,,,,,,,,,,,,,,,,,,,,,,"1,0","4,69","2,0","3,71","2,0","8,01","2,0","5,22","2,0","16,50","5,0","27,51","3,0","35,21","0,0","38,88","5,0","52,99","0,0","54,23",,,,,,,,,,,,,,,,,,,,,,,,,,
Subir,NEX,Blq.18,Divisible,,,,,,,,,,,,,,,,,,,,,,,,,,,,,,,,,,,,,,,,,,,,,,,,,,,,,,,,,,,,,,,,"1,0","37,01","1,0","47,84","1,0","45,64","6,0","39,83","6,0","45,21","6,0","57,96","6,0","45,11","6,0","32,93","6,0","17,35","6,0","24,58","6,0","5,42",,,,,,,,,,,,,,,,,,,,,,,,,,,,,,,,,,,,,,,,,,,,,,,,,,,,,,,,,,,,,,,"1,0","6,80","5,0","4,03","5,0","14,58","5,0","7,91","5,0","32,94","5,0","53,22","5,0","59,75","4,0","54,87","0,0","57,28","1,0","54,36",,,,,,,,,,,,,,,,,,,,,,,,,,
Subir,NEX,Blq.19,Divisible,,,,,,,,,,,,,,,,,,,,,,,,,,,,,,,,,,,,,,,,,,,,,,,,,,,,,,,,,,,,,,,,"1,0","38,61","2,0","51,38","2,0","80,30","2,0","83,29","2,0","96,78","2,0","127,90","2,0","102,47","2,0","76,58","2,0","38,46","2,0","49,53","2,0","9,11",,,,,,,,,,,,,,,,,,,,,,,,,,,,,,,,,,,,,,,,,,,,,,,,,,,,,,,,,,,,,,,,,"1,0","7,60","1,0","34,46","1,0","17,31","1,0","79,63","1,0","128,40","1,0","142,13","1,0","135,82","1,0","136,70","1,0","91,19",,,,,,,,,,,,,,,,,,,,,,,,,,
Subir,NEX,Blq.20,Divisible,,,,,,,,,,,,,,,,,,,,,,,,,,,,,,,,,,,,,,,,,,,,,,,,,,,,,,,,,,,,,,,,"1,0","41,11","1,0","60,65","1,0","125,80","1,0","154,64","1,0","189,01","1,0","247,97","1,0","192,02","1,0","137,27","1,0","65,82","1,0","79,80","1,0","13,55",,,,,,,,,,,,,,,,,,,,,,,,,,,,,,,,,,,,,,,,,,,,,,,,,,,,,,,,,,,,,,,,,"1,0","11,32","1,0","53,61","1,0","28,04","1,0","137,18","1,0","235,86","1,0","278,05","1,0","280,17","1,0","281,31","1,0","174,22",,,,,,,,,,,,,,,,,,,,,,,,,,
Subir,TTE,Blq. 1,Divisible,,"77,0","0,00","77,0","0,00","77,0","0,00","77,0","0,00","77,0","0,00","77,0","0,00","77,0","0,00","77,0","0,00","77,0","0,00","77,0","0,00","77,0","0,00","77,0","0,00",,,,,,,,,,,,,,,,,,,,,,,,,,,,,,,,,,,,,,,,,,,,,,,,,,,,,,,,,,,,,,,,,,,,,,,,,,,,,,,,,,,,,,,,,,,,,,,,,,,,,,,,,,,,,,,,,,,,,,,,,,,,,,,,,,,,,,,,,,,,,,,,,,,,,,,,,,,,,,,,,,,,,,,,
Subir,VM2,Blq. 1,Indivisible,,,,,,,,,,,,,,,,,,,,,,,,,,,,,,,,,,,,,,,,,,,,,,,,,,,,,,,,,,,,,,,,,,,,,,,,,,,,,,,,,,"7,0","5,65","7,0","1,02","7,0","0,50","7,0","0,32","7,0","0,00","7,0","0,00","7,0","0,00","7,0","0,00","7,0","0,00","8,0","0,00","8,0","0,00","9,0","0,00","9,0","0,00","10,0","0,00","10,0","0,00","11,0","0,00","11,0","0,00","12,0","0,00","12,0","0,00","13,0","0,00","13,0","0,00","13,0","0,00","14,0","0,00","14,0","0,00","14,0","0,00","15,0","0,00","15,0","0,00","15,0","0,00","16,0","0,00","16,0","0,00","17,0","0,00","17,0","0,22","17,0","0,28","18,0","0,35","18,0","0,72","18,0","3,68",,,,,,,,,,,,,,,,,,,,,,,,,,,,,,,,,,,,,,,,
Subir,WM1,Blq. 1,Divisible,,"2,0","0,15","2,0","0,15","2,0","0,15","2,0","0,15","4,0","0,15","5,0","0,15","3,0","0,15","3,0","0,15","2,0","0,15","1,0","0,15","2,0","0,15","2,0","0,15","2,0","0,15","2,0","0,15","1,0","0,15","2,0","0,15","2,0","0,15","1,0","0,15","2,0","0,15","2,0","0,15","2,0","0,15","1,0","0,15","1,0","0,15","2,0","0,15","1,0","0,15","2,0","0,15","2,0","0,15","2,0","0,15","2,0","0,15","1,0","0,15","1,0","0,15","2,0","0,15","2,0","0,15","2,0","0,15","1,0","0,15","2,0","0,15","2,0","0,15","2,0","0,15","2,0","0,15","2,0","0,15","12,0","0,15","24,0","0,15","31,0","0,15","30,0","0,15","7,0","0,15","7,0","0,15","7,0","0,15","7,0","0,15","12,0","0,15","10,0","0,15","10,0","0,15","10,0","0,15","11,0","0,15","11,0","0,15","12,0","0,15","13,0","0,15","12,0","0,15","12,0","0,15","12,0","0,15","12,0","0,15","14,0","0,15","12,0","0,15","14,0","0,15","14,0","0,15","7,0","0,15","7,0","0,15","7,0","0,15","8,0","0,15","3,0","0,15","5,0","0,15","4,0","0,15","5,0","0,15","6,0","0,15","5,0","0,15","4,0","0,15","4,0","0,15","2,0","0,15","2,0","0,15","1,0","0,15","2,0","0,15","2,0","0,15","2,0","0,15","2,0","0,15","2,0","0,15","2,0","0,15","2,0","0,15","2,0","0,15","2,0","0,15","2,0","0,15","2,0","0,15","2,0","0,15","2,0","0,15","2,0","0,15","2,0","0,15","2,0","0,15","2,0","0,15"
Subir,WM1,Blq. 2,Divisible,,"2,0","0,08","2,0","0,08","2,0","0,08","2,0","0,08","4,0","0,08","5,0","0,08","3,0","0,08","3,0","0,08","2,0","0,08","1,0","0,08","2,0","0,08","2,0","0,08","2,0","0,08","2,0","0,08","1,0","0,08","2,0","0,08","2,0","0,08","1,0","0,08","2,0","0,08","2,0","0,08","2,0","0,08","1,0","0,08","1,0","0,08","2,0","0,08","1,0","0,08","2,0","0,08","2,0","0,08","2,0","0,08","2,0","0,08","1,0","0,08","1,0","0,08","2,0","0,08","2,0","0,08","2,0","0,08","1,0","0,08","2,0","0,08","2,0","0,08","2,0","0,08","2,0","0,08","2,0","0,08","12,0","0,08","24,0","0,08","31,0","0,08","30,0","0,08","7,0","0,08","7,0","0,08","7,0","0,08","7,0","0,08","12,0","0,08","10,0","0,08","10,0","0,08","10,0","0,08","11,0","0,08","11,0","0,08","12,0","0,08","13,0","0,08","12,0","0,08","12,0","0,08","12,0","0,08","12,0","0,08","14,0","0,08","12,0","0,08","14,0","0,08","14,0","0,08","7,0","0,08","7,0","0,08","7,0","0,08","8,0","0,08","3,0","0,08","5,0","0,08","4,0","0,08","5,0","0,08","6,0","0,08","5,0","0,08","4,0","0,08","4,0","0,08","2,0","0,08","2,0","0,08","1,0","0,08","2,0","0,08","2,0","0,08","2,0","0,08","2,0","0,08","2,0","0,08","2,0","0,08","2,0","0,08","2,0","0,08","2,0","0,08","2,0","0,08","2,0","0,08","2,0","0,08","2,0","0,08","2,0","0,08","2,0","0,08","2,0","0,08","2,0","0,08"
Bajar,AC2,Blq. 1,Indivisible,,"25,0","21,70",,,,,,,,,,,,,,,,,,,,,,,,,,,,,,,,,,,,,,,,,,,,,,,,,,,,,,,,,,,,,,,,,,,,,,,,,,,,,,,,,,,,,,,,,,,,,,,,,,,,,,,,,,,,,,,,,,,,,,,,,,,,,,,,,,,,,,,,,,,,,,,,,,,,,"130,0","0,80",,,,,,,"102,0","4,80","95,0","5,10","86,0","7,40","77,0","8,40","67,0","9,80","61,0","10,30","59,0","10,70","56,0","11,70","54,0","11,80","51,0","13,50","48,0","14,10","44,0","16,00","41,0","15,20","38,0","16,00","33,0","16,50","30,0","17,80","27,0","18,80"
Bajar,ACC,Blq. 1,Indivisible,,,,,,,,,,,,,,,,,,,,,,,,,,,,,,,,,,,,,,,,,,,,,,,,,,,,,,,,,,,,,,,,,,,,,,,,,,,,,,,,"34,0","29,24","34,0","30,54","35,0","29,40","35,0","30,22","34,0","31,26","34,0","31,37","35,0","30,60","34,0","31,64","35,0","30,86","34,0","31,87","35,0","31,02","34,0","31,97","34,0","31,97","35,0","31,07","35,0","31,09","35,0","31,07","34,0","31,87","35,0","30,94","34,0","31,22","35,0","30,27","35,0","30,28","34,0","31,80","35,0","30,35","35,0","30,20","35,0","30,04","35,0","29,87","35,0","29,66","35,0","29,30","35,0","28,90","34,0","29,31","35,0","27,94","35,0","27,25","35,0","26,71","34,0","27,12","34,0","26,87","35,0","25,80","35,0","25,68",,,,,,,,,,,,,,,,,,,,,,,,,,,,,,,,,,,,,,,,
Bajar,AXC,Blq. 1,Indivisible,,"5,0","0,84","5,0","0,84","5,0","0,84","5,0","0,84","5,0","0,84","5,0","0,84","5,0","0,84","5,0","0,84","5,0","0,84","5,0","0,84","5,0","0,84","5,0","0,84","5,0","0,84","5,0","0,84","5,0","0,84","5,0","0,84","5,0","0,84","5,0","0,84","5,0","0,84","5,0","0,84","5,0","0,84","5,0","0,84","5,0","0,84","5,0","0,84","5,0","0,84","5,0","0,84","5,0","0,84","5,0","0,84","5,0","0,84","5,0","0,84","5,0","0,84","5,0","0,84","5,0","0,84","5,0","0,84","5,0","0,84","5,0","0,84","5,0","0,84","5,0","0,84","5,0","0,84","5,0","0,84","5,0","0,84","5,0","0,84","5,0","0,84","5,0","0,84","10,0","0,84","10,0","0,84","10,0","0,84","10,0","0,84","7,0","0,84","7,0","0,84","7,0","0,84","7,0","0,84","7,0","0,84","7,0","0,84","7,0","0,84","7,0","0,84","7,0","0,84","7,0","0,84","7,0","0,84","7,0","0,84","7,0","0,84","7,0","0,84","7,0","0,84","7,0","0,84","7,0","0,84","7,0","0,84","7,0","0,84","7,0","0,84","9,0","0,84","9,0","0,84","9,0","0,84","9,0","0,84","5,0","0,84","5,0","0,84","5,0","0,84","5,0","0,84","5,0","0,84","5,0","0,84","5,0","0,84","5,0","0,84","5,0","0,84","5,0","0,84","5,0","0,84","5,0","0,84","5,0","0,84","5,0","0,84","5,0","0,84","5,0","0,84","5,0","0,84","5,0","0,84","5,0","0,84","5,0","0,84","5,0","0,84","5,0","0,84","5,0","0,84","5,0","0,84"
Bajar,AXP,Blq. 1,Indivisible,,,,,,,,,,,,,,,,,,,,,,,,,,,,,,,,,,,,,,,,,,,,,,,,,,,,,,,,,,,,,,,,,,,,,,,,,,,,,,,,,,,,"178,0","0,00","193,0","0,00","210,0","0,00","225,0","0,00","379,0","0,00","373,0","0,00","365,0","0,00","288,0","0,00","299,0","0,00","307,0","0,00","314,0","0,00","319,0","0,00","323,0","0,00","324,0","0,00","325,0","0,00","325,0","0,00","325,0","0,00","325,0","0,00","325,0","0,00","324,0","0,00","319,0","0,00","299,0","0,00","292,0","0,00","284,0","0,00","288,0","0,00","277,0","0,00","264,0","0,00","251,0","0,00","236,0","0,00","346,0","0,00","188,0","0,00","171,0","0,00","152,0","0,00","133,0","0,00",,,,,,,,,,,,,,,,,,,,,,,,,,,,,,,,,,,,,,,,,,
Bajar,BBE,Blq. 1,Divisible,,,,,,,,,,,,,,,,,,,,,,,,,,,,,,,,,,,,,,,,,,,,,,,,,,,,,,,,,,,,,,,,,,,,,,,,,,"62,0","13,59","62,0","17,34","62,0","20,07","62,0","26,12","62,0","26,12","62,0","26,12","62,0","26,12","62,0","26,12","62,0","26,12","62,0","26,12","62,0","26,12","62,0","26,12","62,0","26,12","62,0","26,12","62,0","26,12","62,0","26,12","62,0","26,12","62,0","26,12","62,0","26,12","62,0","26,12","62,0","26,12","62,0","26,12","62,0","26,12","62,0","26,12","62,0","26,12","62,0","26,12","62,0","26,12","62,0","26,12","62,0","26,12","62,0","26,12","62,0","26,12","62,0","26,12","62,0","26,12","62,0","26,12","62,0","26,12","62,0","26,12","62,0","26,12","62,0","26,12","62,0","26,12","62,0","23,31","62,0","24,06","62,0","20,29","62,0","16,16","62,0","13,19",,,,,,,,,,,,,,,,,,,,,,,,,,,,,,,,
Bajar,CEP,Blq. 1,Divisible,,"0,0","0,00","0,0","0,00","0,0","0,00","0,0","0,00","0,0","0,00","0,0","0,00","0,0","0,00","0,0","0,00",,,,,,,,,,,,,,,,,,,,,,,,,,,,,,,,,,,,,,,,,,,,,,,,,,,,,,,,,,,,,,,,,,,,,,,,,,,,,,,,,,,,,,,,,,,,,,,,,,,,,,,,,,,,,,,,,,,,,,,,,,,,,,,,,,,,,,,,,"0,0","0,00","0,0","0,00","0,0","0,00","0,0","0,00","0,0","0,00","0,0","0,00","0,0","0,00","0,0","0,00","0,0","0,00","0,0","0,00","0,0","0,00","0,0","0,00","0,0","0,00","0,0","0,00","0,0","0,00","0,0","0,00","0,0","0,00","0,0","0,00","0,0","0,00","0,0","0,00"
Bajar,EBC,Blq. 1,Divisible,,"4,0","1,42","4,0","1,42","4,0","1,42","4,0","1,42","4,0","1,42","4,0","1,42","4,0","1,42","4,0","1,42","4,0","1,42","4,0","1,42","4,0","1,42","4,0","1,42","4,0","1,42","4,0","1,42","4,0","1,42","4,0","1,42","4,0","1,42","4,0","1,42","4,0","1,42","4,0","1,42","4,0","1,42","4,0","1,42","4,0","1,42","4,0","1,42","4,0","1,42","4,0","1,42","4,0","1,42","4,0","1,42","4,0","1,42","4,0","1,42","4,0","1,42","4,0","1,42","4,0","1,42","4,0","1,42",,,,,,,,,,,,,,,,,,,,,,,,,,,,,,,,,,,,,,,,,,,,,,,,,,,,,,,,,,,,,,,,,,,,,,,,,,,,,,,,,,,,,,,,,,,,,,,"4,0","1,42","4,0","1,42","4,0","1,42","4,0","1,42","4,0","1,42","4,0","1,42","4,0","1,42","4,0","1,42","4,0","1,42","4,0","1,42","4,0","1,42","4,0","1,42","4,0","1,42","4,0","1,42","4,0","1,42"
Bajar,EBC,Blq. 2,Divisible,,"2,0","1,43","2,0","1,43","2,0","1,43","2,0","1,43","2,0","1,43","2,0","1,43","2,0","1,43","2,0","1,43","2,0","1,43","2,0","1,43","2,0","1,43","2,0","1,43","2,0","1,43","2,0","1,43","2,0","1,43","2,0","1,43","2,0","1,43","2,0","1,43","2,0","1,43","2,0","1,43","2,0","1,43","2,0","1,43","2,0","1,43","2,0","1,43","2,0","1,43","2,0","1,43","2,0","1,43","2,0","1,43","2,0","1,43","2,0","1,43","2,0","1,43","2,0","1,43","2,0","1,43","2,0","1,43",,,,,,,,,,,,,,,,,,,,,,,,,,,,,,,,,,,,,,,,,,,,,,,,,,,,,,,,,,,,,,,,,,,,,,,,,,,,,,,,,,,,,,,,,,,,,,,"2,0","1,43","2,0","1,43","2,0","1,43","2,0","1,43","2,0","1,43","2,0","1,43","2,0","1,43","2,0","1,43","2,0","1,43","2,0","1,43","2,0","1,43","2,0","1,43","2,0","1,43","2,0","1,43","2,0","1,43"
Bajar,EBC,Blq. 3,Divisible,,"2,0","1,44","2,0","1,44","2,0","1,44","2,0","1,44","2,0","1,44","2,0","1,44","2,0","1,44","2,0","1,44","2,0","1,44","2,0","1,44","2,0","1,44","2,0","1,44","2,0","1,44","2,0","1,44","2,0","1,44","2,0","1,44","2,0","1,44","2,0","1,44","2,0","1,44","2,0","1,44","2,0","1,44","2,0","1,44","2,0","1,44","2,0","1,44","2,0","1,44","2,0","1,44","2,0","1,44","2,0","1,44","2,0","1,44","2,0","1,44","2,0","1,44","2,0","1,44","2,0","1,44","2,0","1,44",,,,,,,,,,,,,,,,,,,,,,,,,,,,,,,,,,,,,,,,,,,,,,,,,,,,,,,,,,,,,,,,,,,,,,,,,,,,,,,,,,,,,,,,,,,,,,,"2,0","1,44","2,0","1,44","2,0","1,44","2,0","1,44","2,0","1,44","2,0","1,44","2,0","1,44","2,0","1,44","2,0","1,44","2,0","1,44","2,0","1,44","2,0","1,44","2,0","1,44","2,0","1,44","2,0","1,44"
Bajar,EBC,Blq. 4,Divisible,,"2,0","1,45","2,0","1,45","2,0","1,45","2,0","1,45","2,0","1,45","2,0","1,45","2,0","1,45","2,0","1,45","2,0","1,45","2,0","1,45","2,0","1,45","2,0","1,45","2,0","1,45","2,0","1,45","2,0","1,45","2,0","1,45","2,0","1,45","2,0","1,45","2,0","1,45","2,0","1,45","2,0","1,45","2,0","1,45","2,0","1,45","2,0","1,45","2,0","1,45","2,0","1,45","2,0","1,45","2,0","1,45","2,0","1,45","2,0","1,45","2,0","1,45","2,0","1,45","2,0","1,45","2,0","1,45",,,,,,,,,,,,,,,,,,,,,,,,,,,,,,,,,,,,,,,,,,,,,,,,,,,,,,,,,,,,,,,,,,,,,,,,,,,,,,,,,,,,,,,,,,,,,,,"2,0","1,45","2,0","1,45","2,0","1,45","2,0","1,45","2,0","1,45","2,0","1,45","2,0","1,45","2,0","1,45","2,0","1,45","2,0","1,45","2,0","1,45","2,0","1,45","2,0","1,45","2,0","1,45","2,0","1,45"
Bajar,EBC,Blq. 5,Divisible,,"1,0","1,46","1,0","1,46","1,0","1,46","1,0","1,46","1,0","1,46","1,0","1,46","1,0","1,46","1,0","1,46","1,0","1,46","1,0","1,46","1,0","1,46","1,0","1,46","1,0","1,46","1,0","1,46","1,0","1,46","1,0","1,46","1,0","1,46","1,0","1,46","1,0","1,46","1,0","1,46","1,0","1,46","1,0","1,46","1,0","1,46","1,0","1,46","1,0","1,46","1,0","1,46","1,0","1,46","1,0","1,46","1,0","1,46","1,0","1,46","1,0","1,46","1,0","1,46","1,0","1,46","1,0","1,46",,,,,,,,,,,,,,,,,,,,,,,,,,,,,,,,,,,,,,,,,,,,,,,,,,,,,,,,,,,,,,,,,,,,,,,,,,,,,,,,,,,,,,,,,,,,,,,"1,0","1,46","1,0","1,46","1,0","1,46","1,0","1,46","1,0","1,46","1,0","1,46","1,0","1,46","1,0","1,46","1,0","1,46","1,0","1,46","1,0","1,46","1,0","1,46","1,0","1,46","1,0","1,46","1,0","1,46"
Bajar,EBC,Blq. 6,Divisible,,"5,0","1,47","5,0","1,47","5,0","1,47","5,0","1,47","5,0","1,47","5,0","1,47","5,0","1,47","5,0","1,47","5,0","1,47","5,0","1,47","5,0","1,47","5,0","1,47","5,0","1,47","5,0","1,47","5,0","1,47","5,0","1,47","5,0","1,47","5,0","1,47","5,0","1,47","5,0","1,47","5,0","1,47","5,0","1,47","5,0","1,47","5,0","1,47","5,0","1,47","5,0","1,47","5,0","1,47","5,0","1,47","5,0","1,47","5,0","1,47","5,0","1,47","5,0","1,47","5,0","1,47","5,0","1,47",,,,,,,,,,,,,,,,,,,,,,,,,,,,,,,,,,,,,,,,,,,,,,,,,,,,,,,,,,,,,,,,,,,,,,,,,,,,,,,,,,,,,,,,,,,,,,,"5,0","1,47","5,0","1,47","5,0","1,47","5,0","1,47","5,0","1,47","5,0","1,47","5,0","1,47","5,0","1,47","5,0","1,47","5,0","1,47","5,0","1,47","5,0","1,47","5,0","1,47","5,0","1,47","5,0","1,47"
Bajar,EBC,Blq. 7,Divisible,,"4,0","1,48","4,0","1,48","4,0","1,48","4,0","1,48","4,0","1,48","4,0","1,48","4,0","1,48","4,0","1,48","4,0","1,48","4,0","1,48","4,0","1,48","4,0","1,48","4,0","1,48","4,0","1,48","4,0","1,48","4,0","1,48","4,0","1,48","4,0","1,48","4,0","1,48","4,0","1,48","4,0","1,48","4,0","1,48","4,0","1,48","4,0","1,48","4,0","1,48","4,0","1,48","4,0","1,48","4,0","1,48","4,0","1,48","4,0","1,48","4,0","1,48","4,0","1,48","4,0","1,48","4,0","1,48",,,,,,,,,,,,,,,,,,,,,,,,,,,,,,,,,,,,,,,,,,,,,,,,,,,,,,,,,,,,,,,,,,,,,,,,,,,,,,,,,,,,,,,,,,,,,,,"4,0","1,48","4,0","1,48","4,0","1,48","4,0","1,48","4,0","1,48","4,0","1,48","4,0","1,48","4,0","1,48","4,0","1,48","4,0","1,48","4,0","1,48","4,0","1,48","4,0","1,48","4,0","1,48","4,0","1,48"
Bajar,EBC,Blq. 8,Divisible,,"3,0","1,49","3,0","1,49","3,0","1,49","3,0","1,49","3,0","1,49","3,0","1,49","3,0","1,49","3,0","1,49","3,0","1,49","3,0","1,49","3,0","1,49","3,0","1,49","3,0","1,49","3,0","1,49","3,0","1,49","3,0","1,49","3,0","1,49","3,0","1,49","3,0","1,49","3,0","1,49","3,0","1,49","3,0","1,49","3,0","1,49","3,0","1,49","3,0","1,49","3,0","1,49","3,0","1,49","3,0","1,49","3,0","1,49","3,0","1,49","3,0","1,49","3,0","1,49","3,0","1,49","3,0","1,49",,,,,,,,,,,,,,,,,,,,,,,,,,,,,,,,,,,,,,,,,,,,,,,,,,,,,,,,,,,,,,,,,,,,,,,,,,,,,,,,,,,,,,,,,,,,,,,"3,0","1,49","3,0","1,49","3,0","1,49","3,0","1,49","3,0","1,49","3,0","1,49","3,0","1,49","3,0","1,49","3,0","1,49","3,0","1,49","3,0","1,49","3,0","1,49","3,0","1,49","3,0","1,49","3,0","1,49"
Bajar,EBC,Blq. 9,Divisible,,"3,0","1,50","3,0","1,50","3,0","1,50","3,0","1,50","3,0","1,50","3,0","1,50","3,0","1,50","3,0","1,50","3,0","1,50","3,0","1,50","3,0","1,50","3,0","1,50","3,0","1,50","3,0","1,50","3,0","1,50","3,0","1,50","3,0","1,50","3,0","1,50","3,0","1,50","3,0","1,50","3,0","1,50","3,0","1,50","3,0","1,50","3,0","1,50","3,0","1,50","3,0","1,50","3,0","1,50","3,0","1,50","3,0","1,50","3,0","1,50","3,0","1,50","3,0","1,50","3,0","1,50","3,0","1,50",,,,,,,,,,,,,,,,,,,,,,,,,,,,,,,,,,,,,,,,,,,,,,,,,,,,,,,,,,,,,,,,,,,,,,,,,,,,,,,,,,,,,,,,,,,,,,,"3,0","1,50","3,0","1,50","3,0","1,50","3,0","1,50","3,0","1,50","3,0","1,50","3,0","1,50","3,0","1,50","3,0","1,50","3,0","1,50","3,0","1,50","3,0","1,50","3,0","1,50","3,0","1,50","3,0","1,50"
Bajar,ELB,Blq. 1,Divisible,,,,,,,,,,,,,,,,,,,,,,,,,,,,,,,,,,,,,,,,,,,,,,,,,,,,,,,,,,,,,,,,,,,,,,,,,,,,,,,,,,,,,,,,,,,,,,,,,,,,,,,,,,,,,,,,,,,,,,,,,,,,,,,,,,,,,,,,,,,,,,,,,,,,,,,,,,,,,,,,,,,,"64,0","0,00","64,0","0,00","64,0","0,00","64,0","0,00","64,0","0,00","64,0","0,00","64,0","0,00","64,0","0,00","64,0","0,00","64,0","0,00","64,0","0,00","64,0","0,00","64,0","0,00","64,0","0,00",,
Bajar,EN1,Blq. 1,Divisible,,"2,0","35,06","2,0","33,79","2,0","32,20","2,0","30,54","2,0","32,67","2,0","31,55","2,0","30,73","1,0","29,83","1,0","30,10","1,0","29,80","1,0","29,77","1,0","29,50","1,0","29,68","1,0","29,42","1,0","29,42","1,0","29,77","1,0","29,80","1,0","29,83","1,0","29,83","1,0","29,83","1,0","29,80","1,0","29,80","1,0","29,83","1,0","29,80","1,0","29,83","1,0","29,89","1,0","29,89","8,0","29,42","7,0","29,80","6,0","29,05","6,0","28,23","6,0","23,75","5,0","29,71","1,0","28,15","1,0","19,93","1,0","17,50","1,0","18,80","1,0","12,54","1,0","8,00","1,0","3,65","1,0","5,00","1,0","2,00","1,0","2,00","1,0","2,00","1,0","2,00","1,0","2,00","1,0","2,00","1,0","2,00","1,0","2,00","1,0","2,00","2,0","2,00","2,0","2,00","3,0","2,00","3,0","2,00","3,0","2,00","3,0","2,00","3,0","2,00","3,0","2,00","3,0","2,00","3,0","2,00","3,0","2,00","4,0","2,00","4,0","2,00","4,0","2,00","4,0","2,00","5,0","2,00","4,0","2,00","4,0","2,00","4,0","2,00","4,0","2,00","4,0","2,00","4,0","2,00","4,0","2,00","4,0","2,00","4,0","2,00","4,0","2,60","4,0","2,00","4,0","7,64","3,0","14,51","3,0","19,47","4,0","20,07","4,0","27,94","3,0","29,71","3,0","31,98","2,0","31,80","1,0","32,67","2,0","34,67","2,0","34,28","2,0","37,86","2,0","37,83","2,0","40,36","1,0","36,25","1,0","36,25","1,0","33,34","1,0","33,52","1,0","32,67"
Bajar,ENC,Blq. 1,Divisible,,"113,0","0,01","113,0","0,01","113,0","0,01","113,0","0,01","113,0","0,01","113,0","0,01","113,0","0,01","113,0","0,01","113,0","0,01","113,0","0,01","113,0","0,01","113,0","0,01","113,0","0,01","113,0","0,01","113,0","0,01","113,0","0,01","108,0","0,01","108,0","0,01","108,0","0,01","108,0","0,01","108,0","0,01","108,0","0,01","108,0","0,01","108,0","0,01","108,0","0,01","108,0","0,01","108,0","0,01","108,0","0,01","113,0","0,01","113,0","0,01","113,0","0,01","113,0","0,01","113,0","0,01","113,0","0,01","113,0","0,01","113,0","0,01","113,0","0,01","113,0","0,01","113,0","0,01","113,0","0,01","113,0","0,01","113,0","0,01","113,0","0,01","113,0","0,01","113,0","0,01","113,0","0,01","113,0","0,01","113,0","0,01","113,0","0,01","113,0","0,01","113,0","0,01","113,0","0,01","105,0","0,01","105,0","0,01","113,0","0,01","113,0","0,01","113,0","0,01","113,0","0,01","113,0","0,01","113,0","0,01","113,0","0,01","113,0","0,01","113,0","0,01","113,0","0,01","113,0","0,01","113,0","0,01","113,0","0,01","113,0","0,01","116,0","0,01","116,0","0,01","116,0","0,01","116,0","0,01","116,0","0,01","116,0","0,01","116,0","0,01","116,0","0,01","116,0","0,01","116,0","0,01","116,0","0,01","116,0","0,01","116,0","0,01","116,0","0,01","116,0","0,01","116,0","0,01","116,0","0,01","116,0","0,01","116,0","0,01","116,0","0,01","116,0","0,01","116,0","0,01","116,0","0,01","116,0","0,01","116,0","0,01","116,0","0,01","116,0","0,01","116,0","0,01"
Bajar,END,Blq. 1,Divisible,,"244,0","1,24","243,0","1,24","312,0","1,24","313,0","1,24","284,0","1,24","278,0","1,24","253,0","1,24","249,0","1,24","243,0","1,24","282,0","1,24","280,0","1,24","280,0","1,24","236,0","1,24","235,0","1,24","233,0","1,24","233,0","1,24","234,0","1,24","231,0","1,24","229,0","1,24","228,0","1,24","227,0","1,24","226,0","1,24","225,0","1,24","225,0","1,24","247,0","1,24","257,0","1,24","261,0","1,24","261,0","1,24","256,0","1,24","258,0","1,24","273,0","1,24","287,0","1,24","225,0","1,24","270,0","1,24","270,0","1,24","300,0","1,24","300,0","1,24","302,0","1,24","308,0","1,24","321,0","1,24","370,0","1,24","375,0","1,24","357,0","1,24","340,0","1,24","341,0","1,24","344,0","1,24","343,0","1,24","343,0","1,24","343,0","1,24","343,0","1,24","343,0","1,24","344,0","1,24","349,0","1,24","350,0","1,24","350,0","1,24","349,0","1,24","347,0","1,24","350,0","1,24","349,0","1,24","342,0","1,24","351,0","1,24","351,0","1,24","350,0","1,24","349,0","1,24","351,0","1,24","348,0","1,24","348,0","1,24","345,0","1,24","345,0","1,24","342,0","1,24","340,0","1,24","367,0","1,24","390,0","1,24","390,0","1,24","390,0","1,24","390,0","1,24","270,0","1,24","270,0","1,24","300,0","1,24","300,0","1,24","300,0","1,24","422,0","1,24","383,0","1,24","347,0","1,24","323,0","1,24","289,0","1,24","262,0","1,24","262,0","1,24","280,0","1,24","288,0","1,24","286,0","1,24","277,0","1,24","263,0","1,24","261,0","1,24","261,0","1,24","259,0","1,24"
Bajar,END,Blq. 2,Divisible,,"22,0","1,56","22,0","1,55","30,0","2,13","30,0","2,14","30,0","2,16","30,0","2,09","30,0","1,78","30,0","1,73",,,,,,,,,,,,,,,,,,,,,,,,,,,,,,,,,,,,,,,,,,,,,,,,,,,,,,,,,,,"15,0","1,38","18,0","1,46","19,0","1,57","14,0","1,42","14,0","1,46","20,0","1,61","20,0","1,45","20,0","1,46","20,0","1,49","20,0","1,48","20,0","1,48","19,0","1,47","19,0","1,47","19,0","1,47","19,0","1,48","19,0","1,53","19,0","1,54","19,0","1,54","19,0","1,53","19,0","1,51","19,0","1,54","19,0","1,53","19,0","1,46","18,0","1,54","18,0","1,54","18,0","1,53","18,0","1,52","18,0","1,54","18,0","1,51","18,0","1,51","18,0","1,48","18,0","1,48","18,0","1,45","18,0","1,43","12,0","1,37",,,,,,,,,,,,,,,,,,,"50,0","2,05","50,0","1,98","50,0","1,93","22,0","2,43","22,0","2,00","22,0","1,66","22,0","1,79","22,0","2,14","22,0","2,24","22,0","2,21","22,0","2,10","22,0","1,93","22,0","1,90","22,0","1,90","22,0","1,88"
Bajar,END,Blq. 3,Divisible,,"50,0","2,19","50,0","2,18",,,,,,,,,,,,,,,,,,,,,,,,,,,,,,,,,,,,,,,,,,,,,,,,,,,,,,,,,,,,,,,,,,,,,,,"6,0","1,43","17,0","1,60","6,0","1,62","14,0","1,54","13,0","1,58","14,0","1,75","20,0","1,64","20,0","1,65","20,0","1,68","20,0","1,67","20,0","1,67","19,0","1,65","19,0","1,65","19,0","1,65","19,0","1,66","19,0","1,71","19,0","1,72","19,0","1,72","19,0","1,71","19,0","1,69","18,0","1,71","18,0","1,70","18,0","1,63","13,0","1,66","13,0","1,66","13,0","1,65","13,0","1,64","13,0","1,66","13,0","1,63","13,0","1,63","12,0","1,59","12,0","1,59","12,0","1,57","12,0","1,55","6,0","1,43",,,,,,,,,,,,,,,,,,,,,,,,,"50,0","3,05","50,0","2,63","50,0","2,29","50,0","2,41","50,0","2,76","50,0","2,86","50,0","2,84","50,0","2,73","50,0","2,55","50,0","2,53","50,0","2,53","50,0","2,50"
Bajar,END,Blq. 4,Divisible,,"30,0","2,56","30,0","2,55",,,,,,,,,,,,,,,,,,,,,,,,,,,,,,,,,,,,,,,,,,,,,,,,,,,,,,,,,,,,,,,,,,,,,,,,,"1,0","1,61",,,"20,0","1,72",,,"12,0","1,86","14,0","1,78","14,0","1,79","13,0","1,81","13,0","1,80","13,0","1,80","13,0","1,78","13,0","1,78","13,0","1,78","13,0","1,79","13,0","1,83","13,0","1,84","13,0","1,84","13,0","1,83","13,0","1,82","13,0","1,83","13,0","1,83","13,0","1,76","13,0","1,79","13,0","1,79","13,0","1,78","13,0","1,77","13,0","1,79","13,0","1,76","13,0","1,76","12,0","1,71","12,0","1,71","12,0","1,68","12,0","1,66",,,,,,,,,,,,,,,,,,,,,,,,,,,"50,0","3,68","50,0","3,25","50,0","2,91","50,0","3,04","50,0","3,39","50,0","3,49","50,0","3,46","50,0","3,35","50,0","3,18","50,0","3,15","50,0","3,15","50,0","3,13"
Bajar,END,Blq. 5,Divisible,,,,,,,,,,,,,,,,,,,,,,,,,,,,,,,,,,,,,,,,,,,,,,,,,,,,,,,,,,,,,,,,,,,,,,,,,,,,,,,,,,,,,,,,"11,0","1,88","12,0","1,90","12,0","1,92","12,0","1,91","12,0","1,91","13,0","1,90","14,0","1,91","14,0","1,91","13,0","1,91","14,0","1,97","14,0","1,98","14,0","1,98","14,0","1,97","13,0","1,94","13,0","1,96","13,0","1,95","13,0","1,88","8,0","1,86","7,0","1,85","8,0","1,85","8,0","1,84","6,0","1,84","7,0","1,83","6,0","1,82","8,0","1,79","8,0","1,79","9,0","1,77","7,0","1,73",,,,,,,,,,,,,,,,,,,,,,,,,,,"50,0","4,30","50,0","3,88","50,0","3,54","50,0","3,66","50,0","4,01","50,0","4,11","50,0","4,09","50,0","3,98","50,0","3,80","50,0","3,78","50,0","3,78","50,0","3,75"
Bajar,END,Blq. 6,Divisible,,,,,,,,,,,,,,,,,,,,,,,,,,,,,,,,,,,,,,,,,,,,,,,,,,,,,,,,,,,,,,,,,,,,,,,,,,,,,,,,,,,,,,,,,,,,,,,,"20,0","2,10",,,,,,,,,,,"1,0","1,99","2,0","2,00","2,0","1,99","2,0","1,96","1,0","1,97","2,0","1,97","4,0","1,92",,,,,,,,,,,,,"18,0","1,99","18,0","1,96",,,,,,,,,,,,,,,,,,,,,,,,,,,,,,,,,"50,0","4,93","50,0","4,50","50,0","4,16","50,0","4,29","50,0","4,64","50,0","4,74","50,0","4,71","50,0","4,60","50,0","4,43","50,0","4,40","50,0","4,40","50,0","4,38"
Bajar,EV,Blq. 1,Divisible,,"110,0","1,30","110,0","1,30","110,0","1,30","110,0","1,30","110,0","1,30","110,0","1,30","110,0","1,30","110,0","1,30","50,0","1,40","50,0","1,40","50,0","1,40","50,0","1,40","50,0","1,40","50,0","1,40","50,0","1,40","50,0","1,40","50,0","1,40","50,0","1,40","50,0","1,40","50,0","1,40","50,0","1,40","50,0","1,40","50,0","1,40","50,0","1,40","50,0","1,40","50,0","1,40","50,0","1,40","50,0","1,40","10,0","30,20","10,0","31,00","40,0","1,40","40,0","1,40","40,0","1,40","40,0","1,40","40,0","5,30","18,0","6,60","40,0","6,50","23,0","6,60","26,0","6,60","28,0","6,60","29,0","6,60","30,0","6,60","30,0","6,60","30,0","6,60","30,0","6,60","30,0","6,60","31,0","6,60","31,0","6,60","31,0","6,60","31,0","6,60","30,0","6,60","30,0","6,60","30,0","6,60","30,0","6,60","30,0","6,60","30,0","6,60","30,0","6,60","30,0","6,60","30,0","6,60","30,0","6,60","30,0","6,60","30,0","6,60","30,0","6,60","30,0","6,60","30,0","6,60","30,0","6,60","29,0","6,60","29,0","6,60","29,0","6,60","29,0","6,60","29,0","6,60","29,0","6,60","28,0","6,60","28,0","6,60","27,0","6,60","25,0","6,60","24,0","6,60","23,0","6,60","20,0","6,60","17,0","6,60","4,0","6,60","50,0","1,40","50,0","1,40","50,0","1,40","50,0","1,40","50,0","1,40","50,0","1,40","50,0","1,40","50,0","1,40","50,0","1,40","50,0","1,40","50,0","1,40","50,0","1,40","50,0","1,40","50,0","1,40","50,0","1,40"
Bajar,EV,Blq. 2,Divisible,,"50,0","1,40","50,0","1,40","50,0","1,40","50,0","1,40","50,0","1,40","50,0","1,40","50,0","1,40","50,0","1,40","40,0","1,50","40,0","1,50","40,0","1,50","40,0","1,50","40,0","1,50","40,0","1,50","40,0","1,50","40,0","1,50","40,0","1,50","40,0","1,50","40,0","1,50","40,0","1,50","40,0","1,50","40,0","1,50","40,0","1,50","40,0","1,50","40,0","1,50","40,0","1,50","40,0","1,50","40,0","1,50",,,,,"30,0","1,50","30,0","1,50","30,0","1,50","30,0","1,50","30,0","5,40","18,0","7,10","51,0","6,60","23,0","7,10","26,0","7,10","28,0","7,10","29,0","7,10","30,0","7,10","30,0","7,10","30,0","7,10","30,0","7,10","30,0","7,10","31,0","7,10","31,0","7,10","31,0","7,10","31,0","7,10","30,0","7,10","30,0","7,10","30,0","7,10","30,0","7,10","30,0","7,10","30,0","7,10","30,0","7,10","30,0","7,10","30,0","7,10","30,0","7,10","30,0","7,10","30,0","7,10","30,0","7,10","30,0","7,10","30,0","7,10","30,0","7,10","29,0","7,10","29,0","7,10","29,0","7,10","29,0","7,10","29,0","7,10","29,0","7,10","28,0","7,10","28,0","7,10","27,0","7,10","25,0","7,10","24,0","7,10","23,0","7,10","20,0","7,10","17,0","7,10","4,0","7,10","40,0","1,50","40,0","1,50","40,0","1,50","40,0","1,50","40,0","1,50","40,0","1,50","40,0","1,50","40,0","1,50","40,0","1,50","40,0","1,50","40,0","1,50","40,0","1,50","40,0","1,50","40,0","1,50","40,0","1,50"
Bajar,EV,Blq. 3,Divisible,,"40,0","1,50","40,0","1,50","40,0","1,50","40,0","1,50","40,0","1,50","40,0","1,50","40,0","1,50","40,0","1,50","30,0","1,60","30,0","1,60","30,0","1,60","30,0","1,60","30,0","1,60","30,0","1,60","30,0","1,60","30,0","1,60","30,0","1,60","30,0","1,60","30,0","1,60","30,0","1,60","30,0","1,60","30,0","1,60","30,0","1,60","30,0","1,60","30,0","1,60","30,0","1,60","30,0","1,60","30,0","1,60",,,,,"20,0","1,60","20,0","1,60","20,0","1,60","20,0","1,60","20,0","5,50","18,0","7,60","20,0","6,70","23,0","7,60","26,0","7,60","28,0","7,60","29,0","7,60","30,0","7,60","30,0","7,60","30,0","7,60","30,0","7,60","30,0","7,60","31,0","7,60","31,0","7,60","31,0","7,60","31,0","7,60","30,0","7,60","30,0","7,60","30,0","7,60","30,0","7,60","30,0","7,60","30,0","7,60","30,0","7,60","30,0","7,60","30,0","7,60","30,0","7,60","30,0","7,60","30,0","7,60","30,0","7,60","30,0","7,60","30,0","7,60","30,0","7,60","29,0","7,60","29,0","7,60","29,0","7,60","29,0","7,60","29,0","7,60","29,0","7,60","28,0","7,60","28,0","7,60","27,0","7,60","25,0","7,60","24,0","7,60","23,0","7,60","20,0","7,60","17,0","7,60","4,0","7,60","30,0","1,60","30,0","1,60","30,0","1,60","30,0","1,60","30,0","1,60","30,0","1,60","30,0","1,60","30,0","1,60","30,0","1,60","30,0","1,60","30,0","1,60","30,0","1,60","30,0","1,60","30,0","1,60","30,0","1,60"
Bajar,EV,Blq. 4,Divisible,,"30,0","1,60","30,0","1,60","30,0","1,60","30,0","1,60","30,0","1,60","30,0","1,60","30,0","1,60","30,0","1,60","10,0","29,90","10,0","30,20","10,0","30,20","10,0","30,50","10,0","30,30","10,0","30,60","10,0","30,60","10,0","30,20","10,0","30,20","10,0","30,20","10,0","30,20","10,0","30,20","10,0","30,20","10,0","30,20","10,0","30,20","10,0","30,20","10,0","30,20","10,0","30,10","10,0","30,10","10,0","30,60",,,,,"10,0","31,80","10,0","36,20","10,0","30,30","4,0","6,60","14,0","6,60","40,0","7,80","21,0","7,10","23,0","8,10","26,0","8,10","28,0","8,10","29,0","8,10","30,0","8,10","30,0","8,10","30,0","8,10","30,0","8,10","30,0","8,10","31,0","8,10","31,0","8,10","31,0","8,10","31,0","8,10","30,0","8,10","30,0","8,10","30,0","8,10","30,0","8,10","30,0","8,10","30,0","8,10","30,0","8,10","30,0","8,10","30,0","8,10","30,0","8,10","30,0","8,10","30,0","8,10","30,0","8,10","30,0","8,10","30,0","8,10","30,0","8,10","29,0","8,10","29,0","8,10","29,0","8,10","29,0","8,10","29,0","8,10","29,0","8,10","28,0","8,10","28,0","8,10","27,0","8,10","25,0","8,10","24,0","8,10","23,0","8,10","20,0","8,10","17,0","8,10","4,0","8,10","10,0","32,10","10,0","30,30","10,0","28,00","10,0","28,20","10,0","27,30","10,0","25,30","10,0","25,70","10,0","22,10","10,0","22,20","10,0","19,60","10,0","23,70","10,0","23,70","10,0","26,70","10,0","26,50","10,0","27,30"
Bajar,EV,Blq. 5,Divisible,,"10,0","24,90","10,0","26,20","10,0","27,80","10,0","29,50","10,0","27,30","10,0","28,50","10,0","29,30","10,0","30,20",,,,,,,,,,,,,,,,,,,,,,,,,,,,,,,,,,,,,,,,,,,,,,,,,,,"4,0","7,10","14,0","7,10","30,0","7,90","21,0","7,60","40,0","13,10","40,0","17,90","40,0","22,50","40,0","21,00","40,0","25,50","40,0","25,90","40,0","26,10","40,0","26,30","40,0","26,30","40,0","26,30","40,0","26,30","40,0","26,30","40,0","26,30","40,0","26,30","40,0","26,30","40,0","26,30","40,0","26,30","40,0","26,30","40,0","26,30","40,0","26,30","40,0","26,30","40,0","26,30","40,0","26,30","40,0","26,30","40,0","26,30","40,0","26,30","40,0","26,30","40,0","26,30","40,0","26,30","40,0","26,30","40,0","26,30","40,0","26,30","40,0","26,30","40,0","26,30","40,0","26,20","40,0","26,10","40,0","26,10","40,0","25,90","40,0","23,60","10,0","58,60","10,0","52,40","10,0","45,50","10,0","40,50","10,0","39,90",,,,,,,,,,,,,,,,,,,,,,,,,,,,,,
Bajar,EV,Blq. 6,Divisible,,,,,,,,,,,,,,,,,,,,,,,,,,,,,,,,,,,,,,,,,,,,,,,,,,,,,,,,,,,,,,,,,,,,"4,0","7,60","14,0","7,60","20,0","8,00","21,0","8,10","30,0","13,20","30,0","18,00","30,0","22,60","30,0","21,10","30,0","25,60","30,0","26,00","30,0","26,20","30,0","26,40","30,0","26,40","30,0","26,40","30,0","26,40","30,0","26,40","30,0","26,40","30,0","26,40","30,0","26,40","30,0","26,40","30,0","26,40","30,0","26,40","30,0","26,40","30,0","26,40","30,0","26,40","30,0","26,40","30,0","26,40","30,0","26,40","30,0","26,40","30,0","26,40","30,0","26,40","30,0","26,40","30,0","26,40","30,0","26,40","30,0","26,40","30,0","26,40","30,0","26,40","30,0","26,40","30,0","26,30","30,0","26,20","30,0","26,20","30,0","26,00","30,0","23,70",,,,,,,,,,,,,,,,,,,,,,,,,,,,,,,,,,,,,,,,
Bajar,EV,Blq. 7,Divisible,,,,,,,,,,,,,,,,,,,,,,,,,,,,,,,,,,,,,,,,,,,,,,,,,,,,,,,,,,,,,,,,,,,,"4,0","8,10","14,0","8,10","18,0","8,10","10,0","41,20","20,0","13,30","20,0","18,10","20,0","22,70","20,0","21,20","20,0","25,70","20,0","26,10","20,0","26,30","20,0","26,50","20,0","26,50","20,0","26,50","20,0","26,50","20,0","26,50","20,0","26,50","20,0","26,50","20,0","26,50","20,0","26,50","20,0","26,50","20,0","26,50","20,0","26,50","20,0","26,50","20,0","26,50","20,0","26,50","20,0","26,50","20,0","26,50","20,0","26,50","20,0","26,50","20,0","26,50","20,0","26,50","20,0","26,50","20,0","26,50","20,0","26,50","20,0","26,50","20,0","26,50","20,0","26,50","20,0","26,40","20,0","26,30","20,0","26,30","20,0","26,10","20,0","23,80",,,,,,,,,,,,,,,,,,,,,,,,,,,,,,,,,,,,,,,,
Bajar,EV,Blq. 8,Divisible,,,,,,,,,,,,,,,,,,,,,,,,,,,,,,,,,,,,,,,,,,,,,,,,,,,,,,,,,,,,,,,,,,,,"10,0","31,80","10,0","40,10","10,0","42,50",,,"10,0","47,50","10,0","52,00","10,0","56,30","10,0","55,00","10,0","59,20","10,0","59,60","10,0","59,80","10,0","60,00","10,0","60,00","10,0","60,00","10,0","60,00","10,0","60,00","10,0","60,00","10,0","60,00","10,0","60,00","10,0","60,00","10,0","60,00","10,0","60,00","10,0","60,00","10,0","60,00","10,0","60,00","10,0","60,00","10,0","60,00","10,0","60,00","10,0","60,00","10,0","60,00","10,0","60,00","10,0","60,00","10,0","60,00","10,0","60,00","10,0","60,00","10,0","60,00","10,0","60,00","10,0","60,00","10,0","59,90","10,0","59,80","10,0","59,80","10,0","59,60","10,0","57,40",,,,,,,,,,,,,,,,,,,,,,,,,,,,,,,,,,,,,,,,
Bajar,EVM,Blq. 1,Indivisible,,"5,0","21,02",,,,,,,,,,,,,,,,,,,,,,,,,,,,,,,,,,,,,,,,,,,,,,,,,,,,,,,,,"9,0","9,62","19,0","9,28","31,0","7,65","45,0","9,48","64,0","8,93","84,0","6,30","102,0","5,62","114,0","6,28","126,0","4,32","137,0","2,82","146,0","1,32",,,,,,,,,,,,,,,,,,,,,,,,,,,,,,,,,,,,,,,,,,,,,,,,,,,,,,,,,,,,,,,,,,,,,,,,,"118,0","0,50","108,0","2,78","97,0","5,15","85,0","6,65","77,0","6,82","63,0","9,45","47,0","10,30","33,0","11,55","22,0","12,28","13,0","14,42","6,0","18,65",,,,,,,,,,,,,,,,,,
Bajar,GAL,Blq. 1,Divisible,,"2,0","28,05","2,0","27,03","3,0","25,76","3,0","24,43","1,0","26,14","1,0","25,24","1,0","24,58","1,0","23,87","2,0","24,08","1,0","23,84","1,0","23,82","1,0","23,60","1,0","23,74","1,0","23,54","1,0","23,54","1,0","23,82","1,0","23,84","1,0","23,87","1,0","23,87","1,0","23,87","1,0","23,84","1,0","23,84","1,0","23,87","1,0","23,84","1,0","23,87","1,0","23,91","1,0","23,91","1,0","23,54","1,0","23,84","1,0","23,24","6,0","22,58","19,0","19,00","32,0","23,77","47,0","22,52","61,0","15,95","74,0","14,00","83,0","15,04","90,0","10,03","96,0","6,40","101,0","1,46","105,0","4,00","107,0","0,19","76,0","0,19","77,0","0,19","78,0","0,19","78,0","0,19","79,0","0,19","79,0","0,19","80,0","0,19","80,0","0,19","81,0","0,19","81,0","0,19","81,0","0,19","82,0","0,19","82,0","0,19","82,0","0,19","82,0","0,19","82,0","0,19","83,0","0,19","83,0","0,19","82,0","0,19","82,0","0,19","81,0","0,19","81,0","0,19","80,0","0,19","79,0","0,19","77,0","0,19","75,0","0,19","74,0","0,19","72,0","0,19","70,0","0,19","67,0","0,19","64,0","0,19","61,0","0,19","83,0","0,19","77,0","1,04","70,0","0,27","63,0","6,11","54,0","11,61","45,0","15,58","35,0","16,06","23,0","22,35","15,0","23,77","12,0","25,59","11,0","25,44","9,0","26,14","9,0","27,74","9,0","27,43","6,0","30,29","6,0","30,26","6,0","32,29","6,0","29,00","5,0","29,00","7,0","26,67","7,0","26,82","6,0","26,14"
Bajar,GAL,Blq. 2,Divisible,,"2,0","28,25","2,0","27,23","3,0","25,96","3,0","24,63","1,0","26,34","1,0","25,44","1,0","24,78","1,0","24,07","2,0","24,28","1,0","24,04","1,0","24,02","1,0","23,80","1,0","23,94","1,0","23,74","1,0","23,74","1,0","24,02","1,0","24,04","1,0","24,07","1,0","24,07","1,0","24,07","1,0","24,04","1,0","24,04","1,0","24,07","1,0","24,04","1,0","24,07","1,0","24,11","1,0","24,11","1,0","23,74","1,0","24,04","1,0","23,44","6,0","22,78","19,0","19,20","32,0","23,97","47,0","22,72","61,0","16,15","74,0","14,20","83,0","15,24","90,0","10,23","96,0","6,60","101,0","1,66","105,0","4,20","107,0","0,39","76,0","0,39","77,0","0,39","78,0","0,39","78,0","0,39","79,0","0,39","79,0","0,39","80,0","0,39","80,0","0,39","81,0","0,39","81,0","0,39","81,0","0,39","82,0","0,39","82,0","0,39","82,0","0,39","82,0","0,39","82,0","0,39","83,0","0,39","83,0","0,39","82,0","0,39","82,0","0,39","81,0","0,39","81,0","0,39","80,0","0,39","79,0","0,39","77,0","0,39","75,0","0,39","74,0","0,39","72,0","0,39","70,0","0,39","67,0","0,39","64,0","0,39","61,0","0,39","83,0","0,39","77,0","1,24","70,0","0,47","63,0","6,31","54,0","11,81","45,0","15,78","35,0","16,26","23,0","22,55","15,0","23,97","12,0","25,79","11,0","25,64","9,0","26,34","9,0","27,94","9,0","27,63","6,0","30,49","6,0","30,46","6,0","32,49","6,0","29,20","5,0","29,20","7,0","26,87","7,0","27,02","6,0","26,34"
Bajar,GAL,Blq. 3,Divisible,,"2,0","28,45","2,0","27,43","3,0","26,16","3,0","24,83","1,0","26,54","1,0","25,64","1,0","24,98",,,"2,0","24,48","1,0","24,24","1,0","24,22","1,0","24,00","1,0","24,14","1,0","23,94","1,0","23,94","1,0","24,22","1,0","24,24","1,0","24,27","1,0","24,27","1,0","24,27","1,0","24,24","1,0","24,24","1,0","24,27","1,0","24,24","1,0","24,27","1,0","24,31","1,0","24,31","1,0","23,94","1,0","24,24",,,"6,0","22,98","19,0","19,40","32,0","24,17","47,0","22,92","61,0","16,35","74,0","14,40","83,0","15,44","90,0","10,43","96,0","6,80","101,0","1,86","105,0","4,40","107,0","0,59","76,0","0,59","77,0","0,59","78,0","0,59","78,0","0,59","79,0","0,59","79,0","0,59","80,0","0,59","80,0","0,59","81,0","0,59","81,0","0,59","81,0","0,59","82,0","0,59","82,0","0,59","82,0","0,59","82,0","0,59","82,0","0,59","83,0","0,59","83,0","0,59","82,0","0,59","82,0","0,59","81,0","0,59","81,0","0,59","80,0","0,59","79,0","0,59","77,0","0,59","75,0","0,59","74,0","0,59","72,0","0,59","70,0","0,59","67,0","0,59","64,0","0,59","61,0","0,59","83,0","0,59","77,0","1,44","70,0","0,67","63,0","6,51","54,0","12,01","45,0","15,98","35,0","16,46","23,0","22,75","15,0","24,17","12,0","25,99","11,0","25,84","9,0","26,54","9,0","28,14","9,0","27,83","6,0","30,69","6,0","30,66","6,0","32,69","6,0","29,40","5,0","29,40","7,0","27,07","7,0","27,22","6,0","26,54"
Bajar,GAL,Blq. 4,Divisible,,"2,0","28,65","2,0","27,63","3,0","26,36","3,0","25,03","1,0","26,74","1,0","25,84","1,0","25,18",,,"2,0","24,68","1,0","24,44","1,0","24,42","1,0","24,20","1,0","24,34","1,0","24,14","1,0","24,14","1,0","24,42","1,0","24,44","1,0","24,47","1,0","24,47","1,0","24,47","1,0","24,44","1,0","24,44","1,0","24,47","1,0","24,44","1,0","24,47","1,0","24,51",,,,,,,,,"6,0","23,18","19,0","19,60","32,0","24,37","47,0","23,12","61,0","16,55","74,0","14,60","83,0","15,64","90,0","10,63","96,0","7,00","101,0","2,06","105,0","4,60","107,0","0,79","76,0","0,79","77,0","0,79","78,0","0,79","78,0","0,79","79,0","0,79","79,0","0,79","80,0","0,79","80,0","0,79","81,0","0,79","81,0","0,79","81,0","0,79","82,0","0,79","82,0","0,79","82,0","0,79","82,0","0,79","82,0","0,79","83,0","0,79","83,0","0,79","82,0","0,79","82,0","0,79","81,0","0,79","81,0","0,79","80,0","0,79","79,0","0,79","77,0","0,79","75,0","0,79","74,0","0,79","72,0","0,79","70,0","0,79","67,0","0,79","64,0","0,79","61,0","0,79","83,0","0,79","77,0","1,64","70,0","0,87","63,0","6,71","54,0","12,21","45,0","16,18","35,0","16,66","23,0","22,95","15,0","24,37","12,0","26,19","11,0","26,04","9,0","26,74","9,0","28,34","9,0","28,03","6,0","30,89","6,0","30,86","6,0","32,89","6,0","29,60","5,0","29,60","7,0","27,27","7,0","27,42","6,0","26,74"
Bajar,GAL,Blq. 5,Divisible,,"6,0","28,85","5,0","27,83","6,0","26,56","4,0","25,23","5,0","26,94","4,0","26,04","3,0","25,38",,,"5,0","24,88","5,0","24,64","3,0","24,62","2,0","24,40","5,0","24,54","4,0","24,34","3,0","24,34","2,0","24,62","1,0","24,64","1,0","24,67",,,,,,,,,,,,,,,,,,,,,,,,,"8,0","23,38","21,0","19,80","36,0","24,57","47,0","23,32","62,0","16,75","74,0","14,80","87,0","15,84","94,0","10,83","100,0","7,20","102,0","2,26","105,0","4,80","110,0","0,99","78,0","0,99","79,0","0,99","79,0","0,99","82,0","0,99","80,0","0,99","82,0","0,99","80,0","0,99","83,0","0,99","81,0","0,99","82,0","0,99","84,0","0,99","82,0","0,99","83,0","0,99","85,0","0,99","86,0","0,99","86,0","0,99","83,0","0,99","83,0","0,99","86,0","0,99","84,0","0,99","85,0","0,99","81,0","0,99","81,0","0,99","79,0","0,99","79,0","0,99","79,0","0,99","74,0","0,99","72,0","0,99","70,0","0,99","69,0","0,99","67,0","0,99","64,0","0,99","83,0","0,99","79,0","1,84","73,0","1,07","63,0","6,91","56,0","12,41","45,0","16,38","36,0","16,86","26,0","23,15","16,0","24,57","14,0","26,39","15,0","26,24","9,0","26,94","9,0","28,54","9,0","28,23","7,0","31,09","7,0","31,06","7,0","33,09","6,0","29,80","8,0","29,80","10,0","27,47","7,0","27,62","8,0","26,94"
Bajar,GDF,Blq. 1,Divisible,,,,,,,,,,,,,,,,,,,,,,,,,,,,,,,,,,,,,,,,,,,,,,,,,,,,,,,,,,,,,,,,,,,,,,,,,,,,,,,,,,,,,,,,,,,,,,,,,,,,,,,,,,,,,,,,,,,,,,,,,,,,,,,,,,,,,,,,,,,,,,,,,,,,,,,,,,,,,,,,,,,,"30,0","0,00",,,,,,,,,,,,,,,,,,,,,,,,,,,,
Bajar,GN,Blq. 1,Divisible,,"27,0","0,75","27,0","0,75","27,0","0,75","27,0","0,75","27,0","0,75","27,0","0,75","27,0","0,75","27,0","0,75","27,0","0,75","27,0","0,75","27,0","0,75","27,0","0,75","28,0","0,75","28,0","0,75","28,0","0,75","28,0","0,75","24,0","0,75","24,0","0,75","24,0","0,75","24,0","0,75","24,0","0,75","24,0","0,75","24,0","0,75","24,0","0,75","24,0","0,75","24,0","0,75","24,0","0,75","24,0","0,75","12,0","0,75","12,0","0,75","12,0","0,75","10,0","1,27","4,0","0,75","4,0","0,75","23,0","1,25","30,0","1,25","37,0","1,25","40,0","1,25","42,0","1,25","44,0","1,25","48,0","1,25","53,0","1,25","50,0","1,25","50,0","1,25","51,0","1,25","52,0","1,25","52,0","1,25","53,0","1,25","54,0","1,25","54,0","1,25","54,0","1,25","55,0","1,25","55,0","1,25","55,0","1,25","55,0","1,25","57,0","1,25","57,0","1,25","57,0","1,25","57,0","1,25","57,0","1,25","59,0","1,25","59,0","1,25","59,0","1,25","58,0","1,25","59,0","1,25","59,0","1,25","58,0","1,25","58,0","1,25","57,0","1,25","57,0","1,25","56,0","1,25","54,0","1,25","54,0","1,25","52,0","1,25","50,0","1,25","49,0","1,25","48,0","1,25","42,0","1,25","37,0","1,25","30,0","1,25","27,0","1,25","6,0","0,75","6,0","0,75","6,0","0,75","6,0","0,75","6,0","0,75","6,0","0,75","6,0","0,75","6,0","0,75","6,0","0,75","6,0","0,75","6,0","0,75","6,0","0,75","6,0","0,75","6,0","0,75","6,0","0,75"
Bajar,GN,Blq. 2,Divisible,,"12,0","1,25","11,0","1,25","11,0","1,25","11,0","1,25","11,0","1,25","11,0","1,25","11,0","1,25","10,0","1,25","10,0","1,25","10,0","1,25","10,0","1,25","10,0","1,25","10,0","1,25","10,0","1,25","10,0","1,25","10,0","1,25","10,0","1,25","10,0","1,25","9,0","1,25","9,0","1,25","9,0","1,25","9,0","1,25","8,0","1,25","8,0","1,25","8,0","1,25","8,0","1,25","7,0","1,25","7,0","1,25","7,0","1,25","7,0","1,25","7,0","1,25","14,0","1,61","12,0","1,25","14,0","1,25","23,0","1,43","30,0","1,43","37,0","1,43","40,0","1,43","42,0","1,43","44,0","1,43","48,0","1,43","48,0","1,43","50,0","1,43","50,0","1,43","51,0","1,43","52,0","1,43","52,0","1,43","53,0","1,43","54,0","1,43","54,0","1,43","54,0","1,43","55,0","1,43","55,0","1,43","55,0","1,43","55,0","1,43","57,0","1,43","57,0","1,43","57,0","1,43","57,0","1,43","57,0","1,43","59,0","1,43","59,0","1,43","59,0","1,43","58,0","1,43","59,0","1,43","59,0","1,43","58,0","1,43","58,0","1,43","57,0","1,43","57,0","1,43","56,0","1,43","54,0","1,43","54,0","1,43","52,0","1,43","50,0","1,43","49,0","1,43","48,0","1,43","42,0","1,43","37,0","1,43","30,0","1,43","27,0","1,43","20,0","1,25","15,0","1,25","20,0","1,25","14,0","1,25","15,0","1,25","15,0","1,25","15,0","1,25","15,0","1,25","15,0","1,25","14,0","1,25","14,0","1,25","14,0","1,25","14,0","1,25","13,0","1,25","12,0","1,25"
Bajar,GN,Blq. 3,Divisible,,"12,0","1,43","11,0","1,43","11,0","1,43","11,0","1,43","11,0","1,43","11,0","1,43","11,0","1,43","10,0","1,43","10,0","1,43","10,0","1,43","10,0","1,43","10,0","1,43","10,0","1,43","10,0","1,43","10,0","1,43","10,0","1,43","10,0","1,43","10,0","1,43","9,0","1,43","9,0","1,43","9,0","1,43","9,0","1,43","8,0","1,43","8,0","1,43","8,0","1,43","8,0","1,43","7,0","1,43","7,0","1,43","7,0","1,43","7,0","1,43","7,0","1,43","14,0","1,97","6,0","1,43","14,0","1,43","23,0","1,61","30,0","1,61","37,0","1,61","40,0","1,61","42,0","1,61","44,0","1,61","48,0","1,61","48,0","1,61","50,0","1,61","50,0","1,61","51,0","1,61","52,0","1,61","52,0","1,61","53,0","1,61","54,0","1,61","54,0","1,61","54,0","1,61","55,0","1,61","55,0","1,61","55,0","1,61","55,0","1,61","57,0","1,61","57,0","1,61","57,0","1,61","57,0","1,61","57,0","1,61","59,0","1,61","59,0","1,61","59,0","1,61","58,0","1,61","59,0","1,61","59,0","1,61","58,0","1,61","58,0","1,61","57,0","1,61","57,0","1,61","56,0","1,61","54,0","1,61","54,0","1,61","52,0","1,61","50,0","1,61","49,0","1,61","48,0","1,61","42,0","1,61","37,0","1,61","30,0","1,61","27,0","1,61","20,0","1,43","15,0","1,43","14,0","1,43","14,0","1,43","15,0","1,43","15,0","1,43","15,0","1,43","15,0","1,43","15,0","1,43","14,0","1,43","14,0","1,43","14,0","1,43","14,0","1,43","13,0","1,43","12,0","1,43"
