up_code,up_name_final,legal_entity,group_name,group_confidence,technology,unit_type_omie,zone_omie,uf_count,uf_codes,uf_names,subject_code,mapping_source,group_source_url
AFALZ4C,UOF C BATERIA FVALZ,,,,100 ALMACENAMIENTO ZONA ESPAÑOLA Almacenamiento Compra,ESPAÑA,S..A.,,,,,OMIE exact unit code,
AFALZ5C,UOF C BATERIA FVALZII,,,,100 ALMACENAMIENTO ZONA ESPAÑOLA Almacenamiento Compra,ESPAÑA,S..A.,,,,,OMIE exact unit code,
AFIANHC,UOF C BATERIA ANDEVAL,O,,,100 ALMACENAMIENTO ZONA ESPAÑOLA Almacenamiento Compra,ESPAÑA,S..A.,,,,,OMIE exact unit code,
AFIBGEC,ALMACENAMIENTO COMP,RA,,,100 ALMACENAMIENTO ZONA ESPAÑOLA Almacenamiento Compra,ESPAÑA,S..A.,,,,,OMIE exact unit code,
AFIBHEC,COMPRA HIBRIDACION EO,LICA BAT,,,100 ALMACENAMIENTO ZONA ESPAÑOLA Almacenamiento Compra,ESPAÑA,S..A.,,,,,OMIE exact unit code,
AFIBHFC,COMPRA HIBRIDACION FV,BATERIA,,,100 ALMACENAMIENTO ZONA ESPAÑOLA Almacenamiento Compra,ESPAÑA,S..A.,,,,,OMIE exact unit code,
AFIOLHC,UOF C BATERIA OLMEDILL,A,,,100 ALMACENAMIENTO ZONA ESPAÑOLA Almacenamiento Compra,ESPAÑA,S..A.,,,,,OMIE exact unit code,
AFIREHC,UOF C BATERIA REVILLA,,,,100 ALMACENAMIENTO ZONA ESPAÑOLA Almacenamiento Compra,ESPAÑA,S..A.,,,,,OMIE exact unit code,
AFIROHC,HIB ROMERAL OLMEDILLA,,,,100 ALMACENAMIENTO ZONA ESPAÑOLA Almacenamiento Compra,ESPAÑA,S..A.,,,,,OMIE exact unit code,
ASRIHCC,UNIDAD OFERTA BATERIA,SOTO,,,100 ALMACENAMIENTO ZONA ESPAÑOLA Almacenamiento Compra,GENERAC,IÓN),,,,,OMIE exact unit code,
EGEDBAT,COMPRA BATERIA,,,,100 ALMACENAMIENTO ZONA ESPAÑOLA Almacenamiento Compra,RGY DEV,ELOPMENTS,,,,,OMIE exact unit code,
EGLARMC,UNIDADE CARREGAMENT,O,,,100 ALMACENAMIENTO ZONA PORTUGUESA Almacenamiento Compra,,,,,,,OMIE exact unit code,
FHERCON,HIB HERCULES CONSUMO,,,,100 ALMACENAMIENTO ZONA ESPAÑOLA Almacenamiento Compra,ACION E,N MERCADO S.L.,,,,,OMIE exact unit code,
IGNARMC,IGNIS COMPRA PT,,,,100 ALMACENAMIENTO ZONA PORTUGUESA Almacenamiento Compra,,,,,,,OMIE exact unit code,
SMBC02,COMPRA BATERIA BATALH,A,,,100 ALMACENAMIENTO ZONA PORTUGUESA Almacenamiento Compra,ESPAÑA,SL,,,,,OMIE exact unit code,
UPACAC,UOF ACADIEMS COMPRA,,,,100 ALMACENAMIENTO ZONA ESPAÑOLA Almacenamiento Compra,,,,,,,OMIE exact unit code,
UPXENC,UPXENC,,,,100 ALMACENAMIENTO ZONA ESPAÑOLA Almacenamiento Compra,CNOLOG,IA,,,,,OMIE exact unit code,
ACAVADB,BOMBAS DO CAVADO,,,,100 BOMBEO ZONA PORTUGUESA Consumo Bombe o Mixto,S.A.,,,,,,OMIE exact unit code,
ADOUROB,BOMBA DO DOURO,,,,100 BOMBEO ZONA PORTUGUESA Consumo Bombe o Mixto,S.A.,,,,,,OMIE exact unit code,
AGUB,C.H.B. AGUAYO BOMBEO,,,,100 BOMBEO ZONA ESPAÑOLA Consumo de bom beo,ENOVAB,"LES, S.A.",,,,,OMIE exact unit code,
ALIMAB,BOMBAS DO LIMA,,,,100 BOMBEO ZONA PORTUGUESA Consumo Bombe o Mixto,S.A.,,,,,,OMIE exact unit code,
BRENAB,UNIDAD OFERTA BOMBEO,BREÑA 2,,,100 BOMBEO ZONA ESPAÑOLA Consumo Bombe o Puro,,,,,,,OMIE exact unit code,
DOUSUPB,DOURO SUPERIOR BOMBA,GEM,,,100 BOMBEO ZONA PORTUGUESA Consumo Bombe o Mixto,ÉTRICAS,DO NORTE SA,,,,,OMIE exact unit code,
DUEB,UGH.B. DUERO BOMBEO,,,,100 BOMBEO ZONA ESPAÑOLA Consumo Bombe o Mixto,ESPAÑA,S..A.,,,,,OMIE exact unit code,
ENDPRB,C.H.B.M. MONTAMARA BO,MBEO,,,100 BOMBEO ZONA ESPAÑOLA Consumo de bom beo,"N, S.A.",,,,,,OMIE exact unit code,
GDLQB,GUADALQUIVIR BOMBEO,,,,100 BOMBEO ZONA ESPAÑOLA Consumo de bom beo,"N, S.A.",,,,,,OMIE exact unit code,
GUADIAB,BACIA H. GUADIANA (BOM,BAGEM),,,100 BOMBEO ZONA PORTUGUESA Consumo Bombe o Mixto,S.A.,,,,,,OMIE exact unit code,
GUIB,C.H.B. GUILLENA BOMBEO,,,,100 BOMBEO ZONA ESPAÑOLA Consumo de bom beo,"N, S.A.",,,,,,OMIE exact unit code,
IPB,C.H.B.IP BOMBEO,,,,100 BOMBEO ZONA ESPAÑOLA Consumo Bombe o Puro,"N, S.A.",,,,,,OMIE exact unit code,
MLTB,C.H.B. MORALETS BOMBE,O,,,100 BOMBEO ZONA ESPAÑOLA Consumo de bom beo,"N, S.A.",,,,,,OMIE exact unit code,
MONDEGB,BOMBEO DA AREA DE MO,NDEGO,,,100 BOMBEO ZONA PORTUGUESA Consumo Bombe o Mixto,S.A.,,,,,,OMIE exact unit code,
MUEB,C.H.B. LA MUELA BOMBEO,,,,100 BOMBEO ZONA ESPAÑOLA Consumo de bom beo,ESPAÑA,S..A.,,,,,OMIE exact unit code,
SILB,UGH.B. SIL BOMBEO,,,,100 BOMBEO ZONA ESPAÑOLA Consumo Bombe o Mixto,ESPAÑA,S..A.,,,,,OMIE exact unit code,
SLTB,UGH.B. ESTANG. SALLENT,E BOMB.,,,100 BOMBEO ZONA ESPAÑOLA Consumo de bom beo,"N, S.A.",,,,,,OMIE exact unit code,
TAJB,UGH.B. TAJO BOMBEO,,,,100 BOMBEO ZONA ESPAÑOLA Consumo Bombe o Mixto,ESPAÑA,S..A.,,,,,OMIE exact unit code,
TAMEGAB,TAMEGAB,,,,100 BOMBEO ZONA PORTUGUESA Consumo Bombe o Mixto,ESPAÑA,S..A.,,,,,OMIE exact unit code,
TANB,C.H.B. TANES BOMBEO,,,,100 BOMBEO ZONA ESPAÑOLA Consumo de bom beo,GENERAC,IÓN),,,,,OMIE exact unit code,
TJEB,C.H. B. TAJO ENCANTADA,BOMBEO,,,100 BOMBEO ZONA ESPAÑOLA Consumo de bom beo,"N, S.A.",,,,,,OMIE exact unit code,
UFBB,C.H.B. BOLARQUE BOMBE,O,,,100 BOMBEO ZONA ESPAÑOLA Consumo Bombe o Puro,RCIALIZA,DORA,,,,,OMIE exact unit code,
ABASC01,UOF COMPRA ABASTE,,,,100 COMERCIALIZADOR ZONA ESPAÑOLA Comercializador ,ZADORA,S.L.,,,,,OMIE exact unit code,
ABOUC01,ABOUT WHITE,,,,100 COMERCIALIZADOR ZONA ESPAÑOLA Comercializador ,,,,,,,OMIE exact unit code,
ACCGC02,UNIDAD DE COMPRA,,,,100 COMERCIALIZADOR ZONA PORTUGUESA Comercializador ,CURSAL P,T,,,,,OMIE exact unit code,
ACHEC01,ACHER COMPRA,,,,100 COMERCIALIZADOR ZONA ESPAÑOLA Comercializador ,"A, S.C.V.",,,,,,OMIE exact unit code,
ACNHC01,COMPRA,,,,100 COMERCIALIZADOR ZONA ESPAÑOLA Comercializador ,L,,,,,,OMIE exact unit code,
ACOSC01,UNIDAD DE OFERTA,,,,100 COMERCIALIZADOR ZONA ESPAÑOLA Comercializador ,,,,,,,OMIE exact unit code,
ACRSC02,COMERCIALIZAÇÃO,,,,100 COMERCIALIZADOR ZONA PORTUGUESA Comercializador ,DA,,,,,,OMIE exact unit code,
ACSOC01,ACSOL,,,,100 COMERCIALIZADOR ZONA ESPAÑOLA Comercializador ,"BAL, S.A.",,,,,,OMIE exact unit code,
ACTIC01,UNIDAD PARA OFERTAS D,E COMPRA,,,100 COMERCIALIZADOR ZONA ESPAÑOLA Comercializador ,ADORA D,E ENERGIA S.L.,,,,,OMIE exact unit code,
ADEIC01,ADEINNOVA ENERGIA,,,,100 COMERCIALIZADOR ZONA ESPAÑOLA Comercializador ,,,,,,,OMIE exact unit code,
ADELC01,ADELFAS COMPRAS,,,,100 COMERCIALIZADOR ZONA ESPAÑOLA Compras Comerc ializació,,,,,,,OMIE exact unit code,
ADREC02,AUDAX COMPRA PORTUG,AL,,,100 COMERCIALIZADOR ZONA PORTUGUESA Comercializador ,S.A.,,,,,,OMIE exact unit code,
ADURC01,ADURIZ ENERGÍA COMPR,A (ESP),,,100 COMERCIALIZADOR ZONA ESPAÑOLA Comercializador ,,,,,,,OMIE exact unit code,
ADXC01,ADX RENOVABLES,,,,100 COMERCIALIZADOR ZONA ESPAÑOLA Comercializador ,,,,,,,OMIE exact unit code,
ADXRM01,REPRE COMER 1,,,,100 COMERCIALIZADOR ZONA ESPAÑOLA Compras Comerc ializació,S.A.,,,,,,OMIE exact unit code,
ADXRM02,REPRE COMER 2,,,,100 COMERCIALIZADOR ZONA ESPAÑOLA Compras Comerc ializació,S.A.,,,,,,OMIE exact unit code,
ADXRM03,REPRE COMER 3,,,,100 COMERCIALIZADOR ZONA ESPAÑOLA Compras Comerc ializació,S.A.,,,,,,OMIE exact unit code,
ADXRM04,ADS RPRE COMER 4,,,,100 COMERCIALIZADOR ZONA ESPAÑOLA Compras Comerc ializació,S.A.,,,,,,OMIE exact unit code,
ADXRM06,REPRE COMER 6,,,,100 COMERCIALIZADOR ZONA ESPAÑOLA Compras Comerc ializació,S.A.,,,,,,OMIE exact unit code,
ADXRM07,REPRE COMER 07,,,,100 COMERCIALIZADOR ZONA ESPAÑOLA Compras Comercializació n,,,,,,,OMIE exact unit code,
ADXRM08,REPRE COMER 8,,,,100 COMERCIALIZADOR ZONA ESPAÑOLA Compras Comercializació n,,,,,,,OMIE exact unit code,
ADXRM09,REPRE COMER 9,,,,100 COMERCIALIZADOR ZONA ESPAÑOLA Compras Comercializació n,,,,,,,OMIE exact unit code,
ADXRM10,ECO2,,,,100 COMERCIALIZADOR ZONA ESPAÑOLA Compras Comercializació n,,,,,,,OMIE exact unit code,
ADXRM11,FEED ENERGÍA,,,,100 COMERCIALIZADOR ZONA ESPAÑOLA Compras Comercializació n,,,,,,,OMIE exact unit code,
AEQC01,COMERCIALIZACIÓN AEQ,,,,100 COMERCIALIZADOR ZONA ESPAÑOLA Comercializador ,,,,,,,OMIE exact unit code,
AGENC01,ABESL COMPRA,,,,100 COMERCIALIZADOR ZONA ESPAÑOLA Comercializador ,,,,,,,OMIE exact unit code,
AGLC02,UNIDADE DE COMPRA,,,,100 COMERCIALIZADOR ZONA PORTUGUESA Comercializador ,,,,,,,OMIE exact unit code,
AGRIC01,AGRI ENERGIA COMPRA,(ESP),,,100 COMERCIALIZADOR ZONA ESPAÑOLA Comercializador ,,,,,,,OMIE exact unit code,
AHORC01,AHORA PENINSULA,,,,100 COMERCIALIZADOR ZONA ESPAÑOLA Comercializador ,,,,,,,OMIE exact unit code,
AHTC01,COMPRA COMER,,,,100 COMERCIALIZADOR ZONA ESPAÑOLA Comercializador ,RICA DE TEN,"ERIFE, S.L.",,,,,OMIE exact unit code,
AIREC01,AIREC01,,,,100 COMERCIALIZADOR ZONA ESPAÑOLA Compras Comercializació n,,,,,,,OMIE exact unit code,
AJENC01,UNIDAD OFERTANTE A2J,ENERGÍA,,,100 COMERCIALIZADOR ZONA ESPAÑOLA Comercializador ,,,,,,,OMIE exact unit code,
ALAHC01,U.O ALAHURIN,,,,100 COMERCIALIZADOR ZONA ESPAÑOLA Comercializador ,SL,,,,,,OMIE exact unit code,
ALBCC01,ALBCO_COMPRAS_UP,,,,100 COMERCIALIZADOR ZONA ESPAÑOLA Comercializador ,RICA DE ALB,ATARREC SLU,,,,,OMIE exact unit code,
ALDDC01,18W000000000OLLT,,,,100 COMERCIALIZADOR ZONA ESPAÑOLA Compras Comercializació n,"RA B2C, S.L.",UNIPERSONAL,,,,,OMIE exact unit code,
ALDRC01,COMERCIALIZADORA AL,DRO ENERGIA,,,100 COMERCIALIZADOR ZONA ESPAÑOLA Comercializador ,.,,,,,,OMIE exact unit code,
ALDRC02,COMERCIALIZADORA EL,ECTRICA PT,,,100 COMERCIALIZADOR ZONA PORTUGUESA Comercializador ,.-SUCURSAL,EM PORTUGAL,,,,,OMIE exact unit code,
ALFAC02,ALFA ENERGIA,,,,100 COMERCIALIZADOR ZONA PORTUGUESA Comercializador ,,,,,,,OMIE exact unit code,
ALGICA1,ALGICA1,,,,100 COMERCIALIZADOR ZONA ESPAÑOLA Comercializador ,LGINETENS,"ES, S.C.V.",,,,,OMIE exact unit code,
ALIOC01,COMPRA COMERCIALIZA,DORA,,,100 COMERCIALIZADOR ZONA ESPAÑOLA Comercializador ,,,,,,,OMIE exact unit code,
ALPXC01,ALPEX IBERICA DE ENER,"GIA,S.L",,,100 COMERCIALIZADOR ZONA ESPAÑOLA Comercializador ,S.L,,,,,,OMIE exact unit code,
ALUEC01,ALUZ PENINSULAR,,,,100 COMERCIALIZADOR ZONA ESPAÑOLA Compras Comercializació n,L,,,,,,OMIE exact unit code,
ALUZC01,ALUZC01,,,,100 COMERCIALIZADOR ZONA ESPAÑOLA Comercializador ,INE SL,,,,,,OMIE exact unit code,
AMAZC01,AMAZON COMPRA,,,,100 COMERCIALIZADOR ZONA ESPAÑOLA Comercializador ,RGIAS REN,OVABLES Y DE SERVICIOS,,,,,OMIE exact unit code,
AMEC01,AG. MERCADO ELÉCTRIC,O COM(ESP),,,100 COMERCIALIZADOR ZONA ESPAÑOLA Comercializador ,AU,,,,,,OMIE exact unit code,
AMELC01,UNIDAD DE COMERCIALI,CION,,,100 COMERCIALIZADOR ZONA ESPAÑOLA Comercializador ,C.A,,,,,,OMIE exact unit code,
AMIC01,COMPRA COMERCIALIZA,DORA AMI,,,100 COMERCIALIZADOR ZONA ESPAÑOLA Comercializador ,,,,,,,OMIE exact unit code,
ANGLC01,"ANGLER ENERGIA, S.L.",,,,100 COMERCIALIZADOR ZONA ESPAÑOLA Comercializador ,ZADORA DE,"ENERGIA, S.L.",,,,,OMIE exact unit code,
ANTEC01,ANTEA ENERGÍA COMER,CIALIZADORA,,,100 COMERCIALIZADOR ZONA ESPAÑOLA Comercializador ,IZADORA SL,,,,,,OMIE exact unit code,
ARACC01,ARACÁN ENERGÍA,,,,100 COMERCIALIZADOR ZONA ESPAÑOLA Compras Comercializació n,,,,,,,OMIE exact unit code,
AREPC02,AUDAX RENOV. SUC. EM,PORTUGAL,,,100 COMERCIALIZADOR ZONA PORTUGUESA Comercializador ,CURSAL EM,PORTUGAL,,,,,OMIE exact unit code,
ASEGC01,ASEGE01,,,,100 COMERCIALIZADOR ZONA ESPAÑOLA Comercializador ,,,,,,,OMIE exact unit code,
ASIEC01,COMERCIALIZ,,,,100 COMERCIALIZADOR ZONA ESPAÑOLA Comercializador ,L.,,,,,,OMIE exact unit code,
ASSEC01,18X000000000P5GW,,,,100 COMERCIALIZADOR ZONA ESPAÑOLA Comercializador ,,,,,,,OMIE exact unit code,
ASTEC01,ASTEC01,,,,100 COMERCIALIZADOR ZONA ESPAÑOLA Comercializador ,,,,,,,OMIE exact unit code,
ASTRC01,ASTRAL,,,,100 COMERCIALIZADOR ZONA ESPAÑOLA Comercializador ,,,,,,,OMIE exact unit code,
ATEEC01,ATENCO PENINSULA,,,,100 COMERCIALIZADOR ZONA ESPAÑOLA Comercializador ,,,,,,,OMIE exact unit code,
ATLSC01,ATLAS ENERGIA COMER,CIAL SL,,,100 COMERCIALIZADOR ZONA ESPAÑOLA Comercializador ,SL,,,,,,OMIE exact unit code,
ATLSR01,ATLSR01,,,,100 COMERCIALIZADOR ZONA ESPAÑOLA Compra Comercializador Balance,SL,,,,,,OMIE exact unit code,
ATPC01,COMPRA ATP,,,,100 COMERCIALIZADOR ZONA ESPAÑOLA Comercializador ,,,,,,,OMIE exact unit code,
ATRIC01,ATRIA - UNIDAD DE OFER,TA 01,,,100 COMERCIALIZADOR ZONA ESPAÑOLA Comercializador ,A S.L.,,,,,,OMIE exact unit code,
AUDAC01,AUDAX COMPRA,,,,100 COMERCIALIZADOR ZONA ESPAÑOLA Compras Comercializació n,,,,,,,OMIE exact unit code,
AXEOC01,AXEO ENERGIA SL,,,,100 COMERCIALIZADOR ZONA ESPAÑOLA Comercializador ,,,,,,,OMIE exact unit code,
AXPOC02,AXPOP COMERCIALIZAD,OR PT,,,100 COMERCIALIZADOR ZONA PORTUGUESA Comercializador ,,,,,,,OMIE exact unit code,
AXPOR01,AXPO SRAD,,,,100 COMERCIALIZADOR ZONA ESPAÑOLA Compra Comercializador Balance,,,,,,,OMIE exact unit code,
AYLUC01,AYLUZ,,,,100 COMERCIALIZADOR ZONA ESPAÑOLA Comercializador ,ELECTRICA,S.L,,,,,OMIE exact unit code,
BALEC01,BALEC01,,,,100 COMERCIALIZADOR ZONA ESPAÑOLA Comercializador ,,,,,,,OMIE exact unit code,
BECOC01,BASSOLS ENERGÍA COM,PRA (ESP),,,100 COMERCIALIZADOR ZONA ESPAÑOLA Comercializador ,IAL,,,,,,OMIE exact unit code,
BESC01,BESC01,,,,100 COMERCIALIZADOR ZONA ESPAÑOLA Compras Comercializació n,,,,,,,OMIE exact unit code,
BEYOC01,UNIDAD OFERTANTE,,,,100 COMERCIALIZADOR ZONA ESPAÑOLA Comercializador ,,,,,,,OMIE exact unit code,
BEYRM01,REPR RELUZCA,,,,100 COMERCIALIZADOR ZONA ESPAÑOLA Compras Comercializació n,,,,,,,OMIE exact unit code,
BEYRM02,REPR INDALO,,,,100 COMERCIALIZADOR ZONA ESPAÑOLA Compras Comercializació n,,,,,,,OMIE exact unit code,
BNPRC01,BNPRC01,,,,100 COMERCIALIZADOR ZONA ESPAÑOLA Comercializador ,,,,,,,OMIE exact unit code,
BNPRM02,BONPREU TERCIARIA,,,,100 COMERCIALIZADOR ZONA ESPAÑOLA Compra Comercializador Balance,,,,,,,OMIE exact unit code,
BOAEC01,UO BOAENERGETICA 200,0 S.L,,,100 COMERCIALIZADOR ZONA ESPAÑOLA Comercializador ,,,,,,,OMIE exact unit code,
BPC01,BP AMOCO GAS (ESP),,,,100 COMERCIALIZADOR ZONA ESPAÑOLA Comercializador ,S.A.U.,,,,,,OMIE exact unit code,
BPRM01,BP REP 01,BP GAS AND POWER IBERI,,,100 COMERCIALIZADOR ZONA ESPAÑOLA Compras Comer,,,,,,,OMIE exact unit code,
BPSRR01,BPSRR01,"BON PREU, S.A.U.",,,100 COMERCIALIZADOR ZONA ESPAÑOLA Compra Comerc,,,,,,,OMIE exact unit code,
BREIC01,U. OFERTA IBERICA,"IBERICA IMPULSA, S.L",,,100 COMERCIALIZADOR ZONA ESPAÑOLA Comercializador,,,,,,,OMIE exact unit code,
BSGEC01,BSGEA COMPRA,BSG ENERGIA SL,,,100 COMERCIALIZADOR ZONA ESPAÑOLA Comercializador,,,,,,,OMIE exact unit code,
BSGRM01,COMPRA BERL,BSG ENERGIA SL,,,100 COMERCIALIZADOR ZONA ESPAÑOLA Compras Comer,,,,,,,OMIE exact unit code,
CACIC01,CACIC01,2026 CACI ENERGIA,,,100 COMERCIALIZADOR ZONA ESPAÑOLA Comercializador,,,,,,,OMIE exact unit code,
CAMCC01,CAMPO_UP,ENERGIAS DE LA VILLA DE,,,100 COMERCIALIZADOR ZONA ESPAÑOLA Comercializador,MERCIAL,IZADORA SLU,,,,,OMIE exact unit code,
CAPLC01,CAPALOESP01,CAPALO AI SPAIN OY,,,100 COMERCIALIZADOR ZONA ESPAÑOLA Comercializador,,,,,,,OMIE exact unit code,
CAPTC01,COMERCIALIZACION,CAPTURA ENERGIA S.L.,,,100 COMERCIALIZADOR ZONA ESPAÑOLA Comercializador,,,,,,,OMIE exact unit code,
CATGC01,18WCATGC01-123-C,CATGAS ENERGIA SA,,,100 COMERCIALIZADOR ZONA ESPAÑOLA Comercializador,,,,,,,OMIE exact unit code,
CATRC01,CATRA COMPRA,"ELECTRICA CATRALENSE,",,,100 COMERCIALIZADOR ZONA ESPAÑOLA Comercializador,,,,,,,OMIE exact unit code,
CCATC01,CCATR COMPRA,COOPERATIVA ELÉCTRICA,,,100 COMERCIALIZADOR ZONA ESPAÑOLA Comercializador,CATRALE,"NSE, COOP.V.",,,,,OMIE exact unit code,
CEBAC01,"COOP ELEC BENEF ALBAT, COOP.V.",COOP ELÉCTRICA BENÉFI,,,100 COMERCIALIZADOR ZONA ESPAÑOLA Compras Comer,"RENSE, C",OOP.V.,,,,,OMIE exact unit code,
CEBIC01,CEBIN COMPRA,CEBIN ENERGY SL,,,100 COMERCIALIZADOR ZONA ESPAÑOLA Comercializador,,,,,,,OMIE exact unit code,
CECAC01,COOP. ELECT. CASTELLAR,COOPERATIVA ELECTRICA,,,100 COMERCIALIZADOR ZONA ESPAÑOLA Comercializador,"LLAR, S.C.",V.,,,,,OMIE exact unit code,
CEDC01,UNIDAD DE OFERTA PENINSULA,COMERCIALIZADORA DE E,,,100 COMERCIALIZADOR ZONA ESPAÑOLA Comercializador,RECTA S.L,.,,,,,OMIE exact unit code,
CEEEC01,CEEE COMPRA,ESCANDINAVA DE ELECTR,,,100 COMERCIALIZADOR ZONA ESPAÑOLA Compras Comer,U.,,,,,,OMIE exact unit code,
CENTCP3,CENTE DERECHOS COMPRA(FRAN),ENERGYA VM GESTION DE,,,100 COMERCIALIZADOR FRONTERA FRANCIA Comercializador,S.L.,,,,,,OMIE exact unit code,
CENTC01,CÉNTRICA ENERGÍA COM. 1 (ESP),ENERGYA VM GESTION DE,,,100 COMERCIALIZADOR ZONA ESPAÑOLA Comercializador,S.L.,,,,,,OMIE exact unit code,
CENTVP3,CENTE DERECHOS VENTA(FRAN),ENERGYA VM GESTION DE,,,100 COMERCIALIZADOR FRONTERA FRANCIA Import. de come,S.L.,,,,,,OMIE exact unit code,
CEPSC02,COMPRA SUCURSAL PORTUGAL,CEPSA GAS Y ELECTRICID,Moeve,derived_from_legal_name,100 COMERCIALIZADOR ZONA PORTUGUESA Comercializador,CURSAL E,M PORTUGAL,,,,,OMIE exact unit code,https://www.moeveglobal.com/
CESOC01,U. COMPRA DE COMERCIALIZADORA,COMERCIALIZADORA ENE,,,100 COMERCIALIZADOR ZONA ESPAÑOLA Comercializador,OSTENIBL,"E, S.A.",,,,,OMIE exact unit code,
CETAC01,CETAC01,COMERCIALIZADORA ELEC,,,100 COMERCIALIZADOR ZONA ESPAÑOLA Comercializador,AYUELAS,S.L.,,,,,OMIE exact unit code,
CHCC01,UNIDAD DE COMPRA CHC,"CIDE HCENERGIA, S.A.U",,,100 COMERCIALIZADOR ZONA ESPAÑOLA Compras Comer,,,,,,,OMIE exact unit code,
CHERC01,CHERA COMPRA,ELECTRICA SOT DE CHER,,,100 COMERCIALIZADOR ZONA ESPAÑOLA Comercializador,,,,,,,OMIE exact unit code,
CHISC01,COMCH COMERCIALIZADORA ESP,COMERCIALIZADORA LA C,,,100 COMERCIALIZADOR ZONA ESPAÑOLA Comercializador,S.L.U,,,,,,OMIE exact unit code,
CIMAC01,CIMA ENERGIA,CIMA ENERGIA COMERCIA,,,100 COMERCIALIZADOR ZONA ESPAÑOLA Comercializador,SL,,,,,,OMIE exact unit code,
CINEC01,18W000000000TFF2,CINETICA SOLUCIONES EN,,,100 COMERCIALIZADOR ZONA ESPAÑOLA Comercializador,S S.L,,,,,,OMIE exact unit code,
CLARC02,UNIDADE COMPRA,"CLARO ENERGIA,LDA.",,,100 COMERCIALIZADOR ZONA PORTUGUESA Comercializador,,,,,,,OMIE exact unit code,
CLEAC01,COMPRA,CLEARVIEW ENERGY SL.,,,100 COMERCIALIZADOR ZONA ESPAÑOLA Comercializador,,,,,,,OMIE exact unit code,
CLIDC01,CLIUO01,HOLALUZ-CLIDOM SA,,,100 COMERCIALIZADOR ZONA ESPAÑOLA Compras Comer,,,,,,,OMIE exact unit code,
CLIDC02,UD. COMERCIALIZACION,CLIDOMER UNIPESSOAL L,,,100 COMERCIALIZADOR ZONA PORTUGUESA Comercializador,,,,,,,OMIE exact unit code,
CNTLC01,CNTLC01,ELECTRACOMERCIAL CEN,,,100 COMERCIALIZADOR ZONA ESPAÑOLA Comercializador,,,,,,,OMIE exact unit code,
COALC01,COALG COMPRA,COMERCIALIZADORA SUM,,,100 COMERCIALIZADOR ZONA ESPAÑOLA Comercializador,"ETENSES,",S.L.,,,,,OMIE exact unit code,
CODOC01,CODOC01,ENERGIA COSTA DORADA,,,100 COMERCIALIZADOR ZONA ESPAÑOLA Comercializador,,,,,,,OMIE exact unit code,
COELC01,COELD COMPRA,ELECTRICA DE GUADASSU,,,100 COMERCIALIZADOR ZONA ESPAÑOLA Comercializador,V.,,,,,,OMIE exact unit code,
COGEC01,COGEN COMPRA ELECTRICIDAD,ENERGY BY COGEN,,,100 COMERCIALIZADOR ZONA ESPAÑOLA Compras Comer,,,,,,,OMIE exact unit code,
COMGC01,COMGC01,COMERCIALIZADORA ELEC,,,100 COMERCIALIZADOR ZONA ESPAÑOLA Compras Comer,USTRIAL S,A,,,,,OMIE exact unit code,
COMPC01,UP PENINSULAR,COMPAÑIA CASTELLANA D,,,100 COMERCIALIZADOR ZONA ESPAÑOLA Comercializador,IALIZACIO,N ELECTRICA,,,,,OMIE exact unit code,
CONEC01,COMPRA ENERGIA,CONECTA2 ENERGIA SL,,,100 COMERCIALIZADOR ZONA ESPAÑOLA Compras Comer,,,,,,,OMIE exact unit code,
COPIC01,COMERCIALIZACION,COMERCIALIZADORA HAZ,,,100 COMERCIALIZADOR ZONA ESPAÑOLA Compras Comer,"NOVABLE,",S.L.U.,,,,,OMIE exact unit code,
CPERM02,REPR. BEST OPTION,COMERCIALIZADORA ELEC,,,100 COMERCIALIZADOR ZONA ESPAÑOLA Compras Comer,"INSULAR,",S.L.,,,,,OMIE exact unit code,
CREEC01,CREA ENERGIA COMERCIALIZADORA,"CREAENERGIA ECO, S.L.U.",,,100 COMERCIALIZADOR ZONA ESPAÑOLA Comercializador,,,,,,,OMIE exact unit code,
CREOC01,CRECE,CRECE SOLUCIONES DE E,,,100 COMERCIALIZADOR ZONA ESPAÑOLA Compras Comer,,,,,,,OMIE exact unit code,
CRGYC01,UNIDAD DE COMPRA,"CARTO ENERGY, SOCIEDA",,,100 COMERCIALIZADOR ZONA ESPAÑOLA Comercializador,,,,,,,OMIE exact unit code,
CUNCC01,CUNCC01,ELECTRA CUNTIENSE COM,,,100 COMERCIALIZADOR ZONA ESPAÑOLA Comercializador,"ORA, S.L.",U.,,,,,OMIE exact unit code,
CUVEC01,"CUVER DESTELLA ENERGIA, SL.",CUVER DESTELLA ENERGI,,,100 COMERCIALIZADOR ZONA ESPAÑOLA Comercializador,,,,,,,OMIE exact unit code,
CVIRC01,COMPRA VIRTUAL,DUFERCO IBERIA SL,,,100 COMERCIALIZADOR ZONA ESPAÑOLA Comercializador,,,,,,,OMIE exact unit code,
CWCMC01,COMPRA CW COMERCIAL NO BALANCE,CAPWATT COMERCIAL S.L,,,100 COMERCIALIZADOR ZONA ESPAÑOLA Comercializador,,,,,,,OMIE exact unit code,
CYDAC01,COMPRA CYDAE COMERCIALIZACION,COMERCIAL Y ASESORA D,,,100 COMERCIALIZADOR ZONA ESPAÑOLA Compras Comer,"CIDAD, S.L",.,,,,,OMIE exact unit code,
CYEC01,UNIDAD COMPRA COMERCIALIZACION,CYE ENERGIA S.L.,,,100 COMERCIALIZADOR ZONA ESPAÑOLA Compras Comer,,,,,,,OMIE exact unit code,
DAIMC01,COMERCIAL DAIMUZ,DAIMUZ ENERGIA SL,,,100 COMERCIALIZADOR ZONA ESPAÑOLA Comercializador,,,,,,,OMIE exact unit code,
DANSC01,DANSKE COMPRA PENINSULAR,DANSKE COMMODITIES,,,100 COMERCIALIZADOR ZONA ESPAÑOLA Comercializador,,,,,,,OMIE exact unit code,
DEELC01,UNIDAD DE OFERTA,DEE LUNA ENERGY SL,,,100 COMERCIALIZADOR ZONA ESPAÑOLA Comercializador,,,,,,,OMIE exact unit code,
DESMC01,DESMA COMPRA,"DESMA SOLUCIONES, S.L.",,,100 COMERCIALIZADOR ZONA ESPAÑOLA Comercializador,,,,,,,OMIE exact unit code,
DETIC01,DETISA COMPRA (ESP),"MOEVE GAS AND POWER,",Moeve,derived_from_legal_name,100 COMERCIALIZADOR ZONA ESPAÑOLA Comercializador,,,,,,,OMIE exact unit code,https://www.moeveglobal.com/
DETIR01,DETIR01,"MOEVE GAS AND POWER,",Moeve,derived_from_legal_name,100 COMERCIALIZADOR ZONA ESPAÑOLA Compra Comerc,,,,,,,OMIE exact unit code,https://www.moeveglobal.com/
DFERC01,DUFERCO COMPRA,DUFERCO ENERGIA S.P.A.,,,100 COMERCIALIZADOR ZONA ESPAÑOLA Comercializador,,,,,,,OMIE exact unit code,
DILUC01,DILUZ,,,,COMERCIALIZADOR ZONA ESPA ÑOLA Comercializador ,DE ELECTRICIDAD S.L.,100,,,,,OMIE exact unit code,
DIRGC01,DIRECTGREEN,,,,COMERCIALIZADOR ZONA ESPA ÑOLA Comercializador ,,100,,,,,OMIE exact unit code,
DIVIC01,UNIDAD DE OFERTA,DIVICONSULTIN,,,COMERCIALIZADOR ZONA ESPA ÑOLA Comercializador ,S.L,100,,,,,OMIE exact unit code,
DLSTC01,UNIDAD OFERTANTE,GO ENERGIA,,,COMERCIALIZADOR ZONA ESPA ÑOLA Comercializador ,,100,,,,,OMIE exact unit code,
DONBC01,COMERCIALIZACION,,,,COMERCIALIZADOR ZONA ESPA ÑOLA Comercializador ,L.,100,,,,,OMIE exact unit code,
DREAC01,UO COMPRAS DREUA,01,,,COMERCIALIZADOR ZONA ESPA ÑOLA Compras Comercializació n,,100,,,,,OMIE exact unit code,
DRKFC01,DRK,,,,COMERCIALIZADOR ZONA ESPA ÑOLA Compras Comercializació n,,100,,,,,OMIE exact unit code,
DRKRM01,QUALC01,,,,COMERCIALIZADOR ZONA ESPA ÑOLA Compras Comercializació n,,100,,,,,OMIE exact unit code,
DRKRM02,HELIC01,,,,COMERCIALIZADOR ZONA ESPA ÑOLA Compras Comercializació n,,100,,,,,OMIE exact unit code,
DUERC01,DUEROLUZ ENERGIA,SL,,,COMERCIALIZADOR ZONA ESPA ÑOLA Comercializador ,,100,,,,,OMIE exact unit code,
DUFECP3,DUFER EXPORT RIGH,TS UNIT,,,COMERCIALIZADOR FRONTERA FRANCIA Comercializador no resid ente,,100,,,,,OMIE exact unit code,
DUFEC01,DUFEC01,,,,COMERCIALIZADOR ZONA ESPA ÑOLA Comercializador ,,100,,,,,OMIE exact unit code,
DUFEVP3,DUFER IMPORT RIGH,TS UNIT,,,COMERCIALIZADOR FRONTERA FRANCIA Import. de agentes extern os,,100,,,,,OMIE exact unit code,
DYNFC01,DYNFC01,,,,COMERCIALIZADOR ZONA ESPA ÑOLA Comercializador ,,100,,,,,OMIE exact unit code,
EALBC01,EALB COMPRA,,,,COMERCIALIZADOR ZONA ESPA ÑOLA Comercializador ,", S.L.",100,,,,,OMIE exact unit code,
EALMC01,ELALM COMERCIALIZ,ADOR ESP,,,COMERCIALIZADOR ZONA ESPA ÑOLA Comercializador ,S.L.,100,,,,,OMIE exact unit code,
EAMC01,AMADR COMPRA,,,,COMERCIALIZADOR ZONA ESPA ÑOLA Comercializador ,"ID, S.L.",100,,,,,OMIE exact unit code,
EAM0C01,EAM01 COMPRA,,,,COMERCIALIZADOR ZONA ESPA ÑOLA Comercializador ,ERCIALIZADORA DE ENERGÍA SLU,100,,,,,OMIE exact unit code,
EBLCO01,ENGIE SPAIN RETAIL,ER,,,COMERCIALIZADOR ZONA ESPA ÑOLA Comercializador ,,100,,,,,OMIE exact unit code,
EBLCR01,ENGIE SPAIN_SRAD,,,,COMERCIALIZADOR ZONA ESPA ÑOLA Compra Comercializador Balance,,100,,,,,OMIE exact unit code,
EBREC01,EBREC01,,,,COMERCIALIZADOR ZONA ESPA ÑOLA Comercializador ,"IZADORA, S.L.",100,,,,,OMIE exact unit code,
ECATC01,ELCAT COMPRA,,,,COMERCIALIZADOR ZONA ESPA ÑOLA Comercializador ,"A DE CATOIRA, S.A",100,,,,,OMIE exact unit code,
ECAZC01,ELECTRICA CADIZ C,OMPRA (ESP),,,COMERCIALIZADOR ZONA ESPA ÑOLA Comercializador ,,100,,,,,OMIE exact unit code,
ECOFC01,COMPRA COMERCIAL,IZADORA,,,COMERCIALIZADOR ZONA ESPA ÑOLA Compras Comercializació n,S.L.,100,,,,,OMIE exact unit code,
ECOTC01,UP PENINSULAR,,,,COMERCIALIZADOR ZONA ESPA ÑOLA Comercializador ,,100,,,,,OMIE exact unit code,
ECOVC01,18W000000000O3FL,,,,COMERCIALIZADOR ZONA ESPA ÑOLA Comercializador ,,100,,,,,OMIE exact unit code,
ECSCCA1,CALLO COMPRA ENE,RGIA,,,COMERCIALIZADOR ZONA ESPA ÑOLA Compras Comercializació n,"E SEGURA, CV",100,,,,,OMIE exact unit code,
EDFSC01,EDFAS COMPRA,,,,COMERCIALIZADOR ZONA ESPA ÑOLA Comercializador ,"RALLO, S.COOP.V.",100,,,,,OMIE exact unit code,
EDFTCP3,EDF TRADING DEREC,HOS COM (FR),,,COMERCIALIZADOR FRONTERA FRANCIA Comercializador no resid ente,,100,,,,,OMIE exact unit code,
EDFTC01,INTRADAY CONTINU,AND AUCTION,,,COMERCIALIZADOR ZONA ESPA ÑOLA Comercializador ,,100,,,,,OMIE exact unit code,
EDFTVP3,EDF TRADING DEREC,HOS VEN (FR),,,COMERCIALIZADOR FRONTERA FRANCIA Import. de agentes extern os,,100,,,,,OMIE exact unit code,
EDPCC01,UNIDAD DE COMPRA,,,,COMERCIALIZADOR ZONA ESPA ÑOLA Comercializador ,,100,,,,,OMIE exact unit code,
EDPCR01,UO COMPRA SRAD,,,,COMERCIALIZADOR ZONA ESPA ÑOLA Compra Comercializador Balance,,100,,,,,OMIE exact unit code,
EDPC2,EDP COMERCIAL CO,MPRA (PORT),,,COMERCIALIZADOR ZONA PORT UGUESA Comercializador ,ALIZACAO DE ENERGIA SA,100,,,,,OMIE exact unit code,
EFGC01,FACTOR ENERGÍA CO,MPRA (ESP),,,COMERCIALIZADOR ZONA ESPA ÑOLA Comercializador ,,100,,,,,OMIE exact unit code,
EFIDC01,COMERCIALIZADORA,,,,COMERCIALIZADOR ZONA ESPA ÑOLA Comercializador ,,100,,,,,OMIE exact unit code,
EFIRC01,UNIDAD DE OFERTA,,,,COMERCIALIZADOR ZONA ESPA ÑOLA Comercializador ,,100,,,,,OMIE exact unit code,
EGAZC01,EGAZC01,,,,COMERCIALIZADOR ZONA ESPA ÑOLA Comercializador ,,100,,,,,OMIE exact unit code,
EGCMC01,ENDESA GENERAC. C,OMPRA (ESP),,,COMERCIALIZADOR ZONA ESPA ÑOLA Comercializador ,. (ACT: COMERCIALIZACIÓN),100,,,,,OMIE exact unit code,
EGEDCP3,COMPRA CON DEREC,HOS FRANCIA,,,COMERCIALIZADOR FRONTERA FRANCIA Comercializador ,DEVELOPMENTS (ACT. COMERCI,100,,,,,OMIE exact unit code,
EGEDC01,AC. GREEN ENER DE,VEL COMP(ESP),,,COMERCIALIZADOR ZONA ESPA ÑOLA Comercializador ,DEVELOPMENTS,100,,,,,OMIE exact unit code,
EGEDR01,SERVICIO RESPUEST,A ACT DEMANDA,,,COMERCIALIZADOR ZONA ESPA ÑOLA Compra Comercializador Balance,DEVELOPMENTS,100,,,,,OMIE exact unit code,
EGEDVP3,VENTA CON DERECH,OS FRANCIA,,,COMERCIALIZADOR FRONTERA FRANCIA Import. de comercializado ras,DEVELOPMENTS (ACT. COMERCI,100,,,,,OMIE exact unit code,
EGENC01,EGENC01,,,,COMERCIALIZADOR ZONA ESPA ÑOLA Comercializador ,ERGIA,100,,,,,OMIE exact unit code,
EGENR01,EGENR01,,,,COMERCIALIZADOR ZONA ESPA ÑOLA Compra Comercializador Balance,ERGIA,100,,,,,OMIE exact unit code,
EGLECP3,EGLE COMPR DER FR,ANCIA,,,COMERCIALIZADOR FRONTERA FRANCIA Comercializador ,,100,,,,,OMIE exact unit code,
EGLEC01,EGL ESPAÑA COMPR,A (ESP),,,COMERCIALIZADOR ZONA ESPA ÑOLA Comercializador ,,100,,,,,OMIE exact unit code,
EGLEC2,EGLE COMERCIAL CO,MPRA (PORT),,,COMERCIALIZADOR ZONA PORT UGUESA Comercializador ,,100,,,,,OMIE exact unit code,
EGLEVP3,EGLE VENTA DER FR,ANCIA,,,COMERCIALIZADOR FRONTERA FRANCIA Import. de comercializado ras,,100,,,,,OMIE exact unit code,
EGLRM01,UOF REPRESENTACI,ÓN COMERCIALIZ,,,COMERCIALIZADOR ZONA ESPA ÑOLA Compras Comercializació n,,100,,,,,OMIE exact unit code,
EGNIC01,UNIDAD DE OFERTA,,,,COMERCIALIZADOR ZONA ESPA ÑOLA Comercializador ,,100,,,,,OMIE exact unit code,
EGUPC01,UNIDAD OFERTANTE,AENERGETIC,,,COMERCIALIZADOR ZONA ESPA ÑOLA Comercializador ,,100,,,,,OMIE exact unit code,
EHILC01,HELIC COMERCIALIZA,DOR ESP,,,COMERCIALIZADOR ZONA ESPA ÑOLA Comercializador ,,100,,,,,OMIE exact unit code,
EINDC01,UNIDAD DE OFERTA,,,,COMERCIALIZADOR ZONA ESPA ÑOLA Comercializador ,,100,,,,,OMIE exact unit code,
EINTC01,ENERGY INTERSOL 1,5,,,COMERCIALIZADOR ZONA ESPA ÑOLA Comercializador ,,100,,,,,OMIE exact unit code,
EKHIC01,"EKHINEO ENERGÍA, S",.L.,,,COMERCIALIZADOR ZONA ESPA ÑOLA Comercializador ,,100,,,,,OMIE exact unit code,
ELAVC01,ELAVE COMPRA,,,,COMERCIALIZADOR ZONA ESPA ÑOLA Comercializador ,"RCIAL, S.L",100,,,,,OMIE exact unit code,
ELBEC01,ELBEN_COMPRAS,,,,COMERCIALIZADOR ZONA ESPA ÑOLA Comercializador ,.,100,,,,,OMIE exact unit code,
ELCAC01,ELECTRA CALDENSE,COMPRA (ESP),,, 100 COMERCIALIZADOR ZONA ESPA ÑOLA Comercializador ,ERGIA,,,,,,OMIE exact unit code,
ELEIC01,ELEIC01,,,, 100 COMERCIALIZADOR ZONA ESPA ÑOLA Comercializador ,.L.U.,,,,,,OMIE exact unit code,
ELERC02,COMERCIALIZADORA,,,, 100 COMERCIALIZADOR ZONA PORT UGUESA Comercializador ,,,,,,,OMIE exact unit code,
ELESC01,ELESU COMERCIALIZ,ADOR ESP,,,ANELL S.L.U. 100 COMERCIALIZADOR ZONA ESPA ÑOLA Comercializador ,ECTRI,CA SUD,,,,,OMIE exact unit code,
ELMOC01,ELMON COMERCIALIZ,ADORA ESP,,,LEIDA S.L.U 100 COMERCIALIZADOR ZONA ESPA ÑOLA Comercializador ,NTOLI,U DE L,,,,,OMIE exact unit code,
ELPOC01,ELPOC01,,,, 100 COMERCIALIZADOR ZONA ESPA ÑOLA Comercializador ,.COOP,.MAD,,,,,OMIE exact unit code,
ELUZC01,E-LUZ ENERGY SOLU,"TIONS, S.L.",,, 100 COMERCIALIZADOR ZONA ESPA ÑOLA Comercializador ,"ONS, S.",L.,,,,,OMIE exact unit code,
ELV2C01,ELEVA 2 COMPRA,,,, 100 COMERCIALIZADOR ZONA ESPA ÑOLA Comercializador ,"DORA,",S.L.,,,,,OMIE exact unit code,
EMELC01,EMELC01,,,, 100 COMERCIALIZADOR ZONA ESPA ÑOLA Comercializador ,,,,,,,OMIE exact unit code,
EMIAC01,COMERCIALIZACION,,,,TRICA SL 100 COMERCIALIZADOR ZONA ESPA ÑOLA Comercializador ,ADORA,ELEC,,,,,OMIE exact unit code,
ENARC01,ENARA COMERCIALIZ,ADORA,,, 100 COMERCIALIZADOR ZONA ESPA ÑOLA Compras Comercializació n,IACIÓN,", SL",,,,,OMIE exact unit code,
ENCECP3,ENCECP3,,,, 100 COMERCIALIZADOR FRONTERA FRANCIA Comercializador no resid ente,GY SL,,,,,,OMIE exact unit code,
ENCEVP3,ENCEVP3,,,, 100 COMERCIALIZADOR FRONTERA FRANCIA Import. de agentes extern os,GY SL,,,,,,OMIE exact unit code,
ENCIC01,ENCIENDETENERGIA,SL,,, 100 COMERCIALIZADOR ZONA ESPA ÑOLA Comercializador ,L.,,,,,,OMIE exact unit code,
ENDCC04,EXP ANDORRA,,,, 100 COMERCIALIZADOR ZONA ESPA ÑOLA Compras Comercializació n,,,,,,,OMIE exact unit code,
ENDEC01,ESCARRILLA,,,, 100 COMERCIALIZADOR ZONA ESPA ÑOLA Comercializador ,LLA SL,,,,,,OMIE exact unit code,
ENDEC2,ENDESA COMERCIAL.,COMPRA (PORT,,, 100 COMERCIALIZADOR ZONA PORT UGUESA Comercializador ,,,,,,,OMIE exact unit code,
ENDER01,ENDESA RESPUESTA,ACTIVA DEMAND,,, 100 COMERCIALIZADOR ZONA ESPA ÑOLA Compra Comercializador Balance,,,,,,,OMIE exact unit code,
ENDE01,ENDESA ENERGIA (ES,P),,, 100 COMERCIALIZADOR ZONA ESPA ÑOLA Comercializador ,,,,,,,OMIE exact unit code,
ENDGCP3,ENDG DERECHOS CO,MPRA(FRAN),,, 100 COMERCIALIZADOR FRONTERA FRANCIA Comercializador no resid ente,S.A.,,,,,,OMIE exact unit code,
ENDGVP3,ENDG DERECHOS VE,NTA(FRAN),,, 100 COMERCIALIZADOR FRONTERA FRANCIA Import. de comercializado ras,S.A.,,,,,,OMIE exact unit code,
ENDIC01,UP1,,,, 100 COMERCIALIZADOR ZONA ESPA ÑOLA Comercializador ,SL,,,,,,OMIE exact unit code,
ENDPC01,PANTICOSA,,,,LIZADORA SL 100 COMERCIALIZADOR ZONA ESPA ÑOLA Comercializador ,SA CO,MERCIA,,,,,OMIE exact unit code,
ENDPC2,ENDESA E. SUC. POR,T. COMPRA,,,RTUGAL 100 COMERCIALIZADOR ZONA PORT UGUESA Compras Comercializació n,URSAL,EN PO,,,,,OMIE exact unit code,
ENDRM01,REPRESENTANTE DE,EPRESA,,, 100 COMERCIALIZADOR ZONA ESPA ÑOLA Compras Comercializació n,,,,,,,OMIE exact unit code,
ENEC01,UP PENINSULAR,,,,RALES SL 100 COMERCIALIZADOR ZONA ESPA ÑOLA Comercializador ,IONES,INTEG,,,,,OMIE exact unit code,
ENEDC01,ENERGIAREA EUROP,E SL,,, 100 COMERCIALIZADOR ZONA ESPA ÑOLA Comercializador ,SL,,,,,,OMIE exact unit code,
ENEEC01,ENERGÍA GAS AL-AND,ALUS SL,,, 100 COMERCIALIZADOR ZONA ESPA ÑOLA Comercializador ,LUS SL,,,,,,OMIE exact unit code,
ENEIR01,ENEIR01,,,, 100 COMERCIALIZADOR ZONA ESPA ÑOLA Compra Comercializador Balance,ING SL,,,,,,OMIE exact unit code,
ENEPC01,18W000000000Q1SU,,,, 100 COMERCIALIZADOR ZONA ESPA ÑOLA Comercializador ,.L.,,,,,,OMIE exact unit code,
ENEXC01,ENEXC01,,,, 100 COMERCIALIZADOR ZONA ESPA ÑOLA Comercializador ,SL,,,,,,OMIE exact unit code,
ENFOC02,ENFORCESCO COME,RCIALIZADORA,,, 100 COMERCIALIZADOR ZONA PORT UGUESA Compras Comercializació n,,,,,,,OMIE exact unit code,
ENGIC02,UNIDADE DE COMPRA,,,,"IA, LDA 100 COMERCIALIZADOR ZONA PORT UGUESA Comercializador ",AO DE,ENERG,,,,,OMIE exact unit code,
ENGNC02,COMERCIALIZAÇAO,,,,", S.A. 100 COMERCIALIZADOR ZONA PORT UGUESA Comercializador ",TRICID,ADE PT,,,,,OMIE exact unit code,
ENHEC01,ENHEC01,,,, 100 COMERCIALIZADOR ZONA ESPA ÑOLA Comercializador ,,,,,,,OMIE exact unit code,
ENMEC01,COMPRA EDM,,,,AD Y GAS DEL MEDITER 100 COMERCIALIZADOR ZONA ESPA ÑOLA Comercializador ,E ELEC,TRICID,,,,,OMIE exact unit code,
ENRKC01,ENERKORE COMPRA,,,, 100 COMERCIALIZADOR ZONA ESPA ÑOLA Comercializador ,,,,,,,OMIE exact unit code,
ENSAC01,COMPRAS ENERGYS,AVE,,, 100 COMERCIALIZADOR ZONA ESPA ÑOLA Comercializador ,S S.L.,,,,,,OMIE exact unit code,
ENSRR01,CO-SRAD-EN,,,, 100 COMERCIALIZADOR ZONA ESPA ÑOLA Compra Comercializador Balance,,,,,,,OMIE exact unit code,
ENUFC01,18X00000000037UC,,,, 100 COMERCIALIZADOR ZONA ESPA ÑOLA Comercializador ,,,,,,,OMIE exact unit code,
ENVEC01,ENVEC01,,,, 100 COMERCIALIZADOR ZONA ESPA ÑOLA Comercializador ,,,,,,,OMIE exact unit code,
ENZIC01,ENEAC COMERCIALIZ,ADOR ESP,,,LIZADORA SLU 100 COMERCIALIZADOR ZONA ESPA ÑOLA Comercializador ,TA COM,ERCIA,,,,,OMIE exact unit code,
EOP2C01,COMPRA ENERGIA M,ERCADO DIARIO,,, 100 COMERCIALIZADOR ZONA ESPA ÑOLA Comercializador ,L.,,,,,,OMIE exact unit code,
EPACC01,EPAC COMERCIALIZA,DORA,,,L. 100 COMERCIALIZADOR ZONA ESPA ÑOLA Comercializador ,RGETI,"CAS, S.",,,,,OMIE exact unit code,
EQUAC01,EQUAC01,,,, 100 COMERCIALIZADOR ZONA ESPA ÑOLA Comercializador ,"O GO, S",LU,,,,,OMIE exact unit code,
ERENC01,ENDESA ENERGIA RE,NOVABLE,,,. 100 COMERCIALIZADOR ZONA ESPA ÑOLA Comercializador ,OVABLE,", S.L.U",,,,,OMIE exact unit code,
EROUCP3,UNIDAD DE OFERTA C,OMPRA FRANCE,,,IMITED 100 COMERCIALIZADOR FRONTERA FRANCIA Comercializador ,Y TRA,DING L,,,,,OMIE exact unit code,
EROUVP3,UNIDAD DE OFERTA D,E VENTA FRAN,,,IMITED 100 COMERCIALIZADOR FRONTERA FRANCIA Import. de comercializado ras,Y TRA,DING L,,,,,OMIE exact unit code,
ERPCC01,UNIDAD COMPRA ENE,RGETICA,,,"DE CATALUNYA, S.A.U. 100 COMERCIALIZADOR ZONA ESPA ÑOLA Comercializador ",S PÚBL,IQUES,,,,,OMIE exact unit code,
ERUNC02,COMPRA DE ENERGIA,,,, 100 COMERCIALIZADOR ZONA PORT UGUESA Comercializador ,"DES, S",A,,,,,OMIE exact unit code,
ESEGC01,UOF_SEGE,,,,DE LENERGIE 100 COMERCIALIZADOR ZONA ESPA ÑOLA Comercializador ,DE GE,STION,,,,,OMIE exact unit code,
ETNEC01,ETNEC01,,,, 100 COMERCIALIZADOR ZONA ESPA ÑOLA Comercializador ,,,,,,,OMIE exact unit code,
ETSOC01,INICIAL,,,, 100 COMERCIALIZADOR ZONA ESPA ÑOLA Comercializador ,TION S,L,,,,,OMIE exact unit code,
EVIVC01,18W0000000000UV4,,,, 100 COMERCIALIZADOR ZONA ESPA ÑOLA Comercializador ,.,,,,,,OMIE exact unit code,
EVMER01,UOF SRAD,,,,S.L. 100 COMERCIALIZADOR ZONA ESPA ÑOLA Compra Comercializador Balance,DE EN,"ERGIA,",,,,,OMIE exact unit code,
EYCEC01,18W0000000005XMU,,,, 100 COMERCIALIZADOR ZONA ESPA ÑOLA Comercializador ,RESAR,IAL SL,,,,,OMIE exact unit code,
EYPC01,ESTABANELL PAHISA,COMPRA (ESP),,, 100 COMERCIALIZADOR ZONA ESPA ÑOLA Comercializador ,S.A.,,,,,,OMIE exact unit code,
EZURC02,UNIDADE DE COMPRA,,,, 100 COMERCIALIZADOR ZONA PORT UGUESA Comercializador ,,,,,,,OMIE exact unit code,
FECC01,FECII COMPRA,,,,100 COMERCIALIZADOR ZONA ESPA ÑOLA Comercializador  ,MPRODON II SL,,,,,,OMIE exact unit code,
FEDAC04,FEDA UNIDAD OFERTA,,,,100 COMERCIALIZADOR FRONTERA ANDORRA Comercializador  ,,,,,,,OMIE exact unit code,
FEMCC01,FEMCV COMPRA,,,,100 COMERCIALIZADOR ZONA ESPA ÑOLA Comercializador  ,"MUSEROS, S.CO",OP.V.,,,,,OMIE exact unit code,
FENC01,FENIE,,,,100 COMERCIALIZADOR ZONA ESPA ÑOLA Compras Comer cial ización,,,,,,,OMIE exact unit code,
FENEC01,FENERGAS ENERGIA,SL,,,100 COMERCIALIZADOR ZONA ESPA ÑOLA Comercializador  ,A SL,,,,,,OMIE exact unit code,
FORTC01,FORTIA COMPRA (ESP,),,,100 COMERCIALIZADOR ZONA ESPA ÑOLA Comercializador  ,.L.,,,,,,OMIE exact unit code,
FORTIC2,FORTIA COMPRA (POR,T),,,100 COMERCIALIZADOR ZONA PORT UGUESA Compras Comer cial ización,.L.,,,,,,OMIE exact unit code,
FORTR01,FORTIA SRAD,,,,100 COMERCIALIZADOR ZONA ESPA ÑOLA Compra Comerci aliz ador Bal,.L.,,,,,,OMIE exact unit code,
FOXC01,UNIDAD FOX PENINSU,LA,,,100 COMERCIALIZADOR ZONA ESPA ÑOLA Comercializador  ,,,,,,,OMIE exact unit code,
FRANC01,18W000000000Q1QY,,,,100 COMERCIALIZADOR ZONA ESPA ÑOLA Comercializador  ,"ERIA, S.L",,,,,,OMIE exact unit code,
FTULC01,FORTULUZ COMERCIA,LIZADORA,,,100 COMERCIALIZADOR ZONA ESPA ÑOLA Compras Comer cial ización,,,,,,,OMIE exact unit code,
FUSEC01,COMERICALIZ_PEN,,,,100 COMERCIALIZADOR ZONA ESPA ÑOLA Comercializador  ,ICA SL,,,,,,OMIE exact unit code,
GABAC01,GABA COMPRA,,,,100 COMERCIALIZADOR ZONA ESPA ÑOLA Comercializador  ,ZADORA DE ELEC,TRICIDAD S.L.U.,,,,,OMIE exact unit code,
GACC01,GEOATLANTER COMP,ESP,,,100 COMERCIALIZADOR ZONA ESPA ÑOLA Comercializador  ,,,,,,,OMIE exact unit code,
GALAC01,GALASUR,,,,100 COMERCIALIZADOR ZONA ESPA ÑOLA Compras Comer cial ización,MERCIALIZADOR,"A, SL",,,,,OMIE exact unit code,
GALPC01,GALP ENERGIA ESPAÑ,A,,,100 COMERCIALIZADOR ZONA ESPA ÑOLA Compras Comer cial ización,"AÑA, S.A.U.",,,,,,OMIE exact unit code,
GALPR01,GALPR01,,,,100 COMERCIALIZADOR ZONA ESPA ÑOLA Compra Comerci aliz ador Bal,"AÑA, S.A.U.",,,,,,OMIE exact unit code,
GALPWC2,GALP POWER PORTU,GAL COMPRA,,,100 COMERCIALIZADOR ZONA PORT UGUESA Comercializador  ,,,,,,,OMIE exact unit code,
GAMIC01,18W000000000PW8I,,,,100 COMERCIALIZADOR ZONA ESPA ÑOLA Comercializador  ,.L.,,,,,,OMIE exact unit code,
GAOLC01,GAOLANIA,,,,100 COMERCIALIZADOR ZONA ESPA ÑOLA Compras Comer cial ización,OS S.L,,,,,,OMIE exact unit code,
GDIVC01,GDIVC01_COMPRA PE,NINSULAR,,,100 COMERCIALIZADOR ZONA ESPA ÑOLA Compras Comer cial ización,"ICACIÓN, S.L.",,,,,,OMIE exact unit code,
GEGC01,GRUPO ENERGALICIA,,,,100 COMERCIALIZADOR ZONA ESPA ÑOLA Compras Comer cial ización,ELECTRICA S.A.,,,,,,OMIE exact unit code,
GEOAC01,UP COMPRA 1,,,,100 COMERCIALIZADOR ZONA ESPA ÑOLA Comercializador  ,SL,,,,,,OMIE exact unit code,
GEOLC01,GEO LUZ Y GAS,,,,100 COMERCIALIZADOR ZONA ESPA ÑOLA Comercializador  ,,,,,,,OMIE exact unit code,
GESIC01,COMPRA COMERCIALI,ZACIÓN,,,100 COMERCIALIZADOR ZONA ESPA ÑOLA Compras Comer cial ización,"ROS, SL",,,,,,OMIE exact unit code,
GESLC01,GESL,,,,100 COMERCIALIZADOR ZONA ESPA ÑOLA Comercializador  ,"TICA,SL",,,,,,OMIE exact unit code,
GESQC01,COMERCIALIZACION,,,,100 COMERCIALIZADOR ZONA ESPA ÑOLA Comercializador  ,COMUNIDADES,ENERGETICAS EUROPA,,,,,OMIE exact unit code,
GESTC01,GESTERNOVA COMPR,A (ESP),,,100 COMERCIALIZADOR ZONA ESPA ÑOLA Comercializador  ,,,,,,,OMIE exact unit code,
GESTC02,GESTO COMERCIALIZ,ADORA,,,100 COMERCIALIZADOR ZONA PORT UGUESA Comercializador  ,IZACAO DE ENE,"RGIA, UNIPESSOAL LDA",,,,,OMIE exact unit code,
GMEC01,COMPRA COMERCIALI,ZADORA,,,100 COMERCIALIZADOR ZONA ESPA ÑOLA Comercializador  ,ERGIA SL,,,,,,OMIE exact unit code,
GMTCP3,IMPORT FROM FR W/O,CAP RIGHTS,,,100 COMERCIALIZADOR FRONTERA FRANCIA Comercializador no residente,ING AND TRADIN,G LTD,,,,,OMIE exact unit code,
GMTVP3,EXP TO FRE W/O CAP,RIGHTS,,,100 COMERCIALIZADOR FRONTERA FRANCIA Import. de comer cia lizadoras,ING AND TRADIN,G LTD,,,,,OMIE exact unit code,
GNCOCP3,GNCO DERECH COMP,RA (FRANCIA),,,100 COMERCIALIZADOR FRONTERA FRANCIA Comercializador no residente,ERCIALIZADORA,,,,,,OMIE exact unit code,
GNCOC01,GAS NATURAL COMER,CIALIZADORA,,,100 COMERCIALIZADOR ZONA ESPA ÑOLA Comercializador  ,ERCIALIZADORA,,,,,,OMIE exact unit code,
GNCOC02,UNIDAD OFERTA POR,TUGAL,,,100 COMERCIALIZADOR ZONA PORT UGUESA Compras Comer cial ización,ERCIALIZADORA,,,,,,OMIE exact unit code,
GNCOVP3,GNCO DERECH VENTA,(FRANCIA),,,100 COMERCIALIZADOR FRONTERA FRANCIA Import. de agent es externos,ERCIALIZADORA,,,,,,OMIE exact unit code,
GNRACP3,EXPORTACION GNERA,CON,,,100 COMERCIALIZADOR FRONTERA FRANCIA Comercializador  ,TECNOLOGIA,,,,,,OMIE exact unit code,
GNRAC01,U COMERCIALIZACION,GENERICA,,,100 COMERCIALIZADOR ZONA ESPA ÑOLA Comercializador  ,TECNOLOGIA,,,,,,OMIE exact unit code,
GNRAVP3,IMPORTACION GNERA,CON DERECHOS,,,100 COMERCIALIZADOR FRONTERA FRANCIA Import. de comer cia lizadoras,TECNOLOGIA,,,,,,OMIE exact unit code,
GNSEC01,GAS NATURAL SERV C,OMPRA (ESP),,,100 COMERCIALIZADOR ZONA ESPA ÑOLA Comercializador  ,A.,,,,,,OMIE exact unit code,
GNSEC02,GNS COMPRA PORTU,GAL,,,100 COMERCIALIZADOR ZONA PORT UGUESA Compras Comer cial ización,A.,,,,,,OMIE exact unit code,
GNSER01,GNSER01,,,,100 COMERCIALIZADOR ZONA ESPA ÑOLA Compra Comerci aliz ador Bal,A.,,,,,,OMIE exact unit code,
GOENC01,GOENC01,,,,100 COMERCIALIZADOR ZONA ESPA ÑOLA Comercializador  ,.L.,,,,,,OMIE exact unit code,
GOIEC01,COMPRA COMERCIALI,ZADORA,,,100 COMERCIALIZADOR ZONA ESPA ÑOLA Compras Comer cial ización,,,,,,,OMIE exact unit code,
GOIRM01,REPRESENTACION ME,GARA,,,100 COMERCIALIZADOR ZONA ESPA ÑOLA Compras Comer cial ización,,,,,,,OMIE exact unit code,
GOIRM02,REPRESENTACION SO,LABRIA,,,100 COMERCIALIZADOR ZONA ESPA ÑOLA Compras Comer cial ización,,,,,,,OMIE exact unit code,
GOIRM03,REPRESENTACION NO,SA,,,100 COMERCIALIZADOR ZONA ESPA ÑOLA Compras Comer cial ización,,,,,,,OMIE exact unit code,
GOIRM05,REPRESENTACION LA,CORRIENTE,,,100 COMERCIALIZADOR ZONA ESPA ÑOLA Compras Comer cial ización,,,,,,,OMIE exact unit code,
GOIRM07,REPRESENTACION AR,AIA,,,100 COMERCIALIZADOR ZONA ESPA ÑOLA Compras Comer cial ización,,,,,,,OMIE exact unit code,
GOIRM08,REPRESENTACION ME,RKAOÑA,,,100 COMERCIALIZADOR ZONA ESPA ÑOLA Compras Comer cial ización,,,,,,,OMIE exact unit code,
GOLDC02,GOLDE COMPRA PT,,,,100 COMERCIALIZADOR ZONA PORT UGUESA Comercializador  ,ERCIALIZADORA,"ENERGIA, S.A.",,,,,OMIE exact unit code,
GREEC01,UNIDAD OFERTANTE G,REEN,,,100 COMERCIALIZADOR ZONA ESPA ÑOLA Comercializador  ,"ERGY, S.L.",,,,,,OMIE exact unit code,
GRTEC01,GRTEC01,,,,100 COMERCIALIZADOR ZONA ESPA ÑOLA Comercializador  ,SLU,,,,,,OMIE exact unit code,
GSLZC01,GSLZC01,,,,100 COMERCIALIZADOR ZONA ESPA ÑOLA Comercializador  ,"CÍA, S.L.",,,,,,OMIE exact unit code,
GSTCP3,GST BUYING UNIT,,,,100 COMERCIALIZADOR FRONTERA FRANCIA Comercializador no residente,"KETS, BELGIAN",BRANCH,,,,,OMIE exact unit code,
GSTVP3,GST SELLING UNIT,,,,100 COMERCIALIZADOR FRONTERA FRANCIA Import. de agent es externos,"KETS, BELGIAN",BRANCH,,,,,OMIE exact unit code,
GUISC01,GUIS COMPRA,,,,100 COMERCIALIZADOR ZONA ESPA ÑOLA Compras Comer cial ización,MENTARIA GUISS,"ONA, S.A.",,,,,OMIE exact unit code,
GURBC01,GURBC01,"GURBTEC ENERGIA, S",,, 100 COMERCIALIZADOR ZONA ESPA ÑOLA Comercializador,,,,,,,OMIE exact unit code,
GWHCC01,UNIDAD OFERTANTE GWH,GWH COMERCIALIZAD,,,"A, S.L. 100 COMERCIALIZADOR ZONA ESPA ÑOLA Comercializador",A E,LÉCTRIC,,,,,OMIE exact unit code,
G9TEC02,G9TELECOM_COMERCIALIZACAO,"G9, SA",,, 100 COMERCIALIZADOR ZONA PORT UGUESA Comercializador,,,,,,,OMIE exact unit code,
HAFEC01,"HAFESA MOBILITY ELC, S.L.",HAXX POWER & GAS,,, 100 COMERCIALIZADOR ZONA ESPA ÑOLA Comercializador,U.,,,,,,OMIE exact unit code,
HCGC01,HIDROCANTABRICO G. COMPRA(ESP),"EDP ESPAÑA, S.A.U. (",EDP,derived_from_legal_name, 100 COMERCIALIZADOR ZONA ESPA ÑOLA Comercializador,ER,CIAL),,,,,OMIE exact unit code,https://www.edp.com/
HCNSC01,HCNSE COMPRA,HC-NATURGAS EMPR,,,"OS ENERGETICOS, S.L. 100 COMERCIALIZADOR ZONA ESPA ÑOLA Comercializador",DE,SERVICI,,,,,OMIE exact unit code,
HECEC01,HEC ENERGIA COM.,HIDROELÉCTRICA EL,,,"ÍA, S.L. 100 COMERCIALIZADOR ZONA ESPA ÑOLA Compras Comer",ME,N ENERG,,,,,OMIE exact unit code,
HELEC01,UNIDAD DE COMPRA HELIOELEC,HELIOELEC ENERGIA,,,AS SOCIEDAD LIMITAD 100 COMERCIALIZADOR ZONA ESPA ÑOLA Comercializador,CT,RICA Y G,,,,,OMIE exact unit code,
HIDSC01,HIDSE COMERCIALIZADORA ESP,HIDROBESORA SERVI,,, 100 COMERCIALIZADOR ZONA ESPA ÑOLA Comercializador,"S,",S.L.U.,,,,,OMIE exact unit code,
HISPC01,HISPAELEC ENERGIA S.A.,ALPIQ ENERGÍA ESPA,,, 100 COMERCIALIZADOR ZONA ESPA ÑOLA Comercializador,S.A,.U.,,,,,OMIE exact unit code,
HIS1R01,HIS1R01,ALPIQ ENERGÍA ESPA,,, 100 COMERCIALIZADOR ZONA ESPA ÑOLA Compra Comerc,S.A,.U.,,,,,OMIE exact unit code,
HLYC01,HALLEY COM,"HALLEY ENERGY, SO",,,A 100 COMERCIALIZADOR ZONA ESPA ÑOLA Comercializador,AD,LIMITAD,,,,,OMIE exact unit code,
HOYEC01,HOY ENERGIA,"HOY ENERGIA, S.L.",,, 100 COMERCIALIZADOR ZONA ESPA ÑOLA Comercializador,,,,,,,OMIE exact unit code,
HSATC01,HSAT COMPRA,HSAT21 ENERGIA S.L.,,, 100 COMERCIALIZADOR ZONA ESPA ÑOLA Comercializador,,,,,,,OMIE exact unit code,
HSCOC01,HSCOC01,HIDROELECTRICA DE,,,"CIALIZADORA, S.L. 100 COMERCIALIZADOR ZONA ESPA ÑOLA Comercializador",LED,A COMER,,,,,OMIE exact unit code,
HYDRC01,UNIDAD DE OFERTA,HYDROEXERGY S.L.U,,, 100 COMERCIALIZADOR ZONA ESPA ÑOLA Comercializador,,,,,,,OMIE exact unit code,
IBDSC01,U. OFERTA IBERDESA,IBERDESA COMERCIA,,, 100 COMERCIALIZADOR ZONA ESPA ÑOLA Comercializador,ADO,"RA, S.L",,,,,OMIE exact unit code,
IBEGCP3,IBEG DERECHOS COMPRA(FRAN),IBERDROLA ENERGÍA,Iberdrola,derived_from_legal_name, 100 COMERCIALIZADOR FRONTERA FRANCIA Comercializador,PAÑ,A S..A.,,,,,OMIE exact unit code,https://www.iberdrola.com/
IBEGC05,IBEG COMPRA (MARR),IBERDROLA ENERGÍA,Iberdrola,derived_from_legal_name, 100 COMERCIALIZADOR FRONTERA MARRUECOS Comercializador,PAÑ,A S..A.,,,,,OMIE exact unit code,https://www.iberdrola.com/
IBEGVP3,IBERDROLA VENTA (FRAN) DER,IBERDROLA ENERGÍA,Iberdrola,derived_from_legal_name, 100 COMERCIALIZADOR FRONTERA FRANCIA Import. de come,PAÑ,A S..A.,,,,,OMIE exact unit code,https://www.iberdrola.com/
IBGECP3,IBGE DERECHOS COMPRA(FRAN),IBERDROLA ENERGÍA,Iberdrola,derived_from_legal_name, 100 COMERCIALIZADOR FRONTERA FRANCIA Comercializador,PAÑ,A S..A.,,,,,OMIE exact unit code,https://www.iberdrola.com/
IBGEVP3,IBGE DERECHOS VENTA(FRAN),IBERDROLA ENERGÍA,Iberdrola,derived_from_legal_name, 100 COMERCIALIZADOR FRONTERA FRANCIA Import. de come,PAÑ,A S..A.,,,,,OMIE exact unit code,https://www.iberdrola.com/
IBLEC02,IBELE PORTUGAL,IBELECTRA MERCADO,,, 100 COMERCIALIZADOR ZONA PORT UGUESA Comercializador,DA,,,,,,OMIE exact unit code,
IBMXC01,18W000000000Q8YY,IBERMAX ENERGY Y C,,,L. 100 COMERCIALIZADOR ZONA ESPA ÑOLA Comercializador,SU,"LTING, S.",,,,,OMIE exact unit code,
IBRM01,IBERDROLA SERVICIOS ENERGETICO,IBERDROLA ENERGÍA,Iberdrola,derived_from_legal_name, 100 COMERCIALIZADOR ZONA ESPA ÑOLA Compras Comer,PAÑ,A S..A.,,,,,OMIE exact unit code,https://www.iberdrola.com/
IBRM02,COMERCIALIZADORA FASTLIGHT,IBERDROLA ENERGÍA,Iberdrola,derived_from_legal_name, 100 COMERCIALIZADOR ZONA ESPA ÑOLA Compras Comer,PAÑ,A S..A.,,,,,OMIE exact unit code,https://www.iberdrola.com/
IBRM03,ELECTRA COMERCIALIZADORA,IBERDROLA ENERGÍA,Iberdrola,derived_from_legal_name, 100 COMERCIALIZADOR ZONA ESPA ÑOLA Compras Comer,PAÑ,A S..A.,,,,,OMIE exact unit code,https://www.iberdrola.com/
ICGAC01,COMERCIALIZADOR PARA E.E.,INGENIERIA Y COMER,,, 100 COMERCIALIZADOR ZONA ESPA ÑOLA Comercializador,L G,"AS, S.A.",,,,,OMIE exact unit code,
ICLIC01,IBERDROLA CLIENTES COMPRA,IBERDROLA ENERGÍA,Iberdrola,derived_from_legal_name, 100 COMERCIALIZADOR ZONA ESPA ÑOLA Rep. de comerci,PAÑ,A S..A.,,,,,OMIE exact unit code,https://www.iberdrola.com/
ICLIC02,IBERDROLA CLIENTES COMPRA,IBERDROLA ENERGÍA,Iberdrola,derived_from_legal_name, 100 COMERCIALIZADOR ZONA PORT UGUESA Rep. de comerci,PAÑ,A S..A.,,,,,OMIE exact unit code,https://www.iberdrola.com/
ICLIR01,COMERCIALIZADOR BALANCE SRAD,IBERDROLA ENERGÍA,Iberdrola,derived_from_legal_name, 100 COMERCIALIZADOR ZONA ESPA ÑOLA Compra Comerc,PAÑ,A S..A.,,,,,OMIE exact unit code,https://www.iberdrola.com/
IDENC02,IDENG,ID ENGENHARIA LDA,,, 100 COMERCIALIZADOR ZONA PORT UGUESA Comercializador,,,,,,,OMIE exact unit code,
IENOC01,UOF COMERCIALIZADOR IENOV,INICIATIVA E.NOVA,,, 100 COMERCIALIZADOR ZONA ESPA ÑOLA Comercializador,,,,,,,OMIE exact unit code,
IGESC01,IBERDROLA GENERACION ESPAÑA C,IBERDROLA ENERGÍA,Iberdrola,derived_from_legal_name, 100 COMERCIALIZADOR ZONA ESPA ÑOLA Comercializador,PAÑ,A S..A.,,,,,OMIE exact unit code,https://www.iberdrola.com/
IGESC02,IBERDROLA GENERACIÓN ESPAÑA C,IBERDROLA ENERGÍA,Iberdrola,derived_from_legal_name, 100 COMERCIALIZADOR ZONA PORT UGUESA Comercializador,PAÑ,A S..A.,,,,,OMIE exact unit code,https://www.iberdrola.com/
IGESC2,IGES COM PORTUGAL,IBERDROLA ENERGÍA,Iberdrola,derived_from_legal_name, 100 COMERCIALIZADOR ZONA PORT UGUESA Compras Comer,PAÑ,A S..A.,,,,,OMIE exact unit code,https://www.iberdrola.com/
IGNRM02,IGNIS REPRESENTACIÓN COMERS,IGNIS ENERGIA S.L.,,, 100 COMERCIALIZADOR ZONA ESPA ÑOLA Compras Comer,,,,,,,OMIE exact unit code,
IGNRM03,UF COMPRA LUZY COMER,IGNIS ENERGIA S.L.,,, 100 COMERCIALIZADOR ZONA ESPA ÑOLA Compras Comer,,,,,,,OMIE exact unit code,
IGNRM04,UOF CANDELA,IGNIS ENERGIA S.L.,,, 100 COMERCIALIZADOR ZONA ESPA ÑOLA Compras Comer,,,,,,,OMIE exact unit code,
IGNRM06,UOF FIBER,IGNIS ENERGIA S.L.,,, 100 COMERCIALIZADOR ZONA ESPA ÑOLA Compras Comer,,,,,,,OMIE exact unit code,
IGNRM07,UOF LINK COMER,IGNIS ENERGIA S.L.,,, 100 COMERCIALIZADOR ZONA ESPA ÑOLA Compras Comer,,,,,,,OMIE exact unit code,
IGNRM08,UOF PINDO COMER,IGNIS ENERGIA S.L.,,, 100 COMERCIALIZADOR ZONA ESPA ÑOLA Compras Comer,,,,,,,OMIE exact unit code,
IGNRM09,UOF ALIZA ENERGIA,IGNIS ENERGIA S.L.,,, 100 COMERCIALIZADOR ZONA ESPA ÑOLA Compras Comer,,,,,,,OMIE exact unit code,
IGNRM10,UOF ENUCA PENINSULA,IGNIS ENERGIA S.L.,,, 100 COMERCIALIZADOR ZONA ESPA ÑOLA Compras Comer,,,,,,,OMIE exact unit code,
IGNRM11,UOF MORTERO SOLAR,IGNIS ENERGIA S.L.,,, 100 COMERCIALIZADOR ZONA ESPA ÑOLA Compras Comer,,,,,,,OMIE exact unit code,
IMAXC01,"IMAXINA ENERGIA, S.L.","IMAXINA ENERGIA, S.",,, 100 COMERCIALIZADOR ZONA ESPA ÑOLA Comercializador,,,,,,,OMIE exact unit code,
IMPEC01,IMPERIUM,IMPERIUM LUMEN S.A,,, 100 COMERCIALIZADOR ZONA ESPA ÑOLA Comercializador,,,,,,,OMIE exact unit code,
IM3C01,IM3C01,IM3 ENERGIA SL,,, 100 COMERCIALIZADOR ZONA ESPA ÑOLA Comercializador,,,,,,,OMIE exact unit code,
INARC01,INARC01,INARGY SPOT SLU,,, 100 COMERCIALIZADOR ZONA ESPA ÑOLA Comercializador,,,,,,,OMIE exact unit code,
INDAC01,"INDAREL KUDEAKETA, SLU",INDAREL KUDEAKETA,,, 100 COMERCIALIZADOR ZONA ESPA ÑOLA Comercializador,U,,,,,,OMIE exact unit code,
INDEC01,PRNCIPAL,INDEXO ENERGIA SL,,, 100 COMERCIALIZADOR ZONA ESPA ÑOLA Comercializador,,,,,,,OMIE exact unit code,
INERC01,COMPRA COMERCIALIZACIÓN 1,INER ENERGIA CASTI,,,SL 100 COMERCIALIZADOR ZONA ESPA ÑOLA Compras Comer,LA,MANCHA,,,,,OMIE exact unit code,
INERM02,INUSC01,INER ENERGIA CASTI,,,SL 100 COMERCIALIZADOR ZONA ESPA ÑOLA Compras Comer,LA,MANCHA,,,,,OMIE exact unit code,
INERM03,INEMA,INER ENERGIA CASTI,,,SL 100 COMERCIALIZADOR ZONA ESPA ÑOLA Compras Comer,LA,MANCHA,,,,,OMIE exact unit code,
INGEC01,UNIDAD OFERTA INGEM,INGEM ENERGIA SL,,, 100 COMERCIALIZADOR ZONA ESPA ÑOLA Compras Comer,,,,,,,OMIE exact unit code,
INTRC01,INTERENERGIA,INTERENERGIA ENER,,,MPANY S.L. 100 COMERCIALIZADOR ZONA ESPA ÑOLA Comercializador,TRA,DING CO,,,,,OMIE exact unit code,
IONAC01,U. OFERTA IONA,IONA ENERGÍA S.L.,,, 100 COMERCIALIZADOR ZONA ESPA ÑOLA Comercializador,,,,,,,OMIE exact unit code,
IRISC01,IRISC01,IRIS ENERGIA EFICIEN,,, 100 COMERCIALIZADOR ZONA ESPA ÑOLA Comercializador,SA,,,,,,OMIE exact unit code,
ISAEC01,COMERCIALIZADORA,ISAE COMERCIALIZACI,,,ZONA ESPA ÑOLA Comercializador  ,100,COMERCIALIZADOR,,,,,OMIE exact unit code,
ISMSC01,ISM COMERCIALIZADORA,INGEBAU SOLUCIONES,,,ZONA ESPA ÑOLA Comercializador  ,100,COMERCIALIZADOR,,,,,OMIE exact unit code,
ISMSR01,UOF SRAD 01,INGEBAU SOLUCIONES,,,ZONA ESPA ÑOLA Compra Comerci ali zador Ba,100,COMERCIALIZADOR,,,,,OMIE exact unit code,
JAFPC02,JAFPLUS,JAF PLUS LDA,,,ZONA PORT UGUESA Comercializador  ,100,COMERCIALIZADOR,,,,,OMIE exact unit code,
JMFEC01,COMERCIALIZACION,JMF ENERGÍAS RENOV,,,ZONA ESPA ÑOLA Comercializador  ,100,COMERCIALIZADOR,,,,,OMIE exact unit code,
JOSEC01,JOSEP COMPRA,ELECTRICA SUDANELL,,,ZONA ESPA ÑOLA Comercializador  ,100,COMERCIALIZADOR,,,,,OMIE exact unit code,
JRONCP3,JARON DERECHOS COMP(FRAN),J. ARON & COMPANY,,,FRONTERA FRANCIA Comercializador no resident,100,COMERCIALIZADOR,,,,,OMIE exact unit code,
JRONVP3,JARON DERECHOS VENT(FRAN),J. ARON & COMPANY,,,FRONTERA FRANCIA Import. de agent es externos,100,COMERCIALIZADOR,,,,,OMIE exact unit code,
JUANC01,JUANX_UP,"JUAN ENERGY, SLU",,,ZONA ESPA ÑOLA Comercializador  ,100,COMERCIALIZADOR,,,,,OMIE exact unit code,
JUSEC01,JUSEC01,JUST ENERGY PRO LU,,,ZONA ESPA ÑOLA Compras Comer cia lización,100,COMERCIALIZADOR,,,,,OMIE exact unit code,
KARMC01,UNIDAD COMPRA KARMA,ISOEN ENERGY SOLUT,,,ZONA ESPA ÑOLA Comercializador  ,100,COMERCIALIZADOR,,,,,OMIE exact unit code,
KINEC01,KINE COMPRAS,KINESTALIA ENERGIA S,,,ZONA ESPA ÑOLA Comercializador  ,100,COMERCIALIZADOR,,,,,OMIE exact unit code,
KONYC01,KONRY COMERCIALIZADORA,KONERY EFICIENCIA E,,,ZONA ESPA ÑOLA Comercializador  ,100,COMERCIALIZADOR,,,,,OMIE exact unit code,
KREAC01,KREAC01,REPSOL ENERGÍA DIGI,Repsol,derived_from_legal_name,ZONA ESPA ÑOLA Comercializador  ,100,COMERCIALIZADOR,,,,,OMIE exact unit code,https://www.repsol.com/
KVASCP3,KVASICOMPRA,KVASIR TECHNOLOGIE,,,FRONTERA FRANCIA Comercializador no resident,100,COMERCIALIZADOR,,,,,OMIE exact unit code,
KVASVP3,KVASIVENTA,KVASIR TECHNOLOGIE,,,FRONTERA FRANCIA Import. de agent es externos,100,COMERCIALIZADOR,,,,,OMIE exact unit code,
LABOC01,LABOIL COMPRAS,LABOIL ENERGIA SL,,,ZONA ESPA ÑOLA Compras Comer cia lización,100,COMERCIALIZADOR,,,,,OMIE exact unit code,
LADYC01,LADY WARSAW INVESMENT SL,LADY WARSAW INVEST,,,ZONA ESPA ÑOLA Comercializador  ,100,COMERCIALIZADOR,,,,,OMIE exact unit code,
LAMPC01,"LAMPYRIS ENERGIA, S.L.","LAMPYRIS ENERGIA, S.",,,ZONA ESPA ÑOLA Comercializador  ,100,COMERCIALIZADOR,,,,,OMIE exact unit code,
LAOBC01,LAOBC01,LABOR SOLIS COMERC,,,ZONA ESPA ÑOLA Comercializador  ,100,COMERCIALIZADOR,,,,,OMIE exact unit code,
LAUEC01,LAUEI,LA UNIÓN ELECTRO IN,,,ZONA ESPA ÑOLA Compras Comer cia lización,100,COMERCIALIZADOR,,,,,OMIE exact unit code,
LAURM01,REPRESENTACION 01,LA UNIÓN ELECTRO IN,,,ZONA ESPA ÑOLA Compras Comer cia lización,100,COMERCIALIZADOR,,,,,OMIE exact unit code,
LAURM03,REPRESENTACION 03,LA UNIÓN ELECTRO IN,,,ZONA ESPA ÑOLA Compras Comer cia lización,100,COMERCIALIZADOR,,,,,OMIE exact unit code,
LAURM06,REPRESENTACION 06,LA UNIÓN ELECTRO IN,,,ZONA ESPA ÑOLA Compras Comer cia lización,100,COMERCIALIZADOR,,,,,OMIE exact unit code,
LAURM07,REPRESENTACION 07,LA UNIÓN ELECTRO IN,,,ZONA ESPA ÑOLA Compras Comer cia lización,100,COMERCIALIZADOR,,,,,OMIE exact unit code,
LAURM10,REPRESENTACION CORPOLUX,LA UNIÓN ELECTRO IN,,,ZONA ESPA ÑOLA Compras Comer cia lización,100,COMERCIALIZADOR,,,,,OMIE exact unit code,
LAURM11,REPRESENTACION POZO,LA UNIÓN ELECTRO IN,,,ZONA ESPA ÑOLA Compras Comer cia lización,100,COMERCIALIZADOR,,,,,OMIE exact unit code,
LAURM12,REPRESENTACION ALGIMIA,LA UNIÓN ELECTRO IN,,,ZONA ESPA ÑOLA Compras Comer cia lización,100,COMERCIALIZADOR,,,,,OMIE exact unit code,
LAURM13,REPRESENTACION CASABLANCA,LA UNIÓN ELECTRO IN,,,ZONA ESPA ÑOLA Compras Comer cia lización,100,COMERCIALIZADOR,,,,,OMIE exact unit code,
LAVAC01,LA VALL COMERCILIZADORA,LA VALL COMERCIALIZ,,,ZONA ESPA ÑOLA Comercializador  ,100,COMERCIALIZADOR,,,,,OMIE exact unit code,
LDGIC01,UNIDAD OFERTANTE LIDERGIA,EVERGREEN ELECTRIC,,,ZONA ESPA ÑOLA Compras Comer cia lización,100,COMERCIALIZADOR,,,,,OMIE exact unit code,
LEGAC01,ELEGA UNIDAD DE OERTA,ELEGA ENERGIA,,,ZONA ESPA ÑOLA Comercializador  ,100,COMERCIALIZADOR,,,,,OMIE exact unit code,
LEONC01,UNIDAD OFERTANTE LEON COMER,LEON COMERCIALIZAD,,,ZONA ESPA ÑOLA Comercializador  ,100,COMERCIALIZADOR,,,,,OMIE exact unit code,
LERC01,LERSA COMPRA (ESP),COMERCIALIZADORA L,,,ZONA ESPA ÑOLA Compras Comer cia lización,100,COMERCIALIZADOR,,,,,OMIE exact unit code,
LIDEC01,LIDERA COMERCIALIZACIÓN,GREENING SMART ENE,,,ZONA ESPA ÑOLA Compras Comer cia lización,100,COMERCIALIZADOR,,,,,OMIE exact unit code,
LMERC01,COMERCIALIZADORA COMPRA,"LONJAS TECNOLOGÍA,",,,ZONA ESPA ÑOLA Compras Comer cia lización,100,COMERCIALIZADOR,,,,,OMIE exact unit code,
LOGIC02,UNIDADE LOGICA ENERGY,"LOGICA ENERGY, LDA",,,ZONA PORT UGUESA Comercializador  ,100,COMERCIALIZADOR,,,,,OMIE exact unit code,
LOVIC01,UO LOVIL,"LOVILUZ ENERGIA, S.L",,,ZONA ESPA ÑOLA Comercializador  ,100,COMERCIALIZADOR,,,,,OMIE exact unit code,
LOVRM01,REPR.LOCALUZ,"LOVILUZ ENERGIA, S.L",,,ZONA ESPA ÑOLA Compras Comer cia lización,100,COMERCIALIZADOR,,,,,OMIE exact unit code,
LPWEC01,U. OFERTA LOCALPOWER,LOCAL POWER ENERG,,,ZONA ESPA ÑOLA Comercializador  ,100,COMERCIALIZADOR,,,,,OMIE exact unit code,
LUBAC01,COMPRA PENINSULA,ENERGIA NORDICA GA,,,ZONA ESPA ÑOLA Compras Comer cia lización,100,COMERCIALIZADOR,,,,,OMIE exact unit code,
LUCAC01,"LUCIFERASA-2 ENERGIA, S.L.","WIKU ENERGIA, S.L.",,,ZONA ESPA ÑOLA Comercializador  ,100,COMERCIALIZADOR,,,,,OMIE exact unit code,
LUCIC01,COMER LUCIE,SOMNI ENERGIA GLOB,,,ZONA ESPA ÑOLA Comercializador  ,100,COMERCIALIZADOR,,,,,OMIE exact unit code,
LUCKC01,UO LUCK01,LUCKY LUZ ENERGIA S,,,ZONA ESPA ÑOLA Comercializador  ,100,COMERCIALIZADOR,,,,,OMIE exact unit code,
LUMIC01,LUMISA,COMPAÑIA LUMISA EN,,,ZONA ESPA ÑOLA Compras Comer cia lización,100,COMERCIALIZADOR,,,,,OMIE exact unit code,
LUM1C01,LUM1 COMPRA,HIDROELÉCTRICA LUM,,,ZONA ESPA ÑOLA Compras Comer cia lización,100,COMERCIALIZADOR,,,,,OMIE exact unit code,
LUSIC02,LUSIADAENERGIA,LUSIADAENERGIA S.A,,,ZONA PORT UGUESA Comercializador  ,100,COMERCIALIZADOR,,,,,OMIE exact unit code,
LUXIC01,LUXIA COMPRA,LUXIA ENERGIA Y CON,,,ZONA ESPA ÑOLA Comercializador  ,100,COMERCIALIZADOR,,,,,OMIE exact unit code,
LUZBC02,LUZBOA,LUZBOA - COMERCIALI,,,ZONA PORT UGUESA Comercializador  ,100,COMERCIALIZADOR,,,,,OMIE exact unit code,
MARTC01,UP_COMPRAS_MARTB,MULTIENERGÍAS MLC S,,,ZONA ESPA ÑOLA Comercializador  ,100,COMERCIALIZADOR,,,,,OMIE exact unit code,
MASAC01,MASAC01,MAS ALLÁ PRODUCTOS,,,ZONA ESPA ÑOLA Compras Comer cia lización,100,COMERCIALIZADOR,,,,,OMIE exact unit code,
MASIC01,UNIDAD DE OFERTA,INTELIGENCIA PARA EL,,,ZONA ESPA ÑOLA Comercializador  ,100,COMERCIALIZADOR,,,,,OMIE exact unit code,
MAZEC01,UNIDAD OFERTA MAZE - COMER,MAZE ENERGY SLU,,,ZONA ESPA ÑOLA Comercializador  ,100,COMERCIALIZADOR,,,,,OMIE exact unit code,
MEGAC01,MEGAC01,MEGAWATIO ENERGÍA,,,ZONA ESPA ÑOLA Compras Comer cia lización,100,COMERCIALIZADOR,,,,,OMIE exact unit code,
MENEC01,MENER COMPRA,XENERA COMPAÑÍA EL,,,ZONA ESPA ÑOLA Comercializador  ,100,COMERCIALIZADOR,,,,,OMIE exact unit code,
MENGC02,UNIDADE DE COMPRA,"MELHOR ENERGIA, LDA",,,ZONA PORT UGUESA Comercializador  ,100,COMERCIALIZADOR,,,,,OMIE exact unit code,
MERCCP3,MERCU EXPORT WITH RIGHTS UNIT,MERCURIA ENERGY TR,,,FRONTERA FRANCIA Comercializador no resident,100,COMERCIALIZADOR,,,,,OMIE exact unit code,
MERCVP3,MERCU IMPORT WITH RIGHTS UNIT,MERCURIA ENERGY TR,,,FRONTERA FRANCIA Import. de agent es externos,100,COMERCIALIZADOR,,,,,OMIE exact unit code,
METEC01,18W000000000MBMS,,,, 100 COMERCIALIZADOR ZONA ESPAÑOLA Comercializador,"PANA, S.A.",,,,,,OMIE exact unit code,
METEC02,UOC PORTUGAL,,,, 100 COMERCIALIZADOR ZONA PORTUGUESA Comercializador,"PANA, S.A.",,,,,,OMIE exact unit code,
METER01,METER01,,,, 100 COMERCIALIZADOR ZONA ESPAÑOLA Compra Comerc,"PANA, S.A.",,,,,,OMIE exact unit code,
METRM01,METRM01,,,, 100 COMERCIALIZADOR ZONA ESPAÑOLA Compras Comer,"PANA, S.A.",,,,,,OMIE exact unit code,
METRM02,REP COMER,,,, 100 COMERCIALIZADOR ZONA ESPAÑOLA Compras Comer,"PANA, S.A.",,,,,,OMIE exact unit code,
METRM03,REP COMER,,,, 100 COMERCIALIZADOR ZONA ESPAÑOLA Compras Comer,"PANA, S.A.",,,,,,OMIE exact unit code,
METRM04,REP COMERC,,,, 100 COMERCIALIZADOR ZONA ESPAÑOLA Compras Comer,"PANA, S.A.",,,,,,OMIE exact unit code,
METRM05,REP COMER,,,, 100 COMERCIALIZADOR ZONA ESPAÑOLA Compras Comer,"PANA, S.A.",,,,,,OMIE exact unit code,
METRM06,REP COMER,,,, 100 COMERCIALIZADOR ZONA ESPAÑOLA Compras Comer,"PANA, S.A.",,,,,,OMIE exact unit code,
METRM07,REP COMER,,,, 100 COMERCIALIZADOR ZONA ESPAÑOLA Compras Comer,"PANA, S.A.",,,,,,OMIE exact unit code,
METRM08,REPRESENTACION,,,, 100 COMERCIALIZADOR ZONA ESPAÑOLA Compras Comer,"PANA, S.A.",,,,,,OMIE exact unit code,
METRM09,REP COMERCIALIZADORES,,,, 100 COMERCIALIZADOR ZONA ESPAÑOLA Compras Comer,"PANA, S.A.",,,,,,OMIE exact unit code,
METRM10,REP COMERCIALIZADORES,,,, 100 COMERCIALIZADOR ZONA ESPAÑOLA Compras Comer,"PANA, S.A.",,,,,,OMIE exact unit code,
METRM11,REP COMER,,,, 100 COMERCIALIZADOR ZONA ESPAÑOLA Compras Comer,"PANA, S.A.",,,,,,OMIE exact unit code,
METRM12,REP COMER,,,, 100 COMERCIALIZADOR ZONA ESPAÑOLA Compras Comer,"PANA, S.A.",,,,,,OMIE exact unit code,
METRM13,REP COMER SRAD,,,, 100 COMERCIALIZADOR ZONA ESPAÑOLA Compra Comerc,"PANA, S.A.",,,,,,OMIE exact unit code,
METRM14,REPRESENTACION,,,, 100 COMERCIALIZADOR ZONA ESPAÑOLA Compras Comer,"PANA, S.A.",,,,,,OMIE exact unit code,
METRM15,REP COMER,,,, 100 COMERCIALIZADOR ZONA ESPAÑOLA Compras Comer,"PANA, S.A.",,,,,,OMIE exact unit code,
METRM16,REPRESENTACION,,,, 100 COMERCIALIZADOR ZONA ESPAÑOLA Compras Comer,"PANA, S.A.",,,,,,OMIE exact unit code,
METRM18,REPRESENTACION,,,, 100 COMERCIALIZADOR ZONA ESPAÑOLA Compras Comer,"PANA, S.A.",,,,,,OMIE exact unit code,
METRM19,REPRESENTACION,,,, 100 COMERCIALIZADOR ZONA ESPAÑOLA Compras Comer,"PANA, S.A.",,,,,,OMIE exact unit code,
METRM20,REPRESENTACION,,,, 100 COMERCIALIZADOR ZONA ESPAÑOLA Compras Comer,"PANA, S.A.",,,,,,OMIE exact unit code,
METRM21,REPRESENTACION,,,, 100 COMERCIALIZADOR ZONA ESPAÑOLA Compras Comer,"PANA, S.A.",,,,,,OMIE exact unit code,
METRM22,REP COMER,,,, 100 COMERCIALIZADOR ZONA ESPAÑOLA Compras Comer,"PANA, S.A.",,,,,,OMIE exact unit code,
METRM23,REP COMER,,,, 100 COMERCIALIZADOR ZONA ESPAÑOLA Compras Comer,"PANA, S.A.",,,,,,OMIE exact unit code,
METRM24,REP COMERCIALIZADORA,,,, 100 COMERCIALIZADOR ZONA ESPAÑOLA Compras Comer,"PANA, S.A.",,,,,,OMIE exact unit code,
METRM25,REP COMER DIRECTA,,,, 100 COMERCIALIZADOR ZONA ESPAÑOLA Compras Comer,"PANA, S.A.",,,,,,OMIE exact unit code,
MINIC01,COMPRA COMERCIALIZADO,RA,,, 100 COMERCIALIZADOR ZONA ESPAÑOLA Compras Comer,ANAGEMENT,S.L.,,,,,OMIE exact unit code,
MOTAC01,MOTAC01,,,, 100 COMERCIALIZADOR ZONA ESPAÑOLA Comercializador,HNOLOGY SL,,,,,,OMIE exact unit code,
MOVHC01,COMER ES,,,,SA 100 COMERCIALIZADOR ZONA ESPAÑOLA Comercializador,OELÉTRICAS,DO NORTE,,,,,OMIE exact unit code,
MSVSC01,MSVSL COMPRA,,,,"ANA, S.L. 100 COMERCIALIZADOR ZONA ESPAÑOLA Comercializador",ERVICIOS VIL,LAHERMOS,,,,,OMIE exact unit code,
MULBC01,MULBC01,,,, 100 COMERCIALIZADOR ZONA ESPAÑOLA Comercializador,RGIA RENO,VABLES SL,,,,,OMIE exact unit code,
MULTC01,1,,,, 100 COMERCIALIZADOR ZONA ESPAÑOLA Comercializador,ERDE SL,,,,,,OMIE exact unit code,
MUONC02,MUON OMIE,,,, 100 COMERCIALIZADOR ZONA PORTUGUESA Comercializador,", LDA.",,,,,,OMIE exact unit code,
MUTAC01,MULTISEVICIOS TECNOLOG,"ICOS, S.",,, 100 COMERCIALIZADOR ZONA ESPAÑOLA Comercializador,TECNOLOGIC,"OS, S.A.",,,,,OMIE exact unit code,
MUVEC02,MUVEXT S.A.,,,, 100 COMERCIALIZADOR ZONA PORTUGUESA Comercializador,,,,,,,OMIE exact unit code,
MXXIC01,MXXIC01,,,, 100 COMERCIALIZADOR ZONA ESPAÑOLA Comercializador,L,,,,,,OMIE exact unit code,
MYENC01,U. OFERTA DE COMPRA MY,ENERGIA,,, 100 COMERCIALIZADOR ZONA ESPAÑOLA Comercializador,ER S.L.,,,,,,OMIE exact unit code,
NABAC01,NABALIA,,,, 100 COMERCIALIZADOR ZONA ESPAÑOLA Comercializador,A 2000 S.A.,,,,,,OMIE exact unit code,
NAVAC01,PETRONAVARRA COMPRA E,SP,,, 100 COMERCIALIZADOR ZONA ESPAÑOLA Comercializador,", S.L.",,,,,,OMIE exact unit code,
NCEC01,COMPRA COMERCIALIZADO,RA,,,S.L. 100 COMERCIALIZADOR ZONA ESPAÑOLA Compras Comer,IALIZADORA,"ESPAÑOLA,",,,,,OMIE exact unit code,
NCERM01,REPRESENTACION DE ALDE,FE A NCE,,,S.L. 100 COMERCIALIZADOR ZONA ESPAÑOLA Compras Comer,IALIZADORA,"ESPAÑOLA,",,,,,OMIE exact unit code,
NCERM04,REPRESETNACION LUX,,,,S.L. 100 COMERCIALIZADOR ZONA ESPAÑOLA Compras Comer,IALIZADORA,"ESPAÑOLA,",,,,,OMIE exact unit code,
NCERM06,REPRESENTACION DXD,,,,S.L. 100 COMERCIALIZADOR ZONA ESPAÑOLA Compras Comer,IALIZADORA,"ESPAÑOLA,",,,,,OMIE exact unit code,
NCERM22,REPRESENTACION CHANDU,Y,,,S.L. 100 COMERCIALIZADOR ZONA ESPAÑOLA Compras Comer,IALIZADORA,"ESPAÑOLA,",,,,,OMIE exact unit code,
NEASCP3,NEAS EXPORT WITH RIGHTS,UNIT,,, 100 COMERCIALIZADOR FRONTERA FRANCIA Comercializador,GY TRADING,AS,,,,,OMIE exact unit code,
NEASC01,INTRADAY TRADING,,,, 100 COMERCIALIZADOR ZONA ESPAÑOLA Comercializador,GY TRADING,AS,,,,,OMIE exact unit code,
NEASVP3,NEAS IMPORT WITH RIGHTS,UNIT,,, 100 COMERCIALIZADOR FRONTERA FRANCIA Import. de agent,GY TRADING,AS,,,,,OMIE exact unit code,
NEMOC01,NEMON COMPRA ESPAÑA,,,, 100 COMERCIALIZADOR ZONA ESPAÑOLA Comercializador,ENCE IN BU,"SINESS, SL",,,,,OMIE exact unit code,
NETOC01,"NETON ENERGY SERVICES,",S.L.U.,,, 100 COMERCIALIZADOR ZONA ESPAÑOLA Comercializador,"SERVICES, S",.L.U.,,,,,OMIE exact unit code,
NETRC01,UP NET,,,, 100 COMERCIALIZADOR ZONA ESPAÑOLA Comercializador,RADING SL,,,,,,OMIE exact unit code,
NEURM02,REPRESENTACION 02,,,, 100 COMERCIALIZADOR ZONA ESPAÑOLA Compras Comer,"Y GESTION,",SL,,,,,OMIE exact unit code,
NEURM03,REPRESENTACION 03,,,, 100 COMERCIALIZADOR ZONA ESPAÑOLA Compras Comer,"Y GESTION,",SL,,,,,OMIE exact unit code,
NEURM05,REPRESENTACION 05,,,, 100 COMERCIALIZADOR ZONA ESPAÑOLA Compras Comer,"Y GESTION,",SL,,,,,OMIE exact unit code,
NEURM06,REPRESENTACION 06,,,, 100 COMERCIALIZADOR ZONA ESPAÑOLA Compras Comer,"Y GESTION,",SL,,,,,OMIE exact unit code,
NEURM07,REPRESENTACION 07,,,, 100 COMERCIALIZADOR ZONA ESPAÑOLA Compras Comer,"Y GESTION,",SL,,,,,OMIE exact unit code,
NEURM08,REPRESENTACION 08,,,, 100 COMERCIALIZADOR ZONA ESPAÑOLA Compras Comer,"Y GESTION,",SL,,,,,OMIE exact unit code,
NEURM09,REPRESENTACION 09,,,, 100 COMERCIALIZADOR ZONA ESPAÑOLA Compras Comer,"Y GESTION,",SL,,,,,OMIE exact unit code,
NEURM11,REPRESENTACION 11,,,, 100 COMERCIALIZADOR ZONA ESPA ÑOLA Compras Comer,"Y GESTION,",SL,,,,,OMIE exact unit code,
NEURM13,REPRESENTACION 13,,,, 100 COMERCIALIZADOR ZONA ESPA ÑOLA Compras Comer,"Y GESTION,",SL,,,,,OMIE exact unit code,
NEURM15,REPRESENTACION 15,,,, 100 COMERCIALIZADOR ZONA ESPA ÑOLA Compras Comer,"Y GESTION,",SL,,,,,OMIE exact unit code,
NEURM16,REPRESENTACION 16,,,, 100 COMERCIALIZADOR ZONA ESPA ÑOLA Compras Comer,"Y GESTION,",SL,,,,,OMIE exact unit code,
NEURM17,REPRESENTACION 17,,,, 100 COMERCIALIZADOR ZONA ESPA ÑOLA Compras Comer,"Y GESTION,",SL,,,,,OMIE exact unit code,
NEURM18,REPRESENTACION 18,,,, 100 COMERCIALIZADOR ZONA ESPA ÑOLA Compras Comer,"Y GESTION,",SL,,,,,OMIE exact unit code,
NEURM19,REPRESENTACION 19,,,, 100 COMERCIALIZADOR ZONA ESPA ÑOLA Compras Comer,"Y GESTION,",SL,,,,,OMIE exact unit code,
NEURM20,REPRESENTACION 20,,,, 100 COMERCIALIZADOR ZONA ESPA ÑOLA Compras Comer,"Y GESTION,",SL,,,,,OMIE exact unit code,
NEURM21,REPRESENTACION 21,,,, 100 COMERCIALIZADOR ZONA ESPA ÑOLA Compras Comer,"Y GESTION,",SL,,,,,OMIE exact unit code,
NEURM22,REPRESENTACION 22,,,, 100 COMERCIALIZADOR ZONA ESPA ÑOLA Compras Comer,"Y GESTION,",SL,,,,,OMIE exact unit code,
NEURM23,REPRESENTACION 23,,,, 100 COMERCIALIZADOR ZONA ESPA ÑOLA Compras Comer,"Y GESTION,",SL,,,,,OMIE exact unit code,
NEURM24,REPRESENTACION 24,,,, 100 COMERCIALIZADOR ZONA ESPA ÑOLA Compras Comer,"Y GESTION,",SL,,,,,OMIE exact unit code,
NEURM25,REPRESENTACION 25,,,, 100 COMERCIALIZADOR ZONA ESPA ÑOLA Compras Comer,"Y GESTION,",SL,,,,,OMIE exact unit code,
NEURM26,REPRESENTACION 26,,,, 100 COMERCIALIZADOR ZONA ESPA ÑOLA Compras Comer,"Y GESTION,",SL,,,,,OMIE exact unit code,
NEURM27,REPRESENTACION 27,,,, 100 COMERCIALIZADOR ZONA ESPA ÑOLA Compras Comer,"Y GESTION,",SL,,,,,OMIE exact unit code,
NEURM28,REPRESENTACION 28,,,, 100 COMERCIALIZADOR ZONA ESPA ÑOLA Compras Comer,"Y GESTION,",SL,,,,,OMIE exact unit code,
NEURM29,REPRESENTACION 29,,,, 100 COMERCIALIZADOR ZONA ESPA ÑOLA Compras Comer,"Y GESTION,",SL,,,,,OMIE exact unit code,
NEURM31,REPRESENTACION 31,,,, 100 COMERCIALIZADOR ZONA ESPA ÑOLA Compras Comer,"Y GESTION,",SL,,,,,OMIE exact unit code,
NEURM32,REPRESENTACION 32,,,, 100 COMERCIALIZADOR ZONA ESPA ÑOLA Compras Comer,"Y GESTION,",SL,,,,,OMIE exact unit code,
NEURM33,REPRESENTACION 33,,,, 100 COMERCIALIZADOR ZONA ESPA ÑOLA Compras Comer,"Y GESTION,",SL,,,,,OMIE exact unit code,
NEURM34,REPRESENTACION 34,,,, 100 COMERCIALIZADOR ZONA ESPA ÑOLA Compras Comer,"Y GESTION,",SL,,,,,OMIE exact unit code,
NEXOC01,NEXORA ENERGIA,,,, 100 COMERCIALIZADOR ZONA ESPA ÑOLA Comercializador,"T, S.L.",,,,,,OMIE exact unit code,
NEXTC01,"NEXT ENERGY PLUS, S.L.",,,, 100 COMERCIALIZADOR ZONA ESPA ÑOLA Comercializador,"US, S.L.",,,,,,OMIE exact unit code,
NEXUC01,NEXUS ENERGÍA COMPR,A (ESP),,, 100 COMERCIALIZADOR ZONA ESPA ÑOLA Comercializador,,,,,,,OMIE exact unit code,
NIDHCP3,NIDHOG EXP,,,, 100 COMERCIALIZADOR FRONTERA FRANCIA Comercializador,,,,,,,OMIE exact unit code,
NIDHVP3,NIDHOG IMP,,,, 100 COMERCIALIZADOR FRONTERA FRANCIA Import. de agent,,,,,,,OMIE exact unit code,
NOBEC01,NOBEC01,,,,L 100 COMERCIALIZADOR ZONA ESPA ÑOLA Compras Comer,ES Y ENERGI,A S.,,,,,OMIE exact unit code,
NOBLCP3,EXPORT,,,, 100 COMERCIALIZADOR FRONTERA FRANCIA Comercializador,ELS LIMITED,,,,,,OMIE exact unit code,
NOBLVP3,IMPORT,,,, 100 COMERCIALIZADOR FRONTERA FRANCIA Import. de come,ELS LIMITED,,,,,,OMIE exact unit code,
NOCTC01,"NOCTILUCA ENERGIA, S.L",.,,, 100 COMERCIALIZADOR ZONA ESPA ÑOLA Comercializador,"GIA, S.L.",,,,,,OMIE exact unit code,
NOREC01,NOREC01,,,, 100 COMERCIALIZADOR ZONA ESPA ÑOLA Compras Comer,NERGIA S.L.,,,,,,OMIE exact unit code,
NORTC01,ELECTRA NORTE COMPR,A (ESP),,, 100 COMERCIALIZADOR ZONA ESPA ÑOLA Comercializador,"ENERGÍA, S.",A.U.,,,,,OMIE exact unit code,
NOVAC02,NOVAE COMPRA,,,,ENERGIA LDA 100 COMERCIALIZADOR ZONA PORT UGUESA Comercializador,COMÉRICIO,DE,,,,,OMIE exact unit code,
NUKIC01,UNIDAD DE OFERTA PENI,NSULAR,,, 100 COMERCIALIZADOR ZONA ESPA ÑOLA Comercializador,L,,,,,,OMIE exact unit code,
NUMCC01,NUMINARION SL,,,, 100 COMERCIALIZADOR ZONA ESPA ÑOLA Comercializador,,,,,,,OMIE exact unit code,
NVLUC01,NVLUC01,,,, 100 COMERCIALIZADOR ZONA ESPA ÑOLA Comercializador,"ÍA, S.L.",,,,,,OMIE exact unit code,
NYCLC01,NATURGY CLIENTES COM,PRA - PE,,, 100 COMERCIALIZADOR ZONA ESPA ÑOLA Comercializador,"ES, S.A.",,,,,,OMIE exact unit code,
OCYC01,OCYC01,,,, 100 COMERCIALIZADOR ZONA ESPA ÑOLA Comercializador,,,,,,,OMIE exact unit code,
ODARC01,ODARA RENOVABLES,,,, 100 COMERCIALIZADOR ZONA ESPA ÑOLA Comercializador,"LES, S.L.",,,,,,OMIE exact unit code,
ODELC01,ODELC01,,,, 100 COMERCIALIZADOR ZONA ESPA ÑOLA Comercializador,.L,,,,,,OMIE exact unit code,
OENC02,NOVO REGISTO,,,, 100 COMERCIALIZADOR ZONA PORT UGUESA Comercializador,LDA,,,,,,OMIE exact unit code,
OESTC01,OESTC01,,,, 100 COMERCIALIZADOR ZONA ESPA ÑOLA Comercializador,"NERGÍA, S.L.",,,,,,OMIE exact unit code,
OKENC01,OKENC01,,,, 100 COMERCIALIZADOR ZONA ESPA ÑOLA Comercializador,ERDE SL,,,,,,OMIE exact unit code,
OLEC01,OLE COMPRA COMERCIA,LIZACION,,, 100 COMERCIALIZADOR ZONA ESPA ÑOLA Compras Comer,NERGY S.L.,,,,,,OMIE exact unit code,
OLIVC01,OLIVIA COMERCIALIZADO,RA 01,,, 100 COMERCIALIZADOR ZONA ESPA ÑOLA Comercializador,ALIZADORA S,.L.U.,,,,,OMIE exact unit code,
ONDEC01,UNIDAD DE OFERTA PRIN,CIPAL,,, 100 COMERCIALIZADOR ZONA ESPA ÑOLA Compras Comer,LITIES S.L.U.,,,,,,OMIE exact unit code,
ONDEC02,UNIDAD OFERTA PORTUG,AL,,, 100 COMERCIALIZADOR ZONA PORT UGUESA Comercializador,LITIES S.L.U.,,,,,,OMIE exact unit code,
ONDRM14,ONDRM14,,,, 100 COMERCIALIZADOR ZONA ESPA ÑOLA Compras Comer,LITIES S.L.U.,,,,,,OMIE exact unit code,
ONEACH,ONE - AGENT EXTERNE -,COMPRA,,,ET DE L'EAU POTABLE 100 COMERCIALIZADOR FRONTERA MARRUECOS Comercializador,L D'ELECTRI,CITÉ,,,,,OMIE exact unit code,
ONEVEN,ONE - AGENT EXTERNE -,VENTA,,,ET DE L'EAU POTABLE 100 COMERCIALIZADOR FRONTERA MARRUECOS Import. de agent,L D'ELECTRI,CITÉ,,,,,OMIE exact unit code,
ORWEC01,COMERCIALIZACION,,,, 100 COMERCIALIZADOR ZONA ESPA ÑOLA Comercializador,SL,,,,,,OMIE exact unit code,
OURGC01,UNIDAD DE OFERTA,,,, 100 COMERCIALIZADOR ZONA ESPA ÑOLA Comercializador,"RGY, S.L.",,,,,,OMIE exact unit code,
PANDC01,18W000000000SXYP,,,, 100 COMERCIALIZADOR ZONA ESPA ÑOLA Comercializador,"ÍA, S.L.",,,,,,OMIE exact unit code,
PETEC02,START,,,, 100 COMERCIALIZADOR ZONA PORT UGUESA Comercializador,NERGIA S.A,.,,,,,OMIE exact unit code,
PETRC01,COMPRA PETRONIEVES,ENERGIA,,, 100 COMERCIALIZADOR ZONA ESPA ÑOLA Compras Comer,", S.L.",,,,,,OMIE exact unit code,
PEURM01,REP VALIRA,,,,"ENSE-1, S.L. 100 COMERCIALIZADOR ZONA ESPA ÑOLA Compras Comer",ÉCTRICA UR,GEL,,,,,OMIE exact unit code,
PISUC01,PISUE,,,,NERGETICAS SL 100 COMERCIALIZADOR ZONA ESPA ÑOLA Comercializador,ESTRUCTUR,AS E,,,,,OMIE exact unit code,
POLAC01,UNIDAD DE OFERTA POL,AR,,,TRICA SL 100 COMERCIALIZADOR ZONA ESPA ÑOLA Comercializador,ALIZADORA E,LEC,,,,,OMIE exact unit code,
PONCC01,PONTC COMERCIALIZADO,R ESP,,,100 COMERCIALIZADOR ZONA ESPA ÑOLA Comercializador  ,ORA MUNICIPA,"L DENERGIA ELECTRICA,",,,,,OMIE exact unit code,
PORTC02,PORTULOGOS POWER,,,,100 COMERCIALIZADOR ZONA PORT UGUESA Comercializador  ,A,,,,,,OMIE exact unit code,
POTEC01,POTENZIA UP,,,,100 COMERCIALIZADOR ZONA ESPA ÑOLA Compras Comer cia lización,DORA SL,,,,,,OMIE exact unit code,
POWCP3,PURCHASE UNIT,,,,100 COMERCIALIZADOR FRONTERA FRANCIA Comercializador no resident,,,,,,,OMIE exact unit code,
POWEC01,PURCHASE UNIT,,,,100 COMERCIALIZADOR ZONA ESPA ÑOLA Comercializador  ,,,,,,,OMIE exact unit code,
POWRC01,POWRC01,,,,100 COMERCIALIZADOR ZONA ESPA ÑOLA Comercializador  ,,,,,,,OMIE exact unit code,
POWVP3,SALES UNIT,,,,100 COMERCIALIZADOR FRONTERA FRANCIA Import. de agent es externos,,,,,,,OMIE exact unit code,
PRAEC01,PRAETIUM ENERGY,,,,100 COMERCIALIZADOR ZONA ESPA ÑOLA Comercializador  ,,,,,,,OMIE exact unit code,
PROPC02,ELEC COMPRAS,,,,100 COMERCIALIZADOR ZONA PORT UGUESA Comercializador  ,UNIPESSOAL L,DA,,,,,OMIE exact unit code,
PROSC01,PROSC01,,,,100 COMERCIALIZADOR ZONA ESPA ÑOLA Comercializador  ,CIALIZADORA,SL,,,,,OMIE exact unit code,
PRPIC02,COMERCIALIZADOR - COM,PRA,,,100 COMERCIALIZADOR ZONA PORT UGUESA Comercializador  ,S.A.,,,,,,OMIE exact unit code,
PRVLC01,PRVLC01,,,,100 COMERCIALIZADOR ZONA ESPA ÑOLA Comercializador  ,,,,,,,OMIE exact unit code,
PTLIC02,COMPRA ENERGIA PT LIV,E,,,100 COMERCIALIZADOR ZONA PORT UGUESA Comercializador  ,LIZACAO DE E,NERGIA SA,,,,,OMIE exact unit code,
PULSC01,PULSAR ENERGY UOF,,,,100 COMERCIALIZADOR ZONA ESPA ÑOLA Compras Comer cia lización,GÉTICOS SL,,,,,,OMIE exact unit code,
PWPC02,UNIDADE COMPRA,,,,100 COMERCIALIZADOR ZONA PORT UGUESA Comercializador  ,IALIZACAO DE,"ENERGIA, LDA.",,,,,OMIE exact unit code,
QENEC01,UP COMECIALIZADORA Q,UASAR,,,100 COMERCIALIZADOR ZONA ESPA ÑOLA Comercializador  ,,,,,,,OMIE exact unit code,
QUATC01,QUANT_UP,,,,100 COMERCIALIZADOR ZONA ESPA ÑOLA Comercializador  ,DORA DE ENE,"RGIA ,SL",,,,,OMIE exact unit code,
RCONC01,UP PENINSULAR,,,,100 COMERCIALIZADOR ZONA ESPA ÑOLA Comercializador  ,L,,,,,,OMIE exact unit code,
RDGAC01,RDG COMPRA,,,,100 COMERCIALIZADOR ZONA ESPA ÑOLA Comercializador  ,GALEGA DE E,"NERXIA, S.A.",,,,,OMIE exact unit code,
RECOC01,EMECE ENERGÍA,,,,100 COMERCIALIZADOR ZONA ESPA ÑOLA Comercializador  ,NSUMIDORES,EN EL MERCADO ELECT,,,,,OMIE exact unit code,
REMIC01,REMIC01,,,,100 COMERCIALIZADOR ZONA ESPA ÑOLA Compras Comer cia lización,"RA, S.A.U.",,,,,,OMIE exact unit code,
RENUC01,18W000000000RZ3B,,,,100 COMERCIALIZADOR ZONA ESPA ÑOLA Compras Comer cia lización,.A.,,,,,,OMIE exact unit code,
REPPC02,COMERCIALIZACION REY,G PORTUGAL,,,100 COMERCIALIZADOR ZONA PORT UGUESA Comercializador  ,A,,,,,,OMIE exact unit code,
REUSC01,UNIDAD COMPRAS CONS,UMIDORES,,,100 COMERCIALIZADOR ZONA ESPA ÑOLA Comercializador  ,"S, SA",,,,,,OMIE exact unit code,
RIVEC02,MW,,,,100 COMERCIALIZADOR ZONA PORT UGUESA Comercializador  ,OAL LDA.,,,,,,OMIE exact unit code,
ROFEC01,ROFEICA ENERGIA,,,,100 COMERCIALIZADOR ZONA ESPA ÑOLA Comercializador  ,,,,,,,OMIE exact unit code,
ROLEC02,ROLEAR COMPRA,,,,100 COMERCIALIZADOR ZONA PORT UGUESA Comercializador  ,ES ESTUDOS,REPRESENTACOES SA,,,,,OMIE exact unit code,
RONDC01,COMPRAS,,,,100 COMERCIALIZADOR ZONA ESPA ÑOLA Compras Comer cia lización,RONDA ENER,GIA S.L.,,,,,OMIE exact unit code,
RSPEC01,RESPIRA ENERGIA COME,RC ESP,,,100 COMERCIALIZADOR ZONA ESPA ÑOLA Comercializador  ,"A, S.A.",,,,,,OMIE exact unit code,
RSPRC01,UNIDAD COMPRAS CONS,UMIDORES,,,100 COMERCIALIZADOR ZONA ESPA ÑOLA Compras Comer cia lización,"RRANIA, S.A.",,,,,,OMIE exact unit code,
SAFEC01,UNIDAD DE COMPRA,,,,100 COMERCIALIZADOR ZONA ESPA ÑOLA Comercializador  ,"RYONE, S.R.L.",,,,,,OMIE exact unit code,
SALPC01,SALPA COMERCIALIZADO,R ESP,,,100 COMERCIALIZADOR ZONA ESPA ÑOLA Comercializador  ,LARS COMER,CIALITZADORA S.L,,,,,OMIE exact unit code,
SAMAC01,SAMARA COMPRA,,,,100 COMERCIALIZADOR ZONA ESPA ÑOLA Comercializador  ,L.,,,,,,OMIE exact unit code,
SAMPC01,SAMP COMER,,,,100 COMERCIALIZADOR ZONA ESPA ÑOLA Compras Comer cia lización,"RAS, S.A.",,,,,,OMIE exact unit code,
SEELC01,COMERCIALIZADORA SHE,EN,,,100 COMERCIALIZADOR ZONA ESPA ÑOLA Comercializador  ,IMITED,,,,,,OMIE exact unit code,
SEIYC01,"SEIYA ENERGIA, S.L.",,,,100 COMERCIALIZADOR ZONA ESPA ÑOLA Comercializador  ,,,,,,,OMIE exact unit code,
SERVC01,SERVICIOS AVANZADOS U,OF,,,100 COMERCIALIZADOR ZONA ESPA ÑOLA Comercializador  ,AVANZADOS,SL,,,,,OMIE exact unit code,
SESAC01,SHELL ESPAÑA COMPRA,,,,100 COMERCIALIZADOR ZONA ESPA ÑOLA Comercializador  ,,,,,,,OMIE exact unit code,
SESAR01,SHELL ESPAÑA SRAD,,,,100 COMERCIALIZADOR ZONA ESPA ÑOLA Compra Comerci ali zador Ba,,,,,,,OMIE exact unit code,
SHEECP3,SHELL EN TR DERECHOS,COMP (FR),,,100 COMERCIALIZADOR FRONTERA FRANCIA Comercializador no resident,IMITED,,,,,,OMIE exact unit code,
SHEEVP3,SHELL EN TR DERECHOS,VENT (FR),,,100 COMERCIALIZADOR FRONTERA FRANCIA Import. de agent es externos,IMITED,,,,,,OMIE exact unit code,
SHERC01,SHERA COMPRA,,,,100 COMERCIALIZADOR ZONA ESPA ÑOLA Comercializador  ,OMERCIALIZ,ADORA. SL,,,,,OMIE exact unit code,
SHIRC01,"SHIRYU ENERGIA, S.L.",,,,100 COMERCIALIZADOR ZONA ESPA ÑOLA Comercializador  ,,,,,,,OMIE exact unit code,
SIGNC01,SIGNO COMPRA,,,,100 COMERCIALIZADOR ZONA ESPA ÑOLA Comercializador  ,,,,,,,OMIE exact unit code,
SLCZC01,UNIDAD OFERTANTE SOL,UZIONA,,,100 COMERCIALIZADOR ZONA ESPA ÑOLA Comercializador  ,S.L.,,,,,,OMIE exact unit code,
SMARCP3,SMARCCOMPRA,,,,100 COMERCIALIZADOR FRONTERA FRANCIA Comercializador no resident,D,,,,,,OMIE exact unit code,
SMARVP3,SMARCVENTA,,,,100 COMERCIALIZADOR FRONTERA FRANCIA Import. de agent es externos,D,,,,,,OMIE exact unit code,
SMGCP3,SMG DERECHOS COMPRA,(FRAN),,,100 COMERCIALIZADOR FRONTERA FRANCIA Comercializador no resident,BH,,,,,,OMIE exact unit code,
SMGC02,STATKRAFT MARKETS PT,COMMERCIA,,,100 COMERCIALIZADOR ZONA PORT UGUESA Comercializador  ,BH,,,,,,OMIE exact unit code,
SMGVP3,SMG DERECHOS VENTA(F,RAN),,,100 COMERCIALIZADOR FRONTERA FRANCIA Import. de agent es externos,BH,,,,,,OMIE exact unit code,
SOLFC01,COMPRA COMERCIALIZAD,ORA,,,100 COMERCIALIZADOR ZONA ESPA ÑOLA Compras Comer cia lización,,,,,,,OMIE exact unit code,
SOLIC01,PENINSULA,,,,100 COMERCIALIZADOR ZONA ESPA ÑOLA Comercializador  ,,,,,,,OMIE exact unit code,
SOLLC01,ELEC. SOLLERENSE COM,PRAS(ESP),,,100 COMERCIALIZADOR ZONA ESPA ÑOLA Comercializador  ,S.A.U.,,,,,,OMIE exact unit code,
SOLRM01,SOLWC01,,,,100 COMERCIALIZADOR ZONA ESPA ÑOLA Compras Comer cia lización,,,,,,,OMIE exact unit code,
SOLTC01,SOLTC01,,,,100 COMERCIALIZADOR ZONA ESPA ÑOLA Compras Comer cia lización,24 SL,,,,,,OMIE exact unit code,
SOLWC01,SOLWE,,,,100 COMERCIALIZADOR ZONA ESPA ÑOLA Comercializador  ,,,,,,,OMIE exact unit code,
SOMEC01,SOMEN COMPRA,,,,100 COMERCIALIZADOR ZONA ESPA ÑOLA Compras Comer cial ización,,,,,,,OMIE exact unit code,
SONEC01,SOLUZ COMPRA,,,,100 COMERCIALIZADOR ZONA ESPA ÑOLA Comercializador  ,,,,,,,OMIE exact unit code,
SONNC01,SONNC01,,,,100 COMERCIALIZADOR ZONA ESPA ÑOLA Comercializador  ,MERCIALIZA,"DORA, S.L.",,,,,OMIE exact unit code,
SOPRC01,PROFIT ENERGY PENINSUL,A,,,100 COMERCIALIZADOR ZONA ESPA ÑOLA Comercializador  ,,,,,,,OMIE exact unit code,
SORXC01,SORS MARKETS LTD,,,,100 COMERCIALIZADOR ZONA ESPA ÑOLA Comercializador  ,,,,,,,OMIE exact unit code,
SPCKC01,SPOCK01,,,,100 COMERCIALIZADOR ZONA ESPA ÑOLA Comercializador  ,,,,,,,OMIE exact unit code,
SRVGC01,GASHOGAR15,,,,100 COMERCIALIZADOR ZONA ESPA ÑOLA Comercializador  ,,,,,,,OMIE exact unit code,
SRVIC01,UP PENINSULAR,,,,100 COMERCIALIZADOR ZONA ESPA ÑOLA Comercializador  ,CA SL,,,,,,OMIE exact unit code,
SRVRM01,DOMESTICA GAS Y ELECTRI,CIDAD,,,100 COMERCIALIZADOR ZONA ESPA ÑOLA Compras Comer cial ización,,,,,,,OMIE exact unit code,
SRVRM02,REPRESENTACIÓN ZUG PO,WER,,,100 COMERCIALIZADOR ZONA ESPA ÑOLA Compras Comer cial ización,,,,,,,OMIE exact unit code,
SSEECP3,COMPRSSE,,,,100 COMERCIALIZADOR FRONTERA FRANCIA Comercializador no residente,IMITED,,,,,,OMIE exact unit code,
SSEEVP3,VENTASSE,,,,100 COMERCIALIZADOR FRONTERA FRANCIA Import. de comer cia lizadoras,IMITED,,,,,,OMIE exact unit code,
STAC02,COMERCIALIZADORA START,,,,100 COMERCIALIZADOR ZONA PORT UGUESA Comercializador  ,Y UNIPESSO,AL LDA,,,,,OMIE exact unit code,
STAQC01,STACO COMERCIALIZADOR,ESP,,,100 COMERCIALIZADOR ZONA ESPA ÑOLA Comercializador  ,DE SANTA C,OLOMA DE QUERALT COM,,,,,OMIE exact unit code,
STINC01,STINC01,,,,100 COMERCIALIZADOR ZONA ESPA ÑOLA Compras Comer cial ización,,,,,,,OMIE exact unit code,
STROC01,ENERGY STROM COMPRAS,,,,100 COMERCIALIZADOR ZONA ESPA ÑOLA Compras Comer cial ización,.L.,,,,,,OMIE exact unit code,
SUCAC01,SUCAS COMERCIALIZACION,ESP,,,100 COMERCIALIZADOR ZONA ESPA ÑOLA Comercializador  ,ALUZA,,,,,,OMIE exact unit code,
SUMAC01,COMPRA DE ENERGÍA,,,,100 COMERCIALIZADOR ZONA ESPA ÑOLA Comercializador  ,CIALIZADOR,A S.L.,,,,,OMIE exact unit code,
SUNCC01,COMPRA COMERCIALIZADO,RA SUNCA,,,100 COMERCIALIZADOR ZONA ESPA ÑOLA Comercializador  ,"ISLAND, S.L.",,,,,,OMIE exact unit code,
SUNC02,UNIDADE PROGRAMACAO D,E COMPRA,,,100 COMERCIALIZADOR ZONA PORT UGUESA Comercializador  ,"Y RETAIL, UN",IPESSOAL LDA,,,,,OMIE exact unit code,
SUNFC01,COMPRA COMERCIALIZADO,RA,,,100 COMERCIALIZADOR ZONA ESPA ÑOLA Compras Comer cial ización,S.L.,,,,,,OMIE exact unit code,
SUPRC01,SUMINISTROS PROPIOS EN,"ERGIA, S",,,100 COMERCIALIZADOR ZONA ESPA ÑOLA Comercializador  ,"S ENERGIA, S",LU,,,,,OMIE exact unit code,
SYENC01,SYENC01,,,,100 COMERCIALIZADOR ZONA ESPA ÑOLA Comercializador  ,SL,,,,,,OMIE exact unit code,
TALEC01,TALEN COMERCIALIZADOR,ESP,,,100 COMERCIALIZADOR ZONA ESPA ÑOLA Comercializador  ,TRICA S.L.U,,,,,,OMIE exact unit code,
TATAC01,TATAC01,,,,100 COMERCIALIZADOR ZONA ESPA ÑOLA Comercializador  ,,,,,,,OMIE exact unit code,
TAURM01,TAUTRA REPRESENTACION,1,,,100 COMERCIALIZADOR ZONA ESPA ÑOLA Compras Comer cial ización,,,,,,,OMIE exact unit code,
TAURM02,TAUTRA REPRESENTACION,2,,,100 COMERCIALIZADOR ZONA ESPA ÑOLA Compras Comer cial ización,,,,,,,OMIE exact unit code,
TAUTC01,TAUTRA COMPRA,,,,100 COMERCIALIZADOR ZONA ESPA ÑOLA Comercializador  ,,,,,,,OMIE exact unit code,
TENDC01,TENDE,,,,100 COMERCIALIZADOR ZONA ESPA ÑOLA Comercializador  ,ERVICIOS SL,,,,,,OMIE exact unit code,
TEOTC01,UNIDAD OFERTANTE TORNA,,,,100 COMERCIALIZADOR ZONA ESPA ÑOLA Comercializador  ,SL,,,,,,OMIE exact unit code,
TERSC01,TERSA COMPRA PEN,,,,100 COMERCIALIZADOR ZONA ESPA ÑOLA Comercializador  ,I SELECCIÓ,"DE RESIDUS, S.A.",,,,,OMIE exact unit code,
TGYER01,ES-KIM,,,,100 COMERCIALIZADOR ZONA ESPA ÑOLA Compra Comerci aliz ador Bal,AND POWER,LIMITED,,,,,OMIE exact unit code,
THELC01,TH ELECTRICITY GAS SL,,,,100 COMERCIALIZADOR ZONA ESPA ÑOLA Comercializador  ,L,,,,,,OMIE exact unit code,
TIRCC01,COTIR COMERCIALIZADOR E,SP,,,100 COMERCIALIZADOR ZONA ESPA ÑOLA Comercializador  ,DE COM. ELE,"CTRICA DE TIRVIA, S.L.",,,,,OMIE exact unit code,
TLCMC01,TELECOR COMERCIALIZADO,RA,,,100 COMERCIALIZADOR ZONA ESPA ÑOLA Comercializador  ,,,,,,,OMIE exact unit code,
TOECC01,BUY BID UNIT,,,,100 COMERCIALIZADOR ZONA ESPA ÑOLA Comercializador  ,TRADING AG,,,,,,OMIE exact unit code,
TOMMC01,"TOMMI ENERGY, S.L.",,,,100 COMERCIALIZADOR ZONA ESPA ÑOLA Comercializador  ,,,,,,,OMIE exact unit code,
TORMC01,TORMESH SOLUTIONS,,,,100 COMERCIALIZADOR ZONA ESPA ÑOLA Comercializador  ,L,,,,,,OMIE exact unit code,
TOTGCP3,TOTAL GA DERECHOS COM,PRA(FRAN),,,100 COMERCIALIZADOR FRONTERA FRANCIA Comercializador no residente,AND POWER,LIMITED,,,,,OMIE exact unit code,
TOTGVP3,TOTAL GAS DERECHOS VEN,TA(FRAN),,,100 COMERCIALIZADOR FRONTERA FRANCIA Import. de agent es externos,AND POWER,LIMITED,,,,,OMIE exact unit code,
TOTRM01,REPRESENTACION TGYE,,,,100 COMERCIALIZADOR ZONA ESPA ÑOLA Compras Comer cial ización,AND POWER,LIMITED,,,,,OMIE exact unit code,
TOTRM02,REPRESENTACION HCENE,,,,100 COMERCIALIZADOR ZONA ESPA ÑOLA Compras Comer cial ización,AND POWER,LIMITED,,,,,OMIE exact unit code,
TOTRM03,REPRESENTACION NAGAC0,1,,,100 COMERCIALIZADOR ZONA ESPA ÑOLA Compras Comer cial ización,AND POWER,LIMITED,,,,,OMIE exact unit code,
TRICC01,TRICLINIUM,,,,100 COMERCIALIZADOR ZONA ESPA ÑOLA Comercializador  ,ES SL,,,,,,OMIE exact unit code,
TSOLC01,TSOL UNIDAD DE OFERTA,,,,100 COMERCIALIZADOR ZONA ESPA ÑOLA Comercializador  ,NES DE INFO,RMÁTICA Y COMUNICACIO,,,,,OMIE exact unit code,
TSRDCP3,TSRDE EXPORT,,,,100 COMERCIALIZADOR FRONTERA FRANCIA Comercializador no residente,WABLES GM,BH,,,,,OMIE exact unit code,
TSRDVP3,TSRDE IMPORT UNIT,,,,100 COMERCIALIZADOR FRONTERA FRANCIA Import. de agent es externos,WABLES GM,BH,,,,,OMIE exact unit code,
TUELC01,UO TU ELECTRICA,,,,100 COMERCIALIZADOR ZONA ESPA ÑOLA Comercializador  ,,,,,,,OMIE exact unit code,
UBORC01,"UBORA ENERGIA SOCIAL, S.",L.,,,100 COMERCIALIZADOR ZONA ESPA ÑOLA Comercializador  ,"AL, S.L.",,,,,,OMIE exact unit code,
ULSOC01,ULTREYA,,,,100 COMERCIALIZADOR ZONA ESPA ÑOLA Comercializador  ,SL,,,,,,OMIE exact unit code,
UMEMC01,UNIDAD DE COMERCIALIZ U,MEME,,,100 COMERCIALIZADOR ZONA ESPA ÑOLA Comercializador  ,"PAÑA, S.L.",,,,,,OMIE exact unit code,
UNELC01,UNIELECTRICA,,,,100 COMERCIALIZADOR ZONA ESPA ÑOLA Compras Comer cial ización,A S.A.,,,,,,OMIE exact unit code,
UNIPC01,MARKET BIDDING UNIT,,,,100 COMERCIALIZADOR ZONA ESPA ÑOLA Comercializador  ,ODITIES SE,,,,,,OMIE exact unit code,
URACC01,URANOSCOPIDAE VII ENER,"GIA, S.L",,,100 COMERCIALIZADOR ZONA ESPA ÑOLA Comercializador  ,"NERGIA, S.L.",,,,,,OMIE exact unit code,
URAIC01,URANOSCOPIDAE IV ENERG,"IA, S.L.",,,100 COMERCIALIZADOR ZONA ESPA ÑOLA Compras Comer cial ización,,,,,,,OMIE exact unit code,
URBCC01,UP URBEN COMERCIALIZAD,ORA,,,100 COMERCIALIZADOR ZONA ESPA ÑOLA Comercializador  ,E ENERGIAS,RENOVABLES S.L,,,,,OMIE exact unit code,
URUSC01,URUS ENERGY SORIA SL,,,,100 COMERCIALIZADOR ZONA ESPA ÑOLA Comercializador  ,SL,,,,,,OMIE exact unit code,
USENC02,UNIDADE DE COMPRA,,,,100 COMERCIALIZADOR ZONA PORT UGUESA Comercializador  ,,,,,,,OMIE exact unit code,
VAQC01,EL. VAQUER ENERGI,A,,, 100   COMERCIA LI ZADOR  ZONA ESPAÑOLA Comercializador ,ELÉCTRICA VAQUER ENERG,ÍA,,,,,OMIE exact unit code,
VARAC01,COMERCIALIZADOR,M,,, 100   COMERCIA LI ZADOR  ZONA ESPAÑOLA Comercializador ,VARAENER SL,,,,,,OMIE exact unit code,
VIEECA1,VIESGO ENERGIA 2 (,E,,,AD Y GAS SLU 100   COMERCIA LI ZADOR  ZONA ESPAÑOLA Comercializador ,REPSOL COMERCIALIZADOR,A DE ELECTRICID,,,,,OMIE exact unit code,
VIMC01,PRINCIPAL VIMCO,,,, 100   COMERCIA LI ZADOR  ZONA ESPAÑOLA Comercializador ,VIMCOMEL,,,,,,OMIE exact unit code,
VIRIC01,18W0000000003U2D,,,, 100   COMERCIA LI ZADOR  ZONA ESPAÑOLA Comercializador ,VIRGIN ELECTRIC,,,,,,OMIE exact unit code,
VIROC02,VIROQUE_UP,,,, 100   COMERCIA LI ZADOR  ZONA PORTUGUESA Comercializador ,"VIROQUE ENERGY, S.L.",,,,,,OMIE exact unit code,
VIRUC01,COMPRA COMERCIAL,I,,,ÓN DE ENERGÍA 100   COMERCIA LI ZADOR  ZONA ESPAÑOLA Compras Comer cialización,SOCIEDAD ARAGONESA DE,COMERCIALIZACI,,,,,OMIE exact unit code,
VISLC01,COMPRA VISALIA,,,, 100   COMERCIA LI ZADOR  ZONA ESPAÑOLA Compras Comer cialización,VISALIA ENERGIA SLU,,,,,,OMIE exact unit code,
VISRM10,REPRESENTACION S,E,,, 100   COMERCIA LI ZADOR  ZONA ESPAÑOLA Compras Comer cialización,VISALIA ENERGIA SLU,,,,,,OMIE exact unit code,
VISRM11,REPRESENTACION B,A,,, 100   COMERCIA LI ZADOR  ZONA ESPAÑOLA Compras Comer cialización,VISALIA ENERGIA SLU,,,,,,OMIE exact unit code,
VITLCP3,VITOL COMPRAS PAR,A,,, 100   COMERCIA LI ZADOR  FRONTERA FRANCIA Comercializador no reside,VITOL S.A.,,,,,,OMIE exact unit code,
VITLC01,VITOL COMPRAS PEN,I,,, 100   COMERCIA LI ZADOR  ZONA ESPAÑOLA Comercializador ,VITOL S.A.,,,,,,OMIE exact unit code,
VITLVP3,VITOL VENTAS DESD,E,,, 100   COMERCIA LI ZADOR  FRONTERA FRANCIA Import. de agent es externo,VITOL S.A.,,,,,,OMIE exact unit code,
VIVOC01,VIVO,,,, 100   COMERCIA LI ZADOR  ZONA ESPAÑOLA Comercializador ,VIVO ENERGIA FUTURA S.A.,,,,,,OMIE exact unit code,
VNLSC01,ELECTRICA DE VINAL,E,,, 100   COMERCIA LI ZADOR  ZONA ESPAÑOLA Comercializador ,"ELECTRICA DE VINALESA, S",.C.V.,,,,,OMIE exact unit code,
VOLNC02,UNIDAD DE COMPRA,D,,, 100   COMERCIA LI ZADOR  ZONA PORTUGUESA Comercializador ,VOLTON - ENERGIA E SOLU,COES LDA,,,,,OMIE exact unit code,
VTERM01,VTERM01,,,, 100   COMERCIA LI ZADOR  ZONA ESPAÑOLA Compras Comer cialización,VITA ENERGY CONSULTING,SL,,,,,OMIE exact unit code,
VTERM04,VTERM04,,,, 100   COMERCIA LI ZADOR  ZONA ESPAÑOLA Compras Comer cialización,VITA ENERGY CONSULTING,SL,,,,,OMIE exact unit code,
VTERM05,VTERM05,,,, 100   COMERCIA LI ZADOR  ZONA ESPAÑOLA Compras Comer cialización,VITA ENERGY CONSULTING,SL,,,,,OMIE exact unit code,
VTERM06,VTERM06,,,, 100   COMERCIA LI ZADOR  ZONA ESPAÑOLA Compras Comer cialización,VITA ENERGY CONSULTING,SL,,,,,OMIE exact unit code,
VTERM09,VTERM09,,,, 100   COMERCIA LI ZADOR  ZONA ESPAÑOLA Compras Comer cialización,VITA ENERGY CONSULTING,SL,,,,,OMIE exact unit code,
VTERM10,VTERM10,,,, 100   COMERCIA LI ZADOR  ZONA ESPAÑOLA Compras Comer cialización,VITA ENERGY CONSULTING,SL,,,,,OMIE exact unit code,
VTERM11,VTERM11,,,, 100   COMERCIA LI ZADOR  ZONA ESPAÑOLA Compras Comer cialización,VITA ENERGY CONSULTING,SL,,,,,OMIE exact unit code,
VTERM15,VTERM15,,,, 100   COMERCIA LI ZADOR  ZONA ESPAÑOLA Compras Comer cialización,VITA ENERGY CONSULTING,SL,,,,,OMIE exact unit code,
VTERM16,VTERM16,,,, 100   COMERCIA LI ZADOR  ZONA ESPAÑOLA Compras Comer cialización,VITA ENERGY CONSULTING,SL,,,,,OMIE exact unit code,
VTERM22,VTERM22,,,, 100   COMERCIA LI ZADOR  ZONA ESPAÑOLA Compras Comer cialización,VITA ENERGY CONSULTING,SL,,,,,OMIE exact unit code,
VTERM24,VTERM24,,,, 100   COMERCIA LI ZADOR  ZONA ESPAÑOLA Compras Comer cialización,VITA ENERGY CONSULTING,SL,,,,,OMIE exact unit code,
VTERM26,VTERM26,,,, 100   COMERCIA LI ZADOR  ZONA ESPAÑOLA Compras Comer cialización,VITA ENERGY CONSULTING,SL,,,,,OMIE exact unit code,
VTERM31,VTERM31,,,, 100   COMERCIA LI ZADOR  ZONA ESPAÑOLA Compras Comer cialización,VITA ENERGY CONSULTING,SL,,,,,OMIE exact unit code,
VTERM33,VTERM33,,,, 100   COMERCIA LI ZADOR  ZONA ESPAÑOLA Compras Comer cialización,VITA ENERGY CONSULTING,SL,,,,,OMIE exact unit code,
VTERM35,VTERM35,,,, 100   COMERCIA LI ZADOR  ZONA ESPAÑOLA Compras Comer cialización,VITA ENERGY CONSULTING,SL,,,,,OMIE exact unit code,
VTERM36,VTERM36,,,, 100   COMERCIA LI ZADOR  ZONA ESPAÑOLA Compras Comer cialización,VITA ENERGY CONSULTING,SL,,,,,OMIE exact unit code,
VVESC01,VIVA,,,, 100   COMERCIA LI ZADOR  ZONA ESPAÑOLA Compras Comer cialización,VIVA ENERGIA Y SOLUCION,ES S.L.,,,,,OMIE exact unit code,
WATRM03,REPRESENTACION W,A,,, 100   COMERCIA LI ZADOR  ZONA ESPAÑOLA Compras Comer cialización,VISALIA ENERGIA SLU,,,,,,OMIE exact unit code,
WATRM07,REP. LUZ SOLIDARIA,IN,,, 100   COMERCIA LI ZADOR  ZONA ESPAÑOLA Compras Comer cialización,VISALIA ENERGIA SLU,,,,,,OMIE exact unit code,
WATRM08,REPRESENTACION L,U,,, 100   COMERCIA LI ZADOR  ZONA ESPAÑOLA Compras Comer cialización,VISALIA ENERGIA SLU,,,,,,OMIE exact unit code,
WKWC01,WEKIWI,,,, 100   COMERCIA LI ZADOR  ZONA ESPAÑOLA Comercializador ,WEKIWI SL,,,,,,OMIE exact unit code,
WMARC01,COMERCIALIZACION,W,,, 100   COMERCIA LI ZADOR  ZONA ESPAÑOLA Comercializador ,WIND TO MARKET,,,,,,OMIE exact unit code,
ZETAC01,COMERCIALIZACION,,,, 100   COMERCIA LI ZADOR  ZONA ESPAÑOLA Comercializador ,"ZETA ENERXIA GALEGA, S.L",.,,,,,OMIE exact unit code,
ZOVEC01,ZOVEC01,,,, 100   COMERCIA LI ZADOR  ZONA ESPAÑOLA Comercializador ,"ZONA ENERGÍA VERDE, S.L.",,,,,,OMIE exact unit code,
ZRMTC01,UOF ZRMTT,,,,SOLAR 100   COMERCIA LI ZADOR  ZONA ESPAÑOLA Compras Comer cialización,COMERCIALIZADORA ELECT,RICA COMUNIDAD,,,,,OMIE exact unit code,
ZUGCC02,ZUGCR COMPRA,,,, 100   COMERCIA LI ZADOR  ZONA PORTUGUESA Comercializador ,"ZUG POWER, S.L. - SUCURS",AL EM PORTUGAL,,,,,OMIE exact unit code,
ZUGPC02,REPRESENTACION Z,U,,, 100   COMERCIA LI ZADOR  ZONA PORTUGUESA Rep. de comerci alizadores,SERVIGAS S.XXI S.A.,,,,,,OMIE exact unit code,
ZULUC01,ZULUX ENERGÍA,,,, 100   COMERCIA LI ZADOR  ZONA ESPAÑOLA Comercializador ,DINERGETICA 2050 SLU,,,,,,OMIE exact unit code,
CHCOC01,CHCOR COMPRA,,,,"TICO, S.L.U 100 COMER CI ALIZADOR U LTIMO RECURSO ZONA ESPAÑOLA Comercializador ultimo rec",COMERCIALIZADOR DE REF,ERENCIA ENERGÉ,,,,,OMIE exact unit code,
EDPUC2,EDP SERV. UNIV COM,P,,, 100 COMER CI ALIZADOR U LTIMO RECURSO ZONA PORTUGUESA Comercializador ultimo rec,"SU ELETRICIDADE, S.A.",,,,,,OMIE exact unit code,
EE21C01,ENDESA ENERGIA XX,I,,,"ENCIA, S.L. 100 COMER CI ALIZADOR U LTIMO RECURSO ZONA ESPAÑOLA Comercializador ultimo rec",ENERGÍA XXI COMERCIALIZ,ADORA DE REFER,,,,,OMIE exact unit code,
EONUC01,EONUR CONSUMO CL,I,,,U. 100 COMER CI ALIZADOR U LTIMO RECURSO ZONA ESPAÑOLA Comercializador ultimo rec,REGSITI COMERCIALIZADOR,"A REGULADA, S.L.",,,,,OMIE exact unit code,
GNSUC01,GN SUR COMPRA,,,,", S.A 100 COMER CI ALIZADOR U LTIMO RECURSO ZONA ESPAÑOLA Comercializador ultimo rec",COMERCIALIZADORA REGU,LADA GAS POWER,,,,,OMIE exact unit code,
HCURC01,HCCUR UNIDAD DE C,O,,,SA 100 COMER CI ALIZADOR U LTIMO RECURSO ZONA ESPAÑOLA Comercializador ultimo rec,BASER COMERCIALIZADORA,DE REFERENCIA,,,,,OMIE exact unit code,
IBCUC01,IBERDROLA CUR,,,,"RECURSO, SAU 100 COMER CI ALIZADOR U LTIMO RECURSO ZONA ESPAÑOLA Comercializador ultimo rec",CURENERGÍA COMERCIALIZ,ADOR DE ÚLTIMO,,,,,OMIE exact unit code,
ABOX,COMPRA SERVICIOS,A,,, 100  C ONSUMIDO R DIREC TO ZONA ESPAÑOLA Consumo de pro ductores,ABOÑO GENERACIONES EL,ECTRICAS SLU,,,,,OMIE exact unit code,
ACAPC01,ACAPERSA 1997 S.L.,,,, 100  C ONSUMIDO R DIREC TO ZONA ESPAÑOLA Consumidor dire cto,ACAPERSA 1997 SL,,,,,,OMIE exact unit code,
ADXRC03,AUDAX RENOVABLES,,,, 100  C ONSUMIDO R DIREC TO ZONA ESPAÑOLA Compras Consu mo Directo,AUDAX RENOVABLES S.A.,,,,,,OMIE exact unit code,
AGERC04,ASTURAGUA SICA,,,, 100  C ONSUMIDO R DIREC TO ZONA ESPAÑOLA Compras Consu mo Directo,GRUPO ENERGÉTICO ASEC,OR S.L,,,,,OMIE exact unit code,
AGERC10,ONS CON,,,, 100  C ONSUMIDO R DIREC TO ZONA ESPAÑOLA Compras Consu mo Directo,GRUPO ENERGÉTICO ASEC,OR S.L,,,,,OMIE exact unit code,
AGMAC01,AGUAS DE MARQUES,A,,, 100  C ONSUMIDO R DIREC TO ZONA ESPAÑOLA Compras Consu mo Directo,AGUAS DEL MARQUESADO,,,,,,OMIE exact unit code,
AMBIETX,AMBIETA COM. AUX.,,,, 100  C ONSUMIDO R DIREC TO ZONA ESPAÑOLA Rep. Consumos Auxiliares,"AXPO IBERIA, S.L.",,,,,,OMIE exact unit code,
APRC01,APRESTOS DE LANERIA,,,,  100 CONSUMIDOR DIRECTO ZONA ESPAÑOLA Consumidor directo ,APRESTOS DE LA,NERIA SA,,,,,OMIE exact unit code,
ARGC01,ARGIMODE S L,,,,  100 CONSUMIDOR DIRECTO ZONA ESPAÑOLA Consumidor directo ,ARGIMODE SL,,,,,,OMIE exact unit code,
ARRU1XR,UOF CONSUMO SER. AUX.,ARRU1,,,S.A.U  100 CONSUMIDOR DIRECTO ZONA ESPAÑOLA Compras Co nsumos Auxili,MOEVE GAS AND,"POWER,",,,,,OMIE exact unit code,
ARRU2XR,UOF CONSUMO SER. AUX.,ARRU2,,,S.A.U  100 CONSUMIDOR DIRECTO ZONA ESPAÑOLA Compras Co nsumos Auxili,MOEVE GAS AND,"POWER,",,,,,OMIE exact unit code,
ASTCP3,ASTURAGUA FR COMPRA,,,,GRAL DE L CICLO DEL AGUA SAU 100 CONSUMIDOR DIRECTO FRONTERA FRANCIA Consumidor directo ,ASTURAGUA SEV,ICIO INTE,,,,,OMIE exact unit code,
ASTVP3,ASTURAGUA FR VENTA,,,,GRAL DE L CICLO DEL AGUA SAU 100 CONSUMIDOR DIRECTO FRONTERA FRANCIA Import. de co mercia lizador,ASTURAGUA SEV,ICIO INTE,,,,,OMIE exact unit code,
AVILC01,ALUMBRADO+EDIFICIOS AY,TO,,,S  100 CONSUMIDOR DIRECTO ZONA ESPAÑOLA Consumidor directo ,AYUNTAMIENTO D,E AVILE,,,,,OMIE exact unit code,
BAHIABX,BAHIAB SERV. AUXILIARES,,,,ICIDAD S. L. 100 CONSUMIDOR DIRECTO ZONA ESPAÑOLA Consumo de produc tores,BAHIA DE BIZKAIA,ELECTR,,,,,OMIE exact unit code,
BAKC01,BASKONIA KIROL HIRIA SLU,,,,U  100 CONSUMIDOR DIRECTO ZONA ESPAÑOLA Consumidor directo ,BASKONIA KIROL,HIRIA SL,,,,,OMIE exact unit code,
BIOC01,BIODIESEL ARAGON,,,,  100 CONSUMIDOR DIRECTO ZONA ESPAÑOLA Consumidor directo ,BIODIESEL ARAG,ON SL,,,,,OMIE exact unit code,
BRR1XR1,SSAA LOS BARRIOS REPR,,,,RACIÓN)  100 CONSUMIDOR DIRECTO ZONA ESPAÑOLA Compras Co nsumos Auxili,"EDP ESPAÑA, S.A",.U. (GENE,,,,,OMIE exact unit code,
BSGRC01,PLATA,,,,  100 CONSUMIDOR DIRECTO ZONA ESPAÑOLA Compras Co nsumo Directo,BSG ENERGIA SL,,,,,,OMIE exact unit code,
CALEC01,CALERA NUEVA,,,,  100 CONSUMIDOR DIRECTO ZONA ESPAÑOLA Compras Co nsumo Directo,CALERA DE ALZO,S.L.,,,,,OMIE exact unit code,
CALRC01,UNIDAD DE REPRESENTAC,ION,,,  100 CONSUMIDOR DIRECTO ZONA ESPAÑOLA Compras Co nsumo Directo,CALERA DE ALZO,S.L.,,,,,OMIE exact unit code,
CAMG20X,COMPRA SERV.AUX. CAMG,I20,,,S.A.U  100 CONSUMIDOR DIRECTO ZONA ESPAÑOLA Consumo de produc tores,MOEVE GAS AND,"POWER,",,,,,OMIE exact unit code,
CD02R01,CD02R01,,,,S.A.U  100 CONSUMIDOR DIRECTO ZONA ESPAÑOLA Compras Co ns. Dire cto Bal,MOEVE GAS AND,"POWER,",,,,,OMIE exact unit code,
CD03R01,CD03R01,,,,S.A.U  100 CONSUMIDOR DIRECTO ZONA ESPAÑOLA Compras Co ns. Dire cto Bal,MOEVE GAS AND,"POWER,",,,,,OMIE exact unit code,
CD04R01,CD04R01,,,,S.A.U  100 CONSUMIDOR DIRECTO ZONA ESPAÑOLA Compras Co ns. Dire cto Bal,MOEVE GAS AND,"POWER,",,,,,OMIE exact unit code,
CD05R01,CD05R01,,,,S.A.U  100 CONSUMIDOR DIRECTO ZONA ESPAÑOLA Compras Co ns. Dire cto Bal,MOEVE GAS AND,"POWER,",,,,,OMIE exact unit code,
CELC01,CELLTECH,,,,  100 CONSUMIDOR DIRECTO ZONA ESPAÑOLA Compras Co nsumo Directo,CELLTECH S.L.U,,,,,,OMIE exact unit code,
CELRC01,CELSA REP COMPRA ESPA,ÑA,,,"LAMINAC IÓN, S.L. 100 CONSUMIDOR DIRECTO ZONA ESPAÑOLA Compras Co nsumo Directo",COMPAÑÍA ESPA,ÑOLA DE,,,,,OMIE exact unit code,
CELRC02,CELSA REP COM ESP FERI,SA,,,"LAMINAC IÓN, S.L. 100 CONSUMIDOR DIRECTO ZONA ESPAÑOLA Compras Co nsumo Directo",COMPAÑÍA ESPA,ÑOLA DE,,,,,OMIE exact unit code,
CJON1XR,REPRESENTANTE DE CONS,UMOS,,,POWER LIMITED 100 CONSUMIDOR DIRECTO ZONA ESPAÑOLA Compras Co nsumos Auxili,TOTALENERGIES,GAS AND,,,,,OMIE exact unit code,
CJON3XR,REPRESENTANTE DE CONS,UMOS,,,POWER LIMITED 100 CONSUMIDOR DIRECTO ZONA ESPAÑOLA Compras Co nsumos Auxili,TOTALENERGIES,GAS AND,,,,,OMIE exact unit code,
CTNUX,GDF SUEZ CASTELNOU AU,X,,,  100 CONSUMIDOR DIRECTO ZONA ESPAÑOLA Consumo de produc tores,ENGIE CASTELNO,U,,,,,OMIE exact unit code,
CUPRC01,CUPIRE PADESA,,,,  100 CONSUMIDOR DIRECTO ZONA ESPAÑOLA Compras Co nsumo Directo,CUPIRE PADESA,S.L,,,,,OMIE exact unit code,
CUPRC02,BAJA TENSIÓN CON IE,,,,  100 CONSUMIDOR DIRECTO ZONA ESPAÑOLA Compras Co nsumo Directo,CUPIRE PADESA,S.L,,,,,OMIE exact unit code,
CZFVC01,CONSORCIO ZONA FRANCA,DE VI,,,A DE VIG O 100 CONSUMIDOR DIRECTO ZONA ESPAÑOLA Consumidor directo ,CONSORCIO ZON,A FRANC,,,,,OMIE exact unit code,
DEPOC01,DEPORTIVO ALAVES,,,,  100 CONSUMIDOR DIRECTO ZONA ESPAÑOLA Consumidor directo ,DEPORTIVO ALAV,ES SAD,,,,,OMIE exact unit code,
DETRC01,REP. CONSUMIDOR DIRECT,O ATZ,,,S.A.U  100 CONSUMIDOR DIRECTO ZONA ESPAÑOLA Compras Co nsumo Directo,MOEVE GAS AND,"POWER,",,,,,OMIE exact unit code,
DETRC02,DETRC02,,,,S.A.U  100 CONSUMIDOR DIRECTO ZONA ESPAÑOLA Compras Co nsumo Directo,MOEVE GAS AND,"POWER,",,,,,OMIE exact unit code,
DETRC16,DETRC16,,,,S.A.U  100 CONSUMIDOR DIRECTO ZONA ESPAÑOLA Compras Co nsumo Directo,MOEVE GAS AND,"POWER,",,,,,OMIE exact unit code,
DETSSAA,DETSSAA,,,,S.A.U  100 CONSUMIDOR DIRECTO ZONA ESPAÑOLA Consumo de produc tores,MOEVE GAS AND,"POWER,",,,,,OMIE exact unit code,
DOLRC01,DOLNO NUEVO,,,,A.  100 CONSUMIDOR DIRECTO ZONA ESPAÑOLA Compras Co nsumo Directo,DOLOMITAS DEL,NORTE S.,,,,,OMIE exact unit code,
DRERC01,UO COMPRA CD SIN EXENC,ION IE,,,  100 CONSUMIDOR DIRECTO ZONA ESPAÑOLA Compras Co nsumo Directo,FOENER ENERGÍ,"A, S.L.",,,,,OMIE exact unit code,
DRERC05,UO COMPRA CD EXENCION,85%,,,  100 CONSUMIDOR DIRECTO ZONA ESPAÑOLA Compras Co nsumo Directo,FOENER ENERGÍ,"A, S.L.",,,,,OMIE exact unit code,
DRERC06,UO COMPRA CD EXENCION,21.7%,,,  100 CONSUMIDOR DIRECTO ZONA ESPAÑOLA Compras Co nsumo Directo,FOENER ENERGÍ,"A, S.L.",,,,,OMIE exact unit code,
ECT2X,CONSUMOS AUXILIARES D,E ECT2,,,  100 CONSUMIDOR DIRECTO ZONA ESPAÑOLA Rep. Consu mos Au xiliares,IGNIS ENERGIA S.,L.,,,,,OMIE exact unit code,
ECYRREX,COMPRA SSAA ECYR,,,,AÑA SL (A CT: COM RE) 100 CONSUMIDOR DIRECTO ZONA ESPAÑOLA Consumo de produc tores,ENEL GREEN PO,WER ESP,,,,,OMIE exact unit code,
EDPCXR,REPRESENTANTE DE CONS,UMOS,,,POWER LIMITED 100 CONSUMIDOR DIRECTO ZONA ESPAÑOLA Compras Co nsumos Auxili,TOTALENERGIES,GAS AND,,,,,OMIE exact unit code,
EENEC01,CONSUMO HUELVA,,,,SL  100 CONSUMIDOR DIRECTO ZONA ESPAÑOLA Consumidor directo ,MAGNON GREEN,ENERGY,,,,,OMIE exact unit code,
EENRC02,CONSUMO PONT+NAV,,,,SL  100 CONSUMIDOR DIRECTO ZONA ESPAÑOLA Compras Co nsumo Directo,MAGNON GREEN,ENERGY,,,,,OMIE exact unit code,
EGEDCX,UOF COMPRA SERVICIOS A,UX,,,DEVELO PMENTS 100 CONSUMIDOR DIRECTO ZONA ESPAÑOLA Consumo de produc tores,ACCIONA GREEN,ENERGY,,,,,OMIE exact unit code,
EGLEX,EGL SERV. AUX.(CONSUMO,),,,  100 CONSUMIDOR DIRECTO ZONA ESPAÑOLA Consumo de produc tores,"AXPO IBERIA, S.L.",,,,,,OMIE exact unit code,
ELEAUX,UNIDAD COMPRA CONSUM,OS AUX,,,U.  100 CONSUMIDOR DIRECTO ZONA ESPAÑOLA Consumo de produc tores,ELECTRICIDAD EL,"EIA, S.L.",,,,,OMIE exact unit code,
ENURC01,ENURC01,,,,  100 CONSUMIDOR DIRECTO ZONA ESPAÑOLA Compras Co nsumo Directo,ENERGIA NUFRI S,LU,,,,,OMIE exact unit code,
ESCCC1X,GDF SUEZ ESCOMBRERAS,1 AUX,,,  100 CONSUMIDOR DIRECTO ZONA ESPAÑOLA Consumo de produc tores,ENGIE CARTAGEN,A S.L,,,,,OMIE exact unit code,
ESCCC2X,GDF SUEZ ESCOMBRERAS,2 AUX,,,  100 CONSUMIDOR DIRECTO ZONA ESPAÑOLA Consumo de produc tores,ENGIE CARTAGEN,A S.L,,,,,OMIE exact unit code,
ESCCC3X,GDF SUEZ ESCOMBRERAS,3 AUX,,,  100 CONSUMIDOR DIRECTO ZONA ESPAÑOLA Consumo de produc tores,ENGIE CARTAGEN,A S.L,,,,,OMIE exact unit code,
EUCDR01,COMPRA CD BALANCE,,,,  100 CONSUMIDOR DIRECTO ZONA ESPAÑOLA Compras Co ns. Dire cto Bal,WIND TO MARKET,", S.A.",,,,,OMIE exact unit code,
EXISC01,EXIS COMPONENTS S.L.,,,,  100 CONSUMIDOR DIRECTO ZONA ESPAÑOLA Consumidor directo ,EXIS COMPONEN,TS S.L.,,,,,OMIE exact unit code,
FLAMC01,FLAMAGAS LLINARS SLU,,,,  100 CONSUMIDOR DIRECTO ZONA ESPAÑOLA Consumidor directo ,FLAMAGAS LLINA,RS SLU,,,,,OMIE exact unit code,
FLECC01,HORNO,,,,S.A.  100 CONSUMIDOR DIRECTO ZONA ESPAÑOLA Consumidor directo ,LA FLECA DE L EM,PORDA,,,,,OMIE exact unit code,
GEMRC01,UO REGANOSA,,,,"ERCADO S, S.L. 100 CONSUMIDOR DIRECTO ZONA ESPAÑOLA Compras Co nsumo Directo",GESTION DE ENE,RGÍA Y M,,,,,OMIE exact unit code,
GMEEC01,COMPRA CONSUMIDOR DIR,ECTO,,,SL  100 CONSUMIDOR DIRECTO ZONA ESPAÑOLA Consumidor directo ,GARCIA-MUNTE E,NERGIA,,,,,OMIE exact unit code,
GRAFC01,GRAFICAS VARIAS S.A.,,,,  100 CONSUMIDOR DIRECTO ZONA ESPAÑOLA Consumidor directo ,GRAFICAS VARIA,S S.A.,,,,,OMIE exact unit code,
GUISC02,GUIS CONSUMIDOR DIRECT,O,,,"RIA GUIS SONA, S.A. 100 CONSUMIDOR DIRECTO ZONA ESPAÑOLA Compras Co nsumo Directo",CORPORACIÓN A,LIMENTA,,,,,OMIE exact unit code,
GUISR01,GUISSONA SRAD,,,,"RIA GUIS SONA, S.A. 100 CONSUMIDOR DIRECTO ZONA ESPAÑOLA Compras Co ns. Dire cto Bal",CORPORACIÓN A,LIMENTA,,,,,OMIE exact unit code,
HAPOC01,HAPOC01,,,,    100 CONSUMIDOR DIRECTO ZONA ESPAÑOLA Consumidor directo ,,,,,,,OMIE exact unit code,
HCGCOX,COMPRA SSAA PARA PA,RQUES EOLIC,,,    100 CONSUMIDOR DIRECTO ZONA ESPAÑOLA Consumo de produc tores,(,GENERACIÓN),,,,,OMIE exact unit code,
HILAC01,S.A. HILADOS EGARFIL,,,,    100 CONSUMIDOR DIRECTO ZONA ESPAÑOLA Consumidor directo ,FI,L,,,,,OMIE exact unit code,
IBGESX,IBGES CONSUMO SERV,AUXILIARES,,,    100 CONSUMIDOR DIRECTO ZONA ESPAÑOLA Consumo de produc tores,ÍA,ESPAÑA S..A.,,,,,OMIE exact unit code,
INVVC01,INVERGOMAR,,,,    100 CONSUMIDOR DIRECTO ZONA ESPAÑOLA Consumidor directo ,AU,RACION SL,,,,,OMIE exact unit code,
ISEOC01,ISEOC01,,,,    100 CONSUMIDOR DIRECTO ZONA ESPAÑOLA Consumidor directo ,,,,,,,OMIE exact unit code,
JOIRC01,JOIRC01,,,,    100 CONSUMIDOR DIRECTO ZONA ESPAÑOLA Compras Co nsumo Directo,,,,,,,OMIE exact unit code,
JOIRC02,JOIRC02,,,,    100 CONSUMIDOR DIRECTO ZONA ESPAÑOLA Compras Co nsumo Directo,,,,,,,OMIE exact unit code,
JOIRC03,JOIRC03,,,,    100 CONSUMIDOR DIRECTO ZONA ESPAÑOLA Compras Co nsumo Directo,,,,,,,OMIE exact unit code,
JOIRC05,JOIRC05,,,,    100 CONSUMIDOR DIRECTO ZONA ESPAÑOLA Compras Co nsumo Directo,,,,,,,OMIE exact unit code,
JOIRC06,JOIRC06,,,,    100 CONSUMIDOR DIRECTO ZONA ESPAÑOLA Compras Co nsumo Directo,,,,,,,OMIE exact unit code,
JOIRC07,JOIRC07,,,,    100 CONSUMIDOR DIRECTO ZONA ESPAÑOLA Compras Co nsumo Directo,,,,,,,OMIE exact unit code,
JOIRC08,JOIRC08,,,,    100 CONSUMIDOR DIRECTO ZONA ESPAÑOLA Compras Co nsumo Directo,,,,,,,OMIE exact unit code,
JOIRC09,JOIRC09,,,,    100 CONSUMIDOR DIRECTO ZONA ESPAÑOLA Compras Co nsumo Directo,,,,,,,OMIE exact unit code,
JOIRC11,JOIRC11,,,,    100 CONSUMIDOR DIRECTO ZONA ESPAÑOLA Compras Co nsumo Directo,,,,,,,OMIE exact unit code,
JOIRC12,JOIRC12,,,,    100 CONSUMIDOR DIRECTO ZONA ESPAÑOLA Compras Co nsumo Directo,,,,,,,OMIE exact unit code,
JOIRC13,JOIRC13,,,,    100 CONSUMIDOR DIRECTO ZONA ESPAÑOLA Compras Co nsumo Directo,,,,,,,OMIE exact unit code,
JOIRC14,JOIRC14,,,,    100 CONSUMIDOR DIRECTO ZONA ESPAÑOLA Compras Co nsumo Directo,,,,,,,OMIE exact unit code,
JOIRC15,JOIRC15,,,,    100 CONSUMIDOR DIRECTO ZONA ESPAÑOLA Compras Co nsumo Directo,,,,,,,OMIE exact unit code,
JOIRC16,JOIRC16,,,,    100 CONSUMIDOR DIRECTO ZONA ESPAÑOLA Compras Co nsumo Directo,,,,,,,OMIE exact unit code,
JOIRC18,JOIRC18,,,,    100 CONSUMIDOR DIRECTO ZONA ESPAÑOLA Compras Co nsumo Directo,,,,,,,OMIE exact unit code,
JOIRC19,JOIRC19,,,,    100 CONSUMIDOR DIRECTO ZONA ESPAÑOLA Compras Co nsumo Directo,,,,,,,OMIE exact unit code,
JOIRC20,JOIRC20,,,,    100 CONSUMIDOR DIRECTO ZONA ESPAÑOLA Compras Co nsumo Directo,,,,,,,OMIE exact unit code,
JOIRC21,JOIRC21,,,,    100 CONSUMIDOR DIRECTO ZONA ESPAÑOLA Compras Co nsumo Directo,,,,,,,OMIE exact unit code,
JOIRC22,JOIRC22,,,,    100 CONSUMIDOR DIRECTO ZONA ESPAÑOLA Compras Co nsumo Directo,,,,,,,OMIE exact unit code,
JOIRC23,JOIRC23,,,,    100 CONSUMIDOR DIRECTO ZONA ESPAÑOLA Compras Co nsumo Directo,,,,,,,OMIE exact unit code,
JOIRC24,JOIRC24,,,,    100 CONSUMIDOR DIRECTO ZONA ESPAÑOLA Compras Co nsumo Directo,,,,,,,OMIE exact unit code,
JOIRC25,JOIRC25,,,,    100 CONSUMIDOR DIRECTO ZONA ESPAÑOLA Compras Co nsumo Directo,,,,,,,OMIE exact unit code,
JOIRC27,JOIRC27,,,,    100 CONSUMIDOR DIRECTO ZONA ESPAÑOLA Compras Co nsumo Directo,,,,,,,OMIE exact unit code,
JOIRC28,JOIRC28,,,,    100 CONSUMIDOR DIRECTO ZONA ESPAÑOLA Compras Co nsumo Directo,,,,,,,OMIE exact unit code,
JOIRC30,JOIRC30,,,,    100 CONSUMIDOR DIRECTO ZONA ESPAÑOLA Compras Co ns. Dire cto Bal,,,,,,,OMIE exact unit code,
JOIRC31,JOIRC31,,,,    100 CONSUMIDOR DIRECTO ZONA ESPAÑOLA Compras Co nsumo Directo,,,,,,,OMIE exact unit code,
JOIRC32,JOIRC32,,,,    100 CONSUMIDOR DIRECTO ZONA ESPAÑOLA Compras Co nsumo Directo,,,,,,,OMIE exact unit code,
JOIRC33,JOIRC33,,,,    100 CONSUMIDOR DIRECTO ZONA ESPAÑOLA Compras Co ns. Dire cto Bal,,,,,,,OMIE exact unit code,
JOIRC34,JOIRC34,,,,    100 CONSUMIDOR DIRECTO ZONA ESPAÑOLA Compras Co ns. Dire cto Bal,,,,,,,OMIE exact unit code,
LOBOC01,ALMENDRA Y MIEL S.A,,,,    100 CONSUMIDOR DIRECTO ZONA ESPAÑOLA Rep. de cons umidor es dire,S.A,,,,,,OMIE exact unit code,
MATAC01,PIZARRAS MATACOUTA,COMPRA,,,    100 CONSUMIDOR DIRECTO ZONA ESPAÑOLA Compras Co nsumo Directo,UT,A S.A,,,,,OMIE exact unit code,
MELRC01,BERNA TEXTIL,,,,    100 CONSUMIDOR DIRECTO ZONA ESPAÑOLA Compras Co nsumo Directo,.,,,,,,OMIE exact unit code,
MELUC01,FABRICAS COMPAÑIA,,,,    100 CONSUMIDOR DIRECTO ZONA ESPAÑOLA Consumidor directo ,.,,,,,,OMIE exact unit code,
MERC01,FABRICA MEROLTEX,,,,    100 CONSUMIDOR DIRECTO ZONA ESPAÑOLA Consumidor directo ,,,,,,,OMIE exact unit code,
MOIAC01,MATADERO,,,,S. A.   100 CONSUMIDOR DIRECTO ZONA ESPAÑOLA Consumidor directo ,AR,CAL DEL MOIANES,,,,,OMIE exact unit code,
MUESC01,MUESTRARIOS,,,,    100 CONSUMIDOR DIRECTO ZONA ESPAÑOLA Consumidor directo ,IA,SL,,,,,OMIE exact unit code,
NENRC01,NENAP,,,,    100 CONSUMIDOR DIRECTO ZONA ESPAÑOLA Compras Co nsumo Directo,A,PLICADAS SL,,,,,OMIE exact unit code,
NUFRR01,NUFRI SAT RAD,,,,    100 CONSUMIDOR DIRECTO ZONA ESPAÑOLA Compras Co ns. Dire cto Bal,,,,,,,OMIE exact unit code,
OLLEC01,FRANCISCO OLLER S.A.,,,,    100 CONSUMIDOR DIRECTO ZONA ESPAÑOLA Consumidor directo ,S.,A.,,,,,OMIE exact unit code,
ONDC01,ONDARE UNIVERSIDAD,,,,    100 CONSUMIDOR DIRECTO ZONA ESPAÑOLA Consumidor directo ,A,D SLU,,,,,OMIE exact unit code,
PUIC01,TEXTIL PUIG UBACH SA,,,,    100 CONSUMIDOR DIRECTO ZONA ESPAÑOLA Consumidor directo ,S,A,,,,,OMIE exact unit code,
PVENT2X,AUTOCONSUMO PLANA,DEL VENT2,,,    100 CONSUMIDOR DIRECTO ZONA ESPAÑOLA Compras Co nsumos Auxili,A,"ÑA, S.A.U.",,,,,OMIE exact unit code,
RECRC08,PIENSOS DARUZ,,,,EN EL MERCADO ELECT 100 CONSUMIDOR DIRECTO ZONA ESPAÑOLA Compras Co nsumo Directo,DE,CONSUMIDORES,,,,,OMIE exact unit code,
RECRC09,FORESTA TERRENOS,,,,EN EL MERCADO ELECT 100 CONSUMIDOR DIRECTO ZONA ESPAÑOLA Compras Co nsumo Directo,DE,CONSUMIDORES,,,,,OMIE exact unit code,
RECRC11,ALUMASA,,,,EN EL MERCADO ELECT 100 CONSUMIDOR DIRECTO ZONA ESPAÑOLA Compras Co nsumo Directo,DE,CONSUMIDORES,,,,,OMIE exact unit code,
RECRC14,MINAS DE ALCANTARA,,,,EN EL MERCADO ELECT 100 CONSUMIDOR DIRECTO ZONA ESPAÑOLA Compras Co nsumo Directo,DE,CONSUMIDORES,,,,,OMIE exact unit code,
RECRC16,CASAT,,,,EN EL MERCADO ELECT 100 CONSUMIDOR DIRECTO ZONA ESPAÑOLA Compras Co nsumo Directo,DE,CONSUMIDORES,,,,,OMIE exact unit code,
RECRC17,COPRADO,,,,EN EL MERCADO ELECT 100 CONSUMIDOR DIRECTO ZONA ESPAÑOLA Compras Co nsumo Directo,DE,CONSUMIDORES,,,,,OMIE exact unit code,
RECRC19,SERVIO EXTREMEÑO DE,SALUD,,,EN EL MERCADO ELECT 100 CONSUMIDOR DIRECTO ZONA ESPAÑOLA Compras Co nsumo Directo,DE,CONSUMIDORES,,,,,OMIE exact unit code,
RECRC21,MAFRESA,,,,EN EL MERCADO ELECT 100 CONSUMIDOR DIRECTO ZONA ESPAÑOLA Compras Co nsumo Directo,DE,CONSUMIDORES,,,,,OMIE exact unit code,
RECRC22,DIPUTACION DE BADAJO,Z,,,EN EL MERCADO ELECT 100 CONSUMIDOR DIRECTO ZONA ESPAÑOLA Compras Co nsumo Directo,DE,CONSUMIDORES,,,,,OMIE exact unit code,
RECRC28,GAVIPLAS,,,,EN EL MERCADO ELECT 100 CONSUMIDOR DIRECTO ZONA ESPAÑOLA Compras Co nsumo Directo,DE,CONSUMIDORES,,,,,OMIE exact unit code,
REPEC01,REPSOL PETROLEO,,,,100  CONSUMI DOR DIRECTO ZONA ESPA ÑOLA Rep. de consumidor es dire,,,,,,,OMIE exact unit code,
REPRC01,REPRC01,,,,100  CONSUMI DOR DIRECTO ZONA ESPA ÑOLA Compras Consumo Directo,,,,,,,OMIE exact unit code,
REPRC02,RPRC02-RPSQC01,,,,100  CONSUMI DOR DIRECTO ZONA ESPA ÑOLA Compras Consumo Directo,,,,,,,OMIE exact unit code,
RIVAC01,UNIDAD DE PROGRAM,ACION RIVAS,,,100  CONSUMI DOR DIRECTO ZONA ESPA ÑOLA Consumidor directo ,CIAMADRID,,,,,,OMIE exact unit code,
SBC01,SASKI BASKONIA,,,,100  CONSUMI DOR DIRECTO ZONA ESPA ÑOLA Consumidor directo ,,,,,,,OMIE exact unit code,
SEDAC01,FABRICA ENRIQUE,,,,100  CONSUMI DOR DIRECTO ZONA ESPA ÑOLA Consumidor directo ,,,,,,,OMIE exact unit code,
SEDAR01,UNITEX SRAD,,,,100  CONSUMI DOR DIRECTO ZONA ESPA ÑOLA Compras Consumo Directo,,,,,,,OMIE exact unit code,
SESAUX,UNIDAD CONSUMOS A,UXILIARES,,,100  CONSUMI DOR DIRECTO ZONA ESPA ÑOLA Consumo de produc tores,,,,,,,OMIE exact unit code,
SHEENX,UNIDAD CONSUMOS A,UXILIARES,,,100  CONSUMI DOR DIRECTO ZONA ESPA ÑOLA Consumo de produc tores,TED,,,,,,OMIE exact unit code,
SILOC01,HOTEL SILOS - BURGO,S,,,100  CONSUMI DOR DIRECTO ZONA ESPA ÑOLA Consumidor directo ,,,,,,,OMIE exact unit code,
SLBYC01,SLBYC01,,,,100  CONSUMI DOR DIRECTO ZONA ESPA ÑOLA Consumidor directo ,"ESARIALES,",,,,,,OMIE exact unit code,
SNIAC01,SNIACE S.A,,,,100  CONSUMI DOR DIRECTO ZONA ESPA ÑOLA Compras Consumo Directo,,,,,,,OMIE exact unit code,
SOCRC05,CC.RR. CANAL DE EST,REMERA,,,100  CONSUMI DOR DIRECTO ZONA ESPA ÑOLA Compras Consumo Directo,Y PROYECTOS,ENERGETICOS,,,,,OMIE exact unit code,
SOCRC06,SAT 2903 SAN PEDRO,,,,100  CONSUMI DOR DIRECTO ZONA ESPA ÑOLA Compras Consumo Directo,Y PROYECTOS,ENERGETICOS,,,,,OMIE exact unit code,
SOCRC08,BALEIKE,,,,100  CONSUMI DOR DIRECTO ZONA ESPA ÑOLA Compras Consumo Directo,Y PROYECTOS,ENERGETICOS,,,,,OMIE exact unit code,
SOCRC10,MACEB,,,,100  CONSUMI DOR DIRECTO ZONA ESPA ÑOLA Compras Consumo Directo,Y PROYECTOS,ENERGETICOS,,,,,OMIE exact unit code,
SOCRC13,IBSUS ALSASUA,,,,100  CONSUMI DOR DIRECTO ZONA ESPA ÑOLA Compras Consumo Directo,Y PROYECTOS,ENERGETICOS,,,,,OMIE exact unit code,
SOCRC14,IBSUS NULES,,,,100  CONSUMI DOR DIRECTO ZONA ESPA ÑOLA Compras Consumo Directo,Y PROYECTOS,ENERGETICOS,,,,,OMIE exact unit code,
SOCRC15,CHURRUCA,,,,100  CONSUMI DOR DIRECTO ZONA ESPA ÑOLA Compras Consumo Directo,Y PROYECTOS,ENERGETICOS,,,,,OMIE exact unit code,
SOCRC18,IMPERIO,,,,100  CONSUMI DOR DIRECTO ZONA ESPA ÑOLA Compras Consumo Directo,Y PROYECTOS,ENERGETICOS,,,,,OMIE exact unit code,
SPINC01,SPINREACT SAU,,,,100  CONSUMI DOR DIRECTO ZONA ESPA ÑOLA Consumidor directo ,,,,,,,OMIE exact unit code,
TEVIC01,TVITEC,,,,100  CONSUMI DOR DIRECTO ZONA ESPA ÑOLA Rep. de consumidor es dire,,,,,,,OMIE exact unit code,
TEV2C01,TEVI,,,,100  CONSUMI DOR DIRECTO ZONA ESPA ÑOLA Rep. de consumidor es dire,,,,,,,OMIE exact unit code,
TEXZR01,TEXOR SRAD,,,,100  CONSUMI DOR DIRECTO ZONA ESPA ÑOLA Compras Cons. Dire cto Bal,,,,,,,OMIE exact unit code,
TGBSC01,TGB S.A.,,,,100  CONSUMI DOR DIRECTO ZONA ESPA ÑOLA Consumidor directo ,,,,,,,OMIE exact unit code,
TLCRC01,TLCOR CONSUMO DIR,ECTO,,,100  CONSUMI DOR DIRECTO ZONA ESPA ÑOLA Compras Consumo Directo,,,,,,,OMIE exact unit code,
TORTE01,TORTOSA ENERGIA CO,MPRA,,,100  CONSUMI DOR DIRECTO ZONA ESPA ÑOLA Consumidor directo ,AD: CLIENTE C,UALIFICADO),,,,,OMIE exact unit code,
TRARC01,COMPRAENERTRADB,,,,100  CONSUMI DOR DIRECTO ZONA ESPA ÑOLA Compras Consumo Directo,SL,,,,,,OMIE exact unit code,
URBRC02,UNIDAD DE PROGRAM,ACION CD URBE,,,100  CONSUMI DOR DIRECTO ZONA ESPA ÑOLA Compras Consumo Directo,RGIAS RENOVA,BLES S.L,,,,,OMIE exact unit code,
VALOC01,TEXTIL VALOR,,,,100  CONSUMI DOR DIRECTO ZONA ESPA ÑOLA Consumidor directo ,,,,,,,OMIE exact unit code,
VALRC01,VALERO FORN TRADIC,IONAL,,,100  CONSUMI DOR DIRECTO ZONA ESPA ÑOLA Consumidor directo ,SL,,,,,,OMIE exact unit code,
VGERC02,REPC01,,,,100  CONSUMI DOR DIRECTO ZONA ESPA ÑOLA Compras Consumo Directo,"BLES, S.A.",,,,,,OMIE exact unit code,
VIOLC01,VINAOLIVA SDAD COO,P,,,100  CONSUMI DOR DIRECTO ZONA ESPA ÑOLA Consumidor directo ,,,,,,,OMIE exact unit code,
VISC01,VISCOCEL S.L.U,,,,100  CONSUMI DOR DIRECTO ZONA ESPA ÑOLA Compras Consumo Directo,,,,,,,OMIE exact unit code,
WMARCAX,CONSUMO SERVICIOS,AUXILIARES,,,100  CONSUMI DOR DIRECTO ZONA ESPA ÑOLA Consumo de produc tores,,,,,,,OMIE exact unit code,
ZEREC01,ZEREP CARBONICAS Y,AGUAS,,,100  CONSUMI DOR DIRECTO ZONA ESPA ÑOLA Consumidor directo ,S S.A,,,,,,OMIE exact unit code,
ACBFRAE,UP ACCION COOD. FRA,N-ESP,,,100 C ONTRATO INTE RNACIONAL FRONTERA FRANCIA  ,S.A.U.,,,,,,OMIE exact unit code,
ACBFRAI,UP. ACCION COORD. E,SP-FRAN,,,100 C ONTRATO INTE RNACIONAL FRONTERA FRANCIA  ,S.A.U.,,,,,,OMIE exact unit code,
ACBPORE,ACCION COORD. BALA,NCE PORT EXP,,,100 C ONTRATO INTE RNACIONAL ZONA ESPA ÑOLA  ,S.A.U.,,,,,,OMIE exact unit code,
ACBPORI,ACCION COORD. BALA,NCE PORT IMP,,,100 C ONTRATO INTE RNACIONAL ZONA ESPA ÑOLA  ,S.A.U.,,,,,,OMIE exact unit code,
APOANDE,EXPORTACIÓN APOYO,A ANDORRA,,,100 C ONTRATO INTE RNACIONAL ZONA ESPA ÑOLA  ,S.A.U.,,,,,,OMIE exact unit code,
APOANDI,IMPORTACIÓN APOYO,POR ANDORRA,,,100 C ONTRATO INTE RNACIONAL ZONA ESPA ÑOLA  ,S.A.U.,,,,,,OMIE exact unit code,
APOFRAE,EXPORTACION APOYO,A FRANCIA,,,100 C ONTRATO INTE RNACIONAL ZONA ESPA ÑOLA  ,S.A.U.,,,,,,OMIE exact unit code,
APOFRAI,IMPORTACION APOYO,POR FRANCIA,,,100 C ONTRATO INTE RNACIONAL ZONA ESPA ÑOLA  ,S.A.U.,,,,,,OMIE exact unit code,
APOMARE,EXPORTACION APOYO,A MARRUECOS,,,100 C ONTRATO INTE RNACIONAL ZONA ESPA ÑOLA  ,S.A.U.,,,,,,OMIE exact unit code,
APOMARI,IMPORTACION APOYO,POR MARRUECO,,,100 C ONTRATO INTE RNACIONAL ZONA ESPA ÑOLA  ,S.A.U.,,,,,,OMIE exact unit code,
APOPORE,EXPORTACION APOYO,A PORTUGAL,,,100 C ONTRATO INTE RNACIONAL ZONA ESPA ÑOLA  ,S.A.U.,,,,,,OMIE exact unit code,
APOPORI,IMPORTACION APOYO,POR PORTUGAL,,,100 C ONTRATO INTE RNACIONAL ZONA ESPA ÑOLA  ,S.A.U.,,,,,,OMIE exact unit code,
BALFRAE,BALFRAE,,,,100 C ONTRATO INTE RNACIONAL ZONA ESPA ÑOLA  ,S.A.U.,,,,,,OMIE exact unit code,
BALFRAI,BALFRAI,,,,100 C ONTRATO INTE RNACIONAL ZONA ESPA ÑOLA  ,S.A.U.,,,,,,OMIE exact unit code,
BALPORE,BALPORE,,,,100 C ONTRATO INTE RNACIONAL ZONA ESPA ÑOLA  ,S.A.U.,,,,,,OMIE exact unit code,
BALPORI,BALPORI,,,,100 C ONTRATO INTE RNACIONAL ZONA ESPA ÑOLA  ,S.A.U.,,,,,,OMIE exact unit code,
MARFRAE,MARI FRANCIA EXPOR,TACION,,,100 C ONTRATO INTE RNACIONAL FRONTERA FRANCIA  ,S.A.U.,,,,,,OMIE exact unit code,
MARFRAI,MARI FRANCIA IMPORT,ACION,,,100 C ONTRATO INTE RNACIONAL FRONTERA FRANCIA  ,S.A.U.,,,,,,OMIE exact unit code,
MARPORE,MARI PORTUGAL EXPO,RTACION,,,100 C ONTRATO INTE RNACIONAL ZONA ESPA ÑOLA  ,S.A.U.,,,,,,OMIE exact unit code,
MARPORI,MARI PORTUGAL IMPO,RTACION,,,100 C ONTRATO INTE RNACIONAL ZONA ESPA ÑOLA  ,S.A.U.,,,,,,OMIE exact unit code,
EE21CEB,EEXXI INTERCONEXIO,N BALEARES,,,100  DIST RIBUI DOR ZONA ESPA ÑOLA Comercializador ulti mo rec,DORA DE REFE,"RENCIA, S.L.",,,,,OMIE exact unit code,
GNSUCEB,GNSUCEB,,,,100  DIST RIBUI DOR ZONA ESPA ÑOLA Comercializador ulti mo rec,ADA GAS POW,"ER, S.A",,,,,OMIE exact unit code,
HCURCEB,HCCUR COMPRA ENLACE,BALEARES,,,SA 100 DISTRIBUIDOR ZONA ESPAÑOLA Comercializador ult imo recurso,ADORA D,E REFERENCIA,,,,,OMIE exact unit code,
IBCUCEB,CUR ENLACE BALEARES,,,,"RECURSO, SAU 100 DISTRIBUIDOR ZONA ESPAÑOLA Comercializador ult imo recurso",CIALIZAD,OR DE ÚLTIMO,,,,,OMIE exact unit code,
AAXRCTI,AXPO IBERIA R. CENTRO,INTERIOR,,, 100 GENERACION ZONA PORTUGUESA RE Tarifa CUR (uo f),,,,,,,OMIE exact unit code,
AAXRGDL,AREA DE REDE DA GRAN,DE LISBOA,,, 100 GENERACION ZONA PORTUGUESA RE Tarifa CUR (uo f),,,,,,,OMIE exact unit code,
AAXRSUL,AXPO IBERIA R.SUL,,,, 100 GENERACION ZONA PORTUGUESA RE Tarifa CUR (uo f),,,,,,,OMIE exact unit code,
ABA1,ABARAN,,,,RE) 100 GENERACION ZONA ESPAÑOLA Hidráulica Generac ión,T.: COME,RCIALIZACIÓN,,,,,OMIE exact unit code,
ABA2,ABARAN 2,,,,RE) 100 GENERACION ZONA ESPAÑOLA Hidráulica Generac ión,T.: COME,RCIALIZACIÓN,,,,,OMIE exact unit code,
ABO1,C.T. ABOÑO 1,,,, 100 GENERACION ZONA ESPAÑOLA Hulla Antracita ,ES ELECT,RICAS SLU,,,,,OMIE exact unit code,
ABO2G,ABOÑO 2 GAS,,,, 100 GENERACION ZONA ESPAÑOLA Gas ,ES ELECT,RICAS SLU,,,,,OMIE exact unit code,
ACAVADO,CAVADO,,,, 100 GENERACION ZONA PORTUGUESA Hidráulica Generac ión,S.A.,,,,,,OMIE exact unit code,
ACCGV02,UNIDAD DE VENTA,,,, 100 GENERACION ZONA PORTUGUESA RE Tarifa CUR (uo f),CURSAL P,T,,,,,OMIE exact unit code,
ACC1EBR,AC.GREEN EN. DEV. VEN,TA RO 1,,, 100 GENERACION ZONA ESPAÑOLA Hidráulica Generac ión,"N, S.A.",,,,,,OMIE exact unit code,
ACC2EBR,AC. GREEN EN. DEV. VEN,TA RO2,,, 100 GENERACION ZONA ESPAÑOLA Hidráulica Generac ión,"N, S.A.",,,,,,OMIE exact unit code,
ACE3,C.C. ACECA 3,,,, 100 GENERACION ZONA ESPAÑOLA Ciclo Combinado ,ESPAÑA,S..A.,,,,,OMIE exact unit code,
ACE4,C.C. ACECA 4,,,, 100 GENERACION ZONA ESPAÑOLA Ciclo Combinado ,RCIALIZA,DORA,,,,,OMIE exact unit code,
ACNVD01,ACNVD01,,,, 100 GENERACION ZONA ESPAÑOLA RE Mercado Solar Fotovoltáica,L,,,,,,OMIE exact unit code,
ACNVD02,ACNVD02,,,, 100 GENERACION ZONA ESPAÑOLA RE Mercado Eólica ,L,,,,,,OMIE exact unit code,
ACRSV02,AGREGAÇÃO,,,, 100 GENERACION ZONA PORTUGUESA RE Tarifa CUR (uo f),DA,,,,,,OMIE exact unit code,
ADERE01,ADEINNOVA VENTA,,,, 100 GENERACION ZONA ESPAÑOLA RE Mercado Solar Fotovoltáica,,,,,,,OMIE exact unit code,
ADOURO,HIDRO DOURO TOTAL,,,, 100 GENERACION ZONA PORTUGUESA Hidráulica Generac ión,S.A.,,,,,,OMIE exact unit code,
ADREV02,CENTRAL FOTOVOLTAICA,OURIKA,,, 100 GENERACION ZONA PORTUGUESA RE Tarifa CUR (uo f),S.A.,,,,,,OMIE exact unit code,
ADXRE01,PREAL1,,,, 100 GENERACION ZONA ESPAÑOLA RE Mercado Solar Fotovoltáica,S.A.,,,,,,OMIE exact unit code,
ADXRE02,ALARCOS,,,, 100 GENERACION ZONA ESPAÑOLA RE Mercado Solar Fotovoltáica,S.A.,,,,,,OMIE exact unit code,
ADXRE03,CANTILLANA44,,,, 100 GENERACION ZONA ESPAÑOLA RE Mercado Solar Fotovoltáica,S.A.,,,,,,OMIE exact unit code,
ADXRE04,MIRANDA,,,, 100 GENERACION ZONA ESPAÑOLA RE Mercado Solar Fotovoltáica,S.A.,,,,,,OMIE exact unit code,
ADXRE05,HORN16,,,, 100 GENERACION ZONA ESPAÑOLA RE Mercado Solar Fotovoltáica,S.A.,,,,,,OMIE exact unit code,
ADXRE06,OLIVE23,,,, 100 GENERACION ZONA ESPAÑOLA RE Mercado Solar Fotovoltáica,S.A.,,,,,,OMIE exact unit code,
ADXRE07,OLIVE24,,,, 100 GENERACION ZONA ESPAÑOLA RE Mercado Solar Fotovoltáica,S.A.,,,,,,OMIE exact unit code,
ADXRE08,OLVEN22,,,, 100 GENERACION ZONA ESPAÑOLA RE Mercado Solar Fotovoltáica,S.A.,,,,,,OMIE exact unit code,
ADXRE09,ZARA1,,,, 100 GENERACION ZONA ESPAÑOLA RE Mercado Solar Fotovoltáica,S.A.,,,,,,OMIE exact unit code,
ADXRE10,PUERTOLLANO,,,, 100 GENERACION ZONA ESPAÑOLA RE Mercado Solar Fotovoltáica,S.A.,,,,,,OMIE exact unit code,
ADXRE11,HORNACHOS98,,,, 100 GENERACION ZONA ESPAÑOLA RE Mercado Solar Fotovoltáica,S.A.,,,,,,OMIE exact unit code,
ADXVD01,AUDAX RENOVABLES VE,NTA TR,,, 100 GENERACION ZONA ESPAÑOLA RE Mercado Térmi ca Renovabl,S.A.,,,,,,OMIE exact unit code,
ADXVD03,PV ALARCOS,,,, 100 GENERACION ZONA ESPAÑOLA RE Mercado Solar Fotovoltáica,S.A.,,,,,,OMIE exact unit code,
ADXVD04,EOLICA AUDAX,,,, 100 GENERACION ZONA ESPAÑOLA RE Mercado Eólica ,S.A.,,,,,,OMIE exact unit code,
ADXVD05,FV GENERIBER,,,, 100 GENERACION ZONA ESPAÑOLA RE Mercado Solar Fotovoltáica,S.A.,,,,,,OMIE exact unit code,
ADXVD06,RS GENERIBER,,,, 100 GENERACION ZONA ESPAÑOLA RE Mercado Térmi ca Renovabl,S.A.,,,,,,OMIE exact unit code,
ADXVD07,T GENERIBER,,,, 100 GENERACION ZONA ESPAÑOLA RE Mercado Térmi ca no,S.A.,,,,,,OMIE exact unit code,
AFIBGEV,ALMACENAMIENTO VENT,A,,, 100 GENERACION ZONA ESPAÑOLA Almacenamiento V enta,ESPAÑA,S..A.,,,,,OMIE exact unit code,
AGENVD2,RE TARIFA CON REPRES,ENTANTE,,, 100 GENERACION ZONA ESPAÑOLA RE Mercado Solar Fotovoltáica,RCIALITZ,"ADOR, S.L.",,,,,OMIE exact unit code,
AGERE01,VENTA FRAILES,,,, 100 GENERACION ZONA ESPAÑOLA RE Mercado Solar Fotovoltáica,ASECOR,S.L,,,,,OMIE exact unit code,
AGERGDL,SERVIÇOS SISTEMA,,,,PESSOAL LDA 100 GENERACION ZONA PORTUGUESA RE Tarifa CUR (uo f),ACAO DE,"ENERGIA, UNI",,,,,OMIE exact unit code,
AGEVD01,VENTA PEL CONG,,,, 100 GENERACION ZONA ESPAÑOLA RE Mercado Térmi ca no,ASECOR,S.L,,,,,OMIE exact unit code,
AGPRCTI,CENTRO INTERIOR,,,, 100 GENERACION ZONA PORTUGUESA RE Tarifa CUR (uo f),,,,,,,OMIE exact unit code,
AGPRCTL,ACTL VENDA,,,, 100 GENERACION ZONA PORTUGUESA RE Tarifa CUR (uo f),,,,,,,OMIE exact unit code,
AGPRSUL,ASUL VENDA,,,, 100 GENERACION ZONA PORTUGUESA RE Tarifa CUR (uo f),,,,,,,OMIE exact unit code,
AGPRTMD,TRÁS-OS-MONTES E DOU,RO LITORAL,,, 100 GENERACION ZONA PORTUGUESA RE Tarifa CUR (uo f),,,,,,,OMIE exact unit code,
AGRRE01,AGRRE01,,,, 100 GENERACION ZONA ESPAÑOLA RE Mercado Hidrá ulica,,,,,,,OMIE exact unit code,
AGRRE02,VENTA SOLAR FOTOVOLT,AICA,,, 100 GENERACION ZONA ESPAÑOLA RE Mercado Solar Fotovoltáica,,,,,,,OMIE exact unit code,
AGUG,C.H. AGUAYO GENERACI,ON,,, 100 GENERACION ZONA ESPAÑOLA Hidráulica de Bom beo Puro,ENOVAB,"LES, S.A.",,,,,OMIE exact unit code,
AIGRCTI,PT ZONA AIGRCTI,,,, 100 GENERACION ZONA PORTUGUESA RE Tarifa CUR (uo f),,,,,,,OMIE exact unit code,
AIGRCTL,PT ZONA CENTRO-LITOR,AL,,, 100 GENERACION ZONA PORTUGUESA RE Tarifa CUR (uo f),,,,,,,OMIE exact unit code,
AIGRGDL,PT ZONA GRANDE LISBO,A,,, 100 GENERACION ZONA PORTUGUESA RE Tarifa CUR (uo f),,,,,,,OMIE exact unit code,
AIGRMN4,PT 400 KV DO MINHO,,,, 100 GENERACION ZONA PORTUGUESA RE Tarifa CUR (uo f),,,,,,,OMIE exact unit code,
AIGRSUL,PT ZONA SUR,,,, 100 GENERACION ZONA PORTUGUESA RE Tarifa CUR (uo f),,,,,,,OMIE exact unit code,
AIGRTMD,PT ZONA AIGRTMD,,,, 100 GENERACION ZONA PORTUGUESA RE Tarifa CUR (uo f),,,,,,,OMIE exact unit code,
AIRVD01,AIRVD01,,,, 100 GENERACION ZONA ESPAÑOLA RE Mercado Solar Fotovoltáica,,,,,,,OMIE exact unit code,
ALDRE01,ALDRO GENE,RACION,,,U. 100 GENERACION ZONA ESPAÑOLA RE Mercado Solar Foto,RI,"A, S.L.",,,,,OMIE exact unit code,
ALDRE02,FV INSTALAC,ION MAYOR 1MW,,,U. 100 GENERACION ZONA ESPAÑOLA RE Mercado Solar Foto,RI,"A, S.L.",,,,,OMIE exact unit code,
ALFAV02,UNIDADE VE,NDA ALFA ENERGIA,,, 100 GENERACION ZONA PORTUGUESA RE Tarifa CU R (uof),A,,,,,,OMIE exact unit code,
ALG3,C.C. ALGECI,RAS 3,,,"ABLES, S.A. 100 GENERACION ZONA ESPAÑOLA Ciclo Combin ado",S R,ENOV,,,,,OMIE exact unit code,
ALIMA,LIMA,,,, 100 GENERACION ZONA PORTUGUESA Hidráulica Ge neración,AL,S.A.,,,,,OMIE exact unit code,
ALZ1,C.N. ALMARA,Z 1,,," 36,021 GENERACION ZONA ESPAÑOLA Nuclear ",IÓ,"N, S.A.",,,,,OMIE exact unit code,
ALZ2,C.N. ALMARA,Z 2,,,"ZADORA 11,292 GENERACION ZONA ESPAÑOLA Nuclear ",ME,RCIALI,,,,,OMIE exact unit code,
AMBIETA,C.C. AMORE,BIETA,,, 100 GENERACION ZONA ESPAÑOLA Ciclo Combin ado,,,,,,,OMIE exact unit code,
AMEVD1,UNIDAD OFE,RTA TARIFA AME,,,SAU 100 GENERACION ZONA ESPAÑOLA RE Mercado Térmica n,ES,PAÑA,,,,,OMIE exact unit code,
AMEVD2,UNIDAD OFE,RTA MERCADO AME,,,SAU 100 GENERACION ZONA ESPAÑOLA RE Mercado Solar Foto,ES,PAÑA,,,,,OMIE exact unit code,
AMRE001,AME VENTA,REG. ESP. 1,,,SAU 100 GENERACION ZONA ESPAÑOLA RE Mercado Térmica n,ES,PAÑA,,,,,OMIE exact unit code,
AMRE002,AME VENTA,REG. ESP. 2,,,SAU 100 GENERACION ZONA ESPAÑOLA RE Mercado Térmica R,ES,PAÑA,,,,,OMIE exact unit code,
AMRE003,AME VENTA,REG. ESP. 3,,,SAU 100 GENERACION ZONA ESPAÑOLA RE Mercado Térmica n,ES,PAÑA,,,,,OMIE exact unit code,
AMRE004,AME VENTA,REG. ESP. 4,,,SAU 100 GENERACION ZONA ESPAÑOLA RE Mercado Térmica n,ES,PAÑA,,,,,OMIE exact unit code,
AMRE005,AME VENTA,REG. ESP. 5,,,SAU 100 GENERACION ZONA ESPAÑOLA RE Mercado Térmica n,ES,PAÑA,,,,,OMIE exact unit code,
AMRE007,AME VENTA,REG. ESP. 7,,,SAU 100 GENERACION ZONA ESPAÑOLA RE Mercado Térmica n,ES,PAÑA,,,,,OMIE exact unit code,
AMRE008,AME VENTA,REG. ESP. 8,,,SAU 100 GENERACION ZONA ESPAÑOLA RE Mercado Térmica n,ES,PAÑA,,,,,OMIE exact unit code,
AMRE010,AME VENTA,REG. ESP. 10,,,SAU 100 GENERACION ZONA ESPAÑOLA RE Mercado Térmica n,ES,PAÑA,,,,,OMIE exact unit code,
AMRE013,AME VENTA,REG. ESP. 13,,,SAU 100 GENERACION ZONA ESPAÑOLA RE Mercado Térmica n,ES,PAÑA,,,,,OMIE exact unit code,
AMRE014,AME VENTA,REG. ESP. 14,,,SAU 100 GENERACION ZONA ESPAÑOLA RE Mercado Térmica n,ES,PAÑA,,,,,OMIE exact unit code,
AMRE015,AME VENTA,REG. ESP. 15,,,SAU 100 GENERACION ZONA ESPAÑOLA RE Mercado Térmica n,ES,PAÑA,,,,,OMIE exact unit code,
AMRE016,AMRE016,,,,SAU 100 GENERACION ZONA ESPAÑOLA RE Mercado Térmica n,ES,PAÑA,,,,,OMIE exact unit code,
AMRE017,AME VENTA,REG. ESP. 17,,,SAU 100 GENERACION ZONA ESPAÑOLA RE Mercado Térmica n,ES,PAÑA,,,,,OMIE exact unit code,
AMRE018,AME VENTA,REG. ESP. 18,,,SAU 100 GENERACION ZONA ESPAÑOLA RE Mercado Térmica n,ES,PAÑA,,,,,OMIE exact unit code,
AMRE019,AME VENTA,REG. ESP. 19,,,SAU 100 GENERACION ZONA ESPAÑOLA RE Mercado Térmica n,ES,PAÑA,,,,,OMIE exact unit code,
AMRE021,AMRE021,,,,SAU 100 GENERACION ZONA ESPAÑOLA RE Mercado Térmica n,ES,PAÑA,,,,,OMIE exact unit code,
AMRE022,AMRE022,,,,SAU 100 GENERACION ZONA ESPAÑOLA RE Mercado Térmica n,ES,PAÑA,,,,,OMIE exact unit code,
AMRE027,AME VENTA,REG. ESP. 27,,,SAU 100 GENERACION ZONA ESPAÑOLA RE Mercado Térmica n,ES,PAÑA,,,,,OMIE exact unit code,
AMRE029,AME VENTA,REG. ESP. 29,,,SAU 100 GENERACION ZONA ESPAÑOLA RE Mercado Térmica n,ES,PAÑA,,,,,OMIE exact unit code,
AMRE030,AME VENTA,REG. ESP. 30,,,SAU 100 GENERACION ZONA ESPAÑOLA RE Mercado Térmica n,ES,PAÑA,,,,,OMIE exact unit code,
AMRE031,AME VENTA,REG. ESP. 31,,,SAU 100 GENERACION ZONA ESPAÑOLA RE Mercado Térmica n,ES,PAÑA,,,,,OMIE exact unit code,
AMRE033,AME VENTA,REG. ESP. 33,,,SAU 100 GENERACION ZONA ESPAÑOLA RE Mercado Térmica R,ES,PAÑA,,,,,OMIE exact unit code,
AMRE035,AME VENTA,REG. ESP. 35,,,SAU 100 GENERACION ZONA ESPAÑOLA RE Mercado Térmica n,ES,PAÑA,,,,,OMIE exact unit code,
AMRE036,AME VENTA,REG. ESP. 36,,,SAU 100 GENERACION ZONA ESPAÑOLA RE Mercado Térmica R,ES,PAÑA,,,,,OMIE exact unit code,
AMRE038,AME REG. ES,P 038,,,SAU 100 GENERACION ZONA ESPAÑOLA RE Mercado Hidráulica,ES,PAÑA,,,,,OMIE exact unit code,
AMRE039,AME REG. ES,P 039,,,SAU 100 GENERACION ZONA ESPAÑOLA RE Mercado Hidráulica,ES,PAÑA,,,,,OMIE exact unit code,
AMRE040,AME VENTA REG.,ESP. 40,,,A U  100 GENERACION ZONA ESPAÑOLA RE Mercado Térmi ca no,FACTOR ENERGIA ESP,AÑA S,,,,,OMIE exact unit code,
AMRE042,AMRE042,,,,A U  100 GENERACION ZONA ESPAÑOLA RE Mercado Geoté rmica,FACTOR ENERGIA ESP,AÑA S,,,,,OMIE exact unit code,
ARCH,ARCHENA,,,,E RCIALIZAC IÓN RE) 100 GENERACION ZONA ESPAÑOLA Hidráulica Generac ión,WIND TO MARKET (AC,T.: COM,,,,,OMIE exact unit code,
ARCOS1,C.C. ARCOS 1,,,,A S..A.  100 GENERACION ZONA ESPAÑOLA Ciclo Combinado ,IBERDROLA ENERGÍA,ESPAÑ,,,,,OMIE exact unit code,
ARCOS2,C.C. ARCOS 2,,,,A S..A.  100 GENERACION ZONA ESPAÑOLA Ciclo Combinado ,IBERDROLA ENERGÍA,ESPAÑ,,,,,OMIE exact unit code,
ARCOS3,C.C. ARCOS 3,,,,A S..A.  100 GENERACION ZONA ESPAÑOLA Ciclo Combinado ,IBERDROLA ENERGÍA,ESPAÑ,,,,,OMIE exact unit code,
AREPV02,REPRE. AUTOCO,NSUMIDOR,,,C URSAL EM PORTUGAL 100 GENERACION ZONA PORTUGUESA RE Tarifa CUR (uo f),AUDAX RENOVABLES,S.A.-SU,,,,,OMIE exact unit code,
ARRU1R,UOF REPRESENT,ADA DE A,,,. U  100 GENERACION ZONA ESPAÑOLA Ciclo Combinado ,MOEVE GAS AND POW,"ER, S.A",,,,,OMIE exact unit code,
ARRU2R,UOF REPRESENT,ADA DE A,,,. U  100 GENERACION ZONA ESPAÑOLA Ciclo Combinado ,MOEVE GAS AND POW,"ER, S.A",,,,,OMIE exact unit code,
ASC1,C.N. ASCÓ 1,,,,   100 GENERACION ZONA ESPAÑOLA Nuclear ,ENDESA GENERACIÓN,", S.A.",,,,,OMIE exact unit code,
ASC2,C.N. ASCÓ 2,,,,A S..A.  15 GENERACION ZONA ESPAÑOLA Nuclear ,IBERDROLA ENERGÍA,ESPAÑ,,,,,OMIE exact unit code,
ASIAGU,HYDRO CUENCA,AGÚERA,,,L.   100 GENERACION ZONA ESPAÑOLA Hidráulica Generac ión,ASISTENCIA ENERGÉT,ICA S.,,,,,OMIE exact unit code,
ASIDUE,HYDRO CUENCA,DUERO,,,L.   100 GENERACION ZONA ESPAÑOLA Hidráulica Generac ión,ASISTENCIA ENERGÉT,ICA S.,,,,,OMIE exact unit code,
ASIEBRO,HYDRO CUENCA,DUERO,,,L.   100 GENERACION ZONA ESPAÑOLA Hidráulica Generac ión,ASISTENCIA ENERGÉT,ICA S.,,,,,OMIE exact unit code,
ASIEBR2,HYDRO CUENCA,EBRO,,,L.   100 GENERACION ZONA ESPAÑOLA Hidráulica Generac ión,ASISTENCIA ENERGÉT,ICA S.,,,,,OMIE exact unit code,
ASIJUCA,HYDRO CUENCA,JUCAR,,,L.   100 GENERACION ZONA ESPAÑOLA Hidráulica Generac ión,ASISTENCIA ENERGÉT,ICA S.,,,,,OMIE exact unit code,
ASITAJ,HYDRO CUENCA,TAJO,,,L.   100 GENERACION ZONA ESPAÑOLA Hidráulica Generac ión,ASISTENCIA ENERGÉT,ICA S.,,,,,OMIE exact unit code,
ASIVD01,VENTA TARIFA R,EPRESENT,,,L.   100 GENERACION ZONA ESPAÑOLA RE Mercado Hidrá ulica,ASISTENCIA ENERGÉT,ICA S.,,,,,OMIE exact unit code,
ASIVD02,HIDRAUL REG ES,P POT>5,,,L.   100 GENERACION ZONA ESPAÑOLA RE Mercado Hidrá ulica,ASISTENCIA ENERGÉT,ICA S.,,,,,OMIE exact unit code,
ASIVD03,FOTOV REG ESP,P<10,,,L.   100 GENERACION ZONA ESPAÑOLA RE Mercado Solar Fotovoltáica,ASISTENCIA ENERGÉT,ICA S.,,,,,OMIE exact unit code,
ASIVD06,SOLAR FV MAYO,R O IGUAL,,,L.   100 GENERACION ZONA ESPAÑOLA RE Mercado Solar Fotovoltáica,ASISTENCIA ENERGÉT,ICA S.,,,,,OMIE exact unit code,
ASRIHCV,UO VENTA BATER,IA SOTO R,,,AC IÓN)  100 GENERACION ZONA ESPAÑOLA Almacenamiento V enta,"EDP ESPAÑA, S.A.U. (",GENER,,,,,OMIE exact unit code,
ATERE01,ATENC REPR 01,,,,   100 GENERACION ZONA ESPAÑOLA RE Mercado Solar Fotovoltáica,ATENCO ENERGIA,,,,,,OMIE exact unit code,
ATERE02,ATENC REPR 02,,,,   100 GENERACION ZONA ESPAÑOLA RE Mercado Solar Fotovoltáica,ATENCO ENERGIA,,,,,,OMIE exact unit code,
ATERE03,ATENC REPR 03,,,,   100 GENERACION ZONA ESPAÑOLA RE Mercado Solar Fotovoltáica,ATENCO ENERGIA,,,,,,OMIE exact unit code,
ATLRE01,ATLRE01,,,,S L  100 GENERACION ZONA ESPAÑOLA RE Mercado Solar Fotovoltáica,ATLAS ENERGIA COM,ERCIAL,,,,,OMIE exact unit code,
ATLRE02,ATLRE02,,,,S L  100 GENERACION ZONA ESPAÑOLA RE Mercado Térmi ca no,ATLAS ENERGIA COM,ERCIAL,,,,,OMIE exact unit code,
AXPOV02,UNIDAD VENTA A,GREGADO,,,   100 GENERACION ZONA PORTUGUESA RE Tarifa CUR (uo f),AXPO ENERGIA PORT,UGAL,,,,,OMIE exact unit code,
BAHIAB,C.C. BAHÍA DE BI,ZKAIA,,,D AD S.L.  100 GENERACION ZONA ESPAÑOLA Ciclo Combinado ,BAHIA DE BIZKAIA ELE,CTRICI,,,,,OMIE exact unit code,
BECVD01,BEC VENDA LLAN,ARS,,,"IA L, S.L.  100 GENERACION ZONA ESPAÑOLA RE Mercado Hidrá ulica",BASSOLS ENERGÍA C,OMERC,,,,,OMIE exact unit code,
BECVD02,BEC VENDA CAR,LOT I MOLI,,,"IA L, S.L.  100 GENERACION ZONA ESPAÑOLA RE Mercado Hidrá ulica",BASSOLS ENERGÍA C,OMERC,,,,,OMIE exact unit code,
BECVD03,BASSOLS ENERG,ÍA COMPR,,,"IA L, S.L.  100 GENERACION ZONA ESPAÑOLA RE Mercado Solar Fotovoltáica",BASSOLS ENERGÍA C,OMERC,,,,,OMIE exact unit code,
BECVD04,BEC VENDA SOL,AR ORION,,,"IA L, S.L.  100 GENERACION ZONA ESPAÑOLA RE Mercado Solar Fotovoltáica",BASSOLS ENERGÍA C,OMERC,,,,,OMIE exact unit code,
BERR1,BERROCALILLO 1,,,,E RCIALIZAC IÓN RE) 100 GENERACION ZONA ESPAÑOLA Hidráulica Generac ión,WIND TO MARKET (AC,T.: COM,,,,,OMIE exact unit code,
BERR2,BERROCALILLO 2,,,,E RCIALIZAC IÓN RE) 100 GENERACION ZONA ESPAÑOLA Hidráulica Generac ión,WIND TO MARKET (AC,T.: COM,,,,,OMIE exact unit code,
BES3,C.C. BESÓS 3,,,,   100 GENERACION ZONA ESPAÑOLA Ciclo Combinado ,ENDESA GENERACIÓN,", S.A.",,,,,OMIE exact unit code,
BES4,C.C. BESÓS 4,,,,A DORA  100 GENERACION ZONA ESPAÑOLA Ciclo Combinado ,GAS NATURAL COMER,CIALIZ,,,,,OMIE exact unit code,
BES5,C.C. BESÓS 5,,,,   100 GENERACION ZONA ESPAÑOLA Ciclo Combinado ,ENDESA GENERACIÓN,", S.A.",,,,,OMIE exact unit code,
BNPRE01,BONPREU REPRE,SENTACIO,,,   100 GENERACION ZONA ESPAÑOLA RE Mercado Solar Fotovoltáica,"BON PREU, S.A.U.",,,,,,OMIE exact unit code,
BOLI,BOLINCHES,,,,E RCIALIZAC IÓN RE) 100 GENERACION ZONA ESPAÑOLA Hidráulica Generac ión,WIND TO MARKET (AC,T.: COM,,,,,OMIE exact unit code,
BPRE03,BPREF01,,,,S. A.U.  100 GENERACION ZONA ESPAÑOLA RE Mercado Térmi ca no,BP GAS AND POWER I,"BERIA,",,,,,OMIE exact unit code,
BPRE04,BPREF02,,,,S. A.U.  100 GENERACION ZONA ESPAÑOLA RE Mercado Térmi ca no,BP GAS AND POWER I,"BERIA,",,,,,OMIE exact unit code,
BRR1R1,CT LOS BARRIOS,REPR,,,AC IÓN)  100 GENERACION ZONA ESPAÑOLA Carbón de Importa ción,"EDP ESPAÑA, S.A.U. (",GENER,,,,,OMIE exact unit code,
BSGRE01,VENTA FV,,,,   100 GENERACION ZONA ESPAÑOLA RE Mercado Solar Fotovoltáica,BSG ENERGIA SL,,,,,,OMIE exact unit code,
BTNR,BTNR,,,,"R ICA, S.A  100 GENERACION ZONA ESPAÑOLA Hidráulica Generac ión",REPSOL GENERACIÓN,ELÉCT,,,,,OMIE exact unit code,
CAMGI10,C.C. CAMPO DE G,IBRALTAR,,,A DORA  100 GENERACION ZONA ESPAÑOLA Ciclo Combinado ,GAS NATURAL COMER,CIALIZ,,,,,OMIE exact unit code,
CAMG20R,CC. CAMPO DE G,IBRALTAR,,,"E ALTA EFICI ENCIA, S.A 100 GENERACION ZONA ESPAÑOLA Ciclo Combinado ",SERVICIOS ENERGETI,COS D,,,,,OMIE exact unit code,
CEDRE01,CEDSL REPR01,,,,R GIA DIREC TA S.L. 100 GENERACION ZONA ESPAÑOLA RE Mercado Solar Fotovoltáica,COMERCIALIZADORA,DE ENE,,,,,OMIE exact unit code,
CEGPM4,PREC. MERC. SIN,PRIMA HI,,,A CT. COMER . RE) 100 GENERACION ZONA ESPAÑOLA RE Mercado Hidrá ulica,ENERGYA VM GENERA,CIÓN (,,,,,OMIE exact unit code,
CENRE01,CENTELLES GEN,SOLAR 01,,,LL ES  100 GENERACION ZONA ESPAÑOLA RE Mercado Solar Fotovoltáica,ELECTRACOMERCIAL,CENTE,,,,,OMIE exact unit code,
CENRE02,LA GAVARRA,,,,LL ES  100 GENERACION ZONA ESPAÑOLA RE Mercado Solar Fotovoltáica,ELECTRACOMERCIAL,CENTE,,,,,OMIE exact unit code,
CESOVD1,VENTA EXCEDEN,TES,,,"E TICA SOSTE NIBLE, S.A. 100 GENERACION ZONA ESPAÑOLA RE Mercado Solar Fotovoltáica",COMERCIALIZADORA,ENERG,,,,,OMIE exact unit code,
CEVD001,TARIFA TÉRMICA,<10,,,A CT. COMER . RE) 100 GENERACION ZONA ESPAÑOLA RE Mercado Térmi ca no,ENERGYA VM GENERA,CIÓN (,,,,,OMIE exact unit code,
CEVD002,TARIFA RESIDUO,S <10,,,GENERACIÓN (ACT. COMER. RE) 100 GENERACION ZONA ESPAÑOLA RE Mercado Térmica R,ENERGYA,VM,,,,,OMIE exact unit code,
CEVD003,TARIFA FOTOVO,LTAICA <10,,,GENERACIÓN (ACT. COMER. RE) 100 GENERACION ZONA ESPAÑOLA RE Mercado Solar Foto,ENERGYA,VM,,,,,OMIE exact unit code,
CEVD004,TARIFA HIDRÁUL,ICA <10,,,GENERACIÓN (ACT. COMER. RE) 100 GENERACION ZONA ESPAÑOLA RE Mercado Hidráulica,ENERGYA,VM,,,,,OMIE exact unit code,
CEVD011,ARTABRA - TARIF,A TÉRMICA,,,GENERACIÓN (ACT. COMER. RE) 100 GENERACION ZONA ESPAÑOLA RE Mercado Térmica n,ENERGYA,VM,,,,,OMIE exact unit code,
CEVD020,UTISA - TARIFA T,ÉRMICA >10,,,GENERACIÓN (ACT. COMER. RE) 100 GENERACION ZONA ESPAÑOLA RE Mercado Térmica n,ENERGYA,VM,,,,,OMIE exact unit code,
CEVD025,HUNOSA - TARIF,A TÉRMICA,,,GENERACIÓN (ACT. COMER. RE) 100 GENERACION ZONA ESPAÑOLA RE Mercado Térmica n,ENERGYA,VM,,,,,OMIE exact unit code,
CEVD028,MARE - TARIFA T,ÉRMICA >10,,,GENERACIÓN (ACT. COMER. RE) 100 GENERACION ZONA ESPAÑOLA RE Mercado Térmica n,ENERGYA,VM,,,,,OMIE exact unit code,
CEVD038,CANAL NAVARRA,-TARIFA HID,,,GENERACIÓN (ACT. COMER. RE) 100 GENERACION ZONA ESPAÑOLA RE Mercado Hidráulica,ENERGYA,VM,,,,,OMIE exact unit code,
CEVD044,BUTARQUE - TAR,IFA TÉRMIC,,,GENERACIÓN (ACT. COMER. RE) 100 GENERACION ZONA ESPAÑOLA RE Mercado Térmica n,ENERGYA,VM,,,,,OMIE exact unit code,
CEVD046,TOLSA - TARIFA T,ÉRMICA >1,,,GENERACIÓN (ACT. COMER. RE) 100 GENERACION ZONA ESPAÑOLA RE Mercado Térmica n,ENERGYA,VM,,,,,OMIE exact unit code,
CEVD051,BIOCAN - TARIFA,RESIDUOS,,,GENERACIÓN (ACT. COMER. RE) 100 GENERACION ZONA ESPAÑOLA RE Mercado Térmica R,ENERGYA,VM,,,,,OMIE exact unit code,
CEVD054,PECOTER - TARIF,A EÓLICA >,,,GENERACIÓN (ACT. COMER. RE) 100 GENERACION ZONA ESPAÑOLA RE Mercado Eólica,ENERGYA,VM,,,,,OMIE exact unit code,
CEVD057,MOYGIRA - TARIF,A TÉRMICA,,,GENERACIÓN (ACT. COMER. RE) 100 GENERACION ZONA ESPAÑOLA RE Mercado Térmica n,ENERGYA,VM,,,,,OMIE exact unit code,
CEVD075,ALC. LA PUEBLA,,,,GENERACIÓN (ACT. COMER. RE) 100 GENERACION ZONA ESPAÑOLA RE Mercado Térmica n,ENERGYA,VM,,,,,OMIE exact unit code,
CEVD076,HNE - NO GESTIO,NABLE,,,GENERACIÓN (ACT. COMER. RE) 100 GENERACION ZONA ESPAÑOLA RE Mercado Hidráulica,ENERGYA,VM,,,,,OMIE exact unit code,
CEVD204,RESID. COMARC,A PAMPLON,,,GENERACIÓN (ACT. COMER. RE) 100 GENERACION ZONA ESPAÑOLA RE Mercado Térmica R,ENERGYA,VM,,,,,OMIE exact unit code,
CEVD205,TERMICA BUNGE,,,,GENERACIÓN (ACT. COMER. RE) 100 GENERACION ZONA ESPAÑOLA RE Mercado Térmica n,ENERGYA,VM,,,,,OMIE exact unit code,
CEVD209,STO. CRISTO DE,MAGALLON,,,GENERACIÓN (ACT. COMER. RE) 100 GENERACION ZONA ESPAÑOLA RE Mercado Eólica,ENERGYA,VM,,,,,OMIE exact unit code,
CEVD234,CEVD234,,,,GENERACIÓN (ACT. COMER. RE) 100 GENERACION ZONA ESPAÑOLA RE Mercado Eólica,ENERGYA,VM,,,,,OMIE exact unit code,
CEVD235,CEVD235,,,,GENERACIÓN (ACT. COMER. RE) 100 GENERACION ZONA ESPAÑOLA RE Mercado Térmica n,ENERGYA,VM,,,,,OMIE exact unit code,
CEVD244,FV. RENOV. RTS1,>1MW,,,GENERACIÓN (ACT. COMER. RE) 100 GENERACION ZONA ESPAÑOLA RE Mercado Solar Foto,ENERGYA,VM,,,,,OMIE exact unit code,
CEVD249,FV +1MW,,,,GENERACIÓN (ACT. COMER. RE) 100 GENERACION ZONA ESPAÑOLA RE Mercado Solar Foto,ENERGYA,VM,,,,,OMIE exact unit code,
CEVD255,GALESA,,,,GENERACIÓN (ACT. COMER. RE) 100 GENERACION ZONA ESPAÑOLA RE Mercado Térmica n,ENERGYA,VM,,,,,OMIE exact unit code,
CEVD256,GECASA - AÑARB,E,,,GENERACIÓN (ACT. COMER. RE) 100 GENERACION ZONA ESPAÑOLA RE Mercado Térmica n,ENERGYA,VM,,,,,OMIE exact unit code,
CEVD264,CEVD264 - MOINS,A,,,GENERACIÓN (ACT. COMER. RE) 100 GENERACION ZONA ESPAÑOLA RE Mercado Térmica n,ENERGYA,VM,,,,,OMIE exact unit code,
CEVD269,PIEROL,,,,GENERACIÓN (ACT. COMER. RE) 100 GENERACION ZONA ESPAÑOLA RE Mercado Térmica n,ENERGYA,VM,,,,,OMIE exact unit code,
CEVD276,SALIN AÑANA,,,,GENERACIÓN (ACT. COMER. RE) 100 GENERACION ZONA ESPAÑOLA RE Mercado Térmica n,ENERGYA,VM,,,,,OMIE exact unit code,
CEVD278,RELECO,,,,GENERACIÓN (ACT. COMER. RE) 100 GENERACION ZONA ESPAÑOLA RE Mercado Térmica n,ENERGYA,VM,,,,,OMIE exact unit code,
CEVD279,AUSINES,,,,GENERACIÓN (ACT. COMER. RE) 100 GENERACION ZONA ESPAÑOLA RE Mercado Eólica,ENERGYA,VM,,,,,OMIE exact unit code,
CEVD280,ARTESA,,,,GENERACIÓN (ACT. COMER. RE) 100 GENERACION ZONA ESPAÑOLA RE Mercado Hidráulica,ENERGYA,VM,,,,,OMIE exact unit code,
CEVD281,EOL. CAPARROS,O,,,GENERACIÓN (ACT. COMER. RE) 100 GENERACION ZONA ESPAÑOLA RE Mercado Eólica,ENERGYA,VM,,,,,OMIE exact unit code,
CEVD282,EOL. CABANILLA,S,,,GENERACIÓN (ACT. COMER. RE) 100 GENERACION ZONA ESPAÑOLA RE Mercado Eólica,ENERGYA,VM,,,,,OMIE exact unit code,
CEVD283,LDV CASARES,,,,GENERACIÓN (ACT. COMER. RE) 100 GENERACION ZONA ESPAÑOLA RE Mercado Eólica,ENERGYA,VM,,,,,OMIE exact unit code,
CEVD284,EOL. EBRO,,,,GENERACIÓN (ACT. COMER. RE) 100 GENERACION ZONA ESPAÑOLA RE Mercado Eólica,ENERGYA,VM,,,,,OMIE exact unit code,
CEVD287,EOL. BANDERA,,,,GENERACIÓN (ACT. COMER. RE) 100 GENERACION ZONA ESPAÑOLA RE Mercado Eólica,ENERGYA,VM,,,,,OMIE exact unit code,
CEVD288,CEVD288,,,,GENERACIÓN (ACT. COMER. RE) 100 GENERACION ZONA ESPAÑOLA RE Mercado Térmica n,ENERGYA,VM,,,,,OMIE exact unit code,
CEVD289,EOLICA EVM ZR,,,,GENERACIÓN (ACT. COMER. RE) 100 GENERACION ZONA ESPAÑOLA RE Mercado Eólica,ENERGYA,VM,,,,,OMIE exact unit code,
CEVD290,ALCOHOLERA LA,PUEBLA,,,GENERACIÓN (ACT. COMER. RE) 100 GENERACION ZONA ESPAÑOLA RE Mercado Térmica R,ENERGYA,VM,,,,,OMIE exact unit code,
CEVD293,ECOPARC,,,,GENERACIÓN (ACT. COMER. RE) 100 GENERACION ZONA ESPAÑOLA RE Mercado Térmica R,ENERGYA,VM,,,,,OMIE exact unit code,
CEVD294,INUSA RESIDUOS,,,,GENERACIÓN (ACT. COMER. RE) 100 GENERACION ZONA ESPAÑOLA RE Mercado Térmica R,ENERGYA,VM,,,,,OMIE exact unit code,
CEVD296,URBASER,,,,GENERACIÓN (ACT. COMER. RE) 100 GENERACION ZONA ESPAÑOLA RE Mercado Térmica R,ENERGYA,VM,,,,,OMIE exact unit code,
CEVD300,NOSTIAN: BABCO,K+TECMED,,,GENERACIÓN (ACT. COMER. RE) 100 GENERACION ZONA ESPAÑOLA RE Mercado Térmica R,ENERGYA,VM,,,,,OMIE exact unit code,
CEVD302,ELECDEY LEZUZ,A,,,GENERACIÓN (ACT. COMER. RE) 100 GENERACION ZONA ESPAÑOLA RE Mercado Eólica,ENERGYA,VM,,,,,OMIE exact unit code,
CEVD308,PE LOMA DE AYA,LA,,,GENERACIÓN (ACT. COMER. RE) 100 GENERACION ZONA ESPAÑOLA RE Mercado Eólica,ENERGYA,VM,,,,,OMIE exact unit code,
CEVD309,PE LOS JARALES,,,,(ACT. COMER. RE) 100 GENERACION ZONA ESPAÑOLA RE Mercado Eólica,VM,GENERACIÓN,,,,,OMIE exact unit code,
CEVD328,PE SOTILLO,,,,(ACT. COMER. RE) 100 GENERACION ZONA ESPAÑOLA RE Mercado Eólica,VM,GENERACIÓN,,,,,OMIE exact unit code,
CEVD329,CEVD329,,,,(ACT. COMER. RE) 100 GENERACION ZONA ESPAÑOLA RE Mercado Eólica,VM,GENERACIÓN,,,,,OMIE exact unit code,
CEVD331,PE ABLITAS,,,,(ACT. COMER. RE) 100 GENERACION ZONA ESPAÑOLA RE Mercado Eólica,VM,GENERACIÓN,,,,,OMIE exact unit code,
CEVD332,EOL VALDETELLAS,,,,(ACT. COMER. RE) 100 GENERACION ZONA ESPAÑOLA RE Mercado Eólica,VM,GENERACIÓN,,,,,OMIE exact unit code,
CEVD334,MEH,,,,(ACT. COMER. RE) 100 GENERACION ZONA ESPAÑOLA RE Mercado Térmica n,VM,GENERACIÓN,,,,,OMIE exact unit code,
CEVD339,PANTANE MECANISM,O AJUSTE,,,(ACT. COMER. RE) 100 GENERACION ZONA ESPAÑOLA RE Mercado Térmica n,VM,GENERACIÓN,,,,,OMIE exact unit code,
CEVD340,PODEBO RDL 17_202,2,,,(ACT. COMER. RE) 100 GENERACION ZONA ESPAÑOLA RE Mercado Térmica n,VM,GENERACIÓN,,,,,OMIE exact unit code,
CEVD344,FV. PUERTO REAL,,,,(ACT. COMER. RE) 100 GENERACION ZONA ESPAÑOLA RE Mercado Solar Foto,VM,GENERACIÓN,,,,,OMIE exact unit code,
CEVD345,FV. PRADO DE LUNA,1,,,(ACT. COMER. RE) 100 GENERACION ZONA ESPAÑOLA RE Mercado Solar Foto,VM,GENERACIÓN,,,,,OMIE exact unit code,
CEVD346,FV. PRADO DE LUNA,2,,,(ACT. COMER. RE) 100 GENERACION ZONA ESPAÑOLA RE Mercado Solar Foto,VM,GENERACIÓN,,,,,OMIE exact unit code,
CEVD347,FV. PRADO DE LUNA,3,,,(ACT. COMER. RE) 100 GENERACION ZONA ESPAÑOLA RE Mercado Solar Foto,VM,GENERACIÓN,,,,,OMIE exact unit code,
CEVD348,FV. EL CUARTILLEJO,,,,(ACT. COMER. RE) 100 GENERACION ZONA ESPAÑOLA RE Mercado Solar Foto,VM,GENERACIÓN,,,,,OMIE exact unit code,
CEVD349,CUTOLE_MAJ,,,,(ACT. COMER. RE) 100 GENERACION ZONA ESPAÑOLA RE Mercado Térmica n,VM,GENERACIÓN,,,,,OMIE exact unit code,
CEVD352,P.E. CAMPO DE MAG,ALLON,,,(ACT. COMER. RE) 100 GENERACION ZONA ESPAÑOLA RE Mercado Eólica,VM,GENERACIÓN,,,,,OMIE exact unit code,
CEVD353,FV. LLANO1,,,,(ACT. COMER. RE) 100 GENERACION ZONA ESPAÑOLA RE Mercado Solar Foto,VM,GENERACIÓN,,,,,OMIE exact unit code,
CEVD354,FV. LLANO2,,,,(ACT. COMER. RE) 100 GENERACION ZONA ESPAÑOLA RE Mercado Solar Foto,VM,GENERACIÓN,,,,,OMIE exact unit code,
CEVD356,FV ALAMO,,,,(ACT. COMER. RE) 100 GENERACION ZONA ESPAÑOLA RE Mercado Solar Foto,VM,GENERACIÓN,,,,,OMIE exact unit code,
CEVD357,CH. TALAVE,,,,(ACT. COMER. RE) 100 GENERACION ZONA ESPAÑOLA RE Mercado Hidráulica,VM,GENERACIÓN,,,,,OMIE exact unit code,
CEVD358,P.E. MULTITECNOLO,GÍA ZR,,,(ACT. COMER. RE) 100 GENERACION ZONA ESPAÑOLA RE Mercado Eólica,VM,GENERACIÓN,,,,,OMIE exact unit code,
CEVD360,P.E. BECERRIL,,,,(ACT. COMER. RE) 100 GENERACION ZONA ESPAÑOLA RE Mercado Eólica,VM,GENERACIÓN,,,,,OMIE exact unit code,
CEVD361,P.E. VALDELUGO,,,,(ACT. COMER. RE) 100 GENERACION ZONA ESPAÑOLA RE Mercado Eólica,VM,GENERACIÓN,,,,,OMIE exact unit code,
CEVD368,RENOVALIA SOLAR 2,,,,(ACT. COMER. RE) 100 GENERACION ZONA ESPAÑOLA RE Mercado Solar Foto,VM,GENERACIÓN,,,,,OMIE exact unit code,
CEVD369,FV. LLANO3,,,,(ACT. COMER. RE) 100 GENERACION ZONA ESPAÑOLA RE Mercado Solar Foto,VM,GENERACIÓN,,,,,OMIE exact unit code,
CEVD371,FV. NATURENER SO,LAR ALANGE,,,(ACT. COMER. RE) 100 GENERACION ZONA ESPAÑOLA RE Mercado Solar Foto,VM,GENERACIÓN,,,,,OMIE exact unit code,
CEVD373,FV. CORONIL 1 - ECO,IBERIA SOLA,,,(ACT. COMER. RE) 100 GENERACION ZONA ESPAÑOLA RE Mercado Solar Foto,VM,GENERACIÓN,,,,,OMIE exact unit code,
CEVD374,FV. REGANTES SANT,A MARIA,,,(ACT. COMER. RE) 100 GENERACION ZONA ESPAÑOLA RE Mercado Solar Foto,VM,GENERACIÓN,,,,,OMIE exact unit code,
CEVD375,P.E. CARRERAS,,,,(ACT. COMER. RE) 100 GENERACION ZONA ESPAÑOLA RE Mercado Eólica,VM,GENERACIÓN,,,,,OMIE exact unit code,
CEVD376,P.E. MANZANAL,,,,(ACT. COMER. RE) 100 GENERACION ZONA ESPAÑOLA RE Mercado Eólica,VM,GENERACIÓN,,,,,OMIE exact unit code,
CEVD378,P.E. PEÑUCA,,,,(ACT. COMER. RE) 100 GENERACION ZONA ESPAÑOLA RE Mercado Eólica,VM,GENERACIÓN,,,,,OMIE exact unit code,
CEVD381,P.E. VENTUM,,,,(ACT. COMER. RE) 100 GENERACION ZONA ESPAÑOLA RE Mercado Eólica,VM,GENERACIÓN,,,,,OMIE exact unit code,
CEVD383,P.E. LOMILLAS,,,,(ACT. COMER. RE) 100 GENERACION ZONA ESPAÑOLA RE Mercado Eólica,VM,GENERACIÓN,,,,,OMIE exact unit code,
CEVD384,FV BELINCHON 1,,,,(ACT. COMER. RE) 100 GENERACION ZONA ESPAÑOLA RE Mercado Solar Foto,VM,GENERACIÓN,,,,,OMIE exact unit code,
CEVD385,FV BELINCHON 2,,,,(ACT. COMER. RE) 100 GENERACION ZONA ESPAÑOLA RE Mercado Solar Foto,VM,GENERACIÓN,,,,,OMIE exact unit code,
CEVD386,FV BELINCHON 3,,,,(ACT. COMER. RE) 100 GENERACION ZONA ESPAÑOLA RE Mercado Solar Foto,VM,GENERACIÓN,,,,,OMIE exact unit code,
CEVD387,FV ORELLANA,,,,(ACT. COMER. RE) 100 GENERACION ZONA ESPAÑOLA RE Mercado Solar Foto,VM,GENERACIÓN,,,,,OMIE exact unit code,
CEVD395,SOLAR ALBACETE 1,RENOVALIA,,,(ACT. COMER. RE) 100 GENERACION ZONA ESPAÑOLA RE Mercado Solar Foto,VM,GENERACIÓN,,,,,OMIE exact unit code,
CEVD396,SOLAR ALBACETE 2,RENOVALIA,,,(ACT. COMER. RE) 100 GENERACION ZONA ESPAÑOLA RE Mercado Solar Foto,VM,GENERACIÓN,,,,,OMIE exact unit code,
CEVD397,FV CASA ANGEL REN,OVALIA,,,(ACT. COMER. RE) 100 GENERACION ZONA ESPAÑOLA RE Mercado Solar Foto,VM,GENERACIÓN,,,,,OMIE exact unit code,
CEVD400,FV VALLECAS,,,,(ACT. COMER. RE) 100 GENERACION ZONA ESPAÑOLA RE Mercado Solar Foto,VM,GENERACIÓN,,,,,OMIE exact unit code,
CEVD401,FV. CARAVACA,,,,(ACT. COMER. RE) 100 GENERACION ZONA ESPAÑOLA RE Mercado Solar Foto,VM,GENERACIÓN,,,,,OMIE exact unit code,
CEVD405,CH AZANON,,,,(ACT. COMER. RE) 100 GENERACION ZONA ESPAÑOLA RE Mercado Hidráulica,VM,GENERACIÓN,,,,,OMIE exact unit code,
CEVD411,CH DUEROCANTO,,,,(ACT. COMER. RE) 100 GENERACION ZONA ESPAÑOLA RE Mercado Hidráulica,VM,GENERACIÓN,,,,,OMIE exact unit code,
CEVD412,CH EUGUI,,,,(ACT. COMER. RE) 100 GENERACION ZONA ESPAÑOLA RE Mercado Hidráulica,VM,GENERACIÓN,,,,,OMIE exact unit code,
CEVD413,CH EGUILLOR,,,,(ACT. COMER. RE) 100 GENERACION ZONA ESPAÑOLA RE Mercado Hidráulica,VM,GENERACIÓN,,,,,OMIE exact unit code,
CEVD414,AÑARBE-GECASA2,,,,(ACT. COMER. RE) 100 GENERACION ZONA ESPAÑOLA RE Mercado Térmica n,VM,GENERACIÓN,,,,,OMIE exact unit code,
CEVD440,MORALAS,,,,(ACT. COMER. RE) 100 GENERACION ZONA ESPAÑOLA RE Mercado Solar Foto,VM,GENERACIÓN,,,,,OMIE exact unit code,
CEVD449,TALEGA,,,,(ACT. COMER. RE) 100 GENERACION ZONA ESPAÑOLA RE Mercado Solar Foto,VM,GENERACIÓN,,,,,OMIE exact unit code,
CEVD450,P.E. AGON2,,,,(ACT. COMER. RE) 100 GENERACION ZONA ESPAÑOLA RE Mercado Eólica,VM,GENERACIÓN,,,,,OMIE exact unit code,
CEVD452,FV. HITA,,,,(ACT. COMER. RE) 100 GENERACION ZONA ESPAÑOLA RE Mercado Solar Foto,VM,GENERACIÓN,,,,,OMIE exact unit code,
CEVD462,FV LUCAINENA,,,,(ACT. COMER. RE) 100 GENERACION ZONA ESPAÑOLA RE Mercado Solar Foto,VM,GENERACIÓN,,,,,OMIE exact unit code,
CEVD463,FV. RETAMALA,,,,(ACT. COMER. RE) 100 GENERACION ZONA ESPAÑOLA RE Mercado Solar Foto,VM,GENERACIÓN,,,,,OMIE exact unit code,
CEVD464,FV. RINCON,,,,(ACT. COMER. RE) 100 GENERACION ZONA ESPAÑOLA RE Mercado Solar Foto,VM,GENERACIÓN,,,,,OMIE exact unit code,
CEVD465,FV. VALDEFUENTES,1,,,(ACT. COMER. RE) 100 GENERACION ZONA ESPAÑOLA RE Mercado Solar Foto,VM,GENERACIÓN,,,,,OMIE exact unit code,
CEVD466,FV. VALDEFUENTE,S 2,,,COMER. RE) 100 GENERACION ZONA ESPAÑOLA RE Mercado Solar Foto,ERACIÓN,(ACT.,,,,,OMIE exact unit code,
CEVD467,FV. CRUZ,,,,COMER. RE) 100 GENERACION ZONA ESPAÑOLA RE Mercado Solar Foto,ERACIÓN,(ACT.,,,,,OMIE exact unit code,
CEVD468,FV. CUBILLAS,,,,COMER. RE) 100 GENERACION ZONA ESPAÑOLA RE Mercado Solar Foto,ERACIÓN,(ACT.,,,,,OMIE exact unit code,
CEVD469,FV. VALMOJADO,,,,COMER. RE) 100 GENERACION ZONA ESPAÑOLA RE Mercado Solar Foto,ERACIÓN,(ACT.,,,,,OMIE exact unit code,
CEVD470,FV. VALDEYEGUAS,,,,COMER. RE) 100 GENERACION ZONA ESPAÑOLA RE Mercado Solar Foto,ERACIÓN,(ACT.,,,,,OMIE exact unit code,
CEVD471,FV. ZORITA,,,,COMER. RE) 100 GENERACION ZONA ESPAÑOLA RE Mercado Solar Foto,ERACIÓN,(ACT.,,,,,OMIE exact unit code,
CEVD472,FV. COLON,,,,COMER. RE) 100 GENERACION ZONA ESPAÑOLA RE Mercado Solar Foto,ERACIÓN,(ACT.,,,,,OMIE exact unit code,
CEVD473,FV. PALOMARES,,,,COMER. RE) 100 GENERACION ZONA ESPAÑOLA RE Mercado Solar Foto,ERACIÓN,(ACT.,,,,,OMIE exact unit code,
CEVD475,FV. NUMANCIA SOL,AR 1,,,COMER. RE) 100 GENERACION ZONA ESPAÑOLA RE Mercado Solar Foto,ERACIÓN,(ACT.,,,,,OMIE exact unit code,
CEVD476,FV. LAS ROZAS SO,LAR,,,COMER. RE) 100 GENERACION ZONA ESPAÑOLA RE Mercado Solar Foto,ERACIÓN,(ACT.,,,,,OMIE exact unit code,
CEVD477,C.H. ARROYO POZO,S,,,COMER. RE) 100 GENERACION ZONA ESPAÑOLA RE Mercado Hidráulica,ERACIÓN,(ACT.,,,,,OMIE exact unit code,
CEVD478,BIOARTIGAS,,,,COMER. RE) 100 GENERACION ZONA ESPAÑOLA RE Mercado Térmica R,ERACIÓN,(ACT.,,,,,OMIE exact unit code,
CEVD479,C.H. CAMPOSOLILL,O,,,COMER. RE) 100 GENERACION ZONA ESPAÑOLA RE Mercado Hidráulica,ERACIÓN,(ACT.,,,,,OMIE exact unit code,
CEVD480,C.H. BOCANA DEL C,ASAR,,,COMER. RE) 100 GENERACION ZONA ESPAÑOLA RE Mercado Hidráulica,ERACIÓN,(ACT.,,,,,OMIE exact unit code,
CEVD481,C.H. CERRATO,,,,COMER. RE) 100 GENERACION ZONA ESPAÑOLA RE Mercado Hidráulica,ERACIÓN,(ACT.,,,,,OMIE exact unit code,
CEVD482,C.H. GORGOL,,,,COMER. RE) 100 GENERACION ZONA ESPAÑOLA RE Mercado Hidráulica,ERACIÓN,(ACT.,,,,,OMIE exact unit code,
CEVD483,C.H. LA ISLA,,,,COMER. RE) 100 GENERACION ZONA ESPAÑOLA RE Mercado Hidráulica,ERACIÓN,(ACT.,,,,,OMIE exact unit code,
CEVD484,BIOMERUELO,,,,COMER. RE) 100 GENERACION ZONA ESPAÑOLA RE Mercado Térmica R,ERACIÓN,(ACT.,,,,,OMIE exact unit code,
CEVD485,C.H. PAMSA,,,,COMER. RE) 100 GENERACION ZONA ESPAÑOLA RE Mercado Hidráulica,ERACIÓN,(ACT.,,,,,OMIE exact unit code,
CEVD486,FV. BOLARQUE1,,,,COMER. RE) 100 GENERACION ZONA ESPAÑOLA RE Mercado Solar Foto,ERACIÓN,(ACT.,,,,,OMIE exact unit code,
CEVD487,FV. BOLARQUE2,,,,COMER. RE) 100 GENERACION ZONA ESPAÑOLA RE Mercado Solar Foto,ERACIÓN,(ACT.,,,,,OMIE exact unit code,
CEVD488,FV. BOLARQUE3,,,,COMER. RE) 100 GENERACION ZONA ESPAÑOLA RE Mercado Solar Foto,ERACIÓN,(ACT.,,,,,OMIE exact unit code,
CEVD489,FV. ALMOGUERA1,,,,COMER. RE) 100 GENERACION ZONA ESPAÑOLA RE Mercado Solar Foto,ERACIÓN,(ACT.,,,,,OMIE exact unit code,
CEVD490,FV JALÓN I,,,,COMER. RE) 100 GENERACION ZONA ESPAÑOLA RE Mercado Solar Foto,ERACIÓN,(ACT.,,,,,OMIE exact unit code,
CEVD491,FV NAVARROS II,,,,COMER. RE) 100 GENERACION ZONA ESPAÑOLA RE Mercado Solar Foto,ERACIÓN,(ACT.,,,,,OMIE exact unit code,
CEVD492,FV MÁS DE GIL,,,,COMER. RE) 100 GENERACION ZONA ESPAÑOLA RE Mercado Solar Foto,ERACIÓN,(ACT.,,,,,OMIE exact unit code,
CEVD493,FV. NAVARROS I,,,,COMER. RE) 100 GENERACION ZONA ESPAÑOLA RE Mercado Solar Foto,ERACIÓN,(ACT.,,,,,OMIE exact unit code,
CEVD494,FV. MYRTEA1,,,,COMER. RE) 100 GENERACION ZONA ESPAÑOLA RE Mercado Solar Foto,ERACIÓN,(ACT.,,,,,OMIE exact unit code,
CEVD495,FV SOCOVOS 2,,,,COMER. RE) 100 GENERACION ZONA ESPAÑOLA RE Mercado Solar Foto,ERACIÓN,(ACT.,,,,,OMIE exact unit code,
CEVD496,FV. NEOSOL,,,,COMER. RE) 100 GENERACION ZONA ESPAÑOLA RE Mercado Solar Foto,ERACIÓN,(ACT.,,,,,OMIE exact unit code,
CEVD497,FV. PUCELAS,,,,COMER. RE) 100 GENERACION ZONA ESPAÑOLA RE Mercado Solar Foto,ERACIÓN,(ACT.,,,,,OMIE exact unit code,
CEVD498,FV. YESERAS,,,,COMER. RE) 100 GENERACION ZONA ESPAÑOLA RE Mercado Solar Foto,ERACIÓN,(ACT.,,,,,OMIE exact unit code,
CEVD499,P.E. PLASENCIA,,,,COMER. RE) 100 GENERACION ZONA ESPAÑOLA RE Mercado Eólica,ERACIÓN,(ACT.,,,,,OMIE exact unit code,
CEVD500,FV. ARCO 8,,,,COMER. RE) 100 GENERACION ZONA ESPAÑOLA RE Mercado Solar Foto,ERACIÓN,(ACT.,,,,,OMIE exact unit code,
CEVD501,FV. VALDECARRET,AS,,,COMER. RE) 100 GENERACION ZONA ESPAÑOLA RE Mercado Solar Foto,ERACIÓN,(ACT.,,,,,OMIE exact unit code,
CEVD502,FV. GUADAJOZ HIV,E,,,COMER. RE) 100 GENERACION ZONA ESPAÑOLA RE Mercado Solar Foto,ERACIÓN,(ACT.,,,,,OMIE exact unit code,
CEVD503,FV. VILLAMAÑÁN,,,,COMER. RE) 100 GENERACION ZONA ESPAÑOLA RE Mercado Solar Foto,ERACIÓN,(ACT.,,,,,OMIE exact unit code,
CEVD504,FV. ATALAYA,,,,COMER. RE) 100 GENERACION ZONA ESPAÑOLA RE Mercado Solar Foto,ERACIÓN,(ACT.,,,,,OMIE exact unit code,
CEVD505,FV. GUZMÁN I,,,,COMER. RE) 100 GENERACION ZONA ESPAÑOLA RE Mercado Solar Foto,ERACIÓN,(ACT.,,,,,OMIE exact unit code,
CEVD506,FV. LAS CORONAD,AS HIVE,,,COMER. RE) 100 GENERACION ZONA ESPAÑOLA RE Mercado Solar Foto,ERACIÓN,(ACT.,,,,,OMIE exact unit code,
CEVD507,FV. BURRIANA 1,,,,COMER. RE) 100 GENERACION ZONA ESPAÑOLA RE Mercado Solar Foto,ERACIÓN,(ACT.,,,,,OMIE exact unit code,
CEVD508,FV. BURRIANA 2,,,,COMER. RE) 100 GENERACION ZONA ESPAÑOLA RE Mercado Solar Foto,ERACIÓN,(ACT.,,,,,OMIE exact unit code,
CEVD509,FV. DON RODRIGO,HIVE,,,COMER. RE) 100 GENERACION ZONA ESPAÑOLA RE Mercado Solar Foto,ERACIÓN,(ACT.,,,,,OMIE exact unit code,
CEVD510,FV. CAMPOS DEL R,IO,,,COMER. RE) 100 GENERACION ZONA ESPAÑOLA RE Mercado Solar Foto,ERACIÓN,(ACT.,,,,,OMIE exact unit code,
CEVD511,FV. EL PEDRERO,,,,COMER. RE) 100 GENERACION ZONA ESPAÑOLA RE Mercado Solar Foto,ERACIÓN,(ACT.,,,,,OMIE exact unit code,
CEVD512,FV. MIRABUENA,,,,COMER. RE) 100 GENERACION ZONA ESPAÑOLA RE Mercado Solar Foto,ERACIÓN,(ACT.,,,,,OMIE exact unit code,
CILCOR,C. I. DE LA CORUÑA,,,, 100 GENERACION ZONA ESPAÑOLA RE Mercado Térmica n,,,,,,,OMIE exact unit code,
CLIDV02,FV OURIKA,,,, 100 GENERACION ZONA PORTUGUESA RE Tarifa CU R (uof),SOAL LDA,,,,,,OMIE exact unit code,
CLIVD01,UNIDAD OFERTA TA,RIFA,,, 100 GENERACION ZONA ESPAÑOLA RE Mercado Solar Foto,SA,,,,,,OMIE exact unit code,
CLIVD05,FOTOVOLTAICA TIP,O 10,,, 100 GENERACION ZONA ESPAÑOLA RE Mercado Solar Foto,SA,,,,,,OMIE exact unit code,
CLIVD48,CLIVD48,,,, 100 GENERACION ZONA ESPAÑOLA RE Mercado Solar Foto,SA,,,,,,OMIE exact unit code,
CLIVD49,CLIVD49,,,, 100 GENERACION ZONA ESPAÑOLA RE Mercado Solar Foto,SA,,,,,,OMIE exact unit code,
CLIVD50,CLIVD50,,,, 100 GENERACION ZONA ESPAÑOLA RE Mercado Solar Foto,SA,,,,,,OMIE exact unit code,
CLIVD54,CLIVD54,,,, 100 GENERACION ZONA ESPAÑOLA RE Mercado Solar Foto,SA,,,,,,OMIE exact unit code,
CLIVD58,CLIVD58,,,, 100 GENERACION ZONA ESPAÑOLA RE Mercado Solar Foto,SA,,,,,,OMIE exact unit code,
CLIVD65,CLIVD65,,,, 100 GENERACION ZONA ESPAÑOLA RE Mercado Solar Foto,SA,,,,,,OMIE exact unit code,
CLIVD73,CLIVD73,,,, 100 GENERACION ZONA ESPAÑOLA RE Mercado Solar Foto,SA,,,,,,OMIE exact unit code,
CLIVD74,CLIVD74,,,,HOLALUZ-CLIDOM SA    100 GENERACION ZONA ESPAÑOLA RE Mercado Solar Fo tovoltáica,,,,,,,OMIE exact unit code,
CLIVD75,CLIVD75,,,,HOLALUZ-CLIDOM SA    100 GENERACION ZONA ESPAÑOLA RE Mercado Solar Fo tovoltáica,,,,,,,OMIE exact unit code,
CLIVD77,CLIVD77,,,,HOLALUZ-CLIDOM SA    100 GENERACION ZONA ESPAÑOLA RE Mercado Térmica no,,,,,,,OMIE exact unit code,
CNCRE01,VENTA EX,CED,,,CONECTA2 ENERG IA S L   100 GENERACION ZONA ESPAÑOLA RE Mercado Solar Fo tovoltáica,ES FV,,,,,,OMIE exact unit code,
CNCRE02,FV MAYOR,1M,,,CONECTA2 ENERG IA S L   100 GENERACION ZONA ESPAÑOLA RE Mercado Solar Fo tovoltáica,,,,,,,OMIE exact unit code,
COF1,C.N. COFR,ENT,,,IBERDROLA ENER GÍA ESPAÑA S..A.  100 GENERACION ZONA ESPAÑOLA Nuclear  ,,,,,,,OMIE exact unit code,
COGEVD3,VENTA AE,VD1,,,ENERGY BY COGE N    100 GENERACION ZONA ESPAÑOLA RE Mercado Térmica no,,,,,,,OMIE exact unit code,
COGEVD4,VENTA AE,CO,,,ENERGY BY COGE N    100 GENERACION ZONA ESPAÑOLA RE Mercado Térmica no,ERACION,,,,,,OMIE exact unit code,
COGEVD5,VENTA AE,CO,,,ENERGY BY COGE N    100 GENERACION ZONA ESPAÑOLA RE Mercado Térmica no,ERACION,3,,,,,OMIE exact unit code,
COGEVD6,VENTA AE,CO,,,ENERGY BY COGE N    100 GENERACION ZONA ESPAÑOLA RE Mercado Térmica no,ERACION,4,,,,,OMIE exact unit code,
COGEVD7,VENTA AE,CO,,,ENERGY BY COGE N    100 GENERACION ZONA ESPAÑOLA RE Mercado Térmica no,ERACION,5,,,,,OMIE exact unit code,
COGEVD8,VENTA AE,CO,,,ENERGY BY COGE N    100 GENERACION ZONA ESPAÑOLA RE Mercado Térmica no,ERACION,,,,,,OMIE exact unit code,
COGVD10,VENTA AE,CO,,,ENERGY BY COGE N    100 GENERACION ZONA ESPAÑOLA RE Mercado Térmica no,ERACION,10,,,,,OMIE exact unit code,
COGVD11,VENTA AE,CO,,,ENERGY BY COGE N    100 GENERACION ZONA ESPAÑOLA RE Mercado Térmica no,ERACION,11,,,,,OMIE exact unit code,
COGVD12,VENTA AE,CO,,,ENERGY BY COGE N    100 GENERACION ZONA ESPAÑOLA RE Mercado Térmica no,ERACION,12,,,,,OMIE exact unit code,
COGVD13,VENTA AE,CO,,,ENERGY BY COGE N    100 GENERACION ZONA ESPAÑOLA RE Mercado Térmica no,ERACION,13,,,,,OMIE exact unit code,
COGVD14,VENTA AE,CO,,,ENERGY BY COGE N    100 GENERACION ZONA ESPAÑOLA RE Mercado Térmica no,ERACION,14,,,,,OMIE exact unit code,
COGVD15,VENTA AE,CO,,,ENERGY BY COGE N    100 GENERACION ZONA ESPAÑOLA RE Mercado Térmica no,ERACION,15,,,,,OMIE exact unit code,
COGVD16,VENTA AE,CO,,,ENERGY BY COGE N    100 GENERACION ZONA ESPAÑOLA RE Mercado Térmica no,ERACION,16,,,,,OMIE exact unit code,
COGVD17,VENTA AE,CO,,,ENERGY BY COGE N    100 GENERACION ZONA ESPAÑOLA RE Mercado Térmica no,ERACION,17,,,,,OMIE exact unit code,
COGVD18,VENTA AE,CO,,,ENERGY BY COGE N    100 GENERACION ZONA ESPAÑOLA RE Mercado Térmica no,ERACION,18,,,,,OMIE exact unit code,
COGVD19,VENTA AE,CO,,,ENERGY BY COGE N    100 GENERACION ZONA ESPAÑOLA RE Mercado Térmica Renovable,ERACION,19,,,,,OMIE exact unit code,
COGVD20,VENTA AE,CO,,,ENERGY BY COGE N    100 GENERACION ZONA ESPAÑOLA RE Mercado Térmica no,ERACION,20,,,,,OMIE exact unit code,
COGVD21,VENTA AE,CO,,,ENERGY BY COGE N    100 GENERACION ZONA ESPAÑOLA RE Mercado Térmica no,ERACION,21,,,,,OMIE exact unit code,
COGVD22,VENTA AE,CO,,,ENERGY BY COGE N    100 GENERACION ZONA ESPAÑOLA RE Mercado Térmica no,ERACION,22,,,,,OMIE exact unit code,
COGVD24,VENTA AE,CO,,,ENERGY BY COGE N    100 GENERACION ZONA ESPAÑOLA RE Mercado Térmica no,ERACION,24,,,,,OMIE exact unit code,
COGVD25,VENTA AE,CO,,,ENERGY BY COGE N    100 GENERACION ZONA ESPAÑOLA RE Mercado Térmica no,ERACION,25,,,,,OMIE exact unit code,
COG75RR,COG75RR,,,,"REPSOL SERVICIO S R ENOVAB LES, S.A. 100 GENERACION ZONA ESPAÑOLA RE Mercado Térmica no",,,,,,,OMIE exact unit code,
COL4,C.C. COLÓ,N 4,,,"ENDESA GENERAC IÓN , S.A.   100 GENERACION ZONA ESPAÑOLA Ciclo Combin ado ",,,,,,,OMIE exact unit code,
CTGN1,C.C. CART,AGE,,,GAS NATURAL CO MER CIALIZA DORA  100 GENERACION ZONA ESPAÑOLA Ciclo Combin ado ,1,,,,,,OMIE exact unit code,
CTGN2,C.C. CART,AGE,,,GAS NATURAL CO MER CIALIZA DORA  100 GENERACION ZONA ESPAÑOLA Ciclo Combin ado ,2,,,,,,OMIE exact unit code,
CTGN3,C.C. CART,AGE,,,GAS NATURAL CO MER CIALIZA DORA  100 GENERACION ZONA ESPAÑOLA Ciclo Combin ado ,3,,,,,,OMIE exact unit code,
CTJON1R,CC. CASTE,JON,,,TOTALENERGIES G AS AND PO WER LIMITED 100 GENERACION ZONA ESPAÑOLA Ciclo Combin ado ,EPR,,,,,,OMIE exact unit code,
CTJON2,C.C. CAST,EJÓ,,,IBERDROLA ENER GÍA ESPAÑA S..A.  100 GENERACION ZONA ESPAÑOLA Ciclo Combin ado ,,,,,,,OMIE exact unit code,
CTJON3R,CC CASTE,JON,,,TOTALENERGIES G AS AND PO WER LIMITED 100 GENERACION ZONA ESPAÑOLA Ciclo Combin ado ,EPR,,,,,,OMIE exact unit code,
CTNJUC2,UGH CAST,ELN,,,ENGIE CASTELNO U    100 GENERACION ZONA ESPAÑOLA Hidráulica Ge neración ,,,,,,,OMIE exact unit code,
CTNU,C.C. CAST,ELN,,,ENGIE CASTELNO U    100 GENERACION ZONA ESPAÑOLA Ciclo Combin ado ,,,,,,,OMIE exact unit code,
CTN3,C.C. CAST,ELL,,,IBERDROLA ENER GÍA ESPAÑA S..A.  100 GENERACION ZONA ESPAÑOLA Ciclo Combin ado ,3,,,,,,OMIE exact unit code,
CTN4,C.C. CAST,ELL,,,IBERDROLA ENER GÍA ESPAÑA S..A.  100 GENERACION ZONA ESPAÑOLA Ciclo Combin ado ,4,,,,,,OMIE exact unit code,
CYEVD01,UOF REPR,FV,,,CYE ENERGIA S.L.     100 GENERACION ZONA ESPAÑOLA RE Mercado Solar Fo tovoltáica,CON DES,VIO 1,,,,,OMIE exact unit code,
CYEVD05,UOF REPR FV TAR SUP 1MW,CYE EN,,,100 GENERACION ZONA ESPAÑOLA RE Mercado Solar Foto,A S.L.,,,,,,OMIE exact unit code,
DETCRE1,DETISA COM VENTA REG. ESPECIAL,MOEVE,Moeve,derived_from_legal_name,100 GENERACION ZONA ESPAÑOLA RE Mercado Térmica n,AND POWER,", S.A.U",,,,,OMIE exact unit code,https://www.moeveglobal.com/
DETVD03,VENTA PRODUCTOR DETIC,MOEVE,Moeve,derived_from_legal_name,100 GENERACION ZONA ESPAÑOLA RE Mercado Térmica n,AND POWER,", S.A.U",,,,,OMIE exact unit code,https://www.moeveglobal.com/
DETVD10,DETVD10,MOEVE,Moeve,derived_from_legal_name,100 GENERACION ZONA ESPAÑOLA RE Mercado Térmica n,AND POWER,", S.A.U",,,,,OMIE exact unit code,https://www.moeveglobal.com/
DETVD17,DETVD17,MOEVE,Moeve,derived_from_legal_name,100 GENERACION ZONA ESPAÑOLA RE Mercado Térmica n,AND POWER,", S.A.U",,,,,OMIE exact unit code,https://www.moeveglobal.com/
DETVD19,DETVD19,MOEVE,Moeve,derived_from_legal_name,100 GENERACION ZONA ESPAÑOLA RE Mercado Térmica n,AND POWER,", S.A.U",,,,,OMIE exact unit code,https://www.moeveglobal.com/
DETVD25,DETVD25,MOEVE,Moeve,derived_from_legal_name,100 GENERACION ZONA ESPAÑOLA RE Mercado Térmica n,AND POWER,", S.A.U",,,,,OMIE exact unit code,https://www.moeveglobal.com/
DETVD27,DETVD27,MOEVE,Moeve,derived_from_legal_name,100 GENERACION ZONA ESPAÑOLA RE Mercado Térmica n,AND POWER,", S.A.U",,,,,OMIE exact unit code,https://www.moeveglobal.com/
DETVD29,DETVD29,MOEVE,Moeve,derived_from_legal_name,100 GENERACION ZONA ESPAÑOLA RE Mercado Térmica R,AND POWER,", S.A.U",,,,,OMIE exact unit code,https://www.moeveglobal.com/
DETVD30,DETVD30,MOEVE,Moeve,derived_from_legal_name,100 GENERACION ZONA ESPAÑOLA RE Mercado Térmica n,AND POWER,", S.A.U",,,,,OMIE exact unit code,https://www.moeveglobal.com/
DETVD34,DETVD34,MOEVE,Moeve,derived_from_legal_name,100 GENERACION ZONA ESPAÑOLA RE Mercado Solar Foto,AND POWER,", S.A.U",,,,,OMIE exact unit code,https://www.moeveglobal.com/
DETVD35,DETVD35,MOEVE,Moeve,derived_from_legal_name,100 GENERACION ZONA ESPAÑOLA RE Mercado Hidráulica,AND POWER,", S.A.U",,,,,OMIE exact unit code,https://www.moeveglobal.com/
DETVD36,DETVD36,MOEVE,Moeve,derived_from_legal_name,100 GENERACION ZONA ESPAÑOLA RE Mercado Hidráulica,AND POWER,", S.A.U",,,,,OMIE exact unit code,https://www.moeveglobal.com/
DETVD37,DETVD37,MOEVE,Moeve,derived_from_legal_name,100 GENERACION ZONA ESPAÑOLA RE Mercado Hidráulica,AND POWER,", S.A.U",,,,,OMIE exact unit code,https://www.moeveglobal.com/
DETVD38,DETVD38,MOEVE,Moeve,derived_from_legal_name,100 GENERACION ZONA ESPAÑOLA RE Mercado Térmica n,AND POWER,", S.A.U",,,,,OMIE exact unit code,https://www.moeveglobal.com/
DETVD42,DETVD42,MOEVE,Moeve,derived_from_legal_name,100 GENERACION ZONA ESPAÑOLA RE Mercado Térmica n,AND POWER,", S.A.U",,,,,OMIE exact unit code,https://www.moeveglobal.com/
DETVD43,DETVD43,MOEVE,Moeve,derived_from_legal_name,100 GENERACION ZONA ESPAÑOLA RE Mercado Térmica n,AND POWER,", S.A.U",,,,,OMIE exact unit code,https://www.moeveglobal.com/
DETVD44,DETVD44,MOEVE,Moeve,derived_from_legal_name,100 GENERACION ZONA ESPAÑOLA RE Mercado Térmica n,AND POWER,", S.A.U",,,,,OMIE exact unit code,https://www.moeveglobal.com/
DETVD46,DETVD46,MOEVE,Moeve,derived_from_legal_name,100 GENERACION ZONA ESPAÑOLA RE Mercado Térmica n,AND POWER,", S.A.U",,,,,OMIE exact unit code,https://www.moeveglobal.com/
DETVD48,DETVD48,MOEVE,Moeve,derived_from_legal_name,100 GENERACION ZONA ESPAÑOLA RE Mercado Térmica n,AND POWER,", S.A.U",,,,,OMIE exact unit code,https://www.moeveglobal.com/
DETVD49,DETVD49,MOEVE,Moeve,derived_from_legal_name,100 GENERACION ZONA ESPAÑOLA RE Mercado Térmica n,AND POWER,", S.A.U",,,,,OMIE exact unit code,https://www.moeveglobal.com/
DETVD51,DETVD51,MOEVE,Moeve,derived_from_legal_name,100 GENERACION ZONA ESPAÑOLA RE Mercado Térmica R,AND POWER,", S.A.U",,,,,OMIE exact unit code,https://www.moeveglobal.com/
DETVD53,DETVD53,MOEVE,Moeve,derived_from_legal_name,100 GENERACION ZONA ESPAÑOLA RE Mercado Térmica n,AND POWER,", S.A.U",,,,,OMIE exact unit code,https://www.moeveglobal.com/
DETVD54,DETVD54,MOEVE,Moeve,derived_from_legal_name,100 GENERACION ZONA ESPAÑOLA RE Mercado Térmica n,AND POWER,", S.A.U",,,,,OMIE exact unit code,https://www.moeveglobal.com/
DETVD55,DETVD55,MOEVE,Moeve,derived_from_legal_name,100 GENERACION ZONA ESPAÑOLA RE Mercado Térmica n,AND POWER,", S.A.U",,,,,OMIE exact unit code,https://www.moeveglobal.com/
DETVD57,DETVD57,MOEVE,Moeve,derived_from_legal_name,100 GENERACION ZONA ESPAÑOLA RE Mercado Térmica n,AND POWER,", S.A.U",,,,,OMIE exact unit code,https://www.moeveglobal.com/
DETVD58,DETVD58,MOEVE,Moeve,derived_from_legal_name,100 GENERACION ZONA ESPAÑOLA RE Mercado Térmica n,AND POWER,", S.A.U",,,,,OMIE exact unit code,https://www.moeveglobal.com/
DETVD65,DETVD65,MOEVE,Moeve,derived_from_legal_name,100 GENERACION ZONA ESPAÑOLA RE Mercado Hidráulica,AND POWER,", S.A.U",,,,,OMIE exact unit code,https://www.moeveglobal.com/
DETVD66,DETVD66,MOEVE,Moeve,derived_from_legal_name,100 GENERACION ZONA ESPAÑOLA RE Mercado Solar Foto,AND POWER,", S.A.U",,,,,OMIE exact unit code,https://www.moeveglobal.com/
DETVD68,DETVD68,MOEVE,Moeve,derived_from_legal_name,100 GENERACION ZONA ESPAÑOLA RE Mercado Térmica n,AND POWER,", S.A.U",,,,,OMIE exact unit code,https://www.moeveglobal.com/
DETVD70,DETVD70,MOEVE,Moeve,derived_from_legal_name,100 GENERACION ZONA ESPAÑOLA RE Mercado Hidráulica,AND POWER,", S.A.U",,,,,OMIE exact unit code,https://www.moeveglobal.com/
DETVD71,DETVD71,MOEVE,Moeve,derived_from_legal_name,100 GENERACION ZONA ESPAÑOLA RE Mercado Hidráulica,AND POWER,", S.A.U",,,,,OMIE exact unit code,https://www.moeveglobal.com/
DETVD72,DETVD72,MOEVE,Moeve,derived_from_legal_name,100 GENERACION ZONA ESPAÑOLA RE Mercado Hidráulica,AND POWER,", S.A.U",,,,,OMIE exact unit code,https://www.moeveglobal.com/
DETVD73,DETVD73,MOEVE,Moeve,derived_from_legal_name,100 GENERACION ZONA ESPAÑOLA RE Mercado Hidráulica,AND POWER,", S.A.U",,,,,OMIE exact unit code,https://www.moeveglobal.com/
DETVD74,DETVD74,MOEVE,Moeve,derived_from_legal_name,100 GENERACION ZONA ESPAÑOLA RE Mercado Hidráulica,AND POWER,", S.A.U",,,,,OMIE exact unit code,https://www.moeveglobal.com/
DETVD75,DETVD75,MOEVE,Moeve,derived_from_legal_name,100 GENERACION ZONA ESPAÑOLA RE Mercado Hidráulica,AND POWER,", S.A.U",,,,,OMIE exact unit code,https://www.moeveglobal.com/
DETVD76,DETVD76,MOEVE,Moeve,derived_from_legal_name,100 GENERACION ZONA ESPAÑOLA RE Mercado Hidráulica,AND POWER,", S.A.U",,,,,OMIE exact unit code,https://www.moeveglobal.com/
DETVD77,DETVD77,MOEVE,Moeve,derived_from_legal_name,100 GENERACION ZONA ESPAÑOLA RE Mercado Hidráulica,AND POWER,", S.A.U",,,,,OMIE exact unit code,https://www.moeveglobal.com/
DETVD78,DETVD78,MOEVE,Moeve,derived_from_legal_name,100 GENERACION ZONA ESPAÑOLA RE Mercado Hidráulica,AND POWER,", S.A.U",,,,,OMIE exact unit code,https://www.moeveglobal.com/
DETVD79,DETVD79,MOEVE,Moeve,derived_from_legal_name,100 GENERACION ZONA ESPAÑOLA RE Mercado Hidráulica,AND POWER,", S.A.U",,,,,OMIE exact unit code,https://www.moeveglobal.com/
DETVD80,DETVD80,MOEVE,Moeve,derived_from_legal_name,100 GENERACION ZONA ESPAÑOLA RE Mercado Hidráulica,AND POWER,", S.A.U",,,,,OMIE exact unit code,https://www.moeveglobal.com/
DETVD81,DETVD81,,,,", S.A.U 100 GENERACION ZONA ESPAÑOLA RE Mercado Hidráulica",AND P,OWER,,,,,OMIE exact unit code,
DETVD82,DETVD82,,,,", S.A.U 100 GENERACION ZONA ESPAÑOLA RE Mercado Hidráulica",AND P,OWER,,,,,OMIE exact unit code,
DETVD83,DETVD83,,,,", S.A.U 100 GENERACION ZONA ESPAÑOLA RE Mercado Hidráulica",AND P,OWER,,,,,OMIE exact unit code,
DETVD84,DETVD84,,,,", S.A.U 100 GENERACION ZONA ESPAÑOLA RE Mercado Hidráulica",AND P,OWER,,,,,OMIE exact unit code,
DETVD85,DETVD85,,,,", S.A.U 100 GENERACION ZONA ESPAÑOLA RE Mercado Eólica",AND P,OWER,,,,,OMIE exact unit code,
DETVD86,DETVD86,,,,", S.A.U 100 GENERACION ZONA ESPAÑOLA RE Mercado Térmica n",AND P,OWER,,,,,OMIE exact unit code,
DETVD87,DETVD87,,,,", S.A.U 100 GENERACION ZONA ESPAÑOLA RE Mercado Térmica n",AND P,OWER,,,,,OMIE exact unit code,
DOUSUP,DOURO IN,TERNACIONAL,,,ICAS DO NORTE SA 100 GENERACION ZONA PORTUGUESA Hidráulica Ge neración,HIDROE,LÉTR,,,,,OMIE exact unit code,
DREVD01,UO RD 413,/2014,,, 100 GENERACION ZONA ESPAÑOLA RE Mercado Solar Foto,"RGÍA,",S.L.,,,,,OMIE exact unit code,
DREVD02,UO RD 413,/2014 SUP 1MW,,, 100 GENERACION ZONA ESPAÑOLA RE Mercado Solar Foto,"RGÍA,",S.L.,,,,,OMIE exact unit code,
DREVD05,VENTA CLI,MASTER,,, 100 GENERACION ZONA ESPAÑOLA RE Mercado Solar Foto,"RGÍA,",S.L.,,,,,OMIE exact unit code,
DREVD06,VENTA ZA,RZA SOLAR,,, 100 GENERACION ZONA ESPAÑOLA RE Mercado Solar Foto,"RGÍA,",S.L.,,,,,OMIE exact unit code,
DREVD07,VENTA FV,PILAR DE LA HORADADA,,, 100 GENERACION ZONA ESPAÑOLA RE Mercado Solar Foto,"RGÍA,",S.L.,,,,,OMIE exact unit code,
DREVD08,VENTA FV,BANYERES 1600,,, 100 GENERACION ZONA ESPAÑOLA RE Mercado Solar Foto,"RGÍA,",S.L.,,,,,OMIE exact unit code,
DREVD09,VENTA FV,BELINCHON,,, 100 GENERACION ZONA ESPAÑOLA RE Mercado Solar Foto,"RGÍA,",S.L.,,,,,OMIE exact unit code,
DREVD11,VENTA FV,CHINESTRA,,, 100 GENERACION ZONA ESPAÑOLA RE Mercado Solar Foto,"RGÍA,",S.L.,,,,,OMIE exact unit code,
DREVD12,VENTA FV,VILANOVA II,,, 100 GENERACION ZONA ESPAÑOLA RE Mercado Solar Foto,"RGÍA,",S.L.,,,,,OMIE exact unit code,
DREVD13,VENTA FV,MAS DE CATALA,,, 100 GENERACION ZONA ESPAÑOLA RE Mercado Solar Foto,"RGÍA,",S.L.,,,,,OMIE exact unit code,
DREVD14,VENTA FV,ALMANSA I,,, 100 GENERACION ZONA ESPAÑOLA RE Mercado Solar Foto,"RGÍA,",S.L.,,,,,OMIE exact unit code,
DREVD15,VENTA FV,ALMANSA II,,, 100 GENERACION ZONA ESPAÑOLA RE Mercado Solar Foto,"RGÍA,",S.L.,,,,,OMIE exact unit code,
DREVD16,VENTA FV,CONSELL,,, 100 GENERACION ZONA ESPAÑOLA RE Mercado Solar Foto,"RGÍA,",S.L.,,,,,OMIE exact unit code,
DREVD18,VENTA FV,TOBOSO I,,, 100 GENERACION ZONA ESPAÑOLA RE Mercado Solar Foto,"RGÍA,",S.L.,,,,,OMIE exact unit code,
DREVD19,VENTA FV,MARCHAL,,, 100 GENERACION ZONA ESPAÑOLA RE Mercado Solar Foto,"RGÍA,",S.L.,,,,,OMIE exact unit code,
DREVD20,VENTA FV,HORCAJO,,, 100 GENERACION ZONA ESPAÑOLA RE Mercado Solar Foto,"RGÍA,",S.L.,,,,,OMIE exact unit code,
DREVD21,VENTA FV,TERVALIS,,, 100 GENERACION ZONA ESPAÑOLA RE Mercado Solar Foto,"RGÍA,",S.L.,,,,,OMIE exact unit code,
DREVD22,VENTA FV,BENEIXAMA,,, 100 GENERACION ZONA ESPAÑOLA RE Mercado Solar Foto,"RGÍA,",S.L.,,,,,OMIE exact unit code,
DREVD23,VENTA FV,CALERA,,, 100 GENERACION ZONA ESPAÑOLA RE Mercado Solar Foto,"RGÍA,",S.L.,,,,,OMIE exact unit code,
DREVD24,VENTA FV,TOBOSO II,,, 100 GENERACION ZONA ESPAÑOLA RE Mercado Solar Foto,"RGÍA,",S.L.,,,,,OMIE exact unit code,
DTVD001,DTVD001,,,,", S.A.U 100 GENERACION ZONA ESPAÑOLA RE Mercado Térmica n",AND P,OWER,,,,,OMIE exact unit code,
DTVD002,DTVD002,,,,", S.A.U 100 GENERACION ZONA ESPAÑOLA RE Mercado Térmica n",AND P,OWER,,,,,OMIE exact unit code,
DTVD003,DTVD003,,,,", S.A.U 100 GENERACION ZONA ESPAÑOLA RE Mercado Térmica n",AND P,OWER,,,,,OMIE exact unit code,
DTVD004,DTVD004,,,,", S.A.U 100 GENERACION ZONA ESPAÑOLA RE Mercado Térmica n",AND P,OWER,,,,,OMIE exact unit code,
DTVD005,DTVD005,,,,", S.A.U 100 GENERACION ZONA ESPAÑOLA RE Mercado Térmica n",AND P,OWER,,,,,OMIE exact unit code,
DTVD006,DTVD006,,,,", S.A.U 100 GENERACION ZONA ESPAÑOLA RE Mercado Térmica n",AND P,OWER,,,,,OMIE exact unit code,
DTVD007,DTVD007,,,,", S.A.U 100 GENERACION ZONA ESPAÑOLA RE Mercado Térmica n",AND P,OWER,,,,,OMIE exact unit code,
DTVD008,DTVD008,,,,", S.A.U 100 GENERACION ZONA ESPAÑOLA RE Mercado Térmica n",AND P,OWER,,,,,OMIE exact unit code,
DTVD009,DTVD009,,,,", S.A.U 100 GENERACION ZONA ESPAÑOLA RE Mercado Térmica n",AND P,OWER,,,,,OMIE exact unit code,
DTVD010,DTVD010,,,,", S.A.U 100 GENERACION ZONA ESPAÑOLA RE Mercado Térmica n",AND P,OWER,,,,,OMIE exact unit code,
DTVD011,DTVD011,,,,", S.A.U 100 GENERACION ZONA ESPAÑOLA RE Mercado Térmica n",AND P,OWER,,,,,OMIE exact unit code,
DTVD012,DTVD012,,,,", S.A.U 100 GENERACION ZONA ESPAÑOLA RE Mercado Térmica n",AND P,OWER,,,,,OMIE exact unit code,
DTVD013,DTVD013,,,,", S.A.U 100 GENERACION ZONA ESPAÑOLA RE Mercado Térmica n",AND P,OWER,,,,,OMIE exact unit code,
DTVD015,DTVD015,,,,", S.A.U 100 GENERACION ZONA ESPAÑOLA RE Mercado Térmica n",AND P,OWER,,,,,OMIE exact unit code,
DTVD016,DTVD016,,,,", S.A.U 100 GENERACION ZONA ESPAÑOLA RE Mercado Térmica n",AND P,OWER,,,,,OMIE exact unit code,
DTVD017,DTVD017,MOEVE,Moeve,derived_from_legal_name,100 GENERACION ZONA ESPAÑOLA RE Merca do Térmica no,AND POWER,", S.A.U",,,,,OMIE exact unit code,https://www.moeveglobal.com/
DTVD018,DTVD018,MOEVE,Moeve,derived_from_legal_name,100 GENERACION ZONA ESPAÑOLA RE Merca do Térmica no,AND POWER,", S.A.U",,,,,OMIE exact unit code,https://www.moeveglobal.com/
DTVD019,DTVD019,MOEVE,Moeve,derived_from_legal_name,100 GENERACION ZONA ESPAÑOLA RE Merca do Térmica no,AND POWER,", S.A.U",,,,,OMIE exact unit code,https://www.moeveglobal.com/
DTVD020,DTVD020,MOEVE,Moeve,derived_from_legal_name,100 GENERACION ZONA ESPAÑOLA RE Merca do Térmica no,AND POWER,", S.A.U",,,,,OMIE exact unit code,https://www.moeveglobal.com/
DTVD021,DTVD021,MOEVE,Moeve,derived_from_legal_name,100 GENERACION ZONA ESPAÑOLA RE Merca do Térmica no,AND POWER,", S.A.U",,,,,OMIE exact unit code,https://www.moeveglobal.com/
DTVD023,DTVD023,MOEVE,Moeve,derived_from_legal_name,100 GENERACION ZONA ESPAÑOLA RE Merca do Térmica no,AND POWER,", S.A.U",,,,,OMIE exact unit code,https://www.moeveglobal.com/
DTVD024,DTVD024,MOEVE,Moeve,derived_from_legal_name,100 GENERACION ZONA ESPAÑOLA RE Merca do Térmica no,AND POWER,", S.A.U",,,,,OMIE exact unit code,https://www.moeveglobal.com/
DTVD025,DTVD025,MOEVE,Moeve,derived_from_legal_name,100 GENERACION ZONA ESPAÑOLA RE Merca do Térmica no,AND POWER,", S.A.U",,,,,OMIE exact unit code,https://www.moeveglobal.com/
DTVD027,DTVD027,MOEVE,Moeve,derived_from_legal_name,100 GENERACION ZONA ESPAÑOLA RE Merca do Térmica no,AND POWER,", S.A.U",,,,,OMIE exact unit code,https://www.moeveglobal.com/
DTVD029,DTVD029,MOEVE,Moeve,derived_from_legal_name,100 GENERACION ZONA ESPAÑOLA RE Merca do Térmica no,AND POWER,", S.A.U",,,,,OMIE exact unit code,https://www.moeveglobal.com/
DTVD030,DTVD030,MOEVE,Moeve,derived_from_legal_name,100 GENERACION ZONA ESPAÑOLA RE Merca do Térmica no,AND POWER,", S.A.U",,,,,OMIE exact unit code,https://www.moeveglobal.com/
DTVD031,DTVD031,MOEVE,Moeve,derived_from_legal_name,100 GENERACION ZONA ESPAÑOLA RE Merca do Térmica no,AND POWER,", S.A.U",,,,,OMIE exact unit code,https://www.moeveglobal.com/
DTVD033,DTVD033,MOEVE,Moeve,derived_from_legal_name,100 GENERACION ZONA ESPAÑOLA RE Merca do Térmica no,AND POWER,", S.A.U",,,,,OMIE exact unit code,https://www.moeveglobal.com/
DTVD034,DTVD034,MOEVE,Moeve,derived_from_legal_name,100 GENERACION ZONA ESPAÑOLA RE Merca do Térmica no,AND POWER,", S.A.U",,,,,OMIE exact unit code,https://www.moeveglobal.com/
DTVD035,DTVD035,MOEVE,Moeve,derived_from_legal_name,100 GENERACION ZONA ESPAÑOLA RE Merca do Térmica no,AND POWER,", S.A.U",,,,,OMIE exact unit code,https://www.moeveglobal.com/
DTVD036,DTVD036,MOEVE,Moeve,derived_from_legal_name,100 GENERACION ZONA ESPAÑOLA RE Merca do Térmica no,AND POWER,", S.A.U",,,,,OMIE exact unit code,https://www.moeveglobal.com/
DTVD038,DTVD038,MOEVE,Moeve,derived_from_legal_name,100 GENERACION ZONA ESPAÑOLA RE Merca do Térmica no,AND POWER,", S.A.U",,,,,OMIE exact unit code,https://www.moeveglobal.com/
DTVD039,DTVD039,MOEVE,Moeve,derived_from_legal_name,100 GENERACION ZONA ESPAÑOLA RE Merca do Térmica no,AND POWER,", S.A.U",,,,,OMIE exact unit code,https://www.moeveglobal.com/
DTVD040,DTVD040,MOEVE,Moeve,derived_from_legal_name,100 GENERACION ZONA ESPAÑOLA RE Merca do Térmica no,AND POWER,", S.A.U",,,,,OMIE exact unit code,https://www.moeveglobal.com/
DTVD041,DTVD041,MOEVE,Moeve,derived_from_legal_name,100 GENERACION ZONA ESPAÑOLA RE Merca do Térmica no,AND POWER,", S.A.U",,,,,OMIE exact unit code,https://www.moeveglobal.com/
DTVD042,DTVD042,MOEVE,Moeve,derived_from_legal_name,100 GENERACION ZONA ESPAÑOLA RE Merca do Térmica no,AND POWER,", S.A.U",,,,,OMIE exact unit code,https://www.moeveglobal.com/
DTVD043,DTVD043,MOEVE,Moeve,derived_from_legal_name,100 GENERACION ZONA ESPAÑOLA RE Merca do Térmica no,AND POWER,", S.A.U",,,,,OMIE exact unit code,https://www.moeveglobal.com/
DTVD044,DTVD044,MOEVE,Moeve,derived_from_legal_name,100 GENERACION ZONA ESPAÑOLA RE Merca do Térmica no,AND POWER,", S.A.U",,,,,OMIE exact unit code,https://www.moeveglobal.com/
DTVD045,DTVD045,MOEVE,Moeve,derived_from_legal_name,100 GENERACION ZONA ESPAÑOLA RE Merca do Térmica no,AND POWER,", S.A.U",,,,,OMIE exact unit code,https://www.moeveglobal.com/
DTVD046,DTVD046,MOEVE,Moeve,derived_from_legal_name,100 GENERACION ZONA ESPAÑOLA RE Merca do Térmica no,AND POWER,", S.A.U",,,,,OMIE exact unit code,https://www.moeveglobal.com/
DTVD047,DTVD047,MOEVE,Moeve,derived_from_legal_name,100 GENERACION ZONA ESPAÑOLA RE Merca do Térmica no,AND POWER,", S.A.U",,,,,OMIE exact unit code,https://www.moeveglobal.com/
DTVD048,DTVD048,MOEVE,Moeve,derived_from_legal_name,100 GENERACION ZONA ESPAÑOLA RE Merca do Térmica no,AND POWER,", S.A.U",,,,,OMIE exact unit code,https://www.moeveglobal.com/
DTVD049,DTVD049,MOEVE,Moeve,derived_from_legal_name,100 GENERACION ZONA ESPAÑOLA RE Merca do Térmica no,AND POWER,", S.A.U",,,,,OMIE exact unit code,https://www.moeveglobal.com/
DTVD050,DTVD050,MOEVE,Moeve,derived_from_legal_name,100 GENERACION ZONA ESPAÑOLA RE Merca do Térmica no,AND POWER,", S.A.U",,,,,OMIE exact unit code,https://www.moeveglobal.com/
DTVD052,DTVD052,MOEVE,Moeve,derived_from_legal_name,100 GENERACION ZONA ESPAÑOLA RE Merca do Térmica no,AND POWER,", S.A.U",,,,,OMIE exact unit code,https://www.moeveglobal.com/
DTVD053,DTVD053,MOEVE,Moeve,derived_from_legal_name,100 GENERACION ZONA ESPAÑOLA RE Merca do Térmica no,AND POWER,", S.A.U",,,,,OMIE exact unit code,https://www.moeveglobal.com/
DTVD054,DTVD054,MOEVE,Moeve,derived_from_legal_name,100 GENERACION ZONA ESPAÑOLA RE Merca do Térmica no,AND POWER,", S.A.U",,,,,OMIE exact unit code,https://www.moeveglobal.com/
DTVD056,DTVD056,,,,"ER , S.A. U 100 GENERACION ZONA ESPAÑOLA RE Mercado Térmica n",MOEVE GAS,AND POW,,,,,OMIE exact unit code,
DTVD058,DTVD058,,,,"ER , S.A. U 100 GENERACION ZONA ESPAÑOLA RE Mercado Térmica n",MOEVE GAS,AND POW,,,,,OMIE exact unit code,
DTVD059,DTVD059,,,,"ER , S.A. U 100 GENERACION ZONA ESPAÑOLA RE Mercado Térmica n",MOEVE GAS,AND POW,,,,,OMIE exact unit code,
DTVD060,DTVD060,,,,"ER , S.A. U 100 GENERACION ZONA ESPAÑOLA RE Mercado Térmica n",MOEVE GAS,AND POW,,,,,OMIE exact unit code,
DTVD061,DTVD061,,,,"ER , S.A. U 100 GENERACION ZONA ESPAÑOLA RE Mercado Térmica n",MOEVE GAS,AND POW,,,,,OMIE exact unit code,
DTVD063,DTVD063,,,,"ER , S.A. U 100 GENERACION ZONA ESPAÑOLA RE Mercado Térmica R",MOEVE GAS,AND POW,,,,,OMIE exact unit code,
DTVD064,DTVD064,,,,"ER , S.A. U 100 GENERACION ZONA ESPAÑOLA RE Mercado Térmica n",MOEVE GAS,AND POW,,,,,OMIE exact unit code,
DTVD065,DTVD065,,,,"ER , S.A. U 100 GENERACION ZONA ESPAÑOLA RE Mercado Térmica n",MOEVE GAS,AND POW,,,,,OMIE exact unit code,
DTVD067,DTVD067,,,,"ER , S.A. U 100 GENERACION ZONA ESPAÑOLA RE Mercado Térmica n",MOEVE GAS,AND POW,,,,,OMIE exact unit code,
DTVD068,DTVD068,,,,"ER , S.A. U 100 GENERACION ZONA ESPAÑOLA RE Mercado Solar Foto",MOEVE GAS,AND POW,,,,,OMIE exact unit code,
DTVD069,DTVD069,,,,"ER , S.A. U 100 GENERACION ZONA ESPAÑOLA RE Mercado Térmica n",MOEVE GAS,AND POW,,,,,OMIE exact unit code,
DTVD070,DTVD070,,,,"ER , S.A. U 100 GENERACION ZONA ESPAÑOLA RE Mercado Térmica n",MOEVE GAS,AND POW,,,,,OMIE exact unit code,
DTVD071,DTVD071,,,,"ER , S.A. U 100 GENERACION ZONA ESPAÑOLA RE Mercado Térmica n",MOEVE GAS,AND POW,,,,,OMIE exact unit code,
DTVD072,DTVD072,,,,"ER , S.A. U 100 GENERACION ZONA ESPAÑOLA RE Mercado Térmica n",MOEVE GAS,AND POW,,,,,OMIE exact unit code,
DTVD073,DTVD073,,,,"ER , S.A. U 100 GENERACION ZONA ESPAÑOLA RE Mercado Térmica R",MOEVE GAS,AND POW,,,,,OMIE exact unit code,
DTVD074,DTVD074,,,,"ER , S.A. U 100 GENERACION ZONA ESPAÑOLA RE Mercado Térmica n",MOEVE GAS,AND POW,,,,,OMIE exact unit code,
DTVD075,DTVD075,,,,"ER , S.A. U 100 GENERACION ZONA ESPAÑOLA RE Mercado Térmica n",MOEVE GAS,AND POW,,,,,OMIE exact unit code,
DUER,UGH. DUERO,,,,ES PAÑA S..A. 100 GENERACION ZONA ESPAÑOLA Hidráulica Ge neración,IBERDROLA,ENERGÍA,,,,,OMIE exact unit code,
DXTVD01,AGRUPACION HIDR,O,,,   100 GENERACION ZONA ESPAÑOLA RE Mercado Hidráulica,DXT COMMO,DITIES SA,,,,,OMIE exact unit code,
DXTVD02,AGRUPACION HIDR,O,,,   100 GENERACION ZONA ESPAÑOLA RE Mercado Hidráulica,DXT COMMO,DITIES SA,,,,,OMIE exact unit code,
DXTVD03,AGRUPACION HIDR,O,,,   100 GENERACION ZONA ESPAÑOLA RE Mercado Hidráulica,DXT COMMO,DITIES SA,,,,,OMIE exact unit code,
EAMVD02,GRAFENO,,,,"MA DRID, S.L. 100 GENERACION ZONA ESPAÑOLA RE Mercado Solar Foto",ELÉCTRICA,ANTONIO,,,,,OMIE exact unit code,
EAMVD03,EAMVD03,,,,"MA DRID, S.L. 100 GENERACION ZONA ESPAÑOLA RE Mercado Solar Foto",ELÉCTRICA,ANTONIO,,,,,OMIE exact unit code,
EAMVD04,EAMVD04,,,,"MA DRID, S.L. 100 GENERACION ZONA ESPAÑOLA RE Mercado Solar Foto",ELÉCTRICA,ANTONIO,,,,,OMIE exact unit code,
EAMVD05,EAMVD05,,,,"MA DRID, S.L. 100 GENERACION ZONA ESPAÑOLA RE Mercado Solar Foto",ELÉCTRICA,ANTONIO,,,,,OMIE exact unit code,
EAMVD06,EAMVD06,,,,"MA DRID, S.L. 100 GENERACION ZONA ESPAÑOLA RE Mercado Solar Foto",ELÉCTRICA,ANTONIO,,,,,OMIE exact unit code,
EBLCVD1,EBL CLIENTES A TA,RI,,,   100 GENERACION ZONA ESPAÑOLA RE Mercado Hidráulica,ENGIE ESPA,"ÑA,S.L.U",,,,,OMIE exact unit code,
EBLCVD2,EBL CLIENTES REP,RE,,,   100 GENERACION ZONA ESPAÑOLA RE Mercado Térmica n,ENGIE ESPA,"ÑA,S.L.U",,,,,OMIE exact unit code,
EBLCVD3,REPRESENTACION,E,,,   100 GENERACION ZONA ESPAÑOLA RE Mercado Eólica,ENGIE ESPA,"ÑA,S.L.U",,,,,OMIE exact unit code,
EBLCVD4,REPRESENTACION,E,,,   100 GENERACION ZONA ESPAÑOLA RE Mercado Eólica,ENGIE ESPA,"ÑA,S.L.U",,,,,OMIE exact unit code,
EBLCVD5,REPRESENTACÍON,P,,,   100 GENERACION ZONA ESPAÑOLA RE Mercado Solar Foto,ENGIE ESPA,"ÑA,S.L.U",,,,,OMIE exact unit code,
EBLVD14,REPRESENTACION,E,,,   100 GENERACION ZONA ESPAÑOLA RE Mercado Eólica,ENGIE ESPA,"ÑA,S.L.U",,,,,OMIE exact unit code,
EBLVD15,REPRESENTACION,E,,,   100 GENERACION ZONA ESPAÑOLA RE Mercado Eólica,ENGIE ESPA,"ÑA,S.L.U",,,,,OMIE exact unit code,
EBLVD16,REPRESENTACION,E,,,   100 GENERACION ZONA ESPAÑOLA RE Mercado Eólica,ENGIE ESPA,"ÑA,S.L.U",,,,,OMIE exact unit code,
EBLVD17,REPRESENTACION,E,,,   100 GENERACION ZONA ESPAÑOLA RE Mercado Eólica,ENGIE ESPA,"ÑA,S.L.U",,,,,OMIE exact unit code,
EBLVD22,REPRESENTACION,E,,,   100 GENERACION ZONA ESPAÑOLA RE Mercado Eólica,ENGIE ESPA,"ÑA,S.L.U",,,,,OMIE exact unit code,
EBLVD24,REPRESENTACIÓN,E,,,   100 GENERACION ZONA ESPAÑOLA RE Mercado Eólica,ENGIE ESPA,"ÑA,S.L.U",,,,,OMIE exact unit code,
EBLVD25,REPRESENTACIÓN,E,,,   100 GENERACION ZONA ESPAÑOLA RE Mercado Eólica,ENGIE ESPA,"ÑA,S.L.U",,,,,OMIE exact unit code,
EBLVD32,REPRESENTACIÓN,P,,,   100 GENERACION ZONA ESPAÑOLA RE Mercado Solar Foto,ENGIE ESPA,"ÑA,S.L.U",,,,,OMIE exact unit code,
EBLVD35,REPRESENTACIÓN,E,,,   100 GENERACION ZONA ESPAÑOLA RE Mercado Eólica,ENGIE ESPA,"ÑA,S.L.U",,,,,OMIE exact unit code,
EBLVD36,REPRESENTACIÓN,E,,,   100 GENERACION ZONA ESPAÑOLA RE Mercado Eólica,ENGIE ESPA,"ÑA,S.L.U",,,,,OMIE exact unit code,
EBLVD39,REPRESENTACIÓN,T,,,   100 GENERACION ZONA ESPAÑOLA RE Mercado Térmica n,ENGIE ESPA,"ÑA,S.L.U",,,,,OMIE exact unit code,
EBLVD40,REPRESENTACIÓN,E,,,   100 GENERACION ZONA ESPAÑOLA RE Mercado Eólica,ENGIE ESPA,"ÑA,S.L.U",,,,,OMIE exact unit code,
EBLVD41,REPRESENTACIÓN,E,,,   100 GENERACION ZONA ESPAÑOLA RE Mercado Eólica,ENGIE ESPA,"ÑA,S.L.U",,,,,OMIE exact unit code,
EBLVD42,REPRESENTACIÓN,E,,,   100 GENERACION ZONA ESPAÑOLA RE Mercado Eólica,ENGIE ESPA,"ÑA,S.L.U",,,,,OMIE exact unit code,
EBLVD43,REPRESENTACIÓN,EÓL,,,U    100 GENERACION ZONA ESPAÑOLA RE Mercado Eólica,"ENGIE ESPAÑA,S.",L.,,,,,OMIE exact unit code,
EBLVD44,REPRESENTACIÓN,EÓL,,,U    100 GENERACION ZONA ESPAÑOLA RE Mercado Eólica,"ENGIE ESPAÑA,S.",L.,,,,,OMIE exact unit code,
EBLVD45,REPRESENTACIÓN,EÓL,,,U    100 GENERACION ZONA ESPAÑOLA RE Mercado Eólica,"ENGIE ESPAÑA,S.",L.,,,,,OMIE exact unit code,
EBLVD46,REPRESENTACIÓN,EÓL,,,U    100 GENERACION ZONA ESPAÑOLA RE Mercado Eólica,"ENGIE ESPAÑA,S.",L.,,,,,OMIE exact unit code,
EBLVD47,REPRESENTACIÓN,EÓL,,,U    100 GENERACION ZONA ESPAÑOLA RE Mercado Eólica,"ENGIE ESPAÑA,S.",L.,,,,,OMIE exact unit code,
EBLVD48,REPRESENTACIÓN,EÓL,,,U    100 GENERACION ZONA ESPAÑOLA RE Mercado Eólica,"ENGIE ESPAÑA,S.",L.,,,,,OMIE exact unit code,
EBLVD49,REPRESENTACIÓN,EÓL,,,U    100 GENERACION ZONA ESPAÑOLA RE Mercado Eólica,"ENGIE ESPAÑA,S.",L.,,,,,OMIE exact unit code,
EBLVD50,REPRESENTACIÓN,EÓL,,,U    100 GENERACION ZONA ESPAÑOLA RE Mercado Eólica,"ENGIE ESPAÑA,S.",L.,,,,,OMIE exact unit code,
EBLVD51,REPRESENTACIÓN,EÓL,,,U    100 GENERACION ZONA ESPAÑOLA RE Mercado Eólica,"ENGIE ESPAÑA,S.",L.,,,,,OMIE exact unit code,
EBLVD52,REPRESENTACIÓN,EÓL,,,U    100 GENERACION ZONA ESPAÑOLA RE Mercado Eólica,"ENGIE ESPAÑA,S.",L.,,,,,OMIE exact unit code,
EBLVD53,REPRESENTACIÓN,EÓL,,,U    100 GENERACION ZONA ESPAÑOLA RE Mercado Eólica,"ENGIE ESPAÑA,S.",L.,,,,,OMIE exact unit code,
EBLVD54,REPRESENTACIÓN,EÓL,,,U    100 GENERACION ZONA ESPAÑOLA RE Mercado Eólica,"ENGIE ESPAÑA,S.",L.,,,,,OMIE exact unit code,
EBLVD55,REPRESENTACIÓN,EÓL,,,U    100 GENERACION ZONA ESPAÑOLA RE Mercado Eólica,"ENGIE ESPAÑA,S.",L.,,,,,OMIE exact unit code,
EBLVD56,REPRESENTACIÓN,EÓL,,,U    100 GENERACION ZONA ESPAÑOLA RE Mercado Eólica,"ENGIE ESPAÑA,S.",L.,,,,,OMIE exact unit code,
EBLVD57,REPRESENTACIÓN,EÓL,,,U    100 GENERACION ZONA ESPAÑOLA RE Mercado Eólica,"ENGIE ESPAÑA,S.",L.,,,,,OMIE exact unit code,
EBLVD58,REPRESENTACIÓN,EÓL,,,U    100 GENERACION ZONA ESPAÑOLA RE Mercado Eólica,"ENGIE ESPAÑA,S.",L.,,,,,OMIE exact unit code,
EBLVD59,REPRESENTACIÓN,EÓL,,,U    100 GENERACION ZONA ESPAÑOLA RE Mercado Eólica,"ENGIE ESPAÑA,S.",L.,,,,,OMIE exact unit code,
EBLVD60,REPRESENTACIÓN,EÓL,,,U    100 GENERACION ZONA ESPAÑOLA RE Mercado Eólica,"ENGIE ESPAÑA,S.",L.,,,,,OMIE exact unit code,
EBLVD61,REPRESENTACIÓN,FOT,,,U    100 GENERACION ZONA ESPAÑOLA RE Mercado Solar Foto,"ENGIE ESPAÑA,S.",L.,,,,,OMIE exact unit code,
EBLVD62,REPRESENTACIÓN,EÓL,,,U    100 GENERACION ZONA ESPAÑOLA RE Mercado Eólica,"ENGIE ESPAÑA,S.",L.,,,,,OMIE exact unit code,
EBLVD63,PARQUE FV 63,,,,U    100 GENERACION ZONA ESPAÑOLA RE Mercado Solar Foto,"ENGIE ESPAÑA,S.",L.,,,,,OMIE exact unit code,
EBLVD64,PARQUE FV 64,,,,U    100 GENERACION ZONA ESPAÑOLA RE Mercado Solar Foto,"ENGIE ESPAÑA,S.",L.,,,,,OMIE exact unit code,
EBLVD65,PARQUE FV 65,,,,U    100 GENERACION ZONA ESPAÑOLA RE Mercado Solar Foto,"ENGIE ESPAÑA,S.",L.,,,,,OMIE exact unit code,
EBLVD66,PARQUE FV 66,,,,U    100 GENERACION ZONA ESPAÑOLA RE Mercado Solar Foto,"ENGIE ESPAÑA,S.",L.,,,,,OMIE exact unit code,
EBLVD67,PARQUE FV 67,,,,U    100 GENERACION ZONA ESPAÑOLA RE Mercado Solar Foto,"ENGIE ESPAÑA,S.",L.,,,,,OMIE exact unit code,
EBLVD68,PARQUE FV 68,,,,U    100 GENERACION ZONA ESPAÑOLA RE Mercado Solar Foto,"ENGIE ESPAÑA,S.",L.,,,,,OMIE exact unit code,
EBLVD69,REPRESENTACIÓN,FV 6,,,U    100 GENERACION ZONA ESPAÑOLA RE Mercado Solar Foto,"ENGIE ESPAÑA,S.",L.,,,,,OMIE exact unit code,
EBLVD70,PARQUE FV 70,,,,U    100 GENERACION ZONA ESPAÑOLA RE Mercado Solar Foto,"ENGIE ESPAÑA,S.",L.,,,,,OMIE exact unit code,
EBLVD71,REPRESENTACIÓN,FV 7,,,U    100 GENERACION ZONA ESPAÑOLA RE Mercado Solar Foto,"ENGIE ESPAÑA,S.",L.,,,,,OMIE exact unit code,
EBLVD72,REPRESENTACIÓN,FV 7,,,U    100 GENERACION ZONA ESPAÑOLA RE Mercado Solar Foto,"ENGIE ESPAÑA,S.",L.,,,,,OMIE exact unit code,
EBLVD74,REPRESENTACION,EOL,,,U    100 GENERACION ZONA ESPAÑOLA RE Mercado Eólica,"ENGIE ESPAÑA,S.",L.,,,,,OMIE exact unit code,
EBLVD75,REPRESENTACION,EOL,,,U    100 GENERACION ZONA ESPAÑOLA RE Mercado Eólica,"ENGIE ESPAÑA,S.",L.,,,,,OMIE exact unit code,
EBLVD76,REPRESENTACIÓN,FV 7,,,U    100 GENERACION ZONA ESPAÑOLA RE Mercado Solar Foto,"ENGIE ESPAÑA,S.",L.,,,,,OMIE exact unit code,
EBLVD77,REPRESENTACION,EOL,,,U    100 GENERACION ZONA ESPAÑOLA RE Mercado Solar Foto,"ENGIE ESPAÑA,S.",L.,,,,,OMIE exact unit code,
EBLVD78,REPRESENTACION,EOL,,,U    100 GENERACION ZONA ESPAÑOLA RE Mercado Eólica,"ENGIE ESPAÑA,S.",L.,,,,,OMIE exact unit code,
EBRA,UGH. EBRO ALTO (I,BER,,,ÍA ESPAÑA S..A.   100 GENERACION ZONA ESPAÑOLA Hidráulica Ge neración,IBERDROLA ENER,G,,,,,OMIE exact unit code,
EBRERZ,UGH. EBRO ERZ,,,,"Ó N, S.A.   100 GENERACION ZONA ESPAÑOLA Hidráulica Ge neración",ENDESA GENERA,CI,,,,,OMIE exact unit code,
EBRFEN,UGH EBRO FECSA,ENH,,,"Ó N, S.A.   100 GENERACION ZONA ESPAÑOLA Hidráulica Ge neración",ENDESA GENERA,CI,,,,,OMIE exact unit code,
ECHO,CHORRO DEL DUQU,E,,,AC T.: COMERCIALIZACIÓ N RE)  100 GENERACION ZONA ESPAÑOLA Hidráulica Ge neración,WIND TO MARKET,(,,,,,OMIE exact unit code,
ECOCV02,ECOCH VENTA,,,,    100 GENERACION ZONA PORTUGUESA RE Tarifa CU R (uof),"ECO CHOICE,SA",,,,,,OMIE exact unit code,
ECT2,C.C. ESCATRÓN 2,,,,    100 GENERACION ZONA ESPAÑOLA Ciclo Combin ado,IGNIS ENERGIA S,.L.,,,,,OMIE exact unit code,
ECT3,C.C. ESCATRÓN 3,,,,"R ENOVABLES, S.A.   100 GENERACION ZONA ESPAÑOLA Ciclo Combin ado",REPSOL SERVICI,OS,,,,,OMIE exact unit code,
ECYRRE1,ECYR VENTA REG.,ESP,,,R ESPAÑA SL (ACT: COM RE)  100 GENERACION ZONA ESPAÑOLA RE Mercado Eólica,ENEL GREEN PO,WE,,,,,OMIE exact unit code,
EDPGPV2,VENTA REPRESENT,ACI,,,L S.A.   100 GENERACION ZONA PORTUGUESA RE Tarifa CU R (uof),EDP GEM PORTU,GA,,,,,OMIE exact unit code,
EDPSVD1,VENTA RE,,,,S. A.   100 GENERACION ZONA PORTUGUESA RE Tarifa CU R (uof),SU ELETRICIDAD,"E,",,,,,OMIE exact unit code,
EDPSVD2,VENDA DE RE CUR,,,,S. A.   100 GENERACION ZONA PORTUGUESA RE Tarifa CU R (uof),SU ELETRICIDAD,"E,",,,,,OMIE exact unit code,
EDPSVD3,ATIVOS LEILÃO SOL,AR,,,S. A.   100 GENERACION ZONA PORTUGUESA RE Tarifa CU R (uof),SU ELETRICIDAD,"E,",,,,,OMIE exact unit code,
EDPV2,VENTA AUTOCONS,UMO,,,OM ERCIALIZACAO DE EN ERGIA SA 100 GENERACION ZONA PORTUGUESA RE Tarifa CU R (uof),EDP COMERCIAL,C,,,,,OMIE exact unit code,
EDRE001,ACCIONA VENTA 00,1,,,NE RGY DEVELOPMENTS (ACT. COMERCI 100 GENERACION ZONA ESPAÑOLA RE Mercado Solar Foto,ACCIONA GREEN,E,,,,,OMIE exact unit code,
EDRE002,ACCIONA VENTA 00,2,,,NE RGY DEVELOPMENTS (ACT. COMERCI 100 GENERACION ZONA ESPAÑOLA RE Mercado Solar Foto,ACCIONA GREEN,E,,,,,OMIE exact unit code,
EDRE003,ACCIONA VENTA 00,3,,,NE RGY DEVELOPMENTS (ACT. COMERCI 100 GENERACION ZONA ESPAÑOLA RE Mercado Hidráulica,ACCIONA GREEN,E,,,,,OMIE exact unit code,
EDRE004,ACCIONA VENTA 00,4,,,NE RGY DEVELOPMENTS (ACT. COMERCI 100 GENERACION ZONA ESPAÑOLA RE Mercado Hidráulica,ACCIONA GREEN,E,,,,,OMIE exact unit code,
EDRE005,ACCIONA VENTA 00,5,,,NE RGY DEVELOPMENTS (ACT. COMERCI 100 GENERACION ZONA ESPAÑOLA RE Mercado Térmica R,ACCIONA GREEN,E,,,,,OMIE exact unit code,
EDRE006,ACCIONA VENTA 00,6,,,NE RGY DEVELOPMENTS (ACT. COMERCI 100 GENERACION ZONA ESPAÑOLA RE Mercado Solar Foto,ACCIONA GREEN,E,,,,,OMIE exact unit code,
EDRE007,ACCIONA VENTA 00,7,,,NE RGY DEVELOPMENTS (ACT. COMERCI 100 GENERACION ZONA ESPAÑOLA RE Mercado Solar Foto,ACCIONA GREEN,E,,,,,OMIE exact unit code,
EDRE008,ACCIONA VENTA 00,8,,,NE RGY DEVELOPMENTS (ACT. COMERCI 100 GENERACION ZONA ESPAÑOLA RE Mercado Térmica R,ACCIONA GREEN,E,,,,,OMIE exact unit code,
EDRE009,ACCIONA VENTA 00,9,,,NE RGY DEVELOPMENTS (ACT. COMERCI 100 GENERACION ZONA ESPAÑOLA RE Mercado Térmica n,ACCIONA GREEN,E,,,,,OMIE exact unit code,
EDRE010,ACCIONA VENTA 010,,,,DEVELOPMENTS (ACT. COMERCI 100 GENERACION ZONA ESPAÑOLA RE Mercado Térmica n,ACCIONA GREEN,ENERGY,,,,,OMIE exact unit code,
EDRE012,ACCIONA VENTA 012,,,,DEVELOPMENTS (ACT. COMERCI 100 GENERACION ZONA ESPAÑOLA RE Mercado Eólica,ACCIONA GREEN,ENERGY,,,,,OMIE exact unit code,
EDRE013,ACCIONA VENTA 013,,,,DEVELOPMENTS (ACT. COMERCI 100 GENERACION ZONA ESPAÑOLA RE Mercado Eólica,ACCIONA GREEN,ENERGY,,,,,OMIE exact unit code,
EDRE014,ACCIONA VENTA 014,,,,DEVELOPMENTS (ACT. COMERCI 100 GENERACION ZONA ESPAÑOLA RE Mercado Eólica,ACCIONA GREEN,ENERGY,,,,,OMIE exact unit code,
EDRE015,ACCIONA VENTA 015,,,,DEVELOPMENTS (ACT. COMERCI 100 GENERACION ZONA ESPAÑOLA RE Mercado Eólica,ACCIONA GREEN,ENERGY,,,,,OMIE exact unit code,
EDRE016,ACCIONA VENTA 016,,,,DEVELOPMENTS (ACT. COMERCI 100 GENERACION ZONA ESPAÑOLA RE Mercado Eólica,ACCIONA GREEN,ENERGY,,,,,OMIE exact unit code,
EDRE017,ACCIONA VENTA 017,,,,DEVELOPMENTS (ACT. COMERCI 100 GENERACION ZONA ESPAÑOLA RE Mercado Eólica,ACCIONA GREEN,ENERGY,,,,,OMIE exact unit code,
EDRE018,ACCIONA VENTA 018,,,,DEVELOPMENTS (ACT. COMERCI 100 GENERACION ZONA ESPAÑOLA RE Mercado Eólica,ACCIONA GREEN,ENERGY,,,,,OMIE exact unit code,
EDRE019,ACCIONA VENTA 019,,,,DEVELOPMENTS (ACT. COMERCI 100 GENERACION ZONA ESPAÑOLA RE Mercado Eólica,ACCIONA GREEN,ENERGY,,,,,OMIE exact unit code,
EDRE020,ACCIONA VENTA 020,,,,DEVELOPMENTS (ACT. COMERCI 100 GENERACION ZONA ESPAÑOLA RE Mercado Eólica,ACCIONA GREEN,ENERGY,,,,,OMIE exact unit code,
EDRE021,ACCIONA VENTA 021,,,,DEVELOPMENTS (ACT. COMERCI 100 GENERACION ZONA ESPAÑOLA RE Mercado Eólica,ACCIONA GREEN,ENERGY,,,,,OMIE exact unit code,
EDRE022,ACCIONA VENTA 022,,,,DEVELOPMENTS (ACT. COMERCI 100 GENERACION ZONA ESPAÑOLA RE Mercado Eólica,ACCIONA GREEN,ENERGY,,,,,OMIE exact unit code,
EDRE027,ACCIONA VENTA 027,,,,DEVELOPMENTS (ACT. COMERCI 100 GENERACION ZONA ESPAÑOLA RE Mercado Eólica,ACCIONA GREEN,ENERGY,,,,,OMIE exact unit code,
EDRE029,ACCIONA VENTA 029,,,,DEVELOPMENTS (ACT. COMERCI 100 GENERACION ZONA ESPAÑOLA RE Mercado Eólica,ACCIONA GREEN,ENERGY,,,,,OMIE exact unit code,
EDRE030,ACCIONA VENTA 030,,,,DEVELOPMENTS (ACT. COMERCI 100 GENERACION ZONA ESPAÑOLA RE Mercado Hidráulica,ACCIONA GREEN,ENERGY,,,,,OMIE exact unit code,
EDRE031,SALTOS DE AGUA M,AYORES,,,DEVELOPMENTS (ACT. COMERCI 100 GENERACION ZONA ESPAÑOLA RE Mercado Hidráulica,ACCIONA GREEN,ENERGY,,,,,OMIE exact unit code,
EDRE032,SALTOS DEL NANSA,I,,,DEVELOPMENTS (ACT. COMERCI 100 GENERACION ZONA ESPAÑOLA RE Mercado Hidráulica,ACCIONA GREEN,ENERGY,,,,,OMIE exact unit code,
EDRE033,SALTOS Y CENTRAL,ES CATALU,,,DEVELOPMENTS (ACT. COMERCI 100 GENERACION ZONA ESPAÑOLA RE Mercado Hidráulica,ACCIONA GREEN,ENERGY,,,,,OMIE exact unit code,
EDRE034,HIDROELECTRICA D,EL SERRAD,,,DEVELOPMENTS (ACT. COMERCI 100 GENERACION ZONA ESPAÑOLA RE Mercado Hidráulica,ACCIONA GREEN,ENERGY,,,,,OMIE exact unit code,
EDRE035,HIBRI VENTA EXTRE,M3,,,DEVELOPMENTS (ACT. COMERCI 100 GENERACION ZONA ESPAÑOLA Híbrida Reno v.-Almace,ACCIONA GREEN,ENERGY,,,,,OMIE exact unit code,
EDRE036,SALTOS Y CENTRAL,ES CATALU,,,DEVELOPMENTS (ACT. COMERCI 100 GENERACION ZONA ESPAÑOLA RE Mercado Hidráulica,ACCIONA GREEN,ENERGY,,,,,OMIE exact unit code,
EFGVD1,VENTA FE RE TARIFA,,,,NERACIÓN)   100 GENERACION ZONA ESPAÑOLA RE Mercado Solar Foto,FACTOR ENERGIA,(ACT. GE,,,,,OMIE exact unit code,
EFGVD10,EFGVD10,,,,NERACIÓN)   100 GENERACION ZONA ESPAÑOLA RE Mercado Hidráulica,FACTOR ENERGIA,(ACT. GE,,,,,OMIE exact unit code,
EFGVD12,EFGVD12,,,,NERACIÓN)   100 GENERACION ZONA ESPAÑOLA RE Mercado Eólica,FACTOR ENERGIA,(ACT. GE,,,,,OMIE exact unit code,
EFGVD14,EFGVD14,,,,NERACIÓN)   100 GENERACION ZONA ESPAÑOLA RE Mercado Solar Foto,FACTOR ENERGIA,(ACT. GE,,,,,OMIE exact unit code,
EFGVD15,EFGVD15,,,,NERACIÓN)   100 GENERACION ZONA ESPAÑOLA RE Mercado Solar Foto,FACTOR ENERGIA,(ACT. GE,,,,,OMIE exact unit code,
EFGVD16,EFGVD16,,,,NERACIÓN)   100 GENERACION ZONA ESPAÑOLA RE Mercado Solar Foto,FACTOR ENERGIA,(ACT. GE,,,,,OMIE exact unit code,
EFGVD18,EFGVD18,,,,NERACIÓN)   100 GENERACION ZONA ESPAÑOLA RE Mercado Solar Foto,FACTOR ENERGIA,(ACT. GE,,,,,OMIE exact unit code,
EFGVD20,EFGVD20,,,,NERACIÓN)   100 GENERACION ZONA ESPAÑOLA RE Mercado Solar Foto,FACTOR ENERGIA,(ACT. GE,,,,,OMIE exact unit code,
EFGVD21,EFGVD21,,,,NERACIÓN)   100 GENERACION ZONA ESPAÑOLA RE Mercado Solar Foto,FACTOR ENERGIA,(ACT. GE,,,,,OMIE exact unit code,
EFGVD22,EFGVD22,,,,NERACIÓN)   100 GENERACION ZONA ESPAÑOLA RE Mercado Solar Foto,FACTOR ENERGIA,(ACT. GE,,,,,OMIE exact unit code,
EFGVD23,UNIDAD VD 23,,,,NERACIÓN)   100 GENERACION ZONA ESPAÑOLA RE Mercado Solar Foto,FACTOR ENERGIA,(ACT. GE,,,,,OMIE exact unit code,
EFGVD24,EFGVD24,,,,NERACIÓN)   100 GENERACION ZONA ESPAÑOLA RE Mercado Solar Foto,FACTOR ENERGIA,(ACT. GE,,,,,OMIE exact unit code,
EFGVD25,EFGVD25,,,,NERACIÓN)   100 GENERACION ZONA ESPAÑOLA RE Mercado Solar Foto,FACTOR ENERGIA,(ACT. GE,,,,,OMIE exact unit code,
EFGVD26,EFGVD26,,,,NERACIÓN)   100 GENERACION ZONA ESPAÑOLA RE Mercado Solar Foto,FACTOR ENERGIA,(ACT. GE,,,,,OMIE exact unit code,
EFGVD27,EFGVD27,,,,NERACIÓN)   100 GENERACION ZONA ESPAÑOLA RE Mercado Solar Foto,FACTOR ENERGIA,(ACT. GE,,,,,OMIE exact unit code,
EFGVD28,EFGVD28,,,,NERACIÓN)   100 GENERACION ZONA ESPAÑOLA RE Mercado Hidráulica,FACTOR ENERGIA,(ACT. GE,,,,,OMIE exact unit code,
EFGVD29,EFGVD29,,,,NERACIÓN)   100 GENERACION ZONA ESPAÑOLA RE Mercado Solar Foto,FACTOR ENERGIA,(ACT. GE,,,,,OMIE exact unit code,
EFGVD30,EFGVD30,,,,NERACIÓN)   100 GENERACION ZONA ESPAÑOLA RE Mercado Solar Foto,FACTOR ENERGIA,(ACT. GE,,,,,OMIE exact unit code,
EFGVD5,EFGVD5,,,,NERACIÓN)   100 GENERACION ZONA ESPAÑOLA RE Mercado Solar Foto,FACTOR ENERGIA,(ACT. GE,,,,,OMIE exact unit code,
EFGVD9,EFGVD9,,,,NERACIÓN)   100 GENERACION ZONA ESPAÑOLA RE Mercado Hidráulica,FACTOR ENERGIA,(ACT. GE,,,,,OMIE exact unit code,
EFIVD01,UOF VENTA EXCEDE,NTES FV,,,   100 GENERACION ZONA ESPAÑOLA RE Mercado Solar Foto,EFIDUERO ENERG,Y SCEL,,,,,OMIE exact unit code,
EGDRE10,AC. GREEN EN. DEV.,VENTA RE,,,DEVELOPMENTS (ACT. COMERCI 100 GENERACION ZONA ESPAÑOLA RE Mercado Eólica,ACCIONA GREEN,ENERGY,,,,,OMIE exact unit code,
EGEDRE1,AC. GREEN EN. DEV.,VENTA RE,,,DEVELOPMENTS (ACT. COMERCI 100 GENERACION ZONA ESPAÑOLA RE Mercado Eólica,ACCIONA GREEN,ENERGY,,,,,OMIE exact unit code,
EGEDRE3,AC. GREEN EN. DEV.,VENTA RE,,,DEVELOPMENTS (ACT. COMERCI 100 GENERACION ZONA ESPAÑOLA RE Mercado Eólica,ACCIONA GREEN,ENERGY,,,,,OMIE exact unit code,
EGEDRE4,AC. GREEN EN. DEV.,VENTA RE,,,DEVELOPMENTS (ACT. COMERCI 100 GENERACION ZONA ESPAÑOLA Híbrida Reno vable,ACCIONA GREEN,ENERGY,,,,,OMIE exact unit code,
EGEDRE5,AC. GREEN EN. DEV.,VENTA RE,,,DEVELOPMENTS (ACT. COMERCI 100 GENERACION ZONA ESPAÑOLA RE Mercado Eólica,ACCIONA GREEN,ENERGY,,,,,OMIE exact unit code,
EGEDRE6,AC. GREEN EN. DEV.,VENTA RE,,,DEVELOPMENTS (ACT. COMERCI 100 GENERACION ZONA ESPAÑOLA RE Mercado Eólica,ACCIONA GREEN,ENERGY,,,,,OMIE exact unit code,
EGEDRE9,AC.GREEN EN. DEV.,VENTA RE,,,DEVELOPMENTS (ACT. COMERCI 100 GENERACION ZONA ESPAÑOLA RE Mercado Eólica,ACCIONA GREEN,ENERGY,,,,,OMIE exact unit code,
EGEDVD3,UNIDAD OFERTANTE,TARIFA 3,,,DEVELOPMENTS (ACT. COMERCI 100 GENERACION ZONA ESPAÑOLA RE Mercado Eólica,ACCIONA GREEN,ENERGY,,,,,OMIE exact unit code,
EGEDVD4,UNIDAD OFERTA TA,RIFA 4,,,DEVELOPMENTS (ACT. COMERCI 100 GENERACION ZONA ESPAÑOLA RE Mercado Eólica,ACCIONA GREEN,ENERGY,,,,,OMIE exact unit code,
EGEDVD5,UNIDAD OFERTA TA,RIFA 5,,,DEVELOPMENTS (ACT. COMERCI 100 GENERACION ZONA ESPAÑOLA RE Mercado Térmica R,ACCIONA GREEN,ENERGY,,,,,OMIE exact unit code,
EGEDVD6,UNIDAD OFERTA TA,RIFA 6,,,DEVELOPMENTS (ACT. COMERCI 100 GENERACION ZONA ESPAÑOLA RE Mercado Hidráulica,ACCIONA GREEN,ENERGY,,,,,OMIE exact unit code,
EGEDVD7,UNIDAD OFERTA TA,RIFA 7,,,DEVELOPMENTS (ACT. COMERCI 100 GENERACION ZONA ESPAÑOLA RE Mercado Hidráulica,ACCIONA GREEN,ENERGY,,,,,OMIE exact unit code,
EGEDVD8,BIOMASA EXTREMAD,URA 1,,,DEVELOPMENTS (ACT. COMERCI 100 GENERACION ZONA ESPAÑOLA RE Mercado Térmica R,ACCIONA GREEN,ENERGY,,,,,OMIE exact unit code,
EGLEVD1,VENTA EXCED. AUTO,PROD. EGL,,,   100 GENERACION ZONA ESPAÑOLA RE Mercado Hidráulica,"AXPO IBERIA, S.L.",,,,,,OMIE exact unit code,
EGLEV2,UNIDAD DE OFERTA,PORTUGAL,,,   100 GENERACION ZONA PORTUGUESA RE Tarifa CU R (uof),"AXPO IBERIA, S.L.",,,,,,OMIE exact unit code,
EGPM003,EGLE VENTA ESP. 003,AXPO,Axpo,verified_corporate,    100 GENERACION ZONA ESPAÑOLA RE Mercado Eólica,S.L.,,,,,,OMIE exact unit code,https://www.axpo.com/es/es/about-us/axpo-iberia.html
EGPM004,EGLE VENTA ESP. 004,AXPO,Axpo,verified_corporate,    100 GENERACION ZONA ESPAÑOLA RE Mercado Hidráulica,S.L.,,,,,,OMIE exact unit code,https://www.axpo.com/es/es/about-us/axpo-iberia.html
EGPRE02,EOLICA EEGPEM,ENEL,,,SL (ACT: COM RE) 100 GENERACION ZONA ESPAÑOLA RE Mercado Eólica,POWER,ESPAÑA,,,,,OMIE exact unit code,
EGPRE21,EGPRE21-TICO,ENEL,,,SL (ACT: COM RE) 100 GENERACION ZONA ESPAÑOLA RE Mercado Eólica,POWER,ESPAÑA,,,,,OMIE exact unit code,
EGPRE22,EGPRE22-EEGPE1,ENEL,,,SL (ACT: COM RE) 100 GENERACION ZONA ESPAÑOLA RE Mercado Eólica,POWER,ESPAÑA,,,,,OMIE exact unit code,
EGPRE26,EOL 100 SOCIEDAD NOHAB NOZR,ENEL,,,SL (ACT: COM RE) 100 GENERACION ZONA ESPAÑOLA RE Mercado Eólica,POWER,ESPAÑA,,,,,OMIE exact unit code,
EGPRE28,EOL EEGPES SRS 100ECYR,ENEL,,,SL (ACT: COM RE) 100 GENERACION ZONA ESPAÑOLA RE Mercado Eólica,POWER,ESPAÑA,,,,,OMIE exact unit code,
EGPRE29,EOL EREGPES SRS NO100ECYR,ENEL,,,SL (ACT: COM RE) 100 GENERACION ZONA ESPAÑOLA RE Mercado Eólica,POWER,ESPAÑA,,,,,OMIE exact unit code,
EGPRE30,EEGPEV,ENEL,,,SL (ACT: COM RE) 100 GENERACION ZONA ESPAÑOLA RE Mercado Eólica,POWER,ESPAÑA,,,,,OMIE exact unit code,
EGPRE31,EGPRE31-EREGPEV,ENEL,,,SL (ACT: COM RE) 100 GENERACION ZONA ESPAÑOLA RE Mercado Eólica,POWER,ESPAÑA,,,,,OMIE exact unit code,
EGPRE51,FV FEGPE3,ENEL,,,SL (ACT: COM RE) 100 GENERACION ZONA ESPAÑOLA RE Mercado Solar Foto,POWER,ESPAÑA,,,,,OMIE exact unit code,
EGPRE52,FV FREGP3,ENEL,,,SL (ACT: COM RE) 100 GENERACION ZONA ESPAÑOLA RE Mercado Solar Foto,POWER,ESPAÑA,,,,,OMIE exact unit code,
EGPRE54,FV SOCIE EGPE MAS 1 MW Y NO ZR,ENEL,,,SL (ACT: COM RE) 100 GENERACION ZONA ESPAÑOLA RE Mercado Solar Foto,POWER,ESPAÑA,,,,,OMIE exact unit code,
EGPRE55,FV SUBASTAS FREGPEM,ENEL,,,SL (ACT: COM RE) 100 GENERACION ZONA ESPAÑOLA RE Mercado Solar Foto,POWER,ESPAÑA,,,,,OMIE exact unit code,
EGPRE56,FV 100EGPE HAB FEGPEM,ENEL,,,SL (ACT: COM RE) 100 GENERACION ZONA ESPAÑOLA RE Mercado Solar Foto,POWER,ESPAÑA,,,,,OMIE exact unit code,
EGPRE57,FV SOCIEDADES REER,ENEL,,,SL (ACT: COM RE) 100 GENERACION ZONA ESPAÑOLA RE Mercado Solar Foto,POWER,ESPAÑA,,,,,OMIE exact unit code,
EGPRE58,FV 100EGPE NOZR,ENEL,,,SL (ACT: COM RE) 100 GENERACION ZONA ESPAÑOLA RE Mercado Solar Foto,POWER,ESPAÑA,,,,,OMIE exact unit code,
EGPRE59,EGPRE59-FVEMINN,ENEL,,,SL (ACT: COM RE) 100 GENERACION ZONA ESPAÑOLA RE Mercado Solar Foto,POWER,ESPAÑA,,,,,OMIE exact unit code,
EGPRE60,EGPRE60-FEGPE5,ENEL,,,SL (ACT: COM RE) 100 GENERACION ZONA ESPAÑOLA RE Mercado Solar Foto,POWER,ESPAÑA,,,,,OMIE exact unit code,
EGPRE61,FV 100EGPE RA_ZR,ENEL,,,SL (ACT: COM RE) 100 GENERACION ZONA ESPAÑOLA RE Mercado Solar Foto,POWER,ESPAÑA,,,,,OMIE exact unit code,
EGPRE62,EGPRE62-FCENTUR,ENEL,,,SL (ACT: COM RE) 100 GENERACION ZONA ESPAÑOLA RE Mercado Solar Foto,POWER,ESPAÑA,,,,,OMIE exact unit code,
EGPRE63,EGPRE63-FESPARR,ENEL,,,SL (ACT: COM RE) 100 GENERACION ZONA ESPAÑOLA RE Mercado Solar Foto,POWER,ESPAÑA,,,,,OMIE exact unit code,
EGPRE64,EGPRE64-FTREVAG-FTREVEU,ENEL,,,SL (ACT: COM RE) 100 GENERACION ZONA ESPAÑOLA RE Mercado Solar Foto,POWER,ESPAÑA,,,,,OMIE exact unit code,
EGPRE65,EGPRE65-FBALBON,ENEL,,,SL (ACT: COM RE) 100 GENERACION ZONA ESPAÑOLA RE Mercado Solar Foto,POWER,ESPAÑA,,,,,OMIE exact unit code,
EGPRE66,EGPRE66-FROCINA,ENEL,,,SL (ACT: COM RE) 100 GENERACION ZONA ESPAÑOLA RE Mercado Solar Foto,POWER,ESPAÑA,,,,,OMIE exact unit code,
EGPRE67,EGPRE67-FEGPEV,ENEL,,,SL (ACT: COM RE) 100 GENERACION ZONA ESPAÑOLA RE Mercado Solar Foto,POWER,ESPAÑA,,,,,OMIE exact unit code,
EGPRE68,EGPRE68-FREGPEV,ENEL,,,SL (ACT: COM RE) 100 GENERACION ZONA ESPAÑOLA RE Mercado Solar Foto,POWER,ESPAÑA,,,,,OMIE exact unit code,
EGPRE80,HIDRAULICA HEGPE,ENEL,,,SL (ACT: COM RE) 100 GENERACION ZONA ESPAÑOLA RE Mercado Hidráulica,POWER,ESPAÑA,,,,,OMIE exact unit code,
EGPRE81,HIDRAULICA HEGPE3 MENOR 1 MW,ENEL,,,SL (ACT: COM RE) 100 GENERACION ZONA ESPAÑOLA RE Mercado Hidráulica,POWER,ESPAÑA,,,,,OMIE exact unit code,
EGPRE82,HIDRAULICA REPRESENTADA HREGPE,ENEL,,,SL (ACT: COM RE) 100 GENERACION ZONA ESPAÑOLA RE Mercado Hidráulica,POWER,ESPAÑA,,,,,OMIE exact unit code,
EGPRE90,BIOMASA REGPE3,ENEL,,,SL (ACT: COM RE) 100 GENERACION ZONA ESPAÑOLA RE Mercado Térmica R,POWER,ESPAÑA,,,,,OMIE exact unit code,
EGVD003,EOLICAS (TARIFA)>10MW,AXPO,Axpo,verified_corporate,    100 GENERACION ZONA ESPAÑOLA RE Mercado Eólica,S.L.,,,,,,OMIE exact unit code,https://www.axpo.com/es/es/about-us/axpo-iberia.html
EGVD004,FOTOVOLTAICAS(TARIFA)<10MW,AXPO,Axpo,verified_corporate,    100 GENERACION ZONA ESPAÑOLA RE Mercado Solar Foto,S.L.,,,,,,OMIE exact unit code,https://www.axpo.com/es/es/about-us/axpo-iberia.html
EGVD007,COG.RENOV (TARIFA) <10MW,AXPO,Axpo,verified_corporate,    100 GENERACION ZONA ESPAÑOLA RE Mercado Térmica R,S.L.,,,,,,OMIE exact unit code,https://www.axpo.com/es/es/about-us/axpo-iberia.html
EGVD011,COG.TERM<10MW,AXPO,Axpo,verified_corporate,    100 GENERACION ZONA ESPAÑOLA RE Mercado Térmica n,S.L.,,,,,,OMIE exact unit code,https://www.axpo.com/es/es/about-us/axpo-iberia.html
EGVD024,AXPO VENTA R.ESPECIAL. 024,AXPO,Axpo,verified_corporate,    100 GENERACION ZONA ESPAÑOLA RE Mercado Eólica,S.L.,,,,,,OMIE exact unit code,https://www.axpo.com/es/es/about-us/axpo-iberia.html
EGVD051,AXPO VENTA R. ESPECIAL 051,AXPO,Axpo,verified_corporate,    100 GENERACION ZONA ESPAÑOLA RE Mercado Eólica,S.L.,,,,,,OMIE exact unit code,https://www.axpo.com/es/es/about-us/axpo-iberia.html
EGVD052,AXPO VENTA R. ESPECIAL 052,AXPO,Axpo,verified_corporate,    100 GENERACION ZONA ESPAÑOLA RE Mercado Eólica,S.L.,,,,,,OMIE exact unit code,https://www.axpo.com/es/es/about-us/axpo-iberia.html
EGVD053,AXPO VENTA R. ESPECIAL 053,AXPO,Axpo,verified_corporate,    100 GENERACION ZONA ESPAÑOLA RE Mercado Eólica,S.L.,,,,,,OMIE exact unit code,https://www.axpo.com/es/es/about-us/axpo-iberia.html
EGVD055,AXPO VENTA R. ESPECIAL 055,AXPO,Axpo,verified_corporate,    100 GENERACION ZONA ESPAÑOLA RE Mercado Eólica,S.L.,,,,,,OMIE exact unit code,https://www.axpo.com/es/es/about-us/axpo-iberia.html
EGVD056,AXPO VENTA R. ESPECIAL 056,AXPO,Axpo,verified_corporate,    100 GENERACION ZONA ESPAÑOLA RE Mercado Eólica,S.L.,,,,,,OMIE exact unit code,https://www.axpo.com/es/es/about-us/axpo-iberia.html
EGVD061,AXPO VENTA R. ESPECIAL 061,AXPO,Axpo,verified_corporate,    100 GENERACION ZONA ESPAÑOLA RE Mercado Térmica n,S.L.,,,,,,OMIE exact unit code,https://www.axpo.com/es/es/about-us/axpo-iberia.html
EGVD062,AXPO VENTA R. ESPECIAL 062,AXPO,Axpo,verified_corporate,    100 GENERACION ZONA ESPAÑOLA RE Mercado Térmica n,S.L.,,,,,,OMIE exact unit code,https://www.axpo.com/es/es/about-us/axpo-iberia.html
EGVD064,AXPO VENTA R. ESPECIAL 064,AXPO,Axpo,verified_corporate,    100 GENERACION ZONA ESPAÑOLA RE Mercado Eólica,S.L.,,,,,,OMIE exact unit code,https://www.axpo.com/es/es/about-us/axpo-iberia.html
EGVD065,AXPO VENTA R. ESPECIAL 065,AXPO,Axpo,verified_corporate,    100 GENERACION ZONA ESPAÑOLA RE Mercado Eólica,S.L.,,,,,,OMIE exact unit code,https://www.axpo.com/es/es/about-us/axpo-iberia.html
EGVD066,AXPO VENTA R. ESPECIAL 066,AXPO,Axpo,verified_corporate,    100 GENERACION ZONA ESPAÑOLA RE Mercado Térmica n,S.L.,,,,,,OMIE exact unit code,https://www.axpo.com/es/es/about-us/axpo-iberia.html
EGVD067,AXPO VENTA R. ESPECIAL 067,AXPO,Axpo,verified_corporate,    100 GENERACION ZONA ESPAÑOLA RE Mercado Térmica n,S.L.,,,,,,OMIE exact unit code,https://www.axpo.com/es/es/about-us/axpo-iberia.html
EGVD068,AXPO VENTA R. ESPECIAL 068,AXPO,Axpo,verified_corporate,    100 GENERACION ZONA ESPAÑOLA RE Mercado Eólica,S.L.,,,,,,OMIE exact unit code,https://www.axpo.com/es/es/about-us/axpo-iberia.html
EGVD074,AXPO VENTA R. ESPECIAL 074,AXPO,Axpo,verified_corporate,    100 GENERACION ZONA ESPAÑOLA RE Mercado Eólica,S.L.,,,,,,OMIE exact unit code,https://www.axpo.com/es/es/about-us/axpo-iberia.html
EGVD075,AXPO VENTA R. ESPECIAL 075,AXPO,Axpo,verified_corporate,    100 GENERACION ZONA ESPAÑOLA RE Mercado Eólica,S.L.,,,,,,OMIE exact unit code,https://www.axpo.com/es/es/about-us/axpo-iberia.html
EGVD076,AXPO VENTA R. ESPECIAL 076,AXPO,Axpo,verified_corporate,    100 GENERACION ZONA ESPAÑOLA RE Mercado Eólica,S.L.,,,,,,OMIE exact unit code,https://www.axpo.com/es/es/about-us/axpo-iberia.html
EGVD083,AXPO VENTA R. ESPECIAL 083,AXPO,Axpo,verified_corporate,    100 GENERACION ZONA ESPAÑOLA RE Mercado Eólica,S.L.,,,,,,OMIE exact unit code,https://www.axpo.com/es/es/about-us/axpo-iberia.html
EGVD085,AXPO VENTA R. ESPECIAL 085,AXPO,Axpo,verified_corporate,    100 GENERACION ZONA ESPAÑOLA RE Mercado Eólica,S.L.,,,,,,OMIE exact unit code,https://www.axpo.com/es/es/about-us/axpo-iberia.html
EGVD087,AXPO VENTA R. ESPECIAL 087,AXPO,Axpo,verified_corporate,    100 GENERACION ZONA ESPAÑOLA RE Mercado Eólica,S.L.,,,,,,OMIE exact unit code,https://www.axpo.com/es/es/about-us/axpo-iberia.html
EGVD090,AXPO,VENTA,,,"AXPO IBERIA, S.L. 100 GENERACION ZONA ESPAÑOLA RE Mercado Térmica n",ESPECIAL,090,,,,,OMIE exact unit code,
EGVD091,AXPO,VENTA,,,"AXPO IBERIA, S.L. 100 GENERACION ZONA ESPAÑOLA RE Mercado Térmica n",ESPECIAL,091,,,,,OMIE exact unit code,
EGVD092,AXPO,VENTA,,,"AXPO IBERIA, S.L. 100 GENERACION ZONA ESPAÑOLA RE Mercado Eólica",ESPECIAL,092,,,,,OMIE exact unit code,
EGVD094,AXPO,VENTA,,,"AXPO IBERIA, S.L. 100 GENERACION ZONA ESPAÑOLA RE Mercado Eólica",ESPECIAL,094,,,,,OMIE exact unit code,
EGVD095,AXPO,VENTA,,,"AXPO IBERIA, S.L. 100 GENERACION ZONA ESPAÑOLA RE Mercado Eólica",ESPECIAL,095,,,,,OMIE exact unit code,
EGVD096,AXPO,VENTA,,,"AXPO IBERIA, S.L. 100 GENERACION ZONA ESPAÑOLA RE Mercado Eólica",ESPECIAL,096,,,,,OMIE exact unit code,
EGVD097,AXPO,VENTA,,,"AXPO IBERIA, S.L. 100 GENERACION ZONA ESPAÑOLA RE Mercado Eólica",ESPECIAL,097,,,,,OMIE exact unit code,
EGVD099,AXPO,VENTA,,,"AXPO IBERIA, S.L. 100 GENERACION ZONA ESPAÑOLA RE Mercado Eólica",ESPECIAL,099,,,,,OMIE exact unit code,
EGVD100,AXPO,VENTA,,,"AXPO IBERIA, S.L. 100 GENERACION ZONA ESPAÑOLA RE Mercado Eólica",ESPECIAL,100,,,,,OMIE exact unit code,
EGVD104,AXPO,VENTA,,,"AXPO IBERIA, S.L. 100 GENERACION ZONA ESPAÑOLA RE Mercado Térmica n",ESPECIAL,104,,,,,OMIE exact unit code,
EGVD106,AXPO,VENTA,,,"AXPO IBERIA, S.L. 100 GENERACION ZONA ESPAÑOLA RE Mercado Térmica n",ESPECIAL,106,,,,,OMIE exact unit code,
EGVD107,AXPO,VENTA,,,"AXPO IBERIA, S.L. 100 GENERACION ZONA ESPAÑOLA RE Mercado Térmica n",ESPECIAL,107,,,,,OMIE exact unit code,
EGVD108,AXPO,VENTA,,,"AXPO IBERIA, S.L. 100 GENERACION ZONA ESPAÑOLA RE Mercado Térmica n",ESPECIAL,108,,,,,OMIE exact unit code,
EGVD109,AXPO,VENTA,,,"AXPO IBERIA, S.L. 100 GENERACION ZONA ESPAÑOLA RE Mercado Térmica n",ESPECIAL,109,,,,,OMIE exact unit code,
EGVD111,AXPO,VENTA,,,"AXPO IBERIA, S.L. 100 GENERACION ZONA ESPAÑOLA RE Mercado Térmica n",ESPECIAL,111,,,,,OMIE exact unit code,
EGVD114,AXPO,VENTA,,,"AXPO IBERIA, S.L. 100 GENERACION ZONA ESPAÑOLA RE Mercado Eólica",ESPECIAL,114,,,,,OMIE exact unit code,
EGVD115,AXPO,VENTA,,,"AXPO IBERIA, S.L. 100 GENERACION ZONA ESPAÑOLA RE Mercado Eólica",ESPECIAL,115,,,,,OMIE exact unit code,
EGVD116,AXPO,VENTA,,,"AXPO IBERIA, S.L. 100 GENERACION ZONA ESPAÑOLA RE Mercado Térmica n",ESPECIAL,116,,,,,OMIE exact unit code,
EGVD121,AXPO,VENTA,,,"AXPO IBERIA, S.L. 100 GENERACION ZONA ESPAÑOLA RE Mercado Térmica n",ESPECIAL,121,,,,,OMIE exact unit code,
EGVD122,AXPO,VENTA,,,"AXPO IBERIA, S.L. 100 GENERACION ZONA ESPAÑOLA RE Mercado Térmica n",ESPECIAL,122,,,,,OMIE exact unit code,
EGVD123,AXPO,VENTA,,,"AXPO IBERIA, S.L. 100 GENERACION ZONA ESPAÑOLA RE Mercado Térmica n",ESPECIAL,123,,,,,OMIE exact unit code,
EGVD124,AXPO,VENTA,,,"AXPO IBERIA, S.L. 100 GENERACION ZONA ESPAÑOLA RE Mercado Térmica n",ESPECIAL,124,,,,,OMIE exact unit code,
EGVD128,AXPO,VENTA,,,"AXPO IBERIA, S.L. 100 GENERACION ZONA ESPAÑOLA RE Mercado Solar Tér",ESPECIAL,128,,,,,OMIE exact unit code,
EGVD129,AXPO,VENTA,,,"AXPO IBERIA, S.L. 100 GENERACION ZONA ESPAÑOLA RE Mercado Solar Tér",ESPECIAL,129,,,,,OMIE exact unit code,
EGVD130,AXPO,VENTA,,,"AXPO IBERIA, S.L. 100 GENERACION ZONA ESPAÑOLA RE Mercado Solar Tér",ESPECIAL,130,,,,,OMIE exact unit code,
EGVD134,AXPO,VENTA,,,"AXPO IBERIA, S.L. 100 GENERACION ZONA ESPAÑOLA RE Mercado Hidráulica",ESPECIAL,134,,,,,OMIE exact unit code,
EGVD135,AXPO,VENTA,,,"AXPO IBERIA, S.L. 100 GENERACION ZONA ESPAÑOLA RE Mercado Térmica n",ESPECIAL,135,,,,,OMIE exact unit code,
EGVD136,AXPO,VENTA,,,"AXPO IBERIA, S.L. 100 GENERACION ZONA ESPAÑOLA RE Mercado Térmica n",ESPECIAL,136,,,,,OMIE exact unit code,
EGVD137,AXPO,VENTA,,,"AXPO IBERIA, S.L. 100 GENERACION ZONA ESPAÑOLA RE Mercado Térmica n",ESPECIAL,137,,,,,OMIE exact unit code,
EGVD142,AXPO,VENTA,,,"AXPO IBERIA, S.L. 100 GENERACION ZONA ESPAÑOLA RE Mercado Térmica n",ESPECIAL,142,,,,,OMIE exact unit code,
EGVD144,AXPO,VENTA,,,"AXPO IBERIA, S.L. 100 GENERACION ZONA ESPAÑOLA RE Mercado Solar Tér",ESPECIAL,144,,,,,OMIE exact unit code,
EGVD148,AXPO,VENTA,,,"AXPO IBERIA, S.L. 100 GENERACION ZONA ESPAÑOLA RE Mercado Térmica R",ESPECIAL,148,,,,,OMIE exact unit code,
EGVD149,AXPO,VENTA,,,"AXPO IBERIA, S.L. 100 GENERACION ZONA ESPAÑOLA RE Mercado Térmica n",ESPECIAL,149,,,,,OMIE exact unit code,
EGVD152,AXPO,VENTA,,,"AXPO IBERIA, S.L. 100 GENERACION ZONA ESPAÑOLA RE Mercado Hidráulica",ESPECIAL,152,,,,,OMIE exact unit code,
EGVD155,AXPO,VENTA,,,"AXPO IBERIA, S.L. 100 GENERACION ZONA ESPAÑOLA RE Mercado Térmica n",ESPECIAL,155,,,,,OMIE exact unit code,
EGVD156,AXPO,VENTA,,,"AXPO IBERIA, S.L. 100 GENERACION ZONA ESPAÑOLA RE Mercado Eólica",ESPECIAL,156,,,,,OMIE exact unit code,
EGVD158,AXPO,VENTA,,,"AXPO IBERIA, S.L. 100 GENERACION ZONA ESPAÑOLA RE Mercado Térmica n",ESPECIAL,158,,,,,OMIE exact unit code,
EGVD160,AXPO,VENTA,,,"AXPO IBERIA, S.L. 100 GENERACION ZONA ESPAÑOLA RE Mercado Hidráulica",ESPECIAL,160,,,,,OMIE exact unit code,
EGVD161,AXPO,VENTA,,,"AXPO IBERIA, S.L. 100 GENERACION ZONA ESPAÑOLA RE Mercado Hidráulica",ESPECIAL,161,,,,,OMIE exact unit code,
EGVD162,AXPO,VENTA,,,"AXPO IBERIA, S.L. 100 GENERACION ZONA ESPAÑOLA RE Mercado Hidráulica",ESPECIAL,162,,,,,OMIE exact unit code,
EGVD163,AXPO,VENTA,,,"AXPO IBERIA, S.L. 100 GENERACION ZONA ESPAÑOLA RE Mercado Hidráulica",ESPECIAL,163,,,,,OMIE exact unit code,
EGVD165,AXPO,VENTA,,,"AXPO IBERIA, S.L. 100 GENERACION ZONA ESPAÑOLA RE Mercado Hidráulica",ESPECIAL,165,,,,,OMIE exact unit code,
EGVD166,AXPO,VENTA,,,"AXPO IBERIA, S.L. 100 GENERACION ZONA ESPAÑOLA RE Mercado Hidráulica",ESPECIAL,166,,,,,OMIE exact unit code,
EGVD169,AXPO,VENTA,,,"AXPO IBERIA, S.L. 100 GENERACION ZONA ESPAÑOLA RE Mercado Hidráulica",ESPECIAL,169,,,,,OMIE exact unit code,
EGVD173,AXPO,VENTA,,,"AXPO IBERIA, S.L. 100 GENERACION ZONA ESPAÑOLA RE Mercado Hidráulica",ESPECIAL,173,,,,,OMIE exact unit code,
EGVD174,AXPO,VENTA,,,"AXPO IBERIA, S.L. 100 GENERACION ZONA ESPAÑOLA RE Mercado Térmica R",ESPECIAL,174,,,,,OMIE exact unit code,
EGVD175,AXPO,VENTA,,,"AXPO IBERIA, S.L. 100 GENERACION ZONA ESPAÑOLA RE Mercado Térmica R",ESPECIAL,175,,,,,OMIE exact unit code,
EGVD176,AXPO,VENTA,,,"AXPO IBERIA, S.L. 100 GENERACION ZONA ESPAÑOLA RE Mercado Térmica n",ESPECIAL,176,,,,,OMIE exact unit code,
EGVD178,AXPO,VENTA,,,"AXPO IBERIA, S.L. 100 GENERACION ZONA ESPAÑOLA RE Mercado Térmica R",ESPECIAL,178,,,,,OMIE exact unit code,
EGVD180,AXPO,VENTA,,,"AXPO IBERIA, S.L. 100 GENERACION ZONA ESPAÑOLA RE Mercado Hidráulica",ESPECIAL,180,,,,,OMIE exact unit code,
EGVD181,AXPO,VENTA,,,"AXPO IBERIA, S.L. 100 GENERACION ZONA ESPAÑOLA RE Mercado Hidráulica",ESPECIAL,181,,,,,OMIE exact unit code,
EGVD183,AXPO,VENTA,,,"AXPO IBERIA, S.L. 100 GENERACION ZONA ESPAÑOLA RE Mercado Eólica",ESPECIAL,183,,,,,OMIE exact unit code,
EGVD184,AXPO,VENTA,,,"AXPO IBERIA, S.L. 100 GENERACION ZONA ESPAÑOLA RE Mercado Térmica n",ESPECIAL,184,,,,,OMIE exact unit code,
EGVD185,AXPO,VENTA,,,"AXPO IBERIA, S.L. 100 GENERACION ZONA ESPAÑOLA RE Mercado Solar Tér",ESPECIAL,185,,,,,OMIE exact unit code,
EGVD188,AXPO,VENTA,,,"AXPO IBERIA, S.L. 100 GENERACION ZONA ESPAÑOLA RE Mercado Térmica n",ESPECIAL,188,,,,,OMIE exact unit code,
EGVD192,AXPO,VENTA,,,"AXPO IBERIA, S.L. 100 GENERACION ZONA ESPAÑOLA RE Mercado Eólica",ESPECIAL,192,,,,,OMIE exact unit code,
EGVD193,AXPO,VENTA,,,"AXPO IBERIA, S.L. 100 GENERACION ZONA ESPAÑOLA RE Mercado Hidráulica",ESPECIAL,193,,,,,OMIE exact unit code,
EGVD195,AXPO,VENTA,,,"AXPO IBERIA, S.L. 100 GENERACION ZONA ESPAÑOLA RE Mercado Hidráulica",ESPECIAL,195,,,,,OMIE exact unit code,
EGVD197,AXPO,VENTA,,,"AXPO IBERIA, S.L. 100 GENERACION ZONA ESPAÑOLA RE Mercado Térmica R",ESPECIAL,197,,,,,OMIE exact unit code,
EGVD198,AXPO,VENTA,,,"AXPO IBERIA, S.L. 100 GENERACION ZONA ESPAÑOLA RE Mercado Hidráulica",ESPECIAL,198,,,,,OMIE exact unit code,
EGVD199,AXPO,VENTA,,,"AXPO IBERIA, S.L. 100 GENERACION ZONA ESPAÑOLA RE Mercado Hidráulica",ESPECIAL,199,,,,,OMIE exact unit code,
EGVD200,AXPO,VENTA,,,"AXPO IBERIA, S.L. 100 GENERACION ZONA ESPAÑOLA RE Mercado Hidráulica",ESPECIAL,200,,,,,OMIE exact unit code,
EGVD201,AXPO,VENTA,,,"AXPO IBERIA, S.L. 100 GENERACION ZONA ESPAÑOLA RE Mercado Hidráulica",ESPECIAL,201,,,,,OMIE exact unit code,
EGVD202,AXPO,VENTA,,,"AXPO IBERIA, S.L. 100 GENERACION ZONA ESPAÑOLA RE Mercado Hidráulica",ESPECIAL,202,,,,,OMIE exact unit code,
EGVD203,AXPO,VENTA,,,"AXPO IBERIA, S.L. 100 GENERACION ZONA ESPAÑOLA RE Mercado Hidráulica",ESPECIAL,203,,,,,OMIE exact unit code,
EGVD205,AXPO,VENTA,,,"AXPO IBERIA, S.L. 100 GENERACION ZONA ESPAÑOLA RE Mercado Hidráulica",ESPECIAL,205,,,,,OMIE exact unit code,
EGVD206,AXPO,VENTA,,,"AXPO IBERIA, S.L. 100 GENERACION ZONA ESPAÑOLA RE Mercado Eólica",ESPECIAL,206,,,,,OMIE exact unit code,
EGVD207,AXPO,VENTA,,,"AXPO IBERIA, S.L. 100 GENERACION ZONA ESPAÑOLA RE Mercado Hidráulica",ESPECIAL,207,,,,,OMIE exact unit code,
EGVD210,AXPO,VENTA,,,"AXPO IBERIA, S.L. 100 GENERACION ZONA ESPAÑOLA RE Mercado Eólica",ESPECIAL,210,,,,,OMIE exact unit code,
EGVD211,AXPO,VENTA,,,"AXPO IBERIA, S.L. 100 GENERACION ZONA ESPAÑOLA RE Mercado Hidráulica",ESPECIAL,211,,,,,OMIE exact unit code,
EGVD212,AXPO,VENTA,,,"AXPO IBERIA, S.L. 100 GENERACION ZONA ESPAÑOLA RE Mercado Eólica",ESPECIAL,212,,,,,OMIE exact unit code,
EGVD219,AXPO,VENTA,,,"AXPO IBERIA, S.L. 100 GENERACION ZONA ESPAÑOLA RE Mercado Eólica",ESPECIAL,219,,,,,OMIE exact unit code,
EGVD221,AXPO,VENTA,,,"AXPO IBERIA, S.L. 100 GENERACION ZONA ESPAÑOLA RE Mercado Hidráulica",ESPECIAL,221,,,,,OMIE exact unit code,
EGVD222,AXPO,VENTA,,,"AXPO IBERIA, S.L. 100 GENERACION ZONA ESPAÑOLA RE Mercado Térmica n",ESPECIAL,222,,,,,OMIE exact unit code,
EGVD223,AXPO,VENTA,,,"AXPO IBERIA, S.L. 100 GENERACION ZONA ESPAÑOLA RE Mercado Eólica",ESPECIAL,223,,,,,OMIE exact unit code,
EGVD224,AXPO,VENTA,,,"AXPO IBERIA, S.L. 100 GENERACION ZONA ESPAÑOLA RE Mercado Eólica",ESPECIAL,224,,,,,OMIE exact unit code,
EGVD225,AXPO,VENTA,,,"AXPO IBERIA, S.L. 100 GENERACION ZONA ESPAÑOLA RE Mercado Eólica",ESPECIAL,225,,,,,OMIE exact unit code,
EGVD226,AXPO,VENTA,,,"AXPO IBERIA, S.L. 100 GENERACION ZONA ESPAÑOLA RE Mercado Eólica",ESPECIAL,226,,,,,OMIE exact unit code,
EGVD228,AXPO,VENTA,,,"AXPO IBERIA, S.L. 100 GENERACION ZONA ESPAÑOLA RE Mercado Hidráulica",ESPECIAL,228,,,,,OMIE exact unit code,
EGVD230,AXPO,VENTA,,,"AXPO IBERIA, S.L. 100 GENERACION ZONA ESPAÑOLA RE Mercado Térmica n",ESPECIAL,230,,,,,OMIE exact unit code,
EGVD231,AXPO,VENTA,,,"AXPO IBERIA, S.L. 100 GENERACION ZONA ESPAÑOLA RE Mercado Térmica n",ESPECIAL,231,,,,,OMIE exact unit code,
EGVD232,AXPO,VENTA,,,"AXPO IBERIA, S.L. 100 GENERACION ZONA ESPAÑOLA RE Mercado Eólica",ESPECIAL,232,,,,,OMIE exact unit code,
EGVD234,AXPO,VENTA,,,"AXPO IBERIA, S.L. 100 GENERACION ZONA ESPAÑOLA RE Mercado Eólica",ESPECIAL,234,,,,,OMIE exact unit code,
EGVD238,AXPO,VENTA,,,"AXPO IBERIA, S.L. 100 GENERACION ZONA ESPAÑOLA RE Mercado Eólica",ESPECIAL,238,,,,,OMIE exact unit code,
EGVD242,AXPO,VENTA,,,"AXPO IBERIA, S.L. 100 GENERACION ZONA ESPAÑOLA RE Mercado Hidráulica",ESPECIAL,242,,,,,OMIE exact unit code,
EGVD246,AXPO,VENTA,,,"AXPO IBERIA, S.L. 100 GENERACION ZONA ESPAÑOLA RE Mercado Eólica",ESPECIAL,246,,,,,OMIE exact unit code,
EGVD248,AXPO,VENTA,,,"AXPO IBERIA, S.L. 100 GENERACION ZONA ESPAÑOLA RE Mercado Eólica",ESPECIAL,248,,,,,OMIE exact unit code,
EGVD250,AXPO,VENTA,,,"AXPO IBERIA, S.L. 100 GENERACION ZONA ESPAÑOLA RE Mercado Hidráulica",ESPECIAL,250,,,,,OMIE exact unit code,
EGVD251,AXPO,VENTA,,,"AXPO IBERIA, S.L. 100 GENERACION ZONA ESPAÑOLA RE Mercado Térmica n",ESPECIAL,251,,,,,OMIE exact unit code,
EGVD252,AXPO,VENTA,,,"AXPO IBERIA, S.L. 100 GENERACION ZONA ESPAÑOLA RE Mercado Térmica n",ESPECIAL,252,,,,,OMIE exact unit code,
EGVD253,AXPO,VENTA,,,"AXPO IBERIA, S.L. 100 GENERACION ZONA ESPAÑOLA RE Mercado Hidráulica",ESPECIAL,253,,,,,OMIE exact unit code,
EGVD255,AXPO,VENTA,,,"AXPO IBERIA, S.L. 100 GENERACION ZONA ESPAÑOLA RE Mercado Eólica",ESPECIAL,255,,,,,OMIE exact unit code,
EGVD257,AXPO,VENTA,,,"AXPO IBERIA, S.L. 100 GENERACION ZONA ESPAÑOLA RE Mercado Eólica",ESPECIAL,257,,,,,OMIE exact unit code,
EGVD261,AXPO,VENTA,,,"IBERIA, S.L. 100 GENERACION ZONA ESPAÑOLA RE Mercado Térmica n",261,AXPO,,,,,OMIE exact unit code,
EGVD262,AXPO,VENTA,,,"IBERIA, S.L. 100 GENERACION ZONA ESPAÑOLA RE Mercado Térmica n",262,AXPO,,,,,OMIE exact unit code,
EGVD263,AXPO,VENTA,,,"IBERIA, S.L. 100 GENERACION ZONA ESPAÑOLA RE Mercado Térmica n",263,AXPO,,,,,OMIE exact unit code,
EGVD264,AXPO,VENTA,,,"IBERIA, S.L. 100 GENERACION ZONA ESPAÑOLA RE Mercado Eólica",264,AXPO,,,,,OMIE exact unit code,
EGVD265,AXPO,VENTA,,,"IBERIA, S.L. 100 GENERACION ZONA ESPAÑOLA RE Mercado Eólica",265,AXPO,,,,,OMIE exact unit code,
EGVD266,AXPO,VENTA,,,"IBERIA, S.L. 100 GENERACION ZONA ESPAÑOLA RE Mercado Hidráulica",266,AXPO,,,,,OMIE exact unit code,
EGVD268,AXPO,VENTA,,,"IBERIA, S.L. 100 GENERACION ZONA ESPAÑOLA RE Mercado Térmica n",268,AXPO,,,,,OMIE exact unit code,
EGVD269,AXPO,VENTA,,,"IBERIA, S.L. 100 GENERACION ZONA ESPAÑOLA RE Mercado Térmica n",269,AXPO,,,,,OMIE exact unit code,
EGVD270,AXPO,VENTA,,,"IBERIA, S.L. 100 GENERACION ZONA ESPAÑOLA RE Mercado Hidráulica",270,AXPO,,,,,OMIE exact unit code,
EGVD272,AXPO,VENTA,,,"IBERIA, S.L. 100 GENERACION ZONA ESPAÑOLA RE Mercado Hidráulica",272,AXPO,,,,,OMIE exact unit code,
EGVD273,AXPO,VENTA,,,"IBERIA, S.L. 100 GENERACION ZONA ESPAÑOLA RE Mercado Hidráulica",273,AXPO,,,,,OMIE exact unit code,
EGVD274,AXPO,VENTA,,,"IBERIA, S.L. 100 GENERACION ZONA ESPAÑOLA RE Mercado Térmica n",274,AXPO,,,,,OMIE exact unit code,
EGVD275,AXPO,VENTA,,,"IBERIA, S.L. 100 GENERACION ZONA ESPAÑOLA Híbrida Reno v.-Térmic",275,AXPO,,,,,OMIE exact unit code,
EGVD276,AXPO,VENTA,,,"IBERIA, S.L. 100 GENERACION ZONA ESPAÑOLA RE Mercado Hidráulica",276,AXPO,,,,,OMIE exact unit code,
EGVD277,AXPO,VENTA,,,"IBERIA, S.L. 100 GENERACION ZONA ESPAÑOLA RE Mercado Hidráulica",277,AXPO,,,,,OMIE exact unit code,
EGVD279,AXPO,VENTA,,,"IBERIA, S.L. 100 GENERACION ZONA ESPAÑOLA RE Mercado Hidráulica",279,AXPO,,,,,OMIE exact unit code,
EGVD280,AXPO,VENTA,,,"IBERIA, S.L. 100 GENERACION ZONA ESPAÑOLA RE Mercado Hidráulica",280,AXPO,,,,,OMIE exact unit code,
EGVD281,AXPO,VENTA,,,"IBERIA, S.L. 100 GENERACION ZONA ESPAÑOLA RE Mercado Hidráulica",281,AXPO,,,,,OMIE exact unit code,
EGVD282,AXPO,VENTA,,,"IBERIA, S.L. 100 GENERACION ZONA ESPAÑOLA RE Mercado Hidráulica",282,AXPO,,,,,OMIE exact unit code,
EGVD284,AXPO,VENTA,,,"IBERIA, S.L. 100 GENERACION ZONA ESPAÑOLA RE Mercado Hidráulica",284,AXPO,,,,,OMIE exact unit code,
EGVD285,AXPO,VENTA,,,"IBERIA, S.L. 100 GENERACION ZONA ESPAÑOLA RE Mercado Térmica n",285,AXPO,,,,,OMIE exact unit code,
EGVD286,AXPO,VENTA,,,"IBERIA, S.L. 100 GENERACION ZONA ESPAÑOLA RE Mercado Hidráulica",286,AXPO,,,,,OMIE exact unit code,
EGVD288,AXPO,VENTA,,,"IBERIA, S.L. 100 GENERACION ZONA ESPAÑOLA RE Mercado Eólica",288,AXPO,,,,,OMIE exact unit code,
EGVD291,AXPO,VENTA,,,"IBERIA, S.L. 100 GENERACION ZONA ESPAÑOLA RE Mercado Eólica",291,AXPO,,,,,OMIE exact unit code,
EGVD292,AXPO,VENTA,,,"IBERIA, S.L. 100 GENERACION ZONA ESPAÑOLA RE Mercado Eólica",292,AXPO,,,,,OMIE exact unit code,
EGVD295,AXPO,VENTA,,,"IBERIA, S.L. 100 GENERACION ZONA ESPAÑOLA RE Mercado Térmica n",295,AXPO,,,,,OMIE exact unit code,
EGVD297,AXPO,VENTA,,,"IBERIA, S.L. 100 GENERACION ZONA ESPAÑOLA RE Mercado Térmica n",297,AXPO,,,,,OMIE exact unit code,
EGVD299,AXPO,VENTA,,,"IBERIA, S.L. 100 GENERACION ZONA ESPAÑOLA RE Mercado Térmica n",299,AXPO,,,,,OMIE exact unit code,
EGVD355,AXPO,VENTA,,,"IBERIA, S.L. 100 GENERACION ZONA ESPAÑOLA RE Mercado Térmica n",55,AXPO,,,,,OMIE exact unit code,
EGVD357,AXPO,VENTA,,,"IBERIA, S.L. 100 GENERACION ZONA ESPAÑOLA RE Mercado Hidráulica",357,AXPO,,,,,OMIE exact unit code,
EGVD359,AXPO,VENTA,,,"IBERIA, S.L. 100 GENERACION ZONA ESPAÑOLA RE Mercado Térmica n",59,AXPO,,,,,OMIE exact unit code,
EGVD361,AXPO,VENTA,,,"IBERIA, S.L. 100 GENERACION ZONA ESPAÑOLA RE Mercado Térmica n",61,AXPO,,,,,OMIE exact unit code,
EGVD362,AXPO,VENTA,,,"IBERIA, S.L. 100 GENERACION ZONA ESPAÑOLA RE Mercado Térmica n",62,AXPO,,,,,OMIE exact unit code,
EGVD363,AXPO,VENTA,,,"IBERIA, S.L. 100 GENERACION ZONA ESPAÑOLA RE Mercado Térmica n",363,AXPO,,,,,OMIE exact unit code,
EGVD364,AXPO,VENTA,,,"IBERIA, S.L. 100 GENERACION ZONA ESPAÑOLA RE Mercado Térmica n",364,AXPO,,,,,OMIE exact unit code,
EGVD365,AXPO,VENTA,,,"IBERIA, S.L. 100 GENERACION ZONA ESPAÑOLA RE Mercado Térmica n",365,AXPO,,,,,OMIE exact unit code,
EGVD366,AXPO,VENTA,,,"IBERIA, S.L. 100 GENERACION ZONA ESPAÑOLA RE Mercado Eólica",66,AXPO,,,,,OMIE exact unit code,
EGVD368,AXPO,VENTA,,,"IBERIA, S.L. 100 GENERACION ZONA ESPAÑOLA RE Mercado Térmica n",368,AXPO,,,,,OMIE exact unit code,
EGVD369,AXPO,VENTA,,,"IBERIA, S.L. 100 GENERACION ZONA ESPAÑOLA RE Mercado Térmica n",369,AXPO,,,,,OMIE exact unit code,
EGVD372,AXPO,VENTA,,,"IBERIA, S.L. 100 GENERACION ZONA ESPAÑOLA RE Mercado Eólica",,AXPO,,,,,OMIE exact unit code,
EGVD373,AXPO,VENTA,,,"IBERIA, S.L. 100 GENERACION ZONA ESPAÑOLA RE Mercado Térmica n",73,AXPO,,,,,OMIE exact unit code,
EGVD375,AXPO,VENTA,,,"IBERIA, S.L. 100 GENERACION ZONA ESPAÑOLA RE Mercado Térmica n",375,AXPO,,,,,OMIE exact unit code,
EGVD376,AXPO,VENTA,,,"IBERIA, S.L. 100 GENERACION ZONA ESPAÑOLA RE Mercado Térmica n",376,AXPO,,,,,OMIE exact unit code,
EGVD381,AXPO,VENTA,,,"IBERIA, S.L. 100 GENERACION ZONA ESPAÑOLA RE Mercado Eólica",381,AXPO,,,,,OMIE exact unit code,
EGVD385,AXPO,VENTA,,,"IBERIA, S.L. 100 GENERACION ZONA ESPAÑOLA RE Mercado Térmica n",385,AXPO,,,,,OMIE exact unit code,
EGVD386,AXPO,VENTA,,,"IBERIA, S.L. 100 GENERACION ZONA ESPAÑOLA RE Mercado Eólica",386,AXPO,,,,,OMIE exact unit code,
EGVD388,AXPO,VENTA,,,"IBERIA, S.L. 100 GENERACION ZONA ESPAÑOLA RE Mercado Térmica n",,AXPO,,,,,OMIE exact unit code,
EGVD389,AXPO,VENTA,,,"IBERIA, S.L. 100 GENERACION ZONA ESPAÑOLA RE Mercado Térmica n",389,AXPO,,,,,OMIE exact unit code,
EGVD391,AXPO,VENTA,,,"IBERIA, S.L. 100 GENERACION ZONA ESPAÑOLA RE Mercado Térmica n",391,AXPO,,,,,OMIE exact unit code,
EGVD392,AXPO,VENTA,,,"IBERIA, S.L. 100 GENERACION ZONA ESPAÑOLA RE Mercado Térmica n",392,AXPO,,,,,OMIE exact unit code,
EGVD393,AXPO,VENTA,,,"IBERIA, S.L. 100 GENERACION ZONA ESPAÑOLA RE Mercado Térmica R",393,AXPO,,,,,OMIE exact unit code,
EGVD394,AXPO,VENTA,,,"IBERIA, S.L. 100 GENERACION ZONA ESPAÑOLA RE Mercado Eólica",393,AXPO,,,,,OMIE exact unit code,
EGVD400,AXPO,VENTA,,,"IBERIA, S.L. 100 GENERACION ZONA ESPAÑOLA RE Mercado Solar Tér",400,AXPO,,,,,OMIE exact unit code,
EGVD401,AXPO,VENTA,,,"IBERIA, S.L. 100 GENERACION ZONA ESPAÑOLA RE Mercado Solar Tér",401,AXPO,,,,,OMIE exact unit code,
EGVD404,AXPO,VENTA,,,"IBERIA, S.L. 100 GENERACION ZONA ESPAÑOLA RE Mercado Térmica R",404,AXPO,,,,,OMIE exact unit code,
EGVD406,AXPO,VENTA,,,"IBERIA, S.L. 100 GENERACION ZONA ESPAÑOLA RE Mercado Térmica n",406,AXPO,,,,,OMIE exact unit code,
EGVD407,AXPO,VENTA,,,"IBERIA, S.L. 100 GENERACION ZONA ESPAÑOLA RE Mercado Térmica n",407,AXPO,,,,,OMIE exact unit code,
EGVD408,AXPO,VENTA,,,"IBERIA, S.L. 100 GENERACION ZONA ESPAÑOLA RE Mercado Eólica",408,AXPO,,,,,OMIE exact unit code,
EGVD410,AXPO,VENTA,,,"IBERIA, S.L. 100 GENERACION ZONA ESPAÑOLA RE Mercado Eólica",410,AXPO,,,,,OMIE exact unit code,
EGVD413,AXPO,VENTA,,,"IBERIA, S.L. 100 GENERACION ZONA ESPAÑOLA RE Mercado Eólica",413,AXPO,,,,,OMIE exact unit code,
EGVD414,AXPO,VENTA,,,"IBERIA, S.L. 100 GENERACION ZONA ESPAÑOLA RE Mercado Solar Tér",414,AXPO,,,,,OMIE exact unit code,
EGVD415,AXPO,VENTA,,,"IBERIA, S.L. 100 GENERACION ZONA ESPAÑOLA RE Mercado Solar Tér",415,AXPO,,,,,OMIE exact unit code,
EGVD416,AXPO,VENTA,,,"IBERIA, S.L. 100 GENERACION ZONA ESPAÑOLA RE Mercado Solar Tér",416,AXPO,,,,,OMIE exact unit code,
EGVD417,AXPO,VENTA,,,"IBERIA, S.L. 100 GENERACION ZONA ESPAÑOLA RE Mercado Solar Tér",412,AXPO,,,,,OMIE exact unit code,
EGVD418,AXPO,VENTA,,,"IBERIA, S.L. 100 GENERACION ZONA ESPAÑOLA RE Mercado Solar Foto",418,AXPO,,,,,OMIE exact unit code,
EGVD420,AXPO,VENTA,,,"IBERIA, S.L. 100 GENERACION ZONA ESPAÑOLA RE Mercado Solar Tér",420,AXPO,,,,,OMIE exact unit code,
EGVD421,AXPO,VENTA,,,"IBERIA, S.L. 100 GENERACION ZONA ESPAÑOLA RE Mercado Solar Tér",421,AXPO,,,,,OMIE exact unit code,
EGVD422,AXPO,VENTA,,,"IBERIA, S.L. 100 GENERACION ZONA ESPAÑOLA RE Mercado Solar Tér",422,AXPO,,,,,OMIE exact unit code,
EGVD423,AXPO,VENTA,,,"IBERIA, S.L. 100 GENERACION ZONA ESPAÑOLA RE Mercado Solar Tér",423,AXPO,,,,,OMIE exact unit code,
EGVD426,AXPO,VENTA,,,"IBERIA, S.L. 100 GENERACION ZONA ESPAÑOLA RE Mercado Solar Tér",426,AXPO,,,,,OMIE exact unit code,
EGVD427,AXPO,VENTA,,,"IBERIA, S.L. 100 GENERACION ZONA ESPAÑOLA RE Mercado Solar Tér",427,AXPO,,,,,OMIE exact unit code,
EGVD429,AXPO,VENTA,,,"IBERIA, S.L. 100 GENERACION ZONA ESPAÑOLA RE Mercado Térmica n",429,AXPO,,,,,OMIE exact unit code,
EGVD430,AXPO,VENTA,,,"IBERIA, S.L. 100 GENERACION ZONA ESPAÑOLA RE Mercado Térmica R",430,AXPO,,,,,OMIE exact unit code,
EGVD432,AXPO,VENTA,,,"IBERIA, S.L. 100 GENERACION ZONA ESPAÑOLA RE Mercado Térmica n",432,AXPO,,,,,OMIE exact unit code,
EGVD434,AXPO,VENTA,,,"IBERIA, S.L. 100 GENERACION ZONA ESPAÑOLA RE Mercado Solar Foto",434,AXPO,,,,,OMIE exact unit code,
EGVD439,AXPO,VENTA,,,"IBERIA, S.L. 100 GENERACION ZONA ESPAÑOLA RE Mercado Térmica n",439,AXPO,,,,,OMIE exact unit code,
EGVD440,AXPO,VENTA,,,"IBERIA, S.L. 100 GENERACION ZONA ESPAÑOLA RE Mercado Solar Tér",440,AXPO,,,,,OMIE exact unit code,
EGVD441,AXPO,VENTA,,,"IBERIA, S.L. 100 GENERACION ZONA ESPAÑOLA RE Mercado Solar Tér",440,AXPO,,,,,OMIE exact unit code,
EGVD442,AXPO,VENTA,,,"IBERIA, S.L. 100 GENERACION ZONA ESPAÑOLA RE Mercado Solar Tér",442,AXPO,,,,,OMIE exact unit code,
EGVD444,AXPO,VENTA,,,"IBERIA, S.L. 100 GENERACION ZONA ESPAÑOLA RE Mercado Solar Foto",444,AXPO,,,,,OMIE exact unit code,
EGVD445,AXPO,VENTA,,,"IBERIA, S.L. 100 GENERACION ZONA ESPAÑOLA RE Mercado Solar Foto",445,AXPO,,,,,OMIE exact unit code,
EGVD447,AXPO,VENTA,,,"IBERIA, S.L. 100 GENERACION ZONA ESPAÑOLA RE Mercado Hidráulica",447,AXPO,,,,,OMIE exact unit code,
EGVD448,AXPO,VENTA,,,"IBERIA, S.L. 100 GENERACION ZONA ESPAÑOLA RE Mercado Solar Foto",448,AXPO,,,,,OMIE exact unit code,
EGVD449,AXPO,VENTA,,,"IBERIA, S.L. 100 GENERACION ZONA ESPAÑOLA RE Mercado Solar Foto",449,AXPO,,,,,OMIE exact unit code,
EGVD450,AXPO,VENTA,,,"IBERIA, S.L. 100 GENERACION ZONA ESPAÑOLA RE Mercado Solar Foto",450,AXPO,,,,,OMIE exact unit code,
EGVD451,AXPO,VENTA,,,"IBERIA, S.L. 100 GENERACION ZONA ESPAÑOLA RE Mercado Solar Foto",451,AXPO,,,,,OMIE exact unit code,
EGVD452,AXPO,VENTA,,,"IBERIA, S.L. 100 GENERACION ZONA ESPAÑOLA RE Mercado Solar Foto",452,AXPO,,,,,OMIE exact unit code,
EGVD453,AXPO,VENTA,,,"IBERIA, S.L. 100 GENERACION ZONA ESPAÑOLA RE Mercado Térmica n",453,AXPO,,,,,OMIE exact unit code,
EGVD454,AXPO,VENTA R,,,S.L. 100 GENERACION ZONA ESPAÑOLA RE Mercado Eólica,AXPO,"IBERIA,",,,,,OMIE exact unit code,
EGVD455,AXPO,VENTA R,,,S.L. 100 GENERACION ZONA ESPAÑOLA RE Mercado Eólica,AXPO,"IBERIA,",,,,,OMIE exact unit code,
EGVD461,AXPO,VENTA R,,,S.L. 100 GENERACION ZONA ESPAÑOLA RE Mercado Térmica n,AXPO,"IBERIA,",,,,,OMIE exact unit code,
EGVD462,AXPO,VENTA R,,,S.L. 100 GENERACION ZONA ESPAÑOLA RE Mercado Solar Foto,AXPO,"IBERIA,",,,,,OMIE exact unit code,
EGVD464,AXPO,VENTA R,,,S.L. 100 GENERACION ZONA ESPAÑOLA RE Mercado Solar Foto,AXPO,"IBERIA,",,,,,OMIE exact unit code,
EGVD465,UOF M,ECANISM,,,S.L. 100 GENERACION ZONA ESPAÑOLA RE Mercado Térmica n,AXPO,"IBERIA,",,,,,OMIE exact unit code,
EGVD466,AXPO,VENTA R,,,S.L. 100 GENERACION ZONA ESPAÑOLA RE Mercado Eólica,AXPO,"IBERIA,",,,,,OMIE exact unit code,
EGVD467,AXPO,VENTA R,,,S.L. 100 GENERACION ZONA ESPAÑOLA RE Mercado Eólica,AXPO,"IBERIA,",,,,,OMIE exact unit code,
EGVD468,UOF C,OPLA1 (C,,,S.L. 100 GENERACION ZONA ESPAÑOLA RE Mercado Térmica n,AXPO,"IBERIA,",,,,,OMIE exact unit code,
EGVD470,AXPO,VENTA R,,,S.L. 100 GENERACION ZONA ESPAÑOLA RE Mercado Solar Foto,AXPO,"IBERIA,",,,,,OMIE exact unit code,
EGVD471,AXPO,VENTA R,,,S.L. 100 GENERACION ZONA ESPAÑOLA RE Mercado Eólica,AXPO,"IBERIA,",,,,,OMIE exact unit code,
EGVD473,AXPO,VENTA R,,,S.L. 100 GENERACION ZONA ESPAÑOLA RE Mercado Eólica,AXPO,"IBERIA,",,,,,OMIE exact unit code,
EGVD474,AXPO,VENTA R,,,S.L. 100 GENERACION ZONA ESPAÑOLA RE Mercado Hidráulica,AXPO,"IBERIA,",,,,,OMIE exact unit code,
EGVD475,AXPO,VENTA R,,,S.L. 100 GENERACION ZONA ESPAÑOLA RE Mercado Hidráulica,AXPO,"IBERIA,",,,,,OMIE exact unit code,
EGVD476,AXPO,VENTA R,,,S.L. 100 GENERACION ZONA ESPAÑOLA RE Mercado Hidráulica,AXPO,"IBERIA,",,,,,OMIE exact unit code,
EGVD478,UOF E,NERGÍA,,,S.L. 100 GENERACION ZONA ESPAÑOLA RE Mercado Eólica,AXPO,"IBERIA,",,,,,OMIE exact unit code,
EGVD479,UOF A,NTU SOL,,,S.L. 100 GENERACION ZONA ESPAÑOLA RE Mercado Solar Foto,AXPO,"IBERIA,",,,,,OMIE exact unit code,
EGVD481,AXPO,VENTA R,,,S.L. 100 GENERACION ZONA ESPAÑOLA RE Mercado Solar Foto,AXPO,"IBERIA,",,,,,OMIE exact unit code,
EGVD482,AXPO,VENTA R,,,S.L. 100 GENERACION ZONA ESPAÑOLA RE Mercado Térmica n,AXPO,"IBERIA,",,,,,OMIE exact unit code,
EGVD483,AXPO,VENTA R,,,S.L. 100 GENERACION ZONA ESPAÑOLA RE Mercado Solar Tér,AXPO,"IBERIA,",,,,,OMIE exact unit code,
EGVD484,AXPO,VENTA R,,,S.L. 100 GENERACION ZONA ESPAÑOLA RE Mercado Solar Tér,AXPO,"IBERIA,",,,,,OMIE exact unit code,
EGVD487,AXPO,VENTA R,,,S.L. 100 GENERACION ZONA ESPAÑOLA RE Mercado Solar Foto,AXPO,"IBERIA,",,,,,OMIE exact unit code,
EGVD491,UOF P,LANTA F,,,S.L. 100 GENERACION ZONA ESPAÑOLA RE Mercado Solar Foto,AXPO,"IBERIA,",,,,,OMIE exact unit code,
EGVD492,UOF IN,ST. PING,,,S.L. 100 GENERACION ZONA ESPAÑOLA RE Mercado Eólica,AXPO,"IBERIA,",,,,,OMIE exact unit code,
EGVD494,UOF C,OLMENA,,,S.L. 100 GENERACION ZONA ESPAÑOLA RE Mercado Solar Foto,AXPO,"IBERIA,",,,,,OMIE exact unit code,
EGVD495,UOF H,IDROME,,,S.L. 100 GENERACION ZONA ESPAÑOLA RE Mercado Hidráulica,AXPO,"IBERIA,",,,,,OMIE exact unit code,
EGVD496,UOF E,COPARC,,,S.L. 100 GENERACION ZONA ESPAÑOLA RE Mercado Térmica R,AXPO,"IBERIA,",,,,,OMIE exact unit code,
EGVD497,UOF N,EOE. SC,,,S.L. 100 GENERACION ZONA ESPAÑOLA RE Mercado Térmica n,AXPO,"IBERIA,",,,,,OMIE exact unit code,
EGVD498,UOF N,EOELEC,,,S.L. 100 GENERACION ZONA ESPAÑOLA RE Mercado Térmica R,AXPO,"IBERIA,",,,,,OMIE exact unit code,
EGVD499,UOF V,ALORITZ,,,S.L. 100 GENERACION ZONA ESPAÑOLA RE Mercado Térmica n,AXPO,"IBERIA,",,,,,OMIE exact unit code,
EGVD500,UOF V,ALORITZ,,,S.L. 100 GENERACION ZONA ESPAÑOLA RE Mercado Térmica R,AXPO,"IBERIA,",,,,,OMIE exact unit code,
EGVD501,UOF E,ÓLICA D,,,S.L. 100 GENERACION ZONA ESPAÑOLA RE Mercado Eólica,AXPO,"IBERIA,",,,,,OMIE exact unit code,
EGVD502,UOF D,UNAS DF,,,S.L. 100 GENERACION ZONA ESPAÑOLA RE Mercado Solar Foto,AXPO,"IBERIA,",,,,,OMIE exact unit code,
EGVD503,UOF P,ROMOSO,,,S.L. 100 GENERACION ZONA ESPAÑOLA RE Mercado Solar Foto,AXPO,"IBERIA,",,,,,OMIE exact unit code,
EGVD504,UOF S,PV10,,,S.L. 100 GENERACION ZONA ESPAÑOLA RE Mercado Solar Foto,AXPO,"IBERIA,",,,,,OMIE exact unit code,
EGVD505,UOF S,PV 3,,,S.L. 100 GENERACION ZONA ESPAÑOLA RE Mercado Solar Foto,AXPO,"IBERIA,",,,,,OMIE exact unit code,
EGVD506,UOF A,ZUC. IBE,,,S.L. 100 GENERACION ZONA ESPAÑOLA RE Mercado Térmica n,AXPO,"IBERIA,",,,,,OMIE exact unit code,
EGVD507,UOF A,ZU. IBER,,,S.L. 100 GENERACION ZONA ESPAÑOLA RE Mercado Térmica n,AXPO,"IBERIA,",,,,,OMIE exact unit code,
EGVD508,UOF A,NSA VIGI,,,S.L. 100 GENERACION ZONA ESPAÑOLA RE Mercado Solar Foto,AXPO,"IBERIA,",,,,,OMIE exact unit code,
EGVD511,UOF F,ERRE EN,,,S.L. 100 GENERACION ZONA ESPAÑOLA RE Mercado Térmica n,AXPO,"IBERIA,",,,,,OMIE exact unit code,
EGVD512,UOF B,ORREGO,,,S.L. 100 GENERACION ZONA ESPAÑOLA RE Mercado Solar Foto,AXPO,"IBERIA,",,,,,OMIE exact unit code,
EGVD513,UOF B,IOELECT,,,S.L. 100 GENERACION ZONA ESPAÑOLA RE Mercado Térmica R,AXPO,"IBERIA,",,,,,OMIE exact unit code,
EGVD514,UOF C,ERRATO,,,S.L. 100 GENERACION ZONA ESPAÑOLA RE Mercado Eólica,AXPO,"IBERIA,",,,,,OMIE exact unit code,
EGVD515,UOF P,RADA (IN,,,S.L. 100 GENERACION ZONA ESPAÑOLA RE Mercado Eólica,AXPO,"IBERIA,",,,,,OMIE exact unit code,
EGVD516,UOF F,UNDICI H,,,S.L. 100 GENERACION ZONA ESPAÑOLA RE Mercado Solar Foto,AXPO,"IBERIA,",,,,,OMIE exact unit code,
EGVD517,UOF K,ELLY SO,,,S.L. 100 GENERACION ZONA ESPAÑOLA RE Mercado Solar Foto,AXPO,"IBERIA,",,,,,OMIE exact unit code,
EGVD518,UOF A,LDENER,,,S.L. 100 GENERACION ZONA ESPAÑOLA RE Mercado Solar Foto,AXPO,"IBERIA,",,,,,OMIE exact unit code,
EGVD519,UOF E,ÓLICA C,,,S.L. 100 GENERACION ZONA ESPAÑOLA RE Mercado Eólica,AXPO,"IBERIA,",,,,,OMIE exact unit code,
EGVD520,UOF D,ESARR.,,,S.L. 100 GENERACION ZONA ESPAÑOLA RE Mercado Eólica,AXPO,"IBERIA,",,,,,OMIE exact unit code,
EGVD521,UOF S,OLEN EN,,,S.L. 100 GENERACION ZONA ESPAÑOLA RE Mercado Solar Foto,AXPO,"IBERIA,",,,,,OMIE exact unit code,
EGVD524,UOF S,OLEN EN,,,S.L. 100 GENERACION ZONA ESPAÑOLA RE Mercado Solar Foto,AXPO,"IBERIA,",,,,,OMIE exact unit code,
EGVD525,UPF GENERACI,ÓN,,,.L.  100 GENERACION ZONA ESPAÑOLA RE Mercado Solar Foto,OTOV DE BARGAS,"AXPO IBERIA, S",,,,,OMIE exact unit code,
EGVD526,UOF CASTELLA,NA,,,.L.  100 GENERACION ZONA ESPAÑOLA Híbrida Reno vable,E ENERG. RENO,"AXPO IBERIA, S",,,,,OMIE exact unit code,
EGVD527,UOF P.E LAS AT,AL,,,.L.  100 GENERACION ZONA ESPAÑOLA RE Mercado Eólica,YAS (PRADAMAP,"AXPO IBERIA, S",,,,,OMIE exact unit code,
EGVD528,UOF MAMA QUI,LLA,,,.L.  100 GENERACION ZONA ESPAÑOLA RE Mercado Solar Foto,"OLAR, S.L.","AXPO IBERIA, S",,,,,OMIE exact unit code,
EGVD529,UOF HOTEI SOL,AR,,,.L.  100 GENERACION ZONA ESPAÑOLA RE Mercado Solar Foto,,"AXPO IBERIA, S",,,,,OMIE exact unit code,
EGVD530,UOF APHIG,,,,.L.  100 GENERACION ZONA ESPAÑOLA RE Mercado Hidráulica,,"AXPO IBERIA, S",,,,,OMIE exact unit code,
EGVD531,UOF RIEGOS D,EL,,,.L.  100 GENERACION ZONA ESPAÑOLA RE Mercado Hidráulica,LTO ARAGÓN,"AXPO IBERIA, S",,,,,OMIE exact unit code,
EGVD532,UOF BIOETANO,L G,,,.L.  100 GENERACION ZONA ESPAÑOLA RE Mercado Térmica n,LICIA,"AXPO IBERIA, S",,,,,OMIE exact unit code,
EGVD533,UOF ACEQUIA C,IN,,,.L.  100 GENERACION ZONA ESPAÑOLA RE Mercado Hidráulica,O VILLAS,"AXPO IBERIA, S",,,,,OMIE exact unit code,
EGVD534,UOF MINICENTR,AL,,,.L.  100 GENERACION ZONA ESPAÑOLA RE Mercado Hidráulica,ERREROS,"AXPO IBERIA, S",,,,,OMIE exact unit code,
EGVD535,UOF UTE CESP,A-C,,,.L.  100 GENERACION ZONA ESPAÑOLA RE Mercado Térmica R,SPA G.R.,"AXPO IBERIA, S",,,,,OMIE exact unit code,
EGVD536,UOF PREZERO,ESP,,,.L.  100 GENERACION ZONA ESPAÑOLA RE Mercado Térmica R,ÑA,"AXPO IBERIA, S",,,,,OMIE exact unit code,
EGVD537,UOF SOL 20120,014,,,.L.  100 GENERACION ZONA ESPAÑOLA RE Mercado Solar Foto,,"AXPO IBERIA, S",,,,,OMIE exact unit code,
EGVD538,UOF SOL201200,16,,,.L.  100 GENERACION ZONA ESPAÑOLA RE Mercado Solar Foto,,"AXPO IBERIA, S",,,,,OMIE exact unit code,
EGVD539,UOF ELECTRO,SAN,,,.L.  100 GENERACION ZONA ESPAÑOLA RE Mercado Hidráulica,DIEGO,"AXPO IBERIA, S",,,,,OMIE exact unit code,
EGVD540,UOF HIDROELE,CT,,,.L.  100 GENERACION ZONA ESPAÑOLA RE Mercado Hidráulica,CA DE CUERVA,"AXPO IBERIA, S",,,,,OMIE exact unit code,
EGVD541,UOF INDUSTRIA,S R,,,.L.  100 GENERACION ZONA ESPAÑOLA RE Mercado Térmica n,KO,"AXPO IBERIA, S",,,,,OMIE exact unit code,
EGVD542,UOF EURUS DE,SA,,,.L.  100 GENERACION ZONA ESPAÑOLA RE Mercado Eólica,ROLLOS RENOVABL,"AXPO IBERIA, S",,,,,OMIE exact unit code,
EGVD544,UOF SOLAR CA,ST,,,.L.  100 GENERACION ZONA ESPAÑOLA RE Mercado Solar Foto,"ERA, S.L.U.","AXPO IBERIA, S",,,,,OMIE exact unit code,
EGVD545,UOF PE OLIADO,(M,,,.L.  100 GENERACION ZONA ESPAÑOLA RE Mercado Eólica,ORG),"AXPO IBERIA, S",,,,,OMIE exact unit code,
EGVD546,UOF COG. EÓLI,CA,,,.L.  100 GENERACION ZONA ESPAÑOLA RE Mercado Eólica,EÑA OTERO,"AXPO IBERIA, S",,,,,OMIE exact unit code,
EGVD548,"UOF PINA, S.A.",,,,.L.  100 GENERACION ZONA ESPAÑOLA RE Mercado Térmica R,,"AXPO IBERIA, S",,,,,OMIE exact unit code,
EGVD549,UOF TABLEROS,LO,,,.L.  100 GENERACION ZONA ESPAÑOLA RE Mercado Térmica R,AN,"AXPO IBERIA, S",,,,,OMIE exact unit code,
EGVD550,UOF VENTUS IB,ER,,,.L.  100 GENERACION ZONA ESPAÑOLA RE Mercado Solar Foto,,"AXPO IBERIA, S",,,,,OMIE exact unit code,
EGVD551,UOF FONZ,,,,.L.  100 GENERACION ZONA ESPAÑOLA RE Mercado Térmica n,,"AXPO IBERIA, S",,,,,OMIE exact unit code,
EGVD552,UOF MILAGROS,,,,.L.  100 GENERACION ZONA ESPAÑOLA RE Mercado Térmica n,,"AXPO IBERIA, S",,,,,OMIE exact unit code,
EGVD553,UOF MILLAN,,,,.L.  100 GENERACION ZONA ESPAÑOLA RE Mercado Térmica n,,"AXPO IBERIA, S",,,,,OMIE exact unit code,
EGVD554,UOF MONZÓN,,,,.L.  100 GENERACION ZONA ESPAÑOLA RE Mercado Térmica n,,"AXPO IBERIA, S",,,,,OMIE exact unit code,
EGVD555,UOF CETA,,,,.L.  100 GENERACION ZONA ESPAÑOLA RE Mercado Térmica n,,"AXPO IBERIA, S",,,,,OMIE exact unit code,
EGVD556,UOF FENERA,,,,.L.  100 GENERACION ZONA ESPAÑOLA RE Mercado Solar Foto,,"AXPO IBERIA, S",,,,,OMIE exact unit code,
EGVD557,UOF ROTELES,,,,.L.  100 GENERACION ZONA ESPAÑOLA RE Mercado Solar Foto,,"AXPO IBERIA, S",,,,,OMIE exact unit code,
EGVD558,UOF PV SOLAR,LO,,,.L.  100 GENERACION ZONA ESPAÑOLA RE Mercado Solar Foto,ALCORES,"AXPO IBERIA, S",,,,,OMIE exact unit code,
EGVD559,UOF EL MONTE,,,,.L.  100 GENERACION ZONA ESPAÑOLA RE Mercado Solar Foto,,"AXPO IBERIA, S",,,,,OMIE exact unit code,
EGVD560,UOF VALTARAR,ON,,,.L.  100 GENERACION ZONA ESPAÑOLA RE Mercado Solar Foto,,"AXPO IBERIA, S",,,,,OMIE exact unit code,
EGVD561,UOF COLMENA,SU,,,.L.  100 GENERACION ZONA ESPAÑOLA RE Mercado Solar Foto,ZAFRA,"AXPO IBERIA, S",,,,,OMIE exact unit code,
EGVD562,UOF FINIDI SOL,AR,,,.L.  100 GENERACION ZONA ESPAÑOLA RE Mercado Solar Foto,,"AXPO IBERIA, S",,,,,OMIE exact unit code,
EGVD563,UOF SOLAR CA,PAR,,,.L.  100 GENERACION ZONA ESPAÑOLA RE Mercado Solar Foto,CENA 1,"AXPO IBERIA, S",,,,,OMIE exact unit code,
EGVD564,UOF COLMENA,SU,,,.L.  100 GENERACION ZONA ESPAÑOLA RE Mercado Solar Foto,NIJARMAR,"AXPO IBERIA, S",,,,,OMIE exact unit code,
ELERV02,PRODUTORA,,,,RGIA S A 100 GENERACION ZONA PORTUGUESA RE Tarifa CU R (uof),,ELERGONE ENE,,,,,OMIE exact unit code,
ELVD001,ELEIA VD 001,,,,"ELEIA, S.L.U. 100 GENERACION ZONA ESPAÑOLA RE Mercado Solar Tér",,ELECTRICIDAD,,,,,OMIE exact unit code,
ELVD025,CLIFV21,,,,"ELEIA, S.L.U. 100 GENERACION ZONA ESPAÑOLA RE Mercado Solar Foto",,ELECTRICIDAD,,,,,OMIE exact unit code,
ELVD032,CRISOL,,,,"ELEIA, S.L.U. 100 GENERACION ZONA ESPAÑOLA RE Mercado Solar Foto",,ELECTRICIDAD,,,,,OMIE exact unit code,
ELVD033,SOLANAS,,,,"ELEIA, S.L.U. 100 GENERACION ZONA ESPAÑOLA RE Mercado Solar Foto",,ELECTRICIDAD,,,,,OMIE exact unit code,
ELVD034,BATTOS,,,,"ELEIA, S.L.U. 100 GENERACION ZONA ESPAÑOLA RE Mercado Solar Foto",,ELECTRICIDAD,,,,,OMIE exact unit code,
ELVD035,VIÑAS,,,,"ELEIA, S.L.U. 100 GENERACION ZONA ESPAÑOLA RE Mercado Solar Foto",,ELECTRICIDAD,,,,,OMIE exact unit code,
ELVD037,RETAMAR,,,,"ELEIA, S.L.U. 100 GENERACION ZONA ESPAÑOLA RE Mercado Solar Foto",,ELECTRICIDAD,,,,,OMIE exact unit code,
ELVD038,LAS TECLAS,,,,"ELEIA, S.L.U. 100 GENERACION ZONA ESPAÑOLA RE Mercado Solar Foto",,ELECTRICIDAD,,,,,OMIE exact unit code,
ELVD039,JOLCA,,,,"ELEIA, S.L.U. 100 GENERACION ZONA ESPAÑOLA RE Mercado Solar Foto",,ELECTRICIDAD,,,,,OMIE exact unit code,
ELVD040,5 VILLAS,,,,"ELEIA, S.L.U. 100 GENERACION ZONA ESPAÑOLA RE Mercado Térmica R",,ELECTRICIDAD,,,,,OMIE exact unit code,
ELVD043,PLAZA 1,,,,"ELEIA, S.L.U. 100 GENERACION ZONA ESPAÑOLA RE Mercado Solar Foto",,ELECTRICIDAD,,,,,OMIE exact unit code,
ELVD044,PLAZA 2,,,,"ELEIA, S.L.U. 100 GENERACION ZONA ESPAÑOLA RE Mercado Solar Foto",,ELECTRICIDAD,,,,,OMIE exact unit code,
ELVD045,LOS LLANOS,,,,"ELEIA, S.L.U. 100 GENERACION ZONA ESPAÑOLA RE Mercado Solar Foto",,ELECTRICIDAD,,,,,OMIE exact unit code,
ELVD046,CASA III,,,,U. 100 GENERACION ZONA ESPAÑOLA RE Mercado Solar Foto,S,.L.,,,,,OMIE exact unit code,
ELVD047,CASA IV,,,,U. 100 GENERACION ZONA ESPAÑOLA RE Mercado Solar Foto,S,.L.,,,,,OMIE exact unit code,
ELVD048,CASA V,,,,U. 100 GENERACION ZONA ESPAÑOLA RE Mercado Solar Foto,S,.L.,,,,,OMIE exact unit code,
ELVD049,ALCAZ 2,,,,U. 100 GENERACION ZONA ESPAÑOLA RE Mercado Solar Foto,S,.L.,,,,,OMIE exact unit code,
ELVD050,ECOSOLAR LEVANTE,,,,U. 100 GENERACION ZONA ESPAÑOLA RE Mercado Solar Foto,S,.L.,,,,,OMIE exact unit code,
ELVD051,CASA I,,,,U. 100 GENERACION ZONA ESPAÑOLA RE Mercado Solar Foto,S,.L.,,,,,OMIE exact unit code,
ELVD052,CASA II,,,,U. 100 GENERACION ZONA ESPAÑOLA RE Mercado Solar Foto,S,.L.,,,,,OMIE exact unit code,
ELVD053,CASA VI,,,,U. 100 GENERACION ZONA ESPAÑOLA RE Mercado Solar Foto,S,.L.,,,,,OMIE exact unit code,
ELVD054,CASA VII,,,,U. 100 GENERACION ZONA ESPAÑOLA RE Mercado Solar Foto,S,.L.,,,,,OMIE exact unit code,
ELVD055,CASA IX,,,,U. 100 GENERACION ZONA ESPAÑOLA RE Mercado Solar Foto,S,.L.,,,,,OMIE exact unit code,
ELVD056,CID 1,,,,U. 100 GENERACION ZONA ESPAÑOLA RE Mercado Solar Foto,S,.L.,,,,,OMIE exact unit code,
ELVD057,CID 2,,,,U. 100 GENERACION ZONA ESPAÑOLA RE Mercado Solar Foto,S,.L.,,,,,OMIE exact unit code,
ELVD058,CID 3,,,,U. 100 GENERACION ZONA ESPAÑOLA RE Mercado Solar Foto,S,.L.,,,,,OMIE exact unit code,
ELVD059,CID 4,,,,U. 100 GENERACION ZONA ESPAÑOLA RE Mercado Solar Foto,S,.L.,,,,,OMIE exact unit code,
ELVD060,HERRERA III,,,,U. 100 GENERACION ZONA ESPAÑOLA RE Mercado Solar Foto,S,.L.,,,,,OMIE exact unit code,
ELVD061,MULA 3,,,,U. 100 GENERACION ZONA ESPAÑOLA RE Mercado Solar Foto,S,.L.,,,,,OMIE exact unit code,
ENDGVD1,EG RE TARIFA REPRESEN,TANTE,,,. 100 GENERACION ZONA ESPAÑOLA RE Mercado Solar Foto,",",S.A,,,,,OMIE exact unit code,
ENDRE01,PENINSULA FV AUTOCON,SUMO EE,,,mercialización Reg. Esp.) 100 GENERACION ZONA ESPAÑOLA RE Mercado Solar Foto,.:,Co,,,,,OMIE exact unit code,
ENDRE02,VENTA EXCE AC > 1 MW,,,,mercialización Reg. Esp.) 100 GENERACION ZONA ESPAÑOLA RE Mercado Solar Foto,.:,Co,,,,,OMIE exact unit code,
ENERE01,UNIDAD DE VENTA,,,, 100 GENERACION ZONA ESPAÑOLA RE Mercado Solar Foto,,SL,,,,,OMIE exact unit code,
ENFOV02,ENFOV02,,,, 100 GENERACION ZONA PORTUGUESA RE Tarifa CU R (uof),,,,,,,OMIE exact unit code,
ENGNG02,COGENERACIONES,,,,"CIDADE PT, S.A. 100 GENERACION ZONA PORTUGUESA RE Tarifa CU R (uof)",C,TRI,,,,,OMIE exact unit code,
ENGNV02,UPAC CARVEMA,,,,"CIDADE PT, S.A. 100 GENERACION ZONA PORTUGUESA RE Tarifa CU R (uof)",C,TRI,,,,,OMIE exact unit code,
ENMRE01,EDM VENTA,,,,LECTRICIDAD Y GAS DEL MEDITER 100 GENERACION ZONA ESPAÑOLA RE Mercado Hidráulica,D,E E,,,,,OMIE exact unit code,
ENRVD02,CELULOSA DE ASTURIAS,RTCEASA,,,SL 100 GENERACION ZONA ESPAÑOLA RE Mercado Térmica R,R,GY,,,,,OMIE exact unit code,
ENRVD03,ENCE ENERGIA HUELVA,,,,SL 100 GENERACION ZONA ESPAÑOLA RE Mercado Térmica R,R,GY,,,,,OMIE exact unit code,
ENRVD04,ENCE ENERGIA Y CELULO,SA,,,SL 100 GENERACION ZONA ESPAÑOLA RE Mercado Térmica n,R,GY,,,,,OMIE exact unit code,
ENRVD05,CELULOSA ENERGIA,,,,SL 100 GENERACION ZONA ESPAÑOLA RE Mercado Térmica R,R,GY,,,,,OMIE exact unit code,
ENRVD06,ENCE ENERGIA EXTREMA,DURA,,,SL 100 GENERACION ZONA ESPAÑOLA RE Mercado Térmica R,R,GY,,,,,OMIE exact unit code,
ENRVD07,CELULOSA DE ASTURIAS,CGCEASA,,,SL 100 GENERACION ZONA ESPAÑOLA RE Mercado Térmica R,R,GY,,,,,OMIE exact unit code,
ENRVD09,LALOMA,,,,SL 100 GENERACION ZONA ESPAÑOLA RE Mercado Térmica R,R,GY,,,,,OMIE exact unit code,
ENRVD10,ENEMANSA,,,,SL 100 GENERACION ZONA ESPAÑOLA RE Mercado Térmica R,R,GY,,,,,OMIE exact unit code,
ENRVD11,LUCENA BIOMASA,,,,SL 100 GENERACION ZONA ESPAÑOLA RE Mercado Térmica R,R,GY,,,,,OMIE exact unit code,
ENRVD12,LUCENA COGENERACION,,,,SL 100 GENERACION ZONA ESPAÑOLA RE Mercado Térmica n,R,GY,,,,,OMIE exact unit code,
ENRVD14,ENCE ENERGIA HUELVA D,OS,,,SL 100 GENERACION ZONA ESPAÑOLA RE Mercado Térmica R,R,GY,,,,,OMIE exact unit code,
ENRVD15,ENCE ENERGIA PUERTOL,LANO,,,SL 100 GENERACION ZONA ESPAÑOLA RE Mercado Térmica R,R,GY,,,,,OMIE exact unit code,
ENRVD16,ECOCARBURANTE ESPAÑ,OLES,,,SL 100 GENERACION ZONA ESPAÑOLA RE Mercado Térmica n,R,GY,,,,,OMIE exact unit code,
ENRVD17,BIOCARBURANTES CASTI,LLA Y LEON,,,SL 100 GENERACION ZONA ESPAÑOLA RE Mercado Térmica n,R,GY,,,,,OMIE exact unit code,
ENRVD18,MOVIALSA COGENERACIO,N,,,SL 100 GENERACION ZONA ESPAÑOLA RE Mercado Térmica n,R,GY,,,,,OMIE exact unit code,
ENRVD19,MOVIALSA BIOMASA,,,,SL 100 GENERACION ZONA ESPAÑOLA RE Mercado Térmica n,R,GY,,,,,OMIE exact unit code,
ENRVD21,MOVIALSA COGENERACIO,N V,,,SL 100 GENERACION ZONA ESPAÑOLA RE Mercado Térmica n,R,GY,,,,,OMIE exact unit code,
ENRVD99,ENCE CBIO1,,,,SL 100 GENERACION ZONA ESPAÑOLA RE Mercado Térmica n,R,GY,,,,,OMIE exact unit code,
ENURE01,ENURE01,,,, 100 GENERACION ZONA ESPAÑOLA RE Mercado Térmica n,,,,,,,OMIE exact unit code,
ENURE02,ENURE02,,,, 100 GENERACION ZONA ESPAÑOLA RE Mercado Térmica n,,,,,,,OMIE exact unit code,
ENURE03,ENURE03,,,, 100 GENERACION ZONA ESPAÑOLA RE Mercado Térmica R,,,,,,,OMIE exact unit code,
ENURE04,ENURE04,,,, 100 GENERACION ZONA ESPAÑOLA RE Mercado Hidráulica,,,,,,,OMIE exact unit code,
ENURE05,ENURE05,,,, 100 GENERACION ZONA ESPAÑOLA RE Mercado Térmica n,,,,,,,OMIE exact unit code,
ENURE06,ENURE06,,,, 100 GENERACION ZONA ESPAÑOLA RE Mercado Solar Foto,,,,,,,OMIE exact unit code,
ENURE07,LA JARA I,,,, 100 GENERACION ZONA ESPAÑOLA RE Mercado Solar Foto,,,,,,,OMIE exact unit code,
ENURE08,ENURE08,,,,RI SLU        100 GENERACION ZONA ESPAÑOLA RE Mercado Térmica no,,ENERGIA NUF,,,,,OMIE exact unit code,
ENURE09,LA JARA 2,,,,RI SLU        100 GENERACION ZONA ESPAÑOLA RE Mercado Solar Fotov,,ENERGIA NUF,,,,,OMIE exact unit code,
ENURE10,LA RASA 1,,,,RI SLU        100 GENERACION ZONA ESPAÑOLA RE Mercado Solar Fotov,,ENERGIA NUF,,,,,OMIE exact unit code,
ENURE11,POAL FOTOVO,L,,,RI SLU        100 GENERACION ZONA ESPAÑOLA RE Mercado Solar Fotov,A,ENERGIA NUF,,,,,OMIE exact unit code,
ENURE12,NUFRI SOLAR,,,,RI SLU        100 GENERACION ZONA ESPAÑOLA RE Mercado Solar Fotov,,ENERGIA NUF,,,,,OMIE exact unit code,
ENURE13,CASTELLANA,,,,RI SLU        100 GENERACION ZONA ESPAÑOLA RE Mercado Solar Fotov,,ENERGIA NUF,,,,,OMIE exact unit code,
ENURE14,MAS ROIG,,,,RI SLU        100 GENERACION ZONA ESPAÑOLA RE Mercado Solar Fotov,,ENERGIA NUF,,,,,OMIE exact unit code,
ENVD001,UOF FV ERPC,,,,"NO VA BLES PÚBLIQUE S DE CATALUNYA , S.A.U. 100 GENERACION ZONA ESPAÑOLA RE Mercado Solar Fotov",,ENERGIES RE,,,,,OMIE exact unit code,
ENVD002,UOF HI ERPC,,,,"NO VA BLES PÚBLIQUE S DE CATALUNYA , S.A.U. 100 GENERACION ZONA ESPAÑOLA RE Mercado Hidráulica",,ENERGIES RE,,,,,OMIE exact unit code,
ENVD003,UOF FV ERPC,G,,,"NO VA BLES PÚBLIQUE S DE CATALUNYA , S.A.U. 100 GENERACION ZONA ESPAÑOLA RE Mercado Solar Fotov",ICA,ENERGIES RE,,,,,OMIE exact unit code,
ENVD004,UOF HI ERPC G,E,,,"NO VA BLES PÚBLIQUE S DE CATALUNYA , S.A.U. 100 GENERACION ZONA ESPAÑOLA RE Mercado Hidráulica",ICA,ENERGIES RE,,,,,OMIE exact unit code,
EOUVD01,REGSITI VENT,A,,,"ER CIA LIZAD ORA REG ULA DA , S.L.U.   100 GENERACION ZONA ESPAÑOLA RE Mercado Eólica",,REGSITI COM,,,,,OMIE exact unit code,
EOUVD02,REGSITI VENT,A,,,"ER CIA LIZAD ORA REG ULA DA , S.L.U.   100 GENERACION ZONA ESPAÑOLA RE Mercado Solar Fotov",,REGSITI COM,,,,,OMIE exact unit code,
EOUVD03,REGSITI VENT,A,,,"ER CIA LIZAD ORA REG ULA DA , S.L.U.   100 GENERACION ZONA ESPAÑOLA RE Mercado Térmica no",,REGSITI COM,,,,,OMIE exact unit code,
EOUVD04,REGSITI VENT,A,,,"ER CIA LIZAD ORA REG ULA DA , S.L.U.   100 GENERACION ZONA ESPAÑOLA RE Mercado Térmica Re",,REGSITI COM,,,,,OMIE exact unit code,
EOUVD05,REGSITI VENT,A,,,"ER CIA LIZAD ORA REG ULA DA , S.L.U.   100 GENERACION ZONA ESPAÑOLA RE Mercado Solar Térmi",,REGSITI COM,,,,,OMIE exact unit code,
EOUVD06,REGSITI VENT,A,,,"ER CIA LIZAD ORA REG ULA DA , S.L.U.   100 GENERACION ZONA ESPAÑOLA RE Mercado Térmica no",,REGSITI COM,,,,,OMIE exact unit code,
EOUVD07,REGSITI VENT,A,,,"ER CIA LIZAD ORA REG ULA DA , S.L.U.   100 GENERACION ZONA ESPAÑOLA RE Tar. CUR Eólica",,REGSITI COM,,,,,OMIE exact unit code,
EOUVD08,REGSITI VENT,A,,,"ER CIA LIZAD ORA REG ULA DA , S.L.U.   100 GENERACION ZONA ESPAÑOLA RE Tar. CUR Solar Foto",,REGSITI COM,,,,,OMIE exact unit code,
EOUVD09,REGSITI VENT,A,,,"ER CIA LIZAD ORA REG ULA DA , S.L.U.   100 GENERACION ZONA ESPAÑOLA RE Tar. CUR Hidráulica",,REGSITI COM,,,,,OMIE exact unit code,
EOUVD10,REGSITI VENT,A,,,"ER CIA LIZAD ORA REG ULA DA , S.L.U.   100 GENERACION ZONA ESPAÑOLA RE Tar. CUR Térmica R",,REGSITI COM,,,,,OMIE exact unit code,
EOUVD11,REGSITI VENT,A,,,"ER CIA LIZAD ORA REG ULA DA , S.L.U.   100 GENERACION ZONA ESPAÑOLA RE Tar. CUR Solar Térm",,REGSITI COM,,,,,OMIE exact unit code,
EOUVD12,REGSITI VENT,A,,,"ER CIA LIZAD ORA REG ULA DA , S.L.U.   100 GENERACION ZONA ESPAÑOLA RE Tar. CUR Térmica no",,REGSITI COM,,,,,OMIE exact unit code,
ERUNV02,UNIDADE FISIC,A,,,"CO MUN IDAD ES, SA      100 GENERACION ZONA PORTUGUESA RE Tarifa CU R (uof)",GREGACAO,GREENVOLT,,,,,OMIE exact unit code,
ESCCC1,C.C. ESCOMBR,E,,,GE NA S.L       100 GENERACION ZONA ESPAÑOLA Ciclo Combin ado,1,ENGIE CARTA,,,,,OMIE exact unit code,
ESCCC2,C.C. ESCOMBR,E,,,GE NA S.L       100 GENERACION ZONA ESPAÑOLA Ciclo Combin ado,2,ENGIE CARTA,,,,,OMIE exact unit code,
ESCCC3,C.C. ESCOMBR,E,,,GE NA S.L       100 GENERACION ZONA ESPAÑOLA Ciclo Combin ado,3,ENGIE CARTA,,,,,OMIE exact unit code,
ESC6,C.C. ESCOMBR,E,,,NE RGÍ A ESP AÑA S..A.      100 GENERACION ZONA ESPAÑOLA Ciclo Combin ado,6,IBERDROLA E,,,,,OMIE exact unit code,
ETO1,EL TORCIO,,,,KE T (A CT.: COMERCIA LIZ AC IÓN RE)   100 GENERACION ZONA ESPAÑOLA Hidráulica Ge neración,,WIND TO MAR,,,,,OMIE exact unit code,
EVIRE01,ENERGIA VIVA,V,,,A S PAI N SL.       100 GENERACION ZONA ESPAÑOLA RE Mercado Solar Fotov,A,ENERGIA VIV,,,,,OMIE exact unit code,
EYPRE01,PV MENORS 1M,,,,"IM PUL SA, S. A.      100 GENERACION ZONA ESPAÑOLA RE Mercado Solar Fotov",,ESTABANELL,,,,,OMIE exact unit code,
EYPRE02,HIDRO MENOR,1,,,"IM PUL SA, S. A.      100 GENERACION ZONA ESPAÑOLA RE Mercado Hidráulica",,ESTABANELL,,,,,OMIE exact unit code,
EYPRE03,HIDRO MAJOR,1,,,"IM PUL SA, S. A.      100 GENERACION ZONA ESPAÑOLA RE Mercado Hidráulica",,ESTABANELL,,,,,OMIE exact unit code,
EYPRE04,FV CAÑADA LE,N,,,"IM PUL SA, S. A.      100 GENERACION ZONA ESPAÑOLA RE Mercado Solar Fotov",O,ESTABANELL,,,,,OMIE exact unit code,
EYPRE05,PV SEG PLANT,E,,,"IM PUL SA, S. A.      100 GENERACION ZONA ESPAÑOLA RE Mercado Solar Fotov",,ESTABANELL,,,,,OMIE exact unit code,
EYPRE06,PV SIRAH,,,,"IM PUL SA, S. A.      100 GENERACION ZONA ESPAÑOLA RE Mercado Solar Fotov",,ESTABANELL,,,,,OMIE exact unit code,
EYPRE07,FV 1 5 EXT,,,,"IM PUL SA, S. A.      100 GENERACION ZONA ESPAÑOLA RE Mercado Solar Fotov",,ESTABANELL,,,,,OMIE exact unit code,
EZURV02,UNIDADE DE V,E,,,", L DA        100 GENERACION ZONA PORTUGUESA RE Tarifa CU R (uof)",,EZU ENERGIA,,,,,OMIE exact unit code,
E21VD01,EXXI VENTA RE,,,,"CO ME RCIAL IZADORA DE RE FERENCIA, S .L. 100 GENERACION ZONA ESPAÑOLA RE Mercado Eólica",,ENERGÍA XXI,,,,,OMIE exact unit code,
E21VD02,EXXI VENTA RE,,,,"CO ME RCIAL IZADORA DE RE FERENCIA, S .L. 100 GENERACION ZONA ESPAÑOLA RE Mercado Solar Fotov",,ENERGÍA XXI,,,,,OMIE exact unit code,
E21VD03,EXXI VENTA RE,,,,"CO ME RCIAL IZADORA DE RE FERENCIA, S .L. 100 GENERACION ZONA ESPAÑOLA RE Mercado Hidráulica",,ENERGÍA XXI,,,,,OMIE exact unit code,
E21VD04,EXXI VENTA RE,,,,"CO ME RCIAL IZADORA DE RE FERENCIA, S .L. 100 GENERACION ZONA ESPAÑOLA RE Mercado Térmica Re",,ENERGÍA XXI,,,,,OMIE exact unit code,
E21VD05,EXXI VENTA RE,,,,"CO ME RCIAL IZADORA DE RE FERENCIA, S .L. 100 GENERACION ZONA ESPAÑOLA RE Mercado Solar Fotov",,ENERGÍA XXI,,,,,OMIE exact unit code,
E21VD06,EXXI VENTA RE,,,,"CO ME RCIAL IZADORA DE RE FERENCIA, S .L. 100 GENERACION ZONA ESPAÑOLA RE Mercado Solar Térmi",,ENERGÍA XXI,,,,,OMIE exact unit code,
E21VD07,EXXI VENTA RE,,,,"CO ME RCIAL IZADORA DE RE FERENCIA, S .L. 100 GENERACION ZONA ESPAÑOLA RE Mercado Térmica no",,ENERGÍA XXI,,,,,OMIE exact unit code,
E21VD08,EXXI VENTA RE,,,,"CO ME RCIAL IZADORA DE RE FERENCIA, S .L. 100 GENERACION ZONA ESPAÑOLA RE Mercado Geotérmica",,ENERGÍA XXI,,,,,OMIE exact unit code,
E21VD09,EXXI VENTA RE,,,,"CO ME RCIAL IZADORA DE RE FERENCIA, S .L. 100 GENERACION ZONA ESPAÑOLA RE Mercado Térmica no",,ENERGÍA XXI,,,,,OMIE exact unit code,
E21VD10,EXXI VENTA RE,,,,"CO ME RCIAL IZADORA DE RE FERENCIA, S .L. 100 GENERACION ZONA ESPAÑOLA RE Mercado Térmica Re",,ENERGÍA XXI,,,,,OMIE exact unit code,
E21VD11,EXXI VENTA RE,,,,"CO ME RCIAL IZADORA DE RE FERENCIA, S .L. 100 GENERACION ZONA ESPAÑOLA RE Tar. CUR Eólica",,ENERGÍA XXI,,,,,OMIE exact unit code,
E21VD12,EXXI VENTA RE,,,,"CO ME RCIAL IZADORA DE RE FERENCIA, S .L. 100 GENERACION ZONA ESPAÑOLA RE Tar. CUR Solar Foto",,ENERGÍA XXI,,,,,OMIE exact unit code,
E21VD13,EXXI VENTA RE,,,,"CO ME RCIAL IZADORA DE RE FERENCIA, S .L. 100 GENERACION ZONA ESPAÑOLA RE Tar. CUR Solar Térm",,ENERGÍA XXI,,,,,OMIE exact unit code,
E21VD14,EXXI VENTA RE,,,,"CO ME RCIAL IZADORA DE RE FERENCIA, S .L. 100 GENERACION ZONA ESPAÑOLA RE Tar. CUR Hidráulica",,ENERGÍA XXI,,,,,OMIE exact unit code,
E21VD15,EXXI VENTA RE,,,,"CO ME RCIAL IZADORA DE RE FERENCIA, S .L. 100 GENERACION ZONA ESPAÑOLA RE Tar. CUR Térmica R",,ENERGÍA XXI,,,,,OMIE exact unit code,
E21VD16,EXXI VENTA RE,,,,"CO ME RCIAL IZADORA DE RE FERENCIA, S .L. 100 GENERACION ZONA ESPAÑOLA RE Tar. CUR Térmica no",,ENERGÍA XXI,,,,,OMIE exact unit code,
FAERE01,FAERE01,,,,100 GENERACION ZONA ESPAÑOLA RE Mercado Solar Foto,"ACIÓN, S",.A.,,,,,OMIE exact unit code,
FENVD01,FOTO >15 TARIFA,,,,100 GENERACION ZONA ESPAÑOLA RE Mercado Solar Foto,,,,,,,OMIE exact unit code,
FENVD02,COGENERACIÓN,,,,100 GENERACION ZONA ESPAÑOLA RE Mercado Térmica n,,,,,,,OMIE exact unit code,
FENVD03,EOLICA,,,,100 GENERACION ZONA ESPAÑOLA RE Mercado Eólica,,,,,,,OMIE exact unit code,
FENVD04,HIDRAULICA,,,,100 GENERACION ZONA ESPAÑOLA RE Mercado Hidráulica,,,,,,,OMIE exact unit code,
FENVD05,FOTO > 1MW,,,,100 GENERACION ZONA ESPAÑOLA RE Mercado Solar Foto,,,,,,,OMIE exact unit code,
FENVD06,EOLICA TERRESTRE,GESTIONABLE,,,100 GENERACION ZONA ESPAÑOLA RE Mercado Eólica,,,,,,,OMIE exact unit code,
FENVD07,FVCAR2,,,,100 GENERACION ZONA ESPAÑOLA RE Mercado Solar Foto,,,,,,,OMIE exact unit code,
FENVD08,FVCAR3,,,,100 GENERACION ZONA ESPAÑOLA RE Mercado Solar Foto,,,,,,,OMIE exact unit code,
FENVD09,FVCAR4,,,,100 GENERACION ZONA ESPAÑOLA RE Mercado Solar Foto,,,,,,,OMIE exact unit code,
FENVD10,FVVEGA,,,,100 GENERACION ZONA ESPAÑOLA RE Mercado Solar Foto,,,,,,,OMIE exact unit code,
FENVD11,PE MONTE TOURADO,,,,100 GENERACION ZONA ESPAÑOLA RE Mercado Eólica,,,,,,,OMIE exact unit code,
FENVD12,PE FARRAPA II,,,,100 GENERACION ZONA ESPAÑOLA RE Mercado Eólica,,,,,,,OMIE exact unit code,
FENVD13,PE BRETOÑA,,,,100 GENERACION ZONA ESPAÑOLA RE Mercado Eólica,,,,,,,OMIE exact unit code,
FENVD14,BIOGAS,,,,100 GENERACION ZONA ESPAÑOLA RE Mercado Térmica R,,,,,,,OMIE exact unit code,
FENVD15,F15AFEN,,,,100 GENERACION ZONA ESPAÑOLA RE Mercado Solar Foto,,,,,,,OMIE exact unit code,
FUTVD03,FUTGR ROMA COGFU,T,,,100 GENERACION ZONA ESPAÑOLA RE Mercado Térmica n,ERCIAL S.,L.U.,,,,,OMIE exact unit code,
FUTVD04,FUTGR FOTOVOLTAI,CAS,,,100 GENERACION ZONA ESPAÑOLA RE Mercado Solar Foto,ERCIAL S.,L.U.,,,,,OMIE exact unit code,
FUTVD06,ALCARRAS,,,,100 GENERACION ZONA ESPAÑOLA RE Mercado Térmica n,ERCIAL S.,L.U.,,,,,OMIE exact unit code,
FUTVD11,VOLTREGA,,,,100 GENERACION ZONA ESPAÑOLA RE Mercado Térmica n,ERCIAL S.,L.U.,,,,,OMIE exact unit code,
GACVD1,GAC REG. ESPECIAL,TARF REP,,,100 GENERACION ZONA ESPAÑOLA RE Mercado Solar Foto,,,,,,,OMIE exact unit code,
GACVD10,GACVD10,,,,100 GENERACION ZONA ESPAÑOLA RE Mercado Solar Foto,,,,,,,OMIE exact unit code,
GACVD11,GACVD11,,,,100 GENERACION ZONA ESPAÑOLA RE Mercado Solar Foto,,,,,,,OMIE exact unit code,
GACVD12,GACVD12,,,,100 GENERACION ZONA ESPAÑOLA RE Mercado Solar Foto,,,,,,,OMIE exact unit code,
GACVD13,GACVD13,,,,100 GENERACION ZONA ESPAÑOLA RE Mercado Solar Foto,,,,,,,OMIE exact unit code,
GACVD14,GACVD14,,,,100 GENERACION ZONA ESPAÑOLA RE Mercado Solar Foto,,,,,,,OMIE exact unit code,
GACVD4,GAC REG. ESPECIAL,REP,,,100 GENERACION ZONA ESPAÑOLA RE Mercado Solar Foto,,,,,,,OMIE exact unit code,
GACVD5,GAC REG. ESPECIAL,REP,,,100 GENERACION ZONA ESPAÑOLA RE Mercado Solar Foto,,,,,,,OMIE exact unit code,
GACVD6,GAC REG. ESPECIAL,REP,,,100 GENERACION ZONA ESPAÑOLA RE Mercado Solar Foto,,,,,,,OMIE exact unit code,
GACVD7,GACVD7,,,,100 GENERACION ZONA ESPAÑOLA RE Mercado Solar Foto,,,,,,,OMIE exact unit code,
GACVD8,GACVD8,,,,100 GENERACION ZONA ESPAÑOLA RE Mercado Solar Foto,,,,,,,OMIE exact unit code,
GACVD9,GACVD9,,,,100 GENERACION ZONA ESPAÑOLA RE Mercado Solar Foto,,,,,,,OMIE exact unit code,
GALPVD1,PARQUE VALDECARR,O,,,100 GENERACION ZONA ESPAÑOLA RE Mercado Solar Foto,"ESPAÑA,",S.A.U.,,,,,OMIE exact unit code,
GALPVD2,PARQUE ALCAZAR 1,,,,100 GENERACION ZONA ESPAÑOLA RE Mercado Solar Foto,"ESPAÑA,",S.A.U.,,,,,OMIE exact unit code,
GALPVD3,PARQUE MANZANAR,ES,,,100 GENERACION ZONA ESPAÑOLA RE Mercado Solar Foto,"ESPAÑA,",S.A.U.,,,,,OMIE exact unit code,
GALPVD4,PARQUE LOGRO,,,,100 GENERACION ZONA ESPAÑOLA RE Mercado Solar Foto,"ESPAÑA,",S.A.U.,,,,,OMIE exact unit code,
GALPVD5,PARQUE ICTIO ALCA,ZAR I,,,100 GENERACION ZONA ESPAÑOLA RE Mercado Solar Foto,"ESPAÑA,",S.A.U.,,,,,OMIE exact unit code,
GALPVD6,PARQUE ICTIO ALCA,ZAR II,,,100 GENERACION ZONA ESPAÑOLA RE Mercado Solar Foto,"ESPAÑA,",S.A.U.,,,,,OMIE exact unit code,
GALPVD7,ICTIO ALCAZAR III,,,,100 GENERACION ZONA ESPAÑOLA RE Mercado Solar Foto,"ESPAÑA,",S.A.U.,,,,,OMIE exact unit code,
GALPVD8,ALCAZAR II,,,,100 GENERACION ZONA ESPAÑOLA RE Mercado Solar Foto,"ESPAÑA,",S.A.U.,,,,,OMIE exact unit code,
GALPVD9,VALDIVIESO,,,,100 GENERACION ZONA ESPAÑOLA RE Mercado Solar Foto,"ESPAÑA,",S.A.U.,,,,,OMIE exact unit code,
GALPWV2,UNIDADE DE VENDA,,,,100 GENERACION ZONA PORTUGUESA RE Tarifa CU R (uof),,,,,,,OMIE exact unit code,
GALVD10,RIBAGRANDE,,,,100 GENERACION ZONA ESPAÑOLA RE Mercado Solar Foto,"ESPAÑA,",S.A.U.,,,,,OMIE exact unit code,
GALVD11,SIERREZUELA,,,,100 GENERACION ZONA ESPAÑOLA RE Mercado Solar Foto,"ESPAÑA,",S.A.U.,,,,,OMIE exact unit code,
GALVD12,ESCARNES,,,,100 GENERACION ZONA ESPAÑOLA RE Mercado Solar Foto,"ESPAÑA,",S.A.U.,,,,,OMIE exact unit code,
GALVD13,ENVITERO,,,,100 GENERACION ZONA ESPAÑOLA RE Mercado Solar Foto,"ESPAÑA,",S.A.U.,,,,,OMIE exact unit code,
GALVD14,MOCATERO,,,,100 GENERACION ZONA ESPAÑOLA RE Mercado Solar Foto,"ESPAÑA,",S.A.U.,,,,,OMIE exact unit code,
GALVD15,IGNIS SOLAR I,,,,100 GENERACION ZONA ESPAÑOLA RE Mercado Solar Foto,"ESPAÑA,",S.A.U.,,,,,OMIE exact unit code,
GALVD16,MEDIOMONTE,,,,100 GENERACION ZONA ESPAÑOLA RE Mercado Solar Foto,"ESPAÑA,",S.A.U.,,,,,OMIE exact unit code,
GALVD17,EMOCIÓN,,,,100 GENERACION ZONA ESPAÑOLA RE Mercado Solar Foto,"ESPAÑA,",S.A.U.,,,,,OMIE exact unit code,
GALVD18,ESCATRÓN SOLAR II,,,,100 GENERACION ZONA ESPAÑOLA RE Mercado Solar Foto,"ESPAÑA,",S.A.U.,,,,,OMIE exact unit code,
GALVD19,PALABRA,,,,100 GENERACION ZONA ESPAÑOLA RE Mercado Solar Foto,"ESPAÑA,",S.A.U.,,,,,OMIE exact unit code,
GALVD20,VALDELAGUA,,,,100 GENERACION ZONA ESPAÑOLA RE Mercado Solar Foto,"ESPAÑA,",S.A.U.,,,,,OMIE exact unit code,
GALVD21,EL ROBLEDO,,,,100 GENERACION ZONA ESPAÑOLA RE Mercado Solar Foto,"ESPAÑA,",S.A.U.,,,,,OMIE exact unit code,
GALVD22,HAZAÑA SOLAR,,,,100 GENERACION ZONA ESPAÑOLA RE Mercado Solar Foto,"ESPAÑA,",S.A.U.,,,,,OMIE exact unit code,
GALVD23,TALENTO,GALP ENERGÍA,Galp,derived_from_legal_name,GENERACION ZONA ESPAÑOLA RE Mercado Solar Foto,S.A.U.,100,,,,,OMIE exact unit code,https://www.galp.com/
GALVD24,ESPLENDOR,GALP ENERGÍA,Galp,derived_from_legal_name,GENERACION ZONA ESPAÑOLA RE Mercado Solar Foto,S.A.U.,100,,,,,OMIE exact unit code,https://www.galp.com/
GALVD25,PITARCO A,GALP ENERGÍA,Galp,derived_from_legal_name,GENERACION ZONA ESPAÑOLA RE Mercado Solar Foto,S.A.U.,100,,,,,OMIE exact unit code,https://www.galp.com/
GALVD29,EXTRESOL II,GALP ENERGÍA,Galp,derived_from_legal_name,GENERACION ZONA ESPAÑOLA RE Mercado Solar Tér,S.A.U.,100,,,,,OMIE exact unit code,https://www.galp.com/
GALVD30,EXTRESOL III,GALP ENERGÍA,Galp,derived_from_legal_name,GENERACION ZONA ESPAÑOLA RE Mercado Solar Tér,S.A.U.,100,,,,,OMIE exact unit code,https://www.galp.com/
GALVD31,ALBARREAL,GALP ENERGÍA,Galp,derived_from_legal_name,GENERACION ZONA ESPAÑOLA RE Mercado Solar Foto,S.A.U.,100,,,,,OMIE exact unit code,https://www.galp.com/
GALVD32,PEREA,GALP ENERGÍA,Galp,derived_from_legal_name,GENERACION ZONA ESPAÑOLA RE Mercado Solar Foto,S.A.U.,100,,,,,OMIE exact unit code,https://www.galp.com/
GALVD33,VEGON,GALP ENERGÍA,Galp,derived_from_legal_name,GENERACION ZONA ESPAÑOLA RE Mercado Solar Foto,S.A.U.,100,,,,,OMIE exact unit code,https://www.galp.com/
GALVD39,MONTEGORDO,GALP ENERGÍA,Galp,derived_from_legal_name,GENERACION ZONA ESPAÑOLA RE Mercado Eólica,S.A.U.,100,,,,,OMIE exact unit code,https://www.galp.com/
GALVD40,CARBAS,GALP ENERGÍA,Galp,derived_from_legal_name,GENERACION ZONA ESPAÑOLA RE Mercado Eólica,S.A.U.,100,,,,,OMIE exact unit code,https://www.galp.com/
GALVD41,CALDERA,GALP ENERGÍA,Galp,derived_from_legal_name,GENERACION ZONA ESPAÑOLA RE Mercado Eólica,S.A.U.,100,,,,,OMIE exact unit code,https://www.galp.com/
GALVD42,TESOSANTO,GALP ENERGÍA,Galp,derived_from_legal_name,GENERACION ZONA ESPAÑOLA RE Mercado Eólica,S.A.U.,100,,,,,OMIE exact unit code,https://www.galp.com/
GALVD43,EXTRESOL 1,GALP ENERGÍA,Galp,derived_from_legal_name,GENERACION ZONA ESPAÑOLA RE Mercado Solar Tér,S.A.U.,100,,,,,OMIE exact unit code,https://www.galp.com/
GALVD56,ALMARAZ,GALP ENERGÍA,Galp,derived_from_legal_name,GENERACION ZONA ESPAÑOLA RE Mercado Solar Foto,S.A.U.,100,,,,,OMIE exact unit code,https://www.galp.com/
GALVD57,TOLEDO,GALP ENERGÍA,Galp,derived_from_legal_name,GENERACION ZONA ESPAÑOLA RE Mercado Solar Foto,S.A.U.,100,,,,,OMIE exact unit code,https://www.galp.com/
GALVD58,AHIN,GALP ENERGÍA,Galp,derived_from_legal_name,GENERACION ZONA ESPAÑOLA RE Mercado Solar Foto,S.A.U.,100,,,,,OMIE exact unit code,https://www.galp.com/
GALVD59,CASABLANCA,GALP ENERGÍA,Galp,derived_from_legal_name,GENERACION ZONA ESPAÑOLA RE Mercado Solar Tér,S.A.U.,100,,,,,OMIE exact unit code,https://www.galp.com/
GALVD60,ABUELA,GALP ENERGÍA,Galp,derived_from_legal_name,GENERACION ZONA ESPAÑOLA RE Mercado Eólica,S.A.U.,100,,,,,OMIE exact unit code,https://www.galp.com/
GALVD61,COLMENAR,GALP ENERGÍA,Galp,derived_from_legal_name,GENERACION ZONA ESPAÑOLA RE Mercado Eólica,S.A.U.,100,,,,,OMIE exact unit code,https://www.galp.com/
GALVD62,NOGUERA,GALP ENERGÍA,Galp,derived_from_legal_name,GENERACION ZONA ESPAÑOLA RE Mercado Eólica,S.A.U.,100,,,,,OMIE exact unit code,https://www.galp.com/
GALVD63,VEGASISLETES,GALP ENERGÍA,Galp,derived_from_legal_name,GENERACION ZONA ESPAÑOLA RE Mercado Eólica,S.A.U.,100,,,,,OMIE exact unit code,https://www.galp.com/
GALVD64,SERON1,GALP ENERGÍA,Galp,derived_from_legal_name,GENERACION ZONA ESPAÑOLA RE Mercado Eólica,S.A.U.,100,,,,,OMIE exact unit code,https://www.galp.com/
GALVD65,SERON2,GALP ENERGÍA,Galp,derived_from_legal_name,GENERACION ZONA ESPAÑOLA RE Mercado Eólica,S.A.U.,100,,,,,OMIE exact unit code,https://www.galp.com/
GALVD66,TIJOLA,GALP ENERGÍA,Galp,derived_from_legal_name,GENERACION ZONA ESPAÑOLA RE Mercado Eólica,S.A.U.,100,,,,,OMIE exact unit code,https://www.galp.com/
GALVD67,CERROBLANCO,GALP ENERGÍA,Galp,derived_from_legal_name,GENERACION ZONA ESPAÑOLA RE Mercado Eólica,S.A.U.,100,,,,,OMIE exact unit code,https://www.galp.com/
GALVD68,MAJALES,GALP ENERGÍA,Galp,derived_from_legal_name,GENERACION ZONA ESPAÑOLA RE Mercado Eólica,S.A.U.,100,,,,,OMIE exact unit code,https://www.galp.com/
GALVD69,TORVISCAL,GALP ENERGÍA,Galp,derived_from_legal_name,GENERACION ZONA ESPAÑOLA RE Mercado Eólica,S.A.U.,100,,,,,OMIE exact unit code,https://www.galp.com/
GALVD70,BRENA,GALP ENERGÍA,Galp,derived_from_legal_name,GENERACION ZONA ESPAÑOLA RE Mercado Eólica,S.A.U.,100,,,,,OMIE exact unit code,https://www.galp.com/
GALVD71,NEBINA,GALP ENERGÍA,Galp,derived_from_legal_name,GENERACION ZONA ESPAÑOLA RE Mercado Eólica,S.A.U.,100,,,,,OMIE exact unit code,https://www.galp.com/
GALVD72,VILLAMAYOR,GALP ENERGÍA,Galp,derived_from_legal_name,GENERACION ZONA ESPAÑOLA RE Mercado Eólica,S.A.U.,100,,,,,OMIE exact unit code,https://www.galp.com/
GALVD73,CABRITO,GALP ENERGÍA,Galp,derived_from_legal_name,GENERACION ZONA ESPAÑOLA RE Mercado Eólica,S.A.U.,100,,,,,OMIE exact unit code,https://www.galp.com/
GALVD74,ESCAMB,GALP ENERGÍA,Galp,derived_from_legal_name,GENERACION ZONA ESPAÑOLA RE Mercado Eólica,S.A.U.,100,,,,,OMIE exact unit code,https://www.galp.com/
GALVD75,BENALAZ,GALP ENERGÍA,Galp,derived_from_legal_name,GENERACION ZONA ESPAÑOLA RE Mercado Eólica,S.A.U.,100,,,,,OMIE exact unit code,https://www.galp.com/
GALVD76,BOIRA,GALP ENERGÍA,Galp,derived_from_legal_name,GENERACION ZONA ESPAÑOLA RE Mercado Eólica,S.A.U.,100,,,,,OMIE exact unit code,https://www.galp.com/
GALVD77,GLOSILLA,GALP ENERGÍA,Galp,derived_from_legal_name,GENERACION ZONA ESPAÑOLA RE Mercado Eólica,S.A.U.,100,,,,,OMIE exact unit code,https://www.galp.com/
GALVD78,SALOMON,GALP ENERGÍA,Galp,derived_from_legal_name,GENERACION ZONA ESPAÑOLA RE Mercado Eólica,S.A.U.,100,,,,,OMIE exact unit code,https://www.galp.com/
GALVD79,BENALAZ2,GALP ENERGÍA,Galp,derived_from_legal_name,GENERACION ZONA ESPAÑOLA RE Mercado Eólica,S.A.U.,100,,,,,OMIE exact unit code,https://www.galp.com/
GALVD80,SIERRAGUAS,GALP ENERGÍA,Galp,derived_from_legal_name,GENERACION ZONA ESPAÑOLA RE Mercado Eólica,S.A.U.,100,,,,,OMIE exact unit code,https://www.galp.com/
GALVD83,THARSIS,GALP ENERGÍA,Galp,derived_from_legal_name,GENERACION ZONA ESPAÑOLA RE Mercado Eólica,S.A.U.,100,,,,,OMIE exact unit code,https://www.galp.com/
GALVD85,CAMPILLO,GALP ENERGÍA,Galp,derived_from_legal_name,GENERACION ZONA ESPAÑOLA RE Mercado Eólica,S.A.U.,100,,,,,OMIE exact unit code,https://www.galp.com/
GALVD86,CANTERAS3,GALP ENERGÍA,Galp,derived_from_legal_name,GENERACION ZONA ESPAÑOLA RE Mercado Eólica,S.A.U.,100,,,,,OMIE exact unit code,https://www.galp.com/
GASNVD2,GAS NATURAL SDG VENTA TARIFA,GAS NATURAL C,,,GENERACION ZONA ESPAÑOLA RE Mercado Hidráulica,ALIZADORA,100,,,,,OMIE exact unit code,
GASNVD4,GASNVD4,GAS NATURAL C,,,GENERACION ZONA ESPAÑOLA RE Mercado Térmica n,ALIZADORA,100,,,,,OMIE exact unit code,
GASNVD9,GASNVD9,GAS NATURAL C,,,GENERACION ZONA ESPAÑOLA RE Mercado Eólica,ALIZADORA,100,,,,,OMIE exact unit code,
GASVD10,GASVD10,GAS NATURAL C,,,GENERACION ZONA ESPAÑOLA RE Mercado Térmica n,ALIZADORA,100,,,,,OMIE exact unit code,
GASVD11,GASVD11,GAS NATURAL C,,,GENERACION ZONA ESPAÑOLA RE Mercado Eólica,ALIZADORA,100,,,,,OMIE exact unit code,
GASVD12,GASVD12,GAS NATURAL C,,,GENERACION ZONA ESPAÑOLA RE Mercado Eólica,ALIZADORA,100,,,,,OMIE exact unit code,
GASVD15,GASVD15,GAS NATURAL C,,,GENERACION ZONA ESPAÑOLA RE Mercado Solar Foto,ALIZADORA,100,,,,,OMIE exact unit code,
GASVD16,GASVD16,GAS NATURAL C,,,GENERACION ZONA ESPAÑOLA RE Mercado Solar Foto,ALIZADORA,100,,,,,OMIE exact unit code,
GASVD17,GASVD17,GAS NATURAL C,,,GENERACION ZONA ESPAÑOLA RE Mercado Eólica,ALIZADORA,100,,,,,OMIE exact unit code,
GASVD18,GASVD18,GAS NATURAL C,,,GENERACION ZONA ESPAÑOLA RE Mercado Solar Foto,ALIZADORA,100,,,,,OMIE exact unit code,
GASVD20,GASVD20,GAS NATURAL C,,,GENERACION ZONA ESPAÑOLA RE Mercado Solar Foto,ALIZADORA,100,,,,,OMIE exact unit code,
GASVD22,GASVD22,GAS NATURAL C,,,GENERACION ZONA ESPAÑOLA RE Mercado Eólica,ALIZADORA,100,,,,,OMIE exact unit code,
GDLQ,UGH. GUADALQUIVIR,ENDESA GENER,Endesa,derived_from_legal_name,GENERACION ZONA ESPAÑOLA Hidráulica Ge neración,.A.,100,,,,,OMIE exact unit code,https://www.endesa.com/
GDNA,UGH. GUADIANA,ENDESA GENER,Endesa,derived_from_legal_name,GENERACION ZONA ESPAÑOLA Hidráulica Ge neración,.A.,100,,,,,OMIE exact unit code,https://www.endesa.com/
GEMVD01,GEM VD T01,GESTION DE EN,,,GENERACION ZONA ESPAÑOLA RE Mercado Térmica n,"MERCADOS, S.L.",100,,,,,OMIE exact unit code,
GEMVD09,GEM VD T09,GESTION DE EN,,,S.L. 100 GENERACION ZONA ESPAÑOLA RE Mercado Térmica n,Y,"MERCADOS,",,,,,OMIE exact unit code,
GEMVD15,YESYFORMA,GESTION DE EN,,,S.L. 100 GENERACION ZONA ESPAÑOLA RE Mercado Térmica n,Y,"MERCADOS,",,,,,OMIE exact unit code,
GEMVD16,CEMOSA,GESTION DE EN,,,S.L. 100 GENERACION ZONA ESPAÑOLA RE Mercado Térmica n,Y,"MERCADOS,",,,,,OMIE exact unit code,
GEMVD17,TRATA. DE RESIDUOS LA RIOJA,GESTION DE EN,,,S.L. 100 GENERACION ZONA ESPAÑOLA RE Mercado Térmica R,Y,"MERCADOS,",,,,,OMIE exact unit code,
GEMVD18,ENERCORR XXI,GESTION DE EN,,,S.L. 100 GENERACION ZONA ESPAÑOLA RE Mercado Térmica n,Y,"MERCADOS,",,,,,OMIE exact unit code,
GEMVD19,TARBA ENERGÍA,GESTION DE EN,,,S.L. 100 GENERACION ZONA ESPAÑOLA RE Mercado Térmica n,Y,"MERCADOS,",,,,,OMIE exact unit code,
GEMVD20,ISLONIAS,GESTION DE EN,,,S.L. 100 GENERACION ZONA ESPAÑOLA RE Mercado Térmica R,Y,"MERCADOS,",,,,,OMIE exact unit code,
GEMVD30,GEM FV MENOR 1 MW,GESTION DE EN,,,S.L. 100 GENERACION ZONA ESPAÑOLA RE Mercado Solar Foto,Y,"MERCADOS,",,,,,OMIE exact unit code,
GEMVD31,CABB HIDRO MENOR 5 MW,GESTION DE EN,,,S.L. 100 GENERACION ZONA ESPAÑOLA RE Mercado Hidráulica,Y,"MERCADOS,",,,,,OMIE exact unit code,
GEMVD32,CABB B72 MENOR 5 MW,GESTION DE EN,,,S.L. 100 GENERACION ZONA ESPAÑOLA RE Mercado Térmica R,Y,"MERCADOS,",,,,,OMIE exact unit code,
GEMVD33,BIORECICLAJE DE CADIZ,GESTION DE EN,,,S.L. 100 GENERACION ZONA ESPAÑOLA RE Mercado Térmica R,Y,"MERCADOS,",,,,,OMIE exact unit code,
GEMVD34,UO LATINF,GESTION DE EN,,,S.L. 100 GENERACION ZONA ESPAÑOLA RE Mercado Térmica n,Y,"MERCADOS,",,,,,OMIE exact unit code,
GEMVD35,UO GRADO,GESTION DE EN,,,S.L. 100 GENERACION ZONA ESPAÑOLA RE Mercado Térmica n,Y,"MERCADOS,",,,,,OMIE exact unit code,
GEMVD36,UO FDP,GESTION DE EN,,,S.L. 100 GENERACION ZONA ESPAÑOLA RE Mercado Térmica n,Y,"MERCADOS,",,,,,OMIE exact unit code,
GEMVD37,UO MORON,GESTION DE EN,,,S.L. 100 GENERACION ZONA ESPAÑOLA RE Mercado Térmica n,Y,"MERCADOS,",,,,,OMIE exact unit code,
GEMVD38,UO ARAN,GESTION DE EN,,,S.L. 100 GENERACION ZONA ESPAÑOLA RE Mercado Térmica n,Y,"MERCADOS,",,,,,OMIE exact unit code,
GEMVD39,UO CINCAV,GESTION DE EN,,,S.L. 100 GENERACION ZONA ESPAÑOLA RE Mercado Térmica n,Y,"MERCADOS,",,,,,OMIE exact unit code,
GEOVD01,REPRESENTACIÓN FOTOVOLTAICA,GEO ALTERNAT,,, 100 GENERACION ZONA ESPAÑOLA RE Mercado Solar Foto,,,,,,,OMIE exact unit code,
GEPLAS,GE PLASTICS,IBERDROLA EN,Iberdrola,derived_from_legal_name, 100 GENERACION ZONA ESPAÑOLA RE Mercado Térmica n,S,PAÑA S..A.,,,,,OMIE exact unit code,https://www.iberdrola.com/
GESNV02,GESNV02,GESTERNOVA,,,A UNIPESOAL LDA 100 GENERACION ZONA PORTUGUESA RE Tarifa CU R (uof),OS,DE ENERGI,,,,,OMIE exact unit code,
GESTVD2,GESTVD2,"GESTERNOVA,",,, 100 GENERACION ZONA ESPAÑOLA RE Mercado Solar Foto,,,,,,,OMIE exact unit code,
GESTVD4,GESTVD4,"GESTERNOVA,",,, 100 GENERACION ZONA ESPAÑOLA RE Mercado Hidráulica,,,,,,,OMIE exact unit code,
GESTVD5,BIOMASA,"GESTERNOVA,",,, 100 GENERACION ZONA ESPAÑOLA RE Mercado Térmica R,,,,,,,OMIE exact unit code,
GESTVD6,EOLICA,"GESTERNOVA,",,, 100 GENERACION ZONA ESPAÑOLA RE Mercado Eólica,,,,,,,OMIE exact unit code,
GESTVD9,BOTOA,"GESTERNOVA,",,, 100 GENERACION ZONA ESPAÑOLA RE Mercado Solar Foto,,,,,,,OMIE exact unit code,
GESTV02,GESTO COMERCIALIZADORA,GESTO COMER,,,"GIA, UNIPESSOAL LDA 100 GENERACION ZONA PORTUGUESA RE Tarifa CU R (uof)",C,AO DE ENER,,,,,OMIE exact unit code,
GESVD10,TALARRUBIAS,"GESTERNOVA,",,, 100 GENERACION ZONA ESPAÑOLA RE Mercado Solar Foto,,,,,,,OMIE exact unit code,
GESVD11,DUERO JUNCAL,"GESTERNOVA,",,, 100 GENERACION ZONA ESPAÑOLA RE Mercado Solar Foto,,,,,,,OMIE exact unit code,
GESVD12,HID GUADALOPE,"GESTERNOVA,",,, 100 GENERACION ZONA ESPAÑOLA RE Mercado Hidráulica,,,,,,,OMIE exact unit code,
GESVD13,F CANAVEROSA FOT,"GESTERNOVA,",,, 100 GENERACION ZONA ESPAÑOLA RE Mercado Solar Foto,,,,,,,OMIE exact unit code,
GESVD14,F LOGROSAN,"GESTERNOVA,",,, 100 GENERACION ZONA ESPAÑOLA RE Mercado Solar Foto,,,,,,,OMIE exact unit code,
GESVD17,F ESLA 3,"GESTERNOVA,",,, 100 GENERACION ZONA ESPAÑOLA RE Mercado Solar Foto,,,,,,,OMIE exact unit code,
GESVD18,EOLPOP,"GESTERNOVA,",,, 100 GENERACION ZONA ESPAÑOLA RE Mercado Eólica,,,,,,,OMIE exact unit code,
GESVD19,HID IDAE,"GESTERNOVA,",,, 100 GENERACION ZONA ESPAÑOLA RE Mercado Hidráulica,,,,,,,OMIE exact unit code,
GESVD20,BIOMASA IDAE,"GESTERNOVA,",,, 100 GENERACION ZONA ESPAÑOLA RE Mercado Térmica R,,,,,,,OMIE exact unit code,
GESVD21,FNAVARRA,"GESTERNOVA,",,, 100 GENERACION ZONA ESPAÑOLA RE Mercado Solar Foto,,,,,,,OMIE exact unit code,
GESVD22,FV RODRIGO,"GESTERNOVA,",,, 100 GENERACION ZONA ESPAÑOLA RE Mercado Solar Foto,,,,,,,OMIE exact unit code,
GESVD23,TORIJA,"GESTERNOVA,",,, 100 GENERACION ZONA ESPAÑOLA RE Mercado Solar Foto,,,,,,,OMIE exact unit code,
GESVD24,LASTRA,"GESTERNOVA,",,, 100 GENERACION ZONA ESPAÑOLA RE Mercado Solar Foto,,,,,,,OMIE exact unit code,
GESVD25,DRODRI2,"GESTERNOVA,",,, 100 GENERACION ZONA ESPAÑOLA RE Mercado Solar Foto,,,,,,,OMIE exact unit code,
GESVD26,CAMPA1,"GESTERNOVA,",,, 100 GENERACION ZONA ESPAÑOLA RE Mercado Solar Foto,,,,,,,OMIE exact unit code,
GESVD27,ESCALN,"GESTERNOVA,",,, 100 GENERACION ZONA ESPAÑOLA RE Mercado Solar Foto,,,,,,,OMIE exact unit code,
GESVD30,TORIJA3,"GESTERNOVA,",,, 100 GENERACION ZONA ESPAÑOLA RE Mercado Solar Foto,,,,,,,OMIE exact unit code,
GESVD31,YEPS,"GESTERNOVA,",,, 100 GENERACION ZONA ESPAÑOLA RE Mercado Solar Foto,,,,,,,OMIE exact unit code,
GESVD32,CORELLA,"GESTERNOVA,",,, 100 GENERACION ZONA ESPAÑOLA RE Mercado Solar Foto,,,,,,,OMIE exact unit code,
GESVD33,MILAGRO,"GESTERNOVA,",,, 100 GENERACION ZONA ESPAÑOLA RE Mercado Solar Foto,,,,,,,OMIE exact unit code,
GESVD34,BARDENAS,"GESTERNOVA,",,, 100 GENERACION ZONA ESPAÑOLA RE Mercado Solar Foto,,,,,,,OMIE exact unit code,
GESVD41,OLIVENZA,"GESTERNOVA,",,, 100 GENERACION ZONA ESPAÑOLA RE Mercado Solar Foto,,,,,,,OMIE exact unit code,
GESVD42,BARRADO,,,,100 GENERACION ZONA ESPAÑOLA RE Mercado Solar Foto,S.A.,,,,,,OMIE exact unit code,
GESVD43,VIVALES,,,,100 GENERACION ZONA ESPAÑOLA RE Mercado Solar Foto,S.A.,,,,,,OMIE exact unit code,
GESVD45,TORIJ4,,,,100 GENERACION ZONA ESPAÑOLA RE Mercado Solar Foto,S.A.,,,,,,OMIE exact unit code,
GESVD46,IM2,,,,100 GENERACION ZONA ESPAÑOLA RE Mercado Solar Foto,S.A.,,,,,,OMIE exact unit code,
GESVD48,ESCALESTE,,,,100 GENERACION ZONA ESPAÑOLA RE Mercado Solar Foto,S.A.,,,,,,OMIE exact unit code,
GESVD51,TORDE1,,,,100 GENERACION ZONA ESPAÑOLA RE Mercado Solar Foto,S.A.,,,,,,OMIE exact unit code,
GESVD54,ANOVER,,,,100 GENERACION ZONA ESPAÑOLA RE Mercado Solar Foto,S.A.,,,,,,OMIE exact unit code,
GESVD56,SCALONA,,,,100 GENERACION ZONA ESPAÑOLA RE Mercado Solar Foto,S.A.,,,,,,OMIE exact unit code,
GESVD57,CRNSOLAR,,,,100 GENERACION ZONA ESPAÑOLA RE Mercado Solar Foto,S.A.,,,,,,OMIE exact unit code,
GESVD58,SIRIUS,,,,100 GENERACION ZONA ESPAÑOLA RE Mercado Solar Foto,S.A.,,,,,,OMIE exact unit code,
GESVD59,BLDO2,,,,100 GENERACION ZONA ESPAÑOLA RE Mercado Solar Foto,S.A.,,,,,,OMIE exact unit code,
GESVD60,CALERA,,,,100 GENERACION ZONA ESPAÑOLA RE Mercado Solar Foto,S.A.,,,,,,OMIE exact unit code,
GESVD61,FVGEST61,,,,100 GENERACION ZONA ESPAÑOLA RE Mercado Solar Foto,S.A.,,,,,,OMIE exact unit code,
GESVD62,FVGEST62,,,,100 GENERACION ZONA ESPAÑOLA RE Mercado Solar Foto,S.A.,,,,,,OMIE exact unit code,
GESVD63,FVGEST63,,,,100 GENERACION ZONA ESPAÑOLA RE Mercado Solar Foto,S.A.,,,,,,OMIE exact unit code,
GESVD64,FVGEST64,,,,100 GENERACION ZONA ESPAÑOLA RE Mercado Solar Foto,S.A.,,,,,,OMIE exact unit code,
GESVD65,LUMBRERAS,,,,100 GENERACION ZONA ESPAÑOLA RE Mercado Solar Foto,S.A.,,,,,,OMIE exact unit code,
GESVD66,TABERNASII,,,,100 GENERACION ZONA ESPAÑOLA RE Mercado Solar Foto,S.A.,,,,,,OMIE exact unit code,
GESVD67,GENIL1,,,,100 GENERACION ZONA ESPAÑOLA RE Mercado Solar Foto,S.A.,,,,,,OMIE exact unit code,
GESVD68,GENIL2,,,,100 GENERACION ZONA ESPAÑOLA RE Mercado Solar Foto,S.A.,,,,,,OMIE exact unit code,
GESVD69,LASTRA2,,,,100 GENERACION ZONA ESPAÑOLA RE Mercado Solar Foto,S.A.,,,,,,OMIE exact unit code,
GESVD70,ARCICOLLAR,,,,100 GENERACION ZONA ESPAÑOLA RE Mercado Solar Foto,S.A.,,,,,,OMIE exact unit code,
GESVD71,ALQUERIA,,,,100 GENERACION ZONA ESPAÑOLA RE Mercado Solar Foto,S.A.,,,,,,OMIE exact unit code,
GESVD72,VILLAR,,,,100 GENERACION ZONA ESPAÑOLA RE Mercado Hidráulica,S.A.,,,,,,OMIE exact unit code,
GESVD73,DRACO,,,,100 GENERACION ZONA ESPAÑOLA RE Mercado Solar Foto,S.A.,,,,,,OMIE exact unit code,
GESVD76,DESIERTO,,,,100 GENERACION ZONA ESPAÑOLA RE Mercado Solar Foto,S.A.,,,,,,OMIE exact unit code,
GESVD77,JAEN,,,,100 GENERACION ZONA ESPAÑOLA RE Mercado Solar Foto,S.A.,,,,,,OMIE exact unit code,
GESVD78,ALCALANORT,,,,100 GENERACION ZONA ESPAÑOLA RE Mercado Solar Foto,S.A.,,,,,,OMIE exact unit code,
GESVD79,ALCALASUR,,,,100 GENERACION ZONA ESPAÑOLA RE Mercado Solar Foto,S.A.,,,,,,OMIE exact unit code,
GESVD80,SERVAN3,,,,100 GENERACION ZONA ESPAÑOLA RE Mercado Solar Foto,S.A.,,,,,,OMIE exact unit code,
GESVD81,SERVAN4,,,,100 GENERACION ZONA ESPAÑOLA RE Mercado Solar Foto,S.A.,,,,,,OMIE exact unit code,
GESVD82,SERVAN5,,,,100 GENERACION ZONA ESPAÑOLA RE Mercado Solar Foto,S.A.,,,,,,OMIE exact unit code,
GNANDU,UOF GNANDU,,,,100 GENERACION ZONA ESPAÑOLA Hidráulica Ge neración,IA Y,TECNOLOGIA,,,,,OMIE exact unit code,
GNBRRS,UOF BARROSA,,,,100 GENERACION ZONA ESPAÑOLA Hidráulica Ge neración,IA Y,TECNOLOGIA,,,,,OMIE exact unit code,
GNEBRO,UOF GNEBRO,,,,100 GENERACION ZONA ESPAÑOLA Hidráulica Ge neración,IA Y,TECNOLOGIA,,,,,OMIE exact unit code,
GNLOTZ,UOF LOTZ REGIM,EN ORD,,,100 GENERACION ZONA ESPAÑOLA Hidráulica Ge neración,IA Y,TECNOLOGIA,,,,,OMIE exact unit code,
GNRAPM1,GNERA VENTA A,PRECIO MERCADO,,,100 GENERACION ZONA ESPAÑOLA RE Mercado Hidráulica,IA Y,TECNOLOGIA,,,,,OMIE exact unit code,
GNRAPM2,GNERA UOF PRE,CIO MERCADO 2,,,100 GENERACION ZONA ESPAÑOLA RE Mercado Térmica n,IA Y,TECNOLOGIA,,,,,OMIE exact unit code,
GNRAVD1,GNRA REP. RE. A,TARIFA,,,100 GENERACION ZONA ESPAÑOLA RE Mercado Solar Foto,IA Y,TECNOLOGIA,,,,,OMIE exact unit code,
GNRVD13,UOF VD13,,,,100 GENERACION ZONA ESPAÑOLA RE Mercado Hidráulica,IA Y,TECNOLOGIA,,,,,OMIE exact unit code,
GNRVD14,UOF VD14,,,,100 GENERACION ZONA ESPAÑOLA RE Mercado Hidráulica,IA Y,TECNOLOGIA,,,,,OMIE exact unit code,
GNRVD15,UOF COGOT01,,,,100 GENERACION ZONA ESPAÑOLA RE Mercado Hidráulica,IA Y,TECNOLOGIA,,,,,OMIE exact unit code,
GNRVD18,UOF AYNIG01,,,,100 GENERACION ZONA ESPAÑOLA RE Mercado Hidráulica,IA Y,TECNOLOGIA,,,,,OMIE exact unit code,
GNRVD20,UOF AUXIM01,,,,100 GENERACION ZONA ESPAÑOLA RE Mercado Hidráulica,IA Y,TECNOLOGIA,,,,,OMIE exact unit code,
GNRVD21,UOF LABRA01,,,,100 GENERACION ZONA ESPAÑOLA RE Mercado Hidráulica,IA Y,TECNOLOGIA,,,,,OMIE exact unit code,
GNRVD22,UOF CASPV01,,,,100 GENERACION ZONA ESPAÑOLA RE Mercado Hidráulica,IA Y,TECNOLOGIA,,,,,OMIE exact unit code,
GNRVD25,UOF VD25,,,,100 GENERACION ZONA ESPAÑOLA RE Mercado Térmica R,IA Y,TECNOLOGIA,,,,,OMIE exact unit code,
GNRVD26,UOF HIBRI01,,,,100 GENERACION ZONA ESPAÑOLA RE Mercado Térmica R,IA Y,TECNOLOGIA,,,,,OMIE exact unit code,
GNRVD28,UOF ECOEE01,,,,100 GENERACION ZONA ESPAÑOLA RE Mercado Térmica R,IA Y,TECNOLOGIA,,,,,OMIE exact unit code,
GNRVD29,UOF NILEU01,,,,100 GENERACION ZONA ESPAÑOLA RE Mercado Térmica R,IA Y,TECNOLOGIA,,,,,OMIE exact unit code,
GNRVD30,UOF CAMFC01,,,,100 GENERACION ZONA ESPAÑOLA RE Mercado Térmica R,IA Y,TECNOLOGIA,,,,,OMIE exact unit code,
GNRVD31,UOF CULFC01,,,,100 GENERACION ZONA ESPAÑOLA RE Mercado Térmica R,IA Y,TECNOLOGIA,,,,,OMIE exact unit code,
GNRVD35,UOF VD35,,,,100 GENERACION ZONA ESPAÑOLA RE Mercado Térmica n,IA Y,TECNOLOGIA,,,,,OMIE exact unit code,
GNRVD36,UOF VD36,,,,100 GENERACION ZONA ESPAÑOLA RE Mercado Térmica n,IA Y,TECNOLOGIA,,,,,OMIE exact unit code,
GNRVD43,UOF USARG01,,,,100 GENERACION ZONA ESPAÑOLA RE Mercado Térmica n,IA Y,TECNOLOGIA,,,,,OMIE exact unit code,
GNRVD56,UOF AÑAR,BE,,,TECNOLOGIA    100 GENERACION ZONA ESPAÑOLA RE Mercado Hidráulica,ENERGIA,Y,,,,,OMIE exact unit code,
GNRVD57,UOF SVILA,01,,,TECNOLOGIA    100 GENERACION ZONA ESPAÑOLA RE Mercado Hidráulica,ENERGIA,Y,,,,,OMIE exact unit code,
GNRVD68,UOF VALF,W01,,,TECNOLOGIA    100 GENERACION ZONA ESPAÑOLA RE Mercado Solar Fotov,ENERGIA,Y,,,,,OMIE exact unit code,
GNRVD69,UOF FATF,W01,,,TECNOLOGIA    100 GENERACION ZONA ESPAÑOLA RE Mercado Solar Fotov,ENERGIA,Y,,,,,OMIE exact unit code,
GNRVD71,UOF LOAT,N01,,,TECNOLOGIA    100 GENERACION ZONA ESPAÑOLA RE Mercado Hidráulica,ENERGIA,Y,,,,,OMIE exact unit code,
GNRVD81,UOF HARIM,01,,,TECNOLOGIA    100 GENERACION ZONA ESPAÑOLA RE Mercado Térmica no,ENERGIA,Y,,,,,OMIE exact unit code,
GNRVD84,UOF SERR,A MENOR DE 1 MW,,,TECNOLOGIA    100 GENERACION ZONA ESPAÑOLA RE Mercado Hidráulica,ENERGIA,Y,,,,,OMIE exact unit code,
GNRVD88,UOF HURJ,A01,,,TECNOLOGIA    100 GENERACION ZONA ESPAÑOLA RE Mercado Hidráulica,ENERGIA,Y,,,,,OMIE exact unit code,
GNRVD94,UOF ELEC,DEY,,,TECNOLOGIA    100 GENERACION ZONA ESPAÑOLA RE Mercado Hidráulica,ENERGIA,Y,,,,,OMIE exact unit code,
GNRVD97,UOF ALHA,MA,,,TECNOLOGIA    100 GENERACION ZONA ESPAÑOLA RE Mercado Solar Fotov,ENERGIA,Y,,,,,OMIE exact unit code,
GNRVD99,UOF BLAN,C,,,TECNOLOGIA    100 GENERACION ZONA ESPAÑOLA RE Mercado Solar Fotov,ENERGIA,Y,,,,,OMIE exact unit code,
GNSUVD1,VENTA RE,_GN SUR,,,"A REGULADA GAS POWER, S.A 100 GENERACION ZONA ESPAÑOLA RE Mercado Solar Fotov",CIALIZADO,R,,,,,OMIE exact unit code,
GNSUVD2,VENTA RE,PROV_GN SUR,,,"A REGULADA GAS POWER, S.A 100 GENERACION ZONA ESPAÑOLA RE Mercado Térmica no",CIALIZADO,R,,,,,OMIE exact unit code,
GNSUVD3,HYGNSUR,- HIDRÁULICA NO UGH,,,"A REGULADA GAS POWER, S.A 100 GENERACION ZONA ESPAÑOLA RE Mercado Hidráulica",CIALIZADO,R,,,,,OMIE exact unit code,
GNSUVD4,EYGNSUR,- EÓLICA TERRESTRE,,,"A REGULADA GAS POWER, S.A 100 GENERACION ZONA ESPAÑOLA RE Mercado Eólica",CIALIZADO,R,,,,,OMIE exact unit code,
GNSUVD5,RYGNSUR,- BIOGÁS,,,"A REGULADA GAS POWER, S.A 100 GENERACION ZONA ESPAÑOLA RE Mercado Térmica Re",CIALIZADO,R,,,,,OMIE exact unit code,
GNSUVD6,SYGNSUR,- SOLAR TÉRMICA,,,"A REGULADA GAS POWER, S.A 100 GENERACION ZONA ESPAÑOLA RE Mercado Solar Térmi",CIALIZADO,R,,,,,OMIE exact unit code,
GNURT1,UOF URDIC,ETO 1,,,TECNOLOGIA    100 GENERACION ZONA ESPAÑOLA Hidráulica Ge neración,ENERGIA,Y,,,,,OMIE exact unit code,
GNURT2,UOF URDIC,ETO 2,,,TECNOLOGIA    100 GENERACION ZONA ESPAÑOLA Hidráulica Ge neración,ENERGIA,Y,,,,,OMIE exact unit code,
GNVD100,UOF GUAD,A,,,TECNOLOGIA    100 GENERACION ZONA ESPAÑOLA RE Mercado Hidráulica,ENERGIA,Y,,,,,OMIE exact unit code,
GNVD105,UOF SOPA,G,,,TECNOLOGIA    100 GENERACION ZONA ESPAÑOLA RE Mercado Solar Fotov,ENERGIA,Y,,,,,OMIE exact unit code,
GNVD110,UOF CHAM,ERA,,,TECNOLOGIA    100 GENERACION ZONA ESPAÑOLA RE Mercado Hidráulica,ENERGIA,Y,,,,,OMIE exact unit code,
GNVD115,UOF IRUGU,RUTZETA,,,TECNOLOGIA    100 GENERACION ZONA ESPAÑOLA RE Mercado Hidráulica,ENERGIA,Y,,,,,OMIE exact unit code,
GNVD116,UOF AUNG,NR,,,TECNOLOGIA    100 GENERACION ZONA ESPAÑOLA RE Mercado Térmica no,ENERGIA,Y,,,,,OMIE exact unit code,
GNVD117,UOF AYPG,NR,,,TECNOLOGIA    100 GENERACION ZONA ESPAÑOLA RE Mercado Térmica no,ENERGIA,Y,,,,,OMIE exact unit code,
GNVD122,UOF CALA,SPARRA,,,TECNOLOGIA    100 GENERACION ZONA ESPAÑOLA RE Mercado Solar Fotov,ENERGIA,Y,,,,,OMIE exact unit code,
GNVD126,UOF LOS P,INARES,,,TECNOLOGIA    100 GENERACION ZONA ESPAÑOLA RE Mercado Solar Fotov,ENERGIA,Y,,,,,OMIE exact unit code,
GNVD127,UOF GNER,A MAYOR DE 1MW,,,TECNOLOGIA    100 GENERACION ZONA ESPAÑOLA RE Mercado Solar Fotov,ENERGIA,Y,,,,,OMIE exact unit code,
GNVD130,GRUPO 2,,,,TECNOLOGIA    100 GENERACION ZONA ESPAÑOLA RE Mercado Eólica,ENERGIA,Y,,,,,OMIE exact unit code,
GNVD132,UOF VD132,,,,TECNOLOGIA    100 GENERACION ZONA ESPAÑOLA RE Mercado Eólica,ENERGIA,Y,,,,,OMIE exact unit code,
GNVD135,UOF GNVD,135,,,TECNOLOGIA    100 GENERACION ZONA ESPAÑOLA RE Mercado Solar Fotov,ENERGIA,Y,,,,,OMIE exact unit code,
GNVD140,UOF GNVD,140,,,TECNOLOGIA    100 GENERACION ZONA ESPAÑOLA RE Mercado Solar Fotov,ENERGIA,Y,,,,,OMIE exact unit code,
GNVD142,UOF GNVD,142,,,TECNOLOGIA    100 GENERACION ZONA ESPAÑOLA RE Mercado Hidráulica,ENERGIA,Y,,,,,OMIE exact unit code,
GNVD146,UOF GNVD,146,,,TECNOLOGIA    100 GENERACION ZONA ESPAÑOLA RE Mercado Solar Fotov,ENERGIA,Y,,,,,OMIE exact unit code,
GNVD148,UOF GNVD,148,,,TECNOLOGIA    100 GENERACION ZONA ESPAÑOLA RE Mercado Solar Fotov,ENERGIA,Y,,,,,OMIE exact unit code,
GNVD150,GNVD150,,,,TECNOLOGIA    100 GENERACION ZONA ESPAÑOLA RE Mercado Hidráulica,ENERGIA,Y,,,,,OMIE exact unit code,
GNVD151,OUF GNVD,151,,,TECNOLOGIA    100 GENERACION ZONA ESPAÑOLA RE Mercado Térmica Re,ENERGIA,Y,,,,,OMIE exact unit code,
GNVD152,UOF GNVD,152,,,TECNOLOGIA    100 GENERACION ZONA ESPAÑOLA RE Mercado Geotérmica,ENERGIA,Y,,,,,OMIE exact unit code,
GNVD153,UOF GNVD,153,,,TECNOLOGIA    100 GENERACION ZONA ESPAÑOLA RE Mercado Térmica no,ENERGIA,Y,,,,,OMIE exact unit code,
GNVD154,UOF GNVD,154,,,TECNOLOGIA    100 GENERACION ZONA ESPAÑOLA RE Mercado Solar Fotov,ENERGIA,Y,,,,,OMIE exact unit code,
GNVD158,UOF GNVD,158,,,TECNOLOGIA    100 GENERACION ZONA ESPAÑOLA RE Mercado Eólica,ENERGIA,Y,,,,,OMIE exact unit code,
GNVD159,UOF GNVD,159,,,TECNOLOGIA    100 GENERACION ZONA ESPAÑOLA RE Mercado Térmica no,ENERGIA,Y,,,,,OMIE exact unit code,
GNVD163,UOF GNVD,163,,,TECNOLOGIA    100 GENERACION ZONA ESPAÑOLA RE Mercado Solar Fotov,ENERGIA,Y,,,,,OMIE exact unit code,
GNVD168,UOF GNVD,168,,,TECNOLOGIA    100 GENERACION ZONA ESPAÑOLA RE Mercado Solar Fotov,ENERGIA,Y,,,,,OMIE exact unit code,
GNVD169,UOF GNVD,169,,,TECNOLOGIA    100 GENERACION ZONA ESPAÑOLA RE Mercado Eólica,ENERGIA,Y,,,,,OMIE exact unit code,
GNVD170,OUF GNVD,170,,,TECNOLOGIA    100 GENERACION ZONA ESPAÑOLA RE Mercado Solar Fotov,ENERGIA,Y,,,,,OMIE exact unit code,
GNVD171,UOF GNVD,171,,,TECNOLOGIA    100 GENERACION ZONA ESPAÑOLA RE Mercado Solar Fotov,ENERGIA,Y,,,,,OMIE exact unit code,
GNVD172,UOF GNVD,172,,,TECNOLOGIA    100 GENERACION ZONA ESPAÑOLA RE Mercado Solar Fotov,ENERGIA,Y,,,,,OMIE exact unit code,
GNVD174,UOF GNVD,174,,,TECNOLOGIA    100 GENERACION ZONA ESPAÑOLA RE Mercado Solar Fotov,ENERGIA,Y,,,,,OMIE exact unit code,
GNVD175,UOF GNVD,175,,,TECNOLOGIA    100 GENERACION ZONA ESPAÑOLA RE Mercado Hidráulica,ENERGIA,Y,,,,,OMIE exact unit code,
GNVD176,UOF GNVD,176,,,TECNOLOGIA    100 GENERACION ZONA ESPAÑOLA RE Mercado Térmica no,ENERGIA,Y,,,,,OMIE exact unit code,
GNVD180,UOF GNVD,180?,,,TECNOLOGIA    100 GENERACION ZONA ESPAÑOLA RE Mercado Térmica no,ENERGIA,Y,,,,,OMIE exact unit code,
GNVD181,UOF GNVD181,GNERA,,,100 GENERACION ZONA ESPAÑOLA RE Mercado Hidráulica,Y,TECNOLOGIA,,,,,OMIE exact unit code,
GNVD190,UOF GNVD190,GNERA,,,100 GENERACION ZONA ESPAÑOLA RE Mercado Térmica n,Y,TECNOLOGIA,,,,,OMIE exact unit code,
GNVD192,UOF GNVD192,GNERA,,,100 GENERACION ZONA ESPAÑOLA RE Mercado Solar Foto,Y,TECNOLOGIA,,,,,OMIE exact unit code,
GNVD193,GNVD193,GNERA,,,100 GENERACION ZONA ESPAÑOLA RE Mercado Solar Foto,Y,TECNOLOGIA,,,,,OMIE exact unit code,
GNVD194,GNVD194,GNERA,,,100 GENERACION ZONA ESPAÑOLA RE Mercado Solar Foto,Y,TECNOLOGIA,,,,,OMIE exact unit code,
GNVD195,GNVD195,GNERA,,,100 GENERACION ZONA ESPAÑOLA RE Mercado Eólica,Y,TECNOLOGIA,,,,,OMIE exact unit code,
GNVD196,GNVD196,GNERA,,,100 GENERACION ZONA ESPAÑOLA RE Mercado Térmica n,Y,TECNOLOGIA,,,,,OMIE exact unit code,
GNVD197,UOF GNVD197,GNERA,,,100 GENERACION ZONA ESPAÑOLA RE Mercado Solar Foto,Y,TECNOLOGIA,,,,,OMIE exact unit code,
GNVD198,UOF GNVD198,GNERA,,,100 GENERACION ZONA ESPAÑOLA RE Mercado Eólica,Y,TECNOLOGIA,,,,,OMIE exact unit code,
GNVD200,UOF GNVD200,GNERA,,,100 GENERACION ZONA ESPAÑOLA RE Mercado Eólica,Y,TECNOLOGIA,,,,,OMIE exact unit code,
GNVD201,GNVD201,GNERA,,,100 GENERACION ZONA ESPAÑOLA RE Mercado Solar Foto,Y,TECNOLOGIA,,,,,OMIE exact unit code,
GNVD202,GNVD202,GNERA,,,100 GENERACION ZONA ESPAÑOLA RE Mercado Solar Foto,Y,TECNOLOGIA,,,,,OMIE exact unit code,
GNVD203,GNVD203,GNERA,,,100 GENERACION ZONA ESPAÑOLA RE Mercado Solar Foto,Y,TECNOLOGIA,,,,,OMIE exact unit code,
GNVD204,GNVD204,GNERA,,,100 GENERACION ZONA ESPAÑOLA RE Mercado Solar Foto,Y,TECNOLOGIA,,,,,OMIE exact unit code,
GNVD205,GNVD205,GNERA,,,100 GENERACION ZONA ESPAÑOLA RE Mercado Eólica,Y,TECNOLOGIA,,,,,OMIE exact unit code,
GNVD206,GNVD206,GNERA,,,100 GENERACION ZONA ESPAÑOLA RE Mercado Eólica,Y,TECNOLOGIA,,,,,OMIE exact unit code,
GNVD207,GNVD207,GNERA,,,100 GENERACION ZONA ESPAÑOLA RE Mercado Solar Foto,Y,TECNOLOGIA,,,,,OMIE exact unit code,
GNVD208,GNVD208,GNERA,,,100 GENERACION ZONA ESPAÑOLA RE Mercado Solar Foto,Y,TECNOLOGIA,,,,,OMIE exact unit code,
GNVD209,GNVD209,GNERA,,,100 GENERACION ZONA ESPAÑOLA RE Mercado Solar Foto,Y,TECNOLOGIA,,,,,OMIE exact unit code,
GNVD210,GNVD210,GNERA,,,100 GENERACION ZONA ESPAÑOLA RE Mercado Solar Foto,Y,TECNOLOGIA,,,,,OMIE exact unit code,
GNVD211,GNVD211,GNERA,,,100 GENERACION ZONA ESPAÑOLA RE Mercado Solar Foto,Y,TECNOLOGIA,,,,,OMIE exact unit code,
GNVD212,GNVD212,GNERA,,,100 GENERACION ZONA ESPAÑOLA RE Mercado Solar Foto,Y,TECNOLOGIA,,,,,OMIE exact unit code,
GNVD213,GNVD213,GNERA,,,100 GENERACION ZONA ESPAÑOLA RE Mercado Solar Foto,Y,TECNOLOGIA,,,,,OMIE exact unit code,
GNVD214,GNVD214,GNERA,,,100 GENERACION ZONA ESPAÑOLA RE Mercado Solar Foto,Y,TECNOLOGIA,,,,,OMIE exact unit code,
GNVD215,GNVD215,GNERA,,,100 GENERACION ZONA ESPAÑOLA RE Mercado Solar Foto,Y,TECNOLOGIA,,,,,OMIE exact unit code,
GNVD216,GNVD216,GNERA,,,100 GENERACION ZONA ESPAÑOLA RE Mercado Solar Foto,Y,TECNOLOGIA,,,,,OMIE exact unit code,
GNVD217,GNVD217,GNERA,,,100 GENERACION ZONA ESPAÑOLA RE Mercado Solar Foto,Y,TECNOLOGIA,,,,,OMIE exact unit code,
GNVD218,GNVD218,GNERA,,,100 GENERACION ZONA ESPAÑOLA RE Mercado Solar Foto,Y,TECNOLOGIA,,,,,OMIE exact unit code,
GNVD219,GNVD219,GNERA,,,100 GENERACION ZONA ESPAÑOLA RE Mercado Solar Foto,Y,TECNOLOGIA,,,,,OMIE exact unit code,
GNVD220,GNVD220,GNERA,,,100 GENERACION ZONA ESPAÑOLA RE Mercado Solar Foto,Y,TECNOLOGIA,,,,,OMIE exact unit code,
GNVD222,GNVD222,GNERA,,,100 GENERACION ZONA ESPAÑOLA RE Mercado Solar Foto,Y,TECNOLOGIA,,,,,OMIE exact unit code,
GNVD223,UOF GNVD223,GNERA,,,100 GENERACION ZONA ESPAÑOLA RE Mercado Solar Foto,Y,TECNOLOGIA,,,,,OMIE exact unit code,
GNVD224,UOF GNVD224,GNERA,,,100 GENERACION ZONA ESPAÑOLA RE Mercado Solar Foto,Y,TECNOLOGIA,,,,,OMIE exact unit code,
GNVD225,UOF GNVD225,GNERA,,,100 GENERACION ZONA ESPAÑOLA RE Mercado Solar Foto,Y,TECNOLOGIA,,,,,OMIE exact unit code,
GNVD227,UOF GNVD227,GNERA,,,100 GENERACION ZONA ESPAÑOLA RE Mercado Solar Foto,Y,TECNOLOGIA,,,,,OMIE exact unit code,
GNVD228,UOF GNVD228,GNERA,,,100 GENERACION ZONA ESPAÑOLA RE Mercado Solar Foto,Y,TECNOLOGIA,,,,,OMIE exact unit code,
GNVD229,UOF GNVD229,GNERA,,,100 GENERACION ZONA ESPAÑOLA RE Mercado Solar Foto,Y,TECNOLOGIA,,,,,OMIE exact unit code,
GNVD230,UOF GNVD230,GNERA,,,100 GENERACION ZONA ESPAÑOLA RE Mercado Solar Foto,Y,TECNOLOGIA,,,,,OMIE exact unit code,
GNVD231,GNVD231,GNERA,,,100 GENERACION ZONA ESPAÑOLA RE Mercado Solar Foto,Y,TECNOLOGIA,,,,,OMIE exact unit code,
GNVD232,UOF GNVD232,GNERA,,,100 GENERACION ZONA ESPAÑOLA RE Mercado Solar Foto,Y,TECNOLOGIA,,,,,OMIE exact unit code,
GNVD233,UOF GNVD233,GNERA,,,100 GENERACION ZONA ESPAÑOLA RE Mercado Solar Foto,Y,TECNOLOGIA,,,,,OMIE exact unit code,
GNVD234,UOF GNVD234,GNERA,,,100 GENERACION ZONA ESPAÑOLA RE Mercado Eólica,Y,TECNOLOGIA,,,,,OMIE exact unit code,
GNVD236,GNVD236,GNERA,,,100 GENERACION ZONA ESPAÑOLA RE Mercado Solar Foto,Y,TECNOLOGIA,,,,,OMIE exact unit code,
GNVD237,GNVD237,GNERA,,,100 GENERACION ZONA ESPAÑOLA RE Mercado Solar Foto,Y,TECNOLOGIA,,,,,OMIE exact unit code,
GNVD238,UOF GNVD238,GNERA,,,100 GENERACION ZONA ESPAÑOLA RE Mercado Térmica R,Y,TECNOLOGIA,,,,,OMIE exact unit code,
GNVD239,UOF GNVD239,GNERA,,,100 GENERACION ZONA ESPAÑOLA RE Mercado Térmica n,Y,TECNOLOGIA,,,,,OMIE exact unit code,
GNVD240,UOF GNVD240,GNERA,,,100 GENERACION ZONA ESPAÑOLA RE Mercado Térmica n,Y,TECNOLOGIA,,,,,OMIE exact unit code,
GNVD241,UOF GNVD241,GNERA,,,100 GENERACION ZONA ESPAÑOLA RE Mercado Térmica n,Y,TECNOLOGIA,,,,,OMIE exact unit code,
GNVD242,UOF GNVD242,GNERA,,,100 GENERACION ZONA ESPAÑOLA RE Mercado Térmica n,Y,TECNOLOGIA,,,,,OMIE exact unit code,
GNVD243,UOF GNVD243,GNERA,,,100 GENERACION ZONA ESPAÑOLA RE Mercado Térmica n,Y,TECNOLOGIA,,,,,OMIE exact unit code,
GNVD244,UOF GNVD244,GNERA,,,100 GENERACION ZONA ESPAÑOLA RE Mercado Térmica n,Y,TECNOLOGIA,,,,,OMIE exact unit code,
GNVD245,UOF GNVD245,GNERA,,,100 GENERACION ZONA ESPAÑOLA RE Mercado Solar Foto,Y,TECNOLOGIA,,,,,OMIE exact unit code,
GNVD246,UOF GNVD246,GNERA,,,100 GENERACION ZONA ESPAÑOLA RE Mercado Solar Fo,Y,TECNOLOGIA,,,,,OMIE exact unit code,
GNVD247,UOF GNVD247,GNERA,,,100 GENERACION ZONA ESPAÑOLA RE Mercado Solar Fo,Y,TECNOLOGIA,,,,,OMIE exact unit code,
GNVD248,UOF GNVD248,GNERA,,,100 GENERACION ZONA ESPAÑOLA RE Mercado Solar Fo,Y,TECNOLOGIA,,,,,OMIE exact unit code,
GNVD249,UOF GNVD249,GNERA,,,100 GENERACION ZONA ESPAÑOLA RE Mercado Solar Fo,Y,TECNOLOGIA,,,,,OMIE exact unit code,
GNVD250,UOF GNVD250,GNERA,,,100 GENERACION ZONA ESPAÑOLA RE Mercado Solar Fo,Y,TECNOLOGIA,,,,,OMIE exact unit code,
GNVD251,UOF GNVD251,GNERA,,,100 GENERACION ZONA ESPAÑOLA RE Mercado Solar Fo,Y,TECNOLOGIA,,,,,OMIE exact unit code,
GNVD252,UOF GNVD252,GNERA,,,100 GENERACION ZONA ESPAÑOLA RE Mercado Solar Fo,Y,TECNOLOGIA,,,,,OMIE exact unit code,
GNVD253,UOF GNVD253,GNERA,,,100 GENERACION ZONA ESPAÑOLA RE Mercado Solar Fo,Y,TECNOLOGIA,,,,,OMIE exact unit code,
GNVD254,UOF GNVD254,GNERA,,,100 GENERACION ZONA ESPAÑOLA RE Mercado Solar Fo,Y,TECNOLOGIA,,,,,OMIE exact unit code,
GNVD255,UOF GNVD255,GNERA,,,100 GENERACION ZONA ESPAÑOLA RE Mercado Solar Fo,Y,TECNOLOGIA,,,,,OMIE exact unit code,
GNVD256,UOF GNVD256,GNERA,,,100 GENERACION ZONA ESPAÑOLA RE Mercado Solar Fo,Y,TECNOLOGIA,,,,,OMIE exact unit code,
GNVD257,UOF GNVD257,GNERA,,,100 GENERACION ZONA ESPAÑOLA RE Mercado Solar Fo,Y,TECNOLOGIA,,,,,OMIE exact unit code,
GNVD258,UOF GNVD258,GNERA,,,100 GENERACION ZONA ESPAÑOLA RE Mercado Solar Fo,Y,TECNOLOGIA,,,,,OMIE exact unit code,
GNVD259,UOF GNVD259,GNERA,,,100 GENERACION ZONA ESPAÑOLA RE Mercado Solar Fo,Y,TECNOLOGIA,,,,,OMIE exact unit code,
GNVD260,UOF GNVD260,GNERA,,,100 GENERACION ZONA ESPAÑOLA RE Mercado Solar Fo,Y,TECNOLOGIA,,,,,OMIE exact unit code,
GNVD261,UOF GNVD261,GNERA,,,100 GENERACION ZONA ESPAÑOLA RE Mercado Solar Fo,Y,TECNOLOGIA,,,,,OMIE exact unit code,
GNVD262,UOF GNVD262,GNERA,,,100 GENERACION ZONA ESPAÑOLA RE Mercado Solar Fo,Y,TECNOLOGIA,,,,,OMIE exact unit code,
GNVD263,UOF GNVD263,GNERA,,,100 GENERACION ZONA ESPAÑOLA RE Mercado Solar Fo,Y,TECNOLOGIA,,,,,OMIE exact unit code,
GNVD264,UOF GNVD264,GNERA,,,100 GENERACION ZONA ESPAÑOLA RE Mercado Eólica,Y,TECNOLOGIA,,,,,OMIE exact unit code,
GNVD265,UOF GNVD265,GNERA,,,100 GENERACION ZONA ESPAÑOLA RE Mercado Solar Fo,Y,TECNOLOGIA,,,,,OMIE exact unit code,
GNVD266,UOF GNVD266,GNERA,,,100 GENERACION ZONA ESPAÑOLA RE Mercado Solar Fo,Y,TECNOLOGIA,,,,,OMIE exact unit code,
GNVD267,UOF GNVD267,GNERA,,,100 GENERACION ZONA ESPAÑOLA RE Mercado Solar Fo,Y,TECNOLOGIA,,,,,OMIE exact unit code,
GNVD268,UOF GNVD268,GNERA,,,100 GENERACION ZONA ESPAÑOLA RE Mercado Solar Fo,Y,TECNOLOGIA,,,,,OMIE exact unit code,
GNVD269,UOF GNVD269,GNERA,,,100 GENERACION ZONA ESPAÑOLA RE Mercado Solar Fo,Y,TECNOLOGIA,,,,,OMIE exact unit code,
GNVD270,UOF GNVD270,GNERA,,,100 GENERACION ZONA ESPAÑOLA RE Mercado Solar Fo,Y,TECNOLOGIA,,,,,OMIE exact unit code,
GNVD271,UOF GNVD271,GNERA,,,100 GENERACION ZONA ESPAÑOLA RE Mercado Solar Fo,Y,TECNOLOGIA,,,,,OMIE exact unit code,
GNVD272,UOF GNVD272,GNERA,,,100 GENERACION ZONA ESPAÑOLA RE Mercado Solar Fo,Y,TECNOLOGIA,,,,,OMIE exact unit code,
GNVD273,UOF GNVD273,GNERA,,,100 GENERACION ZONA ESPAÑOLA RE Mercado Solar Fo,Y,TECNOLOGIA,,,,,OMIE exact unit code,
GNVD274,UOF GNVD274,GNERA,,,100 GENERACION ZONA ESPAÑOLA RE Mercado Solar Fo,Y,TECNOLOGIA,,,,,OMIE exact unit code,
GNVD275,UOF GNVD275,GNERA,,,100 GENERACION ZONA ESPAÑOLA RE Mercado Eólica,Y,TECNOLOGIA,,,,,OMIE exact unit code,
GNVD276,UOF GNVD276,GNERA,,,100 GENERACION ZONA ESPAÑOLA RE Mercado Eólica,Y,TECNOLOGIA,,,,,OMIE exact unit code,
GNVD277,UOF GNVD277,GNERA,,,100 GENERACION ZONA ESPAÑOLA RE Mercado Térmica,Y,TECNOLOGIA,,,,,OMIE exact unit code,
GNVD278,UOF GNVD278,GNERA,,,100 GENERACION ZONA ESPAÑOLA RE Mercado Térmica,Y,TECNOLOGIA,,,,,OMIE exact unit code,
GNVD279,UOF GNVD279,GNERA,,,100 GENERACION ZONA ESPAÑOLA RE Mercado Solar Fo,Y,TECNOLOGIA,,,,,OMIE exact unit code,
GNVD280,UOF GNVD280,GNERA,,,100 GENERACION ZONA ESPAÑOLA RE Mercado Solar Fo,Y,TECNOLOGIA,,,,,OMIE exact unit code,
GNVD281,UOF GNVD281,GNERA,,,100 GENERACION ZONA ESPAÑOLA RE Mercado Solar Fo,Y,TECNOLOGIA,,,,,OMIE exact unit code,
GNVD282,UOF GNVD282,GNERA,,,100 GENERACION ZONA ESPAÑOLA RE Mercado Solar Fo,Y,TECNOLOGIA,,,,,OMIE exact unit code,
GNVD283,UOF GNVD283,GNERA,,,100 GENERACION ZONA ESPAÑOLA RE Mercado Solar Fo,Y,TECNOLOGIA,,,,,OMIE exact unit code,
GNVD284,UOF GNVD284,GNERA,,,100 GENERACION ZONA ESPAÑOLA RE Mercado Solar Fo,Y,TECNOLOGIA,,,,,OMIE exact unit code,
GNVD285,UOF GNVD285,GNERA,,,100 GENERACION ZONA ESPAÑOLA RE Mercado Solar Fo,Y,TECNOLOGIA,,,,,OMIE exact unit code,
GNVD286,UOF GNVD286,GNERA,,,100 GENERACION ZONA ESPAÑOLA RE Mercado Solar Fo,Y,TECNOLOGIA,,,,,OMIE exact unit code,
GNVD287,UOF GNVD287,GNERA,,,100 GENERACION ZONA ESPAÑOLA RE Mercado Solar Fo,Y,TECNOLOGIA,,,,,OMIE exact unit code,
GNVD288,UOF GNVD288,GNERA,,,100 GENERACION ZONA ESPAÑOLA RE Mercado Solar Fo,Y,TECNOLOGIA,,,,,OMIE exact unit code,
GNVD289,UOF GNVD289,GNERA,,,100 GENERACION ZONA ESPAÑOLA RE Mercado Solar Fo,Y,TECNOLOGIA,,,,,OMIE exact unit code,
GNVD290,UOF GNVD290,GNERA,,,100 GENERACION ZONA ESPAÑOLA RE Mercado Solar Fo,Y,TECNOLOGIA,,,,,OMIE exact unit code,
GNVD291,UOF GNVD291,GNERA,,,100 GENERACION ZONA ESPAÑOLA RE Mercado Solar Fo,Y,TECNOLOGIA,,,,,OMIE exact unit code,
GNVD292,UOF GNVD292,GNERA,,,100 GENERACION ZONA ESPAÑOLA RE Mercado Solar Fo,Y,TECNOLOGIA,,,,,OMIE exact unit code,
GNVD293,UOF GNVD293,GNERA,,,100 GENERACION ZONA ESPAÑOLA RE Mercado Solar Fo,Y,TECNOLOGIA,,,,,OMIE exact unit code,
GNVD294,UOF GNVD294,GNERA,,,100 GENERACION ZONA ESPAÑOLA RE Mercado Solar Fo,Y,TECNOLOGIA,,,,,OMIE exact unit code,
GNVD295,UOF GNVD295,GNERA,,,100 GENERACION ZONA ESPAÑOLA RE Mercado Solar Fo,Y,TECNOLOGIA,,,,,OMIE exact unit code,
GNVD296,UOF GNVD296,GNERA,,,100 GENERACION ZONA ESPAÑOLA RE Mercado Solar Fo,Y,TECNOLOGIA,,,,,OMIE exact unit code,
GNVD297,UOF GNVD297,GNERA,,,100 GENERACION ZONA ESPAÑOLA RE Mercado Solar Fo,Y,TECNOLOGIA,,,,,OMIE exact unit code,
GNVD298,UOF GNVD298,GNERA,,,100 GENERACION ZONA ESPAÑOLA RE Mercado Eólica M,Y,TECNOLOGIA,,,,,OMIE exact unit code,
GNVD299,UOF GNVD299,GNERA,,,100 GENERACION ZONA ESPAÑOLA RE Mercado Solar Fo,Y,TECNOLOGIA,,,,,OMIE exact unit code,
GNVD300,UOF GNVD300,GNERA,,,100 GENERACION ZONA ESPAÑOLA RE Mercado Solar Fo,Y,TECNOLOGIA,,,,,OMIE exact unit code,
GNVD301,UOF GNVD301,GNERA,,,100 GENERACION ZONA ESPAÑOLA RE Mercado Solar Fo,Y,TECNOLOGIA,,,,,OMIE exact unit code,
GNVD302,GNVD302,GNERA,,,100 GENERACION ZONA ESPAÑOLA RE Mercado Eólica,Y,TECNOLOGIA,,,,,OMIE exact unit code,
GNVD303,UOF GNVD303,GNERA,,,100 GENERACION ZONA ESPAÑOLA RE Mercado Solar,Y,TECNOLOGIA,,,,,OMIE exact unit code,
GNVD304,UOF GNVD304,GNERA,,,100 GENERACION ZONA ESPAÑOLA RE Mercado Solar,Y,TECNOLOGIA,,,,,OMIE exact unit code,
GNVD305,UOF GNVD305,GNERA,,,100 GENERACION ZONA ESPAÑOLA RE Mercado Solar,Y,TECNOLOGIA,,,,,OMIE exact unit code,
GNVD306,UOF GNVD306,GNERA,,,100 GENERACION ZONA ESPAÑOLA RE Mercado Solar,Y,TECNOLOGIA,,,,,OMIE exact unit code,
GNVD307,UOF GNVD307,GNERA,,,100 GENERACION ZONA ESPAÑOLA RE Mercado Solar,Y,TECNOLOGIA,,,,,OMIE exact unit code,
GNVD308,UOF GNVD308,GNERA,,,100 GENERACION ZONA ESPAÑOLA RE Mercado Solar,Y,TECNOLOGIA,,,,,OMIE exact unit code,
GNVD310,UOF GNVD310,GNERA,,,100 GENERACION ZONA ESPAÑOLA RE Mercado Eólica,Y,TECNOLOGIA,,,,,OMIE exact unit code,
GNVD311,UOF GNVD311,GNERA,,,100 GENERACION ZONA ESPAÑOLA RE Mercado Solar,Y,TECNOLOGIA,,,,,OMIE exact unit code,
GNVD312,UOF GNVD312,GNERA,,,100 GENERACION ZONA ESPAÑOLA RE Mercado Solar,Y,TECNOLOGIA,,,,,OMIE exact unit code,
GNVD313,UOF GNVD313,GNERA,,,100 GENERACION ZONA ESPAÑOLA RE Mercado Solar,Y,TECNOLOGIA,,,,,OMIE exact unit code,
GNVD314,UOF GNVD314,GNERA,,,100 GENERACION ZONA ESPAÑOLA RE Mercado Solar,Y,TECNOLOGIA,,,,,OMIE exact unit code,
GNVD315,UOF GNVD315,GNERA,,,100 GENERACION ZONA ESPAÑOLA RE Mercado Solar,Y,TECNOLOGIA,,,,,OMIE exact unit code,
GNVD316,UOF GNVD316,GNERA,,,100 GENERACION ZONA ESPAÑOLA RE Mercado Solar,Y,TECNOLOGIA,,,,,OMIE exact unit code,
GNVD317,UOF GNVD317,GNERA,,,100 GENERACION ZONA ESPAÑOLA RE Mercado Solar,Y,TECNOLOGIA,,,,,OMIE exact unit code,
GNVD318,UOF GNVD318,GNERA,,,100 GENERACION ZONA ESPAÑOLA RE Mercado Solar,Y,TECNOLOGIA,,,,,OMIE exact unit code,
GNVD319,UOF GNVD319,GNERA,,,100 GENERACION ZONA ESPAÑOLA RE Mercado Solar,Y,TECNOLOGIA,,,,,OMIE exact unit code,
GNVD320,UOF GNVD320,GNERA,,,100 GENERACION ZONA ESPAÑOLA RE Mercado Solar,Y,TECNOLOGIA,,,,,OMIE exact unit code,
GNVD321,UOF GNVD321,GNERA,,,100 GENERACION ZONA ESPAÑOLA RE Mercado Solar,Y,TECNOLOGIA,,,,,OMIE exact unit code,
GNVD322,UOF GNVD322,GNERA,,,100 GENERACION ZONA ESPAÑOLA RE Mercado Solar,Y,TECNOLOGIA,,,,,OMIE exact unit code,
GNVD323,UOF GNVD323,GNERA,,,100 GENERACION ZONA ESPAÑOLA RE Mercado Solar,Y,TECNOLOGIA,,,,,OMIE exact unit code,
GNVD324,UOF GNVD324,GNERA,,,100 GENERACION ZONA ESPAÑOLA RE Mercado Solar,Y,TECNOLOGIA,,,,,OMIE exact unit code,
GNVD325,UOF GNVD325,GNERA,,,100 GENERACION ZONA ESPAÑOLA RE Mercado Solar,Y,TECNOLOGIA,,,,,OMIE exact unit code,
GNVD326,UOF GNVD326,GNERA,,,100 GENERACION ZONA ESPAÑOLA RE Mercado Solar,Y,TECNOLOGIA,,,,,OMIE exact unit code,
GNVD327,GNVD327,GNERA,,,100 GENERACION ZONA ESPAÑOLA RE Mercado Solar,Y,TECNOLOGIA,,,,,OMIE exact unit code,
GNVD328,UOF GNVD328,GNERA,,,100 GENERACION ZONA ESPAÑOLA RE Mercado Solar,Y,TECNOLOGIA,,,,,OMIE exact unit code,
GNVD329,UOF GNVD329,GNERA,,,100 GENERACION ZONA ESPAÑOLA RE Mercado Solar,Y,TECNOLOGIA,,,,,OMIE exact unit code,
GNVD330,UOF GNVD330,GNERA,,,100 GENERACION ZONA ESPAÑOLA RE Mercado Solar,Y,TECNOLOGIA,,,,,OMIE exact unit code,
GNVD331,GNVD331,GNERA,,,100 GENERACION ZONA ESPAÑOLA RE Mercado Solar,Y,TECNOLOGIA,,,,,OMIE exact unit code,
GNVD332,GNVD332,GNERA,,,100 GENERACION ZONA ESPAÑOLA Híbrida Reno v.-Alm,Y,TECNOLOGIA,,,,,OMIE exact unit code,
GNVD333,GNVD333,GNERA,,,100 GENERACION ZONA ESPAÑOLA RE Mercado Solar,Y,TECNOLOGIA,,,,,OMIE exact unit code,
GNVD334,GNVD334,GNERA,,,100 GENERACION ZONA ESPAÑOLA RE Mercado Solar,Y,TECNOLOGIA,,,,,OMIE exact unit code,
GNVD335,GNVD335,GNERA,,,100 GENERACION ZONA ESPAÑOLA RE Mercado Solar,Y,TECNOLOGIA,,,,,OMIE exact unit code,
GNVD336,GNVD336,GNERA,,,100 GENERACION ZONA ESPAÑOLA RE Mercado Solar,Y,TECNOLOGIA,,,,,OMIE exact unit code,
GNVD338,GNVD338,GNERA,,,100 GENERACION ZONA ESPAÑOLA RE Mercado Solar,Y,TECNOLOGIA,,,,,OMIE exact unit code,
GNVD339,GNVD339,GNERA,,,100 GENERACION ZONA ESPAÑOLA RE Mercado Solar,Y,TECNOLOGIA,,,,,OMIE exact unit code,
GNVD340,GNVD340,GNERA,,,100 GENERACION ZONA ESPAÑOLA RE Mercado Solar,Y,TECNOLOGIA,,,,,OMIE exact unit code,
GNVD341,GNVD341,GNERA,,,100 GENERACION ZONA ESPAÑOLA RE Mercado Solar,Y,TECNOLOGIA,,,,,OMIE exact unit code,
GNVD342,GNVD342,GNERA,,,100 GENERACION ZONA ESPAÑOLA RE Mercado Solar,Y,TECNOLOGIA,,,,,OMIE exact unit code,
GNVD343,GNVD343,GNERA,,,100 GENERACION ZONA ESPAÑOLA RE Mercado Eólica,Y,TECNOLOGIA,,,,,OMIE exact unit code,
GNVD344,UOF GNVD344,GNERA,,,100 GENERACION ZONA ESPAÑOLA RE Mercado Solar,Y,TECNOLOGIA,,,,,OMIE exact unit code,
GNVD345,UOF GNVD345,GNERA,,,100 GENERACION ZONA ESPAÑOLA RE Mercado Solar,Y,TECNOLOGIA,,,,,OMIE exact unit code,
GNVD346,UOF GNVD346,GNERA,,,100 GENERACION ZONA ESPAÑOLA RE Mercado Solar,Y,TECNOLOGIA,,,,,OMIE exact unit code,
GNVD348,UOF GNVD348,GNERA,,,100 GENERACION ZONA ESPAÑOLA RE Mercado Solar,Y,TECNOLOGIA,,,,,OMIE exact unit code,
GNVD349,UOF GNVD349,GNERA,,,100 GENERACION ZONA ESPAÑOLA RE Mercado Solar,Y,TECNOLOGIA,,,,,OMIE exact unit code,
GNVD350,UOF GNVD350,GNERA,,,100 GENERACION ZONA ESPAÑOLA RE Mercado Solar,Y,TECNOLOGIA,,,,,OMIE exact unit code,
GNVD351,UOF GNVD351,GNERA,,,100 GENERACION ZONA ESPAÑOLA RE Mercado Solar,Y,TECNOLOGIA,,,,,OMIE exact unit code,
GNVD352,UOF GNVD352,GNERA,,,100 GENERACION ZONA ESPAÑOLA RE Mercado Solar,Y,TECNOLOGIA,,,,,OMIE exact unit code,
GNVD353,UOF GNVD353,GNERA,,,100 GENERACION ZONA ESPAÑOLA RE Mercado Solar,Y,TECNOLOGIA,,,,,OMIE exact unit code,
GNVD354,UOF GNVD354,GNERA,,,100 GENERACION ZONA ESPAÑOLA RE Mercado Solar,Y,TECNOLOGIA,,,,,OMIE exact unit code,
GNVD355,UOF GNVD355,GNERA,,,100 GENERACION ZONA ESPAÑOLA RE Mercado Solar,Y,TECNOLOGIA,,,,,OMIE exact unit code,
GNVD356,UOF GNVD356,GNERA,,,100 GENERACION ZONA ESPAÑOLA RE Mercado Solar,Y,TECNOLOGIA,,,,,OMIE exact unit code,
GNVD357,UOF GNVD357,GNERA,,,100 GENERACION ZONA ESPAÑOLA RE Mercado Solar,Y,TECNOLOGIA,,,,,OMIE exact unit code,
GNVD358,UOF GNVD358,GNERA,,,100 GENERACION ZONA ESPAÑOLA RE Mercado Solar,Y,TECNOLOGIA,,,,,OMIE exact unit code,
GNVD359,UOF GNVD359,GNERA,,,100 GENERACION ZONA ESPAÑOLA RE Mercado Solar,Y,TECNOLOGIA,,,,,OMIE exact unit code,
GNVD360,UOF GNVD360,GNERA,,,100 GENERACION ZONA ESPAÑOLA RE Mercado Solar,Y,TECNOLOGIA,,,,,OMIE exact unit code,
GNVD361,UOF GNVD361,GNERA,,,100 GENERACION ZONA ESPAÑOLA RE Mercado Solar,Y,TECNOLOGIA,,,,,OMIE exact unit code,
GNVD362,UOF GNVD362,GNERA,,,100 GENERACION ZONA ESPAÑOLA RE Mercado Solar,Y,TECNOLOGIA,,,,,OMIE exact unit code,
GNVD363,UOF GNVD363,GNERA,,,100 GENERACION ZONA ESPAÑOLA RE Mercado Solar,Y,TECNOLOGIA,,,,,OMIE exact unit code,
GNVD364,UOF GNVD364,,,,100 GENERACION ZONA ESPAÑOLA RE Mercado Solar Foto,IA Y,TECNOLOGIA,,,,,OMIE exact unit code,
GNVD365,UOF GNVD365,,,,100 GENERACION ZONA ESPAÑOLA RE Mercado Solar Foto,IA Y,TECNOLOGIA,,,,,OMIE exact unit code,
GNVD366,UOF GNVD366,,,,100 GENERACION ZONA ESPAÑOLA RE Mercado Solar Foto,IA Y,TECNOLOGIA,,,,,OMIE exact unit code,
GNVD367,UOF GNVD367,,,,100 GENERACION ZONA ESPAÑOLA RE Mercado Solar Foto,IA Y,TECNOLOGIA,,,,,OMIE exact unit code,
GNVD368,UOF GNVD368,,,,100 GENERACION ZONA ESPAÑOLA RE Mercado Solar Foto,IA Y,TECNOLOGIA,,,,,OMIE exact unit code,
GNVD369,UOF GNVD369,,,,100 GENERACION ZONA ESPAÑOLA RE Mercado Solar Foto,IA Y,TECNOLOGIA,,,,,OMIE exact unit code,
GNVD370,UOF GNVD370,,,,100 GENERACION ZONA ESPAÑOLA RE Mercado Solar Foto,IA Y,TECNOLOGIA,,,,,OMIE exact unit code,
GNVD371,UOF GNVD371,,,,100 GENERACION ZONA ESPAÑOLA RE Mercado Solar Foto,IA Y,TECNOLOGIA,,,,,OMIE exact unit code,
GNVD372,UOF GNVD372,,,,100 GENERACION ZONA ESPAÑOLA RE Mercado Solar Foto,IA Y,TECNOLOGIA,,,,,OMIE exact unit code,
GNVD373,UOF GNVD373,,,,100 GENERACION ZONA ESPAÑOLA RE Mercado Solar Foto,IA Y,TECNOLOGIA,,,,,OMIE exact unit code,
GNVD374,UOF GNVD374,,,,100 GENERACION ZONA ESPAÑOLA RE Mercado Eólica,IA Y,TECNOLOGIA,,,,,OMIE exact unit code,
GNVD375,GNVD375,,,,100 GENERACION ZONA ESPAÑOLA RE Mercado Solar Foto,IA Y,TECNOLOGIA,,,,,OMIE exact unit code,
GNVD376,UOF GNVD376,,,,100 GENERACION ZONA ESPAÑOLA RE Mercado Solar Foto,IA Y,TECNOLOGIA,,,,,OMIE exact unit code,
GNVD377,UOF GNVD377,,,,100 GENERACION ZONA ESPAÑOLA RE Mercado Solar Foto,IA Y,TECNOLOGIA,,,,,OMIE exact unit code,
GNVD378,UOF GNVD378,,,,100 GENERACION ZONA ESPAÑOLA RE Mercado Solar Foto,IA Y,TECNOLOGIA,,,,,OMIE exact unit code,
GNVD379,UOF GNVD379,,,,100 GENERACION ZONA ESPAÑOLA RE Mercado Solar Foto,IA Y,TECNOLOGIA,,,,,OMIE exact unit code,
GNVD380,UOF GNVD380,,,,100 GENERACION ZONA ESPAÑOLA RE Mercado Solar Foto,IA Y,TECNOLOGIA,,,,,OMIE exact unit code,
GNVD381,UOF GNVD381,,,,100 GENERACION ZONA ESPAÑOLA RE Mercado Solar Foto,IA Y,TECNOLOGIA,,,,,OMIE exact unit code,
GNVD382,UOF GNVD382,,,,100 GENERACION ZONA ESPAÑOLA RE Mercado Solar Foto,IA Y,TECNOLOGIA,,,,,OMIE exact unit code,
GOIEVD1,VENTA PRODUCCION,BIOGAS,,,100 GENERACION ZONA ESPAÑOLA RE Mercado Térmica R,OP,,,,,,OMIE exact unit code,
GOIEVD2,VENTA PRODUCCION,FOTOVOLTAICA,,,100 GENERACION ZONA ESPAÑOLA RE Mercado Solar Foto,OP,,,,,,OMIE exact unit code,
GOIEVD3,VENTA PRODUCCÍON,HIDRAULICA,,,100 GENERACION ZONA ESPAÑOLA RE Mercado Hidráulica,OP,,,,,,OMIE exact unit code,
GOIRE01,VENTA H.OLATE,,,,100 GENERACION ZONA ESPAÑOLA RE Mercado Hidráulica,OP,,,,,,OMIE exact unit code,
GOLDV02,CARTEIRA DE VENDA,(UPAC),,,100 GENERACION ZONA PORTUGUESA RE Tarifa CU R (uof),COM,"ERCIALIZADORA ENERGIA, S.A.",,,,,OMIE exact unit code,
GRENV02,VENDA ENERGIA PT,,,,100 GENERACION ZONA PORTUGUESA RE Tarifa CU R (uof),RE T,RADING LDA,,,,,OMIE exact unit code,
GSEVD01,INSTALACIONES SOLA,R TARIFA,,,100 GENERACION ZONA ESPAÑOLA RE Mercado Solar Foto,ERGÍ,"A COMERCIALIZADORA, S.A.",,,,,OMIE exact unit code,
GSLRE04,GSLRE04,,,,100 GENERACION ZONA ESPAÑOLA RE Mercado Solar Foto,NER,"CÍA, S.L.",,,,,OMIE exact unit code,
GSVD102,GUILLENA,,,,100 GENERACION ZONA ESPAÑOLA RE Mercado Solar Foto,S.A.,,,,,,OMIE exact unit code,
GSVD103,VILLANUEVA,,,,100 GENERACION ZONA ESPAÑOLA RE Mercado Solar Foto,S.A.,,,,,,OMIE exact unit code,
GSVD104,TALYELA2,,,,100 GENERACION ZONA ESPAÑOLA RE Mercado Solar Foto,S.A.,,,,,,OMIE exact unit code,
GSVD105,BARGSNO,,,,100 GENERACION ZONA ESPAÑOLA RE Mercado Solar Foto,S.A.,,,,,,OMIE exact unit code,
GSVD106,BRGSSU,,,,100 GENERACION ZONA ESPAÑOLA RE Mercado Solar Foto,S.A.,,,,,,OMIE exact unit code,
GSVD109,GAMONAL,,,,100 GENERACION ZONA ESPAÑOLA RE Mercado Solar Foto,S.A.,,,,,,OMIE exact unit code,
GSVD110,FALCONRA,,,,100 GENERACION ZONA ESPAÑOLA RE Mercado Solar Foto,S.A.,,,,,,OMIE exact unit code,
GSVD111,TARACENAN,,,,100 GENERACION ZONA ESPAÑOLA RE Mercado Solar Foto,S.A.,,,,,,OMIE exact unit code,
GSVD112,TARACENAS,,,,100 GENERACION ZONA ESPAÑOLA RE Mercado Solar Foto,S.A.,,,,,,OMIE exact unit code,
GSVD116,POLEO,,,,100 GENERACION ZONA ESPAÑOLA RE Mercado Eólica,S.A.,,,,,,OMIE exact unit code,
GSVD117,PANADERAS,,,,100 GENERACION ZONA ESPAÑOLA RE Mercado Eólica,S.A.,,,,,,OMIE exact unit code,
GSVD121,TERM_AFRIC,,,,100 GENERACION ZONA ESPAÑOLA RE Mercado Solar Tér,S.A.,,,,,,OMIE exact unit code,
GSVD122,TERM_LLANO,,,,100 GENERACION ZONA ESPAÑOLA RE Mercado Solar Tér,S.A.,,,,,,OMIE exact unit code,
GSVD123,TERM_BRGES,,,,100 GENERACION ZONA ESPAÑOLA RE Mercado Solar Tér,S.A.,,,,,,OMIE exact unit code,
GSVD127,CARAVACA_1,,,,100 GENERACION ZONA ESPAÑOLA RE Mercado Solar Foto,S.A.,,,,,,OMIE exact unit code,
GSVD128,CASILLA DE JUAN GIL,,,,100 GENERACION ZONA ESPAÑOLA RE Mercado Solar Foto,S.A.,,,,,,OMIE exact unit code,
GSVD129,SAN-FERNANDO,,,,100 GENERACION ZONA ESPAÑOLA RE Mercado Hidráulica,S.A.,,,,,,OMIE exact unit code,
GSVD132,SAX,,,,100 GENERACION ZONA ESPAÑOLA RE Mercado Solar Foto,S.A.,,,,,,OMIE exact unit code,
GSVD133,VIÑASGOMEZ,,,,100 GENERACION ZONA ESPAÑOLA RE Mercado Solar Foto,S.A.,,,,,,OMIE exact unit code,
GSVD135,TORRECILLA1,,,,100 GENERACION ZONA ESPAÑOLA RE Mercado Solar Foto,S.A.,,,,,,OMIE exact unit code,
GSVD136,TORRECILLA2,,,,100 GENERACION ZONA ESPAÑOLA RE Mercado Solar Foto,S.A.,,,,,,OMIE exact unit code,
GSVD137,CALAMOCHAI,,,,100 GENERACION ZONA ESPAÑOLA RE Mercado Solar Foto,S.A.,,,,,,OMIE exact unit code,
GSVD138,CALAMOCHAII,,,,100 GENERACION ZONA ESPAÑOLA RE Mercado Solar Foto,S.A.,,,,,,OMIE exact unit code,
GSVD139,ESCUCHAI,,,,100 GENERACION ZONA ESPAÑOLA RE Mercado Solar Foto,S.A.,,,,,,OMIE exact unit code,
GSVD140,ESCUCHAII,,,,100 GENERACION ZONA ESPAÑOLA RE Mercado Solar Foto,S.A.,,,,,,OMIE exact unit code,
GSVD141,HIJARI,,,,100 GENERACION ZONA ESPAÑOLA RE Mercado Solar Foto,S.A.,,,,,,OMIE exact unit code,
GSVD142,PEÑAFLORII,,,,100 GENERACION ZONA ESPAÑOLA RE Mercado Solar Foto,S.A.,,,,,,OMIE exact unit code,
GSVD143,TAMBORESI,,,,100 GENERACION ZONA ESPAÑOLA RE Mercado Solar Foto,S.A.,,,,,,OMIE exact unit code,
GSVD144,MOMPLANETE,,,,100 GENERACION ZONA ESPAÑOLA RE Mercado Solar Foto,S.A.,,,,,,OMIE exact unit code,
GSVD145,ELRANCHO,,,,100 GENERACION ZONA ESPAÑOLA RE Mercado Solar Foto,S.A.,,,,,,OMIE exact unit code,
GSVD146,EL BARROSO,,,,100 GENERACION ZONA ESPAÑOLA RE Mercado Eólica,S.A.,,,,,,OMIE exact unit code,
GSVD147,VALCAIRE,,,,GENERACION ZONA ESPAÑOLA RE Mercado Eólica,S.A.,100,,,,,OMIE exact unit code,
GSVD148,TERMOSOLAR1,,,,GENERACION ZONA ESPAÑOLA RE Mercado Solar Tér,S.A.,100,,,,,OMIE exact unit code,
GSVD149,TERMOSOLAR2,,,,GENERACION ZONA ESPAÑOLA RE Mercado Solar Tér,S.A.,100,,,,,OMIE exact unit code,
GSVD150,GALA,,,,GENERACION ZONA ESPAÑOLA RE Mercado Solar Foto,S.A.,100,,,,,OMIE exact unit code,
GSVD151,AUREA,,,,GENERACION ZONA ESPAÑOLA RE Mercado Solar Foto,S.A.,100,,,,,OMIE exact unit code,
GSVD152,GAETANA,,,,GENERACION ZONA ESPAÑOLA RE Mercado Solar Foto,S.A.,100,,,,,OMIE exact unit code,
GSVD153,SAPRELORCA,,,,GENERACION ZONA ESPAÑOLA RE Mercado Solar Foto,S.A.,100,,,,,OMIE exact unit code,
GSVD154,CAMPO SAN PED,RO,,,GENERACION ZONA ESPAÑOLA RE Mercado Solar Foto,S.A.,100,,,,,OMIE exact unit code,
GSVD155,TWINHOUSE PLA,NT 1,,,GENERACION ZONA ESPAÑOLA RE Mercado Solar Foto,S.A.,100,,,,,OMIE exact unit code,
GSVD156,TWINHOUSE,,,,GENERACION ZONA ESPAÑOLA RE Mercado Solar Foto,S.A.,100,,,,,OMIE exact unit code,
GSVD157,LA CISTERNIGA I,,,,GENERACION ZONA ESPAÑOLA RE Mercado Solar Foto,S.A.,100,,,,,OMIE exact unit code,
GSVD158,FV NIEVA,,,,GENERACION ZONA ESPAÑOLA RE Mercado Solar Foto,S.A.,100,,,,,OMIE exact unit code,
GSVD159,TORREIGLESIAS,,,,GENERACION ZONA ESPAÑOLA RE Mercado Solar Foto,S.A.,100,,,,,OMIE exact unit code,
GSVD160,FV IM2 SANTO D,OMINGO DE OLIVEN,,,GENERACION ZONA ESPAÑOLA RE Mercado Solar Foto,S.A.,100,,,,,OMIE exact unit code,
GSVD161,FV IM2 PUEBLA D,E SANCHO PEREZ,,,GENERACION ZONA ESPAÑOLA RE Mercado Solar Foto,S.A.,100,,,,,OMIE exact unit code,
GSVD162,IM2 ALCONERA,,,,GENERACION ZONA ESPAÑOLA RE Mercado Solar Foto,S.A.,100,,,,,OMIE exact unit code,
GSVD167,FV RETORNO SO,LAR,,,GENERACION ZONA ESPAÑOLA RE Mercado Solar Foto,S.A.,100,,,,,OMIE exact unit code,
GSVD168,FV TALAYUELA II,I,,,GENERACION ZONA ESPAÑOLA RE Mercado Solar Foto,S.A.,100,,,,,OMIE exact unit code,
GSVD169,VIVALES 6,,,,GENERACION ZONA ESPAÑOLA RE Mercado Solar Foto,S.A.,100,,,,,OMIE exact unit code,
GSVD170,ENERLASTRAS,,,,GENERACION ZONA ESPAÑOLA RE Mercado Solar Foto,S.A.,100,,,,,OMIE exact unit code,
GSVD171,POWER CHOICE,TORRALBA,,,GENERACION ZONA ESPAÑOLA RE Mercado Solar Foto,S.A.,100,,,,,OMIE exact unit code,
GSVD174,PARQUE EOLICO,LAS TADEAS,,,GENERACION ZONA ESPAÑOLA RE Mercado Eólica,S.A.,100,,,,,OMIE exact unit code,
GSVD175,LA HERRADA,,,,GENERACION ZONA ESPAÑOLA RE Mercado Eólica,S.A.,100,,,,,OMIE exact unit code,
GSVD176,FV OLMEDILLA H,IVE,,,GENERACION ZONA ESPAÑOLA RE Mercado Solar Foto,S.A.,100,,,,,OMIE exact unit code,
GSVD177,FV SABINAR HIV,E,,,GENERACION ZONA ESPAÑOLA RE Mercado Solar Foto,S.A.,100,,,,,OMIE exact unit code,
GSVD178,OMEDILLA 2,,,,GENERACION ZONA ESPAÑOLA RE Mercado Solar Foto,S.A.,100,,,,,OMIE exact unit code,
GSVD179,PFV PRADILLO,,,,GENERACION ZONA ESPAÑOLA RE Mercado Solar Foto,S.A.,100,,,,,OMIE exact unit code,
GSVD180,PFV PRADILLO 2,,,,GENERACION ZONA ESPAÑOLA RE Mercado Solar Foto,S.A.,100,,,,,OMIE exact unit code,
GSVD181,PFV PRADILLO 4,,,,GENERACION ZONA ESPAÑOLA RE Mercado Solar Foto,S.A.,100,,,,,OMIE exact unit code,
GSVD183,PSF IM2 GIBRALE,ON,,,GENERACION ZONA ESPAÑOLA RE Mercado Solar Foto,S.A.,100,,,,,OMIE exact unit code,
GSVD184,FV IM2 PUEBLA D,E LA REINA,,,GENERACION ZONA ESPAÑOLA RE Mercado Solar Foto,S.A.,100,,,,,OMIE exact unit code,
GSVD185,FV IM2 ZENETE,,,,GENERACION ZONA ESPAÑOLA RE Mercado Solar Foto,S.A.,100,,,,,OMIE exact unit code,
GSVD186,CF EL BARCIAL,,,,GENERACION ZONA ESPAÑOLA RE Mercado Solar Foto,S.A.,100,,,,,OMIE exact unit code,
GSVD187,FV VERSIÓN,,,,GENERACION ZONA ESPAÑOLA RE Mercado Solar Foto,S.A.,100,,,,,OMIE exact unit code,
GSVD188,SOLUZ GUZMAN,,,,GENERACION ZONA ESPAÑOLA RE Mercado Solar Tér,S.A.,100,,,,,OMIE exact unit code,
GSVD189,GSVD189,,,,GENERACION ZONA ESPAÑOLA RE Mercado Solar Foto,S.A.,100,,,,,OMIE exact unit code,
GSVD193,GSVD193,,,,GENERACION ZONA ESPAÑOLA RE Mercado Solar Foto,S.A.,100,,,,,OMIE exact unit code,
GSVD194,GSVD194,,,,GENERACION ZONA ESPAÑOLA RE Mercado Solar Foto,S.A.,100,,,,,OMIE exact unit code,
GSVD196,GSVD196,,,,GENERACION ZONA ESPAÑOLA RE Mercado Solar Foto,S.A.,100,,,,,OMIE exact unit code,
GSVD197,GSVD197,,,,GENERACION ZONA ESPAÑOLA RE Mercado Solar Foto,S.A.,100,,,,,OMIE exact unit code,
GSVD199,GSVD199,,,,GENERACION ZONA ESPAÑOLA RE Mercado Solar Foto,S.A.,100,,,,,OMIE exact unit code,
GSVD200,GSVD200,,,,GENERACION ZONA ESPAÑOLA RE Mercado Hidráulica,S.A.,100,,,,,OMIE exact unit code,
GSVD201,GSVD201,,,,GENERACION ZONA ESPAÑOLA RE Mercado Hidráulica,S.A.,100,,,,,OMIE exact unit code,
GSVD203,GSVD203,,,,GENERACION ZONA ESPAÑOLA RE Mercado Hidráulica,S.A.,100,,,,,OMIE exact unit code,
GSVD204,GSVD204,,,,GENERACION ZONA ESPAÑOLA RE Mercado Solar Foto,S.A.,100,,,,,OMIE exact unit code,
GSVD205,GSVD205,,,,GENERACION ZONA ESPAÑOLA RE Mercado Solar Foto,S.A.,100,,,,,OMIE exact unit code,
GSVD206,GSVD206,,,,GENERACION ZONA ESPAÑOLA RE Mercado Solar Foto,S.A.,100,,,,,OMIE exact unit code,
GSVD208,GSVD208,,,,GENERACION ZONA ESPAÑOLA RE Mercado Hidráulica,S.A.,100,,,,,OMIE exact unit code,
GSVD209,GSVD209,,,,GENERACION ZONA ESPAÑOLA RE Mercado Hidráulica,S.A.,100,,,,,OMIE exact unit code,
GSVD210,GSVD210,,,,GENERACION ZONA ESPAÑOLA RE Mercado Solar Foto,S.A.,100,,,,,OMIE exact unit code,
GSVD211,GSVD211,,,,GENERACION ZONA ESPAÑOLA RE Mercado Solar Foto,S.A.,100,,,,,OMIE exact unit code,
GSVD212,GSVD212,,,,GENERACION ZONA ESPAÑOLA RE Mercado Solar Foto,S.A.,100,,,,,OMIE exact unit code,
GSVD213,GSVD213,,,,GENERACION ZONA ESPAÑOLA RE Mercado Solar Foto,S.A.,100,,,,,OMIE exact unit code,
GSVD214,GSVD214,,,,GENERACION ZONA ESPAÑOLA RE Mercado Solar Foto,S.A.,100,,,,,OMIE exact unit code,
GSVD215,GSVD215,,,,GENERACION ZONA ESPAÑOLA RE Mercado Solar Foto,S.A.,100,,,,,OMIE exact unit code,
GSVD216,GSVD216,,,,GENERACION ZONA ESPAÑOLA RE Mercado Solar Foto,S.A.,100,,,,,OMIE exact unit code,
GSVD217,GSVD217,,,,GENERACION ZONA ESPAÑOLA RE Mercado Solar Foto,S.A.,100,,,,,OMIE exact unit code,
GSVD218,GSVD218,,,,GENERACION ZONA ESPAÑOLA RE Mercado Solar Foto,S.A.,100,,,,,OMIE exact unit code,
GSVD219,GSVD219,"GESTERNOVA,",,,ZONA ESPAÑOLA RE Mercado Solar Foto,100,GENERACION,,,,,OMIE exact unit code,
GSVD220,GSVD220,"GESTERNOVA,",,,ZONA ESPAÑOLA RE Mercado Solar Foto,100,GENERACION,,,,,OMIE exact unit code,
GSVD221,GSVD221,"GESTERNOVA,",,,ZONA ESPAÑOLA RE Mercado Solar Foto,100,GENERACION,,,,,OMIE exact unit code,
GSVD222,GSVD222,"GESTERNOVA,",,,ZONA ESPAÑOLA RE Mercado Solar Foto,100,GENERACION,,,,,OMIE exact unit code,
GSVD224,GSVD224,"GESTERNOVA,",,,ZONA ESPAÑOLA RE Mercado Solar Foto,100,GENERACION,,,,,OMIE exact unit code,
GSVD225,GSVD225,"GESTERNOVA,",,,ZONA ESPAÑOLA RE Mercado Solar Foto,100,GENERACION,,,,,OMIE exact unit code,
GSVD226,GSVD226,"GESTERNOVA,",,,ZONA ESPAÑOLA RE Mercado Solar Foto,100,GENERACION,,,,,OMIE exact unit code,
GSVD227,GSVD227,"GESTERNOVA,",,,ZONA ESPAÑOLA RE Mercado Solar Foto,100,GENERACION,,,,,OMIE exact unit code,
GSVD228,GSVD228,"GESTERNOVA,",,,ZONA ESPAÑOLA RE Mercado Eólica,100,GENERACION,,,,,OMIE exact unit code,
GSVD229,GSVD229,"GESTERNOVA,",,,ZONA ESPAÑOLA RE Mercado Solar Tér,100,GENERACION,,,,,OMIE exact unit code,
GSVD230,GSVD230,"GESTERNOVA,",,,ZONA ESPAÑOLA RE Mercado Hidráulica,100,GENERACION,,,,,OMIE exact unit code,
GSVD231,GSVD231,"GESTERNOVA,",,,ZONA ESPAÑOLA RE Mercado Solar Foto,100,GENERACION,,,,,OMIE exact unit code,
GSVD232,GSVD232,"GESTERNOVA,",,,ZONA ESPAÑOLA RE Mercado Solar Foto,100,GENERACION,,,,,OMIE exact unit code,
GSVD233,GSVD233,"GESTERNOVA,",,,ZONA ESPAÑOLA RE Mercado Solar Foto,100,GENERACION,,,,,OMIE exact unit code,
GSVD234,GSVD234,"GESTERNOVA,",,,ZONA ESPAÑOLA RE Mercado Solar Foto,100,GENERACION,,,,,OMIE exact unit code,
GSVD235,GSVD235,"GESTERNOVA,",,,ZONA ESPAÑOLA RE Mercado Solar Foto,100,GENERACION,,,,,OMIE exact unit code,
GSVD236,GSVD236,"GESTERNOVA,",,,ZONA ESPAÑOLA RE Mercado Solar Foto,100,GENERACION,,,,,OMIE exact unit code,
GSVD237,GSVD237,"GESTERNOVA,",,,ZONA ESPAÑOLA RE Mercado Eólica,100,GENERACION,,,,,OMIE exact unit code,
GSVD238,GSVD238,"GESTERNOVA,",,,ZONA ESPAÑOLA RE Mercado Eólica,100,GENERACION,,,,,OMIE exact unit code,
GSVD239,GSVD239,"GESTERNOVA,",,,ZONA ESPAÑOLA RE Mercado Eólica,100,GENERACION,,,,,OMIE exact unit code,
GSVD240,GSVD240,"GESTERNOVA,",,,ZONA ESPAÑOLA RE Mercado Eólica,100,GENERACION,,,,,OMIE exact unit code,
GSVD241,GSVD241,"GESTERNOVA,",,,ZONA ESPAÑOLA RE Mercado Solar Foto,100,GENERACION,,,,,OMIE exact unit code,
GSVD242,GSVD242,"GESTERNOVA,",,,ZONA ESPAÑOLA RE Mercado Solar Foto,100,GENERACION,,,,,OMIE exact unit code,
GSVD243,GSVD243,"GESTERNOVA,",,,ZONA ESPAÑOLA RE Mercado Solar Foto,100,GENERACION,,,,,OMIE exact unit code,
GSVD244,GSVD244,"GESTERNOVA,",,,ZONA ESPAÑOLA RE Mercado Eólica,100,GENERACION,,,,,OMIE exact unit code,
GSVD245,GSVD245,"GESTERNOVA,",,,ZONA ESPAÑOLA RE Mercado Solar Foto,100,GENERACION,,,,,OMIE exact unit code,
GSVD246,GSVD246,"GESTERNOVA,",,,ZONA ESPAÑOLA RE Mercado Solar Foto,100,GENERACION,,,,,OMIE exact unit code,
GSVD247,GSVD247,"GESTERNOVA,",,,ZONA ESPAÑOLA RE Mercado Eólica,100,GENERACION,,,,,OMIE exact unit code,
GSVD248,GSVD248,"GESTERNOVA,",,,ZONA ESPAÑOLA RE Mercado Solar Foto,100,GENERACION,,,,,OMIE exact unit code,
GSVD249,GSVD249,"GESTERNOVA,",,,ZONA ESPAÑOLA RE Mercado Solar Foto,100,GENERACION,,,,,OMIE exact unit code,
GSVD250,GSVD250,"GESTERNOVA,",,,ZONA ESPAÑOLA RE Mercado Solar Foto,100,GENERACION,,,,,OMIE exact unit code,
GSVD251,GSVD251,"GESTERNOVA,",,,ZONA ESPAÑOLA RE Mercado Solar Foto,100,GENERACION,,,,,OMIE exact unit code,
GSVD252,GSVD252,"GESTERNOVA,",,,ZONA ESPAÑOLA RE Mercado Solar Foto,100,GENERACION,,,,,OMIE exact unit code,
GSVD253,GSVD253,"GESTERNOVA,",,,ZONA ESPAÑOLA RE Mercado Solar Foto,100,GENERACION,,,,,OMIE exact unit code,
GSVD254,GSVD254,"GESTERNOVA,",,,ZONA ESPAÑOLA RE Mercado Solar Foto,100,GENERACION,,,,,OMIE exact unit code,
GSVD255,GSVD255,"GESTERNOVA,",,,ZONA ESPAÑOLA RE Mercado Solar Foto,100,GENERACION,,,,,OMIE exact unit code,
GSVD256,GSVD256,"GESTERNOVA,",,,ZONA ESPAÑOLA RE Mercado Solar Foto,100,GENERACION,,,,,OMIE exact unit code,
GSVD257,GSVD257,"GESTERNOVA,",,,ZONA ESPAÑOLA RE Mercado Eólica,100,GENERACION,,,,,OMIE exact unit code,
GSVD258,GSVD258,"GESTERNOVA,",,,ZONA ESPAÑOLA RE Mercado Eólica,100,GENERACION,,,,,OMIE exact unit code,
GSVD259,GSVD259,"GESTERNOVA,",,,ZONA ESPAÑOLA RE Mercado Eólica,100,GENERACION,,,,,OMIE exact unit code,
GSVD260,GSVD260,"GESTERNOVA,",,,ZONA ESPAÑOLA RE Mercado Eólica,100,GENERACION,,,,,OMIE exact unit code,
GSVD261,GSVD261,"GESTERNOVA,",,,ZONA ESPAÑOLA RE Mercado Solar Foto,100,GENERACION,,,,,OMIE exact unit code,
GSVD262,GSVD262,"GESTERNOVA,",,,ZONA ESPAÑOLA RE Mercado Solar Foto,100,GENERACION,,,,,OMIE exact unit code,
GSVD263,GSVD263,"GESTERNOVA,",,,ZONA ESPAÑOLA RE Mercado Solar Foto,100,GENERACION,,,,,OMIE exact unit code,
GSVD264,GSVD264,"GESTERNOVA,",,,ZONA ESPAÑOLA RE Mercado Solar Foto,100,GENERACION,,,,,OMIE exact unit code,
GSVD265,GSVD265,"GESTERNOVA,",,,ZONA ESPAÑOLA RE Mercado Solar Foto,100,GENERACION,,,,,OMIE exact unit code,
GSVD266,GSVD266,"GESTERNOVA,",,,ZONA ESPAÑOLA RE Mercado Solar Foto,100,GENERACION,,,,,OMIE exact unit code,
GSVD267,GSVD267,"GESTERNOVA,",,,ZONA ESPAÑOLA RE Mercado Solar Foto,100,GENERACION,,,,,OMIE exact unit code,
GSVD268,GSVD268,"GESTERNOVA,",,,ZONA ESPAÑOLA RE Mercado Solar Foto,100,GENERACION,,,,,OMIE exact unit code,
GSVD269,GSVD269,"GESTERNOVA,",,,ZONA ESPAÑOLA RE Mercado Solar Foto,100,GENERACION,,,,,OMIE exact unit code,
GSVD270,GSVD270,"GESTERNOVA,",,,ZONA ESPAÑOLA RE Mercado Solar Foto,100,GENERACION,,,,,OMIE exact unit code,
GSVD271,GSVD271,"GESTERNOVA,",,,ZONA ESPAÑOLA RE Mercado Solar Foto,100,GENERACION,,,,,OMIE exact unit code,
GSVD272,GSVD272,"GESTERNOVA,",,,ZONA ESPAÑOLA RE Mercado Solar Foto,100,GENERACION,,,,,OMIE exact unit code,
GSVD273,GSVD273,"GESTERNOVA,",,,ZONA ESPAÑOLA RE Mercado Solar Foto,100,GENERACION,,,,,OMIE exact unit code,
GSVD274,GSVD274,"GESTERNOVA,",,,ZONA ESPAÑOLA RE Mercado Solar Foto,100,GENERACION,,,,,OMIE exact unit code,
GSVD275,GSVD275,"GESTERNOVA,",,,ZONA ESPAÑOLA RE Mercado Solar Foto,100,GENERACION,,,,,OMIE exact unit code,
GSVD276,GSVD276,"GESTERNOVA,",,,ZONA ESPAÑOLA RE Mercado Solar Foto,100,GENERACION,,,,,OMIE exact unit code,
GSVD277,GSVD277,"GESTERNOVA,",,,ZONA ESPAÑOLA RE Mercado Solar Foto,100,GENERACION,,,,,OMIE exact unit code,
GSVD278,GSVD278,"GESTERNOVA, S.A.",,,ESPAÑOLA RE Mercado Solar Fo,GENERACION,ZONA,,,,,OMIE exact unit code,
GSVD279,GSVD279,"GESTERNOVA, S.A.",,,ESPAÑOLA RE Mercado Solar Fo,GENERACION,ZONA,,,,,OMIE exact unit code,
GSVD280,GSVD280,"GESTERNOVA, S.A.",,,ESPAÑOLA RE Mercado Solar Fo,GENERACION,ZONA,,,,,OMIE exact unit code,
GSVD281,GSVD281,"GESTERNOVA, S.A.",,,ESPAÑOLA RE Mercado Solar Fo,GENERACION,ZONA,,,,,OMIE exact unit code,
GSVD282,GSVD282,"GESTERNOVA, S.A.",,,ESPAÑOLA RE Mercado Solar Fo,GENERACION,ZONA,,,,,OMIE exact unit code,
GSVD283,GSVD283,"GESTERNOVA, S.A.",,,ESPAÑOLA RE Mercado Solar Fo,GENERACION,ZONA,,,,,OMIE exact unit code,
GSVD284,GSVD284,"GESTERNOVA, S.A.",,,ESPAÑOLA RE Mercado Solar Fo,GENERACION,ZONA,,,,,OMIE exact unit code,
GSVD285,GSVD285,"GESTERNOVA, S.A.",,,ESPAÑOLA RE Mercado Solar Fo,GENERACION,ZONA,,,,,OMIE exact unit code,
GSVD286,GSVD286,"GESTERNOVA, S.A.",,,ESPAÑOLA RE Mercado Solar Fo,GENERACION,ZONA,,,,,OMIE exact unit code,
GSVD287,GSVD287,"GESTERNOVA, S.A.",,,ESPAÑOLA RE Mercado Solar Fo,GENERACION,ZONA,,,,,OMIE exact unit code,
GSVD288,GSVD288,"GESTERNOVA, S.A.",,,ESPAÑOLA RE Mercado Solar Fo,GENERACION,ZONA,,,,,OMIE exact unit code,
GSVD289,GSVD289,"GESTERNOVA, S.A.",,,ESPAÑOLA RE Mercado Solar Fo,GENERACION,ZONA,,,,,OMIE exact unit code,
GSVD290,GSVD290,"GESTERNOVA, S.A.",,,ESPAÑOLA RE Mercado Solar Fo,GENERACION,ZONA,,,,,OMIE exact unit code,
GSVD291,GSVD291,"GESTERNOVA, S.A.",,,ESPAÑOLA RE Mercado Solar Fo,GENERACION,ZONA,,,,,OMIE exact unit code,
GSVD292,GSVD292,"GESTERNOVA, S.A.",,,ESPAÑOLA RE Mercado Solar Fo,GENERACION,ZONA,,,,,OMIE exact unit code,
GSVD293,GSVD293,"GESTERNOVA, S.A.",,,ESPAÑOLA RE Mercado Solar Fo,GENERACION,ZONA,,,,,OMIE exact unit code,
GSVD294,GSVD294,"GESTERNOVA, S.A.",,,ESPAÑOLA RE Mercado Solar Fo,GENERACION,ZONA,,,,,OMIE exact unit code,
GSVD295,GSVD295,"GESTERNOVA, S.A.",,,ESPAÑOLA RE Mercado Solar Fo,GENERACION,ZONA,,,,,OMIE exact unit code,
GSVD296,GSVD296,"GESTERNOVA, S.A.",,,ESPAÑOLA RE Mercado Solar Fo,GENERACION,ZONA,,,,,OMIE exact unit code,
GSVD297,GSVD297,"GESTERNOVA, S.A.",,,ESPAÑOLA RE Mercado Solar Fo,GENERACION,ZONA,,,,,OMIE exact unit code,
GSVD298,GSVD298,"GESTERNOVA, S.A.",,,ESPAÑOLA RE Mercado Solar Fo,GENERACION,ZONA,,,,,OMIE exact unit code,
GSVD299,GSVD299,"GESTERNOVA, S.A.",,,ESPAÑOLA RE Mercado Solar Fo,GENERACION,ZONA,,,,,OMIE exact unit code,
GSVD300,GSVD300,"GESTERNOVA, S.A.",,,ESPAÑOLA RE Mercado Eólica,GENERACION,ZONA,,,,,OMIE exact unit code,
GSVD301,GSVD301,"GESTERNOVA, S.A.",,,ESPAÑOLA RE Mercado Eólica,GENERACION,ZONA,,,,,OMIE exact unit code,
GSVD304,GSVD304,"GESTERNOVA, S.A.",,,ESPAÑOLA RE Mercado Solar Fo,GENERACION,ZONA,,,,,OMIE exact unit code,
GSVD305,GSVD305,"GESTERNOVA, S.A.",,,ESPAÑOLA RE Mercado Solar Fo,GENERACION,ZONA,,,,,OMIE exact unit code,
GSVD306,GSVD306,"GESTERNOVA, S.A.",,,ESPAÑOLA RE Mercado Solar Fo,GENERACION,ZONA,,,,,OMIE exact unit code,
GSVD307,GSVD307,"GESTERNOVA, S.A.",,,ESPAÑOLA RE Mercado Solar Fo,GENERACION,ZONA,,,,,OMIE exact unit code,
GSVD309,GSVD309,"GESTERNOVA, S.A.",,,ESPAÑOLA RE Mercado Solar Fo,GENERACION,ZONA,,,,,OMIE exact unit code,
GSVD310,GSVD310,"GESTERNOVA, S.A.",,,ESPAÑOLA RE Mercado Solar Fo,GENERACION,ZONA,,,,,OMIE exact unit code,
GSVD311,GSVD311,"GESTERNOVA, S.A.",,,ESPAÑOLA RE Mercado Solar Fo,GENERACION,ZONA,,,,,OMIE exact unit code,
GSVD312,GSVD312,"GESTERNOVA, S.A.",,,ESPAÑOLA RE Mercado Solar Fo,GENERACION,ZONA,,,,,OMIE exact unit code,
GSVD313,GSVD313,"GESTERNOVA, S.A.",,,ESPAÑOLA RE Mercado Solar Fo,GENERACION,ZONA,,,,,OMIE exact unit code,
GSVD314,GSVD314,"GESTERNOVA, S.A.",,,ESPAÑOLA RE Mercado Solar Fo,GENERACION,ZONA,,,,,OMIE exact unit code,
GSVD315,GSVD315,"GESTERNOVA, S.A.",,,ESPAÑOLA RE Mercado Solar Fo,GENERACION,ZONA,,,,,OMIE exact unit code,
GSVD316,GSVD316,"GESTERNOVA, S.A.",,,ESPAÑOLA RE Mercado Solar Fo,GENERACION,ZONA,,,,,OMIE exact unit code,
GSVD317,GSVD317,"GESTERNOVA, S.A.",,,ESPAÑOLA RE Mercado Solar Fo,GENERACION,ZONA,,,,,OMIE exact unit code,
GSVD318,GSVD318,"GESTERNOVA, S.A.",,,ESPAÑOLA RE Mercado Solar Fo,GENERACION,ZONA,,,,,OMIE exact unit code,
GSVD319,GSVD319,"GESTERNOVA, S.A.",,,ESPAÑOLA RE Mercado Solar Fo,GENERACION,ZONA,,,,,OMIE exact unit code,
GSVD320,GSVD320,"GESTERNOVA, S.A.",,,ESPAÑOLA RE Mercado Solar Fo,GENERACION,ZONA,,,,,OMIE exact unit code,
GSVD321,GSVD321,"GESTERNOVA, S.A.",,,ESPAÑOLA RE Mercado Solar Té,GENERACION,ZONA,,,,,OMIE exact unit code,
GSVD322,GSVD322,"GESTERNOVA, S.A.",,,ESPAÑOLA RE Mercado Solar Té,GENERACION,ZONA,,,,,OMIE exact unit code,
GSVD323,GSVD323,"GESTERNOVA, S.A.",,,ESPAÑOLA RE Mercado Solar Té,GENERACION,ZONA,,,,,OMIE exact unit code,
GSVD324,GSVD324,"GESTERNOVA, S.A.",,,ESPAÑOLA RE Mercado Eólica,GENERACION,ZONA,,,,,OMIE exact unit code,
GSVD325,GSVD325,"GESTERNOVA, S.A.",,,ESPAÑOLA RE Mercado Solar Fo,GENERACION,ZONA,,,,,OMIE exact unit code,
GSVD326,GSVD326,"GESTERNOVA, S.A.",,,ESPAÑOLA RE Mercado Solar Fo,GENERACION,ZONA,,,,,OMIE exact unit code,
GSVD327,GSVD327,"GESTERNOVA, S.A.",,,ESPAÑOLA RE Mercado Eólica,GENERACION,ZONA,,,,,OMIE exact unit code,
GSVD329,GSVD329,"GESTERNOVA, S.A.",,,ESPAÑOLA RE Mercado Solar Fo,GENERACION,ZONA,,,,,OMIE exact unit code,
GSVD330,GSVD330,"GESTERNOVA, S.A.",,,ESPAÑOLA RE Mercado Solar Fo,GENERACION,ZONA,,,,,OMIE exact unit code,
GSVD331,GSVD331,"GESTERNOVA, S.A.",,,ESPAÑOLA RE Mercado Solar Fo,GENERACION,ZONA,,,,,OMIE exact unit code,
GSVD333,GSVD333,"GESTERNOVA, S.A.",,,ESPAÑOLA RE Mercado Solar Fo,GENERACION,ZONA,,,,,OMIE exact unit code,
GSVD334,GSVD334,"GESTERNOVA, S.A.",,,ESPAÑOLA RE Mercado Solar Fo,GENERACION,ZONA,,,,,OMIE exact unit code,
GSVD335,GSVD335,"GESTERNOVA, S.A.",,,ESPAÑOLA RE Mercado Solar Fo,GENERACION,ZONA,,,,,OMIE exact unit code,
GUADIA,BACIA HID. DO GUADIANA,EDP GEM PORTUGAL S.A.,EDP,derived_from_legal_name,PORTUGUESA RE Tarifa CU R (uof),GENERACION,ZONA,,,,,OMIE exact unit code,https://www.edp.com/
GUIG,C.H. GUILLENA GENERACION,"ENDESA GENERACIÓN, S.A.",Endesa,derived_from_legal_name,ESPAÑOLA Hidráulica de Bombe,GENERACION,ZONA,,,,,OMIE exact unit code,https://www.endesa.com/
GUIRE01,GUISSONA VENTA,CORPORACIÓN ALIMENTARIA GUISSONA,,,ESPAÑOLA RE Mercado Térmica,GENERACION,ZONA,,,,,OMIE exact unit code,
HCGVD09,U. O. TUDELA COGENERACION,"EDP ESPAÑA, S.A.U. (GENERACIÓN)",EDP,derived_from_legal_name,ESPAÑOLA RE Mercado Térmica,GENERACION,ZONA,,,,,OMIE exact unit code,https://www.edp.com/
HCGVD1,OFERTA VENTA R,ENOVABLES,,,(GEN ERACIÓN) 100 GENERACION ZONA ESPAÑOLA RE Mercado Solar Foto,S.,A.U.,,,,,OMIE exact unit code,
HCGVD11,U.O. P.E. NO HABI,LITADOS,,,(GEN ERACIÓN) 100 GENERACION ZONA ESPAÑOLA RE Mercado Eólica,S.,A.U.,,,,,OMIE exact unit code,
HCGVD12,U.O. PARQUES HA,BILITADOS S.A.,,,(GEN ERACIÓN) 100 GENERACION ZONA ESPAÑOLA RE Mercado Eólica,S.,A.U.,,,,,OMIE exact unit code,
HCGVD13,U.O. PARQUES EO,LICA LA BRUJULA,,,(GEN ERACIÓN) 100 GENERACION ZONA ESPAÑOLA RE Mercado Eólica,S.,A.U.,,,,,OMIE exact unit code,
HCGVD14,U.O. PARQUES ZO,NA REGULACION,,,(GEN ERACIÓN) 100 GENERACION ZONA ESPAÑOLA RE Mercado Eólica,S.,A.U.,,,,,OMIE exact unit code,
HCGVD15,UO CH CRISA,,,,(GEN ERACIÓN) 100 GENERACION ZONA ESPAÑOLA RE Mercado Hidráulica,S.,A.U.,,,,,OMIE exact unit code,
HCGVD16,CH GUADALIMAR,(GIRIBAILLE),,,(GEN ERACIÓN) 100 GENERACION ZONA ESPAÑOLA RE Mercado Hidráulica,S.,A.U.,,,,,OMIE exact unit code,
HCGVD17,P. FOTOVOLTAICA,ACAMPO ARPAL,,,(GEN ERACIÓN) 100 GENERACION ZONA ESPAÑOLA RE Mercado Solar Foto,S.,A.U.,,,,,OMIE exact unit code,
HCGVD18,U.O. HIBRIDAS,,,,(GEN ERACIÓN) 100 GENERACION ZONA ESPAÑOLA Híbrida Reno vable,S.,A.U.,,,,,OMIE exact unit code,
HCGVD19,U.O. HIBRIDAS SIN,HABILITAR,,,(GEN ERACIÓN) 100 GENERACION ZONA ESPAÑOLA RE Mercado Eólica,S.,A.U.,,,,,OMIE exact unit code,
HCGVD2,OFERTA VENTA R,ENOVABLES TERMIC,,,(GEN ERACIÓN) 100 GENERACION ZONA ESPAÑOLA RE Mercado Térmica n,S.,A.U.,,,,,OMIE exact unit code,
HCGVD21,UE PE NO HABILIT,ADOS 2,,,(GEN ERACIÓN) 100 GENERACION ZONA ESPAÑOLA RE Mercado Eólica,S.,A.U.,,,,,OMIE exact unit code,
HCGVD22,UO PE HABILITAD,OS 2,,,(GEN ERACIÓN) 100 GENERACION ZONA ESPAÑOLA RE Mercado Eólica,S.,A.U.,,,,,OMIE exact unit code,
HCGVD23,UO PE HABILITAD,OS 3,,,(GEN ERACIÓN) 100 GENERACION ZONA ESPAÑOLA RE Mercado Eólica,S.,A.U.,,,,,OMIE exact unit code,
HCGVD24,FOTOVOLTAICAS,HABILITADAS,,,(GEN ERACIÓN) 100 GENERACION ZONA ESPAÑOLA RE Mercado Solar Foto,S.,A.U.,,,,,OMIE exact unit code,
HCGVD25,UO HIBRIDAS CON,ALMACENAMIENTO,,,(GEN ERACIÓN) 100 GENERACION ZONA ESPAÑOLA RE Mercado Eólica,S.,A.U.,,,,,OMIE exact unit code,
HCHI,UGH. HIDROCANT,ÁBRICO,,,(GEN ERACIÓN) 100 GENERACION ZONA ESPAÑOLA Hidráulica Ge neración,S.,A.U.,,,,,OMIE exact unit code,
HELIVD1,REPRES. TARIFA,HELIOS I,,,"OS I, S.L. 100 GENERACION ZONA ESPAÑOLA RE Mercado Solar Foto",R,HELI,,,,,OMIE exact unit code,
HISVD09,FMARQUES,,,,"AÑA, S.A.U. 100 GENERACION ZONA ESPAÑOLA RE Mercado Solar Foto",A,ESP,,,,,OMIE exact unit code,
HISVD11,INSTALACION SO,LAR GUILLENA,,,"AÑA, S.A.U. 100 GENERACION ZONA ESPAÑOLA RE Mercado Solar Foto",A,ESP,,,,,OMIE exact unit code,
HISVD12,FSALOB,,,,"AÑA, S.A.U. 100 GENERACION ZONA ESPAÑOLA RE Mercado Solar Foto",A,ESP,,,,,OMIE exact unit code,
HISVD14,RWE MUEL,,,,"AÑA, S.A.U. 100 GENERACION ZONA ESPAÑOLA RE Mercado Eólica",A,ESP,,,,,OMIE exact unit code,
HISVD15,PE RWE,,,,"AÑA, S.A.U. 100 GENERACION ZONA ESPAÑOLA RE Mercado Eólica",A,ESP,,,,,OMIE exact unit code,
HISVD16,PE LUNAJUNO,,,,"AÑA, S.A.U. 100 GENERACION ZONA ESPAÑOLA RE Mercado Eólica",A,ESP,,,,,OMIE exact unit code,
HISVD17,PE URANO,,,,"AÑA, S.A.U. 100 GENERACION ZONA ESPAÑOLA RE Mercado Eólica",A,ESP,,,,,OMIE exact unit code,
HISVD18,PE ALDEHUELAS,,,,"AÑA, S.A.U. 100 GENERACION ZONA ESPAÑOLA RE Mercado Eólica",A,ESP,,,,,OMIE exact unit code,
HISVD21,FV CAP,,,,"AÑA, S.A.U. 100 GENERACION ZONA ESPAÑOLA RE Mercado Solar Foto",A,ESP,,,,,OMIE exact unit code,
HISVD22,FLACAB,,,,"AÑA, S.A.U. 100 GENERACION ZONA ESPAÑOLA RE Mercado Solar Foto",A,ESP,,,,,OMIE exact unit code,
HISVD23,SIGMA,,,,"AÑA, S.A.U. 100 GENERACION ZONA ESPAÑOLA RE Mercado Solar Foto",A,ESP,,,,,OMIE exact unit code,
HISVD24,ALIZARSUN,,,,"AÑA, S.A.U. 100 GENERACION ZONA ESPAÑOLA RE Mercado Solar Foto",A,ESP,,,,,OMIE exact unit code,
HISVD25,CASTOR,,,,"AÑA, S.A.U. 100 GENERACION ZONA ESPAÑOLA RE Mercado Solar Foto",A,ESP,,,,,OMIE exact unit code,
HISVD27,CORTIJO GUER,,,,"AÑA, S.A.U. 100 GENERACION ZONA ESPAÑOLA RE Mercado Eólica",A,ESP,,,,,OMIE exact unit code,
HISVD28,SIERRA ARCAS,,,,"AÑA, S.A.U. 100 GENERACION ZONA ESPAÑOLA RE Mercado Eólica",A,ESP,,,,,OMIE exact unit code,
HISVD43,COSENTSOL,,,,"AÑA, S.A.U. 100 GENERACION ZONA ESPAÑOLA RE Mercado Solar Foto",A,ESP,,,,,OMIE exact unit code,
HISVD44,REA,,,,"AÑA, S.A.U. 100 GENERACION ZONA ESPAÑOLA RE Mercado Eólica",A,ESP,,,,,OMIE exact unit code,
HISVD45,CASA VALDES,,,,"AÑA, S.A.U. 100 GENERACION ZONA ESPAÑOLA RE Mercado Solar Foto",A,ESP,,,,,OMIE exact unit code,
HISVD48,PUERTA DEL SOL,,,,"AÑA, S.A.U. 100 GENERACION ZONA ESPAÑOLA RE Mercado Solar Foto",A,ESP,,,,,OMIE exact unit code,
HISVD51,ORKOIEN,,,,"AÑA, S.A.U. 100 GENERACION ZONA ESPAÑOLA RE Mercado Eólica",A,ESP,,,,,OMIE exact unit code,
HISVD52,HISVD52,,,,"AÑA, S.A.U. 100 GENERACION ZONA ESPAÑOLA RE Mercado Solar Foto",A,ESP,,,,,OMIE exact unit code,
HISVD59,HISVD59,,,,"AÑA, S.A.U. 100 GENERACION ZONA ESPAÑOLA RE Mercado Eólica",A,ESP,,,,,OMIE exact unit code,
HISVD60,HISVD60,,,,"AÑA, S.A.U. 100 GENERACION ZONA ESPAÑOLA RE Mercado Solar Foto",A,ESP,,,,,OMIE exact unit code,
HISVD61,HISVD61,,,,"AÑA, S.A.U. 100 GENERACION ZONA ESPAÑOLA RE Mercado Solar Foto",A,ESP,,,,,OMIE exact unit code,
HISVD76,UTRILLA HIVE,,,,"AÑA, S.A.U. 100 GENERACION ZONA ESPAÑOLA RE Mercado Solar Foto",A,ESP,,,,,OMIE exact unit code,
HISVD77,ENTRECAMINOS,,,,"AÑA, S.A.U. 100 GENERACION ZONA ESPAÑOLA RE Mercado Solar Foto",A,ESP,,,,,OMIE exact unit code,
HISVD78,HAZA DE LAS TOB,AS,,,"AÑA, S.A.U. 100 GENERACION ZONA ESPAÑOLA RE Mercado Solar Foto",A,ESP,,,,,OMIE exact unit code,
HISVD79,HISVD79,,,,"AÑA, S.A.U. 100 GENERACION ZONA ESPAÑOLA RE Mercado Solar Foto",A,ESP,,,,,OMIE exact unit code,
HISVD80,HISVD80,,,,"AÑA, S.A.U. 100 GENERACION ZONA ESPAÑOLA RE Mercado Solar Foto",A,ESP,,,,,OMIE exact unit code,
HISVD81,MORATALLA,,,,"AÑA, S.A.U. 100 GENERACION ZONA ESPAÑOLA RE Mercado Solar Foto",A,ESP,,,,,OMIE exact unit code,
HISVD83,FVALP18,,,,"AÑA, S.A.U. 100 GENERACION ZONA ESPAÑOLA RE Mercado Solar Foto",A,ESP,,,,,OMIE exact unit code,
HISVD84,FVALP19,,,,"AÑA, S.A.U. 100 GENERACION ZONA ESPAÑOLA RE Mercado Solar Foto",A,ESP,,,,,OMIE exact unit code,
HISVD85,FVALP20,,,,"AÑA, S.A.U. 100 GENERACION ZONA ESPAÑOLA RE Mercado Solar Foto",A,ESP,,,,,OMIE exact unit code,
HISVD86,FALP21,,,,"AÑA, S.A.U. 100 GENERACION ZONA ESPAÑOLA RE Mercado Solar Foto",A,ESP,,,,,OMIE exact unit code,
HISVD87,HISVD87,,,,"AÑA, S.A.U. 100 GENERACION ZONA ESPAÑOLA RE Mercado Solar Foto",A,ESP,,,,,OMIE exact unit code,
HISVD88,HISVD88,,,,"AÑA, S.A.U. 100 GENERACION ZONA ESPAÑOLA RE Mercado Eólica",A,ESP,,,,,OMIE exact unit code,
HISVD89,HISVD89,,,,"AÑA, S.A.U. 100 GENERACION ZONA ESPAÑOLA RE Mercado Eólica",A,ESP,,,,,OMIE exact unit code,
HISVD90,HISVD90,,,,"AÑA, S.A.U. 100 GENERACION ZONA ESPAÑOLA RE Mercado Eólica",A,ESP,,,,,OMIE exact unit code,
HISVD91,HISVD91,,,,"AÑA, S.A.U. 100 GENERACION ZONA ESPAÑOLA RE Mercado Eólica",A,ESP,,,,,OMIE exact unit code,
HISVD92,HISVD92,,,,.   100 GENERACION ZONA ESPAÑOLA RE Mercado Eólica,GÍA ESPA,"ÑA, S.A.U",,,,,OMIE exact unit code,
HISVD93,HISVD93,,,,.   100 GENERACION ZONA ESPAÑOLA RE Mercado Eólica,GÍA ESPA,"ÑA, S.A.U",,,,,OMIE exact unit code,
HISVD94,HISVD94,,,,.   100 GENERACION ZONA ESPAÑOLA RE Mercado Eólica,GÍA ESPA,"ÑA, S.A.U",,,,,OMIE exact unit code,
HISVD95,HISVD95,,,,.   100 GENERACION ZONA ESPAÑOLA RE Mercado Eólica,GÍA ESPA,"ÑA, S.A.U",,,,,OMIE exact unit code,
HISVD96,HISVD96,,,,.   100 GENERACION ZONA ESPAÑOLA RE Mercado Eólica,GÍA ESPA,"ÑA, S.A.U",,,,,OMIE exact unit code,
HISVD97,HISVD97,,,,.   100 GENERACION ZONA ESPAÑOLA RE Mercado Eólica,GÍA ESPA,"ÑA, S.A.U",,,,,OMIE exact unit code,
HISVD98,HISVD98,,,,.   100 GENERACION ZONA ESPAÑOLA RE Mercado Eólica,GÍA ESPA,"ÑA, S.A.U",,,,,OMIE exact unit code,
HISVD99,HISVD99,,,,.   100 GENERACION ZONA ESPAÑOLA RE Mercado Eólica,GÍA ESPA,"ÑA, S.A.U",,,,,OMIE exact unit code,
HMSROR1,UOF HMSROR1,,,,IA   100 GENERACION ZONA ESPAÑOLA Hidráulica Ge neración,RGIA Y TE,CNOLOG,,,,,OMIE exact unit code,
HPOBLA1,UOF HIDRO LA POB,LA1 Y 2,,,CI ALIZACIÓN RE ) 100 GENERACION ZONA ESPAÑOLA Hidráulica Ge neración,RGÍA (ACT,. COMER,,,,,OMIE exact unit code,
HSVD100,HSVD100,,,,.   100 GENERACION ZONA ESPAÑOLA RE Mercado Eólica,GÍA ESPA,"ÑA, S.A.U",,,,,OMIE exact unit code,
HSVD102,HSVD102,,,,.   100 GENERACION ZONA ESPAÑOLA RE Mercado Eólica,GÍA ESPA,"ÑA, S.A.U",,,,,OMIE exact unit code,
HSVD103,HSVD103,,,,.   100 GENERACION ZONA ESPAÑOLA RE Mercado Solar Foto,GÍA ESPA,"ÑA, S.A.U",,,,,OMIE exact unit code,
HSVD104,HSVD104,,,,.   100 GENERACION ZONA ESPAÑOLA RE Mercado Solar Foto,GÍA ESPA,"ÑA, S.A.U",,,,,OMIE exact unit code,
HSVD106,HSVD106,,,,.   100 GENERACION ZONA ESPAÑOLA RE Mercado Solar Foto,GÍA ESPA,"ÑA, S.A.U",,,,,OMIE exact unit code,
HURVD01,EÓLICA REP. BASE,R,,,E REFERENCIA SA 100 GENERACION ZONA ESPAÑOLA RE Mercado Eólica,ERCIALIZA,DORA D,,,,,OMIE exact unit code,
HURVD02,FOTOVOLTAICA RE,P BASER,,,E REFERENCIA SA 100 GENERACION ZONA ESPAÑOLA RE Mercado Solar Foto,ERCIALIZA,DORA D,,,,,OMIE exact unit code,
HURVD03,HIDRÁULICA REP B,ASER,,,E REFERENCIA SA 100 GENERACION ZONA ESPAÑOLA RE Mercado Hidráulica,ERCIALIZA,DORA D,,,,,OMIE exact unit code,
HURVD04,BIOMASA REP BAS,ER,,,E REFERENCIA SA 100 GENERACION ZONA ESPAÑOLA RE Mercado Térmica R,ERCIALIZA,DORA D,,,,,OMIE exact unit code,
HURVD05,TERMOSOLAR REP,BASER,,,E REFERENCIA SA 100 GENERACION ZONA ESPAÑOLA RE Mercado Solar Tér,ERCIALIZA,DORA D,,,,,OMIE exact unit code,
HURVD06,TÉRMICA REP BASE,R,,,E REFERENCIA SA 100 GENERACION ZONA ESPAÑOLA RE Mercado Térmica n,ERCIALIZA,DORA D,,,,,OMIE exact unit code,
HURVD07,EÓLICA REP BASER,(PRUEBAS),,,E REFERENCIA SA 100 GENERACION ZONA ESPAÑOLA RE Tar. CUR Eólica,ERCIALIZA,DORA D,,,,,OMIE exact unit code,
HURVD08,FOTOV. REP BASER,(PRUEBAS),,,E REFERENCIA SA 100 GENERACION ZONA ESPAÑOLA RE Tar. CUR Solar Fot,ERCIALIZA,DORA D,,,,,OMIE exact unit code,
HURVD09,HIDRÁULICA REP B,ASER (PRUEBAS),,,E REFERENCIA SA 100 GENERACION ZONA ESPAÑOLA RE Tar. CUR Hidráulic,ERCIALIZA,DORA D,,,,,OMIE exact unit code,
HURVD10,BIOMASA REP BAS,ER (PRUEBAS),,,E REFERENCIA SA 100 GENERACION ZONA ESPAÑOLA RE Tar. CUR Térmica,ERCIALIZA,DORA D,,,,,OMIE exact unit code,
HURVD11,TERMOSOLAR REP,BASER (PRUEBAS),,,E REFERENCIA SA 100 GENERACION ZONA ESPAÑOLA RE Tar. CUR Solar Tér,ERCIALIZA,DORA D,,,,,OMIE exact unit code,
HURVD12,TÉRMICA REP BASE,R (PRUEBAS),,,E REFERENCIA SA 100 GENERACION ZONA ESPAÑOLA RE Tar. CUR Térmica,ERCIALIZA,DORA D,,,,,OMIE exact unit code,
IBEVD11,EÓLICA HABILITADA,,,,S. .A.  100 GENERACION ZONA ESPAÑOLA RE Mercado Eólica,ENERGÍA,ESPAÑA,,,,,OMIE exact unit code,
IBEVD16,FOTOVOLTAICA NO,EXENTA,,,S. .A.  100 GENERACION ZONA ESPAÑOLA RE Mercado Solar Foto,ENERGÍA,ESPAÑA,,,,,OMIE exact unit code,
IBEVD19,FOTOVOLTAICA HA,BILITADA,,,S. .A.  100 GENERACION ZONA ESPAÑOLA RE Mercado Solar Foto,ENERGÍA,ESPAÑA,,,,,OMIE exact unit code,
IBEVD20,COGENERACION PE,TROLEO,,,S. .A.  100 GENERACION ZONA ESPAÑOLA RE Mercado Térmica n,ENERGÍA,ESPAÑA,,,,,OMIE exact unit code,
IBEVD21,FOTOVOLTAICA HA,B SSCC Y SEC,,,S. .A.  100 GENERACION ZONA ESPAÑOLA RE Mercado Solar Foto,ENERGÍA,ESPAÑA,,,,,OMIE exact unit code,
IBEVD22,HIBRIDACION FV - B,ATERIA,,,S. .A.  100 GENERACION ZONA ESPAÑOLA Híbrida Reno v.-Almace,ENERGÍA,ESPAÑA,,,,,OMIE exact unit code,
IBEVD23,VENTA EXCEDENTE,S FV,,,S. .A.  100 GENERACION ZONA ESPAÑOLA RE Mercado Solar Foto,ENERGÍA,ESPAÑA,,,,,OMIE exact unit code,
IBEVD24,HIBRIDACION EOLIC,A - BATERIA,,,S. .A.  100 GENERACION ZONA ESPAÑOLA Híbrida Reno v.-Almace,ENERGÍA,ESPAÑA,,,,,OMIE exact unit code,
IBEVD25,VENTA HIBRIDACIO,N EOLICA Y FV,,,S. .A.  100 GENERACION ZONA ESPAÑOLA Híbrida Reno vable,ENERGÍA,ESPAÑA,,,,,OMIE exact unit code,
IBEVD26,EOLICA EIBGEBU,,,,S. .A.  100 GENERACION ZONA ESPAÑOLA RE Mercado Eólica,ENERGÍA,ESPAÑA,,,,,OMIE exact unit code,
IBEVD27,FOTOVOLTAICA OR,IOL,,,S. .A.  100 GENERACION ZONA ESPAÑOLA RE Mercado Solar Foto,ENERGÍA,ESPAÑA,,,,,OMIE exact unit code,
IBEVD28,FOTOVOLTAICA NB,ALBOA,,,S. .A.  100 GENERACION ZONA ESPAÑOLA RE Mercado Solar Foto,ENERGÍA,ESPAÑA,,,,,OMIE exact unit code,
IBEVD29,FOTOVOLTAICA PIZ,ARRO,,,S. .A.  100 GENERACION ZONA ESPAÑOLA RE Mercado Solar Foto,ENERGÍA,ESPAÑA,,,,,OMIE exact unit code,
IBEVD30,FOTOVOLTAICA FV,ARENA,,,S. .A.  100 GENERACION ZONA ESPAÑOLA RE Mercado Solar Foto,ENERGÍA,ESPAÑA,,,,,OMIE exact unit code,
IBEVD31,FOTOVOLTAICA FV,CEDIL,,,S. .A.  100 GENERACION ZONA ESPAÑOLA RE Mercado Solar Foto,ENERGÍA,ESPAÑA,,,,,OMIE exact unit code,
IBEVD32,HIBRIDACION FV CA,MPOARAÑUELO,,,S. .A.  100 GENERACION ZONA ESPAÑOLA Híbrida Reno v.-Almace,ENERGÍA,ESPAÑA,,,,,OMIE exact unit code,
IBEVD33,FIBGETA,,,,S. .A.  100 GENERACION ZONA ESPAÑOLA RE Mercado Solar Foto,ENERGÍA,ESPAÑA,,,,,OMIE exact unit code,
IBEVD34,EOLICAS RIOJA MO,LINOS CIDACOS,,,S. .A.  100 GENERACION ZONA ESPAÑOLA RE Mercado Eólica,ENERGÍA,ESPAÑA,,,,,OMIE exact unit code,
IBEVD35,EOLICAS MOLINOS,RIOJA,,,S. .A.  100 GENERACION ZONA ESPAÑOLA RE Mercado Eólica,ENERGÍA,ESPAÑA,,,,,OMIE exact unit code,
IBEVD36,EOLICAS RENOVAB,LES RIOJA,,,S. .A.  100 GENERACION ZONA ESPAÑOLA RE Mercado Eólica,ENERGÍA,ESPAÑA,,,,,OMIE exact unit code,
IBEVD37,EOLICAS DESARRO,LLO RIOJA,,,S. .A.  100 GENERACION ZONA ESPAÑOLA RE Mercado Eólica,ENERGÍA,ESPAÑA,,,,,OMIE exact unit code,
IBEVD38,FV VELILLA,,,,S. .A.  100 GENERACION ZONA ESPAÑOLA RE Mercado Solar Foto,ENERGÍA,ESPAÑA,,,,,OMIE exact unit code,
IBEVD39,FV CAPARACENA,,,,S. .A.  100 GENERACION ZONA ESPAÑOLA RE Mercado Solar Foto,ENERGÍA,ESPAÑA,,,,,OMIE exact unit code,
IBEVD40,EOLICA EIBGECA,,,,S. .A.  100 GENERACION ZONA ESPAÑOLA RE Mercado Eólica,ENERGÍA,ESPAÑA,,,,,OMIE exact unit code,
IBEVD41,FOTOVOLTAICA FIB,GEMS,,,S. .A.  100 GENERACION ZONA ESPAÑOLA RE Mercado Solar Foto,ENERGÍA,ESPAÑA,,,,,OMIE exact unit code,
IBEVD42,FOTOVOLTAICA FIB,GT12,,,S. .A.  100 GENERACION ZONA ESPAÑOLA RE Mercado Solar Foto,ENERGÍA,ESPAÑA,,,,,OMIE exact unit code,
IBEVD43,FOTOVOLTAICA FIB,GT34,,,S. .A.  100 GENERACION ZONA ESPAÑOLA RE Mercado Solar Foto,ENERGÍA,ESPAÑA,,,,,OMIE exact unit code,
IBEVD44,FOTOVOLTAICA FIB,GEVI,,,S. .A.  100 GENERACION ZONA ESPAÑOLA RE Mercado Solar Foto,ENERGÍA,ESPAÑA,,,,,OMIE exact unit code,
IBEVD45,FOTOVOLTAICA FIB,GEPE,,,S. .A.  100 GENERACION ZONA ESPAÑOLA RE Mercado Solar Foto,ENERGÍA,ESPAÑA,,,,,OMIE exact unit code,
IBEVD46,FV CIUDAD RODRIG,O,,,S. .A.  100 GENERACION ZONA ESPAÑOLA RE Mercado Solar Foto,ENERGÍA,ESPAÑA,,,,,OMIE exact unit code,
IBEVD47,EOLICA PE VALDE,MORO,,,. 100 GENERACION ZONA ESPAÑOLA RE Mercado Eólica,RGÍA,ESPAÑA S..A,,,,,OMIE exact unit code,
IBEVD48,EOLICA PE NORG,ES,,,. 100 GENERACION ZONA ESPAÑOLA RE Mercado Eólica,RGÍA,ESPAÑA S..A,,,,,OMIE exact unit code,
IBEVD49,HIB FV ROMERAL,+ BAT,,,. 100 GENERACION ZONA ESPAÑOLA Híbrida Reno v.-Almacen,RGÍA,ESPAÑA S..A,,,,,OMIE exact unit code,
IBEVD50,HIB FV REVILLA +,BATERIA,,,. 100 GENERACION ZONA ESPAÑOLA Híbrida Reno v.-Almacen,RGÍA,ESPAÑA S..A,,,,,OMIE exact unit code,
IBEVD51,HIB FV OLMEDILL,A + BAT,,,. 100 GENERACION ZONA ESPAÑOLA Híbrida Reno v.-Almacen,RGÍA,ESPAÑA S..A,,,,,OMIE exact unit code,
IBEVD52,HIB FV ANDEVALO,+ BAT,,,. 100 GENERACION ZONA ESPAÑOLA Híbrida Reno v.-Almacen,RGÍA,ESPAÑA S..A,,,,,OMIE exact unit code,
IBEVD53,HIB FV ALZ + BAT,,,,. 100 GENERACION ZONA ESPAÑOLA Híbrida Reno v.-Almacen,RGÍA,ESPAÑA S..A,,,,,OMIE exact unit code,
IBEVD54,HIB FVALZII + BAT,,,,. 100 GENERACION ZONA ESPAÑOLA Híbrida Reno v.-Almacen,RGÍA,ESPAÑA S..A,,,,,OMIE exact unit code,
IBEVD55,UOF PE IGLESIAS,,,,. 100 GENERACION ZONA ESPAÑOLA RE Mercado Eólica,RGÍA,ESPAÑA S..A,,,,,OMIE exact unit code,
IBEVD56,UOF FV BALSICAS,,,,. 100 GENERACION ZONA ESPAÑOLA RE Mercado Solar Fotov,RGÍA,ESPAÑA S..A,,,,,OMIE exact unit code,
IBEVD57,FV CN COFRENTE,S,,,. 100 GENERACION ZONA ESPAÑOLA RE Mercado Solar Fotov,RGÍA,ESPAÑA S..A,,,,,OMIE exact unit code,
IBGEVD2,COGENERACIÓN,TARIFA,,,. 100 GENERACION ZONA ESPAÑOLA RE Mercado Térmica no,RGÍA,ESPAÑA S..A,,,,,OMIE exact unit code,
IBGEVD3,MINI HIDRAULICA,MAS DE 1 MW,,,. 100 GENERACION ZONA ESPAÑOLA RE Mercado Hidráulica,RGÍA,ESPAÑA S..A,,,,,OMIE exact unit code,
IBGEVD6,FOTOVOLTAICA N,O EXENTA,,,. 100 GENERACION ZONA ESPAÑOLA RE Mercado Solar Fotov,RGÍA,ESPAÑA S..A,,,,,OMIE exact unit code,
IBGEVD9,COGENERACIÓN,PETROLEO,,,. 100 GENERACION ZONA ESPAÑOLA RE Mercado Térmica no,RGÍA,ESPAÑA S..A,,,,,OMIE exact unit code,
ICUVD02,IBCUR RE 2,,,,"DE ÚLTIMO RECURSO, SAU 100 GENERACION ZONA ESPAÑOLA RE Mercado Eólica",OMER,CIALIZADOR,,,,,OMIE exact unit code,
ICUVD04,IBCUR RE 4,,,,"DE ÚLTIMO RECURSO, SAU 100 GENERACION ZONA ESPAÑOLA RE Mercado Solar Fotov",OMER,CIALIZADOR,,,,,OMIE exact unit code,
ICUVD05,IBCUR RE 5,,,,"DE ÚLTIMO RECURSO, SAU 100 GENERACION ZONA ESPAÑOLA RE Mercado Hidráulica",OMER,CIALIZADOR,,,,,OMIE exact unit code,
ICUVD06,IBCUR RE 6,,,,"DE ÚLTIMO RECURSO, SAU 100 GENERACION ZONA ESPAÑOLA RE Mercado Térmica Re",OMER,CIALIZADOR,,,,,OMIE exact unit code,
ICUVD07,IBCUR RE 7,,,,"DE ÚLTIMO RECURSO, SAU 100 GENERACION ZONA ESPAÑOLA RE Mercado Solar Térmi",OMER,CIALIZADOR,,,,,OMIE exact unit code,
ICUVD08,IBCUR RE 8,,,,"DE ÚLTIMO RECURSO, SAU 100 GENERACION ZONA ESPAÑOLA RE Mercado Térmica no",OMER,CIALIZADOR,,,,,OMIE exact unit code,
ICUVD09,IBCUR RE 9,,,,"DE ÚLTIMO RECURSO, SAU 100 GENERACION ZONA ESPAÑOLA RE Tar. CUR Eólica",OMER,CIALIZADOR,,,,,OMIE exact unit code,
ICUVD10,IBCUR RE 10,,,,"DE ÚLTIMO RECURSO, SAU 100 GENERACION ZONA ESPAÑOLA RE Tar. CUR Solar Foto",OMER,CIALIZADOR,,,,,OMIE exact unit code,
ICUVD11,IBCUR RE 11,,,,"DE ÚLTIMO RECURSO, SAU 100 GENERACION ZONA ESPAÑOLA RE Tar. CUR Hidráulica",OMER,CIALIZADOR,,,,,OMIE exact unit code,
ICUVD12,IBCUR RE 12,,,,"DE ÚLTIMO RECURSO, SAU 100 GENERACION ZONA ESPAÑOLA RE Tar. CUR Térmica R",OMER,CIALIZADOR,,,,,OMIE exact unit code,
ICUVD13,IBCUR RE 13,,,,"DE ÚLTIMO RECURSO, SAU 100 GENERACION ZONA ESPAÑOLA RE Tar. CUR Solar Térm",OMER,CIALIZADOR,,,,,OMIE exact unit code,
ICUVD14,IBCUR RE 14,,,,"DE ÚLTIMO RECURSO, SAU 100 GENERACION ZONA ESPAÑOLA RE Tar. CUR Térmica no",OMER,CIALIZADOR,,,,,OMIE exact unit code,
ICUVD17,ICUVD17,,,,"DE ÚLTIMO RECURSO, SAU 100 GENERACION ZONA ESPAÑOLA RE Mercado Geotérmica",OMER,CIALIZADOR,,,,,OMIE exact unit code,
ICUVD18,ICUVD18,,,,"DE ÚLTIMO RECURSO, SAU 100 GENERACION ZONA ESPAÑOLA RE Mercado Geotérmica",OMER,CIALIZADOR,,,,,OMIE exact unit code,
ICUVD19,IBCUR RE 19,,,,"DE ÚLTIMO RECURSO, SAU 100 GENERACION ZONA ESPAÑOLA RE Mercado Térmica no",OMER,CIALIZADOR,,,,,OMIE exact unit code,
ICUVD20,IBCUR RE 20,,,,"DE ÚLTIMO RECURSO, SAU 100 GENERACION ZONA ESPAÑOLA RE Mercado Térmica no",OMER,CIALIZADOR,,,,,OMIE exact unit code,
IGESV02,FOTOVOLTAICA P,ORTUGAL,,,. 100 GENERACION ZONA PORTUGUESA RE Tarifa CU R (uof),RGÍA,ESPAÑA S..A,,,,,OMIE exact unit code,
IGESV2,IB CLIENTES POR,TUGAL PRODUCTOR,,,", UNIPESSOAL, LDA 100 GENERACION ZONA PORTUGUESA RE Tarifa CU R (uof)",ENTES,PORTUGAL,,,,,OMIE exact unit code,
IGNIV02,VENTA PORTUGA,L,,, 100 GENERACION ZONA PORTUGUESA RE Tarifa CU R (uof),S.L.,,,,,,OMIE exact unit code,
IGNVD29,UOF XALLAS I,,,, 100 GENERACION ZONA ESPAÑOLA RE Mercado Hidráulica,S.L.,,,,,,OMIE exact unit code,
IGNVD30,UOF CH. CASTREL,O,,, 100 GENERACION ZONA ESPAÑOLA RE Mercado Hidráulica,S.L.,,,,,,OMIE exact unit code,
IGNVD31,UOF XALLAS II,,,, 100 GENERACION ZONA ESPAÑOLA RE Mercado Hidráulica,S.L.,,,,,,OMIE exact unit code,
IGNVD40,SOLAR FOTOVOL,TAICA NARANJILLAS,,, 100 GENERACION ZONA ESPAÑOLA RE Mercado Solar Fotov,S.L.,,,,,,OMIE exact unit code,
IGNVD41,PUERTOLLANO 5,,,, 100 GENERACION ZONA ESPAÑOLA RE Mercado Solar Fotov,S.L.,,,,,,OMIE exact unit code,
IGNVD42,PUERTOLLANO 6,,,, 100 GENERACION ZONA ESPAÑOLA RE Mercado Solar Fotov,S.L.,,,,,,OMIE exact unit code,
IGNVD43,PUERTOLLANO 7,,,, 100 GENERACION ZONA ESPAÑOLA RE Mercado Solar Fotov,S.L.,,,,,,OMIE exact unit code,
IGNVD44,PUERTOLLANO 8,,,, 100 GENERACION ZONA ESPAÑOLA RE Mercado Solar Fotov,S.L.,,,,,,OMIE exact unit code,
IGNVD45,PUERTOLLANO 9,,,, 100 GENERACION ZONA ESPAÑOLA RE Mercado Solar Fotov,S.L.,,,,,,OMIE exact unit code,
IGNVD46,UOF HIDRO AREN,OSO,,, 100 GENERACION ZONA ESPAÑOLA RE Mercado Hidráulica,S.L.,,,,,,OMIE exact unit code,
IGNVD47,UOF HIDRO BREÑ,A 2,,, 100 GENERACION ZONA ESPAÑOLA RE Mercado Hidráulica,S.L.,,,,,,OMIE exact unit code,
IGNVD48,UOF EDAR LAGAR,ES,,, 100 GENERACION ZONA ESPAÑOLA RE Mercado Térmica Re,S.L.,,,,,,OMIE exact unit code,
IGNVD49,UOF HIDRO PEÑA,DEL AGUILA,,, 100 GENERACION ZONA ESPAÑOLA RE Mercado Hidráulica,S.L.,,,,,,OMIE exact unit code,
IGNVD51,UOF HINOJOSA S,OLAR,,, 100 GENERACION ZONA ESPAÑOLA RE Mercado Solar Fotov,S.L.,,,,,,OMIE exact unit code,
IGNVD53,UOF SF CAMPANA,RIO 1,,, 100 GENERACION ZONA ESPAÑOLA RE Mercado Solar Fotov,S.L.,,,,,,OMIE exact unit code,
IGNVD54,UOF SF CAMPANA,RIO 3,,, 100 GENERACION ZONA ESPAÑOLA RE Mercado Solar Fotov,S.L.,,,,,,OMIE exact unit code,
IGNVD55,UOF SOLAR FOTO,VOLTAICA TORRIJO,,, 100 GENERACION ZONA ESPAÑOLA RE Mercado Solar Fotov,S.L.,,,,,,OMIE exact unit code,
IGNVD56,UOF CAMPANARI,O 2,,, 100 GENERACION ZONA ESPAÑOLA RE Mercado Solar Fotov,S.L.,,,,,,OMIE exact unit code,
IGNVD57,IGNIS 7,,,, 100 GENERACION ZONA ESPAÑOLA RE Mercado Solar Fotov,S.L.,,,,,,OMIE exact unit code,
IGNVD58,UOF BIEFFE MEDITAL,,,,100 GENERACION ZONA ESPAÑOLA RE Mercado Térmica no,ENERGIA,S.L.,,,,,OMIE exact unit code,
IGNVD59,UOF QUART,,,,100 GENERACION ZONA ESPAÑOLA RE Mercado Térmica no,ENERGIA,S.L.,,,,,OMIE exact unit code,
IGNVD60,UOF CAMPANARIO V,,,,100 GENERACION ZONA ESPAÑOLA RE Mercado Solar Fo tov,ENERGIA,S.L.,,,,,OMIE exact unit code,
IGNVD62,UOF SF ELAWAN CAM,PANARIO 4,,,100 GENERACION ZONA ESPAÑOLA RE Mercado Solar Fo tov,ENERGIA,S.L.,,,,,OMIE exact unit code,
IGNVD63,GALICIA VENTO,,,,100 GENERACION ZONA ESPAÑOLA RE Mercado Eólica ,ENERGIA,S.L.,,,,,OMIE exact unit code,
IGNVD64,MONTES DEL CIERZO,,,,100 GENERACION ZONA ESPAÑOLA RE Mercado Eólica ,ENERGIA,S.L.,,,,,OMIE exact unit code,
IGNVD65,AERO SUR,,,,100 GENERACION ZONA ESPAÑOLA RE Mercado Eólica ,ENERGIA,S.L.,,,,,OMIE exact unit code,
IGNVD66,MALPICA,,,,100 GENERACION ZONA ESPAÑOLA RE Mercado Eólica ,ENERGIA,S.L.,,,,,OMIE exact unit code,
IGNVD67,PARAMO DE POZA,,,,100 GENERACION ZONA ESPAÑOLA RE Mercado Eólica ,ENERGIA,S.L.,,,,,OMIE exact unit code,
IGNVD68,ECOFRENTES,,,,100 GENERACION ZONA ESPAÑOLA RE Mercado Eólica ,ENERGIA,S.L.,,,,,OMIE exact unit code,
IGNVD69,UOF PSF SUNPLEX,,,,100 GENERACION ZONA ESPAÑOLA RE Mercado Solar Fo tov,ENERGIA,S.L.,,,,,OMIE exact unit code,
IGNVD70,UOF PSF FOTOSFERA,,,,100 GENERACION ZONA ESPAÑOLA RE Mercado Solar Fo tov,ENERGIA,S.L.,,,,,OMIE exact unit code,
IGNVD71,UOF PSF KISSORO,,,,100 GENERACION ZONA ESPAÑOLA RE Mercado Solar Fo tov,ENERGIA,S.L.,,,,,OMIE exact unit code,
IGNVD73,PE FRONTONES,,,,100 GENERACION ZONA ESPAÑOLA RE Mercado Eólica ,ENERGIA,S.L.,,,,,OMIE exact unit code,
IGNVD74,PE FUENTE ALAMO,,,,100 GENERACION ZONA ESPAÑOLA RE Mercado Eólica ,ENERGIA,S.L.,,,,,OMIE exact unit code,
IGNVD75,PE DERRAMADOR,,,,100 GENERACION ZONA ESPAÑOLA RE Mercado Eólica ,ENERGIA,S.L.,,,,,OMIE exact unit code,
IGNVD78,PE CABEZA MESÁ,,,,100 GENERACION ZONA ESPAÑOLA RE Mercado Eólica ,ENERGIA,S.L.,,,,,OMIE exact unit code,
IGNVD79,PE BON VENT CORBE,RA,,,100 GENERACION ZONA ESPAÑOLA RE Mercado Eólica ,ENERGIA,S.L.,,,,,OMIE exact unit code,
IGNVD80,PE TORRE MADRINA,,,,100 GENERACION ZONA ESPAÑOLA RE Mercado Eólica ,ENERGIA,S.L.,,,,,OMIE exact unit code,
IGNVD81,PE COLL DEL MORO,,,,100 GENERACION ZONA ESPAÑOLA RE Mercado Eólica ,ENERGIA,S.L.,,,,,OMIE exact unit code,
IGNVD82,PE VILALBA DELS AR,CS,,,100 GENERACION ZONA ESPAÑOLA RE Mercado Eólica ,ENERGIA,S.L.,,,,,OMIE exact unit code,
IGNVD83,PSHUELVA21BRUC,,,,100 GENERACION ZONA ESPAÑOLA RE Mercado Solar Fo tov,ENERGIA,S.L.,,,,,OMIE exact unit code,
IGNVD97,EUROCAB FV1,,,,100 GENERACION ZONA ESPAÑOLA RE Mercado Solar Fo tov,ENERGIA,S.L.,,,,,OMIE exact unit code,
IGNVD98,SOLARES MENOS DE,1MW,,,100 GENERACION ZONA ESPAÑOLA RE Mercado Solar Fo tov,ENERGIA,S.L.,,,,,OMIE exact unit code,
IGNVD99,"ROLWIND HUELVA 1,",S.L.U.,,,100 GENERACION ZONA ESPAÑOLA RE Mercado Solar Fo tov,ENERGIA,S.L.,,,,,OMIE exact unit code,
IGVD100,"ROLWIND HUELVA 2,",S.L.U.,,,100 GENERACION ZONA ESPAÑOLA RE Mercado Solar Fo tov,ENERGIA,S.L.,,,,,OMIE exact unit code,
IGVD101,"ROLWIND HUELVA 3,",S.L.U.,,,100 GENERACION ZONA ESPAÑOLA RE Mercado Solar Fo tov,ENERGIA,S.L.,,,,,OMIE exact unit code,
IGVD105,UOF POWER ELECTR,ONICS,,,100 GENERACION ZONA ESPAÑOLA RE Mercado Solar Fo tov,ENERGIA,S.L.,,,,,OMIE exact unit code,
IGVD106,MUNERA I,,,,100 GENERACION ZONA ESPAÑOLA RE Mercado Eólica ,ENERGIA,S.L.,,,,,OMIE exact unit code,
IGVD107,LA DEHESICA,,,,100 GENERACION ZONA ESPAÑOLA RE Mercado Eólica ,ENERGIA,S.L.,,,,,OMIE exact unit code,
IGVD108,LA NAVICA,,,,100 GENERACION ZONA ESPAÑOLA RE Mercado Eólica ,ENERGIA,S.L.,,,,,OMIE exact unit code,
IGVD109,PE ALFOZ,,,,100 GENERACION ZONA ESPAÑOLA RE Mercado Eólica ,ENERGIA,S.L.,,,,,OMIE exact unit code,
IGVD110,VILALBA,,,,100 GENERACION ZONA ESPAÑOLA RE Mercado Eólica ,ENERGIA,S.L.,,,,,OMIE exact unit code,
IGVD111,LA FATARELLA,,,,100 GENERACION ZONA ESPAÑOLA RE Mercado Eólica ,ENERGIA,S.L.,,,,,OMIE exact unit code,
IGVD112,CERROS DE RADONA,,,,100 GENERACION ZONA ESPAÑOLA RE Mercado Eólica ,ENERGIA,S.L.,,,,,OMIE exact unit code,
IGVD113,EL BERROCAL,,,,100 GENERACION ZONA ESPAÑOLA RE Mercado Solar Fo tov,ENERGIA,S.L.,,,,,OMIE exact unit code,
IGVD117,UOF TOSCANO SOLA,R,,,100 GENERACION ZONA ESPAÑOLA RE Mercado Solar Fo tov,ENERGIA,S.L.,,,,,OMIE exact unit code,
IGVD118,UOF VALDENEBRO,,,,100 GENERACION ZONA ESPAÑOLA RE Mercado Solar Fo tov,ENERGIA,S.L.,,,,,OMIE exact unit code,
IGVD126,UOF ESQUEDAS,,,,100 GENERACION ZONA ESPAÑOLA RE Mercado Solar Fo tov,ENERGIA,S.L.,,,,,OMIE exact unit code,
IGVD127,UOF ALTOS LUBIA,,,,100 GENERACION ZONA ESPAÑOLA RE Mercado Solar Fo tov,ENERGIA,S.L.,,,,,OMIE exact unit code,
IGVD129,"MOLINOS DEL EBRO,",S.A.,,,100 GENERACION ZONA ESPAÑOLA RE Mercado Eólica ,ENERGIA,S.L.,,,,,OMIE exact unit code,
IGVD130,MOLINOS DEL JALÓN,", S.A.",,,100 GENERACION ZONA ESPAÑOLA RE Mercado Eólica ,ENERGIA,S.L.,,,,,OMIE exact unit code,
IGVD131,MOLINOS DEL MONC,"AYO, S.L.",,,100 GENERACION ZONA ESPAÑOLA RE Mercado Eólica ,ENERGIA,S.L.,,,,,OMIE exact unit code,
IGVD132,RENOVABLES SAMCA,S.A.,,,100 GENERACION ZONA ESPAÑOLA RE Mercado Solar Té rm,ENERGIA,S.L.,,,,,OMIE exact unit code,
IGVD133,"MONEGROS SOLAR,",S.A.,,,100 GENERACION ZONA ESPAÑOLA RE Mercado Solar Fo tov,ENERGIA,S.L.,,,,,OMIE exact unit code,
IGVD134,"BRILEN, S.A.",,,,100 GENERACION ZONA ESPAÑOLA RE Mercado Térmica no,ENERGIA,S.L.,,,,,OMIE exact unit code,
IGVD135,COGENERACIÓN MAD,ERUELO (MYTA),,,100 GENERACION ZONA ESPAÑOLA RE Mercado Térmica no,ENERGIA,S.L.,,,,,OMIE exact unit code,
IGVD136,"EUROARCE MINERÍA,",S.A.,,,100 GENERACION ZONA ESPAÑOLA Híbrida Reno v.-Térmi ca,ENERGIA,S.L.,,,,,OMIE exact unit code,
IGVD137,MINERA DE SANTA M,"ARTA, S.A.",,,100 GENERACION ZONA ESPAÑOLA RE Mercado Térmica no,ENERGIA,S.L.,,,,,OMIE exact unit code,
IGVD138,COGENERACIÓN OND,A,,,100 GENERACION ZONA ESPAÑOLA RE Mercado Térmica no,ENERGIA,S.L.,,,,,OMIE exact unit code,
IGVD139,COGENERACIÓN OND,A 1,,,100 GENERACION ZONA ESPAÑOLA RE Mercado Térmica no,ENERGIA,S.L.,,,,,OMIE exact unit code,
IGVD140,COGENERACIÓN NUE,VAS ATOMIZADAS,,,100 GENERACION ZONA ESPAÑOLA RE Mercado Térmica no,ENERGIA,S.L.,,,,,OMIE exact unit code,
IGVD141,COGENERACIÓN C,ONVA,,,100 GENERACION ZONA ESPAÑOLA RE Mercado Térmica n,ENERGIA,S.L.,,,,,OMIE exact unit code,
IGVD142,FV TRUJILLO,,,,100 GENERACION ZONA ESPAÑOLA RE Mercado Solar Foto,ENERGIA,S.L.,,,,,OMIE exact unit code,
IGVD146,UOF DON RODRIG,O II,,,100 GENERACION ZONA ESPAÑOLA RE Mercado Solar Foto,ENERGIA,S.L.,,,,,OMIE exact unit code,
IGVD147,UOF FV ELVISA,,,,100 GENERACION ZONA ESPAÑOLA RE Mercado Solar Foto,ENERGIA,S.L.,,,,,OMIE exact unit code,
IGVD148,ARENOSAS,,,,100 GENERACION ZONA ESPAÑOLA RE Mercado Solar Foto,ENERGIA,S.L.,,,,,OMIE exact unit code,
IGVD149,MALABRIGO,,,,100 GENERACION ZONA ESPAÑOLA RE Mercado Solar Foto,ENERGIA,S.L.,,,,,OMIE exact unit code,
IGVD150,EL YARTE,,,,100 GENERACION ZONA ESPAÑOLA RE Mercado Solar Foto,ENERGIA,S.L.,,,,,OMIE exact unit code,
IGVD151,LA GUITA,,,,100 GENERACION ZONA ESPAÑOLA RE Mercado Solar Foto,ENERGIA,S.L.,,,,,OMIE exact unit code,
IGVD153,UOF RENOVABLES,"DEL CIERZO, S.L",,,100 GENERACION ZONA ESPAÑOLA RE Mercado Eólica,ENERGIA,S.L.,,,,,OMIE exact unit code,
IGVD154,UOF OUTES-BARR,IGO-SMBARDA,,,100 GENERACION ZONA ESPAÑOLA RE Mercado Eólica,ENERGIA,S.L.,,,,,OMIE exact unit code,
IGVD156,UOF VALDOMPER,E MDO SUB 1,,,100 GENERACION ZONA ESPAÑOLA RE Mercado Solar Foto,ENERGIA,S.L.,,,,,OMIE exact unit code,
IGVD157,UOF VALDOMPER,E MDO SUB 2,,,100 GENERACION ZONA ESPAÑOLA RE Mercado Solar Foto,ENERGIA,S.L.,,,,,OMIE exact unit code,
IGVD158,UOF VALDOMPER,E MDO SUB 3,,,100 GENERACION ZONA ESPAÑOLA RE Mercado Solar Foto,ENERGIA,S.L.,,,,,OMIE exact unit code,
IGVD160,UOF TORRIJOS I,,,,100 GENERACION ZONA ESPAÑOLA RE Mercado Solar Foto,ENERGIA,S.L.,,,,,OMIE exact unit code,
IGVD161,UOF BELINCHON I,,,,100 GENERACION ZONA ESPAÑOLA RE Mercado Solar Foto,ENERGIA,S.L.,,,,,OMIE exact unit code,
IGVD162,UOF ESCUDEROS,IV,,,100 GENERACION ZONA ESPAÑOLA RE Mercado Solar Foto,ENERGIA,S.L.,,,,,OMIE exact unit code,
IGVD165,UOF SAN MARCOS,II (PE NAVARRA),,,100 GENERACION ZONA ESPAÑOLA RE Mercado Eólica,ENERGIA,S.L.,,,,,OMIE exact unit code,
IGVD166,UP GENERICA IGN,IS HIDRAULICA,,,100 GENERACION ZONA ESPAÑOLA RE Mercado Hidráulica,ENERGIA,S.L.,,,,,OMIE exact unit code,
IGVD168,UOF SF MILANO,,,,100 GENERACION ZONA ESPAÑOLA RE Mercado Solar Foto,ENERGIA,S.L.,,,,,OMIE exact unit code,
IGVD169,UOF SF GUADACA,NO,,,100 GENERACION ZONA ESPAÑOLA RE Mercado Solar Foto,ENERGIA,S.L.,,,,,OMIE exact unit code,
IGVD170,FV SALINETES I,,,,100 GENERACION ZONA ESPAÑOLA RE Mercado Solar Foto,ENERGIA,S.L.,,,,,OMIE exact unit code,
IGVD172,UOF FV LAS ARRO,YADAS,,,100 GENERACION ZONA ESPAÑOLA RE Mercado Solar Foto,ENERGIA,S.L.,,,,,OMIE exact unit code,
IGVD173,UOF PFV TALAFIZA,I,,,100 GENERACION ZONA ESPAÑOLA RE Mercado Solar Foto,ENERGIA,S.L.,,,,,OMIE exact unit code,
IGVD174,UOF VISCOFAN,,,,100 GENERACION ZONA ESPAÑOLA RE Mercado Térmica n,ENERGIA,S.L.,,,,,OMIE exact unit code,
IGVD175,UOF MUGAI,,,,100 GENERACION ZONA ESPAÑOLA RE Mercado Eólica,ENERGIA,S.L.,,,,,OMIE exact unit code,
IGVD176,UOF MUGA2,,,,100 GENERACION ZONA ESPAÑOLA RE Mercado Eólica,ENERGIA,S.L.,,,,,OMIE exact unit code,
IGVD177,UOF MUGA3,,,,100 GENERACION ZONA ESPAÑOLA RE Mercado Eólica,ENERGIA,S.L.,,,,,OMIE exact unit code,
IGVD178,UOF GINES,,,,100 GENERACION ZONA ESPAÑOLA RE Mercado Eólica,ENERGIA,S.L.,,,,,OMIE exact unit code,
IGVD179,UOF CABEZ,,,,100 GENERACION ZONA ESPAÑOLA RE Mercado Eólica,ENERGIA,S.L.,,,,,OMIE exact unit code,
IGVD180,UOF PORTI,,,,100 GENERACION ZONA ESPAÑOLA RE Mercado Eólica,ENERGIA,S.L.,,,,,OMIE exact unit code,
IGVD181,UOF VIRGE,,,,100 GENERACION ZONA ESPAÑOLA RE Mercado Eólica,ENERGIA,S.L.,,,,,OMIE exact unit code,
IGVD182,UOF VIRG2,,,,100 GENERACION ZONA ESPAÑOLA RE Mercado Eólica,ENERGIA,S.L.,,,,,OMIE exact unit code,
IGVD183,UOF MAJAS,,,,100 GENERACION ZONA ESPAÑOLA RE Mercado Eólica,ENERGIA,S.L.,,,,,OMIE exact unit code,
IGVD184,UOF FV ESCUDER,OS I,,,100 GENERACION ZONA ESPAÑOLA RE Mercado Solar Foto,ENERGIA,S.L.,,,,,OMIE exact unit code,
IGVD185,UOF PSF ELAWAN,BELINCHON 2,,,100 GENERACION ZONA ESPAÑOLA RE Mercado Solar Foto,ENERGIA,S.L.,,,,,OMIE exact unit code,
IGVD186,UOF ELAWAN BELI,NCHON III,,,100 GENERACION ZONA ESPAÑOLA RE Mercado Solar Foto,ENERGIA,S.L.,,,,,OMIE exact unit code,
IGVD187,UOF FV ELAWAN M,ANZANARES I,,,100 GENERACION ZONA ESPAÑOLA RE Mercado Solar Foto,ENERGIA,S.L.,,,,,OMIE exact unit code,
IGVD188,UOF ESCUDEROS,2,,,100 GENERACION ZONA ESPAÑOLA RE Mercado Solar Foto,ENERGIA,S.L.,,,,,OMIE exact unit code,
IGVD189,UOF ESCUDEROS,3,,,100 GENERACION ZONA ESPAÑOLA RE Mercado Solar Foto,ENERGIA,S.L.,,,,,OMIE exact unit code,
IGVD190,UOF ESCUDEROS,5,,,100 GENERACION ZONA ESPAÑOLA RE Mercado Solar Foto,ENERGIA,S.L.,,,,,OMIE exact unit code,
IGVD191,UOF FV ALHENDIN,I,,,100 GENERACION ZONA ESPAÑOLA RE Mercado Solar Foto,ENERGIA,S.L.,,,,,OMIE exact unit code,
IGVD192,UOF FV ALHENDIN,II,,,100 GENERACION ZONA ESPAÑOLA RE Mercado Solar Foto,ENERGIA,S.L.,,,,,OMIE exact unit code,
IGVD193,UOF FV ALHENDIN,III,,,100 GENERACION ZONA ESPAÑOLA RE Mercado Solar Foto,ENERGIA,S.L.,,,,,OMIE exact unit code,
IGVD194,UOF PSFV PICÓN,,,,100 GENERACION ZONA ESPAÑOLA RE Mercado Solar Foto,ENERGIA,S.L.,,,,,OMIE exact unit code,
IGVD195,UOF CÁCERES 202,3,,,100 GENERACION ZONA ESPAÑOLA RE Mercado Solar Foto,ENERGIA,S.L.,,,,,OMIE exact unit code,
IGVD196,UOF SAN SERVÁN,2021,,,100 GENERACION ZONA ESPAÑOLA RE Mercado Solar Foto,ENERGIA,S.L.,,,,,OMIE exact unit code,
IGVD197,UOF PE ANDELLA,,,,100 GENERACION ZONA ESPAÑOLA RE Mercado Eólica,ENERGIA,S.L.,,,,,OMIE exact unit code,
IGVD198,UOF CF ACAMPO E,STREN 11498,,,100 GENERACION ZONA ESPAÑOLA RE Mercado Solar Foto,ENERGIA,S.L.,,,,,OMIE exact unit code,
IGVD199,UOF AIRPORT (MA,TRIX),,,100 GENERACION ZONA ESPAÑOLA RE Mercado Solar Foto,ENERGIA,S.L.,,,,,OMIE exact unit code,
IGVD200,CACERES 1,,,,100 GENERACION ZONA ESPAÑOLA RE Mercado Solar Foto,ENERGIA,S.L.,,,,,OMIE exact unit code,
IGVD201,CACERES 2,,,,100 GENERACION ZONA ESPAÑOLA RE Mercado Solar Foto,ENERGIA,S.L.,,,,,OMIE exact unit code,
IGVD202,AGUASVIVAS,,,,100 GENERACION ZONA ESPAÑOLA RE Mercado Solar Foto,ENERGIA,S.L.,,,,,OMIE exact unit code,
IGVD204,UOD PE INIESTA,,,,100 GENERACION ZONA ESPAÑOLA RE Mercado Eólica,ENERGIA,S.L.,,,,,OMIE exact unit code,
IGVD205,UOF LOS MACHOS,,,,100 GENERACION ZONA ESPAÑOLA RE Mercado Solar Foto,ENERGIA,S.L.,,,,,OMIE exact unit code,
IGVD206,UOF MANZTIERRA,I,,,100 GENERACION ZONA ESPAÑOLA RE Mercado Solar Foto,ENERGIA,S.L.,,,,,OMIE exact unit code,
IGVD207,UOF BRAZOINVES,I,,,100 GENERACION ZONA ESPAÑOLA RE Mercado Solar Foto,ENERGIA,S.L.,,,,,OMIE exact unit code,
IGVD208,UOF EL CUCO,,,,100 GENERACION ZONA ESPAÑOLA RE Mercado Solar Foto,ENERGIA,S.L.,,,,,OMIE exact unit code,
IGVD209,UOF CIERZO,IGNIS,,,GENERACION ZONA ESPAÑOLA RE Mercado Solar Fo,S.L.,100,,,,,OMIE exact unit code,
IGVD210,UOF GUARDIAN,IGNIS,,,GENERACION ZONA ESPAÑOLA RE Mercado Solar Fo,S.L.,100,,,,,OMIE exact unit code,
IGVD211,UOF ARCHOI,IGNIS,,,GENERACION ZONA ESPAÑOLA RE Mercado Solar Fo,S.L.,100,,,,,OMIE exact unit code,
IGVD212,UOF ARCHO II,IGNIS,,,GENERACION ZONA ESPAÑOLA RE Mercado Solar Fo,S.L.,100,,,,,OMIE exact unit code,
IGVD213,UOF BRAZATORTAS,IGNIS,,,GENERACION ZONA ESPAÑOLA RE Mercado Solar Fo,S.L.,100,,,,,OMIE exact unit code,
IGVD214,UOF GARNACHA,IGNIS,,,GENERACION ZONA ESPAÑOLA RE Mercado Solar Fo,S.L.,100,,,,,OMIE exact unit code,
IGVD215,UOF TREVAGO 1,IGNIS,,,GENERACION ZONA ESPAÑOLA RE Mercado Solar Fo,S.L.,100,,,,,OMIE exact unit code,
IGVD216,UOF TREVAGO 2,IGNIS,,,GENERACION ZONA ESPAÑOLA RE Mercado Solar Fo,S.L.,100,,,,,OMIE exact unit code,
IGVD217,UOF VENATOR,IGNIS,,,GENERACION ZONA ESPAÑOLA RE Mercado Térmica,S.L.,100,,,,,OMIE exact unit code,
IGVD218,UOFCORAC-CORACHA,IGNIS,,,GENERACION ZONA ESPAÑOLA RE Mercado Solar Fo,S.L.,100,,,,,OMIE exact unit code,
IGVD219,UOFCIMER-CIMERA,IGNIS,,,GENERACION ZONA ESPAÑOLA RE Mercado Solar Fo,S.L.,100,,,,,OMIE exact unit code,
IGVD220,UOFALAMB-ALAMBOR,IGNIS,,,GENERACION ZONA ESPAÑOLA RE Mercado Solar Fo,S.L.,100,,,,,OMIE exact unit code,
IGVD221,UOFLUZ8-ALTER ENERSUN,IGNIS,,,GENERACION ZONA ESPAÑOLA RE Mercado Solar Fo,S.L.,100,,,,,OMIE exact unit code,
IGVD222,UOFLUZ1-ALTER ENERSUN,IGNIS,,,GENERACION ZONA ESPAÑOLA RE Mercado Solar Fo,S.L.,100,,,,,OMIE exact unit code,
IGVD223,UOFLUZ2-ALTER ENERSUN,IGNIS,,,GENERACION ZONA ESPAÑOLA RE Mercado Solar Fo,S.L.,100,,,,,OMIE exact unit code,
IGVD224,UOFLUZ4-ALTER ENERSUN,IGNIS,,,GENERACION ZONA ESPAÑOLA RE Mercado Solar Fo,S.L.,100,,,,,OMIE exact unit code,
IGVD225,UOFLUZ3-ALTER ENERSUN,IGNIS,,,GENERACION ZONA ESPAÑOLA RE Mercado Solar Fo,S.L.,100,,,,,OMIE exact unit code,
IGVD226,UOFLUZ5-ALTER ENERSUN,IGNIS,,,GENERACION ZONA ESPAÑOLA RE Mercado Solar Fo,S.L.,100,,,,,OMIE exact unit code,
IGVD227,UOFLUZ6-ALTER ENERSUN,IGNIS,,,GENERACION ZONA ESPAÑOLA RE Mercado Solar Fo,S.L.,100,,,,,OMIE exact unit code,
IGVD228,UOFLUZ7-ALTER ENERSUN,IGNIS,,,GENERACION ZONA ESPAÑOLA RE Mercado Solar Fo,S.L.,100,,,,,OMIE exact unit code,
IGVD229,UOFCER-EL CERRO,IGNIS,,,GENERACION ZONA ESPAÑOLA RE Mercado Solar Fo,S.L.,100,,,,,OMIE exact unit code,
IGVD230,UOF PSF BARRANQUILLA,IGNIS,,,GENERACION ZONA ESPAÑOLA RE Mercado Solar Fo,S.L.,100,,,,,OMIE exact unit code,
IGVD231,PARQUE EOLICO CERNEGULA,IGNIS,,,GENERACION ZONA ESPAÑOLA RE Mercado Eólica,S.L.,100,,,,,OMIE exact unit code,
IGVD232,PSF VALLE DEL SOL,IGNIS,,,GENERACION ZONA ESPAÑOLA RE Mercado Solar Fo,S.L.,100,,,,,OMIE exact unit code,
IGVD233,UOF ALMANSOL,IGNIS,,,GENERACION ZONA ESPAÑOLA RE Mercado Solar Fo,S.L.,100,,,,,OMIE exact unit code,
IGVD234,UOF TABERNAS,IGNIS,,,GENERACION ZONA ESPAÑOLA RE Mercado Solar Fo,S.L.,100,,,,,OMIE exact unit code,
IGVD235,UOF CASTAÑO SOLAR,IGNIS,,,GENERACION ZONA ESPAÑOLA RE Mercado Solar Fo,S.L.,100,,,,,OMIE exact unit code,
IGVD236,UOF SERBAL SOLAR,IGNIS,,,GENERACION ZONA ESPAÑOLA RE Mercado Solar Fo,S.L.,100,,,,,OMIE exact unit code,
IGVD237,SALINETES II,IGNIS,,,GENERACION ZONA ESPAÑOLA RE Mercado Solar Fo,S.L.,100,,,,,OMIE exact unit code,
IGVD238,REBENTO,IGNIS,,,GENERACION ZONA ESPAÑOLA RE Mercado Solar Fo,S.L.,100,,,,,OMIE exact unit code,
IGVD239,UOFPATO,IGNIS,,,GENERACION ZONA ESPAÑOLA RE Mercado Solar Fo,S.L.,100,,,,,OMIE exact unit code,
IGVD240,UOFBAOB,IGNIS,,,GENERACION ZONA ESPAÑOLA RE Mercado Solar Fo,S.L.,100,,,,,OMIE exact unit code,
IGVD241,UOFCOV2,IGNIS,,,GENERACION ZONA ESPAÑOLA RE Mercado Solar Fo,S.L.,100,,,,,OMIE exact unit code,
IGVD242,UOFCOV3,IGNIS,,,GENERACION ZONA ESPAÑOLA RE Mercado Solar Fo,S.L.,100,,,,,OMIE exact unit code,
IGVD243,UOFCOV4,IGNIS,,,GENERACION ZONA ESPAÑOLA RE Mercado Solar Fo,S.L.,100,,,,,OMIE exact unit code,
IGVD244,UOF GAZULES I,IGNIS,,,GENERACION ZONA ESPAÑOLA RE Mercado Solar Fo,S.L.,100,,,,,OMIE exact unit code,
IGVD245,UOF GAZULES II,IGNIS,,,GENERACION ZONA ESPAÑOLA RE Mercado Solar Fo,S.L.,100,,,,,OMIE exact unit code,
IGVD246,PE SOLIEDRA,IGNIS,,,GENERACION ZONA ESPAÑOLA RE Mercado Eólica,S.L.,100,,,,,OMIE exact unit code,
IGVD247,PS TORRUBIA,IGNIS,,,GENERACION ZONA ESPAÑOLA RE Mercado Solar Fo,S.L.,100,,,,,OMIE exact unit code,
IGVD248,PEPINO 3,IGNIS,,,GENERACION ZONA ESPAÑOLA RE Mercado Solar Fo,S.L.,100,,,,,OMIE exact unit code,
IGVD249,EMBUTIDOS RODRIGUEZ,IGNIS,,,GENERACION ZONA ESPAÑOLA RE Mercado Térmica,S.L.,100,,,,,OMIE exact unit code,
IGVD250,RENOPOOL,IGNIS,,,GENERACION ZONA ESPAÑOLA RE Mercado Solar Fo,S.L.,100,,,,,OMIE exact unit code,
IGVD251,FV ERESMA SOLAR,IGNIS,,,GENERACION ZONA ESPAÑOLA RE Mercado Solar Fo,S.L.,100,,,,,OMIE exact unit code,
IGVD252,CS BADAJOZ 2,IGNIS,,,GENERACION ZONA ESPAÑOLA RE Mercado Solar Fo,S.L.,100,,,,,OMIE exact unit code,
IGVD253,CS BADAJOZ 4,IGNIS,,,GENERACION ZONA ESPAÑOLA RE Mercado Solar Fo,S.L.,100,,,,,OMIE exact unit code,
IGVD254,GERENA II,IGNIS,,,GENERACION ZONA ESPAÑOLA RE Mercado Solar Fo,S.L.,100,,,,,OMIE exact unit code,
IGVD255,UOF CHAMORRO,IGNIS,,,GENERACION ZONA ESPAÑOLA RE Mercado Solar Fo,S.L.,100,,,,,OMIE exact unit code,
IGVD256,PFV LA GUARDIA,IGNIS,,,GENERACION ZONA ESPAÑOLA RE Mercado Solar Fo,S.L.,100,,,,,OMIE exact unit code,
IGVD257,UOF TORRIJOS RJE,IGNIS,,,GENERACION ZONA ESPAÑOLA RE Mercado Solar Fo,S.L.,100,,,,,OMIE exact unit code,
IGVD258,UOF SOCOVOS,IGNIS,,,GENERACION ZONA ESPAÑOLA RE Mercado Solar Fo,S.L.,100,,,,,OMIE exact unit code,
IGVD259,UOF ALCALA GUADAIRA 1,IGNIS,,,GENERACION ZONA ESPAÑOLA RE Mercado Solar Fo,S.L.,100,,,,,OMIE exact unit code,
IGVD260,UOF ALCALA GUADAIRA 2,IGNIS,,,GENERACION ZONA ESPAÑOLA RE Mercado Solar Fo,S.L.,100,,,,,OMIE exact unit code,
IGVD261,UOF FV ALMENDRO SOLAR,IGNIS,,,GENERACION ZONA ESPAÑOLA RE Mercado Solar Fo,S.L.,100,,,,,OMIE exact unit code,
IGVD262,UOF RETAMA SOLAR,IGNIS,,,GENERACION ZONA ESPAÑOLA RE Mercado Solar Fo,S.L.,100,,,,,OMIE exact unit code,
IGVD263,UOF KENIA 1,IGNIS,,,GENERACION ZONA ESPAÑOLA RE Mercado Solar Fo,S.L.,100,,,,,OMIE exact unit code,
IGVD264,UOF KENIA 2,IGNIS,,,GENERACION ZONA ESPAÑOLA RE Mercado Solar Fo,S.L.,100,,,,,OMIE exact unit code,
IGVD265,UOF KENIA 3,IGNIS,,,GENERACION ZONA ESPAÑOLA RE Mercado Solar Fo,S.L.,100,,,,,OMIE exact unit code,
IGVD266,UOF KENIA 4,,,,L.   100 GENERACION ZONA ESPAÑOLA RE Mercado Solar Foto,IGNIS ENERGIA,S.,,,,,OMIE exact unit code,
IGVD267,UOF ADELFA SOLA,R,,,L.   100 GENERACION ZONA ESPAÑOLA RE Mercado Solar Foto,IGNIS ENERGIA,S.,,,,,OMIE exact unit code,
IGVD268,EBRO HIBRIDADA,,,,L.   100 GENERACION ZONA ESPAÑOLA Híbrida Reno vable,IGNIS ENERGIA,S.,,,,,OMIE exact unit code,
IGVD269,UOF CS BADAJOZ 1,,,,L.   100 GENERACION ZONA ESPAÑOLA RE Mercado Solar Foto,IGNIS ENERGIA,S.,,,,,OMIE exact unit code,
IGVD270,UOF CS BADAJOZ 6,,,,L.   100 GENERACION ZONA ESPAÑOLA RE Mercado Solar Foto,IGNIS ENERGIA,S.,,,,,OMIE exact unit code,
IGVD271,UOF BADAJOZ 3,,,,L.   100 GENERACION ZONA ESPAÑOLA RE Mercado Solar Foto,IGNIS ENERGIA,S.,,,,,OMIE exact unit code,
IGVD272,UOF BADAJOZ 5,,,,L.   100 GENERACION ZONA ESPAÑOLA RE Mercado Solar Foto,IGNIS ENERGIA,S.,,,,,OMIE exact unit code,
IGVD273,UOF XALLAS III,,,,L.   100 GENERACION ZONA ESPAÑOLA RE Mercado Hidráulica,IGNIS ENERGIA,S.,,,,,OMIE exact unit code,
IGVD274,FV ELAWAN ESCAT,RON,,,L.   100 GENERACION ZONA ESPAÑOLA RE Mercado Solar Foto,IGNIS ENERGIA,S.,,,,,OMIE exact unit code,
IGVD275,FV ELAWAN ESCAT,RON,,,L.   100 GENERACION ZONA ESPAÑOLA RE Mercado Solar Foto,IGNIS ENERGIA,S.,,,,,OMIE exact unit code,
IGVD276,FV ELAWAN ESCAT,RON,,,L.   100 GENERACION ZONA ESPAÑOLA RE Mercado Solar Foto,IGNIS ENERGIA,S.,,,,,OMIE exact unit code,
IGVD277,UOF RUEDA 3,,,,L.   100 GENERACION ZONA ESPAÑOLA RE Mercado Eólica,IGNIS ENERGIA,S.,,,,,OMIE exact unit code,
IGVD278,UOF RUEDA SOLAR,1,,,L.   100 GENERACION ZONA ESPAÑOLA RE Mercado Solar Foto,IGNIS ENERGIA,S.,,,,,OMIE exact unit code,
IGVD279,UOF RUEDA SOLAR,2,,,L.   100 GENERACION ZONA ESPAÑOLA RE Mercado Solar Foto,IGNIS ENERGIA,S.,,,,,OMIE exact unit code,
IGVD280,UOF SALGUERO,,,,L.   100 GENERACION ZONA ESPAÑOLA RE Mercado Eólica,IGNIS ENERGIA,S.,,,,,OMIE exact unit code,
IGVD281,UOF MONTE BECER,RIL,,,L.   100 GENERACION ZONA ESPAÑOLA RE Mercado Eólica,IGNIS ENERGIA,S.,,,,,OMIE exact unit code,
IGVD282,UOF BALUARTE,,,,L.   100 GENERACION ZONA ESPAÑOLA RE Mercado Solar Foto,IGNIS ENERGIA,S.,,,,,OMIE exact unit code,
IGVD283,UOF BOMBARDA,,,,L.   100 GENERACION ZONA ESPAÑOLA RE Mercado Solar Foto,IGNIS ENERGIA,S.,,,,,OMIE exact unit code,
IGVD284,UOF PE MIRAVETE,,,,L.   100 GENERACION ZONA ESPAÑOLA RE Mercado Eólica,IGNIS ENERGIA,S.,,,,,OMIE exact unit code,
IGVD285,UOF CARBESO SOL,AR,,,L.   100 GENERACION ZONA ESPAÑOLA RE Mercado Solar Foto,IGNIS ENERGIA,S.,,,,,OMIE exact unit code,
IGVD286,UOF CRUZ DE LOS,CAMI,,,L.   100 GENERACION ZONA ESPAÑOLA RE Mercado Solar Foto,IGNIS ENERGIA,S.,,,,,OMIE exact unit code,
IGVD287,UOF PIEDRA DE LA,SAL,,,L.   100 GENERACION ZONA ESPAÑOLA RE Mercado Solar Foto,IGNIS ENERGIA,S.,,,,,OMIE exact unit code,
IGVD288,UOF CASILLA SOLA,R,,,L.   100 GENERACION ZONA ESPAÑOLA RE Mercado Solar Foto,IGNIS ENERGIA,S.,,,,,OMIE exact unit code,
IGVD289,UOF PIZANA SOLAR,,,,L.   100 GENERACION ZONA ESPAÑOLA RE Mercado Solar Foto,IGNIS ENERGIA,S.,,,,,OMIE exact unit code,
IGVD290,UOF JILGUERO SO,LAR,,,L.   100 GENERACION ZONA ESPAÑOLA RE Mercado Solar Foto,IGNIS ENERGIA,S.,,,,,OMIE exact unit code,
IGVD291,UOF RASCON SOLA,R,,,L.   100 GENERACION ZONA ESPAÑOLA RE Mercado Solar Foto,IGNIS ENERGIA,S.,,,,,OMIE exact unit code,
IGVD292,UOF LA DEHESA,,,,L.   100 GENERACION ZONA ESPAÑOLA RE Mercado Solar Tér,IGNIS ENERGIA,S.,,,,,OMIE exact unit code,
IGVD293,UOF RUEDA WIND 1,,,,L.   100 GENERACION ZONA ESPAÑOLA RE Mercado Eólica,IGNIS ENERGIA,S.,,,,,OMIE exact unit code,
IGVD294,UOF RUEDA WIND 2,,,,L.   100 GENERACION ZONA ESPAÑOLA RE Mercado Eólica,IGNIS ENERGIA,S.,,,,,OMIE exact unit code,
IGVD295,UOF JEREZ 2020,,,,L.   100 GENERACION ZONA ESPAÑOLA RE Mercado Solar Foto,IGNIS ENERGIA,S.,,,,,OMIE exact unit code,
IGVD296,UOF ALCONCHEL 2,020.2,,,L.   100 GENERACION ZONA ESPAÑOLA RE Mercado Solar Foto,IGNIS ENERGIA,S.,,,,,OMIE exact unit code,
IGVD297,ALCONCHEL 2020,,,,L.   100 GENERACION ZONA ESPAÑOLA RE Mercado Solar Foto,IGNIS ENERGIA,S.,,,,,OMIE exact unit code,
IGVD298,UOF ALCONCHEL 2,021,,,L.   100 GENERACION ZONA ESPAÑOLA RE Mercado Solar Foto,IGNIS ENERGIA,S.,,,,,OMIE exact unit code,
IGVD299,UOF XALLAS IV,,,,L.   100 GENERACION ZONA ESPAÑOLA RE Mercado Hidráulica,IGNIS ENERGIA,S.,,,,,OMIE exact unit code,
IGVD300,UOF EBRO CT,,,,L.   100 GENERACION ZONA ESPAÑOLA RE Mercado Eólica,IGNIS ENERGIA,S.,,,,,OMIE exact unit code,
IGVD302,UOF EL AGUILA,,,,L.   100 GENERACION ZONA ESPAÑOLA RE Mercado Solar Foto,IGNIS ENERGIA,S.,,,,,OMIE exact unit code,
IGVD303,UOF CHAMBO,,,,L.   100 GENERACION ZONA ESPAÑOLA RE Mercado Solar Foto,IGNIS ENERGIA,S.,,,,,OMIE exact unit code,
IGVD304,UOF EIDEN,,,,L.   100 GENERACION ZONA ESPAÑOLA RE Mercado Solar Foto,IGNIS ENERGIA,S.,,,,,OMIE exact unit code,
IGVD305,UOF MAMBAR,,,,L.   100 GENERACION ZONA ESPAÑOLA RE Mercado Solar Foto,IGNIS ENERGIA,S.,,,,,OMIE exact unit code,
IM3RE01,IM3RE01,,,,   100 GENERACION ZONA ESPAÑOLA RE Mercado Solar Foto,IM3 ENERGIA SL,,,,,,OMIE exact unit code,
IM3RE02,IM3RE02,,,,   100 GENERACION ZONA ESPAÑOLA RE Mercado Solar Foto,IM3 ENERGIA SL,,,,,,OMIE exact unit code,
INATV02,UNIDAD DE VENTA,,,,   100 GENERACION ZONA PORTUGUESA RE Tarifa CU R (uof),"INATLANTI, LDA",,,,,,OMIE exact unit code,
INERE01,INERE01,,,,STILL A LA MANCH A SL 100 GENERACION ZONA ESPAÑOLA RE Mercado Solar Foto,INER ENERGIA,CA,,,,,OMIE exact unit code,
INTRE01,RE HIDRAULICA TT,R,,,SL   100 GENERACION ZONA ESPAÑOLA RE Mercado Hidráulica,DUFERCO IBERI,A,,,,,OMIE exact unit code,
INTRE02,INTRA FV >1MW,,,,SL   100 GENERACION ZONA ESPAÑOLA RE Mercado Solar Foto,DUFERCO IBERI,A,,,,,OMIE exact unit code,
INTRE03,HIDRO ASTURIAS A,LTAN,,,SL   100 GENERACION ZONA ESPAÑOLA RE Mercado Hidráulica,DUFERCO IBERI,A,,,,,OMIE exact unit code,
INTRE04,HIDRO CUENCA AL,TANO,,,SL   100 GENERACION ZONA ESPAÑOLA RE Mercado Hidráulica,DUFERCO IBERI,A,,,,,OMIE exact unit code,
INTRE05,FV RIOSEQUINO AL,TANO,,,SL   100 GENERACION ZONA ESPAÑOLA RE Mercado Solar Foto,DUFERCO IBERI,A,,,,,OMIE exact unit code,
INTVD01,INTRA01,,,,SL   100 GENERACION ZONA ESPAÑOLA RE Mercado Hidráulica,DUFERCO IBERI,A,,,,,OMIE exact unit code,
INTVD02,INTRA FV <1MW,,,,SL   100 GENERACION ZONA ESPAÑOLA RE Mercado Solar Foto,DUFERCO IBERI,A,,,,,OMIE exact unit code,
IPG,C.H. IP GENERACIO,N,,,"CIÓN, S.A.  100 GENERACION ZONA ESPAÑOLA Hidráulica de Bombeo",ENDESA GENER,A,,,,,OMIE exact unit code,
ISMRE02,REPRESENTACION,MAY,,,ONES DE MEDIDA SL 100 GENERACION ZONA ESPAÑOLA RE Mercado Solar Foto,INGEBAU SOLU,CI,,,,,OMIE exact unit code,
ISMRE03,REPRESENTACION,MAZ,,,ONES DE MEDIDA SL 100 GENERACION ZONA ESPAÑOLA RE Mercado Solar Foto,INGEBAU SOLU,CI,,,,,OMIE exact unit code,
ISMRE04,REPRESENTACIÓN,PEÑ,,,ONES DE MEDIDA SL 100 GENERACION ZONA ESPAÑOLA RE Mercado Solar Foto,INGEBAU SOLU,CI,,,,,OMIE exact unit code,
ISMRE05,REPRESENTACIÓN,PINO,,,ONES DE MEDIDA SL 100 GENERACION ZONA ESPAÑOLA RE Mercado Solar Foto,INGEBAU SOLU,CI,,,,,OMIE exact unit code,
ITUVD01,PRADILLO,,,,   100 GENERACION ZONA ESPAÑOLA RE Mercado Hidráulica,ITURBEGI S.L.,,,,,,OMIE exact unit code,
ITUVD02,GURREA,,,,   100 GENERACION ZONA ESPAÑOLA RE Mercado Hidráulica,ITURBEGI S.L.,,,,,,OMIE exact unit code,
JAFPV02,JAFPLUS_AGR,,,,   100 GENERACION ZONA PORTUGUESA RE Tarifa CU R (uof),JAF PLUS LDA,,,,,,OMIE exact unit code,
JUCA,UGH. JUCAR,IBERDROLA ENERG,Iberdrola,derived_from_legal_name,A.  100 GENERACION ZONA ESPAÑOLA Hidráulica Ge neración,SPAÑ,A S..,,,,,OMIE exact unit code,https://www.iberdrola.com/
LAN1,LAN1,GNERA ENERGIA Y,,,  100 GENERACION ZONA ESPAÑOLA Hidráulica Ge neración,NOLO,GIA,,,,,OMIE exact unit code,
LAN2,LAN2,GNERA ENERGIA Y,,,  100 GENERACION ZONA ESPAÑOLA Hidráulica Ge neración,NOLO,GIA,,,,,OMIE exact unit code,
LARES1,C.C. LARES 1,EDP GEM PORTUG,EDP,derived_from_legal_name,  100 GENERACION ZONA PORTUGUESA Ciclo Combin ado,.A.,,,,,,OMIE exact unit code,https://www.edp.com/
LARES2,C.C. LARES 2,EDP GEM PORTUG,EDP,derived_from_legal_name,  100 GENERACION ZONA PORTUGUESA Ciclo Combin ado,.A.,,,,,,OMIE exact unit code,https://www.edp.com/
LAUEVD0,COGENERACION,LA UNIÓN ELECTRO,,,S.L.U.  100 GENERACION ZONA ESPAÑOLA RE Mercado Térmica n,DUSTR,"IAL,",,,,,OMIE exact unit code,
LAUEVD2,REPRES. INSTALACIONES >15 KW,LA UNIÓN ELECTRO,,,S.L.U.  100 GENERACION ZONA ESPAÑOLA RE Mercado Solar Foto,DUSTR,"IAL,",,,,,OMIE exact unit code,
LAUEVD5,REPRES. INSTALACIONES >1MW,LA UNIÓN ELECTRO,,,S.L.U.  100 GENERACION ZONA ESPAÑOLA RE Mercado Solar Foto,DUSTR,"IAL,",,,,,OMIE exact unit code,
LAUEVD6,LAUEVD6,LA UNIÓN ELECTRO,,,S.L.U.  100 GENERACION ZONA ESPAÑOLA RE Mercado Hidráulica,DUSTR,"IAL,",,,,,OMIE exact unit code,
LAURE01,PSFV-EL CAMPILLO,LA UNIÓN ELECTRO,,,S.L.U.  100 GENERACION ZONA ESPAÑOLA RE Mercado Solar Foto,DUSTR,"IAL,",,,,,OMIE exact unit code,
LAURE02,PSF-EL TOLL,LA UNIÓN ELECTRO,,,S.L.U.  100 GENERACION ZONA ESPAÑOLA RE Mercado Solar Foto,DUSTR,"IAL,",,,,,OMIE exact unit code,
LBAT,LOS BATANEJOS,WIND TO MARKET (,,,IALIZACIÓN RE) 100 GENERACION ZONA ESPAÑOLA Hidráulica Ge neración,.: COM,ERC,,,,,OMIE exact unit code,
LEZIV02,PLANTA FOTOVOLTAICA CERCA,EDP GEM PORTUG,EDP,derived_from_legal_name,  100 GENERACION ZONA PORTUGUESA RE Tarifa CU R (uof),.A.,,,,,,OMIE exact unit code,https://www.edp.com/
LIDVD01,LIDVD01,GREENING SMART,,,  100 GENERACION ZONA ESPAÑOLA RE Mercado Solar Foto,"RGY,",SL,,,,,OMIE exact unit code,
LIDVD02,LIDVD02,GREENING SMART,,,  100 GENERACION ZONA ESPAÑOLA RE Mercado Solar Foto,"RGY,",SL,,,,,OMIE exact unit code,
LIDVD03,LIDVD03,GREENING SMART,,,  100 GENERACION ZONA ESPAÑOLA RE Mercado Solar Foto,"RGY,",SL,,,,,OMIE exact unit code,
LIDVD04,LIDVD04,GREENING SMART,,,  100 GENERACION ZONA ESPAÑOLA RE Mercado Solar Foto,"RGY,",SL,,,,,OMIE exact unit code,
LLO1,LA LOSA 1,WIND TO MARKET (,,,IALIZACIÓN RE) 100 GENERACION ZONA ESPAÑOLA Hidráulica Ge neración,.: COM,ERC,,,,,OMIE exact unit code,
LLO2,LA LOSA 2,WIND TO MARKET (,,,IALIZACIÓN RE) 100 GENERACION ZONA ESPAÑOLA Hidráulica Ge neración,.: COM,ERC,,,,,OMIE exact unit code,
LLO3,LA LOSA 3,WIND TO MARKET (,,,IALIZACIÓN RE) 100 GENERACION ZONA ESPAÑOLA Hidráulica Ge neración,.: COM,ERC,,,,,OMIE exact unit code,
LMA1,LA MANCHEGA,WIND TO MARKET (,,,IALIZACIÓN RE) 100 GENERACION ZONA ESPAÑOLA Hidráulica Ge neración,.: COM,ERC,,,,,OMIE exact unit code,
LMEJUCA,MINIHIDRAULICA JUCA,LONJAS TECNOLOG,,,  100 GENERACION ZONA ESPAÑOLA Hidráulica Ge neración,S.A.,,,,,,OMIE exact unit code,
LMERVD1,VENTA EXCED. AUTOPROD. LMER,LONJAS TECNOLOG,,,  100 GENERACION ZONA ESPAÑOLA RE Mercado Térmica n,S.A.,,,,,,OMIE exact unit code,
LMERVD2,FYLMER-FOTOV,LONJAS TECNOLOG,,,  100 GENERACION ZONA ESPAÑOLA RE Mercado Solar Foto,S.A.,,,,,,OMIE exact unit code,
LMERVD6,BIOCOMPOST,LONJAS TECNOLOG,,,  100 GENERACION ZONA ESPAÑOLA RE Mercado Térmica R,S.A.,,,,,,OMIE exact unit code,
LMERVD7,CG ARGAL MIRALCAMP,LONJAS TECNOLOG,,,  100 GENERACION ZONA ESPAÑOLA RE Mercado Térmica n,S.A.,,,,,,OMIE exact unit code,
LMEVD10,CMILLAS,LONJAS TECNOLOG,,,  100 GENERACION ZONA ESPAÑOLA RE Mercado Térmica n,S.A.,,,,,,OMIE exact unit code,
LMEVD11,MILLAS II,LONJAS TECNOLOG,,,  100 GENERACION ZONA ESPAÑOLA RE Mercado Térmica n,S.A.,,,,,,OMIE exact unit code,
LMEVD13,ESLA,LONJAS TECNOLOG,,,  100 GENERACION ZONA ESPAÑOLA RE Mercado Térmica n,S.A.,,,,,,OMIE exact unit code,
LMEVD14,PARC DE ALBA,LONJAS TECNOLOG,,,  100 GENERACION ZONA ESPAÑOLA RE Mercado Térmica n,S.A.,,,,,,OMIE exact unit code,
LMEVD15,ESCANDELLA,LONJAS TECNOLOG,,,  100 GENERACION ZONA ESPAÑOLA RE Mercado Térmica n,S.A.,,,,,,OMIE exact unit code,
LMEVD17,VERTEDEROS RESUDIOS S.A,LONJAS TECNOLOG,,,  100 GENERACION ZONA ESPAÑOLA RE Mercado Térmica R,S.A.,,,,,,OMIE exact unit code,
LMEVD18,GAS RESIDUOS,LONJAS TECNOLOG,,,  100 GENERACION ZONA ESPAÑOLA RE Mercado Térmica R,S.A.,,,,,,OMIE exact unit code,
LMEVD23,PUERTO BLANCO,LONJAS TECNOLOG,,,  100 GENERACION ZONA ESPAÑOLA RE Mercado Térmica n,S.A.,,,,,,OMIE exact unit code,
LMEVD25,RIOANTIGUO,LONJAS TECNOLOG,,,  100 GENERACION ZONA ESPAÑOLA RE Mercado Hidráulica,S.A.,,,,,,OMIE exact unit code,
LMEVD26,SANCHEZ ROMERO,LONJAS TECNOLOG,,,  100 GENERACION ZONA ESPAÑOLA RE Mercado Térmica n,S.A.,,,,,,OMIE exact unit code,
LMEVD27,HIBFUTUCER,LONJAS TECNOLOG,,,  100 GENERACION ZONA ESPAÑOLA Híbrida Reno v.-Térmic,S.A.,,,,,,OMIE exact unit code,
LMEVD28,HIBHELIOS,LONJAS TECNOLOG,,,  100 GENERACION ZONA ESPAÑOLA RE Mercado Térmica n,S.A.,,,,,,OMIE exact unit code,
LMEVD29,HIB-IBERFRUTA,LONJAS TECNOLOG,,,  100 GENERACION ZONA ESPAÑOLA RE Mercado Térmica n,S.A.,,,,,,OMIE exact unit code,
LMEVD30,HIB-COMA,LONJAS TECNOLOG,,,  100 GENERACION ZONA ESPAÑOLA Híbrida Reno vable,S.A.,,,,,,OMIE exact unit code,
LMEVD31,FVTERMOAR,LONJAS TECNOLOG,,,  100 GENERACION ZONA ESPAÑOLA RE Mercado Solar Foto,S.A.,,,,,,OMIE exact unit code,
LMEVD32,SENORIOS,LONJAS TECNOLOG,,,  100 GENERACION ZONA ESPAÑOLA RE Mercado Térmica n,S.A.,,,,,,OMIE exact unit code,
LMEVD33,QUALICAPS,LONJAS TECNOLOG,,,  100 GENERACION ZONA ESPAÑOLA RE Mercado Térmica n,S.A.,,,,,,OMIE exact unit code,
LMEVD34,HIBBEBE,LONJAS TECNOLOG,,,  100 GENERACION ZONA ESPAÑOLA Híbrida Reno vable,S.A.,,,,,,OMIE exact unit code,
LMM1,LA MARMOTA 1,WIND TO MARKET (,,,IALIZACIÓN RE) 100 GENERACION ZONA ESPAÑOLA Hidráulica Ge neración,.: COM,ERC,,,,,OMIE exact unit code,
LMM2,LA MARMOTA 2,WIND TO MARKET (,,,IALIZACIÓN RE) 100 GENERACION ZONA ESPAÑOLA Hidráulica Ge neración,.: COM,ERC,,,,,OMIE exact unit code,
LMPM001,RE PMERCADO 1,LONJAS TECNOLOG,,,  100 GENERACION ZONA ESPAÑOLA RE Mercado Térmica R,S.A.,,,,,,OMIE exact unit code,
LMRE001,LONJAS MERCADOS AG. VEND. 1,"LONJAS TECNOLOGÍA, S.A.",,,GENERACION ZONA ESPAÑOLA RE Mercado Solar Foto,,100,,,,,OMIE exact unit code,
LMRE003,ESTEVE,"LONJAS TECNOLOGÍA, S.A.",,,GENERACION ZONA ESPAÑOLA RE Mercado Térmica n,,100,,,,,OMIE exact unit code,
LMRE005,FVRIOJA,"LONJAS TECNOLOGÍA, S.A.",,,GENERACION ZONA ESPAÑOLA RE Mercado Solar Foto,,100,,,,,OMIE exact unit code,
LNU1,LOS NUEVOS 1,WIND TO MARKET (ACT.: COMERCIALIZACIÓ,,,GENERACION ZONA ESPAÑOLA Hidráulica Ge neración,RE),100,,,,,OMIE exact unit code,
LNU2,LOS NUEVOS 2,WIND TO MARKET (ACT.: COMERCIALIZACIÓ,,,GENERACION ZONA ESPAÑOLA Hidráulica Ge neración,RE),100,,,,,OMIE exact unit code,
LOGIV02,LOGICA VENDA,"LOGICA ENERGY, LDA",,,GENERACION ZONA PORTUGUESA RE Tarifa CU R (uof),,100,,,,,OMIE exact unit code,
LORC,LORCHA,WIND TO MARKET (ACT.: COMERCIALIZACIÓ,,,GENERACION ZONA ESPAÑOLA Hidráulica Ge neración,RE),100,,,,,OMIE exact unit code,
LUMRE01,LUMRE01,HIDROELÉCTRICA LUMYMEY,,,GENERACION ZONA ESPAÑOLA RE Mercado Solar Foto,,100,,,,,OMIE exact unit code,
LUSIV02,LUSIV02,LUSIADAENERGIA S.A,,,GENERACION ZONA PORTUGUESA RE Tarifa CU R (uof),,100,,,,,OMIE exact unit code,
LUZBV02,UOF GENERACION,LUZBOA-COMERCIALIZAÇAO DE ENERGIA LD,,,GENERACION ZONA PORTUGUESA RE Tarifa CU R (uof),,100,,,,,OMIE exact unit code,
MALA1,C.C. MÁLAGA 1,GAS NATURAL COMERCIALIZADORA,Naturgy,verified_corporate,GENERACION ZONA ESPAÑOLA Ciclo Combin ado,,100,,,,,OMIE exact unit code,https://www.naturgy.com/app/uploads/2025/02/CCAA-Individuales-y-Consolidadas-NATURGY-2024.pdf
MASRE01,MASIRP01,INTELIGENCIA PARA EL AHORRO ENERGETI,,,GENERACION ZONA ESPAÑOLA RE Mercado Solar Foto,O S.L.,100,,,,,OMIE exact unit code,
MAZVD01,UNIDAD OFERTA GENERICA FV,MAZE ENERGY SLU,,,GENERACION ZONA ESPAÑOLA RE Mercado Solar Foto,,100,,,,,OMIE exact unit code,
METRE01,VENTA RENOVABLE,"MET ENERGIA ESPANA, S.A.",,,GENERACION ZONA ESPAÑOLA RE Mercado Solar Foto,,100,,,,,OMIE exact unit code,
METRE02,FV PR3,"MET ENERGIA ESPANA, S.A.",,,GENERACION ZONA ESPAÑOLA RE Mercado Solar Foto,,100,,,,,OMIE exact unit code,
METRE03,FV SAN JORGE,"MET ENERGIA ESPANA, S.A.",,,GENERACION ZONA ESPAÑOLA RE Mercado Solar Foto,,100,,,,,OMIE exact unit code,
METRE04,FV LA PALMA,"MET ENERGIA ESPANA, S.A.",,,GENERACION ZONA ESPAÑOLA RE Mercado Solar Foto,,100,,,,,OMIE exact unit code,
METRE05,FV PEDREGAL,"MET ENERGIA ESPANA, S.A.",,,GENERACION ZONA ESPAÑOLA RE Mercado Solar Foto,,100,,,,,OMIE exact unit code,
METRE06,FV ROCIO,"MET ENERGIA ESPANA, S.A.",,,GENERACION ZONA ESPAÑOLA RE Mercado Solar Foto,,100,,,,,OMIE exact unit code,
METRE07,FV LA HERRERA,"MET ENERGIA ESPANA, S.A.",,,GENERACION ZONA ESPAÑOLA RE Mercado Solar Foto,,100,,,,,OMIE exact unit code,
METRE08,FV PEÑAFLOR,"MET ENERGIA ESPANA, S.A.",,,GENERACION ZONA ESPAÑOLA RE Mercado Solar Foto,,100,,,,,OMIE exact unit code,
METRE09,MUTXAMEL,"MET ENERGIA ESPANA, S.A.",,,GENERACION ZONA ESPAÑOLA RE Mercado Solar Foto,,100,,,,,OMIE exact unit code,
METRE10,UFSALADAS,"MET ENERGIA ESPANA, S.A.",,,GENERACION ZONA ESPAÑOLA RE Mercado Solar Foto,,100,,,,,OMIE exact unit code,
METRE11,UF PERLETA I,"MET ENERGIA ESPANA, S.A.",,,GENERACION ZONA ESPAÑOLA RE Mercado Solar Foto,,100,,,,,OMIE exact unit code,
METRE12,UF PERLETA II,"MET ENERGIA ESPANA, S.A.",,,GENERACION ZONA ESPAÑOLA RE Mercado Solar Foto,,100,,,,,OMIE exact unit code,
MHLRMER,HYDRO MHLR,ASISTENCIA ENERGÉTICA S.L.,,,GENERACION ZONA ESPAÑOLA Hidráulica Ge neración,,100,,,,,OMIE exact unit code,
MLTG,C.H. MORALETS GENERACION,"ENDESA GENERACIÓN, S.A.",Endesa,derived_from_legal_name,GENERACION ZONA ESPAÑOLA Hidráulica de Bombeo,,100,,,,,OMIE exact unit code,https://www.endesa.com/
MOLIVIR,C.H. MOLINO VIEJO,"ELÉCTRICA ANTONIO MADRID, S.L.",,,GENERACION ZONA ESPAÑOLA Hidráulica Ge neración,,100,,,,,OMIE exact unit code,
MONDEGO,AREA DO MONDEGO,EDP GEM PORTUGAL S.A.,EDP,derived_from_legal_name,GENERACION ZONA PORTUGUESA Hidráulica Ge neración,,100,,,,,OMIE exact unit code,https://www.edp.com/
MOREL1R,MORELA 1 - RO,NEXUS ENERGÍA (ACT. COMERCIALIZACIÓN,,,GENERACION ZONA ESPAÑOLA RE Mercado Térmica n,E),100,,,,,OMIE exact unit code,
MOREL2R,MORELA2-RO,NEXUS ENERGÍA (ACT. COMERCIALIZACIÓN,,,GENERACION ZONA ESPAÑOLA RE Mercado Térmica n,E),100,,,,,OMIE exact unit code,
MUEL,C.H. LA MUELA TURBINACION,IBERDROLA ENERGÍA ESPAÑA S..A.,Iberdrola,derived_from_legal_name,GENERACION ZONA ESPAÑOLA Hidráulica de Bombeo,,100,,,,,OMIE exact unit code,https://www.iberdrola.com/
MUONV02,MUON VENDA,"MUON ELECTRIC, LDA.",,,GENERACION ZONA PORTUGUESA RE Tarifa CU R (uof),,100,,,,,OMIE exact unit code,
MYERE01,MYENERGIA V,MY ENERGIA ONER S.L.,,,GENERACION ZONA ESPAÑOLA RE Mercado Solar Foto,,100,,,,,OMIE exact unit code,
MYERE02,U. OFERTA DE COMPRA MY ENERGIA,MY ENERGIA ONER S.L.,,,GENERACION ZONA ESPAÑOLA RE Mercado Solar Foto,,100,,,,,OMIE exact unit code,
NCEVD01,REPRESENTACION FOTOVOLTAICA,"NUEVA COMERCIALIZADORA ESPAÑOLA, S.L",,,GENERACION ZONA ESPAÑOLA RE Mercado Solar Foto,,100,,,,,OMIE exact unit code,
NETRE01,UOF SIC12,NOVA ENERGIA TRADING SL,,,GENERACION ZONA ESPAÑOLA RE Mercado Solar Foto,,100,,,,,OMIE exact unit code,
NETRE02,REPRESENTACIO PBEJAR,NOVA ENERGIA TRADING SL,,,GENERACION ZONA ESPAÑOLA RE Mercado Solar Foto,,100,,,,,OMIE exact unit code,
NETRE03,REPRESENTACIO SIC5,NOVA ENERGIA TRADING SL,,,GENERACION ZONA ESPAÑOLA RE Mercado Solar Foto,,100,,,,,OMIE exact unit code,
NETRE04,ENERVALL2,NOVA ENERGIA TRADING SL,,,GENERACION ZONA ESPAÑOLA RE Mercado Solar Foto,,100,,,,,OMIE exact unit code,
NEXVD03,VENTA SOLAR,NEXUS ENERGÍA (ACT. COMERCIALIZACIÓN,,,GENERACION ZONA ESPAÑOLA RE Mercado Solar Foto,E),100,,,,,OMIE exact unit code,
NEXVD05,VENTA HIDRAUL,NEXUS ENERGÍA (ACT. COMERCIALIZACIÓN,,,GENERACION ZONA ESPAÑOLA RE Mercado Hidráulica,E),100,,,,,OMIE exact unit code,
NEXVD07,VENTA TERMIC,NEXUS ENERGÍA (ACT. COMERCIALIZACIÓN,,,GENERACION ZONA ESPAÑOLA RE Mercado Térmica n,E),100,,,,,OMIE exact unit code,
NEXVD09,VENTA RENOV,NEXUS ENERGÍA (ACT. COMERCIALIZACIÓN,,,GENERACION ZONA ESPAÑOLA RE Mercado Térmica R,E),100,,,,,OMIE exact unit code,
NEXVD11,EOLICA TARIFA NEXUS 11,NEXUS ENERGÍA (ACT. COMERCIALIZACIÓN,,,GENERACION ZONA ESPAÑOLA RE Mercado Eólica,E),100,,,,,OMIE exact unit code,
NEXVD20,VENTA TARIFA 20,NEXUS ENERGÍA (ACT. COMERCIALIZACIÓN,,,GENERACION ZONA ESPAÑOLA RE Mercado Térmica n,E),100,,,,,OMIE exact unit code,
NEXVD21,VENTA TARIFA 21,NEXUS ENERGÍA (ACT. COMERCIALIZACIÓN,,,GENERACION ZONA ESPAÑOLA RE Mercado Solar Foto,E),100,,,,,OMIE exact unit code,
NEXVD22,VENTA TARIFA 22,NEXUS ENERGÍA (ACT. COMERCIALIZACIÓN,,,GENERACION ZONA ESPAÑOLA RE Mercado Térmica n,E),100,,,,,OMIE exact unit code,
NEXVD23,VENTA TARIFA 23,NEXUS ENERGÍA (ACT. COMERCIALIZACIÓN,,,GENERACION ZONA ESPAÑOLA RE Mercado Térmica n,E),100,,,,,OMIE exact unit code,
NEXVD25,VENTA TARIFA 25,NEXUS ENERGÍA (ACT. COMERCIALIZACIÓN,,,GENERACION ZONA ESPAÑOLA RE Mercado Térmica n,E),100,,,,,OMIE exact unit code,
NEXVD32,VENTA TARIFA 32,NEXUS ENERGÍA (ACT. COMERCIALIZACIÓN,,,GENERACION ZONA ESPAÑOLA RE Mercado Térmica n,E),100,,,,,OMIE exact unit code,
NEXVD33,VENTA TARIFA 33,,,,RE) 100 GENERACION ZONA ESPAÑOLA RE Mercado Térmica n,ENERGÍA (ACT.,COMERCIALIZACIÓN,,,,,OMIE exact unit code,
NEXVD35,VENTA TARIFA 35,,,,RE) 100 GENERACION ZONA ESPAÑOLA RE Mercado Térmica n,ENERGÍA (ACT.,COMERCIALIZACIÓN,,,,,OMIE exact unit code,
NEXVD36,VENTA TARIFA 36,,,,RE) 100 GENERACION ZONA ESPAÑOLA RE Mercado Térmica n,ENERGÍA (ACT.,COMERCIALIZACIÓN,,,,,OMIE exact unit code,
NEXVD45,VENTA A TARIFA,SERREZUELA XXI,,,RE) 100 GENERACION ZONA ESPAÑOLA RE Mercado Solar Foto,ENERGÍA (ACT.,COMERCIALIZACIÓN,,,,,OMIE exact unit code,
NEXVD46,VENTA A TARIFA,EOLICA WIESA,,,RE) 100 GENERACION ZONA ESPAÑOLA RE Mercado Eólica,ENERGÍA (ACT.,COMERCIALIZACIÓN,,,,,OMIE exact unit code,
NEXVD47,REGIMEN ESPEC,IAL MAYOR DE 10MW,,,RE) 100 GENERACION ZONA ESPAÑOLA RE Mercado Solar Foto,ENERGÍA (ACT.,COMERCIALIZACIÓN,,,,,OMIE exact unit code,
NEXVD52,EOLICA MAYOR 5,MW,,,RE) 100 GENERACION ZONA ESPAÑOLA RE Mercado Eólica,ENERGÍA (ACT.,COMERCIALIZACIÓN,,,,,OMIE exact unit code,
NEXVD53,FV MAYOR DE 5M,W,,,RE) 100 GENERACION ZONA ESPAÑOLA RE Mercado Solar Foto,ENERGÍA (ACT.,COMERCIALIZACIÓN,,,,,OMIE exact unit code,
NEXVD57,FV MAYOR DE 5M,W,,,RE) 100 GENERACION ZONA ESPAÑOLA RE Mercado Solar Foto,ENERGÍA (ACT.,COMERCIALIZACIÓN,,,,,OMIE exact unit code,
NEXVD58,FV MAYOR DE 5M,W,,,RE) 100 GENERACION ZONA ESPAÑOLA RE Mercado Solar Foto,ENERGÍA (ACT.,COMERCIALIZACIÓN,,,,,OMIE exact unit code,
NEXVD59,FV MAYOR DE 5M,W,,,RE) 100 GENERACION ZONA ESPAÑOLA RE Mercado Solar Foto,ENERGÍA (ACT.,COMERCIALIZACIÓN,,,,,OMIE exact unit code,
NEXVD60,FV MAYOR DE 5M,W,,,RE) 100 GENERACION ZONA ESPAÑOLA RE Mercado Solar Foto,ENERGÍA (ACT.,COMERCIALIZACIÓN,,,,,OMIE exact unit code,
NEXVD61,FV MAYOR DE 5M,W,,,RE) 100 GENERACION ZONA ESPAÑOLA RE Mercado Solar Foto,ENERGÍA (ACT.,COMERCIALIZACIÓN,,,,,OMIE exact unit code,
NEXVD62,FV MAYOR DE 5M,W,,,RE) 100 GENERACION ZONA ESPAÑOLA RE Mercado Solar Foto,ENERGÍA (ACT.,COMERCIALIZACIÓN,,,,,OMIE exact unit code,
NEXVD63,FV MAYOR DE 5M,W,,,RE) 100 GENERACION ZONA ESPAÑOLA RE Mercado Solar Foto,ENERGÍA (ACT.,COMERCIALIZACIÓN,,,,,OMIE exact unit code,
NEXVD64,FV MAYOR DE 5M,W,,,RE) 100 GENERACION ZONA ESPAÑOLA RE Mercado Solar Foto,ENERGÍA (ACT.,COMERCIALIZACIÓN,,,,,OMIE exact unit code,
NEXVD65,FV MAYOR DE 5M,W,,,RE) 100 GENERACION ZONA ESPAÑOLA RE Mercado Solar Foto,ENERGÍA (ACT.,COMERCIALIZACIÓN,,,,,OMIE exact unit code,
NEXVD67,FV MAYOR DE 5M,W,,,RE) 100 GENERACION ZONA ESPAÑOLA RE Mercado Solar Foto,ENERGÍA (ACT.,COMERCIALIZACIÓN,,,,,OMIE exact unit code,
NEXVD70,FV MAYOR DE 5M,W,,,RE) 100 GENERACION ZONA ESPAÑOLA RE Mercado Solar Foto,ENERGÍA (ACT.,COMERCIALIZACIÓN,,,,,OMIE exact unit code,
NEXVD71,FV MAYOR DE 5M,W,,,RE) 100 GENERACION ZONA ESPAÑOLA RE Mercado Solar Foto,ENERGÍA (ACT.,COMERCIALIZACIÓN,,,,,OMIE exact unit code,
NEXVD72,FV MAYOR DE 5M,W,,,RE) 100 GENERACION ZONA ESPAÑOLA RE Mercado Solar Foto,ENERGÍA (ACT.,COMERCIALIZACIÓN,,,,,OMIE exact unit code,
NEXVD76,TERMICA MAYOR,DE 5MW,,,RE) 100 GENERACION ZONA ESPAÑOLA RE Mercado Térmica n,ENERGÍA (ACT.,COMERCIALIZACIÓN,,,,,OMIE exact unit code,
NEXVD77,TERMICA MAYOR,DE 5MW,,,RE) 100 GENERACION ZONA ESPAÑOLA RE Mercado Térmica n,ENERGÍA (ACT.,COMERCIALIZACIÓN,,,,,OMIE exact unit code,
NEXVD80,TERMICA MAYOR,DE 5MW,,,RE) 100 GENERACION ZONA ESPAÑOLA RE Mercado Térmica n,ENERGÍA (ACT.,COMERCIALIZACIÓN,,,,,OMIE exact unit code,
NEXVD81,TERMICA MAYOR,DE 5MW,,,RE) 100 GENERACION ZONA ESPAÑOLA RE Mercado Térmica n,ENERGÍA (ACT.,COMERCIALIZACIÓN,,,,,OMIE exact unit code,
NEXVD85,EOLICA MAYOR D,E 1MW,,,RE) 100 GENERACION ZONA ESPAÑOLA RE Mercado Eólica,ENERGÍA (ACT.,COMERCIALIZACIÓN,,,,,OMIE exact unit code,
NEXVD86,HIDRAULICA MAY,OR DE 1MW,,,RE) 100 GENERACION ZONA ESPAÑOLA RE Mercado Hidráulica,ENERGÍA (ACT.,COMERCIALIZACIÓN,,,,,OMIE exact unit code,
NEXVD87,TERMICA MAYOR,DE 1 MW,,,RE) 100 GENERACION ZONA ESPAÑOLA RE Mercado Térmica n,ENERGÍA (ACT.,COMERCIALIZACIÓN,,,,,OMIE exact unit code,
NEXVD88,RESIDUOS MAYO,R DE 1MW,,,RE) 100 GENERACION ZONA ESPAÑOLA RE Mercado Térmica R,ENERGÍA (ACT.,COMERCIALIZACIÓN,,,,,OMIE exact unit code,
NEXVD89,CERM,,,,RE) 100 GENERACION ZONA ESPAÑOLA RE Mercado Térmica n,ENERGÍA (ACT.,COMERCIALIZACIÓN,,,,,OMIE exact unit code,
NEXVD90,UOF COG DER PE,TROLEO MAYOR 1MW,,,RE) 100 GENERACION ZONA ESPAÑOLA RE Mercado Térmica n,ENERGÍA (ACT.,COMERCIALIZACIÓN,,,,,OMIE exact unit code,
NEXVD91,UO FSCASTU,,,,RE) 100 GENERACION ZONA ESPAÑOLA RE Mercado Solar Foto,ENERGÍA (ACT.,COMERCIALIZACIÓN,,,,,OMIE exact unit code,
NEXVD98,UOF BIOGAS MEN,OR 1MW,,,RE) 100 GENERACION ZONA ESPAÑOLA RE Mercado Térmica n,ENERGÍA (ACT.,COMERCIALIZACIÓN,,,,,OMIE exact unit code,
NRENVD1,NRENO-VENTA,,,, 100 GENERACION ZONA ESPAÑOLA RE Mercado Solar Foto,"RENOVABLES,",S.L.,,,,,OMIE exact unit code,
NXVD100,UOF EPEBRE,,,,RE) 100 GENERACION ZONA ESPAÑOLA RE Mercado Eólica,ENERGÍA (ACT.,COMERCIALIZACIÓN,,,,,OMIE exact unit code,
NXVD101,UOF ALTEN ALCO,NERA DOS,,,RE) 100 GENERACION ZONA ESPAÑOLA RE Mercado Solar Foto,ENERGÍA (ACT.,COMERCIALIZACIÓN,,,,,OMIE exact unit code,
NXVD104,UOF MAYOR 5MW,CAÑAMERO,,,RE) 100 GENERACION ZONA ESPAÑOLA RE Mercado Solar Foto,ENERGÍA (ACT.,COMERCIALIZACIÓN,,,,,OMIE exact unit code,
NXVD107,UOF SOLAR ALAM,O,,,RE) 100 GENERACION ZONA ESPAÑOLA RE Mercado Solar Foto,ENERGÍA (ACT.,COMERCIALIZACIÓN,,,,,OMIE exact unit code,
NXVD108,UOF EOLICA LOM,AS,,,RE) 100 GENERACION ZONA ESPAÑOLA RE Mercado Eólica,ENERGÍA (ACT.,COMERCIALIZACIÓN,,,,,OMIE exact unit code,
NXVD109,UOF HIDRAULICA,CORADA,,,RE) 100 GENERACION ZONA ESPAÑOLA RE Mercado Hidráulica,ENERGÍA (ACT.,COMERCIALIZACIÓN,,,,,OMIE exact unit code,
NXVD110,UOF HIDRAULICA,JERTE,,,RE) 100 GENERACION ZONA ESPAÑOLA RE Mercado Hidráulica,ENERGÍA (ACT.,COMERCIALIZACIÓN,,,,,OMIE exact unit code,
NXVD111,UOF HIDRAULICA,ALANGE,,,RE) 100 GENERACION ZONA ESPAÑOLA RE Mercado Hidráulica,ENERGÍA (ACT.,COMERCIALIZACIÓN,,,,,OMIE exact unit code,
NXVD112,UOF HIDRAULICA,PORMA,,,RE) 100 GENERACION ZONA ESPAÑOLA RE Mercado Hidráulica,ENERGÍA (ACT.,COMERCIALIZACIÓN,,,,,OMIE exact unit code,
NXVD113,UOF SOLAR FER,NANDINA,,,RE) 100 GENERACION ZONA ESPAÑOLA RE Mercado Solar Foto,ENERGÍA (ACT.,COMERCIALIZACIÓN,,,,,OMIE exact unit code,
NXVD114,UOF EOLICA LA N,AVA,,,RE) 100 GENERACION ZONA ESPAÑOLA RE Mercado Eólica,ENERGÍA (ACT.,COMERCIALIZACIÓN,,,,,OMIE exact unit code,
NXVD117,EOLICA LOS CIER,ZOS,,,RE) 100 GENERACION ZONA ESPAÑOLA RE Mercado Eólica,ENERGÍA (ACT.,COMERCIALIZACIÓN,,,,,OMIE exact unit code,
NXVD118,UOF FV MIRAMUN,DO,,,RE) 100 GENERACION ZONA ESPAÑOLA RE Mercado Solar Foto,ENERGÍA (ACT.,COMERCIALIZACIÓN,,,,,OMIE exact unit code,
NXVD120,UOF FV ZAFRA,,,,RE) 100 GENERACION ZONA ESPAÑOLA RE Mercado Solar Foto,ENERGÍA (ACT.,COMERCIALIZACIÓN,,,,,OMIE exact unit code,
NXVD126,UOF EOLICA MIN,ON,,,RE) 100 GENERACION ZONA ESPAÑOLA RE Mercado Eólica,ENERGÍA (ACT.,COMERCIALIZACIÓN,,,,,OMIE exact unit code,
NXVD127,UOF FV ALA,RCOS,,,COMERCIALIZACIÓN RE) 100 GENERACION ZONA ESPAÑOLA RE Mercado Solar Foto,ENERGÍA,(ACT.,,,,,OMIE exact unit code,
NXVD128,UOF FV TOR,RE COTILLAS,,,COMERCIALIZACIÓN RE) 100 GENERACION ZONA ESPAÑOLA RE Mercado Solar Foto,ENERGÍA,(ACT.,,,,,OMIE exact unit code,
NXVD129,UOF FV TAL,ARRUBIAS I,,,COMERCIALIZACIÓN RE) 100 GENERACION ZONA ESPAÑOLA RE Mercado Solar Foto,ENERGÍA,(ACT.,,,,,OMIE exact unit code,
NXVD130,UOF FV TAL,ARRUBIAS II,,,COMERCIALIZACIÓN RE) 100 GENERACION ZONA ESPAÑOLA RE Mercado Solar Foto,ENERGÍA,(ACT.,,,,,OMIE exact unit code,
NXVD131,UOF FV X-EL,IO ALMANSA,,,COMERCIALIZACIÓN RE) 100 GENERACION ZONA ESPAÑOLA RE Mercado Solar Foto,ENERGÍA,(ACT.,,,,,OMIE exact unit code,
NXVD132,UOF FV X-EL,IO SEVILLA,,,COMERCIALIZACIÓN RE) 100 GENERACION ZONA ESPAÑOLA RE Mercado Solar Foto,ENERGÍA,(ACT.,,,,,OMIE exact unit code,
NXVD133,UOF FV X-EL,IO ALCORES,,,COMERCIALIZACIÓN RE) 100 GENERACION ZONA ESPAÑOLA RE Mercado Solar Foto,ENERGÍA,(ACT.,,,,,OMIE exact unit code,
NXVD134,UOF FV CAD,IMA,,,COMERCIALIZACIÓN RE) 100 GENERACION ZONA ESPAÑOLA RE Mercado Solar Foto,ENERGÍA,(ACT.,,,,,OMIE exact unit code,
NXVD135,UOF FV PAR,CAS,,,COMERCIALIZACIÓN RE) 100 GENERACION ZONA ESPAÑOLA RE Mercado Solar Foto,ENERGÍA,(ACT.,,,,,OMIE exact unit code,
NXVD136,UOF FV ALJ,ORRA,,,COMERCIALIZACIÓN RE) 100 GENERACION ZONA ESPAÑOLA RE Mercado Solar Foto,ENERGÍA,(ACT.,,,,,OMIE exact unit code,
NXVD137,UOF FV PER,OGORDO,,,COMERCIALIZACIÓN RE) 100 GENERACION ZONA ESPAÑOLA RE Mercado Solar Foto,ENERGÍA,(ACT.,,,,,OMIE exact unit code,
NXVD142,UOF HIDRAU,LICA LLOREN,,,COMERCIALIZACIÓN RE) 100 GENERACION ZONA ESPAÑOLA RE Mercado Hidráulica,ENERGÍA,(ACT.,,,,,OMIE exact unit code,
NXVD143,UOF HIDRAU,LICA MOLINO,,,COMERCIALIZACIÓN RE) 100 GENERACION ZONA ESPAÑOLA RE Mercado Hidráulica,ENERGÍA,(ACT.,,,,,OMIE exact unit code,
NXVD144,UOF HIDRAU,LICA POBLA,,,COMERCIALIZACIÓN RE) 100 GENERACION ZONA ESPAÑOLA RE Mercado Hidráulica,ENERGÍA,(ACT.,,,,,OMIE exact unit code,
NXVD145,UOF HIDRAU,LICA FRESER,,,COMERCIALIZACIÓN RE) 100 GENERACION ZONA ESPAÑOLA RE Mercado Hidráulica,ENERGÍA,(ACT.,,,,,OMIE exact unit code,
NXVD147,UOF BIOMAS,A CUBILLOS DEL SIL,,,COMERCIALIZACIÓN RE) 100 GENERACION ZONA ESPAÑOLA RE Mercado Térmica R,ENERGÍA,(ACT.,,,,,OMIE exact unit code,
NXVD150,UOF FOTOV,OLTAICA CARRIL,,,COMERCIALIZACIÓN RE) 100 GENERACION ZONA ESPAÑOLA RE Mercado Solar Foto,ENERGÍA,(ACT.,,,,,OMIE exact unit code,
NXVD151,UOF CSF PIN,ILLA,,,COMERCIALIZACIÓN RE) 100 GENERACION ZONA ESPAÑOLA RE Mercado Solar Foto,ENERGÍA,(ACT.,,,,,OMIE exact unit code,
NXVD152,UOF EOLICA,OUROL,,,COMERCIALIZACIÓN RE) 100 GENERACION ZONA ESPAÑOLA RE Mercado Eólica,ENERGÍA,(ACT.,,,,,OMIE exact unit code,
NXVD153,UOF FV LOS,BELOS,,,COMERCIALIZACIÓN RE) 100 GENERACION ZONA ESPAÑOLA RE Mercado Solar Foto,ENERGÍA,(ACT.,,,,,OMIE exact unit code,
NXVD154,UOF FV EL M,UELLE,,,COMERCIALIZACIÓN RE) 100 GENERACION ZONA ESPAÑOLA RE Mercado Solar Foto,ENERGÍA,(ACT.,,,,,OMIE exact unit code,
NXVD156,UOF SOLAR,AZARA,,,COMERCIALIZACIÓN RE) 100 GENERACION ZONA ESPAÑOLA RE Mercado Solar Foto,ENERGÍA,(ACT.,,,,,OMIE exact unit code,
NXVD160,UOF SOLAR,MONTESOL,,,COMERCIALIZACIÓN RE) 100 GENERACION ZONA ESPAÑOLA RE Mercado Solar Foto,ENERGÍA,(ACT.,,,,,OMIE exact unit code,
NXVD162,UOF EOLICA,SIERRA DE TRIGO,,,COMERCIALIZACIÓN RE) 100 GENERACION ZONA ESPAÑOLA RE Mercado Eólica,ENERGÍA,(ACT.,,,,,OMIE exact unit code,
NXVD163,UOF EOLICA,LA MUELA NORTE,,,COMERCIALIZACIÓN RE) 100 GENERACION ZONA ESPAÑOLA RE Mercado Eólica,ENERGÍA,(ACT.,,,,,OMIE exact unit code,
NXVD164,UOF EOLICA,LA PLATA,,,COMERCIALIZACIÓN RE) 100 GENERACION ZONA ESPAÑOLA RE Mercado Eólica,ENERGÍA,(ACT.,,,,,OMIE exact unit code,
NXVD165,UOF EOLICA,EL REDONDAL,,,COMERCIALIZACIÓN RE) 100 GENERACION ZONA ESPAÑOLA RE Mercado Eólica,ENERGÍA,(ACT.,,,,,OMIE exact unit code,
NXVD166,UOF EOLICA,SERRA DA LOBA,,,COMERCIALIZACIÓN RE) 100 GENERACION ZONA ESPAÑOLA RE Mercado Eólica,ENERGÍA,(ACT.,,,,,OMIE exact unit code,
NXVD167,UOF EOLICA,EL SARDON,,,COMERCIALIZACIÓN RE) 100 GENERACION ZONA ESPAÑOLA RE Mercado Eólica,ENERGÍA,(ACT.,,,,,OMIE exact unit code,
NXVD168,MONTE SEIX,O,,,COMERCIALIZACIÓN RE) 100 GENERACION ZONA ESPAÑOLA RE Mercado Eólica,ENERGÍA,(ACT.,,,,,OMIE exact unit code,
NXVD169,UOF EOLICA,SERRA DO CANDO,,,COMERCIALIZACIÓN RE) 100 GENERACION ZONA ESPAÑOLA RE Mercado Eólica,ENERGÍA,(ACT.,,,,,OMIE exact unit code,
NXVD170,UOF EOLICA,EL CONJURO,,,COMERCIALIZACIÓN RE) 100 GENERACION ZONA ESPAÑOLA RE Mercado Eólica,ENERGÍA,(ACT.,,,,,OMIE exact unit code,
NXVD171,UOF EOLICA,VALDECONEJOS,,,COMERCIALIZACIÓN RE) 100 GENERACION ZONA ESPAÑOLA RE Mercado Eólica,ENERGÍA,(ACT.,,,,,OMIE exact unit code,
NXVD172,UOF EOLICA,EL CARRASCAL,,,COMERCIALIZACIÓN RE) 100 GENERACION ZONA ESPAÑOLA RE Mercado Eólica,ENERGÍA,(ACT.,,,,,OMIE exact unit code,
NXVD173,UOF EOLICA,EL CARRASCAL2,,,COMERCIALIZACIÓN RE) 100 GENERACION ZONA ESPAÑOLA RE Mercado Eólica,ENERGÍA,(ACT.,,,,,OMIE exact unit code,
NXVD174,UOF EOLICA,LA CERRADILLA,,,COMERCIALIZACIÓN RE) 100 GENERACION ZONA ESPAÑOLA RE Mercado Eólica,ENERGÍA,(ACT.,,,,,OMIE exact unit code,
NXVD175,UOF EOLICA,LA CERRADILLA2,,,COMERCIALIZACIÓN RE) 100 GENERACION ZONA ESPAÑOLA RE Mercado Eólica,ENERGÍA,(ACT.,,,,,OMIE exact unit code,
NXVD176,UOF TERMO,SOLAR VILLENA,,,COMERCIALIZACIÓN RE) 100 GENERACION ZONA ESPAÑOLA RE Mercado Solar Tér,ENERGÍA,(ACT.,,,,,OMIE exact unit code,
NXVD177,UOF SOLAR,MAGASQUILLA,,,COMERCIALIZACIÓN RE) 100 GENERACION ZONA ESPAÑOLA RE Mercado Solar Foto,ENERGÍA,(ACT.,,,,,OMIE exact unit code,
NXVD179,UOF SOLAR,PASAJESOL,,,COMERCIALIZACIÓN RE) 100 GENERACION ZONA ESPAÑOLA RE Mercado Solar Foto,ENERGÍA,(ACT.,,,,,OMIE exact unit code,
NXVD180,UOF GAMON,AREJO,,,COMERCIALIZACIÓN RE) 100 GENERACION ZONA ESPAÑOLA RE Mercado Solar Foto,ENERGÍA,(ACT.,,,,,OMIE exact unit code,
NXVD188,UOF SOLAR,CALCAL,,,COMERCIALIZACIÓN RE) 100 GENERACION ZONA ESPAÑOLA RE Mercado Solar Foto,ENERGÍA,(ACT.,,,,,OMIE exact unit code,
NXVD190,UOF SOLAR,ALIWIN,,,COMERCIALIZACIÓN RE) 100 GENERACION ZONA ESPAÑOLA RE Mercado Solar Foto,ENERGÍA,(ACT.,,,,,OMIE exact unit code,
NXVD193,UOF SOLAR,OLIVENZA,,,COMERCIALIZACIÓN RE) 100 GENERACION ZONA ESPAÑOLA RE Mercado Solar Foto,ENERGÍA,(ACT.,,,,,OMIE exact unit code,
NXVD194,UOF SOLAR,LA SOLANA,,,COMERCIALIZACIÓN RE) 100 GENERACION ZONA ESPAÑOLA RE Mercado Solar Foto,ENERGÍA,(ACT.,,,,,OMIE exact unit code,
NXVD195,UOF SOLAR,TORDESILLAS,,,COMERCIALIZACIÓN RE) 100 GENERACION ZONA ESPAÑOLA RE Mercado Solar Foto,ENERGÍA,(ACT.,,,,,OMIE exact unit code,
NXVD197,UOF SOLAR,SARDA,,,COMERCIALIZACIÓN RE) 100 GENERACION ZONA ESPAÑOLA RE Mercado Solar Foto,ENERGÍA,(ACT.,,,,,OMIE exact unit code,
NXVD198,UOF SOLAR,ALCONERA,,,COMERCIALIZACIÓN RE) 100 GENERACION ZONA ESPAÑOLA RE Mercado Solar Foto,ENERGÍA,(ACT.,,,,,OMIE exact unit code,
NXVD199,UOF SOLAR,QUIJOTE,,,COMERCIALIZACIÓN RE) 100 GENERACION ZONA ESPAÑOLA RE Mercado Solar Foto,ENERGÍA,(ACT.,,,,,OMIE exact unit code,
NXVD200,UOF SOLAR,SERREZUELA,,,COMERCIALIZACIÓN RE) 100 GENERACION ZONA ESPAÑOLA RE Mercado Solar Foto,ENERGÍA,(ACT.,,,,,OMIE exact unit code,
NXVD201,UOF SOLAR,TURRONEROS,,,COMERCIALIZACIÓN RE) 100 GENERACION ZONA ESPAÑOLA RE Mercado Solar Foto,ENERGÍA,(ACT.,,,,,OMIE exact unit code,
NXVD206,UOF SOLAR,CALAVERON,,,COMERCIALIZACIÓN RE) 100 GENERACION ZONA ESPAÑOLA RE Mercado Solar Foto,ENERGÍA,(ACT.,,,,,OMIE exact unit code,
NXVD207,UOF SOLAR,EL POCICO,,,COMERCIALIZACIÓN RE) 100 GENERACION ZONA ESPAÑOLA RE Mercado Solar Foto,ENERGÍA,(ACT.,,,,,OMIE exact unit code,
NXVD212,UOF SOLAR,HELIOS1,,,COMERCIALIZACIÓN RE) 100 GENERACION ZONA ESPAÑOLA RE Mercado Solar Foto,ENERGÍA,(ACT.,,,,,OMIE exact unit code,
NXVD213,UOF SOLAR,HELIOS2,,,COMERCIALIZACIÓN RE) 100 GENERACION ZONA ESPAÑOLA RE Mercado Solar Foto,ENERGÍA,(ACT.,,,,,OMIE exact unit code,
NXVD214,UOF SOLAR,FONTIVEROS,,,COMERCIALIZACIÓN RE) 100 GENERACION ZONA ESPAÑOLA RE Mercado Solar Foto,ENERGÍA,(ACT.,,,,,OMIE exact unit code,
NXVD215,UOF SOLAR,LA SERRANA,,,COMERCIALIZACIÓN RE) 100 GENERACION ZONA ESPAÑOLA RE Mercado Solar Foto,ENERGÍA,(ACT.,,,,,OMIE exact unit code,
NXVD216,UOF SOLAR,LOBOSILLO,,,COMERCIALIZACIÓN RE) 100 GENERACION ZONA ESPAÑOLA RE Mercado Solar Foto,ENERGÍA,(ACT.,,,,,OMIE exact unit code,
NXVD217,UOF,SOLAR PUENTE P,,,(ACT. COMERCIALIZACIÓN RE) 100 GENERACION ZONA ESPAÑOLA RE Mercado Solar Fo tovoltáica,NEXUS,ENERGÍA,,,,,OMIE exact unit code,
NXVD218,UOF,EOLICA ASCOY,,,(ACT. COMERCIALIZACIÓN RE) 100 GENERACION ZONA ESPAÑOLA RE Mercado Eólica ,NEXUS,ENERGÍA,,,,,OMIE exact unit code,
NXVD219,UOF,EOLICA CARCELE,,,(ACT. COMERCIALIZACIÓN RE) 100 GENERACION ZONA ESPAÑOLA RE Mercado Eólica ,NEXUS,ENERGÍA,,,,,OMIE exact unit code,
NXVD221,UOF,SOLAR LOBON,,,(ACT. COMERCIALIZACIÓN RE) 100 GENERACION ZONA ESPAÑOLA RE Mercado Solar Fo tovoltáica,NEXUS,ENERGÍA,,,,,OMIE exact unit code,
NXVD222,UOF,SOLAR AZUER1,,,(ACT. COMERCIALIZACIÓN RE) 100 GENERACION ZONA ESPAÑOLA RE Mercado Solar Fo tovoltáica,NEXUS,ENERGÍA,,,,,OMIE exact unit code,
NXVD223,UOF,SOLAR AZUER2,,,(ACT. COMERCIALIZACIÓN RE) 100 GENERACION ZONA ESPAÑOLA RE Mercado Solar Fo tovoltáica,NEXUS,ENERGÍA,,,,,OMIE exact unit code,
NXVD224,UOF,SOLAR SERREZU,,,(ACT. COMERCIALIZACIÓN RE) 100 GENERACION ZONA ESPAÑOLA RE Mercado Solar Fo tovoltáica,NEXUS,ENERGÍA,,,,,OMIE exact unit code,
NXVD225,UOF,SOLAR CORESE,,,(ACT. COMERCIALIZACIÓN RE) 100 GENERACION ZONA ESPAÑOLA RE Mercado Solar Fo tovoltáica,NEXUS,ENERGÍA,,,,,OMIE exact unit code,
NXVD226,UOF,EOLICA ALTO DA,,,(ACT. COMERCIALIZACIÓN RE) 100 GENERACION ZONA ESPAÑOLA RE Mercado Eólica ,NEXUS,ENERGÍA,,,,,OMIE exact unit code,
NXVD227,UOF,EOLICA ALTO DA,,,(ACT. COMERCIALIZACIÓN RE) 100 GENERACION ZONA ESPAÑOLA RE Mercado Eólica ,NEXUS,ENERGÍA,,,,,OMIE exact unit code,
NXVD228,UOF,EOLICA MONTE T,,,(ACT. COMERCIALIZACIÓN RE) 100 GENERACION ZONA ESPAÑOLA RE Mercado Eólica ,NEXUS,ENERGÍA,,,,,OMIE exact unit code,
NXVD229,UOF,EOLICA ALMERIQ,,,(ACT. COMERCIALIZACIÓN RE) 100 GENERACION ZONA ESPAÑOLA RE Mercado Eólica ,NEXUS,ENERGÍA,,,,,OMIE exact unit code,
NXVD230,UOF,EOLICA JANCOLI,,,(ACT. COMERCIALIZACIÓN RE) 100 GENERACION ZONA ESPAÑOLA RE Mercado Eólica ,NEXUS,ENERGÍA,,,,,OMIE exact unit code,
NXVD231,UOF,EOLICA JANDAPE,,,(ACT. COMERCIALIZACIÓN RE) 100 GENERACION ZONA ESPAÑOLA RE Mercado Eólica ,NEXUS,ENERGÍA,,,,,OMIE exact unit code,
NXVD232,UOF,EOLICA JANDSUY,,,(ACT. COMERCIALIZACIÓN RE) 100 GENERACION ZONA ESPAÑOLA RE Mercado Eólica ,NEXUS,ENERGÍA,,,,,OMIE exact unit code,
NXVD233,UOF,EOLICA LAS MON,,,(ACT. COMERCIALIZACIÓN RE) 100 GENERACION ZONA ESPAÑOLA RE Mercado Eólica ,NEXUS,ENERGÍA,,,,,OMIE exact unit code,
NXVD234,UOF,EOLICA MOSTAZ,,,(ACT. COMERCIALIZACIÓN RE) 100 GENERACION ZONA ESPAÑOLA RE Mercado Eólica ,NEXUS,ENERGÍA,,,,,OMIE exact unit code,
NXVD235,UOF,EOLICA FACINA,,,(ACT. COMERCIALIZACIÓN RE) 100 GENERACION ZONA ESPAÑOLA RE Mercado Eólica ,NEXUS,ENERGÍA,,,,,OMIE exact unit code,
NXVD236,UOF,EOLICA RANCHO,,,(ACT. COMERCIALIZACIÓN RE) 100 GENERACION ZONA ESPAÑOLA RE Mercado Eólica ,NEXUS,ENERGÍA,,,,,OMIE exact unit code,
NXVD237,UOF,EOLICA TEJONER,,,(ACT. COMERCIALIZACIÓN RE) 100 GENERACION ZONA ESPAÑOLA RE Mercado Eólica ,NEXUS,ENERGÍA,,,,,OMIE exact unit code,
NXVD238,UOF,EOLICA VOLTOR,,,(ACT. COMERCIALIZACIÓN RE) 100 GENERACION ZONA ESPAÑOLA RE Mercado Eólica ,NEXUS,ENERGÍA,,,,,OMIE exact unit code,
NXVD241,UOF,SOLAR SACRO IM,,,(ACT. COMERCIALIZACIÓN RE) 100 GENERACION ZONA ESPAÑOLA RE Mercado Solar Fo tovoltáica,NEXUS,ENERGÍA,,,,,OMIE exact unit code,
NXVD242,UOF,SOLAR LOMOS II,,,(ACT. COMERCIALIZACIÓN RE) 100 GENERACION ZONA ESPAÑOLA RE Mercado Solar Fo tovoltáica,NEXUS,ENERGÍA,,,,,OMIE exact unit code,
NXVD243,UOF,TERMOSOLAR LE,,,(ACT. COMERCIALIZACIÓN RE) 100 GENERACION ZONA ESPAÑOLA RE Mercado Solar Té rmica,NEXUS,ENERGÍA,,,,,OMIE exact unit code,
NXVD246,UOF,COGENERACION,,,(ACT. COMERCIALIZACIÓN RE) 100 GENERACION ZONA ESPAÑOLA RE Mercado Térmica no,NEXUS,ENERGÍA,,,,,OMIE exact unit code,
NXVD247,UOF,SANTANDERINA,,,(ACT. COMERCIALIZACIÓN RE) 100 GENERACION ZONA ESPAÑOLA RE Mercado Térmica no,NEXUS,ENERGÍA,,,,,OMIE exact unit code,
NXVD248,UP T,ERMICA MIQUEL I,,,(ACT. COMERCIALIZACIÓN RE) 100 GENERACION ZONA ESPAÑOLA RE Mercado Térmica no,NEXUS,ENERGÍA,,,,,OMIE exact unit code,
NXVD250,UOF,SOLAR AURA GUI,,,(ACT. COMERCIALIZACIÓN RE) 100 GENERACION ZONA ESPAÑOLA RE Mercado Solar Fo tovoltáica,NEXUS,ENERGÍA,,,,,OMIE exact unit code,
NXVD251,UOF,SOLAR AURA DE,,,(ACT. COMERCIALIZACIÓN RE) 100 GENERACION ZONA ESPAÑOLA RE Mercado Solar Fo tovoltáica,NEXUS,ENERGÍA,,,,,OMIE exact unit code,
NXVD252,UOF,COG TEJIDOS RO,,,(ACT. COMERCIALIZACIÓN RE) 100 GENERACION ZONA ESPAÑOLA RE Mercado Térmica no,NEXUS,ENERGÍA,,,,,OMIE exact unit code,
NXVD253,UOF,COGENERACION,,,(ACT. COMERCIALIZACIÓN RE) 100 GENERACION ZONA ESPAÑOLA RE Mercado Térmica no,NEXUS,ENERGÍA,,,,,OMIE exact unit code,
NXVD254,UOF,SOLAR MANZANA,,,(ACT. COMERCIALIZACIÓN RE) 100 GENERACION ZONA ESPAÑOLA RE Mercado Solar Fo tovoltáica,NEXUS,ENERGÍA,,,,,OMIE exact unit code,
NXVD255,UOF,SOLAR LOS ARC,,,(ACT. COMERCIALIZACIÓN RE) 100 GENERACION ZONA ESPAÑOLA RE Mercado Solar Fo tovoltáica,NEXUS,ENERGÍA,,,,,OMIE exact unit code,
NXVD256,UOF,SOLAR LA ESTAC,,,(ACT. COMERCIALIZACIÓN RE) 100 GENERACION ZONA ESPAÑOLA RE Mercado Solar Fo tovoltáica,NEXUS,ENERGÍA,,,,,OMIE exact unit code,
NXVD258,UOF,SOLAR CALIG,,,(ACT. COMERCIALIZACIÓN RE) 100 GENERACION ZONA ESPAÑOLA RE Mercado Solar Fo tovoltáica,NEXUS,ENERGÍA,,,,,OMIE exact unit code,
NXVD259,UOF,GARFER AJUSTE,,,(ACT. COMERCIALIZACIÓN RE) 100 GENERACION ZONA ESPAÑOLA RE Mercado Térmica no,NEXUS,ENERGÍA,,,,,OMIE exact unit code,
NXVD261,UOF,SOLAR OLMEDILL,,,(ACT. COMERCIALIZACIÓN RE) 100 GENERACION ZONA ESPAÑOLA RE Mercado Solar Fo tovoltáica,NEXUS,ENERGÍA,,,,,OMIE exact unit code,
NXVD262,UOF,SOLAR AIELO,,,(ACT. COMERCIALIZACIÓN RE) 100 GENERACION ZONA ESPAÑOLA RE Mercado Solar Fo tovoltáica,NEXUS,ENERGÍA,,,,,OMIE exact unit code,
NXVD263,UOF,SOLAR MANDALA,,,(ACT. COMERCIALIZACIÓN RE) 100 GENERACION ZONA ESPAÑOLA RE Mercado Solar Fo tovoltáica,NEXUS,ENERGÍA,,,,,OMIE exact unit code,
NXVD272,UOF,VERTEDERO RUI,,,(ACT. COMERCIALIZACIÓN RE) 100 GENERACION ZONA ESPAÑOLA RE Mercado Térmica Renovable,NEXUS,ENERGÍA,,,,,OMIE exact unit code,
NXVD273,UOF,SOLAR MAS DE L,,,(ACT. COMERCIALIZACIÓN RE) 100 GENERACION ZONA ESPAÑOLA RE Mercado Solar Fo tovoltáica,NEXUS,ENERGÍA,,,,,OMIE exact unit code,
NXVD274,UOF,SOLAR CASTELE,,,(ACT. COMERCIALIZACIÓN RE) 100 GENERACION ZONA ESPAÑOLA RE Mercado Solar Fo tovoltáica,NEXUS,ENERGÍA,,,,,OMIE exact unit code,
NXVD275,UOF,PREMB AJUSTE,,,(ACT. COMERCIALIZACIÓN RE) 100 GENERACION ZONA ESPAÑOLA RE Mercado Térmica no,NEXUS,ENERGÍA,,,,,OMIE exact unit code,
NXVD276,UOF,CURTIS BIOMASA,,,(ACT. COMERCIALIZACIÓN RE) 100 GENERACION ZONA ESPAÑOLA RE Mercado Térmica Renovable,NEXUS,ENERGÍA,,,,,OMIE exact unit code,
NXVD277,UOF,SOLAR CAÑADA,,,(ACT. COMERCIALIZACIÓN RE) 100 GENERACION ZONA ESPAÑOLA RE Mercado Solar Fo tovoltáica,NEXUS,ENERGÍA,,,,,OMIE exact unit code,
NXVD279,UOF,SOLAR LOS MIST,,,(ACT. COMERCIALIZACIÓN RE) 100 GENERACION ZONA ESPAÑOLA RE Mercado Solar Fo tovoltáica,NEXUS,ENERGÍA,,,,,OMIE exact unit code,
NXVD280,UOF,SOLAR SOLNOCT,,,(ACT. COMERCIALIZACIÓN RE) 100 GENERACION ZONA ESPAÑOLA RE Mercado Solar Fo tovoltáica,NEXUS,ENERGÍA,,,,,OMIE exact unit code,
NXVD281,UOF,SOLAR PAJARITO,,,(ACT. COMERCIALIZACIÓN RE) 100 GENERACION ZONA ESPAÑOLA RE Mercado Solar Fo tovoltáica,NEXUS,ENERGÍA,,,,,OMIE exact unit code,
NXVD282,UOF,SOLAR SOLMURC,,,(ACT. COMERCIALIZACIÓN RE) 100 GENERACION ZONA ESPAÑOLA RE Mercado Solar Fo tovoltáica,NEXUS,ENERGÍA,,,,,OMIE exact unit code,
NXVD284,UOF,SOLAR DEHESILL,,,(ACT. COMERCIALIZACIÓN RE) 100 GENERACION ZONA ESPAÑOLA RE Mercado Solar Fo tovoltáica,NEXUS,ENERGÍA,,,,,OMIE exact unit code,
NXVD285,UOF,SOLAR BURGUIL,,,(ACT. COMERCIALIZACIÓN RE) 100 GENERACION ZONA ESPAÑOLA RE Mercado Solar Fo tovoltáica,NEXUS,ENERGÍA,,,,,OMIE exact unit code,
NXVD286,UOF,SOLAR SAN JOR,,,(ACT. COMERCIALIZACIÓN RE) 100 GENERACION ZONA ESPAÑOLA RE Mercado Solar Fo tovoltáica,NEXUS,ENERGÍA,,,,,OMIE exact unit code,
NXVD287,UOF,HIDRO HVL,,,NEXUS ENERGÍA (ACT. COMERCIALIZACIÓN RE) 100 GENERACION ZONA ESPAÑOLA RE Mercado Hidráulica,O,,,,,,OMIE exact unit code,
NXVD288,UOF,HIDRO HM,,,NEXUS ENERGÍA (ACT. COMERCIALIZACIÓN RE) 100 GENERACION ZONA ESPAÑOLA RE Mercado Hidráulica,TE,,,,,,OMIE exact unit code,
NXVD289,UOF,HIDRO HV,,,NEXUS ENERGÍA (ACT. COMERCIALIZACIÓN RE) 100 GENERACION ZONA ESPAÑOLA RE Mercado Hidráulica,S,,,,,,OMIE exact unit code,
NXVD292,UOF,SOLAR AB,,,NEXUS ENERGÍA (ACT. COMERCIALIZACIÓN RE) 100 GENERACION ZONA ESPAÑOLA RE Mercado Solar Foto,S,,,,,,OMIE exact unit code,
NXVD293,UOF,SOLAR CA,,,NEXUS ENERGÍA (ACT. COMERCIALIZACIÓN RE) 100 GENERACION ZONA ESPAÑOLA RE Mercado Solar Foto,R,,,,,,OMIE exact unit code,
NXVD294,UOF,SOLAR BE,,,NEXUS ENERGÍA (ACT. COMERCIALIZACIÓN RE) 100 GENERACION ZONA ESPAÑOLA RE Mercado Solar Foto,HON1,,,,,,OMIE exact unit code,
NXVD295,UOF,SOLAR MA,,,NEXUS ENERGÍA (ACT. COMERCIALIZACIÓN RE) 100 GENERACION ZONA ESPAÑOLA RE Mercado Solar Foto,NI,,,,,,OMIE exact unit code,
NXVD296,UOF,SOLAR BE,,,NEXUS ENERGÍA (ACT. COMERCIALIZACIÓN RE) 100 GENERACION ZONA ESPAÑOLA RE Mercado Solar Foto,HON,2,,,,,OMIE exact unit code,
NXVD297,UOF,SOLAR CA,,,NEXUS ENERGÍA (ACT. COMERCIALIZACIÓN RE) 100 GENERACION ZONA ESPAÑOLA RE Mercado Solar Foto,JOS 1,,,,,,OMIE exact unit code,
NXVD298,UOF,SOLAR CA,,,NEXUS ENERGÍA (ACT. COMERCIALIZACIÓN RE) 100 GENERACION ZONA ESPAÑOLA RE Mercado Solar Foto,JOS 2,,,,,,OMIE exact unit code,
NXVD299,UOF,SOLAR FE,,,NEXUS ENERGÍA (ACT. COMERCIALIZACIÓN RE) 100 GENERACION ZONA ESPAÑOLA RE Mercado Solar Foto,,,,,,,OMIE exact unit code,
NXVD300,UOF,SOLAR FV,,,NEXUS ENERGÍA (ACT. COMERCIALIZACIÓN RE) 100 GENERACION ZONA ESPAÑOLA RE Mercado Solar Foto,ON 1,,,,,,OMIE exact unit code,
NXVD301,UOF,SOLAR AR,,,NEXUS ENERGÍA (ACT. COMERCIALIZACIÓN RE) 100 GENERACION ZONA ESPAÑOLA RE Mercado Solar Foto,YONA,,,,,,OMIE exact unit code,
NXVD302,UOF,SOLAR OLI,,,NEXUS ENERGÍA (ACT. COMERCIALIZACIÓN RE) 100 GENERACION ZONA ESPAÑOLA RE Mercado Solar Foto,ES,,,,,,OMIE exact unit code,
NXVD303,UOF,SOLAR OLI,,,NEXUS ENERGÍA (ACT. COMERCIALIZACIÓN RE) 100 GENERACION ZONA ESPAÑOLA RE Mercado Solar Foto,ES2,,,,,,OMIE exact unit code,
NXVD304,UOF,SOLAR OLI,,,NEXUS ENERGÍA (ACT. COMERCIALIZACIÓN RE) 100 GENERACION ZONA ESPAÑOLA RE Mercado Solar Foto,ES3,,,,,,OMIE exact unit code,
NXVD305,UOF,SOLAR OLI,,,NEXUS ENERGÍA (ACT. COMERCIALIZACIÓN RE) 100 GENERACION ZONA ESPAÑOLA RE Mercado Solar Foto,ES4,,,,,,OMIE exact unit code,
NXVD306,UOF,SOLAR BU,,,NEXUS ENERGÍA (ACT. COMERCIALIZACIÓN RE) 100 GENERACION ZONA ESPAÑOLA RE Mercado Solar Foto,LEU,,,,,,OMIE exact unit code,
NXVD308,UOF,EOLICA ES,,,NEXUS ENERGÍA (ACT. COMERCIALIZACIÓN RE) 100 GENERACION ZONA ESPAÑOLA RE Mercado Eólica,HO,,,,,,OMIE exact unit code,
NXVD313,UOF,EOLICA CO,,,NEXUS ENERGÍA (ACT. COMERCIALIZACIÓN RE) 100 GENERACION ZONA ESPAÑOLA RE Mercado Eólica,R,,,,,,OMIE exact unit code,
NXVD316,UOF,EOLICA HE,,,NEXUS ENERGÍA (ACT. COMERCIALIZACIÓN RE) 100 GENERACION ZONA ESPAÑOLA RE Mercado Eólica,RA,,,,,,OMIE exact unit code,
NXVD317,UOF,SOLAR ZU,,,NEXUS ENERGÍA (ACT. COMERCIALIZACIÓN RE) 100 GENERACION ZONA ESPAÑOLA RE Mercado Solar Foto,2,,,,,,OMIE exact unit code,
NXVD318,UOF,SOLAR PL,,,NEXUS ENERGÍA (ACT. COMERCIALIZACIÓN RE) 100 GENERACION ZONA ESPAÑOLA RE Mercado Solar Foto,NCIA,,,,,,OMIE exact unit code,
NXVD319,UOF,SOLAR ZU,,,NEXUS ENERGÍA (ACT. COMERCIALIZACIÓN RE) 100 GENERACION ZONA ESPAÑOLA RE Mercado Solar Foto,,,,,,,OMIE exact unit code,
NXVD320,UOF,SOLAR AR,,,NEXUS ENERGÍA (ACT. COMERCIALIZACIÓN RE) 100 GENERACION ZONA ESPAÑOLA RE Mercado Solar Foto,O,,,,,,OMIE exact unit code,
NXVD321,UOF,SOLAR CA,,,NEXUS ENERGÍA (ACT. COMERCIALIZACIÓN RE) 100 GENERACION ZONA ESPAÑOLA RE Mercado Solar Foto,LNOU,II,,,,,OMIE exact unit code,
NXVD322,UOF,SOLAR PL,,,NEXUS ENERGÍA (ACT. COMERCIALIZACIÓN RE) 100 GENERACION ZONA ESPAÑOLA RE Mercado Solar Foto,,,,,,,OMIE exact unit code,
NXVD324,UOF,SOLAR CA,,,NEXUS ENERGÍA (ACT. COMERCIALIZACIÓN RE) 100 GENERACION ZONA ESPAÑOLA RE Mercado Solar Foto,LNOU,,,,,,OMIE exact unit code,
NXVD325,UOF,SOLAR RE,,,NEXUS ENERGÍA (ACT. COMERCIALIZACIÓN RE) 100 GENERACION ZONA ESPAÑOLA RE Mercado Solar Foto,O,,,,,,OMIE exact unit code,
NXVD326,UOF,SOLAR ST,,,NEXUS ENERGÍA (ACT. COMERCIALIZACIÓN RE) 100 GENERACION ZONA ESPAÑOLA RE Mercado Solar Foto,AS,,,,,,OMIE exact unit code,
NXVD327,UOF,SOLAR OLI,,,NEXUS ENERGÍA (ACT. COMERCIALIZACIÓN RE) 100 GENERACION ZONA ESPAÑOLA RE Mercado Solar Foto,ZA1,,,,,,OMIE exact unit code,
NXVD328,UOF,SOLAR OLI,,,NEXUS ENERGÍA (ACT. COMERCIALIZACIÓN RE) 100 GENERACION ZONA ESPAÑOLA RE Mercado Solar Foto,ZA2,,,,,,OMIE exact unit code,
NXVD329,UOF,SOLAR VA,,,NEXUS ENERGÍA (ACT. COMERCIALIZACIÓN RE) 100 GENERACION ZONA ESPAÑOLA RE Mercado Solar Foto,RDE,,,,,,OMIE exact unit code,
NXVD330,UOF,SOLAR CA,,,NEXUS ENERGÍA (ACT. COMERCIALIZACIÓN RE) 100 GENERACION ZONA ESPAÑOLA RE Mercado Solar Foto,ERA,,,,,,OMIE exact unit code,
NXVD331,UOF,SOLAR AL,,,NEXUS ENERGÍA (ACT. COMERCIALIZACIÓN RE) 100 GENERACION ZONA ESPAÑOLA RE Mercado Solar Foto,ROBO,I,,,,,OMIE exact unit code,
NXVD332,UOF,SOLAR AL,,,NEXUS ENERGÍA (ACT. COMERCIALIZACIÓN RE) 100 GENERACION ZONA ESPAÑOLA RE Mercado Solar Foto,ROBO,II,,,,,OMIE exact unit code,
NXVD333,UOF,SOLAR AL,,,NEXUS ENERGÍA (ACT. COMERCIALIZACIÓN RE) 100 GENERACION ZONA ESPAÑOLA RE Mercado Solar Foto,ROBO,III,,,,,OMIE exact unit code,
NXVD334,UOF,SOLAR CO,,,NEXUS ENERGÍA (ACT. COMERCIALIZACIÓN RE) 100 GENERACION ZONA ESPAÑOLA RE Mercado Solar Foto,ERAS,,,,,,OMIE exact unit code,
NXVD335,UOF,SOLAR LO,,,NEXUS ENERGÍA (ACT. COMERCIALIZACIÓN RE) 100 GENERACION ZONA ESPAÑOLA RE Mercado Solar Foto,A,,,,,,OMIE exact unit code,
NXVD336,UOF,SOLAR LA,,,NEXUS ENERGÍA (ACT. COMERCIALIZACIÓN RE) 100 GENERACION ZONA ESPAÑOLA RE Mercado Solar Foto,IA,,,,,,OMIE exact unit code,
NXVD337,UOF,SOLAR LA,,,NEXUS ENERGÍA (ACT. COMERCIALIZACIÓN RE) 100 GENERACION ZONA ESPAÑOLA RE Mercado Solar Foto,LANA,,,,,,OMIE exact unit code,
NXVD338,UOF,SOLAR TU,,,NEXUS ENERGÍA (ACT. COMERCIALIZACIÓN RE) 100 GENERACION ZONA ESPAÑOLA RE Mercado Solar Foto,TO,,,,,,OMIE exact unit code,
NXVD339,UOF,SOLAR LO,,,NEXUS ENERGÍA (ACT. COMERCIALIZACIÓN RE) 100 GENERACION ZONA ESPAÑOLA RE Mercado Solar Foto,N,,,,,,OMIE exact unit code,
NXVD340,UOF,SOLAR SA,,,NEXUS ENERGÍA (ACT. COMERCIALIZACIÓN RE) 100 GENERACION ZONA ESPAÑOLA RE Mercado Solar Foto,LAYO,,,,,,OMIE exact unit code,
NXVD341,UOF,SOLAR BE,,,NEXUS ENERGÍA (ACT. COMERCIALIZACIÓN RE) 100 GENERACION ZONA ESPAÑOLA RE Mercado Solar Foto,HON3,,,,,,OMIE exact unit code,
NXVD342,UOF,SOLAR LA,,,NEXUS ENERGÍA (ACT. COMERCIALIZACIÓN RE) 100 GENERACION ZONA ESPAÑOLA RE Mercado Solar Foto,,,,,,,OMIE exact unit code,
NXVD344,UOF,SOLAR DU,,,NEXUS ENERGÍA (ACT. COMERCIALIZACIÓN RE) 100 GENERACION ZONA ESPAÑOLA RE Mercado Solar Foto,EA 5,,,,,,OMIE exact unit code,
NXVD345,UOF,SOLAR DU,,,NEXUS ENERGÍA (ACT. COMERCIALIZACIÓN RE) 100 GENERACION ZONA ESPAÑOLA RE Mercado Solar Foto,EA 6,,,,,,OMIE exact unit code,
NXVD349,UOF,SOLAR AL,,,NEXUS ENERGÍA (ACT. COMERCIALIZACIÓN RE) 100 GENERACION ZONA ESPAÑOLA RE Mercado Solar Foto,LA,,,,,,OMIE exact unit code,
NXVD350,UOF,SOLAR YE,,,NEXUS ENERGÍA (ACT. COMERCIALIZACIÓN RE) 100 GENERACION ZONA ESPAÑOLA RE Mercado Solar Foto,1,,,,,,OMIE exact unit code,
NXVD351,UOF,SOLAR YE,,,NEXUS ENERGÍA (ACT. COMERCIALIZACIÓN RE) 100 GENERACION ZONA ESPAÑOLA RE Mercado Solar Foto,2,,,,,,OMIE exact unit code,
NXVD352,UOF,SOLAR YE,,,NEXUS ENERGÍA (ACT. COMERCIALIZACIÓN RE) 100 GENERACION ZONA ESPAÑOLA RE Mercado Solar Foto,3,,,,,,OMIE exact unit code,
NXVD353,UOF,SOLAR BA,,,NEXUS ENERGÍA (ACT. COMERCIALIZACIÓN RE) 100 GENERACION ZONA ESPAÑOLA RE Mercado Solar Foto,S,,,,,,OMIE exact unit code,
NXVD354,UOF,SOLAR AB,,,NEXUS ENERGÍA (ACT. COMERCIALIZACIÓN RE) 100 GENERACION ZONA ESPAÑOLA RE Mercado Solar Foto,JAR,,,,,,OMIE exact unit code,
NXVD355,UOF,SOLAR TIN,,,NEXUS ENERGÍA (ACT. COMERCIALIZACIÓN RE) 100 GENERACION ZONA ESPAÑOLA RE Mercado Solar Foto,ROS 1,,,,,,OMIE exact unit code,
NXVD356,UOF,SOLAR TIN,,,NEXUS ENERGÍA (ACT. COMERCIALIZACIÓN RE) 100 GENERACION ZONA ESPAÑOLA RE Mercado Solar Foto,ROS 2,,,,,,OMIE exact unit code,
NXVD357,UOF,SOLAR QU,,,NEXUS ENERGÍA (ACT. COMERCIALIZACIÓN RE) 100 GENERACION ZONA ESPAÑOLA RE Mercado Solar Foto,E 3,,,,,,OMIE exact unit code,
NXVD358,UOF,SOLAR TA,,,NEXUS ENERGÍA (ACT. COMERCIALIZACIÓN RE) 100 GENERACION ZONA ESPAÑOLA RE Mercado Solar Foto,ELA 1,,,,,,OMIE exact unit code,
NXVD359,UOF SOLAR,TALAYUELA 2,,,COMERCIALIZACIÓN RE) 100 GENERACION ZONA ESPAÑOLA RE Mercado Solar,ENERGÍA,(ACT.,,,,,OMIE exact unit code,
NXVD363,UOF SOLAR,LA HERRERA,,,COMERCIALIZACIÓN RE) 100 GENERACION ZONA ESPAÑOLA RE Mercado Solar,ENERGÍA,(ACT.,,,,,OMIE exact unit code,
NXVD364,UOF SOLAR,PITIEGUA,,,COMERCIALIZACIÓN RE) 100 GENERACION ZONA ESPAÑOLA RE Mercado Solar,ENERGÍA,(ACT.,,,,,OMIE exact unit code,
NXVD365,MURCIA1,,,,COMERCIALIZACIÓN RE) 100 GENERACION ZONA ESPAÑOLA RE Mercado Solar,ENERGÍA,(ACT.,,,,,OMIE exact unit code,
NXVD366,UOF SOLAR,MURCIA 2,,,COMERCIALIZACIÓN RE) 100 GENERACION ZONA ESPAÑOLA RE Mercado Solar,ENERGÍA,(ACT.,,,,,OMIE exact unit code,
NXVD367,UOF SOLAR,NOBLEJAS,,,COMERCIALIZACIÓN RE) 100 GENERACION ZONA ESPAÑOLA RE Mercado Solar,ENERGÍA,(ACT.,,,,,OMIE exact unit code,
NXVD368,UOF SOLAR,CORVERA,,,COMERCIALIZACIÓN RE) 100 GENERACION ZONA ESPAÑOLA RE Mercado Solar,ENERGÍA,(ACT.,,,,,OMIE exact unit code,
NXVD370,UOF SOLAR,JUNEDA,,,COMERCIALIZACIÓN RE) 100 GENERACION ZONA ESPAÑOLA RE Mercado Solar,ENERGÍA,(ACT.,,,,,OMIE exact unit code,
NXVD371,UOF SOLAR,BELMEZ 1,,,COMERCIALIZACIÓN RE) 100 GENERACION ZONA ESPAÑOLA RE Mercado Solar,ENERGÍA,(ACT.,,,,,OMIE exact unit code,
NXVD372,UOF SOLAR,BELMEZ 2,,,COMERCIALIZACIÓN RE) 100 GENERACION ZONA ESPAÑOLA RE Mercado Solar,ENERGÍA,(ACT.,,,,,OMIE exact unit code,
NXVD377,UOF SOLAR,ALYA,,,COMERCIALIZACIÓN RE) 100 GENERACION ZONA ESPAÑOLA RE Mercado Solar,ENERGÍA,(ACT.,,,,,OMIE exact unit code,
NXVD378,UOF SOLAR,ALAMAK,,,COMERCIALIZACIÓN RE) 100 GENERACION ZONA ESPAÑOLA RE Mercado Solar,ENERGÍA,(ACT.,,,,,OMIE exact unit code,
NXVD380,UOF SOLAR,LA TRUCHA,,,COMERCIALIZACIÓN RE) 100 GENERACION ZONA ESPAÑOLA RE Mercado Solar,ENERGÍA,(ACT.,,,,,OMIE exact unit code,
NXVD381,UOF SOLAR,LAS MULAS,,,COMERCIALIZACIÓN RE) 100 GENERACION ZONA ESPAÑOLA RE Mercado Solar,ENERGÍA,(ACT.,,,,,OMIE exact unit code,
NXVD382,UOF SOLAR,LAS CAPILLAS,,,COMERCIALIZACIÓN RE) 100 GENERACION ZONA ESPAÑOLA RE Mercado Solar,ENERGÍA,(ACT.,,,,,OMIE exact unit code,
NXVD383,UOF SOLAR,BURGO DE OSMA1,,,COMERCIALIZACIÓN RE) 100 GENERACION ZONA ESPAÑOLA RE Mercado Solar,ENERGÍA,(ACT.,,,,,OMIE exact unit code,
NXVD384,UOF SOLAR,BURGO DE OSMA2,,,COMERCIALIZACIÓN RE) 100 GENERACION ZONA ESPAÑOLA RE Mercado Solar,ENERGÍA,(ACT.,,,,,OMIE exact unit code,
NXVD385,UOF SOLAR,RABIZAS,,,COMERCIALIZACIÓN RE) 100 GENERACION ZONA ESPAÑOLA RE Mercado Solar,ENERGÍA,(ACT.,,,,,OMIE exact unit code,
NXVD386,UOF SOLAR,CALATRAVA 2,,,COMERCIALIZACIÓN RE) 100 GENERACION ZONA ESPAÑOLA RE Mercado Solar,ENERGÍA,(ACT.,,,,,OMIE exact unit code,
NXVD387,UOF SOLAR,LENTISCO,,,COMERCIALIZACIÓN RE) 100 GENERACION ZONA ESPAÑOLA RE Mercado Solar,ENERGÍA,(ACT.,,,,,OMIE exact unit code,
NXVD389,UOF SOLAR,LOS BROVALES,,,COMERCIALIZACIÓN RE) 100 GENERACION ZONA ESPAÑOLA RE Mercado Solar,ENERGÍA,(ACT.,,,,,OMIE exact unit code,
NXVD392,UOF SOLAR,,,,COMERCIALIZACIÓN RE) 100 GENERACION ZONA ESPAÑOLA RE Mercado Solar,ENERGÍA,(ACT.,,,,,OMIE exact unit code,
NXVD393,UOF SOLAR,INDINA,,,COMERCIALIZACIÓN RE) 100 GENERACION ZONA ESPAÑOLA RE Mercado Solar,ENERGÍA,(ACT.,,,,,OMIE exact unit code,
NXVD394,UOF SOLAR,LOS BROVALES2,,,COMERCIALIZACIÓN RE) 100 GENERACION ZONA ESPAÑOLA RE Mercado Solar,ENERGÍA,(ACT.,,,,,OMIE exact unit code,
NXVD395,UOF SOLAR,LARRAL,,,COMERCIALIZACIÓN RE) 100 GENERACION ZONA ESPAÑOLA RE Mercado Solar,ENERGÍA,(ACT.,,,,,OMIE exact unit code,
NXVD396,UOF SOLAR,LA PEÑAZA,,,COMERCIALIZACIÓN RE) 100 GENERACION ZONA ESPAÑOLA RE Mercado Solar,ENERGÍA,(ACT.,,,,,OMIE exact unit code,
NXVD397,UOF EOLICA,TABLARES,,,COMERCIALIZACIÓN RE) 100 GENERACION ZONA ESPAÑOLA RE Mercado Eólica,ENERGÍA,(ACT.,,,,,OMIE exact unit code,
NXVD399,UOF SOLAR,BROVALES 1,,,COMERCIALIZACIÓN RE) 100 GENERACION ZONA ESPAÑOLA RE Mercado Solar,ENERGÍA,(ACT.,,,,,OMIE exact unit code,
NXVD400,UOF SOLAR,LAS CABEZUELAS,,,COMERCIALIZACIÓN RE) 100 GENERACION ZONA ESPAÑOLA RE Mercado Solar,ENERGÍA,(ACT.,,,,,OMIE exact unit code,
NXVD403,UOF SOLAR,LAS BRISAS,,,COMERCIALIZACIÓN RE) 100 GENERACION ZONA ESPAÑOLA RE Mercado Solar,ENERGÍA,(ACT.,,,,,OMIE exact unit code,
NXVD404,UOF SOLAR,VALLOBAR,,,COMERCIALIZACIÓN RE) 100 GENERACION ZONA ESPAÑOLA RE Mercado Solar,ENERGÍA,(ACT.,,,,,OMIE exact unit code,
NXVD405,UOF SOLAR,LA PEÑA 1,,,COMERCIALIZACIÓN RE) 100 GENERACION ZONA ESPAÑOLA RE Mercado Solar,ENERGÍA,(ACT.,,,,,OMIE exact unit code,
NXVD406,UOF SOLAR,LA PEÑA 2,,,COMERCIALIZACIÓN RE) 100 GENERACION ZONA ESPAÑOLA RE Mercado Solar,ENERGÍA,(ACT.,,,,,OMIE exact unit code,
NXVD407,UOF SOLAR,LA PUEBLA 2,,,COMERCIALIZACIÓN RE) 100 GENERACION ZONA ESPAÑOLA RE Mercado Solar,ENERGÍA,(ACT.,,,,,OMIE exact unit code,
NXVD408,UOF SOLAR,LOS POLLOS,,,COMERCIALIZACIÓN RE) 100 GENERACION ZONA ESPAÑOLA RE Mercado Solar,ENERGÍA,(ACT.,,,,,OMIE exact unit code,
NXVD409,UOF SOLAR,SANTA CATALINA,,,COMERCIALIZACIÓN RE) 100 GENERACION ZONA ESPAÑOLA RE Mercado Solar,ENERGÍA,(ACT.,,,,,OMIE exact unit code,
NXVD410,UOF SOLAR,BADAJOZ 9,,,COMERCIALIZACIÓN RE) 100 GENERACION ZONA ESPAÑOLA RE Mercado Solar,ENERGÍA,(ACT.,,,,,OMIE exact unit code,
NXVD411,UOF SOLAR,PELEAS 14,,,COMERCIALIZACIÓN RE) 100 GENERACION ZONA ESPAÑOLA RE Mercado Solar,ENERGÍA,(ACT.,,,,,OMIE exact unit code,
NXVD412,UOF SOLAR,MERIDA 19,,,COMERCIALIZACIÓN RE) 100 GENERACION ZONA ESPAÑOLA RE Mercado Solar,ENERGÍA,(ACT.,,,,,OMIE exact unit code,
NXVD413,UOF SOLAR,ALBETA 1,,,COMERCIALIZACIÓN RE) 100 GENERACION ZONA ESPAÑOLA RE Mercado Solar,ENERGÍA,(ACT.,,,,,OMIE exact unit code,
NXVD414,UOF SOLAR,ALBETA 2,,,COMERCIALIZACIÓN RE) 100 GENERACION ZONA ESPAÑOLA RE Mercado Solar,ENERGÍA,(ACT.,,,,,OMIE exact unit code,
NXVD415,UOF SOLAR,ARBA,,,COMERCIALIZACIÓN RE) 100 GENERACION ZONA ESPAÑOLA RE Mercado Solar,ENERGÍA,(ACT.,,,,,OMIE exact unit code,
NXVD416,UOF SOLAR,NOEZ,,,COMERCIALIZACIÓN RE) 100 GENERACION ZONA ESPAÑOLA RE Mercado Solar,ENERGÍA,(ACT.,,,,,OMIE exact unit code,
NXVD417,UOF SOLAR,MAZARAMBROZ,,,COMERCIALIZACIÓN RE) 100 GENERACION ZONA ESPAÑOLA RE Mercado Solar,ENERGÍA,(ACT.,,,,,OMIE exact unit code,
NXVD418,UOF EOLICA,SOTAVENTO,,,COMERCIALIZACIÓN RE) 100 GENERACION ZONA ESPAÑOLA RE Mercado Eólica,ENERGÍA,(ACT.,,,,,OMIE exact unit code,
NXVD419,UOF SOLAR,NOVELDA I,,,COMERCIALIZACIÓN RE) 100 GENERACION ZONA ESPAÑOLA RE Mercado Solar,ENERGÍA,(ACT.,,,,,OMIE exact unit code,
NXVD421,UOF SOLAR,VERDINALES,,,COMERCIALIZACIÓN RE) 100 GENERACION ZONA ESPAÑOLA RE Mercado Solar,ENERGÍA,(ACT.,,,,,OMIE exact unit code,
NXVD422,UOF SOLAR,SOLNOCTIS6,,,COMERCIALIZACIÓN RE) 100 GENERACION ZONA ESPAÑOLA RE Mercado Solar,ENERGÍA,(ACT.,,,,,OMIE exact unit code,
NXVD423,UOF SOLAR,OBAGOLS,,,COMERCIALIZACIÓN RE) 100 GENERACION ZONA ESPAÑOLA RE Mercado Solar,ENERGÍA,(ACT.,,,,,OMIE exact unit code,
NXVD424,UOF SOLAR,CANILES,,,COMERCIALIZACIÓN RE) 100 GENERACION ZONA ESPAÑOLA RE Mercado Solar,ENERGÍA,(ACT.,,,,,OMIE exact unit code,
NXVD426,UOF SOLAR,ARCA,,,COMERCIALIZACIÓN RE) 100 GENERACION ZONA ESPAÑOLA RE Mercado Solar,ENERGÍA,(ACT.,,,,,OMIE exact unit code,
NXVD427,UOF EOLICA,COMIOLICA,,,COMERCIALIZACIÓN RE) 100 GENERACION ZONA ESPAÑOLA RE Mercado Eólica,ENERGÍA,(ACT.,,,,,OMIE exact unit code,
NXVD428,UOF TERMO,SOLAR ARIES1,,,COMERCIALIZACIÓN RE) 100 GENERACION ZONA ESPAÑOLA RE Mercado Solar,ENERGÍA,(ACT.,,,,,OMIE exact unit code,
NXVD429,UOF TERMO,SOLAR ARIES2,,,COMERCIALIZACIÓN RE) 100 GENERACION ZONA ESPAÑOLA RE Mercado Solar,ENERGÍA,(ACT.,,,,,OMIE exact unit code,
NXVD430,UOF TERMO,SOLAR DIOXIPE,,,COMERCIALIZACIÓN RE) 100 GENERACION ZONA ESPAÑOLA RE Mercado Solar,ENERGÍA,(ACT.,,,,,OMIE exact unit code,
NXVD431,UOF SOLAR,CARMONA,,,COMERCIALIZACIÓN RE) 100 GENERACION ZONA ESPAÑOLA RE Mercado Solar,ENERGÍA,(ACT.,,,,,OMIE exact unit code,
NXVD432,UOF SOLAR,CARMONA 1,,,COMERCIALIZACIÓN RE) 100 GENERACION ZONA ESPAÑOLA RE Mercado Solar,ENERGÍA,(ACT.,,,,,OMIE exact unit code,
NXVD433,UOF SOLAR,BARCONES,,,COMERCIALIZACIÓN RE) 100 GENERACION ZONA ESPAÑOLA RE Mercado Solar,ENERGÍA,(ACT.,,,,,OMIE exact unit code,
NXVD438,UOF,SOLAR CEN,,,ENERGÍA (ACT. COMERCIALIZACIÓN RE) 100 GENERACION ZONA ESPAÑOLA RE Mercado Solar Foto,1,NEXUS,,,,,OMIE exact unit code,
NXVD439,UOF,SOLAR CEN,,,ENERGÍA (ACT. COMERCIALIZACIÓN RE) 100 GENERACION ZONA ESPAÑOLA RE Mercado Solar Foto,2,NEXUS,,,,,OMIE exact unit code,
NXVD440,UOF,SOLAR CEN,,,ENERGÍA (ACT. COMERCIALIZACIÓN RE) 100 GENERACION ZONA ESPAÑOLA RE Mercado Solar Foto,3,NEXUS,,,,,OMIE exact unit code,
NXVD442,UOF,SOLAR SIBE,,,ENERGÍA (ACT. COMERCIALIZACIÓN RE) 100 GENERACION ZONA ESPAÑOLA RE Mercado Solar Foto,,NEXUS,,,,,OMIE exact unit code,
NXVD443,UOF,SOLAR CELE,,,ENERGÍA (ACT. COMERCIALIZACIÓN RE) 100 GENERACION ZONA ESPAÑOLA RE Mercado Solar Foto,,NEXUS,,,,,OMIE exact unit code,
NXVD444,UOF,SOLAR GUA,,,ENERGÍA (ACT. COMERCIALIZACIÓN RE) 100 GENERACION ZONA ESPAÑOLA RE Mercado Solar Foto,N 81,NEXUS,,,,,OMIE exact unit code,
NXVD446,UOF,SOLAR MAD,,,ENERGÍA (ACT. COMERCIALIZACIÓN RE) 100 GENERACION ZONA ESPAÑOLA RE Mercado Solar Foto,,NEXUS,,,,,OMIE exact unit code,
NXVD447,UOF,SOLAR MAD,,,ENERGÍA (ACT. COMERCIALIZACIÓN RE) 100 GENERACION ZONA ESPAÑOLA RE Mercado Solar Foto,,NEXUS,,,,,OMIE exact unit code,
NXVD448,UOF,RESIDUOS J,,,ENERGÍA (ACT. COMERCIALIZACIÓN RE) 100 GENERACION ZONA ESPAÑOLA RE Mercado Térmica R,,NEXUS,,,,,OMIE exact unit code,
NXVD449,UOF,SOLAR CON,,,ENERGÍA (ACT. COMERCIALIZACIÓN RE) 100 GENERACION ZONA ESPAÑOLA RE Mercado Solar Foto,,NEXUS,,,,,OMIE exact unit code,
NXVD450,UOF,SOLAR SAN,,,ENERGÍA (ACT. COMERCIALIZACIÓN RE) 100 GENERACION ZONA ESPAÑOLA RE Mercado Solar Foto,BAL,NEXUS,,,,,OMIE exact unit code,
NXVD452,UOF,SOLAR ERU,,,ENERGÍA (ACT. COMERCIALIZACIÓN RE) 100 GENERACION ZONA ESPAÑOLA RE Mercado Solar Foto,,NEXUS,,,,,OMIE exact unit code,
NXVD453,UOF,SOLAR PED,,,ENERGÍA (ACT. COMERCIALIZACIÓN RE) 100 GENERACION ZONA ESPAÑOLA RE Mercado Solar Foto,,NEXUS,,,,,OMIE exact unit code,
NXVD454,UOF,SOLAR SAN,,,ENERGÍA (ACT. COMERCIALIZACIÓN RE) 100 GENERACION ZONA ESPAÑOLA RE Mercado Solar Foto,NTE,NEXUS,,,,,OMIE exact unit code,
NXVD456,UOF,SOLAR ALC,,,ENERGÍA (ACT. COMERCIALIZACIÓN RE) 100 GENERACION ZONA ESPAÑOLA RE Mercado Solar Foto,,NEXUS,,,,,OMIE exact unit code,
NXVD457,UOF,SOLAR ZAN,,,ENERGÍA (ACT. COMERCIALIZACIÓN RE) 100 GENERACION ZONA ESPAÑOLA RE Mercado Solar Foto,,NEXUS,,,,,OMIE exact unit code,
NXVD458,UOF,SOLAR VILL,,,ENERGÍA (ACT. COMERCIALIZACIÓN RE) 100 GENERACION ZONA ESPAÑOLA RE Mercado Solar Foto,,NEXUS,,,,,OMIE exact unit code,
NXVD459,UOF,SOLAR BASI,,,ENERGÍA (ACT. COMERCIALIZACIÓN RE) 100 GENERACION ZONA ESPAÑOLA RE Mercado Solar Foto,,NEXUS,,,,,OMIE exact unit code,
NXVD460,UOF,SOLAR NAV,,,ENERGÍA (ACT. COMERCIALIZACIÓN RE) 100 GENERACION ZONA ESPAÑOLA RE Mercado Solar Foto,,NEXUS,,,,,OMIE exact unit code,
NXVD461,UOF,SOLAR OLIV,,,ENERGÍA (ACT. COMERCIALIZACIÓN RE) 100 GENERACION ZONA ESPAÑOLA RE Mercado Solar Foto,,NEXUS,,,,,OMIE exact unit code,
NXVD462,UOF,SOLAR DEG,,,ENERGÍA (ACT. COMERCIALIZACIÓN RE) 100 GENERACION ZONA ESPAÑOLA RE Mercado Solar Foto,,NEXUS,,,,,OMIE exact unit code,
NXVD463,UOF,SOLAR MAN,,,ENERGÍA (ACT. COMERCIALIZACIÓN RE) 100 GENERACION ZONA ESPAÑOLA RE Mercado Solar Foto,E,NEXUS,,,,,OMIE exact unit code,
NXVD464,UOF,SOLAR ULLD,,,ENERGÍA (ACT. COMERCIALIZACIÓN RE) 100 GENERACION ZONA ESPAÑOLA RE Mercado Solar Foto,,NEXUS,,,,,OMIE exact unit code,
NXVD465,UOF,SOLAR LA G,,,ENERGÍA (ACT. COMERCIALIZACIÓN RE) 100 GENERACION ZONA ESPAÑOLA RE Mercado Solar Foto,,NEXUS,,,,,OMIE exact unit code,
NXVD466,UOF,SOLAR SAN,,,ENERGÍA (ACT. COMERCIALIZACIÓN RE) 100 GENERACION ZONA ESPAÑOLA RE Mercado Solar Foto,NTE,NEXUS,,,,,OMIE exact unit code,
NXVD467,UOF,SOLAR CABI,,,ENERGÍA (ACT. COMERCIALIZACIÓN RE) 100 GENERACION ZONA ESPAÑOLA RE Mercado Solar Foto,,NEXUS,,,,,OMIE exact unit code,
NXVD468,UOF,SOLAR ATA,,,ENERGÍA (ACT. COMERCIALIZACIÓN RE) 100 GENERACION ZONA ESPAÑOLA RE Mercado Solar Foto,,NEXUS,,,,,OMIE exact unit code,
NXVD471,UOF,SOLAR OND,,,ENERGÍA (ACT. COMERCIALIZACIÓN RE) 100 GENERACION ZONA ESPAÑOLA RE Mercado Solar Foto,,NEXUS,,,,,OMIE exact unit code,
NXVD472,UOF,SOLAR YUN,,,ENERGÍA (ACT. COMERCIALIZACIÓN RE) 100 GENERACION ZONA ESPAÑOLA RE Mercado Solar Foto,,NEXUS,,,,,OMIE exact unit code,
NXVD473,UOF,SOLAR FAG,,,ENERGÍA (ACT. COMERCIALIZACIÓN RE) 100 GENERACION ZONA ESPAÑOLA RE Mercado Solar Foto,,NEXUS,,,,,OMIE exact unit code,
NXVD474,UOF,SOLAR CAS,,,ENERGÍA (ACT. COMERCIALIZACIÓN RE) 100 GENERACION ZONA ESPAÑOLA RE Mercado Solar Foto,,NEXUS,,,,,OMIE exact unit code,
NXVD475,UOF,SOLAR COR,,,ENERGÍA (ACT. COMERCIALIZACIÓN RE) 100 GENERACION ZONA ESPAÑOLA RE Mercado Solar Foto,,NEXUS,,,,,OMIE exact unit code,
NXVD476,UOF,SOLAR BET,,,ENERGÍA (ACT. COMERCIALIZACIÓN RE) 100 GENERACION ZONA ESPAÑOLA RE Mercado Solar Foto,,NEXUS,,,,,OMIE exact unit code,
NXVD477,UOF,SOLAR GAM,,,ENERGÍA (ACT. COMERCIALIZACIÓN RE) 100 GENERACION ZONA ESPAÑOLA RE Mercado Solar Foto,,NEXUS,,,,,OMIE exact unit code,
NXVD478,UOF,SOLAR PAR,,,ENERGÍA (ACT. COMERCIALIZACIÓN RE) 100 GENERACION ZONA ESPAÑOLA RE Mercado Solar Foto,,NEXUS,,,,,OMIE exact unit code,
NXVD479,UOF,SOLAR PAR,,,ENERGÍA (ACT. COMERCIALIZACIÓN RE) 100 GENERACION ZONA ESPAÑOLA RE Mercado Solar Foto,,NEXUS,,,,,OMIE exact unit code,
NXVD480,UOF,SOLAR PAR,,,ENERGÍA (ACT. COMERCIALIZACIÓN RE) 100 GENERACION ZONA ESPAÑOLA RE Mercado Solar Foto,,NEXUS,,,,,OMIE exact unit code,
NXVD481,UOF,SOLAR PAR,,,ENERGÍA (ACT. COMERCIALIZACIÓN RE) 100 GENERACION ZONA ESPAÑOLA RE Mercado Solar Foto,,NEXUS,,,,,OMIE exact unit code,
NXVD482,UOF,SOLAR PAR,,,ENERGÍA (ACT. COMERCIALIZACIÓN RE) 100 GENERACION ZONA ESPAÑOLA RE Mercado Solar Foto,,NEXUS,,,,,OMIE exact unit code,
NXVD483,UOF,SOLAR PAR,,,ENERGÍA (ACT. COMERCIALIZACIÓN RE) 100 GENERACION ZONA ESPAÑOLA RE Mercado Solar Foto,,NEXUS,,,,,OMIE exact unit code,
NXVD484,UOF,SOLAR ARP,,,ENERGÍA (ACT. COMERCIALIZACIÓN RE) 100 GENERACION ZONA ESPAÑOLA RE Mercado Solar Foto,,NEXUS,,,,,OMIE exact unit code,
NXVD485,UOF,SOLAR EKIO,,,ENERGÍA (ACT. COMERCIALIZACIÓN RE) 100 GENERACION ZONA ESPAÑOLA RE Mercado Solar Foto,,NEXUS,,,,,OMIE exact unit code,
NXVD486,UOF,SOLAR MIRA,,,ENERGÍA (ACT. COMERCIALIZACIÓN RE) 100 GENERACION ZONA ESPAÑOLA RE Mercado Solar Foto,,NEXUS,,,,,OMIE exact unit code,
NXVD487,UOF,SOLAR CUB,,,ENERGÍA (ACT. COMERCIALIZACIÓN RE) 100 GENERACION ZONA ESPAÑOLA RE Mercado Solar Foto,,NEXUS,,,,,OMIE exact unit code,
NXVD488,UOF,SOLAR PHIL,,,ENERGÍA (ACT. COMERCIALIZACIÓN RE) 100 GENERACION ZONA ESPAÑOLA RE Mercado Solar Foto,,NEXUS,,,,,OMIE exact unit code,
NXVD489,UOF,SOLAR SOL,,,ENERGÍA (ACT. COMERCIALIZACIÓN RE) 100 GENERACION ZONA ESPAÑOLA RE Mercado Solar Foto,O,NEXUS,,,,,OMIE exact unit code,
NXVD490,UOF,SOLAR ALBE,,,ENERGÍA (ACT. COMERCIALIZACIÓN RE) 100 GENERACION ZONA ESPAÑOLA RE Mercado Solar Foto,,NEXUS,,,,,OMIE exact unit code,
NXVD491,UOF,SOLAR TOR,,,ENERGÍA (ACT. COMERCIALIZACIÓN RE) 100 GENERACION ZONA ESPAÑOLA RE Mercado Solar Foto,A,NEXUS,,,,,OMIE exact unit code,
NXVD493,UOF,SOLAR ALO,,,ENERGÍA (ACT. COMERCIALIZACIÓN RE) 100 GENERACION ZONA ESPAÑOLA RE Mercado Solar Foto,,NEXUS,,,,,OMIE exact unit code,
NXVD494,UOF,SOLAR TAU,,,ENERGÍA (ACT. COMERCIALIZACIÓN RE) 100 GENERACION ZONA ESPAÑOLA RE Mercado Solar Foto,,NEXUS,,,,,OMIE exact unit code,
NXVD495,UOF,SOLAR TEBA,,,ENERGÍA (ACT. COMERCIALIZACIÓN RE) 100 GENERACION ZONA ESPAÑOLA RE Mercado Solar Foto,,NEXUS,,,,,OMIE exact unit code,
NXVD496,UOF,SOLAR CAN,,,ENERGÍA (ACT. COMERCIALIZACIÓN RE) 100 GENERACION ZONA ESPAÑOLA RE Mercado Solar Foto,,NEXUS,,,,,OMIE exact unit code,
NXVD497,UOF,HIDRO LEIR,,,ENERGÍA (ACT. COMERCIALIZACIÓN RE) 100 GENERACION ZONA ESPAÑOLA RE Mercado Hidráulica,,NEXUS,,,,,OMIE exact unit code,
NXVD498,UOF,SOLAR ABA,,,ENERGÍA (ACT. COMERCIALIZACIÓN RE) 100 GENERACION ZONA ESPAÑOLA RE Mercado Solar Foto,,NEXUS,,,,,OMIE exact unit code,
NXVD499,UOF,SOLAR CLAS,,,ENERGÍA (ACT. COMERCIALIZACIÓN RE) 100 GENERACION ZONA ESPAÑOLA RE Mercado Solar Foto,,NEXUS,,,,,OMIE exact unit code,
NXVD500,UOF,SOLAR LA S,,,ENERGÍA (ACT. COMERCIALIZACIÓN RE) 100 GENERACION ZONA ESPAÑOLA RE Mercado Solar Foto,,NEXUS,,,,,OMIE exact unit code,
NXVD501,UOF,SOLAR CAM,,,ENERGÍA (ACT. COMERCIALIZACIÓN RE) 100 GENERACION ZONA ESPAÑOLA RE Mercado Solar Foto,AR,NEXUS,,,,,OMIE exact unit code,
NXVD502,UOF,SOLAR SAN,,,ENERGÍA (ACT. COMERCIALIZACIÓN RE) 100 GENERACION ZONA ESPAÑOLA RE Mercado Solar Foto,,NEXUS,,,,,OMIE exact unit code,
NXVD503,UOF,SOLAR RIBADELA,,,(ACT. COMERCIALIZACIÓN RE) 100 GENERACION ZONA ESPAÑOLA RE Mercado Solar Foto,NEXUS,ENERGÍA,,,,,OMIE exact unit code,
NXVD504,UOF,SOLAR LEA ARTIB,,,(ACT. COMERCIALIZACIÓN RE) 100 GENERACION ZONA ESPAÑOLA RE Mercado Solar Foto,NEXUS,ENERGÍA,,,,,OMIE exact unit code,
NXVD505,UOF,SOLAR GORBEIAL,,,(ACT. COMERCIALIZACIÓN RE) 100 GENERACION ZONA ESPAÑOLA RE Mercado Solar Foto,NEXUS,ENERGÍA,,,,,OMIE exact unit code,
NXVD506,UOF,PALLERUELA,,,(ACT. COMERCIALIZACIÓN RE) 100 GENERACION ZONA ESPAÑOLA RE Mercado Solar Foto,NEXUS,ENERGÍA,,,,,OMIE exact unit code,
NXVD509,UOF,SOLAR PR2,,,(ACT. COMERCIALIZACIÓN RE) 100 GENERACION ZONA ESPAÑOLA RE Mercado Solar Foto,NEXUS,ENERGÍA,,,,,OMIE exact unit code,
NXVD510,UOF,SOLAR PR3,,,(ACT. COMERCIALIZACIÓN RE) 100 GENERACION ZONA ESPAÑOLA RE Mercado Solar Foto,NEXUS,ENERGÍA,,,,,OMIE exact unit code,
NXVD511,UOF,SOLAR PARQUE 1,,,(ACT. COMERCIALIZACIÓN RE) 100 GENERACION ZONA ESPAÑOLA RE Mercado Solar Foto,NEXUS,ENERGÍA,,,,,OMIE exact unit code,
NXVD512,UOF,SOLAR ERGON,,,(ACT. COMERCIALIZACIÓN RE) 100 GENERACION ZONA ESPAÑOLA RE Mercado Solar Foto,NEXUS,ENERGÍA,,,,,OMIE exact unit code,
NXVD513,UOF,SOLAR ALMORAU,,,(ACT. COMERCIALIZACIÓN RE) 100 GENERACION ZONA ESPAÑOLA RE Mercado Solar Foto,NEXUS,ENERGÍA,,,,,OMIE exact unit code,
NXVD514,UOF,SOLAR MER2,,,(ACT. COMERCIALIZACIÓN RE) 100 GENERACION ZONA ESPAÑOLA RE Mercado Solar Foto,NEXUS,ENERGÍA,,,,,OMIE exact unit code,
NXVD515,UOF,SOLAR MER3,,,(ACT. COMERCIALIZACIÓN RE) 100 GENERACION ZONA ESPAÑOLA RE Mercado Solar Foto,NEXUS,ENERGÍA,,,,,OMIE exact unit code,
NXVD516,UOF,HIBRIDA RIO EBR,,,(ACT. COMERCIALIZACIÓN RE) 100 GENERACION ZONA ESPAÑOLA RE Mercado Eólica,NEXUS,ENERGÍA,,,,,OMIE exact unit code,
NXVD517,UOF,SOLAR TERRER,,,(ACT. COMERCIALIZACIÓN RE) 100 GENERACION ZONA ESPAÑOLA RE Mercado Solar Foto,NEXUS,ENERGÍA,,,,,OMIE exact unit code,
NXVD518,UOF,HIBRIDA RIO EBR,,,(ACT. COMERCIALIZACIÓN RE) 100 GENERACION ZONA ESPAÑOLA RE Mercado Eólica,NEXUS,ENERGÍA,,,,,OMIE exact unit code,
NXVD519,UOF,SOLAR ZARATAN,,,(ACT. COMERCIALIZACIÓN RE) 100 GENERACION ZONA ESPAÑOLA RE Mercado Solar Foto,NEXUS,ENERGÍA,,,,,OMIE exact unit code,
NXVD520,UOF,SOLAR EL RODEO,,,(ACT. COMERCIALIZACIÓN RE) 100 GENERACION ZONA ESPAÑOLA RE Mercado Solar Foto,NEXUS,ENERGÍA,,,,,OMIE exact unit code,
NXVD521,UOF,SOLAR VALENTIN,,,(ACT. COMERCIALIZACIÓN RE) 100 GENERACION ZONA ESPAÑOLA RE Mercado Solar Foto,NEXUS,ENERGÍA,,,,,OMIE exact unit code,
NXVD522,UOF,SOLAR BECERRIL,,,(ACT. COMERCIALIZACIÓN RE) 100 GENERACION ZONA ESPAÑOLA RE Mercado Solar Foto,NEXUS,ENERGÍA,,,,,OMIE exact unit code,
NXVD523,UOF,SOLAR PALOMER,,,(ACT. COMERCIALIZACIÓN RE) 100 GENERACION ZONA ESPAÑOLA RE Mercado Solar Foto,NEXUS,ENERGÍA,,,,,OMIE exact unit code,
NXVD524,UOF,RESIDUOS RESID,,,(ACT. COMERCIALIZACIÓN RE) 100 GENERACION ZONA ESPAÑOLA RE Mercado Térmica R,NEXUS,ENERGÍA,,,,,OMIE exact unit code,
NXVD525,UOF,RESIDUOS VACAR,,,(ACT. COMERCIALIZACIÓN RE) 100 GENERACION ZONA ESPAÑOLA RE Mercado Térmica R,NEXUS,ENERGÍA,,,,,OMIE exact unit code,
NXVD526,UOF,RESIDUOS RENDI,,,(ACT. COMERCIALIZACIÓN RE) 100 GENERACION ZONA ESPAÑOLA RE Mercado Térmica R,NEXUS,ENERGÍA,,,,,OMIE exact unit code,
NXVD527,UOF,RESIDUOS VERT A,,,(ACT. COMERCIALIZACIÓN RE) 100 GENERACION ZONA ESPAÑOLA RE Mercado Térmica R,NEXUS,ENERGÍA,,,,,OMIE exact unit code,
NXVD528,UOF,HIDRO BAUSEN,,,(ACT. COMERCIALIZACIÓN RE) 100 GENERACION ZONA ESPAÑOLA RE Mercado Hidráulica,NEXUS,ENERGÍA,,,,,OMIE exact unit code,
NXVD529,UOF,SOLAR SAN VALE,,,(ACT. COMERCIALIZACIÓN RE) 100 GENERACION ZONA ESPAÑOLA RE Mercado Solar Foto,NEXUS,ENERGÍA,,,,,OMIE exact unit code,
NXVD530,UOF,HIBRIDA PEDROLA,,,(ACT. COMERCIALIZACIÓN RE) 100 GENERACION ZONA ESPAÑOLA Híbrida Reno vable,NEXUS,ENERGÍA,,,,,OMIE exact unit code,
NXVD531,UOF,HIBRIDA AGUILA,,,(ACT. COMERCIALIZACIÓN RE) 100 GENERACION ZONA ESPAÑOLA Híbrida Reno vable,NEXUS,ENERGÍA,,,,,OMIE exact unit code,
NXVD532,UOF,HIBRIDA AGUILI,,,(ACT. COMERCIALIZACIÓN RE) 100 GENERACION ZONA ESPAÑOLA Híbrida Reno vable,NEXUS,ENERGÍA,,,,,OMIE exact unit code,
NXVD533,UOF,SOLAR CIBANAL,,,(ACT. COMERCIALIZACIÓN RE) 100 GENERACION ZONA ESPAÑOLA RE Mercado Solar Foto,NEXUS,ENERGÍA,,,,,OMIE exact unit code,
NXVD534,UOF,SOLAR CARRASC,,,(ACT. COMERCIALIZACIÓN RE) 100 GENERACION ZONA ESPAÑOLA RE Mercado Solar Foto,NEXUS,ENERGÍA,,,,,OMIE exact unit code,
NXVD535,UOF,SOLAR CARROCE,,,(ACT. COMERCIALIZACIÓN RE) 100 GENERACION ZONA ESPAÑOLA RE Mercado Solar Foto,NEXUS,ENERGÍA,,,,,OMIE exact unit code,
NXVD536,UOF,SOLAR POWERSO,,,(ACT. COMERCIALIZACIÓN RE) 100 GENERACION ZONA ESPAÑOLA RE Mercado Solar Foto,NEXUS,ENERGÍA,,,,,OMIE exact unit code,
NXVD537,UOF,SOLAR VILLAQUIR,,,(ACT. COMERCIALIZACIÓN RE) 100 GENERACION ZONA ESPAÑOLA RE Mercado Solar Foto,NEXUS,ENERGÍA,,,,,OMIE exact unit code,
NXVD538,UOF,SOLAR MARCHEN,,,(ACT. COMERCIALIZACIÓN RE) 100 GENERACION ZONA ESPAÑOLA RE Mercado Solar Foto,NEXUS,ENERGÍA,,,,,OMIE exact unit code,
NXVD539,UOF,SOLAR GUADALC,,,(ACT. COMERCIALIZACIÓN RE) 100 GENERACION ZONA ESPAÑOLA RE Mercado Solar Foto,NEXUS,ENERGÍA,,,,,OMIE exact unit code,
NXVD540,UOF,SOLAR ALMODOV,,,(ACT. COMERCIALIZACIÓN RE) 100 GENERACION ZONA ESPAÑOLA RE Mercado Solar Foto,NEXUS,ENERGÍA,,,,,OMIE exact unit code,
NXVD541,UOF,SOLAR ALMODOV,,,(ACT. COMERCIALIZACIÓN RE) 100 GENERACION ZONA ESPAÑOLA RE Mercado Solar Foto,NEXUS,ENERGÍA,,,,,OMIE exact unit code,
NXVD542,UOF,SOLAR RUSANDO,,,(ACT. COMERCIALIZACIÓN RE) 100 GENERACION ZONA ESPAÑOLA RE Mercado Solar Foto,NEXUS,ENERGÍA,,,,,OMIE exact unit code,
NXVD543,UOF,SOLAR PQ1,,,(ACT. COMERCIALIZACIÓN RE) 100 GENERACION ZONA ESPAÑOLA RE Mercado Solar Foto,NEXUS,ENERGÍA,,,,,OMIE exact unit code,
NXVD544,UOF,SOLAR REY1,,,(ACT. COMERCIALIZACIÓN RE) 100 GENERACION ZONA ESPAÑOLA RE Mercado Solar Foto,NEXUS,ENERGÍA,,,,,OMIE exact unit code,
NXVD545,UOF,SOLAR REY2,,,(ACT. COMERCIALIZACIÓN RE) 100 GENERACION ZONA ESPAÑOLA RE Mercado Solar Foto,NEXUS,ENERGÍA,,,,,OMIE exact unit code,
NXVD546,UOF,SOLAR REY3,,,(ACT. COMERCIALIZACIÓN RE) 100 GENERACION ZONA ESPAÑOLA RE Mercado Solar Foto,NEXUS,ENERGÍA,,,,,OMIE exact unit code,
NXVD547,UOF,SOLAR REY4,,,(ACT. COMERCIALIZACIÓN RE) 100 GENERACION ZONA ESPAÑOLA RE Mercado Solar Foto,NEXUS,ENERGÍA,,,,,OMIE exact unit code,
NXVD548,UOF,HIBRIDA COSCOJ,,,(ACT. COMERCIALIZACIÓN RE) 100 GENERACION ZONA ESPAÑOLA Híbrida Reno vable,NEXUS,ENERGÍA,,,,,OMIE exact unit code,
NXVD549,UOF,SOLAR MERINERO,,,(ACT. COMERCIALIZACIÓN RE) 100 GENERACION ZONA ESPAÑOLA RE Mercado Solar Foto,NEXUS,ENERGÍA,,,,,OMIE exact unit code,
NXVD550,UOF,SOLAR YUNCLILL,,,(ACT. COMERCIALIZACIÓN RE) 100 GENERACION ZONA ESPAÑOLA RE Mercado Solar Foto,NEXUS,ENERGÍA,,,,,OMIE exact unit code,
NXVD551,UOF,SOLAR PINTA,,,(ACT. COMERCIALIZACIÓN RE) 100 GENERACION ZONA ESPAÑOLA RE Mercado Solar Foto,NEXUS,ENERGÍA,,,,,OMIE exact unit code,
NXVD553,UOF,SOLAR PALMAR,,,(ACT. COMERCIALIZACIÓN RE) 100 GENERACION ZONA ESPAÑOLA RE Mercado Solar Foto,NEXUS,ENERGÍA,,,,,OMIE exact unit code,
NXVD556,UOF,SOLAR CHUCENA,,,(ACT. COMERCIALIZACIÓN RE) 100 GENERACION ZONA ESPAÑOLA RE Mercado Solar Foto,NEXUS,ENERGÍA,,,,,OMIE exact unit code,
NXVD557,UOF,SOLAR AZNALCOL,,,(ACT. COMERCIALIZACIÓN RE) 100 GENERACION ZONA ESPAÑOLA RE Mercado Solar Foto,NEXUS,ENERGÍA,,,,,OMIE exact unit code,
NXVD558,UF S,OLAR CARMONA 1,,,(ACT. COMERCIALIZACIÓN RE) 100 GENERACION ZONA ESPAÑOLA RE Mercado Solar Foto,NEXUS,ENERGÍA,,,,,OMIE exact unit code,
NXVD559,UOF,SOLAR CARMONA,,,(ACT. COMERCIALIZACIÓN RE) 100 GENERACION ZONA ESPAÑOLA RE Mercado Solar Foto,NEXUS,ENERGÍA,,,,,OMIE exact unit code,
NXVD560,UOF,SOLAR CARMONA,,,(ACT. COMERCIALIZACIÓN RE) 100 GENERACION ZONA ESPAÑOLA RE Mercado Solar Foto,NEXUS,ENERGÍA,,,,,OMIE exact unit code,
NXVD561,UOF,SOLAR HUELVES,,,(ACT. COMERCIALIZACIÓN RE) 100 GENERACION ZONA ESPAÑOLA RE Mercado Solar Foto,NEXUS,ENERGÍA,,,,,OMIE exact unit code,
NXVD562,UOF,SOLAR CACERES,,,(ACT. COMERCIALIZACIÓN RE) 100 GENERACION ZONA ESPAÑOLA RE Mercado Solar Foto,NEXUS,ENERGÍA,,,,,OMIE exact unit code,
NXVD563,UOF,SOLAR CASAQUE,,,(ACT. COMERCIALIZACIÓN RE) 100 GENERACION ZONA ESPAÑOLA RE Mercado Solar Foto,NEXUS,ENERGÍA,,,,,OMIE exact unit code,
NXVD564,UOF,SOLAR CACERES,,,(ACT. COMERCIALIZACIÓN RE) 100 GENERACION ZONA ESPAÑOLA RE Mercado Solar Foto,NEXUS,ENERGÍA,,,,,OMIE exact unit code,
NXVD565,UOF,SOLAR ALSEMUR,,,(ACT. COMERCIALIZACIÓN RE) 100 GENERACION ZONA ESPAÑOLA RE Mercado Solar Foto,NEXUS,ENERGÍA,,,,,OMIE exact unit code,
NXVD566,UOF SOLAR ALSEMUR2,NEXUS ENERGÍA (,,,R E) 100 GENERACION ZONA ESPAÑOLA RE Mercado Solar Foto,C,OMERCIALIZACIÓN,,,,,OMIE exact unit code,
NXVD567,UOF SOLAR ALSEMUR3,NEXUS ENERGÍA (,,,R E) 100 GENERACION ZONA ESPAÑOLA RE Mercado Solar Foto,C,OMERCIALIZACIÓN,,,,,OMIE exact unit code,
NXVD568,UOF SOLAR BARROS1,NEXUS ENERGÍA (,,,R E) 100 GENERACION ZONA ESPAÑOLA RE Mercado Solar Foto,C,OMERCIALIZACIÓN,,,,,OMIE exact unit code,
NXVD569,UOF SOLAR BARROS2,NEXUS ENERGÍA (,,,R E) 100 GENERACION ZONA ESPAÑOLA RE Mercado Solar Foto,C,OMERCIALIZACIÓN,,,,,OMIE exact unit code,
NXVD570,UOF SOLAR VALSEQUILLO,NEXUS ENERGÍA (,,,R E) 100 GENERACION ZONA ESPAÑOLA RE Mercado Solar Foto,C,OMERCIALIZACIÓN,,,,,OMIE exact unit code,
NXVD571,UOF EOLICA VALDEHIERRO,NEXUS ENERGÍA (,,,R E) 100 GENERACION ZONA ESPAÑOLA RE Mercado Eólica,C,OMERCIALIZACIÓN,,,,,OMIE exact unit code,
NXVD572,UOF SOLAR PISORACA 3,NEXUS ENERGÍA (,,,R E) 100 GENERACION ZONA ESPAÑOLA RE Mercado Solar Foto,C,OMERCIALIZACIÓN,,,,,OMIE exact unit code,
NXVD573,UOF SOLAR PISORACA 2,NEXUS ENERGÍA (,,,R E) 100 GENERACION ZONA ESPAÑOLA RE Mercado Solar Foto,C,OMERCIALIZACIÓN,,,,,OMIE exact unit code,
NXVD574,UOF SOLAR GRIJOTA 5,NEXUS ENERGÍA (,,,R E) 100 GENERACION ZONA ESPAÑOLA RE Mercado Solar Foto,C,OMERCIALIZACIÓN,,,,,OMIE exact unit code,
NXVD575,UOF SOLAR GRIJOTA 4,NEXUS ENERGÍA (,,,R E) 100 GENERACION ZONA ESPAÑOLA RE Mercado Solar Foto,C,OMERCIALIZACIÓN,,,,,OMIE exact unit code,
NXVD576,UOF HIBRIDA SUNRISE,NEXUS ENERGÍA (,,,R E) 100 GENERACION ZONA ESPAÑOLA RE Mercado Solar Foto,C,OMERCIALIZACIÓN,,,,,OMIE exact unit code,
NXVD577,UOF SOLAR FRAGA1,NEXUS ENERGÍA (,,,R E) 100 GENERACION ZONA ESPAÑOLA RE Mercado Solar Foto,C,OMERCIALIZACIÓN,,,,,OMIE exact unit code,
NXVD578,UOF SOLAR GUTERA,NEXUS ENERGÍA (,,,R E) 100 GENERACION ZONA ESPAÑOLA RE Mercado Solar Foto,C,OMERCIALIZACIÓN,,,,,OMIE exact unit code,
NXVD579,UOF SOLAR ALLIUM,NEXUS ENERGÍA (,,,R E) 100 GENERACION ZONA ESPAÑOLA RE Mercado Solar Foto,C,OMERCIALIZACIÓN,,,,,OMIE exact unit code,
NXVD580,UOF SOLAR VILLACAÑAS,NEXUS ENERGÍA (,,,R E) 100 GENERACION ZONA ESPAÑOLA RE Mercado Solar Foto,C,OMERCIALIZACIÓN,,,,,OMIE exact unit code,
NXVD581,UOF SOLAR EL BOYAL,NEXUS ENERGÍA (,,,R E) 100 GENERACION ZONA ESPAÑOLA RE Mercado Solar Foto,C,OMERCIALIZACIÓN,,,,,OMIE exact unit code,
NXVD582,UOF SOLAR CORVERA,NEXUS ENERGÍA (,,,R E) 100 GENERACION ZONA ESPAÑOLA RE Mercado Solar Foto,C,OMERCIALIZACIÓN,,,,,OMIE exact unit code,
NXVD583,UOF SOLAR BRAZATORTAS 1,NEXUS ENERGÍA (,,,R E) 100 GENERACION ZONA ESPAÑOLA RE Mercado Solar Foto,C,OMERCIALIZACIÓN,,,,,OMIE exact unit code,
NXVD586,UOF SOLAR LLIRIA,NEXUS ENERGÍA (,,,R E) 100 GENERACION ZONA ESPAÑOLA RE Mercado Solar Foto,C,OMERCIALIZACIÓN,,,,,OMIE exact unit code,
NXVD587,UOF SOLAR GRIJOTA 3,NEXUS ENERGÍA (,,,R E) 100 GENERACION ZONA ESPAÑOLA RE Mercado Solar Foto,C,OMERCIALIZACIÓN,,,,,OMIE exact unit code,
NXVD588,UOF SOLAR URRETXUKO,NEXUS ENERGÍA (,,,R E) 100 GENERACION ZONA ESPAÑOLA RE Mercado Solar Foto,C,OMERCIALIZACIÓN,,,,,OMIE exact unit code,
NXVD589,UOF SOLAR MARTIN,NEXUS ENERGÍA (,,,R E) 100 GENERACION ZONA ESPAÑOLA RE Mercado Solar Foto,C,OMERCIALIZACIÓN,,,,,OMIE exact unit code,
NXVD590,UOF SOLAR INIESTA,NEXUS ENERGÍA (,,,R E) 100 GENERACION ZONA ESPAÑOLA RE Mercado Solar Foto,C,OMERCIALIZACIÓN,,,,,OMIE exact unit code,
NXVD591,UOF SOLAR VILLAMECA I,NEXUS ENERGÍA (,,,R E) 100 GENERACION ZONA ESPAÑOLA RE Mercado Solar Foto,C,OMERCIALIZACIÓN,,,,,OMIE exact unit code,
NXVD592,UOF SOLAR VILLAMECA II,NEXUS ENERGÍA (,,,R E) 100 GENERACION ZONA ESPAÑOLA RE Mercado Solar Foto,C,OMERCIALIZACIÓN,,,,,OMIE exact unit code,
NXVD593,UOF SOLAR MAGASQUILLA,NEXUS ENERGÍA (,,,R E) 100 GENERACION ZONA ESPAÑOLA RE Mercado Solar Foto,C,OMERCIALIZACIÓN,,,,,OMIE exact unit code,
NXVD594,UOF SOLAR HUMILLADERO,NEXUS ENERGÍA (,,,R E) 100 GENERACION ZONA ESPAÑOLA RE Mercado Solar Foto,C,OMERCIALIZACIÓN,,,,,OMIE exact unit code,
NXVD595,UF SOLAR REBUSCO,NEXUS ENERGÍA (,,,R E) 100 GENERACION ZONA ESPAÑOLA RE Mercado Solar Foto,C,OMERCIALIZACIÓN,,,,,OMIE exact unit code,
NXVD596,UF SOLAR CONDECILLO,NEXUS ENERGÍA (,,,R E) 100 GENERACION ZONA ESPAÑOLA RE Mercado Solar Foto,C,OMERCIALIZACIÓN,,,,,OMIE exact unit code,
NXVD597,UOF SOLAR ERUELA,NEXUS ENERGÍA (,,,R E) 100 GENERACION ZONA ESPAÑOLA RE Mercado Solar Foto,C,OMERCIALIZACIÓN,,,,,OMIE exact unit code,
OENV02,UN FISICA1,"OENEO ENERGY,L",,,  100 GENERACION ZONA PORTUGUESA RE Tarifa CU R (uof),,,,,,,OMIE exact unit code,
OPPRE01,REPRESENTACION FV,ESTRATEGIAS EL,,,A.  100 GENERACION ZONA ESPAÑOLA RE Mercado Solar Foto,IC,AS INTEGRALES S.,,,,,OMIE exact unit code,
PALOS1,C.C. PALOS 1,GAS NATURAL CO,,,  100 GENERACION ZONA ESPAÑOLA Ciclo Combin ado,CI,ALIZADORA,,,,,OMIE exact unit code,
PALOS2,C.C. PALOS 2,GAS NATURAL CO,,,  100 GENERACION ZONA ESPAÑOLA Ciclo Combin ado,CI,ALIZADORA,,,,,OMIE exact unit code,
PALOS3,C.C. PALOS 3,GAS NATURAL CO,,,  100 GENERACION ZONA ESPAÑOLA Ciclo Combin ado,CI,ALIZADORA,,,,,OMIE exact unit code,
PBCN1,C.C. PUERTO BARCELONA 1,GAS NATURAL CO,,,  100 GENERACION ZONA ESPAÑOLA Ciclo Combin ado,CI,ALIZADORA,,,,,OMIE exact unit code,
PBCN2,C.C. PUERTO DE BARCELONA 2,GAS NATURAL CO,,,  100 GENERACION ZONA ESPAÑOLA Ciclo Combin ado,CI,ALIZADORA,,,,,OMIE exact unit code,
PEGO3,CICLO COMBINADO EN PORTUGAL,ENDESA GENERA,Endesa,derived_from_legal_name,  100 GENERACION ZONA PORTUGUESA Ciclo Combin ado,S,.A.,,,,,OMIE exact unit code,https://www.endesa.com/
PEGO4,CICLO COMBINADO EN PORTUGAL,ENDESA GENERA,Endesa,derived_from_legal_name,  100 GENERACION ZONA PORTUGUESA Ciclo Combin ado,S,.A.,,,,,OMIE exact unit code,https://www.endesa.com/
PEURE01,"ANSERALL I,II,III",PRODUCTORA EL,,,.L . 100 GENERACION ZONA ESPAÑOLA RE Mercado Hidráulica,IC,"A URGELENSE-1, S",,,,,OMIE exact unit code,
PEURE02,UO SANTA LUCIA,PRODUCTORA EL,,,.L . 100 GENERACION ZONA ESPAÑOLA RE Mercado Hidráulica,IC,"A URGELENSE-1, S",,,,,OMIE exact unit code,
PGR5,C.C. PUENTES 5,ENDESA GENERA,Endesa,derived_from_legal_name,  100 GENERACION ZONA ESPAÑOLA Ciclo Combin ado,S,.A.,,,,,OMIE exact unit code,https://www.endesa.com/
PHENV02,PH VENDA,"PH ENERGIA, LDA",,,  100 GENERACION ZONA PORTUGUESA RE Tarifa CU R (uof),,,,,,,OMIE exact unit code,
PLGRE01,PLANA C.G. R.E.001,PLANA CAN GUITA,,,  100 GENERACION ZONA ESPAÑOLA RE Mercado Térmica n,.L,.,,,,,OMIE exact unit code,
PORTV02,PORTULOGOSAUTOCONSUMO,PORTULOGOS PO,,,  100 GENERACION ZONA PORTUGUESA RE Tarifa CU R (uof),L,DA,,,,,OMIE exact unit code,
PTLIV02,FOTOVOLTAICOS,MEO ENERGIA CO,,,G IA SA 100 GENERACION ZONA PORTUGUESA RE Tarifa CU R (uof),CI,ALIZACAO DE ENER,,,,,OMIE exact unit code,
PULRE01,PULSAR REPR 01,PULSAR SERVICIO,,,  100 GENERACION ZONA ESPAÑOLA RE Mercado Térmica R,E,RGÉTICOS SL,,,,,OMIE exact unit code,
PVENT1,C.C. PLANA DE VENT 1,GAS NATURAL CO,,,  100 GENERACION ZONA ESPAÑOLA Ciclo Combin ado,CI,ALIZADORA,,,,,OMIE exact unit code,
PVENT2,C.C. PLANA DE VENT 2,ALPIQ ENERGÍA E,,,  100 GENERACION ZONA ESPAÑOLA Ciclo Combin ado,"A,",S.A.U.,,,,,OMIE exact unit code,
PWPV02,UNIDADE VENDA,POWER PLUS II - C,,,"ER GIA, LDA. 100 GENERACION ZONA PORTUGUESA RE Tarifa CU R (uof)",R,CIALIZACAO DE EN,,,,,OMIE exact unit code,
PZCPR,PZCPR,REPSOL GENERA,Repsol,derived_from_legal_name,  100 GENERACION ZONA ESPAÑOLA Hidráulica Ge neración,E,"LÉCTRICA, S.A",,,,,OMIE exact unit code,https://www.repsol.com/
RABID2R,COG. LA RABIDA II,SERVICIOS ENER,,,"C IA, S.A 100 GENERACION ZONA ESPAÑOLA RE Mercado Térmica n",O,S DE ALTA EFICIEN,,,,,OMIE exact unit code,
RDQ1,RINCON DEL DUQUE 1,WIND TO MARKET,,,N RE) 100 GENERACION ZONA ESPAÑOLA Hidráulica Ge neración,.:,COMERCIALIZACIÓ,,,,,OMIE exact unit code,
RDQ2,RINCON DEL DUQUE 2,WIND TO MARKET,,,N RE) 100 GENERACION ZONA ESPAÑOLA Hidráulica Ge neración,.:,COMERCIALIZACIÓ,,,,,OMIE exact unit code,
REPPLL,REPSOL PUERTOLLANO,REPSOL FUELS S,Repsol,derived_from_legal_name,  100 GENERACION ZONA ESPAÑOLA RE Mercado Térmica n,,,,,,,OMIE exact unit code,https://www.repsol.com/
REPR,REPRIMALA,WIND TO MARKET,,,N RE) 100 GENERACION ZONA ESPAÑOLA Hidráulica Ge neración,.:,COMERCIALIZACIÓ,,,,,OMIE exact unit code,
REPTV02,UN. PROPIAS AUTO,CONSUMO CON EX,,,   100 GENERACION ZONA PORTUGUESA RE Tarifa CU R (uof),"ESA, L",DA,,,,,OMIE exact unit code,
REPVD01,UD A TARIFA REPS,OL,,,   100 GENERACION ZONA ESPAÑOLA RE Mercado Térmica n,,,,,,,OMIE exact unit code,
REPVD02,COG2 CARTAGENA,,,,   100 GENERACION ZONA ESPAÑOLA RE Mercado Térmica n,,,,,,,OMIE exact unit code,
REPVD03,PETRONOR VENTA,A TARIFA,,,   100 GENERACION ZONA ESPAÑOLA RE Mercado Térmica n,,,,,,,OMIE exact unit code,
REPVD04,PETRONOR1 VENT,A A TARIFA,,,   100 GENERACION ZONA ESPAÑOLA RE Mercado Térmica n,,,,,,,OMIE exact unit code,
REPVD05,REPVD05,,,,   100 GENERACION ZONA ESPAÑOLA RE Mercado Térmica n,,,,,,,OMIE exact unit code,
REPVD06,REPVD06,,,,   100 GENERACION ZONA ESPAÑOLA RE Mercado Térmica n,,,,,,,OMIE exact unit code,
REPVD07,REPVD07,,,,   100 GENERACION ZONA ESPAÑOLA RE Mercado Térmica n,,,,,,,OMIE exact unit code,
RESRE01,CABEZO,,,,SU CURSAL  100 GENERACION ZONA ESPAÑOLA RE Mercado Eólica,GY SR,L SPAIN,,,,,OMIE exact unit code,
RESRE02,CARRECASTRO,,,,SU CURSAL  100 GENERACION ZONA ESPAÑOLA RE Mercado Eólica,GY SR,L SPAIN,,,,,OMIE exact unit code,
RESRE03,DEHESILLA I,,,,SU CURSAL  100 GENERACION ZONA ESPAÑOLA RE Mercado Eólica,GY SR,L SPAIN,,,,,OMIE exact unit code,
RESRE04,DEHESILLA 2,,,,SU CURSAL  100 GENERACION ZONA ESPAÑOLA RE Mercado Eólica,GY SR,L SPAIN,,,,,OMIE exact unit code,
RESRE05,ESQUILVENT,,,,SU CURSAL  100 GENERACION ZONA ESPAÑOLA RE Mercado Eólica,GY SR,L SPAIN,,,,,OMIE exact unit code,
RESRE06,SAN LORENZO C,,,,SU CURSAL  100 GENERACION ZONA ESPAÑOLA RE Mercado Eólica,GY SR,L SPAIN,,,,,OMIE exact unit code,
RESRE07,SAN LORENZO D,,,,SU CURSAL  100 GENERACION ZONA ESPAÑOLA RE Mercado Eólica,GY SR,L SPAIN,,,,,OMIE exact unit code,
RESSECR,C.H. RESSEC,,,,.   100 GENERACION ZONA ESPAÑOLA Hidráulica Ge neración,IO MA,"DRID, S.L",,,,,OMIE exact unit code,
RIBATE1,C.C. RIBATEJO 1,,,,   100 GENERACION ZONA PORTUGUESA Ciclo Combin ado,AL S.A,.,,,,,OMIE exact unit code,
RIBATE2,C.C. RIBATEJO 2,,,,   100 GENERACION ZONA PORTUGUESA Ciclo Combin ado,AL S.A,.,,,,,OMIE exact unit code,
RIBATE3,C.C. RIBATEJO 3,,,,   100 GENERACION ZONA PORTUGUESA Ciclo Combin ado,AL S.A,.,,,,,OMIE exact unit code,
RIVRE01,RIVAS VENDEDOR,REG.ESPECIAL 01,,,MA DRID  100 GENERACION ZONA ESPAÑOLA RE Mercado Solar Foto,RIVA,S-VACIA,,,,,OMIE exact unit code,
RMU1,RIO MUERTO,,,,IA LIZACIÓN RE ) 100 GENERACION ZONA ESPAÑOLA Hidráulica Ge neración,ACT.:,COMERC,,,,,OMIE exact unit code,
ROFVD01,ROFEICA ENERGIA,VENTA,,,   100 GENERACION ZONA ESPAÑOLA RE Mercado Térmica n,S.A.,,,,,,OMIE exact unit code,
ROFVD02,ROFVD02,,,,   100 GENERACION ZONA ESPAÑOLA RE Mercado Térmica n,S.A.,,,,,,OMIE exact unit code,
RPTRTAR,REPSOL PETRÓLE,O TARRAGONA,,,   100 GENERACION ZONA ESPAÑOLA RE Mercado Térmica n,,,,,,,OMIE exact unit code,
RSEVD02,VENTAS FV MENOR,ES 1 MW,,,   100 GENERACION ZONA ESPAÑOLA RE Mercado Solar Foto,ESPA,"ÑA, S.A.",,,,,OMIE exact unit code,
RSEVD03,VENTAS HIDRAULI,CA MENOR 1 MW,,,   100 GENERACION ZONA ESPAÑOLA RE Mercado Hidráulica,ESPA,"ÑA, S.A.",,,,,OMIE exact unit code,
RSEVD04,VENTAS EOLICA M,ENORES 1 MW,,,   100 GENERACION ZONA ESPAÑOLA RE Mercado Eólica,ESPA,"ÑA, S.A.",,,,,OMIE exact unit code,
RSPVD01,VENTAS TECNOLO,GIA HIDRAULICA,,,"A, S.A.  100 GENERACION ZONA ESPAÑOLA RE Mercado Hidráulica",MEDIT,ERRANI,,,,,OMIE exact unit code,
RSPVD02,VENTES SOLAR FO,TOVOLTAICA,,,"A, S.A.  100 GENERACION ZONA ESPAÑOLA RE Mercado Solar Foto",MEDIT,ERRANI,,,,,OMIE exact unit code,
RSPVD03,VENTAS FOTOVOL,TAICAS > 1MW,,,"A, S.A.  100 GENERACION ZONA ESPAÑOLA RE Mercado Solar Foto",MEDIT,ERRANI,,,,,OMIE exact unit code,
RSPVD05,HIDRO > 1MW,,,,"A, S.A.  100 GENERACION ZONA ESPAÑOLA RE Mercado Hidráulica",MEDIT,ERRANI,,,,,OMIE exact unit code,
RSPVD06,VENTA TERMICA-B,IOGAS MENOR 1MW,,,"A, S.A.  100 GENERACION ZONA ESPAÑOLA RE Mercado Térmica R",MEDIT,ERRANI,,,,,OMIE exact unit code,
RZABAL,VALORIZACION DE,RESIDUOS DT-1,,,IA LIZACIÓN RE ) 100 GENERACION ZONA ESPAÑOLA RE Mercado Térmica n,ACT.:,COMERC,,,,,OMIE exact unit code,
SAGU1,C.C. SAGUNTO 1,,,,RA   100 GENERACION ZONA ESPAÑOLA Ciclo Combin ado,ERCI,ALIZADO,,,,,OMIE exact unit code,
SAGU2,C.C. SAGUNTO 2,,,,RA   100 GENERACION ZONA ESPAÑOLA Ciclo Combin ado,ERCI,ALIZADO,,,,,OMIE exact unit code,
SAGU3,C.C. SAGUNTO 3,,,,RA   100 GENERACION ZONA ESPAÑOLA Ciclo Combin ado,ERCI,ALIZADO,,,,,OMIE exact unit code,
SAMPVD1,SAMPOL TARIFA,,,,   100 GENERACION ZONA ESPAÑOLA RE Mercado Térmica n,A Y O,BRAS,,,,,OMIE exact unit code,
SAMPVD2,SAMPOL TARIFA 2,,,,   100 GENERACION ZONA ESPAÑOLA RE Mercado Térmica n,A Y O,BRAS,,,,,OMIE exact unit code,
SAN1,SANGUESA,,,,IA LIZACIÓN RE ) 100 GENERACION ZONA ESPAÑOLA Hidráulica Ge neración,ACT.:,COMERC,,,,,OMIE exact unit code,
SBEU,UGH. SIL-BIBEY-EU,ME,,,   100 GENERACION ZONA ESPAÑOLA Hidráulica Ge neración,"IÓN, S",.A.,,,,,OMIE exact unit code,
SBO3,C.C. SABÓN 3,,,,RA   100 GENERACION ZONA ESPAÑOLA Ciclo Combin ado,ERCI,ALIZADO,,,,,OMIE exact unit code,
SEDAVD1,SEDAE RE 1,,,,"TA EFICIENCIA, S.A 100 GENERACION ZONA ESPAÑOLA RE Mercado Térmica n",ETICO,S DE AL,,,,,OMIE exact unit code,
SEDVD02,GEGSAI,,,,"TA EFICIENCIA, S.A 100 GENERACION ZONA ESPAÑOLA RE Mercado Térmica n",ETICO,S DE AL,,,,,OMIE exact unit code,
SEDVD03,GEGSAII,,,,"TA EFICIENCIA, S.A 100 GENERACION ZONA ESPAÑOLA RE Mercado Térmica n",ETICO,S DE AL,,,,,OMIE exact unit code,
SEDVD04,LUBRISU,,,,"S D E A LTA EFICIE NCIA, S.A 100 GENERACION ZONA ESPAÑOLA RE Mercado Térmica n",SERVICIOS ENE,RGETICO,,,,,OMIE exact unit code,
SEDVD05,SEDAE RE1,,,,"S D E A LTA EFICIE NCIA, S.A 100 GENERACION ZONA ESPAÑOLA RE Mercado Térmica n",SERVICIOS ENE,RGETICO,,,,,OMIE exact unit code,
SEDVD06,SEDVD06,,,,"S D E A LTA EFICIE NCIA, S.A 100 GENERACION ZONA ESPAÑOLA RE Mercado Eólica",SERVICIOS ENE,RGETICO,,,,,OMIE exact unit code,
SEDVD07,SEDVD07,,,,"S D E A LTA EFICIE NCIA, S.A 100 GENERACION ZONA ESPAÑOLA RE Mercado Térmica n",SERVICIOS ENE,RGETICO,,,,,OMIE exact unit code,
SERRE01,REPR SERVC,01,,,S A VAN ZADOS SL   100 GENERACION ZONA ESPAÑOLA RE Mercado Solar Foto,SERVICIOS ENE,RGÉTICO,,,,,OMIE exact unit code,
SERRE02,REPR SERVC,02,,,S A VAN ZADOS SL   100 GENERACION ZONA ESPAÑOLA RE Mercado Solar Foto,SERVICIOS ENE,RGÉTICO,,,,,OMIE exact unit code,
SESVD02,HIDRAULICA,,,,     100 GENERACION ZONA ESPAÑOLA RE Mercado Hidráulica,SHELL ESPAÑA,,,,,,OMIE exact unit code,
SESVD03,UNIDAD DE O,FERTA,,,     100 GENERACION ZONA ESPAÑOLA RE Mercado Eólica,SHELL ESPAÑA,,,,,,OMIE exact unit code,
SESVD04,UNIDAD DE O,FERTA,,,     100 GENERACION ZONA ESPAÑOLA RE Mercado Térmica R,SHELL ESPAÑA,,,,,,OMIE exact unit code,
SESVD05,UNIDAD DE O,FERTA,,,     100 GENERACION ZONA ESPAÑOLA RE Mercado Térmica R,SHELL ESPAÑA,,,,,,OMIE exact unit code,
SESVD08,UNIDAD OFE,RTA BIO,,,     100 GENERACION ZONA ESPAÑOLA RE Mercado Térmica R,SHELL ESPAÑA,,,,,,OMIE exact unit code,
SESVD13,UNIDAD FOT,OVOLTA,,,     100 GENERACION ZONA ESPAÑOLA RE Mercado Solar Foto,SHELL ESPAÑA,,,,,,OMIE exact unit code,
SESVD25,ENERPARC A,ASS,,,     100 GENERACION ZONA ESPAÑOLA RE Mercado Solar Foto,SHELL ESPAÑA,,,,,,OMIE exact unit code,
SESVD29,UNIDAD OFE,RTA BIO,,,     100 GENERACION ZONA ESPAÑOLA RE Mercado Térmica R,SHELL ESPAÑA,,,,,,OMIE exact unit code,
SFA1,SAN FAUSTO,1,,,COM ER CIALIZACIÓ N RE ) 100 GENERACION ZONA ESPAÑOLA Hidráulica Ge neración,WIND TO MARKE,T (ACT.:,,,,,OMIE exact unit code,
SFA2,SAN FAUSTO,2,,,COM ER CIALIZACIÓ N RE ) 100 GENERACION ZONA ESPAÑOLA Hidráulica Ge neración,WIND TO MARKE,T (ACT.:,,,,,OMIE exact unit code,
SHEVD01,UNIDAD FOT,OVOLTA,,,LIM ITE D   100 GENERACION ZONA ESPAÑOLA RE Mercado Solar Foto,SHELL ENERGY,EUROPE,,,,,OMIE exact unit code,
SHEVD02,UNIDAD FOT,OVOLTA,,,LIM ITE D   100 GENERACION ZONA ESPAÑOLA RE Mercado Solar Foto,SHELL ENERGY,EUROPE,,,,,OMIE exact unit code,
SHEVD03,UNIDAD FOT,OVOLTA,,,LIM ITE D   100 GENERACION ZONA ESPAÑOLA RE Mercado Solar Foto,SHELL ENERGY,EUROPE,,,,,OMIE exact unit code,
SHEVD04,UNIDAD FOT,OVOLTA,,,LIM ITE D   100 GENERACION ZONA ESPAÑOLA RE Mercado Solar Foto,SHELL ENERGY,EUROPE,,,,,OMIE exact unit code,
SHEVD05,UNIDAD FOT,OVOLTA,,,LIM ITE D   100 GENERACION ZONA ESPAÑOLA RE Mercado Solar Foto,SHELL ENERGY,EUROPE,,,,,OMIE exact unit code,
SHEVD06,UNIDAD FOT,OVOLTA,,,LIM ITE D   100 GENERACION ZONA ESPAÑOLA RE Mercado Solar Foto,SHELL ENERGY,EUROPE,,,,,OMIE exact unit code,
SHEVD07,UNIDAD DE O,FERTA,,,LIM ITE D   100 GENERACION ZONA ESPAÑOLA RE Mercado Solar Foto,SHELL ENERGY,EUROPE,,,,,OMIE exact unit code,
SHEVD08,UNIDAD DE O,FERTA,,,LIM ITE D   100 GENERACION ZONA ESPAÑOLA RE Mercado Solar Foto,SHELL ENERGY,EUROPE,,,,,OMIE exact unit code,
SHEVD09,FV PUERTOL,LANO,,,LIM ITE D   100 GENERACION ZONA ESPAÑOLA RE Mercado Solar Foto,SHELL ENERGY,EUROPE,,,,,OMIE exact unit code,
SHEVD10,FV EL VILLAR,,,,LIM ITE D   100 GENERACION ZONA ESPAÑOLA RE Mercado Solar Foto,SHELL ENERGY,EUROPE,,,,,OMIE exact unit code,
SHEVD11,UNIDAD DE O,FERTA,,,LIM ITE D   100 GENERACION ZONA ESPAÑOLA RE Mercado Solar Foto,SHELL ENERGY,EUROPE,,,,,OMIE exact unit code,
SHEVD12,FV FREYA,,,,LIM ITE D   100 GENERACION ZONA ESPAÑOLA RE Mercado Solar Foto,SHELL ENERGY,EUROPE,,,,,OMIE exact unit code,
SHEVD13,FV DON ROD,RIGO III,,,LIM ITE D   100 GENERACION ZONA ESPAÑOLA RE Mercado Solar Foto,SHELL ENERGY,EUROPE,,,,,OMIE exact unit code,
SHEVD14,FV DON ROD,RIGO IV,,,LIM ITE D   100 GENERACION ZONA ESPAÑOLA RE Mercado Solar Foto,SHELL ENERGY,EUROPE,,,,,OMIE exact unit code,
SHEVD15,FV DON ROD,RIGO V,,,LIM ITE D   100 GENERACION ZONA ESPAÑOLA RE Mercado Solar Foto,SHELL ENERGY,EUROPE,,,,,OMIE exact unit code,
SHEVD16,FV BIANOR,,,,LIM ITE D   100 GENERACION ZONA ESPAÑOLA RE Mercado Solar Foto,SHELL ENERGY,EUROPE,,,,,OMIE exact unit code,
SHEVD17,FUENTE1,,,,LIM ITE D   100 GENERACION ZONA ESPAÑOLA RE Mercado Solar Foto,SHELL ENERGY,EUROPE,,,,,OMIE exact unit code,
SHEVD18,FUENTE2,,,,LIM ITE D   100 GENERACION ZONA ESPAÑOLA RE Mercado Solar Foto,SHELL ENERGY,EUROPE,,,,,OMIE exact unit code,
SHEVD19,FUENTE3,,,,LIM ITE D   100 GENERACION ZONA ESPAÑOLA RE Mercado Solar Foto,SHELL ENERGY,EUROPE,,,,,OMIE exact unit code,
SHEVD20,FUENTE4,,,,LIM ITE D   100 GENERACION ZONA ESPAÑOLA RE Mercado Solar Foto,SHELL ENERGY,EUROPE,,,,,OMIE exact unit code,
SHEVD21,HINOJOSAS,,,,LIM ITE D   100 GENERACION ZONA ESPAÑOLA RE Mercado Solar Foto,SHELL ENERGY,EUROPE,,,,,OMIE exact unit code,
SHEVD22,UO THERMIS,TO (TRI,,,LIM ITE D   100 GENERACION ZONA ESPAÑOLA RE Mercado Solar Foto,SHELL ENERGY,EUROPE,,,,,OMIE exact unit code,
SHEVD23,TELESTO7 (T,RILLO2),,,LIM ITE D   100 GENERACION ZONA ESPAÑOLA RE Mercado Solar Foto,SHELL ENERGY,EUROPE,,,,,OMIE exact unit code,
SHEVD24,UO TETHYS (,TRILLO,,,LIM ITE D   100 GENERACION ZONA ESPAÑOLA RE Mercado Solar Foto,SHELL ENERGY,EUROPE,,,,,OMIE exact unit code,
SHEVD25,UO RHEA (TR,ILLO 4),,,LIM ITE D   100 GENERACION ZONA ESPAÑOLA RE Mercado Solar Foto,SHELL ENERGY,EUROPE,,,,,OMIE exact unit code,
SHEVD26,TELESTO (TR,ILLO5),,,LIM ITE D   100 GENERACION ZONA ESPAÑOLA RE Mercado Solar Foto,SHELL ENERGY,EUROPE,,,,,OMIE exact unit code,
SHEVD27,BIANOR SPV,,,,LIM ITE D   100 GENERACION ZONA ESPAÑOLA RE Mercado Solar Foto,SHELL ENERGY,EUROPE,,,,,OMIE exact unit code,
SHEVD28,FV CANADA A,LTA,,,LIM ITE D   100 GENERACION ZONA ESPAÑOLA RE Mercado Solar Foto,SHELL ENERGY,EUROPE,,,,,OMIE exact unit code,
SHEVD29,UNIDAD PV 2,9,,,LIM ITE D   100 GENERACION ZONA ESPAÑOLA RE Mercado Solar Foto,SHELL ENERGY,EUROPE,,,,,OMIE exact unit code,
SHEVD30,UNIDAD PV 3,0,,,LIM ITE D   100 GENERACION ZONA ESPAÑOLA RE Mercado Solar Foto,SHELL ENERGY,EUROPE,,,,,OMIE exact unit code,
SHEVD31,UNIDAD PV 3,1,,,LIM ITE D   100 GENERACION ZONA ESPAÑOLA RE Mercado Solar Foto,SHELL ENERGY,EUROPE,,,,,OMIE exact unit code,
SHEVD32,UNIDAD EOLI,CA 32,,,LIM ITE D   100 GENERACION ZONA ESPAÑOLA RE Mercado Eólica,SHELL ENERGY,EUROPE,,,,,OMIE exact unit code,
SHEVD33,UNIDAD EOLI,CA 33,,,LIM ITE D   100 GENERACION ZONA ESPAÑOLA RE Mercado Eólica,SHELL ENERGY,EUROPE,,,,,OMIE exact unit code,
SHEVD34,UNIDAD OFE,RTA EO,,,LIM ITE D   100 GENERACION ZONA ESPAÑOLA RE Mercado Eólica,SHELL ENERGY,EUROPE,,,,,OMIE exact unit code,
SIL,UGH. SIL,,,,PAÑ A S ..A.   100 GENERACION ZONA ESPAÑOLA Hidráulica Ge neración,IBERDROLA ENE,RGÍA ES,,,,,OMIE exact unit code,
SIMPVD1,VENTA DE EN,ERGÍA,,,PAÑ A S L   100 GENERACION ZONA ESPAÑOLA RE Mercado Solar Foto,SIMPLES ENERG,IA DE ES,,,,,OMIE exact unit code,
SIMPV02,VENDA DE EN,ERGIA,,,PAÑ A S L   100 GENERACION ZONA PORTUGUESA RE Tarifa CU R (uof),SIMPLES ENERG,IA DE ES,,,,,OMIE exact unit code,
SLRRE01,SOLARIA REP,RESEN,,,ION EN MERCADO S.L.  100 GENERACION ZONA ESPAÑOLA RE Mercado Solar Foto,SOLARIA REPRE,SENTAC,,,,,OMIE exact unit code,
SLRRE02,CENTAURUS,SOLAR,,,ION EN MERCADO S.L.  100 GENERACION ZONA ESPAÑOLA RE Mercado Solar Foto,SOLARIA REPRE,SENTAC,,,,,OMIE exact unit code,
SLRRE03,AQUARII SOL,AR,,,ION EN MERCADO S.L.  100 GENERACION ZONA ESPAÑOLA RE Mercado Solar Foto,SOLARIA REPRE,SENTAC,,,,,OMIE exact unit code,
SLRRE04,MAGACELA SO,LAR,,,E N MERCADO S.L. 100 GENERACION ZONA ESPAÑOLA RE Mercado Solar Fotovoltáica,PRESENT,ACION,,,,,OMIE exact unit code,
SLRRE05,FUENMAYOR,,,,E N MERCADO S.L. 100 GENERACION ZONA ESPAÑOLA RE Mercado Solar Fotovoltáica,PRESENT,ACION,,,,,OMIE exact unit code,
SLRRE06,AURIGA SOLA,R,,,E N MERCADO S.L. 100 GENERACION ZONA ESPAÑOLA RE Mercado Solar Fotovoltáica,PRESENT,ACION,,,,,OMIE exact unit code,
SLRRE07,FV MEDINA,,,,E N MERCADO S.L. 100 GENERACION ZONA ESPAÑOLA RE Mercado Solar Fotovoltáica,PRESENT,ACION,,,,,OMIE exact unit code,
SLRRE08,FV BELINCHON,,,,E N MERCADO S.L. 100 GENERACION ZONA ESPAÑOLA RE Mercado Solar Fotovoltáica,PRESENT,ACION,,,,,OMIE exact unit code,
SLRRE09,CEPHEUS SOL,AR,,,E N MERCADO S.L. 100 GENERACION ZONA ESPAÑOLA RE Mercado Solar Fotovoltáica,PRESENT,ACION,,,,,OMIE exact unit code,
SLRRE10,SCORPIUS SO,LAR,,,E N MERCADO S.L. 100 GENERACION ZONA ESPAÑOLA RE Mercado Solar Fotovoltáica,PRESENT,ACION,,,,,OMIE exact unit code,
SLRRE11,TUCANA SOLA,R,,,E N MERCADO S.L. 100 GENERACION ZONA ESPAÑOLA RE Mercado Solar Fotovoltáica,PRESENT,ACION,,,,,OMIE exact unit code,
SLRRE13,TORDESILLAS,III SOLAR,,,E N MERCADO S.L. 100 GENERACION ZONA ESPAÑOLA RE Mercado Solar Fotovoltáica,PRESENT,ACION,,,,,OMIE exact unit code,
SLRRE14,BALDIO SOLAR,,,,E N MERCADO S.L. 100 GENERACION ZONA ESPAÑOLA RE Mercado Solar Fotovoltáica,PRESENT,ACION,,,,,OMIE exact unit code,
SLRRE15,PALACIOS SOL,AR,,,E N MERCADO S.L. 100 GENERACION ZONA ESPAÑOLA RE Mercado Solar Fotovoltáica,PRESENT,ACION,,,,,OMIE exact unit code,
SLRRE16,VALDELOSA S,OLAR,,,E N MERCADO S.L. 100 GENERACION ZONA ESPAÑOLA RE Mercado Solar Fotovoltáica,PRESENT,ACION,,,,,OMIE exact unit code,
SLRRE17,FV AGREGADA,,,,E N MERCADO S.L. 100 GENERACION ZONA ESPAÑOLA RE Mercado Solar Fotovoltáica,PRESENT,ACION,,,,,OMIE exact unit code,
SLRRE18,DELPHINUS SO,LAR,,,E N MERCADO S.L. 100 GENERACION ZONA ESPAÑOLA RE Mercado Solar Fotovoltáica,PRESENT,ACION,,,,,OMIE exact unit code,
SLRRE19,TELESTO SOL,AR 10,,,E N MERCADO S.L. 100 GENERACION ZONA ESPAÑOLA RE Mercado Solar Fotovoltáica,PRESENT,ACION,,,,,OMIE exact unit code,
SLRRE20,TELESTO SOL,AR 4,,,E N MERCADO S.L. 100 GENERACION ZONA ESPAÑOLA RE Mercado Solar Fotovoltáica,PRESENT,ACION,,,,,OMIE exact unit code,
SLRRE21,TELESTO SOL,AR 9,,,E N MERCADO S.L. 100 GENERACION ZONA ESPAÑOLA RE Mercado Solar Fotovoltáica,PRESENT,ACION,,,,,OMIE exact unit code,
SLRRE22,TORDESILLAS,I SOLAR,,,E N MERCADO S.L. 100 GENERACION ZONA ESPAÑOLA RE Mercado Solar Fotovoltáica,PRESENT,ACION,,,,,OMIE exact unit code,
SLRRE23,HIB HERCULES,GENERACION,,,E N MERCADO S.L. 100 GENERACION ZONA ESPAÑOLA Híbrida Renov.-Alm acenamient,PRESENT,ACION,,,,,OMIE exact unit code,
SLRRE24,DIONE SOLAR,,,,E N MERCADO S.L. 100 GENERACION ZONA ESPAÑOLA RE Mercado Solar Fotovoltáica,PRESENT,ACION,,,,,OMIE exact unit code,
SLRRE25,VOLANS SOLA,R 1,,,E N MERCADO S.L. 100 GENERACION ZONA ESPAÑOLA RE Mercado Solar Fotovoltáica,PRESENT,ACION,,,,,OMIE exact unit code,
SLRRE26,VOLANS SOLA,R 2,,,E N MERCADO S.L. 100 GENERACION ZONA ESPAÑOLA RE Mercado Solar Fotovoltáica,PRESENT,ACION,,,,,OMIE exact unit code,
SLRRE27,JUNO SOLAR 1,,,,E N MERCADO S.L. 100 GENERACION ZONA ESPAÑOLA RE Mercado Solar Fotovoltáica,PRESENT,ACION,,,,,OMIE exact unit code,
SLRRE28,JUNO SOLAR 2,,,,E N MERCADO S.L. 100 GENERACION ZONA ESPAÑOLA RE Mercado Solar Fotovoltáica,PRESENT,ACION,,,,,OMIE exact unit code,
SLRRE29,MIMAS SOLAR,,,,E N MERCADO S.L. 100 GENERACION ZONA ESPAÑOLA RE Mercado Solar Fotovoltáica,PRESENT,ACION,,,,,OMIE exact unit code,
SLRRE30,TITAN SOLAR,,,,E N MERCADO S.L. 100 GENERACION ZONA ESPAÑOLA RE Mercado Solar Fotovoltáica,PRESENT,ACION,,,,,OMIE exact unit code,
SLRRE31,SANTIZ SOLAR,,,,E N MERCADO S.L. 100 GENERACION ZONA ESPAÑOLA RE Mercado Solar Fotovoltáica,PRESENT,ACION,,,,,OMIE exact unit code,
SLRRE32,ARIES SOLAR,,,,E N MERCADO S.L. 100 GENERACION ZONA ESPAÑOLA RE Mercado Solar Fotovoltáica,PRESENT,ACION,,,,,OMIE exact unit code,
SLRRE33,TORDESILLAS,SOLAR II,,,E N MERCADO S.L. 100 GENERACION ZONA ESPAÑOLA RE Mercado Solar Fotovoltáica,PRESENT,ACION,,,,,OMIE exact unit code,
SLRRE34,PEGASO SOLA,R,,,E N MERCADO S.L. 100 GENERACION ZONA ESPAÑOLA RE Mercado Solar Fotovoltáica,PRESENT,ACION,,,,,OMIE exact unit code,
SLRRE35,POLEÑINO SO,LAR,,,E N MERCADO S.L. 100 GENERACION ZONA ESPAÑOLA RE Mercado Solar Fotovoltáica,PRESENT,ACION,,,,,OMIE exact unit code,
SLRRE36,BETA SOLAR,,,,E N MERCADO S.L. 100 GENERACION ZONA ESPAÑOLA RE Mercado Solar Fotovoltáica,PRESENT,ACION,,,,,OMIE exact unit code,
SLRRE37,ALPHA SOLAR,,,,E N MERCADO S.L. 100 GENERACION ZONA ESPAÑOLA RE Mercado Solar Fotovoltáica,PRESENT,ACION,,,,,OMIE exact unit code,
SLRRE38,GAMMA SOLA,R,,,E N MERCADO S.L. 100 GENERACION ZONA ESPAÑOLA RE Mercado Solar Fotovoltáica,PRESENT,ACION,,,,,OMIE exact unit code,
SLRRE39,DELTA SOLAR,,,,E N MERCADO S.L. 100 GENERACION ZONA ESPAÑOLA RE Mercado Solar Fotovoltáica,PRESENT,ACION,,,,,OMIE exact unit code,
SLTG,UGH. ESTANG.,SALLENTE TURB.,,,    100 GENERACION ZONA ESPAÑOLA Hidráulica de Bom beo Puro,NERACIÓN,", S.A.",,,,,OMIE exact unit code,
SLWRE01,SOLCASTEL,,,,    100 GENERACION ZONA ESPAÑOLA RE Mercado Solar Fotovoltáica,RGÍA,,,,,,OMIE exact unit code,
SLWRE02,JUNDESOL,,,,    100 GENERACION ZONA ESPAÑOLA RE Mercado Solar Fotovoltáica,RGÍA,,,,,,OMIE exact unit code,
SMARE01,MARCHENA SO,LAR PLANT,,,    100 GENERACION ZONA ESPAÑOLA RE Mercado Solar Fotovoltáica,NERGY,,,,,,OMIE exact unit code,
SMBV02,VENDA BATER,IA BATALHA,,,A S L  100 GENERACION ZONA PORTUGUESA Almacenamiento V enta,ERGIA DE,ESPAÑ,,,,,OMIE exact unit code,
SNICOG,SNIACE COGE,NERACION,,,    100 GENERACION ZONA ESPAÑOLA RE Mercado Térmi ca no,COGEN,,,,,,OMIE exact unit code,
SNTEVD1,UOF PARA UP,TTECQU,,,    100 GENERACION ZONA ESPAÑOLA Agente vendedor R eg. Especia,,,,,,,OMIE exact unit code,
SOLRE01,SOLAR PLANT,,,,PA IN SUCURSA L 100 GENERACION ZONA ESPAÑOLA RE Mercado Solar Fotovoltáica,ENERGY,SRL S,,,,,OMIE exact unit code,
SOL2,EL SOLVENTE,2,,,E R CIALIZACIÓ N RE) 100 GENERACION ZONA ESPAÑOLA Hidráulica Generac ión,RKET (AC,T.: COM,,,,,OMIE exact unit code,
SOMRE05,SOMEN REPR,FV P,,,    100 GENERACION ZONA ESPAÑOLA RE Mercado Solar Fotovoltáica,IA SCCL,,,,,,OMIE exact unit code,
SOMRE06,FV MAYOR DE,1MW,,,    100 GENERACION ZONA ESPAÑOLA RE Mercado Solar Fotovoltáica,IA SCCL,,,,,,OMIE exact unit code,
SOMRE07,MINIHIDRO PE,NIN.,,,    100 GENERACION ZONA ESPAÑOLA RE Mercado Hidrá ulica,IA SCCL,,,,,,OMIE exact unit code,
SRI3,C.T. SOTO 3,,,,AC I ÓN)  100 GENERACION ZONA ESPAÑOLA Hulla Antracita ,"A, S.A.U. (",GENER,,,,,OMIE exact unit code,
SRI4R,C.C. SOTO 4,,,,AC I ÓN)  100 GENERACION ZONA ESPAÑOLA Ciclo Combinado ,"A, S.A.U. (",GENER,,,,,OMIE exact unit code,
SRI5R,CC SOTO RIBE,RA 5 REPR,,,AC I ÓN)  100 GENERACION ZONA ESPAÑOLA Ciclo Combinado ,"A, S.A.U. (",GENER,,,,,OMIE exact unit code,
SROQ1,C.C. SAN ROQ,UE 1,,,A D ORA  100 GENERACION ZONA ESPAÑOLA Ciclo Combinado ,AL COMER,CIALIZ,,,,,OMIE exact unit code,
SROQ2,C.C. SAN ROQ,UE 2,,,    100 GENERACION ZONA ESPAÑOLA Ciclo Combinado ,NERACIÓN,", S.A.",,,,,OMIE exact unit code,
STC4,C.C. SANTURC,E 4,,,A S ..A.  100 GENERACION ZONA ESPAÑOLA Ciclo Combinado ,ENERGÍA,ESPAÑ,,,,,OMIE exact unit code,
STRRE01,VENTAS STRO,M,,,    100 GENERACION ZONA ESPAÑOLA RE Mercado Solar Fotovoltáica,"ROM XXI,",S.L.,,,,,OMIE exact unit code,
STVRE03,VADOMOJON,,,,    100 GENERACION ZONA ESPAÑOLA RE Mercado Hidrá ulica,,,,,,,OMIE exact unit code,
TAJO,UGH. TAJO,,,,A S ..A.  100 GENERACION ZONA ESPAÑOLA Hidráulica Generac ión,ENERGÍA,ESPAÑ,,,,,OMIE exact unit code,
TAMEGA,TAMEGA,,,,A S ..A.  100 GENERACION ZONA PORTUGUESA Hidráulica Generac ión,ENERGÍA,ESPAÑ,,,,,OMIE exact unit code,
TAPOWER,C.C. TARRAGONA P,OWER,,, 100 GENERACION ZONA ESPAÑOLA Ciclo Combinado ,A ESPAÑA S..A.,,,,,,OMIE exact unit code,
TEES,UGH. TERA-ESLA,,,, 100 GENERACION ZONA ESPAÑOLA Hidráulica Generac ión,"N, S.A.",,,,,,OMIE exact unit code,
TEMON,SISTEMA TEJO-MON,DEGO,,, 100 GENERACION ZONA PORTUGUESA RE Tarifa CUR (uo f),L S.A.,,,,,,OMIE exact unit code,
TERE,UGH. TER,,,, 100 GENERACION ZONA ESPAÑOLA Hidráulica Generac ión,"N, S.A.",,,,,,OMIE exact unit code,
TERRE01,TERSA FOT.,,,,RESIDUS 100 GENERACION ZONA ESPAÑOLA RE Mercado Solar Fotovoltáica,NT I SELECCIÓ,DE,,,,,OMIE exact unit code,
TERRE02,TERSA RESIDUOS S,ÓLIDOS URBANOS,,,RESIDUS 100 GENERACION ZONA ESPAÑOLA RE Mercado Térmi ca no,NT I SELECCIÓ,DE,,,,,OMIE exact unit code,
TERRE03,TERSA BIOGAS,,,,RESIDUS 100 GENERACION ZONA ESPAÑOLA RE Mercado Térmi ca Renovabl,NT I SELECCIÓ,DE,,,,,OMIE exact unit code,
TGPLV02,REPRESENTACION,EN PT,,,ITED 100 GENERACION ZONA PORTUGUESA RE Tarifa CUR (uo f),S AND POWER,LIM,,,,,OMIE exact unit code,
TJEG,C.H. TAJO ENCANTA,DA GENERACION,,, 100 GENERACION ZONA ESPAÑOLA Hidráulica de Bom beo Puro,"N, S.A.",,,,,,OMIE exact unit code,
TOTRE01,REPRESENTACIÓN,FV GG1,,,ITED 100 GENERACION ZONA ESPAÑOLA RE Mercado Solar Fotovoltáica,S AND POWER,LIM,,,,,OMIE exact unit code,
TOTRE02,REPRESENTACION,PFV LA ISLA,,,ITED 100 GENERACION ZONA ESPAÑOLA RE Mercado Solar Fotovoltáica,S AND POWER,LIM,,,,,OMIE exact unit code,
TOTRE03,REPRESENTACION,EOLICA WI1014,,,ITED 100 GENERACION ZONA ESPAÑOLA RE Mercado Eólica ,S AND POWER,LIM,,,,,OMIE exact unit code,
TOTRE04,ARBOTANTE SOLAR,,,,ITED 100 GENERACION ZONA ESPAÑOLA RE Mercado Solar Fotovoltáica,S AND POWER,LIM,,,,,OMIE exact unit code,
TOTRE05,LA CARRASCOSA,,,,ITED 100 GENERACION ZONA ESPAÑOLA RE Mercado Solar Fotovoltáica,S AND POWER,LIM,,,,,OMIE exact unit code,
TOTRE06,LA NORIA,,,,ITED 100 GENERACION ZONA ESPAÑOLA RE Mercado Solar Fotovoltáica,S AND POWER,LIM,,,,,OMIE exact unit code,
TOTRE07,PILASTRA SOLAR,,,,ITED 100 GENERACION ZONA ESPAÑOLA RE Mercado Solar Fotovoltáica,S AND POWER,LIM,,,,,OMIE exact unit code,
TOTRE08,POSTIGO SOLAR,,,,ITED 100 GENERACION ZONA ESPAÑOLA RE Mercado Solar Fotovoltáica,S AND POWER,LIM,,,,,OMIE exact unit code,
TOTRE09,LOS VALIENTES I,,,,ITED 100 GENERACION ZONA ESPAÑOLA RE Mercado Solar Fotovoltáica,S AND POWER,LIM,,,,,OMIE exact unit code,
TOTRE10,LOS VALIENTES II,,,,ITED 100 GENERACION ZONA ESPAÑOLA RE Mercado Solar Fotovoltáica,S AND POWER,LIM,,,,,OMIE exact unit code,
TOTRE11,PFV DNR,,,,ITED 100 GENERACION ZONA ESPAÑOLA RE Mercado Solar Fotovoltáica,S AND POWER,LIM,,,,,OMIE exact unit code,
TOTRE12,LAS CAROLINAS III,,,,ITED 100 GENERACION ZONA ESPAÑOLA RE Mercado Solar Fotovoltáica,S AND POWER,LIM,,,,,OMIE exact unit code,
TOTRE13,LAS CAROLINAS 4,,,,ITED 100 GENERACION ZONA ESPAÑOLA RE Mercado Solar Fotovoltáica,S AND POWER,LIM,,,,,OMIE exact unit code,
TOTRE14,FV EL ROMERAL I,,,,ITED 100 GENERACION ZONA ESPAÑOLA RE Mercado Solar Fotovoltáica,S AND POWER,LIM,,,,,OMIE exact unit code,
TOTRE15,FV EL ROMERAL II,,,,ITED 100 GENERACION ZONA ESPAÑOLA RE Mercado Solar Fotovoltáica,S AND POWER,LIM,,,,,OMIE exact unit code,
TRARE01,VENTABIOGAS,,,, 100 GENERACION ZONA ESPAÑOLA RE Mercado Térmi ca Renovabl,ESPAÑA SL,,,,,,OMIE exact unit code,
TRIRE01,GUASCOR,,,, 100 GENERACION ZONA ESPAÑOLA RE Mercado Térmi ca no,N TRADING AG,,,,,,OMIE exact unit code,
TRIRE02,CATRAL 1,,,, 100 GENERACION ZONA ESPAÑOLA RE Mercado Solar Fotovoltáica,N TRADING AG,,,,,,OMIE exact unit code,
TRIRE03,SOLGENERA,,,, 100 GENERACION ZONA ESPAÑOLA RE Mercado Solar Fotovoltáica,N TRADING AG,,,,,,OMIE exact unit code,
TRIRE04,MAS FUSTE,,,, 100 GENERACION ZONA ESPAÑOLA RE Mercado Solar Fotovoltáica,N TRADING AG,,,,,,OMIE exact unit code,
TRIRE05,CATRAL2,,,, 100 GENERACION ZONA ESPAÑOLA RE Mercado Solar Fotovoltáica,N TRADING AG,,,,,,OMIE exact unit code,
TRIRE06,UF MAS FUSTE2,,,, 100 GENERACION ZONA ESPAÑOLA RE Mercado Solar Fotovoltáica,N TRADING AG,,,,,,OMIE exact unit code,
TRIRE07,UF ALBATERA,,,, 100 GENERACION ZONA ESPAÑOLA RE Mercado Solar Fotovoltáica,N TRADING AG,,,,,,OMIE exact unit code,
TRIRE08,BORJA,,,, 100 GENERACION ZONA ESPAÑOLA RE Mercado Solar Fotovoltáica,N TRADING AG,,,,,,OMIE exact unit code,
TRL1,C.N. TRILLO,,,," 15,5 GENERACION ZONA ESPAÑOLA Nuclear ",,,,,,,OMIE exact unit code,
TSRDV02,TSRDV02,,,, 100 GENERACION ZONA PORTUGUESA RE Tarifa CUR (uo f),NEWABLES GM,BH,,,,,OMIE exact unit code,
TSRRE01,GESTION DE INFRA,ESTRUCTURAS,,, 100 GENERACION ZONA ESPAÑOLA RE Mercado Solar Fotovoltáica,NEWABLES GM,BH,,,,,OMIE exact unit code,
UFBG,C.H. BOLARQUE GE,NERACION,,, 100 GENERACION ZONA ESPAÑOLA Hidráulica de Bom beo Puro,RCIALIZADORA,,,,,,OMIE exact unit code,
UFGC,UGH. UF-GALICIA C,OSTA,,, 100 GENERACION ZONA ESPAÑOLA Hidráulica Generac ión,RCIALIZADORA,,,,,,OMIE exact unit code,
UFMI,UGH. UF-MIÑO,,,, 100 GENERACION ZONA ESPAÑOLA Hidráulica Generac ión,RCIALIZADORA,,,,,,OMIE exact unit code,
UFTA,UGH. UF-TAJO,,,, 100 GENERACION ZONA ESPAÑOLA Hidráulica Generac ión,RCIALIZADORA,,,,,,OMIE exact unit code,
ULEA,ULEA,,,,ACIÓN RE) 100 GENERACION ZONA ESPAÑOLA Hidráulica Generac ión,CT.: COMERCIA,LIZ,,,,,OMIE exact unit code,
UPACAV,UOF ACADIEMS VE,NTA,,, 100 GENERACION ZONA ESPAÑOLA Almacenamiento V enta,,,,,,,OMIE exact unit code,
UPPTCHA,UPPTCHA,,,, 100 GENERACION ZONA ESPAÑOLA Hidráulica Generac ión,MYMEY,,,,,,OMIE exact unit code,
UPPTDIS,UPPTDIS,,,, 100 GENERACION ZONA ESPAÑOLA Hidráulica Generac ión,MYMEY,,,,,,OMIE exact unit code,
UPXENV,UPXENV,,,, 100 GENERACION ZONA ESPAÑOLA Almacenamiento V enta,ECNOLOGIA,,,,,,OMIE exact unit code,
VAN2,C.N. VANDELLOS II,,,, 28 GENERACION ZONA ESPAÑOLA Nuclear ,A ESPAÑA S..A.,,,,,,OMIE exact unit code,
VGERE08,HNSMER,,,,. 100 GENERACION ZONA ESPAÑOLA RE Mercado Hidrá ulica,"RENOVABLES,",S.A,,,,,OMIE exact unit code,
VGERE12,VGERE12,,,,. 100 GENERACION ZONA ESPAÑOLA RE Mercado Eólica ,"RENOVABLES,",S.A,,,,,OMIE exact unit code,
VGERE13,VGERE13,,,,. 100 GENERACION ZONA ESPAÑOLA RE Mercado Térmi ca no,"RENOVABLES,",S.A,,,,,OMIE exact unit code,
VGERE17,VGERE17,,,,. 100 GENERACION ZONA ESPAÑOLA RE Mercado Térmi ca no,"RENOVABLES,",S.A,,,,,OMIE exact unit code,
VGERE18,VGERE18,,,,"REPSOL SERVICIO S REN OV ABLES, S.A.  100 GENERACION ZONA ESPAÑOLA RE Mercado Térmica",,,,,,,OMIE exact unit code,
VGERE33,VGERE33,,,,"REPSOL SERVICIO S REN OV ABLES, S.A.  100 GENERACION ZONA ESPAÑOLA RE Mercado Eólica",,,,,,,OMIE exact unit code,
VGERE34,VGERE34,,,,"REPSOL SERVICIO S REN OV ABLES, S.A.  100 GENERACION ZONA ESPAÑOLA RE Mercado Solar Fo",,,,,,,OMIE exact unit code,
VGERE35,VGERE35,,,,"REPSOL SERVICIO S REN OV ABLES, S.A.  100 GENERACION ZONA ESPAÑOLA RE Mercado Solar Fo",,,,,,,OMIE exact unit code,
VGERE39,VGERE39,,,,"REPSOL SERVICIO S REN OV ABLES, S.A.  100 GENERACION ZONA ESPAÑOLA RE Mercado Eólica",,,,,,,OMIE exact unit code,
VGERE42,LA SERNA,,,,"REPSOL SERVICIO S REN OV ABLES, S.A.  100 GENERACION ZONA ESPAÑOLA RE Mercado Eólica",,,,,,,OMIE exact unit code,
VGERE43,KAPPAG,,,,"REPSOL SERVICIO S REN OV ABLES, S.A.  100 GENERACION ZONA ESPAÑOLA RE Mercado Solar Fo",,,,,,,OMIE exact unit code,
VGERE44,SIGMA,,,,"REPSOL SERVICIO S REN OV ABLES, S.A.  100 GENERACION ZONA ESPAÑOLA RE Mercado Solar Fo",,,,,,,OMIE exact unit code,
VGERE45,POLUX,,,,"REPSOL SERVICIO S REN OV ABLES, S.A.  100 GENERACION ZONA ESPAÑOLA RE Mercado Eólica",,,,,,,OMIE exact unit code,
VGERE46,GALLEGO,,,,"REPSOL SERVICIO S REN OV ABLES, S.A.  100 GENERACION ZONA ESPAÑOLA RE Mercado Eólica",,,,,,,OMIE exact unit code,
VGERE47,EARTIG,,,,"REPSOL SERVICIO S REN OV ABLES, S.A.  100 GENERACION ZONA ESPAÑOLA RE Mercado Eólica",,,,,,,OMIE exact unit code,
VGERE48,VGERE48,,,,"REPSOL SERVICIO S REN OV ABLES, S.A.  100 GENERACION ZONA ESPAÑOLA RE Mercado Eólica",,,,,,,OMIE exact unit code,
VGERE49,VGERE49,,,,"REPSOL SERVICIO S REN OV ABLES, S.A.  100 GENERACION ZONA ESPAÑOLA RE Mercado Eólica",,,,,,,OMIE exact unit code,
VGERE50,EL TOMILLAR,,,,"REPSOL SERVICIO S REN OV ABLES, S.A.  100 GENERACION ZONA ESPAÑOLA RE Mercado Solar Fo",,,,,,,OMIE exact unit code,
VGERE51,VGERE51,,,,"REPSOL SERVICIO S REN OV ABLES, S.A.  100 GENERACION ZONA ESPAÑOLA RE Mercado Eólica",,,,,,,OMIE exact unit code,
VGERE52,ECERRAT,,,,"REPSOL SERVICIO S REN OV ABLES, S.A.  100 GENERACION ZONA ESPAÑOLA RE Mercado Eólica",,,,,,,OMIE exact unit code,
VGERE53,FTRI,,,,"REPSOL SERVICIO S REN OV ABLES, S.A.  100 GENERACION ZONA ESPAÑOLA RE Mercado Solar Fo",,,,,,,OMIE exact unit code,
VGERE54,VGERE54,,,,"REPSOL SERVICIO S REN OV ABLES, S.A.  100 GENERACION ZONA ESPAÑOLA RE Mercado Eólica",,,,,,,OMIE exact unit code,
VGERE55,VGERE55,,,,"REPSOL SERVICIO S REN OV ABLES, S.A.  100 GENERACION ZONA ESPAÑOLA RE Mercado Eólica",,,,,,,OMIE exact unit code,
VGERE56,VGERE56,,,,"REPSOL SERVICIO S REN OV ABLES, S.A.  100 GENERACION ZONA ESPAÑOLA RE Mercado Solar Fo",,,,,,,OMIE exact unit code,
VGERE57,VGERE57,,,,"REPSOL SERVICIO S REN OV ABLES, S.A.  100 GENERACION ZONA ESPAÑOLA RE Mercado Eólica",,,,,,,OMIE exact unit code,
VGERE60,VGERE60,,,,"REPSOL SERVICIO S REN OV ABLES, S.A.  100 GENERACION ZONA ESPAÑOLA RE Mercado Eólica",,,,,,,OMIE exact unit code,
VGERE61,VGERE61,,,,"REPSOL SERVICIO S REN OV ABLES, S.A.  100 GENERACION ZONA ESPAÑOLA RE Mercado Eólica",,,,,,,OMIE exact unit code,
VGERE62,VGERE62,,,,"REPSOL SERVICIO S REN OV ABLES, S.A.  100 GENERACION ZONA ESPAÑOLA RE Mercado Eólica",,,,,,,OMIE exact unit code,
VGERE63,VGERE63,,,,"REPSOL SERVICIO S REN OV ABLES, S.A.  100 GENERACION ZONA ESPAÑOLA RE Mercado Eólica",,,,,,,OMIE exact unit code,
VGERE64,VGERE64,,,,"REPSOL SERVICIO S REN OV ABLES, S.A.  100 GENERACION ZONA ESPAÑOLA RE Mercado Eólica",,,,,,,OMIE exact unit code,
VGERE65,VGERE65,,,,"REPSOL SERVICIO S REN OV ABLES, S.A.  100 GENERACION ZONA ESPAÑOLA RE Mercado Solar Fo",,,,,,,OMIE exact unit code,
VGERE66,VGERE66 EREPSOH,,,,"REPSOL SERVICIO S REN OV ABLES, S.A.  100 GENERACION ZONA ESPAÑOLA Híbrida Reno vable",,,,,,,OMIE exact unit code,
VGERE67,VGERE67 FOTOVOL,TAI,,,"REPSOL SERVICIO S REN OV ABLES, S.A.  100 GENERACION ZONA ESPAÑOLA RE Mercado Solar Fo",A,,,,,,OMIE exact unit code,
VIERE01,SOLMATCH,,,,REPSOL COMERCI ALIZAD OR A DE E LECTRICID AD Y GAS SLU 100 GENERACION ZONA ESPAÑOLA RE Mercado Solar Fo,,,,,,,OMIE exact unit code,
VIES,UGH. VIESGO,,,,"REPSOL SERVICIO S REN OV ABLES, S.A.  100 GENERACION ZONA ESPAÑOLA Hidráulica Ge neració",,,,,,,OMIE exact unit code,
VISRE19,VISALIA LOGIFASHI,ON,,,VISALIA ENERGIA SLU     100 GENERACION ZONA ESPAÑOLA RE Mercado Solar Fo,OL,AR,,,,,OMIE exact unit code,
VISRE22,VISALIA FV OLIVAR,ES,,,VISALIA ENERGIA SLU     100 GENERACION ZONA ESPAÑOLA RE Mercado Solar Fo,,,,,,,OMIE exact unit code,
VISRE23,VISALIA FV TORREC,ILL,,,VISALIA ENERGIA SLU     100 GENERACION ZONA ESPAÑOLA RE Mercado Solar Fo,,,,,,,OMIE exact unit code,
VISRE24,FV RIO,,,,VISALIA ENERGIA SLU     100 GENERACION ZONA ESPAÑOLA RE Mercado Solar Fo,,,,,,,OMIE exact unit code,
VISRE25,FV COTO,,,,VISALIA ENERGIA SLU     100 GENERACION ZONA ESPAÑOLA RE Mercado Solar Fo,,,,,,,OMIE exact unit code,
VISRE26,VISALIA FV TORDES,ILL,,,VISALIA ENERGIA SLU     100 GENERACION ZONA ESPAÑOLA RE Mercado Solar Fo,2,,,,,,OMIE exact unit code,
VTERE01,REPRESENTACION,FV,,,VITA ENE RGY CON SULTI NG SL   100 GENERACION ZONA ESPAÑOLA RE Mercado Solar Fo,,,,,,,OMIE exact unit code,
VTERE02,REPRESENTACION,FV,,,VITA ENE RGY CON SULTI NG SL   100 GENERACION ZONA ESPAÑOLA RE Mercado Solar Fo,,,,,,,OMIE exact unit code,
VTERE03,REPRESENTACION,FV,,,VITA ENE RGY CON SULTI NG SL   100 GENERACION ZONA ESPAÑOLA RE Mercado Solar Fo,,,,,,,OMIE exact unit code,
WATRE02,WATIUM FOTOVOLT,AIC,,,VISALIA ENERGIA SLU     100 GENERACION ZONA ESPAÑOLA RE Mercado Solar Fo,01,,,,,,OMIE exact unit code,
WATRE03,WATIUM FOTOVOLT,AIC,,,VISALIA ENERGIA SLU     100 GENERACION ZONA ESPAÑOLA RE Mercado Solar Fo,13,ROELES,,,,,OMIE exact unit code,
WATRE05,WATIUM FOTOVOLT,AIC,,,VISALIA ENERGIA SLU     100 GENERACION ZONA ESPAÑOLA RE Mercado Solar Fo,AG,UASAL,,,,,OMIE exact unit code,
WATRE06,WATIUM FV PÍO CÁ,MA,,,VISALIA ENERGIA SLU     100 GENERACION ZONA ESPAÑOLA RE Mercado Solar Fo,BU,RGOS,,,,,OMIE exact unit code,
WATRE07,WATIUM FV RODER,O E,,,VISALIA ENERGIA SLU     100 GENERACION ZONA ESPAÑOLA RE Mercado Solar Fo,ER,GÍA,,,,,OMIE exact unit code,
WATRE12,PIO CAMARA EL VIS,O,,,VISALIA ENERGIA SLU     100 GENERACION ZONA ESPAÑOLA RE Mercado Solar Fo,,,,,,,OMIE exact unit code,
WATRE13,BARCO DE LOS FRA,ILE,,,VISALIA ENERGIA SLU     100 GENERACION ZONA ESPAÑOLA RE Mercado Solar Fo,I,,,,,,OMIE exact unit code,
WATRE14,WATIUM FV VILLAH,ER,,,VISALIA ENERGIA SLU     100 GENERACION ZONA ESPAÑOLA RE Mercado Solar Fo,SA,,,,,,OMIE exact unit code,
WATRE16,FV LA MOCHA,,,,VISALIA ENERGIA SLU     100 GENERACION ZONA ESPAÑOLA RE Mercado Solar Fo,,,,,,,OMIE exact unit code,
WATRE17,WATIUM FV 13 ROE,LES,,,VISALIA ENERGIA SLU     100 GENERACION ZONA ESPAÑOLA RE Mercado Solar Fo,OR,TE,,,,,OMIE exact unit code,
WATRE18,WATIUM PSF TARR,AGÓ,,,VISALIA ENERGIA SLU     100 GENERACION ZONA ESPAÑOLA RE Mercado Solar Fo,,,,,,,OMIE exact unit code,
WMARVD1,VENTA EXCED AUT,OP,,,WIND TO MARKET (ACT.: CO MERCIA LIZACIÓN RE) 100 GENERACION ZONA ESPAÑOLA RE Mercado Solar Fo,D,WMARK VD1,,,,,OMIE exact unit code,
WMCHVNR,W2M REGIMEN ORD,INA,,,WIND TO MARKET (ACT.: CO MERCIA LIZACIÓN RE) 100 GENERACION ZONA ESPAÑOLA Hidráulica Ge neració,IO,CHAVIN,,,,,OMIE exact unit code,
WMEBRO,W2M REGIMER ORD,INA,,,WIND TO MARKET (ACT.: CO MERCIA LIZACIÓN RE) 100 GENERACION ZONA ESPAÑOLA Hidráulica Ge neració,IO,EBRO,,,,,OMIE exact unit code,
WMGRDZR,W2M REGIMEN ORD,INA,,,WIND TO MARKET (ACT.: CO MERCIA LIZACIÓN RE) 100 GENERACION ZONA ESPAÑOLA Hidráulica Ge neració,IO,GERDIZ,,,,,OMIE exact unit code,
WMJUCA,W2M REGIMEN ORD,INA,,,WIND TO MARKET (ACT.: CO MERCIA LIZACIÓN RE) 100 GENERACION ZONA ESPAÑOLA Hidráulica Ge neració,IO,JUCAR,,,,,OMIE exact unit code,
WMPGOMR,WM REGIMEN ORDI,NA,,,WIND TO MARKET (ACT.: CO MERCIA LIZACIÓN RE) 100 GENERACION ZONA ESPAÑOLA Hidráulica Ge neració,O P,IAGO MAR,,,,,OMIE exact unit code,
WMTRCDR,WM RE,GIME,,,WIND TO MARKET (ACT.: COMERCIALIZACIÓN RE) 100 GENERACION ZONA ESPAÑOLA Hidráulica Ge neración,ORDINARIO T,RONCEDA,,,,,OMIE exact unit code,
WMTRC2R,WM RE,GIME,,,WIND TO MARKET (ACT.: COMERCIALIZACIÓN RE) 100 GENERACION ZONA ESPAÑOLA Hidráulica Ge neración,ORDINARIO T,RONCEDA2,,,,,OMIE exact unit code,
WMVD007,VENTA,EXCE,,,WIND TO MARKET (ACT.: COMERCIALIZACIÓN RE) 100 GENERACION ZONA ESPAÑOLA RE Mercado Térmica n,AUTOPROD,WMARK 007,,,,,OMIE exact unit code,
WMVD01,VENTA,EXCE,,,WIND TO MARKET (ACT.: COMERCIALIZACIÓN RE) 100 GENERACION ZONA ESPAÑOLA Híbrida Reno vable,HIB WMVD0,1,,,,,OMIE exact unit code,
WMVD014,VENTA,EXCE,,,WIND TO MARKET (ACT.: COMERCIALIZACIÓN RE) 100 GENERACION ZONA ESPAÑOLA RE Mercado Térmica n,AUTOPROD,WMARK 014,,,,,OMIE exact unit code,
WMVD02,VENTA,EXCE,,,WIND TO MARKET (ACT.: COMERCIALIZACIÓN RE) 100 GENERACION ZONA ESPAÑOLA Híbrida Reno vable,HIB WMVD0,2,,,,,OMIE exact unit code,
WMVD034,VENTA,EXCE,,,WIND TO MARKET (ACT.: COMERCIALIZACIÓN RE) 100 GENERACION ZONA ESPAÑOLA RE Mercado Térmica n,AUTOPROD,WMARK 034,,,,,OMIE exact unit code,
WMVD043,VENTA,EXCE,,,WIND TO MARKET (ACT.: COMERCIALIZACIÓN RE) 100 GENERACION ZONA ESPAÑOLA RE Mercado Térmica n,AUTOPROD,WMARK 043,,,,,OMIE exact unit code,
WMVD050,VENTA,EXCE,,,WIND TO MARKET (ACT.: COMERCIALIZACIÓN RE) 100 GENERACION ZONA ESPAÑOLA RE Mercado Térmica n,AUTOPROD,WMARK 050,,,,,OMIE exact unit code,
WMVD087,VTA EX,CED,,,WIND TO MARKET (ACT.: COMERCIALIZACIÓN RE) 100 GENERACION ZONA ESPAÑOLA RE Mercado Eólica,TOPROD. W,MARK 087,,,,,OMIE exact unit code,
WMVD088,VENTA,EXCE,,,WIND TO MARKET (ACT.: COMERCIALIZACIÓN RE) 100 GENERACION ZONA ESPAÑOLA RE Mercado Eólica,AUTOPROD,WMARK 088,,,,,OMIE exact unit code,
WMVD090,VENTA,EXCE,,,WIND TO MARKET (ACT.: COMERCIALIZACIÓN RE) 100 GENERACION ZONA ESPAÑOLA RE Mercado Eólica,AUTOPROD,WMARK 090,,,,,OMIE exact unit code,
WMVD101,VENTA,EXCE,,,WIND TO MARKET (ACT.: COMERCIALIZACIÓN RE) 100 GENERACION ZONA ESPAÑOLA RE Mercado Eólica,AUTOPROD,WMARK 101,,,,,OMIE exact unit code,
WMVD114,VENTA,EXCE,,,WIND TO MARKET (ACT.: COMERCIALIZACIÓN RE) 100 GENERACION ZONA ESPAÑOLA RE Mercado Térmica R,AUTOPROD,WMARK 114,,,,,OMIE exact unit code,
WMVD117,VENTA,EXCE,,,WIND TO MARKET (ACT.: COMERCIALIZACIÓN RE) 100 GENERACION ZONA ESPAÑOLA RE Mercado Térmica n,AUTOPROD,WMARK 117,,,,,OMIE exact unit code,
WMVD127,VENTA,EXCE,,,WIND TO MARKET (ACT.: COMERCIALIZACIÓN RE) 100 GENERACION ZONA ESPAÑOLA RE Mercado Térmica n,AUTOPROD,WMARK 127,,,,,OMIE exact unit code,
WMVD131,VENTA,EXCE,,,WIND TO MARKET (ACT.: COMERCIALIZACIÓN RE) 100 GENERACION ZONA ESPAÑOLA RE Mercado Hidráulica,AUTOPROD,WMARK 131,,,,,OMIE exact unit code,
WMVD144,VENTA,EXCE,,,WIND TO MARKET (ACT.: COMERCIALIZACIÓN RE) 100 GENERACION ZONA ESPAÑOLA RE Mercado Térmica n,AUTOPROD,WMARK 144,,,,,OMIE exact unit code,
WMVD145,VENTA,EXCE,,,WIND TO MARKET (ACT.: COMERCIALIZACIÓN RE) 100 GENERACION ZONA ESPAÑOLA RE Mercado Eólica,AUTOPROD,WMARK 145,,,,,OMIE exact unit code,
WMVD146,VENTA,EXCE,,,WIND TO MARKET (ACT.: COMERCIALIZACIÓN RE) 100 GENERACION ZONA ESPAÑOLA RE Mercado Térmica n,AUTOPROD,WMARK146,,,,,OMIE exact unit code,
WMVD147,VENTA,EXCE,,,WIND TO MARKET (ACT.: COMERCIALIZACIÓN RE) 100 GENERACION ZONA ESPAÑOLA RE Mercado Eólica,AUTOPROD,WMARK 147,,,,,OMIE exact unit code,
WMVD150,VENTA,EXCE,,,WIND TO MARKET (ACT.: COMERCIALIZACIÓN RE) 100 GENERACION ZONA ESPAÑOLA RE Mercado Hidráulica,AUTOPROD,WMARK 150,,,,,OMIE exact unit code,
WMVD155,VENTA,EXCE,,,WIND TO MARKET (ACT.: COMERCIALIZACIÓN RE) 100 GENERACION ZONA ESPAÑOLA RE Mercado Solar Foto,AUTOPROD,WMARK 155,,,,,OMIE exact unit code,
WMVD165,VENTA,EXCE,,,WIND TO MARKET (ACT.: COMERCIALIZACIÓN RE) 100 GENERACION ZONA ESPAÑOLA RE Mercado Hidráulica,AUTOPROD,WMARK 165,,,,,OMIE exact unit code,
WMVD168,VENTA,EXCE,,,WIND TO MARKET (ACT.: COMERCIALIZACIÓN RE) 100 GENERACION ZONA ESPAÑOLA RE Mercado Térmica n,AUTOPROD,WMARK 168,,,,,OMIE exact unit code,
WMVD169,VENTA,EXCE,,,WIND TO MARKET (ACT.: COMERCIALIZACIÓN RE) 100 GENERACION ZONA ESPAÑOLA RE Mercado Térmica n,AUTOPROD,WMARK 169,,,,,OMIE exact unit code,
WMVD170,VENTA,EXCE,,,WIND TO MARKET (ACT.: COMERCIALIZACIÓN RE) 100 GENERACION ZONA ESPAÑOLA RE Mercado Térmica n,AUTOPROD,WMARK 170,,,,,OMIE exact unit code,
WMVD172,VENTA,EXCE,,,WIND TO MARKET (ACT.: COMERCIALIZACIÓN RE) 100 GENERACION ZONA ESPAÑOLA RE Mercado Térmica R,AUTOPROD,WMARK 172,,,,,OMIE exact unit code,
WMVD173,VENTA,EXCE,,,WIND TO MARKET (ACT.: COMERCIALIZACIÓN RE) 100 GENERACION ZONA ESPAÑOLA RE Mercado Térmica n,AUTOPROD,WMARK 173,,,,,OMIE exact unit code,
WMVD177,VENTA,EXCE,,,WIND TO MARKET (ACT.: COMERCIALIZACIÓN RE) 100 GENERACION ZONA ESPAÑOLA RE Mercado Hidráulica,AUTOPROD,WMARK 177,,,,,OMIE exact unit code,
WMVD180,VENTA,EXCE,,,WIND TO MARKET (ACT.: COMERCIALIZACIÓN RE) 100 GENERACION ZONA ESPAÑOLA RE Mercado Térmica n,AUTOPROD,WMARK 180,,,,,OMIE exact unit code,
WMVD181,VENTA,EXCE,,,WIND TO MARKET (ACT.: COMERCIALIZACIÓN RE) 100 GENERACION ZONA ESPAÑOLA RE Mercado Térmica n,AUTOPROD,WMARK 181,,,,,OMIE exact unit code,
WMVD183,VENTA,EXCE,,,WIND TO MARKET (ACT.: COMERCIALIZACIÓN RE) 100 GENERACION ZONA ESPAÑOLA RE Mercado Hidráulica,AUTOPROD,WMARK 183,,,,,OMIE exact unit code,
WMVD184,VENTA,EXCE,,,WIND TO MARKET (ACT.: COMERCIALIZACIÓN RE) 100 GENERACION ZONA ESPAÑOLA RE Mercado Hidráulica,AUTOPROD,WMARK 184,,,,,OMIE exact unit code,
WMVD186,VENTA,EXCE,,,WIND TO MARKET (ACT.: COMERCIALIZACIÓN RE) 100 GENERACION ZONA ESPAÑOLA RE Mercado Eólica,AUTOPROD,WMARK 186,,,,,OMIE exact unit code,
WMVD188,VENTA,EXCE,,,WIND TO MARKET (ACT.: COMERCIALIZACIÓN RE) 100 GENERACION ZONA ESPAÑOLA RE Mercado Térmica n,AUTOPROD,WMARK 188,,,,,OMIE exact unit code,
WMVD189,VENTA,EXCE,,,WIND TO MARKET (ACT.: COMERCIALIZACIÓN RE) 100 GENERACION ZONA ESPAÑOLA RE Mercado Eólica,AUTOPROD,WMARK 189,,,,,OMIE exact unit code,
WMVD194,VENTA,EXCE,,,WIND TO MARKET (ACT.: COMERCIALIZACIÓN RE) 100 GENERACION ZONA ESPAÑOLA RE Mercado Térmica n,AUTOPROD,WMARK 194,,,,,OMIE exact unit code,
WMVD204,VENTA,EXCE,,,WIND TO MARKET (ACT.: COMERCIALIZACIÓN RE) 100 GENERACION ZONA ESPAÑOLA RE Mercado Eólica,AUTOPROD,WMARK 204,,,,,OMIE exact unit code,
WMVD205,VENTA,EXCE,,,WIND TO MARKET (ACT.: COMERCIALIZACIÓN RE) 100 GENERACION ZONA ESPAÑOLA RE Mercado Térmica n,AUTOPROD,WMARK 205,,,,,OMIE exact unit code,
WMVD206,VENTA,EXCE,,,WIND TO MARKET (ACT.: COMERCIALIZACIÓN RE) 100 GENERACION ZONA ESPAÑOLA RE Mercado Solar Foto,AUTOPROD,WMARK 206,,,,,OMIE exact unit code,
WMVD207,VENTA,EXCE,,,WIND TO MARKET (ACT.: COMERCIALIZACIÓN RE) 100 GENERACION ZONA ESPAÑOLA RE Mercado Eólica,AUTOPROD,WMARK 207,,,,,OMIE exact unit code,
WMVD208,VENTA EXCED,AUTOPROD,,,RE) 100 GENERACION ZONA ESPAÑOLA RE Mercado Térmica n,WIND TO MARKET (ACT.:,COMERCIALIZACIÓN,,,,,OMIE exact unit code,
WMVD209,ERE FREGENA,L DE LA SIER,,,RE) 100 GENERACION ZONA ESPAÑOLA RE Mercado Solar Foto,WIND TO MARKET (ACT.:,COMERCIALIZACIÓN,,,,,OMIE exact unit code,
WMVD211,VENTA EXCED,AUTOPROD,,,RE) 100 GENERACION ZONA ESPAÑOLA RE Mercado Solar Foto,WIND TO MARKET (ACT.:,COMERCIALIZACIÓN,,,,,OMIE exact unit code,
WMVD212,VENTA EXCED,AUTOPROD,,,RE) 100 GENERACION ZONA ESPAÑOLA RE Mercado Eólica,WIND TO MARKET (ACT.:,COMERCIALIZACIÓN,,,,,OMIE exact unit code,
WMVD213,VENTA EXCED,AUTOPROD,,,RE) 100 GENERACION ZONA ESPAÑOLA RE Mercado Solar Foto,WIND TO MARKET (ACT.:,COMERCIALIZACIÓN,,,,,OMIE exact unit code,
WMVD214,VENTA EXCED,AUTOPROD,,,RE) 100 GENERACION ZONA ESPAÑOLA RE Mercado Solar Foto,WIND TO MARKET (ACT.:,COMERCIALIZACIÓN,,,,,OMIE exact unit code,
WMVD216,VENTA EXCED,AUTOPROD,,,RE) 100 GENERACION ZONA ESPAÑOLA RE Mercado Solar Foto,WIND TO MARKET (ACT.:,COMERCIALIZACIÓN,,,,,OMIE exact unit code,
WMVD218,PSF SENEN,,,,RE) 100 GENERACION ZONA ESPAÑOLA RE Mercado Solar Foto,WIND TO MARKET (ACT.:,COMERCIALIZACIÓN,,,,,OMIE exact unit code,
WMVD219,PSF JADE,,,,RE) 100 GENERACION ZONA ESPAÑOLA RE Mercado Solar Foto,WIND TO MARKET (ACT.:,COMERCIALIZACIÓN,,,,,OMIE exact unit code,
WMVD221,PSF ARTEMISA,,,,RE) 100 GENERACION ZONA ESPAÑOLA RE Mercado Solar Foto,WIND TO MARKET (ACT.:,COMERCIALIZACIÓN,,,,,OMIE exact unit code,
WMVD224,PSF LA PIZARR,A II,,,RE) 100 GENERACION ZONA ESPAÑOLA RE Mercado Solar Foto,WIND TO MARKET (ACT.:,COMERCIALIZACIÓN,,,,,OMIE exact unit code,
WMVD225,PSF GESTENIA,,,,RE) 100 GENERACION ZONA ESPAÑOLA RE Mercado Solar Foto,WIND TO MARKET (ACT.:,COMERCIALIZACIÓN,,,,,OMIE exact unit code,
WMVD226,PSF AGATHA,,,,RE) 100 GENERACION ZONA ESPAÑOLA RE Mercado Solar Foto,WIND TO MARKET (ACT.:,COMERCIALIZACIÓN,,,,,OMIE exact unit code,
WMVD227,PSF ESMERAL,DA,,,RE) 100 GENERACION ZONA ESPAÑOLA RE Mercado Solar Foto,WIND TO MARKET (ACT.:,COMERCIALIZACIÓN,,,,,OMIE exact unit code,
WMVD228,PSF HERACLES,,,,RE) 100 GENERACION ZONA ESPAÑOLA RE Mercado Solar Foto,WIND TO MARKET (ACT.:,COMERCIALIZACIÓN,,,,,OMIE exact unit code,
WMVD229,VENTA EXCED,AUTOPROD,,,RE) 100 GENERACION ZONA ESPAÑOLA RE Mercado Solar Foto,WIND TO MARKET (ACT.:,COMERCIALIZACIÓN,,,,,OMIE exact unit code,
WMVD230,VENTA EXCED,AUTOPROD,,,RE) 100 GENERACION ZONA ESPAÑOLA RE Mercado Solar Foto,WIND TO MARKET (ACT.:,COMERCIALIZACIÓN,,,,,OMIE exact unit code,
WMVD231,VENTA EXCED,AUTOPROD,,,RE) 100 GENERACION ZONA ESPAÑOLA RE Mercado Solar Foto,WIND TO MARKET (ACT.:,COMERCIALIZACIÓN,,,,,OMIE exact unit code,
WMVD232,VENTA EXCED,AUTOPROD,,,RE) 100 GENERACION ZONA ESPAÑOLA RE Mercado Solar Foto,WIND TO MARKET (ACT.:,COMERCIALIZACIÓN,,,,,OMIE exact unit code,
WMVD234,VENTA EXCED,AUTOPROD,,,RE) 100 GENERACION ZONA ESPAÑOLA RE Mercado Solar Foto,WIND TO MARKET (ACT.:,COMERCIALIZACIÓN,,,,,OMIE exact unit code,
WMVD235,VENTA EXCED,AUTOPROD,,,RE) 100 GENERACION ZONA ESPAÑOLA RE Mercado Solar Foto,WIND TO MARKET (ACT.:,COMERCIALIZACIÓN,,,,,OMIE exact unit code,
WMVD236,VENTA EXCED,AUTOPROD,,,RE) 100 GENERACION ZONA ESPAÑOLA RE Mercado Solar Foto,WIND TO MARKET (ACT.:,COMERCIALIZACIÓN,,,,,OMIE exact unit code,
WMVD240,VENTA EXCED,AUTOPROD,,,RE) 100 GENERACION ZONA ESPAÑOLA RE Mercado Solar Foto,WIND TO MARKET (ACT.:,COMERCIALIZACIÓN,,,,,OMIE exact unit code,
WMVD241,VENTA EXCED,AUTOPROD,,,RE) 100 GENERACION ZONA ESPAÑOLA RE Mercado Solar Foto,WIND TO MARKET (ACT.:,COMERCIALIZACIÓN,,,,,OMIE exact unit code,
WMVD242,VENTA EXCED,AUTOPROD,,,RE) 100 GENERACION ZONA ESPAÑOLA RE Mercado Eólica,WIND TO MARKET (ACT.:,COMERCIALIZACIÓN,,,,,OMIE exact unit code,
WMVD243,VENTA EXCED,AUTOPROD,,,RE) 100 GENERACION ZONA ESPAÑOLA RE Mercado Eólica,WIND TO MARKET (ACT.:,COMERCIALIZACIÓN,,,,,OMIE exact unit code,
WMVD244,VENTA EXCED,AUTOPROD,,,RE) 100 GENERACION ZONA ESPAÑOLA RE Mercado Solar Foto,WIND TO MARKET (ACT.:,COMERCIALIZACIÓN,,,,,OMIE exact unit code,
WMVD245,VENTA EXCED,AUTOPROD,,,RE) 100 GENERACION ZONA ESPAÑOLA RE Mercado Solar Foto,WIND TO MARKET (ACT.:,COMERCIALIZACIÓN,,,,,OMIE exact unit code,
WMVD246,VENTA EXCED,AUTOPROD,,,RE) 100 GENERACION ZONA ESPAÑOLA RE Mercado Solar Foto,WIND TO MARKET (ACT.:,COMERCIALIZACIÓN,,,,,OMIE exact unit code,
WMVD247,VENTA EXCED,AUTOPROD,,,RE) 100 GENERACION ZONA ESPAÑOLA RE Mercado Solar Foto,WIND TO MARKET (ACT.:,COMERCIALIZACIÓN,,,,,OMIE exact unit code,
WMVD248,VENTA EXCED,AUTOPROD,,,RE) 100 GENERACION ZONA ESPAÑOLA RE Mercado Solar Foto,WIND TO MARKET (ACT.:,COMERCIALIZACIÓN,,,,,OMIE exact unit code,
WMVD249,VENTA EXCED,AUTOPROD,,,RE) 100 GENERACION ZONA ESPAÑOLA RE Mercado Solar Foto,WIND TO MARKET (ACT.:,COMERCIALIZACIÓN,,,,,OMIE exact unit code,
WMVD250,VENTA EXCED,AUTOPROD,,,RE) 100 GENERACION ZONA ESPAÑOLA RE Mercado Solar Foto,WIND TO MARKET (ACT.:,COMERCIALIZACIÓN,,,,,OMIE exact unit code,
WMVD251,VENTA EXCED,AUTORPOD,,,RE) 100 GENERACION ZONA ESPAÑOLA RE Mercado Solar Foto,WIND TO MARKET (ACT.:,COMERCIALIZACIÓN,,,,,OMIE exact unit code,
WMVD252,VENTA EXCED,AUTOPROD,,,RE) 100 GENERACION ZONA ESPAÑOLA RE Mercado Solar Foto,WIND TO MARKET (ACT.:,COMERCIALIZACIÓN,,,,,OMIE exact unit code,
WMVD253,VENTA EXCED,AUTOPROD,,,RE) 100 GENERACION ZONA ESPAÑOLA RE Mercado Eólica,WIND TO MARKET (ACT.:,COMERCIALIZACIÓN,,,,,OMIE exact unit code,
WMVD254,VENTA EXCED,AUTOPROD,,,RE) 100 GENERACION ZONA ESPAÑOLA RE Mercado Eólica,WIND TO MARKET (ACT.:,COMERCIALIZACIÓN,,,,,OMIE exact unit code,
WMVD255,VENTA EXCED,AUTOPROD,,,RE) 100 GENERACION ZONA ESPAÑOLA RE Mercado Eólica,WIND TO MARKET (ACT.:,COMERCIALIZACIÓN,,,,,OMIE exact unit code,
WMVD256,VENTA EXCED,AUTOPROD,,,RE) 100 GENERACION ZONA ESPAÑOLA RE Mercado Eólica,WIND TO MARKET (ACT.:,COMERCIALIZACIÓN,,,,,OMIE exact unit code,
WMVD257,VENTA EXCED,AUTOPROD,,,RE) 100 GENERACION ZONA ESPAÑOLA RE Mercado Eólica,WIND TO MARKET (ACT.:,COMERCIALIZACIÓN,,,,,OMIE exact unit code,
WMVD258,VENTA EXCED,AUTOPROD,,,RE) 100 GENERACION ZONA ESPAÑOLA RE Mercado Eólica,WIND TO MARKET (ACT.:,COMERCIALIZACIÓN,,,,,OMIE exact unit code,
WMVD259,VENTA EXCED,AUTOPROD,,,RE) 100 GENERACION ZONA ESPAÑOLA RE Mercado Solar Tér,WIND TO MARKET (ACT.:,COMERCIALIZACIÓN,,,,,OMIE exact unit code,
WMVD260,VENTA EXCED,AUTOPROD,,,RE) 100 GENERACION ZONA ESPAÑOLA RE Mercado Solar Tér,WIND TO MARKET (ACT.:,COMERCIALIZACIÓN,,,,,OMIE exact unit code,
WMVD261,VENTA EXCED,AUTOPROD,,,RE) 100 GENERACION ZONA ESPAÑOLA RE Mercado Solar Tér,WIND TO MARKET (ACT.:,COMERCIALIZACIÓN,,,,,OMIE exact unit code,
WMVD262,VENTA EXCED,AUTOPROD,,,RE) 100 GENERACION ZONA ESPAÑOLA RE Mercado Solar Tér,WIND TO MARKET (ACT.:,COMERCIALIZACIÓN,,,,,OMIE exact unit code,
WMVD264,VENTA EXCED,AUTOPROD,,,RE) 100 GENERACION ZONA ESPAÑOLA RE Mercado Eólica,WIND TO MARKET (ACT.:,COMERCIALIZACIÓN,,,,,OMIE exact unit code,
WMVD265,VENTA EXCED,AUTOPROD,,,RE) 100 GENERACION ZONA ESPAÑOLA RE Mercado Eólica,WIND TO MARKET (ACT.:,COMERCIALIZACIÓN,,,,,OMIE exact unit code,
WMVD266,VENTA EXCED,AUTOPROD,,,RE) 100 GENERACION ZONA ESPAÑOLA RE Mercado Solar Foto,WIND TO MARKET (ACT.:,COMERCIALIZACIÓN,,,,,OMIE exact unit code,
WMVD268,VENTA EXCED,AUTOPROD,,,RE) 100 GENERACION ZONA ESPAÑOLA RE Mercado Solar Foto,WIND TO MARKET (ACT.:,COMERCIALIZACIÓN,,,,,OMIE exact unit code,
WMVD269,VENTA EXCED,AUTOPROD,,,RE) 100 GENERACION ZONA ESPAÑOLA RE Mercado Eólica,WIND TO MARKET (ACT.:,COMERCIALIZACIÓN,,,,,OMIE exact unit code,
WMVD270,VENTA EXCED,AUTOPROD,,,RE) 100 GENERACION ZONA ESPAÑOLA RE Mercado Eólica,WIND TO MARKET (ACT.:,COMERCIALIZACIÓN,,,,,OMIE exact unit code,
WMVD271,VENTA EXCED,AUTOPROD,,,RE) 100 GENERACION ZONA ESPAÑOLA RE Mercado Solar Foto,WIND TO MARKET (ACT.:,COMERCIALIZACIÓN,,,,,OMIE exact unit code,
WMVD273,VENTA EXCED,AUTOPROD,,,RE) 100 GENERACION ZONA ESPAÑOLA RE Mercado Eólica,WIND TO MARKET (ACT.:,COMERCIALIZACIÓN,,,,,OMIE exact unit code,
WMVD274,VENTA EXCED,AUTOPROD,,,RE) 100 GENERACION ZONA ESPAÑOLA RE Mercado Solar Foto,WIND TO MARKET (ACT.:,COMERCIALIZACIÓN,,,,,OMIE exact unit code,
ZABU,ZARBURDON,,,,RE) 100 GENERACION ZONA ESPAÑOLA Hidráulica Ge neración,WIND TO MARKET (ACT.:,COMERCIALIZACIÓN,,,,,OMIE exact unit code,
ZRMRE01,UOF CERVANTI,NA,,,SOLAR 100 GENERACION ZONA ESPAÑOLA RE Mercado Solar Foto,COMERCIALIZADORA EL,ECTRICA COMUNIDAD,,,,,OMIE exact unit code,
ZRMRE02,UOF HYANOR 1,,,,SOLAR 100 GENERACION ZONA ESPAÑOLA RE Mercado Hidráulica,COMERCIALIZADORA EL,ECTRICA COMUNIDAD,,,,,OMIE exact unit code,
ZRMRE03,UOF HYANOR 2,,,,100 GENERACION ZONA ESPAÑOLA RE Mer cado Solar F,ELEC,TRICA COMUNIDAD SOLAR,,,,,OMIE exact unit code,
GADXRC1,GENERICA VEN,TA,,,100 GENERICA ZONA ESPAÑOLA Unidad Generica,S.A.,,,,,,OMIE exact unit code,
GADXRV1,GENERICA VEN,TA,,,100 GENERICA ZONA ESPAÑOLA Unidad Generica,S.A.,,,,,,OMIE exact unit code,
GAENEC1,GAENEV1,,,,100 GENERICA ZONA ESPAÑOLA Unidad Generica,CIAL,IZADORA ESPAÑA S.L.U.,,,,,OMIE exact unit code,
GAENEV1,GAENEV1,,,,100 GENERICA ZONA ESPAÑOLA Unidad Generica,CIAL,IZADORA ESPAÑA S.L.U.,,,,,OMIE exact unit code,
GASTUC1,ASTURAGUA G,ENERICA,,,100 GENERICA ZONA ESPAÑOLA Unidad Generica,INTE,GRAL DEL CICLO DEL AGUA SAU,,,,,OMIE exact unit code,
GASTUV1,ASTURAGUA G,ENERICA,,,100 GENERICA ZONA ESPAÑOLA Unidad Generica,INTE,GRAL DEL CICLO DEL AGUA SAU,,,,,OMIE exact unit code,
GBNPRC1,BONPREU GENE,RICA,,,100 GENERICA ZONA ESPAÑOLA VENTA GENERICA,,,,,,,OMIE exact unit code,
GBNPRV1,BONPREU GENE,RICA,,,100 GENERICA ZONA ESPAÑOLA Unidad Generica,,,,,,,OMIE exact unit code,
GBPC1,UNIDAD GENER,ICA VENTA,,,100 GENERICA ZONA ESPAÑOLA VENTA GENERICA,BERI,"A, S.A.U.",,,,,OMIE exact unit code,
GBPV1,UNIDAD GENER,ICA VENTA,,,100 GENERICA ZONA ESPAÑOLA Unidad Generica,BERI,"A, S.A.U.",,,,,OMIE exact unit code,
GCENTC1,CENTE GENERI,CA COMPRA,,,100 GENERICA ZONA ESPAÑOLA Unidad Generica,N DE,"ENERGIA, S.L.",,,,,OMIE exact unit code,
GCENTV1,CENTE GENERI,CA VENTA,,,100 GENERICA ZONA ESPAÑOLA Unidad Generica,N DE,"ENERGIA, S.L.",,,,,OMIE exact unit code,
GCLDPC2,CLIDP GENERIC,A VENTA,,,100 GENERICA ZONA PORTUGUESA Unidad Generica,AL L,DA,,,,,OMIE exact unit code,
GCLDPV2,CLIDP GENERIC,A VENTA,,,100 GENERICA ZONA PORTUGUESA Unidad Generica,AL L,DA,,,,,OMIE exact unit code,
GDETIC1,DETIC GENERIC,A COMPRA,,,100 GENERICA ZONA ESPAÑOLA Unidad Generica,"ER,",S.A.U,,,,,OMIE exact unit code,
GDETIV1,DETIC GENERIC,A VENTA,,,100 GENERICA ZONA ESPAÑOLA Unidad Generica,"ER,",S.A.U,,,,,OMIE exact unit code,
GDREUC1,UNIDAD GENER,ICA FOENER,,,100 GENERICA ZONA ESPAÑOLA VENTA GENERICA,L.,,,,,,OMIE exact unit code,
GDREUV1,UNIDAD GENER,ICA FOENER,,,100 GENERICA ZONA ESPAÑOLA Unidad Generica,L.,,,,,,OMIE exact unit code,
GDUFEC1,DUFER GENERI,C UNIT,,,100 GENERICA ZONA ESPAÑOLA Unidad Generica,A,,,,,,OMIE exact unit code,
GDUFEV1,DUFER GENERI,C UNIT,,,100 GENERICA ZONA ESPAÑOLA Unidad Generica,A,,,,,,OMIE exact unit code,
GEBLCC1,GENÉRICA VEN,TA EBLCO,,,100 GENERICA ZONA ESPAÑOLA Unidad Generica,,,,,,,OMIE exact unit code,
GEBLCV1,GENÉRICA VEN,TA EBLCO,,,100 GENERICA ZONA ESPAÑOLA Unidad Generica,,,,,,,OMIE exact unit code,
GEDFTC1,EDFT GENERIC,A COMPRA,,,100 GENERICA ZONA ESPAÑOLA Unidad Generica,,,,,,,OMIE exact unit code,
GEDFTV1,EDFT GENERIC,A VENTA,,,100 GENERICA ZONA ESPAÑOLA Unidad Generica,,,,,,,OMIE exact unit code,
GEDPGC2,EDPGP GENERI,CA COMPRA PORT,,,100 GENERICA ZONA PORTUGUESA Unidad Generica,S.A.,,,,,,OMIE exact unit code,
GEDPGV2,EDPGP GENERI,CA VENTA PORT,,,100 GENERICA ZONA PORTUGUESA Unidad Generica,S.A.,,,,,,OMIE exact unit code,
GEENEC1,GEENEV1,,,,100 GENERICA ZONA ESPAÑOLA Unidad Generica,RGY,SL,,,,,OMIE exact unit code,
GEENEV1,GEENEV1,,,,100 GENERICA ZONA ESPAÑOLA Unidad Generica,RGY,SL,,,,,OMIE exact unit code,
GEFGC1,EFG GENERICA,COMPRA,,,100 GENERICA ZONA ESPAÑOLA Unidad Generica,A.,,,,,,OMIE exact unit code,
GEFGV1,EFG GENERICA,VENTA,,,100 GENERICA ZONA ESPAÑOLA Unidad Generica,A.,,,,,,OMIE exact unit code,
GEGEDC1,EGED GENERIC,A COMPRA,,,100 GENERICA ZONA ESPAÑOLA Unidad Generica,RGY,DEVELOPMENTS,,,,,OMIE exact unit code,
GEGEDV1,EGED GENERIC,A VENTA,,,100 GENERICA ZONA ESPAÑOLA Unidad Generica,RGY,DEVELOPMENTS,,,,,OMIE exact unit code,
GEGLEC1,EGLE GENERIC,A COMPRA,,,100 GENERICA ZONA ESPAÑOLA Unidad Generica,,,,,,,OMIE exact unit code,
GEGLEC2,EGLE GENERIC,A COMPRA (PORT),,,100 GENERICA ZONA PORTUGUESA Unidad Generica,,,,,,,OMIE exact unit code,
GEGLEV1,EGLE GENERIC,A VENTA,,,100 GENERICA ZONA ESPAÑOLA Unidad Generica,,,,,,,OMIE exact unit code,
GEGLEV2,EGLE GENERIC,A VENTA (PORT),,,100 GENERICA ZONA PORTUGUESA Unidad Generica,,,,,,,OMIE exact unit code,
GELEGC1,BILATERAL VEN,TA,,,100 GENERICA ZONA ESPAÑOLA VENTA GENERICA,,,,,,,OMIE exact unit code,
GELEGV1,BILATERAL VEN,TA,,,100 GENERICA ZONA ESPAÑOLA Unidad Generica,,,,,,,OMIE exact unit code,
GENDCC2,ENDCO GENERI,CA COMPRA,,,100 GENERICA ZONA PORTUGUESA Unidad Generica,,,,,,,OMIE exact unit code,
GENDCV2,ENDCO GENERI,CA VENTA,,,100 GENERICA ZONA PORTUGUESA Unidad Generica,,,,,,,OMIE exact unit code,
GENDGC1,ENDG GENERIC,A COMPRA,,,100 GENERICA ZONA ESPAÑOLA Unidad Generica,"N, S.A",.,,,,,OMIE exact unit code,
GENDGV1,ENDG GENERIC,A VENTA,,,100 GENERICA ZONA ESPAÑOLA Unidad Generica,"N, S.A",.,,,,,OMIE exact unit code,
GENDPC2,GENERICA COM,PRA PORTUGAL,,,100 GENERICA ZONA PORTUGUESA Unidad Generica,CUR,SAL EN PORTUGAL,,,,,OMIE exact unit code,
GENDPV2,GENERICA COM,PRA PORTUGAL,,,100 GENERICA ZONA PORTUGUESA Unidad Generica,CUR,SAL EN PORTUGAL,,,,,OMIE exact unit code,
GENGIC2,GENERICA VEN,TA ENGIE PORTUGAL,ENGIE,derived_from_legal_name,100 GENERICA ZONA PORTUGUESA VENTA GENERICA,CAO,"DE ENERGIA, LDA",,,,,OMIE exact unit code,https://www.engie.com/
GENGIV2,GENERICA VEN,TA ENGIE PORTUGAL,ENGIE,derived_from_legal_name,100 GENERICA ZONA PORTUGUESA Unidad Generica,CAO,"DE ENERGIA, LDA",,,,,OMIE exact unit code,https://www.engie.com/
GEROUC1,UNIDAD DE OFE,RTA GENERICA,,,100 GENERICA ZONA ESPAÑOLA Unidad Generica,RGY,TRADING LIMITED,,,,,OMIE exact unit code,
GEROUV1,UNIDAD DE OFE,RTA GENERICA,,,100 GENERICA ZONA ESPAÑOLA Unidad Generica,RGY,TRADING LIMITED,,,,,OMIE exact unit code,
GFORTC1,FORTIA GENERI,CA COMPRA,,,100 GENERICA ZONA ESPAÑOLA Unidad Generica,,,,,,,OMIE exact unit code,
GFORTV1,FORTIA GENERI,CA VENTA,,,100 GENERICA ZONA ESPAÑOLA Unidad Generica,,,,,,,OMIE exact unit code,
GFRGSC1,FR_GS GENERI,C UNIT,,,100 GENERICA ZONA ESPAÑOLA Unidad Generica,"ETS,",BELGIAN BRANCH,,,,,OMIE exact unit code,
GFRGSV1,FR_GS GENERI,C UNIT,,,100 GENERICA ZONA ESPAÑOLA Unidad Generica,"ETS,",BELGIAN BRANCH,,,,,OMIE exact unit code,
GGACC1,GEOATLANTER,GENERICA COMPRA,,,100 GENERICA ZONA ESPAÑOLA Unidad Generica,,,,,,,OMIE exact unit code,
GGACV1,GEOATLANTER,GENERICA VENTA,,,100 GENERICA ZONA ESPAÑOLA Unidad Generica,,,,,,,OMIE exact unit code,
GGALPC2,GALPW GENERI,CA COMPRA PORT,,,100 GENERICA ZONA PORTUGUESA Unidad Generica,,,,,,,OMIE exact unit code,
GGALPV2,GALPW GENERI,CA VENTA PORT,,,100 GENERICA ZONA PORTUGUESA Unidad Generica,,,,,,,OMIE exact unit code,
GGMTC1,GMT GEN. COM,PRA,,,100 GENERICA ZONA ESPAÑOLA Unidad Generica,G AN,D TRADING LTD,,,,,OMIE exact unit code,
GGMTV1,GMT GEN. VENTA,,,,100 GENERICA ZONA ESPAÑOLA Unidad Generica,NG AND TR,ADING LTD,,,,,OMIE exact unit code,
GGNCOC1,UNIDAD GENERIC,A ESPAÑA,,,100 GENERICA ZONA ESPAÑOLA Unidad Generica,RCIALIZA,DORA,,,,,OMIE exact unit code,
GGNCOC2,UNIDAD GENERIC,A COMPRA PORT,,,100 GENERICA ZONA PORTUGUESA Unidad Generica,RCIALIZA,DORA,,,,,OMIE exact unit code,
GGNCOV1,UNIDAD GENERIC,A ESPAÑA,,,100 GENERICA ZONA ESPAÑOLA Unidad Generica,RCIALIZA,DORA,,,,,OMIE exact unit code,
GGNCOV2,UNIDAD GENERIC,A VENTA PORT,,,100 GENERICA ZONA PORTUGUESA Unidad Generica,RCIALIZA,DORA,,,,,OMIE exact unit code,
GGNRAC1,U. GENERICA INT,ERCONEXION,,,100 GENERICA ZONA ESPAÑOLA Unidad Generica,ECNOLOG,IA,,,,,OMIE exact unit code,
GGNRAV1,U. GENERICA INT,ERCONEXION,,,100 GENERICA ZONA ESPAÑOLA Unidad Generica,ECNOLOG,IA,,,,,OMIE exact unit code,
GGNSEC2,GNSE PORTUGAL,GENERICA,,,100 GENERICA ZONA PORTUGUESA Unidad Generica,.,,,,,,OMIE exact unit code,
GGNSEV2,GNSE PORTUGAL,GENERICA,,,100 GENERICA ZONA PORTUGUESA Unidad Generica,.,,,,,,OMIE exact unit code,
GGSLZC1,GASILUZ GENERI,CA,,,100 GENERICA ZONA ESPAÑOLA VENTA GENERICA,"CÍA, S.L.",,,,,,OMIE exact unit code,
GGSLZV1,GASILUZ GENERI,CA,,,100 GENERICA ZONA ESPAÑOLA Unidad Generica,"CÍA, S.L.",,,,,,OMIE exact unit code,
GHCGC1,HC G GENERICA,COMPRA,,,100 GENERICA ZONA ESPAÑOLA Unidad Generica,(GENERAC,IÓN),,,,,OMIE exact unit code,
GHCGV1,HC G GENERICA,VENTA,,,100 GENERICA ZONA ESPAÑOLA Unidad Generica,(GENERAC,IÓN),,,,,OMIE exact unit code,
GHISPC1,HISPE GENERICA,COMPRA,,,100 GENERICA ZONA ESPAÑOLA Unidad Generica,"AÑA, S.A.U",.,,,,,OMIE exact unit code,
GHISPV1,HISPE GENERICA,VENTA,,,100 GENERICA ZONA ESPAÑOLA Unidad Generica,"AÑA, S.A.U",.,,,,,OMIE exact unit code,
GIBEGC1,IBEG GEN. COMP,RA ESP,,,100 GENERICA ZONA ESPAÑOLA Unidad Generica,A ESPAÑA,S..A.,,,,,OMIE exact unit code,
GIBEGV1,IBEG GEN. VENTA,ESP,,,100 GENERICA ZONA ESPAÑOLA Unidad Generica,A ESPAÑA,S..A.,,,,,OMIE exact unit code,
GIBGEC1,IBGES GENERICA,COMPRA,,,100 GENERICA ZONA ESPAÑOLA Unidad Generica,A ESPAÑA,S..A.,,,,,OMIE exact unit code,
GIBGEV1,IBGES GENERICA,VENTA,,,100 GENERICA ZONA ESPAÑOLA Unidad Generica,A ESPAÑA,S..A.,,,,,OMIE exact unit code,
GIGNIC1,UNIDAD GENERIC,A VENTA,,,100 GENERICA ZONA ESPAÑOLA Unidad Generica,,,,,,,OMIE exact unit code,
GIGNIV1,UNIDAD GENERIC,A VENTA,,,100 GENERICA ZONA ESPAÑOLA Unidad Generica,,,,,,,OMIE exact unit code,
GJAROC1,JARON GENERICA,COMPRA,,,100 GENERICA ZONA ESPAÑOLA Unidad Generica,,,,,,,OMIE exact unit code,
GJAROV1,JARON GENERICA,VENTA,,,100 GENERICA ZONA ESPAÑOLA Unidad Generica,,,,,,,OMIE exact unit code,
GKVASC1,KVASIGENERICA,,,,100 GENERICA ZONA ESPAÑOLA VENTA GENERICA,IES LIMITE,D,,,,,OMIE exact unit code,
GKVASV1,KVASIGENERICA,,,,100 GENERICA ZONA ESPAÑOLA Unidad Generica,IES LIMITE,D,,,,,OMIE exact unit code,
GMARTC1,BILATERAL VENT,A,,,100 GENERICA ZONA ESPAÑOLA VENTA GENERICA,C SL,,,,,,OMIE exact unit code,
GMARTV1,BILATERAL VENT,A,,,100 GENERICA ZONA ESPAÑOLA Unidad Generica,C SL,,,,,,OMIE exact unit code,
GMERCC1,MERCU GENERIC,A COMPRA,,,100 GENERICA ZONA ESPAÑOLA Unidad Generica,TRADING,SA,,,,,OMIE exact unit code,
GMERCV1,MERCU GENERIC,A VENTA,,,100 GENERICA ZONA ESPAÑOLA Unidad Generica,TRADING,SA,,,,,OMIE exact unit code,
GMETGC1,GMETGV1,,,,100 GENERICA ZONA ESPAÑOLA Unidad Generica,"NA, S.A.",,,,,,OMIE exact unit code,
GMETGV1,GMETGV1,,,,100 GENERICA ZONA ESPAÑOLA Unidad Generica,"NA, S.A.",,,,,,OMIE exact unit code,
GNEASC1,GENERICA NEAS,,,,100 GENERICA ZONA ESPAÑOLA Unidad Generica,TRADING A,S,,,,,OMIE exact unit code,
GNEASV1,GENERICA NEAS,,,,100 GENERICA ZONA ESPAÑOLA Unidad Generica,TRADING A,S,,,,,OMIE exact unit code,
GNEXUC1,NEXU GENERICA,COMPRA,,,100 GENERICA ZONA ESPAÑOLA Unidad Generica,,,,,,,OMIE exact unit code,
GNEXUV1,NEXU GENERICA,VENTA,,,100 GENERICA ZONA ESPAÑOLA Unidad Generica,,,,,,,OMIE exact unit code,
GNIDHC1,NIDHOG GENERIC,,,,100 GENERICA ZONA ESPAÑOLA VENTA GENERICA,,,,,,,OMIE exact unit code,
GNIDHV1,NIDHOG GENERIC,,,,100 GENERICA ZONA ESPAÑOLA Unidad Generica,,,,,,,OMIE exact unit code,
GNOBLC1,GENERIC,,,,100 GENERICA ZONA ESPAÑOLA Unidad Generica,S LIMITED,,,,,,OMIE exact unit code,
GNOBLV1,GENERIC,,,,100 GENERICA ZONA ESPAÑOLA Unidad Generica,S LIMITED,,,,,,OMIE exact unit code,
GONEC1,ONE GENERICA C,OMPRA,,,100 GENERICA ZONA ESPAÑOLA Unidad Generica,ELECTRIC,ITÉ ET DE L'EAU POTABLE,,,,,OMIE exact unit code,
GONEV1,ONE GENERICA V,ENTA,,,100 GENERICA ZONA ESPAÑOLA Unidad Generica,ELECTRIC,ITÉ ET DE L'EAU POTABLE,,,,,OMIE exact unit code,
GPOWEC1,GENERIC UNIT,,,,100 GENERICA ZONA ESPAÑOLA Unidad Generica,,,,,,,OMIE exact unit code,
GPOWEV1,GENERIC UNIT,,,,100 GENERICA ZONA ESPAÑOLA Unidad Generica,,,,,,,OMIE exact unit code,
GREPSC1,REPSB GENERIC,A VENTA,,,100 GENERICA ZONA ESPAÑOLA Unidad Generica,RENOVAB,"LES, S.A.",,,,,OMIE exact unit code,
GREPSV1,REPSB GENERIC,A VENTA,,,100 GENERICA ZONA ESPAÑOLA Unidad Generica,RENOVAB,"LES, S.A.",,,,,OMIE exact unit code,
GSAMPC1,SAMP GENERICA,COMPRA,,,100 GENERICA ZONA ESPAÑOLA Unidad Generica,Y OBRAS,,,,,,OMIE exact unit code,
GSAMPV1,SAMP GENERICA,VENTA,,,100 GENERICA ZONA ESPAÑOLA Unidad Generica,Y OBRAS,,,,,,OMIE exact unit code,
GSHEEC1,SHEEN GENERIC,A COMPRA,,,100 GENERICA ZONA ESPAÑOLA Unidad Generica,OPE LIMIT,ED,,,,,OMIE exact unit code,
GSHEEC2,GENERICA VENTA,PORTUGAL,,,100 GENERICA ZONA PORTUGUESA VENTA GENERICA,OPE LIMIT,ED,,,,,OMIE exact unit code,
GSHEEV1,SHEEN GENERIC,A VENTA,,,100 GENERICA ZONA ESPAÑOLA Unidad Generica,OPE LIMIT,ED,,,,,OMIE exact unit code,
GSHEEV2,GENERICA VENTA,PORTUGAL,,,100 GENERICA ZONA PORTUGUESA Unidad Generica,OPE LIMIT,ED,,,,,OMIE exact unit code,
GSMARC1,SMARC GENERIC,A,,,100 GENERICA ZONA ESPAÑOLA VENTA GENERICA,LIMITED,,,,,,OMIE exact unit code,
GSMARV1,SMARC GENERIC,A,,,100 GENERICA ZONA ESPAÑOLA Unidad Generica,LIMITED,,,,,,OMIE exact unit code,
GSMGC1,GSM GENERICA C,OMPRA,,,100 GENERICA ZONA ESPAÑOLA Unidad Generica,S GMBH,,,,,,OMIE exact unit code,
GSMGC2,PT GENERIC BUY,,,,100 GENERICA ZONA PORTUGUESA Unidad Generica,S GMBH,,,,,,OMIE exact unit code,
GSMGV1,GSM GENERICA V,ENTA,,,100 GENERICA ZONA ESPAÑOLA Unidad Generica,S GMBH,,,,,,OMIE exact unit code,
GSMGV2,PT GENERIC SEL,L,,,100 GENERICA ZONA PORTUGUESA Unidad Generica,S GMBH,,,,,,OMIE exact unit code,
GSSEEC1,GENERSSE,,,,100 GENERICA ZONA ESPAÑOLA VENTA GENERICA,Y LIMITED,,,,,,OMIE exact unit code,
GSSEEV1,GENERSSE,,,,   100 GENERICA ZONA ESPAÑOLA Unidad Generica ,SSE ENERGY SUPPLY,LIMITED,,,,,OMIE exact unit code,
GTGPLC1,TGPL GENER,ICA COMPRA,,,WER LIMITED  100 GENERICA ZONA ESPAÑOLA Unidad Generica ,TOTALENERGIES GAS,AND PO,,,,,OMIE exact unit code,
GTGPLC2,TGPL GENER,ICA COMPRA PT,,,WER LIMITED  100 GENERICA ZONA PORTUGUESA VENTA GENERICA ,TOTALENERGIES GAS,AND PO,,,,,OMIE exact unit code,
GTGPLV1,TGPL GENER,ICA VENTA,,,WER LIMITED  100 GENERICA ZONA ESPAÑOLA Unidad Generica ,TOTALENERGIES GAS,AND PO,,,,,OMIE exact unit code,
GTGPLV2,TGPL GENER,ICA VENTA PT,,,WER LIMITED  100 GENERICA ZONA PORTUGUESA Unidad Generica ,TOTALENERGIES GAS,AND PO,,,,,OMIE exact unit code,
GTSRDC1,GENERICA,,,,S GM BH  100 GENERICA ZONA ESPAÑOLA Unidad Generica ,ENGELHART CTP REN,EWABLE,,,,,OMIE exact unit code,
GTSRDV1,GENERICA,,,,S GM BH  100 GENERICA ZONA ESPAÑOLA Unidad Generica ,ENGELHART CTP REN,EWABLE,,,,,OMIE exact unit code,
GUNELC1,UNIDAD GEN,ERICA,,,   100 GENERICA ZONA ESPAÑOLA Unidad Generica ,UNIELECTRICA ENER,GIA S.A.,,,,,OMIE exact unit code,
GUNELV1,UNIDAD GEN,ERICA,,,   100 GENERICA ZONA ESPAÑOLA Unidad Generica ,UNIELECTRICA ENER,GIA S.A.,,,,,OMIE exact unit code,
GVIEGC1,VIEG GENER,ICA COMPRA,,,"ICA, S.A  100 GENERICA ZONA ESPAÑOLA Unidad Generica ",REPSOL GENERACIÓ,N ELÉCTR,,,,,OMIE exact unit code,
GVIEGV1,VIEG GENER,ICA VENTA,,,"ICA, S.A  100 GENERICA ZONA ESPAÑOLA Unidad Generica ",REPSOL GENERACIÓ,N ELÉCTR,,,,,OMIE exact unit code,
GVISAC1,UNIDAD GEN,ÉRICA VISALIA,,,   100 GENERICA ZONA ESPAÑOLA VENTA GENERICA ,VISALIA ENERGIA SLU,,,,,,OMIE exact unit code,
GVISAV1,UNIDAD GEN,ÉRICA VISALIA,,,   100 GENERICA ZONA ESPAÑOLA Unidad Generica ,VISALIA ENERGIA SLU,,,,,,OMIE exact unit code,
GVITLC1,VITOL GENE,RICA FRANCIA,,,   100 GENERICA ZONA ESPAÑOLA Unidad Generica ,VITOL S.A.,,,,,,OMIE exact unit code,
GVITLV1,VITOL GENE,RICA FRANCIA,,,   100 GENERICA ZONA ESPAÑOLA Unidad Generica ,VITOL S.A.,,,,,,OMIE exact unit code,
GWMARC1,UNIDAD GEN,ERICA W2M,,,RCIA LIZACIÓN RE) 100 GENERICA ZONA ESPAÑOLA Unidad Generica ,WIND TO MARKET (AC,T.: COME,,,,,OMIE exact unit code,
GWMARV1,UNIDAD GEN,ERICA W2M,,,RCIA LIZACIÓN RE) 100 GENERICA ZONA ESPAÑOLA Unidad Generica ,WIND TO MARKET (AC,T.: COME,,,,,OMIE exact unit code,
CLIPCX1,CLIPCX1,,,,   100 PORFOLIO ZONA ESPAÑOLA Porfolio Produccion Compra,HOLALUZ-CLIDOM SA,,,,,,OMIE exact unit code,
CLIPVX1,CLIPVX1,,,,   100 PORFOLIO ZONA ESPAÑOLA Porfolio Produccion Venta,HOLALUZ-CLIDOM SA,,,,,,OMIE exact unit code,
EBLPCX1,PORFOLIO E,BLCO COMPRA,,,   100 PORFOLIO ZONA ESPAÑOLA Porfolio Produccion Compra,"ENGIE ESPAÑA,S.L.U",,,,,,OMIE exact unit code,
EBLPVX1,PORFOLIO E,BLCO VENTA,,,   100 PORFOLIO ZONA ESPAÑOLA Porfolio Produccion Venta,"ENGIE ESPAÑA,S.L.U",,,,,,OMIE exact unit code,
EGLCCX1,PORTFOLIO,COMPRA COME,,,   100 PORFOLIO ZONA ESPAÑOLA Porfolio Comerc. Co mpra,"AXPO IBERIA, S.L.",,,,,,OMIE exact unit code,
EGLCVX1,PORTFOLIO,VENTA COMER,,,   100 PORFOLIO ZONA ESPAÑOLA Porfolio Comerc. Ve nta,"AXPO IBERIA, S.L.",,,,,,OMIE exact unit code,
EGLPCX1,COMPRA GE,NERACION,,,   100 PORFOLIO ZONA ESPAÑOLA Porfolio Produccion Compra,"AXPO IBERIA, S.L.",,,,,,OMIE exact unit code,
EGLPVX1,VENTA GENE,RACIÓN,,,   100 PORFOLIO ZONA ESPAÑOLA Porfolio Produccion Venta,"AXPO IBERIA, S.L.",,,,,,OMIE exact unit code,
EGPPCX2,PORTFOLIO,COMPRA,,,   100 PORFOLIO ZONA PORTUGUESA Porfolio Produccion Compra,EDP GEM PORTUGAL,S.A.,,,,,OMIE exact unit code,
EGPPVX2,PORTFOLIO,VENDA,,,   100 PORFOLIO ZONA PORTUGUESA Porfolio Produccion Venta,EDP GEM PORTUGAL,S.A.,,,,,OMIE exact unit code,
ELEPCX1,ELEPCX1,,,,   100 PORFOLIO ZONA ESPAÑOLA Porfolio Produccion Compra,"ELECTRICIDAD ELEIA,",S.L.U.,,,,,OMIE exact unit code,
ELEPVX1,ELEPVX1,,,,   100 PORFOLIO ZONA ESPAÑOLA Porfolio Produccion Venta,"ELECTRICIDAD ELEIA,",S.L.U.,,,,,OMIE exact unit code,
ENUPCX1,ENUPCX1,,,,   100 PORFOLIO ZONA ESPAÑOLA Porfolio Produccion Compra,ENERGIA NUFRI SLU,,,,,,OMIE exact unit code,
ENUPVX1,ENUPVX1,,,,   100 PORFOLIO ZONA ESPAÑOLA Porfolio Produccion Venta,ENERGIA NUFRI SLU,,,,,,OMIE exact unit code,
FENPCX1,PORFOLIO P,COMPRA,,,   100 PORFOLIO ZONA ESPAÑOLA Porfolio Produccion Compra,FENIE ENERGIA,,,,,,OMIE exact unit code,
FENPVX1,PORFOLIO P,,,,   100 PORFOLIO ZONA ESPAÑOLA Porfolio Produccion Venta,FENIE ENERGIA,,,,,,OMIE exact unit code,
GESPCX1,PORFOLIO G,ENERACION COM,,,   100 PORFOLIO ZONA ESPAÑOLA Porfolio Produccion Compra,"GESTERNOVA, S.A.",,,,,,OMIE exact unit code,
GESPVX1,PORFOLIO G,ENERACION VEN,,,   100 PORFOLIO ZONA ESPAÑOLA Porfolio Produccion Venta,"GESTERNOVA, S.A.",,,,,,OMIE exact unit code,
GNCPCX1,GNCO PORT,FOLIO COMPRA,,,DORA   100 PORFOLIO ZONA ESPAÑOLA Porfolio Produccion Compra,GAS NATURAL COME,RCIALIZA,,,,,OMIE exact unit code,
GNCPVX1,GNCO PORT,FOLIO VENTA,,,DORA   100 PORFOLIO ZONA ESPAÑOLA Porfolio Produccion Venta,GAS NATURAL COME,RCIALIZA,,,,,OMIE exact unit code,
GNRPCX1,PORFOLIO P,RODUCCIÓN COM,,,IA   100 PORFOLIO ZONA ESPAÑOLA Porfolio Produccion Compra,GNERA ENERGIA Y TE,CNOLOG,,,,,OMIE exact unit code,
GNRPVX1,PORFOLIO P,RODUCCIÓN VEN,,,IA   100 PORFOLIO ZONA ESPAÑOLA Porfolio Produccion Venta,GNERA ENERGIA Y TE,CNOLOG,,,,,OMIE exact unit code,
GOICCX1,GOICCX1,,,,   100 PORFOLIO ZONA ESPAÑOLA Porfolio Comerc. Co mpra,GOIENER S.COOP,,,,,,OMIE exact unit code,
GOICVX1,GOICVX1,,,,   100 PORFOLIO ZONA ESPAÑOLA Porfolio Comerc. Ve nta,GOIENER S.COOP,,,,,,OMIE exact unit code,
IBGCCX1,UNID. PORFO,. IBGES COMER.,,,S..A.   100 PORFOLIO ZONA ESPAÑOLA Porfolio Comerc. Co mpra,IBERDROLA ENERGÍA,ESPAÑA,,,,,OMIE exact unit code,
IBGCVX1,UNID. PORF.,IBGES COMERC.,,,S..A.   100 PORFOLIO ZONA ESPAÑOLA Porfolio Comerc. Ve nta,IBERDROLA ENERGÍA,ESPAÑA,,,,,OMIE exact unit code,
IBGPCX1,PROD. PORF,. IBGES COMERC,,,S..A.   100 PORFOLIO ZONA ESPAÑOLA Porfolio Produccion Compra,IBERDROLA ENERGÍA,ESPAÑA,,,,,OMIE exact unit code,
IBGPVX1,PROD. PORF,. IBGES COMERC,,,S..A.   100 PORFOLIO ZONA ESPAÑOLA Porfolio Produccion Venta,IBERDROLA ENERGÍA,ESPAÑA,,,,,OMIE exact unit code,
ICUPCX1,U. PORFOLIO,IBCUR PROD. C,,,"OR D E ÚLTIMO RECURSO, SAU 100 PORFOLIO ZONA ESPAÑOLA Porfolio Produccion Compra",CURENERGÍA COMER,CIALIZAD,,,,,OMIE exact unit code,
ICUPVX1,U. PORFOLIO,IBCUR PROD. V,,,"OR D E ÚLTIMO RECURSO, SAU 100 PORFOLIO ZONA ESPAÑOLA Porfolio Produccion Venta",CURENERGÍA COMER,CIALIZAD,,,,,OMIE exact unit code,
ISMCCX1,PORTFOLIO,COMPRA,,,IDA SL  100 PORFOLIO ZONA ESPAÑOLA Porfolio Comerc. Co mpra,INGEBAU SOLUCIONE,S DE MED,,,,,OMIE exact unit code,
ISMCVX1,PORTFOLIO,VENTA,,,IDA SL  100 PORFOLIO ZONA ESPAÑOLA Porfolio Comerc. Ve nta,INGEBAU SOLUCIONE,S DE MED,,,,,OMIE exact unit code,
ISMPCX1,COMPRA PO,RTFOLIO,,,IDA SL  100 PORFOLIO ZONA ESPAÑOLA Porfolio Produccion Compra,INGEBAU SOLUCIONE,S DE MED,,,,,OMIE exact unit code,
ISMPVX1,VENTA PORT,FOLIO,,,IDA SL  100 PORFOLIO ZONA ESPAÑOLA Porfolio Produccion Venta,INGEBAU SOLUCIONE,S DE MED,,,,,OMIE exact unit code,
LAUCCX1,PORFOLIO C,OMPRA COMER,,,"L, S. L.U.  100 PORFOLIO ZONA ESPAÑOLA Porfolio Comerc. Co mpra",LA UNIÓN ELECTRO IN,DUSTRIA,,,,,OMIE exact unit code,
LAUCVX1,PORFOLIO V,ENTA COMER,,,"L, S. L.U.  100 PORFOLIO ZONA ESPAÑOLA Porfolio Comerc. Ve nta",LA UNIÓN ELECTRO IN,DUSTRIA,,,,,OMIE exact unit code,
NEUCCX1,NEUCCX1,,,,L   100 PORFOLIO ZONA ESPAÑOLA Porfolio Comerc. Co mpra,NEURO ENERGIA Y G,"ESTION, S",,,,,OMIE exact unit code,
NEUCVX1,NEUCVX1,,,,L   100 PORFOLIO ZONA ESPAÑOLA Porfolio Comerc. Ve nta,NEURO ENERGIA Y G,"ESTION, S",,,,,OMIE exact unit code,
NEXPCX1,U PORFOLIO,GENERACION,,,CIAL IZACIÓN R E) 100 PORFOLIO ZONA ESPAÑOLA Porfolio Produccion Compra,NEXUS ENERGÍA (ACT,. COMER,,,,,OMIE exact unit code,
NEXPVX1,U PORFOLIO,GENERACION,,,CIAL IZACIÓN R E) 100 PORFOLIO ZONA ESPAÑOLA Porfolio Produccion Venta,NEXUS ENERGÍA (ACT,. COMER,,,,,OMIE exact unit code,
TRIPCX1,PORTFOLIO,BUY,,,G AG   100 PORFOLIO ZONA ESPAÑOLA Porfolio Produccion Compra,SECOND FOUNDATIO,N TRADIN,,,,,OMIE exact unit code,
