uf_code,uf_name,up_code,subject_code,technology_esios
3PINOS,3PINOS,UPBLAN,GNRA,Solar fotovoltaica
3VILLAS,3VILLAS,EUW3VIL,CEG,Eólica terrestre
4CAM1,4CAMINOS1,FAUDAX,ADXRE,Solar fotovoltaica
4CAM2,4CAMINOS2,FAUDAX,ADXRE,Solar fotovoltaica
4CAM3,4CAMINOS3,FAUDAX,ADXRE,Solar fotovoltaica
4CAM4,CUATROCAM4,FAUDAX,ADXRE,Solar fotovoltaica
98D-481,98D-481,TTFTPZG,NEXU,Gas natural cogeneración
98FUTUR,98FUTUR,FGEFG,EFG,Solar fotovoltaica
ABA1,ABARAN 1,ABA1,BARER,Fluyente
ABA2,ABARAN 2,ABA2,BARER,Fluyente
ABADC,ABADC,AFIBGEC,IBGES,Batería electroquímica
ABADV,ABADV,AFIBGEV,IBGES,Batería electroquímica
ABARA,ABARA,EABARA,EGED,Eólica terrestre
ABASC01,UPC ABAST,ABASC01,ABAST,Comercializadores mercado libre
ABELLA,ABELLA,EINVER,EGLE,Eólica terrestre
ABENOJA,ABENOJA,FABENOJ,NEXU,Solar fotovoltaica
ABJEREZ,JEREZ,SHEPV29,SHEEN,Solar fotovoltaica
ABNIX,ABNIX,FVGNRA,GNRA,Solar fotovoltaica
ABO1,ABOÑO 1,ABO1,ABOGE,Hulla antracita
ABO2,ABOÑO 2,ABO2G,ABOGE,Turbina vapor - Fuel gas
ABOUC01,ABOUTWHI,ABOUC01,ABOUT,Comercializadores mercado libre
ABOX,ABOX,ABOX,ABOGE,Consumo de Servicios Auxiliares
AC86BA,AC86BA,FORTR01,FORTI,Comercializadores mercado libre
ACAIX,ACAIX,UPSON4,GNRA,Solar fotovoltaica
ACAMP,ACAMP,HCGSIHA,HC G,Eólica terrestre
ACAMPOH,ACAMPO,EEGPEM,ECYR,Eólica terrestre
ACAPC01,ACAPC01,ACAPC01,ACAPE,Consumos directos en mercado
ACASIL1,ACASIL1,EEGPEV,ECYR,Eólica terrestre
ACASIL2,ACASIL2,EEGPES,ECYR,Eólica terrestre
ACC1,ACECA H 1,TAJO,IBEG,Fluyente
ACC2,ACECA H 2,TAJO,IBEG,Fluyente
ACC3,ACECA H 3,TAJO,IBEG,Fluyente
ACE3,ACECA 3,ACE3,IBGT,Ciclo combinado
ACE4,ACECA4,ACE4,GNCC,Ciclo combinado
ACEBO,ACEBO,HCGSCSA,HC G,Eólica terrestre
ACEGUAD,ACEGUAD,TLARODA,GNRA,Gas natural cogeneración
ACENC01,ACENORCA,ACENC01,ACENO,Consumos directos en mercado
ACHEC01,CHERA,ACHEC01,ACHER,Comercializadores mercado libre
ACIBERO,ACIBERO,EACIBER,WMARK,Eólica terrestre
ACINF,ACINF,UPEJO,GNRA,Solar fotovoltaica
ACNHC01,ACNHC01,ACNHC01,ACENH,Comercializadores mercado libre
ACOLLAR,ACOLLAR,FCOLLAR,NEXU,Solar fotovoltaica
ACOSC01,ACOSC01,ACOSC01,ACOST,Comercializadores mercado libre
ACR1,AC.VEGA 1,DUER,IBEG,Fluyente
ACR2,AC.VEGA 2,DUER,IBEG,Fluyente
ACSOC01,ACSOL,ACSOC01,ACSOL,Comercializadores mercado libre
ACTIC01,ACTIC01UN1,ACTIC01,ACTIV,Comercializadores mercado libre
ACUADRA,ACUADRA,EFEGEL2,EGED,Eólica terrestre
ACUAVIR,ACUAVIR,HACUAVI,IGNIS,Embalse
ADEIC01,ADEINNOVA,ADEIC01,ADEIN,Comercializadores mercado libre
ADEIV01,FYNEXU,ADEIV01,ADEIN,Solar fotovoltaica
ADELC01,ADELFAS,ADELC01,ADELF,Comercializadores mercado libre
ADRANO,ADRANO,EADRAG,EGED,Eólica terrestre
ADSEC01,ADSEC01,ADSEC01,ADSSM,Comercializadores mercado libre
ADSNC01,ADS,ADSNC01,ADSEN,Comercializadores mercado libre
ADURC01,ADURC01,ADURC01,ADUR,Comercializadores mercado libre
ADXC01,ADXC01,ADXC01,ADXRA,Comercializadores mercado libre
AEIDG87,AEIDG87,AEIDGEN,WMARK,Eólica terrestre
AEIDG90,AEIDG90,AEIDGEN,WMARK,Eólica terrestre
AENEC01,AVAENERC,AENEC01,AENER,Comercializadores mercado libre
AEQC01,AEQ,AEQC01,AEQ,Comercializadores mercado libre
AEROGEN,AEROGEN,EENRES,EGLE,Eólica terrestre
AFAP,AFAP,RAFAP,EGLE,Biomasa
AFRICNA,AFRICNA,TAFRICA,GESTE,Solar térmica
AFRODI1,AFRODI1,FVAFROD,WMARK,Solar fotovoltaica
AG41AG,AG41AG,FORTR01,FORTI,Comercializadores mercado libre
AGA1,AGUILA 1,EBRA,IBEG,Fluyente
AGA2,AGUILA 2,EBRA,IBEG,Fluyente
AGALGPA,AGALGPA,ROLEIC,EGLE,Biomasa
AGALMZ,AGALMZ,ENDER01,ENDCO,Comercializadores mercado libre
AGATC,AGATC,UPAGA,GNRA,Solar fotovoltaica
AGBAENA,AGBAENA,ROLEIC,EGLE,Biomasa
AGBARS,AGBARS,ENDER01,ENDCO,Comercializadores mercado libre
AGBTC,AGBTC,UPAGB,GNRA,Solar fotovoltaica
AGEAG,AGEAG,UPAGE,GNRA,Solar fotovoltaica
AGENC01,AGENC01,AGENC01,ABESL,Comercializadores mercado libre
AGENORR,AGENR,FAGENOR,GNRA,Solar fotovoltaica
AGESRAD,AGESRAD,ENEIR01,ENEFI,Comercializadores mercado libre
AGL1,AGUILAR 1,VIES,REPSB,Embalse
AGL2,AGUILAR 2,VIES,REPSB,Embalse
AGM1,AIGUAMOIX,EBRFEN,ENDG,Embalse
AGMAC01,AGMARQUES,AGMAC01,AGMA,Consumos directos en mercado
AGON2,AGON2,EAGON2,CEG,Eólica terrestre
AGREDA,AGREDA,EREGPEM,ECYR,Eólica terrestre
AGRIC01,AGRIC01,AGRIC01,AGREN,Comercializadores mercado libre
AGROBO1,AGROBO1,FAGROB1,NEXU,Solar fotovoltaica
AGROBO2,AGROBO2,FAGROB2,NEXU,Solar fotovoltaica
AGROBO3,AGROBO3,FAGROB3,NEXU,Solar fotovoltaica
AGRSRAD,AGRSRAD,ENDER01,ENDCO,Comercializadores mercado libre
AGU1,AGUAYO 1 G,AGUG,REPSB,Turbinación bombeo
AGU1B,AGUAYO 1 B,AGUB,REPSB,Consumo bombeo
AGU2,AGUAYO 2 G,AGUG,REPSB,Turbinación bombeo
AGU2B,AGUAYO 2 B,AGUB,REPSB,Consumo bombeo
AGU3,AGUAYO 3 G,AGUG,REPSB,Turbinación bombeo
AGU3B,AGUAYO 3 B,AGUB,REPSB,Consumo bombeo
AGU4,AGUAYO 4 G,AGUG,REPSB,Turbinación bombeo
AGU4B,AGUAYO 4 B,AGUB,REPSB,Consumo bombeo
AGUALLA,AGUALLA,EGREEN,EGED,Eólica terrestre
AGUDO,AGUDO,FAGUDO,NEXU,Solar fotovoltaica
AGUERAS,AGUERAS,HYAGUER,DETIC,Hidráulica - No UGH
AGUILA,AGUILA,EHIBAGI,NEXU,Híbrida Renovable
AGUILAR,AGUILAR,EGREEN,EGED,Eólica terrestre
AGUILI,AGUILI,EHIBAGL,NEXU,Híbrida Renovable
AGUILON,AGUILON,EREGPES,ECYR,Eólica terrestre
AGUIR,AGUIR,FVGNRA,GNRA,Solar fotovoltaica
AGURDA,AGURDA,ENDER01,ENDCO,Comercializadores mercado libre
AGV1,AGAVANZA 1,DUER,IBEG,Embalse
AGV2,AGAVANZA 2,DUER,IBEG,Embalse
AGV3,AGAVANZA 3,DUER,IBEG,Embalse
AHORC01,AHORA PEN,AHORC01,ALENE,Comercializadores mercado libre
AHTC01,AHTC01,AHTC01,COMED,Comercializadores mercado libre
AI83CB,AI83CB,FORTR01,FORTI,Comercializadores mercado libre
AIADHES,AIADHES,COGAIAD,DETIC,Gas natural cogeneración
AIBAR,AIBAR,EGREEN,EGED,Eólica terrestre
AIELO,AIELO,FAIELO,NEXU,Solar fotovoltaica
AIRAS,PE AIRAS,SHEPV34,SHEEN,Eólica terrestre
AIREC01,AIREL,AIREC01,AIREL,Comercializadores mercado libre
AIREV01,AIREV01,AIREV01,AIREL,Solar fotovoltaica
AITGN,AITGN,HABGN,GNRA,Solar fotovoltaica
AITONA,AITONA,HESEGRE,EGED,Fluyente
AIZEC01,UP AIZEN,AIZEC01,AIZEE,Comercializadores mercado libre
AIZKIB,AIZKIB,EGREEN,EGED,Eólica terrestre
AJENC01,AJENC01,AJENC01,AJENE,Comercializadores mercado libre
AL11,ALDEA I G1,DUER,IBEG,Embalse
AL12,ALDEA I G2,DUER,IBEG,Embalse
AL13,ALDEA I G3,DUER,IBEG,Embalse
AL14,ALDEA I G4,DUER,IBEG,Embalse
AL15,ALDEA I G5,DUER,IBEG,Embalse
AL16,ALDEA I G6,DUER,IBEG,Embalse
AL21,ALDEA IIG1,DUER,IBEG,Embalse
AL21B,ALDEA IIB1,DUEB,IBEG,Consumo bombeo
AL22,ALDEA IIG2,DUER,IBEG,Embalse
AL22B,ALDEA IIB2,DUEB,IBEG,Consumo bombeo
AL83AL,AL83AL,FORTR01,FORTI,Comercializadores mercado libre
AL83AM,AL83AM,FORTR01,FORTI,Comercializadores mercado libre
ALABRA,ALABRA,EGREEN,EGED,Eólica terrestre
ALACON,ALACON,EEGPEV,ECYR,Eólica terrestre
ALAHC01,UP_HALAHUR,ALAHC01,ALAHU,Comercializadores mercado libre
ALAIX,ALAIX,UPSON2,GNRA,Solar fotovoltaica
ALAIZ,ALAIZ,EGREEN,EGED,Eólica terrestre
ALAMAK,ALAMAK,FVALMK,NEXU,Solar fotovoltaica
ALAMILL,ALAMILL,FALAMIL,NEXU,Solar fotovoltaica
ALAMO,ALAMO,FVALAMO,CEG,Solar fotovoltaica
ALAMOFW,ALAMOFW,FFATFW,GNRA,Solar fotovoltaica
ALARCO,ALARCO,HFIBGES,IBGES,Embalse
ALARCOS,PV ALARCOS,ALARCOS,ADXRE,Solar fotovoltaica
ALARCS,ALARCOS,FALARCO,NEXU,Solar fotovoltaica
ALASE,ALASE,FVGNRA,GNRA,Solar fotovoltaica
ALB1,ALBARELLOS,UFMI,GNFG,Embalse
ALBA1,ALBA1,FYALBA1,CEG,Solar fotovoltaica
ALBA2,ALBA2,FYALBA2,CEG,Solar fotovoltaica
ALBACET,ALBACET,RPREZO,EGLE,Biogás
ALBAR,ALBAR,UPSDAF,GNRA,Solar fotovoltaica
ALBCC01,ALBCOUP,ALBCC01,ALBCO,Comercializadores mercado libre
ALBEI,ALBEI,FAUDAX,ADXRE,Solar fotovoltaica
ALBEII,ALBEII,FAUDAX,ADXRE,Solar fotovoltaica
ALBEIII,ALBEIII,FAUDAX,ADXRE,Solar fotovoltaica
ALBEIV,ALBEIV,FAUDAX,ADXRE,Solar fotovoltaica
ALBETA1,ALBETA1,FALBET1,NEXU,Solar fotovoltaica
ALBETA2,ALBETA2,FALBET2,NEXU,Solar fotovoltaica
ALBFW,ALBFW,FVGNRA,GNRA,Solar fotovoltaica
ALBUREJ,ALBUREJ,EHIBGES,IBGES,Eólica terrestre
ALC1,ALCALA J 1,BERJUCA,BARER,Fluyente
ALC2,ALCALA J 2,BERJUCA,BARER,Fluyente
ALCAC01,ALCAC01,ALCAC01,ALCAN,Comercializadores mercado libre
ALCANAD,ALCANAD,HFEGED,EGED,Fluyente
ALCARA1,ALCARA1,ERRIBGE,IBGES,Eólica terrestre
ALCARA2,ALCARA2,ERRIBGE,IBGES,Eólica terrestre
ALCARDE,FV ALCARDE,INTRE02,INTRA,Solar fotovoltaica
ALCARRA,ALCARRA,TIGALC,FUTGR,Gas natural cogeneración
ALCASUR,ALCSUR,FALCSUR,GESTE,Solar fotovoltaica
ALCAZ1,ALCAZ1,GALPS2,GALP,Solar fotovoltaica
ALCAZA2,ALCAZARES2,ALCAZA2,ELEIA,Solar fotovoltaica
ALCB,ALCOBA,UFGC,GNFG,Embalse
ALCNCH,ALCNCH,FALCNCH,NEXU,Solar fotovoltaica
ALCNORT,ALCALNR,FALCNOR,GESTE,Solar fotovoltaica
ALCOAS,ALCOAS,ENDER01,ENDCO,Comercializadores mercado libre
ALCOLEA,ALCOLEA,HALCOL,EGLE,Fluyente
ALCON1,ALCON1,FALCON1,NEXU,Solar fotovoltaica
ALCONCH,ALCONCHEL,FALCONC,EBLCO,Solar fotovoltaica
ALCORE,ALCORE,FALCORE,NEXU,Solar fotovoltaica
ALCORES,ALCORES,FALCOR,EGLE,Solar fotovoltaica
ALDDC01,ALDDC01,ALDDC01,ALDEC,Comercializadores mercado libre
ALDEA,ALDEA,UPALDEA,GNRA,Solar fotovoltaica
ALDEC0F,ALDEC01,ALDEC01,ALDEF,Comercializadores mercado libre
ALDEH,ALDEH,ALDEHU,HISPE,Eólica terrestre
ALDENG,ALDENG,RALDENG,PULSA,Biomasa
ALDEVIE,ALDEVIE,EEGPEM,ECYR,Eólica terrestre
ALDIX,ALDIX,UPSON3,GNRA,Solar fotovoltaica
ALDRC01,ALDRO ENER,ALDRC01,ALDRO,Comercializadores mercado libre
ALDRV01,ALDRV01,ALDRV01,ALDRO,Solar fotovoltaica
ALEACU,ALEACU,ENDER01,ENDCO,Comercializadores mercado libre
ALENTIS,ALENTIS,EALENTI,EBLCO,Eólica terrestre
ALESTE,ALESTE,EFEGEL2,EGED,Eólica terrestre
ALFRV1,ALFRV1,UPALC1,GNRA,Solar fotovoltaica
ALFRV2,ALFRV2,UPALC2,GNRA,Solar fotovoltaica
ALG3TG1,ALG3TG1,ALG3,REPSB,Ciclo combinado
ALG3TG2,ALG3TG2,ALG3,REPSB,Ciclo combinado
ALG3TV1,ALG3TV1,ALG3,REPSB,Vapor
ALGICA1,ALGICA1,ALGICA1,COALG,Comercializadores mercado libre
ALHAM,ALHAM,ALHAM,GNRA,Solar fotovoltaica
ALHAMB,ALHAMB,EGREEN1,EGED,Eólica terrestre
ALHEN1,UFALHENDI1,BAYWA1,IGNIS,Solar fotovoltaica
ALHEN2,ALHENDIN2,UPBAYWA,IGNIS,Solar fotovoltaica
ALHEN3,ALHENDIN3,BAYWA3,IGNIS,Solar fotovoltaica
ALHUELA,ALHUELA,HRPI,EGLE,Fluyente
ALIAGAR,ALIAGAR,FALIAGA,WMARK,Solar fotovoltaica
ALIJAR,ALIJAR,EGREEN1,EGED,Eólica terrestre
ALIJAR2,ALIJAR2,EALIJA2,SEDAE,Eólica terrestre
ALIOC01,ALIOC01,ALIOC01,ALIOE,Comercializadores mercado libre
ALIWIN,ALIWIN,FALIWN,NEXU,Solar fotovoltaica
ALIZAR,ALIZARSUN,FALIZAR,HISPE,Solar fotovoltaica
ALJORA,ALJORRA,FALJORR,NEXU,Solar fotovoltaica
ALLIUM,ALLIUM,FALLIUM,NEXU,Solar fotovoltaica
ALLUEVA,PE ALLUEVA,EEGPEV,ECYR,Eólica terrestre
ALM1,ALMOGUER 1,UFTA,GNFG,Embalse
ALM2,ALMOGUER 2,UFTA,GNFG,Embalse
ALM3,ALMOGUER 3,UFTA,GNFG,Embalse
ALMAC01,ALUM MAEST,ALMAC01,ALMAE,Consumos directos en mercado
ALMANDO,ALMANDO,HFEGED,EGED,Fluyente
ALMANS2,ALMANSA II,FDREU14,DREUA,Solar fotovoltaica
ALMANSA,ALMANSA I,FDREU13,DREUA,Solar fotovoltaica
ALMAREN,ALMAREN,EREGPEM,ECYR,Eólica terrestre
ALMAZ1,ALMAZ1,FIIBGES,IBGES,Solar fotovoltaica
ALMEND1,ALMEND1,EHIBGES,IBGES,Eólica terrestre
ALMENDA,ALMENDA,EWIESRB,NEXU,Eólica terrestre
ALMENDR,ALMENDR,EHIBGES,IBGES,Eólica terrestre
ALMERIQ,ALMERIQ,EALMERI,NEXU,Eólica terrestre
ALMNDRO,ALMNDRO,EGASN2U,GNCO,Eólica terrestre
ALMNSA,ALMANSA,FALMANS,NEXU,Solar fotovoltaica
ALMO1,ALMO1,FALMO1,CEG,Solar fotovoltaica
ALMODOV,ALMODOVAR,EGREEN,EGED,Eólica terrestre
ALMOF,ALMOFREI,HFGNRA,GNRA,Fluyente
ALMON2,ALMON2,UPALMON,GNRA,Solar fotovoltaica
ALMONOR,ALMONOR,EFEGEL1,EGED,Eólica terrestre
ALMORET,ALMORET,FAMORET,WMARK,Solar fotovoltaica
ALMOSUR,ALMOSUR,EFEGEL1,EGED,Eólica terrestre
ALMOVAR,ALMOVAR,FALMVAR,NEXU,Solar fotovoltaica
ALMVRIO,ALMVRIO,FALMRIO,NEXU,Solar fotovoltaica
ALMZ2,ALMZ2,FIIBGES,IBGES,Solar fotovoltaica
ALNERA,ALNERA,FALNERA,NEXU,Solar fotovoltaica
ALO1,ALLOZ 1,ASIEBRO,ASIE,Embalse
ALO2,ALLOZ 2,ASIEBRO,ASIE,Embalse
ALOMBA,ALOMBA,EFEGEL1,EGED,Eólica terrestre
ALONDE,ALONDE,FALONDE,NEXU,Solar fotovoltaica
ALPMAI,ALPMAI,FALPMAI,SOLRC,Solar fotovoltaica
ALPXC01,ALPXC01,ALPXC01,ALPEX,Comercializadores mercado libre
ALQSC01,ALQSC01,ALQSC01,ALSEG,Comercializadores mercado libre
ALQUERA,ALQRIA,FALQRIA,GESTE,Solar fotovoltaica
ALR2,ALCALA R 1,GDLQ,ENDG,Fluyente
ALR3,ALCALA R 2,GDLQ,ENDG,Fluyente
ALSEC01,ALSEC01,ALSEC01,ALSEC,Comercializadores mercado libre
ALSEMU1,ALSEMU1,FSEMUR1,NEXU,Solar fotovoltaica
ALSEMU2,ALSEMU2,FSEMUR2,NEXU,Solar fotovoltaica
ALSEMU3,ALSEMU3,FSEMUR3,NEXU,Solar fotovoltaica
ALTAMIR,ALTAMIRA,EHIBGES,IBGES,Eólica terrestre
ALTCO,ALCONERA,FALTCO,NEXU,Solar fotovoltaica
ALTENEL,ALTENELCAS,FFRSPRA,RSPRA,Solar fotovoltaica
ALTERRA,ALTERRA,EGREEN,EGED,Eólica terrestre
ALTIX,ALTIX,UPSON1,GNRA,Solar fotovoltaica
ALTOMOM,ALTOMONT,FGST144,GESTE,Solar fotovoltaica
ALTORRI,ALTORRI,TIGALT,COGEN,Gas natural cogeneración
ALTOSOL,ALTOSOL,FTALTOS,DETIC,Solar fotovoltaica
ALUEC01,ALUZPENIN,ALUEC01,ALUZE,Comercializadores mercado libre
ALUZC01,AHORRELUZ,ALUZC01,ALUZ,Comercializadores mercado libre
ALVSOL,SOL ALV,SHEPV02,SHEEN,Solar fotovoltaica
ALVSPK,SPK ALV,SHEPV01,SHEEN,Solar fotovoltaica
ALZ1,ALMARAZ 1,ALZ1,IGNU,Nuclear
ALZ2,ALMARAZ 2,ALZ2,IGNU,Nuclear
AMAREI,AMAREI,EFEGEL2,EGED,Eólica terrestre
AMAZC01,AMAZON C,AMAZC01,COMEF,Comercializadores mercado libre
AMB1,AMBASAGU 1,ASIDUE,ASIE,Fluyente
AMB2,AMBASAGU 2,ASIDUE,ASIE,Fluyente
AMB3,AMBASAGU 3,ASIDUE,ASIE,Fluyente
AMBIETX,AMBIETX,AMBIETX,BIZE,Consumo de Servicios Auxiliares
AMBITG1,AMBITG1,AMBIETA,BIZE,Ciclo combinado
AMBITG2,AMBITG2,AMBIETA,BIZE,Ciclo combinado
AMBITV,AMBITV,AMBIETA,BIZE,Vapor
AMBVE,AMBVE,UPAMB,GNRA,Solar fotovoltaica
AMD1,ALMADEN 1,JUCA,IBEG,Fluyente
AMD2,ALMADEN 2,JUCA,IBEG,Fluyente
AMD3,ALMADEN 3,JUCA,IBEG,Fluyente
AMD4,ALMADEN 4,JUCA,IBEG,Fluyente
AMEC01,AMEC01,AMEC01,AME,Comercializadores mercado libre
AMEITES,AMEITES,EHIBGES,IBGES,Eólica terrestre
AMELC01,-,AMELC01,AMELU,Comercializadores mercado libre
AMIC01,AMI,AMIC01,FORZA,Comercializadores mercado libre
AMIRAND,AMIRAND,TAZUCA2,EGLE,Gas natural cogeneración
AMIZAL,AMIZL,TAMIZAL,ATAL,Gas natural cogeneración
AMPADOR,AMP.PADOR,AMPEACI,WMARK,Eólica terrestre
AMPBEC,AMPBEC,ERONDA,WMARK,Eólica terrestre
AMPCHIE,AMPCHIE,HCGSIHA,HC G,Eólica terrestre
AMPEC01,AMPER,AMPEC01,AMPER,Comercializadores mercado libre
AMPHEAC,AMP.HEDRAC,AMPEACI,WMARK,Eólica terrestre
AMPHIE,AMPHIE,EGASN2U,GNCO,Eólica terrestre
AMPLLAN,AMP LLANOS,EEGPEV,ECYR,Eólica terrestre
AMPOCOG,AMPO,TAMPOC,GEMSL,Gas natural cogeneración
AMPRC01,AMPERE,AMPRC01,AMPEA,Comercializadores mercado libre
AMPSIL,AMPSIL,EHIBGES,IBGES,Eólica terrestre
AMYLUMI,AMYLUMI,COGAMYL,DETIC,Gas natural cogeneración
AMZFW,AMZFW,FVGNRA,GNRA,Solar fotovoltaica
ANARBE1,ANARBE1,HANARBE,GNRA,Fluyente
ANARBE2,ANARBE2,HANARBE,GNRA,Fluyente
ANDASO2,ANDASO2,SANDA2,EGLE,Solar térmica
ANDASO3,ANDASO3,SANDA3,EGLE,Solar térmica
ANDASOL,ANDASOL,SANDAS,EGLE,Solar térmica
ANDAYA,ANDAYA,TFGASN,GNCO,Gas natural cogeneración
ANDEVAL,ANDEVAL,FBIANHV,IBGES,Solar fotovoltaica
ANDSC,ANDSC,FVGNRA,GNRA,Solar fotovoltaica
ANG1,ANGUIANO 1,EBRA,IBEG,Fluyente
ANG2,ANGUIANO 2,EBRA,IBEG,Fluyente
ANG3,ANGUIANO 3,EBRA,IBEG,Fluyente
ANG4,ANGUIANO 4,ASIEBRO,ASIE,Fluyente
ANG5,ANGUIANO 5,ASIEBRO,ASIE,Fluyente
ANGEL,ANGEL,HGENHI,ANGEL,Fluyente
ANGELES,ANGELES,HVANGE,EGLE,Fluyente
ANGES,ANGES,FANGES1,CEG,Solar fotovoltaica
ANGLC01,ANGLER,ANGLC01,ANGLB,Comercializadores mercado libre
ANGOSTI,ANGOSTI,EGREEN1,EGED,Eólica terrestre
ANGOSTU,ANGOSTURAS,EEGPES,ECYR,Eólica terrestre
ANIMC01,ANIMC01,ANIMC01,ANIMA,Comercializadores mercado libre
ANLLO,C.H. ANLLO,HEGPE,ECYR,Fluyente
ANOIAEN,ANOIAEN,TTFANOI,NEXU,Gas natural cogeneración
ANORDES,ANORDES,EFEGEL2,EGED,Eólica terrestre
ANOVERR,ANOVR,FANOVR,GESTE,Solar fotovoltaica
ANSERA3,ANSERA3,HPEUSA,PEUSA,Fluyente
ANSERAL,ANSERAL,HPEUSA,PEUSA,Fluyente
ANSO1,ANSO1,TZAME,AME,Gas natural cogeneración
ANT1,ANTOÑANA 1,BEREBRO,BARER,Fluyente
ANTEC01,ANTEA,ANTEC01,ANTEA,Comercializadores mercado libre
ANTELLA,ANTELLA,HANTEL,EGLE,Fluyente
ANTEX,UF ANTEX,TANTEX,AME,Gas natural cogeneración
ANTFW,ANTFW,FVGNRA,GNRA,Solar fotovoltaica
ANTONI,ANTONI,EANTONI,EBLCO,Eólica terrestre
ANTONIO,ANTONIO,EZENET,EGLE,Eólica terrestre
ANTPX,ANTPX,UPANT,GNRA,Solar fotovoltaica
ANUBIS1,ANUBIS1,FVANUBI,WMARK,Solar fotovoltaica
ANVER,ANVER,FVGNRA,GNRA,Solar fotovoltaica
ANZ1,ANZANIGO,EBRACC1,ENDG,Fluyente
AOIZ,AOIZ,AE11COG,COGEN,Gas natural cogeneración
AOZPR,AOZPR,FVGNRA,GNRA,Solar fotovoltaica
APALAN1,APALAN1,EGREEN1,EGED,Eólica terrestre
APALAN2,APALAN2,EGREEN1,EGED,Eólica terrestre
APALAN3,APALAN3,EGREEN1,EGED,Eólica terrestre
APOLC01,APOLB,APOLC01,APOLB,Comercializadores mercado libre
APOZOS,APOZOS,HPOZOS,CEG,Hidráulica - No UGH
APRC01,APRC01,APRC01,APRES,Consumos directos en mercado
APRIC01,APRIM,APRIC01,APRIM,Comercializadores mercado libre
AQU127,AQU127,FAQU127,SOLRC,Solar fotovoltaica
ARABAYO,ARABAYO,FARBYON,NEXU,Solar fotovoltaica
ARACC01,ARACA1,ARACC01,ARACA,Comercializadores mercado libre
ARAGON,ARAGON,EEGPEM,ECYR,Eólica terrestre
ARAIC01,ARAIA,ARAIC01,CHPED,Comercializadores mercado libre
ARALAR,ARALAR,TPAARA,EGLE,Gas natural cogeneración
ARAS,ARAS,EGREEN,EGED,Eólica terrestre
ARASC01,ARASC01,ARASC01,ARAS,Consumos directos en mercado
ARAT,ARATORES,EBRACC1,ENDG,Fluyente
ARATOM,ARATOM,TARATO,EGLE,Gas natural cogeneración
ARAVI,SABARCA,ESANCHO,NEXU,Eólica terrestre
ARAZURI,ARAZURI,RCOPAMP,CEG,Biogás
ARB1,ARBON 1,VIES,REPSB,Embalse
ARB2,ARBON 2,VIES,REPSB,Embalse
ARBASOL,ARBASOL,FARBASL,NEXU,Solar fotovoltaica
ARBMN,ARBMN,UPARB,GNRA,Solar fotovoltaica
ARBOLE,ARBOLE,HFIBGES,IBGES,Fluyente
ARC1,A.CABRAL 1,VIES,REPSB,Fluyente
ARC2,A.CABRAL 2,VIES,REPSB,Fluyente
ARC3TG1,ARC3TG1,ARCOS3,IBGT,Ciclo combinado
ARC3TG2,ARC3TG2,ARCOS3,IBGT,Ciclo combinado
ARC3TV,ARC3TV,ARCOS3,IBGT,Vapor
ARCA,ARCA,FARCA,NEXU,Solar fotovoltaica
ARCH,ARCHENA,ARCH,BARER,Fluyente
ARCH-XV,ARCH-XV,TGYER01,TGYE,Comercializadores mercado libre
ARCH2,ARCH2,FVGNRA,GNRA,Solar fotovoltaica
ARCH4,ARCH4,FVGNRA,GNRA,Solar fotovoltaica
ARCICAR,ARCICLLR,FARCICR,GESTE,Solar fotovoltaica
ARCIREF,ARCIREF,EDPCR01,EDPCL,Comercializadores mercado libre
ARCKG1,ARCKG1,UPARCKG,GNRA,Solar fotovoltaica
ARCO1,ARCO1,FRSIGMA,REPSB,Solar fotovoltaica
ARCO2,ARCO2,FRSIGMA,REPSB,Solar fotovoltaica
ARCO3,ARCO3,FRSIGMA,REPSB,Solar fotovoltaica
ARCO4,ARCO4,FRSIGMA,REPSB,Solar fotovoltaica
ARCO5,ARCO5,FRSIGMA,REPSB,Solar fotovoltaica
ARCO8,ARCO8,FARCO8,CEG,Solar fotovoltaica
ARCOH,ARCOH,UPARCOH,GNRA,Solar fotovoltaica
ARCOS1,ARCOS1,ARCOS1,IBGT,Ciclo combinado
ARCOS2,ARCOS2,ARCOS2,IBGT,Ciclo combinado
ARDONA1,ARDONA1,FSPV3,EGLE,Solar fotovoltaica
ARDONA2,ARDONA2,FSPV10,EGLE,Solar fotovoltaica
ARE1,ARENZANA 1,EBRA,IBEG,Fluyente
ARE2,ARENZANA 2,EBRA,IBEG,Fluyente
AREFA,AREFA,EFEGEL1,EGED,Eólica terrestre
AREN,AREN,HCOHIG,EGLE,Fluyente
ARENAL,ARENAL,HARENG,EGLE,Fluyente
ARENALE,ARENALE,SARSOL,EGLE,Solar térmica
ARENALS,ARENALS,FAUDAX,ADXRE,Solar fotovoltaica
ARESA,ARESA,HFGNRA,GNRA,Fluyente
ARG1,ARGONE 1,EBRACC2,ENDG,Fluyente
ARG2,ARGONE 2,EBRACC2,ENDG,Fluyente
ARGANO,ARGANO,EHIBGES,IBGES,Eólica terrestre
ARGC01,ARGC01,ARGC01,ARGIM,Consumos directos en mercado
ARGHAR,ARGHAR,ENDER01,ENDCO,Comercializadores mercado libre
ARGOITI,ARGOITI,TUSARGO,GNRA,Derivados del petróleo o carbón
ARGSOL,ARGASOL,FARGASL,EBLCO,Solar fotovoltaica
ARGTAR,ARGTAR,ENDER01,ENDCO,Comercializadores mercado libre
ARI111,ARI111,FARI111,SOLRC,Solar fotovoltaica
ARIAS1,ARIAS1,HHDESP,HDE,Fluyente
ARIAS2,ARIAS2,HHDESP,HDE,Fluyente
ARIESTO,ARIESTO,HHDESP,HDE,Fluyente
ARIZ,ARIZMENDI,BEREBRO,BARER,Fluyente
ARLANZ,ARLANZ,TZAME,AME,Gas natural cogeneración
ARLAS,ARLAS,HFEGED,EGED,Fluyente
ARLAZON,ARLANZON,HGAME,AME,Fluyente
ARMEP,ARMEP,UPARM,GNRA,Solar fotovoltaica
ARMIJO,ARMIJO,RWESZN,HISPE,Eólica terrestre
ARNE1,ARNE1,UPARN1,GNRA,Solar fotovoltaica
ARNE2,ARNE2,UPARN2,GNRA,Solar fotovoltaica
ARNE3,ARNE3,UPARN3,GNRA,Solar fotovoltaica
ARNE4,ARNE4,UPARN4,GNRA,Solar fotovoltaica
ARNOYA,ARNOYA,HGIES,EGLE,Fluyente
ARPAL,ARPAL,FARPAL,NEXU,Solar fotovoltaica
ARQCU,ARQCU,HCUER,GNRA,Fluyente
ARR1,ARRAMBID 1,EBRA,IBEG,Fluyente
ARR2,ARRAMBID 2,EBRA,IBEG,Fluyente
ARR3,ARRAMBID 3,EBRA,IBEG,Fluyente
ARRIELO,ARRIELO,EMEDI,MEDI,Eólica terrestre
ARRO,ARROLLANDI,BEREBRO,BARER,Fluyente
ARROBO,ARROBO,FAROBO,NEXU,Solar fotovoltaica
ARROIBA,ARROIBA,HEGPE,ECYR,Fluyente
ARROYAL,ARROYAL,ELBOGA,EGLE,Eólica terrestre
ARRU1,UFARRU1,ARRU1,ARRUB,Ciclo combinado
ARRU1X,ARRU1X,ARRU1X,ARRUB,Consumo de Servicios Auxiliares
ARRU2,UFARRU2,ARRU2,ARRUB,Ciclo combinado
ARRU2X,ARRU2X,ARRU2X,ARRUB,Consumo de Servicios Auxiliares
ARSOL,ARSOL,FVGNRA,GNRA,Solar fotovoltaica
ART1,ARTIES 1,EBRFEN,ENDG,Embalse
ART2,ARTIES 2,EBRFEN,ENDG,Embalse
ARTABRA,ARTABRA,TARTABR,CEG,Derivados del petróleo o carbón
ARTEIXO,ARTEIXO,EFERSA,EGLE,Eólica terrestre
ARTICUL,ARTICULATA,FAZARA,NEXU,Solar fotovoltaica
ARTIGAS,ARTIGAS,RARTIGA,CEG,Biogás
ARTIX,ARTIX,UPSON2,GNRA,Solar fotovoltaica
ARUNAII,ARUNAII,EDEREN,EGLE,Eólica terrestre
ASC1,ASCO 1,ASC1,ENDG,Nuclear
ASC2,ASCO 2,ASC2,ENDG,Nuclear
ASCCI,ASCCI,CASMON,GNRA,Solar fotovoltaica
ASCOY,ASCOY,EASCOI,NEXU,Eólica terrestre
ASEGC01,UP1,ASEGC01,ASEGE,Comercializadores mercado libre
ASEGRE,RE-000291,HEEARG,CEG,Fluyente
ASEIXAL,ASEIXAL,EGASNE2,GNCO,Eólica terrestre
ASESA,ASESA,TFASESA,DETIC,Gas natural cogeneración
ASETYM,ASETYM,FASETYM,EBLCO,Solar fotovoltaica
ASETYM2,ASETYM2,FASETYM,EBLCO,Solar fotovoltaica
ASIEC01,COMPRA ENE,ASIEC01,ASIE,Comercializadores mercado libre
ASNEVES,ASNEVES,EFERSA,EGLE,Eólica terrestre
ASOAN,ASOAN,EFEGEL2,EGED,Eólica terrestre
ASOANA,ASOANA,EFEGEL2,EGED,Eólica terrestre
ASOEV,ASOEV,FVGNRA,GNRA,Solar fotovoltaica
ASOLANA,ASOLANA,EHIBGES,IBGES,Eólica terrestre
ASOMC,ASOMC,SENFV1,SOMEN,Solar fotovoltaica
ASPGN,ASPGN,HABGN,GNRA,Solar fotovoltaica
ASSEC01,ASSEC01,ASSEC01,ASSEN,Comercializadores mercado libre
ASTC01,ASTC01,ASTC01,AST,Consumos directos en mercado
ASTCP3,ASTCP3,ASTCP3,AST,Importación Francia
ASTE1A,ASTE1A,SASTE1A,NEXU,Solar térmica
ASTE1B,ASTE1B,SASTE1B,NEXU,Solar térmica
ASTEC01,ASTEC01,ASTEC01,ASTEN,Comercializadores mercado libre
ASTEXO2,ASTEXO2,SASTEXO,NEXU,Solar térmica
ASTLAMI,ASTLAMI,EDPCR01,EDPCL,Comercializadores mercado libre
ASTRC01,ASTRA,ASTRC01,ASTRA,Comercializadores mercado libre
ASTRIBC,ASTRIBC,ASRIHCC,HC G,Batería electroquímica
ASTRIBV,ASTRIBV,ASRIHCV,HC G,Batería electroquímica
ASTVP3,ASTVP3,ASTVP3,AST,Exportación Francia
AT79HU,AT79HU,FORTR01,FORTI,Comercializadores mercado libre
ATACI1,ATACI1,HFGNRA,GNRA,Fluyente
ATACI2,ATACI2,HFGNRA,GNRA,Fluyente
ATALAYA,ATALAYA,UPEBRO,IGNIS,Eólica terrestre
ATAQUIN,ATAQUIN,FATQINS,NEXU,Solar fotovoltaica
ATCOG,ATCOG,SESAR01,SHELL,Comercializadores mercado libre
ATEEC01,PENINSULA,ATEEC01,ATENC,Comercializadores mercado libre
ATENS,ATENS,FVGNRA,GNRA,Solar fotovoltaica
ATLEP,ATLEP,UPATLE,GNRA,Solar fotovoltaica
ATLROS,ATLROS,TATLROS,ATLAS,Gas natural cogeneración
ATLSC01,ATLSC01,ATLSC01,ATLAS,Comercializadores mercado libre
ATMINI,ATMINI,ENDER01,ENDCO,Comercializadores mercado libre
ATOMCSA,ATOMCSA,ATOMCEC,DETIC,Gas natural cogeneración
ATOMISA,ATOMISA,TBLANSA,EGLE,Gas natural cogeneración
ATOMIXS,ATOMIXS,ATOMICO,DETIC,Gas natural cogeneración
ATOMIZZ,UF_ATOMIZA,COGATOM,DETIC,Gas natural cogeneración
ATORMES,ATORMES,GAVIAEG,EGLE,Eólica terrestre
ATPC01,ATPC01,ATPC01,ATPEN,Comercializadores mercado libre
ATRIC01,ATRIAUP01,ATRIC01,ATRES,Comercializadores mercado libre
ATS1,ARTESIAG 1,ASIEBRO,ASIE,Fluyente
ATS2,ARTESIAG 2,ASIEBRO,ASIE,Fluyente
ATUEA,ATUEA,FVGNRA,GNRA,Solar fotovoltaica
AUDAC01,AUDAC01,AUDAC01,ADXRE,Comercializadores mercado libre
AUDAX01,ADBIOG01,RAUDAX,ADXRE,Biogás
AUNGNR,AUNGNR,AUNGNR,GNRA,Gas natural cogeneración
AUR114,AUR114,FAUR114,SOLRC,Solar fotovoltaica
AUREAFV,FGST151,FGST151,GESTE,Solar fotovoltaica
AUSIN,AUSIN,HHIPAL,EGLE,Fluyente
AUSINE,AUSINE,EAUSIN,CEG,Eólica terrestre
AUXESP,AUXESP,ENDER01,ENDCO,Comercializadores mercado libre
AUXIME,AUXIME,HSTMARI,GNRA,Fluyente
AUXMO2,AUXMO2,ENDER01,ENDCO,Comercializadores mercado libre
AVANC01,AVANC01,AVANC01,AVAN,Comercializadores mercado libre
AVENTOA,AVENTOA,EFEGEL1,EGED,Eólica terrestre
AVIADOR,AVIADOR,HCGSIHA,HC G,Eólica terrestre
AVILA,AVILA,HCGSCS3,HC G,Eólica terrestre
AVILC01,AVIL_ALUMB,AVILC01,AVIL,Consumos directos en mercado
AVIMN,AVIMN,UPSON3,GNRA,Solar fotovoltaica
AXEOC01,AXEO,AXEOC01,AXEOE,Comercializadores mercado libre
AXIABRE,AXIABRE,EENGAS,EGLE,Eólica terrestre
AYLUC01,AYLUZ,AYLUC01,AYLUZ,Comercializadores mercado libre
AYMVB,AYMVB,UPAYM,GNRA,Eólica terrestre
AYORA1,FV AYORA I,FVGREEN,EGED,Solar fotovoltaica
AYORA2,FV AYORA 2,FVGREEN,EGED,Solar fotovoltaica
AYORA3,FV AYORA 3,FVGREEN,EGED,Solar fotovoltaica
AYPGNR,AYPGNR,AYPGNR,GNRA,Derivados del petróleo o carbón
AZANON,AZANON,HAZANON,CEG,Fluyente
AZARA,AZARA,FAZARA,NEXU,Solar fotovoltaica
AZEBRO,AZEBRO,COGAZEB,DETIC,Gas natural cogeneración
AZGUALT,AZGUALT,TAZGUAL,DETIC,Gas natural cogeneración
AZNALC,AZNALC,FEGPE3,ECYR,Solar fotovoltaica
AZOF,AZOF,FVGNRA,GNRA,Solar fotovoltaica
AZSAAV,AZSAAV,EDPCR01,EDPCL,Comercializadores mercado libre
AZU1,AZUTAN 1,TAJO,IBEG,Embalse
AZU2,AZUTAN 2,TAJO,IBEG,Embalse
AZU3,AZUTAN 3,TAJO,IBEG,Embalse
AZUCB01,AZUCB01,UPAZU,GNRA,Solar fotovoltaica
AZUELO,AZUELO,EGREEN,EGED,Eólica terrestre
AZUEN,AZUEN,FVGNRA,GNRA,Solar fotovoltaica
AZUER1,AZUER1,FAZUER1,NEXU,Solar fotovoltaica
AZUER2,AZUER2,FAZUER2,NEXU,Solar fotovoltaica
AZULIB,AZULIB,AZULIB,EGLE,Gas natural cogeneración
AZULMED,AZULMED,TAZULME,DETIC,Gas natural cogeneración
AZUTORO,AZUTORO,TAZUCA2,EGLE,Gas natural cogeneración
BABILA,BABILA,HIBBABI,EENER,"Híb. Renov., Term. No Renov"
BACAC01,BACAC01,BACAC01,BACA,Consumos directos en mercado
BADAIA,BADAIA,EHIBGES,IBGES,Eólica terrestre
BADFW,BADFW,UPBADF,GNRA,Solar fotovoltaica
BADJOZ9,BADJOZ9,FBADJOZ,NEXU,Solar fotovoltaica
BAHIABX,BAHIABX,BAHIABX,BBEL,Consumo de Servicios Auxiliares
BAHITG1,BAHITG1,BAHIAB,BBEL,Ciclo combinado
BAHITG2,BAHITG2,BAHIAB,BBEL,Ciclo combinado
BAHITV,BAHITV,BAHIAB,BBEL,Vapor
BAKC01,BAKC01,BAKC01,BASKO,Consumos directos en mercado
BALA,BALAGUER,EBRFEN,ENDG,Fluyente
BALDIO2,BLDIO,FBLDIO2,GESTE,Solar fotovoltaica
BALEC01,BALEC01,BALEC01,ELECB,Comercializadores mercado libre
BALFV3,BALFV3,FBALFV3,SOLRC,Solar fotovoltaica
BALI,BALIERA,EBRFEN,ENDG,Fluyente
BALKC01,BALKC01,BALKC01,BALEI,Consumos directos en mercado
BALLEST,BALLESTAS,FEHIBHV,IBGES,Híbrida Renovable
BALMENA,BALMENA,RBIOALM,AME,Biogás
BALSON,BALSON,EENECO,EGLE,Eólica terrestre
BALTO,BALTO,RWESZN,HISPE,Eólica terrestre
BALZC,BALZC,AFALZ4C,IBGES,Batería electroquímica
BALZIIC,BALZIIC,AFALZ5C,IBGES,Batería electroquímica
BALZIIV,BALZIIV,FBALZ5V,IBGES,Batería electroquímica
BALZV,BALZV,FBALZ4V,IBGES,Batería electroquímica
BANARES,BAÑARES,BANARES,LMER,Solar fotovoltaica
BANCAL,BANCAL,RWESZN,HISPE,Eólica terrestre
BANDEC,BANDEC,AFIANHC,IBGES,Batería electroquímica
BANDELE,BANDELE,EPEBAN,EGLE,Eólica terrestre
BANDERA,BANDERA,EEBAN,CEG,Eólica terrestre
BANDEV,BANDEV,FBIANHV,IBGES,Batería electroquímica
BANERES,BANERES,TBANER,EGLE,Gas natural cogeneración
BANILLA,BANILLA,RABANIL,GNRA,Biogás
BANOSF,BAÑOS,HEALTOG,EGED,Fluyente
BANZAI,BANZAI,EREGPEM,ECYR,Eólica terrestre
BANZAII,BARBANZAII,EREGPEM,ECYR,Eólica terrestre
BAR1,BDELUNA 1,UFGC,GNFG,Embalse
BAR2,BDELUNA 2,UFGC,GNFG,Embalse
BAR3,BDELUNA 3,UFGC,GNFG,Embalse
BAR4,BDELUNA 4,UFGC,GNFG,Embalse
BARAS,BARAS,HPTMR,GNRA,Embalse
BARASO,BARASOAIN,EGREEN,EGED,Eólica terrestre
BARBANT,BARBANT,HENGAG,EGLE,Fluyente
BARBEL,BARBEL,HATJUG,EGLE,Fluyente
BARBERS,BARBERS,EBARBER,EBLCO,Eólica terrestre
BARCIEN,BARCIEN,FIIBGES,IBGES,Solar fotovoltaica
BARCONE,BARCONES,FBRCNES,NEXU,Solar fotovoltaica
BARDENS,BARDENS,FBRDENA,GESTE,Solar fotovoltaica
BARGAS,BARGAS,FBRGAS,NEXU,Solar fotovoltaica
BARGASN,BARGSN,FBARGSN,GESTE,Solar fotovoltaica
BARGASS,BRGSSUR,FBARGSS,GESTE,Solar fotovoltaica
BARRAD,FBARRAD,FBARAD,GESTE,Solar fotovoltaica
BARRAL,BARRAL,COGBARR,DETIC,Gas natural cogeneración
BARRANC,BARRANC,EEGPEM,ECYR,Eólica terrestre
BARRAX,BARRAX,EFWMARK,WMARK,Eólica terrestre
BARREIR,BARREIR,HNORHI,EGLE,Fluyente
BARRIO,BARRIO,FEGPE3,ECYR,Solar fotovoltaica
BARROS1,BARROS1,FBARRO1,NEXU,Solar fotovoltaica
BARROS2,BARROS2,FBARRO2,NEXU,Solar fotovoltaica
BARROSO,EGST146,EGST146,GESTE,Eólica terrestre
BARRU,BARRU,FVGNRA,GNRA,Solar fotovoltaica
BARTOLO,BARTOLO,HGIES,EGLE,Fluyente
BASE,BASERCA,EBRFEN,ENDG,Embalse
BASIR51,BASIR51,FBASIR,NEXU,Solar fotovoltaica
BASURTO,BASURTO,TGIRSA,WMARK,Gas natural cogeneración
BAUSEN,RE-000162,HBAUSEN,NEXU,Hidráulica - No UGH
BAYO,BAYO,UPEBRO,IGNIS,Eólica terrestre
BAYPO,BAYPO,TTBAYPO,DETIC,Gas natural cogeneración
BAYPO00,BAYPO003,TTBAYPO,DETIC,Gas natural cogeneración
BCA1,LABARCA 1,HCHI,HC G,Embalse
BCA2,LABARCA 2,HCHI,HC G,Embalse
BCA3,LABARCA 3,HCHI,HC G,Embalse
BCERRIL,BCERRIL,FBCERRI,NEXU,Solar fotovoltaica
BCIENCE,BCIENCE,FBARCI,EGLE,Solar fotovoltaica
BCNONW,BCNONW,ENDER01,ENDCO,Comercializadores mercado libre
BEBRIN,BEBRIN,HPARRA,EGLE,Fluyente
BECERRI,BECERRI,EBECERR,PEBEC,Eólica terrestre
BECOC01,BECOC01,BECOC01,BECO,Comercializadores mercado libre
BECOG1,BECOG1,COGBECO,DETIC,Gas natural cogeneración
BECVH02,BECVH02,BECVH02,BECO,Fluyente
BECVS01,BECVS01,BECVS01,BECO,Solar fotovoltaica
BEFESVA,BEFESA,TBEFESA,REPSB,Residuos varios
BEJARF,BEJAR UF,BEJAR,NETRA,Solar fotovoltaica
BEJO,BEJO,HENANSA,EGED,Embalse
BEL1,BELESAR 1,UFMI,GNFG,Embalse
BEL103,BEL103,FBEL103,SOLRC,Solar fotovoltaica
BEL2,BELESAR 2,UFMI,GNFG,Embalse
BEL3,BELESAR 3,UFMI,GNFG,Embalse
BELCH1,BELCH1,FBELCH1,CEG,Solar fotovoltaica
BELCH2,BELCH2,FBELCH2,CEG,Solar fotovoltaica
BELCH3,BELCH3,FBELCH3,CEG,Solar fotovoltaica
BELCHI,BELCHITE,HCGSCSA,HC G,Eólica terrestre
BELEN1,BELEN1,EHIBGES,IBGES,Eólica terrestre
BELEN2,BELEN2,EHIBGES,IBGES,Eólica terrestre
BELESII,BELESII,HFGASN,GNCO,Embalse
BELINCH,FV BELINCH,FDREU08,DREUA,Solar fotovoltaica
BELMEZ1,BELMEZ1,FBELME1,NEXU,Solar fotovoltaica
BELMEZ2,BELMEZ2,FBELME2,NEXU,Solar fotovoltaica
BELMONT,BELMONT,EREGPEM,ECYR,Eólica terrestre
BELOS,BELOS,FBELOS,NEXU,Solar fotovoltaica
BELOTEG,BELOTEG,HFEGED,EGED,Fluyente
BELVI,BELVI,FALDER,EGLE,Solar fotovoltaica
BELVII,BELVII,FALDER,EGLE,Solar fotovoltaica
BELVIII,BELVIII,FALDER,EGLE,Solar fotovoltaica
BEMB,BEMBEZAR,GDLQ,ENDG,Embalse
BEN1,BENAGEBE 1,JUCA,IBEG,Embalse
BEN2,BENAGEBE 2,JUCA,IBEG,Embalse
BENACZN,BENACAZON,SHEPV30,SHEEN,Solar fotovoltaica
BENEDP,BENEDP,FBENEIX,EBLCO,Solar fotovoltaica
BENEIXA,FV BENEIXA,FDREU21,DREUA,Solar fotovoltaica
BENEJB,BENEJB,FBENEIX,EBLCO,Solar fotovoltaica
BENESQ,BENESQ,FBENEIX,EBLCO,Solar fotovoltaica
BENET,BENET,T1CEG,CEG,Gas natural cogeneración
BENILDE,BENILDE,FBENILD,EBLCO,Solar fotovoltaica
BENITAC,BENITAC,EHIBGES,IBGES,Eólica terrestre
BENOC01,BEROIL UP,BENOC01,BENOI,Comercializadores mercado libre
BERBEOD,BERBEOD,HRIEAG,EGLE,Hidráulica - No UGH
BERC01,BERNA,BERC01,MELUL,Consumos directos en mercado
BERGA3,BERGA3,HYBERGA,DETIC,Hidráulica - No UGH
BERLC01,BERLC01 CO,BERLC01,LUZYG,Comercializadores mercado libre
BERMEJA,BERMEJA,HGRCUG,EGLE,Hidráulica - No UGH
BERR1,BERROCAL 1,BERR1,HIDRJ,Embalse
BERR2,BERROCAL 2,BERR2,HIDRJ,Embalse
BES3,BESOS 3,BES3,ENDG,Ciclo combinado
BES4,BESOS 4,BES4,GNCC,Ciclo combinado
BES5TG1,BES5 TG1,BES5,ENDG,Ciclo combinado
BES5TG2,BES5 TG2,BES5,ENDG,Ciclo combinado
BES5TV,BES5 TV,BES5,ENDG,Vapor
BESC01,BESC01,BESC01,BESPI,Comercializadores mercado libre
BESTC01,BESTC01,BESTC01,BESTO,Comercializadores mercado libre
BETANZ,BETANZ,ENDER01,ENDCO,Comercializadores mercado libre
BETMAI,BETMAI,FBETMAI,SOLRC,Solar fotovoltaica
BETSAI1,BETSAI1,EDPCR01,EDPCL,Comercializadores mercado libre
BETSAI3,BETSAI3,EDPCR01,EDPCL,Comercializadores mercado libre
BEYOC01,BEYOC01,BEYOC01,BEYON,Comercializadores mercado libre
BGR1,BUGARRA 1,ASIJUCA,ASIE,Fluyente
BGR2,BUGARRA 2,ASIJUCA,ASIE,Fluyente
BI21,BIESCAS 1,EBRACC1,ENDG,Embalse
BI22,BIESCAS 2,EBRACC1,ENDG,Embalse
BIB1,P.BIBEY 1,SIL,IBEG,Embalse
BIB2,P.BIBEY 2,SIL,IBEG,Embalse
BIB3,P.BIBEY 3,SIL,IBEG,Embalse
BIB4,P.BIBEY 4G,SIL,IBEG,Embalse
BIB4B,P.BIBEY 4B,SILB,IBEG,Consumo bombeo
BIB5,P.BIBEY 5,SIL,IBEG,Embalse
BICINCO,BIOCINCO,CINCOVI,ELEIA,Biomasa
BIDUER,BIDUER,EPBUIO,EGED,Eólica terrestre
BIEL,BIELSA,EBRERZ,ENDG,Fluyente
BIEMTEC,BIEMTEC,TBIEMTE,IGNIS,Gas natural cogeneración
BIESCAF,BIESCAF,HEALTOG,EGED,Fluyente
BILOGRO,BIO EXT 1,RFBILOG,EGED,Biomasa
BIMEDAM,BIMEDAM,RBIORAY,EGLE,Biomasa
BIOASTU,BIOASTU,RREBIOA,WMARK,Biogás
BIOC01,BIOC01,BIOC01,BIODI,Consumos directos en mercado
BIOCAN,BIOCAN,RBIOCAN,CEG,Biomasa
BIOFEN,BIOGAS,BIOFEN,FEN,Biogás
BIOGASA,BIOGASA,TBIOBG,EGLE,Gas natural cogeneración
BIOGASE,BIOGASE,TOLEPU,EGLE,Gas natural cogeneración
BIOLE,BIOLE,RBIOLSI,GNRA,Biomasa
BIORE,UF BIORE,RBIORE,GEMSL,Biogás
BIOSAN,BIOSAN,RFEGED,EGED,Biomasa
BIOSM1,BIOSM1,RBIOSAN,SANTG,Biomasa
BIOSM2,BIOSM2,TSANTG,SANTG,Gas natural cogeneración
BIOVEGA,BIOVEGA,RMSVGA,EGLE,Biogás
BIPUGE,BIPUGE,RBIPU,GNRA,Biomasa
BIROC01,BIROUGAS,BIROC01,BIROU,Comercializadores mercado libre
BIRSPRA,RYEEXXI,BIRSPRA,RSPRA,Biogás
BLANC,BLANC,BLANC,GNRA,Solar fotovoltaica
BLANSA,BLANSA,TARCILL,GNRA,Gas natural cogeneración
BLCHON1,BLCHON1,FBLCON1,NEXU,Solar fotovoltaica
BLCHON2,BLCHON2,FBLCON2,NEXU,Solar fotovoltaica
BLCHON3,BLCHON3,FBLCON3,NEXU,Solar fotovoltaica
BLOGPR2,BLOGPR2,FBLOPR2,NEXU,Solar fotovoltaica
BLOGPR3,BLOGPR3,FBLOPR3,NEXU,Solar fotovoltaica
BLOMER2,BLOMER2,FBLMER2,NEXU,Solar fotovoltaica
BLOMER3,BLOMER3,FBLMER3,NEXU,Solar fotovoltaica
BNDARIZ,BNDARIZ,HFGASN,GNCO,Fluyente
BNO1,BENOS 1,EBRFEN,ENDG,Fluyente
BNO2,BENOS 2,EBRFEN,ENDG,Fluyente
BNPRC01,BNPRC01,BNPRC01,BNPRU,Comercializadores mercado libre
BNPRV01,RETMAYOR15,BNPRV01,BNPRU,Solar fotovoltaica
BNUGN,BNUGN,HABGN,GNRA,Solar fotovoltaica
BOAD,BOADELLA,EBRFEN,ENDG,Embalse
BOAEC01,UP BOAEN,BOAEC01,BOAEN,Comercializadores mercado libre
BOBISI,BOBISI,EBSISG,EGED,Eólica terrestre
BOCHI,BOCHI,FVBOCHI,WMARK,Solar fotovoltaica
BODEG,BODEGUILLA,EGREEN,EGED,Eólica terrestre
BODENA,BODENA,EFGNRA,GNRA,Eólica terrestre
BOH1,BOHI 1,EBRFEN,ENDG,Fluyente
BOH2,BOHI 2,EBRFEN,ENDG,Fluyente
BOINERS,BOINERS,TBOIRO,EGLE,Derivados del petróleo o carbón
BOLANOS,BOLANOS,EHIBGES,IBGES,Eólica terrestre
BOLAR1,BOLAR1,FBOLAR1,CEG,Solar fotovoltaica
BOLAR2,BOLAR2,FBOLAR2,CEG,Solar fotovoltaica
BOLAR3,BOLAR3,FBOLAR3,CEG,Solar fotovoltaica
BOLARQ,BOLARQUE I,FVGREEN,EGED,Solar fotovoltaica
BOLI,BOLINCHES,BOLI,BARER,Fluyente
BOLMEC,BOLMEC,AFIOLHC,IBGES,Batería electroquímica
BOLMEV,BOLMEV,FBIOLHV,IBGES,Batería electroquímica
BON1,BONO 1,EBRFEN,ENDG,Fluyente
BON2,BONO 2,EBRFEN,ENDG,Fluyente
BONETE7,MAHBONETE7,FMAHOR,EBLCO,Solar fotovoltaica
BONETE8,MAHBONETE8,FMAHOR,EBLCO,Solar fotovoltaica
BOQUERO,BOQUERO,HCGSIH2,HC G,Eólica terrestre
BORB,BORBOLLON,ASITAJ,ASIE,Embalse
BORDECO,BORDECO,EHIBGES,IBGES,Eólica terrestre
BORGESA,BORGESA,COGBORG,DETIC,Gas natural cogeneración
BORGSTM,BRGS,TBORGES,GESTE,Solar térmica
BORJA,BORJA,HCGSIHA,HC G,Eólica terrestre
BORJA1,BORJA1,HCGSIH2,HC G,Eólica terrestre
BORJA2,BORJA2,HCGSIH2,HC G,Eólica terrestre
BORSE,BORSE,FVGNRA,GNRA,Solar fotovoltaica
BOTAREL,BOTARELL.,RBOTARE,BOTAR,Biogás
BOUSE,BOUSE,FVGNRA,GNRA,Solar fotovoltaica
BOYAL,BOYAL,FBOYAL,NEXU,Solar fotovoltaica
BOYAL3,BOYAL3,EFWMARK,WMARK,Eólica terrestre
BOYALI,BOYALI,EFWMARK,WMARK,Eólica terrestre
BOYALII,BOYALII,EFWMARK,WMARK,Eólica terrestre
BPC01,BPGAS_COM,BPC01,BP,Comercializadores mercado libre
BPLLANC,BPLLANC,AFIBHFC,IBGES,Batería electroquímica
BPLLANV,BPLLANV,FBHIBHV,IBGES,Batería electroquímica
BPOIL1,BPOIL1,TBPREF1,BP,Residuos varios
BPOIL2,P/RE-10024,TBPREF2,BP,Residuos varios
BPSRR01,BPSRR01,BPSRR01,BNPRU,Comercializadores mercado libre
BQ11,BOLARQ IG1,UFTA,GNFG,Embalse
BQ12,BOLARQ IG2,UFTA,GNFG,Embalse
BQ21,BOLARQIIG1,UFBG,GNFG,Turbinación bombeo
BQ21B,BOLARQIIB1,UFBB,GNFG,Consumo bombeo
BQ22,BOLARQIIG2,UFBG,GNFG,Turbinación bombeo
BQ22B,BOLARQIIB2,UFBB,GNFG,Consumo bombeo
BQ23,BOLARQIIG3,UFBG,GNFG,Turbinación bombeo
BQ23B,BOLARQIIB3,UFBB,GNFG,Consumo bombeo
BQ24,BOLARQIIG4,UFBG,GNFG,Turbinación bombeo
BQ24B,BOLARQIIB4,UFBB,GNFG,Consumo bombeo
BRANDIA,BRANDIA,TAE7COG,COGEN,Gas natural cogeneración
BRAZAT1,BRAZAT1,FTORTA1,NEXU,Solar fotovoltaica
BRAZAT2,BRAZAT2,FTORTA1,NEXU,Solar fotovoltaica
BRAZAT4,BRAZAT4,FTORTA1,NEXU,Solar fotovoltaica
BRC1,BARCENAB 1,VIES,REPSB,Fluyente
BRC2,BARCENAB 2,VIES,REPSB,Fluyente
BRD1,BARRADOS,EBRFEN,ENDG,Fluyente
BREIC01,UP IBERICA,BREIC01,IBERB,Comercializadores mercado libre
BREN1B,UF B BREÑA,BRENB,IGNIS,Consumo bombeo
BRENA2,BRENA2,HIDRAUL,IGNIS,Embalse
BREVIC,BREVIC,AFIREHC,IBGES,Batería electroquímica
BREVIV,BREVIV,FBIREHV,IBGES,Batería electroquímica
BRG1,BERGANZO 1,EBRA,IBEG,Fluyente
BRG2,BERGANZO 2,EBRA,IBEG,Fluyente
BRG3,BERGANZO 3,EBRA,IBEG,Fluyente
BRIG1,BRIG1,FVGNRA,GNRA,Solar fotovoltaica
BRIG2,BRIG2,FVGNRA,GNRA,Solar fotovoltaica
BRILE,BRILE,UPBRILE,IGNIS,Gas natural cogeneración
BRILEN,BRILEN,SESAR01,SHELL,Comercializadores mercado libre
BRIVIES,BRIVIESCA,RFEGED,EGED,Biomasa
BRJB01,BRJB01,BRJV01,TRISO,Solar fotovoltaica
BROMEC,BROMEC,AFIROHC,IBGES,Batería electroquímica
BROMEV,BROMEV,FBIROHV,IBGES,Batería electroquímica
BROVALE,BROVALES3,FBRVLS3,NEXU,Solar fotovoltaica
BROVLE1,BROVLE1,FBRVLS1,NEXU,Solar fotovoltaica
BROVLE2,BROVLE2,FBRVLS2,NEXU,Solar fotovoltaica
BRR1,BARRIOS,BRR1,VIEPR,Hulla sub-bituminosa
BRR1X,AUX BRR1,BRR1X,VIEPR,Consumo de Servicios Auxiliares
BRRS,BARROSA,CHBAO,GNRA,Fluyente
BRUJULA,BRUJULA,EBRUJUL,HC G,Eólica terrestre
BRULLES,BRULLES,EBRULL,EGLE,Eólica terrestre
BRUTII,BRUTII,HYBRUTI,DETIC,Hidráulica - No UGH
BRZ1,BARAZAR 1,EBRA,IBEG,Embalse
BRZ2,BARAZAR 2,EBRA,IBEG,Embalse
BRZ3,BARAZAR 3,EBRA,IBEG,Embalse
BSGEC01,BSGEA,BSGEC01,BSGEA,Comercializadores mercado libre
BSOUF01,BSOUFTAL5M,BSOUP01,BECO,Solar fotovoltaica
BSOUF02,BSOUFTAL4M,BSOUP01,BECO,Solar fotovoltaica
BST1,BOSSOST 1,EBRFEN,ENDG,Fluyente
BST2,BOSSOST 2,EBRFEN,ENDG,Fluyente
BTN,BATAN,BTN,VIEG,Fluyente
BTN1,BATAN1,TAJO,IBEG,Fluyente
BTNJ,BATANEJO,JUCA,IBEG,Embalse
BTRIX1,BTRIX1,BTRR1,GNRA,Solar fotovoltaica
BTRIX2,BTRIX2,BTRR2,GNRA,Solar fotovoltaica
BTRIX3,BTRIX3,BTRR3,GNRA,Solar fotovoltaica
BUBONSO,BUBONSO,HHRSPRA,RSPRA,Fluyente
BUE1,BUENDIA 1,UFTA,GNFG,Embalse
BUE2,BUENDIA 2,UFTA,GNFG,Embalse
BUE3,BUENDIA 3,UFTA,GNFG,Embalse
BUECB,BUECB,FVGNRA,GNRA,Solar fotovoltaica
BUENAV,BUENAV,HCGSCSA,HC G,Eólica terrestre
BUG1,BURGUILL 1,UFTA,GNFG,Embalse
BUG2,BURGUILL 2,UFTA,GNFG,Embalse
BUG3,BURGUILL 3,UFTA,GNFG,Embalse
BUI1,BUITRERA 1,GDLQ,ENDG,Fluyente
BUI2,BUITRERA 2,GDLQ,ENDG,Fluyente
BUI3,BUITRERA 3,GDLQ,ENDG,Fluyente
BUICI1,BUICI1,HFGNRA,GNRA,Fluyente
BUICI2,BUICI2,HFGNRA,GNRA,Fluyente
BUICI3,BUICI3,HFGNRA,GNRA,Fluyente
BUICIO,BUICIO,HFASIE,ASIE,Hidráulica - No UGH
BUIO,BUIO,EPBUIO1,EGED,Eólica terrestre
BUIXLEU,BUIXLEU,FBUIXEU,NEXU,Solar fotovoltaica
BULLANA,BULLENA,EHIBGES,IBGES,Eólica terrestre
BUN1,BUENAMES 1,UFTA,GNFG,Embalse
BUN2,BUENAMES 2,UFTA,GNFG,Embalse
BUN3,BUENAMES 3,UFTA,GNFG,Embalse
BUNBARC,BUNBARC,TBUNGE,CEG,Gas natural cogeneración
BUNCART,BUNCART,TBUNGE,CEG,Gas natural cogeneración
BUNIEL,BUNIEL,EIBGEBU,IBGES,Eólica terrestre
BUNZIER,BUNZIER,TBUNGE,CEG,Gas natural cogeneración
BUR1,BURGOMIL 1,UFTA,GNFG,Embalse
BUR2,BURGOMIL 2,UFTA,GNFG,Embalse
BUR3,BURGOMIL 3,UFTA,GNFG,Embalse
BUR4,BURGOMIL 4,UFTA,GNFG,Embalse
BURA1,BURA1,FVGNRA,GNRA,Solar fotovoltaica
BURA2,BURA2,FVGNRA,GNRA,Solar fotovoltaica
BUREBA,BUREBA,EHIBGES,IBGES,Eólica terrestre
BURGOM1,BURGOM1,FBURGO1,NEXU,Solar fotovoltaica
BURGOM2,BURGOM2,FBURGO2,NEXU,Solar fotovoltaica
BURGUIL,BURGUIL,FBURGLL,NEXU,Solar fotovoltaica
BURKIC,BURKIC,AFIBHEC,IBGES,Batería electroquímica
BURKIV,BURKIV,EBHIBHV,IBGES,Batería electroquímica
BURRI1,BURRI1,FBURRI1,CEG,Solar fotovoltaica
BURRI2,BURRI2,FBURRI2,CEG,Solar fotovoltaica
BUSTEL1,BUSTEL1,EGREEN,EGED,Eólica terrestre
BUSVB,BUSVB,UPBUS,GNRA,Eólica terrestre
BUTETEM,BIOGASUTEM,TBUTETE,UTTEM,Biogás
BUZADER,BUZADER,EEGPEV,ECYR,Eólica terrestre
BVCOR,BVCOR,ECOR,IGNIS,Eólica terrestre
BVNIDA1,BVNIDA1,SHEPV03,SHEEN,Solar fotovoltaica
BYDETIC,FYEEXXI,BYDETIC,DETIC,Biogás
BYENC01,BYENC01,BYENC01,BYENE,Comercializadores mercado libre
CA11,CASTRO I 1,DUER,IBEG,Embalse
CA12,CASTRO I 2,DUER,IBEG,Embalse
CA1RAT,CAIRAT,HFNEXU,NEXU,Fluyente
CA21,CASTRO II,DUER,IBEG,Embalse
CAA1,CANALROYA,EBRACC1,ENDG,Fluyente
CAB1,CABANELAS,UFGC,GNFG,Embalse
CABAN2,CABAN2,EVALDET,CEG,Eólica terrestre
CABANA,CABANA,HCGSIHA,HC G,Eólica terrestre
CABELLO,CABELLO,ECABELL,EBLCO,Eólica terrestre
CABEZAS,CABEZAS,EHIBGES,IBGES,Eólica terrestre
CABIMO,CABIMO,EDRIBGE,IBGES,Eólica terrestre
CABISC2,CABISCO 2,HFDETIC,DETIC,Fluyente
CABISCO,CABISCO,HYCABIS,DETIC,Hidráulica - No UGH
CABOVIL,CABOVIL,EGASNE1,GNCO,Eólica terrestre
CABRAS,CABRAS,EHIBGES,IBGES,Eólica terrestre
CABRER,CABRER,FLUANDA,EGLE,Solar fotovoltaica
CABRERA,CABRERA,FEBISU,EGLE,Solar fotovoltaica
CABRERI,CABRERI,HCGSCSA,HC G,Eólica terrestre
CABRIL,CABRIL,EMEDI,MEDI,Eólica terrestre
CABUELO,CABUELO,EHIBGES,IBGES,Eólica terrestre
CABZASF,CABZAS,FCABEZA,GESTE,Solar fotovoltaica
CABZLAS,CABZLAS,FCABZLA,NEXU,Solar fotovoltaica
CACIC01,CACIC01,CACIC01,CACI,Comercializadores mercado libre
CACONDE,CACONDE,ECACOND,EBLCO,Eólica terrestre
CACRES1,CACRES1,FCACRE1,NEXU,Solar fotovoltaica
CACRES2,CACRES2,FCACRE2,NEXU,Solar fotovoltaica
CADIMA,CADIMA,FCADIMA,NEXU,Solar fotovoltaica
CADLC01,UC CANDELA,CADLC01,CANDL,Comercializadores mercado libre
CAL1,CALA 1,GDLQ,ENDG,Embalse
CAL2,CALA 2,GDLQ,ENDG,Embalse
CALAMOI,CALAMOCHA,FVCALAM,WMARK,Solar fotovoltaica
CALANAS,CALANAS,FAUDAX,ADXRE,Solar fotovoltaica
CALASPA,CALASPA,INTRE02,INTRA,Solar fotovoltaica
CALAVER,CALAVER,FCLVRON,NEXU,Solar fotovoltaica
CALCAL,CALCAL,FCALCAL,NEXU,Solar fotovoltaica
CALDERE,CALDERE,EEGPEM,ECYR,Eólica terrestre
CALEC01,CALEC01,CALEC01,CALEA,Consumos directos en mercado
CALERA,CALERA,EMTORR,EGLE,Eólica terrestre
CALERAS,CALERS,FCALERA,GESTE,Solar fotovoltaica
CALIG,CALIG,FCALIG,NEXU,Solar fotovoltaica
CALIX,CALIX,UPSON4,GNRA,Solar fotovoltaica
CALLEJA,CALLEJA,EHIBGES,IBGES,Eólica terrestre
CALOBRE,CALOBRE,EFWMARK,WMARK,Eólica terrestre
CALUEN,CALUEN,EGASNE0,GNCO,Eólica terrestre
CALZADA,CALZADA,ECALZAD,EBLCO,Eólica terrestre
CAM1,CAMARMEÑ 1,VIES,REPSB,Fluyente
CAM2,CAMARMEÑ 2,VIES,REPSB,Fluyente
CAMCC01,CAMPO_UP,CAMCC01,CAMCO,Comercializadores mercado libre
CAMG20X,CAMG20X,CAMG20X,DETIC,Consumo de Servicios Auxiliares
CAMGI10,CAMPGIB1,CAMGI10,GNCC,Ciclo combinado
CAMGI20,CAMPGIB2,CAMGI20,SEDAE,Ciclo combinado
CAMODUE,CAMODUE,EGREEN,EGED,Eólica terrestre
CAMP2,UFCAMPA2,SCAMP2,IGNIS,Solar fotovoltaica
CAMPAL,CAMPAL,EHIBGES,IBGES,Eólica terrestre
CAMPANA,CAMPANA,EPUEYO,EGLE,Eólica terrestre
CAMPAR,CPO,FCAMPAN,GESTE,Solar fotovoltaica
CAMPEYO,CAMPEYO,RCAMPEL,GNRA,Biogás
CAMPIL1,CAMPIL1,EREGPEV,ECYR,Eólica terrestre
CAMPIL2,CAMPIL2,EEGPE1,ECYR,Eólica terrestre
CAMPIL3,CAMPIL3,EEGPE1,ECYR,Eólica terrestre
CAMPILL,CAMPILL,EHIBGES,IBGES,Eólica terrestre
CAMPISA,CAMPISA,EHIBGES,IBGES,Eólica terrestre
CAMPO1,CAMPO1,ENDER01,ENDCO,Comercializadores mercado libre
CAMPOBR,CAMPOBR,TRODO2,EGLE,"Híb. Renov., Term. No Renov"
CAMPOF,CAMPOF,TCOBUR,COBUR,Gas natural cogeneración
CAMPOL1,CAMPOLIVAI,EEGPES,ECYR,Eólica terrestre
CAMPOL2,CAMPOLIVA2,EEGPES,ECYR,Eólica terrestre
CAMPORI,CHCAMPORI,HDALT01,INTRA,Fluyente
CAMPOSP,CAMPOS,FGST154,GESTE,Solar fotovoltaica
CAMRIO,CAMRIO,FCAMRIO,CEG,Solar fotovoltaica
CAMRV01,CAMRV01,UPCAM1,GNRA,Solar fotovoltaica
CAMRV05,CAMRV05,UPCAM5,GNRA,Solar fotovoltaica
CAMSO1,CAMSO1,FVGNRA,GNRA,Solar fotovoltaica
CAMSO2,CAMSO2,FVGNRA,GNRA,Solar fotovoltaica
CAMSO3,CAMSO3,FVGNRA,GNRA,Solar fotovoltaica
CAMSO4,CAMSO4,FVGNRA,GNRA,Solar fotovoltaica
CAMTRU,CAMTRU,ENDER01,ENDCO,Comercializadores mercado libre
CAN1,CAÑAVERO 1,JUCA,IBEG,Fluyente
CAN2,CAÑAVERO 2,JUCA,IBEG,Fluyente
CAN3,CAÑAVERO 3,JUCA,IBEG,Fluyente
CANA,CANALES,GDLQ,ENDG,Embalse
CANAISA,CANAISA,TCANAIS,GNRA,Gas natural cogeneración
CANALEJ,CANALEJ,EHIBGES,IBGES,Eólica terrestre
CANALRI,HCANALRIO,HGUADAL,GESTE,Fluyente
CANALTA,CANADA ALT,SHEPV28,SHEEN,Solar fotovoltaica
CANAME,CANAMERO,FCANAME,NEXU,Solar fotovoltaica
CANASEC,CANASEC,EEGPEV,ECYR,Eólica terrestre
CANAVFV,CANAVV,FCANAVE,GESTE,Solar fotovoltaica
CANBADI,CANBADI,HYCANBA,DETIC,Hidráulica - No UGH
CANBAR,CANBAR,RCESRE,EGLE,Biogás
CANDAL,CANDAL,EHIBGES,IBGES,Eólica terrestre
CANDNOS,FVENTUS,FVENTUS,EGLE,Solar fotovoltaica
CANES,CANES,FCANES,NEXU,Solar fotovoltaica
CANIGU,CANIGU,ENDER01,ENDCO,Comercializadores mercado libre
CANILES,CANILES,FCANILS,NEXU,Solar fotovoltaica
CANO1,CANO1,HCHI,HC G,Fluyente
CANO2,CANO2,HCHI,HC G,Fluyente
CANONER,CANONER,EHIBGES,IBGES,Eólica terrestre
CANTAL,CANTAL,EHIBGES,IBGES,Eólica terrestre
CANTALE,CANTALE,HCGSCS2,HC G,Eólica terrestre
CANTERA,CANTERAS,EMIRASI,MIRAS,Eólica terrestre
CANTI44,CANTILLANA,CANTI44,ADXRE,Solar fotovoltaica
CANTIRU,CANTIRU,EEGPEM,ECYR,Eólica terrestre
CANTO,CANTO,EGREEN,EGED,Eólica terrestre
CANXC01,CANXC01,CANXC01,MOLEC,Consumos directos en mercado
CAPARRO,CAPARRO,HFEGED,EGED,Fluyente
CAPEL,CAPEL,EREGPEM,ECYR,Eólica terrestre
CAPEL2,CAPEL2,EREGPEM,ECYR,Eólica terrestre
CAPIECH,CAPIECH,EHIBGES,IBGES,Eólica terrestre
CAPIR1,CAPIR1,EHIBGES,IBGES,Eólica terrestre
CAPIR2,CAPIR2,EHIBGES,IBGES,Eólica terrestre
CAPLC01,CAPALOESP,CAPLC01,CAPAL,Comercializadores mercado libre
CAPRIC,CAPRIC,FCAPRI,HISPE,Solar fotovoltaica
CAPSA,CAPSA2,TCAPSA,DETIC,Gas natural cogeneración
CAPTC01,CAPTURC01,CAPTC01,CAPTA,Comercializadores mercado libre
CAR1,CARPIO 1,GDLQ,ENDG,Fluyente
CAR2,CARPIO 2,GDLQ,ENDG,Fluyente
CAR3,CARPIO 3,GDLQ,ENDG,Fluyente
CARAG,CARAGUE,HCGSIHA,HC G,Eólica terrestre
CARANTO,CARANTO,HXAL2,IGNIS,Fluyente
CARAVAK,CARAVAK,FCARAVA,CEG,Solar fotovoltaica
CARBA,CARBA,EGREEN,EGED,Eólica terrestre
CARBAL,CARBAL,EGREEN,EGED,Eólica terrestre
CARBALL,CARBALL,TPIBGES,IBGES,Derivados del petróleo o carbón
CARDENE,CARDENER,SENFV1,SOMEN,Solar fotovoltaica
CAREON,CAREON,EREGPEM,ECYR,Eólica terrestre
CARJOS1,CARJOS1,FCRJOS1,NEXU,Solar fotovoltaica
CARJOS2,CARJOS2,FCRJOS2,NEXU,Solar fotovoltaica
CARMONA,CARMONA,FCARMON,NEXU,Solar fotovoltaica
CAROLI,CAROLINA I,FAUDAX,ADXRE,Solar fotovoltaica
CAROLII,CAROLINAII,FAUDAX,ADXRE,Solar fotovoltaica
CARONDI,CARONDI,HCGEORS,HC G,Eólica terrestre
CARPIO,CARPIO,FGASNE2,GNCO,Solar fotovoltaica
CARRA,CARRA,CARRA,NETRA,Solar fotovoltaica
CARRAC,CARRAC,ECARRG,EGLE,Eólica terrestre
CARRAS,CARRAS,EHIBGES,IBGES,Eólica terrestre
CARRASC,CARRASC,EIBGENO,IBGES,Eólica terrestre
CARRAT,CARRAT,EGASNE2,GNCO,Eólica terrestre
CARRE,CARRE,RECARRE,RENSP,Eólica terrestre
CARRERS,CARRERAS,ECARRER,CEG,Eólica terrestre
CARRIL,CARRIL,EHIBGES,IBGES,Eólica terrestre
CARRIO,CARRIO,EHIBGES,IBGES,Eólica terrestre
CARTGO1,BIANOR,SHEPV16,SHEEN,Solar fotovoltaica
CARTGO2,FREYA,SHEPV12,SHEEN,Solar fotovoltaica
CARTGO3,DR III,SHEPV13,SHEEN,Solar fotovoltaica
CARTGO4,DR IV,SHEPV14,SHEEN,Solar fotovoltaica
CARTGO5,DR V,SHEPV15,SHEEN,Solar fotovoltaica
CARTGO6,BIANOR SPV,SHEPV27,SHEEN,Solar fotovoltaica
CARTO,CARTO,FGEFG,EFG,Solar fotovoltaica
CARTUJA,CARTUJA,FCARTU,EGLE,Solar fotovoltaica
CARVACA,CAR,FCARVAC,GESTE,Solar fotovoltaica
CASA,CASA,EGASNE0,GNCO,Eólica terrestre
CASA1,CASA1,EGASNE0,GNCO,Eólica terrestre
CASA2,CASA2,EGASNE0,GNCO,Eólica terrestre
CASAC01,CASAC01,CASAC01,CASAT,Consumos directos en mercado
CASAIII,CASA III,CASAIII,ELEIA,Solar fotovoltaica
CASAIV,CASA IV,CASAIV,ELEIA,Solar fotovoltaica
CASAQ1,CASAQ1,FCASAQ1,EBLCO,Solar fotovoltaica
CASAQ2,CASAQ2,FCASAQ2,EBLCO,Solar fotovoltaica
CASAR,CASAR,HCASAR,CEG,Hidráulica - No UGH
CASAV,CASA V,CASAV,ELEIA,Solar fotovoltaica
CASAVJ,CASA VIEJA,SHEPV32,SHEEN,Eólica terrestre
CASCALD,CASCALD,HSAEDO,EGLE,Fluyente
CASCANT,CASCANT,ECANTE,EGLE,Eólica terrestre
CASETON,CASETONA,FEHIBHV,IBGES,Híbrida Renovable
CASLLEI,CASLLEI,ENDER01,ENDCO,Comercializadores mercado libre
CASOL,CASOL,HCAMPOS,CEG,Hidráulica - No UGH
CASTE,CASTELLANA,EGREEN,EGED,Eólica terrestre
CASTEL1,CASTEL1,FCSTEL1,NEXU,Solar fotovoltaica
CASTEL2,CASTEL2,FCSTEL2,NEXU,Solar fotovoltaica
CASTELO,CASTELO,EREGPEM,ECYR,Eólica terrestre
CASTELS,CASTELS,FCSERAS,NEXU,Solar fotovoltaica
CASTEUR,CASTEUR,TPYC2,EGLE,Gas natural cogeneración
CASTI,CASTI,ECASTI,EGLE,Eólica terrestre
CASTIL,CASTIL,HFGNRA,GNRA,Embalse
CASTILB,CASTILBLAN,FEGPEM,ECYR,Solar fotovoltaica
CASTOR,CASTOR,FCASTOR,HISPE,Solar fotovoltaica
CASTRE,CASTRE,PECAST,GNRA,Eólica terrestre
CASTRIO,CASTRIO,EFGNRA2,GNRA,Eólica terrestre
CASTRO,CASTRO,HCOGOTA,GNRA,Fluyente
CASTUER,CASTUER,FFWMARK,WMARK,Solar fotovoltaica
CASTUR,CASTUR,FCASTUR,NEXU,Solar fotovoltaica
CASZAR,CASZAR,ENDER01,ENDCO,Comercializadores mercado libre
CAT1,CAT1,FCAT,REPSB,Solar fotovoltaica
CAT2,CAT2,FCAT,REPSB,Solar fotovoltaica
CATALA,FV CATALA,FDREU12,DREUA,Solar fotovoltaica
CATGC01,CATGAS,CATGC01,CATGA,Comercializadores mercado libre
CATMIN,CATMIN,SESAR01,SHELL,Comercializadores mercado libre
CATRAL1,CATRAL1F,CATRAL1,TRISO,Solar fotovoltaica
CATRAL2,CATRAL 2,CATRAL2,TRISO,Solar fotovoltaica
CATRC01,CATRC01 CO,CATRC01,CATRA,Comercializadores mercado libre
CAUPS,CAUPS,FVGNRA,GNRA,Solar fotovoltaica
CAUXA,CAUXA,HYCAUXA,DETIC,Hidráulica - No UGH
CAV1,CARCAVILLA,EBRACC1,ENDG,Fluyente
CAVAD,CAVAD,ECERRA2,REPSB,Eólica terrestre
CAVAL1,CAVAL1,ENDER01,ENDCO,Comercializadores mercado libre
CAVAR1,CAVAR1,EIBGECA,IBGES,Eólica terrestre
CAVAR2,CAVAR2,EIBGECA,IBGES,Eólica terrestre
CAVAR3A,CAVAR3A,EIBGECA,IBGES,Eólica terrestre
CAVAR3B,CAVAR3B,EIBGECA,IBGES,Eólica terrestre
CAVLO,CAVLO,TCAVLO,WMARK,Gas natural cogeneración
CAXADO,CAXADO,EGREEN,EGED,Eólica terrestre
CAYO,CAYO,EREGPE1,ECYR,Eólica terrestre
CAYPA,CAYPA,TCYPSA,AME,Gas natural cogeneración
CAZU,CAZULAS,GDLQ,ENDG,Fluyente
CBAILON,CBAILON,EGREEN1,EGED,Eólica terrestre
CBAMN,CBAMN,UPSON3,GNRA,Solar fotovoltaica
CBANAL,CBANAL,FCBANAL,NEXU,Solar fotovoltaica
CBECERR,CBECERR,HCGSCSA,HC G,Eólica terrestre
CBIO1,CBIO1,RUCBIO1,ENCEG,Biomasa
CBIO2,CBIO2,RUCBIO2,ENCEG,Biomasa
CBLA,CASABLANCA,EBRACC1,ENDG,Fluyente
CBLANCO,CBLANCO,EHIBGES,IBGES,Eólica terrestre
CBR1,CABRIANA 1,EBRA,IBEG,Fluyente
CBR2,CABRIANA 2,EBRA,IBEG,Fluyente
CBR3,CABRIANA 3,EBRA,IBEG,Fluyente
CBR4,CABRIANA 4,EBRA,IBEG,Fluyente
CBSIX,CBSIX,UPSON3,GNRA,Solar fotovoltaica
CC08HU,CC08HU,FORTR01,FORTI,Comercializadores mercado libre
CCAL,CCAL,EFWMARK,WMARK,Eólica terrestre
CCASC01,CCASC01,CCASC01,COMER,Comercializadores mercado libre
CCATC01,CCATC01,CCATC01,CCATR,Comercializadores mercado libre
CCDFW,CCDFW,FVGNRA,GNRA,Solar fotovoltaica
CCH1,CONCHAS 1,UFGC,GNFG,Embalse
CCH2,CONCHAS 2,UFGC,GNFG,Embalse
CCH3,CONCHAS 3,UFGC,GNFG,Embalse
CCOLOR,CCOLOR,EHIBGES,IBGES,Eólica terrestre
CCORA,CCORA,TCORCOG,NEXU,Gas natural cogeneración
CCOREN2,CCOREN2,COGCORE,DETIC,Gas natural cogeneración
CCRUCES,RE-025548,EFNEXU,NEXU,Eólica terrestre
CCUFW,CCUFW,FVGNRA,GNRA,Solar fotovoltaica
CDAMM1,CDAMM1,COGCDAM,DETIC,Gas natural cogeneración
CDB1,CORDOBIL 1,GDLQ,ENDG,Fluyente
CDB2,CORDOBIL 2,GDLQ,ENDG,Fluyente
CDB3,CORDOBIL 3,GDLQ,ENDG,Fluyente
CDEMORO,CDEMORO,ECOL,IGNIS,Eólica terrestre
CDGARGA,CDGARGA,HCGSCSA,HC G,Eólica terrestre
CDMOLIN,CDMOLIN,FMOLINO,NEXU,Solar fotovoltaica
CDORADA,CDORADA,ECEGRG,EGED,Eólica terrestre
CDP1,CDP1,SHEPV04,SHEEN,Solar fotovoltaica
CDP2,CDP2,SHEPV05,SHEEN,Solar fotovoltaica
CDRMN,CDRMN,FVGNRA,GNRA,Solar fotovoltaica
CDTENON,CDTENON,EEGPEM,ECYR,Eólica terrestre
CEBAC01,CEBA,CEBAC01,CEA,Comercializadores mercado libre
CEBIC01,CEBIC01,CEBIC01,CEBIN,Comercializadores mercado libre
CEBRIAN,CEBRIAN,EPRADA3,EGLE,Eólica terrestre
CECAC01,CASTELLAR,CECAC01,CECA,Comercializadores mercado libre
CECAMPO,CECAMPO,TNUCE,EGLE,Derivados del petróleo o carbón
CED1,CEDILLO 1,TAJO,IBEG,Embalse
CED2,CEDILLO 2,TAJO,IBEG,Embalse
CED3,CEDILLO 3,TAJO,IBEG,Embalse
CED4,CEDILLO 4,TAJO,IBEG,Embalse
CEDC01,CEDSL,CEDC01,CEDSL,Comercializadores mercado libre
CEEEC01,CEEEC01 CO,CEEEC01,CEEE,Comercializadores mercado libre
CELAD,CELAD,EGREEN1,EGED,Eólica terrestre
CELAD1,CELAD1,EGREEN1,EGED,Eólica terrestre
CELADFU,CELADFU,EGREEN1,EGED,Eólica terrestre
CELAYA,CELAYA,HCGSIHA,HC G,Eólica terrestre
CELC01,CELC01,CELC01,CELL,Consumos directos en mercado
CELI,CELI,TCELISI,GNRA,Gas natural cogeneración
CELIS,CELIS,HENANSA,EGED,Fluyente
CELSC01,CELSC01,CELSC01,CELSA,Consumos directos en mercado
CELSC02,CELSC02,CELSC02,CELSA,Consumos directos en mercado
CELVI,CELVI,TCELVSI,GNRA,Gas natural cogeneración
CEMEC01,CEMENTO PE,CEMEC01,CEMEK,Comercializadores mercado libre
CEMOS,CEMOS,TCEMO,GEMSL,Gas natural cogeneración
CEMRINQ,CEMRINQ,TCERMA,NEXU,Gas natural cogeneración
CEN121,CENTAURUS,FCEN121,SOLRC,Solar fotovoltaica
CENAR,CENAR,EHIBGES,IBGES,Eólica terrestre
CENER2,CENER2,RCENER,CENER,Biomasa
CENG01,FYEEXXI,CENG01,CENTS,Solar fotovoltaica
CENTC01,CENTC01,CENTC01,CENTE,Comercializadores mercado libre
CENTCP3,CENTCP3,CENTCP3,CENTE,Importación Francia
CENTE,CENTE,FVGNRA,GNRA,Solar fotovoltaica
CENTVP3,CENTVP3,CENTVP3,CENTE,Exportación Francia
CENVIA1,CENVIA1,FCNVIA1,NEXU,Solar fotovoltaica
CENVIA2,CENVIA2,FCNVIA2,NEXU,Solar fotovoltaica
CENVIA3,CENVIA3,FCNVIA3,NEXU,Solar fotovoltaica
CEP116,CEP116,FCEP116,SOLRC,Solar fotovoltaica
CEPUE,CEPUE,TCEPUSI,GNRA,Gas natural cogeneración
CER1,CERNADILLA,DUER,IBEG,Embalse
CERANO2,CERANO2,TCRNOR,EGLE,Gas natural cogeneración
CERANOR,CERANOR,TCRNOR,EGLE,Gas natural cogeneración
CERCAL,CERCAL,EHIBGES,IBGES,Eólica terrestre
CERCEDA,CERCEDA,EFGAVE,EGLE,Eólica terrestre
CERCEDO,CERCEDO,HFWMARK,WMARK,Fluyente
CERES1,CERES1,TAE4COG,COGEN,Gas natural cogeneración
CERES2,CERES2,TAE5COG,COGEN,Gas natural cogeneración
CERLC01,CERLC01,CERLC01,CERLE,Consumos directos en mercado
CERRAT6,CERRAT6,ECERRA,EGLE,Eólica terrestre
CERRATO,CERRATO,HCERRAT,CEG,Hidráulica - No UGH
CERRILL,CERRILLARE,PLENFV1,ALDRO,Solar fotovoltaica
CERRO,CERRO,EGREEN,EGED,Eólica terrestre
CERRODU,DURAN,HCGSCSA,HC G,Eólica terrestre
CERROS,CERROS,EUNZUE,EGLE,Eólica terrestre
CERVUP,FYIBCUR,CERVUP,ZRMTT,Solar fotovoltaica
CESILLA,CESILLA,EHIBGES,IBGES,Eólica terrestre
CESOC01,CESOC01,CESOC01,CESOS,Comercializadores mercado libre
CESPAF1,CESPAF1,RBCESPA,GNRA,Biogás
CESPALC,CESPALC,RUCESP,EGLE,Biogás
CESPARE,CESPARE,RURBA,EGLE,Biogás
CESPASP,CESPASP,RCESPA,EGLE,Biogás
CETAC01,CETAL,CETAC01,CETAL,Comercializadores mercado libre
CETAPAL,CETAPAL,TCETA,EGLE,Gas natural cogeneración
CETASAN,CETASAN,TCETA,EGLE,Gas natural cogeneración
CFAB,CASTIFABIB,EBRACC1,ENDG,Fluyente
CFR1,COFREN H 1,JUCA,IBEG,Embalse
CFR2,COFREN H 2,JUCA,IBEG,Embalse
CFR3,COFREN H 3,JUCA,IBEG,Embalse
CGCEASA,CGCEASA,RCOGENA,CEASA,Residuos varios
CGLAM,AYPGNR,CGLAM,GNRA,Derivados del petróleo o carbón
CGRISEL,CGRISEL,RWESZN,HISPE,Eólica terrestre
CGRVO,RE-105053,RCOGRVO,NEXU,Biogás
CHAC01,CHAC01,CHAC01,CHARG,Comercializadores mercado libre
CHAEP,CHAEP,UPCHAP,GNRA,Solar fotovoltaica
CHALAN,CHALANGE,HALANGE,NEXU,Fluyente
CHAMBON,CHAMBON,EHIBGES,IBGES,Eólica terrestre
CHAMERA,CHAMERA,RAUN,GNRA,Fluyente
CHANC01,CHANDUY,CHANC01,CHAND,Comercializadores mercado libre
CHANTAD,CHANTAD,EGVENTO,IGNIS,Eólica terrestre
CHAPARR,CHAPARRO,EGREEN1,EGED,Eólica terrestre
CHASOL,CHASOL,SMASOL1,ELEIA,Solar térmica
CHAVIA,CHAVIA,HFGASN,GNCO,Fluyente
CHBARCO,CHBARCO,HBARCO,EGLE,Fluyente
CHBUBAL,CHBUBAL,HFASIE,ASIE,Fluyente
CHCABO,CHCABO,HHIDGA,EGLE,Fluyente
CHCADOS,CHCADOS,HCADOS,EGLE,Fluyente
CHCALM,CHCALM,HFNEXU,NEXU,Fluyente
CHCANAS,CHCANAS,HFWMARK,WMARK,Fluyente
CHCASTR,CHCASTR,HCAST,IGNIS,Embalse
CHCC01,CHCC01,CHCC01,CHC,Comercializadores mercado libre
CHCLOT,CHCLOT,HHTTRIN,INTRA,Fluyente
CHCOC01,CHCOC01,CHCOC01,CHCOR,Comercializadores mercado libre
CHCOLPO,CHCOLPONS,HHTTRIN,INTRA,Hidráulica - No UGH
CHCORA,CHCORA,HCORADA,NEXU,Fluyente
CHCORC,CHCORC,HFNEXU,NEXU,Fluyente
CHDORNA,CHDORNA,HFGASN,GNCO,Fluyente
CHENC01,CHURCH,CHENC01,CHURC,Comercializadores mercado libre
CHERC01,SOT CHERA,CHERC01,CHERA,Comercializadores mercado libre
CHETXL4,CHETXL4,HHTTRIN,INTRA,Fluyente
CHFECH,CHFECH,HFNEXU,NEXU,Fluyente
CHFERR,CHFERR,HFNEXU,NEXU,Fluyente
CHFRAGO,CHFRAGO,HHIDFR,EGLE,Fluyente
CHFRES,CH FRESER,HFRESER,NEXU,Fluyente
CHGALLU,CHGALLU,HGALLU,EGLE,Fluyente
CHGARES,CH GARES,HHTTRIN,INTRA,Fluyente
CHGRAUS,CH GRAUS,HREGPE,ECYR,Fluyente
CHGUARD,CHGUARD,HCHI2,HC G,Fluyente
CHIDONA,CHIDONAI,FANPU,EGLE,Solar fotovoltaica
CHIERRO,CHIERRO,HIBSIHA,HC G,Híbrida Renovable
CHIL,CHILLAR,GDLQ,ENDG,Fluyente
CHINCH,CHCHINCHA,HDALT02,INTRA,Fluyente
CHINEST,FV CHINEST,FDREU10,DREUA,Solar fotovoltaica
CHIR,CHIRRISQUI,BEREBRO,BARER,Fluyente
CHISC01,CHISTA_COM,CHISC01,COMCH,Comercializadores mercado libre
CHJALON,CHJALON,HPEGLE,EGLE,Fluyente
CHJERT,CHJERT,HJERTE,NEXU,Fluyente
CHLAISA,CHLAISA,HFWMARK,WMARK,Fluyente
CHLLOR,CH LLORENS,HLLOREN,NEXU,Embalse
CHMERZA,CHMERZA,HFOHIS,EGLE,Fluyente
CHMOLI,CHMOLI,HMOLINO,NEXU,Fluyente
CHMOLIN,CHMOLIN,HFGASN,GNCO,Embalse
CHN1,CHANDREJ 1,SIL,IBEG,Embalse
CHN2,CHANDREJ 2,SIL,IBEG,Embalse
CHOCB,CHOCB,FVGNRA,GNRA,Solar fotovoltaica
CHOLATE,CHOLATE,HONATIK,GOIEN,Fluyente
CHORRAL,CHORRAL,EHIBGES,IBGES,Eólica terrestre
CHORRBA,CHORRBA,EHIBGES,IBGES,Eólica terrestre
CHOVA,CHOVA,COGCHOV,DETIC,Gas natural cogeneración
CHPONTE,CHPONTE,HENGAG,EGLE,Fluyente
CHPORM,CHPORMA,HPORMA,NEXU,Embalse
CHRAMAL,CHRAMAL,HNORHI,EGLE,Fluyente
CHRDEVA,CHRDEVA,HSANMI,EGLE,Fluyente
CHSARDO,CHSARDO,HNORHI,EGLE,Fluyente
CHTAMBR,CHTAMBR,HFGASN,GNCO,Fluyente
CHTAMCA,CHTAMCA,HFGASN,GNCO,Fluyente
CHTELD,CHTELD,HFNEXU,NEXU,Fluyente
CHU1,CHULILLA 1,ASIJUCA,ASIE,Fluyente
CHU2,CHULILLA 2,ASIJUCA,ASIE,Fluyente
CHU3,CHULILLA 3,ASIJUCA,ASIE,Fluyente
CHUCENA,CHUCENA,FHUCENA,NEXU,Solar fotovoltaica
CHURC01,CHURC01,CHURC01,CHURR,Consumos directos en mercado
CHVADO,CHVADO,CHVADOM,STIN,Fluyente
CHVICAR,CHVICAR,HBARLO,EGLE,Fluyente
CHVN,CHAVIN,CHVN,WMARK,Fluyente
CHZAIDA,CHZAIDA,HHTTRIN,INTRA,Fluyente
CI60BU,CI60BU,FORTR01,FORTI,Comercializadores mercado libre
CIEGE,CIEGE,HPTMR,GNRA,Fluyente
CIERFV2,CIERFV2,HCGFVSA,HC G,Solar fotovoltaica
CIERVES,CIERVES,HGIES,EGLE,Fluyente
CIERZO,CIERZO,ECIRZOS,NEXU,Eólica terrestre
CIERZO1,CIERZO1,ECIERZO,IGNIS,Eólica terrestre
CIERZO2,CIERZO2,ECIERZO,IGNIS,Eólica terrestre
CIERZO4,CIERZO4,HCGFVSA,HC G,Solar fotovoltaica
CIERZR2,UFREPOCIER,ECIERZO,IGNIS,Eólica terrestre
CIJ1,CIJARA 1,GDNA,ENDG,Embalse
CIJ2,CIJARA 2,GDNA,ENDG,Embalse
CIJ3,CIJARA 3,GDNA,ENDG,Embalse
CIJ4,CIJARA 4,GDNA,ENDG,Embalse
CILCOR,CILCOR,CILCOR,REPP,Derivados del petróleo o carbón
CIM1,CIMANES,UFGC,GNFG,Embalse
CIMAC01,CIMA,CIMAC01,CIMA,Comercializadores mercado libre
CINCA,CINCA,TFGASN,GNCO,Gas natural cogeneración
CINCOVI,CINCOVI,HVILLA,EGLE,Hidráulica - No UGH
CINEC01,CINEC01,CINEC01,CINET,Comercializadores mercado libre
CINSEIR,CINSEIR,EGASNE0,GNCO,Eólica terrestre
CIPRIAN,CIPRIAN,EGREEN,EGED,Eólica terrestre
CIR1,CIRAT 1,HDXT01,DUFER,Fluyente
CIR2,CIRAT 2,HDXT01,DUFER,Fluyente
CIREF,CIREF,FVGNRA,GNRA,Solar fotovoltaica
CISENER,CISENER,TPAYCA,EGLE,Gas natural cogeneración
CIURE,CIURE,RABANIL,GNRA,Biogás
CJAC,CAST.JACA,EBRACC1,ENDG,Fluyente
CJON3X,CCAA CTJ3,CJON3X,NATGA,Consumo de Servicios Auxiliares
CLARES,CLARES,EHIBGES,IBGES,Eólica terrestre
CLD1,CALDES 1,EBRFEN,ENDG,Embalse
CLD2,CALDES 2,EBRFEN,ENDG,Embalse
CLEAC01,CLEARVIEW,CLEAC01,CLEAR,Comercializadores mercado libre
CLIDC01,CLIDOMUP01,CLIDC01,CLIDM,Comercializadores mercado libre
CLIMAST,CLIMASTER,FDREU04,DREUA,Solar fotovoltaica
CLIMBER,CLIMBER,COGCLIM,DETIC,Gas natural cogeneración
CLIPCX1,CLIPCX1,CLIPCX1,CLIDM,Porfolio
CLIPVX1,CLIPVX1,CLIPVX1,CLIDM,Porfolio
CLJ1,CSTILLEJ 1,ASITAJ,ASIE,Fluyente
CLJ2,CSTILLEJ 2,ASITAJ,ASIE,Fluyente
CLL1,CNTLLANA 1,GDLQ,ENDG,Fluyente
CLL2,CNTLLANA 2,GDLQ,ENDG,Fluyente
CLM1,COLMENAR 1,JUCA,IBEG,Fluyente
CLM2,COLMENAR 2,JUCA,IBEG,Fluyente
CLMENTE,CLMENTE,FCLMNTE,NEXU,Solar fotovoltaica
CLUGAR,CLUGAR,FCLUGAR,NEXU,Solar fotovoltaica
CM08TC,CM08TC,FORTR01,FORTI,Comercializadores mercado libre
CMENGI,CMENGI,TSMURES,WMARK,Gas natural cogeneración
CMESA,CMESA,ESAV,IGNIS,Eólica terrestre
CMG2,CMG2,RGAME,AME,Biogás
CMILLAS,CMILLAS,CMILLAS,LMER,Gas natural cogeneración
CMOLINO,CMOLINO,FMOLINO,NEXU,Solar fotovoltaica
CMONTOU,PE MONTOUT,EGASNE1,GNCO,Eólica terrestre
CMORENO,CMORENO,ECMOREN,EBLCO,Eólica terrestre
CMOTRIL,CMOTRIL,TTFMOTR,NEXU,Gas natural cogeneración
CMR1,CAMARASA 1,EBRFEN,ENDG,Embalse
CMR2,CAMARASA 2,EBRFEN,ENDG,Embalse
CMR3,CAMARASA 3,EBRFEN,ENDG,Embalse
CMR4,CAMARASA 4,EBRFEN,ENDG,Embalse
CMTA1,COMETA1,ECMTA,REPSB,Eólica terrestre
CMTA2,COMETA2,ECMTA,REPSB,Eólica terrestre
CND1,CERNADO,SIL,IBEG,Fluyente
CNEGRID,CNEGRID,EFWMARK,WMARK,Eólica terrestre
CNEVERA,CNEVERA,EMEDI1,EGED,Eólica terrestre
CNL1,CANELLES 1,EBRFEN,ENDG,Embalse
CNL2,CANELLES 2,EBRFEN,ENDG,Embalse
CNL3,CANELLES 3,EBRFEN,ENDG,Embalse
CNM1,CONTRER 3,JUCA,IBEG,Fluyente
CNM2,CONTRER 4,JUCA,IBEG,Fluyente
CNOVE,CNOVE,UPCENS,GNRA,Solar fotovoltaica
CNR1,CNR1,ECNRG,REPSB,Eólica terrestre
CNR2,CNR2,ECNR,REPSB,Eólica terrestre
CNT1,CONTRER 1,JUCA,IBEG,Embalse
CNT2,CONTRER 2,JUCA,IBEG,Embalse
CNTLC01,CNTLC01,CNTLC01,CENTS,Comercializadores mercado libre
CO14NI,CO14NI,FORTR01,FORTI,Comercializadores mercado libre
CO21,CORTES 1,JUCA,IBEG,Embalse
CO22,CORTES 2,JUCA,IBEG,Embalse
CO28TO,CO28TO,FORTR01,FORTI,Comercializadores mercado libre
COALC01,COALG01 CO,COALC01,COALG,Comercializadores mercado libre
COBANE,COBANE,TFIBGES,IBGES,Gas natural cogeneración
CODES01,CODES01,EGASNE1,GNCO,Eólica terrestre
CODES02,CODES02,EGASNE1,GNCO,Eólica terrestre
CODOC01,CODOC01,CODOC01,CODOR,Comercializadores mercado libre
COELC01,GUADASSAUR,COELC01,COELD,Comercializadores mercado libre
COF1,COFRENTES,COF1,IGNU,Nuclear
COFERRE,COFERRE,TFERRE,EGLE,Gas natural cogeneración
COFRENT,COFRENT,ECOFREN,IGNIS,Eólica terrestre
COG75RQ,COG75RQ,COG75RQ,REPSB,Gas natural cogeneración
COGAJ,COGAJ,COGAJ,GNRA,Gas natural cogeneración
COGAYME,COGAYME,COGAYME,DETIC,Gas natural cogeneración
COGBERN,COGBERN,COGBERN,DETIC,Gas natural cogeneración
COGBIO2,COGBIO2,RCOGBIO,EGLE,Biogás
COGDERC,COGDERC,COGDERC,DETIC,Gas natural cogeneración
COGEC01,COGEC01 CO,COGEC01,COGEN,Comercializadores mercado libre
COGEN2,COGEN2,TPCOGE,EGLE,Gas natural cogeneración
COGENGA,COGENGA,TTECGA,EGLE,Gas natural cogeneración
COGFUST,COGFUST,COGFUST,DETIC,Gas natural cogeneración
COGFUT,UF_ROMA,UP_COGF,FUTGR,Gas natural cogeneración
COGGAIK,RYDETIC,COGGAIK,DETIC,Biomasa
COGINC2,INCUSA2,COGINC2,DETIC,Gas natural cogeneración
COGLOSR,COGLOSR,COGLOSR,DETIC,Gas natural cogeneración
COGMARQ,TYDETIC,COGMARQ,DETIC,Gas natural cogeneración
COGMIMS,COGMIMS,COGMIMS,DETIC,Gas natural cogeneración
COGNAV,COGNAV,TCOGNA,EGLE,Derivados del petróleo o carbón
COGOBLA,COGOBLA,COGOBLA,DETIC,Gas natural cogeneración
COGOLL2,COGOLL2,EEGPES,ECYR,Eólica terrestre
COGOPEL,COGOPEL,TGEMOT,EGLE,Gas natural cogeneración
COGPACH,COGPACH,COGPACH,DETIC,Gas natural cogeneración
COGPER,COGPER,TPERSAN,DETIC,Gas natural cogeneración
COGSAB,COGSAB,ENDER01,ENDCO,Comercializadores mercado libre
COGUTZ2,COGUTZ2,COGUTZ2,DETIC,Gas natural cogeneración
COL4,COLON 4,COL4,ENDG,Ciclo combinado
COLASEM,RE-004257,TCOLSEM,NEXU,Gas natural cogeneración
COLIV,COLIV,ECOLIVA,EBLCO,Eólica terrestre
COLIX1,COLIX1,UPSON3,GNRA,Solar fotovoltaica
COLIX2,COLIX2,UPSON3,GNRA,Solar fotovoltaica
COLLAD,COLLADILLO,ESAV,IGNIS,Eólica terrestre
COLLAD2,COLLAD2,EFWMARK,WMARK,Eólica terrestre
COLLADA,COLLADA,EFWMARK,WMARK,Eólica terrestre
COLLADO,COLLADO,EHIBGES,IBGES,Eólica terrestre
COLON,COLON,FCOLON,CEG,Solar fotovoltaica
COLORO,COLORO,ENDER01,ENDCO,Comercializadores mercado libre
COLVB,COLVB,UPCOLI,GNRA,Solar fotovoltaica
COMES,COMES,ECOMES,EGLE,Eólica terrestre
COMF01,COMF01,ENDER01,ENDCO,Comercializadores mercado libre
COMFC2,COMFC2,ENDER01,ENDCO,Comercializadores mercado libre
COMFC7,COMFC7,ENDER01,ENDCO,Comercializadores mercado libre
COMGC01,COMGC01,COMGC01,COMEG,Comercializadores mercado libre
COMPC01,COMPC01,COMPC01,COMPA,Comercializadores mercado libre
COMTC01,COMTC01,COMTC01,COMEE,Comercializadores mercado libre
CON1,CONSO 1G,SIL,IBEG,Embalse
CON1B,CONSO 1B,SILB,IBEG,Consumo bombeo
CON2,CONSO 2G,SIL,IBEG,Embalse
CON2B,CONSO 2B,SILB,IBEG,Consumo bombeo
CON3,CONSO 3G,SIL,IBEG,Embalse
CON3B,CONSO 3B,SILB,IBEG,Consumo bombeo
CONDADO,CONDADO,FPLMCND,NEXU,Solar fotovoltaica
CONDCLO,CONDCLO,FCNDCLL,NEXU,Solar fotovoltaica
CONEC01,COMPRA,CONEC01,CONEC,Comercializadores mercado libre
CONEFV0,C2FV,CONEFV0,CONEC,Solar fotovoltaica
CONESA2,CONESA,EHIBGES,IBGES,Eólica terrestre
CONESAI,CONESAI,EFWMARK,WMARK,Eólica terrestre
CONFI,CONFI,TTFCONF,NEXU,Gas natural cogeneración
CONSELL,FV CONSELL,FDREU15,DREUA,Solar fotovoltaica
CONSET,CONSET,ENDER01,ENDCO,Comercializadores mercado libre
CONST18,FV CONSTAN,FCONS18,WMARK,Solar fotovoltaica
CONSTAN,CONSTAN,FCONSTA,WMARK,Solar fotovoltaica
CONTC01,CONTALLUM,CONTC01,CONTA,Comercializadores mercado libre
CONUEVO,CONUEVO,UPWM273,WMARK,Eólica terrestre
CONVA,CONVA,UPCONVA,IGNIS,Gas natural cogeneración
COOSUR,COOSUR,TCOOSUR,DETIC,Derivados del petróleo o carbón
COPIC01,URANO V,COPIC01,URANA,Comercializadores mercado libre
COPLA,COPLA,TPAPRI,EGLE,Gas natural cogeneración
COPLA1,COPLA1,TPAPRI1,EGLE,Gas natural cogeneración
COR1,CORCHADO 1,GDLQ,ENDG,Fluyente
COR2,CORCHADO 2,GDLQ,ENDG,Fluyente
COR3,CORCHADO 3,GDLQ,ENDG,Fluyente
CORCO,CORCO,TIGCOR,COGEN,Gas natural cogeneración
CORDELV,CORDELV,EHIBGES,IBGES,Eólica terrestre
CORDIN,CHCORDIN,HDALT01,INTRA,Fluyente
CORELLA,CORELLA,FCORELA,GESTE,Solar fotovoltaica
CORESES,C,FCORESE,NEXU,Solar fotovoltaica
COREYSA,COREYSA,TCOREY,EGLE,Gas natural cogeneración
CORIA,CORIA,FCORIA,NEXU,Solar fotovoltaica
CORISCA,CORISCA,EREGPEM,ECYR,Eólica terrestre
CORME3,CORME3,HCGSCSA,HC G,Eólica terrestre
CORONA,CORONA,FCORONA,CEG,Solar fotovoltaica
CORPC01,CORPOLUX,CORPC01,CORPO,Comercializadores mercado libre
CORTADO,CORTADO,EREGPEM,ECYR,Eólica terrestre
CORTES,CORTES,RCESRE,EGLE,Biogás
CORVERA,CORVERA,FCORVER,NEXU,Solar fotovoltaica
CORZAN,CORZAN,EEGPEM,ECYR,Eólica terrestre
COSCOJA,COSCOJA,EHIBCOS,NEXU,Híbrida Renovable
COSEMA1,COALSEMA,TCOALSA,EGLE,Gas natural cogeneración
COSENT,COSENT,FCOSENT,HISPE,Solar fotovoltaica
COSJAR2,COSJAR2,ECOSJAR,NEXU,Eólica terrestre
COSSI,COSSI,FVGNRA,GNRA,Solar fotovoltaica
COTALSA,COTALSA,TUTISA,CEG,Gas natural cogeneración
COTASA,COTASA,TATOM,EGLE,Gas natural cogeneración
COTERA,COTERA,EHIBGES,IBGES,Eólica terrestre
COTEREJ,COTEREJ,EHIBGES,IBGES,Eólica terrestre
COTILLA,COTILLA,FVCOTI2,WMARK,Solar fotovoltaica
COTORRA,COTORRA,EMIRASI,MIRAS,Eólica terrestre
COUTO,COUTO,EEGPEM,ECYR,Eólica terrestre
COVAPED,COVAPED,TCOVAP,EGLE,"Híb. Renov., Term. No Renov"
COVAT1,COVAT1,UPCOV1,GNRA,Solar fotovoltaica
COVAT5,COVAT5,UPCOV5,GNRA,Solar fotovoltaica
COVAT6,COVAT6,UPCOV6,GNRA,Solar fotovoltaica
COVILL,COVILL,TPCOVI,EGLE,Derivados del petróleo o carbón
COVISLA,COVISLA,TPLACG,PLACG,Derivados del petróleo o carbón
CP31AL,CP31AL,FORTR01,FORTI,Comercializadores mercado libre
CP31AT,CP31AT,FORTR01,FORTI,Comercializadores mercado libre
CP31HO,CP31HO,FORTR01,FORTI,Comercializadores mercado libre
CP31OL,CP31OL,FORTR01,FORTI,Comercializadores mercado libre
CP39MA,CP39MA,FORTR01,FORTI,Comercializadores mercado libre
CP58MO,CP58MO,FORTR01,FORTI,Comercializadores mercado libre
CPALO,CPALO,EHIBGES,IBGES,Eólica terrestre
CPANISS,CPANISS,EFWMARK,WMARK,Eólica terrestre
CPD0,CAPDELLA 0,EBRFEN,ENDG,Embalse
CPD1,CAPDELLA 1,EBRFEN,ENDG,Embalse
CPD2,CAPDELLA 2,EBRFEN,ENDG,Embalse
CPD3,CAPDELLA 3,EBRFEN,ENDG,Embalse
CPD4,CAPDELLA 4,EBRFEN,ENDG,Embalse
CPELAOS,CPELAOS,EUEUZA,EGLE,Eólica terrestre
CPELEAS,CPELEAS,FPELEAS,NEXU,Solar fotovoltaica
CPGLASS,CPGLASS,TTOVAG,EGLE,Gas natural cogeneración
CPRROSO,CPRROSO,EECAP,CEG,Eólica terrestre
CPUNTA,CPUNTA,EHIBGES,IBGES,Eólica terrestre
CRCEC01,CRCEC01,CRCEC01,CRCES,Consumos directos en mercado
CREEC01,CREAE,CREEC01,CREAE,Comercializadores mercado libre
CREOC01,CRECE PEN,CREOC01,CRESO,Comercializadores mercado libre
CREPSOL,CREPSOL,TREPP,REPP,Gas natural cogeneración
CREVOL,CREVOL,EHIBGES,IBGES,Eólica terrestre
CRGYC01,CARTO C,CRGYC01,CARGY,Comercializadores mercado libre
CRIIX,CRIIX,UPSON1,GNRA,Solar fotovoltaica
CRMON1,CRMON1,FCRMON1,NEXU,Solar fotovoltaica
CRMON2,CRMON2,FCRMON2,NEXU,Solar fotovoltaica
CRMON3,CRMON3,FCRMON3,NEXU,Solar fotovoltaica
CRMONA1,CRMONA1,FCMONA1,NEXU,Solar fotovoltaica
CROA1,CR1,EACROA1,NEXU,Eólica terrestre
CROA2,CR2,EACROA2,NEXU,Eólica terrestre
CRONSLR,CRNSL,FCRONOS,GESTE,Solar fotovoltaica
CRRASCA,CRRASCA,FCRASCA,NEXU,Solar fotovoltaica
CRT1,CORTIJO 1,EBRA,IBEG,Fluyente
CRT2,CORTIJO 2,EBRA,IBEG,Fluyente
CRT3,CORTIJO 3,EBRA,IBEG,Fluyente
CRTA,CRTA,FCERRAT,REPSB,Solar fotovoltaica
CRTM,CRTM,FCERRAT,REPSB,Solar fotovoltaica
CRTOBAL,CRTOBAL,FCRTBAL,NEXU,Solar fotovoltaica
CRUAN,CRUAN,FVGNRA,GNRA,Solar fotovoltaica
CRUAS,CRUAS,FVGNRA,GNRA,Solar fotovoltaica
CRUZ,CRUZ,FCRUZ,CEG,Solar fotovoltaica
CRUZ1,CRUZ1,EHIBGES,IBGES,Eólica terrestre
CRUZ2,CRUZ2,EHIBGES,IBGES,Eólica terrestre
CRUZCAR,CRUZCAR,EHIBGES,IBGES,Eólica terrestre
CRVERA,CRVERA,FCORVRA,NEXU,Solar fotovoltaica
CSABLCA,CSBNA,FBLANCA,GESTE,Solar fotovoltaica
CSCFIN,CSCFIN,FVGNRA,GNRA,Solar fotovoltaica
CSD1,CASEDA 1,BEREBRO,BARER,Fluyente
CSD2,CASEDA 2,BEREBRO,BARER,Fluyente
CSFMUDE,CSF MUDEJA,MUDEJAR,WMARK,Solar fotovoltaica
CSID,CERROSID,EFWMARK,WMARK,Eólica terrestre
CSL1,CSTELLAR 1,UPSJUCA,SJUCA,Fluyente
CSL2,CSTELLAR 2,UPSJUCA,SJUCA,Fluyente
CSMONTE,CSMONTE,HFWMARK,WMARK,Fluyente
CSONDAA,CSONDAA,FSONDAA,NEXU,Solar fotovoltaica
CTALINA,CTALINA,FCTLINA,NEXU,Solar fotovoltaica
CTDAL,CANTADAL,EPI,REPSB,Eólica terrestre
CTDFW,CTDFW,UPSON3,GNRA,Solar fotovoltaica
CTEVB,CTEVB,UPCTE,GNRA,Solar fotovoltaica
CTFRIO,CTFRIO,EREGPE1,ECYR,Eólica terrestre
CTGN1,CARTAGENA1,CTGN1,GNCC,Ciclo combinado
CTGN2,CARTAGENA2,CTGN2,GNCC,Ciclo combinado
CTGN3,CARTAGENA3,CTGN3,GNCC,Ciclo combinado
CTJ1,CASTREJ 1,UFTA,GNFG,Embalse
CTJ2,CASTREJ 2,UFTA,GNFG,Embalse
CTJ3,CASTREJ 3,UFTA,GNFG,Embalse
CTJ4,CASTREJ 4,UFTA,GNFG,Embalse
CTJGS,CTJGS,UPCARTU,GNRA,Solar fotovoltaica
CTJON1,CASTEJON 1,CTJON1,NATGA,Ciclo combinado
CTJON1X,CCAA CTJ1,CTJON1X,NATGA,Consumo de Servicios Auxiliares
CTJON2,CASTEJON 2,CTJON2,IBGT,Ciclo combinado
CTJON3,CTJON3,CTJON3,NATGA,Ciclo combinado
CTL1,CASTRELO 1,UFMI,GNFG,Embalse
CTL2,CASTRELO 2,UFMI,GNFG,Embalse
CTN3TG1,CTN3TG1,CTN3,IBGT,Ciclo combinado
CTN3TG2,CTN3TG2,CTN3,IBGT,Ciclo combinado
CTN3TV,CTN3TV,CTN3,IBGT,Vapor
CTN4TG1,CTN4TG1,CTN4,IBGT,Ciclo combinado
CTN4TG2,CTN4TG2,CTN4,IBGT,Ciclo combinado
CTN4TV,CTN4TV,CTN4,IBGT,Vapor
CTNUTG1,CTNUTG1,CTNU,CTNU,Ciclo combinado
CTNUTG2,CTNUTG2,CTNU,CTNU,Ciclo combinado
CTNUTV,CTNUTV,CTNU,CTNU,Vapor
CTNUX,CTNUX,CTNUX,CTNU,Consumo de Servicios Auxiliares
CTO1,COMPUERT 1,DUER,IBEG,Embalse
CTO2,COMPUERT 2,DUER,IBEG,Embalse
CTR1,CORNATEL 1,SBEU,ENDG,Embalse
CTR2,CORNATEL 2,SBEU,ENDG,Embalse
CTUDELA,CTUDELA,TTUDELA,GNRA,Gas natural cogeneración
CTUNIII,CTUNIII,HAPHIG,EGLE,Hidráulica - No UGH
CTUNOII,CTUNOII,HAPHIG,EGLE,Hidráulica - No UGH
CUADRO,CUADRO,EGREEN1,EGED,Eólica terrestre
CUARTI,CUARTILLEJ,FCUARTI,CEG,Solar fotovoltaica
CUBI,CUBI,FCUBI,CEG,Solar fotovoltaica
CUBILLO,CUBILLOS,RCUBILL,NEXU,Biomasa
CUBLA,CUBLA,FCUBLA,NEXU,Solar fotovoltaica
CUBON,CUBON,UPBON4,GNRA,Solar fotovoltaica
CUCAYO,CUCAYO,HPDRSA,EGLE,Fluyente
CUDS1,CUDS1,FVGNRA,GNRA,Solar fotovoltaica
CUDS2,CUDS2,FVGNRA,GNRA,Solar fotovoltaica
CUE1,C.POZO 1,ASIDUE,ASIE,Fluyente
CUE2,C.POZO 2,ASIDUE,ASIE,Fluyente
CUERDA,CUERDA,EHIBGES,IBGES,Eólica terrestre
CUESTA,CUESTA,HCGSCSA,HC G,Eólica terrestre
CUETC,CUETC,UPCUE,GNRA,Solar fotovoltaica
CUEZA,CUEZA,EHIBGES,IBGES,Eólica terrestre
CULIX,CULIX,FVGNRA,GNRA,Solar fotovoltaica
CUNCC01,CUNTIENSE,CUNCC01,CUNC,Comercializadores mercado libre
CUNEMSA,CUNEMSA,TUEMADE,WMARK,Derivados del petróleo o carbón
CUPAC01,CUPA,CUPAC01,CUPA,Consumos directos en mercado
CUPBC01,CUPA BT,CUPBC01,CUPA,Consumos directos en mercado
CURISCA,CURISCA,HCGSCSA,HC G,Eólica terrestre
CURRAS,CURRAS,ECURRAG,EGED,Eólica terrestre
CUTOLE,CUTOLE,TCUTOLE,CEG,Gas natural cogeneración
CUVEC01,CUVEC01,CUVEC01,CUVER,Comercializadores mercado libre
CVALDES,VALDES,FCVALDE,HISPE,Solar fotovoltaica
CVICEN,CVICEN,EHIBGES,IBGES,Eólica terrestre
CVICENA,CVICENA,EHIBGES,IBGES,Eólica terrestre
CVIRC01,COMPRAVIRT,CVIRC01,INTRA,Comercializadores mercado libre
CWCMC01,PEN_UP_COM,CWCMC01,FUTGR,Comercializadores mercado libre
CX46AC,CX46AC,FORTR01,FORTI,Comercializadores mercado libre
CX46AL,CX46AL,FORTR01,FORTI,Comercializadores mercado libre
CX46CA,CX46CA,FORTR01,FORTI,Comercializadores mercado libre
CX46MO,CX46MO,FORTR01,FORTI,Comercializadores mercado libre
CYDAC01,CYADE,CYDAC01,CYDAE,Comercializadores mercado libre
CYEC01,CYEC01,CYEC01,CYE,Comercializadores mercado libre
CYIGNI,TYGNRA,CYIGNI,IGNIS,Gas natural cogeneración
CZFVC01,CZFV,CZFVC01,CZFV,Consumos directos en mercado
DA1O,DAO1,HFNEXU,NEXU,Fluyente
DAIMC01,DAIMUZ1,DAIMC01,DAIMU,Comercializadores mercado libre
DAJOZ,DAJOZ,FDAJOZ,CEG,Solar fotovoltaica
DAL1,D.ALDONZ 1,GDLQ,ENDG,Fluyente
DAL2,D.ALDONZ 2,GDLQ,ENDG,Fluyente
DALOBA,DALOBA,EGREEN,EGED,Eólica terrestre
DANSC01,OPERATIONS,DANSC01,DANSK,Comercializadores mercado libre
DAPHNE,DAPHNE,FAZARA,NEXU,Solar fotovoltaica
DARAQ,DARAQ,UPDAR,GNRA,Solar fotovoltaica
DARUC01,DARUC01,DARUC01,DARUZ,Consumos directos en mercado
DASERPE,DASERPE,EGASNE1,GNCO,Eólica terrestre
DAVAX,DAVAX,FAUDAX,ADXRE,Solar fotovoltaica
DEDEREC,DEDEREC,TDEDRE,EGLE,Derivados del petróleo o carbón
DEELC01,DEELC01,DEELC01,DEELU,Comercializadores mercado libre
DEFERII,DEFERII,ECATER,EGLE,Eólica terrestre
DEFIBE,DEFIBE,ENDER01,ENDCO,Comercializadores mercado libre
DEGOLLA,DEGOLLA,EHIBGES,IBGES,Eólica terrestre
DEGREEN,DEGREEN,FSTATON,NEXU,Solar fotovoltaica
DEHESA,DEHESA,UPDEHE,IGNIS,Solar térmica
DEHESAM,DEHESAM,EEGPES,ECYR,Eólica terrestre
DEHESI1,DEHESILLA1,DEHE1,RENSP,Eólica terrestre
DEHESI2,DEHESILLA2,DEHE2,RENSP,Eólica terrestre
DEHESIL,DEHESILLA,FDHSLA,NEXU,Solar fotovoltaica
DEL108,DEL108,FDEL108,SOLRC,Solar fotovoltaica
DELIFA,DELIFA,SESAR01,SHELL,Comercializadores mercado libre
DELILLO,DELILLO,UPESTN,GNRA,Eólica terrestre
DELMAI,DELMAI,FDELMAI,SOLRC,Solar fotovoltaica
DELMORO,DELMORO,HCGSCSA,HC G,Eólica terrestre
DELTAA,DELTAA,FDAGAC,GAC,Solar fotovoltaica
DELTAB,DELTAB,FDBGAC,GAC,Solar fotovoltaica
DELTAC,DELTAC,FDCGAC,GAC,Solar fotovoltaica
DELTAD,DELTAD,FDDGAC,GAC,Solar fotovoltaica
DEMETE1,DEMETE1,FVDEMET,WMARK,Solar fotovoltaica
DEMFW,DEMFW,UPDEMF,GNRA,Solar fotovoltaica
DEPOC01,DEPOC01,DEPOC01,DEPOA,Consumos directos en mercado
DERETIL,DERETIL,EGEDR01,EGED,Comercializadores mercado libre
DERMONT,DERMONT,TDERMO,EGLE,Derivados del petróleo o carbón
DESAFIO,DESAF PV,RESOLAR,RENSP,Solar fotovoltaica
DESAV,LAS DEHESA,DEESA,LMER,Biogás
DESIRTO,DESERTO,FDSERTO,GESTE,Solar fotovoltaica
DESMC01,DESMAC01,DESMC01,DESMA,Comercializadores mercado libre
DETCD01,DETCD01,DETCD01,DETIC,Consumos directos en mercado
DETCD02,DETCD02,DETCD02,DETIC,Consumos directos en mercado
DETCD16,DETCD16,DETCD16,DETIC,Consumos directos en mercado
DETIC01,DETIC01,DETIC01,DETIC,Comercializadores mercado libre
DETISA1,COG DETISA,TFSEDAE,SEDAE,Gas natural cogeneración
DETSSAA,DETSSAA,DETSSAA,DETIC,Consumo de Servicios Auxiliares
DEVA,DEVA,EDEVAG,EGED,Eólica terrestre
DEVESA,DEVESA,HCOHIG,EGLE,Fluyente
DEVIRGI,DEVIRGI,EGREEN1,EGED,Eólica terrestre
DFERC01,DFERC01,DFERC01,DUFEA,Comercializadores mercado libre
DHEYG,DHEYG,UPDOH,GNRA,Solar fotovoltaica
DIBAQ1,DIBAQ,AE10COG,COGEN,Gas natural cogeneración
DIELC01,DIEL_PEN,DIELC01,DIELE,Comercializadores mercado libre
DIL1,DILAR 1,GDLQ,ENDG,Fluyente
DIL2,DILAR 2,GDLQ,ENDG,Fluyente
DILUC01,DILUZ,DILUC01,DILUZ,Comercializadores mercado libre
DIO153,DIO153,FDIO153,SOLRC,Solar fotovoltaica
DIPBC01,DIPBC01,DIPBC01,DIPBA,Consumos directos en mercado
DIRGC01,DIRECTGREE,DIRGC01,DIREA,Comercializadores mercado libre
DISCEF,DISCEF,ENDER01,ENDCO,Comercializadores mercado libre
DIVIC01,DIVIC01,DIVIC01,DIVIC,Comercializadores mercado libre
DIVSO,DIVSO,FVGNRA,GNRA,Solar fotovoltaica
DJIMENA,DJIMENA,HHTTRIN,INTRA,Fluyente
DJUNCAL,DUERJUNCAL,FJUNCAL,GESTE,Solar fotovoltaica
DLSTC01,GOENERGIA,DLSTC01,DLSTE,Comercializadores mercado libre
DOI1,DOIRAS 1,VIES,REPSB,Embalse
DOI2,DOIRAS 2,VIES,REPSB,Embalse
DOI3,DOIRAS 3,VIES,REPSB,Embalse
DOLAUNO,DOLAUNO,EHIBGES,IBGES,Eólica terrestre
DOLTRES,DOLTRES,EHIBGES,IBGES,Eólica terrestre
DOLVC01,DOLVC01,DOLVC01,DOLNO,Consumos directos en mercado
DOMENO,DOMENO,HFIBGES,IBGES,Embalse
DOMIX,DOMIX,UPSON3,GNRA,Solar fotovoltaica
DONBC01,DONBECO,DONBC01,DONBE,Comercializadores mercado libre
DONSL,DONSL,FVGNRA,GNRA,Solar fotovoltaica
DOSA,DOSA,HDOSA,GNRA,Fluyente
DOSPUEB,DOSPUEB,EHIBGES,IBGES,Eólica terrestre
DOVILAN,DOVILAN,EEGPEM,ECYR,Eólica terrestre
DOWCHEM,DOWCHEM,TDEEXXI,EEXXI,Derivados del petróleo o carbón
DOY,DOY,A2GAME2,AME,Energía residual
DRACOSL,DRACO,FDRACOS,GESTE,Solar fotovoltaica
DREAC01,DREUA,DREAC01,DREUA,Comercializadores mercado libre
DREDC01,DREDC01,DREDC01,DREUA,Consumos directos en mercado
DREGC01,DREGC01,DREGC01,DREUA,Consumos directos en mercado
DREHC01,DREHC01,DREHC01,DREUA,Consumos directos en mercado
DRKFC01,UP DRK,DRKFC01,DRK,Comercializadores mercado libre
DROSP,DROSP,UPDROS,GNRA,Solar fotovoltaica
DSBON,DSBON,UPBON2,GNRA,Solar fotovoltaica
DSMAC01,3DSMART,DSMAC01,DSMAR,Comercializadores mercado libre
DSSIX,DSSIX,UPSON4,GNRA,Solar fotovoltaica
DTABLAR,DTABLAR,ETBLRES,NEXU,Eólica terrestre
DUENA,DUENA,EHIBGES,IBGES,Eólica terrestre
DUERC01,DUEROLUZ,DUERC01,DUERO,Comercializadores mercado libre
DUEROCA,DUEROCA,HDUEROK,CEG,Fluyente
DUFEC01,DUFEC01,DUFEC01,DUFER,Comercializadores mercado libre
DUFECP3,DUFENERGY,DUFECP3,DUFER,Importación Francia
DUFEVP3,DUFEVP3,DUFEVP3,DUFER,Exportación Francia
DULCNE5,DULCNE5,FDULC5,NEXU,Solar fotovoltaica
DULCNE6,DULCNE6,FDULC6,NEXU,Solar fotovoltaica
DUQ1,DUQUE,GDLQ,ENDG,Fluyente
DUR1,DURCAL 1,GDLQ,ENDG,Fluyente
DUR2,DURCAL 2,GDLQ,ENDG,Fluyente
DXDC01,DXD COMER,DXDC01,DXD,Comercializadores mercado libre
DYNFC01,DYNEFF,DYNFC01,DYNEF,Comercializadores mercado libre
EACER,EACER,SESAR01,SHELL,Comercializadores mercado libre
EALBC01,EALBC01 CO,EALBC01,EALB,Comercializadores mercado libre
EALMC01,ALMENAR_UP,EALMC01,ELALM,Comercializadores mercado libre
EAM0C01,EAM0C01 CO,EAM0C01,EAM01,Comercializadores mercado libre
EAMB02,EAMB02,EAMV02,AMADR,Solar fotovoltaica
EAMB03,EAMB03,EAMV03,AMADR,Solar fotovoltaica
EAMB04,EAMB04,EAMV04,AMADR,Solar fotovoltaica
EAMB05,EAMB05,EAMV05,AMADR,Solar fotovoltaica
EAMB06,EAMB06,EAMV06,AMADR,Solar fotovoltaica
EAMC01,ANT MAD,EAMC01,AMADR,Comercializadores mercado libre
EAMIN,EAMIN,SESAR01,SHELL,Comercializadores mercado libre
EBALSAS,EBALSAS,ECENDER,WMARK,Eólica terrestre
EBAT,EBAT,JUCAR2,CTNU,Fluyente
EBE1,BERBEL 1,EBRACC1,ENDG,Fluyente
EBE2,BERBEL 2,EBRACC1,ENDG,Fluyente
EBE3,BERBEL 3,EBRACC1,ENDG,Fluyente
EBIACA1,EBIACA1,EBIACA1,EBIAR,Comercializadores mercado libre
EBLCO01,EBLCO01,EBLCO01,EBLCO,Comercializadores mercado libre
EBLL,EBLL,TEBLLRB,AME,Gas natural cogeneración
EBLPCX1,PORGENC,EBLPCX1,EBLCO,Porfolio
EBLPVX1,PORGENV,EBLPVX1,EBLCO,Porfolio
EBO1,BOSQUE 1,JUCA,IBEG,Embalse
EBO2,BOSQUE 2,JUCA,IBEG,Embalse
EBOSC,EBOSC,FVGNRA,GNRA,Solar fotovoltaica
EBRA,EBRA,EFGNRA,GNRA,Eólica terrestre
EBREC01,EBREC01,EBREC01,EBROE,Comercializadores mercado libre
EBRO1,EBRO1,FSOVAL,EGLE,Solar fotovoltaica
EBROC,CAMPO,HPUEYO,GNRA,Fluyente
ECA1,CABILDO 1,ASIDUE,ASIE,Fluyente
ECA2,CABILDO 2,ASIDUE,ASIE,Fluyente
ECAIX,ECAIX,FVCARR,GNRA,Solar fotovoltaica
ECATC01,ECATC01,ECATC01,ELCAT,Comercializadores mercado libre
ECAZC01,ECAZC01,ECAZC01,ECADZ,Comercializadores mercado libre
ECEC01,ECEC01,ECEC01,ECE,Comercializadores mercado libre
ECHAGUE,ECHAGUE,EGREEN,EGED,Eólica terrestre
ECHO,CHORRO DUQ,ECHO,HIDRJ,Fluyente
ECIFW,ECIFW,FVGNRA,GNRA,Solar fotovoltaica
ECKER,ECKER,TECKER,PECKE,Gas natural cogeneración
ECLEN,CAÑADA UF,ES-EYPP,EPYM,Solar fotovoltaica
ECNDC01,ECND,ECNDC01,ECOND,Comercializadores mercado libre
ECO2,ECO2B,RGAME,AME,Biogás
ECOESP,ECOESP,TBIOEC,EENER,Gas natural cogeneración
ECOFC01,ECOFUTURA,ECOFC01,ECOFU,Comercializadores mercado libre
ECOIB,ECOIBERIA,FVECOIB,CEG,Solar fotovoltaica
ECOLC01,UPECOLE01,ECOLC01,ECOLE,Comercializadores mercado libre
ECOMED3,ECOMED3,RECMED,CEG,Biogás
ECOPAR,ECOPAR,RYGEMSL,GEMSL,Biogás
ECOPAR1,ECOPAR1,RECOBAR,EGLE,Biogás
ECOTC01,ECOT,ECOTC01,ECOTH,Comercializadores mercado libre
ECOTOL,ECOTOL,SESBIO7,SHELL,Biogás
ECOVC01,ECOVC01,ECOVC01,ECOVE,Comercializadores mercado libre
ECSCCA1,ECSCCA1,ECSCCA1,CALLO,Comercializadores mercado libre
ECT2TG1,ECT2TG1,ECT2,CYDDP,Ciclo combinado
ECT2TG2,ECT2TG2,ECT2,CYDDP,Ciclo combinado
ECT2TG3,ECT2TG3,ECT2,CYDDP,Ciclo combinado
ECT2TG4,ECT2TG4,ECT2,CYDDP,Ciclo combinado
ECT2TV,ECT2TV,ECT2,CYDDP,Vapor
ECT2X,ECT2X,ECT2X,CYDDP,Consumo de Servicios Auxiliares
ECT3TG1,ECT3TG1,ECT3,REPSB,Ciclo combinado
ECT3TG2,ECT3TG2,ECT3,REPSB,Ciclo combinado
ECT3TV1,ECT3TV1,ECT3,REPSB,Vapor
ECVIL,UF ECVIL,EFGNRA,GNRA,Eólica terrestre
ECYRREX,ECYRREX,ECYRREX,ECYR,Consumo de Servicios Auxiliares
EDARLEO,EDARLEON,TFEGED,EGED,Gas natural cogeneración
EDFAC01,EDFAC01,EDFAC01,EDFAC,Comercializadores mercado libre
EDFSC01,SERRALLO,EDFSC01,EDFAS,Comercializadores mercado libre
EDFTC01,INTRA,EDFTC01,EDFT,Comercializadores mercado libre
EDFTCP3,EDFTCP3,EDFTCP3,EDFT,Importación Francia
EDFTVP3,EDFTVP3,EDFTVP3,EDFT,Exportación Francia
EDIAV,EDIAV,FVGNRA,GNRA,Solar fotovoltaica
EDIIX,EDIIX,UPSON2,GNRA,Solar fotovoltaica
EDMUND3,EDMUNDO3,HHRSPRA,RSPRA,Hidráulica - No UGH
EDMUNDO,EDMUNDO,HHRSPRA,RSPRA,Hidráulica - No UGH
EDPCC01,EDPCC01,EDPCC01,EDPCL,Comercializadores mercado libre
EDPCOX,SSAA EDPC,EDPCOX,NATGA,Consumo de Servicios Auxiliares
EDRERO,EDRERO,FEDRERO,CEG,Solar fotovoltaica
EE21C01,EE21C01,EE21C01,EEXXI,Comercializadores último recurso
EE21CEB,ENLACE PB,EE21CEB,EEXXI,Enlace Baleares
EEFV002,BEMBEAC,ENDRE02,ENDCO,Solar fotovoltaica
EEFV003,MERLINAC,ENDRE02,ENDCO,Solar fotovoltaica
EEHU2UF,EEHU2UFI,EEHU2,ENCHU,Biomasa
EEM20,EEM20,REEM20,ENCEG,Biomasa
EENC01,EENC01,EENC01,EEN,Comercializadores mercado libre
EENEC01,EENEC01,EENEC01,EENER,Consumos directos en mercado
EFGC01,EFGC01,EFGC01,EFG,Comercializadores mercado libre
EFIDC01,EFIDU,EFIDC01,EFIDU,Comercializadores mercado libre
EFIDC02,FYGNSUR,EFIDC02,EFIDU,Solar fotovoltaica
EFIRC01,EFIRA,EFIRC01,EFIRA,Comercializadores mercado libre
EGA,EGA,FEGA,EGLE,Solar fotovoltaica
EGABBIO,EGABBIO,REGBRE,COGEN,Biomasa
EGABCHP,EGABCHP,TEGBREN,COGEN,Gas natural cogeneración
EGALC01,EGAMA,EGALC01,EGALE,Comercializadores mercado libre
EGAZC01,EGAZE,EGAZC01,EGAZE,Comercializadores mercado libre
EGCMC01,EGCMC01,EGCMC01,ENDG,Comercializadores mercado libre
EGEDC01,EGEDC01,EGEDC01,EGED,Comercializadores mercado libre
EGEDCP3,UP DERECHO,EGEDCP3,EGED,Importación Francia
EGEDCX,UP SER AUX,EGEDCX,EGED,Consumo de Servicios Auxiliares
EGEDVP3,VTA DERECH,EGEDVP3,EGED,Exportación Francia
EGENB01,EGENB01,EGENR01,EGEN,Comercializadores mercado libre
EGENB02,EGENB02,EGENR01,EGEN,Comercializadores mercado libre
EGENB03,EGENB03,EGENR01,EGEN,Comercializadores mercado libre
EGENB04,EGENB04,EGENR01,EGEN,Comercializadores mercado libre
EGENB05,EGENB05,EGENR01,EGEN,Comercializadores mercado libre
EGENC01,EGENC01,EGENC01,EGEN,Comercializadores mercado libre
EGILLOR,EGUILLO,HEGILLO,CEG,Fluyente
EGK-QP,EGK-QP,TGYER01,TGYE,Comercializadores mercado libre
EGLCCX1,PORGENC,EGLCCX1,EGLE,Porfolio
EGLCVX1,PORGENV,EGLCVX1,EGLE,Porfolio
EGLEC01,EGLEC01,EGLEC01,EGLE,Comercializadores mercado libre
EGLECP3,EGLE EX C,EGLECP3,EGLE,Importación Francia
EGLEVP3,EGLE IM C,EGLEVP3,EGLE,Exportación Francia
EGLEX,EGLEX,EGLEX,EGLE,Consumo de Servicios Auxiliares
EGLPCX1,EGLPCX1,EGLPCX1,EGLE,Porfolio
EGLPVX1,EGLPVX1,EGLPVX1,EGLE,Porfolio
EGNIC01,EGNIC01,EGNIC01,EGNIS,Comercializadores mercado libre
EGREC01,EGREC01,EGREC01,EGREN,Comercializadores mercado libre
EGU1,EGUILLOR 1,EBRA,IBEG,Fluyente
EGU2,EGUILLOR 2,EBRA,IBEG,Fluyente
EGUPC01,ES-EGSGEUP,EGUPC01,EGSGE,Comercializadores mercado libre
EHILC01,HELIA UP,EHILC01,HELIC,Comercializadores mercado libre
EINDC01,EINDC01,EINDC01,EINDE,Comercializadores mercado libre
EINTC01,EI15 PEN,EINTC01,INSOL,Comercializadores mercado libre
EITOB,EITOB,RPUEBLA,CEG,Biomasa
EITOC,EITOC,TEITOL,CEG,Gas natural cogeneración
EJE2,EJE2,FVGNRA,GNRA,Solar fotovoltaica
EKHIC01,EKHINEO,EKHIC01,EKHIN,Comercializadores mercado libre
EKIOLA,EKIOLA,FEKIOLA,NEXU,Solar fotovoltaica
EKOCMG1,EKOCMG1,RDAKIN,EGLE,Residuos domésticos y similares
ELALAMO,ELALAMO,HCGSCSA,HC G,Eólica terrestre
ELALC01,ALGIMIA,ELALC01,ELALG,Comercializadores mercado libre
ELAVC01,ELAVE01 CO,ELAVC01,ELAVE,Comercializadores mercado libre
ELBEC01,ELBEN_UP,ELBEC01,ELBEN,Comercializadores mercado libre
ELCAC01,ELCAC01,ELCAC01,ECAL,Comercializadores mercado libre
ELCAMP,ELCAMP,FELCAMP,LAUEI,Solar fotovoltaica
ELCAMPO,EL CAMPO,EEGPEV,ECYR,Eólica terrestre
ELCAST,ELCAST,HCGSCSA,HC G,Eólica terrestre
ELCIEGO,ELCIEGO,HATUDEL,EGED,Fluyente
ELCNC01,ELCNC01,ELCNC01,ELECN,Comercializadores mercado libre
ELCOTO1,ELCOTO1,ELCOTOR,WMARK,Eólica terrestre
ELEAUX,ELEAUX1,ELEAUX,ELEIA,Consumo de Servicios Auxiliares
ELECRUR,ELECRUR,HHRSPRA,RSPRA,Fluyente
ELEIC01,ELEIC01,ELEIC01,ELEIA,Comercializadores mercado libre
ELEKC01,ELEKC01,ELEKC01,ELEK,Comercializadores mercado libre
ELEPCX1,ELEPCX1,ELEPCX1,ELEIA,Porfolio
ELEPVX1,ELEPVX1,ELEPVX1,ELEIA,Porfolio
ELESC01,ELESU_UP,ELESC01,ELESU,Comercializadores mercado libre
ELGALLO,ELGALLO,ECYLEO,EGLE,Eólica terrestre
ELGEA,ELGEA,EHIBGES,IBGES,Eólica terrestre
ELGURKI,ELGURKI,EBHIBHV,IBGES,Eólica terrestre
ELIESV,ELIESV,FFRSPRA,RSPRA,Solar fotovoltaica
ELITC01,ELIE_BIO,ELITC01,ELITE,Comercializadores mercado libre
ELIXPO,ELIXPO,ENDER01,ENDCO,Comercializadores mercado libre
ELLOMAY,ELLOMAY,FELLOM,EGLE,Solar fotovoltaica
ELMIX,ELMIX,FVMAZO,GNRA,Solar fotovoltaica
ELMOC01,ELMON_UP,ELMOC01,ELMON,Comercializadores mercado libre
ELMONTE,ELMONTE,FMONTE,EGLE,Solar fotovoltaica
ELP1,PICAZO 1,JUCA,IBEG,Embalse
ELP2,PICAZO 2,JUCA,IBEG,Embalse
ELPINO,ELPINO,EELPINO,EBLCO,Eólica terrestre
ELPOC01,ELPOP,ELPOC01,ELPOP,Comercializadores mercado libre
ELPOZO,ELPOZO,TELPOZO,DETIC,Gas natural cogeneración
ELPUERT,ELPUERT,EPERTO,EGLE,Eólica terrestre
ELPUEYO,ELPUEYO,HPUEYO,GNRA,Fluyente
ELRASO,ELRASO,EFEGED,EGED,Eólica terrestre
ELSVALE,ELSVALE,FFWMARK,WMARK,Solar fotovoltaica
ELTEC01,ELTED,ELTEC01,ELTED,Comercializadores mercado libre
ELTOLL,ELTOLL,FELTOLL,LAUEI,Solar fotovoltaica
ELTOLLO,ELTOLLO,UPEBRO,IGNIS,Eólica terrestre
ELUREST,ELUREST,FSOL14,EGLE,Solar fotovoltaica
ELUROES,ELUROES,FSOL16,EGLE,Solar fotovoltaica
ELUZC01,E-LUZ,ELUZC01,ELUZE,Comercializadores mercado libre
ELV2C01,ELEVA2,ELV2C01,ELVA2,Comercializadores mercado libre
ELVAC01,ELEVA UNO,ELVAC01,ELVA1,Comercializadores mercado libre
ELVALLE,EL VALLE,EVALLE,EBLCO,Eólica terrestre
EMASAEG,EMASAEG,TEMASA,WMARK,Gas natural cogeneración
EMB1,EMBID R. 2,EBRACC1,ENDG,Fluyente
EMB2,EMBID R. 1,EBRACC1,ENDG,Fluyente
EMELC01,MELIANA,EMELC01,EMELI,Comercializadores mercado libre
EMESC01,EMESA,EMESC01,EMES,Consumos directos en mercado
EMIAC0F,ENERMIA,EMIAC01,ENEDH,Comercializadores mercado libre
EMILIAN,EMILIAN,HCALDA,EGLE,Fluyente
EMORELL,EMORELL,EMORELL,REPP,Gas natural cogeneración
EMORPER,EMORPER,EMORPER,REPP,Gas natural cogeneración
ENABAR,ENABAR,ENABAR,AME,Energía residual
ENAGASA,ENAGASA,HIBENAA,AME,"Híb. Renov., Term. No Renov"
ENAH,ENAH,GENAH,AME,Océano y geotérmica
ENAMU,ENAMU,TFENAMU,DETIC,Gas natural cogeneración
ENAQE,ENAQE,UPENA,GNRA,Solar fotovoltaica
ENARC01,ENARC01,ENARC01,ENARA,Comercializadores mercado libre
ENC1,ENCINARJ 1,GDLQ,ENDG,Embalse
ENC2,ENCINARJ 2,GDLQ,ENDG,Embalse
ENCECP3,COMPRAINTE,ENCECP3,EENER,Importación Francia
ENCEPON,RENCEG,RENCE,ENCEG,Biomasa
ENCEVP3,VENTAINTER,ENCEVP3,EENER,Exportación Francia
ENCIC01,ENCIENDE,ENCIC01,ENCIE,Comercializadores mercado libre
ENCIN,ENCIN,ECERRA2,REPSB,Eólica terrestre
ENCINED,ENCINED,EGREEN1,EGED,Eólica terrestre
ENCINIL,ENCINIL,EHIBGES,IBGES,Eólica terrestre
ENCRISA,ENCRISA,TENCRI,EGLE,Gas natural cogeneración
ENDA,ENDARLAZA,EBRA,IBEG,Fluyente
ENDE01,ENDE01,ENDE01,ENDCO,Comercializadores mercado libre
ENDEC01,ENDEC01,ENDEC01,ENDEE,Comercializadores mercado libre
ENDEC04,ENDEC AND,ENDEC04,ENDCO,Importación Andorra
ENDGCP3,ENDGCP3,ENDGCP3,ENDG,Importación Francia
ENDGVP3,ENDGVP3,ENDGVP3,ENDG,Exportación Francia
ENDIC01,ENDI ENERG,ENDIC01,ENDI,Comercializadores mercado libre
ENDKC0F,ENDKC01,ENDKC01,ENEDK,Comercializadores mercado libre
ENDPC01,ENDPC01,ENDPC01,ENDEP,Comercializadores mercado libre
ENDRE01,REPREFVAC,ENDRE01,ENDCO,Solar fotovoltaica
ENEC01,ENERGIA UN,ENEC01,ENEDG,Comercializadores mercado libre
ENEDC01,ENEDC01,ENEDC01,ENEDB,Comercializadores mercado libre
ENEEC01,AL ANDALUS,ENEEC01,ENEEX,Comercializadores mercado libre
ENEIC01,ENERFIA,ENEIC01,ENEFI,Comercializadores mercado libre
ENEMANS,ENEMANS,RENMAN,ENCEG,Biomasa
ENEPC01,ENEPC01,ENEPC01,ENEPL,Comercializadores mercado libre
ENERCOR,ENERCOR,TENERCO,GEMSL,Gas natural cogeneración
ENERE01,FYIBCUR,ENERE01,ENEDB,Solar fotovoltaica
ENERFV,ENERFV,SESPV04,SHELL,Solar fotovoltaica
ENERFV2,ENERFV2,SESPV04,SHELL,Solar fotovoltaica
ENERFV3,ENERFV3,SESPV04,SHELL,Solar fotovoltaica
ENERFV4,ENERFV4,SESPV05,SHELL,Solar fotovoltaica
ENERPOR,ENERPOR,TEPCSA,EGLE,Gas natural cogeneración
ENERS,ENERS,FVGNRA,GNRA,Solar fotovoltaica
ENERV2,FYNEXU,ENERV2,NETRA,0
ENERVAL,UFENERV,ENERVAL,NETRA,Solar fotovoltaica
ENETC01,ENETC01,ENETC01,ENETI,Comercializadores mercado libre
ENEXC0F,ENEXC01,ENEXC01,ENEXS,Comercializadores mercado libre
ENEYC01,ECO2,ENEYC01,ENERY,Comercializadores mercado libre
ENFDC01,ENFDC01,ENFDC01,ENUFR,Consumos directos en mercado
ENHEC01,ENHEA,ENHEC01,ENHEA,Comercializadores mercado libre
ENIX,ENIX,EEGPEM,ECYR,Eólica terrestre
ENMEC01,EDM,ENMEC01,ENMED,Comercializadores mercado libre
ENMEV01,ENMEV01,ENMEV01,ENMED,Fluyente
ENP1,ENTREPEÑ 1,UFTA,GNFG,Embalse
ENP2,ENTREPEÑ 2,UFTA,GNFG,Embalse
ENPEC01,ENERPLUS,ENPEC01,ENPEN,Comercializadores mercado libre
ENPHC01,ENPHC01,ENPHC01,ENPHA,Consumos directos en mercado
ENRKC01,EKORE ADQ,ENRKC01,EKORE,Comercializadores mercado libre
ENRNC01,ENRNC01,ENRNC01,ENRNV,Comercializadores mercado libre
ENRPC01,ENRPC01,ENRPC01,ENERP,Comercializadores mercado libre
ENSAC01,ENERGYSAVE,ENSAC01,ENSAV,Comercializadores mercado libre
ENSIL,ENSIL,HFGNRA,GNRA,Hidráulica - No UGH
ENSOAN,ENSOAN,SESAR01,SHELL,Comercializadores mercado libre
ENSRR01,ENSRR01,ENSRR01,ENUFR,Comercializadores mercado libre
ENTRED,ENTREDICHO,EHIBGES,IBGES,Eólica terrestre
ENUFB1,ENUFB1,ENUFRV1,ENUFR,Gas natural cogeneración
ENUFB11,LA RASA 1,ENUFV12,ENUFR,Solar fotovoltaica
ENUFB12,ENUFB12,ENUFV14,ENUFR,Solar fotovoltaica
ENUFB13,ENUFB13,ENUFV15,ENUFR,Solar fotovoltaica
ENUFB14,ENUFB14,ENUFV16,ENUFR,Solar fotovoltaica
ENUFB16,ENUFB16,ENUFV18,ENUFR,Solar fotovoltaica
ENUFB2,ENUFB2,ENUFRV5,ENUFR,Biogás
ENUFB3,ENUFB3,ENUFRV6,ENUFR,Biomasa
ENUFB4,ENUFB4,ENUFRV1,ENUFR,Gas natural cogeneración
ENUFB5,ENUFB5,ENUFV10,ENUFR,Gas natural cogeneración
ENUFB7,ENUFB7,ENUFRV9,ENUFR,Solar fotovoltaica
ENUFB8,LA JARA 2,ENUFV11,ENUFR,Solar fotovoltaica
ENUFC01,ENUFRI,ENUFC01,ENUFR,Comercializadores mercado libre
ENUFRV4,HYCEG,ENUFRV4,ENUFR,Fluyente
ENUFRV8,FYNEXU,ENUFRV8,ENUFR,Solar fotovoltaica
ENUPCX1,ENUPCX1,ENUPCX1,ENUFR,Porfolio
ENUPVX1,ENUPVX1,ENUPVX1,ENUFR,Porfolio
ENVEC01,ENERVER,ENVEC01,ENVER,Comercializadores mercado libre
ENVIL,UF ENVIL,EFGNRA,GNRA,Eólica terrestre
ENXXC01,ENXXC01,ENXXC01,ENTXX,Consumos directos en mercado
ENZIC01,UP_ENEAC,ENZIC01,ENEAC,Comercializadores mercado libre
EOALP10,EOALP10,EALP10,HISPE,Eólica terrestre
EOALP11,EOALP11,EALP11,HISPE,Eólica terrestre
EOALP12,EOALP12,EALP12,HISPE,Eólica terrestre
EOALP13,EOALP13,EALP13,HISPE,Eólica terrestre
EOALP14,EOALP14,EALP14,HISPE,Eólica terrestre
EOALP15,EOALP15,EALP15,HISPE,Eólica terrestre
EOALP16,EOALP16,EALP16,HISPE,Eólica terrestre
EOALP18,EOALP18,EALP18,HISPE,Eólica terrestre
EOALP19,EOALP19,EALP18,HISPE,Eólica terrestre
EOALP4,EOALP4,EALP4,HISPE,Eólica terrestre
EOALP5,EOALP5,EALP5,HISPE,Eólica terrestre
EOALP6,EOALP6,EALP6,HISPE,Eólica terrestre
EOALP7,EOALP7,EALP7,HISPE,Eólica terrestre
EOALP8,EOALP8,EALP8,HISPE,Eólica terrestre
EOALP9,EOALP9,EALP9,HISPE,Eólica terrestre
EOAPAST,PE A PASTO,NORVENT,WMARK,Eólica terrestre
EOCARRA,PE CARRACE,NORVENT,WMARK,Eólica terrestre
EOLBP,EOLBP,EFGNRAM,GNRA,Eólica marina
EOLPOP,EOLP,EYOLPOP,GESTE,Eólica terrestre
EONUC01,EONUC01,EONUC01,EONUR,Comercializadores último recurso
EOP2C01,EOP,EOP2C01,EOP20,Comercializadores mercado libre
EOPOLEO,POLEO,ELPOLEO,GESTE,Eólica terrestre
EPACC01,EPACC01,EPACC01,EPAC,Comercializadores mercado libre
EPARAMO,EPARAMO,EEPARAM,EBLCO,Eólica terrestre
EPEEXXI,EPEEXXI,EPEEXXI,EEXXI,Eólica terrestre
EPEONUR,EPEONUR,EPEONUR,EONUR,Eólica terrestre
EPFV1,SUNPROSOL1,FVGNRA,GNRA,Solar fotovoltaica
EPFV2,SUNPROSOL2,FVGNRA,GNRA,Solar fotovoltaica
EPHCCUR,EPHCCUR,EPHCCUR,HCCUR,Eólica terrestre
EPIBCUR,EPIBCUR,EPIBCUR,IBCUR,Eólica terrestre
EPICASA,EPICASA,TRODON,EGLE,Gas natural cogeneración
EPILC01,EPILC01,EPILC01,EPILA,Consumos directos en mercado
EPRSC01,EPRSC01,EPRSC01,EPRSA,Comercializadores mercado libre
EPSTO,EPSTO,EFGNRA,GNRA,Eólica terrestre
EPT1,ESPOT 1,EBRFEN,ENDG,Fluyente
EPT2,ESPOT 2,EBRFEN,ENDG,Fluyente
EPU50UF,EPU50UF,EPU50,PU100,Biomasa
EQUAC01,EQUAC01,EQUAC01,EQUAN,Comercializadores mercado libre
EQUEB,EQUEB,EFGNRA,GNRA,Eólica terrestre
ERADELP,ERADELP,HCGSCSA,HC G,Eólica terrestre
ERAPR,ERAPR,FVGNRA,GNRA,Solar fotovoltaica
ERARSAM,ERARSAM,TBOREME,GNRA,Gas natural cogeneración
ERASB,ERASB,EFWMARK,WMARK,Eólica terrestre
ERBIX,ERBIX,UPSON3,GNRA,Solar fotovoltaica
ERCR01,ERCR01,ENDER01,ENDCO,Comercializadores mercado libre
ERCR02,ERCR02,ENDER01,ENDCO,Comercializadores mercado libre
ERENC01,ERENC01,ERENC01,EEREN,Comercializadores mercado libre
ERESMA,ERESMA,TIGERE,COGEN,Gas natural cogeneración
ERGON,ERGON,FERGON,NEXU,Solar fotovoltaica
ERI1,ERISTE 1,EBRACC1,ENDG,Embalse
ERI2,ERISTE 2,EBRACC1,ENDG,Embalse
ERIAV,ERIAV,UPERI,GNRA,Solar fotovoltaica
EROBRES,EROBRES,EROBRE,ACENH,Eólica terrestre
EROUCP3,EROUTE,EROUCP3,EROUT,Importación Francia
EROUVP3,EROUT,EROUVP3,EROUT,Exportación Francia
ERPCC01,UP COMPRA,ERPCC01,ENEDJ,Comercializadores mercado libre
ERPCFV1,FYEFG,ERPCFV1,ENEDJ,Solar fotovoltaica
ERPCHI1,HYDETIC,ERPCHI1,ENEDJ,Fluyente
ERRADO2,ERRADO2,STUBOS,EGLE,Solar térmica
ERUELA,ER,FERUELA,NEXU,Solar fotovoltaica
ES-AGRE,ES-AGRE,TGYER01,TGYE,Comercializadores mercado libre
ES-AGRZ,ES-AGRZ,TGYER01,TGYE,Comercializadores mercado libre
ES-AI83,ES-AI83,FORTR01,FORTI,Comercializadores mercado libre
ES-AIMA,ES-AIMA,FORTR01,FORTI,Comercializadores mercado libre
ES-AISA,ES-AISA,FORTR01,FORTI,Comercializadores mercado libre
ES-ARA,ES-ARA,AXPOR01,EGLE,Comercializadores mercado libre
ES-ARCH,ES-ARCH,FANPU,EGLE,Solar fotovoltaica
ES-ARCO,ES-ARCO,GALPR01,GALP,Comercializadores mercado libre
ES-ARML,ES-ARML,GALPR01,GALP,Comercializadores mercado libre
ES-AT79,ES-AT79,FORTR01,FORTI,Comercializadores mercado libre
ES-AVI,ES-AVI,TGYER01,TGYE,Comercializadores mercado libre
ES-BOLU,UF BOLU,ES-HCAB,GEMSL,Fluyente
ES-BOND,ES-BOND,EDPCR01,EDPCL,Comercializadores mercado libre
ES-BOO,ES-BOO,EVMER01,CENTE,Comercializadores mercado libre
ES-CEFI,ES-CEFI,EDPCR01,EDPCL,Comercializadores mercado libre
ES-CLOS,ES-CLOS,GUISR01,GUIS,Consumos directos en mercado
ES-CM96,ES-CM96,FORTR01,FORTI,Comercializadores mercado libre
ES-COVE,ES-COVE,EDPCR01,EDPCL,Comercializadores mercado libre
ES-CUKX,ES-CUKX,AXPOR01,EGLE,Comercializadores mercado libre
ES-CUPF,ES-CUPF,AXPOR01,EGLE,Comercializadores mercado libre
ES-FGNE,MAZARRON F,ES-FGEN,ISMSL,Solar fotovoltaica
ES-FINV,UFMAYA,ES-FINV,ISMSL,Solar fotovoltaica
ES-FROC,UFROCIO 3,UPROCI3,IGNIS,Solar fotovoltaica
ES-FUN,ES-FUN,AXPOR01,EGLE,Comercializadores mercado libre
ES-HFAS,HFASIET,HFASIE,ASIE,Fluyente
ES-HOCS,ES-HOCS,FORTR01,FORTI,Comercializadores mercado libre
ES-JERE,ES-JERE,AXPOR01,EGLE,Comercializadores mercado libre
ES-KIM,ES-KIM,TGYER01,TGYE,Comercializadores mercado libre
ES-LE48,ES-LE48,FORTR01,FORTI,Comercializadores mercado libre
ES-LESM,ES-LESM,GALPR01,GALP,Comercializadores mercado libre
ES-LG08,ES-LG08,FORTR01,FORTI,Comercializadores mercado libre
ES-LIN,ES-LIN,TGYER01,TGYE,Comercializadores mercado libre
ES-LINA,ES-LINA,AXPOR01,EGLE,Comercializadores mercado libre
ES-LLEI,ES-LLEI,GUISR01,GUIS,Consumos directos en mercado
ES-MIRA,MIRANDA,MIRAN01,ADXRE,Solar fotovoltaica
ES-MONZ,ES-MONZ,EVMER01,CENTE,Comercializadores mercado libre
ES-NAT,ES-NAT,GALPR01,GALP,Comercializadores mercado libre
ES-OBML,ES-OBML,GALPR01,GALP,Comercializadores mercado libre
ES-ORFI,ES-ORFI,EDPCR01,EDPCL,Comercializadores mercado libre
ES-PAC,ES-PAC,AXPOR01,EGLE,Comercializadores mercado libre
ES-PAFI,ES-PAFI,EDPCR01,EDPCL,Comercializadores mercado libre
ES-PLLA,PLLANO1,PLLANO,ADXRE,Solar fotovoltaica
ES-PRO,ES-PRO,TGYER01,TGYE,Comercializadores mercado libre
ES-RAFI,ES-RAFI,EDPCR01,EDPCL,Comercializadores mercado libre
ES-REA,REA,EREA,HISPE,Eólica terrestre
ES-RESI,ES-RESI,AXPOR01,EGLE,Comercializadores mercado libre
ES-RUBI,ES-RUBI,AXPOR01,EGLE,Comercializadores mercado libre
ES-SABO,ES-SABO,EVMER01,CENTE,Comercializadores mercado libre
ES-SAFI,ES-SAFI,EDPCR01,EDPCL,Comercializadores mercado libre
ES-SAI2,ES-SAI2,GALPR01,GALP,Comercializadores mercado libre
ES-SAI3,ES-SAI3,GALPR01,GALP,Comercializadores mercado libre
ES-SAI4,ES-SAI4,GALPR01,GALP,Comercializadores mercado libre
ES-SANC,ES-SANC,HCGSIHA,HC G,Eólica terrestre
ES-SEML,ES-SEML,GALPR01,GALP,Comercializadores mercado libre
ES-SGRM,ES-SGRM,GALPR01,GALP,Comercializadores mercado libre
ES-TJV,ES-TJV,TGYER01,TGYE,Comercializadores mercado libre
ES-TXML,ES-TXML,GALPR01,GALP,Comercializadores mercado libre
ES-UFBR,PSBRUC,BRUC,IGNIS,Solar fotovoltaica
ES-UNDU,UF UNDU,ES-HCAB,GEMSL,Fluyente
ESANTX,ESANTX,GNSER01,GNSE,Comercializadores mercado libre
ESBUC01,ESBUC01,ESBUC01,ESBUS,Consumos directos en mercado
ESC6TG1,ESC6TG1,ESC6,IBGT,Ciclo combinado
ESC6TG2,ESC6TG2,ESC6,IBGT,Ciclo combinado
ESC6TV,ESC6TV,ESC6,IBGT,Vapor
ESCALER,ESCALER,HCGSCSA,HC G,Eólica terrestre
ESCALN2,CAL2,FSCALN2,GESTE,Solar fotovoltaica
ESCALNI,SCALNIT,FESCALN,GESTE,Solar fotovoltaica
ESCALON,ESCALÓN,EHIBGES,IBGES,Eólica terrestre
ESCAND,ESCANDELLA,ESCANDE,LMER,Gas natural cogeneración
ESCANDO,ESCANDO,UPJALON,IGNIS,Eólica terrestre
ESCANOR,ESCANOR,FVESCAN,WMARK,Solar fotovoltaica
ESCARF,ESCARRA,HEALTOG,EGED,Fluyente
ESCASUR,ESCASUR,FVESCAS,WMARK,Solar fotovoltaica
ESCAT,ESCAT,UPESCA,GNRA,Solar fotovoltaica
ESCCC1,ESCCC1,ESCCC1,CARTA,Ciclo combinado
ESCCC1X,ESCCC1X,ESCCC1X,CARTA,Consumo de Servicios Auxiliares
ESCCC2,ESCCC2,ESCCC2,CARTA,Ciclo combinado
ESCCC2X,ESCCC2X,ESCCC2X,CARTA,Consumo de Servicios Auxiliares
ESCCC3,ESCCC3,ESCCC3,CARTA,Ciclo combinado
ESCCC3X,ESCCC3X,ESCCC3X,CARTA,Consumo de Servicios Auxiliares
ESCEPAR,ESCEPAR,EGREEN2,EGED,Híbrida Renovable
ESCUCHA,ESCUCHA,EREGPEM,ECYR,Eólica terrestre
ESCURRI,ESCURRI,EDRIBGE,IBGES,Eólica terrestre
ESDOC01,ESDOMO,ESDOC01,ESDOM,Comercializadores mercado libre
ESDXAT,ESDXAT,GNSER01,GNSE,Comercializadores mercado libre
ESDXBA,ESDXBA,GNSER01,GNSE,Comercializadores mercado libre
ESDXTE,ESDXTE,GNSER01,GNSE,Comercializadores mercado libre
ESE,ESE,EFONTA,EGLE,Eólica terrestre
ESEGC01,UP_SEGE,ESEGC01,SOCIN,Comercializadores mercado libre
ESERC01,ESERC01,ESERC01,ESERO,Comercializadores mercado libre
ESERCR,ESERCR,GNSER01,GNSE,Comercializadores mercado libre
ESHAC01,HANWHA,ESHAC01,ESHAN,Comercializadores mercado libre
ESJOAN,ESJOAN,TESJOAN,EBLCO,Gas natural cogeneración
ESL1,ESCALES 1,EBRFEN,ENDG,Embalse
ESL2,ESCALES 2,EBRFEN,ENDG,Embalse
ESL3,ESCALES 3,EBRFEN,ENDG,Embalse
ESLA,COGEN ESLA,ESLA,LMER,Gas natural cogeneración
ESP1,ESPINOSA,UFGC,GNFG,Embalse
ESPARTA,ESPARTA,EHIBGES,IBGES,Eólica terrestre
ESPERAN,ESPERAN,EGREEN1,EGED,Eólica terrestre
ESPET,ESPET,FVGNRA,GNRA,Solar fotovoltaica
ESPIEL,ESPIEL,SPGGR01,SPGG,Consumos directos en mercado
ESPINA,ESPINA,EGASNE0,GNCO,Eólica terrestre
ESPINO,ESPINO,EGREEN1,EGED,Eólica terrestre
ESPUNAC,ESPUNAC,COGESPU,DETIC,Gas natural cogeneración
ESQUIL,ESQUILEO,ESQUI,RENSP,Eólica terrestre
ESSALLO,ESSALLO,AXPOR01,EGLE,Comercializadores mercado libre
EST1,S.ESTEBA 1,SIL,IBEG,Embalse
EST2,S.ESTEBA 2,SIL,IBEG,Embalse
EST21,S.EST IIG1,SIL,IBEG,Embalse
EST3,S.ESTEBA 3,SIL,IBEG,Embalse
EST4,S.ESTEBA 4,SIL,IBEG,Embalse
EST5,S.ESTEBA 5,SIL,IBEG,Embalse
EST6,S.ESTEBA 6,SIL,IBEG,Embalse
ESTACIO,ESTACION,FESTACN,NEXU,Solar fotovoltaica
ESTE,ESTEVE,ESTEVE,LMER,Gas natural cogeneración
ESTGU,ESTGU,EFGNRA,GNRA,Eólica terrestre
ESVALLS,ESVALLS,AXPOR01,EGLE,Comercializadores mercado libre
ETEVB,ETEVB,UPETE,GNRA,Solar fotovoltaica
ETNEC01,ETNER,ETNEC01,ETNER,Comercializadores mercado libre
ETO1,TORCIDO,ETO1,BARER,Fluyente
ETOQE,ETOQE,FVGNRA,GNRA,Solar fotovoltaica
ETR1,ESTERRI 1,EBRFEN,ENDG,Embalse
ETR2,ESTERRI 2,EBRFEN,ENDG,Embalse
ETR3,ESTERRI 3,EBRFEN,ENDG,Embalse
ETRIX,ETRIX,UPETR,GNRA,Solar fotovoltaica
ETSOC01,ETSOC01,ETSOC01,ETSOL,Comercializadores mercado libre
ETXUKO,ETXUKO,FETXUKO,NEXU,Solar fotovoltaica
EUGENI1,EUGENI1,HXAL1,IGNIS,Embalse
EUGENI2,EUGENI2,HXAL1,IGNIS,Embalse
EUGUI,EUGUI,HEUGI,CEG,Fluyente
EULALIA,EULALIA,HFIBGES,IBGES,Fluyente
EUM1,EUME 1,SBEU,ENDG,Embalse
EUM2,EUME 2,SBEU,ENDG,Embalse
EUROAT,EUROAT,EUCDR01,WMARK,Consumos directos en mercado
EUROATO,EUROATO,TEUROAT,WMARK,Gas natural cogeneración
EUROPAC,EUROPAC,TPYSA,EGLE,Gas natural cogeneración
EVERS1,EVERS1,ENDER01,ENDCO,Comercializadores mercado libre
EVERS2,EVERS2,ENDER01,ENDCO,Comercializadores mercado libre
EVIROCA,EVIROCA,FFRSPRA,RSPRA,Solar fotovoltaica
EVIVC01,UP E_VIVA,EVIVC01,EVIVA,Comercializadores mercado libre
EVIVV01,EVIVV01,EVIVV01,EVIVA,Solar fotovoltaica
EVOPO,EVOPO,FVITEC2,VITEC,Solar fotovoltaica
EXISC01,EXISC01,EXISC01,EXISC,Consumos directos en mercado
EXPAL,EXPAL,EGREEN,EGED,Eólica terrestre
EXTGAL,EXTGAL,ENDER01,ENDCO,Comercializadores mercado libre
EXTRA,EXTRA,REXTRA,COGEN,Biomasa
EXTRE3C,EXTRE3C,FVHIBRC,EGED,Batería electroquímica
EXTRE3F,EXTRE3F,FVHIBRV,EGED,Solar fotovoltaica
EXTRE3G,EXTRE3G,FVHIBRV,EGED,Otros almacenamientos
EXTREM1,EXTREM1,FVGREEN,EGED,Solar fotovoltaica
EXTREM2,EXTREM2,FVGREEN,EGED,Solar fotovoltaica
EXTTRA,EXTTRA,ENDER01,ENDCO,Comercializadores mercado libre
EXVEDA,VEDADILLO,EGREEN,EGED,Eólica terrestre
EXVESTA,EXVESTA,EPROTO,EGLE,Eólica terrestre
EYCEC01,EYCEC01,EYCEC01,EYCE1,Comercializadores mercado libre
EYEEXXI,EYEEXXI,EYEEXXI,EEXXI,Eólica terrestre
EYEFG,EYEFG,EYEFG,EFG,Eólica terrestre
EYEGLE,EYEGLE,EYEGLE,EGLE,Eólica terrestre
EYEONUR,EYEONUR,EYEONUR,EONUR,Eólica terrestre
EYGESTE,EYGESTE,EYGESTE,GESTE,Eólica terrestre
EYGNSUR,EYGNSUR,EYGNSUR,GNSUR,Eólica terrestre
EYHCCUR,EYHCCUR,EYHCCUR,HCCUR,Eólica terrestre
EYIBCUR,EYIBCUR,EYIBCUR,IBCUR,Eólica terrestre
EYNEXU,EYNEXU,EYNEXU,NEXU,Eólica terrestre
EYPC01,EYPC01,EYPC01,EPYM,Comercializadores mercado libre
EYPPV1,EYP PV,EYPPV1,EPYM,Solar fotovoltaica
EYWMARK,ENOREDI,EYWMARK,WMARK,Eólica terrestre
F15AFEN,FV AM,F15FEN,FEN,Solar fotovoltaica
FADFW,FADFW,FVGNRA,GNRA,Solar fotovoltaica
FAENAMA,FAENAMA,FAENAMA,ENDG,Solar fotovoltaica
FAGINEA,FAGINEA,FAZARA,NEXU,Solar fotovoltaica
FAGRIPA,FAGRIPA,FEGPEV,ECYR,Solar fotovoltaica
FAGRSRM,FYNEXU,FAGRSRM,SOLRC,Solar fotovoltaica
FAGUAV,AGUASVIVAS,AGUAV,IGNIS,Solar fotovoltaica
FALADR,FALADR,EEGPEM,ECYR,Eólica terrestre
FALAUDA,FALAUDA,FEGPEV,ECYR,Solar fotovoltaica
FALBI2,FALBI2,FFALBI2,SERVC,Solar fotovoltaica
FALJARA,FALJARA,FEGPE2,ECYR,Solar fotovoltaica
FALUF,FALUF,FALAM,GNRA,Solar fotovoltaica
FAMITEX,FAMITEX,FFRSPRA,RSPRA,Solar fotovoltaica
FAPICIO,FAPICIO,FEGPEV,ECYR,Solar fotovoltaica
FARASU1,FARASU1,FARASU1,WMARK,Solar fotovoltaica
FARASU2,FARASU2,FARASU2,WMARK,Solar fotovoltaica
FARDILA,FARDILA,FEGPEV,ECYR,Solar fotovoltaica
FARELO,FARELO,EGVENTO,IGNIS,Eólica terrestre
FARLAN,FARLAN,EEGPEV,ECYR,Eólica terrestre
FARMA2,FARMA2,SESAR01,SHELL,Comercializadores mercado libre
FARMA8,FARMA8,SESAR01,SHELL,Comercializadores mercado libre
FARMHIS,FARMHIS,TFARMHI,GNRA,Gas natural cogeneración
FARRAP1,FARRAP1,EEGPEM,ECYR,Eólica terrestre
FASTC01,FASTC01,FASTC01,FASTL,Comercializadores mercado libre
FAUGUST,FV AUGUSTO,FEGPEM,ECYR,Solar fotovoltaica
FBALBON,FBALBON,FBALBON,ECYR,Solar fotovoltaica
FBELIN1,BELINCH1,BELIN1,IGNIS,Solar fotovoltaica
FBELIN2,BEL2,UPBELII,IGNIS,Solar fotovoltaica
FBELIN3,BELINC3,UPBEL3,IGNIS,Solar fotovoltaica
FBESOS,RE-000673,TBESOS,NEXU,Gas natural cogeneración
FBETURI,FBETURI,FEGPEV,ECYR,Solar fotovoltaica
FCALATR,FCALATR,FEGPEV,ECYR,Solar fotovoltaica
FCALERA,FV CALERA,FDREU22,DREUA,Solar fotovoltaica
FCAMP1,CAMPANARI1,SCAMP1,IGNIS,Solar fotovoltaica
FCAMP3,CAMPANARI3,SCAMP3,IGNIS,Solar fotovoltaica
FCAMP4,FCAMP4,SCAMP4,IGNIS,Solar fotovoltaica
FCAMP5,FCAMPA5,SCAMP5,IGNIS,Solar fotovoltaica
FCAPARA,FCAPARA,FIBGECP,IBGES,Solar fotovoltaica
FCAROL4,CAROLINAS4,FCAROL4,TOTGA,Solar fotovoltaica
FCAROLI,CAROLINAS3,FCAROLI,TOTGA,Solar fotovoltaica
FCARTA,CARTAYA,SFECAB,IGNIS,Solar fotovoltaica
FCENTUR,FCENTUR,UPFCENT,ECYR,Solar fotovoltaica
FCINCIN,FCINCIN,FEGPEV,ECYR,Solar fotovoltaica
FCONERA,FALCNERA,FALCNRA,GESTE,Solar fotovoltaica
FCORCHA,CORCHAS,FEGPEM,ECYR,Solar fotovoltaica
FDERR,DERRAMADOR,EDERR,IGNIS,Eólica terrestre
FDOBLON,FDOBLON,FEGPEV,ECYR,Solar fotovoltaica
FDREUA,FDREUA,FDREUA,DREUA,Solar fotovoltaica
FDULCIN,FDULCIN,FEGPE6,ECYR,Solar fotovoltaica
FECC01,FECC01 COM,FECC01,FECII,Comercializadores mercado libre
FEDAC04,FEDAUP,FEDAC04,FEDA,Importación Andorra
FEDE,FEDE,FFEDE,NEXU,Solar fotovoltaica
FEDTC,FEDTC,UPFED,GNRA,Solar fotovoltaica
FEEDC01,FEEDC,FEEDC01,FEED,Comercializadores mercado libre
FEFRO,FRONTONES,EFRON,IGNIS,Eólica terrestre
FEIRACO,FEIRACO,TFEIRA,EGLE,Gas natural cogeneración
FEIXAI,FEIXAI,HHIFRE,EGLE,Fluyente
FEIXAII,FEIXAII,HHIFRE,EGLE,Fluyente
FEIXOS,FEIXOS,EESBGG,EGLE,Eólica terrestre
FEMCC01,MUSEROS,FEMCC01,FEMCV,Comercializadores mercado libre
FEMORPC,UFCG2GC,EMORPC2,REPP,Gas natural cogeneración
FENC01,FEN,FENC01,FEN,Comercializadores mercado libre
FENCINA,FENCINA,FEGPEV,ECYR,Solar fotovoltaica
FENEC01,FENERGAS,FENEC01,FENER,Comercializadores mercado libre
FENERA,FENERA,FFENER,EGLE,Solar fotovoltaica
FENPCX1,PPC,FENPCX1,FEN,Porfolio
FENPVX1,PORFOLIOV,FENPVX1,FEN,Porfolio
FENVAT1,FENVAT1,FREGPEV,ECYR,Solar fotovoltaica
FENVAT2,FENVAT2,FREGPEV,ECYR,Solar fotovoltaica
FENVAT3,FENVAT3,FREGPEV,ECYR,Solar fotovoltaica
FERNAND,FERNAND,HMICAN,EGLE,Fluyente
FERREIR,FERREIR,EHIBGES,IBGES,Eólica terrestre
FERRERI,FERRERI,HFWMARK,WMARK,Fluyente
FERTIB1,FERTIB1,TFERT1,EGLE,Energía residual
FERVE2,FERVE2,HXAL3,IGNIS,Hidráulica - No UGH
FERVEN,CH FERVENZ,HEGPE3,ECYR,Fluyente
FERVEZA,FERVEZA,HXAL4,IGNIS,Embalse
FESC1,ESC1,UPESC1,IGNIS,Solar fotovoltaica
FESC2,ESCUDER 2,UPESC2,IGNIS,Solar fotovoltaica
FESC4,ESCU4,ESCU4,IGNIS,Solar fotovoltaica
FESC5,ESCUDER5,UPESC5,IGNIS,Solar fotovoltaica
FESCU3,ESCUD3,UPESC3,IGNIS,Solar fotovoltaica
FESPARR,FESPARR,FESPARR,ECYR,Solar fotovoltaica
FESTREL,FESTREL,FEGPEV,ECYR,Solar fotovoltaica
FFALA,FALAMO,EFALA,IGNIS,Eólica terrestre
FFERA,FSFERA,SFERA,IGNIS,Solar fotovoltaica
FFGASN,FYGESTE,FFGASN,GNCO,Solar fotovoltaica
FGEMINA,FGEMINA,FEGPEV,ECYR,Solar fotovoltaica
FHINO,UFHINOJOSA,HINOJ,IGNIS,Solar fotovoltaica
FIBEREL,FIBEREL,FEGPEV,ECYR,Solar fotovoltaica
FINSASA,FINSASA,TCONOR,EGLE,Derivados del petróleo o carbón
FISLA,FV LA ISLA,SISLA,TOTGA,Solar fotovoltaica
FJEREZS,FJEREZS,FFWMARK,WMARK,Solar fotovoltaica
FKISSO,KISSORO,SKISSO,IGNIS,Solar fotovoltaica
FLAGAR,FLAGARES,BLAGAR,IGNIS,Biogás
FLAMC01,FLAMC01,FLAMC01,FLAMA,Consumos directos en mercado
FLECC01,FLECC01,FLECC01,FLECA,Consumos directos en mercado
FLO1,FLORIDA 1,HCHI,HC G,Fluyente
FLO2,FLORIDA 2,HCHI,HC G,Fluyente
FLO3,FLORIDA 3,HCHI,HC G,Fluyente
FLOHT,FLOHT,HCHI,HC G,Fluyente
FLORI,FLORI,SENFV1,SOMEN,Solar fotovoltaica
FLORIDA,FLORIDA,UPFLORI,IGNIS,Solar térmica
FLVEGA1,FLVEGA1,FEGPEV,ECYR,Solar fotovoltaica
FLVEGA2,FLVEGA2,FEGPEV,ECYR,Solar fotovoltaica
FLX1,FLIX 1,EBRFEN,ENDG,Embalse
FLX2,FLIX 2,EBRFEN,ENDG,Embalse
FLX3,FLIX 3,EBRFEN,ENDG,Embalse
FLX4,FLIX 4,EBRFEN,ENDG,Embalse
FM28AR,FM28AR,FORTR01,FORTI,Comercializadores mercado libre
FM28GO,FM28GO,FORTR01,FORTI,Comercializadores mercado libre
FMANZA1,MANZA,UPMANZ1,IGNIS,Solar fotovoltaica
FMINGL1,FMINGL1,FEGPEV,ECYR,Solar fotovoltaica
FMINGL2,FMINGL2,FEGPEV,ECYR,Solar fotovoltaica
FMUDEJA,FV MUDEJAR,FEGPE1,ECYR,Solar fotovoltaica
FNARA,NARANJILLA,SNARA,IGNIS,Solar fotovoltaica
FNARANJ,NARANJOS,FEGPEM,ECYR,Solar fotovoltaica
FNERTOB,FNERTOB,FEGPEV,ECYR,Solar fotovoltaica
FNINOBE,FNINOBE,FEGPEV,ECYR,Solar fotovoltaica
FOLCH,FOLCH,EMEDI,MEDI,Eólica terrestre
FOLCH2,FOLCH2,EMEDI,MEDI,Eólica terrestre
FOMPED,FOMPED,COGFOMP,DETIC,Gas natural cogeneración
FONMN,FONMN,UPFON,GNRA,Solar fotovoltaica
FONSAG,FONSAG,EGREEN,EGED,Eólica terrestre
FONTAN1,FONTAN1,HFIBGES,IBGES,Fluyente
FONTAN2,FONTAN2,HFIBGES,IBGES,Fluyente
FONTAN3,FONTAN3,HFIBGES,IBGES,Fluyente
FONTE,FONTESILVA,HCGSIHA,HC G,Eólica terrestre
FONTEAV,FONTEAV,EPBUIO,EGED,Eólica terrestre
FONTIVE,FONTIVEROS,FNTVERO,NEXU,Solar fotovoltaica
FONZEDS,FONZEDS,TFONZ,EGLE,Gas natural cogeneración
FOPPI,FOPPI,FOPPI,OPPI,Solar fotovoltaica
FORCADA,FORCADA,EEGPEM,ECYR,Eólica terrestre
FOREC18,FOREC18,FFRSPRA,RSPRA,Solar fotovoltaica
FOREL,FOREL,COGFORE,DETIC,Gas natural cogeneración
FOREP,FOREP,UPFORT,GNRA,Solar fotovoltaica
FORESTA,FORESTA,TFOREST,DETIC,Derivados del petróleo o carbón
FORGAS,FORGAS,SESAR01,SHELL,Comercializadores mercado libre
FORGELO,FORGELO,EHIBGES,IBGES,Eólica terrestre
FORQUE2,FORQUE2,EGASNE1,GNCO,Eólica terrestre
FORQUES,FORQUES,EEGPEV,ECYR,Eólica terrestre
FORTC01,COMCONS,FORTC01,FORTI,Comercializadores mercado libre
FOSUM,FOSUM,FVGNRA,GNRA,Solar fotovoltaica
FOTO1,FOTO1,FKAPPG,REPSB,Solar fotovoltaica
FOTO2,FOTO2,FKAPPG,REPSB,Solar fotovoltaica
FOTO3,FOTO3,FKAPPA,REPSB,Solar fotovoltaica
FOXC01,FOXC01,FOXC01,FOX,Comercializadores mercado libre
FPADRON,FPADRON,TFINS2,EGLE,Derivados del petróleo o carbón
FPEEXXI,FPEEXXI,FPEEXXI,EEXXI,Solar fotovoltaica
FPEONUR,FPEONUR,FPEONUR,EONUR,Solar fotovoltaica
FPHCCUR,FPHCCUR,FPHCCUR,HCCUR,Solar fotovoltaica
FPIBCUR,FPIBCUR,FPIBCUR,IBCUR,Solar fotovoltaica
FPLEX,SUNPLEX,SPLEX,IGNIS,Solar fotovoltaica
FPPALMA,FPPALMA,FEGPEV,ECYR,Solar fotovoltaica
FPRS5,UFPUERTOL5,SPRS5,IGNIS,Solar fotovoltaica
FPRS6,UFPUERTOL6,SPRS6,IGNIS,Solar fotovoltaica
FPRS7,UFPUERTOL7,SPRS7,IGNIS,Solar fotovoltaica
FPRS8,UFPUERTOL8,SPRS8,IGNIS,Solar fotovoltaica
FPRS9,UFPUERTOL9,SPRS9,IGNIS,Solar fotovoltaica
FRAGA1,FRAGA1,FFRAGA1,NEXU,Solar fotovoltaica
FRAILA,FRAILA,EMTORR,EGLE,Eólica terrestre
FRANC0F,FRANC01,FRANC01,FRANK,Comercializadores mercado libre
FRASG,FRASG,FVGNRA,GNRA,Solar fotovoltaica
FREBSCO,REBUSCO,FREBSCO,NEXU,0
FREGENA,FREGENA,PSFREGE,WMARK,Solar fotovoltaica
FREGP3,FVRDES1MW,FREGP3,ECYR,Solar fotovoltaica
FREPP1,CG1,TFREPP2,REPP,Gas natural cogeneración
FREPP2,CG6,TFREPP,REPP,Gas natural cogeneración
FRESCA,FRESCA,EGASN2U,GNCO,Eólica terrestre
FREVUEL,FREVUEL,FEGPE5,ECYR,Solar fotovoltaica
FRI1,FRIEIRA 1,UFMI,GNFG,Embalse
FRI2,FRIEIRA 2,UFMI,GNFG,Embalse
FRICHE,CASARICHE,SFECAB,IGNIS,Solar fotovoltaica
FRIEIRA,HFGASN,HFGASN,GNCO,Embalse
FRIGNOR,FRIGNOR,TFRIGN,EGLE,Derivados del petróleo o carbón
FRIMANC,FRIMANC,COGFRIM,DETIC,Gas natural cogeneración
FRLIX,FRLIX,FVFRA,GNRA,Solar fotovoltaica
FROCINA,FROCINA,FROCINA,ECYR,Solar fotovoltaica
FRODRI,RODRI,FDRODRI,GESTE,Solar fotovoltaica
FRODRI2,FRD2,FDRODR2,GESTE,Solar fotovoltaica
FRV1,FERVENG1,UFGC,GNFG,Embalse
FSAGRA,SAGRA,SFECAB,IGNIS,Solar fotovoltaica
FSALADA,FSALADA,EHIBGES,IBGES,Eólica terrestre
FSANANT,FSANANT,FEGPEM,ECYR,Solar fotovoltaica
FSANTA,FSANTA,HFIBGES,IBGES,Fluyente
FSEDEIS,FSEDEIS,FEGPEV,ECYR,Solar fotovoltaica
FSEGROG,FV SEGRO G,FSEGRO,CONEC,Solar fotovoltaica
FSEZUEL,FSEZUEL,SEZUELA,NEXU,Solar fotovoltaica
FSOLCAS,FSOLCAS,FEGPEV,ECYR,Solar fotovoltaica
FSOLMA,FYEONUR,FSOLMA,VIEE,Solar fotovoltaica
FSOMA,FSOMA,SSOMA,TOTGA,Solar fotovoltaica
FTCRVIG,VALLE NF,UPCRVI,GNRA,Solar fotovoltaica
FTERC01,FORESTA,FTERC01,FORTE,Consumos directos en mercado
FTIERRA,FTIERRA,FEGPEV,ECYR,Solar fotovoltaica
FTORREC,FTORREC,FEGPEV,ECYR,Solar fotovoltaica
FTORREP,FTORREP,FEGPEM,ECYR,Solar fotovoltaica
FTREVAG,FTREVAG,FTREVAG,ECYR,Solar fotovoltaica
FTREVEU,FTREVEU,FTREVAG,ECYR,Solar fotovoltaica
FTUDELA,FTUDELA,FFEGED,EGED,Solar fotovoltaica
FTULC01,FORTU PEN,FTULC01,FORTU,Comercializadores mercado libre
FUARENA,FUARENA,EGREEN1,EGED,Eólica terrestre
FUDEPOR,FUDEPOR,TFUDEP,EGLE,Gas natural cogeneración
FUENDE1,FUENDE1,EHIBGES,IBGES,Eólica terrestre
FUENDE2,FUENDE2,EHIBGES,IBGES,Eólica terrestre
FUENSAN,FUENSAN,EGASNE0,GNCO,Eólica terrestre
FUENTE,FUENTESS,FVFUENT,GESTE,Solar fotovoltaica
FUENTE1,FUENTE1,SHEPV17,SHEEN,Solar fotovoltaica
FUENTE2,FUENTE2,SHEPV18,SHEEN,Solar fotovoltaica
FUENTE3,FUENTE3,SHEPV19,SHEEN,Solar fotovoltaica
FUENTE4,FUENTE4,SHEPV20,SHEEN,Solar fotovoltaica
FUEPSP6,FUEPSP6,FFUEPSP,SOLRC,Solar fotovoltaica
FUNDICI,FUNDICI,FFUNDI,EGLE,Solar fotovoltaica
FUNVC01,FUNVC01,FUNVC01,NENAP,Consumos directos en mercado
FUSEC01,COM-PEN,FUSEC01,FUSEE,Comercializadores mercado libre
FUTETEM,FUTETEM,FUTETEM,EGED,Solar fotovoltaica
FV0058,FV0058,CLIFV58,CLIDM,Solar fotovoltaica
FV1014,FV1014,FLAISLA,NEXU,Solar fotovoltaica
FV1020,FV1020,FLOCABA,NEXU,Solar fotovoltaica
FV1021,FV1021,FLILLAN,NEXU,Solar fotovoltaica
FV1022,FV1022,FCNTRAS,NEXU,Solar fotovoltaica
FV1023,FV1023,FTURBIN,NEXU,Solar fotovoltaica
FV1024,FV1024,FLSENIA,NEXU,Solar fotovoltaica
FV1026,FV1026,CLIFV21,ELEIA,Solar fotovoltaica
FV1051,FV1051,UPOLIVA,GNRA,Solar fotovoltaica
FV1052,FV1052,CLIFV30,CLIDM,Solar fotovoltaica
FV1053,FV1053,CLIFV31,CLIDM,Solar fotovoltaica
FV1054,FV1054,CLIFV32,CLIDM,Solar fotovoltaica
FV1059,FV1059,CLIFV35,CLIDM,Solar fotovoltaica
FV1067,FV1067,FGEFG,EFG,Solar fotovoltaica
FV1073,FV1073,CLIFV45,CLIDM,Solar fotovoltaica
FV1077,FV1077,UPTALAF,IGNIS,Solar fotovoltaica
FV1080,FV1080,UPARRO,IGNIS,Solar fotovoltaica
FV1081,FV1081,CLIFV10,CLIDM,Solar fotovoltaica
FV1082,FV1082,UPENE03,EFG,Solar fotovoltaica
FV1087,FV1087,CLIFV53,CLIDM,Solar fotovoltaica
FV1088,FV1088,CLIFV54,CLIDM,Solar fotovoltaica
FV1089,FV1089,CLIFV10,CLIDM,Solar fotovoltaica
FV1090,FV1090,CLIFV55,CLIDM,Solar fotovoltaica
FV3ETAP,FV3ETAPTER,ERPCFV0,ENEDJ,Solar fotovoltaica
FVABUZA,FVABUZA,FFWMARK,WMARK,Solar fotovoltaica
FVAHP,HAMPV01,FVAHP,ACENH,Solar fotovoltaica
FVALAM,FVALAMO,FFALAMO,NEXU,Solar fotovoltaica
FVALBUE,FVALBUE,FFIBGES,IBGES,Solar fotovoltaica
FVALBUJ,FVALBUJ,FFWMARK,WMARK,Solar fotovoltaica
FVALCAI,FVALCAI,FVALCAZ,WMARK,Solar fotovoltaica
FVALCII,FVALCII,FVALCAI,WMARK,Solar fotovoltaica
FVALP11,FVALP11,FALP11,HISPE,Solar fotovoltaica
FVALP12,FVALP12,FALP12,HISPE,Solar fotovoltaica
FVALP13,FVALP13,FALP13,HISPE,Solar fotovoltaica
FVALP14,FVALP14,FALP14,HISPE,Solar fotovoltaica
FVALP15,FVALP15,FALP15,HISPE,Solar fotovoltaica
FVALP16,FVALP16,FALP16,HISPE,Solar fotovoltaica
FVALP18,FVALP18,FALP18,HISPE,Solar fotovoltaica
FVALP19,FVALP19,FALP19,HISPE,Solar fotovoltaica
FVALP20,FVALP20,FALP20,HISPE,Solar fotovoltaica
FVALP21,FVALP21,FALP21,HISPE,Solar fotovoltaica
FVALP22,FVALP22,FALP22,HISPE,Solar fotovoltaica
FVALP23,FVALP23,FALP23,HISPE,Solar fotovoltaica
FVALP25,FVALP25,FALP25,HISPE,Solar fotovoltaica
FVALP29,FVALP29,FALP29,HISPE,Solar fotovoltaica
FVALZ,FVALZ,FBALZ4V,IBGES,Solar fotovoltaica
FVALZII,FVALZII,FBALZ5V,IBGES,Solar fotovoltaica
FVAND1,FVAND1,FFFGASN,GNCO,Solar fotovoltaica
FVAND3,FVAND3,FFFGASN,GNCO,Solar fotovoltaica
FVARBO,ARBOTANTE,FVARBO,TOTGA,Solar fotovoltaica
FVARENA,FVARENA,FIBGEAR,IBGES,Solar fotovoltaica
FVARMUS,FVARMUS,FFV124,EGLE,Solar fotovoltaica
FVAVILA,FVAVILA,FFWMARK,WMARK,Solar fotovoltaica
FVBALSI,FVBALSI,FIBGEBA,IBGES,Solar fotovoltaica
FVBARDE,BDRNAS,FBRDENS,GESTE,Solar fotovoltaica
FVBATTO,BATFV,BATTOS,ELEIA,Solar fotovoltaica
FVCAL,CALATORAO,FVASIE5,ASIE,Solar fotovoltaica
FVCALER,FVCALER,FDUNAS,EGLE,Solar fotovoltaica
FVCAMPO,FVCAMPO,FIBGECA,IBGES,"Híb. Renov., Almacena"
FVCAND,FVCAND,FGASNE2,GNCO,Solar fotovoltaica
FVCAP01,FVCAP01,FATCAP,EGLE,Solar fotovoltaica
FVCAR2,FV 50MW,CR2FEN,FEN,Solar fotovoltaica
FVCAR3,FOT 50MW,CR3FEN,FEN,Solar fotovoltaica
FVCAR4,FOT50,CR4FEN,FEN,Solar fotovoltaica
FVCARR,CARRASCOSA,FVCAR,TOTGA,Solar fotovoltaica
FVCASA7,CASAF VII,CASAVII,ELEIA,Solar fotovoltaica
FVCASAI,CASAF I,CASAI,ELEIA,Solar fotovoltaica
FVCASII,CASAF II,CASAII,ELEIA,Solar fotovoltaica
FVCASIX,CASAF IX,CASAIX,ELEIA,Solar fotovoltaica
FVCAST5,FVCAST5,FFIBGES,IBGES,Solar fotovoltaica
FVCASTE,FVCASTE,FFWMARK,WMARK,Solar fotovoltaica
FVCASVI,CASAF VI,CASAVI,ELEIA,Solar fotovoltaica
FVCEDIL,FVCEDIL,FIBGECE,IBGES,Solar fotovoltaica
FVCERV1,FVCERV1,FGEFG,EFG,Solar fotovoltaica
FVCESPE,FVCESPE,FHIBGES,IBGES,Solar fotovoltaica
FVCHILL,FVCHILL,FFWMARK,WMARK,Solar fotovoltaica
FVCID1,FVCID1,CID1,ELEIA,Solar fotovoltaica
FVCID2,FVCID2,CID2,ELEIA,Solar fotovoltaica
FVCID3,FVCID3,CID3,ELEIA,Solar fotovoltaica
FVCID4,FVCID4,CID4,ELEIA,Solar fotovoltaica
FVCOF1,FVCOF1,FVCOF,IBGES,Solar fotovoltaica
FVCORNI,FVCORNI,FHIBGES,IBGES,Solar fotovoltaica
FVCOTIL,FVCOTIL,FVCOTIL,WMARK,Solar fotovoltaica
FVCRISO,CRISOL FOT,CRISOL,ELEIA,Solar fotovoltaica
FVCRODR,FVCRODR,FIBGECR,IBGES,Solar fotovoltaica
FVCTURA,FVCTURA,FCTUERA,NEXU,Solar fotovoltaica
FVCUEII,FVCUEII,FFWMARK,WMARK,Solar fotovoltaica
FVCUIII,FVCUIII,FFWMARK,WMARK,Solar fotovoltaica
FVDNR,PFV DNR,FVDNR,TOTGA,Solar fotovoltaica
FVDUL,FVDUL,FVGNRA,GNRA,Solar fotovoltaica
FVEIBC1,FYEEXXI,FVEIBC1,IBGES,Solar fotovoltaica
FVEMINN,FVEMINN,FVEMINN,ECYR,Solar fotovoltaica
FVENCA,FVENCA,FFFGASN,GNCO,Solar fotovoltaica
FVENCI,FVENCI,FGASN2U,GNCO,Solar fotovoltaica
FVERACR,FVERACR,FEGPE4,ECYR,Solar fotovoltaica
FVESPLI,FVESPLI,FHIBGES,IBGES,Solar fotovoltaica
FVETAPL,FVETAPLLOB,ERPCFV0,ENEDJ,Solar fotovoltaica
FVETAPT,ETAPTER4,ERPCFV0,ENEDJ,Solar fotovoltaica
FVFIRA2,FVFIRA2000,ERPCFV0,ENEDJ,Solar fotovoltaica
FVFIRAB,FVFIRABCN,ERPCFV0,ENEDJ,Solar fotovoltaica
FVFUENT,FVFUENT,FFIBGES,IBGES,Solar fotovoltaica
FVFUTUC,HIBFUTUCER,HIBFUTU,LMER,"Híb. Renov., Term. No Renov"
FVHERRE,HERRE3,HERRE3,ELEIA,Solar fotovoltaica
FVILLAR,FVILLAR,FIBGEVI,IBGES,Solar fotovoltaica
FVIREY,FVIREY,FGASN2U,GNCO,Solar fotovoltaica
FVIRGN3,FVIRGN3,FHIBGES,IBGES,Solar fotovoltaica
FVITAML,FVITAMLLOB,ERPCFV0,ENEDJ,Solar fotovoltaica
FVITEC,FYEEXXI,FVITEC,VITEC,Solar fotovoltaica
FVITEC3,FYEEXXI,FVITEC3,VITEC,Solar fotovoltaica
FVJERT,FVJERT,FGASN2U,GNCO,Solar fotovoltaica
FVJOLCA,JOLCAFV,JOLCA,ELEIA,Solar fotovoltaica
FVJUMI,FVJUMI,FGASN2U,GNCO,Solar fotovoltaica
FVLANGA,FVLANGA,FFWMARK,WMARK,Solar fotovoltaica
FVLAST,LSTRA,FLASTRA,GESTE,Solar fotovoltaica
FVLAUEI,FVLAUEIF,FVLAUEI,LAUEI,Solar fotovoltaica
FVMANAN,FVMANAN,FFIBGES,IBGES,Solar fotovoltaica
FVMANG,FVMANG,FFFGASN,GNCO,Solar fotovoltaica
FVMONR,FVMONRERA,FFNEXU,NEXU,Solar fotovoltaica
FVMULA3,MULA 3,MULA3,ELEIA,Solar fotovoltaica
FVNAIP,FVNAIP,FGASN2U,GNCO,Solar fotovoltaica
FVNAIP2,SFV NAIPES,FGASN2U,GNCO,Solar fotovoltaica
FVNORI,LA NORIA,FVNORI,TOTGA,Solar fotovoltaica
FVOCA,FVOCA,FFFGASN,GNCO,Solar fotovoltaica
FVOLM,FVOLM,FVGNRA,GNRA,Solar fotovoltaica
FVOLMED,FVOLMED,FFWMARK,WMARK,Solar fotovoltaica
FVORIOL,FVORIOL,FIBGEOR,IBGES,Solar fotovoltaica
FVPENA,FVPENA,FIBGEPE,IBGES,Solar fotovoltaica
FVPILA,PILASTRA S,FVPILA,TOTGA,Solar fotovoltaica
FVPILAR,FV PILAR,FDREU06,DREUA,Solar fotovoltaica
FVPIX,FVPIX,UPSON3,GNRA,Solar fotovoltaica
FVPLAZA,FVPLAZA1,PLAZA1,ELEIA,Solar fotovoltaica
FVPOLEO,FVPOLEO,FHIBGES,IBGES,Solar fotovoltaica
FVPOST,POSTIGO SO,FVPOST,TOTGA,Solar fotovoltaica
FVRIOJA,FVRIOJA,FVRIOJA,LMER,Solar fotovoltaica
FVROM1,ROMERAL 1,FVROM1,TOTGA,Solar fotovoltaica
FVROM2,FVROM2,FVROM2,TOTGA,Solar fotovoltaica
FVROME,FVROME,FBIROHV,IBGES,Solar fotovoltaica
FVROMR,FVROMR,FFFGASN,GNCO,Solar fotovoltaica
FVSAL1,FVSAL1,FFIBGES,IBGES,Solar fotovoltaica
FVSAL2,FVSAL2,FFIBGES,IBGES,Solar fotovoltaica
FVSAL3,FVSAL3,FFIBGES,IBGES,Solar fotovoltaica
FVSMITH,FVSMITH,FFWMARK,WMARK,Solar fotovoltaica
FVSOLAN,FVSOL,SOLANAS,ELEIA,Solar fotovoltaica
FVSOLM,FVSOLM,FFFGASN,GNCO,Solar fotovoltaica
FVSOTO,ECOLEVANTE,SOTOSOL,ELEIA,Solar fotovoltaica
FVSUNRI,FVSUNRISE,FSUNRIS,NEXU,Batería electroquímica
FVTAGUS,FVTAGUS,FIBGETA,IBGES,Solar fotovoltaica
FVTECLA,FVTECLAS,TECLAS,ELEIA,Solar fotovoltaica
FVTERUE,FVTERUE,FIIBGES,IBGES,Solar fotovoltaica
FVVAL1,VALIENTES,FVVAL1,TOTGA,Solar fotovoltaica
FVVAL2,VALIENTES2,FVVAL2,TOTGA,Solar fotovoltaica
FVVEGA,FOT 5 MW,VEGFEN,FEN,Solar fotovoltaica
FVVIDRE,FVVIDRERES,ERPCFV0,ENEDJ,Solar fotovoltaica
FVVINAS,VINASFV,VINAS,ELEIA,Solar fotovoltaica
FVZAFRA,FVZAFRA,FSUNZAF,EGLE,Solar fotovoltaica
FVZON,FVZON,UPWM274,WMARK,Solar fotovoltaica
FVZOR1,FVZOR1,FFFGASN,GNCO,Solar fotovoltaica
FVZOR2,FVZOR2,FFFGASN,GNCO,Solar fotovoltaica
FVZORIT,FVZORIT,FFWMARK,WMARK,Solar fotovoltaica
FXRSPRE,FYEFG,FXRSPRE,RSPRE,Solar fotovoltaica
FYAGENT,FYAGENT,FYAGENT,AGENT,Solar fotovoltaica
FYAGREN,FYAGREN,FYAGREN,AGREN,Solar fotovoltaica
FYAME,FPEEXXI,FYAME,AME,Solar fotovoltaica
FYASIE,FOTVREGESP,FYASIE,ASIE,Solar fotovoltaica
FYATENC,FYATENC,FYATENC,ATENC,Solar fotovoltaica
FYATLAS,FYEEXXI,FYATLAS,ATLAS,Solar fotovoltaica
FYBSG,FYBSG,FYBSG,BSGEA,Solar fotovoltaica
FYCEDSL,FYCEDSL,FYCEDSL,CEDSL,Solar fotovoltaica
FYCEG,FYCEG,FYCEG,CEG,Solar fotovoltaica
FYCESOS,FYEDPCL,FYCESOS,CESOS,Solar fotovoltaica
FYCEXXI,FYEEXXI,FYCEXXI,EEXXI,Solar fotovoltaica
FYCLIDM,RETMAYOR15,FYCLIDM,CLIDM,Solar fotovoltaica
FYCR01,FYCR01,ENDER01,ENDCO,Comercializadores mercado libre
FYCYE,UPRREFVCD,FYCYE,CYE,Solar fotovoltaica
FYDETIC,FYDETIC,FYDETIC,DETIC,Solar fotovoltaica
FYEBLCO,FYEBLCO,FYEBLCO,EBLCO,Solar fotovoltaica
FYECLA,FYECLA,FFYECL1,NEXU,Solar fotovoltaica
FYECLA2,FYECLA2,FFYECL2,NEXU,Solar fotovoltaica
FYECLA3,FYECLA3,FFYECL3,NEXU,Solar fotovoltaica
FYEEXXI,FYEEXXI,FYEEXXI,EEXXI,Solar fotovoltaica
FYEFG,FYEFG,FYEFG,EFG,Solar fotovoltaica
FYEGED,FYIBCUR,FYEGED,EGED,Solar fotovoltaica
FYEGLE,FYEGLE,FYEGLE,EGLE,Solar fotovoltaica
FYENDG,FYENDG,FYENDG,ENDG,Solar fotovoltaica
FYEONUR,FYEONUR,FYEONUR,EONUR,Solar fotovoltaica
FYFEN,FYFEN,FYFEN,FEN,Solar fotovoltaica
FYFENAR,ARBOLEAS,FMFEN,FEN,Solar fotovoltaica
FYFENBE,4700211446,FMFEN,FEN,Solar fotovoltaica
FYFENC1,CISTERNIGA,FMFEN,FEN,Solar fotovoltaica
FYFENC2,FOT 1MW,FMFEN,FEN,Solar fotovoltaica
FYFENC3,FV MAY 1MW,FMFEN,FEN,Solar fotovoltaica
FYFENEP,FOT1MW,FMFEN,FEN,Solar fotovoltaica
FYFENFP,FYFENFP,FMFEN,FEN,Solar fotovoltaica
FYFENHC,FYFENHC,FMFEN,FEN,Solar fotovoltaica
FYFENJU,JUCAR,FMFEN,FEN,Solar fotovoltaica
FYFENLA,FYFENLA,FMFEN,FEN,Solar fotovoltaica
FYFENLC,IS MAY 1MW,FMFEN,FEN,Solar fotovoltaica
FYFENLL,0800314413,FMFEN,FEN,Solar fotovoltaica
FYFENLU,2200311240,FMFEN,FEN,Solar fotovoltaica
FYFENM1,FV 5 MW,FMFEN,FEN,Solar fotovoltaica
FYFENM2,FV 2 MW,FMFEN,FEN,Solar fotovoltaica
FYFENMF,FV 1MW,FMFEN,FEN,Solar fotovoltaica
FYFENMG,4600210569,FMFEN,FEN,Solar fotovoltaica
FYFENPA,4700211489,FMFEN,FEN,Solar fotovoltaica
FYFENPR,FV 1 MW,FMFEN,FEN,Solar fotovoltaica
FYFENRE,FV SUP 1MW,FMFEN,FEN,Solar fotovoltaica
FYFENSI,FV SIM 1MW,FMFEN,FEN,Solar fotovoltaica
FYFENSJ,FYFENSJ,FMFEN,FEN,Solar fotovoltaica
FYFENTO,MAYOR 1 MW,FMFEN,FEN,Solar fotovoltaica
FYFENXL,FYFENXL,FMFEN,FEN,Solar fotovoltaica
FYFUTGR,UP FYFUTGR,FYFUTGR,FUTGR,Solar fotovoltaica
FYGAC,FYGAC,FYGAC,GAC,Solar fotovoltaica
FYGEMSL,GEM FV,FYGEMSL,GEMSL,Solar fotovoltaica
FYGENER,FYGENER,FYGENER,ADXRE,Solar fotovoltaica
FYGESTE,FYGESTE,FYGESTE,GESTE,Solar fotovoltaica
FYGNRA,FYGNRA,FYGNRA,GNRA,Solar fotovoltaica
FYGNSUR,FYGNSUR,FYGNSUR,GNSUR,Solar fotovoltaica
FYGSETT,GSE S.A.,FYGSETT,GSETT,Solar fotovoltaica
FYHCCUR,FYHCCUR,FYHCCUR,HCCUR,Solar fotovoltaica
FYHCG,FYHCENE,FYHCG,HC G,Solar fotovoltaica
FYHELIO,FYHELIO,FYHELIO,HELIO,Solar fotovoltaica
FYIBCUR,FYIBCUR,FYIBCUR,IBCUR,Solar fotovoltaica
FYIBGES,FYIBGES,FYIBGES,IBGES,Solar fotovoltaica
FYIGNI,FYNEXU,FYIGNI,IGNIS,Solar fotovoltaica
FYLAUEI,FYLAUEI,FYLAUEI,LAUEI,Solar fotovoltaica
FYLMER,FYLMER,FYLMER,LMER,Solar fotovoltaica
FYNEXU,FYNEXU,FYNEXU,NEXU,Solar fotovoltaica
FYNRENO,FYNRENO,FYNRENO,NRENO,Solar fotovoltaica
FYREPSB,FYGNRA,FYREPSB,REPSB,Solar fotovoltaica
FYRSPRA,FYRSPRA,FYRSPRA,RSPRA,Solar fotovoltaica
FYSERVC,FYSERVC,FYSERVC,SERVC,Solar fotovoltaica
FYTERSA,TERSAFVOL,FYTERSA,TERSA,Solar fotovoltaica
FYWMARK,FYWMARK,FYWMARK,WMARK,Solar fotovoltaica
GABAC01,GABA,GABAC01,GABAC,Comercializadores mercado libre
GABUELA,UFABUELA1,GALPS82,GALP,Eólica terrestre
GACC01,GACC01,GACC01,GAC,Comercializadores mercado libre
GADOR,GADOR,SESBIO9,SHELL,Biogás
GAENER1,GAENER1,GAENER1,AENER,Genéricas
GAETANA,FGST152,FGST152,GESTE,Solar fotovoltaica
GAGUAS1,GAGUAS1,GALPT03,GALP,Eólica terrestre
GAHINSO,AHIN,GALPS80,GALP,Solar fotovoltaica
GAIAC01,GAIA COMER,GAIAC01,GGLOB,Comercializadores mercado libre
GAL1,GALLIPEN I,BEREBRO,BARER,Fluyente
GAL2,GALLIPIE 2,BEREBRO,BARER,Fluyente
GALAC01,GALAC01,GALAC01,GALA1,Comercializadores mercado libre
GALAFOT,FGST150,FGST150,GESTE,Solar fotovoltaica
GALAZOC,GALAZOC,FVGALAZ,WMARK,Solar fotovoltaica
GALBARR,ALBARREAL,GALPS53,GALP,Solar fotovoltaica
GALCAII,IALCAII,GALPS25,GALP,Solar fotovoltaica
GALCAZA,IALCAI,GALPS24,GALP,Solar fotovoltaica
GALCIII,IALCAIII,GALPS26,GALP,Solar fotovoltaica
GALCZII,ALCAZAR II,GALPS27,GALP,Solar fotovoltaica
GALDAKA,GALDAKA,TGIRCO,WMARK,Gas natural cogeneración
GALERA4,GALERA4,FGALERA,NEXU,Solar fotovoltaica
GALESA,GALESA,TGALES,CEG,Gas natural cogeneración
GALGU,GALGU,FVGNRA,GNRA,Solar fotovoltaica
GALIT1,GALT1,ES-RCAB,GEMSL,Biogás
GALIT2,GAL T2,ES-RCAB,GEMSL,Biogás
GALLEGO,GALLEGO,RWESZN,HISPE,Eólica terrestre
GALLO1,GALLO1,ENDER01,ENDCO,Comercializadores mercado libre
GALLOS,GALLOS,ENDER01,ENDCO,Comercializadores mercado libre
GALMARA,ALMARAZ,GALPS78,GALP,Solar fotovoltaica
GALPC01,GALPUP,GALPC01,GALP,Comercializadores mercado libre
GAMBC01,GAMBASTAR,GAMBC01,GAMB,Consumos directos en mercado
GAMIC01,GAMBITO,GAMIC01,GAMBI,Comercializadores mercado libre
GAMMAI,GAMMAI,FGAMMAI,SOLRC,Solar fotovoltaica
GAMOIDE,GAMOIDE,EPBUIO1,EGED,Eólica terrestre
GAMONAL,GMNL,FGAMONL,GESTE,Solar fotovoltaica
GAMONE,GAMONE,EGREEN,EGED,Eólica terrestre
GANDARA,GANDARA,HFIBGES,IBGES,Fluyente
GANKZ,GANKZ,UPGAN,GNRA,Solar fotovoltaica
GAOLC01,GANA ENER,GAOLC01,GAOLA,Comercializadores mercado libre
GAPAL,GAPAL,UPGAPI,GNRA,Solar fotovoltaica
GARCBAQ,GARCBAQ,AE10COG,COGEN,Gas natural cogeneración
GARCIM,GARCIM,HIBSIHA,HC G,Híbrida Renovable
GAREP,GAREP,UPGARI,GNRA,Solar fotovoltaica
GARMO,GARMO,FVGNRA,GNRA,Solar fotovoltaica
GAROFEI,GAROFEI,ROFENV2,ROFEN,Gas natural cogeneración
GARRAF,BIOGAS,RYTERSA,TERSA,Biogás
GASBENS,GASBENS,RURBAS,CEG,Biogás
GASTU1,GASTU1,GASTU1,AST,Genéricas
GATER,GATER,FVGNRA,GNRA,Solar fotovoltaica
GATUN,GATUN,EMCIBGE,IBGES,Eólica terrestre
GATUN2,GATUN2,EMCIBGE,IBGES,Eólica terrestre
GAUDAX,GAUDAX,GAUDAX,ADXRE,Genéricas
GAVIC01,GAVIPLAS,GAVIC01,GAVIP,Consumos directos en mercado
GAVILAN,GAVILAN,EHIBGES,IBGES,Eólica terrestre
GAVIR,GAVIR,EGREEN1,EGED,Eólica terrestre
GAXATE,GAXATE,HPDRSA,EGLE,Fluyente
GAZ1,GAZ1,FGAZ1,HISPE,Solar fotovoltaica
GAZ2,GAZ2,FGAZ2,HISPE,Solar fotovoltaica
GAZFO,GAZFO,UPNGA,GNRA,Solar fotovoltaica
GAZLES,GAZULES,SHEPV31,SHEEN,Solar fotovoltaica
GBANOS,GBANOS,GALPT03,GALP,Eólica terrestre
GBENAL1,GBENAL1,GALPS97,GALP,Eólica terrestre
GBENAL2,GBENAL2,GALPT02,GALP,Eólica terrestre
GBENC01,GB ENERGIA,GBENC01,GBENE,Comercializadores mercado libre
GBLANCA,UFCBLANCA,GALPS81,GALP,Solar térmica
GBNPRV1,GBNPRV1,GBNPRV1,BNPRU,Genéricas
GBOIRA1,GBOIRA1,GALPS98,GALP,Eólica terrestre
GBPG1,GBPG1,GBPG1,BP,Genéricas
GBRENA1,GBRENA1,GALPS92,GALP,Eólica terrestre
GBT1,GABET 1,EBRFEN,ENDG,Fluyente
GBT2,GABET 2,EBRFEN,ENDG,Fluyente
GCABRIT,GCABRIT,GALPS95,GALP,Eólica terrestre
GCALAM1,GCALAM1,FGST137,GESTE,Solar fotovoltaica
GCALAM2,GCALAM2,FGST138,GESTE,Solar fotovoltaica
GCALDE,GCALDE,GALPS63,GALP,Eólica terrestre
GCAMPIL,CAMPIL,GALPT09,GALP,Eólica terrestre
GCANO,GUADACANO,SGCANO,IGNIS,Solar fotovoltaica
GCANTER,CANTER,GALPT10,GALP,Eólica terrestre
GCARBA,GCARBA,GALPS62,GALP,Eólica terrestre
GCBLNC1,GCBLNC1,GALPS89,GALP,Eólica terrestre
GCENTE1,GCENTE1,GCENTE1,CENTE,Genéricas
GCOLMEN,UFCOLMENAR,GALPS83,GALP,Eólica terrestre
GCRBIS,GCRBIS,ENDER01,ENDCO,Comercializadores mercado libre
GDASB,GDASB,UPGDAS,GNRA,Solar fotovoltaica
GDETI1,GDETI1,GDETI1,DETIC,Genéricas
GDIVC01,GDIVC01,GDIVC01,GDIVE,Comercializadores mercado libre
GDLM,GUADALM 1,GDLQ,ENDG,Embalse
GDLN,GUADALEN,GDLQ,ENDG,Embalse
GDME,GUADALM 2,GDLQ,ENDG,Embalse
GDREUA1,UG FOENER,GDREUA1,DREUA,Genéricas
GDUFER1,GDUFER1,GDUFER1,DUFER,Genéricas
GEBLCO1,GEBLCO1,GEBLCO1,EBLCO,Genéricas
GECAMA,GECAMA,EGECAM,EGLE,Eólica terrestre
GECASA,GECASA,TGECAS,CEG,Gas natural cogeneración
GECASA2,GECASA2,RGECASA,CEG,Biomasa
GECOMPO,GECOMPO,GESTCOM,DETIC,Biogás
GEDESMA,GEDESMA,RGEDES,EGLE,Biogás
GEDFT1,GEDFT1,GEDFT1,EDFT,Genéricas
GEFG1,GEFG1,GEFG1,EFG,Genéricas
GEGC01,ENERG,GEGC01,ENERG,Comercializadores mercado libre
GEGED1,GEGED1,GEGED1,EGED,Genéricas
GEGLE1,GEGLE1,GEGLE1,EGLE,Genéricas
GEGSA1,GEGSA1,TFGEGS1,SEDAE,Gas natural cogeneración
GEGSA2,GEGSA2,RVSEDAE,SEDAE,Residuos varios
GEHRL,GEHRL,FVGNRA,GNRA,Solar fotovoltaica
GELEGA1,UPGENERIC,GELEGA1,ELEGA,Genéricas
GELSA,GELSA,HGDF01,EBLCO,Fluyente
GEMASA,GEMASA,TFGEMAS,SEDAE,Gas natural cogeneración
GEMASM,GEMASM,ENDER01,ENDCO,Comercializadores mercado libre
GEMOCI,EMOCION,GALPS36,GALP,Solar fotovoltaica
GENCEG1,GENENCEG,GENCEG1,EENER,Genéricas
GENDG1,GENDG1,GENDG1,ENDG,Genéricas
GENIL2,GNL2,FGENIL2,GESTE,Solar fotovoltaica
GENL1,GNL1,FGENIL1,GESTE,Solar fotovoltaica
GENVIT,ENVITERO,GALPS32,GALP,Solar fotovoltaica
GEOAC01,GEOAC01,GEOAC01,GEOAL,Comercializadores mercado libre
GEOAL,FYIBCUR,GEOAL,GEOAL,Solar fotovoltaica
GEOLC01,GEO LUZ Y,GEOLC01,GEOLU,Comercializadores mercado libre
GEPLAS,GEPLAS,GEPLAS,EWCA,Gas natural cogeneración
GEQUISA,GEQUISA,TGEC,EGLE,Gas natural cogeneración
GER1,GERIA 1,DUER,IBEG,Fluyente
GER2,GERIA 2,DUER,IBEG,Fluyente
GEROUT1,GEN EROUTE,GEROUT1,EROUT,Genéricas
GES1,GESTALG 1,ASIJUCA,ASIE,Fluyente
GES2,GESTALG 2,ASIJUCA,ASIE,Fluyente
GESBRI,GESBRI,COGGESB,DETIC,Gas natural cogeneración
GESCAMB,GESCAMB,GALPS96,GALP,Eólica terrestre
GESCAR,ESCARNES,GALPS31,GALP,Solar fotovoltaica
GESIC01,GESTINER,GESIC01,GESTI,Comercializadores mercado libre
GESLC01,GESL,GESLC01,GESL,Comercializadores mercado libre
GESOL2,ESCATRNSII,GALPS37,GALP,Solar fotovoltaica
GESPCX1,PORGENC,GESPCX1,GESTE,Porfolio
GESPLE,ESPLENDOR,GALPS43,GALP,Solar fotovoltaica
GESPVX1,PORGENV,GESPVX1,GESTE,Porfolio
GESQC01,GESQC01,GESQC01,GESTQ,Comercializadores mercado libre
GESTC01,GESTE COMP,GESTC01,GESTE,Comercializadores mercado libre
GETESA,GETESA,UPGETES,SEDAE,Gas natural cogeneración
GEXT1,GEXT1,GALPS65,GALP,Solar térmica
GEXTIII,GEXTRESIII,GEXTIII,GALP,Solar térmica
GEXTRII,GEXTRESOII,GEXTRII,GALP,Solar térmica
GFORTI1,FORTGEN,GFORTI1,FORTI,Genéricas
GFRGS1,GST,GFRGS1,FR_GS,Genéricas
GGAC1,GACI,GGAC1,GAC,Genéricas
GGMT1,GMT GENÉR,GGMT1,GMT,Genéricas
GGNCO1,GEN,GGNCO1,GNCO,Genéricas
GGNRA1,GGNRA1,GGNRA1,GNRA,Genéricas
GGSLZ1,GGSLZ1,GGSLZ1,GSLZE,Genéricas
GHAZAN,HAZAÑA SOL,GALPS41,GALP,Solar fotovoltaica
GHCG1,GHCG1,GHCG1,HC G,Genéricas
GHIJAR1,GHIJAR1,FGST141,GESTE,Solar fotovoltaica
GHISPE1,GHISPE1,GHISPE1,HISPE,Genéricas
GIBEG1,GIBEG1,GIBEG1,IBEG,Genéricas
GIBGES1,GIBGES1,GIBGES1,IBGES,Genéricas
GIBICOS,GIBICOS,FRREGOS,EGLE,Solar fotovoltaica
GIGANTS,PEGIGANTES,EEGPEV,ECYR,Eólica terrestre
GIGNI1,GENERICA1,GIGNI1,IGNIS,Genéricas
GIL1,GIL1,FGIL1,CEG,Solar fotovoltaica
GILLENA,GILENA,FGILENA,GESTE,Solar fotovoltaica
GIRET,GIRET,FVGNRA,GNRA,Solar fotovoltaica
GIS1,GUISTOLAS,SIL,IBEG,Embalse
GISLETE,UFISLETE,GALPS85,GALP,Eólica terrestre
GISOL1,IGNISSOLAR,GALPS34,GALP,Solar fotovoltaica
GJARON1,GJARON1,GJARON1,JARON,Genéricas
GJO1,GUIJO 1G,TAJO,IBEG,Embalse
GJO1B,GUIJO 1B,TAJB,IBEG,Consumo bombeo
GJO2,GUIJO 2G,TAJO,IBEG,Embalse
GJO2B,GUIJO 2B,TAJB,IBEG,Consumo bombeo
GKN001,GKN001,ENDER01,ENDCO,Comercializadores mercado libre
GKN002,GKN002,ENDER01,ENDCO,Comercializadores mercado libre
GKN003,GKN003,ENDER01,ENDCO,Comercializadores mercado libre
GKVASI1,KVGEN,GKVASI1,KVASI,Genéricas
GLICB01,GLICB01,UPGLIC,GNRA,Solar fotovoltaica
GLOGRO,LOGRO,GALPS23,GALP,Solar fotovoltaica
GLOSILL,GLOSILL,GALPS99,GALP,Eólica terrestre
GLOVI1,GLOVI1,FSOLRC,SOLRC,Solar fotovoltaica
GLOVI2,GLOVI2,FSOLRC,SOLRC,Solar fotovoltaica
GMARTB1,UPGENERICA,GMARTB1,MARTB,Genéricas
GMEC01,GME,GMEC01,GME,Comercializadores mercado libre
GMEDIO,MEDIOMONTE,GALPS35,GALP,Solar fotovoltaica
GMEEC01,GMEEC01,GMEEC01,GME,Consumos directos en mercado
GMERCU1,MERCU,GMERCU1,MERCU,Genéricas
GMETEE1,UP METGEN,GMETEE1,METEN,Genéricas
GMJLS1,GMJLS1,GALPS90,GALP,Eólica terrestre
GMNRJO,GAMONAREJO,FGMNRJ,NEXU,Solar fotovoltaica
GMOCAT,MOCATERO,GALPS33,GALP,Solar fotovoltaica
GMONTE,GMONTE,GALPS61,GALP,Eólica terrestre
GMTCP3,GMT EXP CO,GMTCP3,GMT,Importación Francia
GMTVP3,GMT IMP CO,GMTVP3,GMT,Exportación Francia
GNCOC01,GNCOC01,GNCOC01,GNCO,Comercializadores mercado libre
GNCOCP3,GNCOCP3,GNCOCP3,GNCO,Importación Francia
GNCOVP3,GNCOVP3,GNCOVP3,GNCO,Exportación Francia
GNCPCX1,GNCPCX1,GNCPCX1,GNCO,Porfolio
GNCPVX1,GNCPVX1,GNCPVX1,GNCO,Porfolio
GNEAS1,NEAS-CG,GNEAS1,NEAS,Genéricas
GNEBINA,GNEBINA,GALPS93,GALP,Eólica terrestre
GNEXU1,GNEXU1,GNEXU1,NEXU,Genéricas
GNIDH1,GNIDH1,GNIDH1,NIDHO,Genéricas
GNOBLE1,GENERIC,GNOBLE1,NOBLE,Genéricas
GNOGUER,UFNOGUERA,GALPS84,GALP,Eólica terrestre
GNRAC01,GNRAC01,GNRAC01,GNRA,Comercializadores mercado libre
GNRACP3,GNRACP3,GNRACP3,GNRA,Importación Francia
GNRAVP3,GNRAVP3,GNRAVP3,GNRA,Exportación Francia
GNRPCX1,GNRPCX1,GNRPCX1,GNRA,Porfolio
GNRPVX1,GNRPVX1,GNRPVX1,GNRA,Porfolio
GNSEC01,GNSEC01,GNSEC01,GNSE,Comercializadores mercado libre
GNSUC01,GNSUC01,GNSUC01,GNSUR,Comercializadores último recurso
GNSUCEB,GNSUCEB,GNSUCEB,GNSUR,Enlace Baleares
GOBA,GOBANTES,GDLQ,ENDG,Embalse
GOENC01,GODAY ENER,GOENC01,GOENC,Comercializadores mercado libre
GOICCX1,PORGENC,GOICCX1,GOIEN,Porfolio
GOICVX1,PORGENV,GOICVX1,GOIEN,Porfolio
GOIEC01,GOIEC01,GOIEC01,GOIEN,Comercializadores mercado libre
GOIEV01,GOIEV01,GOIEV01,GOIEN,Biogás
GOIEV02,GOIEV02,GOIEV02,GOIEN,Solar fotovoltaica
GOIEV03,HYIBCUR,GOIEV03,GOIEN,Hidráulica - No UGH
GOIZUE,GOIZUE,HFEGED,EGED,Fluyente
GOMACA,GOMACA,ENDER01,ENDCO,Comercializadores mercado libre
GOMERA,GOMERA,EHIBGES,IBGES,Eólica terrestre
GONE1,GONE1,GONE1,ONE,Genéricas
GONFW,GONFW,UPGON,GNRA,Solar fotovoltaica
GONGOR2,GONGOR2,RCOPAMP,CEG,Biogás
GONGORA,GONGORA,RCOPAMP,CEG,Biogás
GOPENO,GOPENO,EHIBGES,IBGES,Eólica terrestre
GOPIX,GOPIX,UPSON1,GNRA,Solar fotovoltaica
GORBEIK,GORBEIK,FGORBEI,NEXU,Solar fotovoltaica
GORGEL1,GORGEL1,SESBIO5,SHELL,Biogás
GORGOL,GORGOL,HGORGOL,CEG,Hidráulica - No UGH
GPALAB,PALABRA,GALPS38,GALP,Solar fotovoltaica
GPEREA,GPEREA,GALPS54,GALP,Solar fotovoltaica
GPFLOR2,GPFLOR2,FGST142,GESTE,Solar fotovoltaica
GPIBCUR,GPIBCUR,GPIBCUR,IBCUR,Océano y geotérmica
GPITA,GPITA,GALPS44,GALP,Solar fotovoltaica
GPITB,PITARCO B,GALPS44,GALP,Solar fotovoltaica
GPITC,PITARCO C,GALPS44,GALP,Solar fotovoltaica
GPOWER1,PM GENERIC,GPOWER1,POWER,Genéricas
GPTOL,GPTOL,FVGNRA,GNRA,Solar fotovoltaica
GR11,GRADO I 1,EBRACC2,ENDG,Embalse
GR12,GRADO I 2,EBRACC2,ENDG,Embalse
GR21,GRADO II 1,EBRACC2,ENDG,Fluyente
GR22,GRADO II 2,EBRACC2,ENDG,Fluyente
GRA1,GRANADA 1,GRANA,GNRA,Fluyente
GRA2,GRANADA 2,GRANA,GNRA,Fluyente
GRABI,GRABI,CGGRABI,GNRA,Gas natural cogeneración
GRADO,GRADO,EHIBGES,IBGES,Eólica terrestre
GRAFC01,GRAFC01,GRAFC01,GRAFV,Consumos directos en mercado
GRAIADE,GRAIADE,EGRAIA,EGLE,Eólica terrestre
GRALLAS,GRALLAS,EABARA,EGED,Eólica terrestre
GRAMAL,GRAMAL,HCGSIHA,HC G,Eólica terrestre
GRANADO,GRANADO,EGREEN,EGED,Eólica terrestre
GRANDE,GRANDE,EFEGEL1,EGED,Eólica terrestre
GRANIBE,GRANIBE,EDPCR01,EDPCL,Comercializadores mercado libre
GRANUJA,GRANUJA,EEGPEM,ECYR,Eólica terrestre
GRANYAN,PS GRANYAN,EYPPV4,EPYM,Solar fotovoltaica
GRDZ,GERDIZ,GRDZ,WMARK,Fluyente
GREARA,GREARA,SESAR01,SHELL,Comercializadores mercado libre
GRECAT,GRECAT,RVGRECA,DETIC,Residuos varios
GREEC01,GREEC01UP,GREEC01,GRNSR,Comercializadores mercado libre
GREENAL,GREENAL,RCURTIS,NEXU,Biomasa
GREFAV,GREFAV,SESAR01,SHELL,Comercializadores mercado libre
GRENC01,GREEN360,GRENC01,GREAL,Comercializadores mercado libre
GREPSB1,GREPSB1,GREPSB1,REPSB,Genéricas
GRIBAG,RIBAGRANDE,GALPS29,GALP,Solar fotovoltaica
GRIEP1,GRIEP1,UPGRIE1,GNRA,Solar fotovoltaica
GRIEP2,GRIEP2,UPGRIE2,GNRA,Solar fotovoltaica
GRIFOL,GRIFOLS,TGRIFOL,AME,Gas natural cogeneración
GRIJOT3,GRIJOT3,FGRIJO3,NEXU,Solar fotovoltaica
GRIJOTA,GRIJOTA,EHIBGES,IBGES,Eólica terrestre
GROBLE,EL ROBLEDO,GALPS40,GALP,Solar fotovoltaica
GRPANIA,GRPANIA,TGRESP,WMARK,Gas natural cogeneración
GRTEC01,GERENTA_E,GRTEC01,GRTEN,Comercializadores mercado libre
GSALMN,GSALMN,GALPT01,GALP,Eólica terrestre
GSAMP1,GSAMP1,GSAMP1,SAMP,Genéricas
GSANTOS,GSANTOS,FMAMAQ,EGLE,Solar fotovoltaica
GSCUCH1,GSCUCH1,FGST139,GESTE,Solar fotovoltaica
GSCUCH2,GSCUCH2,FGST140,GESTE,Solar fotovoltaica
GSERON1,UFSERON1A,GALPS86,GALP,Eólica terrestre
GSERON2,UFSERON2,GALPS87,GALP,Eólica terrestre
GSF193,GSF193,FGST193,GESTE,Solar fotovoltaica
GSF196,GSF196,FGST196,GESTE,Solar fotovoltaica
GSH200,GSH200,HGST200,GESTE,Hidráulica - No UGH
GSH201,GSH201,HGST201,GESTE,Hidráulica - No UGH
GSH203,GSH203,HGST203,GESTE,Hidráulica - No UGH
GSHEEN1,SHEEN GENE,GSHEEN1,SHEEN,Genéricas
GSIERZ,SIERREZUEL,GALPS30,GALP,Solar fotovoltaica
GSJ196,GSJ196,FGST196,GESTE,Solar fotovoltaica
GSLZB1,GSLZB1,UPALTE2,IGNIS,Solar fotovoltaica
GSLZB2,CACERES 1,GSLZV02,IGNIS,Solar fotovoltaica
GSLZB3,CACERES 2,GSLZV03,IGNIS,Solar fotovoltaica
GSLZB4,GSLZB4,UPALTE3,IGNIS,Solar fotovoltaica
GSLZC01,GSLZC01,GSLZC01,GSLZE,Comercializadores mercado libre
GSLZV04,GSLZV04,GSLZV04,GSLZE,Solar fotovoltaica
GSMARC1,SMARCGENER,GSMARC1,SMARC,Genéricas
GSMG1,GSMG1,GSMG1,SMG,Genéricas
GSSEEN1,GENERICA_F,GSSEEN1,SSEEN,Genéricas
GST156,FGST156,FGST156,GESTE,Solar fotovoltaica
GST157,FGST157,FGST157,GESTE,Solar fotovoltaica
GST158,FGST158,FGST158,GESTE,Solar fotovoltaica
GST159,FGST159,FGST159,GESTE,Solar fotovoltaica
GST160,FGST160,FGST160,GESTE,Solar fotovoltaica
GST161,FGST161,FGST161,GESTE,Solar fotovoltaica
GST162,FGST162,FGST162,GESTE,Solar fotovoltaica
GST167,GST167,FGST167,GESTE,Solar fotovoltaica
GST168,GST168,FGST168,GESTE,Solar fotovoltaica
GST169,GST169,FGST169,GESTE,Solar fotovoltaica
GST170,GST170,FGST170,GESTE,Solar fotovoltaica
GST171,GST171,FGST171,GESTE,Solar fotovoltaica
GST174,GST174,EGST174,GESTE,Eólica terrestre
GST175,GST175,EGST175,GESTE,Eólica terrestre
GST176,GST176,FGST176,GESTE,Solar fotovoltaica
GST177,GST177,FGST177,GESTE,Solar fotovoltaica
GST178,GST178,FGST178,GESTE,Solar fotovoltaica
GST179,GST179,FGST179,GESTE,Solar fotovoltaica
GST180,GST180,FGST180,GESTE,Solar fotovoltaica
GST181,GST181,FGST181,GESTE,Solar fotovoltaica
GST183,GST183,FGST183,GESTE,Solar fotovoltaica
GST184,GST184,FGST184,GESTE,Solar fotovoltaica
GST185,GST185,FGST185,GESTE,Solar fotovoltaica
GST186,GST186,FGST186,GESTE,Solar fotovoltaica
GST187,GST187,FGST187,GESTE,Solar fotovoltaica
GST188,GST188,TGST188,GESTE,Solar térmica
GST189,GST189,FGST189,GESTE,Solar fotovoltaica
GST193,GST193,FGST193,GESTE,Solar fotovoltaica
GST194,GST194,FGST194,GESTE,Solar fotovoltaica
GST196,GST196,FGST196,GESTE,Solar fotovoltaica
GST197,GST197,FGST197,GESTE,Solar fotovoltaica
GST199,GST199,FGST199,GESTE,Solar fotovoltaica
GST204,GST204,FGST204,GESTE,Solar fotovoltaica
GST205,GST205,FGST205,GESTE,Solar fotovoltaica
GST206,GST206,FGST206,GESTE,Solar fotovoltaica
GST208,GST208,HGST208,GESTE,Hidráulica - No UGH
GST209,GST209,HGST209,GESTE,Hidráulica - No UGH
GST210,GST210,FGST210,GESTE,Solar fotovoltaica
GST211,GST211,FGST211,GESTE,Solar fotovoltaica
GST212,GST212,FGST212,GESTE,Solar fotovoltaica
GST213,GST213,FGST213,GESTE,Solar fotovoltaica
GST214,GST214,FGST214,GESTE,Solar fotovoltaica
GST215,GST215,FGST215,GESTE,Solar fotovoltaica
GST216,GST216,FGST216,GESTE,Solar fotovoltaica
GST217,GST217,FGST217,GESTE,Solar fotovoltaica
GST218,GST218,FGST218,GESTE,Solar fotovoltaica
GST219,GST219,FGST219,GESTE,Solar fotovoltaica
GST220,GST220,FGST220,GESTE,Solar fotovoltaica
GST221,GST221,FGST221,GESTE,Solar fotovoltaica
GST222,GST222,FGST222,GESTE,Solar fotovoltaica
GST224,GST224,FGST224,GESTE,Solar fotovoltaica
GST225,GST225,FGST225,GESTE,Solar fotovoltaica
GST226,GST226,FGST226,GESTE,Solar fotovoltaica
GST227,GST227,FGST227,GESTE,Solar fotovoltaica
GST229,GST229,TGST229,GESTE,Solar térmica
GST230,GST230,HGST230,GESTE,Hidráulica - No UGH
GST231,GST231,FGST231,GESTE,Solar fotovoltaica
GST232,GST232,FGST232,GESTE,Solar fotovoltaica
GST233,GST233,FGST233,GESTE,Solar fotovoltaica
GST234,GST234,FGST234,GESTE,Solar fotovoltaica
GST235,GST235,FGST235,GESTE,Solar fotovoltaica
GST236,GST236,FGST236,GESTE,Solar fotovoltaica
GST237,GST237,EGST237,GESTE,Eólica terrestre
GST238,GST238,EGST238,GESTE,Eólica terrestre
GST239,GST239,EGST239,GESTE,Eólica terrestre
GST240,GST240,EGST240,GESTE,Eólica terrestre
GST241,GST241,FGST241,GESTE,Solar fotovoltaica
GST242,GST242,FGST242,GESTE,Solar fotovoltaica
GST243,GST243,FGST243,GESTE,Solar fotovoltaica
GST244,GST244,EGST244,GESTE,Eólica terrestre
GST245,GST245,FGST245,GESTE,Solar fotovoltaica
GST246,GST246,FGST246,GESTE,Solar fotovoltaica
GST247,GST247,EGST247,GESTE,Eólica terrestre
GST248,GST248,FGST248,GESTE,Solar fotovoltaica
GST249,GST249,FGST249,GESTE,Solar fotovoltaica
GST250,GST250,FGST250,GESTE,Solar fotovoltaica
GST251,GST251,FGST251,GESTE,Solar fotovoltaica
GST252,GST252,FGST252,GESTE,Solar fotovoltaica
GST253,GST253,FGST253,GESTE,Solar fotovoltaica
GST254,GST254,FGST254,GESTE,Solar fotovoltaica
GST255,GST255,FGST255,GESTE,Solar fotovoltaica
GST256,GST256,FGST256,GESTE,Solar fotovoltaica
GST257,GST257,EGST257,GESTE,Eólica terrestre
GST258,GST258,EGST258,GESTE,Eólica terrestre
GST259,GST259,EGST259,GESTE,Eólica terrestre
GST260,GST260,EGST260,GESTE,Eólica terrestre
GST261,GST261,FGST261,GESTE,Solar fotovoltaica
GST262,GST262,FGST262,GESTE,Solar fotovoltaica
GST263,GST263,FGST263,GESTE,Solar fotovoltaica
GST264,GST264,FGST264,GESTE,Solar fotovoltaica
GST265,GST265,FGST265,GESTE,Solar fotovoltaica
GST266,GST266,FGST266,GESTE,Solar fotovoltaica
GST267,GST267,FGST267,GESTE,Solar fotovoltaica
GST268,GST268,FGST268,GESTE,Solar fotovoltaica
GST269,GST269,FGST269,GESTE,Solar fotovoltaica
GST270,GST270,FGST270,GESTE,Solar fotovoltaica
GST271,GST271,FGST271,GESTE,Solar fotovoltaica
GST272,GST272,FGST272,GESTE,Solar fotovoltaica
GST273,GST273,FGST273,GESTE,Solar fotovoltaica
GST274,GST274,FGST274,GESTE,Solar fotovoltaica
GST275,GST275,FGST275,GESTE,Solar fotovoltaica
GST276,GST276,FGST276,GESTE,Solar fotovoltaica
GST277,GST277,FGST277,GESTE,Solar fotovoltaica
GST278,GST278,FGST278,GESTE,Solar fotovoltaica
GST279,GST279,FGST279,GESTE,Solar fotovoltaica
GST280,GST280,FGST280,GESTE,Solar fotovoltaica
GST281,GST281,FGST281,GESTE,Solar fotovoltaica
GST282,GST282,FGST282,GESTE,Solar fotovoltaica
GST283,GST283,FGST283,GESTE,Solar fotovoltaica
GST284,GST284,FGST284,GESTE,Solar fotovoltaica
GST285,GST285,FGST285,GESTE,Solar fotovoltaica
GST286,GST286,FGST286,GESTE,Solar fotovoltaica
GST287,GST287,FGST287,GESTE,Solar fotovoltaica
GST288,GST288,FGST288,GESTE,Solar fotovoltaica
GST289,GST289,FGST289,GESTE,Solar fotovoltaica
GST290,GST290,FGST290,GESTE,Solar fotovoltaica
GST291,GST291,FGST291,GESTE,Solar fotovoltaica
GST292,GST292,FGST292,GESTE,Solar fotovoltaica
GST293,GST293,FGST293,GESTE,Solar fotovoltaica
GST294,GST294,FGST294,GESTE,Solar fotovoltaica
GST295,GST295,FGST295,GESTE,Solar fotovoltaica
GST296,GST296,FGST296,GESTE,Solar fotovoltaica
GST297,GST297,FGST297,GESTE,Solar fotovoltaica
GST298,GST298,FGST298,GESTE,Solar fotovoltaica
GST299,GST299,FGST299,GESTE,Solar fotovoltaica
GST300,GST300,EGST300,GESTE,Eólica terrestre
GST301,GST301,EGST301,GESTE,Eólica terrestre
GST304,GST304,FGST304,GESTE,Solar fotovoltaica
GST305,GST305,FGST305,GESTE,Solar fotovoltaica
GST306,GST306,FGST306,GESTE,Solar fotovoltaica
GST307,GST307,FGST307,GESTE,Solar fotovoltaica
GST309,GST309,FGST309,GESTE,Solar fotovoltaica
GST310,GST310,FGST310,GESTE,Solar fotovoltaica
GST311,GST311,FGST311,GESTE,Solar fotovoltaica
GST312,GST312,FGST312,GESTE,Solar fotovoltaica
GST313,GST313,FGST313,GESTE,Solar fotovoltaica
GST314,GST314,FGST314,GESTE,Solar fotovoltaica
GST315,GST315,FGST315,GESTE,Solar fotovoltaica
GST316,GST316,FGST316,GESTE,Solar fotovoltaica
GST317,GST317,FGST317,GESTE,Solar fotovoltaica
GST318,GST318,FGST318,GESTE,Solar fotovoltaica
GST319,GST319,FGST319,GESTE,Solar fotovoltaica
GST320,GST320,FGST320,GESTE,Solar fotovoltaica
GST321,GST321,TGST321,GESTE,Solar térmica
GST322,GST322,TGST322,GESTE,Solar térmica
GST323,GST323,TGST323,GESTE,Solar térmica
GST324,GST324,EGST324,GESTE,Eólica terrestre
GST325,GST325,FGST325,GESTE,Solar fotovoltaica
GST326,GST326,FGST326,GESTE,Solar fotovoltaica
GST327,GST327,EGST327,GESTE,Eólica terrestre
GST328,GST328,EGST327,GESTE,Eólica terrestre
GST329,GST329,FGST329,GESTE,Solar fotovoltaica
GST330,GST330,FGST330,GESTE,Solar fotovoltaica
GST331,GST331,FGST331,GESTE,Solar fotovoltaica
GST333,GST333,FGST333,GESTE,Solar fotovoltaica
GST334,GST334,FGST334,GESTE,Solar fotovoltaica
GST335,GST335,FGST335,GESTE,Solar fotovoltaica
GSTB228,GSTB228,EGST228,GESTE,Eólica terrestre
GSTCP3,GSTCP3,GSTCP3,FR_GS,Importación Francia
GSTVP3,GSTVP3,GSTVP3,FR_GS,Exportación Francia
GTALEN,TALENTO,GALPS42,GALP,Solar fotovoltaica
GTAMBO1,GTAMBO1,FGST143,GESTE,Solar fotovoltaica
GTESO1,GTESO1,GALPS64,GALP,Eólica terrestre
GTHARSI,THARSISUF,GALPT06,GALP,Eólica terrestre
GTIJOLA,UFTIJOLA,GALPS88,GALP,Eólica terrestre
GTOLEDO,TOLEDO,GALPS79,GALP,Solar fotovoltaica
GTORVIS,GTORVIS,GALPS91,GALP,Eólica terrestre
GTOTGA1,GTOTGA1,GTOTGA1,TOTGA,Genéricas
GTSRDE1,GTSRDE1,GTSRDE1,TSRDE,Genéricas
GUADA,GUADA,GUADA,GNRA,Fluyente
GUADAL,GUADALETE,REGPE3,ECYR,Biogás
GUADALI,GUADALI,HGDALI,HC G,Fluyente
GUADCZR,GUADCZR,FGUADCZ,NEXU,Solar fotovoltaica
GUADIX,GUADIX,FEBISU,EGLE,Solar fotovoltaica
GUADRNQ,GUADRNQ,INTRE02,INTRA,Solar fotovoltaica
GUAFW,GUAFW,FVGNRA,GNRA,Solar fotovoltaica
GUALBA3,GUALBA3,HGEFG,EFG,Fluyente
GUASOCA,GUASOCA,FFRSPRA,RSPRA,Solar fotovoltaica
GUASOJA,GUASOJACA,FFRSPRA,RSPRA,Solar fotovoltaica
GUASS01,UF GUASCOR,GUAAS01,TRISO,Energía residual
GUCANTA,GUCANTA,HCGSCSA,HC G,Eólica terrestre
GUERIN1,GUERIN1,EGREEN,EGED,Eólica terrestre
GUERIN2,GUERIN2,EGREEN,EGED,Eólica terrestre
GUERIN3,GUERIN3,EGREEN,EGED,Eólica terrestre
GUI1,GUILLEN 1G,GUIG,ENDG,Turbinación bombeo
GUI1B,GUILLEN 1B,GUIB,ENDG,Consumo bombeo
GUI2,GUILLEN 2G,GUIG,ENDG,Turbinación bombeo
GUI2B,GUILLEN 2B,GUIB,ENDG,Consumo bombeo
GUI3,GUILLEN 3G,GUIG,ENDG,Turbinación bombeo
GUI3B,GUILLEN 3B,GUIB,ENDG,Consumo bombeo
GUICO,GUICO,UPGUICO,GNRA,Solar fotovoltaica
GUILLEN,PSFGUILLEN,FGUILLE,HISPE,Solar fotovoltaica
GUISC01,GUISC01,GUISC01,GUIS,Comercializadores mercado libre
GUISC02,GUIS CD,GUISC02,GUIS,Consumos directos en mercado
GUISONA,GUISONA,GUISGN,GUIS,Gas natural cogeneración
GUM1,GUIMIL 1,UFGC,GNFG,Embalse
GUM2,GUIMIL 2,UFGC,GNFG,Embalse
GUMA,GUMA,HVADOC,EGLE,Fluyente
GUNEL01,GUNEL01,GUNEL01,UNEL,Genéricas
GURBC01,GURBC01,GURBC01,GURBT,Comercializadores mercado libre
GUROMAN,GUROMAN,FGROMAN,NEXU,Solar fotovoltaica
GURREA,GURREA,HFITURB,ITURB,Fluyente
GUTERA,GUTERA,FGUTERA,NEXU,Solar fotovoltaica
GVALDE,VALDELAGUA,GALPS39,GALP,Solar fotovoltaica
GVALDES,VALDIVIESO,GALPS28,GALP,Solar fotovoltaica
GVEGAS,UFVEGAS,GALPS85,GALP,Eólica terrestre
GVEGON,GVEGON,GALPS55,GALP,Solar fotovoltaica
GVIEG1,GVIEG1,GVIEG1,VIEG,Genéricas
GVILLA1,GVILLA1,GALPS94,GALP,Eólica terrestre
GVISA1,GVISA1,GVISA1,VISAL,Genéricas
GVITOL1,GVITOL01,GVITOL1,VITOL,Genéricas
GWHCC01,GWHCC01,GWHCC01,GWHCO,Comercializadores mercado libre
GWMARK1,GWMARK1,GWMARK1,WMARK,Genéricas
GYEEXXI,GYEEXXI,GYEEXXI,EEXXI,Océano y geotérmica
GYG1,GGALAN GEN,TAJO,IBEG,Embalse
GYG1B,GGALAN BOM,TAJB,IBEG,Consumo bombeo
GYGNRA,OLAS,GYGNRA,GNRA,Océano y geotérmica
GYIBCUR,GYIBCUR,GYIBCUR,IBCUR,Océano y geotérmica
GZMAN,GZMAN,FGZMAN,CEG,Solar fotovoltaica
GZO1,GURIE INF1,ASIAGU,ASIE,Fluyente
GZO2,GURIE INF2,ASIAGU,ASIE,Fluyente
GZO3,GURIE SUP,ASIAGU,ASIE,Fluyente
HAFEC01,HAFESA,HAFEC01,HAFES,Comercializadores mercado libre
HAGUEDA,HAGUEDA,HSAECH,GNRA,Fluyente
HAPOC01,HAPOC01,HAPOC01,HAPO,Consumos directos en mercado
HARINER,HARINER,EDPCR01,EDPCL,Comercializadores mercado libre
HARXC01,HARXC01,HARXC01,HARXX,Consumos directos en mercado
HCAMPOR,HCAMPOR,HRPI,EGLE,Fluyente
HCENE01,HCENE01,HCENE01,HCENE,Comercializadores mercado libre
HCEPEDA,HCEPEDA,HDXT03,DUFER,Hidráulica - No UGH
HCGC01,HCGC01,HCGC01,HC G,Comercializadores mercado libre
HCGCOX,HCGCOX,HCGCOX,HC G,Consumo de Servicios Auxiliares
HCHANZA,HCHANZA,HHURONE,JDALU,Fluyente
HCNSC01,HCNSC01,HCNSC01,HC G,Comercializadores mercado libre
HCORTES,HER CORTES,FEGPEM,ECYR,Solar fotovoltaica
HCORZAN,HCORZAN,HARNO,EGLE,Fluyente
HCRUCES,HCRUCES,TCRUCES,WMARK,Gas natural cogeneración
HCTUDE,HCTUDE,THCTUDE,HC G,Gas natural cogeneración
HCURC01,HCURC01,HCURC01,HCCUR,Comercializadores último recurso
HCURCEB,HCUR BALEA,HCURCEB,HCCUR,Enlace Baleares
HDONOST,HDONOST,TDONOST,WMARK,Gas natural cogeneración
HECEC01,HECEC01 CO,HECEC01,HECEN,Comercializadores mercado libre
HEFRA,HEFRA,UPFRAHI,GNRA,Solar fotovoltaica
HELEC01,UP01 HELIO,HELEC01,HELEC,Comercializadores mercado libre
HELIC01,HELIOS PEN,HELIC01,HELEI,Comercializadores mercado libre
HELIO1,HELIO1,STHEEN1,EGLE,Solar térmica
HELIO2,HELIO2,STHEEN2,EGLE,Solar térmica
HELIOS1,HELIOS1,STHELI1,EGLE,Solar térmica
HELIOS2,HELIOS2,STHELI2,EGLE,Solar térmica
HELLIN1,HELLIN1,FFGAC,GAC,Solar fotovoltaica
HELLIN2,HELLIN2,FRGAC,GAC,Solar fotovoltaica
HERBSC,HERBSC,FHERCON,SOLRC,Batería electroquímica
HERBSG,HERBSG,FHERGEN,SOLRC,Batería electroquímica
HERERIA,HERERIA,HCGSIHA,HC G,Eólica terrestre
HERFVG,HERFVG,FHERGEN,SOLRC,Solar fotovoltaica
HERMIDA,HERMIDA,HFWMARK,WMARK,Fluyente
HERRE,CHHERRERIA,HDALT02,INTRA,Fluyente
HERRER,HERRER,HENANSA,EGED,Fluyente
HERRER1,HERRER1,HHERRG,EGLE,Hidráulica - No UGH
HERRERA,HERRERA,EHERRER,NEXU,Eólica terrestre
HERRERI,HERRERI,EGASUR,IGNIS,Eólica terrestre
HERRM,HERRM,FVGNRA,GNRA,Solar fotovoltaica
HESID,HESID,FVGNRA,GNRA,Solar fotovoltaica
HFASIEB,CHBARBAO,HFASIE,ASIE,Fluyente
HFASIEJ,HFASIEJ,HFASIE,ASIE,Fluyente
HFASIEP,CHPARANA,HFASIE,ASIE,Fluyente
HFASIES,SAN MIGUEL,HFASIE,ASIE,Fluyente
HFASIEV,ES-HFASIEV,HFASIE,ASIE,Fluyente
HFCEB,HFCEB,HFASIE,ASIE,Hidráulica - No UGH
HFLIX,HFLIX,HRPI,EGLE,Fluyente
HGARCIA,HGARCIA,HNRPGG,EGLE,Fluyente
HGULLA,HGULLA,TEGASN,GNCO,Gas natural cogeneración
HHOJAM,HHOJAM,HHOJAM,EGED,Fluyente
HHONDH,HHONDH,EREPSOH,REPSB,Híbrida Renovable
HIB-COM,HIBCOMA,HIBCOMA,LMER,Gas natural cogeneración
HIB-IBE,HIBIBERFRU,HIBIBER,LMER,Gas natural cogeneración
HIBBEBE,HIBBEBE,HIBBEBE,LMER,Gas natural cogeneración
HIBHELI,HIBHELIOS,HIBHELI,LMER,Gas natural cogeneración
HID1,HIDRO 1,ASIJUCA,ASIE,Fluyente
HID2,HIDRO 2,ASIJUCA,ASIE,Fluyente
HIDPINA,HIDPINA,HHIPIN,EGLE,Fluyente
HIDSC01,HIDR SERV,HIDSC01,HIDSE,Comercializadores mercado libre
HIERPC1,HIDTRINITA,ERPCHI0,ENEDJ,Fluyente
HIERRO,HIERRO,EGASNE0,GNCO,Eólica terrestre
HIERROS,HIERROS,FGEFG,EFG,Solar fotovoltaica
HIF1R01,HIF1R01,HIS1R01,HISPE,Comercializadores mercado libre
HIGARES,HIGARES,HBARLO,EGLE,Fluyente
HIGUER,HIGUER,EHIBGES,IBGES,Eólica terrestre
HIGUERA,HIGUERA,EHIBGES,IBGES,Eólica terrestre
HIJ1,HIJAR 1,JUCA,IBEG,Fluyente
HIJ2,HIJAR 2,JUCA,IBEG,Fluyente
HIJES,P.E. HIJES,EHIBGES,IBGES,Eólica terrestre
HIJOLIS,HIJOLIS,COGHIJO,DETIC,Gas natural cogeneración
HILAC01,HILAC01,HILAC01,HILAD,Consumos directos en mercado
HILATUR,HILATUR,EDPCR01,EDPCL,Comercializadores mercado libre
HINIX,HINIX,UPSON2,GNRA,Solar fotovoltaica
HINOJAI,HINOJAI,EHINOJ,EGLE,Eólica terrestre
HINOJII,HINOJII,EHINOJ,EGLE,Eólica terrestre
HINOJO,HINOJOSAS,SHEPV21,SHEEN,Solar fotovoltaica
HINTRA,CONDALS,HINTRA,INTRA,Fluyente
HIPERII,HIPERII,PEVER,GNRA,Eólica terrestre
HISPC01,HISPC01,HISPC01,HISPE,Comercializadores mercado libre
HITA,HITA,FVHITA,CEG,Solar fotovoltaica
HITACH,HITACH,ENDER01,ENDCO,Comercializadores mercado libre
HJXXIII,HJXXIII,TWAME,AME,Gas natural cogeneración
HLAMORA,HLAMORA,HDXT03,DUFER,Hidráulica - No UGH
HLAVADE,HLAVADE,HRPI,EGLE,Fluyente
HLRSPRE,EYEEXXI,HLRSPRE,RSPRE,Eólica terrestre
HLUBIAN,HLUBIAN,HIDEUR,WMARK,Fluyente
HLYC01,HALLEY COM,HLYC01,HALLE,Comercializadores mercado libre
HMOLINA,CH MOLINAF,HFWMARK,WMARK,Hidráulica - No UGH
HO28CA,HO28CA,FORTR01,FORTI,Comercializadores mercado libre
HO28JE,HO28JE,FORTR01,FORTI,Comercializadores mercado libre
HONDO,HONDO,FVGNRA,GNRA,Solar fotovoltaica
HONZA,HONZA,HHONZA,WMARK,Fluyente
HORCAJO,FV HORCAJO,FDREU19,DREUA,Solar fotovoltaica
HOREC01,HORENER,HOREC01,HORE,Comercializadores mercado libre
HORN16,HORNACHOS6,HORN16,ADXRE,Solar fotovoltaica
HORN98,HORNACHOS9,HORN98,ADXRE,Solar fotovoltaica
HORNET,HORNET,FZRATAN,NEXU,Solar fotovoltaica
HORNI,HORNI,EGREEN1,EGED,Eólica terrestre
HOYAGON,HOYAGON,EEVOLD,WMARK,Eólica terrestre
HOYASI,HOYASI,FCONTR1,EFG,Solar fotovoltaica
HOYASII,HOYASII,FCONTR2,EFG,Solar fotovoltaica
HOYEC01,HOYEC01,HOYEC01,HOYEN,Comercializadores mercado libre
HOYO,HOYO,HFIBGES,IBGES,Fluyente
HOYROSA,HOYROSA,EGREEN,EGED,Eólica terrestre
HPEEXXI,HPEEXXI,HPEEXXI,EEXXI,Fluyente
HPEONUR,HPEONUR,HPEONUR,EONUR,Hidráulica - No UGH
HPEREDA,HPEREDA,THUNOS,HUNOS,Subproductos minería
HPEUSA2,HPEUSA2,HPEUSA2,PEUSA,Fluyente
HPHCCUR,HPHCCUR,HPHCCUR,HCCUR,Hidráulica - No UGH
HPIBCUR,HPIBCUR,HPIBCUR,IBCUR,Fluyente
HPUERTO,HPUERTO,HGEFG,EFG,Hidráulica - No UGH
HREQUEJ,HREQUEJ,HRPI,EGLE,Fluyente
HRRERA,HRRERA,FHRRERA,NEXU,Solar fotovoltaica
HSAFONT,HSAFONT,HRPI,EGLE,Fluyente
HSATC01,HSAT,HSATC01,HSATE,Comercializadores mercado libre
HSBONAR,HSBONAR,HBBONAR,DETIC,Híbrida Renovable
HSCOC01,HSILCO,HSCOC01,HSCOM,Comercializadores mercado libre
HSEGENS,HSEGENS,HSEGEN,WMARK,Fluyente
HSJOSE,HSJOSE,HSAECH,GNRA,Fluyente
HTBILL,HTBILL,EHIBGES,IBGES,Eólica terrestre
HTBILL2,HTBILL2,EHIBGES,IBGES,Eólica terrestre
HU2020,HUELVA,SHEPV08,SHEEN,Solar fotovoltaica
HUELVES,HUELVES,FHELVES,NEXU,Solar fotovoltaica
HUER,HUERMEDA,EBRERZ,ENDG,Fluyente
HUMILL,HUMILL,FHUMILL,NEXU,Solar fotovoltaica
HUNEJAT,HUNEJAT,EHIBGES,IBGES,Eólica terrestre
HURONES,HURONES,HHURONE,JDALU,Fluyente
HVGORDO,HVGORDO,HDXT02,DUFER,Hidráulica - No UGH
HXERTA,HXERTA,HRPI,EGLE,Fluyente
HXRSPRE,HYNEXU,HXRSPRE,RSPRE,Hidráulica - No UGH
HY2MAR,HY2MARINER,HYDRO2,EPYM,Fluyente
HYAGREN,HYAGREN,HYAGREN,AGREN,Fluyente
HYAME,HYGESTE,HYAME,AME,Fluyente
HYANORF,FYGESTE,HYANORF,ZRMTT,Solar fotovoltaica
HYANORH,HYGESTE,HYANORH,ZRMTT,Fluyente
HYASIE,HYASIE,HYASIE,ASIE,Fluyente
HYCEG,HYCEG,HYCEG,CEG,Fluyente
HYDETIC,HYDETIC,HYDETIC,DETIC,Fluyente
HYDRC01,HYDRC01,HYDRC01,HYDRO,Comercializadores mercado libre
HYDRO1,CH_PETITES,HYDRO1,EPYM,Fluyente
HYECATA,HYEGED,HYECATA,EGED,Fluyente
HYEEXXI,HYEEXXI,HYEEXXI,EEXXI,Fluyente
HYEFG,HYEFG,HYEFG,EFG,Hidráulica - No UGH
HYEGLE,HYEGLE,HYEGLE,EGLE,Fluyente
HYEONUR,HYEONUR,HYEONUR,EONUR,Fluyente
HYFEN,MINIHIDRAU,HYFEN,FEN,Fluyente
HYGESTE,HYGESTE,HYGESTE,GESTE,Fluyente
HYGNRA,HYGNRA,HYGNRA,GNRA,Fluyente
HYGNSUR,HYGNSUR,HYGNSUR,GNSUR,Fluyente
HYHCCUR,HYHCCUR,HYHCCUR,HCCUR,Fluyente
HYIBCUR,HYIBCUR,HYIBCUR,IBCUR,Fluyente
HYIGNI,HYGNRA,HYIGNI,IGNIS,Fluyente
HYITURB,ITURB,HYITURB,ITURB,Fluyente
HYLAUE3,HYLAUE3,HYLAUE3,LAUEI,Fluyente
HYNEXU,HYNEXU,HYNEXU,NEXU,Fluyente
HYRSPRA,HYRSPRA,HYRSPRA,RSPRA,Fluyente
HYSERRA,HYSERRA,HYSERRA,GNRA,Fluyente
HYWMARK,HYWMARK,HYWMARK,WMARK,Fluyente
IAMLO,IAMLO,TYGEMSL,GEMSL,Gas natural cogeneración
IBARGO,IBARGO,EGREEN,EGED,Eólica terrestre
IBCUC01,IBCUC01,IBCUC01,IBCUR,Comercializadores último recurso
IBCUCEB,IBCUCEB,IBCUCEB,IBCUR,Enlace Baleares
IBDSC01,UPIBERDESA,IBDSC01,IBERD,Comercializadores mercado libre
IBEGC05,IBEGC05,IBEGC05,IBEG,Importación Marruecos
IBEGCP3,IBEGCP3,IBEGCP3,IBEG,Importación Francia
IBEGVP3,IBEGVP3,IBEGVP3,IBEG,Exportación Francia
IBERFO,IBERFO,ENDER01,ENDCO,Comercializadores mercado libre
IBERHC,IBERHC,ENDER01,ENDCO,Comercializadores mercado libre
IBGCCX1,IBGCCX1,IBGCCX1,IBGES,Porfolio
IBGCVX1,IBGCVX1,IBGCVX1,IBGES,Porfolio
IBGECP3,IBGECP3,IBGECP3,IBGES,Importación Francia
IBGESX,IBGESX,IBGESX,IBGES,Consumo de Servicios Auxiliares
IBGEVP3,IBGEVP3,IBGEVP3,IBGES,Exportación Francia
IBGPCX1,IBGPCX1,IBGPCX1,IBGES,Porfolio
IBGPVX1,IBGPVX1,IBGPVX1,IBGES,Porfolio
IBHEACI,HEDROSOACI,IBHEACI,WMARK,Eólica terrestre
IBIFW,IBIFW,FVGNRA,GNRA,Solar fotovoltaica
IBMXC01,IBMXC01,IBMXC01,IBERY,Comercializadores mercado libre
IBPADOR,IBPADOR,IBPADOR,WMARK,Eólica terrestre
IBSEC01,IBSEC01,IBSEC01,IBSEN,Comercializadores mercado libre
IBSNC01,IBSNC01,IBSNC01,IBSUS,Consumos directos en mercado
IBSUC01,IBSUC01,IBSUC01,IBSUS,Consumos directos en mercado
ICGAC01,COMERC,ICGAC01,ICGAS,Comercializadores mercado libre
ICLIC01,ICLIC01,ICLIC01,IBCLI,Comercializadores mercado libre
ICLX001,ICLX001,ICLIR01,IBCLI,Comercializadores mercado libre
ICLX002,ICLX002,ICLIR01,IBCLI,Comercializadores mercado libre
ICLX003,ICLX003,ICLIR01,IBCLI,Comercializadores mercado libre
ICLX004,ICLX004,ICLIR01,IBCLI,Comercializadores mercado libre
ICLX005,ICLX005,ICLIR01,IBCLI,Comercializadores mercado libre
ICLX006,ICLX006,ICLIR01,IBCLI,Comercializadores mercado libre
ICLX007,ICLX007,ICLIR01,IBCLI,Comercializadores mercado libre
ICLX008,ICLX008,ICLIR01,IBCLI,Comercializadores mercado libre
ICLX009,ICLX009,ICLIR01,IBCLI,Comercializadores mercado libre
ICLX010,ICLX010,ICLIR01,IBCLI,Comercializadores mercado libre
ICLX011,ICLX011,ICLIR01,IBCLI,Comercializadores mercado libre
ICLX014,ICLX014,ICLIR01,IBCLI,Comercializadores mercado libre
ICLX015,ICLX015,ICLIR01,IBCLI,Comercializadores mercado libre
ICLX016,ICLX016,ICLIR01,IBCLI,Comercializadores mercado libre
ICLX017,ICLX017,ICLIR01,IBCLI,Comercializadores mercado libre
ICLX018,ICLX018,ICLIR01,IBCLI,Comercializadores mercado libre
ICLX019,ICLX019,ICLIR01,IBCLI,Comercializadores mercado libre
ICLX020,ICLX020,ICLIR01,IBCLI,Comercializadores mercado libre
ICLX021,ICLX021,ICLIR01,IBCLI,Comercializadores mercado libre
ICLX022,ICLX022,ICLIR01,IBCLI,Comercializadores mercado libre
ICLX023,ICLX023,ICLIR01,IBCLI,Comercializadores mercado libre
ICLX024,ICLX024,ICLIR01,IBCLI,Comercializadores mercado libre
ICLX025,ICLX025,ICLIR01,IBCLI,Comercializadores mercado libre
ICLX027,ICLX027,ICLIR01,IBCLI,Comercializadores mercado libre
ICLX028,ICLX028,ICLIR01,IBCLI,Comercializadores mercado libre
ICLX029,ICLX029,ICLIR01,IBCLI,Comercializadores mercado libre
ICLX030,ICLX030,ICLIR01,IBCLI,Comercializadores mercado libre
ICLX031,ICLX031,ICLIR01,IBCLI,Comercializadores mercado libre
ICLX032,ICLX032,ICLIR01,IBCLI,Comercializadores mercado libre
ICLX033,ICLX033,ICLIR01,IBCLI,Comercializadores mercado libre
ICLX034,ICLX034,ICLIR01,IBCLI,Comercializadores mercado libre
ICLX035,ICLX035,ICLIR01,IBCLI,Comercializadores mercado libre
ICLX036,ICLX036,ICLIR01,IBCLI,Comercializadores mercado libre
ICLX037,ICLX037,ICLIR01,IBCLI,Comercializadores mercado libre
ICLX038,ICLX038,ICLIR01,IBCLI,Comercializadores mercado libre
ICLX039,ICLX039,ICLIR01,IBCLI,Comercializadores mercado libre
ICLX040,ICLX040,ICLIR01,IBCLI,Comercializadores mercado libre
ICLX041,ICLX041,ICLIR01,IBCLI,Comercializadores mercado libre
ICLX042,ICLX042,ICLIR01,IBCLI,Comercializadores mercado libre
ICLX043,ICLX043,ICLIR01,IBCLI,Comercializadores mercado libre
ICLX044,ICLX044,ICLIR01,IBCLI,Comercializadores mercado libre
ICLX045,ICLX045,ICLIR01,IBCLI,Comercializadores mercado libre
ICLX046,ICLX046,ICLIR01,IBCLI,Comercializadores mercado libre
ICLX047,ICLX047,ICLIR01,IBCLI,Comercializadores mercado libre
ICLX048,ICLX048,ICLIR01,IBCLI,Comercializadores mercado libre
ICLX049,ICLX049,ICLIR01,IBCLI,Comercializadores mercado libre
ICLX050,ICLX050,ICLIR01,IBCLI,Comercializadores mercado libre
ICLX051,ICLX051,ICLIR01,IBCLI,Comercializadores mercado libre
ICLX052,ICLX052,ICLIR01,IBCLI,Comercializadores mercado libre
ICLX053,ICLX053,ICLIR01,IBCLI,Comercializadores mercado libre
ICLX054,ICLX054,ICLIR01,IBCLI,Comercializadores mercado libre
ICLX055,ICLX055,ICLIR01,IBCLI,Comercializadores mercado libre
ICLX056,ICLX056,ICLIR01,IBCLI,Comercializadores mercado libre
ICLX057,ICLX057,ICLIR01,IBCLI,Comercializadores mercado libre
ICLX058,ICLX058,ICLIR01,IBCLI,Comercializadores mercado libre
ICLX059,ICLX059,ICLIR01,IBCLI,Comercializadores mercado libre
ICLX060,ICLX060,ICLIR01,IBCLI,Comercializadores mercado libre
ICLX061,ICLX061,ICLIR01,IBCLI,Comercializadores mercado libre
ICLX999,ICLX999,ICLIR01,IBCLI,Comercializadores mercado libre
ICUPCX1,ICUPCX1,ICUPCX1,IBCUR,Porfolio
ICUPVX1,ICUPVX1,ICUPVX1,IBCUR,Porfolio
IDACSA,IDACSA BIO,RIDAGST,GESTE,Biomasa
IDESC01,IDESC01,IDESC01,IDESE,Comercializadores mercado libre
IENOC01,COM IENOV,IENOC01,IENOV,Comercializadores mercado libre
IERRV01,IERRV01,UPIER1,GNRA,Solar fotovoltaica
IERRV02,IERRV02,UPIER2,GNRA,Solar fotovoltaica
IESADRI,IESADRI,TINMAL,EGLE,Gas natural cogeneración
IESALBA,IESALBA,TINMAL,EGLE,Gas natural cogeneración
IFAVG,EPIBCUR,IFAVG,GNRA,Eólica terrestre
IFMALLO,IFMALLOR,INTRE02,INTRA,Solar fotovoltaica
IGAFW,IGAFW,UPGUUF,GNRA,Solar fotovoltaica
IGEA,IGEA,EMRIBGE,IBGES,Eólica terrestre
IGESC01,IGESC01,IGESC01,IBGES,Comercializadores mercado libre
IGLESIA,IGLESIA,EIBGEIG,IBGES,Eólica terrestre
IM2SOLR,IM2,FIM2SLR,GESTE,Solar fotovoltaica
IM3B01,IM3B01,IM3V02,IM3,Solar fotovoltaica
IM3C01,IM3ENER,IM3C01,IM3,Comercializadores mercado libre
IM3V01,FYIBCUR,IM3V01,IM3,Solar fotovoltaica
IMANZAN,IMANZAN,GALPS3,GALP,Solar fotovoltaica
IMAXC01,IMAXINA,IMAXC01,IMAXI,Comercializadores mercado libre
IMOLINA,IMOLINA,ECASAR,CEG,Eólica terrestre
IMPEC01,IMPERIUM,IMPEC01,IMPER,Comercializadores mercado libre
INARC01,INARGY,INARC01,INARG,Comercializadores mercado libre
INDAC01,INDAREL,INDAC01,INDAR,Comercializadores mercado libre
INDAIGU,INDAIGUA,HHRSPRA,RSPRA,Fluyente
INDEC01,INDEC01,INDEC01,INDEX,Comercializadores mercado libre
INDIANA,INDIANA,FINDINA,NEXU,Solar fotovoltaica
INDIPUN,INDIPUN,TINDIP,EGLE,Gas natural cogeneración
INDLC01,INDLC01,INDLC01,INDA,Comercializadores mercado libre
INDUL,INDUL,ENUFRV7,ENUFR,Gas natural cogeneración
INEMC01,INEMA,INEMC01,INERM,Comercializadores mercado libre
INERC01,INERC01,INERC01,INER1,Comercializadores mercado libre
INFRUS,INFRUS,SESAR01,SHELL,Comercializadores mercado libre
INGAROI,INGAROIL,TINGARO,INGAR,Residuos varios
INGEC01,INGEM,INGEC01,INGEM,Comercializadores mercado libre
INICC01,INICC01,INICC01,INICB,Comercializadores mercado libre
INIES,INIES,EFWMARK,WMARK,Eólica terrestre
INIESTA,INIESTA,FINISTA,NEXU,Solar fotovoltaica
INPELCG,INPELCG,COGINPE,DETIC,Gas natural cogeneración
INPELSA,INPELSA,TFINPEL,DETIC,Gas natural cogeneración
INQUE,INQU,TZAME2,AME,Gas natural cogeneración
INROKO,INROKO,TINROKO,EGLE,Gas natural cogeneración
INTARDU,INTARDU,CD02R01,DETIC,Consumos directos en mercado
INTATOM,INTATOM,CD06R01,DETIC,Consumos directos en mercado
INTBORD,INTBORD,CD03R01,DETIC,Consumos directos en mercado
INTCEP1,INTCEP1,CD03R01,DETIC,Consumos directos en mercado
INTCEP2,INTCEP2,CD03R01,DETIC,Consumos directos en mercado
INTCONT,INTCONT,DETIR01,DETIC,Comercializadores mercado libre
INTEC01,INTEC01,INTEC01,INTEG,Comercializadores mercado libre
INTELEC,INTELEC,CD06R01,DETIC,Consumos directos en mercado
INTELLO,INTELLO,DETIR01,DETIC,Comercializadores mercado libre
INTEURO,INTEURO,DETIR01,DETIC,Comercializadores mercado libre
INTFOR1,INTFOR1,DETIR01,DETIC,Comercializadores mercado libre
INTFUME,INTFUME,DETIR01,DETIC,Comercializadores mercado libre
INTGEOT,INTGEOT,CD03R01,DETIC,Consumos directos en mercado
INTGIBR,INTGIBR,DETIR01,DETIC,Comercializadores mercado libre
INTGRE3,INTGRE3,CD03R01,DETIC,Consumos directos en mercado
INTGRE4,INTGRE4,CD03R01,DETIC,Consumos directos en mercado
INTGRE6,INTGRE6,DETIR01,DETIC,Comercializadores mercado libre
INTIBER,INTIBER,DETIR01,DETIC,Comercializadores mercado libre
INTMOLT,INTMOLT,DETIR01,DETIC,Comercializadores mercado libre
INTOLAR,INTOLAR,CD05R01,DETIC,Consumos directos en mercado
INTRC01,INTEA,INTRC01,INTEA,Comercializadores mercado libre
INTREIN,INTREIN,CD04R01,DETIC,Consumos directos en mercado
INTSOG2,INTSOG2,CD03R01,DETIC,Consumos directos en mercado
INTSOGA,INTSOGA,CD03R01,DETIC,Consumos directos en mercado
INTVD02,FV MEN1MW,INTVD02,INTRA,Solar fotovoltaica
INUSA,INUSA,RINUSA,CEG,Biogás
INUSC01,INUSC01,INUSC01,INUSK,Comercializadores mercado libre
INVES,INVES,EGREEN,EGED,Eólica terrestre
INVVC01,INVVC01,INVVC01,INVEV,Consumos directos en mercado
IONAC01,IONAC01,IONAC01,IONA,Comercializadores mercado libre
IONMN,IONMN,UPSON2,GNRA,Solar fotovoltaica
IP1,IP 1G,CHIPG,ENDG,Turbinación bombeo
IP1B,IP 1B,CHIPB,ENDG,Consumo bombeo
IP2,IP 2G,CHIPG,ENDG,Turbinación bombeo
IP2B,IP 2B,CHIPB,ENDG,Consumo bombeo
IP3,IP 3G,CHIPG,ENDG,Turbinación bombeo
IP3B,IP 3B,CHIPB,ENDG,Consumo bombeo
IPLANA,IPLANA,EFWMARK,WMARK,Eólica terrestre
IPLANAA,IPLANAA,EFWMARK,WMARK,Eólica terrestre
IRABIA,IRABIA,HFEGED,EGED,Fluyente
IRATI,IRATI,HFEGED,EGED,Fluyente
IRISC01,IRIS,IRISC01,IRIS,Comercializadores mercado libre
IRUELAS,IRUELAS,EGREEN,EGED,Eólica terrestre
IRUGU,IRUGU,ZERBI,GNRA,Fluyente
ISABELA,ISABELA,EHIBGES,IBGES,Eólica terrestre
ISAEC01,ISAEC,ISAEC01,ISAEC,Comercializadores mercado libre
ISEOC01,ISEOC01,ISEOC01,ISEO,Consumos directos en mercado
ISIDRO1,ISIDRO1,HCHI,HC G,Fluyente
ISIDRO2,ISIDRO2,HCHI,HC G,Fluyente
ISLA,ISLALUZ,HYISLA,CEG,Hidráulica - No UGH
ISLETES,ISLETES,EHIBGES,IBGES,Eólica terrestre
ISLONIA,ISLONIA,RISLON,GEMSL,Biomasa
ISMCCXF,PORGENC,ISMCCX1,ISMSL,Porfolio
ISMCVXF,PORGENV,ISMCVX1,ISMSL,Porfolio
ISMPCXF,PORGENC,ISMPCX1,ISMSL,Porfolio
ISMPVXF,PORGENV,ISMPVX1,ISMSL,Porfolio
ISMSC01,ISMCOM,ISMSC01,ISMSL,Comercializadores mercado libre
ISMSR01,ISMSR01,ISMSR01,ISMSL,Comercializadores mercado libre
ISYDC01,UPC ISYDE,ISYDC01,ISYDE,Comercializadores mercado libre
ITAMAR,ES-ITAMAR,FITAMAR,EBLCO,Solar fotovoltaica
IURRETA,IURRETA,RSMURFT,SMURF,Residuos varios
IZBOR,C.H.IZBOR,HEGPE,ECYR,Embalse
IZN1,IZNAJAR 1,GDLQ,ENDG,Embalse
IZN2,IZNAJAR 2,GDLQ,ENDG,Embalse
JAB1,JABARELL 1,EBRACC1,ENDG,Fluyente
JAB2,JABARELL 2,EBRACC1,ENDG,Fluyente
JAB3,JABARELL 3,EBRACC1,ENDG,Fluyente
JABALQU,JABALQU,TGCOOSU,DETIC,Gas natural cogeneración
JABVE,JABVE,UPJAB,GNRA,Solar fotovoltaica
JAC1,JACA 1,EBRACC1,ENDG,Fluyente
JAC2,JACA 2,EBRACC1,ENDG,Fluyente
JADRAQU,JADRAQU,FVJADRA,WMARK,Solar fotovoltaica
JALON1,JALON1,FJALON1,CEG,Solar fotovoltaica
JAMONE1,JAMONE1,EDPCR01,EDPCL,Comercializadores mercado libre
JAMONE2,JAMONE2,EDPCR01,EDPCL,Comercializadores mercado libre
JAN1,JANDULA 1,GDLQ,ENDG,Embalse
JAN2,JANDULA 2,GDLQ,ENDG,Embalse
JAN3,JANDULA 3,GDLQ,ENDG,Embalse
JANCOLI,JANCOLI,EJANCOL,NEXU,Eólica terrestre
JANDAPE,JANDAPE,EJANDAP,NEXU,Eólica terrestre
JANDSUY,JANDSUY,EJANDSU,NEXU,Eólica terrestre
JAR1,SANTJAR 1G,SIL,IBEG,Embalse
JAR1B,SANTJAR 1B,SILB,IBEG,Consumo bombeo
JAR2,SANTJAR 2G,SIL,IBEG,Embalse
JAR2B,SANTJAR 2B,SILB,IBEG,Consumo bombeo
JARA4,JARA4,EFGNRA,GNRA,Eólica terrestre
JARALES,JARALES,EUJARAL,CEG,Eólica terrestre
JARALOZ,JARALOZ,GUISGN,GUIS,Gas natural cogeneración
JARRETA,JARRETA,EPPJAR,EGLE,Eólica terrestre
JAT1,JAVIERRL 1,EBRACC1,ENDG,Fluyente
JAT2,JAVIERRL 2,EBRACC1,ENDG,Fluyente
JAU1,JAUJA 1,GDLQ,ENDG,Fluyente
JAU2,JAUJA 2,GDLQ,ENDG,Fluyente
JAU3,JAUJA 3,GDLQ,ENDG,Fluyente
JAUFIL,JAUFIL,EJAUFIL,EBLCO,Eólica terrestre
JERALTO,JERALTO,FHOTEI,EGLE,Solar fotovoltaica
JERQE,JERQE,UPJER,GNRA,Solar fotovoltaica
JGCDAIM,JGCDAIM,TEGASN,GNCO,Gas natural cogeneración
JMFEC01,JMFEC01,JMFEC01,JMFEN,Comercializadores mercado libre
JMO1,JM.ORIOL 1,TAJO,IBEG,Embalse
JMO2,JM.ORIOL 2,TAJO,IBEG,Embalse
JMO3,JM.ORIOL 3,TAJO,IBEG,Embalse
JMO4,JM.ORIOL 4,TAJO,IBEG,Embalse
JOINC01,JOINC01,JOINC01,JOIN,Consumos directos en mercado
JORGE1,JORGE MEDO,METEV03,METEN,Solar fotovoltaica
JORGEP,JORGEP,ENDER01,ENDCO,Comercializadores mercado libre
JOSEC01,JOSEC01,JOSEC01,JOSEP,Comercializadores mercado libre
JOVEC01,UP JOVE,JOVEC01,JOVE,Comercializadores mercado libre
JRONCP3,JARON EXCD,JRONCP3,JARON,Importación Francia
JRONVP3,JARON IMCD,JRONVP3,JARON,Exportación Francia
JU1136,JU1136,FJU1136,SOLRC,Solar fotovoltaica
JU2135,JU2135,FJU2135,SOLRC,Solar fotovoltaica
JUANC01,JUANX_UP,JUANC01,JUANX,Comercializadores mercado libre
JUBERAI,JUBERA I,PEJUBER,WMARK,Eólica terrestre
JUBERII,JUBERA II,PEJUBER,WMARK,Eólica terrestre
JUE1,JUEU,EBRFEN,ENDG,Fluyente
JUGLANS,JUGLANS,FABLITA,NEXU,Solar fotovoltaica
JUMSAL,JUMSAL,COGJUMS,DETIC,Gas natural cogeneración
JUNEDA,JUNEDA,RVGARR,EGLE,Biogás
JUNEDA2,JUNEDA2,TVGARR,EGLE,Gas natural cogeneración
JUNIPER,JUNIPER,FABLITA,NEXU,Solar fotovoltaica
JUNO,JUNO,DANSZN,HISPE,Eólica terrestre
JUSEC01,JUSEC01,JUSEC01,JUSEP,Comercializadores mercado libre
KAOCOR,KAOCOR,ENDER01,ENDCO,Comercializadores mercado libre
KARMC01,KARMC01,KARMC01,KARMA,Comercializadores mercado libre
KELC01,KELC01,KELC01,CALEA,Consumos directos en mercado
KEPILAS,KEPILAS,FKELLY,EGLE,Solar fotovoltaica
KERABEN,KERABEN,TKERAB,WMARK,Gas natural cogeneración
KILVC01,KILV_C,KILVC01,KILVE,Comercializadores mercado libre
KINA1,KINA1,FKGAC,GAC,Solar fotovoltaica
KINA2,KINA2,FIGAC,GAC,Solar fotovoltaica
KINEC01,KINEC01,KINEC01,KINE,Comercializadores mercado libre
KIRIC01,KIRIC01,KIRIC01,KIRIN,Comercializadores mercado libre
KODLC01,KODLC01,KODLC01,KODLC,Comercializadores mercado libre
KONYC01,KONERY,KONYC01,KONRY,Comercializadores mercado libre
KREAC01,KREAC01,KREAC01,KREAN,Comercializadores mercado libre
KRONO1,KRONO1,ENDER01,ENDCO,Comercializadores mercado libre
KRONO2,KRONO2,ENDER01,ENDCO,Comercializadores mercado libre
KRONO3,KRONO3,ENDER01,ENDCO,Comercializadores mercado libre
KVASCP3,KVCOMP,KVASCP3,KVASI,Importación Francia
KVASVP3,KVVENT,KVASVP3,KVASI,Exportación Francia
KWFC01,KWFI,KWFC01,KWFVI,Comercializadores mercado libre
LABA,LA BAELLS,EBRFEN,ENDG,Embalse
LABAS,LABAS,HFIBGES,IBGES,Fluyente
LABOC01,LABOIL CC,LABOC01,LABOI,Comercializadores mercado libre
LABRA,LABRA,EHIBGES,IBGES,Eólica terrestre
LABRADO,LABRADO,RWESZN,HISPE,Eólica terrestre
LACABRI,LACABRITA,FLACAB,HISPE,Solar fotovoltaica
LACAYA,LACAYA,EMTORR,EGLE,Eólica terrestre
LACOC01,LA CORRIEN,LACOC01,LACOR,Comercializadores mercado libre
LACUES,LACUES,EGASNE0,GNCO,Eólica terrestre
LACUEST,LACUEST,HCGSCSA,HC G,Eólica terrestre
LADYC01,ES-LADYWAR,LADYC01,LADYW,Comercializadores mercado libre
LAESTAN,LA ESTANCA,EREGPEV,ECYR,Eólica terrestre
LAF1,LAFORTUN 1,EBRACC1,ENDG,Embalse
LAF2,LAFORTUN 2,EBRACC1,ENDG,Embalse
LAF3,LAFORTUN 3,EBRACC1,ENDG,Embalse
LAF4,LAFORTUN 4,EBROF,GNRA,Embalse
LAF5,LAFORTUN 5,EBROF,GNRA,Embalse
LAFTORE,FLTORRE,FLTORRE,GESTE,Solar fotovoltaica
LAG,LA GOTERA,DUER,IBEG,Fluyente
LAGAV01,LAGAVARRA,LAGAV01,CENTS,Solar fotovoltaica
LAGOS,LAGOS,HCGSCSA,HC G,Eólica terrestre
LAGUNAS,LAGUNAS,FKALEL,EGLE,Solar fotovoltaica
LAHERRE,LAHERRE,METEV07,METEN,Solar fotovoltaica
LAHUESA,LAHUESA,EHIBGES,IBGES,Eólica terrestre
LAISA,LAISA,TRLE,EGLE,Gas natural cogeneración
LAISA1,LAISA1,TRLE1,EGLE,Gas natural cogeneración
LALBT,LALBT,FVGNRA,GNRA,Solar fotovoltaica
LALCON,LALCON,EGASNE0,GNCO,Eólica terrestre
LALMEND,LALMEND,EGREEN,EGED,Eólica terrestre
LALOMA,LALOMA,RLALOM,ENCEG,Biomasa
LALOMBA,LALOMBA,ELODOS,EGLE,Eólica terrestre
LAMESA,LAMESA,EBURGE,BURGE,Eólica terrestre
LAMPC01,LAMPYRIS,LAMPC01,LAMPY,Comercializadores mercado libre
LAMR,MORCA,EBRACC1,ENDG,Fluyente
LAMUEL1,LAMUEL1,EHIBGES,IBGES,Eólica terrestre
LAMUELA,LAMUELA,HYLAMUE,DETIC,Hidráulica - No UGH
LAMUN,LAMUN,EGASNE0,GNCO,Eólica terrestre
LAMURTA,LAMURTA,HCHI2,HC G,Fluyente
LAN1,LANCARA 1,LANCAR,CHDUE,Embalse
LAN2,LANCARA 2,LANCA2,CHDUE,Embalse
LANAVA,LANAVA,FSONAV,EGLE,Solar fotovoltaica
LANAVAE,NAVA,HCGSCSA,HC G,Eólica terrestre
LANCES,LANCES,EREGPEM,ECYR,Eólica terrestre
LANCHAL,LANCHAL,EEGPEM,ECYR,Eólica terrestre
LANDC01,LANDS,LANDC01,LAND,Consumos directos en mercado
LANDRO,LANDRO,HSOLUE,EGLE,Fluyente
LANTER,LANTER,RWESZN,HISPE,Eólica terrestre
LAOBC01,LAOBC01,LAOBC01,LABOA,Comercializadores mercado libre
LAOFW,LAOFW,FVGNRA,GNRA,Solar fotovoltaica
LAPAC01,GALAP ENER,LAPAC01,GALAP,Comercializadores mercado libre
LAPBLA,LA POBLA,HPOBLA,NEXU,Fluyente
LAPENA,LA PENA,HCGSIHA,HC G,Eólica terrestre
LAPENA1,LAPENA1,FLPENA1,NEXU,Solar fotovoltaica
LAPENA2,LAPENA2,FLPENA2,NEXU,Solar fotovoltaica
LARFW,LARFW,FVGNRA,GNRA,Solar fotovoltaica
LARISA,LARISA,HCGSIHA,HC G,Eólica terrestre
LAROUCO,LAROUCO,EHIBGES,IBGES,Eólica terrestre
LARRAL,LARRAL,FLARRAL,NEXU,Solar fotovoltaica
LARRIH,LARRIH,EMCIBGE,IBGES,Eólica terrestre
LARUYA,LARUYA,EERUYA,EGLE,Eólica terrestre
LAS1,LASPUÑA 1,EBRACC1,ENDG,Embalse
LAS2,LASPUÑA 2,EBRACC1,ENDG,Embalse
LASARDA,LASARDA,HCGSIHA,HC G,Eólica terrestre
LASBRIS,LASBRIS,FBRISAS,NEXU,Solar fotovoltaica
LASE,LASE,FVGNRA,GNRA,Solar fotovoltaica
LASLANA,LASLANA,FLSOLAN,NEXU,Solar fotovoltaica
LASMAJA,LASMAJA,ELASMAJ,WMARK,Eólica terrestre
LASMINA,LASMINA,HCMINE,EGLE,Fluyente
LASORDA,LASORDA,EMTORR,EGLE,Eólica terrestre
LASOTON,LASOTON,HRIEAG,EGLE,Hidráulica - No UGH
LASP,PORTAS,SIL,IBEG,Fluyente
LASSJ,LASSJ,UPLAS,GNRA,Solar fotovoltaica
LASTR2,LSTRS,FLASTR2,GESTE,Solar fotovoltaica
LASTRA,LASTRA,ELBOGA,EGLE,Eólica terrestre
LASVAG,LASVAG,FLASVAG,HISPE,Solar fotovoltaica
LASVIN,LASVIN,EHIBGES,IBGES,Eólica terrestre
LATINF,UF LATIN,TLATINF,GEMSL,Derivados del petróleo o carbón
LATORRE,LATORRE,EGREEN,EGED,Eólica terrestre
LAUCCX1,PORGENC,LAUCCX1,LAUEI,Porfolio
LAUCVX1,PORGENV,LAUCVX1,LAUEI,Porfolio
LAUEC01,LAUEC01 CO,LAUEC01,LAUEI,Comercializadores mercado libre
LAURUS,LAURUS,FABLITA,NEXU,Solar fotovoltaica
LAV1,LAVIANA 1,HCHI,HC G,Fluyente
LAV2,LAVIANA 2,HCHI,HC G,Fluyente
LAV3,LAVIANA 3,HCHI,HC G,Fluyente
LAVAC01,LA VALL,LAVAC01,LAVAL,Comercializadores mercado libre
LAVEGA1,LAVEGA1,EGASNE1,GNCO,Eólica terrestre
LAVEGA2,LAVEGA2,EGASNE1,GNCO,Eólica terrestre
LAVERNE,LAVERNE,HLAVERN,EGLE,Fluyente
LAVINYA,LA VINYA,SENFV1,SOMEN,Solar fotovoltaica
LAYNA,LAYNA,EHIBGES,IBGES,Eólica terrestre
LAZAN,LAZAN,EHIBGES,IBGES,Eólica terrestre
LAZAR,LAZAR,EGREEN,EGED,Eólica terrestre
LBANEZA,LBANEZA,TAZUCAR,EGLE,Gas natural cogeneración
LBAT,BATANEJOS,LBAT,BARER,Fluyente
LBTSP,LBTSP,LOBOH,GNRA,Solar fotovoltaica
LCA1,CANTOS 1,HDXT01,DUFER,Fluyente
LCA2,CANTOS 2,HDXT01,DUFER,Fluyente
LCASTRO,LCASTRO,HCASTRO,GNRA,Fluyente
LCOCB,LCOCB,FVGNRA,GNRA,Solar fotovoltaica
LCOSC01,LCOSC01,LCOSC01,LCOST,Comercializadores mercado libre
LDGIC01,LDGIA,LDGIC01,LDGIA,Comercializadores mercado libre
LDO1,DORNAJOS 1,BERJUCA,BARER,Fluyente
LDO2,DORNAJOS 2,BERJUCA,BARER,Fluyente
LDOFW,LDOFW,FVGNRA,GNRA,Solar fotovoltaica
LEB1,LEBOREIR 1,UFGC,GNFG,Embalse
LEB2,LEBOREIR 2,UFGC,GNFG,Embalse
LEBAIKO,LEBAIKO,FLEAIKO,NEXU,Solar fotovoltaica
LEBOREI,LEBOREI,EEGPEM,ECYR,Eólica terrestre
LEBRETE,LEBRETE,RCULEBR,GNRA,Biogás
LEBRIJA,LEBRIJA,STSOLUC,NEXU,Solar térmica
LECRIN,LECRIN,ERIANSA,EBLCO,Eólica terrestre
LEDCC01,LCE COMPRA,LEDCC01,LEDCE,Comercializadores mercado libre
LEGAC01,ELEGA UP,LEGAC01,ELEGA,Comercializadores mercado libre
LEI1,LEIZA 1,EBRA,IBEG,Fluyente
LEI2,LEIZA 2,EBRA,IBEG,Fluyente
LEIRA,LEIRA,HLEIRA,NEXU,Fluyente
LEONC01,LECOMUP,LEONC01,LEONC,Comercializadores mercado libre
LERC01,LERC01,LERC01,LER,Comercializadores mercado libre
LERIN,LERIN,HFEGED,EGED,Fluyente
LESROTE,LESROTE,ELESROT,EBLCO,Eólica terrestre
LEYREN2,LEYREN2,FLEMAZR,NEXU,Solar fotovoltaica
LEYRENE,LEYRENE,FLENOEZ,NEXU,Solar fotovoltaica
LEZ1,LEIZARAN,EBRA,IBEG,Fluyente
LFA1,FAYOS 1,EBRA,IBEG,Fluyente
LFA2,FAYOS 2,EBRA,IBEG,Fluyente
LFAESP,LFAESP,ENDER01,ENDCO,Comercializadores mercado libre
LFLECHA,LFLECHA,HVADOC,EGLE,Fluyente
LFUE,FUENROSAR,DUER,IBEG,Fluyente
LG08MC,LG08MC,FORTR01,FORTI,Comercializadores mercado libre
LG08VL,LG08VL,FORTR01,FORTI,Comercializadores mercado libre
LGA1,GVILANES 1,ASITAJ,ASIE,Fluyente
LGA2,GVILANES 2,ASITAJ,ASIE,Fluyente
LGOS,GOSALVEZ,BERJUCA,BARER,Fluyente
LGR1,LGR1,JUCAR2,CTNU,Fluyente
LGR2,LGR2,JUCAR2,CTNU,Fluyente
LGUIJO1,LGUIJO1,ELGUIJ1,EBLCO,Eólica terrestre
LGUIJO2,LGUIJO2,ELGUIJ1,EBLCO,Eólica terrestre
LHID,LA HIDRO,EBRACC1,ENDG,Fluyente
LIDEC01,LIDEC01,LIDEC01,LIDER,Comercializadores mercado libre
LIDEV01,LIDEV01,LIDEV01,LIDER,Solar fotovoltaica
LILL,LES ILLES,EBRFEN,ENDG,Fluyente
LIMSAM,LIMSAM,RRUICES,NEXU,Biogás
LIN1,LINARES 1,UFTA,GNFG,Embalse
LIN2,LINARES 2,UFTA,GNFG,Embalse
LINARES,LINARES,HLOURG,EGLE,Fluyente
LINASA,LINASA,COGLINA,DETIC,Gas natural cogeneración
LINAZAR,LINAZAR,LINAR01,LINAM,Consumos directos en mercado
LIND01,LIND01,ENDER01,ENDCO,Comercializadores mercado libre
LINERA,LINERA,EHIBGES,IBGES,Eólica terrestre
LINGOT,LINGOT,ENDER01,ENDCO,Comercializadores mercado libre
LINKC01,UPLINKPEN,LINKC01,LINKE,Comercializadores mercado libre
LIPMES,LIPMES,FFRSPRA,RSPRA,Solar fotovoltaica
LIRIOS,LIRIOS,EHIBGES,IBGES,Eólica terrestre
LISOLAR,LISOLAR,FCASTU,EGLE,Solar fotovoltaica
LITTC,LITTC,UPLIT,GNRA,Solar fotovoltaica
LIUPC01,LIUP,LIUPC01,LIUP,Comercializadores mercado libre
LLAD,LLADRES,EBRFEN,ENDG,Fluyente
LLANO,LLANO,TCUALIN,CEG,Gas natural cogeneración
LLANO1,LLANO1,FLLANO1,CEG,Solar fotovoltaica
LLANO2,LLANO2,FLLANO2,CEG,Solar fotovoltaica
LLANO3,LLANO3,FLLANO3,CEG,Solar fotovoltaica
LLANOS,LLANOS,EGASNE1,GNCO,Eólica terrestre
LLANOSF,LOS LLANOS,LLANOSF,ELEIA,Solar fotovoltaica
LLAPR,LLAPR,UPLLAP,GNRA,Solar fotovoltaica
LLBSP,LLBSP,FVGNRA,GNRA,Solar fotovoltaica
LLBSP1,LLBSP1,FVGNRA,GNRA,Solar fotovoltaica
LLEI,LLEIDA,EBRFEN,ENDG,Fluyente
LLERPR,LLERPR,TLLERPR,AME,Gas natural cogeneración
LLICB,LLICB,UPLLIC,GNRA,Solar fotovoltaica
LLIRIA,LLIRIA,FLLIRIA,NEXU,Solar fotovoltaica
LLLANOS,LLLANOS,EEGPES,ECYR,Eólica terrestre
LLO1,LOSA 1,LLO1,BARER,Fluyente
LLO2,LOSA 2,LLO2,BARER,Fluyente
LLO3,LOSA 3,LLO3,BARER,Fluyente
LLSMART,LLSMART,EBRUJUL,HC G,Eólica terrestre
LLV1,LLAVORSI 1,EBRFEN,ENDG,Embalse
LLV2,LLAVORSI 2,EBRFEN,ENDG,Embalse
LMA1,MANCHEGA,LMA1,BARER,Fluyente
LMA7AH,LMA7AH,EREPSOH,REPSB,Híbrida Renovable
LMA7BH,LMA7BH,EREPSOH,REPSB,Híbrida Renovable
LMA7CH,LMA7CH,EREPSOH,REPSB,Híbrida Renovable
LMA7DH,LMA7DH,EREPSOH,REPSB,Eólica terrestre
LMA7EH,LMA7EH,EREPSOH,REPSB,Híbrida Renovable
LMARINA,LMARINA,RMARINA,GNRA,Biomasa
LMERC01,LMERC01,LMERC01,LMER,Comercializadores mercado libre
LMI1,MILAGROS 1,TAJO,IBEG,Fluyente
LMI2,MILAGROS 2,TAJO,IBEG,Fluyente
LMI3,MILAGROS 3,TAJO,IBEG,Fluyente
LMJ1,LMJ1,EARTIG,REPSB,Eólica terrestre
LMM1,MARMOTA 1,LMM1,BARER,Fluyente
LMM2,MARMOTA 2,LMM2,BARER,Fluyente
LMONJAS,LMONJAS,EMONJAS,NEXU,Eólica terrestre
LMPVB,LMPVB,UPLMP,GNRA,Eólica terrestre
LMUELAI,LMUELAI,EDENCA,EGLE,Eólica terrestre
LMURAGE,LMURAGE,FALMUGE,NEXU,Solar fotovoltaica
LMZEP,LMZEP,UPALMZ,GNRA,Solar fotovoltaica
LNAVARA,LNAVARA,RNAVARA,GNRA,Biogás
LNU1,NUEVOS 1,LNU1,BARER,Fluyente
LNU2,NUEVOS 2,LNU2,BARER,Fluyente
LNZ1,LANUZA 1,EBRACC1,ENDG,Embalse
LNZ2,LANUZA 2,EBRACC1,ENDG,Embalse
LOARCOS,LOS ARCOS,EEGPEV,ECYR,Eólica terrestre
LOASA,LOASA,FVGNRA,GNRA,Solar fotovoltaica
LOAYALA,LOAYALA,EULAYAL,CEG,Eólica terrestre
LOBALB,LOBALB,FVGNRA,GNRA,Solar fotovoltaica
LOBOC01,EL LOBO,LOBOC01,LOBO,Consumos directos en mercado
LOBSILL,LOBSILL,FLOBSIL,NEXU,Solar fotovoltaica
LOCAC01,UP LOCALUZ,LOCAC01,LOCAL,Comercializadores mercado libre
LOCAPON,LOCAPON,EGASNE0,GNCO,Eólica terrestre
LODALGA,LODALGA,TINROKO,EGLE,Gas natural cogeneración
LOGROSA,MOJONGORDO,FLOGROS,GESTE,Solar fotovoltaica
LOKSP,LOKSP,LOKOH,GNRA,Solar fotovoltaica
LOLLOC,SAN LOREC,SLOREC,RENSP,Eólica terrestre
LOLLOD,SAN LORED,SLORED,RENSP,Eólica terrestre
LOMAG,LOMAG,EGASNE1,GNCO,Eólica terrestre
LOMAGOR,LOMAGOR,EREGPEV,ECYR,Eólica terrestre
LOMAPE,LOMAPE,EPRADA,EGLE,Eólica terrestre
LOMAS,LOMAS,EPLOMAS,NEXU,Eólica terrestre
LOMAV1,LOMAVISO1,EFWMARK,WMARK,Eólica terrestre
LOMAV2,LOMAVISO2,EFWMARK,WMARK,Eólica terrestre
LOMILAS,LOMILLAS,ELOMILA,CEG,Eólica terrestre
LOMILLA,LOMILLA,HIBSHA3,HC G,Híbrida Renovable
LOMOLIN,LOMOLIN,HCHI2,HC G,Fluyente
LOMOS,LOMOS,FSLOBON,NEXU,Solar fotovoltaica
LOMOSII,LOMOSII,FLOMOS2,NEXU,Solar fotovoltaica
LONVB,LONVB,FVGNRA,GNRA,Solar fotovoltaica
LOR1,ORGANOS 1,GDLQ,ENDG,Fluyente
LOR2,ORGANOS 2,GDLQ,ENDG,Fluyente
LORAI,LORAI,ELBOGA,EGLE,Eólica terrestre
LORAII,LORAII,ELBOGA,EGLE,Eólica terrestre
LORC,LORCHA,LORC,BARER,Fluyente
LORENZ1,LORENZ1,FVLOREN,GNRA,Solar fotovoltaica
LORIGUI,LORIGUI,HFIBGES,IBGES,Embalse
LOSANII,LOSANII,TCETA,EGLE,Gas natural cogeneración
LOSGONZ,LOSGONZ,FNAVID,EGLE,Solar fotovoltaica
LOSILLA,LOSILLA,EGASNE1,GNCO,Eólica terrestre
LOSLLNS,LSLLANOS,FLLANOS,GNRA,Solar fotovoltaica
LOSMANU,LOSMANU,HACUAM,EGLE,Fluyente
LOTZ,LOTZABIAN,HLASJO,GNRA,Fluyente
LOUREIR,LOUREIR,HLOURG,EGLE,Fluyente
LOVEC01,LOVEC01,LOVEC01,LOVEE,Comercializadores mercado libre
LOVIC01,UP LOVILUZ,LOVIC01,LOVIL,Comercializadores mercado libre
LPARDAS,LPARDAS,EEGPEM,ECYR,Eólica terrestre
LPE1,PEA 1,ASIJUCA,ASIE,Fluyente
LPE2,PEA 2,ASIJUCA,ASIE,Fluyente
LPE3,PEA 3,JUCA,IBEG,Fluyente
LPE4,PEA 4,ASIJUCA,ASIE,Fluyente
LPOIX,LPOIX,FVPOSA,GNRA,Solar fotovoltaica
LPUERTO,LMBRERS,FBRERAS,GESTE,Solar fotovoltaica
LPWEC01,LPWEC01,LPWEC01,LPWEN,Comercializadores mercado libre
LRB1,RABANOS 1,EBRACC1,ENDG,Fluyente
LRB2,RABANOS 2,EBRACC1,ENDG,Fluyente
LRC1,RECUEJA 1,BERJUCA,BARER,Fluyente
LRC2,RECUEJA 2,BERJUCA,BARER,Fluyente
LRE1,RETORNA 1,EBRA,IBEG,Fluyente
LRE2,RETORNA 2,EBRA,IBEG,Fluyente
LRIB,RIBEIRA,SBEU,ENDG,Embalse
LSARCOS,LSARCOS,FARCOS,NEXU,Solar fotovoltaica
LSER,SERENA,GDNA,ENDG,Embalse
LSERN,LSERN,EPI,REPSB,Eólica terrestre
LSINC01,LUZ INCLUS,LSINC01,LSINC,Comercializadores mercado libre
LSP1,LLESP 1,EBRFEN,ENDG,Fluyente
LSP2,LLESP 2,EBRFEN,ENDG,Fluyente
LSPICOS,PICOS,FLPICOS,GNRA,Solar fotovoltaica
LTAIX,LTAIX,FVTABA,GNRA,Solar fotovoltaica
LTRR,TORRASA,EBRFEN,ENDG,Embalse
LUBAC01,LUBALOO,LUBAC01,LUBAL,Comercializadores mercado libre
LUBIAN,LUBIAN,LUBIAN,WMARK,Eólica terrestre
LUBRISU,LUBRISU,TFLUBRB,SEDAE,Gas natural cogeneración
LUC1,L.URQUIJ 1,JUCA,IBEG,Embalse
LUC2,L.URQUIJ 2,JUCA,IBEG,Embalse
LUC3,L.URQUIJ 3,JUCA,IBEG,Embalse
LUC4,L.URQUIJ 4,JUCA,IBEG,Embalse
LUCAC01,LUCIFERASA,LUCAC01,LUCIA,Comercializadores mercado libre
LUCAINE,LUCAINE,FLUCA,CEG,Solar fotovoltaica
LUCERO1,LUCERO,FAUDAX,ADXRE,Solar fotovoltaica
LUCIC01,LUCI,LUCIC01,LUCIE,Comercializadores mercado libre
LUCKC01,UP LUCKY,LUCKC01,LUCK,Comercializadores mercado libre
LUG1,LUGAN 1,ASIDUE,ASIE,Fluyente
LUG2,LUGAN 2,ASIDUE,ASIE,Fluyente
LUISA,LUISA,EFEGEL2,EGED,Eólica terrestre
LUM1C01,LUM1C01 CO,LUM1C01,LUM1,Comercializadores mercado libre
LUMBRIA,LUMBRIA,FANSA,EGLE,Solar fotovoltaica
LUMIC01,LUMISA,LUMIC01,LUMIE,Comercializadores mercado libre
LUNA,LUNA,DANSZN,HISPE,Eólica terrestre
LUNIX,LUNIX,UPSON3,GNRA,Solar fotovoltaica
LUXC01,LUX FORUM,LUXC01,LUX,Comercializadores mercado libre
LUXIC01,LUXIC01,LUXIC01,LUXIA,Comercializadores mercado libre
LUZNOR,LUZNOR,EHIBGES,IBGES,Eólica terrestre
LUZSC01,UPR LUZSO,LUZSC01,LUZSO,Comercializadores mercado libre
LUZYC01,LUZYC01,LUZYC01,LUZYE,Comercializadores mercado libre
LVG1,LA VEGA 1,GDLQ,ENDG,Fluyente
LVG2,LA VEGA 2,GDLQ,ENDG,Fluyente
LVI1,VILLANUE 1,JUCA,IBEG,Fluyente
LVI2,VILLANUE 2,JUCA,IBEG,Fluyente
LVI3,VILLANUE 3,JUCA,IBEG,Fluyente
MACEC01,MACEC01,MACEC01,MACEB,Consumos directos en mercado
MACFW,MACFW,FVGNRA,GNRA,Solar fotovoltaica
MACHIN,MACHIN,HFEGED,EGED,Fluyente
MADBE,MADBE,FVGNRA,GNRA,Solar fotovoltaica
MADEPMM,MADEPMM,TDIBCUR,IBCUR,Gas natural cogeneración
MADRIGA,MADRIGA,FFWMARK,WMARK,Solar fotovoltaica
MADRON,MADROÑALES,EEGPES,ECYR,Eólica terrestre
MAFRIGE,MAFRIGES,EYPPV6,EPYM,Solar fotovoltaica
MAGAL26,MAGAL26,SESAWIN,SHELL,Eólica terrestre
MAGALLN,MAGALLN,EMGALLN,CEG,Eólica terrestre
MAGALLO,MAGALLO,EGEAMG,CEG,Eólica terrestre
MAGANA,MAGANA,EREGPE1,ECYR,Eólica terrestre
MAGASQ,MAGASQ,FMAGVE,NEXU,Solar fotovoltaica
MAGAZ,MAGAZ,EGASNE0,GNCO,Eólica terrestre
MAGDAL,MAGDAL,EHIBGES,IBGES,Eólica terrestre
MAGOSA,MAGOSA,TTINTS,EGLE,Gas natural cogeneración
MAGSO1,MAGSO1,FMAGSOL,SOLRC,Solar fotovoltaica
MAGSO2,MAGSO2,FMAGSOL,SOLRC,Solar fotovoltaica
MAHORA,MAHORA,FMAHOR,EBLCO,Solar fotovoltaica
MAITENA,MAITENA,HGUEJG,EGLE,Fluyente
MAJADAA,MAJADAA,FIBGEMS,IBGES,Solar fotovoltaica
MAJAL,MAJAL,EHIBGES,IBGES,Eólica terrestre
MAJOGAZ,MAJOGAZ,EMAJOGA,EBLCO,Eólica terrestre
MAL1,MALVA 1,HCHI,HC G,Fluyente
MAL2,MALVA 2,HCHI,HC G,Fluyente
MAL3,MALVA 3,HCHI,HC G,Fluyente
MAL4,MALVA 4,HCHI,HC G,Fluyente
MALA1,MALA1,MALA1,GNCC,Ciclo combinado
MALAG01,MALAG01,EGASNE1,GNCO,Eólica terrestre
MALAG02,MALAG02,EGASNE1,GNCO,Eólica terrestre
MALEF,MALEF,EHIBGES,IBGES,Eólica terrestre
MALLADA,MALLADA,HCGSCSA,HC G,Eólica terrestre
MALLEN,MALLEN,PEVER2,GNRA,Eólica terrestre
MALPAS,MALPAS,HYMALPA,DETIC,Hidráulica - No UGH
MALPICA,MALPICA,EGMALP,IGNIS,Eólica terrestre
MANDEO,MANDEO,HEGPE,ECYR,Fluyente
MANDRES,MANDRES,HFCEREG,EGLE,Híbrida Renovable
MANGA,MANGA,EGREEN,EGED,Eólica terrestre
MANGMV0,MANGMV02,VMANGM,MANUE,Solar fotovoltaica
MANID,MANID,FVGNRA,GNRA,Solar fotovoltaica
MANTECA,MANTECA,ERIANSA,EBLCO,Eólica terrestre
MANZAN,MANZAN,EMEDI,MEDI,Eólica terrestre
MANZANL,MANZANL,EMANZAN,CEG,Eólica terrestre
MANZNRE,MANZNRE,FMANZAN,NEXU,Solar fotovoltaica
MAPINOS,MAS PINOS,SENFV1,SOMEN,Solar fotovoltaica
MARCETA,MARCETA,HFNEXU,NEXU,Fluyente
MARCHAL,FV MARCHAL,FDREU18,DREUA,Solar fotovoltaica
MARDESE,MARDESEVIL,FFRSPRA,RSPRA,Solar fotovoltaica
MARE,MARE,TMARE,CEG,Gas natural cogeneración
MARINA,MARINA,HYMARIN,DETIC,Hidráulica - No UGH
MARINAD,MARINAD,TMARDG,EGLE,Gas natural cogeneración
MARIOLA,MARIOLA,TMARIG,EGLE,Derivados del petróleo o carbón
MARMELL,MARMELL,EMARME,EGLE,Eólica terrestre
MARQUES,MARQUES,FMARQUE,HISPE,Solar fotovoltaica
MARTC01,MARTB_UP,MARTC01,MARTB,Comercializadores mercado libre
MARTIN,MARTIN,FMARTIN,NEXU,Solar fotovoltaica
MARTINJ,MARTINJ,EHIBGES,IBGES,Eólica terrestre
MARTON,MARTON,FMARTON,WMARK,Solar fotovoltaica
MASAC01,MASAC01,MASAC01,MASAL,Comercializadores mercado libre
MASGALA,MASGALA,EHIBGES,IBGES,Eólica terrestre
MASIC01,MASINTELIG,MASIC01,MASIN,Comercializadores mercado libre
MASIRP,FYRSPRA,MASIRP,MASIN,Solar fotovoltaica
MASNC01,MASNORTEGL,MASNC01,MASNA,Comercializadores mercado libre
MASQC01,MASQC01,MASQC01,MASQL,Comercializadores mercado libre
MATABUE,MATABUE,PEVER,GNRA,Eólica terrestre
MATAC01,MATACOUTA,MATAC01,MATA,Consumos directos en mercado
MATAT,MATALLANA,SENFV1,SOMEN,Solar fotovoltaica
MAZA,MAZA,EHIBGES,IBGES,Eólica terrestre
MAZEC01,MAZE ENERG,MAZEC01,MAZEE,Comercializadores mercado libre
MAZEINI,GENFV,MAZEINI,MAZEE,Solar fotovoltaica
MAZGD,MAZGD,FVGNRA,GNRA,Solar fotovoltaica
MAZNARS,MANZNS,FMNZARS,GNRA,Solar fotovoltaica
MAZORAJ,MAZORAJ,EGREEN,EGED,Eólica terrestre
MAZORRA,MAZORRA,EGREEN,EGED,Eólica terrestre
MCABEZA,MCABEZA,EGVENTO,IGNIS,Eólica terrestre
MCAVE,MAGASCONA,VEMTR,GNRA,Solar fotovoltaica
MCH1,MORANCH 1,BERJUCA,BARER,Fluyente
MCH2,MORANCH 2,BERJUCA,BARER,Fluyente
MCHONI,MCHONI,EHIBGES,IBGES,Eólica terrestre
MCHONIV,MCHONIV,EHIBGES,IBGES,Eólica terrestre
MCHONSU,MCHONSU,EHIBGES,IBGES,Eólica terrestre
MCLIX,MCLIX,UPSON3,GNRA,Solar fotovoltaica
MDN1,MEDIANO 1,EBRACC2,ENDG,Embalse
MDN2,MEDIANO 2,EBRACC2,ENDG,Embalse
MED107,MED107,FMED107,SOLRC,Solar fotovoltaica
MEGAC01,MEGAC01,MEGAC01,MEGAW,Comercializadores mercado libre
MEGC01,MEGARA,MEGC01,MEG,Comercializadores mercado libre
MEH,MEH,TMEH,CEG,Gas natural cogeneración
MEIRA,MEIRA,EHIBGES,IBGES,Eólica terrestre
MELENCH,MELENCH,T1CEG,CEG,Gas natural cogeneración
MELIDA,MELIDA,HATUDEL,EGED,Fluyente
MELUC01,HISPA,MELUC01,MELUL,Consumos directos en mercado
MEN1,MENDARAZ 1,EBRA,IBEG,Fluyente
MEN2,MENDARAZ 2,EBRA,IBEG,Fluyente
MENAUTE,MENAUTE,EEGPEM,ECYR,Eólica terrestre
MENEC01,MENEC01,MENEC01,MENER,Comercializadores mercado libre
MERC01,MERC01,MERC01,MEROL,Consumos directos en mercado
MERCA,MERCA,HMERCA,EGLE,Fluyente
MERCCP3,RIGHT EXP,MERCCP3,MERCU,Importación Francia
MERCVP3,RIGHT IMP,MERCVP3,MERCU,Exportación Francia
MERID19,MERID19,FMERI19,NEXU,Solar fotovoltaica
MERIDA,MERIDA,SHEPV11,SHEEN,Solar fotovoltaica
MERKC01,MERKAOÑA,MERKC01,MERKA,Comercializadores mercado libre
MERML,MERML,FVGNRA,GNRA,Solar fotovoltaica
MEROL,MEROLA,HFNEXU,NEXU,Fluyente
MERUELO,MERUELO,RMERU,CEG,Biogás
METCEL2,METCEL2,METER01,METEN,Comercializadores mercado libre
METCEL3,METCEL3,METER01,METEN,Comercializadores mercado libre
METCEL4,METCEL4,METER01,METEN,Comercializadores mercado libre
METCEL5,METCEL5,METER01,METEN,Comercializadores mercado libre
METCEL6,METCEL6,METER01,METEN,Comercializadores mercado libre
METCEL7,METCEL7,METER01,METEN,Comercializadores mercado libre
METCEL8,METCEL8,METER01,METEN,Comercializadores mercado libre
METCELS,ES-MET_,METER01,METEN,Comercializadores mercado libre
METEC01,METEC01,METEC01,METEN,Comercializadores mercado libre
METEV01,FYIBCUR,METEV01,METEN,Solar fotovoltaica
METSAK1,METSAK1,SAHKR01,SAHKO,Comercializadores mercado libre
METSAK2,METSAK2,SAHKR01,SAHKO,Comercializadores mercado libre
METSAK3,METSAK3,SAHKR01,SAHKO,Comercializadores mercado libre
METSAK4,METSAK4,SAHKR01,SAHKO,Comercializadores mercado libre
METSAK5,METSAK5,SAHKR01,SAHKO,Comercializadores mercado libre
METSAK6,METSAK6,SAHKR01,SAHKO,Comercializadores mercado libre
MEZ1,MEZONZO 1,UFGC,GNFG,Embalse
MEZ2,MEZONZO 2,UFGC,GNFG,Embalse
MFREC01,MFREC01,MFREC01,MFRSA,Consumos directos en mercado
MFUSTE2,FYEEXXI,MFUSTE2,TRISO,Solar fotovoltaica
MG50ZA,MG50ZA,FORTR01,FORTI,Comercializadores mercado libre
MGQUILA,MGQUILA,FMGQILA,NEXU,Solar fotovoltaica
MI2000,MI2000,ENDER01,ENDCO,Comercializadores mercado libre
MIAJADA,BIOMIAJADA,RFEGED,EGED,Biomasa
MIBAIDA,MIBAIDA,FMBAIDA,NEXU,Solar fotovoltaica
MICHAR,MICHAR,TFIBGES,IBGES,Gas natural cogeneración
MICHVAL,MICHVAL,TFIBGES,IBGES,Gas natural cogeneración
MICHVIT,MICHVIT,TFIBGES,IBGES,Gas natural cogeneración
MIDCOTR,MIDCO,TERMLNO,GESTE,Solar térmica
MIESA,MIESA,HFGNRA,GNRA,Fluyente
MIGASA,MIGASA,COGMIGA,DETIC,Gas natural cogeneración
MIGFW,MIGFW,FVGNRA,GNRA,Solar fotovoltaica
MIGRODA,MIGRODA,TNEOROD,EGLE,Gas natural cogeneración
MIL1,MILLER 1,JUCA,IBEG,Embalse
MIL2,MILLER 2,JUCA,IBEG,Embalse
MIL3,MILLER 3,JUCA,IBEG,Embalse
MILAEDS,MILAEDS,TMILAG,EGLE,Gas natural cogeneración
MILANO,UF MILANO,SMILANO,IGNIS,Solar fotovoltaica
MILII,MILLAS II,MILII,LMER,Gas natural cogeneración
MILLEDS,TMILLAN,TMILLAN,EGLE,Gas natural cogeneración
MILLII1,MILLARES21,JUCA,IBEG,Embalse
MILLII2,MILLARES22,JUCA,IBEG,Embalse
MIM152,MIM152,FMIM152,SOLRC,Solar fotovoltaica
MINAC01,MINAC01,MINAC01,MINAL,Consumos directos en mercado
MINGORR,MINGORR,PEVER,GNRA,Eólica terrestre
MINIC01,MINAI,MINIC01,MINAI,Comercializadores mercado libre
MINON,MINON,EMINON,NEXU,Eólica terrestre
MIRABE,MIRABE,EGASNE2,GNCO,Eólica terrestre
MIRAFL,MIRAFLORES,FGASNE2,GNCO,Solar fotovoltaica
MIRALCA,MIRALCAMP,TMIRALP,LMER,Gas natural cogeneración
MIRAMU,MIRAMUNDO,FMIRAMU,NEXU,Solar fotovoltaica
MIRBNA,MIRBNA,FMIRBNA,CEG,Solar fotovoltaica
MISTRAL,MISTRAL,FMISTRA,NEXU,Solar fotovoltaica
MJIMENA,MJIMENA,EMIRASI,MIRAS,Eólica terrestre
ML1,BARCENA 1,SBEU,ENDG,Embalse
ML2,BARCENA 2,SBEU,ENDG,Embalse
MLAGROF,MLAGROF,FMILGRO,GESTE,Solar fotovoltaica
MLIN,MLIN,JUCAR2,CTNU,Fluyente
MLT1,MORALET 1G,MLTG,ENDG,Turbinación bombeo
MLT1B,MORALET 1B,MLTB,ENDG,Consumo bombeo
MLT2,MORALET 2G,MLTG,ENDG,Turbinación bombeo
MLT2B,MORALET 2B,MLTB,ENDG,Consumo bombeo
MLT3,MORALET 3G,MLTG,ENDG,Turbinación bombeo
MLT3B,MORALET 3B,MLTB,ENDG,Consumo bombeo
MMARBAN,MMARBAN,EFPART,GNCO,Eólica terrestre
MMATAS,MMATAS,FMATAS,NEXU,Solar fotovoltaica
MMOLON,MMOLON,EHIBGES,IBGES,Eólica terrestre
MN31ZU,MN31ZU,FORTR01,FORTI,Comercializadores mercado libre
MNDALA,MNDALA,FMANDLA,NEXU,Solar fotovoltaica
MNE1,MANERU 1,ASIEBRO,ASIE,Fluyente
MNE2,MANERU 2,ASIEBRO,ASIE,Fluyente
MNG1,MENGIBAR 1,GDLQ,ENDG,Fluyente
MNG2,MENGIBAR 2,GDLQ,ENDG,Fluyente
MNG3,MENGIBAR 3,GDLQ,ENDG,Fluyente
MNI1,MANISES 1,JUCA,IBEG,Fluyente
MNI2,MANISES 2,JUCA,IBEG,Fluyente
MNJU,MENJU,JUCA,IBEG,Fluyente
MNQU,MONTESQUIU,EBRFEN,ENDG,Fluyente
MNS1,MANSILLA 1,EBRA,IBEG,Fluyente
MNS2,MANSILLA 2,EBRA,IBEG,Fluyente
MNUZA,MNUZA,HGDF01,EBLCO,Fluyente
MNZNQUE,MNZNQUE,FMANZQE,NEXU,Solar fotovoltaica
MO08SV,MO08SV,FORTR01,FORTI,Comercializadores mercado libre
MOARBOL,MOARBOL,EMOARG,EGLE,Eólica terrestre
MOCCB,MOCCB,UPMOC,GNRA,Solar fotovoltaica
MODIC01,MODISPREM,MODIC01,MODI,Consumos directos en mercado
MODSP,MODSP,MODOH,GNRA,Solar fotovoltaica
MOIAC01,MAT MOIA,MOIAC01,MOIA,Consumos directos en mercado
MOINSA,MOINSA,TFINSA,CEG,Gas natural cogeneración
MOJADO,MOJADO,FMOJADO,CEG,Solar fotovoltaica
MOLAC01,MOLAC01,MOLAC01,MOLAL,Comercializadores mercado libre
MOLARM,MOLARM,EHIBGES,IBGES,Eólica terrestre
MOLEC01,MOLECOR,MOLEC01,MOLE,Consumos directos en mercado
MOLI,MOLI,EBRFEN,ENDG,Fluyente
MOLINO,MOLINO-3MW,PLENFV1,ALDRO,Solar fotovoltaica
MOLSE,MOLSE,FVGNRA,GNRA,Solar fotovoltaica
MOLTO,MOLTO,COGMOLT,DETIC,Gas natural cogeneración
MOM1,MONTAMA 1G,EBRFEN,ENDG,Embalse
MOM1B,MONTAMA 1B,ENDPRB,ENDG,Consumo bombeo
MOM2,MONTAMA 2G,EBRFEN,ENDG,Embalse
MOM2B,MONTAMA 2B,ENDPRB,ENDG,Consumo bombeo
MONCA,MONCA,UPMONC,GNRA,Solar fotovoltaica
MONCAYU,MONCAYU,EGREEN1,EGED,Eólica terrestre
MONCIR,MONCIR,EGASN2U,GNCO,Eólica terrestre
MONCLUE,MONCLUE,EMONCLU,EBLCO,Eólica terrestre
MONDIGO,MONDIGO,PEMONDI,WMARK,Eólica terrestre
MONDONE,MONDONE,EFGVDO,EGLE,Eólica terrestre
MONG1,MONG1,FVGNRA,GNRA,Solar fotovoltaica
MONG2,MONG2,FVGNRA,GNRA,Solar fotovoltaica
MONREAL,MONREAL,EGREEN,EGED,Eólica terrestre
MONSEI,MONSEIVANE,HCGSIHA,HC G,Eólica terrestre
MONTAMA,MONTAMARTA,EGASNE0,GNCO,Eólica terrestre
MONTANE,MONTANE,HRIEAG,EGLE,Hidráulica - No UGH
MONTARG,MONTARG,EEGPEV,ECYR,Eólica terrestre
MONTCEO,MONTCEO,EOITAV,EGLE,Eólica terrestre
MONTENA,MONTENA,HYMONTE,DETIC,Hidráulica - No UGH
MONTERO,MONTERO,UPEBRO,IGNIS,Eólica terrestre
MONTESO,MONTESOL,FMONTES,NEXU,Solar fotovoltaica
MONTET,MONTET,EGASN2U,GNCO,Eólica terrestre
MONTIJA,MONTIJA,EGASNE0,GNCO,Eólica terrestre
MONTOUT,MONTOUTO,EMONTOU,EGLE,Eólica terrestre
MONZEDS,MONZEDS,TMONZO,EGLE,Gas natural cogeneración
MOR1,MORANA 1,EBRACC1,ENDG,Fluyente
MOR2,MORANA 2,EBRACC1,ENDG,Fluyente
MORAL,MORAL,EFEGED,EGED,Eólica terrestre
MORAL1,MORAL1,EMORAL1,EBLCO,Eólica terrestre
MORAL2,MORAL2,EMORAL1,EBLCO,Eólica terrestre
MORALAS,MORALAS,FMORALA,CEG,Solar fotovoltaica
MORATLL,MORATLL,HCHI2,HC G,Fluyente
MORAVIA,MORAVIA,COGMORA,DETIC,Gas natural cogeneración
MORE,MORES,EBRERZ,ENDG,Fluyente
MOREDA,MOREDA,HCOHIG,EGLE,Fluyente
MORELA1,MORELLA 1,EENRO,NEXU,Fuel
MORELA2,MORELLA 2,EENRO2,NEXU,Fuel
MORERAS,MORERAS,SENFV1,SOMEN,Solar fotovoltaica
MORON,MORON,EHIBGES,IBGES,Eólica terrestre
MORRAB,MORRAB,EHIBGES,IBGES,Eólica terrestre
MORRONE,MORRONE,EGREEN1,EGED,Eólica terrestre
MORTC01,MORTERO PE,MORTC01,MORTE,Comercializadores mercado libre
MOSTAZA,MOSTAZA,EMOSTAZ,NEXU,Eólica terrestre
MOTAC01,UPMONTARTO,MOTAC01,MONTR,Comercializadores mercado libre
MOTARRO,MOTARRO,EYMOTAR,DETIC,Eólica terrestre
MOTILLA,MOTILLA,EEGPES,ECYR,Eólica terrestre
MOURIN,MOURIN,EGASNE2,GNCO,Eólica terrestre
MOVALS3,MOVALS3,TMOVIAL,EENER,Gas natural cogeneración
MOVALS5,MOVALS5,TMOVIAL,EENER,Gas natural cogeneración
MOVALSA,MOVALSA,RCMOVA,EENER,Biomasa
MOVHC01,MOVHC01,MOVHC01,MOVHE,Comercializadores mercado libre
MOVIASA,MOVIASA,TMOVIAS,EENER,Gas natural cogeneración
MOVIC01,MOVIC01,MOVIC01,MOVIE,Comercializadores mercado libre
MOYGIRA,MOYGIRA,TMOYGI,CEG,Gas natural cogeneración
MOYZIER,MOYZIER,TMOYGI,CEG,Gas natural cogeneración
MPIEDR,MPIEDR,HYPIEDR,DETIC,Hidráulica - No UGH
MPUNTE,MPUNTE,HMPUNTE,NEXU,Fluyente
MQN1,MEQUINEN 1,EBRFEN,ENDG,Embalse
MQN2,MEQUINEN 2,EBRFEN,ENDG,Embalse
MQN3,MEQUINEN 3,EBRFEN,ENDG,Embalse
MQN4,MEQUINEN 4,EBRFEN,ENDG,Embalse
MQUESA,MQUESADO,PEVER,GNRA,Eólica terrestre
MR-AN,MR-AN,TGYER01,TGYE,Comercializadores mercado libre
MR-CR,MR-CR,TGYER01,TGYE,Comercializadores mercado libre
MR-HY,MR-HY,TGYER01,TGYE,Comercializadores mercado libre
MR-JG,MR-JG,TGYER01,TGYE,Comercializadores mercado libre
MR-LZ,MR-LZ,TGYER01,TGYE,Comercializadores mercado libre
MRAPG,MRAPG,UPMRA,GNRA,Eólica terrestre
MRCHENA,MRCHENA,FMCHENA,NEXU,Solar fotovoltaica
MRD1,MIRAN HC 1,HCHI,HC G,Fluyente
MRD2,MIRAN HC 2,HCHI,HC G,Fluyente
MRD3,MIRAN HC 3,HCHI,HC G,Fluyente
MRD4,MIRAN HC 4,HCHI,HC G,Fluyente
MREDON,MREDON,EGASNE0,GNCO,Eólica terrestre
MRIGAL1,MRIGAL1,FRIGAL1,NEXU,Solar fotovoltaica
MRIGAL2,MRIGAL2,FRIGAL2,NEXU,Solar fotovoltaica
MRINERO,MRINERO,FMRIERO,NEXU,Solar fotovoltaica
MRM1,MARMOLEJ 1,GDLQ,ENDG,Fluyente
MRM2,MARMOLEJ 2,GDLQ,ENDG,Fluyente
MRR1,MARRACOS 1,EBRACC1,ENDG,Fluyente
MRR2,MARRACOS 2,EBRACC1,ENDG,Fluyente
MSALAZA,MSALAZA,HPGNRA,GNRA,Fluyente
MSERRA,MSERRA,EFPART,GNCO,Eólica terrestre
MSM,MSM,UPBELOR,IGNIS,Derivados del petróleo o carbón
MSSR01,MSSR01,ENDER01,ENDCO,Comercializadores mercado libre
MSSR02,MSSR02,ENDER01,ENDCO,Comercializadores mercado libre
MSUSO,MSUSO,HIDAGST,GESTE,Fluyente
MSVSC01,MSVSC01 CO,MSVSC01,MSVSL,Comercializadores mercado libre
MTF1,MONTEFUR 1,SIL,IBEG,Embalse
MTF2,MONTEFUR 2,SIL,IBEG,Embalse
MTF3,MONTEFUR 3,SIL,IBEG,Embalse
MTN1,S.MARTIN,SIL,IBEG,Embalse
MTOCB,MTOCB,FVGNRA,GNRA,Solar fotovoltaica
MUBEAS,MUBEAS,ENDER01,ENDCO,Comercializadores mercado libre
MUDARRA,MUDARRA,INTRE02,INTRA,Solar fotovoltaica
MUDEFER,MUDEFER,ECATER,EGLE,Eólica terrestre
MUDEI1,MUDEI1,UPMUD1,GNRA,Solar fotovoltaica
MUDEI2,MUDEI2,UPMUD2,GNRA,Solar fotovoltaica
MUE1,MUELA 1G,MUEL,IBEG,Turbinación bombeo
MUE1B,MUELA 1B,MUEB,IBEG,Consumo bombeo
MUE2,MUELA 2G,MUEL,IBEG,Turbinación bombeo
MUE2B,MUELA 2B,MUEB,IBEG,Consumo bombeo
MUE3,MUELA 3G,MUEL,IBEG,Turbinación bombeo
MUE3B,MUELA 3B,MUEB,IBEG,Consumo bombeo
MUE4,MUELA 4G,MUEL,IBEG,Turbinación bombeo
MUE4B,MUELA 4B,MUEB,IBEG,Consumo bombeo
MUE5,MUELA 5G,MUEL,IBEG,Turbinación bombeo
MUE5B,MUELA 5B,MUEB,IBEG,Consumo bombeo
MUE6,MUELA 6G,MUEL,IBEG,Turbinación bombeo
MUE6B,MUELA 6B,MUEB,IBEG,Consumo bombeo
MUE7,MUELA 7G,MUEL,IBEG,Turbinación bombeo
MUE7B,MUELA 7B,MUEB,IBEG,Consumo bombeo
MUELA,MUELA,EHIBGES,IBGES,Eólica terrestre
MUELA2,MUELA2,EREGPEM,ECYR,Eólica terrestre
MUELA3,MUELA3,EREGPEM,ECYR,Eólica terrestre
MUELCUB,MUELCUB,EIBGENO,IBGES,Eólica terrestre
MUELLE,MUELLE,FMUELLE,NEXU,Solar fotovoltaica
MUESC01,MUESC01,MUESC01,MUEST,Consumos directos en mercado
MULA001,MULA001,FFWMARK,WMARK,Solar fotovoltaica
MULATON,MULATON,EGREEN1,EGED,Eólica terrestre
MULBC01,MULTITELEC,MULBC01,MULTB,Comercializadores mercado libre
MULTC01,MULTIC01,MULTC01,MULTI,Comercializadores mercado libre
MUNE2,MUNE2,HCGEORS,HC G,Eólica terrestre
MUNIESA,MUNIESA,EREGPEV,ECYR,Eólica terrestre
MUNLASA,MUNLASA,EMCIBGE,IBGES,Eólica terrestre
MURAS1,MURAS1,EHIBGES,IBGES,Eólica terrestre
MURAS2,MURAS2,EHIBGES,IBGES,Eólica terrestre
MURIAS,MURIAS,HMURI,EFG,Hidráulica - No UGH
MURILLO,MURILLO,HFEGED,EGED,Fluyente
MUTAC01,MULTITEC,MUTAC01,MULTA,Comercializadores mercado libre
MUTODO,MUTODO,EMEDI,MEDI,Eólica terrestre
MUTORTO,MUTORTO,EHIBGES,IBGES,Eólica terrestre
MUXIA1,MUXIA1,HCGSCSA,HC G,Eólica terrestre
MUXIA2,MUXIA2,HCGSCSA,HC G,Eólica terrestre
MVILLAL,MVILLAL,EFPART,GNCO,Eólica terrestre
MXXIC01,MYENXXI,MXXIC01,MYENX,Comercializadores mercado libre
MYENC01,MYENC01,MYENC01,MYEN,Comercializadores mercado libre
MYENV01,FPIBCUR,MYENV01,MYEN,Solar fotovoltaica
MYENV03,MYENV03F,MYENV02,MYEN,Solar fotovoltaica
MYENV04,MYENV04,MYENV02,MYEN,Solar fotovoltaica
MYRDM,MYRDM,UPMAY,GNRA,Solar fotovoltaica
MYRTE1,MYRTE1,FMYRTE1,CEG,Solar fotovoltaica
MYSBT1,MYSBT1,UPMYSB,GNRA,Solar fotovoltaica
NABAC01,NABAC01,NABAC01,NABAL,Comercializadores mercado libre
NAC1,NACIMIEN 1,GDLQ,ENDG,Fluyente
NAC2,NACIMIEN 2,GDLQ,ENDG,Fluyente
NACIMIE,NACIMIE,EHIBGES,IBGES,Eólica terrestre
NAECOR,NAECOR,ENDER01,ENDCO,Comercializadores mercado libre
NAFS01,NAFS01,ENDER01,ENDCO,Comercializadores mercado libre
NAFS02,NAFS02,ENDER01,ENDCO,Comercializadores mercado libre
NAFS03,NAFS03,ENDER01,ENDCO,Comercializadores mercado libre
NAFS04,NAFS04,ENDER01,ENDCO,Comercializadores mercado libre
NAFSP,NAFSP,UPFLOR,GNRA,Solar fotovoltaica
NAGAC01,NAGAC01,NAGAC01,NATGA,Comercializadores mercado libre
NAGIC01,NAGIC01,NAGIC01,NAGIN,Comercializadores mercado libre
NAJ1,NAJERILL 1,EBRA,IBEG,Fluyente
NAJ2,NAJERILL 2,EBRA,IBEG,Fluyente
NALSAMA,NALSAMA,RQUINA,EGLE,Residuos varios
NARAN,UF ARAN,TNARAN,GEMSL,Gas natural cogeneración
NASSN,NASSN,FVGNRA,GNRA,Solar fotovoltaica
NAV1,NAV1,GASRGAN,LMER,Biogás
NAVA,SFV NAVA,FGASNE2,GNCO,Solar fotovoltaica
NAVA1,NAVA1,FNAVA1,CEG,Solar fotovoltaica
NAVA2,NAVA2,FNAVA2,CEG,Solar fotovoltaica
NAVAC01,NAVAC01,NAVAC01,NAVAR,Comercializadores mercado libre
NAVALMO,NAVALMO,FNAVALM,EBLCO,Solar fotovoltaica
NAVALVI,NAVALVILL,FEGPEM,ECYR,Solar fotovoltaica
NAVAZO,NAVAZO,EHIBGES,IBGES,Eólica terrestre
NAVCART,NAVCART,EREGPEM,ECYR,Eólica terrestre
NAVDS,NAVDS,PENAV,GNRA,Eólica terrestre
NAVELO,NAVELO,EREGPEM,ECYR,Eólica terrestre
NAVELOS,NAVELOS,FNVELOS,NEXU,Solar fotovoltaica
NAVIG1,NAVIG1,ENDER01,ENDCO,Comercializadores mercado libre
NAVQUES,NAVQUES,EREGPEM,ECYR,Eólica terrestre
NAZEN,NAZEN,HFGNRA,GNRA,Fluyente
NBALBOA,NBALBOA,FIBGENB,IBGES,Solar fotovoltaica
NBSAA,NBSAA,UPNIEB,GNRA,Solar fotovoltaica
NCA,NCA,TNCA,AME,Gas natural cogeneración
NCAS,NUEVOCASTI,GDLQ,ENDG,Fluyente
NCEC01,NCEC01,NCEC01,NCE,Comercializadores mercado libre
NCEGE,VENTA FV,NCEGE,NCE,Solar fotovoltaica
NCHO,NUEVOCHORR,GDLQ,ENDG,Fluyente
NCINCAV,UF CINCA V,TNCINCA,GEMSL,Gas natural cogeneración
NEASC01,SPECTRA,NEASC01,NEAS,Comercializadores mercado libre
NEASCP3,NEASCP3,NEASCP3,NEAS,Importación Francia
NEASVP3,NEAS,NEASVP3,NEAS,Exportación Francia
NEDANOR,PE NEDA,PEONEDA,WMARK,Eólica terrestre
NEGR,NEGRATIN,GDLQ,ENDG,Embalse
NEGREDO,NEGREDO,ENEGRED,EBLCO,Eólica terrestre
NEME2,NEME2,FVGNRA,GNRA,Solar fotovoltaica
NEMOC01,NEMOC01,NEMOC01,NEMON,Comercializadores mercado libre
NEOPAS,NEOPAS,TNEO,CLIDM,Gas natural cogeneración
NEOSOL,NEOSOL,FNEOSOL,CEG,Solar fotovoltaica
NEREA,NEREA,EGASNE0,GNCO,Eólica terrestre
NESPE,NESPE,TNESEP,AME,Gas natural cogeneración
NETOC01,NETON,NETOC01,NETON,Comercializadores mercado libre
NETRC01,NETRA PENI,NETRC01,NETRA,Comercializadores mercado libre
NEUCCX1,PORGENC,NEUCCX1,NEURO,Porfolio
NEUCVX1,PORGENV,NEUCVX1,NEURO,Porfolio
NEXAC01,NEXT COMPR,NEXAC01,NEXAM,Comercializadores mercado libre
NEXOC01,NEXORA,NEXOC01,NEXOR,Comercializadores mercado libre
NEXPCX1,PORGENC,NEXPCX1,NEXU,Porfolio
NEXPVX1,PORGENV,NEXPVX1,NEXU,Porfolio
NEXTC01,NEXT,NEXTC01,NEXAP,Comercializadores mercado libre
NEXUC01,NEXUC01,NEXUC01,NEXU,Comercializadores mercado libre
NFOEL,NFOEL,FVGNRA,GNRA,Solar fotovoltaica
NFUEDP,UF FDP,TNFUEDP,GEMSL,Gas natural cogeneración
NGRADO,UF GRADO,TNGRADO,GEMSL,Gas natural cogeneración
NIDHCP3,NIDHCP3,NIDHCP3,NIDHO,Importación Francia
NIDHVP3,NIDHVP3,NIDHVP3,NIDHO,Exportación Francia
NIEVA1,NIEVA1,EFWMARK,WMARK,Eólica terrestre
NIEVA2,NIEVA2,EFWMARK,WMARK,Eólica terrestre
NIGUELA,NIGUELA,HNIGUEL,GNRA,Fluyente
NIJARMA,NIJARMA,FNIJAR,EGLE,Solar fotovoltaica
NILIX,NILIX,UPSON3,GNRA,Solar fotovoltaica
NILLA,NILLA,LAFRV,GNRA,Solar fotovoltaica
NIVAC01,NIVAC01,NIVAC01,NIVA,Consumos directos en mercado
NIVAJ,NIVAJ,COGAJ5,GNRA,Derivados del petróleo o carbón
NIVELUR,NIVELUR,COGAJ5,GNRA,Derivados del petróleo o carbón
NMORON,UF MORON,TNMORON,GEMSL,Gas natural cogeneración
NOBEC01,NOBEC01,NOBEC01,NOBE,Comercializadores mercado libre
NOBLCP3,CONS ACCT,NOBLCP3,NOBLE,Importación Francia
NOBLEJA,NOBLEJA,FNOBLEJ,NEXU,Solar fotovoltaica
NOBLVP3,PROD ACCT,NOBLVP3,NOBLE,Exportación Francia
NOCAST,NOCAST,HXAL2,IGNIS,Embalse
NOCTC01,NOCTILUCA,NOCTC01,NOCTI,Comercializadores mercado libre
NOCTIS6,NOCTIS6,FNOCTI6,NEXU,Solar fotovoltaica
NOEL1,NOEL1,TNOEL,NOEL,Gas natural cogeneración
NOEL2,NOEL2,TNOEL,NOEL,Gas natural cogeneración
NOGUE,NOGUE,EHIBGES,IBGES,Eólica terrestre
NOPINDO,NOPINDO,HXAL1,IGNIS,Embalse
NOR1,NORIAS 1,EBRA,IBEG,Fluyente
NOR2,NORIAS 2,EBRA,IBEG,Fluyente
NORDCON,NORDCON,TVGNRA2,GNRA,Derivados del petróleo o carbón
NOREC01,NOREC01,NOREC01,NORE,Comercializadores mercado libre
NORTC01,NORTC01,NORTC01,NORT,Comercializadores mercado libre
NOSAC01,NOSAC01,NOSAC01,NOSA,Comercializadores mercado libre
NOSR01F,NOSR01F,ENSRR01,ENUFR,Comercializadores mercado libre
NOSTIAN,NOSTIAN,RALBAD,CEG,Biogás
NOVAFRI,NOVAFRI,COGNOVA,DETIC,Gas natural cogeneración
NOVELDA,NOVELDA,FNOVELD,NEXU,Solar fotovoltaica
NOVO,NOVO,EGASNE0,GNCO,Eólica terrestre
NOVVB,NOVVB,FVGNRA,GNRA,Solar fotovoltaica
NPCE2,NPCE2,TNPCE,WMARK,Gas natural cogeneración
NSA,NSA,TNSA,AME,Gas natural cogeneración
NSMER,NSMER,HNSMER,REPSB,Fluyente
NSTINEO,NSTINEO,PEVER,GNRA,Eólica terrestre
NUCERA,NUCERA,EUCDR01,WMARK,Consumos directos en mercado
NUCERAM,NUCERAM,TNPCE,WMARK,Gas natural cogeneración
NUEAT,NUEAT,UPATOMI,IGNIS,Gas natural cogeneración
NUFRB01,NUFRB01,NUFRR01,ENUFR,Consumos directos en mercado
NUKIC01,NUKIK COM,NUKIC01,NUKIK,Comercializadores mercado libre
NULENSE,NULENSE,COGNULE,DETIC,Gas natural cogeneración
NUMAN,NUMAN,FNUMAN,CEG,Solar fotovoltaica
NUMCC01,NUMCC01,NUMCC01,NUMI,Comercializadores mercado libre
NUREL,NUREL,SESAR01,SHELL,Comercializadores mercado libre
NVARRA,NVRRA,FNAVAR,GESTE,Solar fotovoltaica
NVLUC01,NVLUC01,NVLUC01,NVLZE,Comercializadores mercado libre
NWENC01,NWENC01,NWENC01,NORDW,Comercializadores mercado libre
NYCLC01,NYCLC01,NYCLC01,NYCLI,Comercializadores mercado libre
OBAGOLS,OBAGOLS,FOBAGLS,NEXU,Solar fotovoltaica
OCUIX,OCUIX,UPSON2,GNRA,Solar fotovoltaica
OCYC01,OCYC01,OCYC01,OCYE,Comercializadores mercado libre
ODARC01,ODARA,ODARC01,ODARA,Comercializadores mercado libre
ODELC01,ODELL,ODELC01,ODELL,Comercializadores mercado libre
ODFC01,ODFC01,ODFC01,ODF,Comercializadores mercado libre
ODOB2,ODOB2,EGALLE,REPSB,Eólica terrestre
ODOB3,ODOB3,EGALLE,REPSB,Eólica terrestre
OESTC01,RONDAOESTE,OESTC01,OESTE,Comercializadores mercado libre
OHMIC01,UP OHMIO,OHMIC01,OHMIA,Comercializadores mercado libre
OIZ,OIZ,EHIBGES,IBGES,Eólica terrestre
OIZ1,OIZ 1,EBRA,IBEG,Fluyente
OIZ2,OIZ 2,EBRA,IBEG,Fluyente
OJALBOS,OJALBOS,HCGSCS3,HC G,Eólica terrestre
OJER,OJER MARCO,BEREBRO,BARER,Fluyente
OKENC01,OKENE,OKENC01,OKENE,Comercializadores mercado libre
OLALDE1,OLALDE1,HFEGED,EGED,Fluyente
OLALDE2,OLALDE2,HFEGED,EGED,Fluyente
OLCESA,OLCESA,TCOOSU2,DETIC,Derivados del petróleo o carbón
OLEC01,OLE,OLEC01,OLE,Comercializadores mercado libre
OLEXTR,OLEXTR,TOLEXTR,COGEN,Gas natural cogeneración
OLI1,OLIANA 1,EBRFEN,ENDG,Embalse
OLI2,OLIANA 2,EBRFEN,ENDG,Embalse
OLI3,OLIANA 3,EBRFEN,ENDG,Embalse
OLIADO,OLIADO,EOLIADO,EGLE,Eólica terrestre
OLISE,OLISE,UPOLI,GNRA,Solar fotovoltaica
OLIVA,OLIVA,FOLIVA,NEXU,Solar fotovoltaica
OLIVC01,OLIVIA 01,OLIVC01,OLIVC,Comercializadores mercado libre
OLIVE23,OLIVENZA23,OLIVE23,ADXRE,Solar fotovoltaica
OLIVE24,OLIVENZA24,OLIVE24,ADXRE,Solar fotovoltaica
OLIVENZ,OLIVENZ,SOLINZA,EGLE,Solar térmica
OLIVI,OLIVI,EFWMARK,WMARK,Eólica terrestre
OLIVNZA,VNZ,FVENZA,GESTE,Solar fotovoltaica
OLIVRE2,OLIVRE2,FOLIVR2,NEXU,Solar fotovoltaica
OLIVRE3,OLIVRE3,FOLIVR3,NEXU,Solar fotovoltaica
OLIVRE4,OLIVRE4,FOLIVR4,NEXU,Solar fotovoltaica
OLIVRES,OLIVRES,FOLIVRS,NEXU,Solar fotovoltaica
OLLEC01,OLLEC01,OLLEC01,OLLER,Consumos directos en mercado
OLLIX,OLLIX,FVGNRA,GNRA,Solar fotovoltaica
OLMALR,OLMALR,FOLMALC,NEXU,Solar fotovoltaica
OLMEDIL,OLMEDIL,FBIOLHV,IBGES,Solar fotovoltaica
OLMEDO,OLMEDO,TACOR,EGLE,Gas natural cogeneración
OLTEJAR,OLTEJAR,ROLEIC,EGLE,Biomasa
OLVE2,OLVE2,HXAL2,IGNIS,Embalse
OLVEA,OLVEA,FVGNRA,GNRA,Solar fotovoltaica
OLVEIRA,OLVEIRA,HXAL2,IGNIS,Embalse
OLVEN22,OLIVENZA22,OLVEN22,ADXRE,Solar fotovoltaica
OLVENZA,OLVENZA,FOLVNZ,NEXU,Solar fotovoltaica
OLVNOII,OLVNOII,EREGPEM,ECYR,Eólica terrestre
OLVNZA1,OLVNZA1,FOLVNZ1,NEXU,Solar fotovoltaica
OLVNZA2,OLVNZA2,FOLVNZ2,NEXU,Solar fotovoltaica
OMHEC01,OMHEY,OMHEC01,OHMEY,Comercializadores mercado libre
OMYA01,OMYA01,ENDER01,ENDCO,Comercializadores mercado libre
OMYA02,OMYA02,ENDER01,ENDCO,Comercializadores mercado libre
OMYA03,OMYA03,ENDER01,ENDCO,Comercializadores mercado libre
ONCALA,ONCALA,EREGPE1,ECYR,Eólica terrestre
OND1,ONDINAS 1,SBEU,ENDG,Embalse
OND2,ONDINAS 2,SBEU,ENDG,Embalse
ONDA,ONDA 1,ASIJUCA,ASIE,Fluyente
ONDAGEN,ONDAGEN,TTOVAG,EGLE,Gas natural cogeneración
ONDB,ONDA 2,ASIJUCA,ASIE,Fluyente
ONDC01,ONDC01,ONDC01,ONDAR,Consumos directos en mercado
ONDEC01,ONDEM,ONDEC01,ONDEM,Comercializadores mercado libre
ONDU,ONDUCART,FGEFG,EFG,Solar fotovoltaica
ONEACH,ONEACH,ONEACH,ONE,Importación Marruecos
ONEVEN,ONEVEN,ONEVEN,ONE,Exportación Marruecos
ONIFW,ONIFW,FVGNRA,GNRA,Solar fotovoltaica
ONSEC01,ONSEC01,ONSEC01,ONS,Consumos directos en mercado
OOPPC01,OOPPC01,OOPPC01,OLIVA,Consumos directos en mercado
OPPIC01,OPPIDUM,OPPIC01,OPPI,Comercializadores mercado libre
ORBANEJ,ORBANEJ,EHIBGES,IBGES,Eólica terrestre
OREC,ORELLA CAN,GDNA,ENDG,Embalse
OREL,ORELLANA,GDNA,ENDG,Embalse
ORELLA,TSORELLA,TSORELL,WMARK,Solar térmica
OREMBER,OREMBER,TOREMB,EGLE,Derivados del petróleo o carbón
ORENSAN,ORENSAN,COGRENS,DETIC,Gas natural cogeneración
ORFA,ORFA,EBRFEN,ENDG,Fluyente
ORGANO1,ORGANO1,SESBIO4,SHELL,Biogás
ORIA,ORIA,TORIA,EGLE,Gas natural cogeneración
ORKO,ORKOIEN,EORKO,HISPE,Eólica terrestre
ORO1,ORONOZ 1,EBRA,IBEG,Fluyente
ORO2,ORONOZ 2,EBRA,IBEG,Fluyente
ORTIZMA,ORTIZMA,HHRSPRA,RSPRA,Fluyente
ORUJERA,ORUJERA,COGORUJ,DETIC,Gas natural cogeneración
ORWEC01,COMER,ORWEC01,ORWEL,Comercializadores mercado libre
OSOSP,OSOSP,PIZR,GNRA,Solar fotovoltaica
OTERO,OTERO,EOTERO,EGLE,Eólica terrestre
OURGC01,OURGC01,OURGC01,OURGR,Comercializadores mercado libre
OUROL,OUROL,EPOUROL,NEXU,Eólica terrestre
OVIEIRO,OVIEIRO,EHIBGES,IBGES,Eólica terrestre
OX81BK,OX81BK,FORTR01,FORTI,Comercializadores mercado libre
OXIAND,OXIAND,ENDER01,ENDCO,Comercializadores mercado libre
P2PICOS,P2PICOS,EFWMARK,WMARK,Eólica terrestre
PA11,PASTER 1 1,TERE,ENDG,Embalse
PA21,PASTER 2 1,TERE,ENDG,Fluyente
PA22,PASTER 2 2,TERE,ENDG,Fluyente
PACESPA,PACESPA,RCESRE,EGLE,Biogás
PADORN3,PADORNELO3,EACIBER,WMARK,Eólica terrestre
PADUL,PADUL,EEGPEM,ECYR,Eólica terrestre
PAGU,PAGU,EFGNRA,GNRA,Eólica terrestre
PAJARIT,PAJARIT,FPJRTOS,NEXU,Solar fotovoltaica
PALACIO,PALACIO,TPALAC,EGLE,Gas natural cogeneración
PALANAA,PALANAA,HHRSPRA,RSPRA,Fluyente
PALBOP,PALBOP,ENDER01,ENDCO,Comercializadores mercado libre
PALCHAP,PALCHAP,FFRSPRA,RSPRA,Solar fotovoltaica
PALEMAN,PALEMAN,FNEFTI,EGLE,Solar fotovoltaica
PALGUL,PALGUL,FPALGUL,SOLRC,Solar fotovoltaica
PALMAHI,PALMAHI,METEV04,METEN,Solar fotovoltaica
PALMAR,PALMAR,FPALMAR,NEXU,Solar fotovoltaica
PALO,PALO,FPALO,CEG,Solar fotovoltaica
PALOM,PALOM,HFASIE,ASIE,Fluyente
PALOMRA,PALOMRA,FPALMRA,NEXU,Solar fotovoltaica
PALOS1,PALOS1,PALOS1,GNCC,Ciclo combinado
PALOS2,PALOS 2,PALOS2,GNCC,Ciclo combinado
PALOS3,PALOS 3,PALOS3,GNCC,Ciclo combinado
PALS1,PALS1,FVGNRA,GNRA,Solar fotovoltaica
PALS2,PALS2,FVGNRA,GNRA,Solar fotovoltaica
PALTO,PALTO,EGREEN,EGED,Eólica terrestre
PAMESA,PAMESA,TPAMEC,EGLE,Gas natural cogeneración
PAMP,PAMPANEIRA,GDLQ,ENDG,Fluyente
PAMPMO,PAMPMO,EGASNE1,GNCO,Eólica terrestre
PAMSA,PAMSA,HYPAMSA,CEG,Hidráulica - No UGH
PAN1,PANZARES 1,EBRA,IBEG,Fluyente
PAN2,PANZARES 2,EBRA,IBEG,Fluyente
PANDC01,PANDC01,PANDC01,PANDO,Comercializadores mercado libre
PANDERO,PANDERO,EGREEN,EGED,Eólica terrestre
PANONDR,PANONDR,EHIBGES,IBGES,Eólica terrestre
PANTANE,PANTANET,TPANTA,CEG,Gas natural cogeneración
PANUS,PANUS,FAGAC,GAC,Solar fotovoltaica
PAPEBR,PAPEBR,ENDER01,ENDCO,Comercializadores mercado libre
PAPERT,PAPERT,TAE6COG,COGEN,Gas natural cogeneración
PAPGUIZ,PAPGUIZ,RPGUIZ,EGLE,Residuos varios
PAQUITO,PAQUITO,TCOPAQ,EGLE,Derivados del petróleo o carbón
PAR1,PAREDON 1,GDLQ,ENDG,Fluyente
PAR2,PAREDON 2,GDLQ,ENDG,Fluyente
PARADAS,PARADAS,FPARADA,EBLCO,Solar fotovoltaica
PARADEL,PARADELA,EREGPEV,ECYR,Eólica terrestre
PARAMO,PARAMO,EGREEN,EGED,Eólica terrestre
PARCAS,PARCAS,FPARCAS,NEXU,Solar fotovoltaica
PARDINA,PARDINA,HBARDE,EGLE,Fluyente
PARDINE,PARDINE,HYPARDI,DETIC,Hidráulica - No UGH
PARED3,PARED3,FPARED3,NEXU,Solar fotovoltaica
PARED4,PARED4,FPARED4,NEXU,Solar fotovoltaica
PARED5,PARED5,FPARED5,NEXU,Solar fotovoltaica
PARED6,PARED6,FPARED6,NEXU,Solar fotovoltaica
PARED7,PARED7,FPARED7,NEXU,Solar fotovoltaica
PAREJ,PAREJ,FVGNRA,GNRA,Solar fotovoltaica
PARIDE,PARIDE,EPARIDE,EBLCO,Eólica terrestre
PARIZ,PARIZ,EGREEN,EGED,Eólica terrestre
PARMADA,PARMADA,EEGPEM,ECYR,Eólica terrestre
PARQUE1,PARQUE1,FPRQUE1,NEXU,Solar fotovoltaica
PARQUE2,PARQUE2,FPRQUE2,NEXU,Solar fotovoltaica
PASAJES,PASAJES,FPSJESO,NEXU,Solar fotovoltaica
PASCUAL,PASCUAL,EDPCR01,EDPCL,Comercializadores mercado libre
PASERT,PASERTEX,AE12COG,COGEN,Gas natural cogeneración
PASTOR,PASTOR,EGASN2U,GNCO,Eólica terrestre
PATAMUL,PATAMUL,TCEPMSI,GNRA,Gas natural cogeneración
PATRON,ES-PATRON,EPATRON,EBLCO,Eólica terrestre
PAUL,PAUL,ESRQE,REPSB,Eólica terrestre
PAVISO,PAVISO,ENDER01,ENDCO,Comercializadores mercado libre
PAXAMON,PAXAMON,EEPLLG,EGLE,Eólica terrestre
PAXAR2,PAXAR2,EPEAFG,EGED,Eólica terrestre
PBAR,PBAR,ECERRAG,REPSB,Eólica terrestre
PBCN1,PBCN1,PBCN1,GNCC,Ciclo combinado
PBCN2,PBCN2,PBCN2,GNCC,Ciclo combinado
PBILBAO,PBILBAO,EGREEN,EGED,Eólica terrestre
PBLAN,PBLAN,EGREEN,EGED,Eólica terrestre
PBLANCA,PBLANCA,EGREEN,EGED,Eólica terrestre
PCANADA,PCANADA,EHIBGES,IBGES,Eólica terrestre
PCD1,PICADAS 1,UFTA,GNFG,Embalse
PCD2,PICADAS 2,UFTA,GNFG,Embalse
PCOG,PCOG,TSOGAM,WMARK,Gas natural cogeneración
PCOGEN,PCOGEN,TPCOGEN,EGLE,Gas natural cogeneración
PCON,PCONGOSTO,ASIDUE,ASIE,Fluyente
PCRUZ,PCRUZ,EHIBGES,IBGES,Eólica terrestre
PCUERVO,PCUERVO,PEPCUER,WMARK,Eólica terrestre
PDIOS,PDIOS,EMEDI1,EGED,Eólica terrestre
PDIOS2,PDIOS2,EMEDI1,EGED,Eólica terrestre
PDM1,PDEMOUR 1,UFGC,GNFG,Embalse
PDM2,PDEMOUR 2,UFGC,GNFG,Embalse
PDNSRAD,PDNSRAD,ENEIR01,ENEFI,Comercializadores mercado libre
PDRNOSO,PDRNOSO,FERNOSO,NEXU,Solar fotovoltaica
PE1,PORTO,SBEU,ENDG,Embalse
PEA1,PEARES 1,UFMI,GNFG,Embalse
PEA2,PEARES 2,UFMI,GNFG,Embalse
PEA3,PEARES 3,UFMI,GNFG,Embalse
PEABIL,PEABIL,EABILI,CEG,Eólica terrestre
PEACADE,PE CADEIRA,NORVENT,WMARK,Eólica terrestre
PEACSER,PEACSER,EGASNE0,GNCO,Eólica terrestre
PEALMAT,ALMATRET,EFWMARK,WMARK,Eólica terrestre
PEANOIA,PEANOIA,EALTAN,EGLE,Eólica terrestre
PEARBO,PEARBO,EFERSA,EGLE,Eólica terrestre
PEARCAS,PEARCAS,ESIERAR,HISPE,Eólica terrestre
PEAREII,PEAREII,HFGASN,GNCO,Embalse
PEBARA,PEBARA,EGASNE2,GNCO,Eólica terrestre
PEBARCH,PEBARCH,EFWMARK,WMARK,Eólica terrestre
PEBECE,PEBECERRIL,EPEBECE,CEG,Eólica terrestre
PECAMON,PECAMON,EECARAM,EBLCO,Eólica terrestre
PECANRE,PECANREDON,EGASNE1,GNCO,Eólica terrestre
PECARAM,PECARAM,EECARAM,EBLCO,Eólica terrestre
PECHAN,PECHAN,EFEGEL2,EGED,Eólica terrestre
PECHU,PE CHU,EOTMR,GNRA,Eólica terrestre
PECON,PECON,EMFEN,FEN,Eólica terrestre
PECORII,PECORII,ECORTG,HISPE,Eólica terrestre
PECORTI,PECORTI,EPEPUR,EGLE,Eólica terrestre
PECOTER,PECOTER,EPECOTE,CEG,Eólica terrestre
PECOUCE,PECOUCE,EREGPEM,ECYR,Eólica terrestre
PECOUTE,PECOUTE,EEOMAR,EGLE,Eólica terrestre
PECUEVA,PECUEVA,EBOREA,EGLE,Eólica terrestre
PED1,PEDRALBA 1,ASIJUCA,ASIE,Fluyente
PED2,PEDRALBA 2,ASIJUCA,ASIE,Fluyente
PEDHIVE,PEDHIVE,METEV05,METEN,Solar fotovoltaica
PEDIX,PEDIX,UPPED,GNRA,Solar fotovoltaica
PEDMA,PEDMA,FVGNRA,GNRA,Solar fotovoltaica
PEDRAJA,PEDRAJA,FVPEDRA,WMARK,Solar fotovoltaica
PEDREG,PEDREGALES,EGREEN3,EGED,Eólica terrestre
PEDREGA,PEDREGA,WAUDAX,ADXRE,Eólica terrestre
PEDREGB,PEDREGB,WAUDAX,ADXRE,Eólica terrestre
PEDREGD,PEDREGD,WAUDAX,ADXRE,Eólica terrestre
PEDREJ,PEDREJONES,SHEPV33,SHEEN,Eólica terrestre
PEDRERO,PEDRERO,EGASNE0,GNCO,Eólica terrestre
PEDROL,PEDROL,EHIBPED,NEXU,Híbrida Renovable
PEDRON,PEDRON,HCGSCSA,HC G,Eólica terrestre
PEDUENA,PEDUENA,EHIBGES,IBGES,Eólica terrestre
PEEEE,PEEEE,EREGPEM,ECYR,Eólica terrestre
PEESA,PEESA,EEGPEM,ECYR,Eólica terrestre
PEFLOR,PEFLOR,METEV08,METEN,Solar fotovoltaica
PEG112,PEG112,FPEG112,SOLRC,Solar fotovoltaica
PEGALLE,PEGALLE,EGREEN,EGED,Eólica terrestre
PEGNA01,P.E.PEÑA,EGASNE1,GNCO,Eólica terrestre
PEGNA02,PEGNA02,EEGPEM,ECYR,Eólica terrestre
PEIRIXO,PEIRIXO,EIRIXO,EGLE,Eólica terrestre
PEJAULI,PEJAULI,EFWMARK,WMARK,Eólica terrestre
PEJEREZ,PEJEREZ,EEJEREZ,EBLCO,Eólica terrestre
PEL1,PELGO 1,HMSRO,GNRA,Embalse
PEL2,PELGO 2,HMSRO,GNRA,Embalse
PELACAM,PELACAM,EFWMARK,WMARK,Eólica terrestre
PELALIN,PELALIN,EDEPON,EGLE,Eólica terrestre
PELBAR,PELBAR,EGASN2U,GNCO,Eólica terrestre
PELMN,PELMN,UPELM,GNRA,Solar fotovoltaica
PELOMAS,PELOMAS,ERIANSA,EBLCO,Eólica terrestre
PEMAMUT,PEMAMUT,EMAMUT,EGLE,Eólica terrestre
PEMIJAN,PEMIJAN,EFWMARK,WMARK,Eólica terrestre
PEMNTJO,PEMNTJO,EGASNE1,GNCO,Eólica terrestre
PEMUEL,PEMUEL,EPEMUEL,HISPE,Eólica terrestre
PEMULTI,PEMULTI,EPMULTI,CEG,Eólica terrestre
PEMUR,PE MURCIA,EOTMR,GNRA,Eólica terrestre
PEN1,PEÑADRAD 1,SBEU,ENDG,Embalse
PEN2,PEÑADRAD 2,SBEU,ENDG,Embalse
PENA,PENADEGUI,EBRA,IBEG,Fluyente
PENAS3,FYIBCUR,PENAS3,ISMSL,Solar fotovoltaica
PENAVA,LA NAVA,ENAVA,NEXU,Eólica terrestre
PENAZA,PENAZA,FPENAZA,NEXU,Solar fotovoltaica
PEND1S,PENDIS,HFNEXU,NEXU,Fluyente
PENEDA,PENEDA,HGIES,EGLE,Fluyente
PENINLA,PENINLA,EDPCR01,EDPCL,Comercializadores mercado libre
PENOUTA,PENOUTA,ENOUTA,NEXU,Eólica terrestre
PENTA,PENTA,FVGNRA,GNRA,Solar fotovoltaica
PENUCA,PEÑUCA,EPENUCA,CEG,Eólica terrestre
PEOCHAO,PEOCHAO,EARNO,EGLE,Eólica terrestre
PEOURA,EOL20,TETFEN,FEN,Eólica terrestre
PEOUROL,PEOUROL,EOUROL,EGLE,Eólica terrestre
PEPALOM,PEPALOM,EPALOM,WMARK,Eólica terrestre
PEPRED,PEPRED,EGASN2U,GNCO,Eólica terrestre
PEQUINT,PEQUINT,HCGSCSA,HC G,Eólica terrestre
PER-CG,PER-CG,TGYER01,TGYE,Comercializadores mercado libre
PER-TS,PER-TS,TGYER01,TGYE,Comercializadores mercado libre
PERAJ,PERAJ,EGREEN2,EGED,Híbrida Renovable
PERAPA,EOL PERAPA,FARFEN,FEN,Eólica terrestre
PERDIGU,PERDIGU,HCGSCSA,HC G,Eólica terrestre
PERDON,PERDON,EGREEN,EGED,Eólica terrestre
PERERU,PERERU,HFIBGES,IBGES,Fluyente
PERIB,PERIB,EGFEN,FEN,Eólica terrestre
PERIX2,PERIX2,UPSON1,GNRA,Solar fotovoltaica
PERODEN,PERODEN,EEOLEX,EGLE,Eólica terrestre
PERUCHO,PERUCHO,HPERUC,EGLE,Fluyente
PERUELA,PERUELA,FPRUELA,NEXU,Solar fotovoltaica
PERUL,PERUL,ELBOGA,EGLE,Eólica terrestre
PES1,PESQUER 1,ASIDUE,ASIE,Fluyente
PES2,PESQUER 2,ASIDUE,ASIE,Fluyente
PESCAB,PESCAB,ENDER01,ENDCO,Comercializadores mercado libre
PESCAC,PESCAC,ENDER01,ENDCO,Comercializadores mercado libre
PESCAP,PESCAP,ENDER01,ENDCO,Comercializadores mercado libre
PESCAX,PESCAX,ENDER01,ENDCO,Comercializadores mercado libre
PESIL,PESIL,EHIBGES,IBGES,Eólica terrestre
PESLOA,PESLOA,EEPESLO,EGLE,Eólica terrestre
PESLOB,PESLOB,EEPESLO,EGLE,Eólica terrestre
PESTRIZ,PESTRIZ,EPTRIZ,EGLE,Eólica terrestre
PESURI,PESURI,EREGPES,ECYR,Eólica terrestre
PETAE,PE TARAZON,LECDE,GNRA,Eólica terrestre
PETAHUN,PE TAHUNA,EETAHUN,EBLCO,Eólica terrestre
PETELLA,PETELLA,EALTIPL,PEALT,Eólica terrestre
PETONA,EOL PETONA,BREFEN,FEN,Eólica terrestre
PETORSA,PETORSA,EGREEN,EGED,Eólica terrestre
PETRC01,PETRC01,PETRC01,PESL,Comercializadores mercado libre
PEUADIX,PEUADIX,EACCIT,EGLE,Eólica terrestre
PEUNTAL,PEUNTAL,EUNTAL,EGLE,Eólica terrestre
PEVALI,PEVALI,E1CEG,CEG,Eólica terrestre
PEVALV,PEVALV,EGASN2U,GNCO,Eólica terrestre
PEVIL1,PEVIL1,UPVILLA,GNRA,Eólica terrestre
PEVIL2,PEVIL2,UPVILLA,GNRA,Eólica terrestre
PEZARZU,PEZARZU,ECYLEO,EGLE,Eólica terrestre
PEZORRE,PEZORRERAS,EEZORRE,EBLCO,Eólica terrestre
PFACINA,PFACINA,EFACINA,NEXU,Eólica terrestre
PFLOR3,PFLOR3,EHIBGES,IBGES,Eólica terrestre
PFLOR4,PFLOR4,EHIBGES,IBGES,Eólica terrestre
PFORCA,PFORCA,EGASNE2,GNCO,Eólica terrestre
PGALLO,PGALLO,EFGNRA,GNRA,Eólica terrestre
PGATO,PGATO,EREGPES,ECYR,Eólica terrestre
PGIDR1,PGIDR1,ENDER01,ENDCO,Comercializadores mercado libre
PGIDR2,PGIDR2,ENDER01,ENDCO,Comercializadores mercado libre
PGOM,PIAGOMARTU,PGOM,WMARK,Fluyente
PGORDO,PEROGORDO,FPEROGO,NEXU,Solar fotovoltaica
PGR5TG1,PGR5TG1,PGR5,ENDG,Ciclo combinado
PGR5TG2,PGR5TG2,PGR5,ENDG,Ciclo combinado
PGR5TV,PGR5TV,PGR5,ENDG,Vapor
PGRANDE,PGRANDE,EGVENTO,IGNIS,Eólica terrestre
PIC1,PICOAGA 1,EBRA,IBEG,Fluyente
PIC2,PICOAGA 2,EBRA,IBEG,Fluyente
PICAL,PICAL,EGREEN,EGED,Eólica terrestre
PICAZO,PICAZO,EEGPEM,ECYR,Eólica terrestre
PICOCOL,PICOCOL,EHIBGES,IBGES,Eólica terrestre
PICON2,PICON2,FGASNE2,GNCO,Solar fotovoltaica
PICON3,PICON3,FGASNE2,GNCO,Solar fotovoltaica
PICONI,PICONI,FGASNE2,GNCO,Solar fotovoltaica
PIEDRA,PIEDRA,HCGSIHA,HC G,Eólica terrestre
PIEDRA2,PIEDRA2,RFUENP,EGLE,Biomasa
PIEDRAL,PIEDRAL,HHTTRIN,INTRA,Fluyente
PIEITOI,PIEITOI,HHITOIZ,CEG,Embalse
PIEROL,PIEROL,TPIERO,CEG,Derivados del petróleo o carbón
PIEROLA,PIEROLA,RCESRE,EGLE,Biogás
PILAR,PILAR,EFPART,GNCO,Eólica terrestre
PILIX,PILIX,UPSON2,GNRA,Solar fotovoltaica
PIN1,PINTADO 1,GDLQ,ENDG,Embalse
PIN2,PINTADO 2,GDLQ,ENDG,Embalse
PIN3,PINTADO 3,GDLQ,ENDG,Embalse
PIN3B,PIN3B,GDLQB,ENDG,Consumo bombeo
PINARNE,PINARNEGRI,PLENFV1,ALDRO,Solar fotovoltaica
PINASBI,PINASBI,RPINA,EGLE,Biomasa
PINCI,PINCI,HFGNRA,GNRA,Fluyente
PINDC01,UP PINDO,PINDC01,PINDO,Comercializadores mercado libre
PINGUIN,PINGUIN,EPRADA2,EGLE,Eólica terrestre
PINILLA,PINILLA,EHIBGES,IBGES,Eólica terrestre
PINOSOF,PINOSO UF,PINOSO,ISMSL,Solar fotovoltaica
PINTA,PINTA,FPINTA,NEXU,Solar fotovoltaica
PINUS,PINUS,FABLITA,NEXU,Solar fotovoltaica
PIOCB,PIOCB,UPPIO,GNRA,Solar fotovoltaica
PIRACES,PIRACES,HRIEAG,EGLE,Hidráulica - No UGH
PISUC01,PISUC01,PISUC01,PISUE,Comercializadores mercado libre
PITIEGU,PITIEGU,FPITIEG,NEXU,Solar fotovoltaica
PIZARR2,PIZARR2,FPIZAII,WMARK,Solar fotovoltaica
PIZARRO,PIZARRO,FIBGEPI,IBGES,Solar fotovoltaica
PLA1,PUENTELA 1,EBRA,IBEG,Fluyente
PLA2,PUENTELA 2,EBRA,IBEG,Fluyente
PLA3,PUENTELA 3,EBRA,IBEG,Fluyente
PLABALS,PLABALS,RWESZN,HISPE,Eólica terrestre
PLADELA,PFONT,EYPPV5,EPYM,Solar fotovoltaica
PLAEM,PLAEM,EMEDI,MEDI,Eólica terrestre
PLAFE1,PLAFE1,ENDER01,ENDCO,Comercializadores mercado libre
PLAFER,PLAFER,ENDER01,ENDCO,Comercializadores mercado libre
PLAIMA,PLAIMA,ENDER01,ENDCO,Comercializadores mercado libre
PLANA,PLANA,HFPLANA,DETIC,Fluyente
PLANA1,PLANA1,EFWMARK,WMARK,Eólica terrestre
PLANA2,PLANA2,EHIBGES,IBGES,Eólica terrestre
PLANA3,PLANA3,EHIBGES,IBGES,Eólica terrestre
PLANAMA,PLANAMA,RWESZN,HISPE,Eólica terrestre
PLASC01,PLASPISA,PLASC01,PLAS,Consumos directos en mercado
PLASE1,PLASE1,FPLASE,NEXU,Solar fotovoltaica
PLASE2,PLASE2,FPLASE,NEXU,Solar fotovoltaica
PLASEN,PLASEN,EPLASEN,CEG,Eólica terrestre
PLASFO,PLASFO,FJUNEDA,NEXU,Solar fotovoltaica
PLAST,PLAST,TPLAST,AME,Gas natural cogeneración
PLATBIO,PLATBIO,RCMOVA,EENER,Biomasa
PLATC01,PLATC01,PLATC01,PLATA,Consumos directos en mercado
PLAZ2FV,FV PLAZA2,PLAZA2,ELEIA,Solar fotovoltaica
PLAZARA,PLAZARA,RWESZN,HISPE,Eólica terrestre
PLCFW,PLCFW,FVGNRA,GNRA,Solar fotovoltaica
PLEN1,PLEN1,EPLEN1,HISPE,Eólica terrestre
PLEZUZA,PLEZUZA,EELEZU,CEG,Eólica terrestre
PLIAC01,UP SIMPLIA,PLIAC01,SIMP,Comercializadores mercado libre
PLLANO,PLLANO,FBHIBHV,IBGES,Solar fotovoltaica
PLMMN,PLMMN,UPPAL,GNRA,Solar fotovoltaica
PLODOSO,PLODOSO,ELBOGA,EGLE,Eólica terrestre
PLZ1,PLAZACOLA,BEREBRO,BARER,Fluyente
PMA1,PEDROMAR 1,GDLQ,ENDG,Fluyente
PMA2,PEDROMAR 2,GDLQ,ENDG,Fluyente
PMALAGA,PMÁLAGA,EHIBGES,IBGES,Eólica terrestre
PMERE2,PMERE2,EGASN2U,GNCO,Eólica terrestre
PMEREN,MERENGUE,EGASNE2,GNCO,Eólica terrestre
PMN1,MONTAÑAN 1,EBRFEN,ENDG,Fluyente
PMN2,MONTAÑAN 2,EBRFEN,ENDG,Fluyente
PMSU,PMSU,ECERRAT,REPSB,Eólica terrestre
PNDERAS,PNDERAS,EPDERAS,GESTE,Eólica terrestre
PNO1,P.NOVO 1,SIL,IBEG,Fluyente
PNO2,P.NOVO 2,SIL,IBEG,Fluyente
PNO3,P.NOVO 3,SIL,IBEG,Fluyente
PNO4,P.NOVO 4,SIL,IBEG,Fluyente
POB1,POBLASEG 1,HPOBLA1,NEXU,Fluyente
POB2,POBLASEG 2,HPOBLA1,NEXU,Fluyente
POBRADO,POBRADO,E1CEG,CEG,Eólica terrestre
POCICO,POCICO,FPOCICO,NEXU,Solar fotovoltaica
POCILLO,ALTPOCILLO,EMIRASI,MIRAS,Eólica terrestre
POINF,PONTE INFE,HFGNRA,GNRA,Fluyente
POL1104,POL1104,FPOL104,SOLRC,Solar fotovoltaica
POLAC01,UP POLAR,POLAC01,POLAR,Comercializadores mercado libre
POLIT1,POLIT1,ENDER01,ENDCO,Comercializadores mercado libre
POLLOS,POLLOS,FPOLLOS,NEXU,Solar fotovoltaica
POLUX,POLUX,EVIENG,REPSB,Eólica terrestre
POLYGE,POLYGE,ENDER01,ENDCO,Comercializadores mercado libre
POLYTY,POLYTY,ENDER01,ENDCO,Comercializadores mercado libre
PONCC01,PONTS COM,PONCC01,PONTC,Comercializadores mercado libre
PONIX,PONIX,FVPON,GNRA,Solar fotovoltaica
PONT,PONT,HFNEXU,NEXU,Fluyente
PONXC01,PONXC01,PONXC01,ENCEG,Consumos directos en mercado
POQ1,POQUEIRA 1,GDLQ,ENDG,Fluyente
POQ2,POQUEIRA 2,GDLQ,ENDG,Fluyente
POR1,PORTLUX 1,ASIJUCA,ASIE,Fluyente
POR2,PORTLUX 2,ASIJUCA,ASIE,Fluyente
PORCEL1,PORCEL1,COGPOR1,DETIC,Gas natural cogeneración
PORCEL2,PORCEL2,COGPOR2,DETIC,Gas natural cogeneración
PORTAC,PORTAC,HCGSIHA,HC G,Eólica terrestre
PORTEL,PORTEL,EHIBGES,IBGES,Eólica terrestre
PORTOLI,PORTOLI,HFDETIC,DETIC,Fluyente
PORTOMO,PORTOMO,HFGASN,GNCO,Fluyente
POSOC01,ES-POWERSO,POSOC01,POWED,Comercializadores mercado libre
POTEC01,POTENZIA,POTEC01,POTEN,Comercializadores mercado libre
POTRA,POTRA,EESBGG,EGLE,Eólica terrestre
POUSADO,POUSADO,EEGPEM,ECYR,Eólica terrestre
POVIX,POVIX,FVGNRA,GNRA,Solar fotovoltaica
POWCP3,PM EXPORT,POWCP3,POWER,Importación Francia
POWEC01,PM RET BUY,POWEC01,POWER,Comercializadores mercado libre
POWRC01,POWEC01,POWRC01,POWEE,Comercializadores mercado libre
POWSJ2,POWSJ2,UPOWER,GNRA,Solar fotovoltaica
POWVP3,POWERMART,POWVP3,POWER,Exportación Francia
POZALMU,POZALMU,EPOZAL,EGLE,Eólica terrestre
POZCB,POZCB,FVGNRA,GNRA,Solar fotovoltaica
POZIX,POZIX,UPSON2,GNRA,Solar fotovoltaica
POZOC01,POZO,POZOC01,POZO,Comercializadores mercado libre
PPE1,P.PEÑA 1,GDNA,ENDG,Embalse
PPE2,P.PEÑA 2,GDNA,ENDG,Embalse
PPE3,P.PEÑA 3,GDNA,ENDG,Embalse
PPIEDRA,PPIEDRA,FPPIEDR,NEXU,Solar fotovoltaica
PPOLA,PPOLA,HCGSIH2,HC G,Eólica terrestre
PPOZA1,PPOZA I,EPPOZA,IGNIS,Eólica terrestre
PPOZA2,PPOZA II,EPPOZA,IGNIS,Eólica terrestre
PQ1,PQ1,FSOLPQ1,NEXU,Solar fotovoltaica
PQSOLAR,PQSOLAR,SENFV1,SOMEN,Solar fotovoltaica
PRADC01,PRADC01,PRADC01,PRADO,Consumos directos en mercado
PRADILL,PRADILLO,EHIBGES,IBGES,Eólica terrestre
PRADOS,PRADOS,FFWMARK,WMARK,Solar fotovoltaica
PRAEC01,PRAETIUM,PRAEC01,PRAET,Comercializadores mercado libre
PRD1,PRADA 1,SBEU,ENDG,Embalse
PRD2,PRADA 2,SBEU,ENDG,Embalse
PRDLUN1,PRDO LUNA1,FPLUNA1,CEG,Solar fotovoltaica
PRDLUN2,PRDO LUNA2,FPLUNA2,CEG,Solar fotovoltaica
PRDLUN3,PRDO LUNA3,FPLUNA3,CEG,Solar fotovoltaica
PRE1,PONTREI 1,EBRFEN,ENDG,Embalse
PRE2,PONTREI 2,EBRFEN,ENDG,Embalse
PREMB,RE-97D-359,TMBPE,NEXU,Gas natural cogeneración
PRENCI,PRENCI,EMRIBGE,IBGES,Eólica terrestre
PREVOLT,PREVOLT,EEGPEM,ECYR,Eólica terrestre
PRI1,PRIAÑES 1,HCHI,HC G,Fluyente
PRI2,PRIAÑES 2,HCHI,HC G,Fluyente
PRI3,PRIAÑES 3,HCHI,HC G,Fluyente
PRIMORL,PRIMORL,EEGPES,ECYR,Eólica terrestre
PRIOH,PRIOH,UPPRIOH,GNRA,Solar fotovoltaica
PROSC01,PROSOL COM,PROSC01,PROSA,Comercializadores mercado libre
PROTC01,PROT,PROTC01,PROTC,Comercializadores mercado libre
PROVE1,PROVE1,ENDER01,ENDCO,Comercializadores mercado libre
PRTIDOR,PRTIDOR,HCHI2,HC G,Fluyente
PRTREAL,PRTREAL,FPTREAL,CEG,Solar fotovoltaica
PRVLC01,PRVLC01,PRVLC01,PRIMV,Comercializadores mercado libre
PRY1,PARAYA 1,VIES,REPSB,Fluyente
PRY2,PARAYA 2,VIES,REPSB,Fluyente
PRZ1,PROAZA 1,HCHI,HC G,Fluyente
PRZ2,PROAZA 2,HCHI,HC G,Fluyente
PSAR,PSAR,ECERRAT,REPSB,Eólica terrestre
PSBUIX2,PSBUIX2,INTRE02,INTRA,Solar fotovoltaica
PSE1,P.SEGURO 1,DUER,IBEG,Fluyente
PSE2,P.SEGURO 2,DUER,IBEG,Fluyente
PSFAGA1,PSFAGA1,FPSFAGA,WMARK,Solar fotovoltaica
PSFART1,PSFART1,FPSFART,WMARK,Solar fotovoltaica
PSFBARG,PSFBARG,FGFBAR,EGLE,Solar fotovoltaica
PSFESM1,PSFESM1,FPSFESM,WMARK,Solar fotovoltaica
PSFGES1,PSFGES1,FPSFGES,WMARK,Solar fotovoltaica
PSFHER1,PSFHER1,FPSFHER,WMARK,Solar fotovoltaica
PSFJAD1,PSFJAD1,FPSFJAD,WMARK,Solar fotovoltaica
PSFMONT,PSFMONT,FFWMARK,WMARK,Solar fotovoltaica
PSFSES1,PSFSES1,FPSFSES,WMARK,Solar fotovoltaica
PSMORON,PSMORON,SGTSMOR,EGLE,Solar térmica
PSOFSAX,SAX,FPSFSAX,GESTE,Solar fotovoltaica
PSOL,PSOL,FPSOL,HISPE,Solar fotovoltaica
PSR1,P.SUERT 1,EBRFEN,ENDG,Fluyente
PSR2,P.SUERT 2,EBRFEN,ENDG,Fluyente
PTEJADA,PTEJADA,EGASUR,IGNIS,Eólica terrestre
PTENC01,UP PTEN,PTENC01,PTENG,Comercializadores mercado libre
PTRESTE,PTRESTE,EGASN2U,GNCO,Eólica terrestre
PUBIX1,PUBIX1,FVGNRA,GNRA,Solar fotovoltaica
PUBPT,PUBPT,FVGNRA,GNRA,Solar fotovoltaica
PUCHERU,PUCHERU,EEGPEM,ECYR,Eólica terrestre
PUEBLA,PUEBLA,FPGAC,GAC,Solar fotovoltaica
PUEBLAC,PUEBLAC,FPCSTRO,NEXU,Solar fotovoltaica
PUENTEN,PUENTEN,HMICAN,EGLE,Fluyente
PUERTO,PUERTO,EREGPEM,ECYR,Eólica terrestre
PUERTOB,TYLMER,PUERTOB,LMER,Derivados del petróleo o carbón
PUERTOR,PV PUERTOR,PREAL1,ADXRE,Solar fotovoltaica
PUIC01,PUIC01,PUIC01,TEXTB,Consumos directos en mercado
PUIGPOR,PUIGPOR,FFRSPRA,RSPRA,Solar fotovoltaica
PUJALT,PUJALT,EGASNE0,GNCO,Eólica terrestre
PUJAMA,PUJAMA,ENDER01,ENDCO,Comercializadores mercado libre
PUJAPI,PUJAPI,ENDER01,ENDCO,Comercializadores mercado libre
PULPAL,PULPAL,EGREEN,EGED,Eólica terrestre
PULPUR,PULPUR,ENDER01,ENDCO,Comercializadores mercado libre
PULSC01,PULSAR,PULSC01,PULSA,Comercializadores mercado libre
PUMAR,PUMAR,HCGSCSA,HC G,Eólica terrestre
PUN1,PUENTEN H1,UFTA,GNFG,Embalse
PUN2,PUENTEN H2,UFTA,GNFG,Embalse
PUN3,PUENTEN H3,UFTA,GNFG,Embalse
PUNAGO,PUNAGO,EGREEN,EGED,Eólica terrestre
PUNCB,PUNCB,FVGNRA,GNRA,Solar fotovoltaica
PUNIFA,PUNIFA,FFRSPRA,RSPRA,Solar fotovoltaica
PUNPI,PUNPI,FVGNRA,GNRA,Solar fotovoltaica
PUNTAL,PUNTAL,EHIBGES,IBGES,Eólica terrestre
PURR,PURROY,EBRACC1,ENDG,Fluyente
PUYLOBO,PUYLOBO,EIBGENO,IBGES,Eólica terrestre
PVEGA,PVEGA,EHIBGES,IBGES,Eólica terrestre
PVENT1,PVENT1,PVENT1,GNCC,Ciclo combinado
PVENT2,PVENT2,PVENT2,HISPE,Ciclo combinado
PVENT2X,PVENT2X,PVENT2X,HISPE,Consumo de Servicios Auxiliares
PVESAIC,PVESAIC,RSAICA,EGLE,Residuos varios
PVPEDRE,PVPEDRE,UPGR031,EFG,Solar fotovoltaica
PVVIDAL,PVVIDALUF,PVVIDAL,TSRDE,Solar fotovoltaica
PWERSOL,PWERSOL,FWERSOL,NEXU,Solar fotovoltaica
PX31AV,PX31AV,FORTR01,FORTI,Comercializadores mercado libre
PX81BE,PX81BE,FORTR01,FORTI,Comercializadores mercado libre
PX81CB,PX81CB,FORTR01,FORTI,Comercializadores mercado libre
PX81PI,PX81PI,FORTR01,FORTI,Comercializadores mercado libre
PYCEUR,PYCEUR,TPYCE,EGLE,Gas natural cogeneración
PYCEUR2,PYCEUR2,TPYCE,EGLE,Gas natural cogeneración
PYRSA1,PYRSA1,ENDER01,ENDCO,Comercializadores mercado libre
PZACB,PZACB,FVGNRA,GNRA,Solar fotovoltaica
PZBCB,PZBCB,FVGNRA,GNRA,Solar fotovoltaica
PZCP,POZOCAPITA,PZCP,VIEG,Fluyente
PZHCB,PZHCB,UPOZO,GNRA,Solar fotovoltaica
PZICUNA,PZICUNA,TPGUIZ,EGLE,Gas natural cogeneración
QAMAZ,QAMAZ,FVGNRA,GNRA,Solar fotovoltaica
QEMADA,QEMADA,FQEMADA,NEXU,Solar fotovoltaica
QENEC01,QUASAR,QENEC01,QENER,Comercializadores mercado libre
QIJOTE,QIJOTE,FQIJOTE,NEXU,Solar fotovoltaica
QLLKZ,QLLKZ,UPQLL,GNRA,Solar fotovoltaica
QRN1,QUEREÑO 1,SBEU,ENDG,Embalse
QRN2,QUEREÑO 2,SBEU,ENDG,Embalse
QTNCB,QTNCB,FVGNRA,GNRA,Solar fotovoltaica
QTONV,QTONV,FVGNRA,GNRA,Solar fotovoltaica
QUALC01,QUALC01,QUALC01,QUANA,Comercializadores mercado libre
QUATC01,QUANTC01,QUATC01,QUANT,Comercializadores mercado libre
QUE1,QUEILES 1,ASIEBR2,ASIE,Fluyente
QUE2,QUEILES 2,ASIEBR2,ASIE,Fluyente
QUE3,QUEILES 3,EBRA,IBEG,Fluyente
QUE4,QUEILES 4,EBRA,IBEG,Fluyente
QUE5,QUEILES 5,EBRA,IBEG,Fluyente
QUEBRAD,QUEBRAD,HBARLO,EGLE,Fluyente
QUEMAD2,QUEMAD2,FQUEMA2,WMARK,Solar fotovoltaica
QUI1,QUINTAN 1,EBRA,IBEG,Fluyente
QUI2,QUINTAN 2,EBRA,IBEG,Fluyente
QUIJOT3,QUIJOT3,FQIJOT3,NEXU,Solar fotovoltaica
QUIJOTE,QUIJOTE,FREGPEM,ECYR,Solar fotovoltaica
QUIMICC,QUIMICC,EBLCR01,EBLCO,Comercializadores mercado libre
QUINI,QUINI SPV,SHEPV07,SHEEN,Solar fotovoltaica
QUINTA2,QUINTA2,HCGSCSA,HC G,Eólica terrestre
QUNT,QUINTANA,EBRA,IBEG,Fluyente
R000079,RE-000079,TFNEXU,NEXU,Gas natural cogeneración
R000249,RE-000249,HEGPE,ECYR,Fluyente
R000251,RE-000251,HFNEXU,NEXU,Fluyente
R000287,RE-000287,HFNEXU,NEXU,Fluyente
R000667,RE-000667,BECVH01,BECO,Fluyente
R000835,RE-000835,HFNEXU,NEXU,Fluyente
R000837,RE-000837,HFNEXU,NEXU,Fluyente
R000849,R000849,ESDCAND,NEXU,Eólica terrestre
R000850,R000850,ESEIXO,NEXU,Eólica terrestre
R000855,R000855,HGDF01,EBLCO,Fluyente
R000856,R000856,HGDF01,EBLCO,Fluyente
R001000,R001000,HGDF01,EBLCO,Fluyente
R001001,R001001,HGDF01,EBLCO,Fluyente
R001002,R001002,HGDF01,EBLCO,Fluyente
R001003,R001003,HGDF01,EBLCO,Fluyente
R001004,R001004,HGDF01,EBLCO,Fluyente
R001005,R001005,HGDF01,EBLCO,Fluyente
R001006,R001006,HGDF01,EBLCO,Fluyente
R001008,R001008,HGDF01,EBLCO,Fluyente
R001009,R001009,HGDF01,EBLCO,Fluyente
R001010,R001010,HGDF01,EBLCO,Fluyente
R001011,R001011,HGDF01,EBLCO,Fluyente
R001012,R001012,HGDF01,EBLCO,Fluyente
R002032,R002032,EPLATA,NEXU,Eólica terrestre
R002395,R002935,ETRIGO,NEXU,Eólica terrestre
R002635,EDAR RUBI,TEDARUB,NEXU,Gas natural cogeneración
R003981,R003981,EMUELA,NEXU,Eólica terrestre
R004036,R004036,ECOMLIC,NEXU,Eólica terrestre
R00418,R00418,HFNEXU,NEXU,Fluyente
R004851,RE-004851,HAGUI,IGNIS,Fluyente
R006314,R006314,EDALOBA,NEXU,Eólica terrestre
R007535,R007535,ESARDON,NEXU,Eólica terrestre
R009965,R009965,ECONJUR,NEXU,Eólica terrestre
R011441,R011441,EVDCONE,NEXU,Eólica terrestre
R023922,R023922,ECERAD2,NEXU,Eólica terrestre
R023923,R023923,ECARRA2,NEXU,Eólica terrestre
R023925,R023925,ECARRAI,NEXU,Eólica terrestre
R023926,R023926,ECERADI,NEXU,Eólica terrestre
R057547,RE-057547,FFNEXU,NEXU,Solar fotovoltaica
R057548,RE-057548,FFNEXU,NEXU,Solar fotovoltaica
R057852,RE-057852,FFNEXU,NEXU,Solar fotovoltaica
R060380,R060380,FSPARRA,GNRA,Solar fotovoltaica
R060381,RE-060381,FSPARRA,GNRA,Solar fotovoltaica
R061001,RE-061001,FFNEXU,NEXU,Solar fotovoltaica
R061778,RE-061778,FSANCTE,NEXU,Solar fotovoltaica
R061779,RE-061779,FFNEXU,NEXU,Solar fotovoltaica
R064483,R064483,FGAMNSA,NEXU,Solar fotovoltaica
R065394,RE-065394,FFNEXU,NEXU,Solar fotovoltaica
R066502,R066502,FINFREN,NEXU,Solar fotovoltaica
R066886,R066886,FCONV61,NEXU,Solar fotovoltaica
R067048,R067048,FASSEST,NEXU,Solar fotovoltaica
R067049,R067049,FASSENE,NEXU,Solar fotovoltaica
R067050,R067050,FASSLOG,NEXU,Solar fotovoltaica
R067929,R067929,FCASTJA,NEXU,Solar fotovoltaica
R069263,RE-069263,FFNEXU,NEXU,Solar fotovoltaica
R069924,RE-069924,FFNEXU,NEXU,Solar fotovoltaica
R072271,RE-072271,FFNEXU,NEXU,Solar fotovoltaica
R072801,RE-072801,FFNEXU,NEXU,Solar fotovoltaica
R073084,RE-073084,FFNEXU,NEXU,Solar fotovoltaica
R075266,RE-057266,FFNEXU,NEXU,Solar fotovoltaica
R075839,RE-075839,TYTRDB,TRADB,Biogás
R100197,RE-100197,FFNEXU,NEXU,Solar fotovoltaica
R100198,RE-100198,FFNEXU,NEXU,Solar fotovoltaica
R100228,RE-100228,RFNEXU,NEXU,Biogás
R100293,RE-100293,TGARFER,NEXU,Gas natural cogeneración
R100336,RE-100336,FFNEXU,NEXU,Solar fotovoltaica
R100591,RE-100591,FFNEXU,NEXU,Solar fotovoltaica
R101169,RE-110169,FFNEXU,NEXU,Solar fotovoltaica
R101887,RE-101887,FCABLDO,NEXU,Solar fotovoltaica
R102343,R102343,FAAVYC,NEXU,Solar fotovoltaica
R102344,R102344,FAAVYC,NEXU,Solar fotovoltaica
R102793,RE-102793,FFNEXU,NEXU,Solar fotovoltaica
R103299,RE-103299,FFNEXU,NEXU,Solar fotovoltaica
R103347,RE-103347,FFNEXU,NEXU,Solar fotovoltaica
R104077,RE-104077,FFNEXU,NEXU,Solar fotovoltaica
R104208,RE-104208,FFNEXU,NEXU,Solar fotovoltaica
R104436,R104436,FSCASTU,NEXU,Solar fotovoltaica
R104628,R104628,FDESENE,NEXU,Solar fotovoltaica
R104679,RE-104679,FABACUS,NEXU,Solar fotovoltaica
R105284,R105284,FSCASTU,NEXU,Solar fotovoltaica
R105502,RE-105502,FFNEXU,NEXU,Solar fotovoltaica
R105666,RE-105666,FFNEXU,NEXU,Solar fotovoltaica
R105667,RE-105667,FFNEXU,NEXU,Solar fotovoltaica
R105788,RE-105788,FFNEXU,NEXU,Solar fotovoltaica
R105957,RE-105957,FFNEXU,NEXU,Solar fotovoltaica
R106094,RE-106094,FBETULA,NEXU,Solar fotovoltaica
R106095,RE-106095,FCTANEA,NEXU,Solar fotovoltaica
R106096,RE-106096,FCRYLUS,NEXU,Solar fotovoltaica
R106097,RE-106097,FPFAGUS,NEXU,Solar fotovoltaica
R10618,RE106189,FFNEXU,NEXU,Solar fotovoltaica
R106200,RE-106200,FFNEXU,NEXU,Solar fotovoltaica
R106557,RE-106557,FCLASA,NEXU,Solar fotovoltaica
R106912,RE-106912,FFNEXU,NEXU,Solar fotovoltaica
R106990,RE-106990,FFNEXU,NEXU,Solar fotovoltaica
R107649,FV BANY16,FDREU07,DREUA,Solar fotovoltaica
R10776,RE107767,FFNEXU,NEXU,Solar fotovoltaica
R107768,RE-107768,FFNEXU,NEXU,Solar fotovoltaica
R107776,RE-10776,FFNEXU,NEXU,Solar fotovoltaica
R107928,R107928,FZARZMS,NEXU,Solar fotovoltaica
R108502,RE-108502,FFNEXU,NEXU,Solar fotovoltaica
R108503,RE-108503,FFNEXU,NEXU,Solar fotovoltaica
R109231,RE-109231,FFNEXU,NEXU,Solar fotovoltaica
R109313,R109313,FMONTFV,NEXU,Solar fotovoltaica
R109391,RE-109391,FFNEXU,NEXU,Solar fotovoltaica
R109450,RE-109450,FFNEXU,NEXU,Solar fotovoltaica
R109455,RE-109455,FFNEXU,NEXU,Solar fotovoltaica
R109584,RE-109584,FFNEXU,NEXU,Solar fotovoltaica
R109850,RE-109850,FFNEXU,NEXU,Solar fotovoltaica
R109856,RE-109856,FFCYEES,CYE,Solar fotovoltaica
R110022,RE-110022,TFNEXU,NEXU,Gas natural cogeneración
R110167,RE-110167,FFNEXU,NEXU,Solar fotovoltaica
R110168,RE-110168,FFNEXU,NEXU,Solar fotovoltaica
R110205,RE-110205,FFNEXU,NEXU,Solar fotovoltaica
R110262,RE-110262,FFNEXU,NEXU,Solar fotovoltaica
R110362,R110362,FFNEXU,NEXU,Solar fotovoltaica
R110417,R110417,FSARIUM,NEXU,Solar fotovoltaica
R110718,RE-110718,FFNEXU,NEXU,Solar fotovoltaica
R110912,R110912,FCELEO,NEXU,Solar fotovoltaica
R110961,RE-110961,FFNEXU,NEXU,Solar fotovoltaica
R110986,R110986,FFNEXU,NEXU,Solar fotovoltaica
R110987,R110987,FFNEXU,NEXU,Solar fotovoltaica
R111020,R111020,FFNEXU,NEXU,Solar fotovoltaica
R111158,RE-111158,FFNEXU,NEXU,Solar fotovoltaica
R111236,RE-111236,FAIRM1,NEXU,Solar fotovoltaica
R111237,RE-111237,FAIRM2,NEXU,Solar fotovoltaica
R111364,RE-111364,F1DREUA,DREUA,Solar fotovoltaica
R111696,R111696,STVILLE,NEXU,Solar térmica
R11257,R112578,FYUNQUE,NEXU,Solar fotovoltaica
R11289,R112890,FFERNAN,NEXU,Solar fotovoltaica
R112946,R112946,EEBLCO1,EBLCO,Eólica terrestre
R112947,R112947,EEBLCO2,EBLCO,Eólica terrestre
R112948,R112948,EEBLCO1,EBLCO,Eólica terrestre
R112949,R112949,EEBLCO2,EBLCO,Eólica terrestre
R112986,SENECA,FEBLCO4,EBLCO,Solar fotovoltaica
R113050,R113050,EEBLC11,EBLCO,Eólica terrestre
R113081,R113081,EEBLC13,EBLCO,Eólica terrestre
R113082,R113082,EEBLC12,EBLCO,Eólica terrestre
R113084,R113084,EEBLC14,EBLCO,Eólica terrestre
R113142,ESCALARETA,EEBLC17,EBLCO,Eólica terrestre
R113324,R113324,UPSOLI,IGNIS,Eólica terrestre
R113352,R113352,EEBLC19,EBLCO,Eólica terrestre
R113371,R113371,EEBLC20,EBLCO,Eólica terrestre
R113993,R113993,FTRUCHA,NEXU,Solar fotovoltaica
R114294,R114294,FMRPANI,NEXU,Solar fotovoltaica
R114575,R114575,FLNTSCO,NEXU,Solar fotovoltaica
R114767,R114767,FVALYA,NEXU,Solar fotovoltaica
R114792,R114792,FCPILLA,NEXU,Solar fotovoltaica
R114799,R114799,FLMULAS,NEXU,Solar fotovoltaica
R114812,R114812,FCTRAV2,NEXU,Solar fotovoltaica
R1O4580,RE-104580,FPHLIPS,NEXU,Solar fotovoltaica
R1O4581,RE-104581,FFNEXU,NEXU,Solar fotovoltaica
R1O7032,RE-107032,FFNEXU,NEXU,Solar fotovoltaica
R436-29,R436-29,EREDON,NEXU,Eólica terrestre
R63672,RE-063672,FALBESA,NEXU,Solar fotovoltaica
R63984,R63984,FHELIO1,NEXU,Solar fotovoltaica
R66288,HELIOS 2,FHELIO2,NEXU,Solar fotovoltaica
R96F165,RE-96F-165,HFNEXU,NEXU,Fluyente
R96F343,RE-96F-343,HFNEXU,NEXU,Fluyente
R97D339,R97D339,TSOLVAY,REPSB,Gas natural cogeneración
R99D578,R99D578,TCHAPEL,NEXU,Derivados del petróleo o carbón
R99D579,RE-99D-579,TDNEXU,NEXU,Derivados del petróleo o carbón
R99D631,RE-99D-631,TDNEXU,NEXU,Derivados del petróleo o carbón
RABIA,RABIA,EGASNE0,GNCO,Eólica terrestre
RABIDA2,RABIDA2,RABIDA2,CEPSA,Gas natural cogeneración
RABINAL,RABINAL,HCGSCSA,HC G,Eólica terrestre
RAC1,RACIONER 1,GDLQ,ENDG,Fluyente
RAC2,RACIONER 2,GDLQ,ENDG,Fluyente
RADONA1,PERADONA1,EHIBGES,IBGES,Eólica terrestre
RADONA2,PERADONA2,EHIBGES,IBGES,Eólica terrestre
RANCHOF,FGST145,FGST145,GESTE,Solar fotovoltaica
RANCHOV,RANCHOV,ERANCHO,NEXU,Eólica terrestre
RAVAGO,RAVAGO,ENDER01,ENDCO,Comercializadores mercado libre
RBD1,RIBADELA 1,TEES,ENDG,Embalse
RBD2,RIBADELA 2,TEES,ENDG,Embalse
RBD3,RIBADELA 3,TEES,ENDG,Embalse
RBD4,RIBADELA 4,TEES,ENDG,Embalse
RBDLAGO,RBDLAGO,FRBDLAG,NEXU,Solar fotovoltaica
RBE1,RIBESALB 1,JUCA,IBEG,Fluyente
RBE2,RIBESALB 2,JUCA,IBEG,Fluyente
RBSERA,RBSERA,HIBSHA2,HC G,Híbrida Renovable
RCABELL,RCABELL,EGREEN1,EGED,Eólica terrestre
RCAFW,RCAFW,FVGNRA,GNRA,Solar fotovoltaica
RCH1,RCH1,EROCH,REPSB,Eólica terrestre
RCH2,ROCHA 2,EROCH,REPSB,Eólica terrestre
RCONC01,RCONSULT,RCONC01,RCONS,Comercializadores mercado libre
RDGAC01,RDGAC01,RDGAC01,RDGCO,Comercializadores mercado libre
RDQ1,R.DUQUE 1,RDQ1,BARER,Fluyente
RDQ2,R.DUQUE 2,RDQ2,BARER,Fluyente
RE-2220,RE-2220,RTFTPZB,NEXU,Residuos varios
RE-3349,R003349,TLEITZA,NEXU,Gas natural cogeneración
RE1213,RE001213,EPEBRE,NEXU,Eólica terrestre
RE1VER,RE1VER,ENDER01,ENDCO,Comercializadores mercado libre
RE2064,RE002064,ECARCLN,NEXU,Eólica terrestre
RE2VER,RE2VER,ENDER01,ENDCO,Comercializadores mercado libre
RE75875,RE75875,FECOEX1,NEXU,Solar fotovoltaica
RE75876,RE75876,FECOEX2,NEXU,Solar fotovoltaica
RE75877,RE75877,FECOEX3,NEXU,Solar fotovoltaica
RE96D28,RE-96D-28,TRECKIT,DETIC,Gas natural cogeneración
REBDELO,REBDELO,HCGSIHA,HC G,Eólica terrestre
REBOLLA,REBOLLA,EMIRASI,MIRAS,Eólica terrestre
REBOLLO,REBOLLO,FAUDAX,ADXRE,Solar fotovoltaica
REC2,RECAJO 2,ASIEBRO,ASIE,Fluyente
REC3,RECAJO 3,ASIEBRO,ASIE,Fluyente
RECOC0F,EMECE,RECOC01,RECON,Comercializadores mercado libre
RECQUPO,RE-001027,HFNEXU,NEXU,Fluyente
REFOYAS,REFOYAS,EMEDI,MEDI,Eólica terrestre
REG1,REGUEIRO 1,UFGC,GNFG,Embalse
REG2,REGUEIRO 2,UFGC,GNFG,Embalse
REGANTE,REGANTE,FREGANT,CEG,Solar fotovoltaica
REHISAA,REHISAA,HHRSPRA,RSPRA,Fluyente
RELECO,RELECO,TRELECO,CEG,Derivados del petróleo o carbón
RELUC01,UP_RELUZCA,RELUC01,RELUZ,Comercializadores mercado libre
RELUMBR,RELUMBR,EGREEN1,EGED,Eólica terrestre
REM1,REMOLINA 1,VIES,REPSB,Embalse
REM2,REMOLINA 2,VIES,REPSB,Embalse
REMIC01,REMIC01,REMIC01,REMIC,Comercializadores mercado libre
REMOLIN,REMOLIN,HCGSIH2,HC G,Eólica terrestre
RENDIJA,RENDIJA,RRENDIJ,NEXU,Biogás
RENEDO,RENEDO,FRENEDO,NEXU,Solar fotovoltaica
RENOVL2,RENOVL2,FYREN2,CEG,Solar fotovoltaica
RENUC01,RENUC01,RENUC01,RENUE,Comercializadores mercado libre
REPC01,REPC01,REPC01,REPSB,Consumos directos en mercado
REPEC01,REPEC01,REPEC01,REPP,Consumos directos en mercado
REPFOTV,UP FYFUTGR,REPFOTV,INER1,Solar fotovoltaica
REPPLL,REPPLL,REPPLL,REPP,Derivados del petróleo o carbón
REPR,REPRIMALA,REPR,BARER,Fluyente
REPRC01,REPRC01,REPRC01,REPP,Consumos directos en mercado
REQUEI,REQUEI,ESOMERS,EGLE,Eólica terrestre
REQUEIX,REQUEIXO,HEGPE,ECYR,Fluyente
RERERSA,RERERSA,ENDER01,ENDCO,Comercializadores mercado libre
RESONAC,RESONAC,EDPCR01,EDPCL,Comercializadores mercado libre
RESTANO,CHRESTANO,HDALT01,INTRA,Fluyente
RETAL1,RETAL1,ENDER01,ENDCO,Comercializadores mercado libre
RETAM,RETAM,FRETA,CEG,Solar fotovoltaica
RETAMA,RETAMA,FAZARA,NEXU,Solar fotovoltaica
RETAMAR,FV-RETAMAR,FV_RETA,ELEIA,Solar fotovoltaica
RETORNO,RETORNO,HYINDIG,DETIC,Fluyente
RETUE,RETUE,EHIBGES,IBGES,Eólica terrestre
REUBAL1,REUBAL1,UPBONPR,BNPRU,Comercializadores mercado libre
REUCON2,REUCON2,UPBONPR,BNPRU,Comercializadores mercado libre
REUSC01,REUSC01,REUSC01,REUSS,Comercializadores mercado libre
REVENTO,REVENTO,EHIBGES,IBGES,Eólica terrestre
REVERTE,REVERTE,TTFTREN,NEXU,Gas natural cogeneración
REVILLA,REVILLA,FBIREHV,IBGES,Solar fotovoltaica
REY1,REY1,FSLREY1,NEXU,Solar fotovoltaica
REY2,REY2,FSLREY2,NEXU,Solar fotovoltaica
REY3,REY3,FSLREY3,NEXU,Solar fotovoltaica
REY4,REY4,FSLREY4,NEXU,Solar fotovoltaica
REYSC01,REYSC01,REYSC01,REYSE,Comercializadores mercado libre
RIALB-1,RIALB1,HESEGR2,EGED,Hidráulica - No UGH
RIALB-2,RIALB-2,HESEGR2,EGED,Hidráulica - No UGH
RIALBB,PS RIALB,EYPPV4,EPYM,Solar fotovoltaica
RIALP,RIALP,HFNEXU,NEXU,Fluyente
RIBE,RIBERAGATA,TAJO,IBEG,Fluyente
RIBERHU,RIBERHU,FFINID,EGLE,Solar fotovoltaica
RIBOTA,CHRIBOTA,HDALT01,INTRA,Fluyente
RIBPELL,RIBPELL,RFDETIC,DETIC,Biomasa
RIC1,RICOBAYO 1,DUER,IBEG,Embalse
RIC2,RICOBAYO 2,DUER,IBEG,Embalse
RIC21,RICOBA II1,DUER,IBEG,Embalse
RIC3,RICOBAYO 3,DUER,IBEG,Embalse
RIC4,RICOBAYO 4,DUER,IBEG,Embalse
RIE1,RIERA 1,HCHI,HC G,Fluyente
RIE2,RIERA 2,HCHI,HC G,Fluyente
RIE3,RIERA 3,HCHI,HC G,Fluyente
RIJOTA4,RIJOTA4,FIJOTA4,NEXU,Solar fotovoltaica
RIJOTA5,RIJOTA5,FIJOTA5,NEXU,Solar fotovoltaica
RINCO,RINCO,FRINCO,CEG,Solar fotovoltaica
RINCON,RINCON,ESAV,IGNIS,Eólica terrestre
RINF,RINF,FVGNRA,GNRA,Solar fotovoltaica
RIO,RIOANTI,RIOANTI,LMER,Fluyente
RIO1,RIOSCURO 1,SBEU,ENDG,Embalse
RIO2,RIOSCURO 2,SBEU,ENDG,Embalse
RIOBOO,RIOBOO,EPBUIO1,EGED,Eólica terrestre
RIOE2,RIO EBRO 2,EHIBRI2,NEXU,Híbrida Renovable
RIOE2A,RIOE2A,EHIBRIO,NEXU,Híbrida Renovable
RITCB,RITCB,UPRIT,GNRA,Solar fotovoltaica
RIV1,RIVERA,EBRACC1,ENDG,Fluyente
RIVAC01,RIVAC01,RIVAC01,RIVAS,Consumos directos en mercado
RIVAV01,UP RIVAV01,RIVAV01,RIVAS,Solar fotovoltaica
RIXRAB,R,FRIXRAB,GNRA,Solar fotovoltaica
RMNEXU,RPIBCUR,RMNEXU,NEXU,Biomasa
RMU1,RIOMUERT 1,RMU1,BARER,Fluyente
RMU2,RIOMUERT 2,JUCA,IBEG,Fluyente
RNSAC01,RNSAC01,RNSAC01,GEMSL,Consumos directos en mercado
ROALA,ROALABOTA,EFWMARK,WMARK,Eólica terrestre
ROBLA3,ROBLA3,INTRE02,INTRA,Solar fotovoltaica
ROBLA5,ROBLA5,INTRE02,INTRA,Solar fotovoltaica
ROBLEDO,ROBLEDO,FFIRSTW,EBLCO,Solar fotovoltaica
ROBRES,ROBRES,EEOBRO,CEG,Eólica terrestre
ROCERIA,ROCERIA,FRCERIA,NEXU,Solar fotovoltaica
ROCGU,ROCGU,FVGNRA,GNRA,Solar fotovoltaica
ROCIO,ROCIO,METEV06,METEN,Solar fotovoltaica
RODAL,RODAL,EMIRASI,MIRAS,Eólica terrestre
RODEO,RODEO,FRODEO,NEXU,Solar fotovoltaica
RODERA,RODERA,ERALTA,EGLE,Eólica terrestre
RODILLA,RODILLA,EBRUJUL,HC G,Eólica terrestre
RODNO,RODNO,FVGNRA,GNRA,Solar fotovoltaica
RODRI,FV_RODRI,FRODRI,CEG,Solar fotovoltaica
ROFEC01,ROFEC01,ROFEC01,ROFEN,Comercializadores mercado libre
ROFENF,ROFENF,ROFENV1,ROFEN,Derivados del petróleo o carbón
ROJEA,ROJEA,FVGNRA,GNRA,Solar fotovoltaica
ROLDANA,PEÑAROLDAN,EGASNE0,GNCO,Eólica terrestre
ROME,ROME,EROME,REPSB,Eólica terrestre
ROMERAL,ROMERAL,EHIBGES,IBGES,Eólica terrestre
ROMPI,ROMPI,UPPIRI,GNRA,Solar fotovoltaica
ROMS1,ROMS1,EREPSOL,REPSB,Eólica terrestre
ROMS2,ROMS2,EREPSOL,REPSB,Eólica terrestre
RON1,RONDA 1,GDLQ,ENDG,Fluyente
RON2,RONDA 2,GDLQ,ENDG,Fluyente
RONDC01,RONDA,RONDC01,RONDA,Comercializadores mercado libre
ROQUET,ROQUET,ENDER01,ENDCO,Comercializadores mercado libre
ROSARIT,CH ROSARIT,HEGPE,ECYR,Fluyente
ROTELES,ROTELES,FROTEL,EGLE,Solar fotovoltaica
ROTOC01,ROTOC01,ROTOC01,ROTOR,Consumos directos en mercado
ROTOND1,ROTO1,FROTON1,GNRA,Solar fotovoltaica
ROTOND2,ROTD2,FROTON2,GNRA,Solar fotovoltaica
ROTOND3,ROTND3,FROTON3,GNRA,Solar fotovoltaica
ROZADIO,ROZADIO,HENANSA,EGED,Fluyente
ROZAS,ROZAS,FROZAS,CEG,Solar fotovoltaica
ROZASV,ROZASV,HFASIE,ASIE,Embalse
RPAME,RYAME,RPAME,AME,Biogás
RPCABAN,RPCABANM,RPCABAN,LMER,Biogás
RPCART2,RPCART2,TRPCAR2,REPP,Gas natural cogeneración
RPEEXXI,RPEEXXI,RPEEXXI,EEXXI,Biomasa
RPEONUR,RPEONUR,RPEONUR,EONUR,Biomasa
RPHCCUR,RPHCCUR,RPHCCUR,HCCUR,Biomasa
RPIBCUR,RPIBCUR,RPIBCUR,IBCUR,Biomasa
RPSQC01,RPSQC01,RPSQC01,REPQ,Consumos directos en mercado
RPTRTAR,RPTRTAR,RPTRTAR,REPP,Gas natural cogeneración
RRBIOCO,RTYLMER,RRBIOCO,LMER,Biogás
RRJ1,RIBARROJ 1,EBRFEN,ENDG,Embalse
RRJ2,RIBARROJ 2,EBRFEN,ENDG,Embalse
RRJ3,RIBARROJ 3,EBRFEN,ENDG,Embalse
RRJ4,RIBARROJ 4,EBRFEN,ENDG,Embalse
RSPEC01,RSPEC01,RSPEC01,RSPRE,Comercializadores mercado libre
RSPRC01,RSPRC01,RSPRC01,RSPRA,Comercializadores mercado libre
RTCEASA,RTCEASA,RCEASA,CEASA,Biomasa
RTDPN,RTDPN,UPRTD,GNRA,Solar fotovoltaica
RTS1,RTS1,FRTS1,CEG,Solar fotovoltaica
RTTPN,RTTPN,UPRTT,GNRA,Solar fotovoltaica
RTUPN,RTUPN,UPRTU,GNRA,Solar fotovoltaica
RUBIO2,RUBIO2,EGREEN,EGED,Eólica terrestre
RUEDO,RUEDO,EGREEN,EGED,Eólica terrestre
RUGUI,RUGUI,ENDER01,ENDCO,Comercializadores mercado libre
RUIDE,CHRUIDERA,HDALT02,INTRA,Fluyente
RUMBLAR,RUMBLAR,HRUMBLA,EGLE,Fluyente
RUNA,RUNA,ERUNAG,EGED,Eólica terrestre
RUSANDO,RUSANDO,FRUSNDO,NEXU,Solar fotovoltaica
RYCEG,RYCEG,RYCEG,CEG,Biogás
RYEEXXI,RYEEXXI,RYEEXXI,EEXXI,Biomasa
RYEGLE,RYEGLE,RYEGLE,EGLE,Biogás
RYEONUR,RYEONUR,RYEONUR,EONUR,Biomasa
RYGENER,TÉRMI. REN,RYGENER,ADXRE,Biogás
RYGESTE,RYGESTE,RYGESTE,GESTE,Biogás
RYGNRA,RYGNRA,RYGNRA,GNRA,Biogás
RYGNSUR,RYGNSUR,RYGNSUR,GNSUR,Biomasa
RYHCCUR,RYHCCUR,RYHCCUR,HCCUR,Biomasa
RYIBCUR,RYIBCUR,RYIBCUR,IBCUR,Biogás
RYNEXU,RYNEXU,RYNEXU,NEXU,Biogás
SA11,SAUCEL I 1,DUER,IBEG,Embalse
SA12,SAUCEL I 2,DUER,IBEG,Embalse
SA13,SAUCEL I 3,DUER,IBEG,Embalse
SA14,SAUCEL I 4,DUER,IBEG,Embalse
SA21,SAUCE II 1,DUER,IBEG,Embalse
SA22,SAUCE II 2,DUER,IBEG,Embalse
SAAREJ,SAAREJ,SESAR01,SHELL,Comercializadores mercado libre
SABINA,SABINA,EHIBGES,IBGES,Eólica terrestre
SABUCED,SABUCED,EMORRA,EGLE,Eólica terrestre
SACIMP,SACIMP,FSACIMP,NEXU,Solar fotovoltaica
SADRIAN,SADRIAN,EMIRASI,MIRAS,Eólica terrestre
SAECB01,SAECB01,FVGNRA,GNRA,Solar fotovoltaica
SAECB02,SAECB02,FVGNRA,GNRA,Solar fotovoltaica
SAECH,SAHECHORES,HSAECH,GNRA,Fluyente
SAFEC01,TODOS,SAFEC01,SAFE,Comercializadores mercado libre
SAG1,S.AGUSTI 1,SBEU,ENDG,Embalse
SAG2,S.AGUSTI 2,SBEU,ENDG,Embalse
SAGO1,SAGO1,HGDF01,EBLCO,Fluyente
SAGO2,SAGO2,HGDF01,EBLCO,Fluyente
SAGU1,SAGU1,SAGU1,GNCC,Ciclo combinado
SAGU2,SAGU2,SAGU2,GNCC,Ciclo combinado
SAGU3,SAGU3,SAGU3,GNCC,Ciclo combinado
SAHKC01,SAHKOA PEN,SAHKC01,SAHKO,Comercializadores mercado libre
SAICA1,SAICA1,SAICA1,EGLE,Gas natural cogeneración
SAICA2,SAICA2,SAICA2,EGLE,Gas natural cogeneración
SAICA3,SAICA3,SAICA3,EGLE,Gas natural cogeneración
SAICA4,SAICA4,SAICA4,EGLE,Gas natural cogeneración
SAIMC01,SAIMC01,SAIMC01,SAIMP,Consumos directos en mercado
SAJ1,ALBENTOS 1,JUCA,IBEG,Fluyente
SAJ2,ALBENTOS 2,JUCA,IBEG,Fluyente
SAL1,SALAS,UFGC,GNFG,Embalse
SALAJON,SALAJON,EGREEN,EGED,Eólica terrestre
SALANAN,SALANAN,TSALIA,CEG,Derivados del petróleo o carbón
SALB,S.ALBUREZ,ASIDUE,ASIE,Fluyente
SALI,SALINAS,EBRACC1,ENDG,Fluyente
SALINAS,SLINAS,FSLINAS,GNRA,Solar fotovoltaica
SALLENF,SALLENT,HEALTOG,EGED,Fluyente
SALLENT,SALLENTG,HHRSPRA,RSPRA,Fluyente
SALOBRA,SALOBRAL,FSALOB,HISPE,Solar fotovoltaica
SALONI,SALONI,TSALONI,NEXU,Gas natural cogeneración
SALPC01,SALAS_UP,SALPC01,SALPA,Comercializadores mercado libre
SALVADO,SALVADO,HVADOC,EGLE,Fluyente
SAMAC01,SAMAC01,SAMAC01,SAMAR,Comercializadores mercado libre
SAMFW,SAMFW,FVGNRA,GNRA,Solar fotovoltaica
SAMPC01,SAMPC01,SAMPC01,SAMP,Comercializadores mercado libre
SAMPOL,SAMPOL,TFSAMP,SAMP,Gas natural cogeneración
SAN1,SANGUESA,SAN1,BARER,Fluyente
SAN100,SAN100,FSAN100,SOLRC,Solar fotovoltaica
SANAGU,SANAGU,EGASNE2,GNCO,Eólica terrestre
SANBLA,SANBLA,EGASNE2,GNCO,Eólica terrestre
SANGIL,P.E.SANGI,EGASNE1,GNCO,Eólica terrestre
SANJOSE,SANJOSE,EUEUZA,EGLE,Eólica terrestre
SANMIGD,FV SAN MIG,FVSANMI,WMARK,Solar fotovoltaica
SANPE,SANPE,HDALT01,INTRA,Fluyente
SANPEDR,SANPEDR,FFIRSTW,EBLCO,Solar fotovoltaica
SANPONS,SANPONS,HHICAG,EGLE,Fluyente
SANROCC,CABEZO,REROQUE,RENSP,Eólica terrestre
SANSO,SANSO,STSANSO,EGLE,Solar térmica
SANT,S.ANTOLIN,EBRA,IBEG,Fluyente
SANTAC,SANTAC,HFEGED,EGED,Fluyente
SANTAO,SANTAO,FFRSPRA,RSPRA,Solar fotovoltaica
SANTONI,SANTONI,FIBGEMS,IBGES,Solar fotovoltaica
SANVAL1,SANVAL1,FSANVAL,NEXU,Solar fotovoltaica
SAPIC01,SAPIENS,SAPIC01,SAPIE,Comercializadores mercado libre
SAPLANO,SAPLANO,EREGPEM,ECYR,Eólica terrestre
SAPRELO,GSTV153,FGST153,GESTE,Solar fotovoltaica
SARDA,SARDA,FSARDA,NEXU,Solar fotovoltaica
SARGENT,SARGENT,ELBOGA,EGLE,Eólica terrestre
SARGUIL,SARGUIL,EFWMARK,WMARK,Eólica terrestre
SARIA1,SARIA1,ENDER01,ENDCO,Comercializadores mercado libre
SARIA2,SARIA2,ENDER01,ENDCO,Comercializadores mercado libre
SARIA3,SARIA3,ENDER01,ENDCO,Comercializadores mercado libre
SARIA4,SARIA4,ENDER01,ENDCO,Comercializadores mercado libre
SARIA5,SARIA5,ENDER01,ENDCO,Comercializadores mercado libre
SARRAF,LA SARRA,HEGEDGS,EGED,Embalse
SARRI2,SARRI2,SESAHID,SHELL,Fluyente
SARRIA1,SARRIA1,SESAHID,SHELL,Fluyente
SARRIA3,SARRIA3,SESAHID,SHELL,Fluyente
SARTAG,SARTAG,HFEGED,EGED,Fluyente
SASDO1,SASDON 1,PESASD1,WMARK,Eólica terrestre
SASDON2,PE SASD2,PESASD2,WMARK,Eólica terrestre
SASOL2,SASOL2,UPSASO,GNRA,Solar fotovoltaica
SASTA,SASTAGO,TYESYF,GEMSL,Gas natural cogeneración
SATIR,SATIR,FVGNRA,GNRA,Solar fotovoltaica
SATSC01,SATSC01,SATSC01,SATSP,Consumos directos en mercado
SAU1,SAU 1,TERE,ENDG,Embalse
SAU2,SAU 2,TERE,ENDG,Embalse
SAUAL,SAUAL,FVGNRA,GNRA,Solar fotovoltaica
SAUCI,SAUCI,EHIBGES,IBGES,Eólica terrestre
SAVA,SAVA,TSAVA,COGEN,Gas natural cogeneración
SAVALLA,SAVALLA,EHIBGES,IBGES,Eólica terrestre
SBAIA,SBAIA,HCOHIG,EGLE,Fluyente
SBAR1,SBAR1,ECMTA,REPSB,Eólica terrestre
SBAR2,SBAR2,ECMTA,REPSB,Eólica terrestre
SBC01,SBC01,SBC01,SASKI,Consumos directos en mercado
SBN1,SABIÑANI 1,EBRACC1,ENDG,Fluyente
SBN2,SABIÑANI 2,EBRACC1,ENDG,Fluyente
SBO3,SBO3,SBO3,GNCC,Ciclo combinado
SBR1,SOBRON 1,EBRA,IBEG,Embalse
SBR2,SOBRON 2,EBRA,IBEG,Embalse
SBURGO,SBURGO,EHIBGES,IBGES,Eólica terrestre
SCALONA,SCLNA,FSCALNA,GESTE,Solar fotovoltaica
SCHRM,SCHRM,FVGNRA,GNRA,Solar fotovoltaica
SCL1,S.CLODIO,SIL,IBEG,Embalse
SCO122,SCO122,FSCO122,SOLRC,Solar fotovoltaica
SCR1,S.CRISTO 1,SIL,IBEG,Embalse
SCR2,S.CRISTO 2,SIL,IBEG,Embalse
SCRUC01,SCRUC01,SCRUC01,ADXRE,Consumos directos en mercado
SCX2,S.CALIXT 2,GDLQ,ENDG,Fluyente
SCX3,S.CALIXT 3,GDLQ,ENDG,Fluyente
SCZ1,SCZ1,ECINCAG,REPSB,Eólica terrestre
SCZ2,SCZ2,ECINCAG,REPSB,Eólica terrestre
SCZ3,SCZ3,ECINCA,REPSB,Eólica terrestre
SCZ4,SCZ4,ECINCA,REPSB,Eólica terrestre
SCZA,SCZA,ECINCAG,REPSB,Eólica terrestre
SDDLUNA,SDDLUNA,EREGPEV,ECYR,Eólica terrestre
SDGOMIL,SDGOMIL,HFWMARK,WMARK,Fluyente
SDNFW,SDNFW,UPSDNF,GNRA,Solar fotovoltaica
SDPANDA,SDPANDA,EHIBGES,IBGES,Eólica terrestre
SDPENAS,S D PENAS,EEGPEV,ECYR,Eólica terrestre
SEAT01,SEAT01,INTRE02,INTRA,Solar fotovoltaica
SEAT02,SEAT02,INTRE02,INTRA,Solar fotovoltaica
SEAT03,SEAT03,INTRE02,INTRA,Solar fotovoltaica
SEAT04,SEAT04,INTRE02,INTRA,Solar fotovoltaica
SEAT05,SEAT05,INTRE02,INTRA,Solar fotovoltaica
SEAT06,SEAT06,INTRE02,INTRA,Solar fotovoltaica
SEB1,S.SEBAST 1,SBEU,ENDG,Embalse
SEB2,S.SEBAST 2,SBEU,ENDG,Embalse
SECA01,SECA01,ENDER01,ENDCO,Comercializadores mercado libre
SECA02,SECA02,ENDER01,ENDCO,Comercializadores mercado libre
SECA03,SECA03,ENDER01,ENDCO,Comercializadores mercado libre
SECA04,SECA04,ENDER01,ENDCO,Comercializadores mercado libre
SEDAC01,SEDAC01,SEDAC01,SEDAT,Consumos directos en mercado
SEDOPU,SEDOPU,EGASN2U,GNCO,Eólica terrestre
SEDR01,SEDR01,SEDAR01,SEDAT,Consumos directos en mercado
SEELC01,SEELC01,SEELC01,SHEEN,Comercializadores mercado libre
SEFOM,SEFOM,FVGNRA,GNRA,Solar fotovoltaica
SEFRAN,SEFRAN,COGSEFR,DETIC,Gas natural cogeneración
SEG1,SEGURA1,ESEG,REPSB,Eólica terrestre
SEG2,SEGURA2,ESEG,REPSB,Eólica terrestre
SEGADE,SEGADE,HCOHIG,EGLE,Fluyente
SEGREDA,SEGREDA,EHIBGES,IBGES,Eólica terrestre
SEI1,SEIRA 1,EBRACC2,ENDG,Fluyente
SEI2,SEIRA 2,EBRACC2,ENDG,Fluyente
SEI3,SEIRA 3,EBRACC2,ENDG,Fluyente
SEIYC01,SEIYA,SEIYC01,SEIYA,Comercializadores mercado libre
SELVA,SELVA,EGREEN,EGED,Eólica terrestre
SEN1,SENET 1,EBRFEN,ENDG,Fluyente
SEN2,SENET 2,EBRFEN,ENDG,Fluyente
SENEC01,SENEC01,SENEC01,SENEO,Comercializadores mercado libre
SEPIOLS,SEPIOL,TSEPIOL,AME,Gas natural cogeneración
SEQILLO,SEQILLO,FVLSILA,NEXU,Solar fotovoltaica
SEQUINO,SEQUINO,FVALT01,INTRA,Solar fotovoltaica
SERRA,SERRA,SENFV1,SOMEN,Solar fotovoltaica
SERRA1,SERRA1,HHRSPRA,RSPRA,Fluyente
SERRADO,SERRADO,HESERRA,EGED,Fluyente
SERRAL,SERRAL,EECAB,CEG,Eólica terrestre
SERRANA,SERRANA,FSRRANA,NEXU,Solar fotovoltaica
SERRE,SERRE,UPSERRE,GNRA,Solar fotovoltaica
SERRET,SERRET,FVGNRA,GNRA,Solar fotovoltaica
SERRETA,SERRETA,UPEBRCT,IGNIS,Eólica terrestre
SERRZLA,S,FSERRZL,NEXU,Solar fotovoltaica
SERVAN3,SRVN3,FSERVN3,GESTE,Solar fotovoltaica
SERVAN4,SRVN4,FSERVN4,GESTE,Solar fotovoltaica
SERVAN5,SERVN5,FSERVN5,GESTE,Solar fotovoltaica
SERVC0F,SERV PEN,SERVC01,SERVC,Comercializadores mercado libre
SERVIKE,SERVIKE,TSERVI,EGLE,Gas natural cogeneración
SERXXI,SERXXI,FSERXXI,NEXU,Solar fotovoltaica
SESAAG,SESAAG,SESAR01,SHELL,Comercializadores mercado libre
SESAC01,SESAC01,SESAC01,SHELL,Comercializadores mercado libre
SESAG,SESAG,UPADGI,GNRA,Solar fotovoltaica
SESAN,SESAN,FVSESAN,GNRA,Solar fotovoltaica
SESAUX,AUXILIAR,SESAUX,SHELL,Consumo de Servicios Auxiliares
SESENTA,SESENTA,FNARGS,EGLE,Solar fotovoltaica
SESFV,SESFV,SESOL,GNRA,Solar fotovoltaica
SESTEB,SESTEB,EGREEN,EGED,Eólica terrestre
SESTEB2,SESTEB2,EGREEN,EGED,Eólica terrestre
SESUEF,SESUE,HEGEDGS,EGED,Fluyente
SEVILA,SEVILLA,FSEVILL,NEXU,Solar fotovoltaica
SEXTC01,SEXTC01,SEXTC01,SEXTS,Consumos directos en mercado
SFA1,S.FAUSTO 1,SFA1,BARER,Fluyente
SFA2,S.FAUSTO 2,SFA2,BARER,Fluyente
SFADCA1,SFADCA1,SFADCA1,SFAD,Comercializadores mercado libre
SFBORJA,SFBORJA,EREGPEV,ECYR,Eólica terrestre
SFERNAN,SABFER,HSFERND,GESTE,Fluyente
SFRAV,SFRAV,UPSFR,GNRA,Solar fotovoltaica
SGAVI,SGAVI,EHIBGES,IBGES,Eólica terrestre
SGREGO,SGREGO,EECAB,CEG,Eólica terrestre
SGTOL,SGTOL,FVGNRA,GNRA,Solar fotovoltaica
SGU1,S.AUGUST 1,GDLQ,ENDG,Fluyente
SGU2,S.AUGUST 2,GDLQ,ENDG,Fluyente
SGU3,S.AUGUST 3,GDLQ,ENDG,Fluyente
SHEECP3,SHEECP3,SHEECP3,SHEEN,Importación Francia
SHEENX,AUXILIARES,SHEENX,SHEEN,Consumo de Servicios Auxiliares
SHEEVP3,SHEEVP3,SHEEVP3,SHEEN,Exportación Francia
SHERC01,SHERA,SHERC01,ENEET,Comercializadores mercado libre
SHIRC01,SHIRYU,SHIRC01,SHIRY,Comercializadores mercado libre
SIA,SIA,EFPART,GNCO,Eólica terrestre
SIBARC,SIBARC,ENDER01,ENDCO,Comercializadores mercado libre
SIBARI,SIBARI,ENDER01,ENDCO,Comercializadores mercado libre
SIBERIA,SIBERIA,FSIBERI,NEXU,Solar fotovoltaica
SIBOQUE,SIBOQUE,HCGEORS,HC G,Eólica terrestre
SIBRAVA,SIBRAVA,FFEGED,EGED,Solar fotovoltaica
SICABRE,SICABRE,EFWMARK,WMARK,Eólica terrestre
SICDC,SICDC,UPSICF,GNRA,Solar fotovoltaica
SICORT,SICORT,EREGPEM,ECYR,Eólica terrestre
SICOST,PE SICOST1,EEGPEV,ECYR,Eólica terrestre
SICOST2,SICOST2,EREGPEV,ECYR,Eólica terrestre
SIEBUEY,SIEBUEY,EHIBGES,IBGES,Eólica terrestre
SIEMINI,SIEMINI,ESIEMIN,EGLE,Eólica terrestre
SIEOLIV,SIEOLIV,EGASNE0,GNCO,Eólica terrestre
SIERQUE,SIERQUE,EHIBGES,IBGES,Eólica terrestre
SIERRAS,SIERRAS,DPDETIC,DETIC,Derivados del petróleo o carbón
SIERRO,SIERRO,EHIBGES,IBGES,Eólica terrestre
SIESESN,SIESESN,EGASNE0,GNCO,Eólica terrestre
SIGCB,SIGCB,UPSIG,GNRA,Solar fotovoltaica
SIGLOS,SIGLOS,RWESZN,HISPE,Eólica terrestre
SIGMA,SIGMA,FSIGMA,HISPE,Solar fotovoltaica
SIGNC01,SIGNO,SIGNC01,SIGNO,Comercializadores mercado libre
SIGNIS7,UF IGNIS7,IGNIS7,IGNIS,Solar fotovoltaica
SIL1,SILVON 1,VIES,REPSB,Embalse
SIL2,SILVON 2,VIES,REPSB,Embalse
SILAN,SILAN,EFEGEL1,EGED,Eólica terrestre
SILLONE,SILLONE,ECEGRG,EGED,Eólica terrestre
SILOC01,SILOC01,SILOC01,SILOS,Consumos directos en mercado
SILSP,SILSP,UPSILI,GNRA,Solar fotovoltaica
SILVRRE,SILVRRE,EGASNE0,GNCO,Eólica terrestre
SIMADI,SIMADI,EREGPEM,ECYR,Eólica terrestre
SIMENE1,SIMENE1,EHIBGES,IBGES,Eólica terrestre
SIMPV01,FYGNRA,SIMPV01,SIMPE,Solar fotovoltaica
SININDI,SININDI,EFWMARK,WMARK,Eólica terrestre
SIPLA,SIPLA,FVGNRA,GNRA,Solar fotovoltaica
SIRIU5,SIRIU5,FVGNRA,GNRA,Solar fotovoltaica
SIRIU9,SIRIU9,FVGNRA,GNRA,Solar fotovoltaica
SIRUSA,SIRUSA,TSIRUS,SIRUS,Residuos domésticos y similares
SIRUSFV,SIRIUS,FSIRIUS,GESTE,Solar fotovoltaica
SIS1,SANIS1,ECINCA,REPSB,Eólica terrestre
SIS2,SIS2,ECINCAG,REPSB,Eólica terrestre
SISEGU,SISEGU,HESDIG,EGLE,Hidráulica - No UGH
SISTRAL,SISTRAL,EGREEN,EGED,Eólica terrestre
SIVENTA,SIVENTA,HCGSCSA,HC G,Eólica terrestre
SIZCO,SIZCO,EGREEN,EGED,Eólica terrestre
SJN1,S.JUAN 1,UFTA,GNFG,Embalse
SJN2,S.JUAN 2,UFTA,GNFG,Embalse
SJORGE,SJORGE,FSJORGE,NEXU,Solar fotovoltaica
SJS1,S.JOSE 1,EBRA,IBEG,Fluyente
SJS2,S.JOSE 2,EBRA,IBEG,Fluyente
SJT1,S.J.TORAN,EBRFEN,ENDG,Embalse
SJUBAR,SJUBAR,HCGSIHA,HC G,Eólica terrestre
SLBYC01,SLBYC01,SLBYC01,SBYCO,Consumos directos en mercado
SLCZC01,SLCZC01,SLCZC01,SLCZN,Comercializadores mercado libre
SLM1,SALIME 1,HCHI,HC G,Embalse
SLM2,SALIME 2,HCHI,HC G,Embalse
SLM3,SALIME 3,TEES,ENDG,Embalse
SLM4,SALIME 4,TEES,ENDG,Embalse
SLNVB,SLNVB,UPSLN,GNRA,Solar fotovoltaica
SLPRO,SLPRO,STSLPRO,EGLE,Solar térmica
SLQUISA,SLQUISA,TSLQ,AME,Gas natural cogeneración
SLT1,SALLENT 1G,SLTG,ENDG,Turbinación bombeo
SLT1B,SALLENT 1B,SLTB,ENDG,Consumo bombeo
SLT2,SALLENT 2G,SLTG,ENDG,Turbinación bombeo
SLT2B,SALLENT 2B,SLTB,ENDG,Consumo bombeo
SLT3,SALLENT 3G,SLTG,ENDG,Turbinación bombeo
SLT3B,SALLENT 3B,SLTB,ENDG,Consumo bombeo
SLT4,SALLENT 4G,SLTG,ENDG,Turbinación bombeo
SLT4B,SALLENT 4B,SLTB,ENDG,Consumo bombeo
SMA1,S.MARINA 1,SBEU,ENDG,Embalse
SMA2,S.MARINA 2,SBEU,ENDG,Embalse
SMA3,S.MARINA 3,SBEU,ENDG,Embalse
SMAFW,SMAFW,FVGNRA,GNRA,Solar fotovoltaica
SMARCP3,SMAR_C,SMARCP3,SMARC,Importación Francia
SMARVP3,SMARV,SMARVP3,SMARC,Exportación Francia
SMAT,SANMATEU,EBRACC1,ENDG,Fluyente
SMBARDA,SMBARDA,UPOUBAS,IGNIS,Eólica terrestre
SMGCP3,SMGCP3,SMGCP3,SMG,Importación Francia
SMGVP3,SMGVP3,SMGVP3,SMG,Exportación Francia
SMI1,S.MIGUEL 1,SIL,IBEG,Fluyente
SMI2,S.MIGUEL 2,SIL,IBEG,Fluyente
SMIRA,SMIRA,EHIBGES,IBGES,Eólica terrestre
SMONZON,SMONZON,COGSMON,DETIC,Gas natural cogeneración
SMPINO,SMPINO,HFIBGES,IBGES,Fluyente
SMU1,S.MAURI 1,EBRFEN,ENDG,Embalse
SMU2,S.MAURI.2,EBRFEN,ENDG,Embalse
SMU3,S.MAURI 3,EBRFEN,ENDG,Embalse
SMULA,UF MULA,SIGMU,EGLE,Solar fotovoltaica
SNABRIA,SNABRIA,FSNBRIA,NEXU,Solar fotovoltaica
SNGUES,SANGUESA N,HIBSANG,WMARK,Híbrida Renovable
SNIAC01,SNIACONS,SNIAC01,SNIA,Consumos directos en mercado
SNICOG,SNIACE COG,SNICOG,COGEN,Gas natural cogeneración
SNRAPAZ,SNRAPAZ,HCGFVSC,HC G,Solar fotovoltaica
SOB1,SOBRADEL 1,SIL,IBEG,Embalse
SOB2,SOBRADEL 2,SIL,IBEG,Embalse
SOCAL,SOCAL,FVGNRA,GNRA,Solar fotovoltaica
SOCAS,SOCAS,UPEMA,GNRA,Solar fotovoltaica
SOCED,SOCED,FOGAC,GAC,Solar fotovoltaica
SOCO2,SOCO2,FSOCO2,CEG,Solar fotovoltaica
SOFCB,SOFCB,FVGNRA,GNRA,Solar fotovoltaica
SOGAMA1,SOGAMA1,RSOGAM,WMARK,Residuos domésticos y similares
SOGAMA2,SOGAMA2,RSOGBI,WMARK,Biogás
SOL1,SOLVENTE 1,JUCA,IBEG,Fluyente
SOL2,SOLVENTE 2,SOL2,BARER,Fluyente
SOLABE1,SOLABE1,STSOLB1,EGLE,Solar térmica
SOLABE2,SOLABEN 2,STSOLB2,EGLE,Solar térmica
SOLABE3,SOLABEN3,STSOLB3,EGLE,Solar térmica
SOLABE6,SOLABEN6,STSOLB6,EGLE,Solar térmica
SOLACO1,SOLACOR1,STSOLA1,EGLE,Solar térmica
SOLACO2,SOLACOR2,STSOLA2,EGLE,Solar térmica
SOLANA,SOLANA,EGREEN,EGED,Eólica terrestre
SOLANG,SOLANGE,FSOLANG,CEG,Solar fotovoltaica
SOLANS,PE SOLANS,ESOLANS,EBLCO,Eólica terrestre
SOLARGE,SOLARGE,FSOLARG,CEG,Solar fotovoltaica
SOLARPL,SOLARPL,FPLAZA,NEXU,Solar fotovoltaica
SOLFC01,SOLFC01,SOLFC01,SOLFL,Comercializadores mercado libre
SOLGEN,SOLGENERAF,SOLGEN,TRISO,Solar fotovoltaica
SOLIC01,PENIN,SOLIC01,SOLIM,Comercializadores mercado libre
SOLIVA,SOLIVA,EHIBGES,IBGES,Eólica terrestre
SOLLANA,SOLLANA,FSOLLAN,NEXU,Solar fotovoltaica
SOLLC01,SOLLC01,SOLLC01,SOLL,Comercializadores mercado libre
SOLMARC,SOL MARCHE,SOLMARC,SMARB,Solar fotovoltaica
SOLMURC,SOLMURCIA,FSMURC,NEXU,Solar fotovoltaica
SOLN1,SOLN1,STSOLN1,EGLE,Solar térmica
SOLN3,SOLN3,STSOLN3,EGLE,Solar térmica
SOLN4,SOLN4,STSOLN4,EGLE,Solar térmica
SOLNOC1,SOLNOC1,FSLNOC1,NEXU,Solar fotovoltaica
SOLTC01,SOLTC01,SOLTC01,SOLTE,Comercializadores mercado libre
SOLUTEX,SOLUTEX,TCHPAGR,DETIC,Gas natural cogeneración
SOLVAY1,SOLVAY1,TSOLVAI,REPSB,Derivados del petróleo o carbón
SOLVAYM,SOLVAYM,SOLVAYM,EBLCO,Gas natural cogeneración
SOLWC01,SOLWE,SOLWC01,SOLWE,Comercializadores mercado libre
SOLWEJU,SOLWE JUND,SOLWEJU,SOLWE,Solar fotovoltaica
SOLWESO,FYNEXU,SOLWESO,SOLWE,Solar fotovoltaica
SOLYVIE,SOLYVIENTO,FVIENTO,NEXU,Solar fotovoltaica
SOMBRIO,SOMBRIO,EHIBGES,IBGES,Eólica terrestre
SOMEC01,SOMENERGIA,SOMEC01,SOMEN,Comercializadores mercado libre
SOMEN_H,HYEEXXI,SOMEN_H,SOMEN,Fluyente
SOMENFV,FYLAUEI,SOMENFV,SOMEN,Solar fotovoltaica
SOMLLA,SOMLLA,UPLLA,GNRA,Solar fotovoltaica
SOMOLIN,PE SOMOLIN,EHIBGES,IBGES,Eólica terrestre
SONAC,SONAC,UPACUI,GNRA,Solar fotovoltaica
SONCA,SONCA,SONES,GNRA,Solar fotovoltaica
SONEC01,SONESTA L,SONEC01,SOLUZ,Comercializadores mercado libre
SONIS,SONIS,UPIZNI,GNRA,Solar fotovoltaica
SONNC01,SONNC01,SONNC01,SONNI,Comercializadores mercado libre
SONSP,SONSP,UPLINI,GNRA,Solar fotovoltaica
SONVI,SONVI,FVGNRA,GNRA,Solar fotovoltaica
SOPAG,SOPAG,SOPAG,GNRA,Solar fotovoltaica
SOPRC01,SOPRO PEN,SOPRC01,SOPRO,Comercializadores mercado libre
SORACA2,SORACA2,FORACA2,NEXU,Solar fotovoltaica
SORACA3,SORACA3,FORACA3,NEXU,Solar fotovoltaica
SORICHE,SORICHE,EEGPEV,ECYR,Eólica terrestre
SORIG,SORIG,COGSORI,DETIC,Gas natural cogeneración
SORXC01,SOREX,SORXC01,SOREX,Comercializadores mercado libre
SOSRC,SOSRC,EGREEN,EGED,Eólica terrestre
SOTAVEN,SOTAVEN,ESTVNTO,NEXU,Eólica terrestre
SOTILLA,SOTILLA,HFDETIC,DETIC,Fluyente
SOTILLO,SOTILLO,PESOTIL,CEG,Eólica terrestre
SOTONER,SOTONER,HCGSIHA,HC G,Eólica terrestre
SOTTC,SOTTC,UPSOT,GNRA,Solar fotovoltaica
SOU1,SOUTELO 1,SIL,IBEG,Embalse
SOU2,SOUTELO 2G,SIL,IBEG,Embalse
SOU2B,SOUTELO 2B,SILB,IBEG,Consumo bombeo
SPARAMO,SPARAMO,HIBSPAR,WMARK,Eólica terrestre
SPB1B,SPB1B,SPBBR01,SPBB,Consumos directos en mercado
SPB4B,SPB4B,SPBBR01,SPBB,Consumos directos en mercado
SPBBC01,SPBBC01,SPBBC01,SPBB,Consumos directos en mercado
SPCKC01,SPCKC01,SPCKC01,SPOCK,Comercializadores mercado libre
SPEEXXI,SPEEXXI,SPEEXXI,EEXXI,Solar térmica
SPELARD,S PELARDA,EEGPEV,ECYR,Eólica terrestre
SPELAYO,SPELAYO,FSPELYO,NEXU,Solar fotovoltaica
SPEONUR,SPEONUR,SPEONUR,EONUR,Solar térmica
SPGGC01,SPGGC01,SPGGC01,SPGG,Consumos directos en mercado
SPHCCUR,SPHCCUR,SPHCCUR,HCCUR,Solar térmica
SPIBCUR,SPIBCUR,SPIBCUR,IBCUR,Solar térmica
SPINC01,SPINC01,SPINC01,SPINR,Consumos directos en mercado
SPIVB,SPIVB,UPSPIV,GNRA,Eólica terrestre
SPR1,S.PEDRO 1,SIL,IBEG,Embalse
SPR2,S.PEDRO 2,SIL,IBEG,Embalse
SPR21,S PEDRO2 1,SIL,IBEG,Embalse
SPS1,S.PASCUA 1,GDLQ,ENDG,Fluyente
SPS2,S.PASCUA 2,GDLQ,ENDG,Fluyente
SQR1,SEQUEIRO 1,SIL,IBEG,Embalse
SQR2,SEQUEIRO 2,SIL,IBEG,Embalse
SQR3,SEQUEIRO 3,SIL,IBEG,Embalse
SQUITE,SQUITE,HCGSIHA,HC G,Eólica terrestre
SRI3,SOTO RIB 3,SRI3,HC G,Hulla antracita
SRI4,SRI4,SRI4,HC G,Ciclo combinado
SRI5,SOTO 5,SRI5,CCSR4,Ciclo combinado
SRM1,S.RAMON 1,GDLQ,ENDG,Fluyente
SRM2,S.RAMON 2,GDLQ,ENDG,Fluyente
SRM3,S.RAMON 3,GDLQ,ENDG,Fluyente
SROM,S.ROMAN,DUER,IBEG,Fluyente
SROQ1,S.ROQUE 1,SROQ1,GNCC,Ciclo combinado
SROQ2,S.ROQUE 2,SROQ2,ENDG,Ciclo combinado
SRQE,SRQE,ESRQE,REPSB,Eólica terrestre
SRS1,SEROS 1,EBRFEN,ENDG,Embalse
SRS2,SEROS 2,EBRFEN,ENDG,Embalse
SRS3,SEROS 3,EBRFEN,ENDG,Embalse
SRS4,SEROS 4,EBRFEN,ENDG,Embalse
SRUBIO,SRUBIO,EGREEN,EGED,Eólica terrestre
SRVGC01,GASHOGAR15,SRVGC01,SRVGS,Comercializadores mercado libre
SRVIC01,SRVI,SRVIC01,SERV,Comercializadores mercado libre
SS41AL,SS41AL,FORTR01,FORTI,Comercializadores mercado libre
SSEECP3,COMPRA_F,SSEECP3,SSEEN,Importación Francia
SSEEVP3,VENTA_F,SSEEVP3,SSEEN,Exportación Francia
SSFCER,SSFCER,ENDER01,ENDCO,Comercializadores mercado libre
SSFHAT,SSFHAT,ENDER01,ENDCO,Comercializadores mercado libre
SSFLIR,SSFLIR,ENDER01,ENDCO,Comercializadores mercado libre
SSFVIL,SSFVIL,ENDER01,ENDCO,Comercializadores mercado libre
SSL1,SANTSIL 1,SIL,IBEG,Embalse
SSL2,SANTSIL 2,SIL,IBEG,Embalse
SSVAN,SSVAN,FVSSVAN,GNRA,Solar fotovoltaica
ST4-UF,ST4 PARC,ST4,LMER,Gas natural cogeneración
STA1,STA.ANA 1,EBRFEN,ENDG,Embalse
STA2,STA.ANA 2,EBRFEN,ENDG,Embalse
STAQC01,S COLOMA,STAQC01,STACO,Comercializadores mercado libre
STBUTQ,STBUTQ,TBUTARQ,CEG,Gas natural cogeneración
STC4,SANTURCE 4,STC4,IBGT,Ciclo combinado
STE1,S.TERESA 1,DUER,IBEG,Embalse
STE2,S.TERESA 2,DUER,IBEG,Embalse
STENBA,STENBA,TSTENBA,EGLE,Gas natural cogeneración
STEV,STEV,ESTEV,REPSB,Eólica terrestre
STIB,S.TIBURCIO,MHLRMER,ASIE,Fluyente
STINC01,STINC01,STINC01,STIN,Comercializadores mercado libre
STLLMA,STLLMA,ENDER01,ENDCO,Comercializadores mercado libre
STLLVI,STLLVI,ENDER01,ENDCO,Comercializadores mercado libre
STLLZA,STLLZA,ENDER01,ENDCO,Comercializadores mercado libre
STMCOG,STMCOG,SESAR01,SHELL,Comercializadores mercado libre
STMMIN,STMMIN,SESAR01,SHELL,Comercializadores mercado libre
STODC,STODC,FVGNRA,GNRA,Solar fotovoltaica
STOMAS,STOMAS,FSTOMAS,NEXU,Solar fotovoltaica
STROC01,STROC1,STROC01,STROM,Comercializadores mercado libre
STROV01,STROV01,STROV01,STROM,0
SUCAC01,SUCAS,SUCAC01,SUCAS,Comercializadores mercado libre
SUESO,SUESO,UPLSU,GNRA,Solar fotovoltaica
SULAC01,SULAYR,SULAC01,SULA,Consumos directos en mercado
SUMAC01,SUMAE,SUMAC01,SUMAE,Comercializadores mercado libre
SUNAC01,SUNAIR ONE,SUNAC01,SUNAI,Comercializadores mercado libre
SUNCC01,SUNCAPEN,SUNCC01,SUNCA,Comercializadores mercado libre
SUNFC01,SUNFC01,SUNFC01,SUNFL,Comercializadores mercado libre
SUNHC01,SUNAIRHOME,SUNHC01,SUNHO,Comercializadores mercado libre
SUNO1,SUNO1,FSUNO1,CEG,Solar fotovoltaica
SUNO2,SUNO2,FSUNO2,CEG,Solar fotovoltaica
SUNPC01,UP SUNPS,SUNPC01,SUNPS,Comercializadores mercado libre
SUPFOS,SUPFOS,ENDER01,ENDCO,Comercializadores mercado libre
SUPRC01,SELECTRA,SUPRC01,SUMIA,Comercializadores mercado libre
SUS1,SUSQUEDA 1,TERE,ENDG,Embalse
SUS2,SUSQUEDA 2,TERE,ENDG,Embalse
SUS3,SUSQUEDA 3,TERE,ENDG,Embalse
SVIRGEN,SVIRGEN,EREGPEM,ECYR,Eólica terrestre
SVOLTOR,SERRA VOLT,EVOLTOR,NEXU,Eólica terrestre
SWAPC01,SWAPENERGI,SWAPC01,SWAPE,Comercializadores mercado libre
SXOAN,SXOAN,EGREEN,EGED,Eólica terrestre
SYEEXXI,SYEEXXI,SYEEXXI,EEXXI,Solar térmica
SYEGUAS,SYEGUAS,HSYEGU,EGLE,Fluyente
SYENC01,SYENC01,SYENC01,SYENE,Comercializadores mercado libre
SYEONUR,SYEONUR,SYEONUR,EONUR,Solar térmica
SYGNSUR,SYGNSUR,SYGNSUR,GNSUR,Solar térmica
SYHCCUR,SYHCCUR,SYHCCUR,HCCUR,Solar térmica
SYIBCUR,SYIBCUR,SYIBCUR,IBCUR,Solar térmica
T101150,T101150,FT10150,SOLRC,Solar fotovoltaica
TAB1,TABESCAN 1,EBRFEN,ENDG,Embalse
TAB2,TABESCAN 2,EBRFEN,ENDG,Embalse
TAB3,TABESCAN 3,EBRFEN,ENDG,Embalse
TABER1,TABER1,FGASN2U,GNCO,Solar fotovoltaica
TABER2,TABER2,FGASN2U,GNCO,Solar fotovoltaica
TABERNS,TBRNAS,FTABRNS,GESTE,Solar fotovoltaica
TABLADO,TABLADO,EHIBGES,IBGES,Eólica terrestre
TABLARE,TABLARES,PETABLA,CEG,Eólica terrestre
TABLCET,TABLCET,TCETA,EGLE,Gas natural cogeneración
TABLERO,TABLERO,TTABLER,WMARK,Derivados del petróleo o carbón
TABLICI,TABLEROS,COGTABL,DETIC,Gas natural cogeneración
TABLOS,TABLOS,RTABLOS,EGLE,Biomasa
TACBR,TACBR,UPTAC,GNRA,Solar fotovoltaica
TACICAP,TACICAP,EHIBGES,IBGES,Eólica terrestre
TAEEXXI,ATL COOP,TAEEXXI,EEXXI,Energía residual
TAGUS1,TAGUS1,FIBGT12,IBGES,Solar fotovoltaica
TAGUS2,TAGUS2,FIBGT12,IBGES,Solar fotovoltaica
TAGUS3,TAGUS3,FIBGT34,IBGES,Solar fotovoltaica
TAGUS4,TAGUS4,FIBGT34,IBGES,Solar fotovoltaica
TAHIVI,TAHIVI,HCGSIHA,HC G,Eólica terrestre
TAJTN,TAJTN,HFGNRA,GNRA,Fluyente
TALAR1,TALARR1,FTALAR1,NEXU,Solar fotovoltaica
TALAR2,TALARR2,FTALAR2,NEXU,Solar fotovoltaica
TALARN,TALARN,HGEFG,EFG,Fluyente
TALARRU,TALARRU,FTALARR,GESTE,Solar fotovoltaica
TALASOL,TALASOL,FTASOL,EGLE,Solar fotovoltaica
TALAVE,TALAVE,HYTLAVE,CEG,Embalse
TALAVER,TALAVER,HFASIE,ASIE,Fluyente
TALAYA,TALAYA,FTALAYA,CEG,Solar fotovoltaica
TALAYAS,TALAYAS,EPRADA4,EGLE,Eólica terrestre
TALAYEL,TALAYLAS2,FTALYEL,GESTE,Solar fotovoltaica
TALAYU,TALAYU,FGENIA,EGLE,Solar fotovoltaica
TALEC01,TALARN_UP,TALEC01,TALEN,Comercializadores mercado libre
TALEGA,TALEGA,FTALEGA,CEG,Solar fotovoltaica
TALGC01,TALGC01,TALGC01,TALGA,Consumos directos en mercado
TALIA1,TALIA1,FTALIA1,ATENC,Solar fotovoltaica
TALIA2,TALIA2,FTALIA2,ATENC,Solar fotovoltaica
TALLAT,TALLAT,EGREEN1,EGED,Eólica terrestre
TALLI,TALLI,EHIBGES,IBGES,Eólica terrestre
TAM1,TAMBRE 1,UFGC,GNFG,Embalse
TAM2,TAMBRE 2,UFGC,GNFG,Embalse
TAM3,TAMBRE 3,UFGC,GNFG,Embalse
TAM4,TAMBRE 4,UFGC,GNFG,Embalse
TAM5,TAMBRE 5,UFGC,GNFG,Embalse
TAN1,TANES 1G,HCHI,HC G,Embalse
TAN1B,TANES 1B,TANB,HC G,Consumo bombeo
TAN2,TANES 2G,HCHI,HC G,Embalse
TAN2B,TANES 2B,TANB,HC G,Consumo bombeo
TANGUBU,TANGUBU,COGTANG,DETIC,Gas natural cogeneración
TANGURO,TANGURO,COGTAN2,DETIC,Gas natural cogeneración
TAPOWER,TAPOWER,TAPOWER,TAPOW,Ciclo combinado
TARACEN,TARACN,FTARACN,GESTE,Solar fotovoltaica
TARACES,TARCS,FTARACS,GESTE,Solar fotovoltaica
TARAYUE,TARAYUE,EHIBGES,IBGES,Eólica terrestre
TARBA,TARBA,TTARBA,GEMSL,Residuos varios
TARDI1,TARDI1,EHIBGES,IBGES,Eólica terrestre
TARDI2,TARDI2,EHIBGES,IBGES,Eólica terrestre
TASIX,TASIX,UPSON5,GNRA,Solar fotovoltaica
TASIX2,TASIX2,UPSON5,GNRA,Solar fotovoltaica
TATAC01,TATAC01,TATAC01,TATAN,Comercializadores mercado libre
TAULELL,TAULELL,TCTAULE,WMARK,Gas natural cogeneración
TAUSTE,TAUSTE,FTAUSTE,NEXU,Solar fotovoltaica
TAUTC01,TAUTRA,TAUTC01,TAUTR,Comercializadores mercado libre
TCIBCUR,TCIBCUR,TCIBCUR,IBCUR,Gas natural cogeneración
TCOTIL,COTILLAS,FCOTILL,NEXU,Solar fotovoltaica
TE4148,TE4148,FTE4148,SOLRC,Solar fotovoltaica
TE91156,TE91156,FTE9156,SOLRC,Solar fotovoltaica
TEA,TEA,EDEVAG,EGED,Eólica terrestre
TEA1,TEA1,HENGAG,EGLE,Fluyente
TEBAR,TEBAR,FTEBAR,NEXU,Solar fotovoltaica
TECNUTR,TECNUTR,COGTECN,DETIC,Derivados del petróleo o carbón
TECQU,TECQU,TTECQU,IGNIS,Gas natural cogeneración
TEIXID,TEIXID,ENDER01,ENDCO,Comercializadores mercado libre
TEIXIDO,TEIXIDO,EEGPEM,ECYR,Eólica terrestre
TEJEDA,TEJEDA,INTRE02,INTRA,Solar fotovoltaica
TEJES,TEJES,FVTEJES,GNRA,Solar fotovoltaica
TEJONER,TEJONER,ETEJONE,NEXU,Eólica terrestre
TELEST2,TELEST2,FFV155,EGLE,Solar fotovoltaica
TELEST3,TELEST3,FFV154,EGLE,Solar fotovoltaica
TENDC01,TENDC01,TENDC01,TENDE,Comercializadores mercado libre
TEOTC01,TORNA,TEOTC01,TORNA,Comercializadores mercado libre
TEQIX,TEQIX,UPSON4,GNRA,Solar fotovoltaica
TERM,TERMENS,EBRFEN,ENDG,Fluyente
TERMOS1,TGST148,TGST148,GESTE,Solar térmica
TERMOS2,TGST149,TGST149,GESTE,Solar térmica
TEROYO,TEROYO,TTROYO,NEXU,Gas natural cogeneración
TERRER,TERRER,FTERRER,NEXU,Solar fotovoltaica
TERSC01,TERSACOMER,TERSC01,TERSA,Comercializadores mercado libre
TERUELO,TERUELO,EHIBGES,IBGES,Eólica terrestre
TERVALI,FV TERVALI,FDREU20,DREUA,Solar fotovoltaica
TESOPA,TESOPA,EGASNE2,GNCO,Eólica terrestre
TESORI,TESORI,EGASNE2,GNCO,Eólica terrestre
TEV2C01,TEV2C01,TEV2C01,TEVI,Consumos directos en mercado
TEVIC01,TEVIC01,TEVIC01,TEVI,Consumos directos en mercado
TEXSAN,TEXSAN,ENDER01,ENDCO,Comercializadores mercado libre
TEXTILS,RE-00793,TSANTA,NEXU,Gas natural cogeneración
TFAPRO,TFAPRO,FTFAPRO,NEXU,Solar fotovoltaica
TFGALL,TFGALL,TTFGALL,NEXU,Gas natural cogeneración
TFTPSJ,TFTPSJ,TTFTPSJ,NEXU,Gas natural cogeneración
TGBSC01,TGBSC01,TGBSC01,TGBSA,Consumos directos en mercado
TGROSA,TORREGROSA,FRULAOR,NEXU,Solar fotovoltaica
TGYEC01,TGYE,TGYEC01,TGYE,Comercializadores mercado libre
THARIM,THARIM,THARIM,GNRA,Gas natural cogeneración
THELC01,THELC01,THELC01,THELE,Comercializadores mercado libre
THERC01,THERMOLYMP,THERC01,THER,Consumos directos en mercado
TICO,PE TICO,TICO,ECYR,Eólica terrestre
TICOSO1,TICOSO1,FEGPEV,ECYR,Solar fotovoltaica
TICOSO2,TICOSO2,FEGPEV,ECYR,Solar fotovoltaica
TIEATOM,TIEATOM,TATOM,EGLE,Gas natural cogeneración
TIGUEIR,TIGUEIR,EORTIV,EGLE,Eólica terrestre
TIJOLA,TIJOLA,HACUAM,EGLE,Fluyente
TILOS,CHTILOS,HDALT02,INTRA,Fluyente
TINAJE1,TINAJE1,FTINJR1,NEXU,Solar fotovoltaica
TINAJR2,TINAJR2,FTINJR2,NEXU,Solar fotovoltaica
TIOHERR,TIOHERR,TFGASN,GNCO,Gas natural cogeneración
TIRAPU,TIRAPU,EGASNE1,GNCO,Eólica terrestre
TIRCC01,TIRVIA,TIRCC01,COTIR,Comercializadores mercado libre
TIRMADR,TIRMADR,RTIRMA,EGLE,Residuos domésticos y similares
TIT151,TIT151,FTIT151,SOLRC,Solar fotovoltaica
TJE1,TAJOENC 1G,TJEG,ENDG,Turbinación bombeo
TJE1B,TAJOENC 1B,TJEB,ENDG,Consumo bombeo
TJE2,TAJOENC 2G,TJEG,ENDG,Turbinación bombeo
TJE2B,TAJOENC 2B,TJEB,ENDG,Consumo bombeo
TJE3,TAJOENC 3G,TJEG,ENDG,Turbinación bombeo
TJE3B,TAJOENC 3B,TJEB,ENDG,Consumo bombeo
TJE4,TAJOENC 4G,TJEG,ENDG,Turbinación bombeo
TJE4B,TAJOENC 4B,TJEB,ENDG,Consumo bombeo
TLA1,TALARN 1,EBRFEN,ENDG,Embalse
TLA2,TALARN 2,EBRFEN,ENDG,Embalse
TLA3,TALARN 3,EBRFEN,ENDG,Embalse
TLA4,TALARN 4,EBRFEN,ENDG,Embalse
TLAYUE2,TLAYUE 2,FTLAYL2,NEXU,Solar fotovoltaica
TLAYUEL,TLAYUEL,FTLAYL1,NEXU,Solar fotovoltaica
TLCMC01,TEL COMER1,TLCMC01,TLCOR,Comercializadores mercado libre
TLCRC01,TLCRC01,TLCRC01,TLCOR,Consumos directos en mercado
TLLANO,TLLANO,SHEPV09,SHEEN,Solar fotovoltaica
TMADRIN,TMADRIN,ETMA,IGNIS,Eólica terrestre
TMSIX,TMSIX,TMGAL,GNRA,Solar fotovoltaica
TO1PSP,TO1PSP,FTO1PSP,SOLRC,Solar fotovoltaica
TO2101,TO2101,FTO2101,SOLRC,Solar fotovoltaica
TOBA,LA TOBA,UFTA,GNFG,Embalse
TOBOSO1,FV TOBOSO1,FDREU17,DREUA,Solar fotovoltaica
TOBOSO2,FV TOBOSO2,FDREU23,DREUA,Solar fotovoltaica
TOCONAL,TOCONAL,FAUDAX,ADXRE,Solar fotovoltaica
TOCOTI,TOCOTI,F1CEG,CEG,Solar fotovoltaica
TODMN,TODMN,UPSON3,GNRA,Solar fotovoltaica
TODOSON,TODOSON,E1CEG,CEG,Eólica terrestre
TOECC01,TRISO,TOECC01,TRISO,Comercializadores mercado libre
TOJ1,TORREJ 1G,TAJO,IBEG,Embalse
TOJ1B,TORREJ 1B,TAJB,IBEG,Consumo bombeo
TOJ2,TORREJ 2G,TAJO,IBEG,Embalse
TOJ2B,TORREJ 2B,TAJB,IBEG,Consumo bombeo
TOJ3,TORREJ 3G,TAJO,IBEG,Embalse
TOJ3B,TORREJ 3B,TAJB,IBEG,Consumo bombeo
TOJ4,TORREJ 4G,TAJO,IBEG,Embalse
TOJ4B,TORREJ 4B,TAJB,IBEG,Consumo bombeo
TOLSA,TOLSA,TTOLSA,CEG,Gas natural cogeneración
TOMACAN,TOMACAN,HPCANAV,CEG,Fluyente
TOMI,TOMI,FTOMI,REPSB,Solar fotovoltaica
TOMIRO1,TOMIRO,EMEDI,MEDI,Eólica terrestre
TOMIRO2,TOMIRO2,EMEDI,MEDI,Eólica terrestre
TOMMC01,TOMMI,TOMMC01,TOMMY,Comercializadores mercado libre
TOR,TORINA 1,VIES,REPSB,Embalse
TOR2,TORINA 2,VIES,REPSB,Embalse
TOR3,TORINA 3,VIES,REPSB,Embalse
TOR3LE,TOR3LE,FTOR3LE,SOLRC,Solar fotovoltaica
TORANZA,TORANZA,EEWING,EGLE,Eólica terrestre
TORDERA,PS TORDERA,EYPPV4,EPYM,Solar fotovoltaica
TORDES1,TORD1,FTORDE1,GESTE,Solar fotovoltaica
TORDES2,TORD2,FTORDE1,GESTE,Solar fotovoltaica
TORDES3,TORDES3,FFWMARK,WMARK,Solar fotovoltaica
TORDOS,TORDOS,EGASN2U,GNCO,Eólica terrestre
TOREC,TOREC,EHIBGES,IBGES,Eólica terrestre
TOREC01,TOREC01,TOREC01,TOREN,Comercializadores mercado libre
TORIJA3,T3,FTORIJ3,GESTE,Solar fotovoltaica
TORIJS,TORJS,FTORIJ2,GESTE,Solar fotovoltaica
TORIL,CHTORILES,HDALT02,INTRA,Fluyente
TORJAIV,TJ4,FTORIJ4,GESTE,Solar fotovoltaica
TORMC01,TORMESH,TORMC01,TORME,Comercializadores mercado libre
TOROZA,TOROZA,EGASN2U,GNCO,Eólica terrestre
TOROZB,TOROZB,EGASN2U,GNCO,Eólica terrestre
TOROZC,TOROZC,EGASN2U,GNCO,Eólica terrestre
TORR,TORRIJ,FTORRIJ,IGNIS,Solar fotovoltaica
TORREC1,TORRE,FGST135,GESTE,Solar fotovoltaica
TORREC2,TORREC,FGST136,GESTE,Solar fotovoltaica
TORREMO,TORREMO,FFWMARK,WMARK,Solar fotovoltaica
TORRIJ,UFTORRIJOS,FTORRJ,IGNIS,Solar fotovoltaica
TORRNOR,TORRNOR,FVTORRN,WMARK,Solar fotovoltaica
TORRSUR,TORRSUR,FVTORRS,WMARK,Solar fotovoltaica
TORTE01,TORTE01,TORTE01,TORTE,Consumos directos en mercado
TORTE2,TORTE2,TAE3COG,COGEN,Gas natural cogeneración
TORTOSA,TOSTOSA,TAE2COG,COGEN,Gas natural cogeneración
TOTANA,TOTANA II,FEGPEM,ECYR,Solar fotovoltaica
TOTANA4,TOTANA4,FTOTANA,NEXU,Solar fotovoltaica
TOTGCP3,TOTGCP3,TOTGCP3,TOTGA,Importación Francia
TOTGVP3,TOTGVP3,TOTGVP3,TOTGA,Exportación Francia
TOURADO,TDO,EMTOURD,NEXU,Eólica terrestre
TOURINA,TOURINA,EEGPEM,ECYR,Eólica terrestre
TOURO,TOURO,HRWMARK,WMARK,Fluyente
TOWASR,TOWASR,ENDER01,ENDCO,Comercializadores mercado libre
TPEEXXI,TPEEXXI,TPEEXXI,EEXXI,Gas natural cogeneración
TPEONUR,TPEONUR,TPEONUR,EONUR,Gas natural cogeneración
TPHCCUR,TPHCCUR,TPHCCUR,HCCUR,Gas natural cogeneración
TPIBCUR,TPIBCUR,TPIBCUR,IBCUR,Derivados del petróleo o carbón
TPODEBO,TYCEG,TPODEBO,CEG,Gas natural cogeneración
TPPURI,TPPURI,TPFEN,FEN,Derivados del petróleo o carbón
TRA1,TRNCOLOB 1,JUCA,IBEG,Fluyente
TRA2,TRNCOLOB 2,JUCA,IBEG,Fluyente
TRA3,TRNCOLOB 3,JUCA,IBEG,Fluyente
TRACTA,TRACTA,TTRACTA,DETIC,Biogás
TRADC01,TRADC01,TRADC01,TRADB,Consumos directos en mercado
TRAFO,TRAFO,TOFGE,GNRA,Solar fotovoltaica
TRAJUN,TRAJUN,TTRAJUN,DETIC,Gas natural cogeneración
TRALMAZ,TRALMAZ,TFGASN,GNCO,Gas natural cogeneración
TRAPERA,TRAPERA,EPEGLE,EGLE,Eólica terrestre
TRARGIS,TRARGIS,RESIAME,AME,Residuos domésticos y similares
TRASESA,TRASESA,TYTERSA,TERSA,Residuos domésticos y similares
TRATPUR,TRATPUR,TECONAV,EGLE,Gas natural cogeneración
TRB1,TRNCOBEA 1,GDLQ,ENDG,Embalse
TRB2,TRNCOBEA 2,GDLQ,ENDG,Embalse
TRB3,TRNCOBEA 3,GDLQ,ENDG,Embalse
TRBGN,TRBGN,HABGN,GNRA,Solar fotovoltaica
TRBON,TRBON,UPBON3,GNRA,Solar fotovoltaica
TRC2,TRC2,TRC2,WMARK,Fluyente
TRCD,TRONCEDA,TRCD,WMARK,Fluyente
TRD1,TERRADET 1,EBRFEN,ENDG,Embalse
TRD2,TERRADET 2,EBRFEN,ENDG,Embalse
TRDESI,TRDESI,FTRDESI,NEXU,Solar fotovoltaica
TRE1,TRESPAD 1,EBRA,IBEG,Embalse
TRE2,TRESPAD 2,EBRA,IBEG,Embalse
TREAQ1,TREAQ1,UPTREV1,GNRA,Solar fotovoltaica
TREAQ2,TREAQ2,UPTREV2,GNRA,Solar fotovoltaica
TREITO,TREITO,EHIBGES,IBGES,Eólica terrestre
TREMUZO,TREMUZO,EHIBGES,IBGES,Eólica terrestre
TRESPIC,TRESPIC,EFWMARK,WMARK,Eólica terrestre
TRGU,TREGURA,EBRFEN,ENDG,Fluyente
TRI1,TRI1,FTRI,REPSB,Solar fotovoltaica
TRI2,TRI2,FTRI,REPSB,Solar fotovoltaica
TRI3,TRII3,FTRI,REPSB,Solar fotovoltaica
TRI4,TRI4,FTRI,REPSB,Solar fotovoltaica
TRICC01,TRICLINIUM,TRICC01,TRICL,Comercializadores mercado libre
TRILLO1,THERMISTO,SHEPV22,SHEEN,Solar fotovoltaica
TRILLO2,TELESTO7,SHEPV23,SHEEN,Solar fotovoltaica
TRILLO3,TRILLO3,SHEPV24,SHEEN,Solar fotovoltaica
TRILLO4,RHEA,SHEPV25,SHEEN,Solar fotovoltaica
TRILLO5,TELESTO,SHEPV26,SHEEN,Solar fotovoltaica
TRIPCX1,PORGENC,TRIPCX1,TRISO,Porfolio
TRIPVX1,PORGENV,TRIPVX1,TRISO,Porfolio
TRITURA,TRITURA,EDPCR01,EDPCL,Comercializadores mercado libre
TRL1,TRILLO,TRL1,IGNU,Nuclear
TRLL,TRLL,ECERRA2,REPSB,Eólica terrestre
TRRMOT,TRRMOT,ENDER01,ENDCO,Comercializadores mercado libre
TRRSJO,TRRSJO,ENDER01,ENDCO,Comercializadores mercado libre
TRRSMA,TRRSMA,TUTETEM,UTTEM,Residuos domésticos y similares
TRRZAR,TRRZAR,ENDER01,ENDCO,Comercializadores mercado libre
TRUCAF,TRUCAF,EFPART,GNCO,Eólica terrestre
TRUET,TRUETA,TWAME,AME,Gas natural cogeneración
TRUJSER,TRUJSER,VEMTR,GNRA,Solar fotovoltaica
TSEAT,SEAT,TGSEAT,AME,Gas natural cogeneración
TSLARIS,TSRISCA,TSRISCA,WMARK,Solar térmica
TSMAJAD,TSMAJADAS,TSMAJAD,WMARK,Solar térmica
TSOLC01,TSOL_UPC01,TSOLC01,TSOL,Comercializadores mercado libre
TSPALM1,TSPALMAR,TSPALMA,WMARK,Solar térmica
TSPALM2,TSPALMARI,TSPALMA,WMARK,Solar térmica
TSRDCP3,TSRDCP3,TSRDCP3,TSRDE,Importación Francia
TSRDVP3,TSRDVP3,TSRDVP3,TSRDE,Exportación Francia
TUBERI,TUBERI,ENDER01,ENDCO,Comercializadores mercado libre
TUC132,TUC132,FTUC132,SOLRC,Solar fotovoltaica
TUDEAB,TUDEAB,EDPCR01,EDPCL,Comercializadores mercado libre
TUDELA,TUDELA,HFEGED,EGED,Fluyente
TUDELR,TUDELR,EDPCR01,EDPCL,Comercializadores mercado libre
TUDETV,TUDETV,EDPCR01,EDPCL,Comercializadores mercado libre
TUELC01,UP TUELE,TUELC01,TUELE,Comercializadores mercado libre
TUREGAN,TUREGAN,TIGTUR,COGEN,Gas natural cogeneración
TUROMAG,TUROMAG,EGASNE0,GNCO,Eólica terrestre
TURRNRO,TURRONEROS,FTURRON,NEXU,Solar fotovoltaica
TUSSBA,TUSSBA,FVGNRA,GNRA,Solar fotovoltaica
TWINHS1,FGST155,FGST155,GESTE,Solar fotovoltaica
TXUTXU,TXUTXU,EGREEN,EGED,Eólica terrestre
TXZC01F,TXZC01F,TEXZR01,TEXOR,Consumos directos en mercado
TYAME,TYAME,TYAME,AME,Gas natural cogeneración
TYCEG,TYCEG,TYCEG,CEG,Gas natural cogeneración
TYEEXXI,TYEEXXI,TYEEXXI,EEXXI,Gas natural cogeneración
TYEGLE,TYEGLE,TYEGLE,EGLE,Gas natural cogeneración
TYEONUR,TYEONUR,TYEONUR,EONUR,Gas natural cogeneración
TYGENER,TYGENER,TYGENER,ADXRE,Gas natural cogeneración
TYGNRA,TYGNRA,TYGNRA,GNRA,Gas natural cogeneración
TYGNSUR,TYGNSUR,TYGNSUR,GNSUR,Gas natural cogeneración
TYHCCUR,TYHCCUR,TYHCCUR,HCCUR,Gas natural cogeneración
TYHCG,TYHCG,TYHCG,HC G,Gas natural cogeneración
TYIBCUR,TYIBCUR,TYIBCUR,IBCUR,Gas natural cogeneración
TYLAUE3,TYLAUE3F,TYLAUE3,LAUEI,Derivados del petróleo o carbón
TYLMER,TYLMER,TYLMER,LMER,Gas natural cogeneración
TYNEXU,TYNEXU,TYNEXU,NEXU,Gas natural cogeneración
TYWMARK,TYWMARK,TYWMARK,WMARK,Gas natural cogeneración
TZNETA,TZNETA,FTZNETA,NEXU,Solar fotovoltaica
UB09BU,UB09BU,FORTR01,FORTI,Comercializadores mercado libre
UBE000,UBE000,ENDER01,ENDCO,Comercializadores mercado libre
UBORC01,UBORA,UBORC01,UBORA,Comercializadores mercado libre
UCARRIL,UCARRIL,FCARRIL,NEXU,Solar fotovoltaica
UCHE,UCHE,COGUCHE,DETIC,Gas natural cogeneración
UF_ALBO,UF_ALBOLOT,ALBOLOT,LIDER,Solar fotovoltaica
UF_DOLA,UF_DOLAR,DOLAR,LIDER,Solar fotovoltaica
UF_GUAD,UF_GUADIX,GUADIX_,LIDER,Solar fotovoltaica
UF-MOLI,UF-MOLIVI,MOLIVI,AMADR,Fluyente
UF-RESS,UF-RESSEC,RESSEC,AMADR,Fluyente
UF-TARC,FV MAZ TMA,TERMOAR,LMER,Solar fotovoltaica
UFACAC,UFCOMPRA,UPACAC,IGNIS,Batería electroquímica
UFACAMP,UFACAMPO,UPACAMP,IGNIS,Solar fotovoltaica
UFACAV,UFVENTA,UPACAV,IGNIS,Batería electroquímica
UFADEL,UFADELFA,UPADEL,IGNIS,Solar fotovoltaica
UFAG001,UF AG001,FVGNRA,GNRA,Solar fotovoltaica
UFAG002,UF AG002,FGEFG,EFG,Solar fotovoltaica
UFAG003,UF AG003,FGEFG,EFG,Solar fotovoltaica
UFAG004,UF AG004,FVGNRA,GNRA,Solar fotovoltaica
UFAG005,UF AG005,FGEFG,EFG,Solar fotovoltaica
UFAG006,UF AG006,FVGNRA,GNRA,Solar fotovoltaica
UFAG009,UF AG009,FGEFG,EFG,Solar fotovoltaica
UFAG012,UF AG012,FGEFG,EFG,Solar fotovoltaica
UFAG013,UF AG013,FGEFG,EFG,Solar fotovoltaica
UFAG014,UF AG014,FVGNRA,GNRA,Solar fotovoltaica
UFAG015,UF AG015,FVGNRA,GNRA,Solar fotovoltaica
UFAG017,UF AG017,FGEFG,EFG,Solar fotovoltaica
UFAG019,UF AG019,FGEFG,EFG,Solar fotovoltaica
UFAG022,UF AG022,FGEFG,EFG,Solar fotovoltaica
UFAG023,UF AG023,FGEFG,EFG,Solar fotovoltaica
UFAG027,UFAG027,UPGR025,EFG,Solar fotovoltaica
UFAG028,UFAG028,UPGR026,EFG,Solar fotovoltaica
UFAG029,UFAG029,UPGR027,EFG,Solar fotovoltaica
UFAG030,UFAG030,FGEFG,EFG,Solar fotovoltaica
UFAG031,UFAG031,UPGR028,EFG,Solar fotovoltaica
UFAG033,UFAG033,UPGR030,EFG,Solar fotovoltaica
UFAG034,UFAG034,FGEFG,EFG,Solar fotovoltaica
UFAG035,UFAG035,FGEFG,EFG,Solar fotovoltaica
UFAG036,UFAG036,FGEFG,EFG,Solar fotovoltaica
UFAG037,UFAG037,FGEFG,EFG,Solar fotovoltaica
UFAG038,UFAG038,FGEFG,EFG,Solar fotovoltaica
UFAG039,UFAG039,FGEFG,EFG,Solar fotovoltaica
UFAG040,UFAG040,FGEFG,EFG,Solar fotovoltaica
UFAG041,UFAG041,UPGR034,EFG,Solar fotovoltaica
UFAG042,UFAG042,UPGR033,EFG,Solar fotovoltaica
UFAG043,UFAG043,FGEFG,EFG,Solar fotovoltaica
UFAG044,UFAG044,FGEFG,EFG,Solar fotovoltaica
UFAG045,UFAG045,FGEFG,EFG,Solar fotovoltaica
UFAG046,UFAG046,FGEFG,EFG,Solar fotovoltaica
UFAG047,UFAG047,FGEFG,EFG,Solar fotovoltaica
UFAGFO1,UFAGFO1,FGEFG,EFG,Solar fotovoltaica
UFAGFO2,UFAGFO2,UPGR032,EFG,Solar fotovoltaica
UFAGFO3,UFAGFO3,FGEFG,EFG,Solar fotovoltaica
UFAGRE1,UFAGRE1,EDPCR01,EDPCL,Comercializadores mercado libre
UFAGUI,UFAGUILA,UPAGUI,IGNIS,Solar fotovoltaica
UFAIRPO,FAIRPORT,UPAIRPO,IGNIS,Solar fotovoltaica
UFAL20,UFALCON20,UPAL20,IGNIS,Solar fotovoltaica
UFAL21,UFALCAN21,UPAL21,IGNIS,Solar fotovoltaica
UFALAMB,ALAMBOR SO,UPALAMB,IGNIS,Solar fotovoltaica
UFALG1,UFGUADA1,UPALG1,IGNIS,Solar fotovoltaica
UFALG2,UFGUADA2,UPALG2,IGNIS,Solar fotovoltaica
UFALIER,UFALIER,ATLSR01,ATLAS,Comercializadores mercado libre
UFALMAN,UF ALMANSO,UPALMAN,IGNIS,Solar fotovoltaica
UFALME,UFALMENDRO,UPALME,IGNIS,Solar fotovoltaica
UFANDEL,UF ANDELLA,UPANDEL,IGNIS,Eólica terrestre
UFARCH2,UFARCHO II,UPARCH2,IGNIS,Solar fotovoltaica
UFARCHI,UF ARCHO I,UPARCHI,IGNIS,Solar fotovoltaica
UFARENA,UF ARENOSA,UPARENA,IGNIS,Solar fotovoltaica
UFAZUBI,AZUBAS,UPMONCA,IGNIS,Eólica terrestre
UFBAD1,UFBADAJOZ1,UPBAD1,IGNIS,Solar fotovoltaica
UFBAD2,UFBADAJOZ2,UPBAD2,IGNIS,Solar fotovoltaica
UFBAD3,UFBADAJOZ3,UPBAD3,IGNIS,Solar fotovoltaica
UFBAD4,UFBADAJOZ4,UPBAD4,IGNIS,Solar fotovoltaica
UFBAD5,UFBADAJOZ5,UPBAD5,IGNIS,Solar fotovoltaica
UFBAD6,UFBADAJOZ6,UPBAD6,IGNIS,Solar fotovoltaica
UFBAD7,UFBADAJOZ7,UPBAD7,IGNIS,Solar fotovoltaica
UFBADJ,UFBADAJZ,UPBADJ,IGNIS,Solar fotovoltaica
UFBALU,UFBALUARTE,UPBALU,IGNIS,Solar fotovoltaica
UFBAOB,UFBAOBAB,UPBAOB,IGNIS,Solar fotovoltaica
UFBARR,UFBARRANQU,UPBARR,IGNIS,Solar fotovoltaica
UFBERRO,BERROCAL,UPBERRO,IGNIS,Solar fotovoltaica
UFBOMB,UFBOMBARDA,UPBOMB,IGNIS,Solar fotovoltaica
UFBOOR,UFBOOR,COGBOOR,DETIC,Gas natural cogeneración
UFBORJA,UFBORJA,COGBORJ,DETIC,Gas natural cogeneración
UFBRAZA,UF BRAZATO,UPBRAZA,IGNIS,Solar fotovoltaica
UFBRAZO,BRAZOINVES,UPBRAZO,IGNIS,Solar fotovoltaica
UFBRIKE,UFBRIKE,COGBRIK,DETIC,Gas natural cogeneración
UFCABEZ,UF CABEZO,UPCABEZ,IGNIS,Eólica terrestre
UFCAMI,UFCAMICRUZ,UPCAMI,IGNIS,Solar fotovoltaica
UFCAMP,CAMPANARIO,UPALFOZ,IGNIS,Eólica terrestre
UFCARB,UFCARBESO,UPCARB,IGNIS,Solar fotovoltaica
UFCASI,UFCASILLA,UPCASI,IGNIS,Solar fotovoltaica
UFCASTA,UF CASTAÑO,UPCASTA,IGNIS,Solar fotovoltaica
UFCERN,CERNEGULA,UPCERN,IGNIS,Eólica terrestre
UFCERR,UFELCERRO,UPCERR,IGNIS,Solar fotovoltaica
UFCHAM,UFCHAMORRO,UPCHAM,IGNIS,Solar fotovoltaica
UFCHBO,UFCHAMBO,UPCHBO,IGNIS,Solar fotovoltaica
UFCIERZ,UF CIERZO,UPCIERZ,IGNIS,Solar fotovoltaica
UFCIMER,CIMERA SOL,UPCIMER,IGNIS,Solar fotovoltaica
UFCIPRI,UFCIPRI,COGCIPR,DETIC,Derivados del petróleo o carbón
UFCORA1,MOLINO 1,UPRCIER,IGNIS,Eólica terrestre
UFCORA2,MOLINO 2,UPRCIER,IGNIS,Eólica terrestre
UFCORAC,CORACHA SO,UPCORAC,IGNIS,Solar fotovoltaica
UFCOV2,UFCOVATI2U,UPCOV2,IGNIS,Solar fotovoltaica
UFCOV3,UFCOVATI3,UPCOV3,IGNIS,Solar fotovoltaica
UFCOV4,UFCOVATI4,UPCOV4,IGNIS,Solar fotovoltaica
UFCUCO,UF EL CUCO,UPCUCO,IGNIS,Solar fotovoltaica
UFDULCI,LA DEHESIC,UPDULCI,IGNIS,Eólica terrestre
UFEIDE,UFEIDEN,UPEIDE,IGNIS,Solar fotovoltaica
UFELVIS,ELVISA,UPELVIS,IGNIS,Solar fotovoltaica
UFENE01,UFENE01,UPENE01,EFG,Solar fotovoltaica
UFENE02,UFENE02,UPENE02,EFG,Solar fotovoltaica
UFERES,UFERESMA,UPERES,IGNIS,Solar fotovoltaica
UFESC,ESCANDON,UPJALON,IGNIS,Eólica terrestre
UFESCA1,UFESCA1,UPESCA1,IGNIS,Solar fotovoltaica
UFESCA2,UFESCA2,UPESCA2,IGNIS,Solar fotovoltaica
UFESCA3,UFESCA3,UPESCA3,IGNIS,Solar fotovoltaica
UFESQUE,UF ESQUEDA,UPESQUE,IGNIS,Solar fotovoltaica
UFESTAN,UFESTAN,COGESTA,DETIC,Gas natural cogeneración
UFFUENT,LAS FUENTE,UPALFOZ,IGNIS,Eólica terrestre
UFFUEVA,FUENTE VA,UPALFOZ,IGNIS,Eólica terrestre
UFGARNA,UFGARNACHA,UPGARNA,IGNIS,Solar fotovoltaica
UFGAZ1,UFGAZULES1,UPGAZ1,IGNIS,Solar fotovoltaica
UFGAZ2,UFGAZULES2,UPGAZ2,IGNIS,Solar fotovoltaica
UFGER2,UFGERENA2,UPGER2,IGNIS,Solar fotovoltaica
UFGINES,GINESTAR,UPGINES,IGNIS,Eólica terrestre
UFGUARD,UFGUARDIAN,UPGUARD,IGNIS,Solar fotovoltaica
UFGUITA,LA GUITA,UPGUITA,IGNIS,Solar fotovoltaica
UFIALBA,UF ALBATER,ALBATER,TRISO,Solar fotovoltaica
UFICS,UFICS,TUFICS,AME,Gas natural cogeneración
UFINCUS,UFINCUS,COGINCU,DETIC,Gas natural cogeneración
UFJENAR,UF JENARIZ,UPJENAR,IGNIS,Eólica terrestre
UFJERE,UFJEREZ20,UPJERE,IGNIS,Solar fotovoltaica
UFJILG,UFJILGUERO,UPJILG,IGNIS,Solar fotovoltaica
UFKEN1,UF KENIA 1,UPKEN1,IGNIS,Solar fotovoltaica
UFKEN2,UF KENIA 2,UPKEN2,IGNIS,Solar fotovoltaica
UFKEN3,UF KENIA 3,UPKEN3,IGNIS,Solar fotovoltaica
UFKEN4,UF KENIA 4,UPKEN4,IGNIS,Solar fotovoltaica
UFLAGU,UF LAGUARD,UPLAGU,IGNIS,Solar fotovoltaica
UFLINTE,UF LINTE,UPJENAR,IGNIS,Eólica terrestre
UFLLANO,ETPELLANO,UPEBRO,IGNIS,Eólica terrestre
UFLUBIA,ALTOSLUBIA,UPLUBIA,IGNIS,Solar fotovoltaica
UFLUZ1,LA LUZ I,UPLUZ1,IGNIS,Solar fotovoltaica
UFLUZ2,LA LUZ II,UPLUZ2,IGNIS,Solar fotovoltaica
UFLUZ3,LA LUZ III,UPLUZ3,IGNIS,Solar fotovoltaica
UFLUZ4,LA LUZ IV,UPLUZ4,IGNIS,Solar fotovoltaica
UFLUZ5,LA LUZ V,UPLUZ5,IGNIS,Solar fotovoltaica
UFLUZ6,LA LUZ VI,UPLUZ6,IGNIS,Solar fotovoltaica
UFLUZ7,LALUZVII,UPLUZ7,IGNIS,Solar fotovoltaica
UFLUZ8,LA LUZ VII,UPLUZ8,IGNIS,Solar fotovoltaica
UFMACHO,UF MACHOS,UPMACHO,IGNIS,Solar fotovoltaica
UFMADER,MADERUELO,UPMADER,IGNIS,Derivados del petróleo o carbón
UFMAJ6B,MAJAS B,UPMAJAS,IGNIS,Eólica terrestre
UFMAJ6C,MAJAS C,UPMAJAS,IGNIS,Eólica terrestre
UFMAJ6D,MAJAS D,UPMAJAS,IGNIS,Eólica terrestre
UFMALAB,MALABRIGO,UPMALAB,IGNIS,Solar fotovoltaica
UFMAMB,UFMAMBAR,UPMAMB,IGNIS,Solar fotovoltaica
UFMANZT,MANZTIERRA,UPMANZT,IGNIS,Solar fotovoltaica
UFMARC2,UFSANMAR2,UPJENAR,IGNIS,Eólica terrestre
UFMBEC,UFMBECERRI,UPMBEC,IGNIS,Eólica terrestre
UFMENGI,UFMENGI,COGMENG,DETIC,Gas natural cogeneración
UFMFUS,UF M FUSTE,MFUSTE,TRISO,Solar fotovoltaica
UFMIRA,UFMIRAVETE,UPMIRA,IGNIS,Eólica terrestre
UFMONEG,LIMONETES,UPMONEG,IGNIS,Solar fotovoltaica
UFMONTE,MONTECILLO,UPRCIER,IGNIS,Eólica terrestre
UFMUGA2,LA MUGA II,UPMUGA2,IGNIS,Eólica terrestre
UFMUGA3,LA MUGA 3,UPMUGA3,IGNIS,Eólica terrestre
UFMUGAI,LA MUGA I,UPMUGAI,IGNIS,Eólica terrestre
UFMUTXA,UFMUTXA,METEV09,METEN,Solar fotovoltaica
UFNAVIC,LA NAVICA,UPNAVIC,IGNIS,Eólica terrestre
UFNIEST,UF INIESTA,UPNIEST,IGNIS,Eólica terrestre
UFNOGAL,EL NOGAL,UPALFOZ,IGNIS,Eólica terrestre
UFOLM2,UFOLM2,UPOLM2,GNRA,Solar fotovoltaica
UFONDA,COG ONDA,UPONDA,IGNIS,Gas natural cogeneración
UFONDA1,UFONDA1,UPONDA1,IGNIS,Gas natural cogeneración
UFPATO,UF PATO,UPPATO,IGNIS,Solar fotovoltaica
UFPAVAS,UFPAVAS,PAVASFT,DETIC,Solar fotovoltaica
UFPEP3,UFPEPINO3,UPPEP3,IGNIS,Solar fotovoltaica
UFPERL1,UFPERL1,METEV11,METEN,Solar fotovoltaica
UFPERL2,UFPERLETA2,METEV12,METEN,Solar fotovoltaica
UFPICA,PE PICAD,UPMONCA,IGNIS,Eólica terrestre
UFPICON,UF PICON,UPPICON,IGNIS,Solar fotovoltaica
UFPIRON,RIO PIRON,UPPIRON,IGNIS,"Híb. Renov., Term. No Renov"
UFPIZA,UFPIZANA,UPPIZA,IGNIS,Solar fotovoltaica
UFPORT2,PORTILLO 2,UPPORTI,IGNIS,Eólica terrestre
UFPORTI,PORTILLO,UPPORTI,IGNIS,Eólica terrestre
UFPOWER,UF POWER,UPPOWER,IGNIS,Solar fotovoltaica
UFPSAL,UFPIEDRA,UPPSAL,IGNIS,Solar fotovoltaica
UFPTCHA,UF PTCHA,UPPTCHA,LUM1,Fluyente
UFPTDIS,PTDIS,UPPTDIS,LUM1,Fluyente
UFQUALI,QUALICAPS,UPQUALI,LMER,Gas natural cogeneración
UFQUIJO,MUNERA I,UPQUIJO,IGNIS,Eólica terrestre
UFRADON,RADONA,UPRADON,IGNIS,Eólica terrestre
UFRASC,UFRASCON,UPRASC,IGNIS,Solar fotovoltaica
UFREAL3,PUERTO REA,METEV02,METEN,Solar fotovoltaica
UFREBEN,UFREBENTO,UPREBEN,IGNIS,Solar fotovoltaica
UFRETA,UFRETAMA,UPRETA,IGNIS,Solar fotovoltaica
UFROCI1,FVROCIO1,UPROCI1,IGNIS,Solar fotovoltaica
UFROCI2,UFROCIO 2,ES-SROC,IGNIS,Solar fotovoltaica
UFRODRI,RODRIGO 2,UPRODRI,IGNIS,Solar fotovoltaica
UFRUE1,UFRUEDA1,UPRUE1,IGNIS,Solar fotovoltaica
UFRUE2,UFRUEDA2,UPRUE2,IGNIS,Solar fotovoltaica
UFRUE3,UFRUEDA3,UPRUE3,IGNIS,Eólica terrestre
UFRUE4,UFRUEDAW1,UPRUE4,IGNIS,Eólica terrestre
UFRUE5,UFRUEDAW2,UPRUE5,IGNIS,Eólica terrestre
UFSALAD,UFSALAD,METEV10,METEN,Solar fotovoltaica
UFSALG,UFSALGUERO,UPSALG,IGNIS,Eólica terrestre
UFSALI2,UFSALINET2,UPSALI2,IGNIS,Solar fotovoltaica
UFSENOR,SEÑORIOS,SENORIO,LMER,Gas natural cogeneración
UFSERBA,UF SERBAL,UPSERBA,IGNIS,Solar fotovoltaica
UFSOCO,UFSOCOVOS,UPSOCO,IGNIS,Solar fotovoltaica
UFSRG,SRC,UPSRC,LMER,Gas natural cogeneración
UFSSALI,UFSALINETE,UPSSALI,IGNIS,Solar fotovoltaica
UFTABER,UF TABERNA,UPTABER,IGNIS,Solar fotovoltaica
UFTDAMM,UFTDAMM,COGDAMM,DETIC,Biomasa
UFTORJ,UFTORRIS,UPTORJ,IGNIS,Solar fotovoltaica
UFTORR,UFTORRUBIA,UPTORR,IGNIS,Solar fotovoltaica
UFTOSCA,UF TOSCANO,UPTOSCA,IGNIS,Solar fotovoltaica
UFTREG1,UFTREVAGO1,UPTREG1,IGNIS,Solar fotovoltaica
UFTREG2,UFTREVAGO2,UPTREG2,IGNIS,Solar fotovoltaica
UFTROVE,UFTROVE,COGTROV,DETIC,Gas natural cogeneración
UFTRUJI,UF TRUJI,UPTRUJI,IGNIS,Solar fotovoltaica
UFUNION,UFUNION,COGUNIO,DETIC,Gas natural cogeneración
UFURENA,UFURENA,COGUREN,DETIC,Gas natural cogeneración
UFUTZUB,UFUTZUB,COGUTZU,DETIC,Gas natural cogeneración
UFVALD1,UF VALDOM1,UPVALD1,IGNIS,Solar fotovoltaica
UFVALD2,UF VALDOM2,UPVALD2,IGNIS,Solar fotovoltaica
UFVALD3,UF VALDOM3,UPVALD3,IGNIS,Solar fotovoltaica
UFVALDE,UFVALDENEB,UPVALDE,IGNIS,Solar fotovoltaica
UFVALLE,UFVALLE,UPVALLE,IGNIS,Solar fotovoltaica
UFVCE,UFVCE,UPVCE,GNRA,Solar fotovoltaica
UFVENAT,UF VENATOR,UPVENAT,IGNIS,Gas natural cogeneración
UFVILA2,UO VILLA 2,UPVILA2,GNRA,Solar fotovoltaica
UFVIRG2,VIRODANAS2,UPVIRG2,IGNIS,Eólica terrestre
UFVIRGE,VIRODANASI,UPVIRGE,IGNIS,Eólica terrestre
UFVISCO,UFVISCO,UPVISCO,IGNIS,Gas natural cogeneración
UFVLEBR,LA FATAREL,UPVLEBR,IGNIS,Eólica terrestre
UFVOLAN,UF VOLANDI,UPRCIER,IGNIS,Eólica terrestre
UFVVILA,VILALBA,UPVVILA,IGNIS,Eólica terrestre
UFYARTE,EL YARTE,UPYARTE,IGNIS,Solar fotovoltaica
UGIBT,UGIBT,FVGNRA,GNRA,Solar fotovoltaica
UIPSA1,UIPSA1,ENDER01,ENDCO,Comercializadores mercado libre
ULDCONA,ULDCONA,FULCONA,NEXU,Solar fotovoltaica
ULEA,ULEA,ULEA,BARER,Fluyente
ULIB,ULIBARR-GA,EBRA,IBEG,Embalse
ULMAFOR,ULMAFOR,EDPCR01,EDPCL,Comercializadores mercado libre
ULSOC01,ULTREYA,ULSOC01,ULSOL,Comercializadores mercado libre
UMEMC01,UMEME,UMEMC01,UMEME,Comercializadores mercado libre
UMIA,UMIA,HENGAG,EGLE,Fluyente
UNAR,UNARRE,EBRFEN,ENDG,Fluyente
UNELC01,UNELC01,UNELC01,UNEL,Comercializadores mercado libre
UNIFG,UNIFG,FVGNRA,GNRA,Solar fotovoltaica
UNILEVE,UNILEVER,TFEGED,EGED,Gas natural cogeneración
UNION,UNION,EUNION,REPSB,Eólica terrestre
UNIPC01,UNIPER,UNIPC01,EON,Comercializadores mercado libre
UNITEXR,UNITEXR,SEDAR01,SEDAT,Consumos directos en mercado
UNITEXS,UNITEXS,SEDAR01,SEDAT,Consumos directos en mercado
UPFVSER,FYGNSUR,UPFVSER,LUM1,Solar fotovoltaica
UPINILA,UPINILA,FPINILA,NEXU,Solar fotovoltaica
URACC0F,URANOVII,URACC01,URANC,Comercializadores mercado libre
URAIC01,URAIV,URAIC01,URAIV,Comercializadores mercado libre
URANO,URANO,DANNZN,HISPE,Eólica terrestre
URBAMER,URBAMER,RTIRCA,TIRCA,Residuos domésticos y similares
URBCC01,URBE COMER,URBCC01,URBEN,Comercializadores mercado libre
URBNC01,URBE CD,URBNC01,URBEN,Consumos directos en mercado
URBZARA,URBZARA,RURBZA,EGLE,Biogás
URCAST2,URCAST2,EHIBGES,IBGES,Eólica terrestre
URD1,URDON 1,VIES,REPSB,Fluyente
URD2,URDON 2,VIES,REPSB,Fluyente
URD3,URDON 3,VIES,REPSB,Fluyente
URR1,URROZ 1,EBRA,IBEG,Embalse
URR2,URROZ 2,EBRA,IBEG,Embalse
URSAM,URSA,FURSAMA,GESTE,Solar fotovoltaica
URT1,URDICETO 1,CHURD,GNRA,Embalse
URT2,URDICETO 2,CHURC,GNRA,Embalse
URU1,S-URUMEA 1,EBRA,IBEG,Fluyente
URU2,S-URUMEA 2,EBRA,IBEG,Fluyente
URU3,S-URUMEA 3,EBRA,IBEG,Fluyente
URUSC01,URUS,URUSC01,URUSE,Comercializadores mercado libre
URVIC01,URANOVI,URVIC01,URANB,Comercializadores mercado libre
USEEA,USEEA,UPUSE,GNRA,Solar fotovoltaica
UTGTA2,GTA2,TUTETEM,UTTEM,Residuos domésticos y similares
UZKITA,UZKITA,EGASNE0,GNCO,Eólica terrestre
VACARIS,VACARIS,RVACARI,NEXU,Biogás
VADCB,VADCB,FVGNRA,GNRA,Solar fotovoltaica
VADI,CHVADILLO,HDALT02,INTRA,Fluyente
VAL102,VAL102,FVAL102,SOLRC,Solar fotovoltaica
VALBA,VALBA,EGREEN,EGED,Eólica terrestre
VALBON,VALBON,EHIBGES,IBGES,Eólica terrestre
VALBUEN,VALBUEN,PEVALB,GNRA,Eólica terrestre
VALCAIR,EGST147,EGST147,GESTE,Eólica terrestre
VALCALA,VALCALA,EGREEN,EGED,Eólica terrestre
VALCAR,VALCAR,FVALCAR,CEG,Solar fotovoltaica
VALD1,VALD1,FVALD1,CEG,Solar fotovoltaica
VALD2,VALDE2,FVALD2,CEG,Solar fotovoltaica
VALDECA,VALDECA,EHIBGES,IBGES,Eólica terrestre
VALDECB,VALDECABA,FEGPEM,ECYR,Solar fotovoltaica
VALDECU,VALDECU,EVESTA,EGLE,Eólica terrestre
VALDEHO,VALDEHORNO,EMIRASI,MIRAS,Eólica terrestre
VALDELU,VALDELUGO,EVALDLU,CEG,Eólica terrestre
VALDEMI,VALDEMI,RFVALDE,DETIC,Biogás
VALDEMO,VALDEMO,EIBGEVA,IBGES,Eólica terrestre
VALDENA,VALDENA,EHIBGES,IBGES,Eólica terrestre
VALDEP,VALDEP,EHIBGES,IBGES,Eólica terrestre
VALDEPE,VALDEPE,EGASNE2,GNCO,Eólica terrestre
VALDESA,VALDESA,EREGPEM,ECYR,Eólica terrestre
VALDESN,VALDESN,EHIBGES,IBGES,Eólica terrestre
VALDESP,VALDESP,HRIEAG,EGLE,Hidráulica - No UGH
VALDIHU,VALDIHU,EEGPEM,ECYR,Eólica terrestre
VALDIV,VALDIV,EGREEN,EGED,Eólica terrestre
VALDJOS,VALDJOS,HTAJUN,EGLE,Fluyente
VALDUN2,VALDUN2,HHIMEG,EGLE,Fluyente
VALDUNO,VALDUNO,HHIMEG,EGLE,Fluyente
VALENTI,VALENTI,FVALENT,NEXU,Solar fotovoltaica
VALERRO,VALERRO,EVDERRO,NEXU,Eólica terrestre
VALFU,VALFU,EHIBGES,IBGES,Eólica terrestre
VALFW,VALFW,FVALFW,GNRA,Solar fotovoltaica
VALGEVE,VALGEVE,HENREU,EGLE,Fluyente
VALIC01,VALIC01,VALIC01,VALI,Comercializadores mercado libre
VALL5V,VALL5V,ENDER01,ENDCO,Comercializadores mercado libre
VALLE,VALLE,SENFV1,SOMEN,Solar fotovoltaica
VALLESP,VALLESP,HYVALLE,DETIC,Hidráulica - No UGH
VALLFOS,VALLFOS,HYVALLF,DETIC,Hidráulica - No UGH
VALLFR,VALLFR,ENDER01,ENDCO,Comercializadores mercado libre
VALLHEB,VALLHEB,TZAME,AME,Gas natural cogeneración
VALLKAS,VALLKAS,FVALLKA,CEG,Solar fotovoltaica
VALLOBA,VALLOBA,FVALLOB,NEXU,Solar fotovoltaica
VALLPA,VALLPA,ENDER01,ENDCO,Comercializadores mercado libre
VALLRO,VALLRO,ENDER01,ENDCO,Comercializadores mercado libre
VALOC01,VALOC01,VALOC01,VALOR,Consumos directos en mercado
VALPARD,VALPARD,EGREEN,EGED,Eólica terrestre
VALPBA,VALPBA,TVALPBA,COGEN,Gas natural cogeneración
VALPC2,VALPC2,TVCOMAT,COGEN,Gas natural cogeneración
VALRC01,VALRC01,VALRC01,VALEA,Consumos directos en mercado
VALSA,VALSA,HCGSIHA,HC G,Eólica terrestre
VALSE,RE-107259,TYTRDB,TRADB,Biogás
VALTFON,VALTFON,FVALTA,EGLE,Solar fotovoltaica
VALVERD,VALVERD,FVLVERD,NEXU,Solar fotovoltaica
VAN2,VANDELLOS,VAN2,ENDG,Nuclear
VAP1,VALPARA 1G,DUER,IBEG,Embalse
VAP1B,VALPARA 1B,DUEB,IBEG,Consumo bombeo
VAP2,VALPARA 2G,DUER,IBEG,Embalse
VAP2B,VALPARA 2B,DUEB,IBEG,Consumo bombeo
VAQC01,VAQC01,VAQC01,VAQ,Comercializadores mercado libre
VARAC01,VARAENER,VARAC01,VARAE,Comercializadores mercado libre
VARCB,VARCB,UPVAR,GNRA,Solar fotovoltaica
VASVB,VASVB,FVGNRA,GNRA,Solar fotovoltaica
VBOTOA,VBOTOA,FVBOTOA,GESTE,Solar fotovoltaica
VC11,VILLALC 11,DUER,IBEG,Embalse
VC12,VILLALC 12,DUER,IBEG,Embalse
VC13,VILLALC 13,DUER,IBEG,Embalse
VC21,VILLALC 21,DUER,IBEG,Embalse
VCARM,VCARM,SHEPV06,SHEEN,Solar fotovoltaica
VCASTIN,VCASTIN,HIBSIHA,HC G,Híbrida Renovable
VCN1,VALDECA 1G,TAJO,IBEG,Embalse
VCN1B,VALDECA 1B,TAJB,IBEG,Consumo bombeo
VCN2,VALDECA 2G,TAJO,IBEG,Embalse
VCN2B,VALDECA 2B,TAJB,IBEG,Consumo bombeo
VCN3,VALDECA 3G,TAJO,IBEG,Embalse
VCN3B,VALDECA 3B,TAJB,IBEG,Consumo bombeo
VDECRO,VDECRO,GALPS1,GALP,Solar fotovoltaica
VDLACAS,VDLACAS,EGASNE1,GNCO,Eólica terrestre
VDLIN01,VDLIN01,EGASNE1,GNCO,Eólica terrestre
VDMON,VDMON,EVDMOG,EGED,Eólica terrestre
VDPORRE,VDPORRE,EHIBGES,IBGES,Eólica terrestre
VECCC01,UPVECTORC,VECCC01,VECTO,Comercializadores mercado libre
VECIANA,VECIANA,EVECIA,EGLE,Eólica terrestre
VECONSA,VECONSA,COGVECO,DETIC,Biomasa
VEDADI,VEDADI,EGREEN1,EGED,Eólica terrestre
VEG1,VEGACERV 1,ASIDUE,ASIE,Fluyente
VEG2,VEGACERV 2,ASIDUE,ASIE,Fluyente
VEGCU,VEGCU,HCUER,GNRA,Fluyente
VEL1,VELLE 1,UFMI,GNFG,Embalse
VEL2,VELLE 2,UFMI,GNFG,Embalse
VELCB1,VELCB1,FVGNRA,GNRA,Solar fotovoltaica
VELCB2,VELCB2,FVGNRA,GNRA,Solar fotovoltaica
VELCB3,VELCB3,FVGNRA,GNRA,Solar fotovoltaica
VELETA,VELETA,EBRUJUL,HC G,Eólica terrestre
VELILLA,VELILLA,FIBGEVE,IBGES,Solar fotovoltaica
VELTC01,VELTC01,VELTC01,VELTA,Comercializadores mercado libre
VEN1,VENCIAS,UFTA,GNFG,Embalse
VENTDUC,VENTDUC,EHIBGES,IBGES,Eólica terrestre
VENTOS2,VENTOS2,EEGPEM,ECYR,Eólica terrestre
VENTOSA,VENTOSA,EEGPES,ECYR,Eólica terrestre
VENTUM,VENTUM1,E1VENTU,CEG,Eólica terrestre
VENZO,VENZO,EHIBGES,IBGES,Eólica terrestre
VEO-BD,VEO-BD,TGYER01,TGYE,Comercializadores mercado libre
VEO-EQ,VEO-EQ,TGYER01,TGYE,Comercializadores mercado libre
VEO-HN,VEO-HN,TGYER01,TGYE,Comercializadores mercado libre
VEO-SS,VEO-SS,TGYER01,TGYE,Comercializadores mercado libre
VEO-SX,VEO-SX,TGYER01,TGYE,Comercializadores mercado libre
VEO-TE,VEO-TE,TGYER01,TGYE,Comercializadores mercado libre
VEO-VV,VEO-VV,TGYER01,TGYE,Comercializadores mercado libre
VEO-YD,VEO-YD,TGYER01,TGYE,Comercializadores mercado libre
VEOLIA,VEOLIA,EDPCR01,EDPCL,Comercializadores mercado libre
VER1,V.BIDASO 1,EBRA,IBEG,Fluyente
VER2,V.BIDASO 2,EBRA,IBEG,Fluyente
VERDIGU,VERDIGU,EHIBGES,IBGES,Eólica terrestre
VERDNLS,VERDNLS,FVERDLS,NEXU,Solar fotovoltaica
VERJERE,VERJERE,RVJEREZ,NEXU,Biogás
VERTALC,VERTALC,RVERALC,NEXU,Biogás
VERTI,VERTI,FVGNRA,GNRA,Solar fotovoltaica
VERTX1,VERTX1,ENDER01,ENDCO,Comercializadores mercado libre
VERTX2,VERTX2,ENDER01,ENDCO,Comercializadores mercado libre
VERTX3,VERTX3,ENDER01,ENDCO,Comercializadores mercado libre
VERUELA,VERUELA,FVRUELA,NEXU,Solar fotovoltaica
VERVD,VERVD,FVGNRA,GNRA,Solar fotovoltaica
VESVB,VESVB,FVGNRA,GNRA,Solar fotovoltaica
VETEJAR,VETEJAR,ROLEIC,EGLE,Biomasa
VFR1,VILLAFRA 1,GDLQ,ENDG,Fluyente
VFR2,VILLAFRA 2,GDLQ,ENDG,Fluyente
VGO1,VGONZALO 1,DUER,IBEG,Fluyente
VGO2,VGONZALO 2,DUER,IBEG,Fluyente
VIANA2,VIANA2,HFEGED,EGED,Fluyente
VIANA3,VIANA3,HFEGED,EGED,Fluyente
VIBPC,VIBPC,UPVIBO,GNRA,Solar fotovoltaica
VICAD1,VICAD1,FVGNRA,GNRA,Solar fotovoltaica
VICAD2,VICAD2,FVGNRA,GNRA,Solar fotovoltaica
VICANAS,VICANAS,FVCANAS,NEXU,Solar fotovoltaica
VICEDO,VICEDO,EPEVIG,EGED,Eólica terrestre
VICENTE,VICENTE,UPHOY,GNRA,Solar fotovoltaica
VICTORI,VICTORIA,PEVER,GNRA,Eólica terrestre
VIDRA1,VIDRA1,ENDER01,ENDCO,Comercializadores mercado libre
VIDRA2,VIDRA2,ENDER01,ENDCO,Comercializadores mercado libre
VIDRA3,VIDRA3,ENDER01,ENDCO,Comercializadores mercado libre
VIE1,VIELLA 1,EBRFEN,ENDG,Fluyente
VIE2,VIELLA 2,EBRFEN,ENDG,Fluyente
VIEECA1,VIEECA1,VIEECA1,VIEE,Comercializadores mercado libre
VIELHA,VIELHA,HEGPE3,ECYR,Fluyente
VIL1,VILSIERRA1,UFTA,GNFG,Embalse
VIL2,VILSIERRA2,UFTA,GNFG,Embalse
VILACHA,VILACHA,ESEOUR,EGLE,Eólica terrestre
VILACOB,VILACOB,HLACOBA,GNRA,Fluyente
VILADEM,VILADEMULS,EYPPV4,EPYM,Solar fotovoltaica
VILAMC1,VILAMC1,FVMECA1,NEXU,Solar fotovoltaica
VILAMC2,VILAMC2,FVMECA2,NEXU,Solar fotovoltaica
VILANEA,VILANEA,F1CEG,CEG,Solar fotovoltaica
VILANOV,FV VILANOV,FDREU11,DREUA,Solar fotovoltaica
VILANU2,VILANU2,FFWMARK,WMARK,Solar fotovoltaica
VILANUB,VILANUB,FFWMARK,WMARK,Solar fotovoltaica
VILANUE,VILANUE,FFWMARK,WMARK,Solar fotovoltaica
VILAREY,VILREY,HVILLAR,GESTE,Fluyente
VILDA,VILDA,EVAR,IGNIS,Eólica terrestre
VILLA01,VILLA01,FVGNRA,GNRA,Solar fotovoltaica
VILLAM,VILLAM,HCGSCSA,HC G,Eólica terrestre
VILLANU,VILLANU,EVILLAN,EGED,Eólica terrestre
VILLAR,VILLAR,SHEPV10,SHEEN,Solar fotovoltaica
VILLARO,VILLARO,TTIBGES,IBGES,Derivados del petróleo o carbón
VILLARU,VILLARU,SPGGR01,SPGG,Consumos directos en mercado
VILLAVA,VILLAVALI,FVILLAV,GESTE,Solar fotovoltaica
VILLM,VILLM,UPMESF,GNRA,Solar fotovoltaica
VILLORU,VILLORU,HCGSCSA,HC G,Eólica terrestre
VILLROB,VILLROB,FFIRSTW,EBLCO,Solar fotovoltaica
VILOBI,VILOBI,EGREEN1,EGED,Eólica terrestre
VILOBI2,VILOBI2,EGREEN,EGED,Eólica terrestre
VILPX,VILPX,UPVIL,GNRA,Solar fotovoltaica
VIMAN,VIMAN,FVIMAN,CEG,Solar fotovoltaica
VIMC01,VIMCOMEL,VIMC01,VIMCO,Comercializadores mercado libre
VIMECA,VIMECA,HEGPE3,ECYR,Fluyente
VINASGO,VIÑAS,FVINASG,GESTE,Solar fotovoltaica
VINIABA,VINIABA,HFIBGES,IBGES,Fluyente
VINIC01,COVINIL,VINIC01,VINI,Consumos directos en mercado
VINIX,VINIX,UPSON4,GNRA,Solar fotovoltaica
VINSG,VINSG,FVGNRA,GNRA,Solar fotovoltaica
VIOLC01,VINAC51,VIOLC01,VINAO,Consumos directos en mercado
VIPROES,VIPROES,FFWMARK,WMARK,Solar fotovoltaica
VIR1,V.PILAR 1,TAJO,IBEG,Fluyente
VIR2,V.PILAR 2,TAJO,IBEG,Fluyente
VIRAVEN,VIRAVENTO,EEGPEM,ECYR,Eólica terrestre
VIRIC01,VIRGIN UP,VIRIC01,VIRGI,Comercializadores mercado libre
VIRPENA,VIRPENA,HCGSCSA,HC G,Eólica terrestre
VIRTOS,VIRTOS,ENDER01,ENDCO,Comercializadores mercado libre
VIRUC01,SOCIEDAD,VIRUC01,VIRTM,Comercializadores mercado libre
VISC01,VISC01,VISC01,SNIVI,Consumos directos en mercado
VISFV18,VISFV18,VISFV18,VISAL,Solar fotovoltaica
VISFV21,VISFV21,VISFV21,VISAL,Solar fotovoltaica
VISFV22,VISFV22,VISFV22,VISAL,Solar fotovoltaica
VISFV23,VISFV23,VISFV23,VISAL,Solar fotovoltaica
VISFV24,VISFV24,VISFV24,VISAL,Solar fotovoltaica
VISFV25,VISFV25,VISFV25,VISAL,Solar fotovoltaica
VISLC01,VISLC01,VISLC01,VISAL,Comercializadores mercado libre
VISOS,VISOS,UPEBROH,IGNIS,Híbrida Renovable
VITIGUD,VITIGUD,FVITIGU,EBLCO,Solar fotovoltaica
VITLC01,VITLC01,VITLC01,VITOL,Comercializadores mercado libre
VITLCP3,VITOLCP3,VITLCP3,VITOL,Importación Francia
VITLVP3,VITOLVP3,VITLVP3,VITOL,Exportación Francia
VIVALS,VVLS,FVIVAL,GESTE,Solar fotovoltaica
VIVEIRO,VIVEIRO,EHIBGES,IBGES,Eólica terrestre
VIVOC01,VIVO,VIVOC01,VIVO,Comercializadores mercado libre
VJALO2,UFVJALON2,UPEBROH,IGNIS,Eólica terrestre
VJALON,VJALON,UPEBRO,IGNIS,Eólica terrestre
VJATR,EOTERRAL,EFGNRA,GNRA,Eólica terrestre
VLANEVA,VILLA,FVLNEVA,GESTE,Solar fotovoltaica
VLB1,VILLALBA 1,DUER,IBEG,Embalse
VLB2,VILLALBA 2,DUER,IBEG,Embalse
VLL1,VALLAT 1,HDXT01,DUFER,Fluyente
VLL2,VALLAT 2,HDXT01,DUFER,Fluyente
VLLANO1,VLLANO1,EHIBGES,IBGES,Eólica terrestre
VLLANO2,VLLANO2,EHIBGES,IBGES,Eólica terrestre
VLLNGO,VLLNGO,HVLLNGO,NEXU,Fluyente
VLR1,VILALLER 1,EBRFEN,ENDG,Fluyente
VLR2,VILALLER 2,EBRFEN,ENDG,Fluyente
VLT1,VALTEINA 1,DUER,IBEG,Fluyente
VLT2,VALTEINA 2,DUER,IBEG,Fluyente
VMARTIN,VMARTIN,FANTU,EGLE,Solar fotovoltaica
VMAYOR,VMAYOR,FVMAYOR,NEXU,Solar fotovoltaica
VMDIANO,VMDIANO,EHIBGES,IBGES,Eólica terrestre
VMR2,VMR2,ECERRAG,REPSB,Eólica terrestre
VNLSC01,VINALESA,VNLSC01,VINAL,Comercializadores mercado libre
VNSER,VNSER,FVNSER,GNRA,Solar fotovoltaica
VNUAL,VNUAL,FVGNRA,GNRA,Solar fotovoltaica
VO06AL,VO06AL,FORTR01,FORTI,Comercializadores mercado libre
VO1133,VO1133,FVO1133,SOLRC,Solar fotovoltaica
VO2134,VO2134,FVO2134,SOLRC,Solar fotovoltaica
VOB1,VALDEOB 1,TAJO,IBEG,Embalse
VOB2,VALDEOB 2,TAJO,IBEG,Embalse
VOLTREG,VOLTREG,TIGVOL,FUTGR,Gas natural cogeneración
VOZM,VOZMEDIANO,ASIEBR2,ASIE,Fluyente
VPEL,RTYLMER,VPEL,PEL,Biomasa
VQUIRAN,VQUIRAN,FQUIRAN,NEXU,Solar fotovoltaica
VRN1,VLLRINO 1G,DUER,IBEG,Embalse
VRN1B,VLLRINO 1B,DUEB,IBEG,Consumo bombeo
VRN2,VLLRINO 2G,DUER,IBEG,Embalse
VRN2B,VLLRINO 2B,DUEB,IBEG,Consumo bombeo
VRN3,VLLRINO 3G,DUER,IBEG,Embalse
VRN3B,VLLRINO 3B,DUEB,IBEG,Consumo bombeo
VRN4,VLLRINO 4G,DUER,IBEG,Embalse
VRN4B,VLLRINO 4B,DUEB,IBEG,Consumo bombeo
VRN5,VLLRINO 5G,DUER,IBEG,Embalse
VRN5B,VLLRINO 5B,DUEB,IBEG,Consumo bombeo
VRN6,VLLRINO 6G,DUER,IBEG,Embalse
VRN6B,VLLRINO 6B,DUEB,IBEG,Consumo bombeo
VRRE,VILLARREAL,ASIJUCA,ASIE,Fluyente
VRSBT,VRSBT,UPVRS,GNRA,Solar fotovoltaica
VRTPN,VRTPN,UPVERO,GNRA,Solar fotovoltaica
VRTPN1,VRTPN1,UPVERO1,GNRA,Solar fotovoltaica
VRTPN3,VRTPN3,UPVERO3,GNRA,Solar fotovoltaica
VSLAR,VALDESOLAR,FVALDES,REPSB,Solar fotovoltaica
VTD1,VALTODAN 1,GDLQ,ENDG,Fluyente
VTD2,VALTODAN 2,GDLQ,ENDG,Fluyente
VTD3,VALTODAN 3,GDLQ,ENDG,Fluyente
VUA1,VILLANUA,EBRACC1,ENDG,Fluyente
VVESC01,VIVA EYS,VVESC01,VIVA,Comercializadores mercado libre
VVINAS,VIINAS,HVVINAS,NEXU,Fluyente
VYA1,V.YANC1 1,EBRA,IBEG,Fluyente
VYA2,V.YANCI 2,EBRA,IBEG,Fluyente
VYA3,V.YANCI 3,EBRA,IBEG,Fluyente
VYA4,V.YANCI 4,EBRA,IBEG,Fluyente
VYEIX,VYEIX,UPSON3,GNRA,Solar fotovoltaica
WART2,WART2,TWART2,AME,Energía residual
WARTSIL,WARTSIL,TWARTS,WARTS,Energía residual
WATFV01,FYEEXXI,WATFV01,VISAL,Solar fotovoltaica
WATFV02,WATFV02,WATFV02,VISAL,Solar fotovoltaica
WATFV04,WATIUMFV04,WATFV04,VISAL,Solar fotovoltaica
WATFV05,WATFV05,WATFV05,VISAL,Solar fotovoltaica
WATFV06,WATFV06,WATFV06,VISAL,Solar fotovoltaica
WATFV11,WATFV11,WATFV11,VISAL,Solar fotovoltaica
WATFV12,WATFV12,WATFV12,VISAL,Solar fotovoltaica
WATFV13,WATFV13,WATFV13,VISAL,Solar fotovoltaica
WATFV15,WATFV15,WATFV15,VISAL,Solar fotovoltaica
WATFV16,13ROELESNO,WATFV16,VISAL,Solar fotovoltaica
WATFV17,WATFV17,WATFV17,VISAL,Solar fotovoltaica
WATOC01,WATIOX,WATOC01,WATIO,Comercializadores mercado libre
WI1014,EOL 1014,CLIWI11,TOTGA,Eólica terrestre
WIECB,WIECB,FVGNRA,GNRA,Solar fotovoltaica
WINEA,WINEA,FVGNRA,GNRA,Solar fotovoltaica
WINOAS,WINOAS,ENDER01,ENDCO,Comercializadores mercado libre
WKWC01,WEKIWI,WKWC01,WEKIW,Comercializadores mercado libre
WMARC01,WMARC01,WMARC01,WMARK,Comercializadores mercado libre
WMARCAX,WMARCAX,WMARCAX,WMARK,Consumo de Servicios Auxiliares
XALLAS,XALLAS,HARNO,EGLE,Fluyente
XEALDUM,XEALDUM,AXPOR01,EGLE,Comercializadores mercado libre
XENC,XENC,UPXENC,GNRA,Batería electroquímica
XENV,XENV,UPXENV,GNRA,Batería electroquímica
XESTOSA,XESTOSA,HOUROL,EGLE,Fluyente
XIESTA,XIESTA,HNORHI,EGLE,Fluyente
XUNQUEI,XUNQUEI,EXUNQUE,EBLCO,Eólica terrestre
XUSTO,XUSTO,HRWMARK,WMARK,Fluyente
YAN1,YANCI II 1,BEREBRO,BARER,Fluyente
YAN2,YANCI II 2,BEREBRO,BARER,Fluyente
YEBAQ,YEBAQ,FVGNRA,GNRA,Solar fotovoltaica
YEGUAS,YEGUAS,FYEGUAS,CEG,Solar fotovoltaica
YELLC01,COMPRA YEL,YELLC01,YELLO,Comercializadores mercado libre
YENCB,YENCB,UPYEN,GNRA,Solar fotovoltaica
YEPES,YS,FYEPES,GESTE,Solar fotovoltaica
YERGA,YERGA,ERRIBGE,IBGES,Eólica terrestre
YERGA2,YERGA2,ERRIBGE,IBGES,Eólica terrestre
YESA,YESA,EBRA,IBEG,Embalse
YUNCLLO,YUNCLLO,FYUNCLI,NEXU,Solar fotovoltaica
ZABALRP,ZABALRP,RZABAL,WMARK,Residuos domésticos y similares
ZABU,ZABURDON,ZABU,HIDRJ,Fluyente
ZAFRA,ZAFRA,FZAFRA,NEXU,Solar fotovoltaica
ZAMUNON,ZAMUNON,HCHZAMU,GNRA,Fluyente
ZANCONE,ZANCONE,FZNCONE,NEXU,Solar fotovoltaica
ZAPATER,ZAPATER,ECYLEO,EGLE,Eólica terrestre
ZARA1,ZARATAN1,ZARA1,ADXRE,Solar fotovoltaica
ZARGU,ZARGU,FVGNRA,GNRA,Solar fotovoltaica
ZARPCOS,ZARPCOS,FZRPCOS,NEXU,Solar fotovoltaica
ZARZASO,ZARZA,FDREU05,DREUA,Solar fotovoltaica
ZARZI,ZARZUELA1,FAUDAX,ADXRE,Solar fotovoltaica
ZARZII,ZARZUELA2,FAUDAX,ADXRE,Solar fotovoltaica
ZARZIII,ZARZUELA3,FAUDAX,ADXRE,Solar fotovoltaica
ZARZIV,ZARZUELA4,FAUDAX,ADXRE,Solar fotovoltaica
ZARZUEL,ZARZUEL,EHINOJ,EGLE,Eólica terrestre
ZAS,ZAS,HCGSCSA,HC G,Eólica terrestre
ZAVNI,ZAVNI,UPZAV,GNRA,Solar fotovoltaica
ZELTC01,ZELTRIA,ZELTC01,ZELTR,Comercializadores mercado libre
ZENOC01,ZENOC01,ZENOC01,ZENON,Comercializadores mercado libre
ZERC01,ZERC01,ZERC01,ZEREN,Comercializadores mercado libre
ZEREC01,ZEREP,ZEREC01,ZERE,Consumos directos en mercado
ZETAC01,ZETAC01,ZETAC01,ZETAE,Comercializadores mercado libre
ZOR1,ZORITA H 1,UFTA,GNFG,Embalse
ZOR2,ZORITA H 2,UFTA,GNFG,Embalse
ZOR3,ZORITA H 3,UFTA,GNFG,Embalse
ZORAQ,ZORAQ,EFEGED,EGED,Eólica terrestre
ZORITA,ZORITA,FZORITA,CEG,Solar fotovoltaica
ZORRER,ZORRER,EHIBGES,IBGES,Eólica terrestre
ZORTC,ZORTC,UPZOR,GNRA,Solar fotovoltaica
ZORVALV,ZORVALV,HZORIT,EGLE,Fluyente
ZOSBT,ZOSBT,FVGNRA,GNRA,Solar fotovoltaica
ZOVEC01,ZOVEC01,ZOVEC01,ZOVE,Comercializadores mercado libre
ZRMTC01,ZERMATT,ZRMTC01,ZRMTT,Comercializadores mercado libre
ZUB1,ZUBIETA 1,EBRA,IBEG,Fluyente
ZUB2,ZUBIETA 2,EBRA,IBEG,Fluyente
ZUDAIF1,ZUDAIF1,HHTTRIN,INTRA,Fluyente
ZUDVE,ZUDVE,ZJARVE,GNRA,Solar fotovoltaica
ZUERA,ZUERA,FZUERAS,NEXU,Solar fotovoltaica
ZUERA2,ZUERA2,FZUERA2,NEXU,Solar fotovoltaica
ZUESA,ZUESA,HFGNRA,GNRA,Fluyente
ZUGPC01,ZUG POWER,ZUGPC01,ZUGPW,Comercializadores mercado libre
ZUJA,ZUJAR,GDNA,ENDG,Embalse
ZUJC,ZUJAR CANA,GDNA,ENDG,Embalse
ZUJVE,ZUJVE,ZJARVE,GNRA,Solar fotovoltaica
ZULUC01,ZULU,ZULUC01,ZULU,Comercializadores mercado libre
ZUM1,ZUMARRE 1,EBRA,IBEG,Fluyente
ZUM2,ZUMARRE 2,EBRA,IBEG,Fluyente
ZUMVE,ZUMVE,UPZUMVE,GNRA,Solar fotovoltaica
ZURBARA,ZURBARAN,FREGPEM,ECYR,Solar fotovoltaica
ZUUVE,ZUUVE,ZJARVE,GNRA,Solar fotovoltaica
ZWEUSK,ZWEUSK,TESNELA,COGEN,Gas natural cogeneración
