codigo_de_up,descripcion_corta,descripcion_larga,codigo_eic,tipo_de_produccion,negocio,ambito_de_actuacion,zona_de_regulacion,tipo_de_up,sujeto_del_mercado,potencia_maxima_mw
A2GAME2,A2GAME2,A2GAME2,18W000000000R205,Energía residual,Venta,España,SZR,Generación,AME,"3,8"
ABA1,ABA1,ABARAN,18WABA1-123456-K,Hidráulica UGH,Venta,España,SZR,Generación,BARER,"0,3"
ABA2,ABA2,ABARAN 2,18WABA2-123456-A,Hidráulica UGH,Venta,España,SZR,Generación,BARER,"0,4"
ABASC01,UPC ABAST,UP COMPRA ABASTE,18W000000000G8RE,Comercializadores mercado libre,Compra,España,SZR,Comercializadores,ABAST,"1,0"
ABO1,ABOÑO 1,C.T. ABOÑO 1,18WABO1-12345-0X,Hulla antracita,Venta,España,SZR,Generación,ABOGE,"341,7"
ABO2G,ABO2G,ABOÑO2 GAS,18W000000000T2JX,Gas Natural,Venta,España,SZR,Generación,ABOGE,"561,8"
ABOUC01,ABOUTWHI,"ABOUT WHITE, S.L.",18WABOUC01-123-F,Comercializadores mercado libre,Compra,España,SZR,Comercializadores,ABOUT,"0,1"
ABOX,ABOX,COMPRA SSAA ABOÑO,18W000000000R1YE,Consumo de Servicios Auxiliares,Compra,España,SZR,Servicios auxiliares,ABOGE,"30,0"
ACAPC01,ACAPERSA,ACAPERSA 1997,18W000000000MBVA,Consumos directos en mercado,Compra,España,SZR,Consum. directos a mercado,ACAPE,"0,8"
ACBFRAE,ACBFRA EXP,ACCIÓN COORDINADA DE BALANCE ES A FR,18WACBFRAE-12--2,Unidad instrumental internacional,Compra,Francia-España,SZR,Unidad instrumental internacional,REE,"9.999,0"
ACBFRAI,ACBFRA IMP,ACCIÓN COORDINADA DE BALANCE FR A ES,18WACBFRAI-12--B,Unidad instrumental internacional,Venta,Francia-España,SZR,Unidad instrumental internacional,REE,"9.999,0"
ACBPORE,ACBPOR EXP,ACCIÓN COORDINADA DE BALANCE ES A PT,18WACBPORE-123-3,Unidad instrumental internacional,Compra,Portugal-España,SZR,Unidad instrumental internacional,REE,"9.999,0"
ACBPORI,ACBPOR IMP,ACCIÓN COORDINADA DE BALANCE PT A ES,18WACBPORI-123-C,Unidad instrumental internacional,Venta,Portugal-España,SZR,Unidad instrumental internacional,REE,"9.999,0"
ACE3,ACECA 3 IB,C. C. ACECA 3,18WACE3-12345-00,Ciclo Combinado,Venta,España,IBEG ,Generación,IBGT,"386,0"
ACE4,ACECA 4 UF,C. C. ACECA 4,18WACE4-12345-0R,Ciclo Combinado,Venta,España,NTG ,Generación,GNCC,"372,6"
ACENC01,ACENORCA,ACENORCA,18WACENORCA-SCLW,Consumos directos en mercado,Compra,España,SZR,Consum. directos a mercado,ACENO,"0,9"
ACHEC01,CHERA,ELECTRICA DE CHERA,18WACHEC01-123-I,Comercializadores mercado libre,Compra,España,SZR,Comercializadores,ACHER,"1,4"
ACNHC01,ACNHC01,UP COMPRA,18W000000000NQNE,Comercializadores mercado libre,Compra,España,SZR,Comercializadores,ACENH,"0,0"
ACOSC01,ACOSC01,ACOSC01,18W000000000V1SA,Comercializadores mercado libre,Compra,España,SZR,Comercializadores,ACOST,"0,1"
ACSOC01,ACSOL,ACSOL ENERGIA GLOBAL,18W0000000001YAU,Comercializadores mercado libre,Compra,España,SZR,Comercializadores,ACSOL,"0,1"
ACTIC01,ACTIC01UN1,ACTIVA UPROG COMER 1,18W000000000GE8Y,Comercializadores mercado libre,Compra,España,SZR,Comercializadores,ACTIV,"100,0"
ADEIC01,ADEINNOVA,ADEINNOVA ENERGIA S.L,18WADEIC01-12--B,Comercializadores mercado libre,Compra,España,SZR,Comercializadores,ADEIN,"0,5"
ADEIV01,ADEIV01,ADEINNOVA VENTA,18W000000000S0AO,Solar fotovoltaica,Venta,España,SZR,Generación,ADEIN,"0,3"
ADELC01,ADELFAS,ADELFAS ENERGIA SL,18WADELC01-123-6,Comercializadores mercado libre,Compra,España,SZR,Comercializadores,ADELF,"4,0"
ADSEC01,ADSEC01,ADSEC01,18WADSEC01-123-X,Comercializadores mercado libre,Compra,España,SZR,Comercializadores,ADSSM,"16,0"
ADSNC01,ADS,ADS SOLUTIONS,18W000000000JBUO,Comercializadores mercado libre,Compra,España,SZR,Comercializadores,ADSEN,"1,0"
ADURC01,ADURIZ E,ADURIZ ENERGIA SL (COMERCIALIZADORA),18WADURC01-123-T,Comercializadores mercado libre,Compra,España,SZR,Comercializadores,ADUR,"0,0"
ADXC01,ADXC01,ADX RENOVABLES,18W000000000P85M,Comercializadores mercado libre,Compra,España,SZR,Comercializadores,ADXRA,"0,1"
AE10COG,AE10COG,ALTA EFICIENCIA 10 COG,18W000000000ODT0,Gas Natural Cogeneración,Venta,España,SZR,Generación,COGEN,"11,9"
AE11COG,AE11COG,ALTA EFICIENCIA 11 COG,18W000000000OSAU,Gas Natural Cogeneración,Venta,España,SZR,Generación,COGEN,"3,5"
AE12COG,AE12COG,ALTA EFICIENCIA 12COG,18W000000000OSIE,Gas Natural Cogeneración,Venta,España,SZR,Generación,COGEN,"5,3"
AEIDGEN,AEROGENERA,AEROGENERADOR,18W000000000TEH1,Eólica terrestre,Venta,España,SZR,Generación,WMARK,"4,0"
AENEC01,AVAENERC,AVALIA ENERGIA UP,18WAENEC01-123-2,Comercializadores mercado libre,Compra,España,SZR,Comercializadores,AENER,"40,0"
AEQC01,AEQ,AEQ COMER,18W000000000SPNY,Comercializadores mercado libre,Compra,España,SZR,Comercializadores,AEQ,"1,0"
AFALZ4C,AFALZ4C,UP COMPRA BAT FVALZ,18W000000000UWSW,Almacenamiento,Compra,España,SZR,Unidades de almacenamiento,IBGES,"25,8"
AFALZ5C,AFALZ5C,BAT ALZII UP COMPRA,18W000000000UWTU,Almacenamiento,Compra,España,SZR,Unidades de almacenamiento,IBGES,"25,8"
AFIANHC,AFIANHC,UP COMPRA BATERIA ANDEVAL,18W000000000UOUF,Almacenamiento,Compra,España,SZR,Unidades de almacenamiento,IBGES,"26,0"
AFIBGEC,AFIBGEC,ALMACENAMIENTO COMPRA,18W000000000NL3W,Almacenamiento,Compra,España,IBEG ,Unidades de almacenamiento,IBGES,"6,8"
AFIBGEV,AFIBGEV,ALMACENAMIENTO VENTA,18W000000000NL2Y,Almacenamiento,Venta,España,IBEG ,Unidades de almacenamiento,IBGES,"6,8"
AFIBHEC,AFIBHEC,HIBRIDACION EOLICA BATERIA COMPRA,18W000000000Q0TV,Almacenamiento,Compra,España,IBEG ,Unidades de almacenamiento,IBGES,"5,5"
AFIBHFC,AFIBHFC,AFIBHFC,18W000000000Q0SX,Almacenamiento,Compra,España,IBEG ,Unidades de almacenamiento,IBGES,"5,0"
AFIOLHC,AFIOLHC,COMPRA BATERIA OLMEDILLA,18W000000000U9L4,Almacenamiento,Compra,España,SZR,Unidades de almacenamiento,IBGES,"25,0"
AFIREHC,AFIREHC,REVILLA BATERIA UP COMPRA,18W000000000U8K9,Almacenamiento,Compra,España,IBEG ,Unidades de almacenamiento,IBGES,"25,0"
AFIROHC,AFIROHC,UP COMPRA BATERIA ROMERAL,18W000000000TIFU,Almacenamiento,Compra,España,SZR,Unidades de almacenamiento,IBGES,"25,0"
AGENC01,AGENC01,"AGUAS DE BARBASTRO ENERGÍA, S.L",18WAGENC01-123-O,Comercializadores mercado libre,Compra,España,SZR,Comercializadores,ABESL,"9,0"
AGMAC01,AGMARQUES,AGUAS DE MARQUESADO,18WAGMAC01-123-T,Consumos directos en mercado,Compra,España,SZR,Consum. directos a mercado,AGMA,"0,5"
AGRIC01,AGRIENERG,AGRI ENERGIA S.A.,18WAGRIC01-12-2B,Comercializadores mercado libre,Compra,España,SZR,Comercializadores,AGREN,"0,0"
AGUAV,AGUASVIVAS,UP SF AGUASVIVAS,18W000000000RUAC,Solar fotovoltaica,Venta,España,IGR ,Generación,IGNIS,"41,3"
AGUB,AGUAYO B,C.H.B. AGUAYO BOMBEO,18WAGUB-12345-0T,Consumo bombeo,Compra,España,REPSOL ,Consumo bombeo,REPSB,"360,0"
AGUG,AGUAYO G,C.H. AGUAYO GENERACION,18WAGUG-12345-0G,Turbinación bombeo,Venta,España,REPSOL ,Generación,REPSB,"360,4"
AHORC01,AHORA PEN,PENINSULA,18W000000000NN6K,Comercializadores mercado libre,Compra,España,SZR,Comercializadores,ALENE,"10,0"
AHTC01,AHTC01,COMPRA COMERCIALIZADORA,18W000000000RL94,Comercializadores mercado libre,Compra,España,SZR,Comercializadores,COMED,"1,0"
AIREC01,AIREL,COMERCIALIZADORES,18W000000000943S,Comercializadores mercado libre,Compra,España,SZR,Comercializadores,AIREL,"1,0"
AIREV01,AIREV01,AIREV01,18W000000000GYXZ,Solar fotovoltaica,Venta,España,SZR,Generación,AIREL,"7,2"
AIZEC01,UP AIZEN,UPROGRAMACIN AIZEN,18W000000000R019,Comercializadores mercado libre,Compra,España,SZR,Comercializadores,AIZEE,"0,1"
AJENC01,AJENC01,ESAJENEUP,18W000000000RQDI,Comercializadores mercado libre,Compra,España,SZR,Comercializadores,AJENE,"0,0"
ALAHC01,UP_HALAHUR,UP_HALAHURIN,18W000000000OYX3,Comercializadores mercado libre,Compra,España,SZR,Comercializadores,ALAHU,"0,1"
ALARCOS,ALARCOS,FV ALARCOS,18W000000000RB0F,Solar fotovoltaica,Venta,España,SZR,Generación,ADXRE,"45,0"
ALBATER,UP ALBATER,UP ABATERA,18W000000000U20U,Solar fotovoltaica,Venta,España,SZR,Generación,TRISO,"3,0"
ALBCC01,ALBCOUP,ALBCO_UNIDAD DE PROGRAMACION,18W0000000003Q6H,Comercializadores mercado libre,Compra,España,SZR,Comercializadores,ALBCO,"520,0"
ALBOLOT,UP_ALBOLOT,UP_ALBOLOTE_FV,18W000000000T22U,Solar fotovoltaica,Venta,España,SZR,Generación,LIDER,"1,5"
ALCAC01,ALCANZIA,ALCANZIA ENERGIA,18WALCAC01-123-5,Comercializadores mercado libre,Compra,España,SZR,Comercializadores,ALCAN,"2,0"
ALCAZA2,ALCAZARES2,ALCAZARES SOLAR 2020,18W000000000U860,Solar fotovoltaica,Venta,España,SZR,Generación,ELEIA,"1,7"
ALDDC01,ALDDC01,COMPRA ALDERAAN,18W000000000OLLT,Comercializadores mercado libre,Compra,España,SZR,Comercializadores,ALDEC,"1,0"
ALDEC01,ALDEC01,COMPRA COMERCIALIZADORA,18WALDEC01-123-S,Comercializadores mercado libre,Compra,España,SZR,Comercializadores,ALDEF,"1,0"
ALDEHU,ALDEHU,ALDEHUELAS,18W000000000JILL,Eólica terrestre,Venta,España,SZR,Generación,HISPE,"47,2"
ALDRC01,ALDRO ENER,ALDRO ENERGIA Y SOLUCIONES SL,18WALDRC01-123-9,Comercializadores mercado libre,Compra,España,SZR,Comercializadores,ALDRO,"70,0"
ALDRV01,ALDRV01,ALDRO REPRESENTACION,18W000000000DL6T,Solar fotovoltaica,Venta,España,SZR,Generación,ALDRO,"1,8"
ALG3,ALG3,BAHIA DE ALGECIRAS (SAN ROQUE- CADIZ),18WALG3-12345--K,Ciclo Combinado,Venta,España,REPSOL ,Generación,REPSB,"820,5"
ALGICA1,ALGICA1,ALGICA1,18WALGICA1-123-N,Comercializadores mercado libre,Compra,España,SZR,Comercializadores,COALG,"10,5"
ALHAM,ALHAM,FALHAM,18WALHAM-12345-B,Solar fotovoltaica,Venta,España,SZR,Generación,GNRA,"5,8"
ALIOC01,ALIOC01,COMPRA ALIO,18W000000000PSVL,Comercializadores mercado libre,Compra,España,SZR,Comercializadores,ALIOE,"1,0"
ALMAC01,ALUM MAEST,ALUMINIOS DEL MAESTRE,18WALUMINOMAESTW,Consumos directos en mercado,Compra,España,SZR,Consum. directos a mercado,ALMAE,"29,2"
ALPXC01,ALPXC01,ALPEX IBERICA DE ENERGIASL,18W000000000A8R1,Comercializadores mercado libre,Compra,España,SZR,Comercializadores,ALPEX,"10,0"
ALQSC01,ALQSC01,ALQSC01,18W000000000KBSO,Comercializadores mercado libre,Compra,España,SZR,Comercializadores,ALSEG,"0,1"
ALSEC01,ALSEC01,ALSET COMERCIALIZADORA,18W000000000HQQW,Comercializadores mercado libre,Compra,España,SZR,Comercializadores,ALSEC,"0,1"
ALUEC01,ALUZPENIN,ALUZ PENINSULAR,18W000000000KV0K,Comercializadores mercado libre,Compra,España,SZR,Comercializadores,ALUZE,"1,0"
ALUZC01,AHORRELUZ,AHORRELUZ,18W00000000041U3,Comercializadores mercado libre,Compra,España,SZR,Comercializadores,ALUZ,"0,1"
ALZ1,ALMARAZ 1,C.N. ALMARAZ 1,18WALZ1-12345-0E,Nuclear,Venta,España,SZR,Generación,IGNU,"1.011,3"
ALZ2,ALMARAZ 2,C.N. ALMARAZ 2,18WALZ2-12345-04,Nuclear,Venta,España,SZR,Generación,IGNU,"1.005,8"
AMAZC01,AMAZON C,AMAZON COMPRA,18W000000000SLHL,Comercializadores mercado libre,Compra,España,SZR,Comercializadores,COMEF,"5,0"
AMBIETA,AMBIETA,AMOREBIETA,18WAMBIETA-12-0S,Ciclo Combinado,Venta,España,AXP2 ,Generación,BIZE,"786,4"
AMBIETX,AMBIETX,AMOREBIETA - CONSUMOS AUXILIARES,18WAMBIETX-123-5,Consumo de Servicios Auxiliares,Compra,España,SZR,Servicios auxiliares,BIZE,"8,9"
AMEC01,AMEC01,AGENTE DEL MERCADO ELECTRICO (COMPRA),18WAMEC01-1234-4,Comercializadores mercado libre,Compra,España,SZR,Comercializadores,AME,"0,1"
AMELC01,-,-,18W000000000OYTB,Comercializadores mercado libre,Compra,España,SZR,Comercializadores,AMELU,"0,0"
AMIC01,AMI,AMI ELECTRUM,18W000000000SFE8,Comercializadores mercado libre,Compra,España,SZR,Comercializadores,FORZA,"1,0"
AMPEACI,AMP HEDRO,AMP HEDROSO-ACIBEROS,18W000000000TEJY,Eólica terrestre,Venta,España,SZR,Generación,WMARK,"32,0"
AMPEC01,AMPER,UP_AMPERIOS,18W000000000LBI3,Comercializadores mercado libre,Compra,España,SZR,Comercializadores,AMPER,"1,0"
AMPRC01,AMPERE,AMPERE ENERGY COMERCIALIZADORA Y SERVICIOS ENERGETICOS SRL,18W000000000RTQK,Comercializadores mercado libre,Compra,España,SZR,Comercializadores,AMPEA,"1,0"
ANGLC01,ANGLER,ANGLER ENERGIA SL,18W000000000TDPP,Comercializadores mercado libre,Compra,España,SZR,Comercializadores,ANGLB,"1,0"
ANIMC01,ANIMC01,ANIMC01,18W00000000084I2,Comercializadores mercado libre,Compra,España,SZR,Comercializadores,ANIMA,"0,1"
ANTEC01,ANTEA,ANTEA ENERGIA COMERCIALIZADORA,18W0000000003IEP,Comercializadores mercado libre,Compra,España,SZR,Comercializadores,ANTEA,"0,1"
APOANDE,APOAND EXP,INTERCAMBIO DE APOYO ES A AN,18WAPOANDE-123-C,Unidad instrumental internacional,Compra,Andorra-España,SZR,Unidad instrumental internacional,REE,"9.999,0"
APOANDI,APOAND IMP,INTERCAMBIO DE APOYO AN A ES,18WAPOANDI-123-L,Unidad instrumental internacional,Venta,Andorra-España,SZR,Unidad instrumental internacional,REE,"9.999,0"
APOFRAE,APOFRA EXP,INTERCAMBIO DE APOYO ES A FR,18WAPOFRAE-123-O,Unidad instrumental internacional,Compra,Francia-España,SZR,Unidad instrumental internacional,REE,"9.999,0"
APOFRAI,APOFRA IMP,INTERCAMBIO DE APOYO FR A ES,18WAPOFRAI-123-X,Unidad instrumental internacional,Venta,Francia-España,SZR,Unidad instrumental internacional,REE,"9.999,0"
APOLC01,APOLB,APOLO BUSINESS SL,18W000000000QWW3,Comercializadores mercado libre,Compra,España,SZR,Comercializadores,APOLB,"10,0"
APOMARE,APOMAR EXP,INTERCAMBIO DE APOYO ES A MA,18WAPOMARE-123-8,Unidad instrumental internacional,Compra,Marruecos-España,SZR,Unidad instrumental internacional,REE,"9.999,0"
APOMARI,APOMAR IMP,INTERCAMBIO DE APOYO MA A ES,18WAPOMARI-123-H,Unidad instrumental internacional,Venta,Marruecos-España,SZR,Unidad instrumental internacional,REE,"9.999,0"
APOPORE,APOPOR EXP,INTERCAMBIO DE APOYO ES A PT,18WAPOPORE-123-0,Unidad instrumental internacional,Compra,Portugal-España,SZR,Unidad instrumental internacional,REE,"9.999,0"
APOPORI,APOPOR IMP,INTERCAMBIO DE APOYO PT A ES,18WAPOPORI-123-9,Unidad instrumental internacional,Venta,Portugal-España,SZR,Unidad instrumental internacional,REE,"9.999,0"
APRC01,APRESTOS,APRESTOS DE LANERIA,18W000000000QSI6,Consumos directos en mercado,Compra,España,SZR,Consum. directos a mercado,APRES,"1,0"
APRIC01,APRIM,AUSARTA PRIMA COMPRA,18W0000000004A7M,Comercializadores mercado libre,Compra,España,SZR,Comercializadores,APRIM,"0,1"
ARACC01,ARACA1,ALTA ARACAN ENERGIA,18WARACC01-123-9,Comercializadores mercado libre,Compra,España,SZR,Comercializadores,ARACA,"0,1"
ARAIC01,ARAIA,SAN PEDRO DE ARAIA UNIDAD COMPRA,18W000000000PPXQ,Comercializadores mercado libre,Compra,España,SZR,Comercializadores,CHPED,"0,1"
ARASC01,ARASOL,ARASOL,18WARASC01-123-Y,Consumos directos en mercado,Compra,España,SZR,Consum. directos a mercado,ARAS,"0,4"
ARCH,ARCH,ARCHENA,18WARCH-123456-G,Hidráulica UGH,Venta,España,SZR,Generación,BARER,"0,3"
ARCOS1,ARCOS1,ARCOS1,18WARCOS1-123-0E,Ciclo Combinado,Venta,España,IBEG ,Generación,IBGT,"389,2"
ARCOS2,ARCOS2,ARCOS2,18WARCOS2-123-06,Ciclo Combinado,Venta,España,IBEG ,Generación,IBGT,"373,2"
ARCOS3,ARCOS3,ARCOS3,18WARCOS3-123-0Z,Ciclo Combinado,Venta,España,IBEG ,Generación,IBGT,"822,8"
ARGC01,ARGI ,ARGIMODE FABRICA,18W000000000O11I,Consumos directos en mercado,Compra,España,SZR,Consum. directos a mercado,ARGIM,"0,6"
ARRU1,ARRUBAL1,UP ARRU1,18WARRU1-1234-0J,Ciclo Combinado,Venta,España,CEP ,Generación,ARRUB,"394,6"
ARRU1X,ARRU1X,ARRU1X,18WARRU1X-1234-M,Consumo de Servicios Auxiliares,Compra,España,SZR,Servicios auxiliares,ARRUB,"1,0"
ARRU2,ARRUBAL2,UP DE ARRUBAL2,18WARRU2-1234-0A,Ciclo Combinado,Venta,España,CEP ,Generación,ARRUB,"390,0"
ARRU2X,ARRU2X,ARRU2X,18WARRU2X-1234-D,Consumo de Servicios Auxiliares,Compra,España,SZR,Servicios auxiliares,ARRUB,"1,0"
ASC1,ASCO 1,C.N. ASCO 1,18WASC1-12345-0Z,Nuclear,Venta,España,SZR,Generación,ENDG,"995,8"
ASC2,ASCO 2,C.N. ASCO 2,18WASC2-12345-0P,Nuclear,Venta,España,SZR,Generación,ENDG,"991,7"
ASEGC01,UP1,UP1 ASEGE,18W000000000UCQM,Comercializadores mercado libre,Compra,España,SZR,Comercializadores,ASEGE,"3,0"
ASIAGU,ASIAGU,HIDRO REG ORD CUENCA AGUERA,18W000000000Q46S,Hidráulica UGH,Venta,España,SZR,Generación,ASIE,"3,3"
ASIDUE,ASIDUERO,HYDRO REG ORDINARIO CH DUERO,18W000000000N3IJ,Hidráulica UGH,Venta,España,SZR,Generación,ASIE,"10,3"
ASIEBR2,ASIEBRO2,CUENCA EBRO REG ORDINARIO,18W000000000Q1GH,Hidráulica UGH,Venta,España,SZR,Generación,ASIE,"1,5"
ASIEBRO,ASIEBRO,HYDRO REG ORDINARIO CH EBRO,18W000000000N3JH,Hidráulica UGH,Venta,España,SZR,Generación,ASIE,"16,7"
ASIEC01,COMPRA ENE,ADQUISICIN DE ENERGA,18W0000000008NER,Comercializadores mercado libre,Compra,España,SZR,Comercializadores,ASIE,"5,0"
ASIJUCA,ASIJUCA,HYDRO REG ORDINARIO CH JUCAR,18W000000000ROTT,Hidráulica UGH,Venta,España,SZR,Generación,ASIE,"9,8"
ASITAJ,ASITAJ,HYDRO REG ORDINARIO CH TAJO,18W000000000N3HL,Hidráulica UGH,Venta,España,SZR,Generación,ASIE,"4,5"
ASRIHCC,ASRIHCC,UP COMPRA BATERIA SRI,18W000000000S58D,Almacenamiento,Compra,España,SZR,Unidades de almacenamiento,HC G,"0,3"
ASRIHCV,ASRIHCV,UP VENTA BATERIA SOTO DE RIBERA,18W000000000S59B,Almacenamiento,Venta,España,SZR,Unidades de almacenamiento,HC G,"0,2"
ASSEC01,ASSEC01,ASSENN ENERGY SL,18W000000000R17V,Comercializadores mercado libre,Compra,España,SZR,Comercializadores,ASSEN,"0,0"
ASTC01,ASTC01,ASTURAGUA SICA,18WASTURAGUAAST0,Consumos directos en mercado,Compra,España,SZR,Consum. directos a mercado,AST,"1,3"
ASTCP3,ASTCP3,ASTCP3,18WASTCP3-1234-7,Exportación Francia,Compra,Francia-España,SZR,Comercializador internacional,AST,"2,0"
ASTEC01,ASTEC01,COMPRA COMERCIALIZADORA,18W000000000UBUH,Comercializadores mercado libre,Compra,España,SZR,Comercializadores,ASTEN,"1,0"
ASTRC01,ASTRA,ASTRALCAD ENERGIA,18W000000000M11Q,Comercializadores mercado libre,Compra,España,SZR,Comercializadores,ASTRA,"1,0"
ASTVP3,ASTVP3,ASTVP3F,18WASTVP3-1234-2,Importación Francia,Venta,Francia-España,SZR,Comercializador internacional,AST,"2,0"
ATEEC01,PENINSULA,ATENCO PENINSULA,18W000000000JNN2,Comercializadores mercado libre,Compra,España,SZR,Comercializadores,ATENC,"1,0"
ATLSC01,ATLAS COMP,ATLAS ENERGIA COMERCIAL COMPRA,18WATLSC01-123-0,Comercializadores mercado libre,Compra,España,SZR,Comercializadores,ATLAS,"4,5"
ATLSR01,ATLSR01,ATLAS SRAD,18W000000000TRBB,Comercializadores mercado libre,Compra,España,SZR,Comercializadores,ATLAS,"1,0"
ATOMCEC,ATOMCEC,ATOMCEC,18W000000000M2C1,Gas Natural Cogeneración,Venta,España,SZR,Generación,DETIC,"9,7"
ATOMICO,ATOMICO,ATOMICO,18W000000000M2B3,Gas Natural Cogeneración,Venta,España,SZR,Generación,DETIC,"8,3"
ATPC01,ATPC01,COMPR COMERCIALIZADORA,18W000000000R45Q,Comercializadores mercado libre,Compra,España,SZR,Comercializadores,ATPEN,"0,1"
ATRIC01,ATRIAUP01,ATRIA ENERGA UNIDAD DE PROGRAMACION 01,18W000000000RFTJ,Comercializadores mercado libre,Compra,España,SZR,Comercializadores,ATRES,"1,0"
AUDAC01,AUDAC01,AUDAX ENERGIA,18WAUDAC01-123-Y,Comercializadores mercado libre,Compra,España,SZR,Comercializadores,ADXRE,"0,1"
AUNGNR,AUNGNR,UP A11 NO ALTA EIFCIENCIA,18WAUNGNR-1234-K,Gas Natural Cogeneración,Venta,España,SZR,Generación,GNRA,"1,0"
AVANC01,AVANC01,AVANC01,18W0000000006M3N,Comercializadores mercado libre,Compra,España,SZR,Comercializadores,AVAN,"0,1"
AVILC01,AVIL_ALUMB,AYUNTAMIENTO DE AVILES - ALUMBRADO PUBLICO,18WAVILC01-123-5,Consumos directos en mercado,Compra,España,SZR,Consum. directos a mercado,AVIL,"36,3"
AXEOC01,AXEO,AXEO ENERGIA SL,18W000000000V5YN,Comercializadores mercado libre,Compra,España,SZR,Comercializadores,AXEOE,"1,0"
AXPOR01,AXPOR01,SRAD AXPO,18W000000000QK2P,Comercializadores mercado libre,Compra,España,SZR,Comercializadores,EGLE,"12,0"
AYLUC01,AYLUZ,AYLUZ COMERCIALIZADORA,18WAYLUC01-123-V,Comercializadores mercado libre,Compra,España,SZR,Comercializadores,AYLUZ,"0,1"
AYPGNR,AYPGNR,A12 NO ALTA EFICIENCIA,18WAYPGNR-1234-O,Derivados del petróleo ó carbón,Venta,España,SZR,Generación,GNRA,"1,4"
AZULIB,AZULIB,18WAZULIB-123-1H,18WAZULIB-123-1H,Gas Natural Cogeneración,Venta,España,SZR,Generación,EGLE,"17,7"
BACAC01,BACAICOA,BACAICOA INDUSTRIAS PLASTICAS,18W000000000COF6,Consumos directos en mercado,Compra,España,SZR,Consum. directos a mercado,BACA,"1.200,0"
BAHIAB,BAHIAB,BAHA DE BIZKAIA ELECTRICIDAD SL,18WBAHIAB-123-0X,Ciclo Combinado,Venta,España,BBE ,Generación,BBEL,"785,3"
BAHIABX,BAHIABX,UP ADQUISICIÓN SSAA BAHIAB,18WBAHIABX-12--3,Consumo de Servicios Auxiliares,Compra,España,SZR,Servicios auxiliares,BBEL,"12,0"
BAKC01,BASKONIA,BASKONIA KIROL,18W000000000Q8S9,Consumos directos en mercado,Compra,España,SZR,Consum. directos a mercado,BASKO,"0,6"
BALEC01,BALEC01,BALEC01,18W000000000FN3L,Comercializadores mercado libre,Compra,España,SZR,Comercializadores,ELECB,"10,0"
BALFRAE,BALFRA EXP,INTERCAMBIO TRANSFRONTERIZO DE BALANCE ES A FR,18WBALFRAE-123-2,Unidad instrumental internacional,Compra,Francia-España,SZR,Unidad instrumental internacional,REE,"9.999,0"
BALFRAI,BALFRA IMP,INTERCAMBIO TRANSFRONTERIZO DE BALANCE FR A ES,18WBALFRAI-123-B,Unidad instrumental internacional,Venta,Francia-España,SZR,Unidad instrumental internacional,REE,"9.999,0"
BALKC01,BALKC01,BALKC01,18W000000000I8GS,Consumos directos en mercado,Compra,España,SZR,Consum. directos a mercado,BALEI,"0,3"
BALPORE,BALPOR EXP,INTERCAMBIO TRANSFRONTERIZO DE BALANCE ES A PT,18WBALPORE-123-F,Unidad instrumental internacional,Compra,Portugal-España,SZR,Unidad instrumental internacional,REE,"9.999,0"
BALPORI,BALPOR IMP,INTERCAMBIO TRANSFRONTERIZO DE BALANCE PT A ES,18WBALPORI-123-O,Unidad instrumental internacional,Venta,Portugal-España,SZR,Unidad instrumental internacional,REE,"9.999,0"
BANARES,BAÑARES,BAÑARES,18W000000000ODWV,Solar fotovoltaica,Venta,España,SZR,Generación,LMER,"1,1"
BATTOS,BATTOS FV,FV BATTOS,18W000000000S45M,Solar fotovoltaica,Venta,España,SZR,Generación,ELEIA,"2,9"
BAYWA1,ALHENDIN 1,UP FV ALHENDIN I,18W000000000ROEM,Solar fotovoltaica,Venta,España,IGR ,Generación,IGNIS,"36,7"
BAYWA3,FV ALHEND3,UP FV ALHENDIN III,18W000000000ROGI,Solar fotovoltaica,Venta,España,IGR ,Generación,IGNIS,"4,3"
BECOC01,BECO ,"BASSOLS ENERGÍA COMERCIAL, S.L.",18WBECOC01-12-2G,Comercializadores mercado libre,Compra,España,SZR,Comercializadores,BECO,"35,0"
BECVH01,BECVHI01,BEC VENDA HIDRAULICA,18W000000000BKZJ,Hidráulica no UGH,Venta,España,SZR,Generación,BECO,"1,4"
BECVH02,BECVH02,VENDA HIDRAULICA  MOLI CARLOT,18W000000000CJYK,Hidráulica no UGH,Venta,España,SZR,Generación,BECO,"0,5"
BECVS01,BECVS01,BECO VENDA SOLAR 01,18W000000000PKTC,Solar fotovoltaica,Venta,España,SZR,Generación,BECO,"1,0"
BEJAR,P DE BEJAR,PEÑA DE BEJAR,18W000000000U9YF,Solar fotovoltaica,Venta,España,SZR,Generación,NETRA,"4,0"
BELIN1,BELINCH1,BELINCHON FV EW,18W000000000PKJW,Solar fotovoltaica,Venta,España,IGR ,Generación,IGNIS,"41,2"
BENOC01,BEROIL UP,BEROIL UP,18W000000000IF6R,Comercializadores mercado libre,Compra,España,SZR,Comercializadores,BENOI,"0,1"
BERC01,BERNA,FABRICA BERNA,18WBERC01-1234-I,Consumos directos en mercado,Compra,España,SZR,Consum. directos a mercado,MELUL,"0,6"
BEREBRO,BEREBRO,BARBO CUENCA EBRO,18WBEREBRO-123-L,Hidráulica UGH,Venta,España,SZR,Generación,BARER,"4,3"
BERJUCA,BERJUCA,BARBO CUENCA JUCAR,18WBERJUCA-123-I,Hidráulica UGH,Venta,España,SZR,Generación,BARER,"9,5"
BERLC01,BERLC01 CO,BERLC01 COMPRA,18W000000000R4KX,Comercializadores mercado libre,Compra,España,SZR,Comercializadores,LUZYG,"1,0"
BERR1,BERR1,BERROCALILLO 1,18WBERR1-12345-S,Hidráulica UGH,Venta,España,SZR,Generación,HIDRJ,"0,1"
BERR2,BERR2,BERROCALILLO 2,18WBERR2-12345-J,Hidráulica UGH,Venta,España,SZR,Generación,HIDRJ,"0,3"
BES3,BESOS 3,C.T. BESOS 3 (CICLO COMBINADO) ENDESA,18WBES3-12345-0V,Ciclo Combinado,Venta,España,END ,Generación,ENDG,"411,9"
BES4,BESOS 4,C.T. BESOS 4 (CICLO COMBINADO) GAS NATURAL,18WBES4-12345-0L,Ciclo Combinado,Venta,España,NTG ,Generación,GNCC,"399,7"
BES5,BESOS 5,C.T. BESOS 5 CICLO COMBINADO (ENDESA),18WBES5-123456-T,Ciclo Combinado,Venta,España,END ,Generación,ENDG,"859,0"
BESC01,BESC01,COMPRA COMERCIALIZADORA,18W000000000R44S,Comercializadores mercado libre,Compra,España,SZR,Comercializadores,BESPI,"0,1"
BESTC01,BESTC01,BEST OPTION COMPRA,18W000000000RWJP,Comercializadores mercado libre,Compra,España,SZR,Comercializadores,BESTO,"0,0"
BEYOC01,BEYOC01,UP BEYOC01,18W000000000DBQJ,Comercializadores mercado libre,Compra,España,SZR,Comercializadores,BEYON,"0,1"
BIOC01,BIODIESEL,BIODIESEL ARAGON,18W000000000RL3G,Consumos directos en mercado,Compra,España,SZR,Consum. directos a mercado,BIODI,"1,0"
BIOFEN,BIOGAS,PLANTAS BIOGAS MENORES 1 MW,18W000000000UO7O,Biogás,Venta,España,SZR,Generación,FEN,"0,0"
BIROC01,BIROUGAS,BIROUGAS SL,18W000000000GZKL,Comercializadores mercado libre,Compra,España,SZR,Comercializadores,BIROU,"1,0"
BIRSPRA,BIRSPRA,BIRSPRA,18W000000000IO28,Biogás,Venta,España,SZR,Generación,RSPRA,"0,6"
BLAGAR,BLAGARES,UP BIOGAS EDAR LAGARES,18W000000000L16K,Biogás,Venta,España,SZR,Generación,IGNIS,"1,6"
BLANC,BLANC,BLANC,18WBLANC-12345-Z,Solar fotovoltaica,Venta,España,SZR,Generación,GNRA,"6,0"
BNPRC01,BNPRC01,BNPRC01,18W000000000GHNW,Comercializadores mercado libre,Compra,España,SZR,Comercializadores,BNPRU,"0,1"
BNPRV01,BONPREU V,BONPREU V,18W000000000Q3H9,Solar fotovoltaica,Venta,España,SZR,Generación,BNPRU,"1,7"
BOAEC01,UP BOAEN,UP BOAENERGTICA,18W000000000PYRB,Comercializadores mercado libre,Compra,España,SZR,Comercializadores,BOAEN,"0,1"
BOLI,BOLI,BOLINCHES,18WBOLI-123456-4,Hidráulica UGH,Venta,España,SZR,Generación,BARER,"0,4"
BPC01,BPGAS_COM,BP GAS EUROPE COMERCIALIZADORA,18WBPC01-1234-2A,Comercializadores mercado libre,Compra,España,SZR,Comercializadores,BP,"0,1"
BPSRR01,BPSRR01,BPSRR01,18W000000000V28A,Comercializadores mercado libre,Compra,España,SZR,Comercializadores,BNPRU,"1,0"
BREFEN,EOL3MW,EOL MAYOR 1 MW,18W000000000UJBV,Eólica terrestre,Venta,España,SZR,Generación,FEN,"2,9"
BREIC01,UP IBERICA,IBERICA IMPULSA SL,18W000000000KNBM,Comercializadores mercado libre,Compra,España,SZR,Comercializadores,IBERB,"1,0"
BRENB,UP BREÑA B,UP BOMBEO BREÑA 2,18W000000000M2V0,Consumo bombeo,Compra,España,SZR,Consumo bombeo,IGNIS,"50,0"
BRJV01,BRJV01,PFV BORJA,18W000000000V8PW,Solar fotovoltaica,Venta,España,SZR,Generación,TRISO,"8,0"
BRR1,BARRIOS,C.T. LOS BARRIOS,18WBRR1-12345-0H,Hulla sub-bituminosa,Venta,España,SZR,Generación,VIEPR,"570,0"
BRR1X,AUX BRR1,CONSUMOS AUX CT LOS BARRIOS,18W000000000BKEO,Consumo de Servicios Auxiliares,Compra,España,SZR,Servicios auxiliares,VIEPR,"34,1"
BRUC,PSBRUC,PS HUELVA 2021 BRUC,18W000000000P3XI,Solar fotovoltaica,Venta,España,IGR ,Generación,IGNIS,"40,9"
BSGEC01,BSGEA,BSGEA,18W0000000008G7P,Comercializadores mercado libre,Compra,España,SZR,Comercializadores,BSGEA,"1,0"
BSOUP01,BSOUPTAL01,UP BASSOLS SOLAR ORION TALAVERA,18W000000000SV97,Solar fotovoltaica,Venta,España,SZR,Generación,BECO,"8,2"
BTN,BTN,BTN,18WBTN-1234567-O,Hidráulica UGH,Venta,España,SZR,Generación,VIEG,"0,1"
BTRR1,BTRR1,BTRR1,18W000000000RVD3,Solar fotovoltaica,Venta,España,SZR,Generación,GNRA,"41,2"
BTRR2,BTRR2,BTRR2,18W000000000RVB7,Solar fotovoltaica,Venta,España,SZR,Generación,GNRA,"41,2"
BTRR3,BTRR3,BTRR3,18W000000000RVGY,Solar fotovoltaica,Venta,España,SZR,Generación,GNRA,"41,2"
BYDETIC,BYDETIC,DETIC BIOGS,18W000000000582Y,Biogás,Venta,España,SZR,Generación,DETIC,"1,1"
BYENC01,BYENC01,BY ENERGYC PENINSULA,18W000000000HQM3,Comercializadores mercado libre,Compra,España,SZR,Comercializadores,BYENE,"0,1"
CACIC01,CACIC01,COMPRA COMERCIALIZADORA,18W000000000UZZ9,Comercializadores mercado libre,Compra,España,SZR,Comercializadores,CACI,"1,0"
CADLC01,UC CANDELA,UNIDAD COMPRA CANDELA,18W000000000F256,Comercializadores mercado libre,Compra,España,SZR,Comercializadores,CANDL,"0,0"
CALEC01,CALEN,CALE NUEVO,18W000000000EY7L,Consumos directos en mercado,Compra,España,SZR,Consum. directos a mercado,CALEA,"2,3"
CAMCC01,CAMPO_UP,CAMPO COMPRAS,18W00000000053M9,Comercializadores mercado libre,Compra,España,SZR,Comercializadores,CAMCO,"0,4"
CAMG20X,CAMG20X,CAMG20X,18W0000000004EMH,Consumo de Servicios Auxiliares,Compra,España,SZR,Servicios auxiliares,DETIC,"7,0"
CAMGI10,CAMPGIB1,C.C. CAMPO GIBRALTAR 1,18WCAMGI10-12-07,Ciclo Combinado,Venta,España,NTG ,Generación,GNCC,"392,6"
CAMGI20,CAMPGIB2,C.C. CAMPO GIBRALTAR 2,18WCAMGI20--1-0D,Ciclo Combinado,Venta,España,CEP ,Generación,SEDAE,"387,9"
CANTI44,CANTI44,CANTILLANA44,18W000000000RB2B,Solar fotovoltaica,Venta,España,SZR,Generación,ADXRE,"5,0"
CANXC01,CANALIZACI,MOLECOR CANALIZACIONES,18W000000000POA1,Consumos directos en mercado,Compra,España,SZR,Consum. directos a mercado,MOLEC,"4,7"
CAPLC01,CAPALOESP,CAPALO AI SPAIN OY,18W000000000U3YX,Comercializadores mercado libre,Compra,España,SZR,Comercializadores,CAPAL,"0,0"
CAPTC01,CAPTURC01,CAPTURC01,18W000000000QT9L,Comercializadores mercado libre,Compra,España,SZR,Comercializadores,CAPTA,"0,1"
CARRA,CARRA,SIC12 CARRA,18W000000000TVWV,Solar fotovoltaica,Venta,España,SZR,Generación,NETRA,"3,0"
CASAC01,CASAT,CASAT,18W0000000001MN3,Consumos directos en mercado,Compra,España,SZR,Consum. directos a mercado,CASAT,"1,2"
CASAI,CASAF I,CASAFUERTE I,18W000000000UZ8Q,Solar fotovoltaica,Venta,España,SZR,Generación,ELEIA,"41,9"
CASAII,CASAF II,CASAFUERTE II,18W000000000UZAM,Solar fotovoltaica,Venta,España,SZR,Generación,ELEIA,"31,2"
CASAIII,CASA III,CASAFUERTE III,18W000000000U6ZM,Solar fotovoltaica,Venta,España,ELE ,Generación,ELEIA,"30,0"
CASAIV,CASA IV,CASAFUERTE IV,18W000000000U71D,Solar fotovoltaica,Venta,España,ELE ,Generación,ELEIA,"30,0"
CASAIX,CASAF IX,CASAFUERTE IX,18W000000000UZH8,Solar fotovoltaica,Venta,España,SZR,Generación,ELEIA,"30,0"
CASAV,CASA V,CASAFUERTE V,18W000000000U739,Solar fotovoltaica,Venta,España,ELE ,Generación,ELEIA,"8,0"
CASAVI,CASAF VI,CASAFUERTE VI,18W000000000UZDG,Solar fotovoltaica,Venta,España,SZR,Generación,ELEIA,"39,7"
CASAVII,CASAF VII,CASAFUERTE VII,18W000000000UZFC,Solar fotovoltaica,Venta,España,SZR,Generación,ELEIA,"40,0"
CASMON,CASMON,CASMON,18W000000000R0ST,Solar fotovoltaica,Venta,España,GNRA01 ,Generación,GNRA,"2,6"
CATGC01,CATGAS,CATGAS ENERGIA SA,18WCATGC01-123-C,Comercializadores mercado libre,Compra,España,SZR,Comercializadores,CATGA,"0,5"
CATRAL1,CATRAL1UP,CATRAL 01 UP,18W000000000SLBX,Solar fotovoltaica,Venta,España,SZR,Generación,TRISO,"1,8"
CATRAL2,CATRAL 2,UP CATRAL 2,18W000000000T12X,Solar fotovoltaica,Venta,España,SZR,Generación,TRISO,"0,1"
CATRC01,CATRC01,"ELÉCTRICA CATRALENSE, SLU",18WCATRC01-123-D,Comercializadores mercado libre,Compra,España,SZR,Comercializadores,CATRA,"4,0"
CCASC01,CCASC01,CCASC01 UP,18W000000000MANT,Comercializadores mercado libre,Compra,España,SZR,Comercializadores,COMER,"1,0"
CCATC01,CCATC01,COOP. ELÉCT. CATRALENSE UP,18WCCATC01-123-U,Comercializadores mercado libre,Compra,España,SZR,Comercializadores,CCATR,"6,0"
CD02R01,CD02R01,CD02R01,18W000000000ORWQ,Consumos directos en mercado,Compra,España,SZR,Consum. directos a mercado,DETIC,"3,0"
CD03R01,CD03R01,CD03R01,18W000000000S47I,Consumos directos en mercado,Compra,España,SZR,Consum. directos a mercado,DETIC,"9,8"
CD04R01,CD04R01,CD04R01,18W000000000QOSZ,Consumos directos en mercado,Compra,España,SZR,Consum. directos a mercado,DETIC,"55,0"
CD05R01,CD05R01,CD05R01,18W000000000S48G,Consumos directos en mercado,Compra,España,SZR,Consum. directos a mercado,DETIC,"2.600,0"
CD06R01,CD06R01,CD06R01,18W000000000TWYO,Consumos directos en mercado,Compra,España,SZR,Consum. directos a mercado,DETIC,"2.524,0"
CEBAC01,CEBA,"COOPERATIVA ELECTRICA ALBATERENSE, COOP.V.",18WCEBAC01-123-0,Comercializadores mercado libre,Compra,España,SZR,Comercializadores,CEA,"6,3"
CEBIC01,CEBIC01,CEBIN COMPRA,18W000000000UPLU,Comercializadores mercado libre,Compra,España,SZR,Comercializadores,CEBIN,"0,0"
CECAC01,CASTELLAR,"COOPERTIVA ELECTRICA DE CASTELLAR, S.C.V.",18WCECAC01-123-Q,Comercializadores mercado libre,Compra,España,SZR,Comercializadores,CECA,"3,6"
CEDC01,CEDSL,COMERCIALIZADORA DE ENERGA DIRECTA,18WCEDC01-1234-B,Comercializadores mercado libre,Compra,España,SZR,Comercializadores,CEDSL,"0,1"
CEEEC01,CEEEC01,"COMPAÑÍA ESCANDINAVA DE ELECTRICIDAD EN ESPAÑA, S.L",18WCEEEC01-123-1,Comercializadores mercado libre,Compra,España,SZR,Comercializadores,CEEE,"0,8"
CELC01,CELC01,CELLTECH S.L.U,18WCELC01-1234-Y,Consumos directos en mercado,Compra,España,SZR,Consum. directos a mercado,CELL,"7,0"
CELSC01,CELSC01,PORTAFOLIO GRUPO CELSA,18W00000000050U2,Consumos directos en mercado,Compra,España,SZR,Consum. directos a mercado,CELSA,"7.021,4"
CELSC02,CFERIMSA,FERIMETSABADELL,18W00000000079IS,Consumos directos en mercado,Compra,España,SZR,Consum. directos a mercado,CELSA,"0,4"
CEMEC01,CEMENTO PE,CEMENTO PENINSULA,18W000000000SJQ9,Comercializadores mercado libre,Compra,España,SZR,Comercializadores,CEMEK,"10,0"
CENG01,CENG01,CENTELLES GEN SOLAR 01,18W000000000Q1AT,Solar fotovoltaica,Venta,España,SZR,Generación,CENTS,"0,0"
CENTC01,CENT CO,CENTRICA ENERGIA COMERCIALIZADORA,18WCENTC01-12-2H,Comercializadores mercado libre,Compra,España,SZR,Comercializadores,CENTE,"0,0"
CENTCP3,CENTCP3,CENTRICA EXPORTACIÓN DE ENERGÍA A FRANCIA (AGENTE EXTERNO),18WCENTCP3-12-4L,Exportación Francia,Compra,Francia-España,SZR,Comercializador internacional,CENTE,"300,0"
CENTVP3,CENTVP3,CENTRICA IMPORTACIÓN DE ENERGÍA DESDE FRANCIA (AGENTE EXTERNO),18WCENTVP3-12-30,Importación Francia,Venta,Francia-España,SZR,Comercializador internacional,CENTE,"300,0"
CERLC01,CERLER,CERLER MERCADO,18W000000000SVT4,Consumos directos en mercado,Compra,España,SZR,Consum. directos a mercado,CERLE,"0,6"
CERVUP,CERVANTINA,CERVANTINA,18W000000000QG5V,Solar fotovoltaica,Venta,España,SZR,Generación,ZRMTT,"1,0"
CESOC01,CESOC01,UNIDAD DE COMPRA DE COMERCIALIZADORA CESOS,18W000000000GOBZ,Comercializadores mercado libre,Compra,España,SZR,Comercializadores,CESOS,"0,1"
CETAC01,CETAL,COMERCIALIZADORA ELECTRICA TALAYUELAS,18WCETAC01-123-O,Comercializadores mercado libre,Compra,España,SZR,Comercializadores,CETAL,"1,0"
CGGRABI,CGGRABI,CGGRABI,18W000000000OIEF,Gas Natural Cogeneración,Venta,España,SZR,Generación,GNRA,"9,9"
CGLAM,CGLAM,CGLAM,18W000000000PXPI,Derivados del petróleo ó carbón,Venta,España,SZR,Generación,GNRA,"1,0"
CHAC01,CHAC01,CHARGE,18W000000000TBFE,Comercializadores mercado libre,Compra,España,SZR,Comercializadores,CHARG,"1,0"
CHANC01,CHANDUY,RECICLAJES ECOLGICOS CHANDUY SL,18W000000000J5V3,Comercializadores mercado libre,Compra,España,SZR,Comercializadores,CHAND,"1,0"
CHBAO,BARROSA,CH BARROSA,18W000000000F0KJ,Hidráulica UGH,Venta,España,SZR,Generación,GNRA,"3,5"
CHCC01,CHCC01,"CIDE HCENERGÍA, S.A.",18WCHCC01-1234-N,Comercializadores mercado libre,Compra,España,SZR,Comercializadores,CHC,"15,0"
CHCOC01,CHCOC01,UNID. COMPRA CHC COR,18WCHCOC01-123-Z,Comercializadores mercado libre,Compra,España,SZR,Comercializadores,CHCOR,"200,0"
CHENC01,CHURCH,CHURCH ENERGY SL,18W000000000RZ73,Comercializadores mercado libre,Compra,España,SZR,Comercializadores,CHURC,"1,0"
CHERC01,SOT CHERA,ELECTRICA SOT DE CHERA,18WCHERC01-123-K,Comercializadores mercado libre,Compra,España,SZR,Comercializadores,CHERA,"1,1"
CHIPB,CHIPB,CHIPB,18WCHIPB-12345-8,Consumo bombeo,Compra,España,SZR,Consumo bombeo,ENDG,"99,0"
CHIPG,CHIPG,CHIPG,18WCHIPG-12345-0,Turbinación bombeo,Venta,España,END ,Generación,ENDG,"88,7"
CHISC01,CHISTA_COM,UP_LACHISTABINA_COMPRAS,18W000000000CW60,Comercializadores mercado libre,Compra,España,SZR,Comercializadores,COMCH,"0,1"
CHURC,URDICETO 2,CHURDICETO 2,18W000000000F0GR,Hidráulica UGH,Venta,España,SZR,Generación,GNRA,"3,5"
CHURC01,CHURC01,CHURC01,18W000000000N5XK,Consumos directos en mercado,Compra,España,SZR,Consum. directos a mercado,CHURR,"5,5"
CHURD,URDICETO,URDICETO 1,18W000000000F0FT,Hidráulica UGH,Venta,España,SZR,Generación,GNRA,"3,5"
CHVADOM,CHVADO,CH VADO,18W000000000P2XL,Hidráulica no UGH,Venta,España,SZR,Generación,STIN,"2,7"
CHVN,CHVN,CHVN,18WCHVN-123456-Q,Hidráulica UGH,Venta,España,SZR,Generación,WMARK,"0,2"
CID1,CID1,CASTILLO CID 1,18W000000000V5LC,Solar fotovoltaica,Venta,España,SZR,Generación,ELEIA,"4,0"
CID2,CID2,CASTILLO CID 2,18W000000000V5N8,Solar fotovoltaica,Venta,España,SZR,Generación,ELEIA,"2,0"
CID3,CID3,CASTILLO CID 3,18W000000000V5P4,Solar fotovoltaica,Venta,España,SZR,Generación,ELEIA,"0,4"
CID4,CID4,CASTILLO CID 4,18W000000000V5R0,Solar fotovoltaica,Venta,España,SZR,Generación,ELEIA,"0,7"
CILCOR,CILCOR,"REPSOL PETROLEO, S.A.",18WCILCOR-123-0J,Derivados del petróleo ó carbón,Venta,España,SZR,Generación,REPP,"94,1"
CIMAC01,CIMA,CIMA ENERGIA,18W000000000GE61,Comercializadores mercado libre,Compra,España,SZR,Comercializadores,CIMA,"0,1"
CINCOVI,CINCOVILLA,CINCO VILLAS BIOMASA,18W000000000SOFG,Biomasa,Venta,España,SZR,Generación,ELEIA,"2,0"
CINEC01,CINEC01,CINETICA,18W000000000TFF2,Comercializadores mercado libre,Compra,España,SZR,Comercializadores,CINET,"5,0"
CJON3X,CCAA CTJ3,CCAA CASTEJON 3,18W000000000KS5J,Consumo de Servicios Auxiliares,Compra,España,SZR,Servicios auxiliares,NATGA,"1,5"
CLEAC01,CLEARVIEW,CLEARVIEW ENERGY,18W000000000M0AB,Comercializadores mercado libre,Compra,España,SZR,Comercializadores,CLEAR,"0,1"
CLIDC01,CLIDOMUP01,CLIDOM UNIDAD PROGRAMACION 01,18WCLIDC01-123-V,Comercializadores mercado libre,Compra,España,SZR,Comercializadores,CLIDM,"0,1"
CLIFV10,FV T10,FV MAYOR 1MW,18W000000000BR8F,Solar fotovoltaica,Venta,España,SZR,Generación,CLIDM,"2,3"
CLIFV21,CLIFV21,CLIFV21,18W000000000NR2G,Solar fotovoltaica,Venta,España,SZR,Generación,ELEIA,"4,2"
CLIFV30,CLIFV30,CLIFV30,18W000000000OL1W,Solar fotovoltaica,Venta,España,SZR,Generación,CLIDM,"40,7"
CLIFV31,CLIFV31,CLIFV31,18W000000000OL3S,Solar fotovoltaica,Venta,España,SZR,Generación,CLIDM,"40,7"
CLIFV32,CLIFV32,CLIFV32,18W000000000OL5O,Solar fotovoltaica,Venta,España,SZR,Generación,CLIDM,"40,2"
CLIFV35,CLIFV35,CLIFV35,18W000000000P1ZK,Solar fotovoltaica,Venta,España,SZR,Generación,CLIDM,"10,0"
CLIFV45,CLIFV45,CLIFV45,18W000000000Q8W1,Solar fotovoltaica,Venta,España,SZR,Generación,CLIDM,"16,8"
CLIFV53,CLIFV53,CLIFV53,18W000000000R82K,Solar fotovoltaica,Venta,España,SZR,Generación,CLIDM,"16,8"
CLIFV54,CLIFV54,CLIFV54,18W000000000R83I,Solar fotovoltaica,Venta,España,SZR,Generación,CLIDM,"22,4"
CLIFV55,CLIFV55,CLIFV55,18W000000000RP8V,Solar fotovoltaica,Venta,España,SZR,Generación,CLIDM,"39,0"
CLIFV58,CLIFV58,CLIFV58,18W000000000T1RK,Solar fotovoltaica,Venta,España,SZR,Generación,CLIDM,"17,1"
CLIPCX1,CLIPCX1,CLIPCX1,18W000000000OCPB,Porfolio,Compra,España,SZR,Unidades porfolio,CLIDM,"9.999,0"
CLIPVX1,CLIPVX1,CLIPVX1,18W000000000OCQ9,Porfolio,Venta,España,SZR,Unidades porfolio,CLIDM,"9.999,0"
CLIWI11,EOL 1014,EOLICA 1014,18W000000000JWHO,Eólica terrestre,Venta,España,SZR,Generación,TOTGA,"41,5"
CMILLAS,CMILLAS,CERAMICA MILLAS E HIJOS,18WCMILLAS-123-X,Gas Natural Cogeneración,Venta,España,SZR,Generación,LMER,"5,1"
CNTLC01,CNTLC01,CNTL UP,18WCNTLC01-123-S,Comercializadores mercado libre,Compra,España,SZR,Comercializadores,CENTS,"5,0"
COALC01,COALC01,"COMERCIALIZADORA SUMINISTRO ESPECIALES ALGINETENSES, S.L.",18WCOALC01-123-3,Comercializadores mercado libre,Compra,España,SZR,Comercializadores,COALG,"10,5"
CODOC01,CODOC01,CODOC01,18W0000000005KY8,Comercializadores mercado libre,Compra,España,SZR,Comercializadores,CODOR,"1,0"
COELC01,GUADASSAUR,"ELECTRICA DE GUADASSUAR, S.C.V.",18WCOELC01-123-X,Comercializadores mercado libre,Compra,España,SZR,Comercializadores,COELD,"6,7"
COF1,COFRENTES,C.N. COFRENTES,18WCOF1-12345-0O,Nuclear,Venta,España,SZR,Generación,IGNU,"1.063,9"
COG75RQ,COG75RQ,"REPSOL QUIMICA, S.A.",18WCOG75RQ-12-0I,Gas Natural Cogeneración,Venta,España,SZR,Generación,REPSB,"75,7"
COGAIAD,COGAIAD,COGAIAD,18W000000000OHXH,Gas Natural Cogeneración,Venta,España,SZR,Generación,DETIC,"1,0"
COGAJ,COGAJ,COGAJ,18W000000000NLH4,Gas Natural Cogeneración,Venta,España,SZR,Generación,GNRA,"2,0"
COGAJ5,COGAJ5,COGAJ5,18W000000000NNRF,Derivados del petróleo ó carbón,Venta,España,SZR,Generación,GNRA,"1,7"
COGAMYL,COGAMYL,COGAMYL,18W000000000OFP2,Gas Natural Cogeneración,Venta,España,SZR,Generación,DETIC,"13,6"
COGATOM,COGATOM,COGATOM,18W000000000OFYL,Gas Natural Cogeneración,Venta,España,SZR,Generación,DETIC,"5,5"
COGAYME,COGAYME,COGAYME,18W000000000OHGE,Gas Natural Cogeneración,Venta,España,SZR,Generación,DETIC,"0,9"
COGAZEB,COGAZEB,COGAZEB,18W000000000OIPU,Gas Natural Cogeneración,Venta,España,SZR,Generación,DETIC,"18,4"
COGBARR,COGBARR,COGBARR,18W000000000OI14,Gas Natural Cogeneración,Venta,España,SZR,Generación,DETIC,"1,0"
COGBECO,COGBECO,COGBECO,18W000000000OFUT,Gas Natural Cogeneración,Venta,España,SZR,Generación,DETIC,"6,9"
COGBERN,COGBERN,COGBERN,18W000000000OHHC,Gas Natural Cogeneración,Venta,España,SZR,Generación,DETIC,"0,9"
COGBOOR,COGBOOR,COGBOOR,18W000000000P3RU,Gas Natural Cogeneración,Venta,España,SZR,Generación,DETIC,"2,2"
COGBORG,COGBORG,TERMICA CLIDOM UE,18W000000000RCN3,Gas Natural Cogeneración,Venta,España,SZR,Generación,DETIC,"5,0"
COGBORJ,COGBORJ,COGBORJ,18W000000000OHTP,Gas Natural Cogeneración,Venta,España,SZR,Generación,DETIC,"3,0"
COGBRIK,COGBRIK,COGBRIK,18W000000000OHWJ,Gas Natural Cogeneración,Venta,España,SZR,Generación,DETIC,"1,0"
COGCDAM,COGCDAM,COGCDAM,18W000000000OFSX,Gas Natural Cogeneración,Venta,España,SZR,Generación,DETIC,"9,9"
COGCHOV,COGCHOV,COGCHOV,18W000000000OG1A,Gas Natural Cogeneración,Venta,España,SZR,Generación,DETIC,"5,2"
COGCIPR,COGCIPR,COGCIPR,18W000000000R7QC,Derivados del petróleo ó carbón,Venta,España,SZR,Generación,DETIC,"3,4"
COGCLIM,COGCLIM,COGCLIM,18W000000000OI22,Gas Natural Cogeneración,Venta,España,SZR,Generación,DETIC,"1,0"
COGCORE,COGCORE,COGCORE,18W000000000R7NI,Gas Natural Cogeneración,Venta,España,SZR,Generación,DETIC,"3,5"
COGDAMM,COGDAMM,COGDAMM,18W000000000OIUK,Biomasa,Venta,España,SZR,Generación,DETIC,"1,1"
COGDERC,COGDERC,COGDERC,18W000000000OHOZ,Gas Natural Cogeneración,Venta,España,SZR,Generación,DETIC,"0,4"
COGEC01,COGEC01,"ENERGY BY COGEN, S.L.U",18WCOGEC01-123-7,Comercializadores mercado libre,Compra,España,SZR,Comercializadores,COGEN,"1,0"
COGESPU,COGESPU,COGESPU,18W000000000OI4Z,Gas Natural Cogeneración,Venta,España,SZR,Generación,DETIC,"1,0"
COGESTA,COGESTA,COGESTA,18W000000000OG9V,Gas Natural Cogeneración,Venta,España,SZR,Generación,DETIC,"4,3"
COGFOMP,COGFOMP,COGFOMP,18W000000000OG52,Gas Natural Cogeneración,Venta,España,SZR,Generación,DETIC,"4,0"
COGFORE,COGFORE,COGFORE,18W000000000OG0C,Gas Natural Cogeneración,Venta,España,SZR,Generación,DETIC,"5,3"
COGFRIM,COGFRIM,COGFRIM,18W000000000QJHZ,Gas Natural Cogeneración,Venta,España,SZR,Generación,DETIC,"9,6"
COGFUST,COGFUST,COGFUST,18W000000000OHIA,Gas Natural Cogeneración,Venta,España,SZR,Generación,DETIC,"1,2"
COGGAIK,COGGAIK,COGGAIK,18W000000000OIWG,Biomasa,Venta,España,SZR,Generación,DETIC,"0,1"
COGGESB,COGGESB,COGGESB,18W000000000OHYF,Gas Natural Cogeneración,Venta,España,SZR,Generación,DETIC,"1,0"
COGHIJO,COGHIJO,COGHIJO,18W000000000OIZA,Gas Natural Cogeneración,Venta,España,SZR,Generación,DETIC,"1,0"
COGINC2,COGINC2,COGINC2,18W000000000OIK3,Gas Natural Cogeneración,Venta,España,SZR,Generación,DETIC,"0,9"
COGINCU,COGINCU,COGINCU,18W000000000OHSR,Gas Natural Cogeneración,Venta,España,SZR,Generación,DETIC,"1,9"
COGINPE,COGINPE,COGINPE,18W000000000T48C,Gas Natural Cogeneración,Venta,España,SZR,Generación,DETIC,"2,4"
COGJUMS,COGJUMS,COGJUMS,18W000000000OI5X,Gas Natural Cogeneración,Venta,España,SZR,Generación,DETIC,"1,0"
COGLINA,COGLINA,COGLINA,18W000000000OFN6,Gas Natural Cogeneración,Venta,España,SZR,Generación,DETIC,"9,8"
COGLOSR,COGLOSR,COGLOSR,18W000000000OHJ8,Gas Natural Cogeneración,Venta,España,SZR,Generación,DETIC,"0,5"
COGMARQ,COGMARQ,COGMARQ,18W000000000OFLA,Gas Natural Cogeneración,Venta,España,SZR,Generación,DETIC,"0,7"
COGMENG,COGMENG,COGMENG,18W000000000OHPX,Gas Natural Cogeneración,Venta,España,SZR,Generación,DETIC,"3,6"
COGMIGA,COGMIGA,COGMIGA,18W000000000OG36,Gas Natural Cogeneración,Venta,España,SZR,Generación,DETIC,"5,0"
COGMIMS,COGMIMS,COGMIMS,18W000000000OHK6,Gas Natural Cogeneración,Venta,España,SZR,Generación,DETIC,"0,5"
COGMOLT,COGMOLT,COGMOLT,18W000000000OFXN,Gas Natural Cogeneración,Venta,España,SZR,Generación,DETIC,"6,0"
COGMORA,COGMORA,COGMORA,18W000000000OG28,Gas Natural Cogeneración,Venta,España,SZR,Generación,DETIC,"5,3"
COGNOVA,COGNOVA,COGNOVA,18W000000000R7PE,Gas Natural Cogeneración,Venta,España,SZR,Generación,DETIC,"5,0"
COGNULE,COGNULE,COGNULE,18W000000000OFVR,Gas Natural Cogeneración,Venta,España,SZR,Generación,DETIC,"6,8"
COGOBLA,COGOBLA,COGOBLA,18W000000000OHN0,Gas Natural Cogeneración,Venta,España,SZR,Generación,DETIC,"0,4"
COGORUJ,COGORUJ,COGORUJ,18W000000000OFQ0,Gas Natural Cogeneración,Venta,España,SZR,Generación,DETIC,"10,0"
COGPACH,COGPACH,COGPACH,18W000000000OHL4,Gas Natural Cogeneración,Venta,España,SZR,Generación,DETIC,"0,5"
COGPOR1,COGPOR1,COGPOR1,18W000000000TP6R,Gas Natural Cogeneración,Venta,España,SZR,Generación,DETIC,"3,8"
COGPOR2,COGPOR2,COGPOR2,18W000000000TP7P,Gas Natural Cogeneración,Venta,España,SZR,Generación,DETIC,"2,5"
COGRENS,COGRENS,COGRENS,18W000000000R7OG,Gas Natural Cogeneración,Venta,España,SZR,Generación,DETIC,"3,9"
COGSEFR,COGSEFR,COGSEFR,18W000000000OI30,Gas Natural Cogeneración,Venta,España,SZR,Generación,DETIC,"1,0"
COGSMON,COGSMON,COGSMON,18W000000000OFO4,Gas Natural Cogeneración,Venta,España,SZR,Generación,DETIC,"14,3"
COGSORI,COGSORI,COGSORI,18W000000000OG44,Gas Natural Cogeneración,Venta,España,SZR,Generación,DETIC,"4,3"
COGTABL,COGTABL,COGTABL,18W000000000OFTV,Gas Natural Cogeneración,Venta,España,SZR,Generación,DETIC,"7,2"
COGTAN2,COGTAN2,COGTAN2,18W000000000OG60,Gas Natural Cogeneración,Venta,España,SZR,Generación,DETIC,"3,0"
COGTANG,COGTANG,COGTANG,18W000000000OFWP,Gas Natural Cogeneración,Venta,España,SZR,Generación,DETIC,"6,3"
COGTECN,COGTECN,COGTECN,18W000000000OHZD,Derivados del petróleo ó carbón,Venta,España,SZR,Generación,DETIC,"1,0"
COGTROV,COGTROV,COGTROV,18W000000000OJ11,Gas Natural Cogeneración,Venta,España,SZR,Generación,DETIC,"4,2"
COGUCHE,COGUCHE,COGUCHE,18W000000000OFM8,Gas Natural Cogeneración,Venta,España,SZR,Generación,DETIC,"16,8"
COGUNIO,COGUNIO,COGUNIO,18W000000000OHUN,Gas Natural Cogeneración,Venta,España,SZR,Generación,DETIC,"1,5"
COGUREN,COGUREN,COGUREN,18W000000000OG8X,Gas Natural Cogeneración,Venta,España,SZR,Generación,DETIC,"4,8"
COGUTZ2,COGUTZ2,COGUTZ2,18W000000000OHFG,Gas Natural Cogeneración,Venta,España,SZR,Generación,DETIC,"0,9"
COGUTZU,COGUTZU,COGUTZU,18W000000000OHRT,Gas Natural Cogeneración,Venta,España,SZR,Generación,DETIC,"3,1"
COGVECO,COGVECO,COGVECO,18W000000000OIXE,Biomasa,Venta,España,SZR,Generación,DETIC,"6,4"
COL4,COLON 4,C.T. CRISTOBAL COLON 4,18WCOL4-12345-02,Ciclo Combinado,Venta,España,END ,Generación,ENDG,"390,9"
COMGC01,COMGC01,COMGC01,18W000000000URV4,Comercializadores mercado libre,Compra,España,SZR,Comercializadores,COMEG,"0,1"
COMPC01,COMPC01,COMPC01,18W000000000LKFJ,Comercializadores mercado libre,Compra,España,SZR,Comercializadores,COMPA,"5,0"
COMTC01,COMTC01,COMTC01,18W000000000S6IR,Comercializadores mercado libre,Compra,España,SZR,Comercializadores,COMEE,"1,0"
CONEC01,COMPRA,COMPRA,18WCONEC01-123-4,Comercializadores mercado libre,Compra,España,SZR,Comercializadores,CONEC,"0,1"
CONEFV0,C2FV,EXCEDENTES FV,18W000000000MUM8,Solar fotovoltaica,Venta,España,SZR,Generación,CONEC,"1,0"
CONTC01,CONTALLUM,CONTALLUM,18W000000000JBVM,Comercializadores mercado libre,Compra,España,SZR,Comercializadores,CONTA,"1,0"
COPIC01,URANO V,URANOSCOPIDAE ENERGIA V SL,18W000000000M26D,Comercializadores mercado libre,Compra,España,SZR,Comercializadores,URANA,"1,0"
CORPC01,CORPOLUX,"CORPOLUX, S.L.",18WCORPC01-123-Z,Comercializadores mercado libre,Compra,España,SZR,Comercializadores,CORPO,"0,5"
CR2FEN,FOT 50MW,FOT MAYOR 1MW,18W000000000RS9K,Solar fotovoltaica,Venta,España,SZR,Generación,FEN,"48,5"
CR3FEN,FOT 50MW,FOT MAYOR 50 MW,18W000000000RSAI,Solar fotovoltaica,Venta,España,SZR,Generación,FEN,"48,5"
CR4FEN,FOT50,FOR MAYOR 1MW,18W000000000T55F,Solar fotovoltaica,Venta,España,SZR,Generación,FEN,"48,7"
CRCEC01,CRCES,CRCES,18W000000000HJY0,Consumos directos en mercado,Compra,España,SZR,Consum. directos a mercado,CRCES,"2,7"
CREEC01,CREAE,CREAENERGIA ECO SLU,18W000000000MXXE,Comercializadores mercado libre,Compra,España,SZR,Comercializadores,CREAE,"1,0"
CREOC01,CRECE PEN,CRECE SOLUCIONES P,18W000000000L3ZU,Comercializadores mercado libre,Compra,España,SZR,Comercializadores,CRESO,"1,0"
CRGYC01,CARTO C,CARTO ENERGY SL COMPRA,18W000000000T7GO,Comercializadores mercado libre,Compra,España,SZR,Comercializadores,CARGY,"0,1"
CRISOL,CRISOL FV,CRISOL FOTOVOLTAICA,18W000000000RGLW,Solar fotovoltaica,Venta,España,SZR,Generación,ELEIA,"10,0"
CTGN1,ESC CART 1,CARTAGENA GRUPO 1,18WCTGN1-1234-0C,Ciclo Combinado,Venta,España,NTG ,Generación,GNCC,"418,2"
CTGN2,ESC CART 2,CARTAGENA GRUPO 2,18WCTGN2-1234-03,Ciclo Combinado,Venta,España,NTG ,Generación,GNCC,"417,8"
CTGN3,ESC CART 3,CARTAGENA GRUPO 3,18WCTGN3-1234-0V,Ciclo Combinado,Venta,España,NTG ,Generación,GNCC,"412,7"
CTJON1,CASTEJO1 H,C.C. CASTEJÓN ELEREBRO (GRUPO I),18WCTJON1-123-06,Ciclo Combinado,Venta,España,TOTENERG ,Generación,NATGA,"424,9"
CTJON1X,CCAA CTJ1,CCAA CASTEJON 1,18W000000000KOQQ,Consumo de Servicios Auxiliares,Compra,España,SZR,Servicios auxiliares,NATGA,"2,0"
CTJON2,CASTEJO2 I,C.C. CASTEJÓN IBERDROLA,18WCTJON2-123-0Z,Ciclo Combinado,Venta,España,IBEG ,Generación,IBGT,"378,9"
CTJON3,CASTEJO3 H,C.C. CASTEJÓN ELEREBRO (GRUPO II),18WCTJON3--1234S,Ciclo Combinado,Venta,España,TOTENERG ,Generación,NATGA,"418,4"
CTN3,CASTELLO 3,C.T. CASTELLON 3 (CICLO COMBINADO),18WCTN3-12345-04,Ciclo Combinado,Venta,España,IBEG ,Generación,IBGT,"782,0"
CTN4,CASTELLO 4,CC CASTELLÓN GRUPO 4,18WCTN4-123456-C,Ciclo Combinado,Venta,España,IBEG ,Generación,IBGT,"839,3"
CTNU,CASTELNOU,CICLO COMBINADO CASTELNOU,18WCTNU-12345-0U,Ciclo Combinado,Venta,España,ELB ,Generación,CTNU,"790,6"
CTNUX,CTNUX,UP ADQUISICIÓN SSAA CTNUX,18WCTNUX-1234--N,Consumo de Servicios Auxiliares,Compra,España,SZR,Servicios auxiliares,CTNU,"10,0"
CUNCC01,CUNTIENSE ,CUNTIENSE COMERCIALIZADORA,18WCUNCC01-123-Q,Comercializadores mercado libre,Compra,España,SZR,Comercializadores,CUNC,"3,0"
CUPAC01,CUPA,CUPIRE PADESA SL,18WCUPAC01-123-O,Consumos directos en mercado,Compra,España,SZR,Consum. directos a mercado,CUPA,"0,8"
CUPBC01,CUPA BT,CUPIRE PADESA BT,18WCUPBC01-123-E,Consumos directos en mercado,Compra,España,SZR,Consum. directos a mercado,CUPA,"0,5"
CUVEC01,CUVEC01,CUVER DESTELLA ENERGIA SL,18W000000000S5HW,Comercializadores mercado libre,Compra,España,SZR,Comercializadores,CUVER,"1,0"
CVIRC01,COMPRAVIRT,UP COMERCIALIZACIN VIRTUAL,18W000000000UOPP,Comercializadores mercado libre,Compra,España,SZR,Comercializadores,INTRA,"50,0"
CWCMC01,PEN_UP_COM,ES-PEN_FUTGR_COM,18W000000000S91F,Comercializadores mercado libre,Compra,España,SZR,Comercializadores,FUTGR,"9,0"
CYDAC01,CYADE,"COMERCIAL Y ASESORA DE ELECTRICIDAD, S.L..",18WCYDAC01-123-Y,Comercializadores mercado libre,Compra,España,SZR,Comercializadores,CYDAE,"0,4"
CYEC01,CYEC01,CYE ENERGIA COMERC COMPRA 1,18WCYEC01-1234-J,Comercializadores mercado libre,Compra,España,SZR,Comercializadores,CYE,"50,0"
CYIGNI,GENE COGEN,GENERICA DE COGENERADORAS,18W000000000SVJO,Gas Natural Cogeneración,Venta,España,SZR,Generación,IGNIS,"0,9"
CZFVC01,CZFV,CONSORCIO ZONA FRANCA DE VIGO,18WCZFVC01-123-C,Consumos directos en mercado,Compra,España,SZR,Consum. directos a mercado,CZFV,"7,4"
DAIMC01,DAIMUZ1,DAIMUZ ENERGIA UP1,18WSLDAIMUZ2014Z,Comercializadores mercado libre,Compra,España,SZR,Comercializadores,DAIMU,"4,0"
DANNZN,DANNZN,DANNZN,18W000000000JIKN,Eólica terrestre,Venta,España,SZR,Generación,HISPE,"30,4"
DANSC01,OPERATIONS,MARKET OPERATIONS,18W000000000U2PH,Comercializadores mercado libre,Compra,España,SZR,Comercializadores,DANSK,"0,0"
DANSZN,DANSZN,DANSZN,18W000000000JIJP,Eólica terrestre,Venta,España,SZR,Generación,HISPE,"99,0"
DARUC01,DARUZ,PIENSOS DARUZ,18WPIENSOSDARUZ8,Consumos directos en mercado,Compra,España,SZR,Consum. directos a mercado,DARUZ,"0,1"
DEELC01,DEELC01,DEELC01,18W000000000V07I,Comercializadores mercado libre,Compra,España,SZR,Comercializadores,DEELU,"0,1"
DEESA,LAS DEHESA,VERTEDEROS DE RESIDUOS-DEHESAS,18W000000000FS28,Biogás,Venta,España,SZR,Generación,LMER,"3,4"
DEHE1,DEHESILLA1,DEHESILLA1,18W000000000TJJJ,Eólica terrestre,Venta,España,SZR,Generación,RENSP,"46,8"
DEHE2,DEHESILLA2,DEHESILLA2,18W000000000TMK8,Eólica terrestre,Venta,España,SZR,Generación,RENSP,"46,8"
DEPOC01,DEPOR,DEPORTIVO ALAVES,18W000000000O13E,Consumos directos en mercado,Compra,España,SZR,Consum. directos a mercado,DEPOA,"2,6"
DESMC01,DESMAC01,DESMA COMPRA,18W000000000UENM,Comercializadores mercado libre,Compra,España,SZR,Comercializadores,DESMA,"5,0"
DETCD01,DETCD01,DETCD01,18W000000000906Y,Consumos directos en mercado,Compra,España,SZR,Consum. directos a mercado,DETIC,"11,2"
DETCD02,DETCD02,DETCD02,18W000000000C761,Consumos directos en mercado,Compra,España,SZR,Consum. directos a mercado,DETIC,"927,3"
DETCD16,DETCD16,DETCD16,18W000000000NFMC,Consumos directos en mercado,Compra,España,SZR,Consum. directos a mercado,DETIC,"35,0"
DETIC01,DETIC  CO,DETISA,18WDETIC01-12-2B,Comercializadores mercado libre,Compra,España,SZR,Comercializadores,DETIC,"0,0"
DETIR01,DETIR01,DETIR01,18W000000000ORVS,Comercializadores mercado libre,Compra,España,SZR,Comercializadores,DETIC,"9,0"
DETSSAA,DETSSAA,DETSSAA,18W000000000NPXY,Consumo de Servicios Auxiliares,Compra,España,SZR,Servicios auxiliares,DETIC,"30,0"
DFERC01,DFERC01,DUFERCO ENERGIA SPA,18W000000000Q43Y,Comercializadores mercado libre,Compra,España,SZR,Comercializadores,DUFEA,"0,0"
DIELC01,DIEL_PEN,DIELE PENINSULA,18W0000000004RQ7,Comercializadores mercado libre,Compra,España,SZR,Comercializadores,DIELE,"5,0"
DILUC01,DILUZ,DILUZ COMPRA,18W000000000N5FJ,Comercializadores mercado libre,Compra,España,SZR,Comercializadores,DILUZ,"0,1"
DIPBC01,DIPU BDJZ,DIPUTACION DE BADAJOZ,18W000000000J1BI,Consumos directos en mercado,Compra,España,SZR,Consum. directos a mercado,DIPBA,"92,7"
DIRGC01,DIRECTGREE,DIRECTGREEN,18W000000000QTG7,Comercializadores mercado libre,Compra,España,SZR,Comercializadores,DIREA,"1,0"
DIVIC01,DIVIC01,UP DIVICONSULTING,18W000000000BGJQ,Comercializadores mercado libre,Compra,España,SZR,Comercializadores,DIVIC,"0,1"
DLSTC01,GOENERGIA,GOENERGIA,18W000000000F14B,Comercializadores mercado libre,Compra,España,SZR,Comercializadores,DLSTE,"0,1"
DOLAR,DOLAR,UP_DOLAR_FV,18W000000000U5IM,Solar fotovoltaica,Venta,España,SZR,Generación,LIDER,"4,9"
DOLVC01,DOL ,DOL NUEVO,18W000000000K0Z6,Consumos directos en mercado,Compra,España,SZR,Consum. directos a mercado,DOLNO,"13,1"
DONBC01,DONBECO,DONBECO,18W000000000SQXB,Comercializadores mercado libre,Compra,España,SZR,Comercializadores,DONBE,"0,1"
DPDETIC,DPDETIC,DPDETIC,18WDPDETIC-123-B,Derivados del petróleo ó carbón,Venta,España,SZR,Generación,DETIC,"24,5"
DREAC01,DREUA,FOENER COMERCIALIZCIÓN SLU,18WDREAC01-123-K,Comercializadores mercado libre,Compra,España,SZR,Comercializadores,DREUA,"28,0"
DREDC01,DREDC01,DREUA CD,18W000000000DWUM,Consumos directos en mercado,Compra,España,SZR,Consum. directos a mercado,DREUA,"28,6"
DREGC01,DREGC01,DREUA CD EXENCION 85,18W000000000U5FS,Consumos directos en mercado,Compra,España,SZR,Consum. directos a mercado,DREUA,"2,2"
DREHC01,DREHC01,DREUA CD EXENCION 85-21,18W000000000UTXV,Consumos directos en mercado,Compra,España,SZR,Consum. directos a mercado,DREUA,"2,0"
DRKFC01,UP DRK,DRK ENERGY,18WDRKFC01-123-F,Comercializadores mercado libre,Compra,España,SZR,Comercializadores,DRK,"4,5"
DSMAC01,3DSMART,3DSMART COMPRA,18W000000000M77X,Comercializadores mercado libre,Compra,España,SZR,Comercializadores,DSMAR,"20,0"
DUEB,DUERO B,UGH.B. DUERO BOMBEO,18WDUEB-12345-0Z,Consumo bombeo,Compra,España,SZR,Consumo bombeo,IBEG,"1.308,0"
DUER,DUERO G,UGH. DUERO GENERACION,18WDUER-12345-0N,Hidráulica UGH,Venta,España,IBEG ,Generación,IBEG,"3.533,0"
DUERC01,DUEROLUZ,DUEROLUZ ENERGIA SL,18W000000000TDOR,Comercializadores mercado libre,Compra,España,SZR,Comercializadores,DUERO,"1,0"
DUFEC01,DUFEC01,DUFEC01,18W000000000BEUA,Comercializadores mercado libre,Compra,España,SZR,Comercializadores,DUFER,"400,0"
DUFECP3,DUFENERGY,DUFENERGY TRADING SA,18WDUFECP3-123-F,Exportación Francia,Compra,Francia-España,SZR,Comercializador internacional,DUFER,"400,0"
DUFEVP3,DUFEVP3,DUFENERGY TRADING SA,18WDUFEVP3-123-T,Importación Francia,Venta,Francia-España,SZR,Comercializador internacional,DUFER,"400,0"
DXDC01,DXD COMER,DXD COMERCIALIZADORA UNIDAD,18W0000000004U8Y,Comercializadores mercado libre,Compra,España,SZR,Comercializadores,DXD,"1,0"
DYNFC01,DYNEFF,DYNEFF,18W000000000M1A8,Comercializadores mercado libre,Compra,España,SZR,Comercializadores,DYNEF,"0,1"
E1CEG,E1CEG,E1CEG,18W0000000003SIO,Eólica terrestre,Venta,España,EVM2 ,Generación,CEG,"26,0"
E1VENTU,E1VENTU,E1VENTU,18W000000000Q7QG,Eólica terrestre,Venta,España,SZR,Generación,CEG,"20,5"
EABARA,EABARA,PARQUE EOLICO DE ABARA,18WEABARA-1234-J,Eólica terrestre,Venta,España,SZR,Generación,EGED,"34,0"
EABILI,EABILI,EOL ABLITAS,18W000000000IGUD,Eólica terrestre,Venta,España,SZR,Generación,CEG,"40,0"
EACCIT,EACCIT,18W000000000NXEB,18W000000000NXEB,Eólica terrestre,Venta,España,SZR,Generación,EGLE,"3,4"
EACIBER,EACIBER,ACIBEROS,18W000000000RXFU,Eólica terrestre,Venta,España,SZR,Generación,WMARK,"53,6"
EACROA1,EACROA1,UP EOLICA DA CROA1,18W000000000N0HU,Eólica terrestre,Venta,España,NEXUS ,Generación,NEXU,"7,3"
EACROA2,EACROA2,UP EOLICA DA CROA2,18W000000000N0IS,Eólica terrestre,Venta,España,NEXUS ,Generación,NEXU,"10,3"
EADRAG,EADRAG,PARQUE EOLICO DE ADRAÑO,18WEADRAG-123-1H,Eólica terrestre,Venta,España,SZR,Generación,EGED,"21,6"
EAGON2,EAGON2,EAGON2,18W000000000RPL5,Eólica terrestre,Venta,España,SZR,Generación,CEG,"9,0"
EALBC01,EALBC01,"ELECTRICA DE ALBATERENSE, S.L",18WEALBC01-123-D,Comercializadores mercado libre,Compra,España,SZR,Comercializadores,EALB,"5,0"
EALENTI,PE ALENTIS,PARQUE EOLICO ALENTISQUE,18W000000000P1DR,Eólica terrestre,Venta,España,EN1 ,Generación,EBLCO,"46,0"
EALIJA2,EALIJA2,EALIJA2,18W000000000GAFW,Eólica terrestre,Venta,España,SZR,Generación,SEDAE,"28,8"
EALMC01,ALMENAR_UP,ALMENAR UNIDAD PROGRAMACION,18W0000000004Z0Z,Comercializadores mercado libre,Compra,España,SZR,Comercializadores,ELALM,"0,3"
EALMERI,EALMERI,UP EOLICA ALMERIQ,18W000000000N358,Eólica terrestre,Venta,España,SZR,Generación,NEXU,"27,5"
EALP10,EALP10,EALP10,18W000000000U666,Eólica terrestre,Venta,España,SZR,Generación,HISPE,"48,6"
EALP11,EALP11,EALP11,18W000000000U674,Eólica terrestre,Venta,España,SZR,Generación,HISPE,"48,1"
EALP12,EALP12,EALP12,18W000000000U682,Eólica terrestre,Venta,España,SZR,Generación,HISPE,"21,6"
EALP13,EALP13,EALP13,18W000000000U690,Eólica terrestre,Venta,España,SZR,Generación,HISPE,"30,0"
EALP14,EALP14,EALP14,18W000000000U7VR,Eólica terrestre,Venta,España,ALP ,Generación,HISPE,"40,5"
EALP15,EALP15,EALP15,18W000000000U7WP,Eólica terrestre,Venta,España,SZR,Generación,HISPE,"33,6"
EALP16,EALP16,EALP16,18W000000000U7XN,Eólica terrestre,Venta,España,SZR,Generación,HISPE,"3,0"
EALP18,EALP18,EALP18,18W000000000U7ZJ,Eólica terrestre,Venta,España,ALP ,Generación,HISPE,"12,9"
EALP4,EALP4,EALP4,18W000000000U5UZ,Eólica terrestre,Venta,España,SZR,Generación,HISPE,"10,0"
EALP5,EALP5,EALP5,18W000000000U5VX,Eólica terrestre,Venta,España,SZR,Generación,HISPE,"30,0"
EALP6,EALP6,EALP6,18W000000000U5WV,Eólica terrestre,Venta,España,SZR,Generación,HISPE,"30,0"
EALP7,EALP7,EALP7,18W000000000U60I,Eólica terrestre,Venta,España,SZR,Generación,HISPE,"49,4"
EALP8,EALP8,EALP8,18W000000000U61G,Eólica terrestre,Venta,España,SZR,Generación,HISPE,"22,8"
EALP9,EALP9,EALP9,18W000000000U62E,Eólica terrestre,Venta,España,SZR,Generación,HISPE,"48,6"
EALTAN,EALTAN,18WEALTAN-1234-R,18WEALTAN-1234-R,Eólica terrestre,Venta,España,SZR,Generación,EGLE,"28,0"
EALTIPL,PE ALTIPLA,"PROMOCIONES EÓLICAS DEL ALTIPLANO,S.A.",18WEALTIPL-123-V,Eólica terrestre,Venta,España,SZR,Generación,PEALT,"50,0"
EAM0C01,EAM0C01,"ELECTRA ALTO MIÑO COMERCIALIZADORA DE ENEGÍA, SLU",18WEAM0C01-123-1,Comercializadores mercado libre,Compra,España,SZR,Comercializadores,EAM01,"5,7"
EAMC01,ANT MAD,ELECTRICA ANTONIO MADRID,18WEAMC01-1234-8,Comercializadores mercado libre,Compra,España,SZR,Comercializadores,AMADR,"0,3"
EAMV02,GRAFENO,GRAFENO,18W000000000SV0P,Solar fotovoltaica,Venta,España,SZR,Generación,AMADR,"1,2"
EAMV03,EAMV03,EAMV03,18W000000000UYRS,Solar fotovoltaica,Venta,España,SZR,Generación,AMADR,"4,0"
EAMV04,EAMV04,EAMV04,18W000000000UYTO,Solar fotovoltaica,Venta,España,SZR,Generación,AMADR,"2,9"
EAMV05,EAMV05,EAMV05,18W000000000UYVK,Solar fotovoltaica,Venta,España,SZR,Generación,AMADR,"3,0"
EAMV06,EAMV06,EAMV06,18W000000000UYXG,Solar fotovoltaica,Venta,España,SZR,Generación,AMADR,"5,0"
EANTONI,PE SANTONI,PARQUE EOLICO SANT ANTONI,18W000000000OVRO,Eólica terrestre,Venta,España,SZR,Generación,EBLCO,"49,9"
EARNO,EARNO,18WEARNO-12345-I,18WEARNO-12345-I,Eólica terrestre,Venta,España,SZR,Generación,EGLE,"8,0"
EARTIG,EARTIG,EARTIG,18W000000000QS8Q,Eólica terrestre,Venta,España,SZR,Generación,REPSB,"92,6"
EASCOI,EASCOI,UP EOLICA ASCOY,18W000000000MGP7,Eólica terrestre,Venta,España,SZR,Generación,NEXU,"7,6"
EAUSIN,EAUSIN,EOL AUSINES 1MW,18W0000000001FE5,Eólica terrestre,Venta,España,EVM2 ,Generación,CEG,"27,0"
EBARBER,PE BARBERS,PARQUE EOLICO BARBERS,18W000000000OV4X,Eólica terrestre,Venta,España,SZR,Generación,EBLCO,"30,0"
EBECERR,EBECERR,"PARQUE EOLICO BECERRIL, S.L.",18WEBECERR-123-M,Eólica terrestre,Venta,España,SZR,Generación,PEBEC,"6,0"
EBHIBHV,EBHIBHV,HIBRIDACION EOLICA Y BATERIA,18W000000000QIQK,Híbrida renovable-almacenamiento,Venta,España,IBEG ,Unidades hibridas,IBGES,"37,8"
EBIACA1,EBIACA1,ELECT. NTRA. SRA. GRACIA UP,18WEBIACA1-123-1,Comercializadores mercado libre,Compra,España,SZR,Comercializadores,EBIAR,"5,0"
EBLCO01,ELECTR-COM,ELECTRABEL S.A. COMERCIALIZADORA (NACIONAL),18WEBLCO01-12-20,Comercializadores mercado libre,Compra,España,SZR,Comercializadores,EBLCO,"0,0"
EBLCR01,UP SRAD,SERVICIO RESPUESTA ACTIVA DE LA DEMANDA,18W000000000S1XC,Comercializadores mercado libre,Compra,España,SZR,Comercializadores,EBLCO,"21,9"
EBLPCX1,EBLPCX1,EBLPCX1,18W000000000TI4F,Porfolio,Compra,España,SZR,Unidades porfolio,EBLCO,"9.999,0"
EBLPVX1,EBLPVX1,EBLPVX1,18W000000000TI2J,Porfolio,Venta,España,SZR,Unidades porfolio,EBLCO,"9.999,0"
EBOREA,EBOREA,18W000000000N3TY,18W000000000N3TY,Eólica terrestre,Venta,España,AXPO ,Generación,EGLE,"100,0"
EBRA,EBRO ALTO,UGH. EBRO ALTO (IBERDROLA),18WEBRA-12345-06,Hidráulica UGH,Venta,España,IBEG ,Generación,IBEG,"188,2"
EBRACC1,EBRACC1,EBRACC1,18WEBRACC1-123-Y,Hidráulica UGH,Venta,España,END ,Generación,ENDG,"376,4"
EBRACC2,EBRACC2,EBRACC2,18WEBRACC2-123-R,Hidráulica UGH,Venta,España,END ,Generación,ENDG,"162,0"
EBREC01,EBREC01,EBREC01,18W000000000I8EW,Comercializadores mercado libre,Compra,España,SZR,Comercializadores,EBROE,"0,1"
EBRERZ,EBRO ERZ,UGH. EBRO ERZ,18WEBRERZ-123-0B,Hidráulica UGH,Venta,España,END ,Generación,ENDG,"2,3"
EBRFEN,ENH-FEC-GR,UGH. EBRO ENHER-FECSA-GARONA,18WEBRFEN-123-0T,Hidráulica UGH,Venta,España,END ,Generación,ENDG,"1.857,7"
EBROF,EBROF,EBROF,18W000000000GYB5,Hidráulica UGH,Venta,España,SZR,Generación,GNRA,"40,8"
EBRUJUL,EBRUJUL,EÓLICA LA BRÚJULA  (E),18WEBRUJUL-12-1D,Eólica terrestre,Venta,España,SZR,Generación,HC G,"73,3"
EBRULL,EBRULL,18WEBRULL-1234-4,18WEBRULL-1234-4,Eólica terrestre,Venta,España,AXPO ,Generación,EGLE,"40,0"
EBSISG,EBSISG,PARQUE EOLICO DE LA BOBIA-SAN ISIDRO,18WEBSISG-123-1R,Eólica terrestre,Venta,España,SZR,Generación,EGED,"49,3"
EBURGE,EBURGE,BURGALESA DE GENERACION EOLICA,18WEBURGE-123--6,Eólica terrestre,Venta,España,SZR,Generación,BURGE,"9,0"
ECABELL,PE CABELLO,PE CERRO CABELLO,18W000000000SWLH,Eólica terrestre,Venta,España,SZR,Generación,EBLCO,"12,0"
ECACOND,PE CCONDE,PARQUE EOLICO CABEZA DEL CONDE,18W000000000OV5V,Eólica terrestre,Venta,España,EN1 ,Generación,EBLCO,"8,0"
ECALZAD,PE CALZADA,PARQUE EOLICO LA CALZADA,18W000000000OVJ3,Eólica terrestre,Venta,España,EN1 ,Generación,EBLCO,"30,6"
ECANTE,ECANTE,UP ELICA CASCANTE SL,18W000000000SKVX,Eólica terrestre,Venta,España,SZR,Generación,EGLE,"50,0"
ECARCLN,ECARCLN,UP EOLICA CARCELEN,18W000000000MGR3,Eólica terrestre,Venta,España,SZR,Generación,NEXU,"49,6"
ECARRA2,ECARRA2,EOLICA EL CARRASCAL 2,18W000000000IQYC,Eólica terrestre,Venta,España,SZR,Generación,NEXU,"28,0"
ECARRAI,ECARRAI,EOLICA EL CARRASCAL,18W000000000IR3Y,Eólica terrestre,Venta,España,SZR,Generación,NEXU,"49,5"
ECARRER,ECARRER,ECARRER,18W000000000Q7KS,Eólica terrestre,Venta,España,SZR,Generación,CEG,"8,9"
ECARRG,ECARRG,18WECARRG-123-1L,18WECARRG-123-1L,Eólica terrestre,Venta,España,SZR,Generación,EGLE,"49,5"
ECASAR,ECASAR,LDV CASARES,18W0000000002B5V,Eólica terrestre,Venta,España,SZR,Generación,CEG,"8,0"
ECASTI,ECASTI,18WECASTI-1234-3,18WECASTI-1234-3,Eólica terrestre,Venta,España,SZR,Generación,EGLE,"36,0"
ECATC01,ECATC01,"DISTRIBUIDORA ELÉCTRICA DE CATOIRA, S.A",18WECATC01-123-4,Comercializadores mercado libre,Compra,España,SZR,Comercializadores,ELCAT,"1,0"
ECATER,ECATER,18WECATER-1234-J,18WECATER-1234-J,Eólica terrestre,Venta,España,SZR,Generación,EGLE,"57,6"
ECAZC01,ECADZ-COMP,ELECTRICA DE CADIZ (NACIONAL) COMPRA,18WECAZC01-12-2O,Comercializadores mercado libre,Compra,España,SZR,Comercializadores,ECADZ,"0,0"
ECEC01,ECE,"ELECTRA DEL CARDENER ENERGIA, S.A.",18WECEC01-123-27,Comercializadores mercado libre,Compra,España,SZR,Comercializadores,ECE,"0,0"
ECEGRG,ECEREG,COMPAÑIA EOLICA GRANADINA,18WECEGRG-123-1D,Eólica terrestre,Venta,España,SZR,Generación,EGED,"35,6"
ECENDER,CENER,CENTRO NACIONAL DE ENERGÍAS RENOVABLES,18WECENDER-123-D,Eólica terrestre,Venta,España,SZR,Generación,WMARK,"25,5"
ECERAD2,ECERAD2,EOLICA LA CERRADILLA 2,18W000000000IR03,Eólica terrestre,Venta,España,SZR,Generación,NEXU,"22,0"
ECERADI,ECERADI,EOLICA LA CERRADILLA,18W000000000IQZA,Eólica terrestre,Venta,España,SZR,Generación,NEXU,"49,5"
ECERRA,ECERRA,UP CERRATO EOLICA,18W000000000SEG7,Eólica terrestre,Venta,España,AXPO ,Generación,EGLE,"47,7"
ECERRA2,ECERRA2,ECERRA2,18W000000000T929,Eólica terrestre,Venta,España,SZR,Generación,REPSB,"146,5"
ECERRAG,ECERRAG,ECERRAG,18W000000000TE1X,Eólica terrestre,Venta,España,SZR,Generación,REPSB,"75,9"
ECERRAT,ECERRAT,ECERRAT,18W000000000S6ZU,Eólica terrestre,Venta,España,SZR,Generación,REPSB,"65,0"
ECHO,ECHO,CHORRO DEL DUQUE,18WECHO-123456-J,Hidráulica UGH,Venta,España,SZR,Generación,HIDRJ,"1,0"
ECIERZO,ECIERZO,ECIERZO,18WECIERZO-123-8,Eólica terrestre,Venta,España,SZR,Generación,IGNIS,"92,4"
ECINCA,CINCA,CINCA,18W000000000RG6P,Eólica terrestre,Venta,España,SZR,Generación,REPSB,"96,8"
ECINCAG,ECINCAG,ECINCAG,18W000000000TLHH,Eólica terrestre,Venta,España,SZR,Generación,REPSB,"60,0"
ECIRZOS,ELOSCRZOS,UP EOLICA CIERZO,18W000000000GDTW,Eólica terrestre,Venta,España,NEXUS ,Generación,NEXU,"15,0"
ECMOREN,PE CMORENO,PARQUE EOLICO CERRO MORENO,18W000000000OV8P,Eólica terrestre,Venta,España,SZR,Generación,EBLCO,"6,0"
ECMTA,COMETAS,COMETAS,18W000000000MYG8,Eólica terrestre,Venta,España,SZR,Generación,REPSB,"158,6"
ECNDC01,ECND,ECO NUEVOS DESARROLLOS,18WECNDC01-123-L,Comercializadores mercado libre,Compra,España,SZR,Comercializadores,ECOND,"4,0"
ECNR,ECNR,ECNR,18W000000000SETI,Eólica terrestre,Venta,España,SZR,Generación,REPSB,"49,5"
ECNRG,ECNRG,ECNRG,18W000000000SO17,Eólica terrestre,Venta,España,SZR,Generación,REPSB,"29,9"
ECOFC01,ECOFUTURA,UNIDAD ECOFUTURA,18W00000000027Q1,Comercializadores mercado libre,Compra,España,SZR,Comercializadores,ECOFU,"1,0"
ECOFREN,ECOFREN,18W000000000HJE3,18W000000000HJE3,Eólica terrestre,Venta,España,IGS ,Generación,IGNIS,"49,7"
ECOL,PECMORO,PARC ELIC DE COLL DEL MORO SLU,18W000000000P3DL,Eólica terrestre,Venta,España,IGS ,Generación,IGNIS,"48,7"
ECOLC01,UPECOLE01,COMERCIALIZACION PENINSULAR,18WENECOLECTIVAK,Comercializadores mercado libre,Compra,España,SZR,Comercializadores,ECOLE,"0,2"
ECOLIVA,PE COLIVA,PARQUE EOLICO CERRO OLIVA,18W000000000OV9N,Eólica terrestre,Venta,España,EN1 ,Generación,EBLCO,"9,0"
ECOMES,ECOMES,18WECOMES-123-1C,18WECOMES-123-1C,Eólica terrestre,Venta,España,SZR,Generación,EGLE,"3,0"
ECOMLIC,ECOMLIC,UP EOLICA COMIOLICA,18W000000000SD8Q,Eólica terrestre,Venta,España,SZR,Generación,NEXU,"36,0"
ECONJUR,ECONJUR,EOLICA EL CONJURO,18W000000000IQWG,Eólica terrestre,Venta,España,SZR,Generación,NEXU,"17,0"
ECOR,PEVCORB,BON VENT DE CORBERA SLU,18W000000000P3BP,Eólica terrestre,Venta,España,SZR,Generación,IGNIS,"49,9"
ECORTG,CORTIJO,CORTIJO,18W000000000MEGV,Eólica terrestre,Venta,España,SZR,Generación,HISPE,"28,0"
ECOSJAR,PECOSCOJAR,PECOSCOJAR,18W000000000MER9,Eólica terrestre,Venta,España,NEXUS ,Generación,NEXU,"49,7"
ECOTC01,ECOT,ECOTHERMIC,18W000000000RLGR,Comercializadores mercado libre,Compra,España,SZR,Comercializadores,ECOTH,"1,0"
ECOVC01,ECOVC01,ECOVC01,18W000000000O3FL,Comercializadores mercado libre,Compra,España,SZR,Comercializadores,ECOVE,"0,0"
ECSCCA1,ECSCCA1,"ELECTRICA DE CALLOSA DE SEGURA, CV",18WECSCCA1-123-7,Comercializadores mercado libre,Compra,España,SZR,Comercializadores,CALLO,"10,5"
ECT2,ECT2,CC PEAKER ESCATRÓN,18WECT2-123456-X,Ciclo Combinado,Venta,España,IGNIS ,Generación,CYDDP,"274,6"
ECT2X,ECT2X,C.C. ESCATRON - CONSUMOS AUXILIARES,18WECT2X-12345-R,Consumo de Servicios Auxiliares,Compra,España,SZR,Servicios auxiliares,CYDDP,"4,0"
ECT3,ESCAT3,CC ESCATRÓN,18WECT3-123456-N,Ciclo Combinado,Venta,España,REPSOL ,Generación,REPSB,"804,3"
ECURRAG,ECURRAG,PE CURRAS,18WECURRAG-12-1A,Eólica terrestre,Venta,España,SZR,Generación,EGED,"7,8"
ECYLEO,ECYLEO,18WECYLEO-1234-7,18WECYLEO-1234-7,Eólica terrestre,Venta,España,AXPO ,Generación,EGLE,"140,6"
ECYRREX,ECYRREX,ECYR COMPRAS REGIMEN ESPECIAL,18WECYRREX-123-T,Consumo de Servicios Auxiliares,Compra,España,SZR,Servicios auxiliares,ECYR,"1,3"
EDALOBA,EDALOBA,EOLICA SERRA DA LOBA,18W000000000IQSO,Eólica terrestre,Venta,España,SZR,Generación,NEXU,"36,0"
EDENCA,EDENCA,UP DESA ENERG DEL CANT,18W000000000SPOW,Eólica terrestre,Venta,España,SZR,Generación,EGLE,"25,4"
EDEPON,EDEPON,18WEDEPON-1234-J,18WEDEPON-1234-J,Eólica terrestre,Venta,España,SZR,Generación,EGLE,"3,0"
EDEREN,EDEREN,UP DESARROLLOS RENOVABLES,18W000000000TJZO,Eólica terrestre,Venta,España,SZR,Generación,EGLE,"21,0"
EDERR,DERRAMADOR,PE DERRAMADOR,18W000000000NZTC,Eólica terrestre,Venta,España,IGE ,Generación,IGNIS,"49,1"
EDEVAG,EDEVAG,PARQUE EOLICO DE DEVA,18WEDEVAG-123-14,Eólica terrestre,Venta,España,SZR,Generación,EGED,"87,7"
EDFAC01,CASABLANCA,EDFA CASABLANCA,18WEDFAC01-123-G,Comercializadores mercado libre,Compra,España,SZR,Comercializadores,EDFAC,"2,2"
EDFSC01,SERRALLO,SERRALLO,18WEDFSC01-123-L,Comercializadores mercado libre,Compra,España,SZR,Comercializadores,EDFAS,"0,1"
EDFTC01,INTRA,INTRADAY TRADIING,18W000000000F7QN,Comercializadores mercado libre,Compra,España,SZR,Comercializadores,EDFT,"1.000,0"
EDFTCP3,EDFTCP3,EDF EXPORTACIÓN (ESPAÑA A FRANCIA),18WEDFTCP3-12-4L,Exportación Francia,Compra,Francia-España,SZR,Comercializador internacional,EDFT,"0,0"
EDFTVP3,EDFTVP3,EDF IMPORTACIÓN (FRANCIA A ESPAÑA),18WEDFTVP3-12-30,Importación Francia,Venta,Francia-España,SZR,Comercializador internacional,EDFT,"0,0"
EDPCC01,EDPCC01,UNIDAD DE COMPRA DE COMERCIALIZADORA,18W000000000IMBX,Comercializadores mercado libre,Compra,España,SZR,Comercializadores,EDPCL,"1,0"
EDPCOX,SSAA EDPC,SSAA EDP COMERCIALIZADORA,18W0000000006JY7,Consumo de Servicios Auxiliares,Compra,España,SZR,Servicios auxiliares,NATGA,"20,0"
EDPCR01,EDPCR01,UP COMPRA SRAD,18W000000000OQES,Comercializadores mercado libre,Compra,España,SZR,Comercializadores,EDPCL,"27,0"
EDRIBGE,EDRIBGE,EOLICAS DESARROLLO RIOJA,18W000000000SNHF,Eólica terrestre,Venta,España,SZR,Generación,IBGES,"99,0"
EE21C01,EE21C01,ENDESA ENERGIA XXI S.L. CUR. COMPRA,18WEE21C01-123-F,Comercializadores último recurso,Compra,España,SZR,Comercializador de referencia,EEXXI,"9.999,0"
EE21CEB,ENLACE PB,ENLACE PENINSULA - BALEARES,18WEE21CEB-123-I,Enlace Baleares,Compra,España,SZR,Enlace península baleares,EEXXI,"408,0"
EEBAN,EEBAN,EOL LA BANDERA,18W0000000002B20,Eólica terrestre,Venta,España,SZR,Generación,CEG,"32,3"
EEBLC11,EEBLC11,PARQUE ELICO LA ESTANCIA,18W000000000H3PT,Eólica terrestre,Venta,España,SZR,Generación,EBLCO,"7,8"
EEBLC12,EEBLC12,PARQUE ELICO EL SASO,18W000000000H3TL,Eólica terrestre,Venta,España,SZR,Generación,EBLCO,"17,5"
EEBLC13,EEBLC13,PARQUE ELICO CAÑACOLOMA,18W000000000HIX5,Eólica terrestre,Venta,España,SZR,Generación,EBLCO,"20,9"
EEBLC14,EEBLC14,PARQUE ELICO SIERRA DE LUNA,18W000000000HIY3,Eólica terrestre,Venta,España,SZR,Generación,EBLCO,"17,5"
EEBLC17,EEBLC17,LA ESCALARETA II,18W000000000IUV6,Eólica terrestre,Venta,España,SZR,Generación,EBLCO,"23,6"
EEBLC19,EEBLC19,PE BARRAX NORTE-SUR,18W000000000L0F5,Eólica terrestre,Venta,España,SZR,Generación,EBLCO,"40,0"
EEBLC20,EEBLC20,PE CHINCHILLA,18W000000000L8QX,Eólica terrestre,Venta,España,SZR,Generación,EBLCO,"27,3"
EEBLCO1,EEBLCO1,MAJAS II Y IV,18W000000000GKSD,Eólica terrestre,Venta,España,SZR,Generación,EBLCO,"63,0"
EEBLCO2,EEBLCO2,MAJAS III Y IV,18W000000000GKTB,Eólica terrestre,Venta,España,SZR,Generación,EBLCO,"71,3"
EECAB,EECAB,EOL CABANILLAS,18W0000000002B4X,Eólica terrestre,Venta,España,SZR,Generación,CEG,"34,5"
EECAP,EECAP,EOL CAPARROSO,18W0000000002B3Z,Eólica terrestre,Venta,España,SZR,Generación,CEG,"30,5"
EECARAM,PE CARAMON,PARQUE EOLICO CARAMONTE,18W000000000OV6T,Eólica terrestre,Venta,España,SZR,Generación,EBLCO,"64,9"
EEGPE1,EEGPE1,EEGPE1,18W000000000RIE3,Eólica terrestre,Venta,España,SZR,Generación,ECYR,"175,0"
EEGPEM,EEGPEM,EOLICA MERCADOS DE AJUSTE EGPE,18WEEGPEM-1234-9,Eólica terrestre,Venta,España,SZR,Generación,ECYR,"663,2"
EEGPES,EEGPES,EEGPES EOL SEC,18W000000000RVKQ,Eólica terrestre,Venta,España,END ,Generación,ECYR,"396,9"
EEGPEV,EEGPEV,EEGPEV,18W000000000UHDX,Eólica terrestre,Venta,España,END ,Generación,ECYR,"452,3"
EEHU2,EEHU2,ENCE ENERGIA HUELVA DOS,18W000000000FFHH,Biomasa,Venta,España,ENCE ,Generación,ENCHU,"46,0"
EEJEREZ,PE JEREZ,PARQUE EOLICO JEREZ,18W000000000OVI5,Eólica terrestre,Venta,España,EN1 ,Generación,EBLCO,"42,5"
EELEZU,EELEZU,EOL ELECDEY LEZUZA,18WEELEZU-1234-X,Eólica terrestre,Venta,España,EVM2 ,Generación,CEG,"25,0"
EELPINO,PE EL PINO,PARQUE EOLICO EL PINO,18W000000000OVED,Eólica terrestre,Venta,España,SZR,Generación,EBLCO,"24,6"
EENC01,ELECT ENER,ELECTRA ENERGIA S.A.U. COMERCIALIZADORA,18WEENC01-123-2W,Comercializadores mercado libre,Compra,España,SZR,Comercializadores,EEN,"0,0"
EENEC01,CONS ENER,CONSUMO ENCE ENERGIA SL,18W000000000JY63,Consumos directos en mercado,Compra,España,SZR,Consum. directos a mercado,EENER,"3,5"
EENECO,EENECO,18W000000000G4BL,18W000000000G4BL,Eólica terrestre,Venta,España,SZR,Generación,EGLE,"30,0"
EENGAS,EENGAS,18WEENGAS-1234-A,18WEENGAS-1234-A,Eólica terrestre,Venta,España,SZR,Generación,EGLE,"31,2"
EENRES,EENRES,18WEENRES-1234-C,18WEENRES-1234-C,Eólica terrestre,Venta,España,SZR,Generación,EGLE,"1,6"
EENRO,MORELLA1,MORELLA 1 RO,18WEENRO-12345-B,Fuel,Venta,España,SZR,Generación,NEXU,"3,4"
EENRO2,MORELLA2,MORELLA2 RO,18WEENRO2-1234-J,Fuel,Venta,España,SZR,Generación,NEXU,"4,5"
EEOBRO,EEOBRO,EOL DEL EBRO,18W0000000002B8P,Eólica terrestre,Venta,España,SZR,Generación,CEG,"24,0"
EEOLEX,EEOLEX,EOLEXTREM DESARROLLOS,18W000000000P1GL,Eólica terrestre,Venta,España,SZR,Generación,EGLE,"7,2"
EEOMAR,EEOMAR,18WEEOMAR-1234-L,18WEEOMAR-1234-L,Eólica terrestre,Venta,España,SZR,Generación,EGLE,"7,8"
EEPARAM,PE PARAMO,PARQUE EOLICO EL PARAMO,18W000000000OVDF,Eólica terrestre,Venta,España,EN1 ,Generación,EBLCO,"24,0"
EEPESLO,EEPESLO,18WEEPESLO-123-A,18WEEPESLO-123-A,Eólica terrestre,Venta,España,AXPO ,Generación,EGLE,"88,0"
EEPLLG,EEPLLG,18WEEPLLG-123-1K,18WEEPLLG-123-1K,Eólica terrestre,Venta,España,SZR,Generación,EGLE,"39,6"
EERUYA,EERUYA,18WEERUYA-1234-D,18WEERUYA-1234-D,Eólica terrestre,Venta,España,SZR,Generación,EGLE,"1,6"
EESBGG,EESBGG,18WEESBGG-123-1L,18WEESBGG-123-1L,Eólica terrestre,Venta,España,SZR,Generación,EGLE,"10,5"
EETAHUN,PE TAHUNA,PARQUE ELICO TAHUNA,18W000000000NXQO,Eólica terrestre,Venta,España,SZR,Generación,EBLCO,"20,0"
EEVOLD,EEVOLD,EVOLUCION 2000,18W0000000007B4D,Eólica terrestre,Venta,España,SZR,Generación,WMARK,"49,5"
EEWING,EEWING,18WEEWING-123-1T,18WEEWING-123-1T,Eólica terrestre,Venta,España,SZR,Generación,EGLE,"25,2"
EEZORRE,PE ZORRERA,PARQUE ELICO ZORRERAS,18W000000000NXRM,Eólica terrestre,Venta,España,SZR,Generación,EBLCO,"20,0"
EFACINA,EFACINA,UP EOLICA FACINA,18W000000000N3BX,Eólica terrestre,Venta,España,SZR,Generación,NEXU,"12,0"
EFALA,FALAMO,PE FUENTE ALAMO,18W000000000NZSE,Eólica terrestre,Venta,España,IGE ,Generación,IGNIS,"48,6"
EFEGED,EFEGED,18WEFEGED-1234-X,18WEFEGED-1234-X,Eólica terrestre,Venta,España,SZR,Generación,EGED,"56,5"
EFEGEL1,EFEGEL1,EFEGEL1,18W00000000010Z8,Eólica terrestre,Venta,España,SZR,Generación,EGED,"130,0"
EFEGEL2,EFEGEL2,EFEGEL2,18W0000000001101,Eólica terrestre,Venta,España,SZR,Generación,EGED,"152,7"
EFERSA,EFERSA,18WEFERSA-123--L,18WEFERSA-123--L,Eólica terrestre,Venta,España,SZR,Generación,EGLE,"7,1"
EFGAVE,EFGAVE,18WEFGAVE-1234-L,18WEFGAVE-1234-L,Eólica terrestre,Venta,España,SZR,Generación,EGLE,"2,5"
EFGC01,EFG NAC,ENERGY FACTORY GROUP COMERCIALIZADORA (NACIONAL),18WEFGC01-123-2N,Comercializadores mercado libre,Compra,España,SZR,Comercializadores,EFG,"0,0"
EFGNRA,EOLICA ,EOLICA MAYOR 1MW,18WEFGNRA-1234-X,Eólica terrestre,Venta,España,SZR,Generación,GNRA,"75,2"
EFGNRA2,EFGNRA2,EFGNRA2,18W000000000QBLE,Eólica terrestre,Venta,España,SZR,Generación,GNRA,"26,4"
EFGNRAM,EFGNRAM,EFGNRAM,18W000000000TF1U,Eólica marina,Venta,España,SZR,Generación,GNRA,"2,0"
EFGVDO,EFGVDO,18WEFGVDO-1234-4,18WEFGVDO-1234-4,Eólica terrestre,Venta,España,SZR,Generación,EGLE,"48,4"
EFIDC01,EFIDU,EFIDUERO,18W0000000005JSN,Comercializadores mercado libre,Compra,España,SZR,Comercializadores,EFIDU,"9,9"
EFIDC02,UPVENTAFV,UP VENTA FV,18W000000000P1TW,Solar fotovoltaica,Venta,España,SZR,Generación,EFIDU,"0,4"
EFIRC01,EFIRA,EFIRA,18W000000000TJGP,Comercializadores mercado libre,Compra,España,SZR,Comercializadores,EFIRA,"0,1"
EFNEXU,EFNEXU,UP EOLICA MAYOR 1MW,18WEFNEXU-1234-H,Eólica terrestre,Venta,España,SZR,Generación,NEXU,"1,8"
EFONTA,EFONTA,18W0000000006EWQ,18W0000000006EWQ,Eólica terrestre,Venta,España,SZR,Generación,EGLE,"4,6"
EFPART,EFPART,PARTICIPADAS FUERA DE ZONA,18W000000000POUZ,Eólica terrestre,Venta,España,SZR,Generación,GNCO,"122,5"
EFRON,FRONTONES,PE FRONTONES,18W000000000NZRG,Eólica terrestre,Venta,España,IGE ,Generación,IGNIS,"48,8"
EFWMARK,EFWMARK,EÓLICA TARIFA= Ó > DE 10 MW,18WEFWMARK-123-K,Eólica terrestre,Venta,España,SZR,Generación,WMARK,"345,2"
EGALC01,EGAMA,ENERXIA GALEGA MAIS,18WEGALC01-12--B,Comercializadores mercado libre,Compra,España,SZR,Comercializadores,EGALE,"1,0"
EGALLE,EGALLE,GALLEGO,18W000000000QIF5,Eólica terrestre,Venta,España,SZR,Generación,REPSB,"27,3"
EGASN2U,EGASN2U,EGASN2U,18W000000000TRG1,Eólica terrestre,Venta,España,NTG ,Generación,GNCO,"608,0"
EGASNE0,EGASNE0,EGASNE0,18W000000000EZ9E,Eólica terrestre,Venta,España,SZR,Generación,GNCO,"890,4"
EGASNE1,EGASNE1,EGASNE1,18W0000000001EAG,Eólica terrestre,Venta,España,SZR,Generación,GNCO,"433,7"
EGASNE2,EGASNE2,EGASNE2,18W000000000F0OB,Eólica terrestre,Venta,España,NTG ,Generación,GNCO,"354,9"
EGASUR,EGASUR,EGASUR,18W000000000A1Y8,Eólica terrestre,Venta,España,SZR,Generación,IGNIS,"54,4"
EGAZC01,EGAZE,ENERGAZE,18W000000000M1JR,Comercializadores mercado libre,Compra,España,SZR,Comercializadores,EGAZE,"1,0"
EGCMC01,EGCMC01,"ENDESA GENERACIÓN, S.A.",18WENGCOMERCIALQ,Comercializadores mercado libre,Compra,España,SZR,Comercializadores,ENDG,"180,0"
EGEAMG,EGEAMG,GEOLICA MAGALLON,18WEGEAMG-123-1X,Eólica terrestre,Venta,España,EVM2 ,Generación,CEG,"40,0"
EGECAM,EGECAM,18W000000000NXAJ,18W000000000NXAJ,Eólica terrestre,Venta,España,AXPO ,Generación,EGLE,"300,0"
EGEDC01,EGEDC01,EGEDC01,18WEGEDC01-12-24,Comercializadores mercado libre,Compra,España,SZR,Comercializadores,EGED,"0,0"
EGEDCP3,UP DERECHO,UP COMPRA CON DERECHOS,18WEGEDCP3-123-6,Exportación Francia,Compra,Francia-España,SZR,Comercializador internacional,EGED,"20,0"
EGEDCX,UP SER AUX,UP SERVICIOS AUXILIARES,18W000000000OBT6,Consumo de Servicios Auxiliares,Compra,España,SZR,Servicios auxiliares,EGED,"25,0"
EGEDR01,UP RAD3,UP SERVICIO DE REPUESTA ACTIVA DE LA DEMANDA,18W000000000OS0D,Comercializadores mercado libre,Compra,España,SZR,Comercializadores,EGED,"9,0"
EGEDVP3,VTA DERECH,UP VENTA CON DERECHOS EN FRANCIA,18WEGEDVP3-123-K,Importación Francia,Venta,Francia-España,SZR,Comercializador internacional,EGED,"20,0"
EGENC01,EGENC01,ELE GUIXES ENERGIA,18WEGENC01-123-9,Comercializadores mercado libre,Compra,España,SZR,Comercializadores,EGEN,"3,0"
EGENR01,EGENR01,EGENR01,18W000000000TXVR,Comercializadores mercado libre,Compra,España,SZR,Comercializadores,EGEN,"5,0"
EGFEN,EOL 1 MW,EOLICA MAYOR 1 MW GEST,18W000000000PX3P,Eólica terrestre,Venta,España,SZR,Generación,FEN,"7,2"
EGLCCX1,EGLCCX1,EGLCCX1,18W000000000PUXB,Porfolio,Compra,España,SZR,Unidades porfolio,EGLE,"9.999,0"
EGLCVX1,EGLCVX1,EGLCVX1,18W000000000PUZ7,Porfolio,Venta,España,SZR,Unidades porfolio,EGLE,"9.999,0"
EGLEC01,EGLE CO,ELEKTRIZITATS-GESELLSHAFT LAUFENBURG ESPAÑA S.L,18WEGLEC01-12-2S,Comercializadores mercado libre,Compra,España,SZR,Comercializadores,EGLE,"0,0"
EGLECP3,EGLECP3,"ELECTRIZITÄTS-GESELLSCHAFT LAUFENBURG ESPAÑA, S.L., EXPORTACIÓN A FRANCIA (CON DERECHOS)",18WEGLECP3-12-4W,Exportación Francia,Compra,Francia-España,SZR,Comercializador internacional,EGLE,"500,0"
EGLEVP3,EGLEVP3,"ELECTRIZITÄTS-GESELLSCHAFT LAUFENBURG ESPAÑA, S.L., IMPORTACIÓN DESDE FRANCIA (CON DERECHOS)",18WEGLEVP3-12-3B,Importación Francia,Venta,Francia-España,SZR,Comercializador internacional,EGLE,"1.400,0"
EGLEX,EGLEX,EGLE (COMPRA SERVICIOS AUXILIARES),18WEGLEX-12345-L,Consumo de Servicios Auxiliares,Compra,España,SZR,Servicios auxiliares,EGLE,"2,4"
EGLPCX1,EGLPCX1,PORFOLIO COMPRA GENERAC,18W000000000ABZD,Porfolio,Compra,España,SZR,Unidades porfolio,EGLE,"9.999,0"
EGLPVX1,EGLPVX1,PORFOLIO VENTA GENER,18W000000000AC06,Porfolio,Venta,España,SZR,Unidades porfolio,EGLE,"9.999,0"
EGMALP,EGMALP,EGMALP,18W000000000C8AR,Eólica terrestre,Venta,España,SZR,Generación,IGNIS,"16,4"
EGNIC01,EGNIC01,EGNIC01,18W000000000UWAV,Comercializadores mercado libre,Compra,España,SZR,Comercializadores,EGNIS,"0,1"
EGRAIA,EGRAIA,18WEGRAIA-1234-0,18WEGRAIA-1234-0,Eólica terrestre,Venta,España,SZR,Generación,EGLE,"19,8"
EGREC01,EGREC01,EGREC01,18W000000000HSZ8,Comercializadores mercado libre,Compra,España,SZR,Comercializadores,EGREN,"1,0"
EGREEN,EOLICAGEST,EOLICA GESTIONABLE,18WEGREEN-1234-3,Eólica terrestre,Venta,España,SZR,Generación,EGED,"1.915,5"
EGREEN1,EOLICAGES1,EOLICAGEST1,18W000000000MU2B,Eólica terrestre,Venta,España,ACC2 ,Generación,EGED,"951,8"
EGREEN2,EGREEN2,EGREEN2,18W000000000P9SA,Híbrida renovable,Venta,España,ACC2 ,Unidades hibridas,EGED,"103,3"
EGREEN3,EGREEN3,EGREEN3,18W000000000VE5H,Eólica terrestre,Venta,España,ACC2 ,Generación,EGED,"18,0"
EGST146,EGST146,EGST146,18W000000000RV9B,Eólica terrestre,Venta,España,GST1 ,Generación,GESTE,"21,6"
EGST147,EGST147,EGST147,18W000000000RWKN,Eólica terrestre,Venta,España,GST1 ,Generación,GESTE,"16,0"
EGST174,EGST174,EGST174,18W000000000SZKA,Eólica terrestre,Venta,España,SZR,Generación,GESTE,"39,0"
EGST175,EGST175,EGST175,18W000000000SZM6,Eólica terrestre,Venta,España,SZR,Generación,GESTE,"51,0"
EGST228,EGST228,EGST228,18W000000000TP10,Eólica terrestre,Venta,España,GST1 ,Generación,GESTE,"41,5"
EGST237,EGST237,EGST237,18W000000000U7FM,Eólica terrestre,Venta,España,SZR,Generación,GESTE,"6,0"
EGST238,EGST238,EGST238,18W000000000U7HI,Eólica terrestre,Venta,España,SZR,Generación,GESTE,"6,8"
EGST239,EGST239,EGST239,18W000000000U7JE,Eólica terrestre,Venta,España,SZR,Generación,GESTE,"13,6"
EGST240,EGST240,EGST240,18W000000000U7LA,Eólica terrestre,Venta,España,SZR,Generación,GESTE,"1,6"
EGST244,EGST244,EGST244,18W000000000U8UQ,Eólica terrestre,Venta,España,SZR,Generación,GESTE,"49,3"
EGST247,EGST247,EGST247,18W000000000UAUK,Eólica terrestre,Venta,España,SZR,Generación,GESTE,"49,3"
EGST257,EGST257,EGST257,18W000000000UJYM,Eólica terrestre,Venta,España,SZR,Generación,GESTE,"3,0"
EGST258,EGST258,EGST258,18W000000000UK0D,Eólica terrestre,Venta,España,SZR,Generación,GESTE,"20,4"
EGST259,EGST259,EGST259,18W000000000UK29,Eólica terrestre,Venta,España,SZR,Generación,GESTE,"24,0"
EGST260,EGST260,EGST260,18W000000000UK45,Eólica terrestre,Venta,España,SZR,Generación,GESTE,"49,6"
EGST300,EGST300,EGST300,18W000000000TRKU,Eólica terrestre,Venta,España,SZR,Generación,GESTE,"26,0"
EGST301,EGST301,EGST301,18W000000000TRMQ,Eólica terrestre,Venta,España,SZR,Generación,GESTE,"40,0"
EGST324,EGST324,EGST324,18W000000000V1IU,Eólica terrestre,Venta,España,SZR,Generación,GESTE,"38,0"
EGST327,EGST327,EGST327,18W000000000V8EH,Eólica terrestre,Venta,España,SZR,Generación,GESTE,"48,8"
EGUPC01,ES-EGSGEUP,EGSGEUP,18W000000000TK57,Comercializadores mercado libre,Compra,España,SZR,Comercializadores,EGSGE,"0,0"
EGVENTO,EGVENTO,EGVENTO,18WEGVENTO-123-C,Eólica terrestre,Venta,España,SZR,Generación,IGNIS,"128,0"
EHERRER,HERRERA,HERRERA,18W000000000NHGI,Eólica terrestre,Venta,España,NEXUS ,Generación,NEXU,"34,6"
EHIBAGI,EHIBAGI,UP HIBRIDA AGUILA,18W000000000U0CC,Híbrida renovable,Venta,España,SZR,Unidades hibridas,NEXU,"28,8"
EHIBAGL,EHIBAGL,UP HIBRIDA AGUILI,18W000000000U0Z3,Híbrida renovable,Venta,España,SZR,Unidades hibridas,NEXU,"46,7"
EHIBCOS,EHIBCOS,UP HIBRIDA COSCOJAR,18W000000000U7AW,Híbrida renovable,Venta,España,SZR,Unidades hibridas,NEXU,"22,2"
EHIBGES,EHIBGES,EHIBGES,18WEHIBGES-123-W,Eólica terrestre,Venta,España,SZR,Generación,IBGES,"5.672,3"
EHIBPED,EHIBPED,UP HIBRIDA PEDROLA,18W000000000TRTC,Híbrida renovable,Venta,España,SZR,Unidades hibridas,NEXU,"30,6"
EHIBRI2,EHIBRI2,UP HIBRIDA RIO EBRO,18W000000000THA6,Híbrida renovable,Venta,España,NEXUS ,Unidades hibridas,NEXU,"23,1"
EHIBRIO,EHIBRIO,UP HIBRIDA RIOEBRO AMPLIACION,18W000000000TFOL,Híbrida renovable,Venta,España,NEXUS ,Unidades hibridas,NEXU,"35,8"
EHILC01,HELIA UP,HELIA UP,18W0000000009VU4,Comercializadores mercado libre,Compra,España,SZR,Comercializadores,HELIC,"3,0"
EHINOJ,EHINOJ,18WEHINOJ-1234-G,18WEHINOJ-1234-G,Eólica terrestre,Venta,España,SZR,Generación,EGLE,"39,0"
EIBGEBU,EIBGEBU,EIBGEBU,18W000000000RI0V,Eólica terrestre,Venta,España,SZR,Generación,IBGES,"104,0"
EIBGECA,EIBGECA,EIBGECA,18W000000000TGIU,Eólica terrestre,Venta,España,SZR,Generación,IBGES,"110,8"
EIBGEIG,EIBGEIG,EIBGEIG,18W000000000V8AP,Eólica terrestre,Venta,España,SZR,Generación,IBGES,"70,4"
EIBGENO,EIBGENO,EIBGENO,18W000000000U2C6,Eólica terrestre,Venta,España,SZR,Generación,IBGES,"136,5"
EIBGEVA,EIBGEVA,EIBGEVA,18W000000000U2B8,Eólica terrestre,Venta,España,SZR,Generación,IBGES,"49,5"
EINDC01,EINDC01,EINDC01,18W000000000SF8K,Comercializadores mercado libre,Compra,España,SZR,Comercializadores,EINDE,"0,1"
EINTC01,EI15 PEN,INTERSOL PENINSULA,18W000000000L31O,Comercializadores mercado libre,Compra,España,SZR,Comercializadores,INSOL,"10,0"
EINVER,EINVER,18W000000000FFDP,18W000000000FFDP,Eólica terrestre,Venta,España,SZR,Generación,EGLE,"15,0"
EIRIXO,EIRIXO,18WEIRIXO-1234-J,18WEIRIXO-1234-J,Eólica terrestre,Venta,España,SZR,Generación,EGLE,"19,8"
EJANCOL,EJANCOL,UP EOLICA JANCOLI,18W000000000N366,Eólica terrestre,Venta,España,SZR,Generación,NEXU,"9,0"
EJANDAP,EJANDAP,UP EOLICA JANDAPE,18W000000000N374,Eólica terrestre,Venta,España,SZR,Generación,NEXU,"9,0"
EJANDSU,EJANDSU,UP EOLICA JANDSUY,18W000000000N382,Eólica terrestre,Venta,España,SZR,Generación,NEXU,"8,0"
EJAUFIL,EJAUFIL,PARQUE EOLICO JAUFIL,18W000000000TPBH,Eólica terrestre,Venta,España,SZR,Generación,EBLCO,"4,0"
EKHIC01,EKHINEO,EKHINEO ENERGA,18W000000000QB1H,Comercializadores mercado libre,Compra,España,SZR,Comercializadores,EKHIN,"1,0"
ELALC01,ALGIMIA,ELCTRICA DE ALGIMIA,18WELALC01-123-D,Comercializadores mercado libre,Compra,España,SZR,Comercializadores,ELALG,"0,8"
ELASMAJ,ELASMAJ,DESARROLLO ELICO LAS MAJAS VI SL,18W000000000Q6QJ,Eólica terrestre,Venta,España,WM1 ,Generación,WMARK,"49,5"
ELAVC01,ELAVC01,"ELECTRA AVELLANA COMERCIAL, S.L",18WELAVC01-123-O,Comercializadores mercado libre,Compra,España,SZR,Comercializadores,ELAVE,"4,0"
ELBEC01,ELBEN_UP,ELECTRICA BENASQUE SL,18W0000000002V58,Comercializadores mercado libre,Compra,España,SZR,Comercializadores,ELBEN,"4,0"
ELBOGA,ELBOGA,18WELBOGA-1234-V,18WELBOGA-1234-V,Eólica terrestre,Venta,España,SZR,Generación,EGLE,"280,4"
ELCAC01,ELCAC01,"ELECTRA CALDENSE ENERGÍA, S.A.",18WELCAC01-12-2X,Comercializadores mercado libre,Compra,España,SZR,Comercializadores,ECAL,"1,0"
ELCNC01,ELCNC01,ELCNC01,18WELCNC01-123-8,Comercializadores mercado libre,Compra,España,SZR,Comercializadores,ELECN,"0,2"
ELCOTOR,ELCOTOR,EL COTO,18W000000000R8T3,Eólica terrestre,Venta,España,WM1 ,Generación,WMARK,"21,0"
ELEAUX,ELEAUX1,ELEAUX SERVICIOS AUXILIARES,18W000000000P7NQ,Consumo de Servicios Auxiliares,Compra,España,SZR,Servicios auxiliares,ELEIA,"5,0"
ELEIC01,ELEIC01,ELEIA COMPRA,18W000000000DF2I,Comercializadores mercado libre,Compra,España,SZR,Comercializadores,ELEIA,"0,1"
ELEKC01,ELEKC01,ELEKC01,18W0000000000LYP,Comercializadores mercado libre,Compra,España,SZR,Comercializadores,ELEK,"0,1"
ELEPCX1,ELEPCX1,ELEPCX1,18W000000000OJJ2,Porfolio,Compra,España,SZR,Unidades porfolio,ELEIA,"9.999,0"
ELEPVX1,ELEPVX1,ELEPVX1,18W000000000OJI4,Porfolio,Venta,España,SZR,Unidades porfolio,ELEIA,"9.999,0"
ELESC01,ELESU_UP,ELESU_COMPRAS,18W0000000004NIZ,Comercializadores mercado libre,Compra,España,SZR,Comercializadores,ELESU,"0,2"
ELESROT,PE LROTES,PARQUE EOLICO LES ROTES,18W000000000OVMY,Eólica terrestre,Venta,España,SZR,Generación,EBLCO,"44,0"
ELGUIJ1,PE GUIJO I,PARQUE EOLICO GUIJO I,18W000000000OVFB,Eólica terrestre,Venta,España,EN1 ,Generación,EBLCO,"64,0"
ELITC01,ELIE_BIO,ELITE BIOENERGIA SL,18W000000000MDT8,Comercializadores mercado libre,Compra,España,SZR,Comercializadores,ELITE,"0,0"
ELMOC01,ELMON_UP,ELMON_COMPRAS,18W0000000007APB,Comercializadores mercado libre,Compra,España,SZR,Comercializadores,ELMON,"0,2"
ELODOS,ELODOS,18WELODOS-1234-4,18WELODOS-1234-4,Eólica terrestre,Venta,España,SZR,Generación,EGLE,"4,9"
ELOMILA,ELOMILA,ELOMILA,18W000000000Q7LQ,Eólica terrestre,Venta,España,SZR,Generación,CEG,"12,0"
ELPOC01,ELPOP,"ELECTRICA POPULAR, S. COOP. MAD.",18WELPOC01-123-3,Comercializadores mercado libre,Compra,España,SZR,Comercializadores,ELPOP,"8,7"
ELPOLEO,POLEO,ELPOLEOO,18W000000000QQ35,Eólica terrestre,Venta,España,SZR,Generación,GESTE,"48,5"
ELTEC01,ELTED,ELECTED ENERGY,18W000000000IXIN,Comercializadores mercado libre,Compra,España,SZR,Comercializadores,ELTED,"1,0"
ELUZC01,E-LUZ,E-LUZ ENERGY,18W000000000K9HF,Comercializadores mercado libre,Compra,España,SZR,Comercializadores,ELUZE,"1,0"
ELV2C01,ELEVA2,"ELEVA 2 COMERCIALIZADORA, S.L.",18WELV2C01-123-9,Comercializadores mercado libre,Compra,España,SZR,Comercializadores,ELVA2,"0,4"
ELVAC01,ELEVA UNO,"ELEVA UNO COMERCIALIZADORA, S.L.",18WELVAC01-123-3,Comercializadores mercado libre,Compra,España,SZR,Comercializadores,ELVA1,"0,4"
EMAJOGA,PE MAJOGAZ,PARQUE EOLICO MAJOGAZAS,18W000000000OVOU,Eólica terrestre,Venta,España,SZR,Generación,EBLCO,"49,5"
EMAMUT,EMAMUT,UP ENERGA ELICA MAMUT,18W000000000GDBV,Eólica terrestre,Venta,España,SZR,Generación,EGLE,"2,4"
EMANZAN,EMANZAN,EMANZAN,18W000000000Q7MO,Eólica terrestre,Venta,España,SZR,Generación,CEG,"41,2"
EMARME,EMARME,18WEMARME-1234-P,18WEMARME-1234-P,Eólica terrestre,Venta,España,SZR,Generación,EGLE,"49,5"
EMCIBGE,EMCIBGE,EOLICAS MOLINOS CIDACOS,18W000000000SNEL,Eólica terrestre,Venta,España,SZR,Generación,IBGES,"144,0"
EMEDI,EMEDI,"ENERGÍAS RENOVABLES MEDITERRÁNEAS, S.A. ( E)",18WEMEDI-1234-10,Eólica terrestre,Venta,España,SZR,Generación,MEDI,"394,5"
EMEDI1,EMEDI1,EMEDI1,18W0000000000YR0,Eólica terrestre,Venta,España,SZR,Generación,EGED,"99,0"
EMELC01,MELIANA,ELECTRICA DE MELIANA,18WEMELC01-123-V,Comercializadores mercado libre,Compra,España,SZR,Comercializadores,EMELI,"2,5"
EMESC01,EMESA,EMILIO ESTEBAN S.A.,18WEMESC01-123-Z,Consumos directos en mercado,Compra,España,SZR,Consum. directos a mercado,EMES,"0,9"
EMFEN,EOL 1MW,EOLICA MAYOR 1 MW,18W0000000001YUR,Eólica terrestre,Venta,España,SZR,Generación,FEN,"11,6"
EMGALLN,EMGALLN,PE MAGALLON,18W000000000P1AX,Eólica terrestre,Venta,España,EVM2 ,Generación,CEG,"10,0"
EMIAC01,ENERMIA,ENERMIA COMPRA,18W000000000PRID,Comercializadores mercado libre,Compra,España,SZR,Comercializadores,ENEDH,"0,1"
EMINON,EMINON,UP EOLICA MINON,18W000000000GEN4,Eólica terrestre,Venta,España,NEXUS ,Generación,NEXU,"23,3"
EMIRASI,EMIRASI,EOLICA DE MIRASIERRA,18WEMIRASI-123-9,Eólica terrestre,Venta,España,SZR,Generación,MIRAS,"40,9"
EMOARG,EMOARG,18WEMOARG-123-1S,18WEMOARG-123-1S,Eólica terrestre,Venta,España,SZR,Generación,EGLE,"1,5"
EMONCLU,PE MONCLUE,PARQUE EOLICO MONCLUES,18W000000000OVPS,Eólica terrestre,Venta,España,SZR,Generación,EBLCO,"30,0"
EMONJAS,EMONJAS,UP EOLICA LAS MONJAS,18W000000000N390,Eólica terrestre,Venta,España,SZR,Generación,NEXU,"34,0"
EMONTOU,EMONTOU,18WEMONTOU-12-1R,18WEMONTOU-12-1R,Eólica terrestre,Venta,España,SZR,Generación,EGLE,"47,7"
EMORAL1,PE MORAL1,PARQUE EOLICO EL MORALEJO I,18W000000000OVAL,Eólica terrestre,Venta,España,EN1 ,Generación,EBLCO,"17,0"
EMORELL,EMORELL,REPSOL QUIMICA EL MORELL,18WEMORELL-12-0Q,Gas Natural Cogeneración,Venta,España,SZR,Generación,REPP,"39,1"
EMORPC2,UPCG2GC,UPCG2GRUPOC,18W000000000OIH9,Gas Natural Cogeneración,Venta,España,SZR,Generación,REPP,"4,2"
EMORPER,EMORPER,REPSOL QUIMICA EL MORELL-PERAFORT,18WEMORPER-12-0F,Gas Natural Cogeneración,Venta,España,SZR,Generación,REPP,"86,7"
EMORRA,EMORRA,18WEMORRA-1234-6,18WEMORRA-1234-6,Eólica terrestre,Venta,España,SZR,Generación,EGLE,"13,2"
EMOSTAZ,EMOSTAZ,UP EOLICA MOSTAZA,18W000000000N3AZ,Eólica terrestre,Venta,España,SZR,Generación,NEXU,"18,0"
EMRIBGE,EMRIBGE,EOLICAS MOLINO RIOJA,18W000000000SNFJ,Eólica terrestre,Venta,España,SZR,Generación,IBGES,"57,7"
EMTORR,EMTORR,18WEMTORR-1234-U,18WEMTORR-1234-U,Eólica terrestre,Venta,España,SZR,Generación,EGLE,"20,9"
EMTOURD,EMTOURDO,UP EOLICA TOURADO,18W000000000N0GW,Eólica terrestre,Venta,España,NEXUS ,Generación,NEXU,"10,3"
EMUELA,EMUELA,EOLICA LA MUELA NORTE,18W000000000IQPU,Eólica terrestre,Venta,España,SZR,Generación,NEXU,"29,7"
ENABAR,ENABAR,ENAGAS BARCELONA,18WENABAR-1234-T,Energía residual,Venta,España,SZR,Generación,AME,"4,3"
ENARC01,ENARC01,ENARA UNIDAD DE PROGRAMACIÓN,18WENARC01-123-3,Comercializadores mercado libre,Compra,España,SZR,Comercializadores,ENARA,"0,2"
ENAVA,ELANAVA,UP EOLICA NAVA,18W000000000FJ6R,Eólica terrestre,Venta,España,NEXUS ,Generación,NEXU,"17,1"
ENCECP3,COMPRAINTE,COMPRA INTER ENCE,18W000000000OZ2P,Exportación Francia,Compra,Francia-España,SZR,Comercializador internacional,EENER,"30,0"
ENCEVP3,VENTAINTER,VENTA INTERENCE,18W000000000OZ1R,Importación Francia,Venta,Francia-España,SZR,Comercializador internacional,EENER,"30,0"
ENCIC01,ENCIENDE,ENCIENDETENERGIA SL,18W000000000P54X,Comercializadores mercado libre,Compra,España,SZR,Comercializadores,ENCIE,"1,0"
ENDE01,END-EN-NAC,ENDESA ENERGIA (NACIONAL),18WENDE01-123-2E,Comercializadores mercado libre,Compra,España,SZR,Comercializadores,ENDCO,"999,0"
ENDEC01,ENDEC01,ENDEC01,18W00000000056ZB,Comercializadores mercado libre,Compra,España,SZR,Comercializadores,ENDEE,"1,0"
ENDEC04,ENDEC AND,ENDCO EXPORTACION ANDORRA,18WENDEC04-12-47,Exportación Andorra,Compra,Andorra-España,SZR,Comercializador internacional,ENDCO,"0,0"
ENDER01,ENDCO BALA,ENDCO BALANCE,18W000000000OS29,Comercializadores mercado libre,Compra,España,SZR,Comercializadores,ENDCO,"135,0"
ENDGCP3,ENDGCP3,ENDESA ENTREGA DE ENERGÍA EN FRANCIA (AGENTE EXTERNO),18WENDGCP3-12-4G,Exportación Francia,Compra,Francia-España,SZR,Comercializador internacional,ENDG,"0,0"
ENDGVP3,ENDGVP3,IMPORTACION FRA CON DERECHOS,18WENDGVP3-12-3W,Importación Francia,Venta,Francia-España,SZR,Comercializador internacional,ENDG,"1.400,0"
ENDIC01,ENDI ENERG,ENDI ENERGY TRADING,18W000000000G54W,Comercializadores mercado libre,Compra,España,SZR,Comercializadores,ENDI,"0,5"
ENDKC01,ENDKC01,COMPRA COMERCIALIZADORA,18W000000000PV2X,Comercializadores mercado libre,Compra,España,SZR,Comercializadores,ENEDK,"1,0"
ENDPC01,ENDPC01,ENDPC01,18W0000000005712,Comercializadores mercado libre,Compra,España,SZR,Comercializadores,ENDEP,"1,0"
ENDPRB,ENDPRB,C. BOMBEO MIXTO ENDESA,18WENDPRB-123-0T,Consumo bombeo,Compra,España,SZR,Consumo bombeo,ENDG,"100,0"
ENDRE01,REPREFVAC,REPRESENTACION AUTOCONSUMO EE PENINSULA,18W000000000Q3K3,Solar fotovoltaica,Venta,España,SZR,Generación,ENDCO,"1,0"
ENDRE02,REPREFVAC2,REPRESENTACION AUTOCONSUMO EE PENINSULA 1MW,18W000000000RGNS,Solar fotovoltaica,Venta,España,SZR,Generación,ENDCO,"7,4"
ENEC01,ENERGIA UN,ENERGIA UNICA SOLUCIONES INTEGRALES,18W000000000R2L0,Comercializadores mercado libre,Compra,España,SZR,Comercializadores,ENEDG,"0,6"
ENEDC01,ENEDC01,ENERGIAREA EUROPE SL,18W000000000ORSY,Comercializadores mercado libre,Compra,España,SZR,Comercializadores,ENEDB,"1,0"
ENEEC01,AL ANDALUS,ENERGA GAS AL-ANDALUS SL,18W000000000U8HF,Comercializadores mercado libre,Compra,España,SZR,Comercializadores,ENEEX,"1,0"
ENEGRED,PE NEGREDO,PARQUE EOLICO EL NEGREDO,18W000000000OVCH,Eólica terrestre,Venta,España,SZR,Generación,EBLCO,"18,0"
ENEIC01,ENERFIA,ENERFIA COMPRA,18W000000000I0SS,Comercializadores mercado libre,Compra,España,SZR,Comercializadores,ENEFI,"0,1"
ENEIR01,ENEIR01,ENEIR01,18W000000000V24I,Comercializadores mercado libre,Compra,España,SZR,Comercializadores,ENEFI,"2,0"
ENEPC01,ENEPC01,ENERGY PLUS IBERIA SL,18W000000000Q1SU,Comercializadores mercado libre,Compra,España,SZR,Comercializadores,ENEPL,"0,0"
ENERE01,UP VENTA,UP REPRESENTANTE PRODUCTORES,18W000000000R0PZ,Solar fotovoltaica,Venta,España,SZR,Generación,ENEDB,"0,2"
ENERV2,ENERVALL 2,ENERVALL2,18W000000000VC1V,Solar fotovoltaica,Venta,España,SZR,Generación,NETRA,"0,5"
ENERVAL,UP ENERV,UP ENERVALL,18W000000000VBG4,Solar fotovoltaica,Venta,España,SZR,Generación,NETRA,"1,0"
ENETC01,ENETC01,ENETC01,18W000000000QWRD,Comercializadores mercado libre,Compra,España,SZR,Comercializadores,ENETI,"1,0"
ENEXC01,ENEXC01,COMPRA COMERCIALIZADORA,18W000000000Q0ZJ,Comercializadores mercado libre,Compra,España,SZR,Comercializadores,ENEXS,"1,0"
ENEYC01,ECO2,ECO2 PENINSULA,18W000000000K010,Comercializadores mercado libre,Compra,España,SZR,Comercializadores,ENERY,"0,1"
ENFDC01,ENFDC01,ENFDC01,18W000000000H1ST,Consumos directos en mercado,Compra,España,SZR,Consum. directos a mercado,ENUFR,"40,0"
ENHEC01,ENHEA,ENHER HECSA SL,18W000000000SKR4,Comercializadores mercado libre,Compra,España,SZR,Comercializadores,ENHEA,"0,0"
ENMEC01,EDM,ENERGIAS DEL MEDITERRANEO,18W0000000001JA1,Comercializadores mercado libre,Compra,España,SZR,Comercializadores,ENMED,"0,1"
ENMEV01,ENMEV01,MENOS DE 1 MW,18W000000000RZ0H,Hidráulica no UGH,Venta,España,SZR,Generación,ENMED,"1,5"
ENOUTA,ENOUTA,UP PENOUTA,18WENOUTA-1234-K,Eólica terrestre,Venta,España,SZR,Generación,NEXU,"5,9"
ENPEC01,ENERPLUS,"ENERPLUS ENERGIA, S.A.",18WEPLUSENERGIA0,Comercializadores mercado libre,Compra,España,SZR,Comercializadores,ENPEN,"0,1"
ENPHC01,ENTECOP,ENTECO PHARMA,18W000000000P2DO,Consumos directos en mercado,Compra,España,SZR,Consum. directos a mercado,ENPHA,"0,2"
ENRKC01,EKORE ADQ,EKORE ADQ,18W000000000T6ND,Comercializadores mercado libre,Compra,España,SZR,Comercializadores,EKORE,"0,1"
ENRNC01,ENRNC01,ENRNC01,18W000000000MBRI,Comercializadores mercado libre,Compra,España,SZR,Comercializadores,ENRNV,"0,1"
ENRPC01,ENRPC01,ENERPLUS SOCIEDAD COOPERATIVA,18WENRPC01-123-L,Comercializadores mercado libre,Compra,España,SZR,Comercializadores,ENERP,"0,1"
ENSAC01,ENERGYSAVE,ENERGYSAVE PROJECTS S.L.,18WENSAC01-123-C,Comercializadores mercado libre,Compra,España,SZR,Comercializadores,ENSAV,"4,0"
ENSRR01,SRAD EN,SRAD ENERGIA NUFRI,18W000000000TZ6Y,Comercializadores mercado libre,Compra,España,SZR,Comercializadores,ENUFR,"2,0"
ENUFC01,ENUFRI,ENERGIA NUFRI SLU,18W0000000003KM3,Comercializadores mercado libre,Compra,España,SZR,Comercializadores,ENUFR,"0,5"
ENUFRV1,ENUFRV1,ENUFRV1,18W000000000GXRD,Gas Natural Cogeneración,Venta,España,SZR,Generación,ENUFR,"26,9"
ENUFRV4,ENUFRV4,ENUFRV4,18W000000000GXSB,Hidráulica no UGH,Venta,España,SZR,Generación,ENUFR,"0,3"
ENUFRV5,ENUFRV5,ENUFRV5,18W000000000GYJQ,Biogás,Venta,España,SZR,Generación,ENUFR,"8,0"
ENUFRV6,ENUFRV6,ENUFRV6,18W000000000GYLM,Biomasa,Venta,España,SZR,Generación,ENUFR,"2,0"
ENUFRV7,ENUFRV7,ENUFRV7,18W000000000I4JY,Gas Natural Cogeneración,Venta,España,SZR,Generación,ENUFR,"9,6"
ENUFRV8,ENUFRV8,ENUFRV8,18W000000000N1PB,Solar fotovoltaica,Venta,España,SZR,Generación,ENUFR,"3,5"
ENUFRV9,LA JARA 1,LA JARA 1,18W000000000NKDF,Solar fotovoltaica,Venta,España,SZR,Generación,ENUFR,"5,4"
ENUFV10,ENUFV10,ENUFV10,18W000000000OMHY,Gas Natural Cogeneración,Venta,España,SZR,Generación,ENUFR,"10,0"
ENUFV11,LA JARA 2,LA JARA 2,18W000000000P9W2,Solar fotovoltaica,Venta,España,SZR,Generación,ENUFR,"5,3"
ENUFV12,LA RASA 1,LA RASA 1,18W000000000PP66,Solar fotovoltaica,Venta,España,SZR,Generación,ENUFR,"1,0"
ENUFV14,ENUFV14,POAL FOTOVOLTAICA,18W000000000QW4M,Solar fotovoltaica,Venta,España,SZR,Generación,ENUFR,"2,0"
ENUFV15,ENUFV15,NUFRI SOLAR,18W000000000QW6I,Solar fotovoltaica,Venta,España,SZR,Generación,ENUFR,"1,8"
ENUFV16,ENUFV16,CASTELLANA DE ELECTRICIDAD,18W000000000R2TL,Solar fotovoltaica,Venta,España,SZR,Generación,ENUFR,"3,0"
ENUFV18,ENUFV18,MAS ROIG,18W000000000RVQE,Solar fotovoltaica,Venta,España,SZR,Generación,ENUFR,"5,4"
ENUPCX1,ENUPCX1,ENUPCX1,18W000000000OC7A,Porfolio,Compra,España,SZR,Unidades porfolio,ENUFR,"9.999,0"
ENUPVX1,ENUPVX1,ENUPVX1,18W000000000OC88,Porfolio,Venta,España,SZR,Unidades porfolio,ENUFR,"9.999,0"
ENVEC01,ENERVER,ENERVER ENERGIA,18W000000000IMUW,Comercializadores mercado libre,Compra,España,SZR,Comercializadores,ENVER,"1,0"
ENXXC01,ENTXX,ENTECO EXT,18W000000000P2EM,Consumos directos en mercado,Compra,España,SZR,Consum. directos a mercado,ENTXX,"0,3"
ENZIC01,UP_ENEAC,UP_ZINQUETA,18W000000000K4PE,Comercializadores mercado libre,Compra,España,SZR,Comercializadores,ENEAC,"0,1"
EOITAV,EOITAV,18WEOITAV-123--S,18WEOITAV-123--S,Eólica terrestre,Venta,España,SZR,Generación,EGLE,"2,5"
EOLIADO,EOLIADO,UP  PE OLIADO MTORG,18W000000000TQ1Y,Eólica terrestre,Venta,España,SZR,Generación,EGLE,"16,0"
EONUC01,EONUC01,E.ON CUR. COMPRA,18WEONUC01-1234U,Comercializadores último recurso,Compra,España,SZR,Comercializador de referencia,EONUR,"255,0"
EOP2C01,EOP,ENERGIA OPERATIVA S.L.,18WEOP2C01-12--E,Comercializadores mercado libre,Compra,España,SZR,Comercializadores,EOP20,"1,5"
EORKO,ORKOIEN,PE ORKOIEN,18W000000000Q4CG,Eólica terrestre,Venta,España,SZR,Generación,HISPE,"5,7"
EORTIV,EORTIV,18WEORTIV-1234-R,18WEORTIV-1234-R,Eólica terrestre,Venta,España,SZR,Generación,EGLE,"6,0"
EOTERO,EOTERO,UP COG EOLICA PEÑA OTERO,18W000000000TUHR,Eólica terrestre,Venta,España,SZR,Generación,EGLE,"4,8"
EOTMR,EOLICA GN,EOLICA GN PR,18W000000000D4IJ,Eólica terrestre,Venta,España,SZR,Generación,GNRA,"87,6"
EOUROL,EOUROL,18WEOUROL-1234-3,18WEOUROL-1234-3,Eólica terrestre,Venta,España,SZR,Generación,EGLE,"18,0"
EPACC01,EPACC01,EPACC01,18W000000000IWU2,Comercializadores mercado libre,Compra,España,SZR,Comercializadores,EPAC,"0,1"
EPALOM,EAEPALOMAR,"EÓLICO ALDESA EOLICO PALOMAREJO, S.A.U.",18WEPALOM-1234-4,Eólica terrestre,Venta,España,SZR,Generación,WMARK,"30,0"
EPARIDE,PE PARIDER,PARQUE ELICO PARIDERAS,18W000000000OVQQ,Eólica terrestre,Venta,España,EN1 ,Generación,EBLCO,"23,1"
EPATRON,PE PATRON,PARQUE EOLICO EL PATRON,18W000000000SWMF,Eólica terrestre,Venta,España,SZR,Generación,EBLCO,"24,0"
EPBUIO,EPBUIO,PARQUES EOLICOS DE BUIO,18WEPBUIO-1234-F,Eólica terrestre,Venta,España,SZR,Generación,EGED,"87,1"
EPBUIO1,EPBUIO1,EPBUIO1,18W0000000000YQ2,Eólica terrestre,Venta,España,SZR,Generación,EGED,"93,6"
EPDERAS,PNDRAS,PANADERAS,18W000000000QQ9U,Eólica terrestre,Venta,España,SZR,Generación,GESTE,"45,0"
EPEAFG,EPEAFG,P E AMEIXENDA - FILGUEIRA,18WEPEAFG-123-1P,Eólica terrestre,Venta,España,SZR,Generación,EGED,"34,8"
EPEBAN,EPEBAN,18WEPEBAN-1234-U,18WEPEBAN-1234-U,Eólica terrestre,Venta,España,SZR,Generación,EGLE,"36,0"
EPEBECE,EPEBECE,EPEBECE,18W000000000PRM5,Eólica terrestre,Venta,España,EVM2 ,Generación,CEG,"31,0"
EPEBRE,UP PEBESA,UP EOLICA PEBESA,18W000000000797D,Eólica terrestre,Venta,España,SZR,Generación,NEXU,"4,0"
EPECOTE,EPECOTE,COTEREJON - TARIFA >10,18WEPECOTE-123-O,Eólica terrestre,Venta,España,EVM2 ,Generación,CEG,"18,0"
EPEEXXI,EPEEXXI,"ENDESA CUR  ( EÓLICA, PRUEBAS)",18WEPEEXXI-123-B,Eólica terrestre,Venta,España,SZR,Generación,EEXXI,"0,0"
EPEGLE,EPEGLE,18WEPEGLE-1234-R,18WEPEGLE-1234-R,Eólica terrestre,Venta,España,SZR,Generación,EGLE,"9,9"
EPEMUEL,EPEMUEL,EPEMUEL,18W000000000VF3I,Eólica terrestre,Venta,España,SZR,Generación,HISPE,"32,4"
EPENUCA,EPENUCA,EPENUCA,18W000000000Q7NM,Eólica terrestre,Venta,España,SZR,Generación,CEG,"33,0"
EPEONUR,EPEONUR,"E.ON CUR ( EÓLICA, PRUEBAS)",18WEPEONUR-12--B,Eólica terrestre,Venta,España,SZR,Generación,EONUR,"0,0"
EPEPUR,EPEPUR,18WEPEPUR-1234-B,18WEPEPUR-1234-B,Eólica terrestre,Venta,España,SZR,Generación,EGLE,"42,0"
EPERTO,EPERTO,UP ELICA DEL PUERTO SL,18W000000000RG9J,Eólica terrestre,Venta,España,SZR,Generación,EGLE,"5,0"
EPEVIG,EPEVIG,PARQUE EOLICO DE VICEDO,18WEPEVIG-123-1A,Eólica terrestre,Venta,España,SZR,Generación,EGED,"24,6"
EPHCCUR,EPHCCUR,"HIDROCANTABRICO CUR ( EÓLICA, PRUEBAS)",18WEPHCCUR-123-0,Eólica terrestre,Venta,España,SZR,Generación,HCCUR,"0,0"
EPI,PI,PI EOLICO,18W000000000P4YD,Eólica terrestre,Venta,España,SZR,Generación,REPSB,"19,6"
EPIBCUR,EPIBCUR,"IBERDROLA CUR  ( EÓLICA, PRUEBAS)",18WEPIBCUR-12--B,Eólica terrestre,Venta,España,SZR,Generación,IBCUR,"0,0"
EPILC01,EPILA,EPILA,18W000000000M7ZE,Consumos directos en mercado,Compra,España,SZR,Consum. directos a mercado,EPILA,"0,5"
EPLASEN,EPLASEN,EPLASEN,18W000000000U2D4,Eólica terrestre,Venta,España,EVM2 ,Generación,CEG,"9,9"
EPLATA,EPLATA,EOLICA LA PLATA,18W000000000IQQS,Eólica terrestre,Venta,España,SZR,Generación,NEXU,"21,2"
EPLEN1,PLEN1,PLEN1,18W000000000QT7P,Eólica terrestre,Venta,España,SZR,Generación,HISPE,"48,1"
EPLOMAS,ELPLOMAS,EOLICA LAS LOMAS LANJARON,18W000000000FZKP,Eólica terrestre,Venta,España,SZR,Generación,NEXU,"15,0"
EPMULTI,EPMULTI,EPMULTI,18W000000000POVX,Eólica terrestre,Venta,España,EVM ,Generación,CEG,"36,0"
EPOUROL,UP OUROL,UP EOLICA OUROL,18W000000000HTOR,Eólica terrestre,Venta,España,NEXUS ,Generación,NEXU,"22,5"
EPOZAL,EPOZAL,18WEPOZAL-1234-T,18WEPOZAL-1234-T,Eólica terrestre,Venta,España,SZR,Generación,EGLE,"1,5"
EPPJAR,EPPJAR,18WEPPJAR-123-1U,18WEPPJAR-123-1U,Eólica terrestre,Venta,España,SZR,Generación,EGLE,"49,5"
EPPOZA,EPPOZA,EPPOZA,18WEPPOZA-1234-S,Eólica terrestre,Venta,España,SZR,Generación,IGNIS,"97,6"
EPRADA,EPRADA,PE LA LOMA,18W000000000ONE0,Eólica terrestre,Venta,España,AXPO ,Generación,EGLE,"28,6"
EPRADA2,EPRADA2,UP PINGUIN,18W000000000R3SK,Eólica terrestre,Venta,España,AXPO ,Generación,EGLE,"100,0"
EPRADA3,EPRADA3,UP  INS SAN CEBRIAN PRADA,18W000000000SF6O,Eólica terrestre,Venta,España,AXPO ,Generación,EGLE,"39,6"
EPRADA4,EPRADA4,UP PE LAS ATALAYAS,18W000000000T24Q,Eólica terrestre,Venta,España,AXPO ,Generación,EGLE,"49,5"
EPROTO,EPROTO,18WEPROTO-1234-M,18WEPROTO-1234-M,Eólica terrestre,Venta,España,SZR,Generación,EGLE,"3,0"
EPRSC01,EPRESA CO,"EPRESA ENERGIA, S.A.U.",18WEPRSC01-12-2A,Comercializadores mercado libre,Compra,España,SZR,Comercializadores,EPRSA,"9.999,0"
EPTRIZ,EPTRIZ,18W000000000N3VU,18W000000000N3VU,Eólica terrestre,Venta,España,SZR,Generación,EGLE,"49,9"
EPU50,EPU50,ENCE ENERGIA PUERTOLLANO,18W000000000FFIF,Biomasa,Venta,España,ENCE ,Generación,PU100,"50,0"
EPUEYO,EPUEYO,18WEPUEYO-123--M,18WEPUEYO-123--M,Eólica terrestre,Venta,España,SZR,Generación,EGLE,"4,9"
EQUAC01,EQUAC01,COMPRA COMERCIALIZADORA,18W000000000TRAD,Comercializadores mercado libre,Compra,España,SZR,Comercializadores,EQUAN,"1,0"
ERALTA,ERALTA,18WERALTA-1234-V,18WERALTA-1234-V,Eólica terrestre,Venta,España,SZR,Generación,EGLE,"34,0"
ERANCHO,ERANCHO,UP EOLICA RANCHOV,18W000000000N3CV,Eólica terrestre,Venta,España,SZR,Generación,NEXU,"14,4"
EREA,EREA,EREA,18W000000000P1LB,Eólica terrestre,Venta,España,SZR,Generación,HISPE,"40,8"
EREDON,EREDON,EOLICA EL REDONDAL,18W000000000IQRQ,Eólica terrestre,Venta,España,SZR,Generación,NEXU,"30,6"
EREGPE1,EREGPE1,EOL NO HAB SA,18W000000000C7QZ,Eólica terrestre,Venta,España,SZR,Generación,ECYR,"98,8"
EREGPEM,EREGPEM,REPRESENTADA MERCADOS DE AJUSTE,18WEREGPEM-123-F,Eólica terrestre,Venta,España,SZR,Generación,ECYR,"543,3"
EREGPES,EREGPES,EREGPES EOL SEC,18W000000000RVLO,Eólica terrestre,Venta,España,END ,Generación,ECYR,"142,0"
EREGPEV,EREGPEV,EREGPEV,18W000000000UHEV,Eólica terrestre,Venta,España,END ,Generación,ECYR,"275,5"
ERENC01,ERENC01,ENDESA ENERGIA RENOVABLE,18W000000000FBJP,Comercializadores mercado libre,Compra,España,SZR,Comercializadores,EEREN,"0,0"
EREPSOH,EREPSOH,EREPSOH,18W000000000U8L7,Híbrida renovable,Venta,España,SZR,Unidades hibridas,REPSB,"306,4"
EREPSOL,EREPSOL,EREPSOL,18W000000000IVA8,Eólica terrestre,Venta,España,SZR,Generación,REPSB,"98,8"
ERIANSA,ERIANSA,PARQUE EOLICO RIANSARES,18W000000000OY3Q,Eólica terrestre,Venta,España,SZR,Generación,EBLCO,"17,3"
EROBRE,EROBRE,EROBRES,18W000000000V5FO,Eólica terrestre,Venta,España,SZR,Generación,ACENH,"6,0"
EROCH,ROCHA,ROCHA,18W000000000RG3V,Eólica terrestre,Venta,España,SZR,Generación,REPSB,"80,0"
EROME,EROME,EROME,18W000000000SP06,Eólica terrestre,Venta,España,SZR,Generación,REPSB,"14,4"
ERONDA,ERONDA,PARQUE EOLICO RONDAVINO,18W00000000032U4,Eólica terrestre,Venta,España,SZR,Generación,WMARK,"2,0"
EROUCP3,EROUTE,ELECTROROUTE ENERGY TRADING LIMITED,18WELECTROROUTEP,Exportación Francia,Compra,Francia-España,SZR,Comercializador internacional,EROUT,"50,0"
EROUVP3,EROUT,ELECTROROUTE ENERGY TRADING LIMITED,18WEROUVP3-123-F,Importación Francia,Venta,Francia-España,SZR,Comercializador internacional,EROUT,"50,0"
ERPCC01,UP COMPRA,UP COMPRA ENERGETICA,18W000000000Q8E0,Comercializadores mercado libre,Compra,España,SZR,Comercializadores,ENEDJ,"5,0"
ERPCFV0,UP PER FV,UNIDAD DE PROGRAMACION PARA EL PORFOLIO FV,18W000000000QOJG,Solar fotovoltaica,Venta,España,SZR,Generación,ENEDJ,"13,3"
ERPCFV1,UP GEN FV,UP GENERICA FV ENERGETICA,18W000000000R37P,Solar fotovoltaica,Venta,España,SZR,Generación,ENEDJ,"4,6"
ERPCHI0,UP PER H,UNIDAD DE PROGRAMACION PARA PORTFOLIA HIDRAULICO,18W000000000QV9F,Hidráulica no UGH,Venta,España,SZR,Generación,ENEDJ,"1,9"
ERPCHI1,UPHMENOR1,UP PER H MENOR 1,18W000000000SI6F,Hidráulica no UGH,Venta,España,SZR,Generación,ENEDJ,"0,8"
ERRIBGE,ERRIBGE,EOLICAS RENOVABLES RIOJA,18W000000000SNGH,Eólica terrestre,Venta,España,SZR,Generación,IBGES,"106,8"
ERUNAG,ERUNAG,PARQUE EOLICO A RUÑA,18WERUNAG--12-1K,Eólica terrestre,Venta,España,SZR,Generación,EGED,"24,6"
ES-EYPP,CAÑADA,FV CAÑADA LENTISCO,18W000000000POP8,Solar fotovoltaica,Venta,España,SZR,Generación,EPYM,"4,4"
ES-FGEN,MAZARRON,MAZARRON SOLIDA,18W000000000PY6G,Solar fotovoltaica,Venta,España,SZR,Generación,ISMSL,"4,5"
ES-FINV,MAYA,MAYA,18W000000000PW4Q,Solar fotovoltaica,Venta,España,SZR,Generación,ISMSL,"2,7"
ES-HCAB,UP HCABB,UP HCABB,18W000000000Q411,Hidráulica no UGH,Venta,España,SZR,Generación,GEMSL,"6,7"
ES-RCAB,UP RCABB,UP RCABB,18W000000000Q403,Biogás,Venta,España,SZR,Generación,GEMSL,"3,3"
ES-SROC,UPROCI2,ROLWIND HUELVA 2 SLU,18W000000000Q0AW,Solar fotovoltaica,Venta,España,IGR ,Generación,IGNIS,"46,0"
ESANCHO,PESANCHOA,PESANCHOA,18W000000000MEQB,Eólica terrestre,Venta,España,SZR,Generación,NEXU,"10,2"
ESARDON,ESARDON,EOLICA EL SARDON,18W000000000IQTM,Eólica terrestre,Venta,España,SZR,Generación,NEXU,"25,5"
ESAV,PESAVILA,ELICA SIERRA DE AVILA SL,18W000000000P3AR,Eólica terrestre,Venta,España,SZR,Generación,IGNIS,"68,2"
ESBUC01,ESBUS,ESTACION AUTOBUSES,18W0000000005WMX,Consumos directos en mercado,Compra,España,SZR,Consum. directos a mercado,ESBUS,"0,1"
ESC6,ESC IBER 6,C.T.C.C.ESCOMBRERAS,18WESC6-12345-07,Ciclo Combinado,Venta,España,IBEG ,Generación,IBGT,"815,6"
ESCANDE,ESCANDELLA,ESCANDELLA COGEN,18WESCANDE-12--V,Gas Natural Cogeneración,Venta,España,SZR,Generación,LMER,"6,5"
ESCCC1,ESCCC1,CCGT GDF SUEZ CARTAGENA ENERGÍA ESCOMBRERAS GRUPO I,18WESCCC1-123-0T,Ciclo Combinado,Venta,España,GDF ,Generación,CARTA,"402,6"
ESCCC1X,ESCCC1X,UP ADQUISICIÓN SSAA ESCCC1,18WESCCC1X--1--D,Consumo de Servicios Auxiliares,Compra,España,SZR,Servicios auxiliares,CARTA,"8,0"
ESCCC2,ESC GDF 2,CCGT GDF SUEZ CARTAGENA ENERGÍA ESCOMBRERAS GRUPO II,18WESCCC2-123-0L,Ciclo Combinado,Venta,España,SZR,Generación,CARTA,"401,3"
ESCCC2X,ESCCC2X,UP ADQUISICIÓN SSAA ESCCC2,18WESCCC2X-12--S,Consumo de Servicios Auxiliares,Compra,España,SZR,Servicios auxiliares,CARTA,"8,0"
ESCCC3,ESC GDF 3,CCGT GDF SUEZ CARTAGENA ENERGÍA ESCOMBRERAS GRUPO III,18WESCCC3-123-0D,Ciclo Combinado,Venta,España,GDF ,Generación,CARTA,"395,2"
ESCCC3X,ESCCC3X,UP ADQUISICIÓN SSAA ESCCC3,18WESCCC3X-12--K,Consumo de Servicios Auxiliares,Compra,España,SZR,Servicios auxiliares,CARTA,"8,0"
ESCU4,ESC4,ESCUDER4,18W000000000PKE5,Solar fotovoltaica,Venta,España,IGR ,Generación,IGNIS,"44,3"
ESDCAND,ESDCAND,EOLICA SERRA DO CANDO,18W000000000IQVI,Eólica terrestre,Venta,España,SZR,Generación,NEXU,"29,2"
ESDOC01,ESDOMO,ESDOMO ENERGIA SL,18W000000000HC71,Comercializadores mercado libre,Compra,España,SZR,Comercializadores,ESDOM,"1,0"
ESEG,SEGURA,SEGURA,18W000000000RQ23,Eólica terrestre,Venta,España,SZR,Generación,REPSB,"77,5"
ESEGC01,UP_SEGE,UP_SEGE,18W000000000R9HO,Comercializadores mercado libre,Compra,España,SZR,Comercializadores,SOCIN,"1,0"
ESEIXO,ESEIXO,EOLICA MONTE SEIXO,18W000000000IQUK,Eólica terrestre,Venta,España,SZR,Generación,NEXU,"34,9"
ESEOUR,ESEOUR,18WESEOUR-1234-M,18WESEOUR-1234-M,Eólica terrestre,Venta,España,SZR,Generación,EGLE,"7,8"
ESERC01,ESERO COM,ELECTRICA SEROSENSE (NACIONAL),18WESERC01-12-2G,Comercializadores mercado libre,Compra,España,SZR,Comercializadores,ESERO,"0,0"
ESHAC01,HANWHA,HANWHA ENERGY RETAIL SPAIN SLU,18W000000000H8LM,Comercializadores mercado libre,Compra,España,SZR,Comercializadores,ESHAN,"1,0"
ESIEMIN,ESIEMIN,18WESIEMIN-123-4,18WESIEMIN-123-4,Eólica terrestre,Venta,España,SZR,Generación,EGLE,"42,0"
ESIERAR,SIERRA,SIERRA,18W000000000MEHT,Eólica terrestre,Venta,España,SZR,Generación,HISPE,"22,0"
ESLA,ESLA,COGENERACION ESLA,18WESLA-123456-Y,Gas Natural Cogeneración,Venta,España,SZR,Generación,LMER,"3,8"
ESOLANS,PE SOLANS,PARQUE EOLICO SOLANS,18W000000000PLKR,Eólica terrestre,Venta,España,EN1 ,Generación,EBLCO,"44,0"
ESOMERS,ESOMERS,18WESOMERSA-1-11,18WESOMERSA-1-11,Eólica terrestre,Venta,España,SZR,Generación,EGLE,"10,5"
ESQUI,ESQUILEO,ESQUILEO,18W000000000U3JQ,Eólica terrestre,Venta,España,SZR,Generación,RENSP,"46,8"
ESRQE,ESRQE,ESRQE,18W000000000S9FO,Eólica terrestre,Venta,España,SZR,Generación,REPSB,"61,8"
ESTEV,ESTEV,ESTEV,18W000000000SAKB,Eólica terrestre,Venta,España,SZR,Generación,REPSB,"31,0"
ESTEVE,ESTEVE,ESTEVE,18W000000000OJ6S,Gas Natural Cogeneración,Venta,España,SZR,Generación,LMER,"1,9"
ESTVNTO,ESTVNTO,UP EOLICA SOTAVENTO,18W000000000S07U,Eólica terrestre,Venta,España,SZR,Generación,NEXU,"17,6"
ETBLRES,ETBLRES,UP EOLICA TABLARES,18W000000000RPZE,Eólica terrestre,Venta,España,SZR,Generación,NEXU,"0,8"
ETEJONE,ETEJONE,UP EOLICA TEJONER,18W000000000N3DT,Eólica terrestre,Venta,España,SZR,Generación,NEXU,"32,0"
ETMA,PETMADRINA,PARC ELIC DE TORRE MADRINA SLU,18W000000000P3CN,Eólica terrestre,Venta,España,IGS ,Generación,IGNIS,"50,0"
ETNEC01,ETNER,ETER ENERGIA,18W000000000IXHP,Comercializadores mercado libre,Compra,España,SZR,Comercializadores,ETNER,"1,0"
ETO1,ETO1,EL TORCIO,18WETO1-123456-5,Hidráulica UGH,Venta,España,SZR,Generación,BARER,"0,7"
ETRIGO,ETRIGO,EOLICA SIERRA DE TRIGO,18W000000000IQOW,Eólica terrestre,Venta,España,SZR,Generación,NEXU,"15,1"
ETSOC01,ETSOC01,ENERGY TRADER SOLUTION SL,18WENERGYTRADERY,Comercializadores mercado libre,Compra,España,SZR,Comercializadores,ETSOL,"0,1"
EUCDR01,EUCDR01,EUCDR01,18W000000000OTN1,Consumos directos en mercado,Compra,España,SZR,Consum. directos a mercado,WMARK,"15,0"
EUEUZA,EUEUZA,18WEUEUZA-1234-T,18WEUEUZA-1234-T,Eólica terrestre,Venta,España,SZR,Generación,EGLE,"4,5"
EUJARAL,EUJARAL,UW-JARALES,18WEUJARAL-123-5,Eólica terrestre,Venta,España,SZR,Generación,CEG,"16,5"
EULAYAL,EULAYAL,EOL UW LOMA AYALA,18WEULAYAL-123-V,Eólica terrestre,Venta,España,SZR,Generación,CEG,"19,5"
EUNION,EUNION,EUNION,18WEUNION-1234-8,Eólica terrestre,Venta,España,SZR,Generación,REPSB,"5,2"
EUNTAL,EUNTAL,18WEUNTAL-1234-3,18WEUNTAL-1234-3,Eólica terrestre,Venta,España,SZR,Generación,EGLE,"26,0"
EUNZUE,EUNZUE,18WEUNZUE-1234-4,18WEUNZUE-1234-4,Eólica terrestre,Venta,España,SZR,Generación,EGLE,"4,5"
EUW3VIL,EUW3VIL,UW - TRES VILLAS,18WEUW3VIL-123-H,Eólica terrestre,Venta,España,SZR,Generación,CEG,"49,5"
EVALDET,EVALDET,EOL VALDETELLAS,18W000000000IZ3A,Eólica terrestre,Venta,España,SZR,Generación,CEG,"49,9"
EVALDLU,EVALDLU,EVALDLU,18W000000000PRN3,Eólica terrestre,Venta,España,EVM2 ,Generación,CEG,"18,0"
EVALLE,PE VALLE,PARQUE EOLICO VALLE,18W000000000OVSM,Eólica terrestre,Venta,España,EN1 ,Generación,EBLCO,"48,5"
EVAR,PEARCS,VILALBA DELS ARCS SLU,18W000000000P3EJ,Eólica terrestre,Venta,España,IGS ,Generación,IGNIS,"25,0"
EVDCONE,EVDCONE,EOLICA VALDECONEJOS,18W000000000IQXE,Eólica terrestre,Venta,España,SZR,Generación,NEXU,"32,3"
EVDERRO,EVDERRO,UP EOLICA VALDEHIERRO,18W000000000UP7L,Eólica terrestre,Venta,España,SZR,Generación,NEXU,"12,6"
EVDMOG,EVDMOG,PARQUE EOLICO VIRXE DO MONTE,18WEVDMOG-123-1M,Eólica terrestre,Venta,España,SZR,Generación,EGED,"19,2"
EVECIA,EVECIA,18WEVECIA-1234-H,18WEVECIA-1234-H,Eólica terrestre,Venta,España,SZR,Generación,EGLE,"30,0"
EVESTA,EVESTA,18WEVESTA-1234-H,18WEVESTA-1234-H,Eólica terrestre,Venta,España,SZR,Generación,EGLE,"2,1"
EVIENG,EVIENG,VIENTOS GESTIONABLE,18W000000000QECN,Eólica terrestre,Venta,España,SZR,Generación,REPSB,"7,6"
EVILLAN,EVILLAN,EOLICA VILLANUEVA,18WEVILLAN-12-1G,Eólica terrestre,Venta,España,SZR,Generación,EGED,"19,8"
EVIVC01,UP E_VIVA,UP ENERGA VIVA SPAIN,18W0000000000UV4,Comercializadores mercado libre,Compra,España,SZR,Comercializadores,EVIVA,"0,5"
EVIVV01,EVIVV01,EVIVA VENTA,18W000000000QSXD,Solar fotovoltaica,Venta,España,SZR,Generación,EVIVA,"0,1"
EVMER01,EVMER01,UP EVM SRAD,18W000000000QOGM,Comercializadores mercado libre,Compra,España,SZR,Comercializadores,CENTE,"3,0"
EVOLTOR,EVOLTOR,UP EOLICA SVOLTOR,18W000000000N3ER,Eólica terrestre,Venta,España,SZR,Generación,NEXU,"16,0"
EWIESRB,EWIESRB,EOLICA TARIFA,18WEWIESRB-123-P,Eólica terrestre,Venta,España,SZR,Generación,NEXU,"21,0"
EXISC01,EXISC01,EXIS COMPONENTS SL,18W000000000TDNT,Consumos directos en mercado,Compra,España,SZR,Consum. directos a mercado,EXISC,"0,2"
EXUNQUE,PE XUNQUEI,PARQUE EOLICO XUNQUEIRA,18W000000000OVTK,Eólica terrestre,Venta,España,EN1 ,Generación,EBLCO,"9,0"
EYCEC01,EYCEC01,EYCEC01,18W0000000005XMU,Comercializadores mercado libre,Compra,España,SZR,Comercializadores,EYCE1,"0,1"
EYEEXXI,EYEEXXI,"ENDESA CUR  ( TARIFA, EÓLICA, NO EXENTA)",18WEYEEXXI-123-E,Eólica terrestre,Venta,España,SZR,Generación,EEXXI,"0,0"
EYEFG,EYEFG,UP EOLICA TARIFA CON DESVIOS,18WEYEFG-12345-P,Eólica terrestre,Venta,España,SZR,Generación,EFG,"0,2"
EYEGLE,EYEGLE,"EGLE ( EÓLICA,TARIFA,NO EXENTO )",18WEYEGLE-1234-U,Eólica terrestre,Venta,España,SZR,Generación,EGLE,"1,5"
EYEONUR,EYEONUR,"E.ON CUR ( TARIFA, EÓLICA, NO EXENTA)",18WEYEONUR-123-2,Eólica terrestre,Venta,España,SZR,Generación,EONUR,"0,0"
EYGESTE,EYGESTE,EYGESTE,18WEYGESTE-123-N,Eólica terrestre,Venta,España,SZR,Generación,GESTE,"0,7"
EYGNSUR,EYGNSUR,"GAS NATURAL SUR SDG ( TARIFA, EÓLICA, NO EXENTA)",18WEYGNSUR-123-J,Eólica terrestre,Venta,España,SZR,Generación,GNSUR,"0,0"
EYHCCUR,EYHCCUR,"HIDROCANTABRICO CUR ( TARIFA, EÓLICA, NO EXENTA)",18WEYHCCUR-123-3,Eólica terrestre,Venta,España,SZR,Generación,HCCUR,"0,0"
EYIBCUR,EYIBCUR,"IBERDROLA CUR  ( TARIFA, EÓLICA, NO EXENTA)",18WEYIBCUR-123-2,Eólica terrestre,Venta,España,SZR,Generación,IBCUR,"33,5"
EYMOTAR,EYMOTAR,EYMOTAR,18W000000000TIZR,Eólica terrestre,Venta,España,SZR,Generación,DETIC,"2,6"
EYNEXU,EYNEXU,"NEXU ( EOLICA, TARIFA, NO EXENTO)",18WEYNEXU-1234-B,Eólica terrestre,Venta,España,SZR,Generación,NEXU,"0,8"
EYOLPOP,EOLPOP,EOLICA VIURE DLAIRE,18W0000000008NFP,Eólica terrestre,Venta,España,SZR,Generación,GESTE,"2,7"
EYPC01,ESTPAYMER,ESTABANELL Y PAHISA MERCATOR S.A.,18WEYPC01-123-2T,Comercializadores mercado libre,Compra,España,SZR,Comercializadores,EPYM,"0,0"
EYPPV1,EYP PV,EYP PV MENORS 1MW,18W000000000DQR9,Solar fotovoltaica,Venta,España,SZR,Generación,EPYM,"1,5"
EYPPV4,ES-EYPPV4,UP FV 1 5 MW,18W000000000TPOS,Solar fotovoltaica,Venta,España,SZR,Generación,EPYM,"9,8"
EYPPV5,UP SIRAH,UP FV 1-5 MW SIRAH,18W000000000UB3Y,Solar fotovoltaica,Venta,España,SZR,Generación,EPYM,"2,4"
EYPPV6,REPRE FV,REPRE FV 1 5 MW,18W000000000UVWR,Solar fotovoltaica,Venta,España,SZR,Generación,EPYM,"2,7"
EYWMARK,EYWMARK,EOLICA SIN UF W2M,18WEYWMARK-123-E,Eólica terrestre,Venta,España,SZR,Generación,WMARK,"0,4"
EZENET,EZENET,UP ENERGA ELICA ZENETE,18W000000000P30A,Eólica terrestre,Venta,España,SZR,Generación,EGLE,"1,5"
F15FEN,FV MAY 5MW,FV MAYOR 5 MW,18W000000000VBMT,Solar fotovoltaica,Venta,España,SZR,Generación,FEN,"25,0"
F1CEG,F1CEG,FV PEN MAYOR 1MW,18WF1CEG-12345-X,Solar fotovoltaica,Venta,España,SZR,Generación,CEG,"4,2"
F1DREUA,F1DREUA,UP RD 413-2014 FV SUP 1MW,18W000000000B38D,Solar fotovoltaica,Venta,España,SZR,Generación,DREUA,"1,7"
FAAVYC,FAAVYC,UP FV AAVYC GESTION 2000,18WFAAVYC-1234-O,Solar fotovoltaica,Venta,España,SZR,Generación,NEXU,"10,6"
FABACUS,FABACUS,UP SOLAR ABACUS,18W000000000T31T,Solar fotovoltaica,Venta,España,SZR,Generación,NEXU,"1,5"
FABENOJ,FABENOJ,UP SOLAR ABENOJAR,18W000000000R57J,Solar fotovoltaica,Venta,España,SZR,Generación,NEXU,"5,0"
FABLITA,FABLITAS,UP SOLAR ABLITAS,18W000000000QAR5,Solar fotovoltaica,Venta,España,SZR,Generación,NEXU,"14,0"
FAENAMA,FAENAMA,FAENAMA,18W000000000TRPK,Solar fotovoltaica,Venta,España,SZR,Generación,ENDG,"120,0"
FAGAC,FAGAC,GAC FOTOV MAYOR 1MW,18W000000000O3DP,Solar fotovoltaica,Venta,España,SZR,Generación,GAC,"1,9"
FAGENOR,AGENR,AGENORR,18W000000000QR7V,Solar fotovoltaica,Venta,España,SZR,Generación,GNRA,"40,0"
FAGROB1,FAGROB1,UP SOLAR ALGARROBO I,18W000000000QMVZ,Solar fotovoltaica,Venta,España,SZR,Generación,NEXU,"1,8"
FAGROB2,FAGROB2,UP SOLAR ALGARROBO II,18W000000000QMWX,Solar fotovoltaica,Venta,España,SZR,Generación,NEXU,"1,8"
FAGROB3,FAGROB3,UP SOLAR ALGARROBO III,18W000000000QMXV,Solar fotovoltaica,Venta,España,SZR,Generación,NEXU,"1,7"
FAGRSRM,FAGRSRM,FAGRSRM,18W000000000UF5I,Solar fotovoltaica,Venta,España,SZR,Generación,SOLRC,"2,5"
FAGUDO,FAGUDO,UP SOLAR AURA DE AGUDO,18W000000000OA2Q,Solar fotovoltaica,Venta,España,SZR,Generación,NEXU,"1,0"
FAIELO,FAIELO,UP SOLAR FAIELO,18W000000000P2L8,Solar fotovoltaica,Venta,España,SZR,Generación,NEXU,"1,5"
FAIRM1,FAIRM1,UP SOLAR AIRM1,18W000000000R9R4,Solar fotovoltaica,Venta,España,SZR,Generación,NEXU,"2,0"
FAIRM2,FAIRM2,UP SOLAR FAIRM2,18W000000000R9S2,Solar fotovoltaica,Venta,España,SZR,Generación,NEXU,"2,0"
FALAM,FALAM,FALAM,18W000000000KRMP,Solar fotovoltaica,Venta,España,SZR,Generación,GNRA,"8,0"
FALAMIL,FALAMIL,UP SOLAR ALAMILLA,18W000000000R6W3,Solar fotovoltaica,Venta,España,SZR,Generación,NEXU,"2,4"
FALARCO,FALARCO,UP FV ALARCO,18W000000000G236,Solar fotovoltaica,Venta,España,NEXUS ,Generación,NEXU,"43,7"
FALBESA,FALBESA,UP SOLAR ALBESA,18W000000000SZRX,Solar fotovoltaica,Venta,España,SZR,Generación,NEXU,"2,2"
FALBET1,FALBET1,UP SOLAR ALBETA 1,18W000000000RXU0,Solar fotovoltaica,Venta,España,SZR,Generación,NEXU,"1,9"
FALBET2,ALBETA 2,UP SOLAR ALBETA 2,18W000000000RXWX,Solar fotovoltaica,Venta,España,SZR,Generación,NEXU,"1,9"
FALCNCH,FALCNCH,UP SOLAR ALCONCHEL,18W000000000SQLZ,Solar fotovoltaica,Venta,España,SZR,Generación,NEXU,"6,4"
FALCNOR,ALCNOR,ALCALNORT,18W000000000P237,Solar fotovoltaica,Venta,España,SZR,Generación,GESTE,"4,7"
FALCNRA,FCNERA,FV_FALCONERA,18W000000000QD9W,Solar fotovoltaica,Venta,España,SZR,Generación,GESTE,"1,9"
FALCON1,FALCON1,UP SOLAR FV ALCON 1,18W000000000QF6W,Solar fotovoltaica,Venta,España,SZR,Generación,NEXU,"23,1"
FALCONC,ALCONCHEL,PARQUE FV ALCONCHEL,18W000000000PX7H,Solar fotovoltaica,Venta,España,SZR,Generación,EBLCO,"10,0"
FALCOR,FALCOR,UP SOLAR LOS ALCORES,18W000000000UIGO,Solar fotovoltaica,Venta,España,SZR,Generación,EGLE,"4,5"
FALCORE,FALCORE,UP FV ALCORES,18W000000000G29V,Solar fotovoltaica,Venta,España,NEXUS ,Generación,NEXU,"33,2"
FALCSUR,ALCSUR,ALCALASUR,18W000000000P253,Solar fotovoltaica,Venta,España,SZR,Generación,GESTE,"4,7"
FALDER,FALDER,UP ALDENER EXTREMADURA,18W000000000SFKX,Solar fotovoltaica,Venta,España,AXPO ,Generación,EGLE,"94,8"
FALIAGA,FV ALIAGAR,FV ALIAGAR,18W000000000S9LC,Solar fotovoltaica,Venta,España,WM1 ,Generación,WMARK,"45,0"
FALIWN,FALIWIN,UP SOLAR ALIWIN,18W000000000L9DJ,Solar fotovoltaica,Venta,España,SZR,Generación,NEXU,"19,9"
FALIZAR,ALIZARSUN,ALIZARSUN,18W000000000MEJP,Solar fotovoltaica,Venta,España,ALP ,Generación,HISPE,"41,5"
FALJORR,FALJORRA,UP FV ALJORRA,18W000000000G2DN,Solar fotovoltaica,Venta,España,NEXUS ,Generación,NEXU,"27,1"
FALLIUM,FALLIUM,UP SOLAR ALLIUM,18W000000000UTVZ,Solar fotovoltaica,Venta,España,SZR,Generación,NEXU,"2,5"
FALMANS,FALMANS,UP FV ALMANSA,18W000000000G27Z,Solar fotovoltaica,Venta,España,NEXUS ,Generación,NEXU,"45,1"
FALMO1,FALMO1,FALMO1,18W000000000T64E,Solar fotovoltaica,Venta,España,SZR,Generación,CEG,"38,2"
FALMRIO,FALMRIO,UP SOLAR ALMODOVAR RIO,18W000000000U30R,Solar fotovoltaica,Venta,España,SZR,Generación,NEXU,"20,0"
FALMUGE,FALMUGE,UP SOLAR ALMORAUGE,18W000000000TBZB,Solar fotovoltaica,Venta,España,SZR,Generación,NEXU,"1,0"
FALMVAR,FALMVAR,UP SOLAR ALMODOVAR,18W000000000U31P,Solar fotovoltaica,Venta,España,SZR,Generación,NEXU,"14,0"
FALNERA,FALNERA,UP FALNERA,18W000000000LEX1,Solar fotovoltaica,Venta,España,SZR,Generación,NEXU,"7,2"
FALONDE,FALONDE,UP SOLAR FALONDE,18W000000000SZ9W,Solar fotovoltaica,Venta,España,SZR,Generación,NEXU,"1,2"
FALP11,FALP11,FALP11,18W000000000SQ4W,Solar fotovoltaica,Venta,España,SZR,Generación,HISPE,"23,0"
FALP12,FALP12,FALP12,18W000000000SVFW,Solar fotovoltaica,Venta,España,ALP ,Generación,HISPE,"7,2"
FALP13,FALP13,FALP13,18W000000000SVGU,Solar fotovoltaica,Venta,España,ALP ,Generación,HISPE,"9,0"
FALP14,FALP14,FALP14,18W000000000T6DX,Solar fotovoltaica,Venta,España,ALP ,Generación,HISPE,"8,0"
FALP15,FALP15,FALP15,18W000000000T6EV,Solar fotovoltaica,Venta,España,ALP ,Generación,HISPE,"8,0"
FALP16,FALP16,FALP16,18W000000000T6FT,Solar fotovoltaica,Venta,España,ALP ,Generación,HISPE,"30,0"
FALP18,FALP18,FALP18,18W000000000TGQE,Solar fotovoltaica,Venta,España,ALP ,Generación,HISPE,"45,0"
FALP19,FALP19,FALP19,18W000000000TGRC,Solar fotovoltaica,Venta,España,ALP ,Generación,HISPE,"40,0"
FALP20,FALP20,FALP20,18W000000000TGSA,Solar fotovoltaica,Venta,España,ALP ,Generación,HISPE,"40,0"
FALP21,FALP21,FALP21,18W000000000TN8T,Solar fotovoltaica,Venta,España,ALP ,Generación,HISPE,"19,6"
FALP22,FALP22,FALP22,18W000000000U2QF,Solar fotovoltaica,Venta,España,SZR,Generación,HISPE,"25,2"
FALP23,FALP23,FALP23,18W000000000UIVV,Solar fotovoltaica,Venta,España,SZR,Generación,HISPE,"6,0"
FALP25,FALP25,FALP25,18W000000000UIZN,Solar fotovoltaica,Venta,España,SZR,Generación,HISPE,"5,0"
FALP29,FALP29,FALP29,18W000000000VBW9,Solar fotovoltaica,Venta,España,SZR,Generación,HISPE,"80,3"
FALPMAI,FALPMAI,FALPMAI,18W000000000V9BK,Solar fotovoltaica,Venta,España,SZR,Generación,SOLRC,"170,0"
FALQRIA,FALQRIA,ALQUERIA,18W000000000O2TX,Solar fotovoltaica,Venta,España,SZR,Generación,GESTE,"3,1"
FALTCO,UP ALTCO,UP MAYOR 5MW ALTCO,18W000000000F23A,Solar fotovoltaica,Venta,España,SZR,Generación,NEXU,"7,8"
FAMORET,ALDEAMORET,PSF ALDEA MORET,18W000000000S9R0,Solar fotovoltaica,Venta,España,WM1 ,Generación,WMARK,"10,0"
FANGES1,FANGES1,FV CASA ANGEL RENOVALIA,18W000000000QDIE,Solar fotovoltaica,Venta,España,SZR,Generación,CEG,"12,0"
FANOVR,ANOVR,ANOVER,18W000000000LKID,Solar fotovoltaica,Venta,España,SZR,Generación,GESTE,"46,2"
FANPU,FANPU,UP ANPU SOLAR,18W000000000MOZ0,Solar fotovoltaica,Venta,España,SZR,Generación,EGLE,"14,0"
FANSA,FANSA,UP ANSA VIGILANCE,18W000000000RV7F,Solar fotovoltaica,Venta,España,SZR,Generación,EGLE,"2,4"
FANTU,FANTU,UP ANTU SOLAR SL,18W000000000P7UC,Solar fotovoltaica,Venta,España,SZR,Generación,EGLE,"9,0"
FAQU127,FAQU127,FAQU127,18W000000000TKKE,Solar fotovoltaica,Venta,España,SZR,Generación,SOLRC,"93,8"
FARASU1,PSF ARASUR,PSF ARASUR 1,18W000000000SQQP,Solar fotovoltaica,Venta,España,WM1 ,Generación,WMARK,"10,0"
FARASU2,PSF ARASUR,PSF ARASUR 2,18W000000000SQSL,Solar fotovoltaica,Venta,España,WM1 ,Generación,WMARK,"10,0"
FARBASL,FARBASL,UP SOLAR ARBA SOLAR 1,18W000000000RXYT,Solar fotovoltaica,Venta,España,SZR,Generación,NEXU,"5,0"
FARBYON,FARBYON,UP SOLAR ARABAYONA,18W000000000QFJ6,Solar fotovoltaica,Venta,España,SZR,Generación,NEXU,"3,5"
FARCA,FARCA,UP SOLAR ARCA,18W000000000SCZC,Solar fotovoltaica,Venta,España,SZR,Generación,NEXU,"1,0"
FARCICR,ARCICLLR,ARCICOLLR,18W000000000O2R0,Solar fotovoltaica,Venta,España,GST1 ,Generación,GESTE,"14,5"
FARCO8,FARCO8,FARCO8,18W000000000TQAG,Solar fotovoltaica,Venta,España,EVM ,Generación,CEG,"45,6"
FARCOS,FARCOS,UP SOLAR LOS ARCOS,18W000000000OK2X,Solar fotovoltaica,Venta,España,NEXUS ,Generación,NEXU,"40,0"
FARFEN,EOL 20 MW,EOL MAYOR 1 MW,18W000000000UJ9Z,Eólica terrestre,Venta,España,SZR,Generación,FEN,"22,0"
FARGASL,PE_ARGASOL,PARQUE FV ARGASOL,18W000000000PXAB,Solar fotovoltaica,Venta,España,SZR,Generación,EBLCO,"10,0"
FARI111,FARI111,FARI111,18W000000000UHP9,Solar fotovoltaica,Venta,España,SZR,Generación,SOLRC,"35,1"
FAROBO,FAROBO,UP SOLAR ARROLLO,18W000000000QJMP,Solar fotovoltaica,Venta,España,SZR,Generación,NEXU,"1,8"
FARPAL,FARPAL,UP SOLAR ARPAL,18W000000000SYSY,Solar fotovoltaica,Venta,España,SZR,Generación,NEXU,"8,5"
FASETYM,PE_ASETYM,PARQUE FV ASETYM SOL DE MURCIA,18W000000000PX8F,Solar fotovoltaica,Venta,España,SZR,Generación,EBLCO,"3,5"
FASSENE,FASSENE,UP FV ASSET ENERGIA SOLAR,18WFASSENE-123-F,Solar fotovoltaica,Venta,España,SZR,Generación,NEXU,"7,0"
FASSEST,FASSEST,UP FV ASSET SESTRA,18WFASSEST-123-I,Solar fotovoltaica,Venta,España,SZR,Generación,NEXU,"7,5"
FASSLOG,FASSLOG,UP FV ASSET LOGISTIC,18WFASSLOG-123-4,Solar fotovoltaica,Venta,España,SZR,Generación,NEXU,"7,0"
FASTC01,FASTC01,FASTL COMERCIALIZADORA,18W000000000S6QB,Comercializadores mercado libre,Compra,España,SZR,Comercializadores,FASTL,"500,0"
FATCAP,FATCAP,UP AT CAPARACENA,18W000000000V1B7,Solar fotovoltaica,Venta,España,SZR,Generación,EGLE,"22,0"
FATQINS,FATQINS,UP SOLAR ATAQUINES,18W000000000SUYY,Solar fotovoltaica,Venta,España,SZR,Generación,NEXU,"1,8"
FAUDAX,PV AUDAX,PV AUDAX,18W000000000I2K1,Solar fotovoltaica,Venta,España,SZR,Generación,ADXRE,"125,5"
FAUR114,FAUR114,FAUR114,18W000000000TZPX,Solar fotovoltaica,Venta,España,SZR,Generación,SOLRC,"24,9"
FAZARA,UP AZARAR,UP SOLAR  AZARA,18W000000000IBZI,Solar fotovoltaica,Venta,España,SZR,Generación,NEXU,"9,8"
FAZUER1,FAZUER1,UP SOLAR AZUER1,18W000000000LX7X,Solar fotovoltaica,Venta,España,NEXUS ,Generación,NEXU,"42,0"
FAZUER2,FAZUER2,UP SOLAR AZUER2,18W000000000LX9T,Solar fotovoltaica,Venta,España,NEXUS ,Generación,NEXU,"33,0"
FBADJOZ,FBADJOZ,UP SOLAR BADAJOZ SOLAR 9,18W000000000RXNE,Solar fotovoltaica,Venta,España,SZR,Generación,NEXU,"5,0"
FBALBON,FBALBON,FBALBON,18W000000000SSF4,Solar fotovoltaica,Venta,España,SZR,Generación,ECYR,"113,0"
FBALFV3,FBALFV3,FBALFV3,18W000000000U9WJ,Solar fotovoltaica,Venta,España,SZR,Generación,SOLRC,"16,1"
FBALZ4V,FBALZ4V,ALZ UP HIBRIDA VENTA FV Y BATERIA,18W000000000UWP1,Híbrida renovable-almacenamiento,Venta,España,SZR,Unidades hibridas,IBGES,"61,8"
FBALZ5V,FBALZ5V,ALZII UP VENTA HIBRIDA FV Y BATERIA,18W000000000UWRY,Híbrida renovable-almacenamiento,Venta,España,SZR,Unidades hibridas,IBGES,"61,8"
FBARAD,BARAD,FBARRAD,18W000000000JWFS,Solar fotovoltaica,Venta,España,SZR,Generación,GESTE,"1,2"
FBARCI,FBARCI,UP COLMENA SUN BARCIENCE,18W000000000R54P,Solar fotovoltaica,Venta,España,SZR,Generación,EGLE,"30,0"
FBARGSN,BARGSNORT,BARGASNORTE,18W000000000PYGX,Solar fotovoltaica,Venta,España,SZR,Generación,GESTE,"4,7"
FBARGSS,BRNSSUR,BARGSSUR,18W000000000PYIT,Solar fotovoltaica,Venta,España,SZR,Generación,GESTE,"4,7"
FBARRO1,FBARRO1,UP SOLAR LOS BARROS 1,18W000000000ULYG,Solar fotovoltaica,Venta,España,SZR,Generación,NEXU,"4,5"
FBARRO2,FBARRO2,UP SOLAR LOS BARROS 2,18W000000000UM07,Solar fotovoltaica,Venta,España,SZR,Generación,NEXU,"4,5"
FBASIR,FBASIR,UP SOLAR BASIR,18W000000000SR7N,Solar fotovoltaica,Venta,España,SZR,Generación,NEXU,"15,5"
FBCERRI,FBCERRI,UP SOLAR BECERRIL,18W000000000TNVK,Solar fotovoltaica,Venta,España,SZR,Generación,NEXU,"1,0"
FBEL103,FBEL103,FBEL103,18W000000000TZTP,Solar fotovoltaica,Venta,España,SZR,Generación,SOLRC,"19,9"
FBELCH1,FBELCH1,BELINCHON1,18W000000000Q6KV,Solar fotovoltaica,Venta,España,SZR,Generación,CEG,"44,0"
FBELCH2,FBELCH2,FBELCH2,18W000000000Q6LT,Solar fotovoltaica,Venta,España,SZR,Generación,CEG,"44,0"
FBELCH3,FBELCH3,FBELCH3,18W000000000Q6MR,Solar fotovoltaica,Venta,España,SZR,Generación,CEG,"44,0"
FBELME1,FBELME1,UP SOLAR BELMEZ 1,18W000000000RCFJ,Solar fotovoltaica,Venta,España,SZR,Generación,NEXU,"0,9"
FBELME2,FBELME2,UP SOLAR BELMEZ2,18W000000000RCHF,Solar fotovoltaica,Venta,España,SZR,Generación,NEXU,"0,9"
FBELOS,FBELOS,UP FV BELOS,18W000000000I9DV,Solar fotovoltaica,Venta,España,NEXUS ,Generación,NEXU,"40,0"
FBENEIX,BENEIXAMA,PARQUE FV BENEIXAMA,18W000000000RTX6,Solar fotovoltaica,Venta,España,SZR,Generación,EBLCO,"19,0"
FBENILD,FV BENILDE,BENILDE SOLAR,18W000000000SWP9,Solar fotovoltaica,Venta,España,SZR,Generación,EBLCO,"42,0"
FBETMAI,FBETMAI,FBETMAI,18W000000000V99O,Solar fotovoltaica,Venta,España,SZR,Generación,SOLRC,"150,0"
FBETULA,FBETULA,UP SOLAR BETULA,18W000000000SUU5,Solar fotovoltaica,Venta,España,SZR,Generación,NEXU,"7,4"
FBHIBHV,FBHIBHV,VENTA HIBRIDACION FV Y BATERIA,18W000000000Q3TM,Híbrida renovable-almacenamiento,Venta,España,IBEG ,Unidades hibridas,IBGES,"85,0"
FBIANHV,FBIANHV,UP HIBRIDA VENTA FV Y BATERIA,18W000000000UOTH,Híbrida renovable-almacenamiento,Venta,España,SZR,Unidades hibridas,IBGES,"70,7"
FBIOLHV,FBIOLHV,OLMEDILLA HIBRIDACION VENTA,18W000000000UB03,Híbrida renovable-almacenamiento,Venta,España,SZR,Unidades hibridas,IBGES,"66,4"
FBIREHV,FBIREHV,REVILLA HIBRIDACION VENTA,18W000000000U8JB,Híbrida renovable-almacenamiento,Venta,España,IBEG ,Unidades hibridas,IBGES,"69,7"
FBIROHV,FBIROHV,ROMERAL HIB FV Y BATERIA,18W000000000TIEW,Híbrida renovable-almacenamiento,Venta,España,SZR,Unidades hibridas,IBGES,"66,4"
FBLANCA,BLNCA,CSBLANCA,18W000000000N7DH,Solar fotovoltaica,Venta,España,SZR,Generación,GESTE,"2,1"
FBLCON1,FBLCON1,UP SOLAR BELINCHON1,18W000000000QAMF,Solar fotovoltaica,Venta,España,NEXUS ,Generación,NEXU,"41,2"
FBLCON2,FBLCON2,UP SOLAR BELINCHON 2,18W000000000QE50,Solar fotovoltaica,Venta,España,NEXUS ,Generación,NEXU,"41,2"
FBLCON3,FBLCON3,UP SOLAR BELINCHON3,18W000000000QTEB,Solar fotovoltaica,Venta,España,NEXUS ,Generación,NEXU,"41,2"
FBLDIO2,BLDIO,BALDIO2,18W000000000MZ2X,Solar fotovoltaica,Venta,España,SZR,Generación,GESTE,"17,0"
FBLMER2,FBLMER2,UP SOLAR MER2,18W000000000TEQK,Solar fotovoltaica,Venta,España,NEXUS ,Generación,NEXU,"14,0"
FBLMER3,FBLMER3,UP SOLAR MER3,18W000000000TERI,Solar fotovoltaica,Venta,España,NEXUS ,Generación,NEXU,"7,0"
FBLOPR2,FBLOPR2,UP SOLAR PR2,18W000000000T856,Solar fotovoltaica,Venta,España,NEXUS ,Generación,NEXU,"9,0"
FBLOPR3,FBLOPR3,UP SOLAR PR3,18W000000000T864,Solar fotovoltaica,Venta,España,NEXUS ,Generación,NEXU,"8,0"
FBOLAR1,FBOLAR1,FBOLAR1,18W000000000T7R2,Solar fotovoltaica,Venta,España,EVM ,Generación,CEG,"45,0"
FBOLAR2,FBOLAR2,FBOLAR2,18W000000000T7TZ,Solar fotovoltaica,Venta,España,EVM ,Generación,CEG,"45,0"
FBOLAR3,FBOLAR3,FBOLAR3,18W000000000T7VV,Solar fotovoltaica,Venta,España,EVM ,Generación,CEG,"23,5"
FBOYAL,FBOYAL,UP SOLAR EL BOYAL,18W000000000UYI9,Solar fotovoltaica,Venta,España,SZR,Generación,NEXU,"3,0"
FBRCNES,FBRCNES,UP SOLAR BARCONES,18W000000000SDAM,Solar fotovoltaica,Venta,España,SZR,Generación,NEXU,"9,0"
FBRDENA,FBRDENAS,FBRDENAS,18W000000000IPXH,Solar fotovoltaica,Venta,España,SZR,Generación,GESTE,"5,4"
FBRDENS,BRDNS,BRDNASS,18W000000000NDV0,Solar fotovoltaica,Venta,España,SZR,Generación,GESTE,"2,0"
FBRERAS,BRERAS,LUMBRERAS,18W000000000NKK1,Solar fotovoltaica,Venta,España,GST1 ,Generación,GESTE,"43,4"
FBRGAS,FBRGAS,UP SOLAR BARGAS,18W000000000R56L,Solar fotovoltaica,Venta,España,SZR,Generación,NEXU,"5,0"
FBRISAS,FBRISAS,UP SOLAR LAS BRISAS,18W000000000RT0Z,Solar fotovoltaica,Venta,España,SZR,Generación,NEXU,"2,4"
FBRVLS1,FBRVLS1,UP SOLAR BROVALES 1,18W000000000RQSP,Solar fotovoltaica,Venta,España,NEXUS ,Generación,NEXU,"40,0"
FBRVLS2,FBRVLS2,UP SOLAR BROVALES 2,18W000000000RM0J,Solar fotovoltaica,Venta,España,NEXUS ,Generación,NEXU,"40,0"
FBRVLS3,FBRVLS3,UP SOLAR BROVALES3,18W000000000RKLK,Solar fotovoltaica,Venta,España,NEXUS ,Generación,NEXU,"14,0"
FBUIXEU,FBUIXEU,UP SOLAR BUIXALLEU,18W000000000QHJ0,Solar fotovoltaica,Venta,España,SZR,Generación,NEXU,"2,2"
FBURGLL,FBURGLL,UP SOLAR BURGUILLOS,18W000000000PVQM,Solar fotovoltaica,Venta,España,NEXUS ,Generación,NEXU,"21,2"
FBURGO1,FBURGO1,UP FBURGO 1,18W000000000RILQ,Solar fotovoltaica,Venta,España,SZR,Generación,NEXU,"2,1"
FBURGO2,FBURGO2,UP FBURGO2,18W000000000RIMO,Solar fotovoltaica,Venta,España,SZR,Generación,NEXU,"2,1"
FBURRI1,FBURRI1,FBURRI1,18W000000000USNH,Solar fotovoltaica,Venta,España,SZR,Generación,CEG,"5,0"
FBURRI2,FBURRI2,FBURRI2,18W000000000USOF,Solar fotovoltaica,Venta,España,SZR,Generación,CEG,"5,0"
FCABEZA,CABEZA,CABEZASS,18W000000000NDS6,Solar fotovoltaica,Venta,España,SZR,Generación,GESTE,"1,6"
FCABLDO,FCABLDO,UP SOLAR CABILDO,18W000000000SUW1,Solar fotovoltaica,Venta,España,SZR,Generación,NEXU,"2,0"
FCABZLA,FCABZLA,UP SOLAR CABEZUELAS,18W000000000RQUL,Solar fotovoltaica,Venta,España,SZR,Generación,NEXU,"2,4"
FCACRE1,FCACRE1,UP SOLAR CACERES 1,18W000000000UGHS,Solar fotovoltaica,Venta,España,SZR,Generación,NEXU,"4,3"
FCACRE2,FCACRE2,UP SOLAR CACERES 2,18W000000000UIES,Solar fotovoltaica,Venta,España,SZR,Generación,NEXU,"4,3"
FCADIMA,FCADIMA,UP FV CADIMA,18W000000000G2AT,Solar fotovoltaica,Venta,España,NEXUS ,Generación,NEXU,"33,1"
FCALCAL,FCALCAL,UP FV CALCAL,18W000000000L28D,Solar fotovoltaica,Venta,España,SZR,Generación,NEXU,"10,0"
FCALERA,CALERA,CALERACHOZAS,18W000000000N0C3,Solar fotovoltaica,Venta,España,SZR,Generación,GESTE,"13,4"
FCALIG,FCALIG,UP SOLAR CALIG,18W000000000ONV3,Solar fotovoltaica,Venta,España,SZR,Generación,NEXU,"3,2"
FCAMPAN,FCP,FCPAM,18W000000000H0GJ,Solar fotovoltaica,Venta,España,GST1 ,Generación,GESTE,"31,5"
FCAMRIO,FCAMRIO,FCAMRIO,18W000000000UYPW,Solar fotovoltaica,Venta,España,SZR,Generación,CEG,"8,5"
FCANAME,UP CANAME,UP  MAYOR 5MW CANAME,18W000000000FNMK,Solar fotovoltaica,Venta,España,SZR,Generación,NEXU,"5,5"
FCANAVE,CAÑAVEROSA,CAÑAVEROSA,18WFCANAVE-123-Q,Solar fotovoltaica,Venta,España,SZR,Generación,GESTE,"6,0"
FCANES,FCANES,UP SOLAR CANES,18W000000000T1AH,Solar fotovoltaica,Venta,España,NEXUS ,Generación,NEXU,"38,2"
FCANILS,FCANILS,UP SOLAR CANILES,18W000000000S7WX,Solar fotovoltaica,Venta,España,SZR,Generación,NEXU,"2,8"
FCAPRI,FCAPRI,FCAPRI,18W000000000KNDI,Solar fotovoltaica,Venta,España,ALP ,Generación,HISPE,"21,5"
FCARAVA,FCARAVA,FCARAVA,18W000000000QRDJ,Solar fotovoltaica,Venta,España,SZR,Generación,CEG,"1,5"
FCARMON,FCARMON,UP SOLAR CARMONA,18W000000000SEWC,Solar fotovoltaica,Venta,España,SZR,Generación,NEXU,"5,0"
FCAROL4,CAROLINAS4,FV CAROLINAS 4,18W000000000TG8D,Solar fotovoltaica,Venta,España,SZR,Generación,TOTGA,"3,0"
FCAROLI,CAROLINAS3,FV CAROLINAS 3,18W000000000TG7F,Solar fotovoltaica,Venta,España,SZR,Generación,TOTGA,"3,0"
FCARRIL,FCARRIL,UP FV CARRIL,18W000000000HG5U,Solar fotovoltaica,Venta,España,NEXUS ,Generación,NEXU,"42,2"
FCARTU,FCATUR,UP PSFV-CARTUJA,18W000000000LZED,Solar fotovoltaica,Venta,España,SZR,Generación,EGLE,"43,0"
FCARVAC,CAR,CARAVACA,18W000000000R29O,Solar fotovoltaica,Venta,España,SZR,Generación,GESTE,"2,0"
FCASAQ1,FCASAQ1,CASAQUEMADA I,18W000000000Q1TS,Solar fotovoltaica,Venta,España,SZR,Generación,EBLCO,"29,0"
FCASAQ2,FCASAQ2,CASAQUEMADA II,18W000000000Q1UQ,Solar fotovoltaica,Venta,España,SZR,Generación,EBLCO,"29,0"
FCASTJA,FCASTJA,UP FV CASTJA,18WFCASTJA-123-3,Solar fotovoltaica,Venta,España,SZR,Generación,NEXU,"9,8"
FCASTOR,CASTOR,CASTOR,18W000000000MEKN,Solar fotovoltaica,Venta,España,ALP ,Generación,HISPE,"42,5"
FCASTU,FCASTU,UP SOLAR CASTUERA,18W000000000TPWC,Solar fotovoltaica,Venta,España,SZR,Generación,EGLE,"88,0"
FCASTUR,FCASTUR,UP SOLAR CASTUR,18W000000000QB3D,Solar fotovoltaica,Venta,España,SZR,Generación,NEXU,"1,2"
FCAT,FCAT,FCAT,18W000000000TX63,Solar fotovoltaica,Venta,España,SZR,Generación,REPSB,"74,2"
FCBANAL,FCBANAL,UP SOLAR CIBANAL 1,18W000000000U17J,Solar fotovoltaica,Venta,España,SZR,Generación,NEXU,"1,9"
FCELEO,FCELEO,UP SOLAR CELEO,18W000000000SIU4,Solar fotovoltaica,Venta,España,SZR,Generación,NEXU,"2,0"
FCEN121,CENTAURUS,CENTUARUS SOLAR FV121,18W000000000T63G,Solar fotovoltaica,Venta,España,SZR,Generación,SOLRC,"40,4"
FCEP116,FCEP116,FCEP116,18W000000000TZVL,Solar fotovoltaica,Venta,España,SZR,Generación,SOLRC,"30,4"
FCERRAT,FCERRAT,FCERRAT,18W000000000SEDD,Solar fotovoltaica,Venta,España,SZR,Generación,REPSB,"82,0"
FCLASA,FCLASA,UP SOLAR CLASA,18W000000000T32R,Solar fotovoltaica,Venta,España,SZR,Generación,NEXU,"1,1"
FCLMNTE,FCLMNTE,UP SOLAR SAN CLEMENTE,18W000000000SQFA,Solar fotovoltaica,Venta,España,SZR,Generación,NEXU,"2,0"
FCLUGAR,FCLUGAR,UP SOLAR CAMPO LUGAR,18W000000000T35L,Solar fotovoltaica,Venta,España,SZR,Generación,NEXU,"1,9"
FCLVRON,FCLVRON,UP SOLAR CALAVERON,18W000000000LZZ8,Solar fotovoltaica,Venta,España,SZR,Generación,NEXU,"20,0"
FCMONA1,FCMONA1,UP SOLAR CARMONA 1,18W000000000SEY8,Solar fotovoltaica,Venta,España,SZR,Generación,NEXU,"5,0"
FCNDCLL,FCNDCLL,UP SOLAR CONDECILLO,18W000000000VGYR,Solar fotovoltaica,Venta,España,SZR,Generación,NEXU,"1,0"
FCNTRAS,FCNTRAS,UP SOLAR CONTRERAS,18W000000000QMOC,Solar fotovoltaica,Venta,España,SZR,Generación,NEXU,"3,0"
FCNVIA1,FCNVIA1,UP SOLAR CENTROVIA 1,18W000000000SGKU,Solar fotovoltaica,Venta,España,SZR,Generación,NEXU,"9,2"
FCNVIA2,FCNVIA2,UP SOLAR CENTROVIA 2,18W000000000SGLS,Solar fotovoltaica,Venta,España,SZR,Generación,NEXU,"9,2"
FCNVIA3,FCNVIA3,UP SOLAR CENTROVIA 3,18W000000000SGMQ,Solar fotovoltaica,Venta,España,SZR,Generación,NEXU,"9,1"
FCOLLAR,FCOLLAR,UP SOLAR AZNALCOLLAR,18W000000000UEW4,Solar fotovoltaica,Venta,España,SZR,Generación,NEXU,"41,6"
FCOLON,FCOLON,FCOLON,18W000000000SRPO,Solar fotovoltaica,Venta,España,EVM ,Generación,CEG,"15,9"
FCONS18,FV CONSTAN,FV CONSTANTI 18,18W000000000UVO6,Solar fotovoltaica,Venta,España,SZR,Generación,WMARK,"5,0"
FCONSTA,PS CONSTAN,PS CONSTANTI 42,18W000000000SQUH,Solar fotovoltaica,Venta,España,WM1 ,Generación,WMARK,"14,2"
FCONTR1,FCONTR1,UP SOLAR DE LA CONTRAVIESA 1,18W000000000RTD9,Solar fotovoltaica,Venta,España,SZR,Generación,EFG,"5,0"
FCONTR2,FCONTR2,UP COLAR DE LA CONTRAVIESA 2 SL,18W000000000RTG3,Solar fotovoltaica,Venta,España,SZR,Generación,EFG,"3,6"
FCONV61,FCONV61,UP FV CONVERTIDOR SOLAR 66,18WFCONV61-123-B,Solar fotovoltaica,Venta,España,SZR,Generación,NEXU,"7,2"
FCORELA,FCORELA,FCORELA,18W000000000INEO,Solar fotovoltaica,Venta,España,SZR,Generación,GESTE,"7,3"
FCORESE,FCORESE,UP SOLAR CORESES,18W000000000MZUE,Solar fotovoltaica,Venta,España,SZR,Generación,NEXU,"2,9"
FCORIA,FCORIA,UP SOLAR AURA DE GUIJO DE CORIA,18W000000000OA0U,Solar fotovoltaica,Venta,España,SZR,Generación,NEXU,"1,5"
FCORONA,FCORONA,FCORONA,18W000000000TJMD,Solar fotovoltaica,Venta,España,SZR,Generación,CEG,"40,0"
FCORVER,FCORVER,UP SOLAR CORVERA,18W000000000R9Q6,Solar fotovoltaica,Venta,España,SZR,Generación,NEXU,"3,0"
FCORVRA,FCORVRA,UP SOLAR CORVERA,18W000000000UYK5,Solar fotovoltaica,Venta,España,SZR,Generación,NEXU,"28,7"
FCOSENT,COSENT,COSENT,18W000000000NX8N,Solar fotovoltaica,Venta,España,SZR,Generación,HISPE,"19,8"
FCOTILL,FCOTILL,UP FV TORRES COTILLAS,18W000000000G244,Solar fotovoltaica,Venta,España,NEXUS ,Generación,NEXU,"42,2"
FCPILLA,FCPILLA,UP SOLAR CAPILLA,18W000000000RIU8,Solar fotovoltaica,Venta,España,NEXUS ,Generación,NEXU,"42,0"
FCRASCA,FCRASCA,UP SOLAR CARRASCA 1,18W000000000U19F,Solar fotovoltaica,Venta,España,SZR,Generación,NEXU,"1,1"
FCRJOS1,FCRJOS1,UP SOLAR CARTUJOS 1,18W000000000QAIN,Solar fotovoltaica,Venta,España,NEXUS ,Generación,NEXU,"20,0"
FCRJOS2,FCRJOS2,UP SOLAR CARTUJOS 2,18W000000000QAJL,Solar fotovoltaica,Venta,España,NEXUS ,Generación,NEXU,"10,0"
FCRMON1,FCRMON1,UP SOLAR CARMONA 1,18W000000000UFS9,Solar fotovoltaica,Venta,España,SZR,Generación,NEXU,"36,6"
FCRMON2,FCRMON2,UP SOLAR CARMONA 2,18W000000000UFT7,Solar fotovoltaica,Venta,España,SZR,Generación,NEXU,"36,6"
FCRMON3,FCRMON3,UP SOLAR CARMONA 3,18W000000000UFU5,Solar fotovoltaica,Venta,España,SZR,Generación,NEXU,"36,6"
FCRONOS,CRONO,CRONOS,18W000000000MP2Q,Solar fotovoltaica,Venta,España,SZR,Generación,GESTE,"3,3"
FCRTBAL,FCRTBAL,UP SOLAR SAN CRISTOBAL,18W000000000SQ7Q,Solar fotovoltaica,Venta,España,SZR,Generación,NEXU,"1,7"
FCRUZ,FCRUZ,FCRUZ,18W000000000SIA7,Solar fotovoltaica,Venta,España,EVM ,Generación,CEG,"5,0"
FCRYLUS,FCRYLUS,UP SOLAR CORYLUS,18W000000000SUT7,Solar fotovoltaica,Venta,España,SZR,Generación,NEXU,"2,0"
FCSERAS,FCSERAS,UP SOLAR CASTELSERAS,18W000000000P9IU,Solar fotovoltaica,Venta,España,SZR,Generación,NEXU,"1,1"
FCSTEL1,FCSTEL1,UP SOLAR CASTELNOU,18W000000000QJQH,Solar fotovoltaica,Venta,España,SZR,Generación,NEXU,"1,1"
FCSTEL2,FCASTEL2,UP SOLAR CASTELNOU II,18W000000000QJNN,Solar fotovoltaica,Venta,España,SZR,Generación,NEXU,"1,8"
FCTANEA,FCTANEA,UP SOLAR CATANEA,18W000000000SUS9,Solar fotovoltaica,Venta,España,SZR,Generación,NEXU,"2,0"
FCTLINA,FCTLINA,UP SOLAR SANTA CATALINA,18W000000000RWD0,Solar fotovoltaica,Venta,España,SZR,Generación,NEXU,"30,0"
FCTRAV2,FCTRAV2,UP SOLAR CALATRAVA2,18W000000000RJ3M,Solar fotovoltaica,Venta,España,NEXUS ,Generación,NEXU,"41,0"
FCTUERA,FCTUERA,UP SOLAR CASTUERA,18W000000000QMLI,Solar fotovoltaica,Venta,España,SZR,Generación,NEXU,"1,5"
FCUARTI,FCUARTI,FV CUARTILLEJO,18W000000000OR1E,Solar fotovoltaica,Venta,España,SZR,Generación,CEG,"4,6"
FCUBI,FCUBI,FCUBI,18W000000000SJT3,Solar fotovoltaica,Venta,España,SZR,Generación,CEG,"26,0"
FCUBLA,FCUBLA,UP SOLAR CUBLA,18W000000000SZO2,Solar fotovoltaica,Venta,España,SZR,Generación,NEXU,"3,6"
FCVALDE,VALDES,CASA VALDES,18W000000000P5RO,Solar fotovoltaica,Venta,España,SZR,Generación,HISPE,"44,0"
FDAGAC,FDAGAC,FDAGAC,18W000000000RUQH,Solar fotovoltaica,Venta,España,SZR,Generación,GAC,"4,0"
FDAJOZ,FDAJOZ,FDAJOZ,18W000000000TJO9,Solar fotovoltaica,Venta,España,SZR,Generación,CEG,"40,0"
FDBGAC,FDBGAC,FDBGAC,18W000000000RURF,Solar fotovoltaica,Venta,España,SZR,Generación,GAC,"4,0"
FDCGAC,FDCGAC,FDCGAC,18W000000000RUSD,Solar fotovoltaica,Venta,España,SZR,Generación,GAC,"5,0"
FDDGAC,FDDGAC,FDDGAC,18W000000000RUTB,Solar fotovoltaica,Venta,España,SZR,Generación,GAC,"5,0"
FDEL108,FDEL108,FDEL108,18W000000000UHR5,Solar fotovoltaica,Venta,España,SZR,Generación,SOLRC,"40,0"
FDELMAI,FDELMAI,FDELMAI,18W000000000V9H8,Solar fotovoltaica,Venta,España,SZR,Generación,SOLRC,"125,0"
FDESENE,FDESENE,UP FV DESARROLLOS ENERGETICOS SOLARES,18WFDESENE-123-M,Solar fotovoltaica,Venta,España,SZR,Generación,NEXU,"6,8"
FDHSLA,FDHSLA,UP SOLAR DEHESILLA,18W000000000PVLW,Solar fotovoltaica,Venta,España,SZR,Generación,NEXU,"1,6"
FDIO153,FDIO153,FDIO153,18W000000000UDX5,Solar fotovoltaica,Venta,España,SZR,Generación,SOLRC,"40,0"
FDRACOS,DRACO,DRACOS,18W000000000O9E5,Solar fotovoltaica,Venta,España,SZR,Generación,GESTE,"40,0"
FDREU04,CLIMASTER,FV CLIMASTER,18W000000000GUF9,Solar fotovoltaica,Venta,España,SZR,Generación,DREUA,"3,4"
FDREU05,ZARZA,FV ZARZA,18W000000000H9ZS,Solar fotovoltaica,Venta,España,SZR,Generación,DREUA,"1,6"
FDREU06,GT PILAR,GT PILAR DE LA HORADADA,18W000000000M3FT,Solar fotovoltaica,Venta,España,SZR,Generación,DREUA,"2,0"
FDREU07,FV BANY 16,FV BANYERES 1600,18W000000000M3HP,Solar fotovoltaica,Venta,España,SZR,Generación,DREUA,"1,6"
FDREU08,FV BELINCH,FV BELINCHON,18W000000000NXG7,Solar fotovoltaica,Venta,España,SZR,Generación,DREUA,"1,3"
FDREU10,FV CHINEST,FV CHINESTRA,18W000000000SLWS,Solar fotovoltaica,Venta,España,SZR,Generación,DREUA,"1,5"
FDREU11,FV VILANOV,FV VILANOVA II,18W000000000SM2B,Solar fotovoltaica,Venta,España,SZR,Generación,DREUA,"1,8"
FDREU12,FV CATALA,FV MAS DE CATALA,18W000000000SM71,Solar fotovoltaica,Venta,España,SZR,Generación,DREUA,"1,7"
FDREU13,ALMANSA1,FV ALMANSA I,18W000000000SMAW,Solar fotovoltaica,Venta,España,SZR,Generación,DREUA,"4,6"
FDREU14,ALMANSA2,FV ALMANSA II,18W000000000SMCS,Solar fotovoltaica,Venta,España,SZR,Generación,DREUA,"2,6"
FDREU15,CONSELL,FV CONSELL,18W000000000T2E6,Solar fotovoltaica,Venta,España,SZR,Generación,DREUA,"0,9"
FDREU17,TOBOSO 1,FV TOBOSO 1,18W000000000TN08,Solar fotovoltaica,Venta,España,SZR,Generación,DREUA,"1,0"
FDREU18,MARCHAL,FV MARCHAL,18W000000000U22Q,Solar fotovoltaica,Venta,España,SZR,Generación,DREUA,"3,5"
FDREU19,HORCAJO,FV HORCAJO,18W000000000U6KF,Solar fotovoltaica,Venta,España,SZR,Generación,DREUA,"2,2"
FDREU20,TERVALIS,FV TERVALIS,18W000000000U6MB,Solar fotovoltaica,Venta,España,SZR,Generación,DREUA,"1,5"
FDREU21,FVBENEIXA,FV BENEIXAMA,18W000000000UAQS,Solar fotovoltaica,Venta,España,SZR,Generación,DREUA,"3,5"
FDREU22,FVCALERA,FV CALERA,18W000000000UTDY,Solar fotovoltaica,Venta,España,SZR,Generación,DREUA,"8,0"
FDREU23,TOBOSO 2,FV TOBOSO 2,18W000000000V1U6,Solar fotovoltaica,Venta,España,SZR,Generación,DREUA,"1,0"
FDREUA,FDREUA,UP RD 413-2014,18WFDREUA-1234-N,Solar fotovoltaica,Venta,España,SZR,Generación,DREUA,"11,4"
FDRODR2,FD2,FRODR2,18W000000000GTBK,Solar fotovoltaica,Venta,España,SZR,Generación,GESTE,"40,3"
FDRODRI,RODRIG,FVDRODRIGO,18W000000000AI3J,Solar fotovoltaica,Venta,España,SZR,Generación,GESTE,"148,3"
FDSERTO,DESERTO,DESIERTO,18W000000000P02F,Solar fotovoltaica,Venta,España,SZR,Generación,GESTE,"3,3"
FDULC5,FDULC5,UP SOLAR DULCINEA 5,18W000000000R5BB,Solar fotovoltaica,Venta,España,SZR,Generación,NEXU,"5,0"
FDULC6,FDULC6,UP SOLAR DULCINEA 6,18W000000000R5C9,Solar fotovoltaica,Venta,España,SZR,Generación,NEXU,"5,0"
FDUNAS,FDUNAS,UP DUNAS DF8 SLU,18W000000000RHRH,Solar fotovoltaica,Venta,España,AXPO ,Generación,EGLE,"17,0"
FEBISU,FEBISU,18W000000000HF6V,18W000000000HF6V,Solar fotovoltaica,Venta,España,SZR,Generación,EGLE,"9,1"
FEBLCO4,FEBLCO4,SENECA,18W000000000GFZE,Solar fotovoltaica,Venta,España,SZR,Generación,EBLCO,"38,9"
FECC01,FECC01,"FLUID ELECTRIC CAMPRODON II, S.L",18WFECC01-1234-K,Comercializadores mercado libre,Compra,España,SZR,Comercializadores,FECII,"2,0"
FECOEX1,FECOEX1,UP FV ECOINVERSION EXTREMADURA1,18WFECOEX1-123-9,Solar fotovoltaica,Venta,España,SZR,Generación,NEXU,"9,9"
FECOEX2,FECOEX2,UP FV ECOINVERSION EXT2,18WFECOEX2-123-2,Solar fotovoltaica,Venta,España,SZR,Generación,NEXU,"9,9"
FECOEX3,FECOEX3,UP FV ECOINVERSION EXT3,18WFECOEX3-123-W,Solar fotovoltaica,Venta,España,SZR,Generación,NEXU,"9,9"
FEDAC04,FEDAUP,FORCES ELECTRIQUES D'ANDORRA,18WFEDAC04-123-T,Exportación Andorra,Compra,Andorra-España,SZR,Comercializador internacional,FEDA,"107,0"
FEDRERO,FEDRERO,FEDRERO,18W000000000UU76,Solar fotovoltaica,Venta,España,SZR,Generación,CEG,"2,8"
FEEDC01,FEEDC,FEED PENINSULA,18W000000000K4HU,Comercializadores mercado libre,Compra,España,SZR,Comercializadores,FEED,"0,1"
FEGA,FEGA,18W000000000NHCQ,18W000000000NHCQ,Solar fotovoltaica,Venta,España,AXC ,Generación,EGLE,"26,9"
FEGPE1,FEGPE1,FEGPE1,18W0000000005EQ5,Solar fotovoltaica,Venta,España,SZR,Generación,ECYR,"54,5"
FEGPE2,FREGP2,FV 100 EGPE NO HAB NO,18WFEGPE2-1234-8,Solar fotovoltaica,Venta,España,END ,Generación,ECYR,"69,6"
FEGPE3,FEGPE3,FEGPE3 ZR,18W0000000004SDU,Solar fotovoltaica,Venta,España,SZR,Generación,ECYR,"1,1"
FEGPE4,FEGPE4,FEGPE4,18W000000000PLIV,Solar fotovoltaica,Venta,España,END ,Generación,ECYR,"39,9"
FEGPE5,FEGPE5,FEGPE5,18W000000000RHPL,Solar fotovoltaica,Venta,España,END ,Generación,ECYR,"95,0"
FEGPE6,FEGPE6,FV REP100 SI_ZR HAB_TER NO_RA,18W000000000RTJY,Solar fotovoltaica,Venta,España,END ,Generación,ECYR,"80,0"
FEGPEM,FV100EGHAB,FV100EGHAB,18W000000000N85U,Solar fotovoltaica,Venta,España,END ,Generación,ECYR,"383,3"
FEGPEV,FEGPEV,FEGPEV,18W000000000UAZA,Solar fotovoltaica,Venta,España,END ,Generación,ECYR,"904,6"
FEHIBHV,FEHIBHV,HIBRIDACION FV Y EOLICA,18W000000000QZS2,Híbrida renovable,Venta,España,SZR,Unidades hibridas,IBGES,"129,0"
FEKIOLA,FEKIOLA,UP SOLAR EKIOLA,18W000000000SYTW,Solar fotovoltaica,Venta,España,SZR,Generación,NEXU,"1,0"
FELCAMP,FELCAMP,PSFV-EL CAMPILLO,18W000000000RH6M,Solar fotovoltaica,Venta,España,SZR,Generación,LAUEI,"3,0"
FELLOM,FELLOM,18W000000000NQOC,18W000000000NQOC,Solar fotovoltaica,Venta,España,AXPO ,Generación,EGLE,"25,6"
FELTOLL,FELTOLL,FELTOLL,18W000000000T3Y0,Solar fotovoltaica,Venta,España,SZR,Generación,LAUEI,"3,0"
FEMCC01,MUSEROS,"FLUIDO ELECTRICO DE MUSEROS, S.C.V.",18WFEMCC01-123-5,Comercializadores mercado libre,Compra,España,SZR,Comercializadores,FEMCV,"2,2"
FENC01,FEN,FENIE ENERGIA,18WFENIEENERGIAA,Comercializadores mercado libre,Compra,España,SZR,Comercializadores,FEN,"4,0"
FENEC01,FENERGAS,FENERGAS ENERGIA SL,18W000000000U8ID,Comercializadores mercado libre,Compra,España,SZR,Comercializadores,FENER,"1,0"
FENPCX1,PPC,PORFOLIOPC,18W000000000OJ3Y,Porfolio,Compra,España,SZR,Unidades porfolio,FEN,"9.999,0"
FENPVX1,PORFOLIOV,PORFOLIOV,18W000000000OI6V,Porfolio,Venta,España,SZR,Unidades porfolio,FEN,"9.999,0"
FERGON,FERGON,UP SOLAR ERGON,18W000000000TBBM,Solar fotovoltaica,Venta,España,SZR,Generación,NEXU,"1,1"
FERNOSO,FERNOSO,UP SOLAR EL PEDERNOSO,18W000000000SQDE,Solar fotovoltaica,Venta,España,SZR,Generación,NEXU,"2,0"
FERUELA,FERUELA,UP SOLAR ERUELA,18W000000000SQBI,Solar fotovoltaica,Venta,España,SZR,Generación,NEXU,"1,2"
FESCALN,SCALN,ESCALNI,18W000000000HTY7,Solar fotovoltaica,Venta,España,SZR,Generación,GESTE,"4,7"
FESPARR,FESPARR,FESPARR PPA,18W000000000SH1S,Solar fotovoltaica,Venta,España,END ,Generación,ECYR,"42,3"
FESTACN,FESTACN,UP SOLAR LA ESTACION,18W000000000PVNS,Solar fotovoltaica,Venta,España,NEXUS ,Generación,NEXU,"30,0"
FETXUKO,FETXUKO,UP SOLAR URRETXUKO,18W000000000VBI0,Solar fotovoltaica,Venta,España,SZR,Generación,NEXU,"1,0"
FFALAMO,FFALAMO,UP FUENTE ALAMO,18W000000000G082,Solar fotovoltaica,Venta,España,SZR,Generación,NEXU,"7,0"
FFALBI2,FFALBI2,FUENTEALBILLA 2,18W000000000U8BR,Solar fotovoltaica,Venta,España,SZR,Generación,SERVC,"2,0"
FFATFW,FFATFW,UP FUENTE ALAMO III FW,18WFFATFW-1234-W,Solar fotovoltaica,Venta,España,SZR,Generación,GNRA,"9,6"
FFCYEES,FFCYE,UP REPR RE FV AGRUP,18W000000000QAQ7,Solar fotovoltaica,Venta,España,SZR,Generación,CYE,"2,0"
FFEDE,FFEDE,UP SOLAR FEDE,18W000000000QF15,Solar fotovoltaica,Venta,España,NEXUS ,Generación,NEXU,"20,0"
FFEGED,FFEGED,FFEGED,18W000000000I2NW,Solar fotovoltaica,Venta,España,SZR,Generación,EGED,"2,1"
FFENER,FFENER,UP LA FENERA,18W000000000UGFW,Solar fotovoltaica,Venta,España,SZR,Generación,EGLE,"38,9"
FFERNAN,FFERNAN,UP FV FERNANDINA II,18W000000000FT7W,Solar fotovoltaica,Venta,España,NEXUS ,Generación,NEXU,"45,8"
FFFGASN,FFFGASN,FFFGASN,18W000000000O9Z0,Solar fotovoltaica,Venta,España,SZR,Generación,GNCO,"348,8"
FFGAC,FFGAC,FFGAC,18W000000000RUIX,Solar fotovoltaica,Venta,España,SZR,Generación,GAC,"5,0"
FFGASN,FFGASN,FFGASN,18W000000000G53Y,Solar fotovoltaica,Venta,España,SZR,Generación,GNCO,"0,5"
FFIBGES,FFIBGES,FFIBGES,18W000000000I7A6,Solar fotovoltaica,Venta,España,SZR,Generación,IBGES,"205,6"
FFINID,FFINID,UP FINIDI SOLAR SL,18W000000000UYCL,Solar fotovoltaica,Venta,España,SZR,Generación,EGLE,"4,5"
FFIRSTW,FIRST WAVE,FIRST WAVE SERVICES,18W000000000PXD5,Solar fotovoltaica,Venta,España,SZR,Generación,EBLCO,"4,5"
FFNEXU,FFNEXU,RE TARIFA (AGRUPACION),18WFFNEXU-1234-4,Solar fotovoltaica,Venta,España,SZR,Generación,NEXU,"112,3"
FFRAGA1,FFRAGA1,UP SOLAR FRAGA 1,18W000000000USXY,Solar fotovoltaica,Venta,España,SZR,Generación,NEXU,"29,0"
FFRSPRA,FFRSPRA,18WFFRSPRA-123-B,18WFFRSPRA-123-B,Solar fotovoltaica,Venta,España,SZR,Generación,RSPRA,"38,6"
FFUEPSP,FFUEPSP,FFUEPSP,18W000000000TZN0,Solar fotovoltaica,Venta,España,SZR,Generación,SOLRC,"9,9"
FFUNDI,FFUNDI,UP FUNDICI HIVE  SLU,18W000000000SF4S,Solar fotovoltaica,Venta,España,AXPO ,Generación,EGLE,"42,6"
FFV124,FFV124,18W000000000OMJU,18W000000000OMJU,Solar fotovoltaica,Venta,España,AXPO ,Generación,EGLE,"43,7"
FFV154,FFV154,UP PLANTA FV 154 SL,18W000000000R34V,Solar fotovoltaica,Venta,España,AXPO ,Generación,EGLE,"40,0"
FFV155,FFV155,UP PLANTA FV 155 SL,18W000000000R35T,Solar fotovoltaica,Venta,España,AXPO ,Generación,EGLE,"40,0"
FFWMARK,FFWMARK,FOTOVOLTAICA MAYOR DE 10 MW WMARK,18WFFWMARK-123-7,Solar fotovoltaica,Venta,España,SZR,Generación,WMARK,"67,1"
FFYECL1,FFYECL1,UP SOLAR YECLA 1,18W000000000R6T9,Solar fotovoltaica,Venta,España,SZR,Generación,NEXU,"2,7"
FFYECL2,FFYECL2,UP SOLAR YECLA 2,18W000000000R6U7,Solar fotovoltaica,Venta,España,SZR,Generación,NEXU,"2,4"
FFYECL3,FFYECL3,UP SOLAR YECLA 3,18W000000000R6V5,Solar fotovoltaica,Venta,España,SZR,Generación,NEXU,"2,4"
FGALERA,FGALERA,UP SOLAR LA GALERA,18W000000000SUB6,Solar fotovoltaica,Venta,España,SZR,Generación,NEXU,"2,0"
FGAMMAI,FGAMMAI,FGAMMAI,18W000000000V9EE,Solar fotovoltaica,Venta,España,SZR,Generación,SOLRC,"147,2"
FGAMNSA,FGAMNSA,UP SOLAR,18W000000000SUV3,Solar fotovoltaica,Venta,España,SZR,Generación,NEXU,"1,5"
FGAMONL,GMNL,GAMONAL,18W000000000Q7F1,Solar fotovoltaica,Venta,España,SZR,Generación,GESTE,"5,7"
FGASN2U,FGASN2U,FGASN2U,18W000000000TMCO,Solar fotovoltaica,Venta,España,NTG ,Generación,GNCO,"313,4"
FGASNE2,FGASNE2,FGASNE2,18W000000000IT2U,Solar fotovoltaica,Venta,España,NTG ,Generación,GNCO,"270,4"
FGAZ1,FGAZ1,FGAZ1,18W000000000R1M1,Solar fotovoltaica,Venta,España,ALP ,Generación,HISPE,"46,0"
FGAZ2,GAZ2,GAZ2,18W000000000R799,Solar fotovoltaica,Venta,España,ALP ,Generación,HISPE,"46,0"
FGEFG,FGEFG,FOTOV SUP 1MW,18WFGEFG-12345-6,Solar fotovoltaica,Venta,España,SZR,Generación,EFG,"69,9"
FGENIA,FGENIA,18W000000000N00R,18W000000000N00R,Solar fotovoltaica,Venta,España,SZR,Generación,EGLE,"250,0"
FGENIL1,GNL1,GENIL1,18W000000000NXWC,Solar fotovoltaica,Venta,España,SZR,Generación,GESTE,"4,2"
FGENIL2,GEL2,GENIL2,18W000000000NXXA,Solar fotovoltaica,Venta,España,SZR,Generación,GESTE,"1,2"
FGFBAR,FGFBAR,UP GENERACIN FOTOVOLTAICA DE BARGAS SL,18W000000000SXP6,Solar fotovoltaica,Venta,España,SZR,Generación,EGLE,"38,4"
FGIL1,FGIL1,FGIL1,18W000000000TB9Q,Solar fotovoltaica,Venta,España,SZR,Generación,CEG,"10,0"
FGILENA,GILLENA,GUILLENA,18W000000000PU8O,Solar fotovoltaica,Venta,España,SZR,Generación,GESTE,"37,2"
FGMNRJ,FGMNRJ,UP SOLAR GAMONAREJO,18W000000000K2JW,Solar fotovoltaica,Venta,España,NEXUS ,Generación,NEXU,"43,1"
FGORBEI,FGORBEI,UP SOLAR GORBEIALDEKO,18W000000000T70J,Solar fotovoltaica,Venta,España,SZR,Generación,NEXU,"1,0"
FGRIJO3,FGRIJO3,UP GRIJOTA3,18W000000000VAG7,Solar fotovoltaica,Venta,España,SZR,Generación,NEXU,"49,0"
FGROMAN,FGROMAN,UP SOLAR GUARROMAN 81,18W000000000SKT0,Solar fotovoltaica,Venta,España,SZR,Generación,NEXU,"5,0"
FGST135,TORRE,TORRECILLA1,18W000000000RSEA,Solar fotovoltaica,Venta,España,SZR,Generación,GESTE,"3,5"
FGST136,TORREC,TORRECILLA2,18W000000000RSG6,Solar fotovoltaica,Venta,España,SZR,Generación,GESTE,"2,2"
FGST137,FGST137,FGST137,18W000000000RSKZ,Solar fotovoltaica,Venta,España,SZR,Generación,GESTE,"41,2"
FGST138,FGST138,FGST138,18W000000000RSMV,Solar fotovoltaica,Venta,España,SZR,Generación,GESTE,"41,2"
FGST139,FGST139,FGST139,18W000000000RSOR,Solar fotovoltaica,Venta,España,SZR,Generación,GESTE,"41,2"
FGST140,FGST140,FGST140,18W000000000RSQN,Solar fotovoltaica,Venta,España,SZR,Generación,GESTE,"41,2"
FGST141,FGST141,FGST141,18W000000000RSSJ,Solar fotovoltaica,Venta,España,SZR,Generación,GESTE,"41,2"
FGST142,FGST142,FGST142,18W000000000RSUF,Solar fotovoltaica,Venta,España,SZR,Generación,GESTE,"41,2"
FGST143,FGST143,FGST143,18W000000000RSWB,Solar fotovoltaica,Venta,España,SZR,Generación,GESTE,"41,2"
FGST144,ALTOM,ALTOMOMPLANETE,18W000000000RTTE,Solar fotovoltaica,Venta,España,SZR,Generación,GESTE,"0,9"
FGST145,FGST145,FGST145,18W000000000RV2P,Solar fotovoltaica,Venta,España,GST1 ,Generación,GESTE,"40,0"
FGST150,FGST150,FGST150,18W000000000RX3H,Solar fotovoltaica,Venta,España,SZR,Generación,GESTE,"100,0"
FGST151,FGST151,FGST151,18W000000000RX5D,Solar fotovoltaica,Venta,España,SZR,Generación,GESTE,"150,0"
FGST152,FGST152,FGST152,18W000000000RX79,Solar fotovoltaica,Venta,España,SZR,Generación,GESTE,"150,0"
FGST153,FGST153,FGST153,18W000000000S120,Solar fotovoltaica,Venta,España,SZR,Generación,GESTE,"1,4"
FGST154,FGST154,FGST154,18W000000000S1UI,Solar fotovoltaica,Venta,España,SZR,Generación,GESTE,"1,0"
FGST155,FGST155,FGST155,18W000000000S43Q,Solar fotovoltaica,Venta,España,SZR,Generación,GESTE,"1,4"
FGST156,FGST156,FGST156,18W000000000S4IX,Solar fotovoltaica,Venta,España,SZR,Generación,GESTE,"3,0"
FGST157,FGST157,FGST157,18W000000000S8BZ,Solar fotovoltaica,Venta,España,SZR,Generación,GESTE,"2,0"
FGST158,FGST158,FGST158,18W000000000SA54,Solar fotovoltaica,Venta,España,SZR,Generación,GESTE,"0,5"
FGST159,FGST159,FGST159,18W000000000SAAV,Solar fotovoltaica,Venta,España,SZR,Generación,GESTE,"0,9"
FGST160,FGST160,FGST160,18W000000000SFF6,Solar fotovoltaica,Venta,España,SZR,Generación,GESTE,"3,5"
FGST161,FGST161,FGST161,18W000000000SFH2,Solar fotovoltaica,Venta,España,SZR,Generación,GESTE,"4,0"
FGST162,FGST162,FGST162,18W000000000SIHU,Solar fotovoltaica,Venta,España,SZR,Generación,GESTE,"22,8"
FGST167,FGST167,FGST167,18W000000000SMIG,Solar fotovoltaica,Venta,España,SZR,Generación,GESTE,"1,9"
FGST168,FGST168,FGST168,18W000000000SXR2,Solar fotovoltaica,Venta,España,SZR,Generación,GESTE,"16,4"
FGST169,FGST169,FGST169,18W000000000SYFN,Solar fotovoltaica,Venta,España,SZR,Generación,GESTE,"1,2"
FGST170,FGST170,FGST170,18W000000000SYHJ,Solar fotovoltaica,Venta,España,SZR,Generación,GESTE,"5,0"
FGST171,FGST171,FGST171,18W000000000SYKD,Solar fotovoltaica,Venta,España,SZR,Generación,GESTE,"4,4"
FGST176,FGST176,FGST176,18W000000000T3JU,Solar fotovoltaica,Venta,España,SZR,Generación,GESTE,"130,0"
FGST177,FGST177,FGST177,18W000000000T3LQ,Solar fotovoltaica,Venta,España,SZR,Generación,GESTE,"193,2"
FGST178,FGST178,FGST178,18W000000000T3QG,Solar fotovoltaica,Venta,España,SZR,Generación,GESTE,"4,7"
FGST179,FGST179,FGST179,18W000000000T4OH,Solar fotovoltaica,Venta,España,SZR,Generación,GESTE,"3,0"
FGST180,FGST180,FGST180,18W000000000T4QD,Solar fotovoltaica,Venta,España,SZR,Generación,GESTE,"3,0"
FGST181,FGST181,FGST181,18W000000000T4S9,Solar fotovoltaica,Venta,España,SZR,Generación,GESTE,"3,0"
FGST183,FGST183,FGST183,18W000000000T6Q7,Solar fotovoltaica,Venta,España,SZR,Generación,GESTE,"2,8"
FGST184,FGST184,FGST184,18W000000000T6S3,Solar fotovoltaica,Venta,España,SZR,Generación,GESTE,"4,0"
FGST185,FGST185,FGST185,18W000000000T6VY,Solar fotovoltaica,Venta,España,GST1 ,Generación,GESTE,"6,0"
FGST186,FGST186,FGST186,18W000000000T791,Solar fotovoltaica,Venta,España,SZR,Generación,GESTE,"3,0"
FGST187,FGST187,FGST187,18W000000000T7CW,Solar fotovoltaica,Venta,España,SZR,Generación,GESTE,"0,9"
FGST189,FGST189,FGST189,18W000000000T90D,Solar fotovoltaica,Venta,España,SZR,Generación,GESTE,"4,7"
FGST193,FGST193,FGST193,18W000000000TAAR,Solar fotovoltaica,Venta,España,SZR,Generación,GESTE,"2,4"
FGST194,FGST194,FGST194,18W000000000TADL,Solar fotovoltaica,Venta,España,SZR,Generación,GESTE,"1,5"
FGST196,FGST196,FGST196,18W000000000TAK7,Solar fotovoltaica,Venta,España,SZR,Generación,GESTE,"3,7"
FGST197,FGST197,FGST197,18W000000000TAPY,Solar fotovoltaica,Venta,España,SZR,Generación,GESTE,"4,1"
FGST199,FGST199,FGST199,18W000000000TATQ,Solar fotovoltaica,Venta,España,SZR,Generación,GESTE,"1,2"
FGST204,FGST204,FGST204,18W000000000TCI5,Solar fotovoltaica,Venta,España,SZR,Generación,GESTE,"2,0"
FGST205,FGST205,FGST205,18W000000000TCK1,Solar fotovoltaica,Venta,España,SZR,Generación,GESTE,"3,0"
FGST206,FGST206,FGST206,18W000000000TCNW,Solar fotovoltaica,Venta,España,SZR,Generación,GESTE,"2,0"
FGST210,FGST210,FGST210,18W000000000TFRF,Solar fotovoltaica,Venta,España,SZR,Generación,GESTE,"4,2"
FGST211,FGST211,FGST211,18W000000000TFTB,Solar fotovoltaica,Venta,España,SZR,Generación,GESTE,"3,0"
FGST212,FGST212,FGST212,18W000000000TFV7,Solar fotovoltaica,Venta,España,SZR,Generación,GESTE,"3,0"
FGST213,FGST213,FGST213,18W000000000THLL,Solar fotovoltaica,Venta,España,SZR,Generación,GESTE,"3,3"
FGST214,FGST214,FGST214,18W000000000TJ68,Solar fotovoltaica,Venta,España,SZR,Generación,GESTE,"0,9"
FGST215,FGST215,FGST215,18W000000000TNJ7,Solar fotovoltaica,Venta,España,SZR,Generación,GESTE,"1,8"
FGST216,FGST216,FGST216,18W000000000TNL3,Solar fotovoltaica,Venta,España,SZR,Generación,GESTE,"1,7"
FGST217,FGST217,FGST217,18W000000000TNOY,Solar fotovoltaica,Venta,España,SZR,Generación,GESTE,"1,1"
FGST218,FGST218,FGST218,18W000000000TNQU,Solar fotovoltaica,Venta,España,SZR,Generación,GESTE,"2,0"
FGST219,FGST219,FGST219,18W000000000TO05,Solar fotovoltaica,Venta,España,SZR,Generación,GESTE,"1,8"
FGST220,FGST220,FGST220,18W000000000TO21,Solar fotovoltaica,Venta,España,SZR,Generación,GESTE,"1,7"
FGST221,FGST221,FGST221,18W000000000TO5W,Solar fotovoltaica,Venta,España,SZR,Generación,GESTE,"3,0"
FGST222,FGST222,FGST222,18W000000000TO7S,Solar fotovoltaica,Venta,España,SZR,Generación,GESTE,"9,9"
FGST224,FGST224,FGST224,18W000000000TOBK,Solar fotovoltaica,Venta,España,SZR,Generación,GESTE,"1,6"
FGST225,FGST225,FGST225,18W000000000TOFC,Solar fotovoltaica,Venta,España,SZR,Generación,GESTE,"10,0"
FGST226,FGST226,FGST226,18W000000000TOH8,Solar fotovoltaica,Venta,España,SZR,Generación,GESTE,"2,0"
FGST227,FGST227,FGST227,18W000000000TOOV,Solar fotovoltaica,Venta,España,SZR,Generación,GESTE,"10,0"
FGST231,FGST231,FGST231,18W000000000U5KI,Solar fotovoltaica,Venta,España,SZR,Generación,GESTE,"4,0"
FGST232,FGST232,FGST232,18W000000000U6N9,Solar fotovoltaica,Venta,España,SZR,Generación,GESTE,"2,0"
FGST233,FGST233,FGST233,18W000000000U6Q3,Solar fotovoltaica,Venta,España,SZR,Generación,GESTE,"2,0"
FGST234,FGST234,FGST234,18W000000000U6TY,Solar fotovoltaica,Venta,España,SZR,Generación,GESTE,"2,0"
FGST235,FGST235,FGST235,18W000000000U6VU,Solar fotovoltaica,Venta,España,SZR,Generación,GESTE,"1,9"
FGST236,FGST236,FGST236,18W000000000U6XQ,Solar fotovoltaica,Venta,España,SZR,Generación,GESTE,"1,9"
FGST241,FGST241,FGST241,18W000000000U7N6,Solar fotovoltaica,Venta,España,SZR,Generación,GESTE,"4,2"
FGST242,FGST242,FGST242,18W000000000U7P2,Solar fotovoltaica,Venta,España,SZR,Generación,GESTE,"4,0"
FGST243,FGST243,FGST243,18W000000000U7RZ,Solar fotovoltaica,Venta,España,SZR,Generación,GESTE,"9,8"
FGST245,FGST246,FGST245,18W000000000U8ZG,Solar fotovoltaica,Venta,España,GST1 ,Generación,GESTE,"50,0"
FGST246,FGST246,FGST246,18W000000000UASO,Solar fotovoltaica,Venta,España,SZR,Generación,GESTE,"75,0"
FGST248,FGST248,FGST248,18W000000000UAWG,Solar fotovoltaica,Venta,España,SZR,Generación,GESTE,"1,4"
FGST249,FGST249,FGST249,18W000000000UE9D,Solar fotovoltaica,Venta,España,SZR,Generación,GESTE,"20,0"
FGST250,FGST250,FGST250,18W000000000UEB9,Solar fotovoltaica,Venta,España,SZR,Generación,GESTE,"2,4"
FGST251,FGST251,FGST251,18W000000000UF0S,Solar fotovoltaica,Venta,España,SZR,Generación,GESTE,"16,0"
FGST252,FGST252,FGST252,18W000000000UG2L,Solar fotovoltaica,Venta,España,SZR,Generación,GESTE,"40,0"
FGST253,FGST253,FGST253,18W000000000UG4H,Solar fotovoltaica,Venta,España,GST1 ,Generación,GESTE,"40,0"
FGST254,FGST254,FGST254,18W000000000UG6D,Solar fotovoltaica,Venta,España,GST1 ,Generación,GESTE,"36,6"
FGST255,FGST255,FGST255,18W000000000UG89,Solar fotovoltaica,Venta,España,GST1 ,Generación,GESTE,"36,6"
FGST256,FGST256,FGST256,18W000000000UGA5,Solar fotovoltaica,Venta,España,GST1 ,Generación,GESTE,"36,6"
FGST261,FGST261,FGST261,18W000000000UKEM,Solar fotovoltaica,Venta,España,SZR,Generación,GESTE,"5,9"
FGST262,FGST262,FGST262,18W000000000UKGI,Solar fotovoltaica,Venta,España,SZR,Generación,GESTE,"1,0"
FGST263,FGST263,FGST263,18W000000000UQQH,Solar fotovoltaica,Venta,España,SZR,Generación,GESTE,"3,7"
FGST264,FGST264,FGST264,18W000000000UQSD,Solar fotovoltaica,Venta,España,SZR,Generación,GESTE,"1,2"
FGST265,FGST265,FGST265,18W000000000UQU9,Solar fotovoltaica,Venta,España,SZR,Generación,GESTE,"1,8"
FGST266,FGST266,FGST266,18W000000000UQW5,Solar fotovoltaica,Venta,España,SZR,Generación,GESTE,"1,0"
FGST267,FGST267,FGST267,18W000000000UQY1,Solar fotovoltaica,Venta,España,SZR,Generación,GESTE,"4,4"
FGST268,FGST268,FGST268,18W000000000UR2P,Solar fotovoltaica,Venta,España,SZR,Generación,GESTE,"7,5"
FGST269,FGST269,FGST269,18W000000000UR4L,Solar fotovoltaica,Venta,España,SZR,Generación,GESTE,"1,8"
FGST270,FGST270,FGST270,18W000000000UR6H,Solar fotovoltaica,Venta,España,SZR,Generación,GESTE,"4,5"
FGST271,FGST271,FGST271,18W000000000UR8D,Solar fotovoltaica,Venta,España,SZR,Generación,GESTE,"1,8"
FGST272,FGST272,FGST272,18W000000000UKUR,Solar fotovoltaica,Venta,España,SZR,Generación,GESTE,"1,4"
FGST273,FGST273,FGST273,18W000000000UN04,Solar fotovoltaica,Venta,España,SZR,Generación,GESTE,"1,8"
FGST274,FGST274,FGST274,18W000000000UN20,Solar fotovoltaica,Venta,España,SZR,Generación,GESTE,"1,8"
FGST275,FGST275,FGST275,18W000000000UN4X,Solar fotovoltaica,Venta,España,SZR,Generación,GESTE,"1,8"
FGST276,FGST276,FGST276,18W000000000UN6T,Solar fotovoltaica,Venta,España,SZR,Generación,GESTE,"1,6"
FGST277,FGST277,FGST277,18W000000000UN8P,Solar fotovoltaica,Venta,España,SZR,Generación,GESTE,"1,8"
FGST278,FGST278,FGST278,18W000000000UNAL,Solar fotovoltaica,Venta,España,SZR,Generación,GESTE,"1,8"
FGST279,FGST279,FGST279,18W000000000UKWN,Solar fotovoltaica,Venta,España,SZR,Generación,GESTE,"3,5"
FGST280,FGST280,FGST280,18W000000000ULBP,Solar fotovoltaica,Venta,España,SZR,Generación,GESTE,"1,5"
FGST281,FGST281,FGST281,18W000000000ULSS,Solar fotovoltaica,Venta,España,SZR,Generación,GESTE,"1,8"
FGST282,FGST282,FGST282,18W000000000ULUO,Solar fotovoltaica,Venta,España,SZR,Generación,GESTE,"1,2"
FGST283,FGST283,FGST283,18W000000000ULWK,Solar fotovoltaica,Venta,España,SZR,Generación,GESTE,"1,0"
FGST284,FGST284,FGST284,18W000000000UM23,Solar fotovoltaica,Venta,España,SZR,Generación,GESTE,"2,0"
FGST285,FGST285,FGST285,18W000000000UM5Y,Solar fotovoltaica,Venta,España,SZR,Generación,GESTE,"2,0"
FGST286,FGST286,FGST286,18W000000000UM7U,Solar fotovoltaica,Venta,España,SZR,Generación,GESTE,"2,0"
FGST287,FGST287,FGST287,18W000000000UNCH,Solar fotovoltaica,Venta,España,SZR,Generación,GESTE,"1,0"
FGST288,FGST288,FGST288,18W000000000UNED,Solar fotovoltaica,Venta,España,SZR,Generación,GESTE,"2,0"
FGST289,FGST289,FGST289,18W000000000UM9Q,Solar fotovoltaica,Venta,España,SZR,Generación,GESTE,"1,8"
FGST290,FGST290,FGST290,18W000000000UMBM,Solar fotovoltaica,Venta,España,SZR,Generación,GESTE,"1,8"
FGST291,FGST291,FGST291,18W000000000UMDI,Solar fotovoltaica,Venta,España,SZR,Generación,GESTE,"2,1"
FGST292,FGST292,FGST292,18W000000000UMFE,Solar fotovoltaica,Venta,España,SZR,Generación,GESTE,"1,7"
FGST293,FGST293,FGST293,18W000000000UMOX,Solar fotovoltaica,Venta,España,SZR,Generación,GESTE,"3,7"
FGST294,FGST294,FGST294,18W000000000UMQT,Solar fotovoltaica,Venta,España,SZR,Generación,GESTE,"1,7"
FGST295,FGST295,FGST295,18W000000000UMSP,Solar fotovoltaica,Venta,España,SZR,Generación,GESTE,"1,1"
FGST296,FGST296,FGST296,18W000000000UMUL,Solar fotovoltaica,Venta,España,SZR,Generación,GESTE,"4,8"
FGST297,FGST297,FGST297,18W000000000UMYD,Solar fotovoltaica,Venta,España,SZR,Generación,GESTE,"2,0"
FGST298,FGST298,FGST298,18W000000000UNG9,Solar fotovoltaica,Venta,España,SZR,Generación,GESTE,"2,9"
FGST299,FGST299,FGST299,18W000000000UPMS,Solar fotovoltaica,Venta,España,GST1 ,Generación,GESTE,"27,3"
FGST304,FGST304,FGST304,18W000000000TXN6,Solar fotovoltaica,Venta,España,SZR,Generación,GESTE,"42,0"
FGST305,FGST305,FGST305,18W000000000TXP2,Solar fotovoltaica,Venta,España,SZR,Generación,GESTE,"42,0"
FGST306,FGST306,FGST306,18W000000000TXRZ,Solar fotovoltaica,Venta,España,SZR,Generación,GESTE,"42,0"
FGST307,FGST307,FGST307,18W000000000TXTV,Solar fotovoltaica,Venta,España,GST1 ,Generación,GESTE,"49,8"
FGST309,FGST309,FGST309,18W000000000UPPM,Solar fotovoltaica,Venta,España,SZR,Generación,GESTE,"2,5"
FGST310,FGST310,FGST310,18W000000000UPRI,Solar fotovoltaica,Venta,España,SZR,Generación,GESTE,"3,0"
FGST311,FGST311,FGST311,18W000000000UPTE,Solar fotovoltaica,Venta,España,GST1 ,Generación,GESTE,"20,0"
FGST312,FGST312,FGST312,18W000000000UQ9E,Solar fotovoltaica,Venta,España,SZR,Generación,GESTE,"1,2"
FGST313,FGST313,FGST313,18W000000000URQE,Solar fotovoltaica,Venta,España,SZR,Generación,GESTE,"1,1"
FGST314,FGST314,FGST314,18W000000000US8A,Solar fotovoltaica,Venta,España,SZR,Generación,GESTE,"2,0"
FGST315,FGST315,FGST315,18W000000000USA6,Solar fotovoltaica,Venta,España,SZR,Generación,GESTE,"1,1"
FGST316,FGST316,FGST316,18W000000000USC2,Solar fotovoltaica,Venta,España,SZR,Generación,GESTE,"1,2"
FGST317,FGST317,FGST317,18W000000000USEZ,Solar fotovoltaica,Venta,España,SZR,Generación,GESTE,"2,4"
FGST318,FGST318,FGST318,18W000000000UW54,Solar fotovoltaica,Venta,España,SZR,Generación,GESTE,"4,2"
FGST319,FGST319,FGST319,18W000000000UYEH,Solar fotovoltaica,Venta,España,SZR,Generación,GESTE,"25,0"
FGST320,FGST320,FGST320,18W000000000UZ4Y,Solar fotovoltaica,Venta,España,SZR,Generación,GESTE,"43,3"
FGST325,FGST325,FGST325,18W000000000V1QE,Solar fotovoltaica,Venta,España,SZR,Generación,GESTE,"319,7"
FGST326,FGST326,FGST326,18W000000000V51F,Solar fotovoltaica,Venta,España,SZR,Generación,GESTE,"28,5"
FGST329,FGST329,FGST329,18W000000000V8K5,Solar fotovoltaica,Venta,España,GST1 ,Generación,GESTE,"25,6"
FGST330,FGST330,FGST330,18W000000000V9OV,Solar fotovoltaica,Venta,España,SZR,Generación,GESTE,"28,5"
FGST331,FGST331,FGST331,18W000000000VGP8,Solar fotovoltaica,Venta,España,SZR,Generación,GESTE,"3,0"
FGST333,FGST333,FGST333,18W000000000VHFP,Solar fotovoltaica,Venta,España,SZR,Generación,GESTE,"41,0"
FGST334,FGST334,FGST334,18W000000000VHN9,Solar fotovoltaica,Venta,España,SZR,Generación,GESTE,"43,0"
FGST335,FGST335,FGST335,18W000000000VHP5,Solar fotovoltaica,Venta,España,SZR,Generación,GESTE,"4,2"
FGUADCZ,FGUADCZ,UP SOLAR GUADALCUZAR,18W000000000U2ZY,Solar fotovoltaica,Venta,España,SZR,Generación,NEXU,"36,0"
FGUILLE,SFGUILLENA,SFGUILLENA,18W000000000H6OM,Solar fotovoltaica,Venta,España,SZR,Generación,HISPE,"100,0"
FGUTERA,FGUTERA,UP SOLAR GUTERA,18W000000000UTJM,Solar fotovoltaica,Venta,España,SZR,Generación,NEXU,"1,0"
FGZMAN,FGZMAN,FGZMAN,18W000000000ULQW,Solar fotovoltaica,Venta,España,SZR,Generación,CEG,"42,4"
FHELIO1,FHELIO1,UP SOLAR HELIOS 1,18W000000000M17E,Solar fotovoltaica,Venta,España,SZR,Generación,NEXU,"10,0"
FHELIO2,FHELIO2,UP SOLAR HELIOS 2,18W000000000M18C,Solar fotovoltaica,Venta,España,SZR,Generación,NEXU,"10,0"
FHELVES,FHELVES,UP SOLAR HUELVES,18W000000000UGC1,Solar fotovoltaica,Venta,España,SZR,Generación,NEXU,"2,0"
FHERCON,FHERCON,FHERCON,18W000000000UKCQ,Almacenamiento,Compra,España,SZR,Unidades de almacenamiento,SOLRC,"11,0"
FHERGEN,FHERGEN,FHERGEN,18W000000000UK9W,Híbrida renovable-almacenamiento,Venta,España,SZR,Unidades hibridas,SOLRC,"35,1"
FHIBGES,FHIBGES,FOTOVOLTAICA HABILITADA EN ZR,18W000000000NXPQ,Solar fotovoltaica,Venta,España,SZR,Generación,IBGES,"157,1"
FHOTEI,FHOTEI,UP HOTEI SOLAR SL,18W000000000T4D2,Solar fotovoltaica,Venta,España,SZR,Generación,EGLE,"45,0"
FHRRERA,FHRRERA,UP SOLAR LA HERRERA,18W000000000R9NC,Solar fotovoltaica,Venta,España,SZR,Generación,NEXU,"4,0"
FHUCENA,FHUCENA,UP SOLAR CHUCENA,18W000000000UEU8,Solar fotovoltaica,Venta,España,SZR,Generación,NEXU,"29,6"
FHUMILL,FHUMILL,UP SOLAR HUMILLADERO,18W000000000VH74,Solar fotovoltaica,Venta,España,SZR,Generación,NEXU,"3,5"
FIBGEAR,FIBGEAR,FIBGEAR,18W000000000RHX5,Solar fotovoltaica,Venta,España,IBEG ,Generación,IBGES,"106,0"
FIBGEBA,FIBGEBA,FIBGEBA,18W000000000V8BN,Solar fotovoltaica,Venta,España,SZR,Generación,IBGES,"76,0"
FIBGECA,FIBGECA,HIBRIDACION FV CAMPOARAÑUELO,18W000000000RQXF,Híbrida renovable-almacenamiento,Venta,España,IBEG ,Unidades hibridas,IBGES,"31,0"
FIBGECE,FIBGECE,FIBGECE,18W000000000RHZ1,Solar fotovoltaica,Venta,España,SZR,Generación,IBGES,"267,0"
FIBGECP,FIBGECP,FIBGECP,18W000000000TGOI,Solar fotovoltaica,Venta,España,SZR,Generación,IBGES,"250,0"
FIBGECR,FIBGECR,FV CIUDAD RODRIGO,18W000000000THNH,Solar fotovoltaica,Venta,España,SZR,Generación,IBGES,"236,0"
FIBGEMS,FIBGEMS,FIBGEMS,18W000000000TGJS,Solar fotovoltaica,Venta,España,IBEG ,Generación,IBGES,"76,0"
FIBGENB,FIBGENB,FV NUÑEZ DE BALBOA,18W000000000RHW7,Solar fotovoltaica,Venta,España,IBEG ,Generación,IBGES,"391,0"
FIBGEOR,FIBGEOR,FOTOVOLTAICA ORIOL,18W000000000RHY3,Solar fotovoltaica,Venta,España,IBEG ,Generación,IBGES,"237,0"
FIBGEPE,FIBGEPE,FIBGEPE,18W000000000TGNK,Solar fotovoltaica,Venta,España,SZR,Generación,IBGES,"41,1"
FIBGEPI,FIBGEPI,FV FRANCISCO PIZARRO,18W000000000RHV9,Solar fotovoltaica,Venta,España,IBEG ,Generación,IBGES,"430,0"
FIBGETA,FIEBGETA,FIBGETA,18W000000000S9TX,Solar fotovoltaica,Venta,España,IBEG ,Generación,IBGES,"305,7"
FIBGEVE,FIBGEVE,FIBGEVE,18W000000000S9UV,Solar fotovoltaica,Venta,España,SZR,Generación,IBGES,"250,0"
FIBGEVI,FIBGEVI,FIBGEVI,18W000000000TGMM,Solar fotovoltaica,Venta,España,SZR,Generación,IBGES,"37,5"
FIBGT12,FIBGT12,FIBGT12,18W000000000TGKQ,Solar fotovoltaica,Venta,España,IBEG ,Generación,IBGES,"74,0"
FIBGT34,FIBGT34,FIBGT34,18W000000000TGLO,Solar fotovoltaica,Venta,España,IBEG ,Generación,IBGES,"74,0"
FIGAC,GACFOTOV2,GAC FOTOV MAYOR 1MW,18W000000000NLLX,Solar fotovoltaica,Venta,España,SZR,Generación,GAC,"2,0"
FIIBGES,FIIBGES,FIIBGES,18W000000000Q7E3,Solar fotovoltaica,Venta,España,IBEG ,Generación,IBGES,"141,9"
FIJOTA4,FIJOTA4,UP SOLAR GRIJOTA 4,18W000000000UQMP,Solar fotovoltaica,Venta,España,SZR,Generación,NEXU,"48,5"
FIJOTA5,FIJOTA5,UP SOLAR GRIJOTA 5,18W000000000UQKT,Solar fotovoltaica,Venta,España,SZR,Generación,NEXU,"48,5"
FIM2SLR,IM2,IM2SOLAR,18W000000000KSNK,Solar fotovoltaica,Venta,España,SZR,Generación,GESTE,"1,0"
FINDINA,FINDINA,UF SOLAR LA INDIANA,18W000000000RN64,Solar fotovoltaica,Venta,España,SZR,Generación,NEXU,"3,3"
FINFREN,FINFREN,UP FV INFRACLASS RENEWABLES SPAIN SL,18WFINFREN-123-X,Solar fotovoltaica,Venta,España,SZR,Generación,NEXU,"6,7"
FINISTA,FINISTA,UP SOLAR FINISTA,18W000000000VBCC,Solar fotovoltaica,Venta,España,SZR,Generación,NEXU,"2,6"
FITAMAR,ES-FITAMAR,FV ES-FITAMAR,18W000000000SWQ7,Solar fotovoltaica,Venta,España,SZR,Generación,EBLCO,"8,1"
FJALON1,FJALON1,FJALON1,18W000000000TB5Y,Solar fotovoltaica,Venta,España,SZR,Generación,CEG,"46,5"
FJU1136,FJU1136,FJU1136,18W000000000UDRH,Solar fotovoltaica,Venta,España,SZR,Generación,SOLRC,"41,0"
FJU2135,FJU2135,FJU2135,18W000000000UDTD,Solar fotovoltaica,Venta,España,SZR,Generación,SOLRC,"36,2"
FJUNCAL,D JUNCAL,DUERO JUNCAL,18WFJUNCAL-123-8,Solar fotovoltaica,Venta,España,SZR,Generación,GESTE,"9,9"
FJUNEDA,FJUNEDA,UP SOLAR JUNEDA,18W000000000RCDN,Solar fotovoltaica,Venta,España,SZR,Generación,NEXU,"1,7"
FKALEL,FKALEL,UP KALEL SN POWER,18W000000000QXD1,Solar fotovoltaica,Venta,España,SZR,Generación,EGLE,"2,1"
FKAPPA,FKAPPA,FKAPPA,18W000000000KOAL,Solar fotovoltaica,Venta,España,SZR,Generación,REPSB,"30,3"
FKAPPG,KAPPAG,KAPPA GESTIONABLE,18W000000000PD65,Solar fotovoltaica,Venta,España,REPSOL ,Generación,REPSB,"75,9"
FKELLY,FKELLY,UP KELLY SOLAR SL,18W000000000SG3R,Solar fotovoltaica,Venta,España,SZR,Generación,EGLE,"4,5"
FKGAC,GACFOTOV3,GAC FOTOV MAYOR 1MW,18W000000000NLKZ,Solar fotovoltaica,Venta,España,SZR,Generación,GAC,"3,0"
FLACAB,LACABRITA,LACABRITA,18W000000000KZBN,Solar fotovoltaica,Venta,España,ALP ,Generación,HISPE,"42,4"
FLAISLA,FLAISLA,UP SOLAR LA ISLA,18W000000000R310,Solar fotovoltaica,Venta,España,SZR,Generación,NEXU,"157,5"
FLAMC01,FLAMC01,FLAMAGAS LLINARS SLU,18W000000000AQEA,Consumos directos en mercado,Compra,España,SZR,Consum. directos a mercado,FLAMA,"1,4"
FLARRAL,LARRAL,UP SOLAR LARRAL,18W000000000RPGF,Solar fotovoltaica,Venta,España,NEXUS ,Generación,NEXU,"40,0"
FLASTR2,LSTS,LASTRA,18W000000000NZY2,Solar fotovoltaica,Venta,España,SZR,Generación,GESTE,"35,0"
FLASTRA,LASTRA,FVLASTRA,18W000000000G9U5,Solar fotovoltaica,Venta,España,SZR,Generación,GESTE,"1,3"
FLASVAG,FLASVAG,FLASVAG,18W000000000QBTZ,Solar fotovoltaica,Venta,España,SZR,Generación,HISPE,"10,0"
FLEAIKO,FLEAIKO,UP SOLAR LEA ARTIBAIKO,18W000000000T6ZQ,Solar fotovoltaica,Venta,España,SZR,Generación,NEXU,"0,9"
FLECC01,FAB PAN,FABRICA PAN,18W0000000001QI1,Consumos directos en mercado,Compra,España,SZR,Consum. directos a mercado,FLECA,"0,6"
FLEMAZR,FLEMAZR,UP SOLAR LEYRENE 2,18W000000000RY84,Solar fotovoltaica,Venta,España,SZR,Generación,NEXU,"1,6"
FLENOEZ,FLENOEZ,UP SOLAR LEYRENE,18W000000000RY68,Solar fotovoltaica,Venta,España,SZR,Generación,NEXU,"1,4"
FLILLAN,FLILLAN,UP SOLAR LO ILLAN,18W000000000QMU0,Solar fotovoltaica,Venta,España,SZR,Generación,NEXU,"2,0"
FLLANO1,FLLANO1,FV LLANO1,18W000000000P86K,Solar fotovoltaica,Venta,España,EVM ,Generación,CEG,"42,2"
FLLANO2,FLLANO2,FV LLANO2,18W000000000P88G,Solar fotovoltaica,Venta,España,SZR,Generación,CEG,"42,2"
FLLANO3,FLLANO3,FV LLANO3,18W000000000Q3ZA,Solar fotovoltaica,Venta,España,SZR,Generación,CEG,"40,2"
FLLANOS,LLANOS,LLANOS,18W000000000QPWO,Solar fotovoltaica,Venta,España,SZR,Generación,GNRA,"42,3"
FLLIRIA,FLLIRIA,UP SOLAR LLIRIA,18W000000000V0OL,Solar fotovoltaica,Venta,España,SZR,Generación,NEXU,"6,4"
FLMULAS,FLMULAS,UP SOLAR MULAS,18W000000000RIW4,Solar fotovoltaica,Venta,España,NEXUS ,Generación,NEXU,"19,2"
FLNTSCO,FLNTSCO,UP SOLAR LENTISCO,18W000000000RJ0S,Solar fotovoltaica,Venta,España,SZR,Generación,NEXU,"5,0"
FLOBSIL,FLOBSIL,UP LOBOSILLO,18W000000000M7XI,Solar fotovoltaica,Venta,España,SZR,Generación,NEXU,"4,0"
FLOCABA,FLOCABA,UP SOLAR LOCABA,18W000000000QMPA,Solar fotovoltaica,Venta,España,SZR,Generación,NEXU,"4,0"
FLOGROS,LOGROSAN,FLOGROSAN,18WFLOGROS-123-9,Solar fotovoltaica,Venta,España,SZR,Generación,GESTE,"5,0"
FLOMOS2,FLOMOS2,UP SOLAR LOMOS II,18W000000000NH29,Solar fotovoltaica,Venta,España,SZR,Generación,NEXU,"2,2"
FLPENA1,FLPENA1,UP SOLAR LA PENA 1,18W000000000RT2V,Solar fotovoltaica,Venta,España,NEXUS ,Generación,NEXU,"40,0"
FLPENA2,FLPENA2,UP SOLAR LA PENA 2,18W000000000RT3T,Solar fotovoltaica,Venta,España,NEXUS ,Generación,NEXU,"40,0"
FLPICOS,PICOS,LPICOS,18W000000000QPSW,Solar fotovoltaica,Venta,España,SZR,Generación,GNRA,"16,8"
FLSENIA,FLSENIA,UP SOLAR LA SENIA,18W000000000QMQ8,Solar fotovoltaica,Venta,España,SZR,Generación,NEXU,"1,1"
FLSOLAN,FLSOLAN,UP FLSOLAN,18W000000000L9L3,Solar fotovoltaica,Venta,España,SZR,Generación,NEXU,"6,0"
FLTORRE,FLTORRE,FLATORRE,18W000000000P04B,Solar fotovoltaica,Venta,España,SZR,Generación,GESTE,"42,0"
FLUANDA,FLUANDA,18W000000000MZWA,18W000000000MZWA,Solar fotovoltaica,Venta,España,AXPO ,Generación,EGLE,"39,8"
FLUCA,FLUCA,FV LUCAINENA,18W000000000S5T8,Solar fotovoltaica,Venta,España,EVM ,Generación,CEG,"33,1"
FMAGSOL,FMAGSOL,FMAGSOL,18W000000000TZK6,Solar fotovoltaica,Venta,España,SZR,Generación,SOLRC,"10,0"
FMAGVE,FMAGVE,UP SOLAR MAGASQUILLA,18W000000000JRZ3,Solar fotovoltaica,Venta,España,SZR,Generación,NEXU,"10,0"
FMAHOR,PE_MAHORA,PARQUE FV MAHORA,18W000000000PXC7,Solar fotovoltaica,Venta,España,SZR,Generación,EBLCO,"15,0"
FMAMAQ,FMAMAQ,UP MAMA QUILLA SOLAR SL,18W000000000T2KV,Solar fotovoltaica,Venta,España,SZR,Generación,EGLE,"10,6"
FMANDLA,FMANDLA,UP SOLAR MANDALA,18W000000000P28Y,Solar fotovoltaica,Venta,España,SZR,Generación,NEXU,"1,7"
FMANZAN,FMANZAN,UP SOLAR MANZANARES,18W000000000OK1Z,Solar fotovoltaica,Venta,España,NEXUS ,Generación,NEXU,"33,0"
FMANZQE,FMANZQE,UP SOLAR MANZANEQUE,18W000000000SU3M,Solar fotovoltaica,Venta,España,SZR,Generación,NEXU,"1,5"
FMARQUE,FMARQUE,FMARQUE,18W000000000HIAE,Solar fotovoltaica,Venta,España,ALP ,Generación,HISPE,"9,9"
FMARTIN,FMARTIN,UP SOLAR ARAGONESA DE INVERSIONES,18W000000000VBKX,Solar fotovoltaica,Venta,España,SZR,Generación,NEXU,"2,0"
FMARTON,FMARTON,MARTON,18W000000000R8S5,Solar fotovoltaica,Venta,España,WM1 ,Generación,WMARK,"10,0"
FMATAS,FMATAS,UP SOLAR MATAS,18W000000000P9HW,Solar fotovoltaica,Venta,España,SZR,Generación,NEXU,"2,2"
FMBAIDA,FMBAIDA,UP SOLAR MIRALBAIDA 15,18W000000000SYUU,Solar fotovoltaica,Venta,España,SZR,Generación,NEXU,"1,5"
FMCHENA,FMCHENA,UP SOLAR MARCHENA,18W000000000U1IY,Solar fotovoltaica,Venta,España,SZR,Generación,NEXU,"1,8"
FMED107,FMED107,FMED107,18W000000000TZRT,Solar fotovoltaica,Venta,España,SZR,Generación,SOLRC,"24,9"
FMERI19,FMERI19,UF SOLAR MERIDA SOLAR 19,18W000000000RXS4,Solar fotovoltaica,Venta,España,SZR,Generación,NEXU,"5,0"
FMFEN,FOT 1MW,FOT MAYORES 1MW,18WFMFEN-12345-I,Solar fotovoltaica,Venta,España,SZR,Generación,FEN,"52,9"
FMGQILA,FMGQILA,UP SOLAR MAGASQUILLA,18W000000000VH82,Solar fotovoltaica,Venta,España,SZR,Generación,NEXU,"3,5"
FMILGRO,FMILGRO,FMILGRO,18W000000000IPVL,Solar fotovoltaica,Venta,España,SZR,Generación,GESTE,"7,0"
FMIM152,FMIM152,FMIM152,18W000000000UDZ1,Solar fotovoltaica,Venta,España,SZR,Generación,SOLRC,"40,0"
FMIRAMU,FMIRAMU,UP FV MIRAMUNDO,18W000000000FT8U,Solar fotovoltaica,Venta,España,NEXUS ,Generación,NEXU,"45,8"
FMIRBNA,FMIRBNA,FMIRBNA,18W000000000VH58,Solar fotovoltaica,Venta,España,SZR,Generación,CEG,"5,7"
FMISTRA,FMISTRA,UP SOLAR LOS MISTRALES,18W000000000PR44,Solar fotovoltaica,Venta,España,SZR,Generación,NEXU,"3,3"
FMNZARS,MNZS,MNZANRES,18W000000000QR32,Solar fotovoltaica,Venta,España,GNRA01 ,Generación,GNRA,"30,0"
FMOJADO,FMOJADO,FMOJADO,18W000000000SKLG,Solar fotovoltaica,Venta,España,EVM ,Generación,CEG,"4,6"
FMOLINO,FMOLINO,UP SOLAR CAÑADA MOLINO,18W000000000PK3R,Solar fotovoltaica,Venta,España,SZR,Generación,NEXU,"1,4"
FMONTE,FMONTE,18W000000000UGLK,18W000000000UGLK,Solar fotovoltaica,Venta,España,SZR,Generación,EGLE,"38,9"
FMONTES,FMONTESOL,UP FV MONTESOL,18W000000000IG6O,Solar fotovoltaica,Venta,España,NEXUS ,Generación,NEXU,"40,0"
FMONTFV,FMONTFV,UP FV MONTILLA FOTOVOLTAICA,18WFMONTFV-123-Y,Solar fotovoltaica,Venta,España,SZR,Generación,NEXU,"7,1"
FMORALA,FMORALA,FMORALA,18W000000000RFAK,Solar fotovoltaica,Venta,España,SZR,Generación,CEG,"5,0"
FMRIERO,FMRIERO,UP SOLAR MERINERO,18W000000000UCRK,Solar fotovoltaica,Venta,España,SZR,Generación,NEXU,"30,0"
FMRPANI,FMRPANI,UP SOLAR MARPANI,18W000000000QB4B,Solar fotovoltaica,Venta,España,NEXUS ,Generación,NEXU,"42,2"
FMUELLE,FMUELLE,UP FV MUELLE,18W000000000I9FR,Solar fotovoltaica,Venta,España,NEXUS ,Generación,NEXU,"9,0"
FMYRTE1,FMYRTE1,FMYRTE1,18W000000000TEX6,Solar fotovoltaica,Venta,España,SZR,Generación,CEG,"34,6"
FNARGS,FNARGS,18W000000000MZZ4,18W000000000MZZ4,Solar fotovoltaica,Venta,España,AXPO ,Generación,EGLE,"39,8"
FNAVA1,FNAVA1,FNAVA1,18W000000000TDQN,Solar fotovoltaica,Venta,España,SZR,Generación,CEG,"38,0"
FNAVA2,FNAVA2,FNAVA2,18W000000000TB7U,Solar fotovoltaica,Venta,España,SZR,Generación,CEG,"7,0"
FNAVALM,NAVALMORAL,PARQUE FV NAVALMORALES,18W000000000PX9D,Solar fotovoltaica,Venta,España,SZR,Generación,EBLCO,"6,6"
FNAVAR,FNAVARR,FNAVARRA,18W000000000B7N8,Solar fotovoltaica,Venta,España,SZR,Generación,GESTE,"1,0"
FNAVID,FNAVID,18W000000000MZY6,18W000000000MZY6,Solar fotovoltaica,Venta,España,AXPO ,Generación,EGLE,"39,8"
FNEFTI,FNEFTI,18W000000000MZX8,18W000000000MZX8,Solar fotovoltaica,Venta,España,AXPO ,Generación,EGLE,"39,8"
FNEOSOL,FNEOSOL,FNEOSOL,18W000000000TEOO,Solar fotovoltaica,Venta,España,SZR,Generación,CEG,"9,0"
FNIJAR,FNIJAR,18W000000000VAOS,18W000000000VAOS,Solar fotovoltaica,Venta,España,SZR,Generación,EGLE,"21,0"
FNOBLEJ,FNOBLEJ,UP SOLAR NOBLEJAS,18W000000000R9P8,Solar fotovoltaica,Venta,España,SZR,Generación,NEXU,"4,0"
FNOCTI6,FNOCTI6,UP SOLAR SOLNOCTIS 6,18W000000000S6XY,Solar fotovoltaica,Venta,España,SZR,Generación,NEXU,"1,6"
FNOVELD,FNOVELD,UP SOLAR NOVELDA,18W000000000S1NW,Solar fotovoltaica,Venta,España,SZR,Generación,NEXU,"0,9"
FNTVERO,FONTIVEROS,UP SOLAR FONTIVEROS,18W000000000M03P,Solar fotovoltaica,Venta,España,SZR,Generación,NEXU,"6,8"
FNUMAN,FNUMAN,FNUMAN,18W000000000T1WA,Solar fotovoltaica,Venta,España,EVM ,Generación,CEG,"21,5"
FNVELOS,FNVELOS,UP SOLAR NAVELOS,18W000000000SR8L,Solar fotovoltaica,Venta,España,SZR,Generación,NEXU,"15,5"
FOBAGLS,FOBAGLS,UP SOLAR OBAGOLS,18W000000000S7NE,Solar fotovoltaica,Venta,España,SZR,Generación,NEXU,"1,0"
FOGAC,FOGAC,GAC FOTOV MAYOR 1MW,18W000000000P3VM,Solar fotovoltaica,Venta,España,SZR,Generación,GAC,"1,7"
FOLIVA,FOLIVA,UP SOLAR OLIVA,18W000000000SR9J,Solar fotovoltaica,Venta,España,SZR,Generación,NEXU,"50,0"
FOLIVR2,FOLIVR2,UP SOLAR OLVARES2,18W000000000QHDC,Solar fotovoltaica,Venta,España,SZR,Generación,NEXU,"1,8"
FOLIVR3,FOLIVR3,UP SOLAR OLIVARES3,18W000000000QHF8,Solar fotovoltaica,Venta,España,SZR,Generación,NEXU,"1,8"
FOLIVR4,FOLIVR4,UP SOLAR FOLIVR4,18W000000000QHH4,Solar fotovoltaica,Venta,España,SZR,Generación,NEXU,"1,8"
FOLIVRS,FOLIVRS,UP SOLAR OLIVARES,18W000000000QFHA,Solar fotovoltaica,Venta,España,SZR,Generación,NEXU,"1,8"
FOLMALC,FOLMALC,UP SOLAR OMALC,18W000000000P2GI,Solar fotovoltaica,Venta,España,SZR,Generación,NEXU,"4,5"
FOLVNZ,FOLVNZ,UF OLIVENZA,18W000000000L9J7,Solar fotovoltaica,Venta,España,SZR,Generación,NEXU,"5,3"
FOLVNZ1,FOLVNZ1,UP SOLAR OLIVENZA1,18W000000000QKE1,Solar fotovoltaica,Venta,España,SZR,Generación,NEXU,"5,0"
FOLVNZ2,FOLVNZ2,UP SOLAR OLIVENZA2,18W000000000QKGY,Solar fotovoltaica,Venta,España,SZR,Generación,NEXU,"4,7"
FOPPI,FOPPI,FV-OPPIDUM,18WFOPPI-12345-4,Solar fotovoltaica,Venta,España,SZR,Generación,OPPI,"0,0"
FORACA2,FORACA2,UP SOLAR PISORACA 2,18W000000000UQIX,Solar fotovoltaica,Venta,España,SZR,Generación,NEXU,"43,3"
FORACA3,FORACA3,UP SOLAR PISORACA 3,18W000000000UQG0,Solar fotovoltaica,Venta,España,SZR,Generación,NEXU,"27,3"
FORTC01,FORTC01,ENERGIA PARA GRANDES CONSUMIDORES INDUSTRIALES (FORTIA),18WFORTC01-123-U,Comercializadores mercado libre,Compra,España,SZR,Comercializadores,FORTI,"2.500,0"
FORTR01,FORTR01,RESPUESTA ACTIVA GRANDES CONSUMIDORES,18W000000000ONYY,Comercializadores mercado libre,Compra,España,SZR,Comercializadores,FORTI,"46,0"
FOXC01,FOXC01,FOX ENERGIA,18WFOXC01-1234-2,Comercializadores mercado libre,Compra,España,SZR,Comercializadores,FOX,"0,2"
FPALGUL,FPALGUL,FPALGUL,18W000000000U9TP,Solar fotovoltaica,Venta,España,SZR,Generación,SOLRC,"24,9"
FPALMAR,FPALMAR,UP SOLAR EL PALMAR,18W000000000UELQ,Solar fotovoltaica,Venta,España,SZR,Generación,NEXU,"0,9"
FPALMRA,FPALMRA,UP SOLAR PALOMERA,18W000000000TNYE,Solar fotovoltaica,Venta,España,SZR,Generación,NEXU,"3,0"
FPALO,FPALO,FPALO,18W000000000SVXX,Solar fotovoltaica,Venta,España,SZR,Generación,CEG,"10,0"
FPARADA,PARADAS,PARQUE FV PARADAS,18W000000000PXB9,Solar fotovoltaica,Venta,España,SZR,Generación,EBLCO,"3,0"
FPARCAS,FPARCAS,UP FV PARCAS,18W000000000G2BR,Solar fotovoltaica,Venta,España,NEXUS ,Generación,NEXU,"33,1"
FPARED3,FPARED3,UP SOLAR PARED 3,18W000000000SYO5,Solar fotovoltaica,Venta,España,NEXUS ,Generación,NEXU,"42,0"
FPARED4,FPARED4,UP SOLAR PARED 4,18W000000000SYN7,Solar fotovoltaica,Venta,España,NEXUS ,Generación,NEXU,"42,0"
FPARED5,FPARED5,UP SOLAR PARED 5,18W000000000SYQ1,Solar fotovoltaica,Venta,España,NEXUS ,Generación,NEXU,"42,0"
FPARED6,FPARED6,UP SOLAR PARED 6,18W000000000SYM9,Solar fotovoltaica,Venta,España,NEXUS ,Generación,NEXU,"42,0"
FPARED7,FPARED7,UP SOLAR PARED 7,18W000000000SYP3,Solar fotovoltaica,Venta,España,NEXUS ,Generación,NEXU,"42,0"
FPCSTRO,FPCSTRO,UP SOLAR PUEBLA DE CASTRO,18W000000000RT4R,Solar fotovoltaica,Venta,España,SZR,Generación,NEXU,"1,2"
FPEEXXI,FPEEXXI,"ENDESA CUR  ( FOTOVOLTAICA, PRUEBAS)",18WFPEEXXI-123-Z,Solar fotovoltaica,Venta,España,SZR,Generación,EEXXI,"2,2"
FPEG112,FPEG112,FPEG112,18W000000000UHT1,Solar fotovoltaica,Venta,España,SZR,Generación,SOLRC,"67,0"
FPELEAS,FPELEAS,UP SOLAR PELEAS 14,18W000000000RXPA,Solar fotovoltaica,Venta,España,SZR,Generación,NEXU,"5,0"
FPENAZA,FPENAZA,UP SOLAR LA PEÑAZA,18W000000000RPIB,Solar fotovoltaica,Venta,España,NEXUS ,Generación,NEXU,"10,0"
FPEONUR,FPEONUR,"E.ON CUR ( FOTOVOLTAICA, PRUEBAS)",18WFPEONUR-123-N,Solar fotovoltaica,Venta,España,SZR,Generación,EONUR,"0,1"
FPEROGO,FPEROGO,UP FV PEROGORDO,18W000000000G2GH,Solar fotovoltaica,Venta,España,NEXUS ,Generación,NEXU,"38,7"
FPFAGUS,FPFAGUS,UP SOLAR FAGUS,18W000000000SURB,Solar fotovoltaica,Venta,España,SZR,Generación,NEXU,"1,4"
FPGAC,FPGAC,FPGAC,18W000000000S7R6,Solar fotovoltaica,Venta,España,SZR,Generación,GAC,"1,7"
FPHCCUR,FPHCCUR,"HIDROCANTABRICO CUR ( FOTOVOLTAICA, PRUEBAS",18WFPHCCUR-123-O,Solar fotovoltaica,Venta,España,SZR,Generación,HCCUR,"0,0"
FPHLIPS,FPHLIPS,UP SOLAR FPHLIPS,18W000000000SZP0,Solar fotovoltaica,Venta,España,SZR,Generación,NEXU,"1,2"
FPIBCUR,FPIBCUR,"IBERDROLA CUR  ( FOTOVOLTAICA, PRUEBAS)",18WFPIBCUR-123-N,Solar fotovoltaica,Venta,España,SZR,Generación,IBCUR,"1,6"
FPINILA,FPINILA,UP SOLAR PINILLA,18W000000000HG6S,Solar fotovoltaica,Venta,España,NEXUS ,Generación,NEXU,"43,8"
FPINTA,FPINTA,UP SOLAR LA PINTA,18W000000000UEHY,Solar fotovoltaica,Venta,España,SZR,Generación,NEXU,"1,3"
FPITIEG,FPITIEG,UP SOLAR PITIEGUA,18W000000000R9OA,Solar fotovoltaica,Venta,España,SZR,Generación,NEXU,"3,8"
FPIZAII,FPIZAII,PSF LA PIZARRA II,18W000000000SC08,Solar fotovoltaica,Venta,España,SZR,Generación,WMARK,"4,9"
FPJRTOS,FPJRTOS,UP SOLAR PAJARITOS,18W000000000PVE9,Solar fotovoltaica,Venta,España,SZR,Generación,NEXU,"2,4"
FPLASE,PLASENS1,PLASENS1,18W000000000MFA3,Solar fotovoltaica,Venta,España,SZR,Generación,NEXU,"10,0"
FPLAZA,FPLAZA,UP SOLAR PLAZA,18W000000000QJOL,Solar fotovoltaica,Venta,España,SZR,Generación,NEXU,"1,5"
FPLMCND,FPMLCND,UP SOLAR PALMA CONDADO,18W000000000SO33,Solar fotovoltaica,Venta,España,SZR,Generación,NEXU,"5,0"
FPLUNA1,FPLUNA1,FV PRADO DE LUNA 1,18W000000000OQYP,Solar fotovoltaica,Venta,España,SZR,Generación,CEG,"4,6"
FPLUNA2,FPLUNA2,FV PRADOS DE LUNA 2,18W000000000OQZN,Solar fotovoltaica,Venta,España,SZR,Generación,CEG,"4,6"
FPLUNA3,FPLUNA3,FV PRADO DE LUNA 3,18W000000000OR0G,Solar fotovoltaica,Venta,España,SZR,Generación,CEG,"4,6"
FPOCICO,FPOCICO,UP POCICO SALAO,18W000000000M01T,Solar fotovoltaica,Venta,España,SZR,Generación,NEXU,"4,4"
FPOL104,FPOL104,FPOL104,18W000000000UI67,Solar fotovoltaica,Venta,España,SZR,Generación,SOLRC,"24,9"
FPOLLOS,FPOLLOS,UP SOLAR POLLOS,18W000000000RTAF,Solar fotovoltaica,Venta,España,SZR,Generación,NEXU,"8,1"
FPPIEDR,FPPIEDR,UP PUENTE DE PIEDRA,18W000000000M807,Solar fotovoltaica,Venta,España,SZR,Generación,NEXU,"2,2"
FPRQUE1,FPRQUE1,UP SOLAR PARQUE1,18W000000000TAWK,Solar fotovoltaica,Venta,España,NEXUS ,Generación,NEXU,"9,0"
FPRQUE2,FPRQUE2,UP SOLAR PARQUE2,18W000000000SW78,Solar fotovoltaica,Venta,España,NEXUS ,Generación,NEXU,"8,0"
FPRUELA,FPRUELA,UP SOLAR PALLERUELA,18W000000000T71H,Solar fotovoltaica,Venta,España,SZR,Generación,NEXU,"9,0"
FPSFAGA,FPSFAGA,PSF AGATHA,18W000000000SBWL,Solar fotovoltaica,Venta,España,WM1 ,Generación,WMARK,"40,8"
FPSFART,FPSFART,PSF ARTEMISA,18W000000000SBXJ,Solar fotovoltaica,Venta,España,WM1 ,Generación,WMARK,"40,8"
FPSFESM,FPSFESM,PSF ESMERALDA,18W000000000SBYH,Solar fotovoltaica,Venta,España,WM1 ,Generación,WMARK,"40,8"
FPSFGES,FPSFGES,PSF GESTENIA,18W000000000SBTR,Solar fotovoltaica,Venta,España,WM1 ,Generación,WMARK,"40,8"
FPSFHER,FPSFHER,PSF HERACLES,18W000000000SBZF,Solar fotovoltaica,Venta,España,WM1 ,Generación,WMARK,"40,8"
FPSFJAD,FPSFJAD,PSF JADE,18W000000000SBVN,Solar fotovoltaica,Venta,España,SZR,Generación,WMARK,"40,8"
FPSFSAX,SAX,PARQUESAX,18W000000000RKNG,Solar fotovoltaica,Venta,España,SZR,Generación,GESTE,"3,0"
FPSFSES,FPSFSES,PSF SENEN,18W000000000SBUP,Solar fotovoltaica,Venta,España,WM1 ,Generación,WMARK,"40,8"
FPSJESO,FPSJESO,UP FOTOVOLTAICA PASAJESOL,18W000000000K0WC,Solar fotovoltaica,Venta,España,SZR,Generación,NEXU,"10,0"
FPSOL,PSOL,FV PUERTA DEL SOL,18W000000000PYPF,Solar fotovoltaica,Venta,España,ALP ,Generación,HISPE,"44,0"
FPTREAL,FPTREAL,FV PUERTO REAL,18W000000000OOXX,Solar fotovoltaica,Venta,España,SZR,Generación,CEG,"44,0"
FQEMADA,FQEMADA,UP SOLAR CASAQUEMADA,18W000000000UESC,Solar fotovoltaica,Venta,España,SZR,Generación,NEXU,"41,5"
FQIJOT3,FQIJOT3,UP SOLAR QUIJOTE 3,18W000000000R5PK,Solar fotovoltaica,Venta,España,SZR,Generación,NEXU,"5,0"
FQIJOTE,FQUIJOTE,UP QUIJOTE,18W000000000LFGW,Solar fotovoltaica,Venta,España,SZR,Generación,NEXU,"10,0"
FQUEMA2,ES-QUEMAD2,ES-QUEMAD2,18W000000000SQTJ,Solar fotovoltaica,Venta,España,WM1 ,Generación,WMARK,"10,0"
FQUIRAN,FQUIRAN,UP SOLAR VILLAQUIRAN,18W000000000U1F3,Solar fotovoltaica,Venta,España,SZR,Generación,NEXU,"2,9"
FRANC01,FRANC01,FRANK ENERGIA IBERIA,18W000000000Q1QY,Comercializadores mercado libre,Compra,España,SZR,Comercializadores,FRANK,"0,0"
FRBDLAG,RIBADELAGO,UP SOLAR RIBADELAGO,18W000000000T6YS,Solar fotovoltaica,Venta,España,SZR,Generación,NEXU,"31,3"
FRCERIA,FRCERIA,UP SOLAR CARROCERIAS,18W000000000U1BB,Solar fotovoltaica,Venta,España,SZR,Generación,NEXU,"2,0"
FREBSCO,FREBSCO,UP SOLAR REBUSCO,18W000000000VGWV,Solar fotovoltaica,Venta,España,SZR,Generación,NEXU,"0,7"
FREGANT,FREGANT,FREGANT,18W000000000Q48O,Solar fotovoltaica,Venta,España,SZR,Generación,CEG,"3,5"
FREGP3,FVRDES1MW,FV REP DES <1MW,18WFREGP3-1234-5,Solar fotovoltaica,Venta,España,SZR,Generación,ECYR,"0,0"
FREGPEM,FREGPEM,FV REPRESENTADA _PROP_100_MERCADOS_AJUSTE,18W000000000LD1V,Solar fotovoltaica,Venta,España,SZR,Generación,ECYR,"68,6"
FREGPEV,FREGPEV,FREGPEV,18W000000000VGR4,Solar fotovoltaica,Venta,España,SZR,Generación,ECYR,"97,8"
FRENEDO,FRENEDO,UP SOLAR RENEDO,18W000000000QKA9,Solar fotovoltaica,Venta,España,SZR,Generación,NEXU,"25,9"
FRETA,FRETA,FRETA,18W000000000SDMZ,Solar fotovoltaica,Venta,España,EVM ,Generación,CEG,"5,0"
FRGAC,FRGAC,FRGAC,18W000000000RUKT,Solar fotovoltaica,Venta,España,SZR,Generación,GAC,"2,9"
FRIGAL1,FRIGAL1,UP SOLAR MADRIGAL 1,18W000000000SMEO,Solar fotovoltaica,Venta,España,SZR,Generación,NEXU,"3,3"
FRIGAL2,FRIGAL2,UP SOLAR MADRIGAL 2,18W000000000SMFM,Solar fotovoltaica,Venta,España,SZR,Generación,NEXU,"3,3"
FRINCO,FRINCO,FRINCO,18W000000000SDOV,Solar fotovoltaica,Venta,España,EVM ,Generación,CEG,"5,0"
FRIXRAB,FRIXRAB,UP SOLAR RIXIRABA,18W000000000LUES,Solar fotovoltaica,Venta,España,SZR,Generación,GNRA,"12,0"
FROCINA,FROCINA,FV ROCINANTE,18W000000000UAYC,Solar fotovoltaica,Venta,España,SZR,Generación,ECYR,"98,0"
FRODEO,FRODEO,UP SOLAR EL RODEO,18W000000000TMXJ,Solar fotovoltaica,Venta,España,SZR,Generación,NEXU,"5,0"
FRODRI,FRODRI,FRODRI,18W000000000UH2I,Solar fotovoltaica,Venta,España,SZR,Generación,CEG,"42,6"
FROTEL,FROTEL,UP ROTELES,18W000000000UGJO,Solar fotovoltaica,Venta,España,SZR,Generación,EGLE,"38,9"
FROTON1,ROT1,ROTON1,18W000000000PR7Z,Solar fotovoltaica,Venta,España,GNRA01 ,Generación,GNRA,"17,5"
FROTON2,ROT2,ROTON2,18W000000000PR9V,Solar fotovoltaica,Venta,España,GNRA01 ,Generación,GNRA,"17,5"
FROTON3,ROT3,ROTD3,18W000000000PRBR,Solar fotovoltaica,Venta,España,GNRA01 ,Generación,GNRA,"34,5"
FROZAS,FROZAS,FROZAS,18W000000000T2SF,Solar fotovoltaica,Venta,España,SZR,Generación,CEG,"31,5"
FRREGOS,FRREGOS,UP LOS BORREGOS,18W000000000S7T2,Solar fotovoltaica,Venta,España,AXPO ,Generación,EGLE,"38,4"
FRSIGMA,FRSIGMA,FRSIGMA,18W000000000Q5F7,Solar fotovoltaica,Venta,España,SZR,Generación,REPSB,"169,5"
FRTS1,FRTS1,FV RENOV RTS1 1MW,18WFRTS1-12345-A,Solar fotovoltaica,Venta,España,SZR,Generación,CEG,"1,2"
FRULAOR,FRULAOR,UP SOLAR RULAOR,18W000000000SZSV,Solar fotovoltaica,Venta,España,SZR,Generación,NEXU,"1,0"
FRUSNDO,FRUSNDO,UP SOLAR RUSANDO,18W000000000U2W3,Solar fotovoltaica,Venta,España,SZR,Generación,NEXU,"2,0"
FSACIMP,FSACIMP,UP SOLAR SAC IMP,18W000000000NH1B,Solar fotovoltaica,Venta,España,SZR,Generación,NEXU,"2,3"
FSALOB,SALOBRAL,SALOBRAL,18W000000000HTPP,Solar fotovoltaica,Venta,España,SZR,Generación,HISPE,"38,0"
FSAN100,FSAN100,FSAN100,18W000000000UI91,Solar fotovoltaica,Venta,España,SZR,Generación,SOLRC,"42,1"
FSANCTE,FSANCTE,UP SOLAR SAN CLEMENTE,18W000000000SUPF,Solar fotovoltaica,Venta,España,SZR,Generación,NEXU,"5,0"
FSANVAL,FSANVAL,UP SOLAR SAN VALENTIN 1,18W000000000TU7A,Solar fotovoltaica,Venta,España,SZR,Generación,NEXU,"14,0"
FSARDA,FSARDA,UP SARDA,18W000000000LF1P,Solar fotovoltaica,Venta,España,SZR,Generación,NEXU,"1,6"
FSARIUM,FSARIUM,UP FV FOTOSOLARIUM 10,18WFSARIUM-123-7,Solar fotovoltaica,Venta,España,SZR,Generación,NEXU,"6,3"
FSCALN2,SCAL,SCAL2,18W000000000L2OI,Solar fotovoltaica,Venta,España,SZR,Generación,GESTE,"3,6"
FSCALNA,SCALNA,ESCALONA,18W000000000MCJV,Solar fotovoltaica,Venta,España,GST1 ,Generación,GESTE,"17,3"
FSCASTU,FSCASTU,UP MAYOR 5 MW CASTUERA,18WFSCASTU-123-H,Solar fotovoltaica,Venta,España,SZR,Generación,NEXU,"19,8"
FSCO122,FSCO122,FSCO122,18W000000000TKO6,Solar fotovoltaica,Venta,España,SZR,Generación,SOLRC,"70,6"
FSEGRO,SEGROGRAN,FV SEGRO GRANOLLERS,18W000000000RZ49,Solar fotovoltaica,Venta,España,SZR,Generación,CONEC,"2,0"
FSEMUR1,FSEMUR1,UP SOLAR ALSEMUR 1,18W000000000UKO2,Solar fotovoltaica,Venta,España,SZR,Generación,NEXU,"41,2"
FSEMUR2,FSEMUR2,UP SOLAR ALSEMUR 2,18W000000000UKP0,Solar fotovoltaica,Venta,España,SZR,Generación,NEXU,"41,2"
FSEMUR3,FSEMUR3,UP SOLAR ALSEMUR 3,18W000000000UKQZ,Solar fotovoltaica,Venta,España,SZR,Generación,NEXU,"41,2"
FSERRZL,FSERRZL,UP SOLAR SERREZUELA,18W000000000MXWG,Solar fotovoltaica,Venta,España,SZR,Generación,NEXU,"4,6"
FSERVN3,SRVN3,SERVAN3,18W000000000P3ZE,Solar fotovoltaica,Venta,España,SZR,Generación,GESTE,"41,6"
FSERVN4,SERVN4,SERVAN4,18W000000000P415,Solar fotovoltaica,Venta,España,SZR,Generación,GESTE,"41,6"
FSERVN5,SERVN5,SERVAN5,18W000000000P431,Solar fotovoltaica,Venta,España,SZR,Generación,GESTE,"41,6"
FSERXXI,FSERXXI,REGIMEN ESPECIAL TARIFA,18WFSERXXI-12--T,Solar fotovoltaica,Venta,España,SZR,Generación,NEXU,"10,0"
FSEVILL,FSEVILLA,UP FV SEVILLA,18W000000000G28X,Solar fotovoltaica,Venta,España,NEXUS ,Generación,NEXU,"33,2"
FSIBERI,FSIBERI,UP SOLAR SIBERI,18W000000000SIT6,Solar fotovoltaica,Venta,España,SZR,Generación,NEXU,"10,0"
FSIGMA,SIGMA,SIGMA,18W000000000LQJU,Solar fotovoltaica,Venta,España,ALP ,Generación,HISPE,"24,1"
FSIRIUS,SIRIUS,FVSIRIUS,18W000000000MP4M,Solar fotovoltaica,Venta,España,SZR,Generación,GESTE,"41,5"
FSJORGE,FSJORGE,UP SOLAR SAN JORGE,18W000000000PVRK,Solar fotovoltaica,Venta,España,NEXUS ,Generación,NEXU,"21,2"
FSLINAS,SLINAS,SALINAS,18W000000000QPUS,Solar fotovoltaica,Venta,España,SZR,Generación,GNRA,"25,5"
FSLNOC1,FSLNOC1,UP SOLAR SOLNOCTIS3,18W000000000PT30,Solar fotovoltaica,Venta,España,SZR,Generación,NEXU,"1,8"
FSLOBON,UP LOBON,UP SOLAR LOBON,18W000000000MGXS,Solar fotovoltaica,Venta,España,SZR,Generación,NEXU,"2,7"
FSLREY1,FSLREY1,UP SOLAR REY1,18W000000000U4XW,Solar fotovoltaica,Venta,España,SZR,Generación,NEXU,"81,7"
FSLREY2,FSLREY2,UP SOLAR REY2,18W000000000U4YU,Solar fotovoltaica,Venta,España,SZR,Generación,NEXU,"81,7"
FSLREY3,FSLREY3,UP SOLAR REY3,18W000000000U4ZS,Solar fotovoltaica,Venta,España,SZR,Generación,NEXU,"81,7"
FSLREY4,FSLREY4,UP SOLAR REY4,18W000000000U50L,Solar fotovoltaica,Venta,España,SZR,Generación,NEXU,"81,7"
FSMURC,FSMURC,UP SOLAR VERGELES SOLARES,18W000000000PVG5,Solar fotovoltaica,Venta,España,SZR,Generación,NEXU,"3,3"
FSNBRIA,SANABRIA,UP SOLAR SANABRIA,18W000000000T6XU,Solar fotovoltaica,Venta,España,SZR,Generación,NEXU,"37,0"
FSOCO2,FSOCO2,FSOCO2,18W000000000TIWX,Solar fotovoltaica,Venta,España,SZR,Generación,CEG,"25,6"
FSOL14,FSOL14,UP SOL20120014,18W000000000TFBA,Solar fotovoltaica,Venta,España,SZR,Generación,EGLE,"6,0"
FSOL16,FSOL16,UP SOL20120016,18W000000000TFD6,Solar fotovoltaica,Venta,España,SZR,Generación,EGLE,"6,0"
FSOLANG,FSOLANG,FSOLANG,18W000000000Q4J2,Solar fotovoltaica,Venta,España,SZR,Generación,CEG,"9,1"
FSOLARG,FSOLARG,FSOLARG,18W000000000Q56P,Solar fotovoltaica,Venta,España,SZR,Generación,CEG,"7,0"
FSOLLAN,FSOLLAN,UP SOLAR LA SOLLANA,18W000000000QMR6,Solar fotovoltaica,Venta,España,SZR,Generación,NEXU,"1,2"
FSOLMA,SOLMATCH,SOLMATCH,18W000000000PK1V,Solar fotovoltaica,Venta,España,SZR,Generación,VIEE,"1,1"
FSOLPQ1,FSOLPQ1,UP SOLAR PQ1,18W000000000U2U7,Solar fotovoltaica,Venta,España,SZR,Generación,NEXU,"12,0"
FSOLRC,FSOLRC,FSOLRC,18W000000000SOOZ,Solar fotovoltaica,Venta,España,SZR,Generación,SOLRC,"10,0"
FSONAV,FSONAV,UP SOLEN ENERGA LA NAVA,18W000000000SXNA,Solar fotovoltaica,Venta,España,SZR,Generación,EGLE,"45,0"
FSONDAA,FSONDAA,UF SOLAR CUBIERTA ONDA A,18W000000000SUOH,Solar fotovoltaica,Venta,España,SZR,Generación,NEXU,"1,1"
FSOVAL,FSOVAL,UP SOLEN ENERGA VALDELAFUENTE,18W000000000SSNP,Solar fotovoltaica,Venta,España,SZR,Generación,EGLE,"45,0"
FSPARRA,FSPARRA,UP FV CALASPARRA,18WFSPARRA-123-2,Solar fotovoltaica,Venta,España,SZR,Generación,GNRA,"12,0"
FSPELYO,FSPELYO,UP SOLAR SAN PELAYO,18W000000000QRAP,Solar fotovoltaica,Venta,España,SZR,Generación,NEXU,"2,8"
FSPV10,FSPV10,UP WATT DEVELOPMENT SPV 10 SL,18W000000000RNVS,Solar fotovoltaica,Venta,España,SZR,Generación,EGLE,"30,8"
FSPV3,FSPV3,UP WATT DEVELOPMENT SPV 3 SL,18W000000000RNXO,Solar fotovoltaica,Venta,España,SZR,Generación,EGLE,"17,0"
FSRRANA,FSRRANA,UP LA SERRANA,18W000000000M05L,Solar fotovoltaica,Venta,España,SZR,Generación,NEXU,"5,4"
FSTATON,FSTATON,UP SOLAR STATION,18W000000000SSJX,Solar fotovoltaica,Venta,España,SZR,Generación,NEXU,"3,0"
FSTOMAS,FSTOMAS,UP SOLAR ST TOMAS,18W000000000QKB7,Solar fotovoltaica,Venta,España,SZR,Generación,NEXU,"17,2"
FSUNO1,FSUNO1,FV SUNO 1,18W000000000U1RG,Solar fotovoltaica,Venta,España,EVM ,Generación,CEG,"15,9"
FSUNO2,FSUNO2,FV SUNO 2,18W000000000U1TC,Solar fotovoltaica,Venta,España,EVM ,Generación,CEG,"10,0"
FSUNRIS,FSUNRIS,UP SOLAR SUNRISE,18W000000000UVR0,Solar fotovoltaica,Venta,España,SZR,Generación,NEXU,"1,0"
FSUNZAF,FSUNZAF,18W000000000UTA3,18W000000000UTA3,Solar fotovoltaica,Venta,España,SZR,Generación,EGLE,"3,8"
FT10150,FT10150,FT10150,18W000000000UHWW,Solar fotovoltaica,Venta,España,SZR,Generación,SOLRC,"29,6"
FTABRNS,TABRNAS,TABERNASII,18W000000000NKNW,Solar fotovoltaica,Venta,España,SZR,Generación,GESTE,"41,6"
FTALAR1,FTALAR1,UP FV TALARRUBIAS I,18W000000000G252,Solar fotovoltaica,Venta,España,NEXUS ,Generación,NEXU,"34,3"
FTALAR2,FTALAR2,UP FV TALARRUBIASII,18W000000000G260,Solar fotovoltaica,Venta,España,NEXUS ,Generación,NEXU,"34,3"
FTALARR,FTALARR,F TALARRUBIAS,18WFTALARR-123-5,Solar fotovoltaica,Venta,España,SZR,Generación,GESTE,"1,9"
FTALAYA,FTALAYA,FTALAYA,18W000000000UJN7,Solar fotovoltaica,Venta,España,SZR,Generación,CEG,"1,2"
FTALEGA,FTALEGA,FTALEGA,18W000000000ROBS,Solar fotovoltaica,Venta,España,SZR,Generación,CEG,"1,6"
FTALIA1,FTALIA1,FTALIA1,18W000000000TH2M,Solar fotovoltaica,Venta,España,SZR,Generación,ATENC,"5,1"
FTALIA2,FTALIA2,FTALIA2,18W000000000TH3K,Solar fotovoltaica,Venta,España,SZR,Generación,ATENC,"7,8"
FTALTOS,FTALTOS,FTALTOS,18W000000000SD13,Solar fotovoltaica,Venta,España,SZR,Generación,DETIC,"1,8"
FTALYEL,TALYELA,TALAYUELAS2,18W000000000PWRH,Solar fotovoltaica,Venta,España,GST1 ,Generación,GESTE,"44,0"
FTARACN,TARC,TARANA,18W000000000QIH1,Solar fotovoltaica,Venta,España,SZR,Generación,GESTE,"6,6"
FTARACS,TARACS,TARACNS,18W000000000QIKW,Solar fotovoltaica,Venta,España,SZR,Generación,GESTE,"5,1"
FTASOL,FTASOL,UP TALASOL SOLAR SL,18W000000000MOY2,Solar fotovoltaica,Venta,España,SZR,Generación,EGLE,"243,9"
FTAUSTE,FTAUSTE,UP SOLAR TAUSTE,18W000000000SZAU,Solar fotovoltaica,Venta,España,SZR,Generación,NEXU,"1,9"
FTE4148,FTE4148,FTE4148,18W000000000UHZQ,Solar fotovoltaica,Venta,España,SZR,Generación,SOLRC,"40,0"
FTE9156,FTE9156,FTE9156,18W000000000UI1H,Solar fotovoltaica,Venta,España,SZR,Generación,SOLRC,"29,6"
FTEBAR,FTEBAR,UP SOLAR TEBAR,18W000000000SZBS,Solar fotovoltaica,Venta,España,SZR,Generación,NEXU,"1,0"
FTERC01,FORESTA,FORESTA TERRENOS SL,18WFTERC01-123-M,Consumos directos en mercado,Compra,España,SZR,Consum. directos a mercado,FORTE,"0,8"
FTERRER,FTERRER,UP SOLAR TERRER,18W000000000TGB7,Solar fotovoltaica,Venta,España,NEXUS ,Generación,NEXU,"107,5"
FTFAPRO,TFAPRO,TARIFA>10 FV VALDECABALLEROS,18WFTFAPRO-123-K,Solar fotovoltaica,Venta,España,SZR,Generación,NEXU,"10,0"
FTINJR1,FTINJR1,UP SOLAR TINAJEROS 1,18W000000000R58H,Solar fotovoltaica,Venta,España,SZR,Generación,NEXU,"5,0"
FTINJR2,FTINJR2,UP SOLAR TINAJEROS 2,18W000000000R59F,Solar fotovoltaica,Venta,España,SZR,Generación,NEXU,"5,0"
FTIT151,FTIT151,FTIT151,18W000000000UDV9,Solar fotovoltaica,Venta,España,SZR,Generación,SOLRC,"40,0"
FTLAYL1,FTLAYL1,UP SOLAR TALAYUELA 1,18W000000000R9IM,Solar fotovoltaica,Venta,España,SZR,Generación,NEXU,"5,0"
FTLAYL2,FTLAYL2,UP SOLAR TALAYUELA 2,18W000000000R9JK,Solar fotovoltaica,Venta,España,SZR,Generación,NEXU,"5,0"
FTO1PSP,FTO1PSP,FTO1PSP,18W000000000UI4B,Solar fotovoltaica,Venta,España,SZR,Generación,SOLRC,"24,9"
FTO2101,FTO2101,FTO2101,18W000000000UICW,Solar fotovoltaica,Venta,España,SZR,Generación,SOLRC,"40,0"
FTOMI,FTOMI,EL TOMILLAR,18W000000000RM3D,Solar fotovoltaica,Venta,España,REPSOL ,Generación,REPSB,"13,0"
FTOR3LE,FTOR3LE,FTOR3LE,18W000000000UA4Z,Solar fotovoltaica,Venta,España,SZR,Generación,SOLRC,"11,5"
FTORDE1,TORDE,TORDESILLS,18W000000000LCRJ,Solar fotovoltaica,Venta,España,SZR,Generación,GESTE,"34,3"
FTORIJ2,TORIJ,TORIJA2,18W000000000G7PL,Solar fotovoltaica,Venta,España,SZR,Generación,GESTE,"4,7"
FTORIJ3,TJ3,TRJA3,18W000000000IRUH,Solar fotovoltaica,Venta,España,SZR,Generación,GESTE,"4,7"
FTORIJ4,TRJ4,TORIJA4,18W000000000KSPG,Solar fotovoltaica,Venta,España,SZR,Generación,GESTE,"4,7"
FTORRIJ,TOR,TORRIJOS EW,18W000000000PKPK,Solar fotovoltaica,Venta,España,IGR ,Generación,IGNIS,"42,5"
FTORRJ,TORRIJOS,UP SF ELAWAN TORRIJOS,18W000000000MBAF,Solar fotovoltaica,Venta,España,IGR ,Generación,IGNIS,"30,0"
FTORTA1,FTORTA1,UP SOLAR BRAZATORTAS 1,18W000000000V0IX,Solar fotovoltaica,Venta,España,SZR,Generación,NEXU,"55,2"
FTOTANA,FTOTANA,UP SOLAR TOTANA,18W000000000RN56,Solar fotovoltaica,Venta,España,SZR,Generación,NEXU,"4,5"
FTRDESI,FTRDESI,UP FTRDESI,18W000000000L9OY,Solar fotovoltaica,Venta,España,SZR,Generación,NEXU,"9,9"
FTREVAG,FTREVAG,FTREVAGO Y FTREVEU PPA,18W000000000SH0U,Solar fotovoltaica,Venta,España,END ,Generación,ECYR,"59,9"
FTRI,FTRI,FTRILLO,18W000000000S76B,Solar fotovoltaica,Venta,España,SZR,Generación,REPSB,"170,0"
FTRUCHA,FTRUCHA,UP SOLAR TRUCHA,18W000000000RISC,Solar fotovoltaica,Venta,España,NEXUS ,Generación,NEXU,"33,0"
FTUC132,FTUC132,FTUC132,18W000000000TKMA,Solar fotovoltaica,Venta,España,SZR,Generación,SOLRC,"30,0"
FTULC01,FORTU PEN,FORTULUZ PENINSULAR,18WFTULC01-123-H,Comercializadores mercado libre,Compra,España,SZR,Comercializadores,FORTU,"1,0"
FTURBIN,FTURBIN,UP SOLAR TURBINTO,18W000000000QMT2,Solar fotovoltaica,Venta,España,SZR,Generación,NEXU,"2,0"
FTURRON,FTURRON,UP SOLAR TURRONEROS,18W000000000LPY3,Solar fotovoltaica,Venta,España,NEXUS ,Generación,NEXU,"42,2"
FTZNETA,FTZNETA,UP SOLAR ATZENETA,18W000000000T33P,Solar fotovoltaica,Venta,España,SZR,Generación,NEXU,"1,5"
FULCONA,FULCONA,UP SOLAR ULLDECONA,18W000000000SU9A,Solar fotovoltaica,Venta,España,SZR,Generación,NEXU,"2,0"
FUNVC01,FUNVC01,FEUNTEVAQUEROSGRA,18W000000000TOVH,Consumos directos en mercado,Compra,España,SZR,Consum. directos a mercado,NENAP,"0,6"
FURSAMA,URSA,URSAMAIOR,18W000000000NDQA,Solar fotovoltaica,Venta,España,SZR,Generación,GESTE,"42,5"
FUSEC01,COM-PEN,COMERCIALIZADORA PENINSULA,18W000000000T2UB,Comercializadores mercado libre,Compra,España,SZR,Comercializadores,FUSEE,"0,5"
FUTETEM,FUTETEM,FOTOVOLTAICA UTETEM,18WFUTETEM-123-7,Solar fotovoltaica,Venta,España,SZR,Generación,EGED,"0,2"
FV_RETA,FV_RETAMAR,DESARROLLO PROYECTO FOTOVOLTAICO I,18W000000000SJHR,Solar fotovoltaica,Venta,España,SZR,Generación,ELEIA,"3,0"
FVAFROD,FVAFROD,PSF AFRODITA,18W000000000SN52,Solar fotovoltaica,Venta,España,SZR,Generación,WMARK,"40,8"
FVAHP,FVAHP,FVAHP,18W000000000V5CU,Solar fotovoltaica,Venta,España,SZR,Generación,ACENH,"0,2"
FVAL102,FVAL102,FVAL102,18W000000000U9RT,Solar fotovoltaica,Venta,España,SZR,Generación,SOLRC,"24,9"
FVALAMO,FVALAMO,FV ALAMO,18W000000000PA4I,Solar fotovoltaica,Venta,España,EVM ,Generación,CEG,"15,0"
FVALCAI,FVALCAII,FV LOS ALCAZARES II,18W000000000TE4R,Solar fotovoltaica,Venta,España,WM1 ,Generación,WMARK,"2,0"
FVALCAR,FVALCAR,FVALCAR,18W000000000U88X,Solar fotovoltaica,Venta,España,EVM ,Generación,CEG,"30,0"
FVALCAZ,FVALCAZI,FV LOS ALCAZARES I,18W000000000TE5P,Solar fotovoltaica,Venta,España,WM1 ,Generación,WMARK,"4,7"
FVALD1,FVALD1,FVALD1,18W000000000SDQR,Solar fotovoltaica,Venta,España,EVM ,Generación,CEG,"3,8"
FVALD2,FVALD2,FVALD2,18W000000000SDSN,Solar fotovoltaica,Venta,España,EVM ,Generación,CEG,"5,0"
FVALDES,VALDESOLAR,VALDESOLAR,18W000000000L44F,Solar fotovoltaica,Venta,España,REPSOL ,Generación,REPSB,"206,2"
FVALENT,FVALENT,UP SOLAR ELS VALENTINS,18W000000000TNSQ,Solar fotovoltaica,Venta,España,SZR,Generación,NEXU,"9,0"
FVALFW,VALFW,VALFW,18WFVALFW-1234-V,Solar fotovoltaica,Venta,España,SZR,Generación,GNRA,"10,0"
FVALLKA,FVALLKA,FVALLKA,18W000000000QRCL,Solar fotovoltaica,Venta,España,SZR,Generación,CEG,"1,2"
FVALLOB,FVALLOB,UP SOLAR VALLOBAR,18W000000000RT1X,Solar fotovoltaica,Venta,España,NEXUS ,Generación,NEXU,"40,0"
FVALMK,FV ALAMAK,UP SOLAR ALAMAK,18W000000000RGF7,Solar fotovoltaica,Venta,España,NEXUS ,Generación,NEXU,"19,1"
FVALT01,FVRIOSEQNO,FV RIOSEQUINO ALTANO,18W000000000V9TL,Solar fotovoltaica,Venta,España,SZR,Generación,INTRA,"49,9"
FVALTA,FVALTA,18W000000000UGNG,18W000000000UGNG,Solar fotovoltaica,Venta,España,SZR,Generación,EGLE,"38,9"
FVALYA,FV ALYA,UP SOLAR ALYA,18W000000000RGDB,Solar fotovoltaica,Venta,España,NEXUS ,Generación,NEXU,"41,0"
FVANUBI,FVANUBI,PSF ANUBIS,18W000000000SN36,Solar fotovoltaica,Venta,España,SZR,Generación,WMARK,"40,8"
FVARBO,ARBOTANTE ,ARBOTANTE SOLAR,18W000000000SBRV,Solar fotovoltaica,Venta,España,SZR,Generación,TOTGA,"45,0"
FVASIE5,FVASIE5MW,FV MAYOR - IGUAL 5MW,18W000000000P38V,Solar fotovoltaica,Venta,España,SZR,Generación,ASIE,"41,2"
FVBOCHI,FVBOCHI,FV BOCH I,18W000000000VF96,Solar fotovoltaica,Venta,España,SZR,Generación,WMARK,"8,0"
FVBOTOA,FVBOTOA,VEGA DE BOTOA,18WFVBOTOA-123-N,Solar fotovoltaica,Venta,España,SZR,Generación,GESTE,"2,5"
FVCALAM,FV CALAMOC,FV CALAMOCHA I,18W000000000V16H,Solar fotovoltaica,Venta,España,SZR,Generación,WMARK,"19,6"
FVCANAS,FVCANAS,UP SOLAR VILLACAÑAS,18W000000000UYGD,Solar fotovoltaica,Venta,España,SZR,Generación,NEXU,"3,0"
FVCAR,CARRASCOSA,LA CARRASCOSA,18W000000000SDFC,Solar fotovoltaica,Venta,España,SZR,Generación,TOTGA,"42,6"
FVCARR,FVCARR,FVCARR,18W000000000R7MK,Solar fotovoltaica,Venta,España,GN3 ,Generación,GNRA,"17,5"
FVCOF,FVCOF,FVCOF,18W000000000V9J4,Solar fotovoltaica,Venta,España,SZR,Generación,IBGES,"1,7"
FVCOTI2,TORRECOT2,TORRES COTILLAS II,18W000000000TEKW,Solar fotovoltaica,Venta,España,WM1 ,Generación,WMARK,"5,3"
FVCOTIL,FVCOTILL,FVCOTILLAS,18W000000000TE6N,Solar fotovoltaica,Venta,España,WM1 ,Generación,WMARK,"3,3"
FVDEMET,FVDEMET,PSF DEMETER,18W000000000SN44,Solar fotovoltaica,Venta,España,SZR,Generación,WMARK,"40,8"
FVDNR,PFV DNR,PFV DEHESA NUEVA DEL REY,18W000000000SPAN,Solar fotovoltaica,Venta,España,SZR,Generación,TOTGA,"46,2"
FVECOIB,FVECOIB,FVECOIB,18W000000000Q49M,Solar fotovoltaica,Venta,España,SZR,Generación,CEG,"10,0"
FVEIBC1,FVEIBC1,VENTA EXCEDENTES FV,18W000000000QIRI,Solar fotovoltaica,Venta,España,SZR,Generación,IBGES,"1,8"
FVEMINN,FVEMINN,FVEMINN,18W000000000RAR1,Solar fotovoltaica,Venta,España,END ,Generación,ECYR,"124,0"
FVENTUS,FVENTUS,UP VENTUS IBERIA,18W000000000UBWD,Solar fotovoltaica,Venta,España,SZR,Generación,EGLE,"2,7"
FVENZA,VNZA,LIVENZA,18W000000000JVXW,Solar fotovoltaica,Venta,España,SZR,Generación,GESTE,"4,7"
FVERDLS,FVERDLS,UP SOLAR VERDINALES,18W000000000S6U3,Solar fotovoltaica,Venta,España,NEXUS ,Generación,NEXU,"15,0"
FVESCAN,FVESCANOR,ESCALONILLA NORTE,18W000000000TE9H,Solar fotovoltaica,Venta,España,SZR,Generación,WMARK,"4,7"
FVESCAS,FVESCASUR,ESCALONILLA SUR,18W000000000TEAF,Solar fotovoltaica,Venta,España,SZR,Generación,WMARK,"4,7"
FVFRA,FVFRA,FVFRA,18W000000000P4OX,Solar fotovoltaica,Venta,España,SZR,Generación,GNRA,"40,2"
FVFUENT,FUENTEE,FUENTE DEL ANO,18W0000000000YAY,Solar fotovoltaica,Venta,España,SZR,Generación,GESTE,"2,5"
FVGALAZ,FVGALAZ,GALAZOCAN SOLAR,18W000000000RWR9,Solar fotovoltaica,Venta,España,SZR,Generación,WMARK,"4,8"
FVGNRA,SOLARES 1,SOLARES MAYOR 1,18W000000000A0UJ,Solar fotovoltaica,Venta,España,SZR,Generación,GNRA,"474,7"
FVGREEN,FVGREEN,FV EGREEN ZR,18W000000000PVZ4,Solar fotovoltaica,Venta,España,ACC ,Generación,EGED,"208,0"
FVHIBRC,FVHIBRC,UFI COMPRA BATERIA EXTREM3,18W000000000SNAT,Almacenamiento,Compra,España,SZR,Unidades de almacenamiento,EGED,"2,2"
FVHIBRV,FVHIBRV,UP HIBRIDA VENTA EXTREMADURA 3,18W000000000TNUM,Híbrida renovable-almacenamiento,Venta,España,ACC ,Unidades hibridas,EGED,"21,8"
FVHITA,FVHITA,FVHITA,18W000000000RTVA,Solar fotovoltaica,Venta,España,SZR,Generación,CEG,"1,7"
FVIENTO,FVIENTO,UP SOLAR VIENTO,18W000000000SZQZ,Solar fotovoltaica,Venta,España,SZR,Generación,NEXU,"1,8"
FVILLAV,VILLA,VILLAVALIENTE,18W000000000R213,Solar fotovoltaica,Venta,España,SZR,Generación,GESTE,"4,0"
FVIMAN,FVIMAN,FVIMAN,18W000000000U2KR,Solar fotovoltaica,Venta,España,SZR,Generación,CEG,"16,0"
FVINASG,VIÑAS,VIÑASGOMEZ,18W000000000RP6Z,Solar fotovoltaica,Venta,España,SZR,Generación,GESTE,"2,8"
FVITEC,FVITEC,FVITEC,18W000000000MZRK,Solar fotovoltaica,Venta,España,SZR,Generación,VITEC,"3,4"
FVITEC2,FVITEC2,FV MAYOR 1,18W000000000TH0Q,Solar fotovoltaica,Venta,España,SZR,Generación,VITEC,"1,9"
FVITEC3,FVITEC3,FVITEC3,18W000000000V6TU,Solar fotovoltaica,Venta,España,SZR,Generación,VITEC,"0,8"
FVITIGU,VITIGUDINA,PARQUE FV VITIGUDINA,18W000000000P1EP,Solar fotovoltaica,Venta,España,SZR,Generación,EBLCO,"3,0"
FVIVAL,VVL,VIVLS,18W000000000JX90,Solar fotovoltaica,Venta,España,SZR,Generación,GESTE,"1,2"
FVJADRA,FVJADRA,PSF JADRAQUE,18W000000000S8GP,Solar fotovoltaica,Venta,España,SZR,Generación,WMARK,"2,0"
FVLAUEI,FVLAUEI,FV MAS DE 1MW,18W000000000OWSJ,Solar fotovoltaica,Venta,España,SZR,Generación,LAUEI,"3,2"
FVLNEVA,VLLNA,VILLANUEVA,18W000000000PWNP,Solar fotovoltaica,Venta,España,GST1 ,Generación,GESTE,"42,2"
FVLOREN,FVLOREN,FV LORENZO SOLAR,18W000000000RQ31,Solar fotovoltaica,Venta,España,GNRA01 ,Generación,GNRA,"3,6"
FVLSILA,FVLSILA,UP SOLAR VALSEQUILLA,18W000000000UNXC,Solar fotovoltaica,Venta,España,SZR,Generación,NEXU,"20,0"
FVLVERD,FVLVERD,UP SOLAR VALVERDE,18W000000000QMJM,Solar fotovoltaica,Venta,España,SZR,Generación,NEXU,"2,4"
FVMAYOR,FVMAYOR,UP SOLAR VILLAMAYOR,18W000000000SR6P,Solar fotovoltaica,Venta,España,SZR,Generación,NEXU,"8,6"
FVMAZO,FVMAZO,FVMAZO,18W000000000R7KO,Solar fotovoltaica,Venta,España,GN3 ,Generación,GNRA,"12,5"
FVMECA1,FVMECA1,UP SOLAR VILLAMECA 1,18W000000000VAI3,Solar fotovoltaica,Venta,España,SZR,Generación,NEXU,"75,2"
FVMECA2,FVMECA2,UP SOLAR VILLAMECA II,18W000000000VAJ1,Solar fotovoltaica,Venta,España,SZR,Generación,NEXU,"75,2"
FVNORI,LA NORIA,FV LA NORIA,18W000000000SDGA,Solar fotovoltaica,Venta,España,SZR,Generación,TOTGA,"42,6"
FVNSER,FVNSER,FVNSER,18W000000000MSEU,Solar fotovoltaica,Venta,España,SZR,Generación,GNRA,"40,0"
FVO1133,FVO1133,FVO1133,18W000000000UDNP,Solar fotovoltaica,Venta,España,SZR,Generación,SOLRC,"37,5"
FVO2134,FVO2134,FVO2134,18W000000000UDPL,Solar fotovoltaica,Venta,España,SZR,Generación,SOLRC,"37,5"
FVPEDRA,FVPEDRAJ,LA PEDRAJA I,18W000000000TE8J,Solar fotovoltaica,Venta,España,WM1 ,Generación,WMARK,"3,2"
FVPILA,PILASTRA S,PILASTRA SOLAR,18W000000000S9ZL,Solar fotovoltaica,Venta,España,SZR,Generación,TOTGA,"40,0"
FVPON,FVPON,FVPON,18W000000000P3FH,Solar fotovoltaica,Venta,España,GN3 ,Generación,GNRA,"12,5"
FVPOSA,FVPOSA,FVPOSA,18W000000000R7JQ,Solar fotovoltaica,Venta,España,GN3 ,Generación,GNRA,"10,0"
FVPOST,POSTIGO SO,POSTIGO SOLAR,18W000000000SA1C,Solar fotovoltaica,Venta,España,TOTENERG ,Generación,TOTGA,"40,0"
FVRIOJA,FV RIOJA,FV RIOJA,18W000000000ODYR,Solar fotovoltaica,Venta,España,SZR,Generación,LMER,"1,7"
FVROM1,ROMERAL 1,FV EL ROMERAL 1,18W000000000SXJI,Solar fotovoltaica,Venta,España,SZR,Generación,TOTGA,"9,0"
FVROM2,FVROM2,ROMERAL2,18W000000000SXLE,Solar fotovoltaica,Venta,España,SZR,Generación,TOTGA,"9,0"
FVRUELA,FVRUELA,UP SOLAR ERUELA,18W000000000VH0I,Solar fotovoltaica,Venta,España,SZR,Generación,NEXU,"5,6"
FVSANMI,FV SAN MIG,FV SAN MIGUEL D,18W000000000T41Q,Solar fotovoltaica,Venta,España,WM1 ,Generación,WMARK,"33,2"
FVSESAN,FVSESAN,FVSESAN,18W000000000MSIM,Solar fotovoltaica,Venta,España,SZR,Generación,GNRA,"39,6"
FVSSVAN,FVSSVAN,FVSSVAN,18W000000000MSGQ,Solar fotovoltaica,Venta,España,SZR,Generación,GNRA,"40,0"
FVTABA,FVTABA,FVTABA,18W000000000R7LM,Solar fotovoltaica,Venta,España,GN3 ,Generación,GNRA,"12,5"
FVTEJES,FVTEJES,FVTEJES,18W000000000N2XT,Solar fotovoltaica,Venta,España,SZR,Generación,GNRA,"7,0"
FVTORRN,FVTORRNOR,TORRIJOS NORTE,18W000000000TEBD,Solar fotovoltaica,Venta,España,WM1 ,Generación,WMARK,"4,7"
FVTORRS,FVTORRSUR,TORRIJOS SUR,18W000000000TECB,Solar fotovoltaica,Venta,España,WM1 ,Generación,WMARK,"4,7"
FVVAL1,VALIENTES ,VALIENTES 1,18W000000000SBIC,Solar fotovoltaica,Venta,España,SZR,Generación,TOTGA,"9,0"
FVVAL2,VALIENTES2,FV VALIENTES 2,18W000000000SBN2,Solar fotovoltaica,Venta,España,SZR,Generación,TOTGA,"3,6"
FWERSOL,FWERSOL,UP SOLAR POWERSOL,18W000000000U1D7,Solar fotovoltaica,Venta,España,SZR,Generación,NEXU,"2,0"
FXRSPRE,FXRSPRE,FXRSPRE,18W00000000079YX,Solar fotovoltaica,Venta,España,SZR,Generación,RSPRE,"0,6"
FYAGENT,FYAGENT,"AGENT ( FOTOVOLTAICA,TARIFA,NO EXENTO )",18WFYAGENT-123-E,Solar fotovoltaica,Venta,España,SZR,Generación,AGENT,"2,0"
FYAGREN,FYAGREN,FYAGREN,18W000000000ROL8,Solar fotovoltaica,Venta,España,SZR,Generación,AGREN,"0,2"
FYALBA1,FYALBA1,FYALBA1,18W000000000Q2RT,Solar fotovoltaica,Venta,España,SZR,Generación,CEG,"5,2"
FYALBA2,FYALBA2,FYALBA2,18W000000000Q2TP,Solar fotovoltaica,Venta,España,SZR,Generación,CEG,"4,7"
FYAME,FYAME,FOTOVOLTAICA MENOS 1 MW,18WFYAME-12345-4,Solar fotovoltaica,Venta,España,SZR,Generación,AME,"1,1"
FYASIE,FOTVREGESP,FOTOVOLTAICA RETRIBUCION ESPECIFICA,18WFYASIE-1234-5,Solar fotovoltaica,Venta,España,SZR,Generación,ASIE,"0,0"
FYATENC,FYATENC,FYATENC,18W000000000TH1O,Solar fotovoltaica,Venta,España,SZR,Generación,ATENC,"3,9"
FYATLAS,FYATLAS,FYATLAS,18W000000000JMYK,Solar fotovoltaica,Venta,España,SZR,Generación,ATLAS,"2,2"
FYBSG,FYBSG,FYBSG,18W000000000BCMW,Solar fotovoltaica,Venta,España,SZR,Generación,BSGEA,"14,0"
FYCEDSL,FYCEDSL,FYCEDSL,18W000000000U5HO,Solar fotovoltaica,Venta,España,SZR,Generación,CEDSL,"4,5"
FYCEG,FYCEG,"CEG ( FOTOVOLTAICA,TARIFA,NO EXENTO )",18WFYCEG-12345-7,Solar fotovoltaica,Venta,España,SZR,Generación,CEG,"44,6"
FYCESOS,FYCESOS,UP FOTOVOLTAICA CESOS,18W000000000R0N2,Solar fotovoltaica,Venta,España,SZR,Generación,CESOS,"0,5"
FYCEXXI,FYCEXXI,ENDESA CUR FOTOVOL MAYOR 100,18W000000000FDMD,Solar fotovoltaica,Venta,España,SZR,Generación,EEXXI,"0,0"
FYCLIDM,RET SUP 15,REGIMEN ESPECIAL TARIFA >15,18WFYCLIDM-123-Z,Solar fotovoltaica,Venta,España,SZR,Generación,CLIDM,"2,4"
FYCYE,UPRREFVCD,UP REPRESENTACION RE FV CON DESVIOS,18WFYCYE-12345-A,Solar fotovoltaica,Venta,España,SZR,Generación,CYE,"13,0"
FYDETIC,FYDETIC,"DETIC ( FOTOVOLTAICA,TARIFA,NO EXENTO )",18WFYDETIC-123-P,Solar fotovoltaica,Venta,España,SZR,Generación,DETIC,"3,6"
FYEBLCO,FYEBLCO,"EBLCO ( FOTOVOLTAICA,TARIFA,NO EXENTO )",18WFYEBLCO-123-6,Solar fotovoltaica,Venta,España,SZR,Generación,EBLCO,"5,5"
FYEEXXI,FYEEXXI,"ENDESA CUR  ( TARIFA, FOTOVOLTAICA, NO EXENTA)",18WFYEEXXI-123-1,Solar fotovoltaica,Venta,España,SZR,Generación,EEXXI,"742,3"
FYEFG,FYEFG,"EFG ( FOTOVOLTAICA,TARIFA,NO EXENTO )",18WFYEFG-12345-C,Solar fotovoltaica,Venta,España,SZR,Generación,EFG,"67,3"
FYEGED,FYEGED,FYEGED,18W000000000Q00F,Solar fotovoltaica,Venta,España,SZR,Generación,EGED,"0,8"
FYEGLE,FYEGLE,"EGLE ( FOTOVOLTAICA,TARIFA,NO EXENTO )",18WFYEGLE-1234-H,Solar fotovoltaica,Venta,España,SZR,Generación,EGLE,"8,0"
FYEGUAS,FYEGUAS,FYEGUAS,18W000000000SKNC,Solar fotovoltaica,Venta,España,EVM ,Generación,CEG,"3,0"
FYENDG,FYENDG,FYENDG,18WFYENDG-1234-3,Solar fotovoltaica,Venta,España,SZR,Generación,ENDG,"0,3"
FYEONUR,FYEONUR,"E.ON CUR ( TARIFA, FOTOVOLTAICA, NO EXENTA)",18WFYEONUR-123-Q,Solar fotovoltaica,Venta,España,SZR,Generación,EONUR,"2,4"
FYEPES,YPS,FOTYEPES,18W000000000IWWZ,Solar fotovoltaica,Venta,España,SZR,Generación,GESTE,"2,8"
FYFEN,FYFEN,FOTOVOLTAICA MAYOR 15 KW,18WFYFEN-12345-M,Solar fotovoltaica,Venta,España,SZR,Generación,FEN,"225,7"
FYFUTGR,UP FYFUTGR,UP FOTOVOLTAICA FUTURA GREEN,18WFYFUTGR-123-D,Solar fotovoltaica,Venta,España,SZR,Generación,FUTGR,"0,3"
FYGAC,FYGAC,"GAC ( FOTOVOLTAICA,TARIFA,NO EXENTO )",18WFYGAC-12345-2,Solar fotovoltaica,Venta,España,SZR,Generación,GAC,"29,8"
FYGEMSL,GEM FV,GEM FV,18W000000000F5CK,Solar fotovoltaica,Venta,España,SZR,Generación,GEMSL,"0,1"
FYGENER,FYGENER,"GENER ( FOTOVOLTAICA,TARIFA,NO EXENTO )",18WFYGENER-123-A,Solar fotovoltaica,Venta,España,SZR,Generación,ADXRE,"1,2"
FYGESTE,FYGESTE,"GESTE ( FOTOVOLTAICA,TARIFA,NO EXENTO )",18WFYGESTE-123-A,Solar fotovoltaica,Venta,España,SZR,Generación,GESTE,"332,0"
FYGNRA,FYGNRA,"GNRA ( FOTOVOLTAICA,TARIFA,NO EXENTO )",18WFYGNRA-1234-E,Solar fotovoltaica,Venta,España,SZR,Generación,GNRA,"183,8"
FYGNSUR,FYGNSUR,"GAS NATURAL SUR SDG ( TARIFA, FOTOVOLTAICA, NO EXENTA)",18WFYGNSUR-123-6,Solar fotovoltaica,Venta,España,SZR,Generación,GNSUR,"40,9"
FYGSETT,GSE S.A.,GLOBAL SOLAR ENERGY S.A.,18WFYGSETT-123-2,Solar fotovoltaica,Venta,España,SZR,Generación,GSETT,"12,3"
FYHCCUR,FYHCCUR,"HIDROCANTABRICO CUR ( TARIFA, FOTOVOLTAICA, NO EXENTA)",18WFYHCCUR-123-R,Solar fotovoltaica,Venta,España,SZR,Generación,HCCUR,"1,9"
FYHCG,FYHCG,UP FOTOVOLTAICA HCG,18W000000000CRRA,Solar fotovoltaica,Venta,España,SZR,Generación,HC G,"0,0"
FYHELIO,FYHELIO,"HELIO ( FOTOVOLTAICA,TARIFA,NO EXENTO )",18WFYHELIO-123-6,Solar fotovoltaica,Venta,España,SZR,Generación,HELIO,"2,9"
FYIBCUR,FYIBCUR,"IBERDROLA CUR  ( TARIFA, FOTOVOLTAICA, NO EXENTA)",18WFYIBCUR-123-Q,Solar fotovoltaica,Venta,España,SZR,Generación,IBCUR,"539,9"
FYIBGES,FYIBGES,FYIBGES,18WFYIBGES-123-0,Solar fotovoltaica,Venta,España,SZR,Generación,IBGES,"0,0"
FYIGNI,IGNI FY,IGNIS AGRUPACION SOLAR FOTOVOLTAICA,18W000000000PZQA,Solar fotovoltaica,Venta,España,SZR,Generación,IGNIS,"1,8"
FYLAUEI,FYLAUEI,REPRESENTANTE >15 KW,18WFYLAUEI-123-W,Solar fotovoltaica,Venta,España,SZR,Generación,LAUEI,"16,0"
FYLMER,FYLMER,"LMER ( FOTOVOLTAICA,TARIFA,NO EXENTO )",18WFYLMER-1234-O,Solar fotovoltaica,Venta,España,SZR,Generación,LMER,"9,2"
FYNEXU,FYNEXU,"NEXU ( FOTOVOLTAICA,TARIFA,NO EXENTO )",18WFYNEXU-1234-Z,Solar fotovoltaica,Venta,España,SZR,Generación,NEXU,"824,1"
FYNRENO,FYNRENO,"NRENO ( FOTOVOLTAICA,TARIFA,NO EXENTO )",18WFYNRENO-123-I,Solar fotovoltaica,Venta,España,SZR,Generación,NRENO,"1,8"
FYREN2,FYREN2,FYREN2,18W000000000PM99,Solar fotovoltaica,Venta,España,SZR,Generación,CEG,"95,1"
FYREPSB,FYREPSB,FYREPSB,18W000000000UKKA,Solar fotovoltaica,Venta,España,SZR,Generación,REPSB,"0,0"
FYRSPRA,FYRSPRA,FYRSPRA,18WFYRSPRA-123-5,Solar fotovoltaica,Venta,España,SZR,Generación,RSPRA,"40,5"
FYSERVC,FYSERVC,FYSERVC,18W000000000U55B,Solar fotovoltaica,Venta,España,SZR,Generación,SERVC,"1,4"
FYTERSA,TERSAFVOL,TERSA SOLAR FOTOVOLTAICA,18W0000000007AJN,Solar fotovoltaica,Venta,España,SZR,Generación,TERSA,"2,6"
FYUNCLI,FYUNCLI,UP SOLAR YUNCLILLOS,18W000000000UBSL,Solar fotovoltaica,Venta,España,SZR,Generación,NEXU,"10,0"
FYUNQUE,FYUNQUE,UP SOLAR YUNQUERAS,18W000000000SUQD,Solar fotovoltaica,Venta,España,SZR,Generación,NEXU,"1,1"
FYWMARK,FYWMARK,"WMARK ( FOTOVOLTAICA,TARIFA,NO EXENTO )",18WFYWMARK-123-1,Solar fotovoltaica,Venta,España,SZR,Generación,WMARK,"37,9"
FZAFRA,UP ZAFRA,UP FV ZAFRA,18W000000000FT9S,Solar fotovoltaica,Venta,España,NEXUS ,Generación,NEXU,"45,8"
FZARZMS,FZARZMS,UP FV ZARZA M SOLAR,18WFZARZMS-123-E,Solar fotovoltaica,Venta,España,SZR,Generación,NEXU,"7,0"
FZNCONE,FZNCONE,UP SOLAR ZANCONES,18W000000000SQMX,Solar fotovoltaica,Venta,España,SZR,Generación,NEXU,"6,0"
FZORITA,FZORITA,FZORITA,18W000000000SPVI,Solar fotovoltaica,Venta,España,SZR,Generación,CEG,"38,2"
FZRATAN,FZRATAN,UP SOLAR ZARATAN,18W000000000TIA3,Solar fotovoltaica,Venta,España,SZR,Generación,NEXU,"20,5"
FZRPCOS,FZRPCOS,UP SOLAR ZARAPICOS,18W000000000RL4E,Solar fotovoltaica,Venta,España,SZR,Generación,NEXU,"1,7"
FZUERA2,FZUERAA2,FZUERAA2,18W000000000MEYW,Solar fotovoltaica,Venta,España,SZR,Generación,NEXU,"9,9"
FZUERAS,FZUERAA,FZUERAA,18W000000000MEXY,Solar fotovoltaica,Venta,España,SZR,Generación,NEXU,"9,0"
GABAC01,GABA,GABA COMERCIALIZADORA DE ELECTRICIDAD SLU,18W000000000N5ZG,Comercializadores mercado libre,Compra,España,SZR,Comercializadores,GABAC,"3,0"
GACC01,GACC01,GEOATLANTER COMPRA,18WGEOATLANTERP1,Comercializadores mercado libre,Compra,España,SZR,Comercializadores,GAC,"0,8"
GAENER1,GAENER1,GAENER1,18W000000000I1QT,Genéricas,Compra,España,SZR,Unidades genéricas,AENER,"100,0"
GAIAC01,GAIA COMER,GAIA COMERCIALIZADORA,18W000000000CG2J,Comercializadores mercado libre,Compra,España,SZR,Comercializadores,GGLOB,"0,1"
GALAC01,GALAC01,GALAC01,18WGALAC01-123-Y,Comercializadores mercado libre,Compra,España,SZR,Comercializadores,GALA1,"0,5"
GALPC01,GALPUP,"GALP ENERGÍA ESPAÑA, S.A.U.",18WGALPC01-12--7,Comercializadores mercado libre,Compra,España,SZR,Comercializadores,GALP,"9,3"
GALPR01,GALPSRAD,GALPSRAD,18W000000000QKT8,Comercializadores mercado libre,Compra,España,SZR,Comercializadores,GALP,"11,0"
GALPS1,GALPV1,GALP VENTA 1,18W000000000LYAO,Solar fotovoltaica,Venta,España,GAL ,Generación,GALP,"41,0"
GALPS2,GALPS2,GALP VENTA 2,18W000000000LYBM,Solar fotovoltaica,Venta,España,GAL ,Generación,GALP,"36,0"
GALPS23,LOGRO,PARQUE LOGRO,18W000000000N3GN,Solar fotovoltaica,Venta,España,GAL ,Generación,GALP,"44,1"
GALPS24,IALCI,ICTIO ALCAZAR I,18W000000000NHP0,Solar fotovoltaica,Venta,España,GAL ,Generación,GALP,"44,4"
GALPS25,IALCI,ICTIO ALACAZAR II,18W000000000NHQZ,Solar fotovoltaica,Venta,España,GAL ,Generación,GALP,"44,4"
GALPS26,IALCAIII,ICTIO ALCAZAR III,18W000000000NHRX,Solar fotovoltaica,Venta,España,GAL ,Generación,GALP,"44,4"
GALPS27,ALCAZAR II,ALCAZAR II,18W000000000OV04,Solar fotovoltaica,Venta,España,GAL ,Generación,GALP,"36,0"
GALPS28,VALDIVIESO,VALDIVIESO,18W000000000OV20,Solar fotovoltaica,Venta,España,GAL ,Generación,GALP,"41,0"
GALPS29,RIBAGRANDE,RIBAGRANDE,18W000000000PAFX,Solar fotovoltaica,Venta,España,GAL ,Generación,GALP,"38,1"
GALPS3,GALPS3,GALP VENTA 3,18W000000000M8EG,Solar fotovoltaica,Venta,España,GAL ,Generación,GALP,"35,0"
GALPS30,SIERREZUEL,SIERREZUELA,18W000000000PDR0,Solar fotovoltaica,Venta,España,GAL ,Generación,GALP,"38,2"
GALPS31,ESCARNES,ESCARNES,18W000000000PGGD,Solar fotovoltaica,Venta,España,GAL ,Generación,GALP,"32,8"
GALPS32,ENVITERO,ENVITERO,18W000000000PGHB,Solar fotovoltaica,Venta,España,GAL ,Generación,GALP,"35,0"
GALPS33,MOCATERO,MOCATERO,18W000000000PGI9,Solar fotovoltaica,Venta,España,GAL ,Generación,GALP,"30,3"
GALPS34,IGNISSOLAR,IGNIS SOLAR I,18W000000000PGJ7,Solar fotovoltaica,Venta,España,GAL ,Generación,GALP,"37,9"
GALPS35,MEDIOMONTE,MEDIOMONTE,18W000000000PGK5,Solar fotovoltaica,Venta,España,GAL ,Generación,GALP,"37,9"
GALPS36,EMOCION,EMOCION,18W000000000PGL3,Solar fotovoltaica,Venta,España,GAL ,Generación,GALP,"38,1"
GALPS37,ESCATRNSII,ESCATRON SOLAR II,18W000000000PGM1,Solar fotovoltaica,Venta,España,GAL ,Generación,GALP,"38,0"
GALPS38,PALABRA,PALABRA,18W000000000PGOY,Solar fotovoltaica,Venta,España,GAL ,Generación,GALP,"40,2"
GALPS39,VALDELAGUA,VALDELAGUA,18W000000000PGPW,Solar fotovoltaica,Venta,España,GAL ,Generación,GALP,"40,4"
GALPS40,EL ROBLEDO,EL ROBLEDO,18W000000000PGQU,Solar fotovoltaica,Venta,España,GAL ,Generación,GALP,"38,0"
GALPS41,HAZAÑA SOL,HAZAÑA SOLAR,18W000000000PGRS,Solar fotovoltaica,Venta,España,GAL ,Generación,GALP,"38,1"
GALPS42,TALENTO,TALENTO,18W000000000PGSQ,Solar fotovoltaica,Venta,España,GAL ,Generación,GALP,"38,2"
GALPS43,ESPLENDOR,ESPLENDOR,18W000000000PGTO,Solar fotovoltaica,Venta,España,GAL ,Generación,GALP,"40,2"
GALPS44,PITARCO,PITARCO ABC,18W000000000PH21,Solar fotovoltaica,Venta,España,SZR,Generación,GALP,"47,8"
GALPS53,ALBARREAL,ALBARREAL,18W000000000QFEG,Solar fotovoltaica,Venta,España,SZR,Generación,GALP,"44,2"
GALPS54,GALPS54,GALPS54,18W000000000RGTG,Solar fotovoltaica,Venta,España,SZR,Generación,GALP,"40,8"
GALPS55,GALPS55,GALPS55,18W000000000RGVC,Solar fotovoltaica,Venta,España,SZR,Generación,GALP,"40,8"
GALPS61,MONTEGORDO,MONTEGORDO,18W000000000RVSA,Eólica terrestre,Venta,España,SZR,Generación,GALP,"48,0"
GALPS62,CARBAS,CARBAS,18W000000000RVT8,Eólica terrestre,Venta,España,GAL ,Generación,GALP,"40,0"
GALPS63,CALDERA,CALDERA,18W000000000RVU6,Eólica terrestre,Venta,España,GAL ,Generación,GALP,"22,5"
GALPS64,TESOSANTO,TESOSANTO,18W000000000RVV4,Eólica terrestre,Venta,España,GAL ,Generación,GALP,"50,0"
GALPS65,EXTRESOL 1,EXTRESOL 1,18W000000000RVW2,Solar térmica,Venta,España,SZR,Generación,GALP,"50,0"
GALPS78,ALMARAZ,ALMARAZ,18W000000000TBPV,Solar fotovoltaica,Venta,España,SZR,Generación,GALP,"38,2"
GALPS79,TOLEDO,TOLEDO,18W000000000TBQT,Solar fotovoltaica,Venta,España,SZR,Generación,GALP,"42,8"
GALPS80,AHIN,AHIN,18W000000000TBRR,Solar fotovoltaica,Venta,España,SZR,Generación,GALP,"13,1"
GALPS81,CBLANCA,CBLANCA,18W000000000TL9X,Solar térmica,Venta,España,SZR,Generación,GALP,"49,9"
GALPS82,ABUELA,ABUELA,18W000000000TLAV,Eólica terrestre,Venta,España,GAL ,Generación,GALP,"49,5"
GALPS83,COLMENAR,COLMENAR,18W000000000TLBT,Eólica terrestre,Venta,España,SZR,Generación,GALP,"28,0"
GALPS84,NOGUERA,NOGUERA,18W000000000TLCR,Eólica terrestre,Venta,España,SZR,Generación,GALP,"28,9"
GALPS85,VEGAS,VEGAS,18W000000000TLDP,Eólica terrestre,Venta,España,SZR,Generación,GALP,"48,0"
GALPS86,SERON1,SERON1,18W000000000TLEN,Eólica terrestre,Venta,España,GAL ,Generación,GALP,"49,5"
GALPS87,SERON2,SERON2,18W000000000TLFL,Eólica terrestre,Venta,España,GAL ,Generación,GALP,"10,0"
GALPS88,TIJOLA,TIJOLA,18W000000000TLGJ,Eólica terrestre,Venta,España,GAL ,Generación,GALP,"36,0"
GALPS89,CERROBLANC,CERROBLANC,18W000000000TW0I,Eólica terrestre,Venta,España,SZR,Generación,GALP,"48,0"
GALPS90,PEMAJALES,PEMAJALES,18W000000000TW1G,Eólica terrestre,Venta,España,SZR,Generación,GALP,"49,5"
GALPS91,PETORVISCA,PETORVISCA,18W000000000TW2E,Eólica terrestre,Venta,España,SZR,Generación,GALP,"24,0"
GALPS92,PE BREÑA,PE BREÑA,18W000000000TW3C,Eólica terrestre,Venta,España,SZR,Generación,GALP,"36,0"
GALPS93,PEÑA NEBIN,PEÑA NEBIN,18W000000000TW4A,Eólica terrestre,Venta,España,SZR,Generación,GALP,"20,0"
GALPS94,PEVILLAMAY,PEVILLAMAY,18W000000000TW58,Eólica terrestre,Venta,España,SZR,Generación,GALP,"34,0"
GALPS95,PECABRITO,PECABRITO,18W000000000TW66,Eólica terrestre,Venta,España,SZR,Generación,GALP,"30,0"
GALPS96,ESCAMBRONS,ESCAMBRONS,18W000000000TW74,Eólica terrestre,Venta,España,SZR,Generación,GALP,"48,0"
GALPS97,PEBENALAZ,PEBENALAZ,18W000000000TW82,Eólica terrestre,Venta,España,SZR,Generación,GALP,"37,5"
GALPS98,PEBOIRA,PEBOIRA,18W000000000TW90,Eólica terrestre,Venta,España,SZR,Generación,GALP,"34,5"
GALPS99,PELOSILLA,PELOSILLA,18W000000000TWAZ,Eólica terrestre,Venta,España,SZR,Generación,GALP,"24,0"
GALPT01,GALPS100,GALPS100,18W000000000TWBX,Eólica terrestre,Venta,España,SZR,Generación,GALP,"37,5"
GALPT02,BENALAZ II,BENALAZ II,18W000000000TXAW,Eólica terrestre,Venta,España,SZR,Generación,GALP,"16,5"
GALPT03,SAGUAS,SAGUAS,18W000000000UX9U,Eólica terrestre,Venta,España,SZR,Generación,GALP,"28,1"
GALPT06,THARSIUP,THARSIUP,18W000000000UXN2,Eólica terrestre,Venta,España,SZR,Generación,GALP,"4,0"
GALPT09,CAMPIL,CAMPIL,18W000000000VBQL,Eólica terrestre,Venta,España,SZR,Generación,GALP,"48,8"
GALPT10,CANTER,CANTER,18W000000000VBRJ,Eólica terrestre,Venta,España,SZR,Generación,GALP,"40,0"
GAMBC01,GAMBASTAR,GAMBASTAR S.L,18WGAMBC01-123-D,Consumos directos en mercado,Compra,España,SZR,Consum. directos a mercado,GAMB,"1,1"
GAMIC01,GAMBITO,GAMBITO ENERGY SL,18W000000000PW8I,Comercializadores mercado libre,Compra,España,SZR,Comercializadores,GAMBI,"0,0"
GAOLC01,GANA ENER,GANA ENERGÍA,18WGAOLC01-123-2,Comercializadores mercado libre,Compra,España,SZR,Comercializadores,GAOLA,"0,1"
GASRGAN,GASRGAN,GAS RESIDUOS GANADEROS,18W000000000LUYP,Biogás,Venta,España,SZR,Generación,LMER,"4,1"
GASTU1,GASTU1,GASTU1,18W0000000000TQH,Genéricas,Compra,España,SZR,Unidades genéricas,AST,"2,0"
GAUDAX,GAUDAX,UNIDAD GENERICA,18W000000000816Z,Genéricas,Compra,España,SZR,Unidades genéricas,ADXRE,"700,0"
GAVIAEG,GAVIAEG,18W00000000037AT,18W00000000037AT,Eólica terrestre,Venta,España,SZR,Generación,EGLE,"4,5"
GAVIC01,GAVIPLAS,GAVIPLAS,18WGAVIC01-123-T,Consumos directos en mercado,Compra,España,SZR,Consum. directos a mercado,GAVIP,"1,3"
GBENC01,GB ENERGIA,GLOBAL BIOSFERA ENERGIA,18WGBENC01-123-6,Comercializadores mercado libre,Compra,España,SZR,Comercializadores,GBENE,"0,1"
GBNPRV1,GBNPRV1,BONPREU GENERICA,18W000000000R1CL,Genéricas,Compra,España,SZR,Unidades genéricas,BNPRU,"35,0"
GBPG1,GBPG1,UNIDAD GENERICA BP,18W000000000T20Y,Genéricas,Compra,España,SZR,Unidades genéricas,BP,"300,0"
GCENTE1,GCENTE1,CENTRICA ENERGIA S.L.U. ( G ),18WGCENTE1-123-P,Genéricas,Compra,España,SZR,Unidades genéricas,CENTE,"500,0"
GDETI1,GDETI1,DETISA ( G ),18WGDETI1-1234-Z,Genéricas,Compra,España,SZR,Unidades genéricas,DETIC,"0,0"
GDIVC01,GDIVC01,GDIVC01_PEN,18WGDIVC01-123-6,Comercializadores mercado libre,Compra,España,SZR,Comercializadores,GDIVE,"0,1"
GDLQ,GUADALQUIV,UGH. GUADALQUIVIR,18WGDLQ-12345-0A,Hidráulica UGH,Venta,España,END ,Generación,ENDG,"423,9"
GDLQB,GDLQB,UGH. GUADALQUIVIR - BOMBEO,18WGDLQB-12345-Z,Consumo bombeo,Compra,España,SZR,Consumo bombeo,ENDG,"14,4"
GDNA,GUADIANA,UGH. GUADIANA,18WGDNA-12345-00,Hidráulica UGH,Venta,España,END ,Generación,ENDG,"218,6"
GDREUA1,UG FOENER,GENERICA FOENER ENERGIA SL,18W000000000Q144,Genéricas,Compra,España,SZR,Unidades genéricas,DREUA,"20,0"
GDUFER1,GDUFER1,DUFENERGY TRADING,18WGDUFER1-123-M,Genéricas,Compra,España,SZR,Unidades genéricas,DUFER,"400,0"
GEBLCO1,GEBLCO1,GENERICA EBLCO,18W000000000IZ56,Genéricas,Compra,España,SZR,Unidades genéricas,EBLCO,"200,0"
GEDFT1,GEDFT1,EDF TRADING LIMITED ( G ),18WGEDFT1-1234-1,Genéricas,Compra,España,SZR,Unidades genéricas,EDFT,"0,0"
GEFG1,GEFG1,FACTOR ENERGIA ( G ),18WGEFG1-12345-K,Genéricas,Compra,España,SZR,Unidades genéricas,EFG,"150,0"
GEGC01,ENERG,"GRUPO ENERGALICIA, S.A.",18WGEGC01-1234-0,Comercializadores mercado libre,Compra,España,SZR,Comercializadores,ENERG,"0,1"
GEGED1,GEGED1,"ACCIONA GREEN ENERGY DEVELOPMENTS, S.L. ( G )",18WGEGED1-1234-B,Genéricas,Compra,España,SZR,Unidades genéricas,EGED,"0,0"
GEGLE1,GEGLE1,"EGL ESPAÑA, S. L. ( G )",18WGEGLE1-1234-6,Genéricas,Compra,España,SZR,Unidades genéricas,EGLE,"0,0"
GELEGA1,UPGENERIC,UPGENERICA BILATERAL FISICA,18W000000000U2MN,Genéricas,Compra,España,SZR,Unidades genéricas,ELEGA,"1,0"
GENAH,GENAH,GENAH,18W000000000T1Y6,Oceano y geotérmica,Venta,España,SZR,Generación,AME,"4,5"
GENCEG1,GENENCEG,GENERICA INTERCONEXION ENCEG,18W000000000OZ3N,Genéricas,Compra,España,SZR,Unidades genéricas,EENER,"30,0"
GENDG1,GENDG1,"ENDESA GENERACION, S.A.",18WGENDG1-1234-S,Genéricas,Venta,España,SZR,Unidades genéricas,ENDG,"0,0"
GEOAC01,GEOAC01,UP COMPRA 1,18WGEOAC01-123-R,Comercializadores mercado libre,Compra,España,SZR,Comercializadores,GEOAL,"3,0"
GEOAL,VENTA FOTO,VENTA FOTOVOLTAICA 1 MW,18W000000000TN6X,Solar fotovoltaica,Venta,España,SZR,Generación,GEOAL,"1,5"
GEOLC01,GEO LUZ Y ,GEO LUZ Y GAS SLU,18W000000000R1J7,Comercializadores mercado libre,Compra,España,SZR,Comercializadores,GEOLU,"0,6"
GEPLAS,GEPLAS,"GE PLASTICS (ENERGY WORKS CARTAGENA, S.L.)",18WGEPLAS--12-0K,Gas Natural Cogeneración,Venta,España,SZR,Generación,EWCA,"97,9"
GEROUT1,GEN EROUTE,ELECTROROUTE ENERGY TRADING LIMITED,18WGEROUT1-123-F,Genéricas,Compra,España,SZR,Unidades genéricas,EROUT,"50,0"
GESIC01,GESTINER,GESTINER INGENIEROS,18WGESIC01-123-E,Comercializadores mercado libre,Compra,España,SZR,Comercializadores,GESTI,"0,5"
GESLC01,GESL,GENERG,18W000000000IOID,Comercializadores mercado libre,Compra,España,SZR,Comercializadores,GESL,"9,0"
GESPCX1,PORGENC,PORT_GEN_CMPRA,18W000000000LOUE,Porfolio,Compra,España,SZR,Unidades porfolio,GESTE,"9.999,0"
GESPVX1,PORGENV,PORT_GEN_VNTA,18W000000000LOVC,Porfolio,Venta,España,SZR,Unidades porfolio,GESTE,"9.999,0"
GESQC01,GESQC01,GESQC01,18W000000000U399,Comercializadores mercado libre,Compra,España,SZR,Comercializadores,GESTQ,"0,1"
GESTC01,GESTC01,GESTERNOVA S.A.,18WGESTC01-123-F,Comercializadores mercado libre,Compra,España,SZR,Comercializadores,GESTE,"0,1"
GESTCOM,GESTCOM,GESTCOM,18W000000000M9SM,Biogás,Venta,España,SZR,Generación,DETIC,"1,5"
GEXTIII,GEXTRESIII,GEXTRESOLIII,18W000000000QC72,Solar térmica,Venta,España,SZR,Generación,GALP,"49,9"
GEXTRII,GEXTRESOLI,GEXTRESOLII,18W000000000QC64,Solar térmica,Venta,España,SZR,Generación,GALP,"49,9"
GFORTI1,FORTGEN,FORTIA GENERICA,18W000000000RS2Y,Genéricas,Compra,España,SZR,Unidades genéricas,FORTI,"600,0"
GFRGS1,GST,GDF SUEZ TRADING,18WGFR-GS1-12--T,Genéricas,Compra,España,SZR,Unidades genéricas,FR_GS,"300,0"
GGAC1,GGAC1,GEOATLANTER S.L. (GENERICA),18WGGAC1-12345-H,Genéricas,Compra,España,SZR,Unidades genéricas,GAC,"0,0"
GGMT1,GMT,GAZPROM MARKETING & TRADING  (GENÉRICA),18WGGMT1-12345-B,Genéricas,Compra,España,SZR,Unidades genéricas,GMT,"200,0"
GGNCO1,GEN,UNIDAD GENÉRICA GNCOM,18WGGNCO1-1234-G,Genéricas,Compra,España,SZR,Unidades genéricas,GNCO,"4.000,0"
GGNRA1,GGNRA1,UP GENERICA GNERA,18WGGNRA1-1234-T,Genéricas,Compra,España,SZR,Unidades genéricas,GNRA,"400,0"
GGSLZ1,GGSLZ1,GGSLZ1,18W000000000R5F3,Genéricas,Compra,España,SZR,Unidades genéricas,GSLZE,"50,0"
GHCG1,GHCG1,HIDROELECTRICA DEL CANTABRICO ( G ),18WGHCG1-12345-H,Genéricas,Compra,España,SZR,Unidades genéricas,HC G,"0,0"
GHISPE1,GHISPE1,HISPAELEC ENERGÍA ( G ),18WGHISPE1-123-I,Genéricas,Compra,España,SZR,Unidades genéricas,HISPE,"100,0"
GIBEG1,GIBEG1,IBERDROLA GENERACION S.A.U. ( G ),18WGIBEG1-1234-S,Genéricas,Venta,España,SZR,Unidades genéricas,IBEG,"1.200,0"
GIBGES1,GIBGES1,UNIDAD GENÉRICA,18WGIBGES1-123-5,Genéricas,Compra,España,SZR,Unidades genéricas,IBGES,"1.200,0"
GIGNI1,GENERICA1,UNIDAD GENERICA IGNIS,18W000000000NBKS,Genéricas,Compra,España,SZR,Unidades genéricas,IGNIS,"350,0"
GJARON1,GJARON1,J.ARON & COMPANY,18WGJARON1-123-T,Genéricas,Compra,España,SZR,Unidades genéricas,JARON,"0,0"
GKVASI1,KVGEN,KVASIGENERICA,18W000000000T5WZ,Genéricas,Compra,España,SZR,Unidades genéricas,KVASI,"10,0"
GMARTB1,UPGENERICA,UPGENERICA BILATERAL FISICO,18W000000000R0RV,Genéricas,Compra,España,SZR,Unidades genéricas,MARTB,"1,0"
GMEC01,GME,GARCIA MUNTE,18W000000000MIDP,Comercializadores mercado libre,Compra,España,SZR,Comercializadores,GME,"1,0"
GMEEC01,CD GME,CONSUMIDOR DIRECTO GME,18W000000000OYW5,Consumos directos en mercado,Compra,España,SZR,Consum. directos a mercado,GME,"901,6"
GMERCU1,MERCU,MERCURIA ENERGY TRADING SA,18WGMERCU1-123-1,Genéricas,Compra,España,SZR,Unidades genéricas,MERCU,"500,0"
GMETEE1,UP METGEN,UP METGEN,18W000000000PUK0,Genéricas,Compra,España,SZR,Unidades genéricas,METEN,"100,0"
GMTCP3,GMTCP3,"GMT, EXPORTACIÓN A FRANCIA (CON DERECHOS)",18WIMPORTFRESWCN,Exportación Francia,Compra,Francia-España,SZR,Comercializador internacional,GMT,"200,0"
GMTVP3,GMTVP3,"GMT, IMPORTACIÓN DESDE FRANCIA (CON DERECHOS)",18WEXPORTESFRWCH,Importación Francia,Venta,Francia-España,SZR,Comercializador internacional,GMT,"200,0"
GNCOC01,GNCO,GAS NATURAL COMERCIALIZADORA,18WGNCOC01-12-2S,Comercializadores mercado libre,Compra,España,SZR,Comercializadores,GNCO,"1.200,0"
GNCOCP3,GNCOCP3,GNCO DERECH COMPRA FRANCIA,18W000000000F3XL,Exportación Francia,Compra,Francia-España,SZR,Comercializador internacional,GNCO,"0,0"
GNCOVP3,GNCOVP3,GNCO DERECH VENTA FRANCIA,18W000000000F3YJ,Importación Francia,Venta,Francia-España,SZR,Comercializador internacional,GNCO,"0,0"
GNCPCX1,GNCPCX1,GNCO PORTFOLIO COMPRA,18W000000000F3QZ,Porfolio,Compra,España,SZR,Unidades porfolio,GNCO,"9.999,0"
GNCPVX1,GNCPVX1,GNCO PORTFOLIO VENTA,18W000000000F3RX,Porfolio,Venta,España,SZR,Unidades porfolio,GNCO,"9.999,0"
GNEAS1,NEAS-CG,NEAS ENERGY A/S,18WGNEAS1-1234-F,Genéricas,Compra,España,SZR,Unidades genéricas,NEAS,"350,0"
GNEXU1,GNEXU1,NEXUS ENERGIA ( G ),18WGNEXU1-1234-Q,Genéricas,Compra,España,SZR,Unidades genéricas,NEXU,"0,0"
GNIDH1,GNIDH1,NIDHOG GENERAL,18W000000000QUY5,Genéricas,Compra,España,SZR,Unidades genéricas,NIDHO,"100,0"
GNOBLE1,GENERIC,GENERIC UNIT,18WGNOBLE1-123-C,Genéricas,Compra,España,SZR,Unidades genéricas,NOBLE,"100,0"
GNRAC01,GNRAC01,UP COMERCIALIZADORA NACIONAL,18WGNRAC01-123-Y,Comercializadores mercado libre,Compra,España,SZR,Comercializadores,GNRA,"28,1"
GNRACP3,GNRACP3,ESPAÑA-FRANCIA COMPRA CON DERECHOS,18WGNRACP3-123-5,Exportación Francia,Compra,Francia-España,SZR,Comercializador internacional,GNRA,"400,0"
GNRAVP3,GNRAVP3,ESPAÑA-FRANCIA VENTA CON DERECHOS,18WGNRAVP3-123-J,Importación Francia,Venta,Francia-España,SZR,Comercializador internacional,GNRA,"400,0"
GNRPCX1,GNRPCX1,GNRPCX1,18W000000000AGE3,Porfolio,Compra,España,SZR,Unidades porfolio,GNRA,"9.999,0"
GNRPVX1,GNRPVX1,GNRPVX1,18W000000000AGF1,Porfolio,Venta,España,SZR,Unidades porfolio,GNRA,"9.999,0"
GNSEC01,GNSE,"GAS NATURAL SERVICIOS SDG, S.A.",18WGNSEC01-12-2Q,Comercializadores mercado libre,Compra,España,SZR,Comercializadores,GNSE,"0,0"
GNSER01,GNSER01,GNSER01,18W000000000UT1L,Comercializadores mercado libre,Compra,España,SZR,Comercializadores,GNSE,"5,0"
GNSUC01,GNSUC01,GAS NATURAL SUR SDG COMPRA,18WGNSUC01-123-8,Comercializadores último recurso,Compra,España,SZR,Comercializador de referencia,GNSUR,"3.500,0"
GNSUCEB,GNSUCEB,UP GNSUR COMPRA CABLE BALEAR,18WGNSUCEB-123-B,Enlace Baleares,Compra,España,SZR,Enlace península baleares,GNSUR,"408,0"
GOENC01,GODAY ENER,GODAY ENERGA,18WGOENC01-123-Z,Comercializadores mercado libre,Compra,España,SZR,Comercializadores,GOENC,"3,0"
GOICCX1,GOICCX1,GOICCX1,18W000000000P1M9,Porfolio,Compra,España,SZR,Unidades porfolio,GOIEN,"9.999,0"
GOICVX1,GOICVX1,GOICVX1,18W000000000P1N7,Porfolio,Venta,España,SZR,Unidades porfolio,GOIEN,"9.999,0"
GOIEC01,GOIEC01,UP GOIENER COMERCILIZADORA,18WGOIEC01-123-7,Comercializadores mercado libre,Compra,España,SZR,Comercializadores,GOIEN,"0,1"
GOIEV01,GOIEV01,UP GOIENER REPRESENTACION VENTA,18W0000000007JZ1,Biogás,Venta,España,SZR,Generación,GOIEN,"0,6"
GOIEV02,GOIEV02,UP GOIENER REPRE VENTA SOLAR,18W00000000091AN,Solar fotovoltaica,Venta,España,SZR,Generación,GOIEN,"1,2"
GOIEV03,GOIEV03,UP VENTA REPRE LIZAR HIDRO,18W0000000009KR6,Hidráulica no UGH,Venta,España,SZR,Generación,GOIEN,"4,0"
GONE1,GONE1,OFFICE NATIONAL DE L'ELECTRICITÉ ( G ),18WGONE1-12345-H,Genéricas,Compra,España,SZR,Unidades genéricas,ONE,"0,0"
GPIBCUR,GPIBCUR,"IBERDROLA CUR  ( GEOTÉRMICA-HIDR.MARINA, PRUEBAS)",18WGPIBCUR-123-A,Oceano y geotérmica,Venta,España,SZR,Generación,IBCUR,"0,0"
GPOWER1,PM GENERIC,POWERMART GENERIC,18WGPOWER1-123-X,Genéricas,Compra,España,SZR,Unidades genéricas,POWER,"300,0"
GRAFC01,GRAFV,GRAFICAS VARIAS SA,18W000000000F8E7,Consumos directos en mercado,Compra,España,SZR,Consum. directos a mercado,GRAFV,"0,6"
GRANA,GRANA,GRANA,18W000000000H2K5,Hidráulica UGH,Venta,España,SZR,Generación,GNRA,"1,0"
GRDZ,GRDZ,GRDZ,18WGRDZ-123456-6,Hidráulica UGH,Venta,España,SZR,Generación,WMARK,"0,9"
GREEC01,GREEC01UP,GREEC01 UP,18W000000000R3OS,Comercializadores mercado libre,Compra,España,SZR,Comercializadores,GRNSR,"0,0"
GRENC01,GREEN360,GREENENERGY360,18W000000000SL82,Comercializadores mercado libre,Compra,España,SZR,Comercializadores,GREAL,"1,0"
GREPSB1,GREPSB1,UP GENERICA REPSOL SERVICIOS RENOVABLES,18W000000000LCVB,Genéricas,Compra,España,SZR,Unidades genéricas,REPSB,"1.500,0"
GRTEC01,GERENTA_E,GERENTA ENERGIA SL,18W0000000004RND,Comercializadores mercado libre,Compra,España,SZR,Comercializadores,GRTEN,"100,0"
GSAMP1,GSAMP1,SAMPOL ( G ),18WGSAMP1-1234-H,Genéricas,Compra,España,SZR,Unidades genéricas,SAMP,"0,0"
GSHEEN1,GSHEEN1,SHEEN (GENERICA),18WGSHEEN1-123-R,Genéricas,Compra,España,SZR,Unidades genéricas,SHEEN,"1.200,0"
GSLZC01,GSLZC01,GSLZC01,18W000000000HAKI,Comercializadores mercado libre,Compra,España,SZR,Comercializadores,GSLZE,"0,1"
GSLZV02,CACERES 1,CACERES 1,18W000000000PQ1D,Solar fotovoltaica,Venta,España,IGR ,Generación,IGNIS,"41,9"
GSLZV03,CACERES 2,CACERES 2,18W000000000PQ2B,Solar fotovoltaica,Venta,España,IGR ,Generación,IGNIS,"41,9"
GSLZV04,GSLZV04,GSLZV04,18W000000000PVX8,Solar fotovoltaica,Venta,España,SZR,Generación,GSLZE,"2,6"
GSMARC1,SMARCGENER,SMARCGENERICA,18W000000000SWGR,Genéricas,Compra,España,SZR,Unidades genéricas,SMARC,"200,0"
GSMG1,GSMG1,STATKRAFT MARKETS GMBH,18WGSMG1-12345-Y,Genéricas,Compra,España,SZR,Unidades genéricas,SMG,"270,0"
GSSEEN1,GENERICA_F,GENERICA_FRANCIA,18W000000000R3J1,Genéricas,Compra,España,SZR,Unidades genéricas,SSEEN,"20,0"
GSTCP3,GSTCP3,GDF SUEZ TRADING GSTCP3,18WGSTCP3-123--I,Exportación Francia,Compra,Francia-España,SZR,Comercializador internacional,FR_GS,"400,0"
GSTVP3,GSTVP3,GDF SUEZ TRADING GSTVP3,18WGSTVP3-123--D,Importación Francia,Venta,Francia-España,SZR,Comercializador internacional,FR_GS,"400,0"
GTOTGA1,GTOTGA1,GTOTGA1,18WGTOTGA1-123-M,Genéricas,Compra,España,SZR,Unidades genéricas,TOTGA,"2.000,0"
GTSRDE1,GTSRDE1,TSRDE GENERIC,18W000000000IG9I,Genéricas,Compra,España,SZR,Unidades genéricas,TSRDE,"500,0"
GUAAS01,UP GUASCOR,UP GUASCOR,18W000000000SDK2,Energía residual,Venta,España,SZR,Generación,TRISO,"13,5"
GUADA,GUADA,HGUADA,18WGUADA-12345-H,Hidráulica no UGH,Venta,España,SZR,Generación,GNRA,"5,2"
GUADIX_,UP_GUADIX,UP_GUADIX_FV,18W000000000TN40,Solar fotovoltaica,Venta,España,SZR,Generación,LIDER,"6,2"
GUIB,GUILLENA B,C.H.B. GUILLENA BOMBEO,18WGUIB-12345-0Q,Consumo bombeo,Compra,España,SZR,Consumo bombeo,ENDG,"225,0"
GUIG,GUILLENA G,C.H. GUILLENA GENERACION,18WGUIG-12345-0D,Turbinación bombeo,Venta,España,END ,Generación,ENDG,"206,7"
GUISC01,GUISC01,18WGUISC01-123-H,18WGUISC01-123-H,Comercializadores mercado libre,Compra,España,SZR,Comercializadores,GUIS,"10,0"
GUISC02,GUIS CD,GUIS CONSUMIDOR DIRECTO,18WGUISC02-123-A,Consumos directos en mercado,Compra,España,SZR,Consum. directos a mercado,GUIS,"7.663,4"
GUISGN,GUIS VENTA,GUISSONA VENTA,18W000000000NT9X,Gas Natural Cogeneración,Venta,España,SZR,Generación,GUIS,"31,4"
GUISR01,GUISR01,GUISSONA SRAD,18W000000000QJC8,Consumos directos en mercado,Compra,España,SZR,Consum. directos a mercado,GUIS,"15.350,0"
GUNEL01,GUNEL01,UNIDAD GENERICA,18W000000000OM7H,Genéricas,Compra,España,SZR,Unidades genéricas,UNEL,"270,0"
GURBC01,GURBC01,GURBC01,18W000000000K0UG,Comercializadores mercado libre,Compra,España,SZR,Comercializadores,GURBT,"0,1"
GVIEG1,GEONG1,"EON GENERACION, S.L. ( G )",18WGVIEG1-1234-H,Genéricas,Compra,España,SZR,Unidades genéricas,VIEG,"0,0"
GVISA1,GVISA1,UP GENERICA VISALIA,18W000000000SHMN,Genéricas,Compra,España,SZR,Unidades genéricas,VISAL,"65,0"
GVITOL1,GVITOL01,UP GENERICA FRANCIA,18W000000000NFJI,Genéricas,Compra,España,SZR,Unidades genéricas,VITOL,"500,0"
GWHCC01,GWHCC01,ESGWHCC01,18W000000000U97W,Comercializadores mercado libre,Compra,España,SZR,Comercializadores,GWHCO,"0,0"
GWMARK1,GWMARK1,UNIDAD GENERICA WMARK,18W000000000U8TS,Genéricas,Compra,España,SZR,Unidades genéricas,WMARK,"50,0"
GYEEXXI,GYEEXXI,"EEXXI (GEOTÉRMICA, NO EXENTA)",18WGYEEXXI-123-P,Oceano y geotérmica,Venta,España,SZR,Generación,EEXXI,"0,0"
GYGNRA,OLAS,PLANTA DE APROVECHAMENTO DE LAS OLAS,18WGYGNRA-1234-1,Oceano y geotérmica,Venta,España,SZR,Generación,GNRA,"0,2"
GYIBCUR,GYIBCUR,"IBERDROLA CUR  ( GEOTÉRMICA-HIDR.MARINA, TARIFA NO EXENTA)",18WGYIBCUR-123-D,Oceano y geotérmica,Venta,España,SZR,Generación,IBCUR,"0,0"
HABGN,HABGN,HABGN,18W000000000OY5M,Solar fotovoltaica,Venta,España,GN4 ,Generación,GNRA,"168,7"
HACUAM,HACUAM,18WHACUAM-1234-B,18WHACUAM-1234-B,Hidráulica no UGH,Venta,España,SZR,Generación,EGLE,"8,2"
HACUAVI,HACUAVI,ACUAVIR - TARIFA>10MW,18WHACUAVI-123-F,Hidráulica no UGH,Venta,España,SZR,Generación,IGNIS,"12,5"
HAFEC01,HAFESA,HAFESA MOBILITY ELC SL,18W000000000RA66,Comercializadores mercado libre,Compra,España,SZR,Comercializadores,HAFES,"1,0"
HAGUI,HAGUILA,UP HIDRO PEÑA DEL AGUILA,18W000000000L15M,Hidráulica no UGH,Venta,España,SZR,Generación,IGNIS,"1,6"
HALANGE,HALANGE,UP CH ALANGE,18W000000000G03C,Hidráulica no UGH,Venta,España,SZR,Generación,NEXU,"9,1"
HALCOL,HALCOL,18WHALCOL-1234-B,18WHALCOL-1234-B,Hidráulica no UGH,Venta,España,SZR,Generación,EGLE,"2,6"
HANARBE,HANARBE,UP ANARBE,18WHANARBE-123-I,Hidráulica no UGH,Venta,España,SZR,Generación,GNRA,"2,4"
HANTEL,HANTEL,18WHANTEL-1234-K,18WHANTEL-1234-K,Hidráulica no UGH,Venta,España,SZR,Generación,EGLE,"3,6"
HAPHIG,HAPHIG,UP APROVECHAMIENTOS HIDRAULICOS GALLEGOS,18W000000000TAHD,Hidráulica no UGH,Venta,España,SZR,Generación,EGLE,"4,9"
HAPOC01,HAPO,HARINAS POLO,18W0000000007IBF,Consumos directos en mercado,Compra,España,SZR,Consum. directos a mercado,HAPO,"0,7"
HARENG,HARENG,18WHARENG-1234-B,18WHARENG-1234-B,Hidráulica no UGH,Venta,España,SZR,Generación,EGLE,"2,8"
HARNO,HARNO,18WHARNO-1234-1U,18WHARNO-1234-1U,Hidráulica no UGH,Venta,España,SZR,Generación,EGLE,"5,9"
HARXC01,HARINERA,HARINERA,18W000000000P47U,Consumos directos en mercado,Compra,España,SZR,Consum. directos a mercado,HARXX,"1,5"
HATJUG,HATJUG,18WHATJUG-123-1Z,18WHATJUG-123-1Z,Hidráulica no UGH,Venta,España,SZR,Generación,EGLE,"1,4"
HATUDEL,HATUDEL,AGROELECTRICA TUDELANA,18WHATUDEL-123-R,Hidráulica no UGH,Venta,España,SZR,Generación,EGED,"5,9"
HAZANON,HAZANON,HAZANON,18W000000000QRI9,Hidráulica no UGH,Venta,España,SZR,Generación,CEG,"1,5"
HBARCO,HBARCO,18WHBARCO-1234-H,18WHBARCO-1234-H,Hidráulica no UGH,Venta,España,SZR,Generación,EGLE,"3,2"
HBARDE,HBARDE,18WHBARDE-1234-E,18WHBARDE-1234-E,Hidráulica no UGH,Venta,España,SZR,Generación,EGLE,"5,0"
HBARLO,HBARLO,BARLOQUE SL,18W000000000P1KD,Hidráulica no UGH,Venta,España,SZR,Generación,EGLE,"5,3"
HBAUSEN,HBAUSEN,UP HIDRAULICA BAUSEN,18W000000000TKJG,Hidráulica no UGH,Venta,España,SZR,Generación,NEXU,"3,3"
HBBONAR,HBBONAR,HBBONAR,18W000000000T5ZT,Híbrida renovable,Venta,España,SZR,Unidades hibridas,DETIC,"4,5"
HCADOS,HCADOS,18WHCADOS-1234-5,18WHCADOS-1234-5,Hidráulica no UGH,Venta,España,SZR,Generación,EGLE,"2,0"
HCALDA,HCALDA,18WHCALDA-1234-K,18WHCALDA-1234-K,Hidráulica no UGH,Venta,España,SZR,Generación,EGLE,"1,3"
HCAMPOS,HCAMPOS,HCAMPOS,18W000000000QRL3,Hidráulica no UGH,Venta,España,SZR,Generación,CEG,"2,0"
HCASAR,HCASAR,HCASAR,18W000000000QRM1,Hidráulica no UGH,Venta,España,SZR,Generación,CEG,"3,1"
HCAST,UPCASTRELO,UP CH CASTRELO,18W000000000HSJ3,Hidráulica no UGH,Venta,España,IGNIS ,Generación,IGNIS,"28,7"
HCASTRO,HCASTRO,UP CH EL CASTRO,18WHCASTRO-123-0,Hidráulica no UGH,Venta,España,SZR,Generación,GNRA,"1,4"
HCENE01,HC-ENE NAC,HIDROCANTABRICO ENERGIA (NACIONAL),18WHCENE01-12-26,Comercializadores mercado libre,Compra,España,SZR,Comercializadores,HCENE,"2.399,0"
HCERRAT,HCERRAT,HCERRAT,18W000000000QRK5,Hidráulica no UGH,Venta,España,SZR,Generación,CEG,"4,0"
HCGC01,HCGC01,"HIDROELÉCTRICA DEL CANTÁBRICO, S.A.",18WHCGC01-123-2K,Comercializadores mercado libre,Compra,España,SZR,Comercializadores,HC G,"2,2"
HCGCOX,HCGCOX,COMPRA SSAA PARQUES EOLICOS,18W000000000IO36,Consumo de Servicios Auxiliares,Compra,España,SZR,Servicios auxiliares,HC G,"20,0"
HCGEORS,HCGEORS,UP HCG ZONA REGULACION,18W000000000IG4S,Eólica terrestre,Venta,España,HC ,Generación,HC G,"102,6"
HCGFVSA,HCGFVSA,UNIDAD PROGRAMACION FOTOVOLTAICA,18W000000000P3QW,Solar fotovoltaica,Venta,España,SZR,Generación,HC G,"79,7"
HCGFVSC,HCGFVSC,UP FOTOVOLTAICA HABILITADA,18W000000000SO25,Solar fotovoltaica,Venta,España,SZR,Generación,HC G,"14,0"
HCGSCS2,HCGSCS2,UP PE HABILITADOS 2,18W000000000U763,Eólica terrestre,Venta,España,SZR,Generación,HC G,"23,5"
HCGSCS3,HCGSCS3,UP PE HABILITADOS 3,18W000000000U771,Eólica terrestre,Venta,España,SZR,Generación,HC G,"26,4"
HCGSCSA,HCGSCSA,UP VENTA PE HABILITADOS SERV AJUSTE,18W000000000IG3U,Eólica terrestre,Venta,España,SZR,Generación,HC G,"899,8"
HCGSIH2,HCGSIH2,UP PE SIN HABILITAR 2,18W000000000U755,Eólica terrestre,Venta,España,SZR,Generación,HC G,"134,3"
HCGSIHA,HCGSIHA,UP PARQUES EOLICOS SIN HABILITAR,18W000000000IG2W,Eólica terrestre,Venta,España,SZR,Generación,HC G,"605,2"
HCHI,HC-HIDRAUL,UGH. HIDROCANTABRICO HIDRAULICA,18WHCHI-12345-0M,Hidráulica UGH,Venta,España,HC ,Generación,HC G,"425,7"
HCHI2,HCHI2,HIDRAULICAS VIESGO,18W000000000N5N3,Hidráulica no UGH,Venta,España,SZR,Generación,HC G,"4,9"
HCHZAMU,HCHZAMU,UP ZAMUÑON (PEÑALABRA),18WHCHZAMU-123-M,Hidráulica no UGH,Venta,España,SZR,Generación,GNRA,"1,8"
HCMINE,HCMINE,18WHMINER-1234-H,18WHMINER-1234-H,Hidráulica no UGH,Venta,España,SZR,Generación,EGLE,"1,7"
HCNSC01,HCNSC01,HC NATURGAS SERVICIOS ENERGETICOS,18WHCNSC01-123-H,Comercializadores mercado libre,Compra,España,SZR,Comercializadores,HC G,"0,5"
HCOGOTA,HCOGOTA,UO CASTRO DE LAS COGOTAS,18WHCOGOTA-123-J,Hidráulica no UGH,Venta,España,SZR,Generación,GNRA,"5,2"
HCOHIG,HCOHIG,18WHCOHIG-123-19,18WHCOHIG-123-19,Hidráulica no UGH,Venta,España,SZR,Generación,EGLE,"18,6"
HCORADA,HCORADA,UP CH CORADA,18W000000000FZW1,Hidráulica no UGH,Venta,España,SZR,Generación,NEXU,"5,0"
HCUER,HCUER,HCUER,18W000000000NQVZ,Hidráulica no UGH,Venta,España,SZR,Generación,GNRA,"3,8"
HCURC01,HCURC01,HIDROCANTABRICO CUR. COMPRA,18WHCURC01-123-O,Comercializadores último recurso,Compra,España,SZR,Comercializador de referencia,HCCUR,"50,0"
HCURCEB,HCUR BALEA,"HC NAT ULTIMO RECURSO, COMPRA BALEARES",18WHCURCEB-123-R,Enlace Baleares,Compra,España,SZR,Enlace península baleares,HCCUR,"408,0"
HDALT01,HASTURIAS,HIDRO ASTURIAS ALTANO,18W000000000V9UJ,Hidráulica no UGH,Venta,España,SZR,Generación,INTRA,"44,4"
HDALT02,HCUENCA,HIDRO CUENCA ALTANO,18W000000000V9VH,Hidráulica no UGH,Venta,España,SZR,Generación,INTRA,"12,8"
HDOSA,HDOSA,HDOSA,18W000000000NHJC,Hidráulica no UGH,Venta,España,SZR,Generación,GNRA,"5,0"
HDUEROK,HDUEROK,HDUEROK,18W000000000QROY,Hidráulica no UGH,Venta,España,SZR,Generación,CEG,"1,4"
HDXT01,UPHDXT01,AGRUPACION HIDRO 1,18W000000000UJDR,Hidráulica UGH,Venta,España,SZR,Generación,DUFER,"33,3"
HDXT02,UPHDXT02,AGRUPACIONHIDRO2,18W000000000UJEP,Hidráulica no UGH,Venta,España,SZR,Generación,DUFER,"5,5"
HDXT03,UPHDXT03,AGRUPACION HIDRO 3,18W000000000UNQQ,Hidráulica no UGH,Venta,España,SZR,Generación,DUFER,"5,8"
HEALTOG,HEALTOG,SALTOS DE AGUA MAYORES,18W000000000S1CH,Hidráulica no UGH,Venta,España,SZR,Generación,EGED,"25,7"
HECEC01,HECEC01,"HIDROELÉCTRICA EL CARMEN ENERGÍA, S.L",18WHECEC01-123-W,Comercializadores mercado libre,Compra,España,SZR,Comercializadores,HECEN,"0,1"
HEEARG,HEEARG,HIDR ARTESA PEN MAYOR 1MW,18WHEEARG-123-1A,Hidráulica no UGH,Venta,España,SZR,Generación,CEG,"1,6"
HEGEDGS,LA SARRA,LA SARRA,18WHEGEDGS-123-W,Hidráulica no UGH,Venta,España,ACC ,Generación,EGED,"60,0"
HEGILLO,HEGILLO,HEGILLO,18W000000000QRQU,Hidráulica no UGH,Venta,España,SZR,Generación,CEG,"4,3"
HEGPE,HEGPE,HIDRO EGPE,18WHEGPE-12345-B,Hidráulica no UGH,Venta,España,SZR,Generación,ECYR,"72,6"
HEGPE3,HEGPE3,HEGPE3 ZR,18W0000000004RZQ,Hidráulica no UGH,Venta,España,SZR,Generación,ECYR,"0,9"
HELEC01,UP01 HELIO,UP01 HELIOELEC,18W000000000A6YU,Comercializadores mercado libre,Compra,España,SZR,Comercializadores,HELEC,"0,1"
HELIC01,HELIOS PEN,HELIOS PENINSULA,18W000000000KVA0,Comercializadores mercado libre,Compra,España,SZR,Comercializadores,HELEI,"1,0"
HENANSA,HENANSA,SALTOS DEL NANSA I,18W000000000S18P,Hidráulica no UGH,Venta,España,SZR,Generación,EGED,"47,5"
HENGAG,HENGAG,18WEENGAG-123-16,18WEENGAG-123-16,Hidráulica no UGH,Venta,España,SZR,Generación,EGLE,"11,7"
HENREU,HENREU,18WHENREU-1234-V,18WHENREU-1234-V,Hidráulica no UGH,Venta,España,SZR,Generación,EGLE,"1,1"
HERRE3,HERRE3,HERRERA 3,18W000000000V5TX,Solar fotovoltaica,Venta,España,SZR,Generación,ELEIA,"70,6"
HESDIG,HESDIG,UP ELECTRO SAN DIEGO,18W000000000TH8A,Hidráulica no UGH,Venta,España,SZR,Generación,EGLE,"1,7"
HESEGR2,HESEGR2,SALTOS Y CENTRALES CATALUNYA 2,18W000000000UF3M,Hidráulica no UGH,Venta,España,SZR,Generación,EGED,"30,6"
HESEGRE,HESEGRE,SALTOS Y CENTRALES DE CATALUNYA,18W000000000S1BJ,Hidráulica no UGH,Venta,España,SZR,Generación,EGED,"4,8"
HESERRA,18W0000000,HIDROELECTRICA DEL SERRADO,18W000000000S1AL,Hidráulica no UGH,Venta,España,SZR,Generación,EGED,"2,3"
HEUGI,HEUGI,HEUGI,18W000000000QRPW,Hidráulica no UGH,Venta,España,SZR,Generación,CEG,"1,8"
HFASIE,HID RE 05,HIDRAULICA REG ESP NO GEST POT>=5 MW,18WHFASIE-1234-M,Hidráulica no UGH,Venta,España,SZR,Generación,ASIE,"31,3"
HFCEREG,HFCEREG,UP HBRIDACION H-FV,18W000000000SYJF,Híbrida renovable,Venta,España,SZR,Unidades hibridas,EGLE,"4,6"
HFDETIC,HFDETIC,HIDRAULICA UF,18WHFDETIC-123-5,Hidráulica no UGH,Venta,España,SZR,Generación,DETIC,"5,1"
HFEGED,HTARIFA,HIDRAULICA TARIFA < 10MW,18WHFEGED-1234-V,Hidráulica no UGH,Venta,España,SZR,Generación,EGED,"62,5"
HFGASN,HFGASN,HFGASN,18WHFGASN-1234-B,Hidráulica no UGH,Venta,España,SZR,Generación,GNCO,"110,4"
HFGNRA,HIDRAULICA,HIDRAULICA MAYOR 1,18WHFGNRA-1234-V,Hidráulica no UGH,Venta,España,SZR,Generación,GNRA,"57,9"
HFIBGES,HFIBGES,HFIBGES,18WHFIBGES-123-H,Hidráulica no UGH,Venta,España,SZR,Generación,IBGES,"106,5"
HFITURB,ITUR,HFITURB,18WHFITURB-123-M,Hidráulica no UGH,Venta,España,SZR,Generación,ITURB,"1,1"
HFNEXU,HFNESXU,UP HIDRAULICA MAYOR 1MW,18WHFNEXU-1234-F,Hidráulica no UGH,Venta,España,SZR,Generación,NEXU,"35,9"
HFOHIS,HFOHIS,18WHFOHIS-1234-E,18WHFOHIS-1234-E,Hidráulica no UGH,Venta,España,SZR,Generación,EGLE,"2,9"
HFPLANA,HFPLANA,HFPLANA,18WHFPLANA-123-M,Hidráulica no UGH,Venta,España,SZR,Generación,DETIC,"5,0"
HFRESER,HFRESER,UP CH FRESER,18W000000000FZLN,Hidráulica no UGH,Venta,España,SZR,Generación,NEXU,"6,4"
HFWMARK,HFWMARK,HIDRAULICA WMARK,18WHFWMARK-123-I,Hidráulica no UGH,Venta,España,SZR,Generación,WMARK,"23,5"
HGALLU,HGALLU,18WHGALLU-123--E,18WHGALLU-123--E,Hidráulica no UGH,Venta,España,SZR,Generación,EGLE,"3,5"
HGAME,HGAME,HIDRO MAS 1 MW,18W0000000006SAS,Hidráulica no UGH,Venta,España,SZR,Generación,AME,"1,3"
HGDALI,HGDALI,HGDALI,18WHGDALI-1234-O,Hidráulica no UGH,Venta,España,SZR,Generación,HC G,"20,0"
HGDF01,HGDF01,HIDRÁULICA>5MW,18WHGDF01-1234-3,Hidráulica no UGH,Venta,España,SZR,Generación,EBLCO,"76,5"
HGEFG,HGEFG,UP HIDRAULICA SUP 1 MW,18WHGEFG-12345-H,Hidráulica no UGH,Venta,España,SZR,Generación,EFG,"4,9"
HGENHI,HGENHI,UP LOS ANGELES,18WHGENHI-1234-U,Hidráulica no UGH,Venta,España,SZR,Generación,ANGEL,"1,5"
HGIES,HGIES,18WHGIES-1234-10,18WHGIES-1234-10,Hidráulica no UGH,Venta,España,SZR,Generación,EGLE,"24,9"
HGORGOL,HGORGOL,HGORGOL,18W000000000QRJ7,Hidráulica no UGH,Venta,España,SZR,Generación,CEG,"3,5"
HGRCUG,HGRCUG,UP HIDROELECTRICA DE CUERVA,18W000000000THXY,Hidráulica no UGH,Venta,España,SZR,Generación,EGLE,"2,4"
HGST200,HGST200,HGST200,18W000000000TC9N,Hidráulica no UGH,Venta,España,SZR,Generación,GESTE,"1,9"
HGST201,HGST201,HGST201,18W000000000TCBJ,Hidráulica no UGH,Venta,España,SZR,Generación,GESTE,"2,1"
HGST203,HGST203,HGST203,18W000000000TCFB,Hidráulica no UGH,Venta,España,SZR,Generación,GESTE,"1,8"
HGST208,HGST208,HGST208,18W000000000TCSM,Hidráulica no UGH,Venta,España,SZR,Generación,GESTE,"1,4"
HGST209,HGST209,HGST209,18W000000000TCUI,Hidráulica no UGH,Venta,España,SZR,Generación,GESTE,"3,5"
HGST230,HGST230,HGST230,18W000000000U1PK,Hidráulica no UGH,Venta,España,SZR,Generación,GESTE,"1,4"
HGUADAL,GUADALOPE,HGUADALOPE,18WHGUADAL-123-S,Hidráulica no UGH,Venta,España,SZR,Generación,GESTE,"6,5"
HGUEJG,HGUEJG,18WHGUEJG-1234-G,18WHGUEJG-1234-G,Hidráulica no UGH,Venta,España,SZR,Generación,EGLE,"2,5"
HHDESP,HHDESP,HHDESP,18WHHDESP-1234-1,Hidráulica no UGH,Venta,España,SZR,Generación,HDE,"18,7"
HHERRG,HHERRG,UP HIDROELECTRICA HERREROS,18W000000000TCZ8,Hidráulica no UGH,Venta,España,SZR,Generación,EGLE,"1,2"
HHICAG,HHICAG,18WHHICAG-1234-F,18WHHICAG-1234-F,Hidráulica no UGH,Venta,España,SZR,Generación,EGLE,"2,0"
HHIDFR,HHIDFR,18WHHIDFR-1234-K,18WHHIDFR-1234-K,Hidráulica no UGH,Venta,España,SZR,Generación,EGLE,"4,0"
HHIDGA,HHIDGA,18WHHIDGA-123--E,18WHHIDGA-123--E,Hidráulica no UGH,Venta,España,SZR,Generación,EGLE,"4,9"
HHIFRE,HHIFRE,18WHHIFRE-1234-X,18WHHIFRE-1234-X,Hidráulica no UGH,Venta,España,SZR,Generación,EGLE,"11,4"
HHIMEG,HHIMEG,UP HIDROMEDIA,18W000000000R7B5,Hidráulica no UGH,Venta,España,SZR,Generación,EGLE,"10,0"
HHIPAL,HHIPAL,18WHHIPAL-1234-U,18WHHIPAL-1234-U,Hidráulica no UGH,Venta,España,SZR,Generación,EGLE,"1,8"
HHIPIN,HHIPIN,18WHHIPIN-1234-G,18WHHIPIN-1234-G,Hidráulica no UGH,Venta,España,SZR,Generación,EGLE,"7,0"
HHITOIZ,HHITOIZ,ITOIZ - TARIFA>10MW,18WHHITOIZ-123-U,Hidráulica no UGH,Venta,España,EVM ,Generación,CEG,"28,6"
HHOJAM,HOJAMARTA,HOJAMARTA,18WHHOJAM-1234-G,Hidráulica no UGH,Venta,España,SZR,Generación,EGED,"0,5"
HHONZA,HHONZA,HIDROELÉCTRICA DE LA ONZA ( H ),18WHHONZA-1234-W,Hidráulica no UGH,Venta,España,SZR,Generación,WMARK,"0,7"
HHRSPRA,HHRSPRA,HIDRA MAYOR 1MW,18WHHRSPRA-123-Z,Hidráulica no UGH,Venta,España,SZR,Generación,RSPRA,"25,0"
HHTTRIN,HHTTRIN,HIDRO TTR,18WHHTTRIN-123-3,Hidráulica no UGH,Venta,España,SZR,Generación,INTRA,"16,1"
HHURONE,HHURONE,UP JUNTA ANDALUCIA,18WHHURONE-123-P,Hidráulica no UGH,Venta,España,SZR,Generación,JDALU,"9,7"
HIBBABI,HIB BABILA,BIOCASTILLA LEONVX HIB,18W000000000UHIN,Híbrida renovable-térmica no renovable,Venta,España,ENCE ,Unidades hibridas,EENER,"33,1"
HIBBEBE,HIBBEBE,HIBRIDACIN BEBE,18W000000000SQ11,Gas Natural Cogeneración,Venta,España,SZR,Generación,LMER,"1,4"
HIBCOMA,HIBCOMA,HIBCOMA,18W000000000SXES,Gas Natural Cogeneración,Venta,España,SZR,Generación,LMER,"1,3"
HIBENAA,ES-HIBENAA,HIBRIDACION ENAGAS ALMENDRALEJO,18W000000000SL90,Híbrida renovable-térmica no renovable,Venta,España,SZR,Unidades hibridas,AME,"6,1"
HIBFUTU,HIBFUTUCER,HIBRIDACIFUTUCERN,18W000000000S9O6,Híbrida renovable-térmica no renovable,Venta,España,SZR,Unidades hibridas,LMER,"5,6"
HIBHELI,HIBHELIOS,HIBHELIOS,18W000000000SDCI,Gas Natural Cogeneración,Venta,España,SZR,Generación,LMER,"4,6"
HIBIBER,HIBIBERFRU,HIBIBERFRUTA,18W000000000SXCW,Gas Natural Cogeneración,Venta,España,SZR,Generación,LMER,"4,0"
HIBSANG,HIB SANGUE,HIB SANGUESA,18W000000000U9OZ,Híbrida renovable,Venta,España,SZR,Unidades hibridas,WMARK,"8,2"
HIBSHA2,HIBSHA2,UP HIBRIDAS SIN HABILITAR 2,18W000000000RV6H,Híbrida renovable,Venta,España,SZR,Unidades hibridas,HC G,"38,6"
HIBSHA3,HIBSHA3,UP PARA HIBRIDA DE LOMILLAS,18W000000000VGLG,Híbrida renovable-almacenamiento,Venta,España,SZR,Unidades hibridas,HC G,"117,1"
HIBSIHA,HIBSIHA,HIBRIDA SIN HABILITAR,18W000000000R0HE,Híbrida renovable,Venta,España,SZR,Unidades hibridas,HC G,"97,6"
HIBSPAR,HIB SERRA,HIB SERRA DO PARAMO,18W000000000VC6L,Híbrida renovable,Venta,España,SZR,Unidades hibridas,WMARK,"23,2"
HIDAGST,HIDA,HID IDA,18W00000000058I2,Hidráulica no UGH,Venta,España,SZR,Generación,GESTE,"3,9"
HIDEUR,HIDEUR,HIDEUR,18W00000000001RP,Hidráulica no UGH,Venta,España,SZR,Generación,WMARK,"1,0"
HIDRAUL,H1CEG,H1CEG,18W00000000010ED,Hidráulica no UGH,Venta,España,SZR,Generación,IGNIS,"34,0"
HIDSC01,HIDR SERV,HIDROBESORA SERVICIOS,18W0000000002U0L,Comercializadores mercado libre,Compra,España,SZR,Comercializadores,HIDSE,"0,5"
HILAC01,HILAD,SA HILADOS EGARFIL,18W000000000RG8L,Consumos directos en mercado,Compra,España,SZR,Consum. directos a mercado,HILAD,"0,5"
HINOJ,HINOJOSASF,UP HINOJOSA SOLAR,18W000000000JFTE,Solar fotovoltaica,Venta,España,IGR ,Generación,IGNIS,"20,0"
HINTRA,HINTRA,HINTRA,18WINTRAENERGIA2,Hidráulica no UGH,Venta,España,SZR,Generación,INTRA,"16,3"
HIS1R01,HIS1R01,HIS1R01,18W000000000TVME,Comercializadores mercado libre,Compra,España,SZR,Comercializadores,HISPE,"1,0"
HISPC01,HISPAELEC,HISPAELEC ENERGIA S.A. COMERCIALIZADORA,18WHISPC01-12-20,Comercializadores mercado libre,Compra,España,SZR,Comercializadores,HISPE,"50,0"
HJERTE,HJERTE,UP CH JERTE,18W000000000FZZW,Hidráulica no UGH,Venta,España,SZR,Generación,NEXU,"5,4"
HLACOBA,HLACOBA,UP SALTO VILACOBA,18WHLACOBA-123-R,Hidráulica no UGH,Venta,España,SZR,Generación,GNRA,"1,2"
HLASJO,HLASJO,LEIRE SAN JOSE ANDUEZA Y OTROS,18W0000000004XI5,Hidráulica UGH,Venta,España,SZR,Generación,GNRA,"0,1"
HLAVERN,HLAVERN,18WHLAVERN-123-4,18WHLAVERN-123-4,Hidráulica no UGH,Venta,España,SZR,Generación,EGLE,"1,4"
HLEIRA,HLEIRA,UP HIDRO LEIRA,18W000000000T1CD,Hidráulica no UGH,Venta,España,SZR,Generación,NEXU,"1,4"
HLLOREN,HLLORENS,UP CH LLORENS,18W000000000FZNJ,Hidráulica no UGH,Venta,España,SZR,Generación,NEXU,"10,0"
HLOURG,HLOURG,18WHLOURG-1234-C,18WHLOURG-1234-C,Hidráulica no UGH,Venta,España,SZR,Generación,EGLE,"6,5"
HLRSPRE,HLRSPRE,HLRSPRE,18W000000000GSVK,Eólica terrestre,Venta,España,SZR,Generación,RSPRE,"0,2"
HLYC01,HALLEY COM,HALLEY COM,18W000000000QJG0,Comercializadores mercado libre,Compra,España,SZR,Comercializadores,HALLE,"10,0"
HMERCA,HMERCA,18WHMERCA-1234-R,18WHMERCA-1234-R,Hidráulica no UGH,Venta,España,SZR,Generación,EGLE,"4,8"
HMICAN,HMICAN,18WHMICAN-1234-A,18WHMICAN-1234-A,Hidráulica no UGH,Venta,España,SZR,Generación,EGLE,"7,2"
HMOLINO,HMOLINO,UP CH MOLINOS,18W000000000FZRB,Hidráulica no UGH,Venta,España,SZR,Generación,NEXU,"13,5"
HMPUNTE,HMPUNTE,UP HMPUNTE,18W000000000PZ89,Hidráulica no UGH,Venta,España,SZR,Generación,NEXU,"2,4"
HMSRO,HMSRO,HMSRO,18W000000000MMQO,Hidráulica UGH,Venta,España,SZR,Generación,GNRA,"0,4"
HMURI,HMURI,HMURI,18W000000000U1MQ,Hidráulica no UGH,Venta,España,SZR,Generación,EFG,"7,0"
HNIGUEL,HNIGUEL,UP NIGUELAS,18WHNIGUEL-123-G,Hidráulica no UGH,Venta,España,SZR,Generación,GNRA,"2,9"
HNORHI,HNORHI,18WHNORHI-1234-I,18WHNORHI-1234-I,Hidráulica no UGH,Venta,España,SZR,Generación,EGLE,"11,5"
HNRPGG,HNRPGG,18WHNRPGG-123-14,18WHNRPGG-123-14,Hidráulica no UGH,Venta,España,SZR,Generación,EGLE,"2,5"
HNSMER,HNSMER,HNSMER,18WHNSMER-1234-G,Hidráulica no UGH,Venta,España,SZR,Generación,REPSB,"2,3"
HONATIK,HONATIK,UP OLATE,18WHONATIK-123-U,Hidráulica no UGH,Venta,España,SZR,Generación,GOIEN,"4,7"
HOREC01,HORENER,HORECA ENERGIA SL,18WHOREC01-123-6,Comercializadores mercado libre,Compra,España,SZR,Comercializadores,HORE,"5,0"
HORN16,HORN16,HORNACHOS16,18W000000000RB39,Solar fotovoltaica,Venta,España,SZR,Generación,ADXRE,"16,7"
HORN98,HORN98,HORNACHOS98,18W000000000RKXX,Solar fotovoltaica,Venta,España,SZR,Generación,ADXRE,"3,0"
HOUROL,HOUROL,18WHOUROL-1234-1,18WHOUROL-1234-1,Hidráulica no UGH,Venta,España,SZR,Generación,EGLE,"2,8"
HOYEC01,HOYEC01,HOY ENERGIA,18W000000000N5GH,Comercializadores mercado libre,Compra,España,SZR,Comercializadores,HOYEN,"0,1"
HPARRA,HPARRA,18W000000000MYJ2,18W000000000MYJ2,Hidráulica no UGH,Venta,España,SZR,Generación,EGLE,"2,3"
HPCANAV,HPCANAV,HIDRAULICA PM CANAL DE NAVARRA,18WHPCANAV-123-W,Hidráulica no UGH,Venta,España,EVM ,Generación,CEG,"20,0"
HPDRSA,HPDRSA,18WHPDRSA-1234-6,18WHPDRSA-1234-6,Hidráulica no UGH,Venta,España,SZR,Generación,EGLE,"6,8"
HPEEXXI,HPEEXXI,"ENDESA CUR  ( HIDRÁULICA, PRUEBAS)",18WHPEEXXI-123-9,Hidráulica no UGH,Venta,España,SZR,Generación,EEXXI,"0,1"
HPEGLE,HPEGLE,18WHPEGLE-1234-P,18WHPEGLE-1234-P,Hidráulica no UGH,Venta,España,SZR,Generación,EGLE,"0,5"
HPEONUR,HPEONUR,"E.ON CUR ( HIDRÁULICA, PRUEBAS)",18WHPEONUR-123-Y,Hidráulica no UGH,Venta,España,SZR,Generación,EONUR,"19,8"
HPERUC,HPERUC,18WHPERUC-1234-Z,18WHPERUC-1234-Z,Hidráulica no UGH,Venta,España,SZR,Generación,EGLE,"1,3"
HPEUSA,HPEUSA,UP HIDRAULICA PEUSA,18WHPEUSA-1234-2,Hidráulica no UGH,Venta,España,SZR,Generación,PEUSA,"8,4"
HPEUSA2,HPEUSA2,UP SANTA LUCIA,18W000000000COE8,Hidráulica no UGH,Venta,España,SZR,Generación,PEUSA,"0,9"
HPGNRA,HPGNRA,UP HIDRAULICA PRECIO MERCADO,18WHPGNRA-1234-M,Hidráulica no UGH,Venta,España,SZR,Generación,GNRA,"0,4"
HPHCCUR,HPHCCUR,"HIDROCANTABRICO CUR ( HIDRÁULICA, PRUEBAS)",18WHPHCCUR-123-Z,Hidráulica no UGH,Venta,España,SZR,Generación,HCCUR,"0,0"
HPIBCUR,HPIBCUR,"IBERDROLA CUR  ( HIDRÁULICA, PRUEBAS)",18WHPIBCUR-123-Y,Hidráulica no UGH,Venta,España,SZR,Generación,IBCUR,"0,3"
HPOBLA,HPOBLA,UP CH LA POBLA,18W000000000FZPF,Hidráulica no UGH,Venta,España,SZR,Generación,NEXU,"7,5"
HPOBLA1,HPOBLA1,UP HIDRO POBLA 1,18W000000000SLN9,Hidráulica UGH,Venta,España,SZR,Generación,NEXU,"13,0"
HPORMA,HPORMA,UP CH PORMA,18W000000000G058,Hidráulica no UGH,Venta,España,SZR,Generación,NEXU,"18,5"
HPOZOS,HPOZOS,HPOZOS,18W000000000T1TG,Hidráulica no UGH,Venta,España,SZR,Generación,CEG,"1,0"
HPTMR,UP HPTMR,UP HPTMR,18W000000000FZHV,Hidráulica no UGH,Venta,España,SZR,Generación,GNRA,"25,5"
HPUEYO,HPUEYO,UP CH EL PUEYO TARIFA,18WHPUEYO-1234-5,Hidráulica no UGH,Venta,España,SZR,Generación,GNRA,"15,6"
HREGPE,HREGPE,HIDRO REP EGPE,18WHREGPE-1234-2,Hidráulica no UGH,Venta,España,SZR,Generación,ECYR,"2,1"
HRIEAG,HRIEAG,UP RIESGOS DEL AA,18W000000000T945,Hidráulica no UGH,Venta,España,SZR,Generación,EGLE,"12,4"
HRPI,HRPI,UP RPI,18W000000000P2AU,Hidráulica no UGH,Venta,España,SZR,Generación,EGLE,"47,0"
HRUMBLA,HRUMBLA,18WHRUMBLA-123-5,18WHRUMBLA-123-5,Hidráulica no UGH,Venta,España,SZR,Generación,EGLE,"1,9"
HRWMARK,HRWMARK,HRWMARK,18WHRWMARK-123-M,Hidráulica no UGH,Venta,España,SZR,Generación,WMARK,"26,6"
HSAECH,SAHECHORES,C.H. SAHECHORES,18WHSAECH-123--E,Hidráulica no UGH,Venta,España,SZR,Generación,GNRA,"28,2"
HSAEDO,HSAEDO,18WHSAEDO-1234-8,18WHSAEDO-1234-8,Hidráulica no UGH,Venta,España,SZR,Generación,EGLE,"4,3"
HSANMI,HSANMI,18WHSANMI-1234-X,18WHSANMI-1234-X,Hidráulica no UGH,Venta,España,SZR,Generación,EGLE,"4,9"
HSATC01,HSAT,HSAT21,18W000000000MDE1,Comercializadores mercado libre,Compra,España,SZR,Comercializadores,HSATE,"1,0"
HSCOC01,HSILCO,HSILLDECOMER,18W0000000002EY1,Comercializadores mercado libre,Compra,España,SZR,Comercializadores,HSCOM,"6,0"
HSEGEN,HSEGEN,SOCIEDAD ESPAÑOLA DE GENERACION ELECTRICA,18W00000000001L0,Hidráulica no UGH,Venta,España,SZR,Generación,WMARK,"1,7"
HSFERND,SANFER,INSTSANFER,18W000000000RCXK,Hidráulica no UGH,Venta,España,SZR,Generación,GESTE,"5,0"
HSOLUE,HSOLUE,18WHSOLUE-1234-7,18WHSOLUE-1234-7,Hidráulica no UGH,Venta,España,SZR,Generación,EGLE,"8,2"
HSTMARI,HSTMARI,UP AUXIME,18WHSTMARI-123-K,Hidráulica no UGH,Venta,España,SZR,Generación,GNRA,"2,2"
HSYEGU,HSYEGU,18WHSYEGU-1234-2,18WHSYEGU-1234-2,Hidráulica no UGH,Venta,España,SZR,Generación,EGLE,"4,9"
HTAJUN,HTAJUN,18WHTAJUN-1234-N,18WHTAJUN-1234-N,Hidráulica no UGH,Venta,España,SZR,Generación,EGLE,"1,4"
HVADOC,HVADOC,18WHVADOC-1234-G,18WHVADOC-1234-G,Hidráulica no UGH,Venta,España,SZR,Generación,EGLE,"4,1"
HVANGE,HVANGE,18WHVANGE-1234-9,18WHVANGE-1234-9,Hidráulica no UGH,Venta,España,SZR,Generación,EGLE,"3,0"
HVILLA,HVILLA,UP ACEQUIA CINCO VILLAS,18W000000000TCXC,Hidráulica no UGH,Venta,España,SZR,Generación,EGLE,"4,6"
HVILLAR,VILLR,VILLAR,18W000000000O4FI,Hidráulica no UGH,Venta,España,SZR,Generación,GESTE,"1,6"
HVLLNGO,HVLLNGO,UP HVLLNGO,18W000000000PZ7B,Hidráulica no UGH,Venta,España,SZR,Generación,NEXU,"3,2"
HVVINAS,HVVINAS,UP HVVINAS,18W000000000PZ97,Hidráulica no UGH,Venta,España,SZR,Generación,NEXU,"1,8"
HXAL1,HC XALLAS1,SANTA EUGENIA Y NOVO PINDO,18W000000000HTLX,Hidráulica no UGH,Venta,España,IGNIS ,Generación,IGNIS,"108,0"
HXAL2,CH XALLAS2,CH XALLAS -10MW,18W000000000HTMV,Hidráulica no UGH,Venta,España,SZR,Generación,IGNIS,"20,3"
HXAL3,XALLAS 3,XALLAS 3,18W000000000TQ9I,Hidráulica no UGH,Venta,España,IGNIS ,Generación,IGNIS,"6,3"
HXAL4,XALLAS IV,XALLAS IV,18W000000000V06K,Hidráulica no UGH,Venta,España,SZR,Generación,IGNIS,"3,6"
HXRSPRE,HXRSPRE,HXRSPRE,18W00000000079ZV,Hidráulica no UGH,Venta,España,SZR,Generación,RSPRE,"1,5"
HYAGREN,HYAGREN,HYAGREN,18W000000000JIR9,Hidráulica no UGH,Venta,España,SZR,Generación,AGREN,"1,0"
HYAGUER,HYAGUER,HYAGUER,18W000000000T9GI,Hidráulica no UGH,Venta,España,SZR,Generación,DETIC,"2,9"
HYAME,HYAME,HIDRO PEQUEÑA POT,18W0000000006SBQ,Hidráulica no UGH,Venta,España,SZR,Generación,AME,"4,2"
HYANORF,UP FV HYAN,UP FV HYANOR,18W000000000QUW9,Solar fotovoltaica,Venta,España,SZR,Generación,ZRMTT,"0,0"
HYANORH,HYANOR UP ,HIDRO HYANOR,18W000000000QUVB,Hidráulica no UGH,Venta,España,SZR,Generación,ZRMTT,"0,5"
HYASIE,HYASIE,ASIE (HIDRÁULICA TARIFA NO EXENTO),18WHYASIE-1234-G,Hidráulica no UGH,Venta,España,SZR,Generación,ASIE,"5,0"
HYBERGA,HYBERGA,HYBERGA,18W000000000T28I,Hidráulica no UGH,Venta,España,SZR,Generación,DETIC,"2,9"
HYBRUTI,HYBRUTI,HYBRUTI,18W000000000T9FK,Hidráulica no UGH,Venta,España,SZR,Generación,DETIC,"2,8"
HYCABIS,HYCABIS,HYCABIS,18W000000000T9DO,Hidráulica no UGH,Venta,España,SZR,Generación,DETIC,"2,3"
HYCANBA,HYCANBA,HYCANBA,18W000000000T9O2,Hidráulica no UGH,Venta,España,SZR,Generación,DETIC,"1,0"
HYCAUXA,HYCAUXA,HYCAUXA,18W000000000T9N4,Hidráulica no UGH,Venta,España,SZR,Generación,DETIC,"2,7"
HYCEG,HYCEG,"CEG ( HIDRÁULICA,TARIFA,NO EXENTO )",18WHYCEG-12345-I,Hidráulica no UGH,Venta,España,SZR,Generación,CEG,"1,3"
HYDETIC,HYDETIC,"DETIC (TARIFA, NO EXENTO, HIDRÁULICO)",18WHYDETIC-12--B,Hidráulica no UGH,Venta,España,SZR,Generación,DETIC,"9,5"
HYDRC01,HYDRC01,HYDRC01,18W000000000R27S,Comercializadores mercado libre,Compra,España,SZR,Comercializadores,HYDRO,"0,1"
HYDRO1,CH_PETITES,HIDRO MENORS DE 1 MW,18W000000000C12R,Hidráulica no UGH,Venta,España,SZR,Generación,EPYM,"2,0"
HYDRO2,CH_GRANS,HIDRO MAJOR 1 MW,18W000000000DPMM,Hidráulica no UGH,Venta,España,SZR,Generación,EPYM,"1,7"
HYECATA,HYECATA,SALTOS DE AGUA,18W000000000S19N,Hidráulica no UGH,Venta,España,SZR,Generación,EGED,"3,0"
HYEEXXI,HYEEXXI,"ENDESA CUR  ( TARIFA, HIDRÁULICA, NO EXENTA)",18WHYEEXXI-123-C,Hidráulica no UGH,Venta,España,SZR,Generación,EEXXI,"6,6"
HYEFG,HYEFG,"EFG (TARIFA, NO EXENTO, HIDRÁULICO)",18WHYEFG-12345-N,Hidráulica no UGH,Venta,España,SZR,Generación,EFG,"22,4"
HYEGLE,HYEGLE,"EGLE (TARIFA, HIDRÁULICA, NO EXENTA)",18WHYEGLE-1234-S,Hidráulica no UGH,Venta,España,SZR,Generación,EGLE,"21,5"
HYEONUR,HYEONUR,"E.ON CUR ( TARIFA, HIDRÁULICA, NO EXENTA)",18WHYEONUR-123-0,Hidráulica no UGH,Venta,España,SZR,Generación,EONUR,"0,9"
HYFEN,MINIHIDRAU,MINIHIDRAULICA A TARIFA,18WHYFEN-12345-X,Hidráulica no UGH,Venta,España,SZR,Generación,FEN,"0,3"
HYGESTE,HYGESTE,"GESTERNOVA (HIDRÁULICA, NO EXENTA, TARIFA)",18WHYGESTE-123-L,Hidráulica no UGH,Venta,España,SZR,Generación,GESTE,"17,4"
HYGNRA,HYGNRA,"GNRA ( TARIFA, HIDRÁULICA,NO EXENTO)",18WHYGNRA-1234-P,Hidráulica no UGH,Venta,España,SZR,Generación,GNRA,"32,5"
HYGNSUR,HYGNSUR,"GAS NATURAL SUR SDG ( TARIFA, HIDRÁULICA, NO EXENTA)",18WHYGNSUR-123-H,Hidráulica no UGH,Venta,España,SZR,Generación,GNSUR,"4,6"
HYHCCUR,HYHCCUR,"HIDROCANTABRICO CUR ( TARIFA, HIDRÁULICA, NO EXENTA)",18WHYHCCUR-123-1,Hidráulica no UGH,Venta,España,SZR,Generación,HCCUR,"2,4"
HYIBCUR,HYIBCUR,"IBERDROLA CUR  ( TARIFA, HIDRÁULICA, NO EXENTA)",18WHYIBCUR-123-0,Hidráulica no UGH,Venta,España,SZR,Generación,IBCUR,"11,4"
HYIGNI,UOHYIGNIS,UP GENERICA HIDRAULICAS IGNIS NO EXENTO,18W000000000R3BH,Hidráulica no UGH,Venta,España,SZR,Generación,IGNIS,"0,1"
HYINDIG,HYINDIG,HYINDIG,18W000000000S71L,Hidráulica no UGH,Venta,España,SZR,Generación,DETIC,"1,3"
HYISLA,HYISLA,HYISLA,18W000000000QRHB,Hidráulica no UGH,Venta,España,SZR,Generación,CEG,"1,8"
HYITURB,ITURB,HITURB,18WHITURB--123-K,Hidráulica no UGH,Venta,España,SZR,Generación,ITURB,"0,4"
HYLAMUE,HYLAMUE,HYLAMUE,18W000000000T9M6,Hidráulica no UGH,Venta,España,SZR,Generación,DETIC,"4,8"
HYLAUE3,HYLAUE3,UP HYLAUE3,18W000000000R3Y8,Hidráulica no UGH,Venta,España,SZR,Generación,LAUEI,"1,1"
HYMALPA,HYMALPA,HYMALPA,18W000000000T9KA,Hidráulica no UGH,Venta,España,SZR,Generación,DETIC,"3,8"
HYMARIN,HYMARIN,HYMARIN,18W000000000T9HG,Hidráulica no UGH,Venta,España,SZR,Generación,DETIC,"2,6"
HYMONTE,HYMONTE,HYMONTE,18W000000000T9L8,Hidráulica no UGH,Venta,España,SZR,Generación,DETIC,"3,6"
HYNEXU,HYNEXU,"NEXU ( HIDRÁULICA,TARIFA,NO EXENTO )",18WHYNEXU-1234-9,Hidráulica no UGH,Venta,España,SZR,Generación,NEXU,"19,0"
HYPAMSA,HYPAMSA,HYPAMSA,18W000000000QRFF,Hidráulica no UGH,Venta,España,SZR,Generación,CEG,"2,0"
HYPARDI,HYPARDI,HYPARDI,18W000000000T9EM,Hidráulica no UGH,Venta,España,SZR,Generación,DETIC,"1,2"
HYPIEDR,HYPIEDR,HYPIEDR,18W000000000T9IE,Hidráulica no UGH,Venta,España,SZR,Generación,DETIC,"1,4"
HYRSPRA,HYRSPRA,18WHYRSPRA-123-G,18WHYRSPRA-123-G,Hidráulica no UGH,Venta,España,SZR,Generación,RSPRA,"23,9"
HYSERRA,HYSERRA,UP SERRA POT MENOR 1 MW,18WHYSERRA-123-G,Hidráulica no UGH,Venta,España,SZR,Generación,GNRA,"3,1"
HYTLAVE,HYTLAVE,HYTLAVE,18W000000000PK0X,Hidráulica no UGH,Venta,España,SZR,Generación,CEG,"5,2"
HYVALLE,HYVALLE,HYVALLE,18W000000000T9JC,Hidráulica no UGH,Venta,España,SZR,Generación,DETIC,"4,2"
HYVALLF,HYVALLF,HYVALLF,18W000000000T9CQ,Hidráulica no UGH,Venta,España,SZR,Generación,DETIC,"1,7"
HYWMARK,HYWMARK,HIDRAULICA TARIFA MENOR DE 10 MW,18WHYWMARK-123-C,Hidráulica no UGH,Venta,España,SZR,Generación,WMARK,"5,8"
HZORIT,HZORIT,18WHZORIT-123--E,18WHZORIT-123--E,Hidráulica no UGH,Venta,España,SZR,Generación,EGLE,"1,0"
IBCUC01,IBCUC01,IBERDROLA CUR. COMPRA,18WIBCUC01-123-6,Comercializadores último recurso,Compra,España,SZR,Comercializador de referencia,IBCUR,"14.000,0"
IBCUCEB,IBCUCEB,IBCUR ENLACE BALEARES,18WIBCUCEB-123-9,Enlace Baleares,Compra,España,SZR,Enlace península baleares,IBCUR,"408,0"
IBDSC01,UPIBERDESA,UPROGRAMACIONIBERDESA,18W000000000GB4E,Comercializadores mercado libre,Compra,España,SZR,Comercializadores,IBERD,"2,0"
IBEGC05,IBEGC  MAR,IBERDROLA GEN ENTREGA DE ENERGÍA EN MARRUECOS (AGENTE (EXTERNO),18WIBEGC05-12-4O,Exportación Marruecos,Compra,Marruecos-España,SZR,Comercializador internacional,IBEG,"1.000,0"
IBEGCP3,IBEGCP3,IBERDROLA GEN ENTREGA DE ENERGÍA EN FRANCIA (AGENTE EXTERNO),18WIBEGCP3-12-4N,Exportación Francia,Compra,Francia-España,SZR,Comercializador internacional,IBEG,"750,0"
IBEGVP3,IBEGVP3,IMPORT VENTA FRANCIA CON DERECHOS,18WIBEGVP3-123-Z,Importación Francia,Venta,Francia-España,SZR,Comercializador internacional,IBEG,"1.200,0"
IBGCCX1,IBGCCX1,UNID PORF IBGES COMERC COMPRA,18W000000000A7JK,Porfolio,Compra,España,SZR,Unidades porfolio,IBGES,"9.999,0"
IBGCVX1,IBGCVX1,UNID PORF IBGES COMERC VENT,18W000000000A7IM,Porfolio,Venta,España,SZR,Unidades porfolio,IBGES,"9.999,0"
IBGECP3,IBGECP3,IBGE DERECHOS COMPRA(FRAN),18WIBGECP3-123-J,Exportación Francia,Compra,Francia-España,SZR,Comercializador internacional,IBGES,"750,0"
IBGESX,IBGESX,IBGES CONSUMO SERV AUXILIARES,18W0000000006UYB,Consumo de Servicios Auxiliares,Compra,España,SZR,Servicios auxiliares,IBGES,"30,0"
IBGEVP3,IBGEVP3,IBGE DERECHOS VENTA(FRAN),18WIBGEVP3-123-X,Importación Francia,Venta,Francia-España,SZR,Comercializador internacional,IBGES,"1.200,0"
IBGPCX1,IBGPCX1,PROD PORF IBGES COMERC COMPR,18W000000000A7KI,Porfolio,Compra,España,SZR,Unidades porfolio,IBGES,"9.999,0"
IBGPVX1,IBGPVX1,PROD PORF IBGES COMERC VENTA,18W000000000A7LG,Porfolio,Venta,España,SZR,Unidades porfolio,IBGES,"9.999,0"
IBHEACI,IBHEACI,HEDROSO-ACIBEROS,18W000000000TEF5,Eólica terrestre,Venta,España,SZR,Generación,WMARK,"31,4"
IBMXC01,IBMXC01,IBERMAX COMPRA,18W000000000Q8YY,Comercializadores mercado libre,Compra,España,SZR,Comercializadores,IBERY,"0,0"
IBPADOR,IBPADOR,PADORNELO,18W000000000TEE7,Eólica terrestre,Venta,España,SZR,Generación,WMARK,"31,4"
IBSEC01,IBSEC01,IBSEN COMERCIALIZADORA,18W0000000009SI0,Comercializadores mercado libre,Compra,España,SZR,Comercializadores,IBSEN,"30,0"
IBSNC01,IBSNC01,IBSNC01 NULES,18W000000000MLNX,Consumos directos en mercado,Compra,España,SZR,Consum. directos a mercado,IBSUS,"2,0"
IBSUC01,IBSUC01,IBSUC01 ALSASUA,18W000000000LB2Z,Consumos directos en mercado,Compra,España,SZR,Consum. directos a mercado,IBSUS,"1,9"
ICGAC01,COMERC,COMERCIALIZACIÓN,18WICGAC01-123-2,Comercializadores mercado libre,Compra,España,SZR,Comercializadores,ICGAS,"65,0"
ICLIC01,ICLIC01,IBERDROLA CLIENTES,18WICLIC01-123-F,Comercializadores mercado libre,Compra,España,SZR,Comercializadores,IBCLI,"5,0"
ICLIR01,ICLIR01,COMERCIALIZADOR BALANCE SRAD,18W000000000OQVV,Comercializadores mercado libre,Compra,España,SZR,Comercializadores,IBCLI,"509,0"
ICUPCX1,ICUPCX1,UNID PORF IBCUR  COMPRA,18W000000000A84A,Porfolio,Compra,España,SZR,Unidades porfolio,IBCUR,"9.999,0"
ICUPVX1,ICUPVX1,UNID PORF IBCUR  VENTA,18W000000000A83C,Porfolio,Venta,España,SZR,Unidades porfolio,IBCUR,"9.999,0"
IDESC01,IDESC01,IDESC01 UP,18W000000000R896,Comercializadores mercado libre,Compra,España,SZR,Comercializadores,IDESE,"0,0"
IENOC01,COM IENOV,COMERCIALIZADORA IENOV,18WIENOC01-123-K,Comercializadores mercado libre,Compra,España,SZR,Comercializadores,IENOV,"10,0"
IFAVG,IFAVG,AEROGENERADOR,18W0000000006N6E,Eólica terrestre,Venta,España,SZR,Generación,GNRA,"0,2"
IGESC01,IGESC01,IBERDROLA GENERACION ESPAÑA,18WIGESC01-123-I,Comercializadores mercado libre,Compra,España,SZR,Comercializadores,IBGES,"13.000,0"
IGNIS7,UP IGNIS7,UP SOLAR FOTOVOLTAICA IGNIS GENERACION SOLAR,18W000000000M07H,Solar fotovoltaica,Venta,España,IGR ,Generación,IGNIS,"6,7"
IM3C01,IM3ENER,IM3ENERGIA,18WIM3ENERGIASLV,Comercializadores mercado libre,Compra,España,SZR,Comercializadores,IM3,"0,2"
IM3V01,IM3V01,IM3V01,18W000000000NC1Q,Solar fotovoltaica,Venta,España,SZR,Generación,IM3,"3,5"
IM3V02,IM3V02,IM3V02,18W000000000S4KT,Solar fotovoltaica,Venta,España,SZR,Generación,IM3,"1,5"
IMAXC01,IMAXINA,IMAXINA ENERGIA SL,18W000000000V9WF,Comercializadores mercado libre,Compra,España,SZR,Comercializadores,IMAXI,"1,0"
IMPEC01,IMPERIUM,IMPERIUM LUMEN,18W000000000NEQ7,Comercializadores mercado libre,Compra,España,SZR,Comercializadores,IMPER,"0,1"
INARC01,INARGY,INARGY SPOT,18W000000000RU7I,Comercializadores mercado libre,Compra,España,SZR,Comercializadores,INARG,"5,5"
INDAC01,INDAREL,INDAREL KUDEAKETA SLU,18W000000000RAYO,Comercializadores mercado libre,Compra,España,SZR,Comercializadores,INDAR,"1,0"
INDEC01,INDEC01,INDEXO ENERGIA,18WINDEXOENERGI4,Comercializadores mercado libre,Compra,España,SZR,Comercializadores,INDEX,"40,0"
INDLC01,INDLC01,UP INDALO,18W000000000SOEI,Comercializadores mercado libre,Compra,España,SZR,Comercializadores,INDA,"0,1"
INEMC01,INEMA,INER MADRID,18W000000000STE3,Comercializadores mercado libre,Compra,España,SZR,Comercializadores,INERM,"0,2"
INERC01,INERC01,INER1C01,18WINERC01-123-I,Comercializadores mercado libre,Compra,España,SZR,Comercializadores,INER1,"0,2"
INGEC01,INGEM ,INGEM ENERGIA SL,18W000000000IP25,Comercializadores mercado libre,Compra,España,SZR,Comercializadores,INGEM,"0,1"
INICC01,INICC01,INICC01,18W000000000SE3X,Comercializadores mercado libre,Compra,España,SZR,Comercializadores,INICB,"0,1"
INTEC01,INTEC01,UP COM INTEGRA,18WINTEC01-123-K,Comercializadores mercado libre,Compra,España,SZR,Comercializadores,INTEG,"90,0"
INTRC01,INTEA,INTERENERGIA,18W000000000LPE6,Comercializadores mercado libre,Compra,España,SZR,Comercializadores,INTEA,"0,1"
INTRE02,FV MAY1MW,UP SOLAR FV MAYOR 1 MW,18W000000000TMRV,Solar fotovoltaica,Venta,España,SZR,Generación,INTRA,"54,6"
INTVD02,FV MEN1MW,UP SOLAR FV MENOR 1 MW,18W000000000TMQX,Solar fotovoltaica,Venta,España,SZR,Generación,INTRA,"2,8"
INUSC01,INUSC01,INUSC01,18W000000000JGC8,Comercializadores mercado libre,Compra,España,SZR,Comercializadores,INUSK,"0,2"
INVVC01,INVERGOMAR,INVERGOMAR,18W000000000VANU,Consumos directos en mercado,Compra,España,SZR,Consum. directos a mercado,INVEV,"4,5"
IONAC01,IONAC01,UP IONA,18W000000000UT6B,Comercializadores mercado libre,Compra,España,SZR,Comercializadores,IONA,"0,1"
IRISC01,IRIS,IRIS ENERGIA EFICIENTE SA,18W000000000AS3Q,Comercializadores mercado libre,Compra,España,SZR,Comercializadores,IRIS,"0,1"
ISAEC01,ISAEC,ISAE COMERCIALIZACION SL,18W000000000QZOA,Comercializadores mercado libre,Compra,España,SZR,Comercializadores,ISAEC,"0,1"
ISEOC01,ISEOC01,ISEO ENERGIA CONSUMIDOR DIRECTO 1,18W000000000Q8PF,Consumos directos en mercado,Compra,España,SZR,Consum. directos a mercado,ISEO,"0,1"
ISMCCX1,ISMCCX1,ISMCCX1,18W000000000QFL2,Porfolio,Compra,España,SZR,Unidades porfolio,ISMSL,"9.999,0"
ISMCVX1,ISMCVX1,ISMCVX1,18W000000000QFPV,Porfolio,Venta,España,SZR,Unidades porfolio,ISMSL,"9.999,0"
ISMPCX1,ISMPCX1,ISMPCX1,18W000000000QHVD,Porfolio,Compra,España,SZR,Unidades porfolio,ISMSL,"9.999,0"
ISMPVX1,ISMPVX1,ISMPVX1,18W000000000QHTH,Porfolio,Venta,España,SZR,Unidades porfolio,ISMSL,"9.999,0"
ISMSC01,ISMCOM,ISMCOMER,18W000000000F3SV,Comercializadores mercado libre,Compra,España,SZR,Comercializadores,ISMSL,"0,1"
ISMSR01,SRADISM,UP SRAD 01,18W000000000V5AY,Comercializadores mercado libre,Compra,España,SZR,Comercializadores,ISMSL,"1,0"
ISYDC01,UPC ISYDE,UP COMPRA INVESYDE,18W000000000G8QG,Comercializadores mercado libre,Compra,España,SZR,Comercializadores,ISYDE,"1,0"
JMFEC01,JMFEC01,JMFEC01,18W000000000R0ZF,Comercializadores mercado libre,Compra,España,SZR,Comercializadores,JMFEN,"0,1"
JOINC01,ENERJOIN,ENERJOIN,18W00000000022QG,Consumos directos en mercado,Compra,España,SZR,Consum. directos a mercado,JOIN,"1.101,5"
JOLCA,JOLCA,JOLCAFV,18W000000000SFY5,Solar fotovoltaica,Venta,España,SZR,Generación,ELEIA,"0,3"
JOSEC01,JOSEC01,ELECTRICA SUDANDELL,18WJOSECO1-12--B,Comercializadores mercado libre,Compra,España,SZR,Comercializadores,JOSEP,"0,7"
JOVEC01,UP JOVE,UPROGRAMACION JOVE,18W000000000RG7N,Comercializadores mercado libre,Compra,España,SZR,Comercializadores,JOVE,"0,1"
JRONCP3,JRONCP3,J.ARON EXPORTACIÓN DE ENERGÍA,18WJRONCP3-123-6,Exportación Francia,Compra,Francia-España,SZR,Comercializador internacional,JARON,"0,0"
JRONVP3,JRONVP3,J.ARON IMPORTACIÓN DE ENERGÍA,18WJRONVP3-123-K,Importación Francia,Venta,Francia-España,SZR,Comercializador internacional,JARON,"0,0"
JUANC01,JUANX_UP,JUAN_ENERGY_UP,18W000000000IB70,Comercializadores mercado libre,Compra,España,SZR,Comercializadores,JUANX,"0,6"
JUCA,JUCAR,UGH. JUCAR,18WJUCA-12345-0Q,Hidráulica UGH,Venta,España,IBEG ,Generación,IBEG,"695,9"
JUCAR2,JUCAR2,UGH CASTELNOU,18WJUCAR2-1234-Q,Hidráulica UGH,Venta,España,SZR,Generación,CTNU,"0,8"
JUSEC01,JUSEC01,JUSEC01,18W000000000O3US,Comercializadores mercado libre,Compra,España,SZR,Comercializadores,JUSEP,"0,1"
KARMC01,KARMC01,KARMA ALIMUR,18W000000000QDQZ,Comercializadores mercado libre,Compra,España,SZR,Comercializadores,KARMA,"1,0"
KELC01,KELSEN,REFRACTARIOS KELSEN,18W000000000KN9Q,Consumos directos en mercado,Compra,España,SZR,Consum. directos a mercado,CALEA,"1,1"
KILVC01,KILV_C,KILOWATIOS VERDES UP,18W0000000003A3Y,Comercializadores mercado libre,Compra,España,SZR,Comercializadores,KILVE,"4,0"
KINEC01,KINEC01,COMPRA KINESTALIA,18W000000000P9RC,Comercializadores mercado libre,Compra,España,SZR,Comercializadores,KINE,"1,0"
KIRIC01,KIRIC01,KIRIN RENOVABLES,18W000000000RQNZ,Comercializadores mercado libre,Compra,España,SZR,Comercializadores,KIRIN,"0,0"
KODLC01,KODLC01,KODLC01,18W000000000IXEV,Comercializadores mercado libre,Compra,España,SZR,Comercializadores,KODLC,"0,1"
KONYC01,KONERY,KONERY EFICIENCIA ENERGTICA SL,18W000000000CDU9,Comercializadores mercado libre,Compra,España,SZR,Comercializadores,KONRY,"0,1"
KREAC01,KREAC01,KREAN ENERGIA COMERCIALIZADORA,18W000000000IVHV,Comercializadores mercado libre,Compra,España,SZR,Comercializadores,KREAN,"10,0"
KVASCP3,KVCOMP,KVASICOMPRA,18W000000000T5U2,Exportación Francia,Compra,Francia-España,SZR,Comercializador internacional,KVASI,"10,0"
KVASVP3,KVVENT,KVASIVENTA,18W000000000T5V0,Importación Francia,Venta,Francia-España,SZR,Comercializador internacional,KVASI,"10,0"
KWFC01,KWFI,KWFVI ENERGIA,18W000000000JYM8,Comercializadores mercado libre,Compra,España,SZR,Comercializadores,KWFVI,"1,0"
LABOC01,LABOIL CC,LABOIL ENERGIA COMERCIALIZADORA,18WLABOC01-123-D,Comercializadores mercado libre,Compra,España,SZR,Comercializadores,LABOI,"4,3"
LACOC01,LA CORRIEN,LA CORRIENTE S COOP,18W000000000COY5,Comercializadores mercado libre,Compra,España,SZR,Comercializadores,LACOR,"0,1"
LADYC01,ES-LADYWAR,LADY WARSAW INVESTMENT SL,18W000000000SERM,Comercializadores mercado libre,Compra,España,SZR,Comercializadores,LADYW,"0,6"
LAFRV,LAFRV,LAFRV,18W000000000G5EC,Solar fotovoltaica,Venta,España,GNRA01 ,Generación,GNRA,"39,0"
LAGAV01,LAGAVARRA ,LAGAVARRA VENTA,18W000000000T2PL,Solar fotovoltaica,Venta,España,SZR,Generación,CENTS,"1,0"
LAMPC01,LAMPYRIS,LAMPYRIS ENERGIA SL,18W000000000U8GH,Comercializadores mercado libre,Compra,España,SZR,Comercializadores,LAMPY,"1,0"
LANCA2,LANCA2,UP RO LANCARA 2,18WLANCA2-1234-U,Hidráulica UGH,Venta,España,SZR,Generación,CHDUE,"0,8"
LANCAR,UP LANACRA,UP RO LANCARA 1,18WLANCAR-1234-F,Hidráulica UGH,Venta,España,SZR,Generación,CHDUE,"0,3"
LANDC01,LANDS ,LANDS AND BUILDING S.L,18WLANDC01-123-S,Consumos directos en mercado,Compra,España,SZR,Consum. directos a mercado,LAND,"1,9"
LAOBC01,LAOBC01,LAOBC01 UP,18W000000000OAHX,Comercializadores mercado libre,Compra,España,SZR,Comercializadores,LABOA,"0,1"
LAPAC01,GALAP ENER,GALAPAGO ENERGIA,18W000000000Q9EY,Comercializadores mercado libre,Compra,España,SZR,Comercializadores,GALAP,"0,1"
LAUCCX1,LAUCCX1,LAUCCX1,18W000000000AOQT,Porfolio,Compra,España,SZR,Unidades porfolio,LAUEI,"9.999,0"
LAUCVX1,LAUCVX1,LAUCVX1,18W000000000AORR,Porfolio,Venta,España,SZR,Unidades porfolio,LAUEI,"9.999,0"
LAUEC01,LAUEC01,"LA UNIÓN ELECTRO INDUSTRIAL, S.L.U",18WLAUEC01-123-F,Comercializadores mercado libre,Compra,España,SZR,Comercializadores,LAUEI,"15,0"
LAVAC01,LA VALL,LA VALL COMERCIALIZADORA ELECTRICA,18W000000000NR1I,Comercializadores mercado libre,Compra,España,SZR,Comercializadores,LAVAL,"3,0"
LBAT,LBAT,LOS BATANEJOS,18WLBAT-123456-4,Hidráulica UGH,Venta,España,SZR,Generación,BARER,"0,6"
LCOSC01,LCOSC01,LOW COST 01,18W000000000JMEN,Comercializadores mercado libre,Compra,España,SZR,Comercializadores,LCOST,"40,0"
LDGIC01,LDGIA,COMERCIALIZADORA LIDERGIA,18WLIDERGIACOMM4,Comercializadores mercado libre,Compra,España,SZR,Comercializadores,LDGIA,"0,1"
LECDE,LECDE,LECDE,18W000000000PRGH,Eólica terrestre,Venta,España,SZR,Generación,GNRA,"9,6"
LEDCC01,LCE COMPRA,LEDESMA COMERCIALIZADORA UNIDAD DE COMPRA,18WLEDCC01-123-Q,Comercializadores mercado libre,Compra,España,SZR,Comercializadores,LEDCE,"0,1"
LEGAC01,ELEGA UP,ELEGA UNIDAD DE PROGRAMACION,18W000000000F329,Comercializadores mercado libre,Compra,España,SZR,Comercializadores,ELEGA,"0,0"
LEONC01,LECOMUP,ESLECOMUP,18W000000000RNCT,Comercializadores mercado libre,Compra,España,SZR,Comercializadores,LEONC,"0,0"
LERC01,LER ,LER S.L.,18WLERC01-123-28,Comercializadores mercado libre,Compra,España,SZR,Comercializadores,LER,"7,0"
LIDEC01,LIDEC01,LIDEC01,18W000000000K35K,Comercializadores mercado libre,Compra,España,SZR,Comercializadores,LIDER,"0,1"
LIDEV01,LIDEV01,LIDEV01,18W000000000O1LF,Solar fotovoltaica,Venta,España,SZR,Generación,LIDER,"2,8"
LINAR01,LINARAD,LINAMARSRAD,18W000000000V2EZ,Consumos directos en mercado,Compra,España,SZR,Consum. directos a mercado,LINAM,"2.000,0"
LINKC01,UPLINKPEN,UP LINK PENINSULA,18W000000000Q9FW,Comercializadores mercado libre,Compra,España,SZR,Comercializadores,LINKE,"10,0"
LIUPC01,LIUP,LIGHT UP SL,18WLIUPC01-123-V,Comercializadores mercado libre,Compra,España,SZR,Comercializadores,LIUP,"0,1"
LLANOSF,LOS LLANOS,LOS LLANOS FV,18W000000000U7TV,Solar fotovoltaica,Venta,España,SZR,Generación,ELEIA,"3,2"
LLO1,LLO1,LA LOSA 1,18WLLO1-123456-A,Hidráulica UGH,Venta,España,SZR,Generación,BARER,"0,1"
LLO2,LLO2,LA LOSA 2,18WLLO2-123456-0,Hidráulica UGH,Venta,España,SZR,Generación,BARER,"0,1"
LLO3,LLO3,LA LOSA 3,18WLLO3-123456-R,Hidráulica UGH,Venta,España,SZR,Generación,BARER,"0,1"
LMA1,LMA1,LA MANCHEGA,18WLMA1-123456-4,Hidráulica UGH,Venta,España,SZR,Generación,BARER,"0,5"
LMERC01,LMERC01,"LONJAS TECNOLOGÍA, S.A",18WLMERC01-123-S,Comercializadores mercado libre,Compra,España,SZR,Comercializadores,LMER,"0,5"
LMM1,LMM1,LA MARMOTA 1,18WLMM1-123456-K,Hidráulica UGH,Venta,España,SZR,Generación,BARER,"0,2"
LMM2,LMM2,LA MARMOTA 2,18WLMM2-123456-A,Hidráulica UGH,Venta,España,SZR,Generación,BARER,"0,2"
LNU1,LNU1,LOS NUEVOS 1,18WLNU1-123456-V,Hidráulica UGH,Venta,España,SZR,Generación,BARER,"0,1"
LNU2,LNU2,LOS NUEVOS 2,18WLNU2-123456-L,Hidráulica UGH,Venta,España,SZR,Generación,BARER,"0,3"
LOBOC01,EL LOBO,ALMENDRA Y MIEL S.A,18WLOBOC01-123-U,Consumos directos en mercado,Compra,España,SZR,Consum. directos a mercado,LOBO,"0,9"
LOBOH,LOBOH,LOBOH,18W000000000RRFB,Solar fotovoltaica,Venta,España,GNRA01 ,Generación,GNRA,"28,0"
LOCAC01,UP LOCALUZ,UPLOCALUZ,18W000000000S8KH,Comercializadores mercado libre,Compra,España,SZR,Comercializadores,LOCAL,"0,1"
LOKOH,LOKOH,LOKOH,18W000000000RRDF,Solar fotovoltaica,Venta,España,GNRA01 ,Generación,GNRA,"24,1"
LORC,LORC,LORCHA,18WLORC-123456-G,Hidráulica UGH,Venta,España,SZR,Generación,BARER,"0,6"
LOVEC01,LOVEC01,LOVE PENINSULA,18W000000000HQN1,Comercializadores mercado libre,Compra,España,SZR,Comercializadores,LOVEE,"0,1"
LOVIC01,UP LOVILUZ,UP LOVILUZ,18W000000000S9N8,Comercializadores mercado libre,Compra,España,SZR,Comercializadores,LOVIL,"0,1"
LPWEC01,LPWEC01,LPWEC01,18W000000000V6RY,Comercializadores mercado libre,Compra,España,SZR,Comercializadores,LPWEN,"0,1"
LSINC01,LUZ INCLUS,LUZ SOLIDARIA INCLUSIVA SL,18W000000000NES3,Comercializadores mercado libre,Compra,España,SZR,Comercializadores,LSINC,"0,1"
LUBAC01,LUBALOO,LUBALOO ENERGÍA,18WLUBAC01-123-O,Comercializadores mercado libre,Compra,España,SZR,Comercializadores,LUBAL,"0,3"
LUBIAN,LUBIAN,LUBIAN,18W000000000TEG3,Eólica terrestre,Venta,España,SZR,Generación,WMARK,"50,0"
LUCAC01,LUCIFERASA,LUCIFERASA-2 ENERGIA SL,18W000000000QWX1,Comercializadores mercado libre,Compra,España,SZR,Comercializadores,LUCIA,"1,0"
LUCIC01,LUCI,COMERCIALIZADORA,18W0000000005KWC,Comercializadores mercado libre,Compra,España,SZR,Comercializadores,LUCIE,"1,0"
LUCKC01,UP LUCKY,UP LUCKY LUZ,18W000000000RMBY,Comercializadores mercado libre,Compra,España,SZR,Comercializadores,LUCK,"0,1"
LUM1C01,LUM1C01,"HIDROELÉCTRICA LUMYMEY, S.L",18WLUM1C01-123-U,Comercializadores mercado libre,Compra,España,SZR,Comercializadores,LUM1,"6,4"
LUMIC01,LUMISA,LUMISA,18WLUMIC01-123-8,Comercializadores mercado libre,Compra,España,SZR,Comercializadores,LUMIE,"2,0"
LUXC01,LUX FORUM,UP LUX FORUM COMERCIALIZACION,18WLUXC01-1234-0,Comercializadores mercado libre,Compra,España,SZR,Comercializadores,LUX,"0,1"
LUXIC01,LUXIC01,LUXIC01,18W000000000SFVB,Comercializadores mercado libre,Compra,España,SZR,Comercializadores,LUXIA,"0,0"
LUZSC01,UPR LUZSO,UPR LUZ SOLIDARIA,18W000000000F5L2,Comercializadores mercado libre,Compra,España,SZR,Comercializadores,LUZSO,"0,1"
LUZYC01,LUZYC01,LUZYC01,18W000000000NRP7,Comercializadores mercado libre,Compra,España,SZR,Comercializadores,LUZYE,"0,1"
MACEC01,MACEC01,MACEC01,18W000000000IKNF,Consumos directos en mercado,Compra,España,SZR,Consum. directos a mercado,MACEB,"1,7"
MALA1,MALA1,CCC MALAGA 1,18WMALA1-12345-L,Ciclo Combinado,Venta,España,NTG ,Generación,GNCC,"415,5"
MARFRAE,MARFRA EXP,INTERCAMBIO TRANSFRONTERIZO DE MARI ES A FR,18WMARFRAE-123-2,Unidad instrumental internacional,Compra,Francia-España,SZR,Unidad instrumental internacional,REE,"9.999,0"
MARFRAI,MARFRA IMP,INTERCAMBIO TRANSFRONTERIZO DE MARI FR A ES,18WMARFRAI-123-B,Unidad instrumental internacional,Venta,Francia-España,SZR,Unidad instrumental internacional,REE,"9.999,0"
MARPORE,MARPOR EXP,INTERCAMBIO TRANSFRONTERIZO DE MARI ES A PT,18WMARPORE-123-F,Unidad instrumental internacional,Compra,Portugal-España,SZR,Unidad instrumental internacional,REE,"9.999,0"
MARPORI,MARPOR IMP,INTERCAMBIO TRANSFRONTERIZO DE MARI PT A ES,18WMARPORI-123-O,Unidad instrumental internacional,Venta,Portugal-España,SZR,Unidad instrumental internacional,REE,"9.999,0"
MARTC01,MARTB_UP,MARTB_UP_COMPRAS,18W000000000LS6D,Comercializadores mercado libre,Compra,España,SZR,Comercializadores,MARTB,"1,0"
MASAC01,MASAC01,MASAC01,18W000000000SHLP,Comercializadores mercado libre,Compra,España,SZR,Comercializadores,MASAL,"0,1"
MASIC01,MASINTELIG,MAS INTELIGENCIA UNIDAD DE PROGRAMACION,18W0000000004562,Comercializadores mercado libre,Compra,España,SZR,Comercializadores,MASIN,"0,0"
MASIRP,MASIRP01,MASIRP01,18W000000000PLMN,Solar fotovoltaica,Venta,España,SZR,Generación,MASIN,"0,5"
MASNC01,MASNORTEGL,MASNORTE GLOBAL UP,18W000000000SKP8,Comercializadores mercado libre,Compra,España,SZR,Comercializadores,MASNA,"5,0"
MASQC01,MASQC01,MASQLUZ PENINSULA,18W000000000HQPY,Comercializadores mercado libre,Compra,España,SZR,Comercializadores,MASQL,"0,1"
MATAC01,MATACOUTA,PIZARRAS MATACOUTA S.A,18WMATAC01-12--S,Consumos directos en mercado,Compra,España,SZR,Consum. directos a mercado,MATA,"0,5"
MAZEC01,MAZE ENERG,MAZE ENERGY,18W000000000S06W,Comercializadores mercado libre,Compra,España,SZR,Comercializadores,MAZEE,"1,0"
MAZEINI,GENFV,GENERICA FV,18W000000000THKN,Solar fotovoltaica,Venta,España,SZR,Generación,MAZEE,"0,5"
MEGAC01,MEGAC01,MEGAC01,18W000000000PX1T,Comercializadores mercado libre,Compra,España,SZR,Comercializadores,MEGAW,"0,1"
MEGC01,MEGARA ,MEGARA UNIDAD COMPRA,18WMEGC01-1234-X,Comercializadores mercado libre,Compra,España,SZR,Comercializadores,MEG,"0,1"
MELUC01,HISPA,HISPANO TEX S.A.,18WMELUC01-123-4,Consumos directos en mercado,Compra,España,SZR,Consum. directos a mercado,MELUL,"94,1"
MENEC01,MENEC01,MOSCOSO ENERGIA,18WMENEC01-123-V,Comercializadores mercado libre,Compra,España,SZR,Comercializadores,MENER,"4,0"
MERC01,MEROLTEX,TEJEDURIA BOMBARDO,18W000000000O0HQ,Consumos directos en mercado,Compra,España,SZR,Consum. directos a mercado,MEROL,"0,6"
MERCCP3,RIGHT EXP,WITH RIGHTS EXPORTS FR,18WMERCCP3-123-F,Exportación Francia,Compra,Francia-España,SZR,Comercializador internacional,MERCU,"500,0"
MERCVP3,RIGHT IMP,WITH RIGHT IMPORT FR,18WMERCVP3-123-T,Importación Francia,Venta,Francia-España,SZR,Comercializador internacional,MERCU,"500,0"
MERKC01,MERKAOÑA,MERKAOÑA UNIDAD COMPRA,18W000000000T6JL,Comercializadores mercado libre,Compra,España,SZR,Comercializadores,MERKA,"0,4"
METEC01,METEC01,METEC01,18W000000000MBMS,Comercializadores mercado libre,Compra,España,SZR,Comercializadores,METEN,"120,0"
METER01,METER01,METER01,18W000000000QKPG,Comercializadores mercado libre,Compra,España,SZR,Comercializadores,METEN,"8,0"
METEV01,UP V FV,UP VENTA MET,18W000000000RA74,Solar fotovoltaica,Venta,España,SZR,Generación,METEN,"0,1"
METEV02,METEV02,METEV02,18W000000000TQQL,Solar fotovoltaica,Venta,España,SZR,Generación,METEN,"44,0"
METEV03,METEV03 SJ,METEV03 SJ,18W000000000TQRJ,Solar fotovoltaica,Venta,España,SZR,Generación,METEN,"17,3"
METEV04,METEV04,METEV04 PALMAHI,18W000000000U0UD,Solar fotovoltaica,Venta,España,SZR,Generación,METEN,"19,6"
METEV05,METEV05,METEV05 PEDHIVE,18W000000000U0VB,Solar fotovoltaica,Venta,España,SZR,Generación,METEN,"6,7"
METEV06,METEV06,METEV06 ROCIO,18W000000000U0W9,Solar fotovoltaica,Venta,España,SZR,Generación,METEN,"24,6"
METEV07,METEV07,METEV07 LAHERRE,18W000000000U0X7,Solar fotovoltaica,Venta,España,SZR,Generación,METEN,"39,0"
METEV08,METEV08,METEV08 PEFLOR,18W000000000U0Y5,Solar fotovoltaica,Venta,España,SZR,Generación,METEN,"100,0"
METEV09,FV BESIDES,FV BESIDES,18W000000000U5R4,Solar fotovoltaica,Venta,España,SZR,Generación,METEN,"2,8"
METEV10,METEV10,METEV10 SALADAS,18W000000000UXIC,Solar fotovoltaica,Venta,España,SZR,Generación,METEN,"4,4"
METEV11,METEV11,METEV11 PERLETA1,18W000000000VA9L,Solar fotovoltaica,Venta,España,SZR,Generación,METEN,"1,8"
METEV12,METEV12,METEV12 PERLETA2,18W000000000VABH,Solar fotovoltaica,Venta,España,SZR,Generación,METEN,"2,8"
MFREC01,MAFRESA,MAFRESA EL IBERICO DE CONFIANZA SL,18W000000000F12F,Consumos directos en mercado,Compra,España,SZR,Consum. directos a mercado,MFRSA,"3,0"
MFUSTE,MAS FUSTE,MAS FUSTE 1,18W000000000SVC1,Solar fotovoltaica,Venta,España,SZR,Generación,TRISO,"1,4"
MFUSTE2,MFUSTE 2,MAS FUSTE 2,18W000000000TT4J,Solar fotovoltaica,Venta,España,SZR,Generación,TRISO,"0,4"
MHLRMER,MHLRMER,MHLRMERCADO,18W000000000TXXN,Hidráulica UGH,Venta,España,SZR,Generación,ASIE,"1,3"
MIBESFR,MIBESFR,Saldo acoplamiento ES a FR,18WMIBESFR-123-2,Saldo acoplamiento mercado,Compra,Francia-España,SZR,Saldo acoplamiento mercado,REE,"9.999,0"
MIBESPT,MIBESPT,Saldo acoplamiento ES a PT,18WMIBESPT-123-J,Saldo acoplamiento mercado,Compra,Portugal-España,SZR,Saldo acoplamiento mercado,REE,"9.999,0"
MIBFRES,MIBFRES,Saldo acoplamiento FR a ES,18WMIBFRES-123-2,Saldo acoplamiento mercado,Venta,Francia-España,SZR,Saldo acoplamiento mercado,REE,"9.999,0"
MIBPTES,MIBPTES,Saldo acoplamiento PT a ES,18WMIBPTES-123-W,Saldo acoplamiento mercado,Venta,Portugal-España,SZR,Saldo acoplamiento mercado,REE,"9.999,0"
MILII,MILLAS II,MILLAS II,18WMILII-12345-P,Gas Natural Cogeneración,Venta,España,SZR,Generación,LMER,"0,9"
MINAC01,ALCANTARA,MINAS DE ALCANTARA,18W0000000001873,Consumos directos en mercado,Compra,España,SZR,Consum. directos a mercado,MINAL,"0,5"
MINIC01,MINAI,MINAI SERVICIOS ENERGETICOS,18W000000000HEEI,Comercializadores mercado libre,Compra,España,SZR,Comercializadores,MINAI,"1,0"
MIRAN01,LAMIRANDA,LAMIRANDA,18W000000000RB1D,Solar fotovoltaica,Venta,España,SZR,Generación,ADXRE,"6,2"
MLTB,MORALET B,C.H.B. MORALETS BOMBEO,18WMLTB-12345-09,Consumo bombeo,Compra,España,SZR,Consumo bombeo,ENDG,"219,0"
MLTG,MORALET G,C.H. MORALETS GENERACION,18WMLTG-12345-0X,Turbinación bombeo,Venta,España,SZR,Generación,ENDG,"219,1"
MODIC01,MODISPREM,MODISPREM SA,18WMODIC01-123-I,Consumos directos en mercado,Compra,España,SZR,Consum. directos a mercado,MODI,"1,2"
MODOH,MODOH,MODOH,18W000000000RRED,Solar fotovoltaica,Venta,España,GNRA01 ,Generación,GNRA,"40,1"
MOIAC01,MAT MOIA,MATADERO MOIA,18WMOIAC01-123-6,Consumos directos en mercado,Compra,España,SZR,Consum. directos a mercado,MOIA,"0,9"
MOLAC01,MOLAC01,MOLAC01,18W000000000RLP9,Comercializadores mercado libre,Compra,España,SZR,Comercializadores,MOLAL,"0,1"
MOLEC01,MOLECOR,MOLECOR,18WMOLEC01-123-7,Consumos directos en mercado,Compra,España,SZR,Consum. directos a mercado,MOLE,"1,7"
MOLIVI,MOLIVI,MOLIVI UP,18W00000000032C3,Hidráulica UGH,Venta,España,SZR,Generación,AMADR,"0,1"
MORTC01,MORTERO PE,MORTERO PENINSULA,18W000000000SJR7,Comercializadores mercado libre,Compra,España,SZR,Comercializadores,MORTE,"5,0"
MOTAC01,UPMONTARTO,UP MONTARTO TECHNOLOGIES,18W000000000PIF9,Comercializadores mercado libre,Compra,España,SZR,Comercializadores,MONTR,"0,1"
MOVHC01,MOVHC01,MOVHERA COMERCIALIZADORA,18W000000000LVQ1,Comercializadores mercado libre,Compra,España,SZR,Comercializadores,MOVHE,"300,0"
MOVIC01,MOVIC01,COMPRA COMERCIALIZADORA,18W000000000Q29S,Comercializadores mercado libre,Compra,España,SZR,Comercializadores,MOVIE,"1,0"
MSVSC01,MSVSC01,"MUNICIPAL DE SERVICIOS VILLAHERMOSANA, S.L",18WMSVSC01-123-5,Comercializadores mercado libre,Compra,España,SZR,Comercializadores,MSVSL,"2,1"
MUDEJAR,CSF MUDEJA,CSF MUDEJAR 1,18W000000000T46G,Solar fotovoltaica,Venta,España,WM1 ,Generación,WMARK,"40,0"
MUEB,MUELA B,C.H.B. LA MUELA BOMBEO,18WMUEB-12345-0T,Consumo bombeo,Compra,España,SZR,Consumo bombeo,IBEG,"1.390,0"
MUEL,MUELA G,C.H. LA MUELA GENERACION,18WMUEL-12345-03,Turbinación bombeo,Venta,España,IBEG ,Generación,IBEG,"1.511,7"
MUESC01,MUESTRARIO,MUESTRARIOS IBERIA,18W000000000P0CW,Consumos directos en mercado,Compra,España,SZR,Consum. directos a mercado,MUEST,"0,3"
MULA3,MULA 3,LA MULA 3,18W000000000VEGW,Solar fotovoltaica,Venta,España,SZR,Generación,ELEIA,"54,6"
MULBC01,MULTITELEC,MULTITELEC ENERGIA RENOVALBLES,18W000000000RIKS,Comercializadores mercado libre,Compra,España,SZR,Comercializadores,MULTB,"10,0"
MULTC01,MULTIC01,MULTIENERGIA VERDE,18WMULTC01-123-7,Comercializadores mercado libre,Compra,España,SZR,Comercializadores,MULTI,"0,1"
MUTAC01,MULTITEC,MULTISEVICIOS TECNOLOGICOS SA,18W000000000LXBP,Comercializadores mercado libre,Compra,España,SZR,Comercializadores,MULTA,"1,0"
MXXIC01,MYENXXI,MYENXXI,18W000000000LA6U,Comercializadores mercado libre,Compra,España,SZR,Comercializadores,MYENX,"1,0"
MYENC01,MYENC01,U. DE COMPRA MY ENERGIA,18WMYENC01-123-M,Comercializadores mercado libre,Compra,España,SZR,Comercializadores,MYEN,"0,5"
MYENV01,MYENV01,MYENERGIA VENTA 01,18W000000000KPCE,Solar fotovoltaica,Venta,España,SZR,Generación,MYEN,"6,3"
MYENV02,MYENV02,MYENERGIA VENTA 02,18W000000000NHL8,Solar fotovoltaica,Venta,España,SZR,Generación,MYEN,"6,9"
NABAC01,NABAC01,NABALIA ENERGIA,18WNABAC01-123-G,Comercializadores mercado libre,Compra,España,SZR,Comercializadores,NABAL,"0,2"
NAGAC01,NAT GAS,NATURAL GAS COMERCIALIZADORA (NACIONAL),18WNAGAC01-12-24,Comercializadores mercado libre,Compra,España,SZR,Comercializadores,NATGA,"500,0"
NAGIC01,NAGIC01,NAGIC01,18W000000000K33O,Comercializadores mercado libre,Compra,España,SZR,Comercializadores,NAGIN,"1,0"
NAVAC01,NAVAC01,PETRONAVARRA PEN,18W00000000021MR,Comercializadores mercado libre,Compra,España,SZR,Comercializadores,NAVAR,"0,1"
NCEC01,NCEC01,UP NCE,18WNCEC01-1234-T,Comercializadores mercado libre,Compra,España,SZR,Comercializadores,NCE,"0,1"
NCEGE,VENTA FV,VENTA FV,18W000000000FY9D,Solar fotovoltaica,Venta,España,SZR,Generación,NCE,"0,0"
NEASC01,SPECTRA,PROP TRADERS SPAIN,18W000000000M7TQ,Comercializadores mercado libre,Compra,España,SZR,Comercializadores,NEAS,"1.000,0"
NEASCP3,NEASCP3,NEAS ENERGY A/S,18WNEASCP3-12--4,Exportación Francia,Compra,Francia-España,SZR,Comercializador internacional,NEAS,"350,0"
NEASVP3,NEAS,NEAS ENERGY A/S,18WNEASVP3-123-6,Importación Francia,Venta,Francia-España,SZR,Comercializador internacional,NEAS,"350,0"
NEMOC01,NEMOC01,"NEMON INTELLIGENCE IN BUSINESS, SL",18WNEMOC01-123-3,Comercializadores mercado libre,Compra,España,SZR,Comercializadores,NEMON,"0,1"
NETOC01,NETON,NETON ENERGY SERVICES SLU,18W000000000P4NZ,Comercializadores mercado libre,Compra,España,SZR,Comercializadores,NETON,"1,0"
NETRC01,NETRA PENI,NETRA PENINSULA,18W000000000TDCE,Comercializadores mercado libre,Compra,España,SZR,Comercializadores,NETRA,"1,0"
NEUCCX1,NEUCCX1,NEUCCX1,18W000000000SKCY,Porfolio,Compra,España,SZR,Unidades porfolio,NEURO,"9.999,0"
NEUCVX1,NEUCVX1,NEUCVX1,18W000000000SK93,Porfolio,Venta,España,SZR,Unidades porfolio,NEURO,"9.999,0"
NEXAC01,NEXT COMPR,NEXT COMPRA,18W000000000LVIH,Comercializadores mercado libre,Compra,España,SZR,Comercializadores,NEXAM,"25,0"
NEXOC01,NEXORA,NEXORA ENERGIA,18W000000000UCVC,Comercializadores mercado libre,Compra,España,SZR,Comercializadores,NEXOR,"1,0"
NEXPCX1,NEXPCX1,NEXPCX1,18W000000000UQBA,Porfolio,Compra,España,SZR,Unidades porfolio,NEXU,"9.999,0"
NEXPVX1,NEXPVX1,NEXPVX1,18W000000000UQD6,Porfolio,Venta,España,SZR,Unidades porfolio,NEXU,"9.999,0"
NEXTC01,NEXT,NEXT ENERGY PLUS SL,18W000000000SHE2,Comercializadores mercado libre,Compra,España,SZR,Comercializadores,NEXAP,"1,0"
NEXUC01,NEXUS COMP,NEXUS ENERGÍA (COMERCIALIZADORA NACIONAL),18WNEXUC01-12-2D,Comercializadores mercado libre,Compra,España,SZR,Comercializadores,NEXU,"0,0"
NIDHCP3,NIDHCP3,NIDHOG IMPORT RTE,18W000000000QHY7,Exportación Francia,Compra,Francia-España,SZR,Comercializador internacional,NIDHO,"100,0"
NIDHVP3,NIDHVP3,NIDHOG EXP RTE,18W000000000QUZ3,Importación Francia,Venta,Francia-España,SZR,Comercializador internacional,NIDHO,"100,0"
NIVAC01,NIVAPLAST,NIVAPLAST,18WNIVAC01-123-X,Consumos directos en mercado,Compra,España,SZR,Consum. directos a mercado,NIVA,"0,4"
NOBEC01,NOBEC01,UNIDAD DE PROGRAMACIÓN DE NOBE,18WNOBEC01-123-U,Comercializadores mercado libre,Compra,España,SZR,Comercializadores,NOBE,"7,0"
NOBLCP3,CONS ACCT,CONSUMPTION ACCOUNT,18WNOBLCP3-123-5,Exportación Francia,Compra,Francia-España,SZR,Comercializador internacional,NOBLE,"100,0"
NOBLVP3,PROD ACCT,PRODUCTION ACCOUNT,18WNOBLVP3-123-J,Importación Francia,Venta,Francia-España,SZR,Comercializador internacional,NOBLE,"100,0"
NOCTC01,NOCTILUCA,NOCTILUCA ENERGIA SL,18W000000000SYEP,Comercializadores mercado libre,Compra,España,SZR,Comercializadores,NOCTI,"1,0"
NOREC01,NOREC01,UNIDAD NORTELECTRICA,18W0000000008BQ2,Comercializadores mercado libre,Compra,España,SZR,Comercializadores,NORE,"1,0"
NORTC01,NORTC01 CO,ELECTRA NORTE 1997 S.A.,18WNORTC01-12-26,Comercializadores mercado libre,Compra,España,SZR,Comercializadores,NORT,"0,0"
NORVENT,PE NORVENT,PE NORVENTO,18W000000000UNJ3,Eólica terrestre,Venta,España,WM1 ,Generación,WMARK,"65,7"
NOSAC01,NOSAC01,NOSA ENERXIA SCP,18WNOSAC01-123-V,Comercializadores mercado libre,Compra,España,SZR,Comercializadores,NOSA,"0,1"
NUFRR01,NUFRI SRAD,NUFRI SRAD,18W000000000S80K,Consumos directos en mercado,Compra,España,SZR,Consum. directos a mercado,ENUFR,"0,0"
NUKIC01,NUKIK COM,NUKIK COM,18W000000000T7ES,Comercializadores mercado libre,Compra,España,SZR,Comercializadores,NUKIK,"0,1"
NUMCC01,NUMCC01,NUMCC01,18W000000000VBUD,Comercializadores mercado libre,Compra,España,SZR,Comercializadores,NUMI,"0,1"
NVLUC01,NVLUC01,NOVALUUP,18W000000000GSQU,Comercializadores mercado libre,Compra,España,SZR,Comercializadores,NVLZE,"0,0"
NWENC01,NWENC01,NWENC01,18W000000000R6KR,Comercializadores mercado libre,Compra,España,SZR,Comercializadores,NORDW,"1,0"
NYCLC01,NYCLC01,NATURGY CLIENTES COMPRA PE,18W000000000MXYC,Comercializadores mercado libre,Compra,España,SZR,Comercializadores,NYCLI,"2.000,0"
OCYC01,OCYC01,COMPRA COMERCIALIZADORA,18W000000000UZYB,Comercializadores mercado libre,Compra,España,SZR,Comercializadores,OCYE,"1,0"
ODARC01,ODARA,ODARA RENOVABLES,18W000000000UHJL,Comercializadores mercado libre,Compra,España,SZR,Comercializadores,ODARA,"1,0"
ODELC01,ODELL,ODELL ENERG COMPRA,18W000000000TQI0,Comercializadores mercado libre,Compra,España,SZR,Comercializadores,ODELL,"5,0"
ODFC01,ODFC01,ODFC01,18WODFC01-1234-U,Comercializadores mercado libre,Compra,España,SZR,Comercializadores,ODF,"20,0"
OESTC01,RONDAOESTE,"RONDA OESTE ENERGÍA, S.L.",18WOESTC01-123-M,Comercializadores mercado libre,Compra,España,SZR,Comercializadores,OESTE,"1,2"
OHMIC01,UP OHMIO,UNIDAD BASE DE PROGRAMACIN OHMIO,18W0000000005CIR,Comercializadores mercado libre,Compra,España,SZR,Comercializadores,OHMIA,"1,0"
OKENC01,OKENE,OK ENERGIA,18W000000000IXGR,Comercializadores mercado libre,Compra,España,SZR,Comercializadores,OKENE,"1,0"
OLEC01,OLE,OLR GREEN ENERGY,18WOLEC01-1234-J,Comercializadores mercado libre,Compra,España,SZR,Comercializadores,OLE,"0,2"
OLIVC01,OLIVIA 01,OLIVIA C01,18W000000000C5IK,Comercializadores mercado libre,Compra,España,SZR,Comercializadores,OLIVC,"0,1"
OLIVE23,OLIVEN23,OLIVENZA23,18W000000000RB47,Solar fotovoltaica,Venta,España,SZR,Generación,ADXRE,"5,0"
OLIVE24,OLIVEN24,OLIVENZA24,18W000000000RBIG,Solar fotovoltaica,Venta,España,SZR,Generación,ADXRE,"5,0"
OLLEC01,OLLER,FRANCISCO OLLER SA,18W000000000CXBO,Consumos directos en mercado,Compra,España,SZR,Consum. directos a mercado,OLLER,"1,5"
OLVEN22,OLIVEN22,OLIVENZA22,18W000000000RBJE,Solar fotovoltaica,Venta,España,SZR,Generación,ADXRE,"5,0"
OMHEC01,OMHEY,OMHEY,18W000000000K1I0,Comercializadores mercado libre,Compra,España,SZR,Comercializadores,OHMEY,"1,0"
ONDC01,ONDARE,ONDARE UNIVERSIDAD,18W000000000SPDH,Consumos directos en mercado,Compra,España,SZR,Consum. directos a mercado,ONDAR,"0,8"
ONDEC01,ONDEM,ON DEMAND FACILITIES,18WONDEMAND----3,Comercializadores mercado libre,Compra,España,SZR,Comercializadores,ONDEM,"40,0"
ONEACH,ONEC   MAR,ONE - AGENT EXTERNE - COMPRA,18WONEACH-123-46,Exportación Marruecos,Compra,Marruecos-España,SZR,Comercializador internacional,ONE,"0,0"
ONEVEN,ONEV   MAR,ONE - AGENT EXTERNE - VENTA,18WONEVEN-123-3S,Importación Marruecos,Venta,Marruecos-España,SZR,Comercializador internacional,ONE,"0,0"
ONSEC01,ONS,ONSE,18W000000000CSZS,Consumos directos en mercado,Compra,España,SZR,Consum. directos a mercado,ONS,"1,6"
OOPPC01,OLIVA,OLIVES,18W000000000M1ML,Consumos directos en mercado,Compra,España,SZR,Consum. directos a mercado,OLIVA,"0,3"
OPPIC01,OPPIDUM,OPPIDUM ENERGIA,18WOPPIC01-123-X,Comercializadores mercado libre,Compra,España,SZR,Comercializadores,OPPI,"2,5"
ORWEC01,COMER,COMERCIALIZACION 1,18W000000000AVYT,Comercializadores mercado libre,Compra,España,SZR,Comercializadores,ORWEL,"0,1"
OURGC01,OURGC01,OUR ENERGY,18W000000000TBGC,Comercializadores mercado libre,Compra,España,SZR,Comercializadores,OURGR,"1,0"
PALOS1,PALOS1,CICLO COMBINADO DE PALOS DE LA FRONTERA GRUPO1,18WPALOS1-123-0Z,Ciclo Combinado,Venta,España,NTG ,Generación,GNCC,"386,7"
PALOS2,PALOS2,CICLO COMBINADO DE PALOS DE LA FRONTERA GRUPO2,18WPALOS2-123-0R,Ciclo Combinado,Venta,España,NTG ,Generación,GNCC,"389,1"
PALOS3,PALOS3,CICLO COMBINADO DE PALOS DE LA FRONTERA GRUPO3,18WPALOS3-123-0J,Ciclo Combinado,Venta,España,NTG ,Generación,GNCC,"391,0"
PANDC01,PANDC01,PANDOC01,18W000000000SXYP,Comercializadores mercado libre,Compra,España,SZR,Comercializadores,PANDO,"0,0"
PAVASFT,PAVASFT,PAVASFT,18W000000000QTBH,Solar fotovoltaica,Venta,España,SZR,Generación,DETIC,"2,1"
PBCN1,PBCN1,C.C PUERTO DE BARCELONA GRUPO 1,18WPBCN1-12345-D,Ciclo Combinado,Venta,España,NTG ,Generación,GNCC,"434,8"
PBCN2,PBCN2,C.C. PUERTO DE BARCELONA GRUPO 2,18WPBCN2-12345-4,Ciclo Combinado,Venta,España,NTG ,Generación,GNCC,"431,4"
PECAST,PECAST,PECAST,18W000000000R5NO,Eólica terrestre,Venta,España,SZR,Generación,GNRA,"26,7"
PEJUBER,PE JUBERA,PE JUBERA,18W000000000TL46,Eólica terrestre,Venta,España,SZR,Generación,WMARK,"63,8"
PEMONDI,PE MONDIGO,PE MONDIGO,18W000000000TL54,Eólica terrestre,Venta,España,WM1 ,Generación,WMARK,"45,0"
PENAS3,UP PENAS3,UP PENAS3,18W000000000ST5L,Solar fotovoltaica,Venta,España,SZR,Generación,ISMSL,"0,9"
PENAV,PENAV,PENAV,18W000000000MK08,Eólica terrestre,Venta,España,SZR,Generación,GNRA,"41,5"
PEONEDA,PE NEDA,PE NEDA,18W000000000UKZH,Eólica terrestre,Venta,España,WM1 ,Generación,WMARK,"34,6"
PEPCUER,PEPCUERVO,PEPCUERVO,18W000000000TED9,Eólica terrestre,Venta,España,SZR,Generación,WMARK,"16,0"
PESASD1,PE SASDONI,PE SASDONIGAS 1,18W000000000UL0A,Eólica terrestre,Venta,España,WM1 ,Generación,WMARK,"18,0"
PESASD2,PE SASDO 2,PE SASDONIGAS 2,18W000000000UL18,Eólica terrestre,Venta,España,WM1 ,Generación,WMARK,"9,9"
PESOTIL,PESOTIL,PE SOTILLO-VM,18W000000000FPCY,Eólica terrestre,Venta,España,EVM2 ,Generación,CEG,"15,0"
PETABLA,PETABLA,PE TABLARES,18W000000000FPDW,Eólica terrestre,Venta,España,EVM2 ,Generación,CEG,"11,9"
PETRC01,PETRC01,"PETRONIEVES ENERGIA 1, S.L.",18WPETRC01-123-I,Comercializadores mercado libre,Compra,España,SZR,Comercializadores,PESL,"2,5"
PEVALB,PEVALB,PEVALB,18W000000000R5OM,Eólica terrestre,Venta,España,SZR,Generación,GNRA,"30,4"
PEVER,PEVER,PEVER,18W000000000QDFK,Eólica terrestre,Venta,España,SZR,Generación,GNRA,"182,3"
PEVER2,PEVER2,PEVER2,18W000000000T0I4,Eólica terrestre,Venta,España,SZR,Generación,GNRA,"29,8"
PGOM,PGOM,PGOM,18WPGOM-123456-U,Hidráulica UGH,Venta,España,SZR,Generación,WMARK,"0,3"
PGR5,P.G.RODR 5,CC AS PONTES GARCIA RODRIGUEZ - GRUPO 5,18WPGR5-123456-J,Ciclo Combinado,Venta,España,END ,Generación,ENDG,"855,6"
PINDC01,UP PINDO,UP PINDO PENINSULA,18W000000000QA86,Comercializadores mercado libre,Compra,España,SZR,Comercializadores,PINDO,"10,0"
PINOSO,PINOSO UP,PINOSO UP,18W000000000T5R8,Solar fotovoltaica,Venta,España,SZR,Generación,ISMSL,"4,5"
PISUC01,PISUC01,PISUE UP,18W000000000RR5V,Comercializadores mercado libre,Compra,España,SZR,Comercializadores,PISUE,"1,0"
PIZR,PIZR,PIZR,18W000000000Q7U8,Solar fotovoltaica,Venta,España,GNRA01 ,Generación,GNRA,"36,0"
PLASC01,PLASPISA,INDUSTRIAS PLASTICAS DEL PISUERGA,18WPLASC01-123-M,Consumos directos en mercado,Compra,España,SZR,Consum. directos a mercado,PLAS,"0,9"
PLATC01,PLATA,MATADERO LA PLATA,18W0000000005HJA,Consumos directos en mercado,Compra,España,SZR,Consum. directos a mercado,PLATA,"0,6"
PLAZA1,FV PLAZA 1,FOTOVOLTAICA PLAZA1,18W000000000THC2,Solar fotovoltaica,Venta,España,ELE ,Generación,ELEIA,"21,0"
PLAZA2,PLAZA2 FV,PLAZA2 FOTOVOLTAICA,18W000000000THEZ,Solar fotovoltaica,Venta,España,ELE ,Generación,ELEIA,"15,0"
PLENFV1,PLENFV-1MW,PLENI-FV-1MW,18W000000000Q3QS,Solar fotovoltaica,Venta,España,SZR,Generación,ALDRO,"53,3"
PLIAC01,UP SIMPLIA,UP SIMPLIA,18W000000000S8HN,Comercializadores mercado libre,Compra,España,SZR,Comercializadores,SIMP,"0,1"
PLLANO,PLLANO,PUERTOLLANO,18W000000000RKWZ,Solar fotovoltaica,Venta,España,SZR,Generación,ADXRE,"2,2"
POLAC01,UP POLAR,UP PEN POLAR,18W000000000RUD6,Comercializadores mercado libre,Compra,España,SZR,Comercializadores,POLAR,"0,1"
PONCC01,PONTS COM,PONTS COMERCIALITZADORA MUNICIPAL DENERGIA ELECTRICA S.L.U,18W0000000005D4F,Comercializadores mercado libre,Compra,España,SZR,Comercializadores,PONTC,"0,7"
PONXC01,PONXC01,CONSUMO PONTEVEDRA,18WPONXC01-123-F,Consumos directos en mercado,Compra,España,SZR,Consum. directos a mercado,ENCEG,"30,0"
POSOC01,ES-POWERSO,POWER SOLAR TRADE SL,18W000000000R3XA,Comercializadores mercado libre,Compra,España,SZR,Comercializadores,POWED,"0,6"
POTEC01,POTENZIA ,POTENZIA COMERCIALZADORA SL,18W0000000000VYW,Comercializadores mercado libre,Compra,España,SZR,Comercializadores,POTEN,"0,5"
POWCP3,PM EXPORT,POWERMART EXPORT,18WPOWCP3-1234-C,Exportación Francia,Compra,Francia-España,SZR,Comercializador internacional,POWER,"300,0"
POWEC01,PM RET BUY,POWERMART RETAIL BUY,18W000000000GJKW,Comercializadores mercado libre,Compra,España,SZR,Comercializadores,POWER,"100,0"
POWRC01,POWEC01,POWEC01,18W000000000S17R,Comercializadores mercado libre,Compra,España,SZR,Comercializadores,POWEE,"10,0"
POWVP3,POWERMART,POWERMART APS,18WPOWVP3-1234-7,Importación Francia,Venta,Francia-España,SZR,Comercializador internacional,POWER,"300,0"
POZOC01,POZO,ELECTRICA DEL POZO,18WPOZOC01-123-A,Comercializadores mercado libre,Compra,España,SZR,Comercializadores,POZO,"1,5"
PRADC01,COPRADO,COPRADO,18W0000000001OUK,Consumos directos en mercado,Compra,España,SZR,Consum. directos a mercado,PRADO,"1,7"
PRAEC01,PRAETIUM,PRAETIUM ENERGY,18W000000000T8HJ,Comercializadores mercado libre,Compra,España,SZR,Comercializadores,PRAET,"0,1"
PREAL1,PREAL01,PUERTO REAL,18W000000000QZQ6,Solar fotovoltaica,Venta,España,SZR,Generación,ADXRE,"110,0"
PROSC01,PROSOL COM,PROSOL COMPRA,18W000000000LH69,Comercializadores mercado libre,Compra,España,SZR,Comercializadores,PROSA,"25,0"
PROTC01,PROT,PROT ENERGIA COMERCIALIZACION,18WPROTC01-123-8,Comercializadores mercado libre,Compra,España,SZR,Comercializadores,PROTC,"0,8"
PRVLC01,PRVLC01,PRVLC01,18W000000000UDLT,Comercializadores mercado libre,Compra,España,SZR,Comercializadores,PRIMV,"0,1"
PSFREGE,PSFREGE,ERG SOLAR FREGENAL DE LA SIERRA,18W000000000RKHS,Solar fotovoltaica,Venta,España,WM1 ,Generación,WMARK,"22,8"
PTENC01,UP PTEN,UP PARATIENERGIA,18W000000000N9NS,Comercializadores mercado libre,Compra,España,SZR,Comercializadores,PTENG,"0,1"
PUERTOB,PUERTO B,PUERTO BLANCO,18W000000000OIBL,Derivados del petróleo ó carbón,Venta,España,SZR,Generación,LMER,"0,8"
PUIC01,TEXTILPUIG,TEXTIL PUIG UBACH,18W000000000MBX6,Consumos directos en mercado,Compra,España,SZR,Consum. directos a mercado,TEXTB,"0,7"
PULSC01,PULSAR,PULSAR SERVICIOS ENERGETICOS,18WPULSC01-123-F,Comercializadores mercado libre,Compra,España,SZR,Comercializadores,PULSA,"0,1"
PVENT1,PVENT1,PLANA DEL VENT1,18WPVENT1--1234A,Ciclo Combinado,Venta,España,SZR,Generación,GNCC,"420,1"
PVENT2,PVENT2,PLANA DEL VENT2,18WPVENT2--12342,Ciclo Combinado,Venta,España,ALP ,Generación,HISPE,"414,0"
PVENT2X,PVENT2X,PLANA DEL VENT2 AUTOCONSUMOS,18WPVENT2X-123-X,Consumo de Servicios Auxiliares,Compra,España,SZR,Servicios auxiliares,HISPE,"15,0"
PVVIDAL,PVVIDAL,PVVIDAL,18W000000000PGYE,Solar fotovoltaica,Venta,España,SZR,Generación,TSRDE,"2,4"
PZCP,PZCP,PZCP,18WPZCP-123456-F,Hidráulica UGH,Venta,España,SZR,Generación,VIEG,"0,1"
QENEC01,QUASAR,QUASAR ENERGIA,18W0000000008EL3,Comercializadores mercado libre,Compra,España,SZR,Comercializadores,QENER,"0,1"
QUALC01,QUALC01,QUANTUM COMERCIALIZADORA PENINSULA,18W000000000NTM7,Comercializadores mercado libre,Compra,España,SZR,Comercializadores,QUANA,"1,0"
QUATC01,QUANTC01,QUANTICA COMERCIALIZADORA,18W000000000OQLE,Comercializadores mercado libre,Compra,España,SZR,Comercializadores,QUANT,"1,0"
RABANIL,RABANIL,UP ALBANILLA,18WRABANIL-123-P,Biogás,Venta,España,SZR,Generación,GNRA,"2,0"
RABIDA2,RABIDA2,REFINERIA LA RABIDA UNIDAD DE COGENERACION II,18WRABIDA2-12--M,Gas Natural Cogeneración,Venta,España,SZR,Generación,CEPSA,"49,4"
RAFAP,RAFAP,18WRAFAP-12345-S,18WRAFAP-12345-S,Biomasa,Venta,España,SZR,Generación,EGLE,"7,8"
RALBAD,RALBAD,RESIDUOS BABCOCK-TECMED,18W0000000004YMV,Biogás,Venta,España,SZR,Generación,CEG,"6,2"
RALDENG,RALDENG,ALDEBARAN ENERGIA DEL GUADALQUIVIR,18W000000000SG0X,Biomasa,Venta,España,SZR,Generación,PULSA,"6,0"
RARTIGA,RARTIGA,RARTIGA,18W000000000T1UE,Biogás,Venta,España,SZR,Generación,CEG,"1,4"
RAUDAX,AUDTR,AUDAX  TER REN,18WRAUDAX-1234-O,Biogás,Venta,España,SZR,Generación,ADXRE,"2,4"
RAUN,RAUN,UP C.H. AMERAUN,18WRAUN-123456-0,Hidráulica no UGH,Venta,España,SZR,Generación,GNRA,"1,5"
RBCESPA,RBCESPA,UP CESPA,18WRBCESPA-123-C,Biogás,Venta,España,SZR,Generación,GNRA,"3,1"
RBIOALM,RBIOALM,RBIOALM,18W000000000UZL0,Biogás,Venta,España,SZR,Generación,AME,"3,0"
RBIOCAN,RBIOCAN,RBIOCAN,18WRBIOCAN-123-J,Biomasa,Venta,España,EVM ,Generación,CEG,"10,0"
RBIOLSI,RBIOLSI,"BIOELÉCTRICA DE LINARES, S.L.",18WRBIOLSI-123-E,Biomasa,Venta,España,SZR,Generación,GNRA,"15,0"
RBIORAY,RBIORAY,UP BIOELECTRICA DE GARAY,18W000000000S74F,Biomasa,Venta,España,AXC ,Generación,EGLE,"17,0"
RBIORE,UP BIORE,UP BIORECICLAJE DE CADIZ,18W000000000SIC3,Biogás,Venta,España,SZR,Generación,GEMSL,"1,2"
RBIOSAN,RBIOSAN,18WRBIOSAN-12-1V,18WRBIOSAN-12-1V,Biomasa,Venta,España,ENCE ,Generación,SANTG,"14,3"
RBIPU,BBIPUGE,BIPUGE,18WRBIPU-12345-A,Biomasa,Venta,España,SZR,Generación,GNRA,"9,8"
RBOTARE,BOTARELL,PLANTA MECANIC-BILOGICA DE BOTARELL,18WRBOTARE-123-X,Biogás,Venta,España,SZR,Generación,BOTAR,"1,2"
RCAMPEL,RCAMPEL,UP EL CAMPELLO,18WRCAMPEL-123-H,Biogás,Venta,España,SZR,Generación,GNRA,"1,4"
RCEASA,RCEASA,CENERE1,18WRCEASA-123-1H,Biomasa,Venta,España,ENCE ,Generación,CEASA,"36,6"
RCENER,RCENER,CENERE1,18WRCENER-123-1P,Biomasa,Venta,España,ENCE ,Generación,CENER,"40,9"
RCESPA,RCESPA,18WRCESPA-1234-1,18WRCESPA-1234-1,Biogás,Venta,España,SZR,Generación,EGLE,"3,4"
RCESRE,RCESRE,18WRCESRE-1234-P,18WRCESRE-1234-P,Biogás,Venta,España,SZR,Generación,EGLE,"4,5"
RCMOVA,RCMOVA,RESIDUOS MOVIALSA>10,18WRCMOVA-1234-A,Biomasa,Venta,España,SZR,Generación,EENER,"11,9"
RCOGBIO,RCOGBIO,18WRCOGBIO-123-X,18WRCOGBIO-123-X,Biogás,Venta,España,SZR,Generación,EGLE,"7,5"
RCOGENA,RCOGENA,COGENERACION NAVIA CGCEASA,18WRCOGENA-123-R,Residuos varios,Venta,España,ENCE ,Generación,CEASA,"40,3"
RCOGRVO,RCOGRVO,UP RESIDUOS RESIDVO,18W000000000TJUY,Biogás,Venta,España,SZR,Generación,NEXU,"1,2"
RCONC01,RCONSULT,RENOVAE ENERGY,18W000000000IWA5,Comercializadores mercado libre,Compra,España,SZR,Comercializadores,RCONS,"2,0"
RCOPAMP,RCOPAMP,R-B7 COM. PAMPLONA,18WRCOPAMP-123-O,Biogás,Venta,España,SZR,Generación,CEG,"4,5"
RCUBILL,RCUBILLOS,UP BIOMASA CUBILLOS,18W000000000H3J4,Biomasa,Venta,España,SZR,Generación,NEXU,"49,5"
RCULEBR,RCULEBR,UP EL CULEBRETE,18WRCULEBR-12--B,Biogás,Venta,España,SZR,Generación,GNRA,"1,4"
RCURTIS,RCURTIS,UP BIOMASA CURTIS,18W000000000PI10,Biomasa,Venta,España,SZR,Generación,NEXU,"49,9"
RDAKIN,RDAKIN,18W000000000K74A,18W000000000K74A,Residuos domésticos y similares,Venta,España,SZR,Generación,EGLE,"25,5"
RDGAC01,RDGAC01,COMERCIALIZADORA,18W000000000SD21,Comercializadores mercado libre,Compra,España,SZR,Comercializadores,RDGCO,"0,0"
RDQ1,RDQ1,RINCON DEL DUQUE 1,18WRDQ1-123456-6,Hidráulica UGH,Venta,España,SZR,Generación,BARER,"0,1"
RDQ2,RDQ2,RINCON DEL DUQUE 2,18WRDQ2-123456-X,Hidráulica UGH,Venta,España,SZR,Generación,BARER,"0,1"
RECARRE,CARRE,CARRE UP,18W000000000SRTG,Eólica terrestre,Venta,España,SZR,Generación,RENSP,"10,0"
RECMED,RECMED,BIOGAS ECOPARC,18WRECMED-1234-N,Biogás,Venta,España,SZR,Generación,CEG,"4,2"
RECOBAR,RECOBAR,UP ECOPARC BARCELONA,18W000000000RA4A,Biogás,Venta,España,SZR,Generación,EGLE,"5,2"
RECOC01,EMECE,EMECE ENERGIA COMERCIALIZADORA,18WRECON-UP-COMR,Comercializadores mercado libre,Compra,España,SZR,Comercializadores,RECON,"2,0"
REEM20,REEM20,ENCE ENERGIA EXTREMADURA,18WREEM20-1234-S,Biomasa,Venta,España,ENCE ,Generación,ENCEG,"20,0"
REGBRE,REGBRE,UP BIOMASA EGABRENSE,18W000000000P2JC,Biomasa,Venta,España,EBC ,Generación,COGEN,"8,0"
REGPE3,REGPE3,REGPE3 ZR,18W0000000004P7E,Biogás,Venta,España,SZR,Generación,ECYR,"0,4"
RELUC01,UP_RELUZCA,U PROGRAMACION RELUZCA,18W000000000JY39,Comercializadores mercado libre,Compra,España,SZR,Comercializadores,RELUZ,"2,0"
REMIC01,REMIC01,REMIC01,18W000000000369Y,Comercializadores mercado libre,Compra,España,SZR,Comercializadores,REMIC,"0,9"
RENCE,RENCE,VENTA G ENCE A MERCADO,18WRENCE-12345-8,Biomasa,Venta,España,SZR,Generación,ENCEG,"34,5"
RENMAN,RENMAN,18W00000000029QW,18W00000000029QW,Biomasa,Venta,España,ENCE ,Generación,ENCEG,"16,0"
RENUC01,RENUC01,RENU ENERGY,18W000000000RZ3B,Comercializadores mercado libre,Compra,España,SZR,Comercializadores,RENUE,"0,0"
REPC01,REPC01,REPC01,18W000000000EZNN,Consumos directos en mercado,Compra,España,SZR,Consum. directos a mercado,REPSB,"18,5"
REPEC01,REPEC01,REPSOL PETROLEO,18W000000000672X,Consumos directos en mercado,Compra,España,SZR,Consum. directos a mercado,REPP,"295,9"
REPFOTV,REPFOTV,REPFOTV,18W000000000AYRY,Solar fotovoltaica,Venta,España,SZR,Generación,INER1,"1,0"
REPPLL,REPPLL,REPSOL PETROLEO PUERTOLLANO,18WREPPLL-123-0W,Derivados del petróleo ó carbón,Venta,España,SZR,Generación,REPP,"84,0"
REPR,REPR,REPRIMALA,18WREPR-123456-4,Hidráulica UGH,Venta,España,SZR,Generación,BARER,"0,3"
REPRC01,REPRC01,REPRC01,18W000000000C9EG,Consumos directos en mercado,Compra,España,SZR,Consum. directos a mercado,REPP,"86,0"
REROQUE,CABEZO,CABEZO UP,18W000000000SRUE,Eólica terrestre,Venta,España,SZR,Generación,RENSP,"23,2"
RESIAME,RESIAME,RESIAME,18WRESIAME-123-T,Residuos domésticos y similares,Venta,España,SZR,Generación,AME,"2,0"
RESOLAR,SOLARPLANT,SOLAR PLANT PORTFOLIO 1,18W000000000S4C8,Solar fotovoltaica,Venta,España,SZR,Generación,RENSP,"44,5"
RESSEC,RESSEC,RESSEC UP,18W00000000032B5,Hidráulica UGH,Venta,España,SZR,Generación,AMADR,"0,2"
REUSC01,REUSC01,REUSC01,18W000000000M1D2,Comercializadores mercado libre,Compra,España,SZR,Comercializadores,REUSS,"0,4"
REXTRA,REXTRA,EXTRAGOL R,18W000000000O2WR,Biomasa,Venta,España,EBC ,Generación,COGEN,"9,1"
REYSC01,REYSC01,REYSC01,18WREYSC01-123-1,Comercializadores mercado libre,Compra,España,SZR,Comercializadores,REYSE,"0,1"
RFBILOG,UP BILOGR,UP BIO EXTREMADURA 1,18W000000000T6CZ,Biomasa,Venta,España,SZR,Generación,EGED,"49,9"
RFDETIC,RFDETIC,UPROG TERMICA RENOVABLE,18WRFDETIC-123-N,Biomasa,Venta,España,SZR,Generación,DETIC,"1,2"
RFEGED,RFEGED,BIO TARIFA,18WRFEGED-1234-C,Biomasa,Venta,España,SZR,Generación,EGED,"61,2"
RFNEXU,RFNEXU,UP RESIDUOS MAYOR DE 1MW,18WRFNEXU-1234-X,Biogás,Venta,España,SZR,Generación,NEXU,"1,3"
RFUENP,RFUENP,UP NEOE SC BIOASA FDP,18W000000000RB71,Biomasa,Venta,España,SZR,Generación,EGLE,"8,0"
RFVALDE,RFVALDE,RFVALDE,18WRFVALDE-123-0,Biogás,Venta,España,SZR,Generación,DETIC,"18,9"
RGAME,RGAME,RGAME,18WRGAME-12345-R,Biogás,Venta,España,SZR,Generación,AME,"6,1"
RGECASA,RGECASA,RGECASA,18W000000000QRRS,Biomasa,Venta,España,SZR,Generación,CEG,"1,6"
RGEDES,RGEDES,18WRGEDES-1234-L,18WRGEDES-1234-L,Biogás,Venta,España,SZR,Generación,EGLE,"15,5"
RIDAGST,BIOM IDA,BIOMASA IDA,18W0000000005CKN,Biomasa,Venta,España,SZR,Generación,GESTE,"2,2"
RINUSA,RINUSA,BIOGAS INUSA,18W0000000004WGC,Biogás,Venta,España,SZR,Generación,CEG,"2,1"
RIOANTI,RIOANTI,ELCTRICA RO ANTIGUO,18W000000000QVLS,Hidráulica no UGH,Venta,España,SZR,Generación,LMER,"4,0"
RISLON,RISLON,ISLONIAS R,18W000000000L9AP,Biomasa,Venta,España,SZR,Generación,GEMSL,"1,9"
RIVAC01,RIVAS UP,RIVAS UPROGRAMACION,18W00000000066I4,Consumos directos en mercado,Compra,España,SZR,Consum. directos a mercado,RIVAS,"1.411,2"
RIVAV01,UP RIVAV01,UP RIVAVACIAMADRID VENTA,18W000000000HPIE,Solar fotovoltaica,Venta,España,SZR,Generación,RIVAS,"0,4"
RLALOM,RLALOM,18WRLALOM-1234-V,18WRLALOM-1234-V,Biomasa,Venta,España,ENCE ,Generación,ENCEG,"16,0"
RMARINA,RMARINA,UP LA MARINA,18WRMARINA-123-Q,Biomasa,Venta,España,SZR,Generación,GNRA,"1,9"
RMERU,RMERU,RMERU,18W000000000T1VC,Biogás,Venta,España,SZR,Generación,CEG,"2,8"
RMNEXU,RMENXU,UP BIOMASA,18W0000000005AAC,Biomasa,Venta,España,SZR,Generación,NEXU,"0,2"
RMSVGA,RMSVGA,18WRMSVGA-1234-0,18WRMSVGA-1234-0,Biogás,Venta,España,SZR,Generación,EGLE,"1,4"
RMU1,RMU1,RIO MUERTO,18WRMU1-123456-2,Hidráulica UGH,Venta,España,SZR,Generación,BARER,"0,1"
RNAVARA,RNAVARA,UO LA MARINA,18WRNAVARA-123-E,Biogás,Venta,España,SZR,Generación,GNRA,"5,7"
RNSAC01,REGANOSA,UP REGANOSA,18W000000000SJYU,Consumos directos en mercado,Compra,España,SZR,Consum. directos a mercado,GEMSL,"13,1"
ROFEC01,ROFEC01,"ROFEICA ENERGIA, S.L.",18WROFEC01-123-8,Comercializadores mercado libre,Compra,España,SZR,Comercializadores,ROFEN,"1,5"
ROFENV1,ROFEICA,ROFEICA ENERGIA SA,18WROFENV1-123-V,Derivados del petróleo ó carbón,Venta,España,SZR,Generación,ROFEN,"9,1"
ROFENV2,ROFENV2,GAROFEICA SA,18W0000000006FEM,Gas Natural Cogeneración,Venta,España,SZR,Generación,ROFEN,"6,0"
ROLEIC,ROLEIC,18WROLEIC-1234-4,18WROLEIC-1234-4,Biomasa,Venta,España,SZR,Generación,EGLE,"42,9"
RONDC01,RONDA,SERRANIA DE RONDA,18WRONDC01-123-4,Comercializadores mercado libre,Compra,España,SZR,Comercializadores,RONDA,"4,0"
ROTOC01,ROTOR,ROTOR PRINT,18W000000000UA22,Consumos directos en mercado,Compra,España,SZR,Consum. directos a mercado,ROTOR,"1,0"
RPAME,RPAME,RPAME,18WRPAME-12345-U,Biogás,Venta,España,SZR,Generación,AME,"3,0"
RPCABAN,RPCABANM,RPCABANME,18WRPCABAN-123-T,Biogás,Venta,España,SZR,Generación,LMER,"0,3"
RPEEXXI,RPEEXXI,"ENDESA CUR  ( TERMICA RENOVABLE, PRUEBAS)",18WRPEEXXI-123-R,Biomasa,Venta,España,SZR,Generación,EEXXI,"0,7"
RPEONUR,RPEONUR,"E.ON CUR ( TERMICA RENOVABLE, PRUEBAS)",18WRPEONUR-123-F,Biomasa,Venta,España,SZR,Generación,EONUR,"0,0"
RPGUIZ,RPGUIZ,18WRPGUIZ-123--E,18WRPGUIZ-123--E,Residuos varios,Venta,España,SZR,Generación,EGLE,"20,0"
RPHCCUR,RPHCCUR,"HIDROCANTABRICO CUR ( TERMICA RENOVABLE, PRUEBAS)",18WRPHCCUR-123-G,Biomasa,Venta,España,SZR,Generación,HCCUR,"0,0"
RPIBCUR,RPIBCUR,"IBERDROLA CUR  ( TERMICA RENOVABLE, PRUEBAS)",18WRPIBCUR-123-F,Biomasa,Venta,España,SZR,Generación,IBCUR,"1,0"
RPINA,RPINA,UP PINA SA,18W000000000UB7Q,Biomasa,Venta,España,SZR,Generación,EGLE,"4,0"
RPREZO,RPREZO,UP PREZERO ESPAÑA,18W000000000TF9E,Biogás,Venta,España,SZR,Generación,EGLE,"1,0"
RPSQC01,RPSQC01,RPSQC01,18W000000000SMKC,Consumos directos en mercado,Compra,España,SZR,Consum. directos a mercado,REPQ,"615,0"
RPTRTAR,RPTRTAR,REPSOL PETROLEO TARRAGONA,18WRPTRTAR-12-0A,Gas Natural Cogeneración,Venta,España,SZR,Generación,REPP,"85,1"
RPUEBLA,RPUEBLA,ALCOHOL PUEBLA RESIDUOS,18WRPUEBLA-123-G,Biomasa,Venta,España,SZR,Generación,CEG,"2,0"
RQUINA,RQUINA,18WRQUINA-1234-Y,18WRQUINA-1234-Y,Residuos varios,Venta,España,SZR,Generación,EGLE,"3,9"
RRBIOCO,RTYLMER,TÉRMICA RENOVABLE,18WRRBIOCO-123-I,Biogás,Venta,España,SZR,Generación,LMER,"1,3"
RREBIOA,RREBIOA,RREBIOA,18WRREBIOA-123-0,Biogás,Venta,España,SZR,Generación,WMARK,"9,0"
RRENDIJ,RRENDIJ,UP RESIDUOS RENDIJA,18W000000000TJR3,Biogás,Venta,España,SZR,Generación,NEXU,"1,5"
RRUICES,RRUICES,UP RESIDUOS RUICES,18W000000000P3J9,Biogás,Venta,España,SZR,Generación,NEXU,"3,1"
RSAICA,RSAICA,18WRSAICA-1234-X,18WRSAICA-1234-X,Residuos varios,Venta,España,SZR,Generación,EGLE,"49,9"
RSMURFT,SMURFITREN,SMURFIT TERMICA RENOVABLE,18WRSMURFT-123-C,Residuos varios,Venta,España,SZR,Generación,SMURF,"21,4"
RSOGAM,RSOGAM,PARQUE DE GENERACION DE SOGAMA,18WRSOGAM-123-1H,Residuos domésticos y similares,Venta,España,SZR,Generación,WMARK,"50,0"
RSOGBI,RSOGBI,SOGAMA BIOGAS,18WRSOGBI-1234-T,Biogás,Venta,España,SZR,Generación,WMARK,"3,6"
RSPEC01,RSPEC01,RSPEC01,18W0000000000I5I,Comercializadores mercado libre,Compra,España,SZR,Comercializadores,RSPRE,"1,0"
RSPRC01,RSPRC01,RSPRC01,18WRSPRC01-123-G,Comercializadores mercado libre,Compra,España,SZR,Comercializadores,RSPRA,"0,2"
RTABLOS,RTABLOS,UP TABLEROS LOSAN,18W000000000UB9M,Biomasa,Venta,España,SZR,Generación,EGLE,"4,2"
RTFTPZB,TFTPZB,TARIFA>10 TPZARAGOZA BIOMASA,18WRTFTPZB-123-Y,Residuos varios,Venta,España,SZR,Generación,NEXU,"20,7"
RTIRCA,RTIRCA,18W0000000001V0M,18W0000000001V0M,Residuos domésticos y similares,Venta,España,SZR,Generación,TIRCA,"9,9"
RTIRMA,RTIRMA,18WRTIRMA-1234-C,18WRTIRMA-1234-C,Residuos domésticos y similares,Venta,España,SZR,Generación,EGLE,"29,8"
RUCBIO1,RUCBIO1,ENCE HUELVA CBIO1,18W0000000000RLX,Biomasa,Venta,España,SZR,Generación,ENCEG,"27,5"
RUCBIO2,RUCBIO2,ENCE ENERGIA HUELVA,18WRUCBIO2-123-5,Biomasa,Venta,España,ENCE ,Generación,ENCEG,"50,0"
RUCESP,RUCESP,UP UTE CESPA-CESPA GR,18W000000000TF7I,Biogás,Venta,España,SZR,Generación,EGLE,"1,0"
RURBA,RURBA,18W000000000KHIQ,18W000000000KHIQ,Biogás,Venta,España,SZR,Generación,EGLE,"4,2"
RURBAS,RURBAS,BIOGAS URBASER,18W0000000004WI8,Biogás,Venta,España,SZR,Generación,CEG,"2,5"
RURBZA,RURBZA,BIOGAS UTE EBRO,18W0000000004WHA,Biogás,Venta,España,SZR,Generación,EGLE,"5,4"
RVACARI,RVACARI,UP RESIDUOS VACARISSES,18W000000000TJQ5,Biogás,Venta,España,SZR,Generación,NEXU,"1,9"
RVERALC,RVERALC,UP RESIDUOS ALCALA,18W000000000TJS1,Biogás,Venta,España,SZR,Generación,NEXU,"2,3"
RVGARR,RVGARR,RE-3886    1,18W000000000RC52,Biogás,Venta,España,SZR,Generación,EGLE,"1,3"
RVGRECA,RVGRECA,RVGRECA,18WRVGRECA-123-D,Residuos varios,Venta,España,SZR,Generación,DETIC,"5,2"
RVJEREZ,RVJEREZ,UP RESIDUOS VERJERE,18W000000000SLP5,Biogás,Venta,España,SZR,Generación,NEXU,"2,5"
RVSEDAE,RVSEDAE,RVSEDAE,18WRVSEDAE-123-8,Residuos varios,Venta,España,SZR,Generación,SEDAE,"37,0"
RWESZN,RWESZN,RWESZN,18W000000000JIIR,Eólica terrestre,Venta,España,SZR,Generación,HISPE,"263,1"
RYCEG,RYCEG,"CEG (RENOVABLE,TARIFA,NO EXENTO)",18WRYCEG-1234--H,Biogás,Venta,España,SZR,Generación,CEG,"2,4"
RYEEXXI,RYEEXXI,"ENDESA CUR  ( TARIFA, TERMICA RENOVABLE, NO EXENTA)",18WRYEEXXI-123-U,Biomasa,Venta,España,SZR,Generación,EEXXI,"6,9"
RYEGLE,RYEGLE,"EGLE ( TARIFA, RENOVABLE, NO EXENTO)",18WRYEGLE-1234-9,Biogás,Venta,España,SZR,Generación,EGLE,"0,4"
RYEONUR,RYEONUR,"E.ON CUR ( TARIFA, TERMICA RENOVABLE, NO EXENTA)",18WRYEONUR-123-I,Biomasa,Venta,España,SZR,Generación,EONUR,"0,0"
RYGEMSL,RYGEMSL,TARIFA VENTA GEM RENOVABLE,18WRYGEMSL-123-F,Biogás,Venta,España,SZR,Generación,GEMSL,"2,1"
RYGENER,TÉRMI. REN,UNIDAD PROGRAMACIÓN TÉRMICA RENOVABLE,18WRYGENER-123-2,Biogás,Venta,España,SZR,Generación,ADXRE,"0,7"
RYGESTE,RYGESTE,RYGESTE,18WRYGESTE-123-2,Biogás,Venta,España,SZR,Generación,GESTE,"1,8"
RYGNRA,RYGNRA,"GNRA ( RENOVABLE,TARIFA,NO EXENTO )",18WRYGNRA-1234-6,Biogás,Venta,España,SZR,Generación,GNRA,"12,1"
RYGNSUR,RYGNSUR,"GAS NATURAL SUR SDG ( TARIFA, TERMICA RENOVABLE, NO EXENTA)",18WRYGNSUR-123-Z,Biomasa,Venta,España,SZR,Generación,GNSUR,"0,0"
RYHCCUR,RYHCCUR,"HIDROCANTABRICO CUR ( TARIFA, TERMICA RENOVABLE, NO EXENTA)",18WRYHCCUR-123-J,Biomasa,Venta,España,SZR,Generación,HCCUR,"0,0"
RYIBCUR,RYIBCUR,"IBERDROLA CUR  ( TARIFA, TERMICA RENOVABLE, NO EXENTA)",18WRYIBCUR-123-I,Biogás,Venta,España,SZR,Generación,IBCUR,"19,3"
RYNEXU,RYNEXU,NEXU(COGENERACION ALTA EFICIENCIA),18WRYNEXU-1234-R,Biogás,Venta,España,SZR,Generación,NEXU,"3,4"
RYTERSA,TERSABG,TERSA BIOGAS,18W0000000007AMH,Biogás,Venta,España,SZR,Generación,TERSA,"8,3"
RZABAL,RZABAL,VALORIZACION DE RESIDUOS DT-1,18W000000000L1LR,Residuos domésticos y similares,Venta,España,SZR,Generación,WMARK,"93,5"
SAFEC01,TODOS,SUSTAINING AIR FOR EVERYONE,18W000000000TKSZ,Comercializadores mercado libre,Compra,España,SZR,Comercializadores,SAFE,"0,6"
SAGU1,SAGU1,CC SAGUNTO GRUPO 1,18WSAGU1-123--0J,Ciclo Combinado,Venta,España,NTG ,Generación,GNCC,"409,7"
SAGU2,SAGU2,CC SAGUNTO GRUPO 2,18WSAGU2-123--0A,Ciclo Combinado,Venta,España,NTG ,Generación,GNCC,"411,8"
SAGU3,SAGU3,CC SAGUNTO GRUPO 3,18WSAGU3-123--01,Ciclo Combinado,Venta,España,NTG ,Generación,GNCC,"410,6"
SAHKC01,SAHKOA PEN,SAHKOA PEN,18W000000000S5JS,Comercializadores mercado libre,Compra,España,SZR,Comercializadores,SAHKO,"0,1"
SAHKR01,SAHKR01,SAHKR01,18W000000000TJYQ,Comercializadores mercado libre,Compra,España,SZR,Comercializadores,SAHKO,"6,0"
SAICA1,SAICA1,18WSAICA1-1234-2,18WSAICA1-1234-2,Gas Natural Cogeneración,Venta,España,SZR,Generación,EGLE,"49,3"
SAICA2,SAICA2,18WSAICA2-1234-V,18WSAICA2-1234-V,Gas Natural Cogeneración,Venta,España,SZR,Generación,EGLE,"46,9"
SAICA3,SAICA3,18WSAICA3-1234-N,18WSAICA3-1234-N,Gas Natural Cogeneración,Venta,España,SZR,Generación,EGLE,"46,5"
SAICA4,SAICA4,18WSAICA4-1234-F,18WSAICA4-1234-F,Gas Natural Cogeneración,Venta,España,SZR,Generación,EGLE,"46,5"
SAIMC01,IMPERIO,IMPERIO,18W000000000OYSD,Consumos directos en mercado,Compra,España,SZR,Consum. directos a mercado,SAIMP,"2,0"
SALPC01,SALAS_UP,ELECTRICA_SALAS_UP,18W00000000047ZC,Comercializadores mercado libre,Compra,España,SZR,Comercializadores,SALPA,"0,7"
SAMAC01,SAMAC01,SAMAC01,18W000000000RQOX,Comercializadores mercado libre,Compra,España,SZR,Comercializadores,SAMAR,"0,0"
SAMPC01,SAMPC01,SAMPOL COMERCIALIZADORA,18WSAMPC01-123-D,Comercializadores mercado libre,Compra,España,SZR,Comercializadores,SAMP,"2,0"
SAN1,SAN1,SANGUESA,18WSAN1-123456-P,Hidráulica UGH,Venta,España,SZR,Generación,BARER,"0,6"
SANDA2,SANDA2,18WSANDA2-1234-3,18WSANDA2-1234-3,Solar térmica,Venta,España,SZR,Generación,EGLE,"49,9"
SANDA3,SANDA3,18WSANDA3-1234-W,18WSANDA3-1234-W,Solar térmica,Venta,España,SZR,Generación,EGLE,"49,9"
SANDAS,SANDAS,18WSANDAS-1234-H,18WSANDAS-1234-H,Solar térmica,Venta,España,SZR,Generación,EGLE,"49,9"
SAPIC01,SAPIENS,SAPIENS UNIDAD COMPRA,18W000000000KZFF,Comercializadores mercado libre,Compra,España,SZR,Comercializadores,SAPIE,"0,1"
SARSOL,SARSOL,18WSARSOL-1234-C,18WSARSOL-1234-C,Solar térmica,Venta,España,SZR,Generación,EGLE,"49,9"
SASTE1A,SASTE1A,UP TERMOSOLAR ARIES 1,18W000000000SE02,Solar térmica,Venta,España,SZR,Generación,NEXU,"49,9"
SASTE1B,SASTE1B,UP TERMOSOLAR ARIES 2,18W000000000SE10,Solar térmica,Venta,España,SZR,Generación,NEXU,"49,9"
SASTEXO,SASTEXO,UP TERMOSOLAR DIOXIPE,18W000000000SE2Z,Solar térmica,Venta,España,SZR,Generación,NEXU,"49,9"
SATSC01,SATSP,SATSP,18W000000000HJZZ,Consumos directos en mercado,Compra,España,SZR,Consum. directos a mercado,SATSP,"1,5"
SBC01,SASKI,SASKI BASKONIA,18W000000000QAP9,Consumos directos en mercado,Compra,España,SZR,Consum. directos a mercado,SASKI,"0,9"
SBEU,SIL-BIB-EU,UGH. SIL-BIBEY-EUME,18WSBEU-12345-0Q,Hidráulica UGH,Venta,España,END ,Generación,ENDG,"625,9"
SBO3,SABON 3,CC SABON - GRUPO 3,18WSBO3-12345-01,Ciclo Combinado,Venta,España,NTG ,Generación,GNCC,"391,3"
SCAMP1,SF CAMPA1,SOLAR FOTOVOLTAICA CAMPANARIO 1,18W000000000LYZB,Solar fotovoltaica,Venta,España,IGR ,Generación,IGNIS,"41,8"
SCAMP2,CAMPANARI2,UP SF CAMPANARIO II,18W000000000MCQH,Solar fotovoltaica,Venta,España,IGR ,Generación,IGNIS,"41,8"
SCAMP3,UP CAMPA3,UP SF CAMPANARIO 3,18W000000000LZ04,Solar fotovoltaica,Venta,España,IGR ,Generación,IGNIS,"41,8"
SCAMP4,SCAMP4,UP SF ELAWAN CAMPANARIO 4,18W000000000N1GT,Solar fotovoltaica,Venta,España,IGR ,Generación,IGNIS,"41,8"
SCAMP5,CAMPA5,UP SF CAMPANARIO V,18W000000000MUKC,Solar fotovoltaica,Venta,España,IGR ,Generación,IGNIS,"41,8"
SCRUC01,CD ALUMINA,CONSUMIDOR DIRECTO ALUMINA,18WALCOASPREFUCO,Consumos directos en mercado,Compra,España,SZR,Consum. directos a mercado,ADXRE,"43,0"
SEDAC01,FAB B,FABRICA BORGES,18W000000000HHQM,Consumos directos en mercado,Compra,España,SZR,Consum. directos a mercado,SEDAT,"2,5"
SEDAR01,UNITEXS,UNITEX SRAD,18W000000000UZNX,Consumos directos en mercado,Compra,España,SZR,Consum. directos a mercado,SEDAT,"7,6"
SEELC01,SEELC01,COMERCIALIZADORA SHEEN,18W000000000RIJU,Comercializadores mercado libre,Compra,España,SZR,Comercializadores,SHEEN,"0,0"
SEIYC01,SEIYA,SEIYA ENERGIA SL,18W000000000V670,Comercializadores mercado libre,Compra,España,SZR,Comercializadores,SEIYA,"1,0"
SENEC01,SENEC01,SENEC01,18WSENEC01-123-R,Comercializadores mercado libre,Compra,España,SZR,Comercializadores,SENEO,"1,0"
SENFV1,SEFVMAJ1,SOMEN FV MAJOR 1MW,18W000000000S6GV,Solar fotovoltaica,Venta,España,SZR,Generación,SOMEN,"24,4"
SENORIO,SEÑORIOS,SEÑORIOS COGENERACION,18W000000000TQKX,Gas Natural Cogeneración,Venta,España,SZR,Generación,LMER,"2,0"
SERVC01,SERV PEN,SERV PEN,18W000000000QFGC,Comercializadores mercado libre,Compra,España,SZR,Comercializadores,SERVC,"1,0"
SESAC01,SHELL,"SHELL ESPAÑA, S.A.",18WSESAC01-12-2I,Comercializadores mercado libre,Compra,España,SZR,Comercializadores,SHELL,"0,0"
SESAHID,SESAHID,UP HIDRAULICA SHELL,18W00000000023YY,Hidráulica no UGH,Venta,España,SZR,Generación,SHELL,"13,9"
SESAR01,SESA SRAD,SESA SRAD,18W000000000S1SM,Comercializadores mercado libre,Compra,España,SZR,Comercializadores,SHELL,"18,0"
SESAUX,AUXILIAR,CONSUMO AUXILIAR,18W000000000PGFF,Consumo de Servicios Auxiliares,Compra,España,SZR,Servicios auxiliares,SHELL,"10,0"
SESAWIN,UP EOLICA,UP EOLICA,18W00000000051KJ,Eólica terrestre,Venta,España,SZR,Generación,SHELL,"10,8"
SESBIO4,ORGANOGAS,SESA BIOGAS4,18W00000000073VK,Biogás,Venta,España,SZR,Generación,SHELL,"10,4"
SESBIO5,CTGBIOGAS,SESABIOGAS5,18W00000000073WI,Biogás,Venta,España,SZR,Generación,SHELL,"3,1"
SESBIO7,BIOGAS ECO,BIOGAS ECOPARQUE,18W000000000ABFG,Biogás,Venta,España,SZR,Generación,SHELL,"3,1"
SESBIO9,GADOR,GADOR,18W000000000M78V,Biogás,Venta,España,SZR,Generación,SHELL,"2,0"
SESOL,SESOL,SESOL,18W000000000G1Q0,Solar fotovoltaica,Venta,España,SZR,Generación,GNRA,"1,6"
SESPV04,SESPV04,UNIDAD FOTOVOLTAICA 4,18W000000000GULY,Solar fotovoltaica,Venta,España,SZR,Generación,SHELL,"9,9"
SESPV05,OLIVARES,ENERPARC OLIVARES,18W000000000S1TK,Solar fotovoltaica,Venta,España,SZR,Generación,SHELL,"10,0"
SEXTC01,SES,SERVICIO EXTREMEÑO DE SALUD,18W000000000907W,Consumos directos en mercado,Compra,España,SZR,Consum. directos a mercado,SEXTS,"33,9"
SEZUELA,SEZUELA,UP SOLAR SERREZUELA,18W000000000LI82,Solar fotovoltaica,Venta,España,SZR,Generación,NEXU,"5,4"
SFA1,SFA1,SAN FAUSTO 1,18WSFA1-123456-Y,Hidráulica UGH,Venta,España,SZR,Generación,BARER,"0,7"
SFA2,SFA2,SAN FAUSTO 2,18WSFA2-123456-O,Hidráulica UGH,Venta,España,SZR,Generación,BARER,"1,7"
SFADCA1,SFADCA1,COOP. ELECT. SAN FCO DE ASIS,18WSFADCA1-123-E,Comercializadores mercado libre,Compra,España,SZR,Comercializadores,SFAD,"1,5"
SFECAB,EUROCAB,EUROCAB FV 1,18W000000000PZR8,Solar fotovoltaica,Venta,España,SZR,Generación,IGNIS,"5,3"
SFERA,FSFERA,UP SF FOTOSFERA,18W000000000N79P,Solar fotovoltaica,Venta,España,IGR ,Generación,IGNIS,"42,3"
SGCANO,GUADACANO,SF GUADACANO,18W000000000R4H2,Solar fotovoltaica,Venta,España,IGR ,Generación,IGNIS,"48,0"
SGTSMOR,SGTSMOR,PST MORON,18W000000000PYNJ,Solar térmica,Venta,España,SZR,Generación,EGLE,"49,9"
SHEECP3,SHEECP3,SHEEN EXPORTACIÓN DE ENERGÍA A FRANCIA (CON DERECHOS),18WSHEECP3--1--D,Exportación Francia,Compra,Francia-España,SZR,Comercializador internacional,SHEEN,"0,0"
SHEENX,AUXILIARES,CONSUMOS AUXILIARES,18W000000000PRJB,Consumo de Servicios Auxiliares,Compra,España,SZR,Servicios auxiliares,SHEEN,"10,0"
SHEEVP3,SHEEVP3,SHEEN IMPORTACIÓN DE ENERGÍA DESDE FRANCIA (CON DERECHOS),18WSHEEVP3-12--D,Importación Francia,Venta,Francia-España,SZR,Comercializador internacional,SHEEN,"500,0"
SHEPV01,SHEEN PV1,SHEEN PV1,18W000000000IJKO,Solar fotovoltaica,Venta,España,SZR,Generación,SHEEN,"35,0"
SHEPV02,SHEEN PV2,SHEEN PV2,18W000000000IJLM,Solar fotovoltaica,Venta,España,SZR,Generación,SHEEN,"35,0"
SHEPV03,SHEEN PV3,SHEEN PV3,18W000000000J1G8,Solar fotovoltaica,Venta,España,SZR,Generación,SHEEN,"150,0"
SHEPV04,SHEEN PV4,SHEEN PV4,18W000000000KLGI,Solar fotovoltaica,Venta,España,SZR,Generación,SHEEN,"47,4"
SHEPV05,SHEPV05,SHEEN PV5,18W000000000KLHG,Solar fotovoltaica,Venta,España,SZR,Generación,SHEEN,"36,0"
SHEPV06,SHEPV06,PV VIRGEN DEL CARMEN,18W000000000OB99,Solar fotovoltaica,Venta,España,SZR,Generación,SHEEN,"20,0"
SHEPV07,QUNI SPV,LAS QUINIENTAS SPV,18W000000000LSA5,Solar fotovoltaica,Venta,España,SZR,Generación,SHEEN,"90,7"
SHEPV08,SPV HUELVA,SPV HUELVA BRUC,18W000000000MGUY,Solar fotovoltaica,Venta,España,SZR,Generación,SHEEN,"40,9"
SHEPV09,TLLANO,PUERTOLLANO,18W000000000PS41,Solar fotovoltaica,Venta,España,ZRSHEEN ,Generación,SHEEN,"26,5"
SHEPV10,VILLAR,VILLAR,18W000000000PS7W,Solar fotovoltaica,Venta,España,ZRSHEEN ,Generación,SHEEN,"26,5"
SHEPV11,MERIDA,SAN SERVAN 2020,18W000000000PH05,Solar fotovoltaica,Venta,España,SZR,Generación,SHEEN,"43,2"
SHEPV12,FREYA,FREYA SOLAR,18W000000000PPAZ,Solar fotovoltaica,Venta,España,SZR,Generación,SHEEN,"40,8"
SHEPV13,DR III,DON RODRIGO III,18W000000000POYR,Solar fotovoltaica,Venta,España,SZR,Generación,SHEEN,"40,8"
SHEPV14,DR IV,DON ROGDRIGO IV,18W000000000POZP,Solar fotovoltaica,Venta,España,SZR,Generación,SHEEN,"42,8"
SHEPV15,DR V,DON RODRIGO V,18W000000000PP0I,Solar fotovoltaica,Venta,España,SZR,Generación,SHEEN,"42,8"
SHEPV16,BIANOR,BIANOR SOLAR,18W000000000PP1G,Solar fotovoltaica,Venta,España,SZR,Generación,SHEEN,"11,0"
SHEPV17,FUENTE1,FUENTE1,18W000000000PV4T,Solar fotovoltaica,Venta,España,ZRSHEEN ,Generación,SHEEN,"15,0"
SHEPV18,FUENTE2,FUENTE2,18W000000000PV6P,Solar fotovoltaica,Venta,España,ZRSHEEN ,Generación,SHEEN,"41,3"
SHEPV19,FUENTE3,FUENTE3,18W000000000PV7N,Solar fotovoltaica,Venta,España,ZRSHEEN ,Generación,SHEEN,"41,3"
SHEPV20,FUENTE4,FUENTE4,18W000000000PV8L,Solar fotovoltaica,Venta,España,ZRSHEEN ,Generación,SHEEN,"14,3"
SHEPV21,HINOJOSAS,HINOJOSAS,18W000000000QDYJ,Solar fotovoltaica,Venta,España,SZR,Generación,SHEEN,"35,0"
SHEPV22,THERMISTO,THERMISTO FV147,18W000000000Q0UT,Solar fotovoltaica,Venta,España,SZR,Generación,SHEEN,"40,0"
SHEPV23,TELESTO7,TELESTO7,18W000000000Q6AE,Solar fotovoltaica,Venta,España,SZR,Generación,SHEEN,"40,0"
SHEPV24,TETHYS,THETYS SOLAR FV144,18W000000000Q4AK,Solar fotovoltaica,Venta,España,SZR,Generación,SHEEN,"40,0"
SHEPV25,RHEA,TRILLO4,18W000000000Q0WP,Solar fotovoltaica,Venta,España,SZR,Generación,SHEEN,"40,0"
SHEPV26,TELESTO,TELESTO,18W000000000Q6CA,Solar fotovoltaica,Venta,España,SZR,Generación,SHEEN,"40,0"
SHEPV27,BIANOR SPV,BIANOR SPV,18W000000000QQIC,Solar fotovoltaica,Venta,España,SZR,Generación,SHEEN,"29,7"
SHEPV28,CANADA ALT,CANADA ALTA,18W000000000R7YX,Solar fotovoltaica,Venta,España,ZRSHEEN ,Generación,SHEEN,"43,4"
SHEPV29,JEREZ,JEREZ,18W000000000TF3Q,Solar fotovoltaica,Venta,España,SZR,Generación,SHEEN,"23,0"
SHEPV30,BENACAZON,BENACAZON,18W000000000T8P3,Solar fotovoltaica,Venta,España,SZR,Generación,SHEEN,"20,0"
SHEPV31,GAZULES,GAZULES,18W000000000U8EL,Solar fotovoltaica,Venta,España,SZR,Generación,SHEEN,"28,0"
SHEPV32,CASA VIEJA,CASA VIEJA,18W000000000SSPL,Eólica terrestre,Venta,España,SZR,Generación,SHEEN,"47,3"
SHEPV33,PEDREJONES,PE PEDREJONES,18W000000000T5PC,Eólica terrestre,Venta,España,SZR,Generación,SHEEN,"44,0"
SHEPV34,PE AIRAS,PE AIRAS,18W000000000SRKY,Eólica terrestre,Venta,España,SZR,Generación,SHEEN,"23,3"
SHERC01,SHERA,SHERA COMPRA,18W000000000TEVA,Comercializadores mercado libre,Compra,España,SZR,Comercializadores,ENEET,"5,0"
SHIRC01,SHIRYU,SHIRYU ENERGIA,18W000000000UHOB,Comercializadores mercado libre,Compra,España,SZR,Comercializadores,SHIRY,"1,0"
SIGMU,SOLARMULA,UP MULA 400MW,18W000000000F3DO,Solar fotovoltaica,Venta,España,AXPO ,Generación,EGLE,"392,8"
SIGNC01,SIGNO,SIGNO,18W000000000JX58,Comercializadores mercado libre,Compra,España,SZR,Comercializadores,SIGNO,"0,1"
SIL,SIL G,UGH. SIL GENERACION,18WSIL-123456-0G,Hidráulica UGH,Venta,España,IBEG ,Generación,IBEG,"1.556,6"
SILB,SIL B,UGH.B. SIL BOMBEO,18WSILB-12345-0I,Consumo bombeo,Compra,España,SZR,Consumo bombeo,IBEG,"412,0"
SILOC01,HSILOS,HOTEL SANTO DOMINGO DE SILOS,18W00000000086QH,Consumos directos en mercado,Compra,España,SZR,Consum. directos a mercado,SILOS,"0,1"
SIMPV01,SIMPV01,SIMPV01,18W000000000F2EP,Solar fotovoltaica,Venta,España,SZR,Generación,SIMPE,"0,7"
SISLA,FV LA ISLA,PFV LA ISLA,18W000000000R6OJ,Solar fotovoltaica,Venta,España,SZR,Generación,TOTGA,"4,2"
SKISSO,KISSORO,UP SF KISSORO,18W000000000N7BL,Solar fotovoltaica,Venta,España,IGR ,Generación,IGNIS,"42,3"
SLBYC01,SLBYC01,SLBYC01,18W000000000UO8M,Consumos directos en mercado,Compra,España,SZR,Consum. directos a mercado,SBYCO,"0,1"
SLCZC01,SLCZC01,SLCZC01,18W000000000TNI9,Comercializadores mercado libre,Compra,España,SZR,Comercializadores,SLCZN,"0,0"
SLOREC,SANLOREC,SAN LORENZO C,18W000000000U3LM,Eólica terrestre,Venta,España,SZR,Generación,RENSP,"28,1"
SLORED,SAN LORED,SAN LORENZO D,18W000000000U3NI,Eólica terrestre,Venta,España,SZR,Generación,RENSP,"33,7"
SLTB,SALLENT B,UGH.B. ESTANGENTO-SALLENTE BOMBEO,18WSLTB-12345-05,Consumo bombeo,Compra,España,SZR,Consumo bombeo,ENDG,"400,0"
SLTG,SALLENT G,UGH. ESTANGENTO -SALLENTE GENERACION,18WSLTG-12345-0T,Turbinación bombeo,Venta,España,END ,Generación,ENDG,"439,2"
SMARCP3,SMAR_C,SMARD_COMPRA,18W000000000SWEV,Exportación Francia,Compra,Francia-España,SZR,Comercializador internacional,SMARC,"10,0"
SMARVP3,SMARV,SMARD-VENTA,18W000000000SWFT,Importación Francia,Venta,Francia-España,SZR,Comercializador internacional,SMARC,"10,0"
SMASOL1,SMASOL1,MANCHASOL I,18W000000000FZB6,Solar térmica,Venta,España,SZR,Generación,ELEIA,"49,9"
SMGCP3,SMGCP3,SMG ENTREGA DE ENERGÍA EN FRANCIA (AGENTE EXTERNO),18WSMGCP3-123-4U,Exportación Francia,Compra,Francia-España,SZR,Comercializador internacional,SMG,"300,0"
SMGVP3,SMGVP3,SMG INCORPORACIÓN DE ENERGÍA DESDE FRANCIA (AGENTE EXTERNO),18WSMGVP3-123-3R,Importación Francia,Venta,Francia-España,SZR,Comercializador internacional,SMG,"300,0"
SMILANO,UP MILANO,UP FV MILANO SOLAR,18W000000000R4F6,Solar fotovoltaica,Venta,España,IGR ,Generación,IGNIS,"43,8"
SNARA,NARANJILLA,PSF LAS NARANJILLAS,18W000000000JDRO,Solar fotovoltaica,Venta,España,IGR ,Generación,IGNIS,"48,7"
SNIAC01,SNIACONS,SNIACECONSUMIDORDIRECTO,18WSNIAC01-123-E,Consumos directos en mercado,Compra,España,SZR,Consum. directos a mercado,SNIA,"4,5"
SNICOG,SNIACE COG,"SNIACE COGENERACION, S.A.",18WSNICOG-123-0K,Gas Natural Cogeneración,Venta,España,SZR,Generación,COGEN,"84,1"
SOL2,SOL2,EL SOLVENTE 2,18WSOL2-123456-H,Hidráulica UGH,Venta,España,SZR,Generación,BARER,"2,1"
SOLANAS,FVSOLAN,LAS SOLANAS FV,18W000000000RZUV,Solar fotovoltaica,Venta,España,SZR,Generación,ELEIA,"4,9"
SOLFC01,SOLFC01,COMPRA COMERCIALIZADORA,18W000000000Q2BO,Comercializadores mercado libre,Compra,España,SZR,Comercializadores,SOLFL,"1,0"
SOLGEN,SOLGENERA,SOLGENERA,18W000000000SLDT,Solar fotovoltaica,Venta,España,SZR,Generación,TRISO,"3,5"
SOLIC01,PENIN,PENIN,18W000000000U2NL,Comercializadores mercado libre,Compra,España,SZR,Comercializadores,SOLIM,"1,0"
SOLINZA,SOLINZA,PTS OLIVENZA 1,18W000000000PYLN,Solar térmica,Venta,España,SZR,Generación,EGLE,"50,0"
SOLLC01,SOLLC01,E.SOLLERENSE PENINSULA,18WSOLLC01-123-7,Comercializadores mercado libre,Compra,España,SZR,Comercializadores,SOLL,"0,3"
SOLMARC,SOL MARCHE,SOL MARCHENA,18W000000000QVMQ,Solar fotovoltaica,Venta,España,SZR,Generación,SMARB,"0,1"
SOLTC01,SOLTC01,SOLTC01,18W000000000Q8C4,Comercializadores mercado libre,Compra,España,SZR,Comercializadores,SOLTE,"0,1"
SOLVAYM,SOLVAY M,SOLVAY - MARTORELL,18WSOLVAYM-12-1W,Gas Natural Cogeneración,Venta,España,SZR,Generación,EBLCO,"21,0"
SOLWC01,SOLWE,SOLWE ENERGIA,18W000000000K5C0,Comercializadores mercado libre,Compra,España,SZR,Comercializadores,SOLWE,"0,2"
SOLWEJU,SOLWE JUND,SOLWE JUNDESOL,18W000000000SFAG,Solar fotovoltaica,Venta,España,SZR,Generación,SOLWE,"0,9"
SOLWESO,SOLWESOLCA,SOLWE SOLCASTEL,18W000000000SF9I,Solar fotovoltaica,Venta,España,SZR,Generación,SOLWE,"0,9"
SOMEC01,SOMENERGIA,SOM ENERGIA,18WSOMEC01-123-T,Comercializadores mercado libre,Compra,España,SZR,Comercializadores,SOMEN,"200,0"
SOMEN_H,MINIHIDRPN,SE MINIHIDRULICA PENINSULA,18W000000000TN24,Hidráulica no UGH,Venta,España,SZR,Generación,SOMEN,"1,8"
SOMENFV,SOMEN FV P,SOMEN FOTOVOLTAICA MENOR 1MW,18W000000000RFSL,Solar fotovoltaica,Venta,España,SZR,Generación,SOMEN,"16,8"
SONEC01,SONESTA L,SONESTA LUZ,18W000000000TFG0,Comercializadores mercado libre,Compra,España,SZR,Comercializadores,SOLUZ,"5,0"
SONES,SONES,SONES,18W000000000JNL6,Solar fotovoltaica,Venta,España,SZR,Generación,GNRA,"5,4"
SONNC01,SONNC01,SONNC01,18W000000000U43I,Comercializadores mercado libre,Compra,España,SZR,Comercializadores,SONNI,"1,0"
SOPAG,SOPAG,SOPAG,18WSOPAG-12345-3,Solar fotovoltaica,Venta,España,SZR,Generación,GNRA,"5,8"
SOPRC01,SOPRO PEN,SOPRO PEN,18W000000000OBFY,Comercializadores mercado libre,Compra,España,SZR,Comercializadores,SOPRO,"1,0"
SORXC01,SOREX,SORS MARKETS LTD,18W000000000K2MQ,Comercializadores mercado libre,Compra,España,SZR,Comercializadores,SOREX,"100,0"
SOTOSOL,ECOLEVANTE,ECOSOLAR LEVANTE,18W000000000US3K,Solar fotovoltaica,Venta,España,SZR,Generación,ELEIA,"4,0"
SPBBC01,SPBB,SPBB,18WSPBBC01-123-K,Consumos directos en mercado,Compra,España,SZR,Consum. directos a mercado,SPBB,"2,1"
SPBBR01,SPBRAD,SPB SRAD,18W000000000TRV8,Consumos directos en mercado,Compra,España,SZR,Consum. directos a mercado,SPBB,"2,4"
SPCKC01,SPCKC01,SPCKC01,18W000000000QWZY,Comercializadores mercado libre,Compra,España,SZR,Comercializadores,SPOCK,"0,1"
SPEEXXI,SPEEXXI,"ENDESA CUR  ( SOLAR TERMICA, PRUEBAS)",18WSPEEXXI-123-E,Solar térmica,Venta,España,SZR,Generación,EEXXI,"0,0"
SPEONUR,SPEONUR,"E.ON CUR ( SOLAR TERMICA, PRUEBAS)",18WSPEONUR-123-2,Solar térmica,Venta,España,SZR,Generación,EONUR,"0,0"
SPGGC01,SPGG,PLASTIENVASE,18W000000000G0YO,Consumos directos en mercado,Compra,España,SZR,Consum. directos a mercado,SPGG,"0,8"
SPGGR01,SPGGR,SPGGSRAD,18W000000000V2B4,Consumos directos en mercado,Compra,España,SZR,Consum. directos a mercado,SPGG,"4,0"
SPHCCUR,SPHCCUR,"HIDROCANTABRICO CUR ( SOLAR TERMICA, PRUEBAS)",18WSPHCCUR-123-3,Solar térmica,Venta,España,SZR,Generación,HCCUR,"0,0"
SPIBCUR,SPIBCUR,"IBERDROLA CUR  ( SOLAR TERMICA, PRUEBAS)",18WSPIBCUR-123-2,Solar térmica,Venta,España,SZR,Generación,IBCUR,"0,0"
SPINC01,SPINC01,SPINREACT SAU,18W0000000007IVC,Consumos directos en mercado,Compra,España,SZR,Consum. directos a mercado,SPINR,"1,0"
SPLEX,SUNPLEX,UP SF SUNPLEX,18W000000000N77T,Solar fotovoltaica,Venta,España,IGR ,Generación,IGNIS,"42,3"
SPRS5,PUERTOLL5,RENOVALIA PUERTOLLANO 5,18W000000000JFKW,Solar fotovoltaica,Venta,España,IGR ,Generación,IGNIS,"13,3"
SPRS6,PUERTOLL6,RENOVALIA PUERTOLLANO 6,18W000000000JFLU,Solar fotovoltaica,Venta,España,IGR ,Generación,IGNIS,"17,6"
SPRS7,PUERTOLL7,RENOVALIA PUERTOLLANO 7,18W000000000JFMS,Solar fotovoltaica,Venta,España,IGR ,Generación,IGNIS,"17,6"
SPRS8,PUERTOLL8,RENOVALIA PUERTOLLANO 8,18W000000000JFNQ,Solar fotovoltaica,Venta,España,IGR ,Generación,IGNIS,"13,3"
SPRS9,PUERTOLL9,RENOVALIA PUERTOLLANO 9,18W000000000JFOO,Solar fotovoltaica,Venta,España,IGR ,Generación,IGNIS,"8,0"
SRI3,SOTORIBE 3,C.T. SOTO DE RIBERA 3,18WSRI3-12345-0N,Hulla antracita,Venta,España,HC ,Generación,HC G,"346,2"
SRI4,SOTORIBE 4,CC SOTO RIBERA 4,18W18WSRI4--123V,Ciclo Combinado,Venta,España,HC ,Generación,HC G,"426,0"
SRI5,SOTO5,C.C. SOTO DE RIBERA 5,18WSRI5-123456-L,Ciclo Combinado,Venta,España,HC ,Generación,CCSR4,"428,1"
SROQ1,SANROQUE1,C.T. SAN ROQUE (CICLO COMBINADO) GAS NATURAL,18WSROQ1-1234-06,Ciclo Combinado,Venta,España,NTG ,Generación,GNCC,"389,8"
SROQ2,SANROQUE2,C.T. SAN ROQUE (CICLO COMBINADO) ENDESA,18WSROQ2-1234-0Y,Ciclo Combinado,Venta,España,END ,Generación,ENDG,"401,8"
SRVGC01,GASHOGAR15,GASHOGAR15,18WSRVGC01-123-M,Comercializadores mercado libre,Compra,España,SZR,Comercializadores,SRVGS,"50,0"
SRVIC01,SRVI,SERVINERGIA,18W000000000RLFT,Comercializadores mercado libre,Compra,España,SZR,Comercializadores,SERV,"1,0"
SSEECP3,COMPRA_F,COMPRA_FRANCIA,18W000000000R3MW,Exportación Francia,Compra,Francia-España,SZR,Comercializador internacional,SSEEN,"20,0"
SSEEVP3,VENTA_F,VENTA_FRANCIA,18W000000000R3NU,Importación Francia,Venta,Francia-España,SZR,Comercializador internacional,SSEEN,"20,0"
SSOMA,ASOMADA,UP SF LA ASOMADA,18W000000000N0A7,Solar fotovoltaica,Venta,España,TOTENERG ,Generación,TOTGA,"4,2"
ST4,ST4,PARC ALBA ST4,18WST4-1234567-C,Gas Natural Cogeneración,Venta,España,SZR,Generación,LMER,"9,7"
STAQC01,S COLOMA,ELEC MUN S COLOMA DE QUERALT,18W0000000002VN9,Comercializadores mercado libre,Compra,España,SZR,Comercializadores,STACO,"1,6"
STC4,SANTURCE 4,C.T. SANTURCE 4,18WSTC4-12345-0I,Ciclo Combinado,Venta,España,IBEG ,Generación,IBGT,"396,4"
STHEEN1,STHEEN1,HELIOENERGY 1,18WSTHEEN1-123-7,Solar térmica,Venta,España,SZR,Generación,EGLE,"50,0"
STHEEN2,STHEEN2,HELIOENERGY 2,18WSTHEEN2-123-0,Solar térmica,Venta,España,SZR,Generación,EGLE,"50,0"
STHELI1,STHELI1,HELIOS 1 HYPERION,18WSTHELI1-123-L,Solar térmica,Venta,España,SZR,Generación,EGLE,"49,9"
STHELI2,STHELI2,HELIOS 2 HYPERION,18WSTHELI2-123-E,Solar térmica,Venta,España,SZR,Generación,EGLE,"49,9"
STINC01,STINC01,STIN UNIDAD COMERCIALIZACION,18W0000000000QYA,Comercializadores mercado libre,Compra,España,SZR,Comercializadores,STIN,"1,0"
STROC01,STROC1,STROC01ENERGY,18WENERGYSTROMXC,Comercializadores mercado libre,Compra,España,SZR,Comercializadores,STROM,"0,1"
STROV01,STROV01,VENTA STROM,18W000000000VB4S,Solar fotovoltaica,Venta,España,SZR,Generación,STROM,"0,1"
STSANSO,STSANSO,SANLUCAR SOLAR,18WSTSANSO-123-E,Solar térmica,Venta,España,SZR,Generación,EGLE,"11,0"
STSLPRO,STSLPRO,SOLAR PROCESSES,18WSTSLPRO-123-5,Solar térmica,Venta,España,SZR,Generación,EGLE,"20,0"
STSOLA1,STSOLA1,TS SOLACOR 1,18WSTSOLA1-123-C,Solar térmica,Venta,España,SZR,Generación,EGLE,"50,0"
STSOLA2,STSOLA2,SOLACOR 2,18WSTSOLA2-123-5,Solar térmica,Venta,España,SZR,Generación,EGLE,"50,0"
STSOLB1,STSOLB1,SOLABEN 1,18WSTSOLB1-123-4,Solar térmica,Venta,España,SZR,Generación,EGLE,"50,0"
STSOLB2,STSOLB2,SOLABEN 2,18WSTSOLB2-123-Y,Solar térmica,Venta,España,SZR,Generación,EGLE,"50,0"
STSOLB3,STSOLB3,SOLABEN 3,18WSTSOLB3-123-R,Solar térmica,Venta,España,SZR,Generación,EGLE,"50,0"
STSOLB6,STSOLB6,SOLABEN 6,18WSTSOLB6-123-6,Solar térmica,Venta,España,SZR,Generación,EGLE,"50,0"
STSOLN1,STSOLN1,SOLNOVA 1,18WSTSOLN1-123-J,Solar térmica,Venta,España,SZR,Generación,EGLE,"50,0"
STSOLN3,STSOLN3,SOLNOVA 3,18WSTSOLN3-123-5,Solar térmica,Venta,España,SZR,Generación,EGLE,"50,0"
STSOLN4,STSOLN4,SOLNOVA 4,18WSTSOLN4-123-Z,Solar térmica,Venta,España,SZR,Generación,EGLE,"50,0"
STSOLUC,STSOLUC,UP TERMICA SOLUCIA,18W000000000NHEM,Solar térmica,Venta,España,SZR,Generación,NEXU,"49,9"
STUBOS,STUBOS,18WSTUBOS-1234-D,18WSTUBOS-1234-D,Solar térmica,Venta,España,SZR,Generación,EGLE,"30,0"
STVILLE,STVILLE,UP TERMOSOLAR VILLENA,18W000000000IR11,Solar térmica,Venta,España,SZR,Generación,NEXU,"49,9"
SUCAC01,SUCAS,SUCA SOCIEDAD COOPERATIVA,18W0000000005O6F,Comercializadores mercado libre,Compra,España,SZR,Comercializadores,SUCAS,"3,0"
SULAC01,SULAYR,SULAYR GLOBAL SERVICE,18WSULAC01-123-8,Consumos directos en mercado,Compra,España,SZR,Consum. directos a mercado,SULA,"0,7"
SUMAC01,SUMAE,SUMA ENERGIA SL,18W000000000HWT8,Comercializadores mercado libre,Compra,España,SZR,Comercializadores,SUMAE,"0,6"
SUNAC01,SUNAIR ONE,SUNAIR ONE ENERGY S.L.,18WSUNAC01-123-N,Comercializadores mercado libre,Compra,España,SZR,Comercializadores,SUNAI,"0,1"
SUNCC01,SUNCAPEN,SUNCA PENINSULA,18W000000000FCMG,Comercializadores mercado libre,Compra,España,SZR,Comercializadores,SUNCA,"0,1"
SUNFC01,SUNFC01,COMPRA ALDERAAN,18W000000000Q2AQ,Comercializadores mercado libre,Compra,España,SZR,Comercializadores,SUNFL,"1,0"
SUNHC01,SUNAIRHOME,SUNAIR ONE HOME,18WSUNAIRHOMEPEJ,Comercializadores mercado libre,Compra,España,SZR,Comercializadores,SUNHO,"0,1"
SUNPC01,UP SUNPS,UP SUN POWER 365,18W000000000OJXB,Comercializadores mercado libre,Compra,España,SZR,Comercializadores,SUNPS,"0,1"
SUPRC01,SELECTRA,SUMINISTROS PROPIOS ENERGIA,18W000000000TJ92,Comercializadores mercado libre,Compra,España,SZR,Comercializadores,SUMIA,"1,0"
SWAPC01,SWAPENERGI,SWAP ENERGIA,18WSWAPCO1-123-M,Comercializadores mercado libre,Compra,España,SZR,Comercializadores,SWAPE,"0,1"
SYEEXXI,SYEEXXI,"ENDESA CUR  ( TARIFA, SOLAR TERMICA, NO EXENTA)",18WSYEEXXI-123-H,Solar térmica,Venta,España,SZR,Generación,EEXXI,"0,0"
SYENC01,SYENC01,SYENE_UP,18W000000000LN6S,Comercializadores mercado libre,Compra,España,SZR,Comercializadores,SYENE,"1,0"
SYEONUR,SYEONUR,"E.ON CUR ( TARIFA, SOLAR TERMICA, NO EXENTA)",18WSYEONUR-123-5,Solar térmica,Venta,España,SZR,Generación,EONUR,"0,0"
SYGNSUR,SYGNSUR,"GAS NATURAL SUR SDG ( TARIFA, SOLAR TERMICA, NO EXENTA",18WSYGNSUR-123-M,Solar térmica,Venta,España,SZR,Generación,GNSUR,"0,0"
SYHCCUR,SYHCCUR,"HIDROCANTABRICO CUR ( TARIFA, SOLAR TERMICA, NO EXENTA)",18WSYHCCUR-123-6,Solar térmica,Venta,España,SZR,Generación,HCCUR,"0,0"
SYIBCUR,SYIBCUR,"IBERDROLA CUR  ( TARIFA, SOLAR TERMICA, NO EXENTA)",18WSYIBCUR-123-5,Solar térmica,Venta,España,SZR,Generación,IBCUR,"0,0"
T1CEG,T1CEG,TERMICA AE 1MW EVM,18W0000000003XEH,Gas Natural Cogeneración,Venta,España,SZR,Generación,CEG,"10,0"
TACOR,TACOR,18WTACOR-12345-P,18WTACOR-12345-P,Gas Natural Cogeneración,Venta,España,SZR,Generación,EGLE,"6,3"
TAE2COG,TAE2COG,T ALTA EFICIENCIA 2 COGENERACION,18W0000000000S2V,Gas Natural Cogeneración,Venta,España,EBC ,Generación,COGEN,"32,0"
TAE3COG,TAE3COG,T ALTA EFICIENCIA 3 COGENERACION,18W0000000000S3T,Gas Natural Cogeneración,Venta,España,EBC ,Generación,COGEN,"13,5"
TAE4COG,TAE4COG,T ALTA EFICIENCIA 4 COGENERACION,18W0000000000S4R,Gas Natural Cogeneración,Venta,España,EBC ,Generación,COGEN,"6,4"
TAE5COG,TAE5COG,T ALTA EFICIENCIA 5 COG,18W0000000000S5P,Gas Natural Cogeneración,Venta,España,EBC ,Generación,COGEN,"6,4"
TAE6COG,TAE6COG,T ALTA EFICIENCIA 6 COG,18W0000000000S6N,Gas Natural Cogeneración,Venta,España,EBC ,Generación,COGEN,"8,4"
TAE7COG,TAE7COG,T ALTA EFICIENCIA 7 COG,18W0000000000S7L,Gas Natural Cogeneración,Venta,España,SZR,Generación,COGEN,"4,4"
TAEEXXI,ATL COOP,ATLANTIC COOPER,18WTAEEXXI-123-X,Energía residual,Venta,España,SZR,Generación,EEXXI,"11,5"
TAFRICA,AFRICAN,AFRICANA,18W000000000QV0X,Solar térmica,Venta,España,SZR,Generación,GESTE,"49,9"
TAJB,TAJO B,UGH.B. TAJO BOMBEO,18WTAJB-12345-0C,Consumo bombeo,Compra,España,SZR,Consumo bombeo,IBEG,"405,0"
TAJO,TAJO G,UGH. TAJO GENERACION,18WTAJO-12345-0U,Hidráulica UGH,Venta,España,IBEG ,Generación,IBEG,"2.227,8"
TALEC01,TALARN_UP,TALARN_UNIDAD_PROGRAMACION,18W00000000047YE,Comercializadores mercado libre,Compra,España,SZR,Comercializadores,TALEN,"0,2"
TALGC01,TALGAR,METALGAR,18W000000000PO93,Consumos directos en mercado,Compra,España,SZR,Consum. directos a mercado,TALGA,"0,5"
TAMIZAL,TAMIZAL,ATOMIZADAS ALCORA,18WTAMIZAL-123-D,Gas Natural Cogeneración,Venta,España,SZR,Generación,ATAL,"12,0"
TAMPOC,AMPO,AMPO,18WTAMPOC-1234-8,Gas Natural Cogeneración,Venta,España,SZR,Generación,GEMSL,"7,6"
TANB,TANES B,C.H.B. TANES BOMBEO,18WTANB-12345-05,Consumo bombeo,Compra,España,SZR,Consumo bombeo,HC G,"110,0"
TANTEX,UP ANTEX,UP ANTEX,18WTANTEX-1234-R,Gas Natural Cogeneración,Venta,España,SZR,Generación,AME,"1,0"
TAPOWER,TARRAG IB,TARRAGONA POWER,18WTAPOWER-12-0V,Ciclo Combinado,Venta,España,IBEG ,Generación,TAPOW,"416,9"
TARATO,TARATO,18WTARATO-123--E,18WTARATO-123--E,Gas Natural Cogeneración,Venta,España,SZR,Generación,EGLE,"12,5"
TARCILL,TARCILL,UO ARCILLA BLANCA,18WTARCILL-123-9,Gas Natural Cogeneración,Venta,España,SZR,Generación,GNRA,"9,9"
TARTABR,TARTABR,ARTABRA 1MW GASOLEO,18WTARTABR-123-N,Derivados del petróleo ó carbón,Venta,España,SZR,Generación,CEG,"13,1"
TATAC01,TATAC01,TATAC01,18W000000000UCWA,Comercializadores mercado libre,Compra,España,SZR,Comercializadores,TATAN,"0,0"
TATLROS,TATLROS,ATLAS ROSELLO,18W000000000SSX5,Gas Natural Cogeneración,Venta,España,SZR,Generación,ATLAS,"23,4"
TATOM,TATOM,18WTATOM-1234-18,18WTATOM-1234-18,Gas Natural Cogeneración,Venta,España,SZR,Generación,EGLE,"17,8"
TAUTC01,TAUTRA,TAUTRA COMPRA,18W000000000L72A,Comercializadores mercado libre,Compra,España,SZR,Comercializadores,TAUTR,"0,1"
TAZGUAL,TAZGUAL,TAZGUAL,18W000000000NOX0,Gas Natural Cogeneración,Venta,España,SZR,Generación,DETIC,"8,6"
TAZUCA2,TAZUCA2,UP INST ALTA EFICIENCIA,18W000000000RTMS,Gas Natural Cogeneración,Venta,España,SZR,Generación,EGLE,"20,8"
TAZUCAR,TAZUCAR,UP  INST NO ALTA EFICIENCIA,18W000000000RTNQ,Gas Natural Cogeneración,Venta,España,SZR,Generación,EGLE,"12,8"
TAZULME,TAZULME,TAZULME,18W000000000NOYZ,Gas Natural Cogeneración,Venta,España,SZR,Generación,DETIC,"5,7"
TBANER,TBANER,UP ACABADOS BAÑERES,18W000000000L9VK,Gas Natural Cogeneración,Venta,España,SZR,Generación,EGLE,"1,9"
TBEFESA,TBEFESA,TBEFESA,18WTBEFESA-123-J,Residuos varios,Venta,España,SZR,Generación,REPSB,"12,2"
TBESOS,TBESOS,UP TERMICA FBESOS,18W000000000NQHQ,Gas Natural Cogeneración,Venta,España,SZR,Generación,NEXU,"4,6"
TBIEMTE,TBIEMTE,"BIEMTE ( NO RENOVABLE,TARIFA,NO EXENTO )",18WTBIEMTE-123-P,Gas Natural Cogeneración,Venta,España,IGNIS ,Generación,IGNIS,"9,9"
TBIOBG,VERTBG,VERTBG,18W000000000GW3R,Gas Natural Cogeneración,Venta,España,AXC ,Generación,EGLE,"24,8"
TBIOEC,VERTEC,VERTEC,18W000000000GW4P,Gas Natural Cogeneración,Venta,España,ENCE ,Generación,EENER,"21,6"
TBLANSA,TBLANSA,18W000000000N7H9,18W000000000N7H9,Gas Natural Cogeneración,Venta,España,SZR,Generación,EGLE,"4,9"
TBOIRO,TBOIRO,18WTBOIRO-1234-W,18WTBOIRO-1234-W,Derivados del petróleo ó carbón,Venta,España,SZR,Generación,EGLE,"24,6"
TBOREME,TBOREME,BOREMER GN 1MW,18WTBOREME-123-V,Gas Natural Cogeneración,Venta,España,SZR,Generación,GNRA,"24,1"
TBORGES,BORGS,BORGES,18W000000000QV5N,Solar térmica,Venta,España,SZR,Generación,GESTE,"22,5"
TBPREF1,TBPREF1,BP REFI 1,18W000000000IZTW,Residuos varios,Venta,España,SZR,Generación,BP,"28,5"
TBPREF2,TBPREF2,BP REFI 2,18W000000000IZUU,Residuos varios,Venta,España,SZR,Generación,BP,"25,6"
TBUNGE,TBUNGE,BUNGE GN AE 1MW,18WTBUNGE-1234-L,Gas Natural Cogeneración,Venta,España,SZR,Generación,CEG,"29,7"
TBUTARQ,TBUTARQ,BUTARQUE - TARIFA>10MW,18WTBUTARQ-123-5,Gas Natural Cogeneración,Venta,España,SZR,Generación,CEG,"18,0"
TBUTETE,BIOGASUTEM,BIOGAS UTE TEM,18WTBUTETE-123-0,Biogás,Venta,España,SZR,Generación,UTTEM,"1,6"
TCANAIS,TCANAIS,CANAISA - TARIFA>10MW,18WTCANAIS-123-Z,Gas Natural Cogeneración,Venta,España,SZR,Generación,GNRA,"19,9"
TCAPSA,TCAPSA,UP CAPSA,18WTCAPSA-1234-M,Gas Natural Cogeneración,Venta,España,SZR,Generación,DETIC,"9,7"
TCAVLO,TCAVLO,DICEPA PAPELERA ENATE ( T ),18WTCAVLO-123-1Z,Gas Natural Cogeneración,Venta,España,SZR,Generación,WMARK,"4,9"
TCELISI,TCELISI,"COMPAÑIA ENERGÉTICA DE LINARES, S.L.",18WTCELISI-123-3,Gas Natural Cogeneración,Venta,España,SZR,Generación,GNRA,"25,0"
TCELVSI,TCELVSI,"COMPAÑIA ENERGÉTICA DE LAS VILLAS, S.L.",18WTCELVSI-123-Y,Gas Natural Cogeneración,Venta,España,SZR,Generación,GNRA,"24,9"
TCEMO,TCEMO,CEMOSA T,18W000000000GMPD,Gas Natural Cogeneración,Venta,España,SZR,Generación,GEMSL,"4,8"
TCEPMSI,TCEPMSI,"COMPAÑIA ENERGÉTICA PATA DE MULO, S.L.",18WTCEPMSI-123-1,Gas Natural Cogeneración,Venta,España,SZR,Generación,GNRA,"17,2"
TCEPUSI,TCEPUSI,"COMPAÑIA ENERGÉTICA PUENTE DEL OBISPO, S.L.",18WTCEPUSI-123-3,Gas Natural Cogeneración,Venta,España,SZR,Generación,GNRA,"24,9"
TCERMA,TCERMA,UP CERM MAYOR DE 5MW,18WTCERMA-1234-C,Gas Natural Cogeneración,Venta,España,SZR,Generación,NEXU,"9,9"
TCETA,TCETA,UP CETA,18W000000000UBBI,Gas Natural Cogeneración,Venta,España,SZR,Generación,EGLE,"65,7"
TCHAPEL,TCHAPEL,UP COG CHAPELA,18W000000000OIRQ,Derivados del petróleo ó carbón,Venta,España,SZR,Generación,NEXU,"2,9"
TCHPAGR,TCHPAGR,TCHPAGR,18W000000000NP3K,Gas Natural Cogeneración,Venta,España,SZR,Generación,DETIC,"1,0"
TCIBCUR,TCIBCUR,COGENERACION MECANISMO AJUSTE,18W000000000P9GY,Gas Natural Cogeneración,Venta,España,SZR,Generación,IBCUR,"0,0"
TCOALSA,TCOALSA,18W000000000N3R1,18W000000000N3R1,Gas Natural Cogeneración,Venta,España,SZR,Generación,EGLE,"7,2"
TCOBUR,TCOBUR,COGENERADORA BURGALESA ( T ),18WTCOBUR-1234-2,Gas Natural Cogeneración,Venta,España,SZR,Generación,COBUR,"4,9"
TCOGNA,TCOGNA,18WTCOGNA-1234-3,18WTCOGNA-1234-3,Derivados del petróleo ó carbón,Venta,España,SZR,Generación,EGLE,"24,0"
TCOLSEM,TCOLASEM,UP TERMICA COLASEM,18WTCOLSEM-123-Z,Gas Natural Cogeneración,Venta,España,SZR,Generación,NEXU,"5,0"
TCONOR,TCONOR,18WTCONOR-1234-A,18WTCONOR-1234-A,Derivados del petróleo ó carbón,Venta,España,SZR,Generación,EGLE,"23,9"
TCOOSU2,TCOOSU2,TCOOSUR2_AE,18W00000000001YB,Derivados del petróleo ó carbón,Venta,España,SZR,Generación,DETIC,"20,7"
TCOOSUR,TCOOSUR,COOSUR - TARIFA >10MW,18WTCOOSUR-123-R,Derivados del petróleo ó carbón,Venta,España,SZR,Generación,DETIC,"21,0"
TCOPAQ,TCOPAQ,18WTCOPAQ-1234-D,18WTCOPAQ-1234-D,Derivados del petróleo ó carbón,Venta,España,SZR,Generación,EGLE,"3,6"
TCORCOG,TCORCOG,UP TERMICA CORA,18WTCORCOG-123-7,Gas Natural Cogeneración,Venta,España,SZR,Generación,NEXU,"5,4"
TCOREY,TCOREY,18WTCOREY-1234-4,18WTCOREY-1234-4,Gas Natural Cogeneración,Venta,España,SZR,Generación,EGLE,"3,8"
TCOVAP,TCOVAP,HIBRIDACIN COG -FV COVAP,18WTCOVAP-1234-Z,Híbrida renovable-térmica no renovable,Venta,España,SZR,Unidades hibridas,EGLE,"9,0"
TCRNOR,TCRNOR,18WTCRNOR-1234-E,18WTCRNOR-1234-E,Gas Natural Cogeneración,Venta,España,SZR,Generación,EGLE,"19,7"
TCRUCES,TCRUCES,COG GAS NATURAL H CRUCES,18W000000000R3CF,Gas Natural Cogeneración,Venta,España,SZR,Generación,WMARK,"3,4"
TCTAULE,TCTAULE,TCTAULE,18WTCTAULE-123-Z,Gas Natural Cogeneración,Venta,España,SZR,Generación,WMARK,"9,9"
TCUALIN,TCUALIN,CUALIN GN AE 1MW,18WTCUALIN-123-T,Gas Natural Cogeneración,Venta,España,SZR,Generación,CEG,"7,8"
TCUTOLE,TCUTOLE,TCUTOLE_MAJ,18W000000000OTDL,Gas Natural Cogeneración,Venta,España,SZR,Generación,CEG,"0,8"
TCYPSA,TCYPSA,TCYPSA,18W000000000V8DJ,Gas Natural Cogeneración,Venta,España,SZR,Generación,AME,"7,3"
TDEDRE,TDEDRE,18WTDEDRE-1234-Q,18WTDEDRE-1234-Q,Derivados del petróleo ó carbón,Venta,España,SZR,Generación,EGLE,"9,9"
TDEEXXI,DOWCHEM,UP DOW CHEMICAL,18WTDEEXXI-123-Y,Derivados del petróleo ó carbón,Venta,España,SZR,Generación,EEXXI,"14,5"
TDERMO,TDERMO,18WTDERMO-123--E,18WTDERMO-123--E,Derivados del petróleo ó carbón,Venta,España,SZR,Generación,EGLE,"3,6"
TDIBCUR,TDIBCUR,TDIBCUR,18W000000000PA6E,Gas Natural Cogeneración,Venta,España,SZR,Generación,IBCUR,"0,0"
TDNEXU,TDNEXU,UP COGENERACION GLP,18WTDNEXU-1234-V,Derivados del petróleo ó carbón,Venta,España,SZR,Generación,NEXU,"7,0"
TDONOST,TDONOST,HOSPITAL DE DONOSTIA,18W000000000RC8X,Gas Natural Cogeneración,Venta,España,SZR,Generación,WMARK,"4,8"
TEBLLRB,TEBLLRB,UNIDAD DE PROGRMACIÓN DE EMSSA,18WTEBLLRB-123-5,Gas Natural Cogeneración,Venta,España,SZR,Generación,AME,"7,7"
TECKER,TECKER,18WECKER-SA----T,18WECKER-SA----T,Gas Natural Cogeneración,Venta,España,SZR,Generación,PECKE,"4,8"
TECLAS,TECLAS,FVTECLAS,18W000000000SJWY,Solar fotovoltaica,Venta,España,SZR,Generación,ELEIA,"4,9"
TECONAV,TECONAV,UP NEOEL ECOENERGA NAVARRA,18W000000000RA2E,Gas Natural Cogeneración,Venta,España,SZR,Generación,EGLE,"15,0"
TEDARUB,TEDARUB,UP TERMICA EDAR RUBI,18WTEDARUB-123-F,Gas Natural Cogeneración,Venta,España,SZR,Generación,NEXU,"6,1"
TEES,TERA-ESLA,UGH. TERA-ESLA,18WTEES-12345-0Y,Hidráulica UGH,Venta,España,END ,Generación,ENDG,"113,7"
TEGASN,TEGASN,TEGASN,18W00000000014U6,Gas Natural Cogeneración,Venta,España,SZR,Generación,GNCO,"15,2"
TEGBREN,TEGBREN,UP COGENERACION EGABRENSE,18W000000000P2N4,Gas Natural Cogeneración,Venta,España,EBC ,Generación,COGEN,"13,0"
TEITOL,TEITOL,COG. LA PUEBLA ALMORADIEL 10 MW,18WTEITOL-1234-3,Gas Natural Cogeneración,Venta,España,SZR,Generación,CEG,"10,0"
TELPOZO,TELPOZO,TELPOZO,18W000000000NOU6,Gas Natural Cogeneración,Venta,España,SZR,Generación,DETIC,"17,2"
TEMASA,TEMASA,EMPRESA MUNICIPAL DE AGUAS DE MÁLAGA ( T ),18WTEMASA-1234-G,Gas Natural Cogeneración,Venta,España,SZR,Generación,WMARK,"10,0"
TENCRI,TENCRI,18WTENCRI-1234-4,18WTENCRI-1234-4,Gas Natural Cogeneración,Venta,España,SZR,Generación,EGLE,"19,6"
TENDC01,TENDC01,TENDC01,18W0000000005704,Comercializadores mercado libre,Compra,España,SZR,Comercializadores,TENDE,"1,0"
TENERCO,TENERCO,ENERCORR T,18W000000000IJ2N,Gas Natural Cogeneración,Venta,España,SZR,Generación,GEMSL,"14,9"
TEOTC01,TORNA,TORNAENER,18W000000000RS7O,Comercializadores mercado libre,Compra,España,SZR,Comercializadores,TORNA,"0,0"
TEPCSA,TEPCSA,18WTEPCSA-1234-0,18WTEPCSA-1234-0,Gas Natural Cogeneración,Venta,España,SZR,Generación,EGLE,"5,0"
TERE,TER,UGH. TER,18WTERE-12345-0V,Hidráulica UGH,Venta,España,END ,Generación,ENDG,"150,8"
TERMLNO,TERMLLANO,TERMOLLANO,18W000000000QV2T,Solar térmica,Venta,España,SZR,Generación,GESTE,"48,0"
TERMOAR,FV MAZ TMA,FV MAZARRN TERMOARCILLA,18W000000000T7XR,Solar fotovoltaica,Venta,España,SZR,Generación,LMER,"2,3"
TERSC01,TERSACOMER,TERSA COMPRA PEN,18W00000000058NT,Comercializadores mercado libre,Compra,España,SZR,Comercializadores,TERSA,"0,1"
TESJOAN,TESJOAN,TERM_6045KW,18W000000000OP1K,Gas Natural Cogeneración,Venta,España,SZR,Generación,EBLCO,"6,0"
TESNELA,TESNELA,UP COG ESNELAT,18W000000000P2P0,Gas Natural Cogeneración,Venta,España,EBC ,Generación,COGEN,"12,0"
TETFEN,EOL 20MW,EOL MAYOR 1 MW,18W000000000UJ72,Eólica terrestre,Venta,España,SZR,Generación,FEN,"22,5"
TEUROAT,TEUROAT,EUROATOMIZADOS,18WTEUROAT-123-F,Gas Natural Cogeneración,Venta,España,SZR,Generación,WMARK,"9,9"
TEV2C01,TEVI2,TVITEC SIN IE,18W000000000NEHP,Consumos directos en mercado,Compra,España,SZR,Consum. directos a mercado,TEVI,"2,7"
TEVIC01,TVITEC,TVITEC SYSTEM GLASS,18W0000000003LSP,Consumos directos en mercado,Compra,España,SZR,Consum. directos a mercado,TEVI,"14,3"
TEXZR01,TEXOR SRAD,TEXOR SRAD,18W000000000TPH5,Consumos directos en mercado,Compra,España,SZR,Consum. directos a mercado,TEXOR,"1,5"
TFARMHI,TFARMHI,FARMINDUSTRIA,18WTFARMHI-123-3,Gas Natural Cogeneración,Venta,España,SZR,Generación,GNRA,"3,3"
TFASESA,TFASESA,TFASESA,18W0000000009T3R,Gas Natural Cogeneración,Venta,España,SZR,Generación,DETIC,"13,5"
TFEGED,UPTARIFA,UP TARIFA,18WTFEGED-1234-N,Gas Natural Cogeneración,Venta,España,SZR,Generación,EGED,"4,6"
TFEIRA,TFEIRA,FEIRACO GN AE 1MW,18WTFEIRA--12--K,Gas Natural Cogeneración,Venta,España,SZR,Generación,EGLE,"7,3"
TFENAMU,TFENAMU,TFENAMU,18W000000000HACY,Gas Natural Cogeneración,Venta,España,SZR,Generación,DETIC,"14,9"
TFERRE,TFERRE,COG FERRE,18W000000000S66E,Gas Natural Cogeneración,Venta,España,SZR,Generación,EGLE,"1,9"
TFERT1,TFERT1,FERTIBERIA - TERMICA,18WTFERT1-1234-M,Energía residual,Venta,España,SZR,Generación,EGLE,"9,4"
TFGASN,TFGASN,GNSDG TERMICA TARIFA MAS 10 MW,18WTFGASN-1234-3,Gas Natural Cogeneración,Venta,España,SZR,Generación,GNCO,"37,0"
TFGEGS1,TFGEGS1,TFGEGS1,18WTFGEGS1-123-4,Gas Natural Cogeneración,Venta,España,SZR,Generación,SEDAE,"37,0"
TFGEMAS,TFGEMAS,TFGEMAS,18W0000000002DUC,Gas Natural Cogeneración,Venta,España,SZR,Generación,SEDAE,"27,0"
TFIBGES,TFIBGES,TFIBGES,18WTFIBGES-123-9,Gas Natural Cogeneración,Venta,España,SZR,Generación,IBGES,"132,3"
TFINPEL,TFINPEL,TFINPEL,18W000000000HXV1,Gas Natural Cogeneración,Venta,España,SZR,Generación,DETIC,"2,4"
TFINS2,TFINS2,18WTFINS2-1234-J,18WTFINS2-1234-J,Derivados del petróleo ó carbón,Venta,España,SZR,Generación,EGLE,"15,7"
TFINSA,TFINSA,FINSA GN 1MW,18WTFINSA-1234-T,Gas Natural Cogeneración,Venta,España,SZR,Generación,CEG,"24,9"
TFLUBRB,TFLUBRB,TFLUBRB,18WTFLUBRB-123-V,Gas Natural Cogeneración,Venta,España,SZR,Generación,SEDAE,"39,2"
TFNEXU,TFNEXU,UP TERMICA MAYOR 1MW,18WTFNEXU-1234-7,Gas Natural Cogeneración,Venta,España,SZR,Generación,NEXU,"3,7"
TFONZ,TFONZ,PURINES EN FONZ,18W000000000UDCA,Gas Natural Cogeneración,Venta,España,SZR,Generación,EGLE,"7,4"
TFOREST,TFOREST,"FOREST ( NO RENOVABLE,TARIFA,NO EXENTO )",18WTFOREST-123-F,Derivados del petróleo ó carbón,Venta,España,SZR,Generación,DETIC,"23,5"
TFREPP,FREPP,COGS PETRONROR A TARIFA,18WTFREPP-1234-1,Gas Natural Cogeneración,Venta,España,SZR,Generación,REPP,"43,3"
TFREPP2,PETRONOR6,PETRONOR6,18W000000000NMMS,Gas Natural Cogeneración,Venta,España,SZR,Generación,REPP,"37,9"
TFRIGN,TFRIGN,18WTFRIGN-1234-L,18WTFRIGN-1234-L,Derivados del petróleo ó carbón,Venta,España,SZR,Generación,EGLE,"13,1"
TFSAMP,TARMAS10MW,TARIFA MAS DE 10MW,18WTFSAMP-1234-K,Gas Natural Cogeneración,Venta,España,SZR,Generación,SAMP,"33,0"
TFSEDAE,TFSEDAE,UP TERMICA A TARIFA MAYOR 10MW,18WTFSEDAE-123-Q,Gas Natural Cogeneración,Venta,España,SZR,Generación,SEDAE,"49,9"
TFUDEP,TFUDEP,18WTFUDEP-1234-3,18WTFUDEP-1234-3,Gas Natural Cogeneración,Venta,España,SZR,Generación,EGLE,"15,0"
TGALES,TGALES,GALESA GN AE 1MW,18WTGALES-1234-X,Gas Natural Cogeneración,Venta,España,SZR,Generación,CEG,"2,1"
TGARFER,TGARFER,UP TERMICA GARFER,18W000000000OF9Y,Gas Natural Cogeneración,Venta,España,SZR,Generación,NEXU,"3,6"
TGBSC01,TGBSC01,TGB SA,18W0000000007IAH,Consumos directos en mercado,Compra,España,SZR,Consum. directos a mercado,TGBSA,"0,6"
TGCOOSU,TGCOOSU,TERMICA GN-COG,18WTGCOOSU-123-V,Gas Natural Cogeneración,Venta,España,SZR,Generación,DETIC,"13,7"
TGEC,TGEC,18WTGEC-123456-3,18WTGEC-123456-3,Gas Natural Cogeneración,Venta,España,SZR,Generación,EGLE,"9,8"
TGECAS,TGECAS,GECASA - AÑARBE GN AE 1MW,18W000000000034S,Gas Natural Cogeneración,Venta,España,SZR,Generación,CEG,"4,2"
TGEMOT,TGEMOT,18WTGEMOT-1234-T,18WTGEMOT-1234-T,Gas Natural Cogeneración,Venta,España,SZR,Generación,EGLE,"13,3"
TGIRCO,TGIRCO,GIROA COGENERACION,18W00000000001OV,Gas Natural Cogeneración,Venta,España,SZR,Generación,WMARK,"4,2"
TGIRSA,TGIRSA,GIROA SA,18W00000000001PT,Gas Natural Cogeneración,Venta,España,SZR,Generación,WMARK,"4,0"
TGRESP,TGRESP,GRESPANIA,18W000000000JLZL,Gas Natural Cogeneración,Venta,España,SZR,Generación,WMARK,"4,9"
TGRIFOL,GRIFOLS,GRIFOLS,18WTGRIFOL-123-S,Gas Natural Cogeneración,Venta,España,SZR,Generación,AME,"6,0"
TGSEAT,TGSEAT,TGSEAT,18W000000000V8RS,Gas Natural Cogeneración,Venta,España,SZR,Generación,AME,"22,8"
TGST148,TGST148,TGST148,18W000000000RWMJ,Solar térmica,Venta,España,SZR,Generación,GESTE,"49,9"
TGST149,TGST149,TGST149,18W000000000RWPD,Solar térmica,Venta,España,SZR,Generación,GESTE,"49,9"
TGST188,TGST188,TGST188,18W000000000T89Z,Solar térmica,Venta,España,SZR,Generación,GESTE,"50,0"
TGST229,TGST229,TGST229,18W000000000TOSN,Solar térmica,Venta,España,SZR,Generación,GESTE,"49,9"
TGST321,TGST321,TGST321,18W000000000UZOV,Solar térmica,Venta,España,SZR,Generación,GESTE,"17,0"
TGST322,TGST322,TGST322,18W000000000UZQR,Solar térmica,Venta,España,SZR,Generación,GESTE,"50,0"
TGST323,TGST323,TGST323,18W000000000UZSN,Solar térmica,Venta,España,SZR,Generación,GESTE,"50,0"
TGYEC01,TGYE,TOTAL GAS Y ELECTRICIDAD ESPAÑA,18W00000000056HA,Comercializadores mercado libre,Compra,España,SZR,Comercializadores,TGYE,"1,0"
TGYER01,TGYE SRAD,TGYE SRAD,18W000000000S3D9,Comercializadores mercado libre,Compra,España,SZR,Comercializadores,TGYE,"25,0"
THARIM,THARIM,UP HARIMASA,18WTHARIM-1234-A,Gas Natural Cogeneración,Venta,España,SZR,Generación,GNRA,"1,0"
THCTUDE,THCTUDE,COGENERACION TUDELA,18WTHCTUDE-12--B,Gas Natural Cogeneración,Venta,España,SZR,Generación,HC G,"10,0"
THELC01,THELC01,UP THE ELECTRICTY,18W000000000QZNC,Comercializadores mercado libre,Compra,España,SZR,Comercializadores,THELE,"0,1"
THERC01,THERMOLYMP,THERMOLYMPIC S.L,18WTHERC01-123-L,Consumos directos en mercado,Compra,España,SZR,Consum. directos a mercado,THER,"0,7"
THUNOS,THUNOS,HUNOSA - TARIFA TERMICA>10,18WTHUNOS-1234-O,Subproductos minería,Venta,España,SZR,Generación,HUNOS,"50,0"
TICO,TICO,TICO,18W000000000RCL7,Eólica terrestre,Venta,España,END ,Generación,ECYR,"175,0"
TIGALC,ALCARRASIE,VENTA DDP ALCARRAS,18WTIGALC-1234-7,Gas Natural Cogeneración,Venta,España,SZR,Generación,FUTGR,"14,6"
TIGALT,ALTORRICON,DDP ALTORRICON,18W000000000BYUO,Gas Natural Cogeneración,Venta,España,EBC ,Generación,COGEN,"14,6"
TIGCOR,CORCOIE,VENTA DDP CORCO,18WTIGCOR-1234-P,Gas Natural Cogeneración,Venta,España,EBC ,Generación,COGEN,"14,6"
TIGERE,ERESMA,VENTA DDP ERESMA,18WTIGERE-1234-8,Gas Natural Cogeneración,Venta,España,EBC ,Generación,COGEN,"14,6"
TIGTUR,TUREGANO,DDP TURGANO,18W000000000AY62,Gas Natural Cogeneración,Venta,España,EBC ,Generación,COGEN,"14,6"
TIGVOL,VOLTREGA,VENTA DDP VOLTREGA,18WTIGVOL-1234-V,Gas Natural Cogeneración,Venta,España,SZR,Generación,FUTGR,"14,6"
TINDIP,TINDIP,18WTINDIP-1234-8,18WTINDIP-1234-8,Gas Natural Cogeneración,Venta,España,SZR,Generación,EGLE,"2,0"
TINGARO,INGAROIL,INGAROIL,18WTINGARO-123-V,Residuos varios,Venta,España,SZR,Generación,INGAR,"15,6"
TINMAL,TINMAL,18WTINMAL-1234-M,18WTINMAL-1234-M,Gas Natural Cogeneración,Venta,España,SZR,Generación,EGLE,"13,2"
TINROKO,TINROKO,UP INDUSTRIAS ROKO,18W000000000THZU,Gas Natural Cogeneración,Venta,España,SZR,Generación,EGLE,"3,5"
TIRCC01,TIRVIA,SOCIETAT MUNICIPAL DE COMERCIALITZACIO ELECTRICA DE TIRVIA SL.U.,18W00000000056YD,Comercializadores mercado libre,Compra,España,SZR,Comercializadores,COTIR,"0,3"
TJEB,TAJOENC B,C.H.B. TAJO ENCANTADA BOMBEO,18WTJEB-12345-0X,Consumo bombeo,Compra,España,SZR,Consumo bombeo,ENDG,"420,0"
TJEG,TAJOENC G,C.H. TAJO ENCANTADA GENERACION,18WTJEG-12345-0K,Turbinación bombeo,Venta,España,END ,Generación,ENDG,"376,7"
TKERAB,TKERAB,TERMICA KERABEN,18WTKERAB-123-1R,Gas Natural Cogeneración,Venta,España,SZR,Generación,WMARK,"9,6"
TLARODA,TLARODA,"COMPAÑIA ENERGETICA LA RODA, S.L.",18WTLARODA-123-1,Gas Natural Cogeneración,Venta,España,SZR,Generación,GNRA,"8,2"
TLATINF,UP LATIN,UP LATINFOODS,18W000000000T0FA,Derivados del petróleo ó carbón,Venta,España,SZR,Generación,GEMSL,"6,4"
TLCMC01,TEL COMER1,TELECOR COMERCIALIZADORA 01,18W000000000JTMN,Comercializadores mercado libre,Compra,España,SZR,Comercializadores,TLCOR,"1,0"
TLCRC01,TLCOR,TLCOR,18W000000000J7YS,Consumos directos en mercado,Compra,España,SZR,Consum. directos a mercado,TLCOR,"16.676,1"
TLEITZA,TLEITZA,UP TERMICA SARRIOPAPEL,18WTLEITZA-123-B,Gas Natural Cogeneración,Venta,España,SZR,Generación,NEXU,"7,2"
TLLERPR,TLLERPR,UNIDAD PROGRAMACION LLERPROTEIN,18WTLLERPR-123-R,Gas Natural Cogeneración,Venta,España,SZR,Generación,AME,"7,7"
TMARDG,TMARDG,18WTMARDG-1234-6,18WTMARDG-1234-6,Gas Natural Cogeneración,Venta,España,SZR,Generación,EGLE,"3,1"
TMARE,TMARE,MARE -TARIFA>10MW,18WTMARE-12345-R,Gas Natural Cogeneración,Venta,España,SZR,Generación,CEG,"12,0"
TMARIG,TMARIG,18WTMARIG-1234-Z,18WTMARIG-1234-Z,Derivados del petróleo ó carbón,Venta,España,SZR,Generación,EGLE,"5,4"
TMBPE,TMBPE,UP COG PREMB,18WTMBPE-1234--H,Gas Natural Cogeneración,Venta,España,SZR,Generación,NEXU,"3,4"
TMEH,TMEH,COG MUSEO EVOL HUMANA,18W000000000JE3W,Gas Natural Cogeneración,Venta,España,SZR,Generación,CEG,"2,3"
TMGAL,TMGAL,TMGAL,18W000000000NBIW,Solar fotovoltaica,Venta,España,SZR,Generación,GNRA,"38,7"
TMILAG,TMILAG,UP ENERGYWORKS MILAGROS,18W000000000UDE6,Gas Natural Cogeneración,Venta,España,SZR,Generación,EGLE,"7,4"
TMILLAN,TMILLAN,UP ENERGYWORKS SAN MILLAN,18W000000000UDG2,Gas Natural Cogeneración,Venta,España,SZR,Generación,EGLE,"7,4"
TMIRALP,MIRALCAMP,MIRALCAMP ARGAL,18WTMIRALP-123-6,Gas Natural Cogeneración,Venta,España,SZR,Generación,LMER,"2,0"
TMONZO,TMONZO,UP ENERGYWORKS MONZON,18W000000000UDIZ,Gas Natural Cogeneración,Venta,España,SZR,Generación,EGLE,"14,8"
TMOVIAL,TMOVIAL,MOVIALSA GN AE 1MW,18WTMOVIAL-123-I,Gas Natural Cogeneración,Venta,España,SZR,Generación,EENER,"19,8"
TMOVIAS,TMOVIAS,MOVIALSA COGENERACIÓN,18WTMOVIAS-123-6,Derivados del petróleo ó carbón,Venta,España,SZR,Generación,EENER,"23,7"
TMOYGI,TMOYGI,MOYRESA GN AE 1MW,18WTMOYGI-123--D,Gas Natural Cogeneración,Venta,España,SZR,Generación,CEG,"19,8"
TNARAN,UP ARAN,UP NEO ARAN,18W000000000USJP,Gas Natural Cogeneración,Venta,España,SZR,Generación,GEMSL,"14,9"
TNCA,NCA,NEWARK CATALANA,18WTNCA-123456-Z,Gas Natural Cogeneración,Venta,España,SZR,Generación,AME,"4,8"
TNCINCA,UP CINCA V,UP NEO CINCA VERDE,18W000000000UYZC,Gas Natural Cogeneración,Venta,España,SZR,Generación,GEMSL,"24,9"
TNEO,COG NEOELE,COG NEOELECTRA,18W000000000UZUJ,Gas Natural Cogeneración,Venta,España,SZR,Generación,CLIDM,"9,7"
TNEOROD,TNEOROD,UP NEO SC LA RODA SA,18W000000000MFIO,Gas Natural Cogeneración,Venta,España,SZR,Generación,EGLE,"9,7"
TNESEP,TNESPE,UNIDAD DE PROGRAMACIÓN NESTLE LA PENILLA,18WTNESEP-1234-7,Gas Natural Cogeneración,Venta,España,SZR,Generación,AME,"5,5"
TNFUEDP,UP FDP,UP NOELECTRA FDP,18W000000000UNTK,Gas Natural Cogeneración,Venta,España,SZR,Generación,GEMSL,"16,4"
TNGRADO,UP TN GRAD,UP NEOLECTRA GRADO,18W000000000UNRO,Gas Natural Cogeneración,Venta,España,SZR,Generación,GEMSL,"24,0"
TNMORON,UP MORON,UP NEO MORON,18W000000000UNVG,Gas Natural Cogeneración,Venta,España,SZR,Generación,GEMSL,"10,8"
TNOEL,TNOEL,18WTNOEL-12345-2,18WTNOEL-12345-2,Gas Natural Cogeneración,Venta,España,SZR,Generación,NOEL,"8,9"
TNPCE,TNPCE,TARIFA >10 NPC,18WTNPCE-1234-1E,Gas Natural Cogeneración,Venta,España,SZR,Generación,WMARK,"13,6"
TNSA,NSA,ABELAN SAN ANDRES,18WTNSA-123456-7,Gas Natural Cogeneración,Venta,España,SZR,Generación,AME,"6,7"
TNUCE,TNUCE,18WTNUCE-12345-J,18WTNUCE-12345-J,Derivados del petróleo ó carbón,Venta,España,SZR,Generación,EGLE,"3,9"
TOECC01,TRISO,TRISOLARIS,18W000000000R1WI,Comercializadores mercado libre,Compra,España,SZR,Comercializadores,TRISO,"1,0"
TOFGE,TOFGE,TOFGE PINARES,18W0000000008QQV,Solar fotovoltaica,Venta,España,SZR,Generación,GNRA,"1,9"
TOLEPU,TOLEPU,18W00000000072QX,18W00000000072QX,Gas Natural Cogeneración,Venta,España,SZR,Generación,EGLE,"9,1"
TOLEXTR,TOLEXTR,OLEXTRA T,18W000000000O2UV,Gas Natural Cogeneración,Venta,España,EBC ,Generación,COGEN,"16,6"
TOMMC01,TOMMI,TOMMI ENERGY SL,18W000000000RW5G,Comercializadores mercado libre,Compra,España,SZR,Comercializadores,TOMMY,"1,0"
TOREC01,TOREC01,TOREC01,18W0000000001PEC,Comercializadores mercado libre,Compra,España,SZR,Comercializadores,TOREN,"0,1"
TOREMB,TOREMB,18W0000000000XMD,18W0000000000XMD,Derivados del petróleo ó carbón,Venta,España,SZR,Generación,EGLE,"11,9"
TORIA,TORIA,18WTORIA-1234-1U,18WTORIA-1234-1U,Gas Natural Cogeneración,Venta,España,SZR,Generación,EGLE,"5,4"
TORMC01,TORMESH,TORMEHS SOLUTIONS,18W000000000TJIL,Comercializadores mercado libre,Compra,España,SZR,Comercializadores,TORME,"1,0"
TORTE01,TORTE CU,TORTOSA ENERGÍA - C. CUALIFICADO,18WTORTE01-12-2L,Consumos directos en mercado,Compra,España,SZR,Consum. directos a mercado,TORTE,"100,0"
TOTGCP3,TOTGCP3,BORDER,18WTOTGCP3-12-43,Exportación Francia,Compra,Francia-España,SZR,Comercializador internacional,TOTGA,"1.400,0"
TOTGVP3,TOTGVP3,TOTGVP3,18WTOTGVP3-12-3J,Importación Francia,Venta,Francia-España,SZR,Comercializador internacional,TOTGA,"1.400,0"
TPAARA,TPAARA,18WTPAARA-123--3,18WTPAARA-123--3,Gas Natural Cogeneración,Venta,España,SZR,Generación,EGLE,"13,9"
TPALAC,TPALAC,18WTPALAC-1234-F,18WTPALAC-1234-F,Gas Natural Cogeneración,Venta,España,SZR,Generación,EGLE,"9,9"
TPAMEC,TPAMEC,18WTPAMEC-1234-6,18WTPAMEC-1234-6,Gas Natural Cogeneración,Venta,España,SZR,Generación,EGLE,"9,1"
TPANTA,TPANTA,PANTANET,18W000000000NNTB,Gas Natural Cogeneración,Venta,España,SZR,Generación,CEG,"5,0"
TPAPRI,TPAPRI,18W0000000009ZQ0,18W0000000009ZQ0,Gas Natural Cogeneración,Venta,España,SZR,Generación,EGLE,"4,7"
TPAPRI1,TPAPRI1,UP PAPRI CON MECANISMO,18W000000000NWQR,Gas Natural Cogeneración,Venta,España,SZR,Generación,EGLE,"6,4"
TPAYCA,TPAYCA,18WTPAYCA-1234-V,18WTPAYCA-1234-V,Gas Natural Cogeneración,Venta,España,AXC ,Generación,EGLE,"7,5"
TPCOGE,TPCOGE,18W00000000064BO,18W00000000064BO,Gas Natural Cogeneración,Venta,España,AXC ,Generación,EGLE,"31,3"
TPCOGEN,TPCOGEN,18WTPCOGEN-123-8,18WTPCOGEN-123-8,Gas Natural Cogeneración,Venta,España,SZR,Generación,EGLE,"7,3"
TPCOVI,TPCOVI,TERMICA PETR COG VILLARICOS,18WTPCOVI-1234-M,Derivados del petróleo ó carbón,Venta,España,SZR,Generación,EGLE,"22,3"
TPEEXXI,TPEEXXI,"ENDESA CUR  ( TERMICA NO RENOVABLE, PRUEBAS)",18WTPEEXXI-123-1,Gas Natural Cogeneración,Venta,España,SZR,Generación,EEXXI,"0,9"
TPEONUR,TPEONUR,"E.ON CUR ( TERMICA NO RENOVABLE, PRUEBAS)",18WTPEONUR-123-Q,Gas Natural Cogeneración,Venta,España,SZR,Generación,EONUR,"0,0"
TPERSAN,TPERSAN,TPERSAN,18W000000000JLWR,Gas Natural Cogeneración,Venta,España,SZR,Generación,DETIC,"6,8"
TPFEN,COGPOOL,COGENERACION POOL,18WTPFEN-12345-M,Derivados del petróleo ó carbón,Venta,España,SZR,Generación,FEN,"0,0"
TPGUIZ,TPGUIZ,18WTPGUIZ-1234-A,18WTPGUIZ-1234-A,Gas Natural Cogeneración,Venta,España,SZR,Generación,EGLE,"48,6"
TPHCCUR,TPHCCUR,"HIDROCANTABRICO CUR ( TERMICA NO RENOVABLE, PRUEBAS)",18WTPHCCUR-123-R,Gas Natural Cogeneración,Venta,España,SZR,Generación,HCCUR,"0,0"
TPIBCUR,TPIBCUR,"IBERDROLA CUR  (  TERMICA NO RENOVABLE, PRUEBAS)",18WTPIBCUR-123-Q,Derivados del petróleo ó carbón,Venta,España,SZR,Generación,IBCUR,"2,0"
TPIBGES,TPIBGES,UP CARBALLO,18W000000000PNPB,Derivados del petróleo ó carbón,Venta,España,SZR,Generación,IBGES,"13,1"
TPIERO,TPIERO,PIEROLA 1MW AE GASOLEO,18W00000000018WR,Derivados del petróleo ó carbón,Venta,España,SZR,Generación,CEG,"4,4"
TPLACG,TPLACG,TPLACG,18WTPLACG-123--6,Derivados del petróleo ó carbón,Venta,España,SZR,Generación,PLACG,"8,3"
TPLAST,TPLAST,UNIDAD DE PROGRMACIÓN PLASTIVERD,18WTPLAST-1234-2,Gas Natural Cogeneración,Venta,España,SZR,Generación,AME,"7,3"
TPODEBO,TPODEBO,PODEBO RDL 17_2022,18W000000000OIL1,Gas Natural Cogeneración,Venta,España,SZR,Generación,CEG,"0,5"
TPYC2,TPYC2,18WTPYC2-12345-M,18WTPYC2-12345-M,Gas Natural Cogeneración,Venta,España,SZR,Generación,EGLE,"8,8"
TPYCE,TPYCE,18WTPYCE-1234-12,18WTPYCE-1234-12,Gas Natural Cogeneración,Venta,España,SZR,Generación,EGLE,"9,9"
TPYSA,TPYSA,18W0000000000IPF,18W0000000000IPF,Gas Natural Cogeneración,Venta,España,AXC ,Generación,EGLE,"34,9"
TRADC01,COMPENERGI,COMPRAENERGIAGRUPO,18W000000000GMIR,Consumos directos en mercado,Compra,España,SZR,Consum. directos a mercado,TRADB,"11.136,0"
TRC2,TRC2,TRC2,18WTRC2-123456-U,Hidráulica UGH,Venta,España,SZR,Generación,WMARK,"0,9"
TRCD,TRCD,TRCD,18WTRCD-123456-V,Hidráulica UGH,Venta,España,SZR,Generación,WMARK,"2,2"
TRECKIT,TRECKIT,TRECKIT,18W000000000NOW2,Gas Natural Cogeneración,Venta,España,SZR,Generación,DETIC,"3,6"
TRELECO,TRELECO,RELECO DERIV PET AE 1MW,18W0000000001U3J,Derivados del petróleo ó carbón,Venta,España,SZR,Generación,CEG,"4,7"
TREPP,TREPP,"REPSOL PETROLEO (TARIFA, NO RENOVABLE)",18WTREPP-12345-T,Gas Natural Cogeneración,Venta,España,SZR,Generación,REPP,"40,8"
TRICC01,TRICLINIUM,TRICLINIUM INVERSIONES SL,18W000000000SESK,Comercializadores mercado libre,Compra,España,SZR,Comercializadores,TRICL,"0,6"
TRIPCX1,TRIPCX1,TRIPCX1,18W000000000STZZ,Porfolio,Compra,España,SZR,Unidades porfolio,TRISO,"9.999,0"
TRIPVX1,TRIPVX1,TRIPVX1,18W000000000SU1Q,Porfolio,Venta,España,SZR,Unidades porfolio,TRISO,"9.999,0"
TRL1,TRILLO,C.N. TRILLO,18WTRL1-12345-0Y,Nuclear,Venta,España,SZR,Generación,IGNU,"1.003,4"
TRLE,TRLE,18WTRLE-123456-X,18WTRLE-123456-X,Gas Natural Cogeneración,Venta,España,SZR,Generación,EGLE,"10,2"
TRLE1,TRLE1,UP MECANISMO AJUSTE RLESG,18W000000000NSDS,Gas Natural Cogeneración,Venta,España,SZR,Generación,EGLE,"4,0"
TRODO2,TRODO2,18WTRODO2-1234-J,18WTRODO2-1234-J,Híbrida renovable-térmica no renovable,Venta,España,SZR,Generación,EGLE,"6,8"
TRODON,TRODON,18WTRODON-123--E,18WTRODON-123--E,Gas Natural Cogeneración,Venta,España,SZR,Generación,EGLE,"6,8"
TRPCAR2,TREPP2,REPSOL CARTAGENA 2,18WTRPCAR2-123-L,Gas Natural Cogeneración,Venta,España,SZR,Generación,REPP,"39,9"
TSALIA,TSALIA,SALIANA DERIV PET AE 1MW,18W0000000001U1N,Derivados del petróleo ó carbón,Venta,España,SZR,Generación,CEG,"7,1"
TSALONI,TSALONI,UP COGENERACION SALONI,18W000000000NL5S,Gas Natural Cogeneración,Venta,España,SZR,Generación,NEXU,"4,4"
TSANTA,TSANTA,UP SANTANDERINA,18W000000000NMAF,Gas Natural Cogeneración,Venta,España,SZR,Generación,NEXU,"4,5"
TSANTG,TSANTG,18WTSANTG-1234-F,18WTSANTG-1234-F,Gas Natural Cogeneración,Venta,España,ENCE ,Generación,SANTG,"12,8"
TSAVA,TSAVA,SAVA T,18W000000000O38Z,Gas Natural Cogeneración,Venta,España,EBC ,Generación,COGEN,"15,0"
TSEPIOL,SEPIOL,SEPIOLSA,18WTSEPIOL-123-4,Gas Natural Cogeneración,Venta,España,SZR,Generación,AME,"5,2"
TSERVI,TSERVI,18WTSERVI-1234-8,18WTSERVI-1234-8,Gas Natural Cogeneración,Venta,España,SZR,Generación,EGLE,"14,2"
TSIRUS,TSIRUS,SERVEI DINCINERACIÓ DELS RESIDUS URBANS ( T ),18WSIRUSA------6,Residuos domésticos y similares,Venta,España,SZR,Generación,SIRUS,"7,4"
TSLQ,TSLQ,UNIDAD DE PROGRMACIÓN DE SULQUISA,18WTSLQ-12345-1T,Gas Natural Cogeneración,Venta,España,SZR,Generación,AME,"14,8"
TSMAJAD,TSMAJADAS,TS MAJADAS,18W000000000TXHI,Solar térmica,Venta,España,SZR,Generación,WMARK,"50,0"
TSMURES,TSMURES,SMURFIT KAPPA ESPANA,18W0000000005WNV,Gas Natural Cogeneración,Venta,España,SZR,Generación,WMARK,"24,7"
TSOGAM,TSOGAM,SOGAMA S.A. (T),18WTSOGAM-123-1S,Gas Natural Cogeneración,Venta,España,SZR,Generación,WMARK,"21,2"
TSOLC01,TSOL_UPC01,TELEFONICA SOLUCIONES (UNIDAD PROGRAMACION COMERCIALIZACION),18WTSOLUCIONES02,Comercializadores mercado libre,Compra,España,SZR,Comercializadores,TSOL,"75,0"
TSOLVAI,TSOLVAY I,TSOLVAY I,18W00000000029FH,Derivados del petróleo ó carbón,Venta,España,SZR,Generación,REPSB,"47,0"
TSOLVAY,TSOLVAYII,TSOLVAYII,18W00000000029GF,Gas Natural Cogeneración,Venta,España,SZR,Generación,REPSB,"42,0"
TSORELL,TSORELLANA,TS ORELLANA,18W000000000TXFM,Solar térmica,Venta,España,SZR,Generación,WMARK,"49,9"
TSPALMA,PALMARIO,TS PALMA DEL RIO,18W000000000TXCS,Solar térmica,Venta,España,SZR,Generación,WMARK,"100,0"
TSRDCP3,TSRDCP3,TSRDE EXPORT,18W000000000IJ1P,Exportación Francia,Compra,Francia-España,SZR,Comercializador internacional,TSRDE,"500,0"
TSRDVP3,TSRDVP3,TSR DE IMPORT UNIT,18W000000000IJ0R,Importación Francia,Venta,Francia-España,SZR,Comercializador internacional,TSRDE,"500,0"
TSRISCA,TSRISCA,TS LA RISCA,18W000000000TXIG,Solar térmica,Venta,España,SZR,Generación,WMARK,"50,0"
TSTENBA,TSTENBA,18WTSTENBA-123-B,18WTSTENBA-123-B,Gas Natural Cogeneración,Venta,España,SZR,Generación,EGLE,"46,0"
TTABLER,TTABLER,"TABLER ( NO RENOVABLE,TARIFA,NO EXENTO )",18WTTABLER-123-2,Derivados del petróleo ó carbón,Venta,España,SZR,Generación,WMARK,"24,8"
TTARBA,TTARBA,TARBA T,18W000000000JYRZ,Residuos varios,Venta,España,SZR,Generación,GEMSL,"8,1"
TTBAYPO,TTBAYPO,TTBAYPO,18W000000000JGNN,Gas Natural Cogeneración,Venta,España,SZR,Generación,DETIC,"14,5"
TTECGA,TTECGA,18W00000000078V5,18W00000000078V5,Gas Natural Cogeneración,Venta,España,SZR,Generación,EGLE,"7,3"
TTECQU,TTECQU,TECNICAS DE COGENERACIÓN DE QUART ( T ),18WTTECQU-1234-L,Gas Natural Cogeneración,Venta,España,IGNIS ,Generación,IGNIS,"7,3"
TTFANOI,TFANOIA,TARIFA>10 ANOIA,18WTTFANOI-123-X,Gas Natural Cogeneración,Venta,España,SZR,Generación,NEXU,"13,8"
TTFCONF,TFCONFIREL,TARIFA>10 CONFIREL,18WTTFCONF-123-X,Gas Natural Cogeneración,Venta,España,SZR,Generación,NEXU,"11,9"
TTFGALL,TFGALLREGA,TARIFA>10 GALLREGA,18WTTFGALL-123-J,Gas Natural Cogeneración,Venta,España,SZR,Generación,NEXU,"14,8"
TTFMOTR,TFMOTRIL,TARIFA>10 COG.MOTRIL,18WTTFMOTR-123-N,Gas Natural Cogeneración,Venta,España,SZR,Generación,NEXU,"48,8"
TTFTPSJ,TTFTPSJ,TARIFA>10 COG.TPSJOAN,18WTTFTPSJ-123-8,Gas Natural Cogeneración,Venta,España,SZR,Generación,NEXU,"24,9"
TTFTPZG,TFTPZG,TARIFA>10 TPZARAGOZA GAS,18WTTFTPZG-123-A,Gas Natural Cogeneración,Venta,España,SZR,Generación,NEXU,"23,6"
TTFTREN,TFTRENCA,TARIFA>10 TRENCA,18WTTFTREN-123-0,Gas Natural Cogeneración,Venta,España,SZR,Generación,NEXU,"13,4"
TTIBGES,COG PETROL,COGENERACION PETROLEO,18WTTIBGES-123-Q,Derivados del petróleo ó carbón,Venta,España,SZR,Generación,IBGES,"18,0"
TTINTS,TTINTS,18W0000000009YMB,18W0000000009YMB,Gas Natural Cogeneración,Venta,España,SZR,Generación,EGLE,"2,0"
TTOLSA,TTOLSA,TOLSA - TARIFA>10MW,18WTTOLSA-1234-0,Gas Natural Cogeneración,Venta,España,SZR,Generación,CEG,"12,5"
TTOVAG,TTOVAG,18WTTOVAG-1234-E,18WTTOVAG-1234-E,Gas Natural Cogeneración,Venta,España,SZR,Generación,EGLE,"22,9"
TTRACTA,TTRACTA,TTRACTA,18W000000000RCTS,Biogás,Venta,España,SZR,Generación,DETIC,"1,3"
TTRAJUN,TTRAJUN,TTRAJUN,18W000000000RCVO,Gas Natural Cogeneración,Venta,España,SZR,Generación,DETIC,"15,0"
TTROYO,TTROYO,UP COG ROYO,18W000000000OI9P,Gas Natural Cogeneración,Venta,España,SZR,Generación,NEXU,"1,0"
TTUDELA,TTUDELA,UP CIUDAD AGROALIMENTARIA TUDELA,18WTTUDELA-12--B,Gas Natural Cogeneración,Venta,España,SZR,Generación,GNRA,"9,9"
TUELC01,UP TUELE,UP TU ELECTRICA,18W000000000OGZG,Comercializadores mercado libre,Compra,España,SZR,Comercializadores,TUELE,"0,1"
TUEMADE,TUEMADE,"UEMADE ( NO RENOVABLE,TARIFA,NO EXENTO )",18WTUEMADE-123-Y,Derivados del petróleo ó carbón,Venta,España,SZR,Generación,WMARK,"14,7"
TUFICS,TUFICS,UNIDAD DE PROGRAMACIÓN DE UFICSA,18WTUFICS-1234-6,Gas Natural Cogeneración,Venta,España,SZR,Generación,AME,"32,5"
TUSARGO,TUSARGO,UP USARGOITI,18WTUSARGO-123-C,Derivados del petróleo ó carbón,Venta,España,SZR,Generación,GNRA,"1,9"
TUTETEM,GTA2UTETEM,UP GTA2 UTE TEM,18WTUTETEM-123-A,Residuos domésticos y similares,Venta,España,SZR,Generación,UTTEM,"13,1"
TUTISA,TUTISA,UTISA - TARIFA>10MW,18WTUTISA-123-1B,Gas Natural Cogeneración,Venta,España,SZR,Generación,CEG,"10,0"
TVALPBA,TVALPBA,TERMICA VALPUREN BANUELO,18WTVALPBA-123-M,Gas Natural Cogeneración,Venta,España,EBC ,Generación,COGEN,"16,5"
TVCOMAT,TVCOMAT,VALPUREN COMAT TERMICA,18WTVCOMAT-123-K,Gas Natural Cogeneración,Venta,España,EBC ,Generación,COGEN,"16,5"
TVGARR,TVGARR,UP RE-3886   2,18W000000000RC36,Gas Natural Cogeneración,Venta,España,SZR,Generación,EGLE,"15,0"
TVGNRA2,TVGNRA2,TVGNRA2,18W000000000LUKG,Derivados del petróleo ó carbón,Venta,España,SZR,Generación,GNRA,"3,2"
TWAME,TWAME,TWAME - CHP NO ALTA EFICIENCIA POT SUPERIOR 1 MW,18W00000000005D4,Gas Natural Cogeneración,Venta,España,SZR,Generación,AME,"2,6"
TWART2,TWART2,UP WARTSILA 2,18W0000000005DNE,Energía residual,Venta,España,SZR,Generación,AME,"13,0"
TWARTS,TWARTS,WARTSILA IBERICA ( T ),18WTWARTS-1234-G,Energía residual,Venta,España,SZR,Generación,WARTS,"14,9"
TYAME,TYAME,"AME ( NO RENOVABLE, TARIFA, NO EXENTO)",18WTYAME-12345-7,Gas Natural Cogeneración,Venta,España,SZR,Generación,AME,"8,1"
TYCEG,TYCEG,"CEG (TARIFA, NO RENOVABLE, NO EXENTO)",18WTYCEG-12345-A,Gas Natural Cogeneración,Venta,España,SZR,Generación,CEG,"4,4"
TYEEXXI,TYEEXXI,"ENDESA CUR  ( TARIFA, TERMICA NO RENOVABLE, NO EXENTA)",18WTYEEXXI-123-4,Gas Natural Cogeneración,Venta,España,SZR,Generación,EEXXI,"62,7"
TYEGLE,TYEGLE,"EGLE (TARIFA, NO RENOVABLE, NO EXENTO)",18WTYEGLE-1234-K,Gas Natural Cogeneración,Venta,España,SZR,Generación,EGLE,"3,0"
TYEONUR,TYEONUR,"E.ON CUR ( TARIFA, TERMICA NO RENOVABLE, NO EXENTA)",18WTYEONUR-123-T,Gas Natural Cogeneración,Venta,España,SZR,Generación,EONUR,"6,7"
TYESYF,TYESYF,YESYFORMA T,18W000000000GMOF,Gas Natural Cogeneración,Venta,España,SZR,Generación,GEMSL,"1,5"
TYGEMSL,TYGEMSL,TARIFA VENTA GEM NO RENOVABLE,18WTYGEMSL-123-Q,Gas Natural Cogeneración,Venta,España,SZR,Generación,GEMSL,"3,9"
TYGENER,TYGENER,"GENER ( NO RENOVABLE, TARIFA, NO EXENTO)",18WTYGENER-123-D,Gas Natural Cogeneración,Venta,España,SZR,Generación,ADXRE,"0,9"
TYGNRA,TYGNRA,"GNRA ( TARIFA, NO RENOVABLE,NO EXENTO)",18WTYGNRA-1234-H,Gas Natural Cogeneración,Venta,España,SZR,Generación,GNRA,"3,4"
TYGNSUR,TYGNSUR,"GAS NATURAL SUR SDG ( TARIFA, TERMICA NO RENOVABLE, NO EXENTA)",18WTYGNSUR-123-9,Gas Natural Cogeneración,Venta,España,SZR,Generación,GNSUR,"36,5"
TYHCCUR,TYHCCUR,"HIDROCANTABRICO CUR ( TARIFA,TERMICA NO RENOVABLE, NO EXENTA)",18WTYHCCUR-123-U,Gas Natural Cogeneración,Venta,España,SZR,Generación,HCCUR,"6,0"
TYHCG,TYHCG,VENTA COGENERACIONES Y MICROS,18W000000000CRQC,Gas Natural Cogeneración,Venta,España,SZR,Generación,HC G,"0,0"
TYIBCUR,TYIBCUR,"IBERDROLA CUR  ( TARIFA, TERMICA NO RENOVABLE, NO EXENTA)",18WTYIBCUR-123-T,Gas Natural Cogeneración,Venta,España,SZR,Generación,IBCUR,"118,1"
TYLAUE3,TYLAUE3,UP COGENERACION CREVILLENTINA,18W000000000R1DJ,Derivados del petróleo ó carbón,Venta,España,SZR,Generación,LAUEI,"9,2"
TYLMER,TYLMER,"LONJAS Y MERCADOS (TARIFA, NO EXENTO, NO RENOVABLE)",18WTYLMER-1234-R,Gas Natural Cogeneración,Venta,España,SZR,Generación,LMER,"28,6"
TYNEXU,TYNEXU,"NEXUS ENERGÍA ( TARIFA, NO RENOVABLE, NO EXENTO)",18WTYNEXU-1234-1,Gas Natural Cogeneración,Venta,España,SZR,Generación,NEXU,"7,7"
TYTERSA,TERSATERM,TERSA TERMICA PVE,18W0000000007ANF,Residuos domésticos y similares,Venta,España,SZR,Generación,TERSA,"31,7"
TYTRDB,PRODUCCION,PRODUCCION ENERGIA RESIDUOS,18W000000000HJHY,Biogás,Venta,España,SZR,Generación,TRADB,"5,0"
TYWMARK,TYWMARK,COGENERACION SIN UF,18WTYWMARK-123-4,Gas Natural Cogeneración,Venta,España,SZR,Generación,WMARK,"3,8"
TZAME,TZAME,TZAME,18WTZAME-12345-W,Gas Natural Cogeneración,Venta,España,SZR,Generación,AME,"12,1"
TZAME2,TZAME2 TG,TZAME2 TOPADO GAS,18W000000000NPZU,Gas Natural Cogeneración,Venta,España,SZR,Generación,AME,"4,3"
UBORC01,UBORA,UBORA ENERGIA SOCIAL SL,18W000000000V581,Comercializadores mercado libre,Compra,España,SZR,Comercializadores,UBORA,"1,0"
UFBB,BOLARQUE B,C.H.B. BOLARQUE BOMBEO,18WUFBB-12345-0R,Consumo bombeo,Compra,España,SZR,Consumo bombeo,GNFG,"208,0"
UFBG,BOLARQUE G,C.H. BOLARQUE GENERACION,18WUFBG-12345-0E,Turbinación bombeo,Venta,España,NTG ,Generación,GNFG,"215,0"
UFGC,GNF GALCOS,UGH. GNF-GALICIA COSTA,18WUFGC--1234-00,Hidráulica UGH,Venta,España,NTG ,Generación,GNFG,"385,4"
UFMI,GNF MIÑO,UGH. GNF-MIÑO,18WUFMI-12345-0L,Hidráulica UGH,Venta,España,NTG ,Generación,GNFG,"941,1"
UFTA,GNF TAJO,UGH. GNF-TAJO,18WUFTA-12345-0O,Hidráulica UGH,Venta,España,NTG ,Generación,GNFG,"388,4"
ULEA,ULEA,ULEA,18WULEA-123456-O,Hidráulica UGH,Venta,España,SZR,Generación,BARER,"1,5"
ULSOC01,ULTREYA ,SOL ULTREYA COMERCIALIZADORA,18W000000000K0AJ,Comercializadores mercado libre,Compra,España,SZR,Comercializadores,ULSOL,"1,0"
UMEMC01,UMEME,UMEME UPR1,18W000000000F0ND,Comercializadores mercado libre,Compra,España,SZR,Comercializadores,UMEME,"30,0"
UNELC01,UNELC01,UNIELECTRICA ENERGIA,18WUNELC01-123-X,Comercializadores mercado libre,Compra,España,SZR,Comercializadores,UNEL,"0,2"
UNIPC01,UNIPER,UNIPER,18W000000000LQ2R,Comercializadores mercado libre,Compra,España,SZR,Comercializadores,EON,"10,0"
UP_COGF,UP_COGFUTN,UP_COGENERACION NO ALTA EFICIENCIA,18W0000000005E84,Gas Natural Cogeneración,Venta,España,SZR,Generación,FUTGR,"0,4"
UPACAC,UPCOMPRA,UP ACADIEMS COMPRA,18W000000000T7ZN,Almacenamiento,Compra,España,IGNIS ,Unidades de almacenamiento,IGNIS,"1,0"
UPACAMP,UPACAMPO,UP CF ACAMPO ESTREN 11498,18W000000000RR9N,Solar fotovoltaica,Venta,España,SZR,Generación,IGNIS,"25,0"
UPACAV,UPACADIEMV,UP ACADIEMS VENTA,18W000000000T81E,Almacenamiento,Venta,España,IGNIS ,Unidades de almacenamiento,IGNIS,"1,1"
UPACUI,UPACUI,UPACUI,18W000000000UQ4O,Solar fotovoltaica,Venta,España,SZR,Generación,GNRA,"1,8"
UPADEL,UPADELFA,UP ADELFA SOLAR,18W000000000TBM0,Solar fotovoltaica,Venta,España,IGR ,Generación,IGNIS,"46,5"
UPADGI,UPADGI,UPADGI,18W000000000UQ5M,Solar fotovoltaica,Venta,España,SZR,Generación,GNRA,"1,8"
UPAGA,UPAGA,UPAGA,18W000000000SIJQ,Solar fotovoltaica,Venta,España,SZR,Generación,GNRA,"18,0"
UPAGB,UPAGB,UPAGB,18W000000000SIQC,Solar fotovoltaica,Venta,España,SZR,Generación,GNRA,"22,0"
UPAGE,UPAGE,UPAGE,18W000000000UXPZ,Solar fotovoltaica,Venta,España,SZR,Generación,GNRA,"4,5"
UPAGUI,UPAGUILA,UP UF EL AGUILA,18W000000000VFEX,Solar fotovoltaica,Venta,España,SZR,Generación,IGNIS,"32,3"
UPAIRPO,UPAIRPORT,UP SOLAR AIRPORT FV 1133327,18W000000000RR7R,Solar fotovoltaica,Venta,España,IGR ,Generación,IGNIS,"43,6"
UPAL20,UPALCON20,UP ALCONCHEL 2020,18W000000000UWZI,Solar fotovoltaica,Venta,España,SZR,Generación,IGNIS,"9,8"
UPAL21,UPALCAN21,UP ALCANCHON 2021,18W000000000UX19,Solar fotovoltaica,Venta,España,SZR,Generación,IGNIS,"5,0"
UPALAMB,ALAMBOR SO,ALAMBOR SOLAR SLU,18W000000000SE7P,Solar fotovoltaica,Venta,España,IGR ,Generación,IGNIS,"44,5"
UPALC1,UPALC1,UPALC1,18W000000000SY1E,Solar fotovoltaica,Venta,España,SZR,Generación,GNRA,"43,2"
UPALC2,UPALC2,UPALC2,18W000000000SY2C,Solar fotovoltaica,Venta,España,SZR,Generación,GNRA,"27,1"
UPALDEA,UPALDEA,UPALDEA,18W000000000SY0G,Solar fotovoltaica,Venta,España,SZR,Generación,GNRA,"4,8"
UPALFOZ,ALFOZ,ELICA DEL ALFOZ SL,18W000000000Q2YF,Eólica terrestre,Venta,España,SZR,Generación,IGNIS,"112,0"
UPALG1,UPGUADA1,UP ALCALA GUADAIRA 1,18W000000000T4FZ,Solar fotovoltaica,Venta,España,IGR ,Generación,IGNIS,"10,0"
UPALG2,UPGUADA2,UP ALCALA GUADAIRA 2,18W000000000T4HV,Solar fotovoltaica,Venta,España,IGR ,Generación,IGNIS,"2,7"
UPALMAN,UP ALMANSO,ERG SOLAR ALMANSA SLU,18W000000000SMUT,Solar fotovoltaica,Venta,España,IGR ,Generación,IGNIS,"42,0"
UPALME,UPALMENDRO,UP ALMENDRO SOLAR,18W000000000T4ZW,Solar fotovoltaica,Venta,España,IGR ,Generación,IGNIS,"46,2"
UPALMON,UPALMON,UPALMON,18W000000000VGJK,Solar fotovoltaica,Venta,España,SZR,Generación,GNRA,"4,7"
UPALMZ,UPALMZ,UPALMZ,18W000000000V0QH,Solar fotovoltaica,Venta,España,SZR,Generación,GNRA,"36,3"
UPALTE2,UP ALTER 2,UP ALTER ENERSUN MRIDA DOS SL,18W000000000RQFE,Solar fotovoltaica,Venta,España,IGR ,Generación,IGNIS,"10,8"
UPALTE3,UP ALTER 3,UP ALTER ENERSUN CCERES TRES SL,18W000000000RQEG,Solar fotovoltaica,Venta,España,IGR ,Generación,IGNIS,"24,2"
UPAMB,UPAMB,UPAMB,18W000000000T8FN,Solar fotovoltaica,Venta,España,SZR,Generación,GNRA,"4,3"
UPANDEL,UP ANDELLA,UP PE ANDELLA,18W000000000RQGC,Eólica terrestre,Venta,España,IGS ,Generación,IGNIS,"48,2"
UPANT,UPANT,UPANT,18W000000000S8MD,Solar fotovoltaica,Venta,España,SZR,Generación,GNRA,"45,0"
UPARB,UPARB,UPARB,18W000000000UOF8,Solar fotovoltaica,Venta,España,SZR,Generación,GNRA,"9,0"
UPARCH2,UPARCHO II,UP MATILDE SOLAR SL,18W000000000S7A3,Solar fotovoltaica,Venta,España,IGR ,Generación,IGNIS,"43,5"
UPARCHI,UP ARCHO I,UP IRINEO INERGIA SL,18W000000000S787,Solar fotovoltaica,Venta,España,IGR ,Generación,IGNIS,"43,5"
UPARCKG,UPARCKG,UPARCKG,18W000000000SGIY,Solar fotovoltaica,Venta,España,GNRA01 ,Generación,GNRA,"39,2"
UPARCOH,UPARCOH,UPARCOH,18W000000000R78B,Solar fotovoltaica,Venta,España,GNRA01 ,Generación,GNRA,"42,0"
UPARENA,UP ARENOSA,UP FV ARENOSAS,18W000000000QQST,Solar fotovoltaica,Venta,España,IGR ,Generación,IGNIS,"43,5"
UPARM,UPARM,UPARM,18W000000000TRIY,Solar fotovoltaica,Venta,España,GNRA01 ,Generación,GNRA,"200,0"
UPARN1,UPARN1,UPARN1,18W000000000T0TJ,Solar fotovoltaica,Venta,España,SZR,Generación,GNRA,"8,0"
UPARN2,UPARN2,UPARN2,18W000000000T0UH,Solar fotovoltaica,Venta,España,SZR,Generación,GNRA,"8,0"
UPARN3,UPARN3,UPARN3,18W000000000T0QP,Solar fotovoltaica,Venta,España,SZR,Generación,GNRA,"8,0"
UPARN4,UPARN4,UPARN4,18W000000000T0SL,Solar fotovoltaica,Venta,España,SZR,Generación,GNRA,"6,0"
UPARRO,ARROYADAS,UP FV LAS ARROYADAS,18W000000000RBP2,Solar fotovoltaica,Venta,España,IGR ,Generación,IGNIS,"30,0"
UPATLE,UPATLE,UPATLE,18W000000000V0U9,Solar fotovoltaica,Venta,España,SZR,Generación,GNRA,"36,3"
UPATOMI,ATOMIZADAS,COGENERACIN NUEVAS ATOMIZADAS,18W000000000QGJ3,Gas Natural Cogeneración,Venta,España,SZR,Generación,IGNIS,"4,8"
UPAYM,UPAYM,UPAYM,18W000000000TMST,Eólica terrestre,Venta,España,SZR,Generación,GNRA,"25,0"
UPAZU,UPAZU,UPAZU,18W000000000UXQX,Solar fotovoltaica,Venta,España,SZR,Generación,GNRA,"1,7"
UPBAD1,UPBADAJOZ1,UP BADAJOZ 1,18W000000000TIS4,Solar fotovoltaica,Venta,España,IGR ,Generación,IGNIS,"41,6"
UPBAD2,UPBADAJOZ2,UP BADAJOZ 2,18W000000000SWA2,Solar fotovoltaica,Venta,España,IGR ,Generación,IGNIS,"41,6"
UPBAD3,UPBADAJOZ3,UP BADAJOZ 3,18W000000000TMGG,Solar fotovoltaica,Venta,España,IGR ,Generación,IGNIS,"41,6"
UPBAD4,UPBADAJOZ4,UP BADAJOZ 4,18W000000000SWYS,Solar fotovoltaica,Venta,España,IGR ,Generación,IGNIS,"41,6"
UPBAD5,UPBADAJOZ5,UP BADAJOZ 5,18W000000000TMIC,Solar fotovoltaica,Venta,España,IGR ,Generación,IGNIS,"41,6"
UPBAD6,UPBADAJOZ6,UP BADAJOZ 6,18W000000000TIU0,Solar fotovoltaica,Venta,España,IGR ,Generación,IGNIS,"41,6"
UPBAD7,UPBADAJOZ7,UP BADAJOZ 7,18W000000000SUFZ,Solar fotovoltaica,Venta,España,IGR ,Generación,IGNIS,"24,9"
UPBADF,UPBADF,UPBADF,18W000000000UPX6,Solar fotovoltaica,Venta,España,SZR,Generación,GNRA,"5,0"
UPBADJ,UPBADJZ,UP BADAJOZ ALCONCHEL 2020,18W000000000UWXM,Solar fotovoltaica,Venta,España,SZR,Generación,IGNIS,"10,0"
UPBALU,UPBALUARTE,UP BALUARTE SOLAR,18W000000000U3W0,Solar fotovoltaica,Venta,España,SZR,Generación,IGNIS,"35,3"
UPBAOB,UPBAOBAB,UP BAOBAB SOLAR,18W000000000SOTP,Solar fotovoltaica,Venta,España,IGR ,Generación,IGNIS,"81,2"
UPBARR,UP BARRAN,UP PSF BARRANQUILLA,18W000000000SKJK,Solar fotovoltaica,Venta,España,IGR ,Generación,IGNIS,"40,0"
UPBAYWA,ALHENDIN 2,UP FV ALHENDIN II,18W000000000ROFK,Solar fotovoltaica,Venta,España,IGR ,Generación,IGNIS,"4,0"
UPBEL3,BELINCHON3,BELINCHON III,18W000000000RDTP,Solar fotovoltaica,Venta,España,IGR ,Generación,IGNIS,"41,2"
UPBELII,BELINCHON2,BELINCHON II,18W000000000RDSR,Solar fotovoltaica,Venta,España,IGR ,Generación,IGNIS,"41,2"
UPBELOR,BELORADO,COGENERACIN BELORADO,18W000000000QGI5,Derivados del petróleo ó carbón,Venta,España,SZR,Generación,IGNIS,"19,7"
UPBERRO,UP BERROCA,UP BERROCA-FERROVIAL,18W000000000Q4QP,Solar fotovoltaica,Venta,España,IGR ,Generación,IGNIS,"44,1"
UPBLAN,UPBLAN,UPBLAN,18W000000000SQJ2,Solar fotovoltaica,Venta,España,SZR,Generación,GNRA,"6,0"
UPBOMB,UPBOMBARDA,UP BOMBARDA SOLAR,18W000000000U3U4,Solar fotovoltaica,Venta,España,SZR,Generación,IGNIS,"35,3"
UPBON2,UPBON2,UPBON2,18W000000000R5KU,Solar fotovoltaica,Venta,España,GNRA01 ,Generación,GNRA,"39,6"
UPBON3,UPBON3,UPBON3,18W000000000R5LS,Solar fotovoltaica,Venta,España,GNRA01 ,Generación,GNRA,"36,7"
UPBON4,UPBON4,UPBON4,18W000000000R5MQ,Solar fotovoltaica,Venta,España,GN3 ,Generación,GNRA,"39,6"
UPBONPR,UPBONPR,UPBONPR,18W000000000SK85,Comercializadores mercado libre,Compra,España,SZR,Comercializadores,BNPRU,"2,0"
UPBRAZA,UP BRAZATO,UP ELAWAN FOTOVOLTAICA BRAZATORTAS 220 SL,18W000000000S7FU,Solar fotovoltaica,Venta,España,IGR ,Generación,IGNIS,"44,1"
UPBRAZO,BRAZOINVES,UP BRAZOINVES I,18W000000000RYR3,Solar fotovoltaica,Venta,España,IGR ,Generación,IGNIS,"30,0"
UPBRILE,BRILEN,COGENERACIN BRILEN,18W000000000QGH7,Gas Natural Cogeneración,Venta,España,SZR,Generación,IGNIS,"24,7"
UPBUS,UPBUS,UPBUS,18W000000000T08O,Eólica terrestre,Venta,España,SZR,Generación,GNRA,"50,0"
UPCABEZ,UP CABEZO,UP CABEZO,18W000000000RDDK,Eólica terrestre,Venta,España,IGE ,Generación,IGNIS,"49,4"
UPCAM1,UPCAM1,UPCAM1,18W000000000SILM,Solar fotovoltaica,Venta,España,SZR,Generación,GNRA,"50,0"
UPCAM5,UPCAM5,UPCAM5,18W000000000SIMK,Solar fotovoltaica,Venta,España,SZR,Generación,GNRA,"50,0"
UPCAMI,UPCAMCRUZ,UP CAMINO DE LA CRUZ,18W000000000UHKJ,Solar fotovoltaica,Venta,España,SZR,Generación,IGNIS,"43,5"
UPCARB,UPCARBESO,UP CARBESO SOLAR,18W000000000UHGR,Solar fotovoltaica,Venta,España,IGR ,Generación,IGNIS,"41,3"
UPCARTU,UPCARTU,UPCARTU,18W000000000V50H,Solar fotovoltaica,Venta,España,SZR,Generación,GNRA,"40,0"
UPCASI,UPCASILLA,UP CASILLA SOLAR,18W000000000UOZ5,Solar fotovoltaica,Venta,España,SZR,Generación,IGNIS,"45,0"
UPCASTA,UP CASTAÑO,UP CASTAÑO SOLAR,18W000000000SNID,Solar fotovoltaica,Venta,España,IGR ,Generación,IGNIS,"112,8"
UPCENS,UPCENS,UPCENS,18W000000000TGYZ,Solar fotovoltaica,Venta,España,SZR,Generación,GNRA,"4,9"
UPCERN,CERNEG,UP  CERNEGULA,18W000000000SKZP,Eólica terrestre,Venta,España,IGS ,Generación,IGNIS,"45,0"
UPCERR,FV EL CERR,FV EL CERRO,18W000000000SI8B,Solar fotovoltaica,Venta,España,IGR ,Generación,IGNIS,"40,3"
UPCHAM,UPCHAMORRO,UP CHAMORRO,18W000000000SZ37,Solar fotovoltaica,Venta,España,IGR ,Generación,IGNIS,"8,0"
UPCHAP,UPCHAP,UPCHAP,18W000000000V0TB,Solar fotovoltaica,Venta,España,SZR,Generación,GNRA,"36,3"
UPCHBO,UPCHAMBO,UP FV CHAMBO RENOVABLES,18W000000000VFGT,Solar fotovoltaica,Venta,España,SZR,Generación,IGNIS,"32,3"
UPCIERZ,UPCIERZO,UP CIERZO AMARENCO,18W000000000S0I8,Solar fotovoltaica,Venta,España,IGR ,Generación,IGNIS,"20,0"
UPCIMER,CIMERA SOL,CIMERA SOLAR SLU,18W000000000SE8N,Solar fotovoltaica,Venta,España,IGR ,Generación,IGNIS,"40,0"
UPCOLI,UPCOLI,UPCOLI,18W000000000UCOQ,Solar fotovoltaica,Venta,España,GNRA01 ,Generación,GNRA,"20,4"
UPCONVA,UP CONVA,COGENERACIN CONVA,18W000000000QGAL,Gas Natural Cogeneración,Venta,España,SZR,Generación,IGNIS,"5,1"
UPCORAC,CORACHA SO,CORACHA SOLAR SLU,18W000000000SE5T,Solar fotovoltaica,Venta,España,IGR ,Generación,IGNIS,"40,0"
UPCOV1,UPCOV1,UPCOV1,18W000000000SJLJ,Solar fotovoltaica,Venta,España,GN3 ,Generación,GNRA,"41,7"
UPCOV2,UPCOVA2,UP COVATILLAS 2,18W000000000SOXH,Solar fotovoltaica,Venta,España,IGR ,Generación,IGNIS,"41,7"
UPCOV3,UPCOVA3,UP COVATILLAS 3,18W000000000SOZD,Solar fotovoltaica,Venta,España,IGR ,Generación,IGNIS,"41,7"
UPCOV4,UPCOVA4,UP COVATILLAS 4,18W000000000SP22,Solar fotovoltaica,Venta,España,IGR ,Generación,IGNIS,"41,7"
UPCOV5,UPCOV5,UPCOV5,18W000000000SIYX,Solar fotovoltaica,Venta,España,GN3 ,Generación,GNRA,"41,7"
UPCOV6,UPCOV6,UPCOV6,18W000000000SIW0,Solar fotovoltaica,Venta,España,GN3 ,Generación,GNRA,"41,7"
UPCRVI,UPCRVI,UPCRVI,18W000000000UXRV,Solar fotovoltaica,Venta,España,SZR,Generación,GNRA,"6,0"
UPCTE,UPCTE,UPCTE,18W000000000UXST,Solar fotovoltaica,Venta,España,SZR,Generación,GNRA,"1,0"
UPCUCO,UF EL CUCO,UF PLANTA FOTOVOLTAICA EL CUCO,18W000000000RYS1,Solar fotovoltaica,Venta,España,IGR ,Generación,IGNIS,"32,0"
UPCUE,UPCUE,UPCUE,18W000000000SINI,Solar fotovoltaica,Venta,España,SZR,Generación,GNRA,"10,0"
UPDAR,UPDAR,UPDAR,18W000000000UXTR,Solar fotovoltaica,Venta,España,SZR,Generación,GNRA,"3,6"
UPDEHE,UP DEHESA,UP DEHESA,18W000000000UT79,Solar térmica,Venta,España,SZR,Generación,IGNIS,"49,9"
UPDEMF,UPDEMF,UPDEMF,18W000000000UQ8G,Solar fotovoltaica,Venta,España,SZR,Generación,GNRA,"1,4"
UPDOH,UPDOH,UPDOH,18W000000000RPCN,Solar fotovoltaica,Venta,España,GNRA01 ,Generación,GNRA,"25,0"
UPDROS,UPDROS,UPDROS,18W000000000R74J,Solar fotovoltaica,Venta,España,GNRA01 ,Generación,GNRA,"25,0"
UPDULCI,LA DEHESIC,PE LA DEHESICA,18W000000000Q2WJ,Eólica terrestre,Venta,España,IGS ,Generación,IGNIS,"28,5"
UPEBRCT,UP EBROCT,UP EBRO CT,18W000000000V7DM,Eólica terrestre,Venta,España,SZR,Generación,IGNIS,"49,5"
UPEBRO,MOL EBRO,UP MOLINOS DEL EBRO SA,18W000000000QG8P,Eólica terrestre,Venta,España,SZR,Generación,IGNIS,"274,4"
UPEBROH,UPEBROHIBR,UP EBRO HIBRIDADA,18W000000000TGE1,Híbrida renovable,Venta,España,SZR,Unidades hibridas,IGNIS,"59,7"
UPEIDE,UPEIDEN,UP FV EIDEN,18W000000000VFIP,Solar fotovoltaica,Venta,España,SZR,Generación,IGNIS,"32,3"
UPEJO,UPEJO,UPEJO,18W000000000T0LZ,Solar fotovoltaica,Venta,España,SZR,Generación,GNRA,"8,0"
UPELM,UPELM,UPELM,18W000000000V5WR,Solar fotovoltaica,Venta,España,SZR,Generación,GNRA,"1,1"
UPELVIS,ELVISA,UP FV ELVISA,18W000000000QPHH,Solar fotovoltaica,Venta,España,IGR ,Generación,IGNIS,"40,8"
UPEMA,UPEMA,UPEMA,18W000000000UXVN,Solar fotovoltaica,Venta,España,SZR,Generación,GNRA,"1,2"
UPENA,UPENA,UPENA,18W000000000UXWL,Solar fotovoltaica,Venta,España,SZR,Generación,GNRA,"1,4"
UPENE01,UP ENER 01,UP ENER 01,18W000000000S5C5,Solar fotovoltaica,Venta,España,SZR,Generación,EFG,"4,8"
UPENE02,UP ENER 02,UP ENER 02,18W000000000S5D3,Solar fotovoltaica,Venta,España,SZR,Generación,EFG,"4,8"
UPENE03,UPENE03,ES-UPENE03,18W000000000SKHO,Solar fotovoltaica,Venta,España,SZR,Generación,EFG,"4,1"
UPERES,UP ERESMA,UP ERESMA SOLAR,18W000000000SW4E,Solar fotovoltaica,Venta,España,IGR ,Generación,IGNIS,"44,0"
UPERI,UPERI,UPERI,18W000000000S6A6,Solar fotovoltaica,Venta,España,GNRA01 ,Generación,GNRA,"5,0"
UPESC1,ESCUDEROSI,UP FV ESCUDEROS I,18W000000000RDRT,Solar fotovoltaica,Venta,España,IGR ,Generación,IGNIS,"44,3"
UPESC2,ESCUDEROS2,ELAWAN FOTOVOLTAICA ESCUDEROS 2 SL,18W000000000RMES,Solar fotovoltaica,Venta,España,IGR ,Generación,IGNIS,"43,3"
UPESC3,ESCUDEROS ,ELAWAN FOTOVOLTAICA ESCUDEROS 3 SL,18W000000000RMFQ,Solar fotovoltaica,Venta,España,IGR ,Generación,IGNIS,"44,3"
UPESC5,ESCUDEROS ,ELAWAN FOTOVOLTAICA ESCUDEROS 5 SL,18W000000000RMGO,Solar fotovoltaica,Venta,España,IGR ,Generación,IGNIS,"33,6"
UPESCA,UPESCA,UPESCA,18W000000000VGME,Solar fotovoltaica,Venta,España,SZR,Generación,GNRA,"13,3"
UPESCA1,UPESCA1,UP ELAWAN ESCATRON 1,18W000000000TT5H,Solar fotovoltaica,Venta,España,IGR ,Generación,IGNIS,"25,6"
UPESCA2,UPESCA2,UP ELAWAN ESCATRON 2,18W000000000TT7D,Solar fotovoltaica,Venta,España,IGR ,Generación,IGNIS,"25,6"
UPESCA3,UPESCA3,UP ELAWAN ESCATRON 3,18W000000000TT99,Solar fotovoltaica,Venta,España,IGR ,Generación,IGNIS,"25,6"
UPESQUE,ESQUEDAS,UP SUNRISE VENTURES 1 ESQUEDAS,18W000000000QEN1,Solar fotovoltaica,Venta,España,IGR ,Generación,IGNIS,"12,5"
UPESTN,UPESTN,UPESTN,18W000000000USU3,Eólica terrestre,Venta,España,SZR,Generación,GNRA,"6,7"
UPETE,UPETE,UPETE,18W000000000T0PR,Solar fotovoltaica,Venta,España,SZR,Generación,GNRA,"5,5"
UPETR,UPETR,UPETR,18W000000000UJIH,Solar fotovoltaica,Venta,España,SZR,Generación,GNRA,"2,0"
UPFCENT,UPFCENT,UP PLANTA FOTOVOLTAICA CENTURION,18W000000000RATY,Solar fotovoltaica,Venta,España,SZR,Generación,ECYR,"116,5"
UPFED,UPFED,UPFED,18W000000000T04W,Solar fotovoltaica,Venta,España,SZR,Generación,GNRA,"5,0"
UPFLOR,UPFLOR,UPFLOR,18W000000000R75H,Solar fotovoltaica,Venta,España,GNRA01 ,Generación,GNRA,"25,0"
UPFLORI,REN SAMCA,UP RENOVABLES SAMCA SA,18W000000000QGG9,Solar térmica,Venta,España,SZR,Generación,IGNIS,"49,9"
UPFON,UPFON,UPFON,18W000000000UODC,Solar fotovoltaica,Venta,España,SZR,Generación,GNRA,"2,7"
UPFORT,UPFORT,UPFORT,18W000000000V0SD,Solar fotovoltaica,Venta,España,SZR,Generación,GNRA,"36,3"
UPFRAHI,UPFRAHI,UPFRAHI,18W000000000RB55,Solar fotovoltaica,Venta,España,GN3 ,Generación,GNRA,"30,0"
UPFVSER,SERANTES,PARQUE SOLAR SERANTES,18W000000000RFCG,Solar fotovoltaica,Venta,España,SZR,Generación,LUM1,"0,0"
UPGAN,UPGAN,UPGAN,18W000000000RN0G,Solar fotovoltaica,Venta,España,GNRA01 ,Generación,GNRA,"30,0"
UPGAPI,UPGAPI,UPGAPI,18W000000000UXXJ,Solar fotovoltaica,Venta,España,SZR,Generación,GNRA,"1,8"
UPGARI,UPGARI,UPGARI,18W000000000V0RF,Solar fotovoltaica,Venta,España,SZR,Generación,GNRA,"36,3"
UPGARNA,UPGARNACHA,UP GARNACHA SOLAR SL,18W000000000S8ET,Solar fotovoltaica,Venta,España,SZR,Generación,IGNIS,"114,4"
UPGAZ1,UPGAZULES1,UP GAZULES 1,18W000000000SPXE,Solar fotovoltaica,Venta,España,IGR ,Generación,IGNIS,"45,8"
UPGAZ2,UPGAZULES2,UP GAZULES 2,18W000000000SPYC,Solar fotovoltaica,Venta,España,IGR ,Generación,IGNIS,"45,8"
UPGDAS,UPGDAS,UPGDAS,18W000000000UXYH,Solar fotovoltaica,Venta,España,SZR,Generación,GNRA,"3,8"
UPGER2,UPGERENA2,UP GERENA 2,18W000000000SZ53,Solar fotovoltaica,Venta,España,IGR ,Generación,IGNIS,"43,4"
UPGETES,UPGETES,UPGETES,18W000000000NPS7,Gas Natural Cogeneración,Venta,España,SZR,Generación,SEDAE,"41,3"
UPGINES,GINESTAR,UP VENTA DEL GINESTAR,18W000000000RDCM,Eólica terrestre,Venta,España,IGE ,Generación,IGNIS,"48,0"
UPGLIC,UPGLIC,UPGLIC,18W000000000UXZF,Solar fotovoltaica,Venta,España,SZR,Generación,GNRA,"1,8"
UPGON,UPGON,UPGON,18W000000000T0VF,Solar fotovoltaica,Venta,España,SZR,Generación,GNRA,"7,0"
UPGR025,UPGR025,UPGR025,18W000000000MDV4,Solar fotovoltaica,Venta,España,SZR,Generación,EFG,"10,0"
UPGR026,UPGR026,UPGR026,18W000000000MDW2,Solar fotovoltaica,Venta,España,SZR,Generación,EFG,"10,0"
UPGR027,UPGR027,UPGR027,18W000000000MDX0,Solar fotovoltaica,Venta,España,SZR,Generación,EFG,"7,2"
UPGR028,UPGR028,UPGR028,18W000000000MDYZ,Solar fotovoltaica,Venta,España,SZR,Generación,EFG,"6,6"
UPGR030,UPGR030,UPGR030,18W000000000SPI7,Solar fotovoltaica,Venta,España,SZR,Generación,EFG,"7,9"
UPGR031,UPGR031,UPGR031,18W000000000SVU2,Solar fotovoltaica,Venta,España,SZR,Generación,EFG,"4,5"
UPGR032,UPGR032,UPGR032,18W000000000SVV0,Solar fotovoltaica,Venta,España,SZR,Generación,EFG,"2,3"
UPGR033,UPGR033,UPGR033,18W000000000TODG,Solar fotovoltaica,Venta,España,SZR,Generación,EFG,"2,5"
UPGR034,UPGR034,UPGR034,18W000000000TOEE,Solar fotovoltaica,Venta,España,SZR,Generación,EFG,"4,0"
UPGRIE1,UPGRIE1,UPGRIE1,18W000000000TBJ6,Solar fotovoltaica,Venta,España,GNRA01 ,Generación,GNRA,"44,0"
UPGRIE2,UPGRIE2,UPGRIE2,18W000000000TBHA,Solar fotovoltaica,Venta,España,GNRA01 ,Generación,GNRA,"44,0"
UPGUARD,UPGUARDIAN,UP GUARDIAN AMARENCO,18W000000000S0J6,Solar fotovoltaica,Venta,España,IGR ,Generación,IGNIS,"32,0"
UPGUICO,UPGUICO,UPGUICO,18W000000000RB63,Solar fotovoltaica,Venta,España,SZR,Generación,GNRA,"5,5"
UPGUITA,LA GUITA ,UP FV LA GUITA,18W000000000QQVN,Solar fotovoltaica,Venta,España,IGR ,Generación,IGNIS,"43,5"
UPGUUF,UPGUUF,UPGUUF,18W000000000UY08,Solar fotovoltaica,Venta,España,SZR,Generación,GNRA,"2,5"
UPHOY,UPHOY,UPHOY,18W000000000T0WD,Solar fotovoltaica,Venta,España,SZR,Generación,GNRA,"20,0"
UPIER1,UPIER1,UPIER1,18W000000000SIPE,Solar fotovoltaica,Venta,España,SZR,Generación,GNRA,"13,0"
UPIER2,UPIER2,UPIER2,18W000000000SIRA,Solar fotovoltaica,Venta,España,SZR,Generación,GNRA,"2,0"
UPIZNI,UPIZNI,UPIZNI,18W000000000UQ6K,Solar fotovoltaica,Venta,España,SZR,Generación,GNRA,"2,7"
UPJAB,UPJAB,UPJAB,18W000000000T3HY,Solar fotovoltaica,Venta,España,GNRA01 ,Generación,GNRA,"1,0"
UPJALON,UP JALON,MOLINOS DEL JALN SA,18W000000000QG9N,Eólica terrestre,Venta,España,IGS ,Generación,IGNIS,"49,5"
UPJENAR,UP JENARIZ,UP JENARIZ PE NAVARRA,18W000000000R3EB,Eólica terrestre,Venta,España,IGS ,Generación,IGNIS,"63,0"
UPJER,UPJER,UPJER,18W000000000UY16,Solar fotovoltaica,Venta,España,SZR,Generación,GNRA,"1,4"
UPJERE,UPJEREZ20,UP JEREZ 2020,18W000000000UWVQ,Solar fotovoltaica,Venta,España,SZR,Generación,IGNIS,"9,8"
UPJILG,UPJILGUERO,UP JILGUERO SOLAR,18W000000000URJS,Solar fotovoltaica,Venta,España,SZR,Generación,IGNIS,"44,0"
UPKEN1,UP KENIA 1,UP KENIA SOLAR 1,18W000000000T8SY,Solar fotovoltaica,Venta,España,SZR,Generación,IGNIS,"34,7"
UPKEN2,UP KENIA 2,UP KENIA SOLAR 2,18W000000000T8UU,Solar fotovoltaica,Venta,España,SZR,Generación,IGNIS,"34,7"
UPKEN3,UP KENIA 3,UP KENIA SOLAR 3,18W000000000T8WQ,Solar fotovoltaica,Venta,España,SZR,Generación,IGNIS,"34,7"
UPKEN4,UP KENIA 4,UP KENIA SOLAR 4,18W000000000T8YM,Solar fotovoltaica,Venta,España,SZR,Generación,IGNIS,"34,7"
UPLAGU,UPLAGUARD,UP LA GUARDIA,18W000000000T2V9,Solar fotovoltaica,Venta,España,IGR ,Generación,IGNIS,"40,0"
UPLAS,UPLAS,UPLAS,18W000000000UY24,Solar fotovoltaica,Venta,España,SZR,Generación,GNRA,"2,4"
UPLINI,UPLINI,UPLINI,18W000000000UY40,Solar fotovoltaica,Venta,España,SZR,Generación,GNRA,"1,8"
UPLIT,UPLIT,UPLIT,18W000000000T011,Solar fotovoltaica,Venta,España,SZR,Generación,GNRA,"10,0"
UPLLA,UPLLA,UPLLA,18W000000000SUHV,Solar fotovoltaica,Venta,España,SZR,Generación,GNRA,"3,2"
UPLLAP,UPLLAP,UPLLAP,18W000000000UY5Z,Solar fotovoltaica,Venta,España,SZR,Generación,GNRA,"2,1"
UPLLIC,UPLLIC,UPLLIC,18W000000000VDZY,Solar fotovoltaica,Venta,España,SZR,Generación,GNRA,"4,0"
UPLMP,UPLMP,UPLMP,18W000000000T07Q,Eólica terrestre,Venta,España,SZR,Generación,GNRA,"38,5"
UPLSU,UPLSU,UPLSU,18W000000000UY6X,Solar fotovoltaica,Venta,España,SZR,Generación,GNRA,"1,5"
UPLUBIA,ALTOSLUBIA,UP ALTOS DE LUBIA,18W000000000QEPY,Solar fotovoltaica,Venta,España,IGR ,Generación,IGNIS,"14,6"
UPLUZ1,LA LUZ I,ALTER ENERSUN SA LA LUZ I,18W000000000SH3O,Solar fotovoltaica,Venta,España,IGR ,Generación,IGNIS,"49,9"
UPLUZ2,LA LUZ II,ALTER ENERSUN SA LA LUZ II,18W000000000SH4M,Solar fotovoltaica,Venta,España,IGR ,Generación,IGNIS,"49,8"
UPLUZ3,LA LUZ III,ALTER ENERSUN V,18W000000000SH6I,Solar fotovoltaica,Venta,España,IGR ,Generación,IGNIS,"17,7"
UPLUZ4,LA LUZ IV,ALTER ENERSUN LA LUZ IV,18W000000000SH5K,Solar fotovoltaica,Venta,España,IGR ,Generación,IGNIS,"17,7"
UPLUZ5,LA LUZ V,ALTER ENERSUN LA LUZ V,18W000000000SH7G,Solar fotovoltaica,Venta,España,IGR ,Generación,IGNIS,"17,7"
UPLUZ6,LA LUZ VI,ALTER ENERSUN LA LUZ VI,18W000000000SH8E,Solar fotovoltaica,Venta,España,IGR ,Generación,IGNIS,"19,2"
UPLUZ7,LALUZVII,ALTER ENERSUN LA LUZ VII,18W000000000SH9C,Solar fotovoltaica,Venta,España,IGR ,Generación,IGNIS,"19,2"
UPLUZ8,ALTER ENER,ALTER ENERSUN SA,18W000000000SH2Q,Solar fotovoltaica,Venta,España,IGR ,Generación,IGNIS,"3,3"
UPMACHO,UP MACHOS,UP LOS MACHOS,18W000000000RXB1,Solar fotovoltaica,Venta,España,IGR ,Generación,IGNIS,"44,0"
UPMADER,MADERUELO ,COGENERACIN MADERUELO MYTA,18W000000000QGDF,Derivados del petróleo ó carbón,Venta,España,SZR,Generación,IGNIS,"1,2"
UPMAJAS,LAS MAJAS ,UP LAS MAJAS,18W000000000RDHC,Eólica terrestre,Venta,España,IGE ,Generación,IGNIS,"113,3"
UPMALAB,MALABRIGO ,UP FV MALABRIGO,18W000000000QQTR,Solar fotovoltaica,Venta,España,IGR ,Generación,IGNIS,"43,5"
UPMAMB,UPMAMBAR,UP FV MAMBAR,18W000000000VFKL,Solar fotovoltaica,Venta,España,SZR,Generación,IGNIS,"32,3"
UPMANZ1,MANZA1,MANZANARES I,18W000000000RDUN,Solar fotovoltaica,Venta,España,IGR ,Generación,IGNIS,"31,5"
UPMANZT,MANZTIERRA,UP MANZTIERRA I,18W000000000RYQ5,Solar fotovoltaica,Venta,España,IGR ,Generación,IGNIS,"30,0"
UPMAY,UPMAY,UPMAY,18W000000000TI6B,Solar fotovoltaica,Venta,España,GNRA01 ,Generación,GNRA,"5,8"
UPMBEC,UPMBECERRI,UP MONTE BECERRIL,18W000000000U3ZV,Eólica terrestre,Venta,España,SZR,Generación,IGNIS,"19,2"
UPMESF,UPMESF,UPMESF,18W000000000UQ7I,Solar fotovoltaica,Venta,España,SZR,Generación,GNRA,"2,0"
UPMIRA,UPMIRAVETE,UP PE MIRAVETE,18W000000000U9CM,Eólica terrestre,Venta,España,SZR,Generación,IGNIS,"30,0"
UPMOC,UPMOC,UPMOC,18W000000000VE0R,Solar fotovoltaica,Venta,España,SZR,Generación,GNRA,"1,1"
UPMONC,MONCA,SPK MONCLOVA,18W000000000PRDN,Solar fotovoltaica,Venta,España,GNRA01 ,Generación,GNRA,"40,0"
UPMONCA,UP MONCAYO,MOLINOS DEL MONCAYO SL,18W000000000QGBJ,Eólica terrestre,Venta,España,SZR,Generación,IGNIS,"96,0"
UPMONEG,UP MONEGRO,MONEGROS SOLAR SA,18W000000000QGCH,Solar fotovoltaica,Venta,España,IGR ,Generación,IGNIS,"46,1"
UPMRA,UPMRA,UPMRA,18W000000000S5W2,Eólica terrestre,Venta,España,SZR,Generación,GNRA,"9,3"
UPMUD1,UPMUD1,UPMUD1,18W000000000U9M2,Solar fotovoltaica,Venta,España,SZR,Generación,GNRA,"38,5"
UPMUD2,UPMUD2,UPMUD2,18W000000000UCMU,Solar fotovoltaica,Venta,España,SZR,Generación,GNRA,"56,9"
UPMUGA2,LA MUGA II,UP LA MUGA II,18W000000000RDAQ,Eólica terrestre,Venta,España,IGE ,Generación,IGNIS,"49,4"
UPMUGA3,LA MUGA 3,UP LA MUGA III,18W000000000RDBO,Eólica terrestre,Venta,España,IGE ,Generación,IGNIS,"30,4"
UPMUGAI,LA MUGA I,UP LA MUGA I,18W000000000RD9S,Eólica terrestre,Venta,España,IGE ,Generación,IGNIS,"15,0"
UPMYSB,UPMYSB,UPMYSB,18W000000000VDW3,Solar fotovoltaica,Venta,España,SZR,Generación,GNRA,"0,9"
UPNAVIC,LA NAVICA,PE LA NAVICA,18W000000000Q2XH,Eólica terrestre,Venta,España,IGS ,Generación,IGNIS,"30,0"
UPNGA,UPNGA,UPNGA,18W000000000UY8T,Solar fotovoltaica,Venta,España,SZR,Generación,GNRA,"5,8"
UPNIEB,UPNIEB,UPNIEB,18W000000000TPF9,Solar fotovoltaica,Venta,España,SZR,Generación,GNRA,"42,0"
UPNIEST,UPINIESTA,UP PARQUE ELICO INIESTA SLU,18W000000000RWEZ,Eólica terrestre,Venta,España,IGS ,Generación,IGNIS,"50,0"
UPOLI,UPOLI,UPOLI,18W000000000UY9R,Solar fotovoltaica,Venta,España,SZR,Generación,GNRA,"2,0"
UPOLIVA,UP OLIVARE,UP OLIVARES MATRIX,18W000000000QOFO,Solar fotovoltaica,Venta,España,SZR,Generación,GNRA,"44,0"
UPOLM2,UPOLM2,UPOLM2,18W000000000VBZ3,Solar fotovoltaica,Venta,España,SZR,Generación,GNRA,"10,0"
UPONDA,ONDA,COGENERACIN ONDA,18W000000000QGED,Gas Natural Cogeneración,Venta,España,SZR,Generación,IGNIS,"4,8"
UPONDA1,ONDA 1,COGENERACIN ONDA 2,18W000000000QGK1,Gas Natural Cogeneración,Venta,España,SZR,Generación,IGNIS,"4,4"
UPOUBAS,UPOUBASM,ENERGIAS AMBIENTALES DE OUTES SLU OUTES-BARRIGO -MBARDA,18W000000000QTOS,Eólica terrestre,Venta,España,SZR,Generación,IGNIS,"3,0"
UPOWER,UPOWER,UPOWER,18W000000000UYAP,Solar fotovoltaica,Venta,España,SZR,Generación,GNRA,"1,1"
UPOZO,UPOZO,UPOZO,18W000000000VE1P,Solar fotovoltaica,Venta,España,SZR,Generación,GNRA,"3,5"
UPPAL,UPPAL,UPPAL,18W000000000UOEA,Solar fotovoltaica,Venta,España,SZR,Generación,GNRA,"2,7"
UPPATO,UP PATO,UP PATO SOLAR,18W000000000SOVL,Solar fotovoltaica,Venta,España,IGR ,Generación,IGNIS,"95,6"
UPPED,UPPED,UPPED,18W000000000UJHJ,Solar fotovoltaica,Venta,España,SZR,Generación,GNRA,"3,7"
UPPEP3,UPPEPINO3,UP PEPINO 3,18W000000000SS9G,Solar fotovoltaica,Venta,España,SZR,Generación,IGNIS,"3,0"
UPPICON,UP PICON,UP PSFV PICN,18W000000000ROM6,Solar fotovoltaica,Venta,España,IGR ,Generación,IGNIS,"34,3"
UPPIO,UPPIO,UPPIO,18W000000000UJJF,Solar fotovoltaica,Venta,España,SZR,Generación,GNRA,"8,5"
UPPIRI,UPPIRI,UPPIRI,18W000000000UPZ2,Solar fotovoltaica,Venta,España,SZR,Generación,GNRA,"3,0"
UPPIRON,RIO PIRON,COG RIO PIRON,18W000000000QGFB,Híbrida renovable-térmica no renovable,Venta,España,SZR,Unidades hibridas,IGNIS,"9,9"
UPPIZA,UPPIZANA,UP PIZANA SOLAR,18W000000000UP1X,Solar fotovoltaica,Venta,España,SZR,Generación,IGNIS,"45,0"
UPPORTI,PORTILLO,UP PORTILLO,18W000000000RDEI,Eólica terrestre,Venta,España,IGE ,Generación,IGNIS,"82,8"
UPPOWER,FV POWER,SFV POWER ELECTRONICS,18W000000000Q1N3,Solar fotovoltaica,Venta,España,SZR,Generación,IGNIS,"3,6"
UPPRIOH,UPPRIOH,UPPRIOH,18W000000000R77D,Solar fotovoltaica,Venta,España,GNRA01 ,Generación,GNRA,"42,0"
UPPSAL,UPPIEDRA,UP PIEDRA DE LA SAL,18W000000000UHMF,Solar fotovoltaica,Venta,España,SZR,Generación,IGNIS,"43,5"
UPPTCHA,UP PTCHA,PORTOCHAO UP RO,18WUPPTCHA-123-G,Hidráulica UGH,Venta,España,SZR,Generación,LUM1,"0,1"
UPPTDIS,UP PTDIS,UP RO PTDIS,18WUPPTDIS-123-L,Hidráulica UGH,Venta,España,SZR,Generación,LUM1,"0,5"
UPQLL,UPQLL,UPQLL,18W000000000RN1E,Solar fotovoltaica,Venta,España,GNRA01 ,Generación,GNRA,"50,0"
UPQUALI,QUALICAPS,QUALICAPS,18W000000000TQMT,Gas Natural Cogeneración,Venta,España,SZR,Generación,LMER,"2,0"
UPQUIJO,MUNERA I,PE MUNERA I,18W000000000Q2VL,Eólica terrestre,Venta,España,SZR,Generación,IGNIS,"39,6"
UPRADON,RADONA,PE CERROS DE RADONA,18W000000000Q314,Eólica terrestre,Venta,España,IGS ,Generación,IGNIS,"40,0"
UPRASC,UPRASCON,UP RASCON SOLAR,18W000000000US5G,Solar fotovoltaica,Venta,España,SZR,Generación,IGNIS,"44,0"
UPRCIER,UPRENCIERZ,UP RENOVABLES DEL CIERZO SLU,18W000000000QSL0,Eólica terrestre,Venta,España,IGS ,Generación,IGNIS,"134,6"
UPREBEN,UPREBENTO,UPREBENTO,18W000000000SNSU,Solar fotovoltaica,Venta,España,IGR ,Generación,IGNIS,"4,3"
UPRETA,UPRETAMA,UP RETAMA SOLAR,18W000000000T52L,Solar fotovoltaica,Venta,España,IGR ,Generación,IGNIS,"46,2"
UPRIT,UPRIT,UPRIT,18W000000000UJKD,Solar fotovoltaica,Venta,España,SZR,Generación,GNRA,"7,5"
UPROCI1,FVROCIO 1,ROLWIND HUELVA 1 SLU,18W000000000Q09Y,Solar fotovoltaica,Venta,España,IGR ,Generación,IGNIS,"46,0"
UPROCI3,FVROCIO3,ROLWIND HUELVA 3 SLU,18W000000000Q0BU,Solar fotovoltaica,Venta,España,IGR ,Generación,IGNIS,"19,0"
UPRODRI,RODRIGO 2,UP FV DON RODRIGO II,18W000000000QPGJ,Solar fotovoltaica,Venta,España,IGR ,Generación,IGNIS,"40,8"
UPRTD,UPRTD,UPRTD,18W000000000RRUI,Solar fotovoltaica,Venta,España,GNRA01 ,Generación,GNRA,"41,2"
UPRTT,UPRTT,UPRTT,18W000000000RRXC,Solar fotovoltaica,Venta,España,GNRA01 ,Generación,GNRA,"41,2"
UPRTU,UPRTU,UPRTU,18W000000000RRZ8,Solar fotovoltaica,Venta,España,GNRA01 ,Generación,GNRA,"41,2"
UPRUE1,UPRUEDA1,UP RUEDA SOLAR 1,18W000000000U06O,Solar fotovoltaica,Venta,España,IGR ,Generación,IGNIS,"27,0"
UPRUE2,UPRUEDA2,UP RUEDA SOLAR 2,18W000000000U08K,Solar fotovoltaica,Venta,España,IGR ,Generación,IGNIS,"20,6"
UPRUE3,UPRUEDA3,UP PE RUEDA 3,18W000000000TZ33,Eólica terrestre,Venta,España,SZR,Generación,IGNIS,"45,0"
UPRUE4,UPRUEDAW1,UP RUEDA WIND 1,18W000000000UUQ5,Eólica terrestre,Venta,España,SZR,Generación,IGNIS,"45,0"
UPRUE5,UPRUEDAW2,UP RUEDA WIND 2,18W000000000UUS1,Eólica terrestre,Venta,España,SZR,Generación,IGNIS,"45,0"
UPSALG,UPSALGUERO,UP SALGUERO EOLICA,18W000000000U41M,Eólica terrestre,Venta,España,SZR,Generación,IGNIS,"31,0"
UPSALI2,UPSALINET2,UPSALINETES,18W000000000SNN3,Solar fotovoltaica,Venta,España,SZR,Generación,IGNIS,"4,7"
UPSASO,UPSASO,UPSASO,18W000000000UPY4,Solar fotovoltaica,Venta,España,SZR,Generación,GNRA,"3,2"
UPSDAF,UPSDAF,UPSDAF,18W000000000UQ0W,Solar fotovoltaica,Venta,España,SZR,Generación,GNRA,"2,0"
UPSDNF,UPSDNF,UPSDNF,18W000000000UQ2S,Solar fotovoltaica,Venta,España,SZR,Generación,GNRA,"1,5"
UPSERBA,UP SERBAL,UP SERBAL SOLAR,18W000000000SNK9,Solar fotovoltaica,Venta,España,IGR ,Generación,IGNIS,"138,6"
UPSERRE,UPSERRE,UPSERRE,18W000000000TH7C,Solar fotovoltaica,Venta,España,GNRA01 ,Generación,GNRA,"6,0"
UPSFR,UPSFR,UPSFR,18W000000000S63K,Solar fotovoltaica,Venta,España,SZR,Generación,GNRA,"2,5"
UPSICF,UPSICF,UPSICF,18W000000000UQ1U,Solar fotovoltaica,Venta,España,SZR,Generación,GNRA,"1,1"
UPSIG,UPSIG,UPSIG,18W000000000U8DN,Solar fotovoltaica,Venta,España,SZR,Generación,GNRA,"3,0"
UPSILI,UPSILI,UPSILI,18W000000000UWKB,Solar fotovoltaica,Venta,España,SZR,Generación,GNRA,"1,8"
UPSJUCA,UP SJUCAR,UP SALTOS JUCAR,18WUPSJUCA-123-Z,Hidráulica UGH,Venta,España,SZR,Generación,SJUCA,"0,5"
UPSLN,UPSLN,UPSLN,18W000000000T06S,Solar fotovoltaica,Venta,España,SZR,Generación,GNRA,"17,5"
UPSOCO,UPSOCOVOS,UP SOCOVOS,18W000000000T3SC,Solar fotovoltaica,Venta,España,IGR ,Generación,IGNIS,"19,4"
UPSOLI,UPSOLIEDRA,UP PE SOLIEDRA,18W000000000SRNS,Eólica terrestre,Venta,España,IGS ,Generación,IGNIS,"21,0"
UPSON1,UPSON1,UPSON1,18W000000000TTB5,Solar fotovoltaica,Venta,España,SZR,Generación,GNRA,"7,7"
UPSON2,UPSON2,UPSON2,18W000000000TTC3,Solar fotovoltaica,Venta,España,SZR,Generación,GNRA,"26,8"
UPSON3,UPSON3,UPSON3,18W000000000TTD1,Solar fotovoltaica,Venta,España,SZR,Generación,GNRA,"24,2"
UPSON4,UPSON4,UPSON4,18W000000000TTFY,Solar fotovoltaica,Venta,España,SZR,Generación,GNRA,"19,2"
UPSON5,UPSON5,UPSON5,18W000000000TUR7,Solar fotovoltaica,Venta,España,SZR,Generación,GNRA,"16,6"
UPSOT,UPSOT,UPSOT,18W000000000SZXL,Solar fotovoltaica,Venta,España,SZR,Generación,GNRA,"10,0"
UPSPIV,UPSPIV,UPSPIV,18W000000000TZ17,Eólica terrestre,Venta,España,SZR,Generación,GNRA,"16,0"
UPSRC,SRC,SANCHEZ ROMERO,18W000000000QA6A,Gas Natural Cogeneración,Venta,España,SZR,Generación,LMER,"1,6"
UPSSALI,UPSALINETE,UP SALINETES SUN FARM SL SALIENTES I,18W000000000R72N,Solar fotovoltaica,Venta,España,IGR ,Generación,IGNIS,"4,0"
UPTABER,UP TABERNA,UP ERG SOLAR TABERNAS SLU,18W000000000SMVR,Solar fotovoltaica,Venta,España,IGR ,Generación,IGNIS,"35,0"
UPTAC,UPTAC,UPTAC,18W000000000RMUX,Solar fotovoltaica,Venta,España,GN3 ,Generación,GNRA,"35,0"
UPTALAF,TALAFIZA I,UP PFV TALAFIZA I,18W000000000RBQ0,Solar fotovoltaica,Venta,España,IGR ,Generación,IGNIS,"30,0"
UPTORJ,UPTORRIJ,UP TORRIJOS RJE,18W000000000T3U8,Solar fotovoltaica,Venta,España,IGR ,Generación,IGNIS,"7,1"
UPTORR,UPTORRUBIA,UP PS TORRUBIAS,18W000000000SRRK,Solar fotovoltaica,Venta,España,IGR ,Generación,IGNIS,"40,0"
UPTOSCA,UP TOSCANO,UP FV TOSCANO,18W000000000QBVV,Solar fotovoltaica,Venta,España,IGR ,Generación,IGNIS,"41,5"
UPTREG1,UPTREVAGO1,UP  PLANTA SOLAR OPDE 42 SL,18W000000000SBEK,Solar fotovoltaica,Venta,España,IGR ,Generación,IGNIS,"30,0"
UPTREG2,UPTREVAGO2,UP PLANTA SOLAR OPDE 47 SL,18W000000000SBFI,Solar fotovoltaica,Venta,España,IGR ,Generación,IGNIS,"30,0"
UPTREV1,UPTREV1,UPTREV1,18W000000000T678,Solar fotovoltaica,Venta,España,SZR,Generación,GNRA,"24,5"
UPTREV2,UPTREV2,UPTREV2,18W000000000T66A,Solar fotovoltaica,Venta,España,SZR,Generación,GNRA,"24,5"
UPTRUJI,UP TRUJI,FV TRUJILLO,18W000000000QI1X,Solar fotovoltaica,Venta,España,IGR ,Generación,IGNIS,"42,0"
UPUSE,UPUSE,UPUSE,18W000000000RWYW,Solar fotovoltaica,Venta,España,GNRA01 ,Generación,GNRA,"3,0"
UPVALD1,VADOMPE1,VALDOMPE1,18W000000000QX1P,Solar fotovoltaica,Venta,España,IGR ,Generación,IGNIS,"40,0"
UPVALD2,VADOMPERE2,VALDOMPE2,18W000000000QX2N,Solar fotovoltaica,Venta,España,IGR ,Generación,IGNIS,"40,0"
UPVALD3,VALDOMPERE,VALDOMPE3,18W000000000QX3L,Solar fotovoltaica,Venta,España,IGR ,Generación,IGNIS,"40,0"
UPVALDE,UPVALDENEB,UP VALDENEBRO SOLAR SL VALDENEBRO,18W000000000QCXO,Solar fotovoltaica,Venta,España,IGR ,Generación,IGNIS,"39,2"
UPVALLE,UPVALLE,PSF VALLE DEL SOL,18W000000000SLIJ,Solar fotovoltaica,Venta,España,IGR ,Generación,IGNIS,"40,0"
UPVAR,UPVAR,UPVAR,18W000000000UJLB,Solar fotovoltaica,Venta,España,SZR,Generación,GNRA,"8,6"
UPVCE,UPVCE,UPVCE,18W000000000V01U,Solar fotovoltaica,Venta,España,SZR,Generación,GNRA,"3,3"
UPVENAT,UP VENATOR,UP VENATOR PA SPAIN SL,18W000000000SDVH,Gas Natural Cogeneración,Venta,España,SZR,Generación,IGNIS,"10,0"
UPVERO,UPVERO,UPVERO,18W000000000UGQA,Solar fotovoltaica,Venta,España,GNRA01 ,Generación,GNRA,"10,0"
UPVERO1,UPVERO1,UPVERO1,18W000000000UH94,Solar fotovoltaica,Venta,España,GNRA01 ,Generación,GNRA,"10,0"
UPVERO3,UPVERO3,UPVERO3,18W000000000UHB0,Solar fotovoltaica,Venta,España,GNRA01 ,Generación,GNRA,"10,0"
UPVIBO,UPVIBO,UPVIBO,18W000000000VCBB,Solar fotovoltaica,Venta,España,SZR,Generación,GNRA,"36,2"
UPVIL,UPVIL,UPVIL,18W000000000S8O9,Solar fotovoltaica,Venta,España,SZR,Generación,GNRA,"42,2"
UPVILA2,UP VILLA 2,UP - FOTOVOLTAICA ESCUDERO SL VILLANUEVA,18W000000000R8ZS,Solar fotovoltaica,Venta,España,GNRA01 ,Generación,GNRA,"42,2"
UPVILLA,UPVILLA,UPVILLA,18W000000000VBBE,Eólica terrestre,Venta,España,SZR,Generación,GNRA,"66,7"
UPVIRG2,VIRODANAS2,UP VIRGEN DE RODANAS II,18W000000000RDGE,Eólica terrestre,Venta,España,IGE ,Generación,IGNIS,"49,5"
UPVIRGE,VIRODANASI,UP VIRGEN DE RODANAS I,18W000000000RDFG,Eólica terrestre,Venta,España,IGE ,Generación,IGNIS,"49,5"
UPVISCO,UPVISCOFAN,UP VISCOFAN,18W000000000RCAT,Gas Natural Cogeneración,Venta,España,SZR,Generación,IGNIS,"48,2"
UPVLEBR,LA FATAREL,PE LA FATARELLA,18W000000000Q306,Eólica terrestre,Venta,España,IGS ,Generación,IGNIS,"49,9"
UPVRS,UPVRS,UPVRS,18W000000000U2SB,Solar fotovoltaica,Venta,España,GNRA01 ,Generación,GNRA,"24,5"
UPVVILA,VILALBA,PE VILALBA,18W000000000Q2ZD,Eólica terrestre,Venta,España,SZR,Generación,IGNIS,"48,9"
UPWM273,CORRANUEVO,PE CORRAL NUEVO,18W000000000VFZS,Eólica terrestre,Venta,España,SZR,Generación,WMARK,"5,2"
UPWM274,FVZON,FVZON,18W000000000VGUZ,Solar fotovoltaica,Venta,España,SZR,Generación,WMARK,"10,0"
UPXENC,UPXENC,UPXENC,18W000000000TJ3E,Almacenamiento,Compra,España,GNRA01 ,Unidades de almacenamiento,GNRA,"5,0"
UPXENV,UPXENV,UPXENV,18W000000000TJ1I,Almacenamiento,Venta,España,GNRA01 ,Unidades de almacenamiento,GNRA,"5,0"
UPYARTE,EL YARTE ,UP FV EL YARTE,18W000000000QQUP,Solar fotovoltaica,Venta,España,IGR ,Generación,IGNIS,"43,5"
UPYEN,UPYEN,UPYEN,18W000000000SUKP,Solar fotovoltaica,Venta,España,SZR,Generación,GNRA,"10,0"
UPZAV,UPZAV,UPZAV,18W000000000UYBN,Solar fotovoltaica,Venta,España,SZR,Generación,GNRA,"1,2"
UPZOR,UPZOR,UPZOR,18W000000000SZZH,Solar fotovoltaica,Venta,España,SZR,Generación,GNRA,"10,0"
UPZUMVE,UPZUMVE,UPZUMVE,18W000000000UFML,Solar fotovoltaica,Venta,España,SZR,Generación,GNRA,"4,5"
URACC01,URANOVII,URANOSCOPIDAE VII ENERGIA SL,18W000000000QBKG,Comercializadores mercado libre,Compra,España,SZR,Comercializadores,URANC,"1,0"
URAIC01,URAIV,URANOSCOPIDAE IV,18W000000000ISE9,Comercializadores mercado libre,Compra,España,SZR,Comercializadores,URAIV,"1,0"
URBCC01,URBE COMER,URBENER COMERCAIZADADORA,18W0000000005LE8,Comercializadores mercado libre,Compra,España,SZR,Comercializadores,URBEN,"0,1"
URBNC01,URBE CD,URBENER CD,18WURBNC01-123-Z,Consumos directos en mercado,Compra,España,SZR,Consum. directos a mercado,URBEN,"16,4"
URUSC01,URUS,URUS ENERGY SORIA SL,18W000000000SXUX,Comercializadores mercado libre,Compra,España,SZR,Comercializadores,URUSE,"1,0"
URVIC01,URANOVI,URANOSCOPIDAE ENERGIA VI SL,18W000000000QV7J,Comercializadores mercado libre,Compra,España,SZR,Comercializadores,URANB,"1,0"
VALIC01,HID VALIRA,"HIDROELECTRICA DEL VALIRA, S.L.",18WVALIC01-12-2O,Comercializadores mercado libre,Compra,España,SZR,Comercializadores,VALI,"0,0"
VALOC01,MV,TEXTIL VALOR,18W000000000HOYM,Consumos directos en mercado,Compra,España,SZR,Consum. directos a mercado,VALOR,"1,0"
VALRC01,VALERO,VALERO FORN TRADICIONAL,18W000000000O12G,Consumos directos en mercado,Compra,España,SZR,Consum. directos a mercado,VALEA,"3,5"
VAN2,VANDELLOS,C.N. VANDELLOS II,18WVAN2-12345-0W,Nuclear,Venta,España,SZR,Generación,ENDG,"1.045,3"
VAQC01,VAQ CO,"ELECTRA VAQUER, S.A.",18WVAQC01-123-2B,Comercializadores mercado libre,Compra,España,SZR,Comercializadores,VAQ,"0,0"
VARAC01,VARAENER,COMERCIALIZADORA VARAENER,18W000000000P520,Comercializadores mercado libre,Compra,España,SZR,Comercializadores,VARAE,"0,1"
VECCC01,UPVECTORC,UP COMPRA VECTOR,18W000000000RKZT,Comercializadores mercado libre,Compra,España,SZR,Comercializadores,VECTO,"10,0"
VEGFEN,FOT 5 MW,FOT MAYOR DE 1 MW,18W000000000T4U5,Solar fotovoltaica,Venta,España,SZR,Generación,FEN,"4,5"
VELTC01,VELTC01,VELTC01,18W000000000PUTJ,Comercializadores mercado libre,Compra,España,SZR,Comercializadores,VELTA,"0,1"
VEMTR,VEMTR,VEMTR,18W000000000F5FE,Solar fotovoltaica,Venta,España,SZR,Generación,GNRA,"30,0"
VIEECA1,EONECA1,COMERCIALIZADOR EON ENERGIA (COMERCIALIZADORA NACIONAL),18WVIEECA1-12-22,Comercializadores mercado libre,Compra,España,SZR,Comercializadores,VIEE,"0,0"
VIES,UGH EON,UGH. EON,18WVIES-12345-0Y,Hidráulica UGH,Venta,España,REPSOL ,Generación,REPSB,"331,3"
VIMC01,VIMCOMEL,VIMCOMEL,18W000000000RID5,Comercializadores mercado libre,Compra,España,SZR,Comercializadores,VIMCO,"0,0"
VINAS,VINAS FV,VINAS FOTOVOLTAICA,18W000000000SDYB,Solar fotovoltaica,Venta,España,SZR,Generación,ELEIA,"2,3"
VINIC01,COVINIL,COVINIL,18WVINIC01-123-B,Consumos directos en mercado,Compra,España,SZR,Consum. directos a mercado,VINI,"2,0"
VIOLC01,VINAOLIVA,VINAOLIVA SDAD COOP,18W000000000SKGQ,Consumos directos en mercado,Compra,España,SZR,Consum. directos a mercado,VINAO,"0,2"
VIRIC01,VIRGIN UP,VIRGIN ELECTRIC UP,18W0000000003U2D,Comercializadores mercado libre,Compra,España,SZR,Comercializadores,VIRGI,"0,5"
VIRUC01,SOCIEDAD,SOCIEDAD ARAGONESA DE COMERCIALIZACION DE ENERGIA,18W000000000I66H,Comercializadores mercado libre,Compra,España,SZR,Comercializadores,VIRTM,"1,0"
VISC01,VISC01,VISCOCEL,18WVISC01-1234-W,Consumos directos en mercado,Compra,España,SZR,Consum. directos a mercado,SNIVI,"3,0"
VISFV18,VISFV18,LOGIFASHION SOLAR,18W000000000SD4Y,Solar fotovoltaica,Venta,España,SZR,Generación,VISAL,"1,2"
VISFV21,VISFV21,PSFV OLIVARES,18W000000000SKXT,Solar fotovoltaica,Venta,España,SZR,Generación,VISAL,"6,0"
VISFV22,VISFV22,INVERSIONES FERNANDEZ HIGUERA- IFV TORRECILLA,18W000000000SQVF,Solar fotovoltaica,Venta,España,SZR,Generación,VISAL,"0,9"
VISFV23,VISFV23,FV TURRILLAR MATANEGRO-RIO BENAHADUX,18W000000000URMM,Solar fotovoltaica,Venta,España,SZR,Generación,VISAL,"4,3"
VISFV24,VISFV24,FV LA CAÑADA DE TABERNAS-COTO BENAHADUX,18W000000000UROI,Solar fotovoltaica,Venta,España,SZR,Generación,VISAL,"4,4"
VISFV25,VISFV25,TORDESILLAS 2,18W000000000USZU,Solar fotovoltaica,Venta,España,SZR,Generación,VISAL,"1,0"
VISLC01,VISLC01,VISALIA ENERGIA SLU,18W000000000CYZA,Comercializadores mercado libre,Compra,España,SZR,Comercializadores,VISAL,"0,1"
VITLC01,VITLC01,VITOL COMERCIALIZADORA,18W000000000PPR1,Comercializadores mercado libre,Compra,España,SZR,Comercializadores,VITOL,"500,0"
VITLCP3,VITOLCP3,VITOL COMPRAS PARA EXPORT FRA,18W000000000NFHM,Exportación Francia,Compra,Francia-España,SZR,Comercializador internacional,VITOL,"500,0"
VITLVP3,VITOLVP3,VITOL VENTAS DE IMPORTACION DESDE FRA,18W000000000NFIK,Importación Francia,Venta,Francia-España,SZR,Comercializador internacional,VITOL,"500,0"
VIVOC01,VIVO,VIVO ENERGIA,18W00000000013W5,Comercializadores mercado libre,Compra,España,SZR,Comercializadores,VIVO,"0,1"
VMANGM,VMANGM,VMANGM,18W000000000TB07,Solar fotovoltaica,Venta,España,SZR,Generación,MANUE,"2,0"
VNLSC01,VINALESA,ELECTRICA DE VINALESA SCV,18W00000000093KY,Comercializadores mercado libre,Compra,España,SZR,Comercializadores,VINAL,"25,0"
VPEL,VPEL,VENTA PEL COG,18W0000000003YI6,Biomasa,Venta,España,SZR,Generación,PEL,"0,9"
VVESC01,VIVA EYS,VIVA ENERGIA Y SOLUCIONES,18W0000000002NUJ,Comercializadores mercado libre,Compra,España,SZR,Comercializadores,VIVA,"0,1"
WATFV01,WATFV01,WATIUM FV 01,18W000000000FTSR,Solar fotovoltaica,Venta,España,SZR,Generación,VISAL,"14,3"
WATFV02,WATFV02,WATIUM 13 ROELES,18W000000000PMPE,Solar fotovoltaica,Venta,España,SZR,Generación,VISAL,"12,5"
WATFV04,WATIUMFV04,WATIUM FV AGUASAL,18W000000000PR0C,Solar fotovoltaica,Venta,España,SZR,Generación,VISAL,"2,5"
WATFV05,WATFV05,WATIUM FV LOPEZ BRAVO PIO CAMARA BURGOS,18W000000000PR1A,Solar fotovoltaica,Venta,España,SZR,Generación,VISAL,"1,2"
WATFV06,WATFV06,WATIUM FV RODERO ENERGIA,18W000000000PWPL,Solar fotovoltaica,Venta,España,SZR,Generación,VISAL,"2,4"
WATFV11,WATFV11,PIO CAMARA VILLALONQUEJAR,18W000000000QP0E,Solar fotovoltaica,Venta,España,SZR,Generación,VISAL,"1,8"
WATFV12,WATFV12,FOTOSFERA-BARCO DE LOS FRAILES I,18W000000000QUTF,Solar fotovoltaica,Venta,España,SZR,Generación,VISAL,"2,5"
WATFV13,WATFV13,VILLAHERMOSA,18W000000000R0L6,Solar fotovoltaica,Venta,España,SZR,Generación,VISAL,"1,0"
WATFV15,WATFV15,FV LA MOCHA,18W000000000ROVP,Solar fotovoltaica,Venta,España,SZR,Generación,VISAL,"1,2"
WATFV16,13ROELESNO,13 ROELES NORTE,18W000000000RXJM,Solar fotovoltaica,Venta,España,SZR,Generación,VISAL,"9,6"
WATFV17,WATFV17,PSF TARRAGON,18W000000000S0UL,Solar fotovoltaica,Venta,España,SZR,Generación,VISAL,"2,8"
WATOC01,WATIOX,RECICLAJES ECOLOGICOS BARATHEON,18W000000000HGMX,Comercializadores mercado libre,Compra,España,SZR,Comercializadores,WATIO,"1,0"
WAUDAX,WIND,WIND AUDAX,18W000000000KBPU,Eólica terrestre,Venta,España,SZR,Generación,ADXRE,"45,0"
WKWC01,WEKIWI,COMERCIALIZADOR ELECTRICIDAD Y GAS,18W000000000MHGM,Comercializadores mercado libre,Compra,España,SZR,Comercializadores,WEKIW,"10,0"
WMARC01,WMARC01,WMARC01,18WWMARC01-123-3,Comercializadores mercado libre,Compra,España,SZR,Comercializadores,WMARK,"71,0"
WMARCAX,WMARCAX,CONSUMO DE SERVICIOS AUXILIARES,18W000000000IKMH,Consumo de Servicios Auxiliares,Compra,España,SZR,Servicios auxiliares,WMARK,"1,0"
YELLC01,COMPRA YEL,UNIDAD COMPRA THE YELLOW ENERGY PENINS,18WYELLC01-123-C,Comercializadores mercado libre,Compra,España,SZR,Comercializadores,YELLO,"2,0"
ZABU,ZABU,ZARBURDON,18WZABU-123456-Z,Hidráulica UGH,Venta,España,SZR,Generación,HIDRJ,"1,1"
ZARA1,ZARATAN1,ZARATAN1,18W000000000RBKC,Solar fotovoltaica,Venta,España,SZR,Generación,ADXRE,"8,0"
ZELTC01,ZELTRIA,ZELTRIA ENERGIA,18WZELTC01-123-U,Comercializadores mercado libre,Compra,España,SZR,Comercializadores,ZELTR,"0,1"
ZENOC01,ZENOC01,ZENOC01,18W000000000TYSU,Comercializadores mercado libre,Compra,España,SZR,Comercializadores,ZENON,"3,0"
ZERBI,ZERBI,UP IRUGURUTZETA,18WZERBI-12345-J,Hidráulica no UGH,Venta,España,SZR,Generación,GNRA,"1,3"
ZERC01,ZERC01,ZERC01,18W0000000002ZI7,Comercializadores mercado libre,Compra,España,SZR,Comercializadores,ZEREN,"0,1"
ZEREC01,ZEREP,ZEREP CARBONICAS Y AGUAS,18WZEREC01-123-3,Consumos directos en mercado,Compra,España,SZR,Consum. directos a mercado,ZERE,"0,8"
ZETAC01,ZETAC01,ZETAC01,18W000000000R93F,Comercializadores mercado libre,Compra,España,SZR,Comercializadores,ZETAE,"0,1"
ZJARVE,ZJARVE,ZJARVE,18W000000000LAEE,Solar fotovoltaica,Venta,España,SZR,Generación,GNRA,"6,0"
ZOVEC01,ZOVEC01,COMPRA COMERCIALIZADORA,18W000000000URIU,Comercializadores mercado libre,Compra,España,SZR,Comercializadores,ZOVE,"1,0"
ZRMTC01,ZERMATT,ZERMATT POWER,18W000000000L3YW,Comercializadores mercado libre,Compra,España,SZR,Comercializadores,ZRMTT,"0,1"
ZUGPC01,ZUG POWER,ZUG POWER SL,18W000000000NER5,Comercializadores mercado libre,Compra,España,SZR,Comercializadores,ZUGPW,"0,1"
ZULUC01,ZULU,ZULUX ENERGIA,18W000000000FCIO,Comercializadores mercado libre,Compra,España,SZR,Comercializadores,ZULU,"0,2"
