codigo_de_uf,codigo_eic,descripcion_corta,descripcion_larga,tipo_de_produccion,vinculacion_con_sm,vinculacion_con_up,potencia_maxima_mw
3PINOS,18W0000000004ZX6,3PINOS,3PINOS - VELA,Solar fotovoltaica,GNRA,UPBLAN,"6,0"
3VILLAS,18W3VILLAS-123-5,3VILLAS,PARQUE EÓLICO TRES VILLAS,Eólica terrestre,CEG,EUW3VIL,"49,5"
4CAM1,18W000000000RO29,4CAMINOS1,CUATROCAMINOS1,Solar fotovoltaica,ADXRE,FAUDAX,"6,2"
4CAM2,18W000000000RO37,4CAMINOS2,CUATROCAMINOS2,Solar fotovoltaica,ADXRE,FAUDAX,"6,2"
4CAM3,18W000000000RO45,4CAMINOS3,CUATROCAMINOS4,Solar fotovoltaica,ADXRE,FAUDAX,"3,7"
4CAM4,18W000000000RO53,CUATROCAM4,CUATROCAM4,Solar fotovoltaica,ADXRE,FAUDAX,"3,7"
98D-481,18W98D-481-123-M,98D-481,TORRAS PAPEL-MONTAÑESA,Gas natural cogeneración,NEXU,TTFTPZG,"23,6"
98FUTUR,18W98FUTUR-123-W,98FUTUR,UF 98FUTUR,Solar fotovoltaica,EFG,FGEFG,"1,5"
ABA1,18WABA1-12345-AJ,ABARAN 1,ABARAN 1,Fluyente,BARER,ABA1,"0,3"
ABA2,18WABA2-12345-A9,ABARAN 2,ABARAN 2,Fluyente,BARER,ABA2,"0,4"
ABADC,18W000000000N8TJ,ABADC,ABADIÑO COMPRA,Batería electroquímica,IBGES,AFIBGEC,"6,8"
ABADV,18W000000000N8UH,ABADV,BATERIAS ABADIÑO,Batería electroquímica,IBGES,AFIBGEV,"6,8"
ABARA,18WABARA-12345-Z,ABARA,P.E E. ABARA,Eólica terrestre,EGED,EABARA,"6,0"
ABASC01,18W000000000JLUV,UPC ABAST,UP COMPRA ABASTE,Comercializadores mercado libre,ABAST,ABASC01,"1,0"
ABELLA,18W000000000FFGJ,ABELLA,18W000000000FFGJ,Eólica terrestre,EGLE,EINVER,"15,0"
ABENOJA,18W000000000R5QI,ABENOJA,ABENOJAR,Solar fotovoltaica,NEXU,FABENOJ,"5,0"
ABJEREZ,18W000000000TF4O,JEREZ,JEREZ,Solar fotovoltaica,SHEEN,SHEPV29,"23,0"
ABNIX,18W000000000SJFV,ABNIX,ABNIX,Solar fotovoltaica,GNRA,FVGNRA,"1,8"
ABO1,18WABO1-12345-D7,ABOÑO 1,ABOÑO  (G.1),Hulla antracita,ABOGE,ABO1,"341,7"
ABO2,18WABO2-12345-DY,ABOÑO 2,ABOÑO  (G.2),Turbina vapor - Fuel gas,ABOGE,ABO2G,"561,8"
ABOUC01,18W-ABOUC01-3--H,ABOUTWHI,"ABOUT WHITE, S.L.",Comercializadores mercado libre,ABOUT,ABOUC01,"0,1"
ABOX,18W000000000T21W,ABOX,COMPRA SSAA ABOÑO,Consumo de Servicios Auxiliares,ABOGE,ABOX,"30,0"
AC86BA,18W000000000OT8V,AC86BA,AC86BA,Comercializadores mercado libre,FORTI,FORTR01,"1,0"
ACAIX,18W000000000TVUZ,ACAIX,ACAIX,Solar fotovoltaica,GNRA,UPSON4,"2,0"
ACAMP,18WACAMP-12345-C,ACAMP,P.E. CAMPO ARIAS,Eólica terrestre,HC G,HCGSIHA,"48,0"
ACAMPOH,18WACAMPOH-123-1,ACAMPO,P.E. ACAMPO HOSPITAL,Eólica terrestre,ECYR,EEGPEM,"6,0"
ACAPC01,18W000000000MPRD,ACAPC01,ACAPC01,Consumos directos en mercado,ACAPE,ACAPC01,"0,8"
ACASIL1,18WPEALCASILL1-U,ACASIL1,P.E. ALTO CASILLAS I,Eólica terrestre,ECYR,EEGPEV,"30,0"
ACASIL2,18WPEALCASILL2-R,ACASIL2,P.E. ALTO CASILLAS II,Eólica terrestre,ECYR,EEGPES,"30,0"
ACC1,18WACC1-12345-AM,ACECA H 1,ACECA HIDRAULICA G1,Fluyente,IBEG,TAJO,"0,1"
ACC2,18WACC2-12345-AC,ACECA H 2,ACECA HIDRAULICA G2,Fluyente,IBEG,TAJO,"0,4"
ACC3,18WACC3-12345-A2,ACECA H 3,ACECA HIDRAULICA G3,Fluyente,IBEG,TAJO,"0,2"
ACE3,18WACE3-12345-CD,ACECA 3,C. C. GT ACECA3,Ciclo combinado,IBGT,ACE3,"386,0"
ACE4,18WACE4-12345-C3,ACECA4,ACECA4,Ciclo combinado,GNCC,ACE4,"372,6"
ACEBO,18WACEBO-1234-E1,ACEBO,P.E. SIERRA DEL ACEBO,Eólica terrestre,HC G,HCGSCSA,"17,8"
ACEGUAD,18WACEGUAD-123-1,ACEGUAD,ACEITERA GUADALQUIVIR,Gas natural cogeneración,GNRA,TLARODA,"8,2"
ACENC01,18W-ACENC01-7--5,ACENORCA,ACENORCA,Consumos directos en mercado,ACENO,ACENC01,"0,9"
ACHEC01,18W-ACHEC01-4--V,CHERA,CHERA,Comercializadores mercado libre,ACHER,ACHEC01,"1,4"
ACIBERO,18W000000000RXGS,ACIBERO,ACIBEROS,Eólica terrestre,WMARK,EACIBER,"33,6"
ACINF,18W000000000JJFU,ACINF,ACINF,Solar fotovoltaica,GNRA,UPEJO,"8,0"
ACNHC01,18W000000000OGAT,ACNHC01,UP COMPRA,Comercializadores mercado libre,ACENH,ACNHC01,"0,0"
ACOLLAR,18W000000000UEX2,ACOLLAR,UF SOLAR AZNALCOLLAR,Solar fotovoltaica,NEXU,FCOLLAR,"41,6"
ACOSC01,18W000000000VHBX,ACOSC01,ACOSC01,Comercializadores mercado libre,ACOST,ACOSC01,"0,1"
ACR1,18WACR1-12345-A5,AC.VEGA 1,ACERA DE LA VEGA 1,Fluyente,IBEG,DUER,"4,7"
ACR2,18WACR2-12345-AW,AC.VEGA 2,ACERA DE LA VEGA 2,Fluyente,IBEG,DUER,"4,7"
ACSOC01,18W0000000003SEW,ACSOL,ACSOL ENERGIA GLOBAL,Comercializadores mercado libre,ACSOL,ACSOC01,"0,1"
ACTIC01,18W000000000GPZL,ACTIC01UN1,ACTIVA UPROG COMER 1,Comercializadores mercado libre,ACTIV,ACTIC01,"100,0"
ACUADRA,18WACUADRA-12-EG,ACUADRA,P. E. ALABE CUADRAMÓN,Eólica terrestre,EGED,EFEGEL2,"18,7"
ACUAVIR,18WACUAVIR-123-A,ACUAVIR,C.H. PRESA DEL ARENOSO,Embalse,IGNIS,HACUAVI,"12,5"
ADEIC01,18W-ADEIC01-6--6,ADEINNOVA,ADEINNOVA ENERGIA S.L,Comercializadores mercado libre,ADEIN,ADEIC01,"0,5"
ADEIV01,18W000000000S4OL,FYNEXU,FYNEXU,Solar fotovoltaica,ADEIN,ADEIV01,"0,3"
ADELC01,18W-ADELC01-4--O,ADELFAS,ADELFAS,Comercializadores mercado libre,ADELF,ADELC01,"4,0"
ADRANO,18WADRANO-123-ER,ADRANO,P.E. DE ADRAÑO,Eólica terrestre,EGED,EADRAG,"21,6"
ADSEC01,18W-ADSEC01-5--H,ADSEC01,ADSEC01,Comercializadores mercado libre,ADSSM,ADSEC01,"16,0"
ADSNC01,18W000000000JZUQ,ADS,ADS SOLUTIONS,Comercializadores mercado libre,ADSEN,ADSNC01,"1,0"
ADURC01,18W-ADURC01-7--K,ADURC01,ADURC01,Comercializadores mercado libre,ADUR,ADURC01,"0,0"
ADXC01,18W000000000Q063,ADXC01,ADX RENOVABLES,Comercializadores mercado libre,ADXRA,ADXC01,"0,1"
AEIDG87,18WAEIDG87-12--B,AEIDG87,AEROGENERADOR G87,Eólica terrestre,WMARK,AEIDGEN,"2,0"
AEIDG90,18WAEIDG90-123-3,AEIDG90,AEROGENERADOR G90,Eólica terrestre,WMARK,AEIDGEN,"2,0"
AENEC01,18W-AENEC01-3--R,AVAENERC,AVALIA ENERGIA UP,Comercializadores mercado libre,AENER,AENEC01,"60,0"
AEQC01,18W000000000T27K,AEQ,AEQ COMER,Comercializadores mercado libre,AEQ,AEQC01,"1,0"
AEROGEN,18WAEROGEN-123-0,AEROGEN,18WAEROGEN-123-0,Eólica terrestre,EGLE,EENRES,"1,6"
AFAP,18WAFAP-123456-S,AFAP,TERMICA AFAP,Biomasa,EGLE,RAFAP,"7,8"
AFRICNA,18W000000000QV1V,AFRICNA,AFRICANAA,Solar térmica,GESTE,TAFRICA,"49,9"
AFRODI1,18W000000000SN9V,AFRODI1,PSF AFRODITA,Solar fotovoltaica,WMARK,FVAFROD,"40,8"
AG41AG,18W000000000OSRX,AG41AG,AG41AG,Comercializadores mercado libre,FORTI,FORTR01,"1,0"
AGA1,18WAGA1-12345-AX,AGUILA 1,EL AGUILA 1,Fluyente,IBEG,EBRA,"0,2"
AGA2,18WAGA2-12345-AN,AGUILA 2,EL AGUILA 2,Fluyente,IBEG,EBRA,"0,2"
AGALGPA,18WAGALGPA-123-B,AGALGPA,18WAGALGPA-123-B,Biomasa,EGLE,ROLEIC,"5,3"
AGALMZ,18W000000000V32J,AGALMZ,AGALMZ,Comercializadores mercado libre,ENDCO,ENDER01,"1,0"
AGATC,18W000000000SIKO,AGATC,AGATC,Solar fotovoltaica,GNRA,UPAGA,"18,0"
AGBAENA,18WAGBAENA-123-X,AGBAENA,AGROENERGÉTICA DE BAENA,Biomasa,EGLE,ROLEIC,"20,0"
AGBARS,18W000000000TRY2,AGBARS,AGBARS,Comercializadores mercado libre,ENDCO,ENDER01,"1,0"
AGBTC,18W000000000SIS8,AGBTC,AGBTC,Solar fotovoltaica,GNRA,UPAGB,"22,0"
AGEAG,18W000000000O6RP,AGEAG,AGEAG,Solar fotovoltaica,GNRA,UPAGE,"4,5"
AGENC01,18WAGENC01UF---E,AGENC01,AGUAS BARBASTRO ENERGÍA COMPRA,Comercializadores mercado libre,ABESL,AGENC01,"9,0"
AGENORR,18W000000000QR8T,AGENR,AGNORR,Solar fotovoltaica,GNRA,FAGENOR,"40,0"
AGESRAD,18W000000000V25G,AGESRAD,AGESRAD,Comercializadores mercado libre,ENEFI,ENEIR01,"1,0"
AGL1,18WAGL1-12345-AN,AGUILAR 1,AGUILAR 1,Embalse,REPSB,VIES,"4,9"
AGL2,18WAGL2-12345-AD,AGUILAR 2,AGUILAR 2,Embalse,REPSB,VIES,"4,9"
AGM1,18WAGM1-12345-AC,AIGUAMOIX,AIGUAMOIX,Embalse,ENDG,EBRFEN,"31,5"
AGMAC01,18W-AGMAC01-3--E,AGMARQUES,AGMARQUES,Consumos directos en mercado,AGMA,AGMAC01,"0,5"
AGON2,18W000000000RPM3,AGON2,AGON2,Eólica terrestre,CEG,EAGON2,"9,0"
AGREDA,18WAGREDA-1234-K,AGREDA,18WAGREDA-1234-K,Eólica terrestre,ECYR,EREGPEM,"18,0"
AGRIC01,18W-AGRIC01-1--B,AGRIC01,AGRIC01,Comercializadores mercado libre,AGREN,AGRIC01,"0,0"
AGROBO1,18W000000000QMYT,AGROBO1,UF SOLAR ALGARROBO I,Solar fotovoltaica,NEXU,FAGROB1,"1,8"
AGROBO2,18W000000000QMZR,AGROBO2,UF SOLAR ALGARROBO II,Solar fotovoltaica,NEXU,FAGROB2,"1,8"
AGROBO3,18W000000000QN0K,AGROBO3,UF SOLAR ALGARROBO III,Solar fotovoltaica,NEXU,FAGROB3,"1,7"
AGRSRAD,18W000000000TRUA,AGRSRAD,AGRSRAD,Comercializadores mercado libre,ENDCO,ENDER01,"1,0"
AGU1,18WAGU1-12345-FP,AGUAYO 1 G,AGUAYO GR.1 GENERACION,Turbinación bombeo,REPSB,AGUG,"90,0"
AGU1B,18WAGU1B-12345-6,AGUAYO 1 B,AGUAYO GR.1 BOMBEO,Consumo bombeo,REPSB,AGUB,"90,0"
AGU2,18WAGU2-12345-FF,AGUAYO 2 G,AGUAYO GR.2 GENERACION,Turbinación bombeo,REPSB,AGUG,"89,2"
AGU2B,18WAGU2B-12345-X,AGUAYO 2 B,AGUAYO GR.2 BOMBEO,Consumo bombeo,REPSB,AGUB,"90,0"
AGU3,18WAGU3-12345-F5,AGUAYO 3 G,AGUAYO GR.3 GENERACION,Turbinación bombeo,REPSB,AGUG,"90,5"
AGU3B,18WAGU3B-12345-N,AGUAYO 3 B,AGUAYO GR.3 BOMBEO,Consumo bombeo,REPSB,AGUB,"90,0"
AGU4,18WAGU4-12345-FW,AGUAYO 4 G,AGUAYO GR.4 GENERACION,Turbinación bombeo,REPSB,AGUG,"90,7"
AGU4B,18WAGU4B-12345-D,AGUAYO 4 B,AGUAYO GR.4 BOMBEO,Consumo bombeo,REPSB,AGUB,"90,0"
AGUALLA,18WAGUALLA-12-EI,AGUALLA,AGUALLA,Eólica terrestre,EGED,EGREEN,"36,8"
AGUDO,18W000000000OA3O,AGUDO,UF SOLAR AGUDO,Solar fotovoltaica,NEXU,FAGUDO,"1,0"
AGUERAS,18W000000000T9TT,AGUERAS,AGUERAS,Hidráulica - No UGH,DETIC,HYAGUER,"2,9"
AGUILA,18WAGUILA-123-E8,AGUILA,AGUILA,Híbrida Renovable,NEXU,EHIBAGI,"28,8"
AGUILAR,18WAGUILAR-12-EI,AGUILAR,AGUILAR,Eólica terrestre,EGED,EGREEN,"100,0"
AGUILI,18W000000000MHKE,AGUILI,AGUILI,Híbrida Renovable,NEXU,EHIBAGL,"46,7"
AGUILON,18WSANCRAGUILONK,AGUILON,P.E. SAN CRISTOBAL DE AGUILON,Eólica terrestre,ECYR,EREGPES,"50,0"
AGUIR,18W000000000QY2K,AGUIR,AGUIR,Solar fotovoltaica,GNRA,FVGNRA,"51,7"
AGURDA,18W000000000V44C,AGURDA,AGURDA,Comercializadores mercado libre,ENDCO,ENDER01,"1,0"
AGV1,18WAGV1-12345-AO,AGAVANZA 1,NTRA. Sª AGAVANZAL 1,Embalse,IBEG,DUER,"11,2"
AGV2,18WAGV2-12345-AE,AGAVANZA 2,NTRA. Sª AGAVANZAL 2,Embalse,IBEG,DUER,"11,3"
AGV3,18WAGV3-12345-A4,AGAVANZA 3,NTRA. Sª AGAVANZAL 3,Embalse,IBEG,DUER,"1,5"
AHORC01,18W000000000P1SY,AHORA PEN,PENINSULA,Comercializadores mercado libre,ALENE,AHORC01,"10,0"
AHTC01,18W000000000SS6M,AHTC01,COMPRA COMERCIALIZADORA,Comercializadores mercado libre,COMED,AHTC01,"1,0"
AI83CB,18W000000000TYRW,AI83CB,AI83CB,Comercializadores mercado libre,FORTI,FORTR01,"1,0"
AIADHES,18W000000000OGHF,AIADHES,AIADHES,Gas natural cogeneración,DETIC,COGAIAD,"1,0"
AIBAR,18WAIBAR-1234-EJ,AIBAR,AIBAR,Eólica terrestre,EGED,EGREEN,"36,8"
AIELO,18W000000000P2M6,AIELO,UF SOLAR AIELO,Solar fotovoltaica,NEXU,FAIELO,"1,5"
AIRAS,18W000000000SRLW,PE AIRAS,PE AIRAS,Eólica terrestre,SHEEN,SHEPV34,"23,3"
AIREC01,18W000000000D8YC,AIREL,COMERCIALIZADORES,Comercializadores mercado libre,AIREL,AIREC01,"1,0"
AIREV01,18W000000000HFI7,AIREV01,AIREV01,Solar fotovoltaica,AIREL,AIREV01,"7,2"
AITGN,18W000000000MBE7,AITGN,AITGN,Solar fotovoltaica,GNRA,HABGN,"42,2"
AITONA,18W000000000QCVS,AITONA,AITONA,Fluyente,EGED,HESEGRE,"4,8"
AIZEC01,18W000000000RD09,UP AIZEN,UPROGRAMACIN AIZEN,Comercializadores mercado libre,AIZEE,AIZEC01,"0,1"
AIZKIB,18WAIZKIB-123-E2,AIZKIB,AIZKIB,Eólica terrestre,EGED,EGREEN,"12,0"
AJENC01,18W000000000RVIU,AJENC01,ESAJENEUP,Comercializadores mercado libre,AJENE,AJENC01,"0,0"
AL11,18WAL11-12345-AZ,ALDEA I G1,ALDEADAVILA I 1,Embalse,IBEG,DUER,"132,9"
AL12,18WAL12-12345-AP,ALDEA I G2,ALDEADAVILA I 2,Embalse,IBEG,DUER,"132,7"
AL13,18WAL13-12345-AF,ALDEA I G3,ALDEADAVILA I 3,Embalse,IBEG,DUER,"133,0"
AL14,18WAL14-12345-A5,ALDEA I G4,ALDEADAVILA I 4,Embalse,IBEG,DUER,"133,1"
AL15,18WAL15-12345-AW,ALDEA I G5,ALDEADAVILA I 5,Embalse,IBEG,DUER,"131,8"
AL16,18WAL16-12345-AM,ALDEA I G6,ALDEADAVILA I 6,Embalse,IBEG,DUER,"134,3"
AL21,18WAL21-12345-AO,ALDEA IIG1,ALDEADAVILA II GR.1 GENERAC.,Embalse,IBEG,DUER,"216,2"
AL21B,18WAL21B-12345-W,ALDEA IIB1,ALDEADAVILA II GR.1 BOMBEO,Consumo bombeo,IBEG,DUEB,"200,0"
AL22,18WAL22-12345-AE,ALDEA IIG2,ALDEADAVILA II GR.2 GENERAC.,Embalse,IBEG,DUER,"212,2"
AL22B,18WAL22B-12345-M,ALDEA IIB2,ALDEADAVILA II GR.2 BOMBEO,Consumo bombeo,IBEG,DUEB,"200,0"
AL83AL,18W000000000OSL8,AL83AL,AL83AL,Comercializadores mercado libre,FORTI,FORTR01,"1,0"
AL83AM,18W000000000OSM6,AL83AM,AL83AM,Comercializadores mercado libre,FORTI,FORTR01,"1,0"
ALABRA,18WALABRA-123--T,ALABRA,ALABRA,Eólica terrestre,EGED,EGREEN,"18,7"
ALACON,18W000000000F63Z,ALACON,PE ALACON,Eólica terrestre,ECYR,EEGPEV,"39,9"
ALAHC01,18W000000000PRVO,UP_HALAHUR,UP_HALAHURIN,Comercializadores mercado libre,ALAHU,ALAHC01,"0,1"
ALAIX,18W000000000TV2H,ALAIX,ALAIX,Solar fotovoltaica,GNRA,UPSON2,"8,0"
ALAIZ,18WALAIZ-1234-ER,ALAIZ,ALAIZ,Eólica terrestre,EGED,EGREEN,"33,1"
ALAMAK,18W000000000RGG5,ALAMAK,UF SOLAR ALAMAK,Solar fotovoltaica,NEXU,FVALMK,"19,1"
ALAMILL,18W000000000R6X1,ALAMILL,UF SOLAR ALAMILLA,Solar fotovoltaica,NEXU,FALAMIL,"2,4"
ALAMO,18W000000000PA5G,ALAMO,FV ALAMO,Solar fotovoltaica,CEG,FVALAMO,"15,0"
ALAMOFW,18WALAMOFW-123-H,ALAMOFW,UF FUENTE ALAMO III FW,Solar fotovoltaica,GNRA,FFATFW,"9,6"
ALARCO,18WALARCO-1234-P,ALARCO,C.H. EN ALARCON,Embalse,IBGES,HFIBGES,"15,8"
ALARCOS,18W000000000I2MY,PV ALARCOS,PV ALARCOS,Solar fotovoltaica,ADXRE,ALARCOS,"45,0"
ALARCS,18W000000000GEP0,ALARCOS,FV ALARCOS,Solar fotovoltaica,NEXU,FALARCO,"43,7"
ALASE,18W000000000O6OV,ALASE,ALASE,Solar fotovoltaica,GNRA,FVGNRA,"1,5"
ALB1,18WALB1-12345--L,ALBARELLOS,ALBARELLOS,Embalse,GNFG,UFMI,"67,6"
ALBA1,18W000000000Q2SR,ALBA1,ALBA1,Solar fotovoltaica,CEG,FYALBA1,"5,2"
ALBA2,18W000000000Q2UN,ALBA2,ALBA2,Solar fotovoltaica,CEG,FYALBA2,"4,7"
ALBACET,18W000000000TFAC,ALBACET,GENERACIN BIOGAS ALBACETE,Biogás,EGLE,RPREZO,"1,0"
ALBAR,18W000000000IDI9,ALBAR,ALBAR,Solar fotovoltaica,GNRA,UPSDAF,"2,0"
ALBCC01,18W0000000005T60,ALBCOUP,ALBCO_UNIDAD DE PROGRAMACION,Comercializadores mercado libre,ALBCO,ALBCC01,"520,0"
ALBEI,18W000000000N0LM,ALBEI,ALBERIZAS I,Solar fotovoltaica,ADXRE,FAUDAX,"4,4"
ALBEII,18W000000000N0MK,ALBEII,ALBERIZAS II,Solar fotovoltaica,ADXRE,FAUDAX,"4,4"
ALBEIII,18W000000000N0KO,ALBEIII,ALBERIZAS III,Solar fotovoltaica,ADXRE,FAUDAX,"4,4"
ALBEIV,18W000000000N0NI,ALBEIV,ALBERIZAS IV,Solar fotovoltaica,ADXRE,FAUDAX,"4,4"
ALBETA1,18W000000000RXVZ,ALBETA1,UF SOLAR ALBETA 1,Solar fotovoltaica,NEXU,FALBET1,"1,9"
ALBETA2,18W000000000RXXV,ALBETA2,UF SOLAR ALBETA 2,Solar fotovoltaica,NEXU,FALBET2,"1,9"
ALBFW,18W000000000QZ93,ALBFW,ALBFW,Solar fotovoltaica,GNRA,FVGNRA,"1,2"
ALBUREJ,18WALBUREJ-123-Z,ALBUREJ,PARQUE EÓLICO ALBUREJOS,Eólica terrestre,IBGES,EHIBGES,"10,0"
ALC1,18WALC1-12345-AP,ALCALA J 1,ALCALA DEL JUCAR 1,Fluyente,BARER,BERJUCA,"0,5"
ALC2,18WALC2-12345-AF,ALCALA J 2,ALCALA DEL JUCAR 2,Fluyente,BARER,BERJUCA,"0,5"
ALCAC01,18W-ALCAC01-8--2,ALCAC01,ALCAC01,Comercializadores mercado libre,ALCAN,ALCAC01,"2,0"
ALCANAD,18WALCANAD-123-1,ALCANAD,C.H. ALCANADRE,Fluyente,EGED,HFEGED,"1,2"
ALCARA1,18WALCARA1-12-EV,ALCARA1,ALCARA1,Eólica terrestre,IBGES,ERRIBGE,"6,8"
ALCARA2,18WALCARA2-12-EO,ALCARA2,P.E. DE ALCARAMA II,Eólica terrestre,IBGES,ERRIBGE,"45,0"
ALCARDE,18W000000000U1V8,FV ALCARDE,UF AGRUPACION 4500211441ET,Solar fotovoltaica,INTRA,INTRE02,"2,0"
ALCARRA,18WALCARRA-123-Z,ALCARRA,PLANTA DE PURINS D'ALCARRAS,Gas natural cogeneración,FUTGR,TIGALC,"14,6"
ALCASUR,18W000000000P261,ALCSUR,ALCALSUR,Solar fotovoltaica,GESTE,FALCSUR,"4,7"
ALCAZ1,18W000000000G1VR,ALCAZ1,ALCAZAR I,Solar fotovoltaica,GALP,GALPS2,"36,0"
ALCAZA2,18W000000000U87Z,ALCAZARES2,ALCAZARES SOLAR 2020,Solar fotovoltaica,ELEIA,ALCAZA2,"1,7"
ALCB,18WALCB-12345--L,ALCOBA,ALCOBA,Embalse,GNFG,UFGC,"7,7"
ALCNCH,18W000000000SQNV,ALCNCH,UF SOLAR ALCONCHEL,Solar fotovoltaica,NEXU,FALCNCH,"6,4"
ALCNORT,18W000000000P245,ALCALNR,ALCALNORTE,Solar fotovoltaica,GESTE,FALCNOR,"4,7"
ALCOAS,18W000000000TRZ0,ALCOAS,ALCOAS,Comercializadores mercado libre,ENDCO,ENDER01,"1,0"
ALCOLEA,18WALCOLEA-123-G,ALCOLEA,18WALCOLEA-123-G,Fluyente,EGLE,HALCOL,"2,6"
ALCON1,18W000000000QF7U,ALCON1,UF SOLAR FV ALCON1,Solar fotovoltaica,NEXU,FALCON1,"23,1"
ALCONCH,18W000000000L17I,ALCONCHEL,UF ALCONCHEL,Solar fotovoltaica,EBLCO,FALCONC,"10,0"
ALCORE,18W000000000GEVP,ALCORE,UF FV ALCORE,Solar fotovoltaica,NEXU,FALCORE,"33,2"
ALCORES,18W000000000UIHM,ALCORES,ALCORES ALCALA,Solar fotovoltaica,EGLE,FALCOR,"4,5"
ALDDC01,18W000000000PPP5,ALDDC01,COMPRA ALDERAAN,Comercializadores mercado libre,ALDEC,ALDDC01,"1,0"
ALDEA,18W000000000SNM5,ALDEA,ALDEA,Solar fotovoltaica,GNRA,UPALDEA,"4,8"
ALDEC0F,18W000000000QWU7,ALDEC01,COMPRA COMERCIALIZADORA,Comercializadores mercado libre,ALDEF,ALDEC01,"1,0"
ALDEH,18WALDEH-1234-AJ,ALDEH,P.E: ALDEHUELAS,Eólica terrestre,HISPE,ALDEHU,"47,2"
ALDENG,18W000000000SG1V,ALDENG,ALDEBARAN,Biomasa,PULSA,RALDENG,"6,0"
ALDEVIE,18WALDEVIE-12-EB,ALDEVIE,P. E. ALDEAVIEJA,Eólica terrestre,ECYR,EEGPEM,"24,0"
ALDIX,18W000000000TTGW,ALDIX,ALDIX,Solar fotovoltaica,GNRA,UPSON3,"1,8"
ALDRC01,18W-ALDRC01-1--F,ALDRO ENER,ALDRO ENER,Comercializadores mercado libre,ALDRO,ALDRC01,"70,0"
ALDRV01,18W000000000E07C,ALDRV01,ALDRO REPRESENTACION,Solar fotovoltaica,ALDRO,ALDRV01,"1,8"
ALEACU,18W000000000V34F,ALEACU,ALEACU,Comercializadores mercado libre,ENDCO,ENDER01,"1,0"
ALENTIS,18WALENTIS-123-X,ALENTIS,ALENTISQUE,Eólica terrestre,EBLCO,EALENTI,"46,0"
ALESTE,18WALESTE-123-EV,ALESTE,ALESTE,Eólica terrestre,EGED,EFEGEL2,"14,2"
ALFRV1,18W000000000SY3A,ALFRV1,ALFRV1,Solar fotovoltaica,GNRA,UPALC1,"43,2"
ALFRV2,18W000000000SY48,ALFRV2,ALFRV2,Solar fotovoltaica,GNRA,UPALC2,"27,1"
ALG3TG1,18WALG3TG1-123-9,ALG3TG1,CCTG ALGECIRAS TG1,Ciclo combinado,REPSB,ALG3,"282,4"
ALG3TG2,18WALG3TG2-123-2,ALG3TG2,CCTG ALGECIRAS TG2,Ciclo combinado,REPSB,ALG3,"279,6"
ALG3TV1,18WALG3TV1-123-0,ALG3TV1,CCTG ALGECIRAS TV,Vapor,REPSB,ALG3,"258,5"
ALGICA1,18W-ALGICA1-9--1,ALGICA1,ALGICA1,Comercializadores mercado libre,COALG,ALGICA1,"10,5"
ALHAM,18WALHAM-1234--T,ALHAM,FALHAM,Solar fotovoltaica,GNRA,ALHAM,"5,8"
ALHAMB,18WALHAMB-123-E6,ALHAMB,P.E. ALHAMBRA,Eólica terrestre,EGED,EGREEN1,"34,0"
ALHEN1,18W000000000ROHG,UFALHENDI1,UF FV ALHENDIN I,Solar fotovoltaica,IGNIS,BAYWA1,"36,7"
ALHEN2,18W000000000ROIE,ALHENDIN2,UF FV ALHENDIN II,Solar fotovoltaica,IGNIS,UPBAYWA,"4,0"
ALHEN3,18W000000000ROJC,ALHENDIN3,UF FV ALHENDIN III,Solar fotovoltaica,IGNIS,BAYWA3,"4,3"
ALHUELA,18W000000000P2CQ,ALHUELA,ALDEHUELA,Fluyente,EGLE,HRPI,"1,4"
ALIAGAR,18W000000000LCOP,ALIAGAR,FV EL ALIAGAR 2 FASE 2,Solar fotovoltaica,WMARK,FALIAGA,"45,0"
ALIJAR,18WALIJAR-123-EX,ALIJAR,P.E. ALIJAR,Eólica terrestre,EGED,EGREEN1,"24,0"
ALIJAR2,18W000000000GAEY,ALIJAR2,ALIJAR2,Eólica terrestre,SEDAE,EALIJA2,"28,8"
ALIOC01,18W000000000Q0GK,ALIOC01,COMPRA ALIO,Comercializadores mercado libre,ALIOE,ALIOC01,"1,0"
ALIWIN,18W000000000L9CL,ALIWIN,UF SOLAR ALIWIN,Solar fotovoltaica,NEXU,FALIWN,"19,9"
ALIZAR,18W000000000MELL,ALIZARSUN,ALIZARSUN,Solar fotovoltaica,HISPE,FALIZAR,"41,5"
ALJORA,18W000000000GEYJ,ALJORRA,FV ALJORRA,Solar fotovoltaica,NEXU,FALJORR,"27,1"
ALLIUM,18W000000000UTWX,ALLIUM,UF SOLAR ALLIUM,Solar fotovoltaica,NEXU,FALLIUM,"2,5"
ALLUEVA,18W000000000F5XF,PE ALLUEVA,PE ALLUEVA,Eólica terrestre,ECYR,EEGPEV,"25,2"
ALM1,18WALM1-12345-AQ,ALMOGUER 1,ALMOGUERA 1,Embalse,GNFG,UFTA,"2,5"
ALM2,18WALM2-12345-AG,ALMOGUER 2,ALMOGUERA 2,Embalse,GNFG,UFTA,"2,7"
ALM3,18WALM3-12345-A6,ALMOGUER 3,ALMOGUERA 3,Embalse,GNFG,UFTA,"2,8"
ALMAC01,18W-ALMAC01-7--H,ALUM MAEST,ALUMINIOS DEL MAESTRE,Consumos directos en mercado,ALMAE,ALMAC01,"29,2"
ALMANDO,18WALMANDO-123-C,ALMANDO,C.H. ALMANDOZ,Fluyente,EGED,HFEGED,"2,9"
ALMANS2,18W000000000SMDQ,ALMANSA II,FV ALMANSA II,Solar fotovoltaica,DREUA,FDREU14,"2,6"
ALMANSA,18W000000000SMBU,ALMANSA I,FV ALMANSA I,Solar fotovoltaica,DREUA,FDREU13,"4,6"
ALMAREN,18WPE-ALMAREN--4,ALMAREN,P.E.ALMAREN UNIFICADO,Eólica terrestre,ECYR,EREGPEM,"11,9"
ALMAZ1,18W000000000NEVY,ALMAZ1,FV ALMARAZ 1,Solar fotovoltaica,IBGES,FIIBGES,"40,4"
ALMEND1,18WALMEND1-123-M,ALMEND1,P.E. LOS ALMENDROS I,Eólica terrestre,IBGES,EHIBGES,"20,0"
ALMENDA,18WALMENDA-12-EF,ALMENDA,P. E. ALMENDARACHE,Eólica terrestre,NEXU,EWIESRB,"21,0"
ALMENDR,18WALMENDR-123-P,ALMENDR,P.E. LOS ALMENDROS II,Eólica terrestre,IBGES,EHIBGES,"28,0"
ALMERIQ,18WJ-ALMERIQUESF,ALMERIQ,P.E. LOS ALMERIQUES,Eólica terrestre,NEXU,EALMERI,"27,5"
ALMNDRO,18W000000000MGWU,ALMNDRO,UF EOLICA ALMENDRO,Eólica terrestre,GNCO,EGASN2U,"43,5"
ALMNSA,18W000000000GETT,ALMANSA,UF FV ALMANSA,Solar fotovoltaica,NEXU,FALMANS,"45,1"
ALMO1,18W000000000T65C,ALMO1,ALMO1,Solar fotovoltaica,CEG,FALMO1,"38,2"
ALMODOV,18WALMODOV-12-ET,ALMODOVAR,P. E. ALMODOVAR,Eólica terrestre,EGED,EGREEN,"12,8"
ALMOF,18W000000000D4N9,ALMOFREI,AMOFREI,Fluyente,GNRA,HFGNRA,"1,2"
ALMON2,18W000000000VGKI,ALMON2,ALMON2,Solar fotovoltaica,GNRA,UPALMON,"4,7"
ALMONOR,18WALMONOR-12-E4,ALMONOR,P. E. ALABE MONTEMAYOR NORTE,Eólica terrestre,EGED,EFEGEL1,"21,0"
ALMORET,18W000000000IA81,ALMORET,ALMORET,Solar fotovoltaica,WMARK,FAMORET,"10,0"
ALMOSUR,18WALMOSUR-12-EM,ALMOSUR,ALABE-MONTEMAYOR SUR,Eólica terrestre,EGED,EFEGEL1,"12,7"
ALMOVAR,18W000000000U34J,ALMOVAR,UFI SOLAR ALMODOVAR,Solar fotovoltaica,NEXU,FALMVAR,"14,0"
ALMVRIO,18W000000000U33L,ALMVRIO,UFI SOLAR ALMODOVAR RIO,Solar fotovoltaica,NEXU,FALMRIO,"20,0"
ALMZ2,18W000000000N9H3,ALMZ2,FV ALMARAZ 2,Solar fotovoltaica,IBGES,FIIBGES,"24,8"
ALNERA,18W000000000LEW3,ALNERA,UF ALCONERA,Solar fotovoltaica,NEXU,FALNERA,"7,2"
ALO1,18WALO1-12345-A4,ALLOZ 1,ALLOZ 1,Embalse,ASIE,ASIEBRO,"3,3"
ALO2,18WALO2-12345-AV,ALLOZ 2,ALLOZ 2,Embalse,ASIE,ASIEBRO,"3,3"
ALOMBA,18WALOMBA-123-ER,ALOMBA,P. E. ALABE-LOMBA,Eólica terrestre,EGED,EFEGEL1,"22,5"
ALONDE,18W000000000SZCQ,ALONDE,UF SOLAR ALONDE,Solar fotovoltaica,NEXU,FALONDE,"1,2"
ALPMAI,18W000000000V9CI,ALPMAI,ALPMAI,Solar fotovoltaica,SOLRC,FALPMAI,"170,0"
ALPXC01,18W000000000BD6O,ALPXC01,ALPEX IBERICA DE ENERGIASL,Comercializadores mercado libre,ALPEX,ALPXC01,"10,0"
ALQSC01,18W000000000KFY0,ALQSC01,ALQSC01,Comercializadores mercado libre,ALSEG,ALQSC01,"0,1"
ALQUERA,18W000000000O2SZ,ALQRIA,ALQUERIA,Solar fotovoltaica,GESTE,FALQRIA,"3,1"
ALR2,18WALR2-12345-AZ,ALCALA R 1,ALCALA DEL RÍO 2,Fluyente,ENDG,GDLQ,"2,9"
ALR3,18WALR3-12345-AP,ALCALA R 2,ALCALÁ DEL RÍO 3,Fluyente,ENDG,GDLQ,"2,9"
ALSEC01,18W000000000IYLE,ALSEC01,ALSET COMERCIALIZADORA,Comercializadores mercado libre,ALSEC,ALSEC01,"0,1"
ALSEMU1,18W000000000UKRX,ALSEMU1,UF SOLAR ALSEMUR 1,Solar fotovoltaica,NEXU,FSEMUR1,"41,2"
ALSEMU2,18W000000000UKSV,ALSEMU2,UF SOLAR ALSEMUR 2,Solar fotovoltaica,NEXU,FSEMUR2,"41,2"
ALSEMU3,18W000000000UKTT,ALSEMU3,UF SOLAR ALSEMUR 3,Solar fotovoltaica,NEXU,FSEMUR3,"41,2"
ALTAMIR,18WALTAMIR-123-V,ALTAMIRA,ALTAMIRA,Eólica terrestre,IBGES,EHIBGES,"49,3"
ALTCO,18W000000000EZU9,ALCONERA,ALTEN ALCONERA DOS,Solar fotovoltaica,NEXU,FALTCO,"7,8"
ALTENEL,18W000000000S7Q8,ALTENELCAS,ALTENELCASAR,Solar fotovoltaica,RSPRA,FFRSPRA,"13,0"
ALTERRA,18WALTERRA-12-EC,ALTERRA,ALABE - TERRAL,Eólica terrestre,EGED,EGREEN,"27,0"
ALTIX,18W000000000TTHU,ALTIX,ALTIX,Solar fotovoltaica,GNRA,UPSON1,"1,2"
ALTOMOM,18W000000000RTUC,ALTOMONT,ALTOMOMPLA,Solar fotovoltaica,GESTE,FGST144,"0,9"
ALTORRI,18WALTORRI-123-M,ALTORRI,IND. DE TRATAMIENTO DE PURINES,Gas natural cogeneración,COGEN,TIGALT,"14,6"
ALTOSOL,18W000000000SDJ4,ALTOSOL,ALTOSOL,Solar fotovoltaica,DETIC,FTALTOS,"1,8"
ALUEC01,18W000000000LJ0F,ALUZPENIN,ALUZ PENINSULAR,Comercializadores mercado libre,ALUZE,ALUEC01,"1,0"
ALUZC01,18W000000000EE2H,AHORRELUZ,AHORRELUZ,Comercializadores mercado libre,ALUZ,ALUZC01,"0,1"
ALVSOL,18W000000000IJOG,SOL ALV,SOL ALV,Solar fotovoltaica,SHEEN,SHEPV02,"35,0"
ALVSPK,18W000000000IJNI,SPK ALV,SPK ALV,Solar fotovoltaica,SHEEN,SHEPV01,"35,0"
ALZ1,18WALZ1-12345-BT,ALMARAZ 1,ALMARAZ (G.1),Nuclear,IGNU,ALZ1,"1.011,3"
ALZ2,18WALZ2-12345-BJ,ALMARAZ 2,ALMARAZ (G.2),Nuclear,IGNU,ALZ2,"1.005,8"
AMAREI,18WAMAREI-123-ES,AMAREI,AMAREI,Eólica terrestre,EGED,EFEGEL2,"15,0"
AMAZC01,18W000000000SX3D,AMAZON C,AMAZON COMPRA,Comercializadores mercado libre,COMEF,AMAZC01,"5,0"
AMB1,18WAMB1-12345-AO,AMBASAGU 1,AMBASAGUAS 1,Fluyente,ASIE,ASIDUE,"0,4"
AMB2,18WAMB2-12345-AE,AMBASAGU 2,AMBASAGUAS 2,Fluyente,ASIE,ASIDUE,"0,4"
AMB3,18WAMB3-12345-A4,AMBASAGU 3,AMBASAGUAS 3,Fluyente,ASIE,ASIDUE,"0,9"
AMBIETX,18W-AMBIETX-2--N,AMBIETX,AMBIETX,Consumo de Servicios Auxiliares,BIZE,AMBIETX,"8,9"
AMBITG1,18WAMBITG1-12--P,AMBITG1,AMOREBIETA TURBINA GAS 1,Ciclo combinado,BIZE,AMBIETA,"252,4"
AMBITG2,18WAMBITG2-12-CT,AMBITG2,AMOREBIETA TURBINA GAS 2,Ciclo combinado,BIZE,AMBIETA,"252,4"
AMBITV,18WAMBITV-123-CK,AMBITV,AMOREBIETA TURBINA VAPOR,Vapor,BIZE,AMBIETA,"281,6"
AMBVE,18W000000000T8GL,AMBVE,AMBVE,Solar fotovoltaica,GNRA,UPAMB,"4,3"
AMD1,18WAMD1-12345-A2,ALMADEN 1,ALMADENES 1,Fluyente,IBEG,JUCA,"2,6"
AMD2,18WAMD2-12345-AT,ALMADEN 2,ALMADENES 2,Fluyente,IBEG,JUCA,"2,6"
AMD3,18WAMD3-12345-AJ,ALMADEN 3,ALMADENES 3,Fluyente,IBEG,JUCA,"2,6"
AMD4,18WAMD4-12345-A9,ALMADEN 4,ALMADENES 4,Fluyente,IBEG,JUCA,"4,9"
AMEC01,18W-AMEC01-99--0,AMEC01,AMEC01,Comercializadores mercado libre,AME,AMEC01,"0,1"
AMEITES,18WAMEITES-12-EB,AMEITES,P.E. AMEIXEITAS-TESTEIROS,Eólica terrestre,IBGES,EHIBGES,"49,5"
AMELC01,18W000000000U79Y,-,-,Comercializadores mercado libre,AMELU,AMELC01,"0,0"
AMIC01,18W000000000TPMW,AMI,AMI ELECTRUM,Comercializadores mercado libre,FORZA,AMIC01,"1,0"
AMIRAND,18W000000000RU2S,AMIRAND,MIRANDA,Gas natural cogeneración,EGLE,TAZUCA2,"7,9"
AMIZAL,18WAMIZAL-1234-Z,AMIZL,ATOMIZADAS ALCORA,Gas natural cogeneración,ATAL,TAMIZAL,"12,0"
AMPADOR,18WAMPADOR-123-M,AMP.PADOR,P.E. AMPLIACIÓN DE PADORNELO,Eólica terrestre,WMARK,AMPEACI,"18,0"
AMPBEC,18W0000000002RQF,AMPBEC,AMPLIACION BECERRIL,Eólica terrestre,WMARK,ERONDA,"2,0"
AMPCHIE,18WAMPCHIE-12-ED,AMPCHIE,18WAMPCHIE-12-ED,Eólica terrestre,HC G,HCGSIHA,"6,6"
AMPEC01,18W000000000LQLQ,AMPER,UP_AMPERIOS,Comercializadores mercado libre,AMPER,AMPEC01,"1,0"
AMPHEAC,18WAMPHEAC-123-C,AMP.HEDRAC,P.E. AMPLIACIÓN HEDROSO ACIBER,Eólica terrestre,WMARK,AMPEACI,"14,0"
AMPHIE,18W000000000GPEQ,AMPHIE,PE AMPLIACION HIERRO,Eólica terrestre,GNCO,EGASN2U,"43,2"
AMPLLAN,18W000000000F5NZ,AMP LLANOS,PE AMPLIACION LLANOS,Eólica terrestre,ECYR,EEGPEV,"20,0"
AMPOCOG,18WAMPOCOG-123-5,AMPO,AMPO,Gas natural cogeneración,GEMSL,TAMPOC,"7,6"
AMPRC01,18W000000000RYXS,AMPERE,AMPERE ENERGY COMERCIALIZADORA,Comercializadores mercado libre,AMPEA,AMPRC01,"1,0"
AMPSIL,18WAMPLIACIOSILW,AMPSIL,P.E. AMPLIACIÓN DE SIL,Eólica terrestre,IBGES,EHIBGES,"40,0"
AMYLUMI,18WAMYLUMI-123-Z,AMYLUMI,AMYLUM IBÉRICA,Gas natural cogeneración,DETIC,COGAMYL,"13,6"
AMZFW,18W000000000PSUN,AMZFW,AMZFW,Solar fotovoltaica,GNRA,FVGNRA,"2,8"
ANARBE1,18WANARBE1-123-Q,ANARBE1,UF ANARBE I,Fluyente,GNRA,HANARBE,"1,2"
ANARBE2,18WANARBE2-123-J,ANARBE2,UP  ANARBE II,Fluyente,GNRA,HANARBE,"1,2"
ANDASO2,18WANDASO2-123-Y,ANDASO2,ANDASOL-2,Solar térmica,EGLE,SANDA2,"49,9"
ANDASO3,18WANDASO3-123-R,ANDASO3,ANDASOL-3,Solar térmica,EGLE,SANDA3,"49,9"
ANDASOL,18WANDASOL-123-C,ANDASOL,ANDASOL I,Solar térmica,EGLE,SANDAS,"49,9"
ANDAYA,18WANDAYA-1234-F,ANDAYA,ANDAYA,Gas natural cogeneración,GNCO,TFGASN,"7,4"
ANDEVAL,18W000000000I7B4,ANDEVAL,ANDEVALO,Solar fotovoltaica,IBGES,FBIANHV,"42,0"
ANDSC,18W000000000QY4G,ANDSC,ANDSC,Solar fotovoltaica,GNRA,FVGNRA,"2,0"
ANG1,18WANG1-12345-AV,ANGUIANO 1,ANGUIANO 1,Fluyente,IBEG,EBRA,"1,2"
ANG2,18WANG2-12345-AL,ANGUIANO 2,ANGUIANO 2,Fluyente,IBEG,EBRA,"1,3"
ANG3,18WANG3-12345-AB,ANGUIANO 3,ANGUIANO 3,Fluyente,IBEG,EBRA,"1,2"
ANG4,18WANG4-12345-A1,ANGUIANO 4,LAS CUEVAS 1 (ANGUIANO 4),Fluyente,ASIE,ASIEBRO,"0,9"
ANG5,18WANG5-12345-AS,ANGUIANO 5,LAS CUEVAS 2 (ANGUIANO 5),Fluyente,ASIE,ASIEBRO,"0,9"
ANGEL,18WANGEL-12345-4,ANGEL,UF CH LOS ANGELES,Fluyente,ANGEL,HGENHI,"1,5"
ANGELES,18WANGELES-123-X,ANGELES,18WANGELES-123-X,Fluyente,EGLE,HVANGE,"3,0"
ANGES,18W000000000QDJC,ANGES,ANGES,Solar fotovoltaica,CEG,FANGES1,"12,0"
ANGLC01,18W000000000TJXS,ANGLER,ANGLER ENERGIA SL,Comercializadores mercado libre,ANGLB,ANGLC01,"1,0"
ANGOSTI,18WANGOSTI-123-5,ANGOSTI,"P,E,ANGOSTILLOS",Eólica terrestre,EGED,EGREEN1,"28,0"
ANGOSTU,18WANGOSTU-123-W,ANGOSTURAS,P.E. ANGOSTURAS,Eólica terrestre,ECYR,EEGPES,"36,0"
ANIMC01,18W000000000AEQM,ANIMC01,ANIMC01,Comercializadores mercado libre,ANIMA,ANIMC01,"0,1"
ANLLO,18WANLLO-12345-0,C.H. ANLLO,C.H. ANLLO,Fluyente,ECYR,HEGPE,"7,9"
ANOIAEN,18WANOIAEN-123-2,ANOIAEN,ANOIAEN,Gas natural cogeneración,NEXU,TTFANOI,"13,8"
ANORDES,18WANORDES-12-EH,ANORDES,P. E. ALABE-NORDES,Eólica terrestre,EGED,EFEGEL2,"20,2"
ANOVERR,18W000000000LKHF,ANOVR,ANOVER,Solar fotovoltaica,GESTE,FANOVR,"46,2"
ANSERA3,18WANSERA3-123-H,ANSERA3,UF ANSERAL III,Fluyente,PEUSA,HPEUSA,"2,5"
ANSERAL,18WANSERAL-123-2,ANSERAL,UF ANSERAL I Y II,Fluyente,PEUSA,HPEUSA,"5,9"
ANSO1,18W0000000000UC5,ANSO1,ANSO1,Gas natural cogeneración,AME,TZAME,"4,0"
ANT1,18WANT1-12345--L,ANTOÑANA 1,ANTOÑANA 1,Fluyente,BARER,BEREBRO,"0,7"
ANTEC01,18W0000000004RGR,ANTEA,ANTEA ENERGIA COMERCIALIZADORA,Comercializadores mercado libre,ANTEA,ANTEC01,"0,1"
ANTELLA,18WANTELLA-123-Y,ANTELLA,18WANTELLA-123-Y,Fluyente,EGLE,HANTEL,"3,6"
ANTEX,18WANTEX-12345-C,UF ANTEX,UF ANTEX,Gas natural cogeneración,AME,TANTEX,"1,0"
ANTFW,18W000000000QQGG,ANTFW,ANTFW,Solar fotovoltaica,GNRA,FVGNRA,"1,8"
ANTONI,18WANTONI-1234-U,ANTONI,ANTONI,Eólica terrestre,EBLCO,EANTONI,"49,9"
ANTONIO,18W000000000P318,ANTONIO,PE ANTONIO VALVERDE,Eólica terrestre,EGLE,EZENET,"1,5"
ANTPX,18W000000000S8NB,ANTPX,ANTPX,Solar fotovoltaica,GNRA,UPANT,"45,0"
ANUBIS1,18W000000000SN7Z,ANUBIS1,PSF ANUBIS,Solar fotovoltaica,WMARK,FVANUBI,"40,8"
ANVER,18W000000000GMU3,ANVER,ANVER,Solar fotovoltaica,GNRA,FVGNRA,"2,0"
ANZ1,18WANZ1-12345-A7,ANZANIGO,ANZANIGO,Fluyente,ENDG,EBRACC1,"7,7"
AOIZ,18WAOIZ-12345-DL,AOIZ,INCOGEN 2,Gas natural cogeneración,COGEN,AE11COG,"3,5"
AOZPR,18W000000000PD73,AOZPR,AOZPR,Solar fotovoltaica,GNRA,FVGNRA,"3,8"
APALAN1,18WPEALPALANCI-M,APALAN1,P.E. ALTO PALANCIA I,Eólica terrestre,EGED,EGREEN1,"26,0"
APALAN2,18WPEALPALANC2-X,APALAN2,P.E. ALTO PALANCIA II,Eólica terrestre,EGED,EGREEN1,"46,0"
APALAN3,18WAPALAN3-123-M,APALAN3,P. E. ALTO PALANCIA III,Eólica terrestre,EGED,EGREEN1,"32,0"
APOLC01,18W000000000R2CI,APOLB,APOLO BUSINESS SL,Comercializadores mercado libre,APOLB,APOLC01,"10,0"
APOZOS,18W000000000T2RH,APOZOS,APOZOS,Hidráulica - No UGH,CEG,HPOZOS,"1,0"
APRC01,18W000000000R0O0,APRC01,APRC01,Consumos directos en mercado,APRES,APRC01,"1,0"
APRIC01,18W0000000004REV,APRIM,AUSARTA PRIMA COMPRA,Comercializadores mercado libre,APRIM,APRIC01,"0,1"
AQU127,18W000000000TKLC,AQU127,AQU127,Solar fotovoltaica,SOLRC,FAQU127,"93,8"
ARABAYO,18W000000000QFK4,ARABAYO,UF SOLAR ARABAYO,Solar fotovoltaica,NEXU,FARBYON,"3,5"
ARACC01,18W-ARACC01-1--3,ARACA1,ARACA1,Comercializadores mercado libre,ARACA,ARACC01,"0,1"
ARAGON,18WARAGON-123-EM,ARAGON,P.E. ARAGON,Eólica terrestre,ECYR,EEGPEM,"5,2"
ARAIC01,18W000000000QE9T,ARAIA,SAN PEDRO DE ARAIA UNIDAD COMP,Comercializadores mercado libre,CHPED,ARAIC01,"0,1"
ARALAR,18WARALAR-123--M,ARALAR,18WARALAR-123--M,Gas natural cogeneración,EGLE,TPAARA,"13,9"
ARAS,18WARAS-12345-EU,ARAS,P.E. LLANAS DE CODES - ARAS,Eólica terrestre,EGED,EGREEN,"33,0"
ARASC01,18W0000000004T2C,ARASC01,ARASC01,Consumos directos en mercado,ARAS,ARASC01,"0,4"
ARAT,18WARAT-12345-AS,ARATORES,ARATORES,Fluyente,ENDG,EBRACC1,"0,3"
ARATOM,18WARATOM-123-DD,ARATOM,ARATOM,Gas natural cogeneración,EGLE,TARATO,"12,5"
ARAVI,18WARAVI-12345-R,SABARCA,PE SANCHO ABARCA,Eólica terrestre,NEXU,ESANCHO,"10,2"
ARAZURI,18WARAZURI-123-M,ARAZURI,ARAZURI,Biogás,CEG,RCOPAMP,"2,2"
ARB1,18WARB1-12345-A1,ARBON 1,ARBON 1,Embalse,REPSB,VIES,"24,7"
ARB2,18WARB2-12345-AS,ARBON 2,ARBON 2,Embalse,REPSB,VIES,"24,7"
ARBASOL,18W000000000RXZR,ARBASOL,UF SOLAR ARBASOL,Solar fotovoltaica,NEXU,FARBASL,"5,0"
ARBMN,18W000000000UOI2,ARBMN,ARBMN,Solar fotovoltaica,GNRA,UPARB,"9,0"
ARBOLE,18W00000000035MB,ARBOLE,LA ARBOLEDA,Fluyente,IBGES,HFIBGES,"0,8"
ARC1,18WARC1-12345-AR,A.CABRAL 1,ARENAS DE CABRALES 1,Fluyente,REPSB,VIES,"4,2"
ARC2,18WARC2-12345-AH,A.CABRAL 2,ARENAS DE CABRALES 2,Fluyente,REPSB,VIES,"4,0"
ARC3TG1,18WARC3TG1-12-C4,ARC3TG1,ARCOS3 TURBINA GAS 1,Ciclo combinado,IBGT,ARCOS3,"260,9"
ARC3TG2,18WARC3TG2-12-CY,ARC3TG2,ARCOS3 TURBINA GAS 2,Ciclo combinado,IBGT,ARCOS3,"267,8"
ARC3TV,18WARC3TV-123-CP,ARC3TV,ARCOS3 TURBINA VAPOR,Vapor,IBGT,ARCOS3,"294,1"
ARCA,18W000000000SD05,ARCA,UF SOLAR ARCA,Solar fotovoltaica,NEXU,FARCA,"1,0"
ARCH,18WARCH-12345-AF,ARCHENA,ARCHENA,Fluyente,BARER,ARCH,"0,3"
ARCH-XV,18W000000000V573,ARCH-XV,ARCH-XV,Comercializadores mercado libre,TGYE,TGYER01,"1,0"
ARCH2,18W000000000QP54,ARCH2,ARCH2,Solar fotovoltaica,GNRA,FVGNRA,"1,8"
ARCH4,18W000000000QP62,ARCH4,ARCH4,Solar fotovoltaica,GNRA,FVGNRA,"2,4"
ARCICAR,18W000000000O2Q2,ARCICLLR,ARCOLLAR,Solar fotovoltaica,GESTE,FARCICR,"14,5"
ARCIREF,18W000000000TZXH,ARCIREF,ARCIREF,Comercializadores mercado libre,EDPCL,EDPCR01,"1,0"
ARCKG1,18W000000000SGJW,ARCKG1,ARCKG1,Solar fotovoltaica,GNRA,UPARCKG,"39,2"
ARCO1,18W000000000QF07,ARCO1,ARCO1,Solar fotovoltaica,REPSB,FRSIGMA,"40,0"
ARCO2,18W000000000QE7X,ARCO2,ARCO2,Solar fotovoltaica,REPSB,FRSIGMA,"40,0"
ARCO3,18W000000000Q4PR,ARCO3,ARCO3,Solar fotovoltaica,REPSB,FRSIGMA,"40,5"
ARCO4,18W000000000QG12,ARCO4,ARCO4,Solar fotovoltaica,REPSB,FRSIGMA,"24,5"
ARCO5,18W000000000QG20,ARCO5,ARCO5,Solar fotovoltaica,REPSB,FRSIGMA,"24,5"
ARCO8,18W000000000TQBE,ARCO8,ARCO8,Solar fotovoltaica,CEG,FARCO8,"45,6"
ARCOH,18W000000000QIY4,ARCOH,ARCOH,Solar fotovoltaica,GNRA,UPARCOH,"42,0"
ARCOS1,18WARCOS1-123-CR,ARCOS1,ARCOS G1,Ciclo combinado,IBGT,ARCOS1,"389,2"
ARCOS2,18WARCOS2-123-CJ,ARCOS2,ARCOS G2,Ciclo combinado,IBGT,ARCOS2,"373,2"
ARDONA1,18W000000000RNYM,ARDONA1,ARCHIDONA 1,Solar fotovoltaica,EGLE,FSPV3,"17,0"
ARDONA2,18W000000000RNWQ,ARDONA2,ARCHIDONA 2,Solar fotovoltaica,EGLE,FSPV10,"30,8"
ARE1,18WARE1-12345-A5,ARENZANA 1,ARENZANA 1,Fluyente,IBEG,EBRA,"0,1"
ARE2,18WARE2-12345-AW,ARENZANA 2,ARENZANA 2,Fluyente,IBEG,EBRA,"0,1"
AREFA,18WAREFA-1234-EI,AREFA,P. E. ALABE REFACHON,Eólica terrestre,EGED,EFEGEL1,"21,0"
AREN,18WAREN-12345-A7,AREN,18WAREN-12345-A7,Fluyente,EGLE,HCOHIG,"4,1"
ARENAL,18WARENAL-1234-S,ARENAL,18WARENAL-1234-S,Fluyente,EGLE,HARENG,"2,8"
ARENALE,18WARENALE-12--X,ARENALE,18WARENALE-12--X,Solar térmica,EGLE,SARSOL,"49,9"
ARENALS,18W000000000NXTI,ARENALS,ARENALS,Solar fotovoltaica,ADXRE,FAUDAX,"4,4"
ARESA,18W000000000QDN4,ARESA,ARESA,Fluyente,GNRA,HFGNRA,"4,5"
ARG1,18WARG1-12345-AK,ARGONE 1,ARGONE 1,Fluyente,ENDG,EBRACC2,"7,6"
ARG2,18WARG2-12345-AA,ARGONE 2,ARGONE 2,Fluyente,ENDG,EBRACC2,"7,2"
ARGANO,18WARGANO-1234-W,ARGANO,P.E. ARGAÑOSO,Eólica terrestre,IBGES,EHIBGES,"22,0"
ARGC01,18W000000000ONZW,ARGC01,ARGC01,Consumos directos en mercado,ARGIM,ARGC01,"0,6"
ARGHAR,18W000000000V45A,ARGHAR,ARGHAR,Comercializadores mercado libre,ENDCO,ENDER01,"1,0"
ARGOITI,18WARGOITI-123-A,ARGOITI,UF USARGOITI,Derivados del petróleo o carbón,GNRA,TUSARGO,"1,9"
ARGSOL,18W000000000L18G,ARGASOL,UF ARGASOL,Solar fotovoltaica,EBLCO,FARGASL,"10,0"
ARGTAR,18W000000000V36B,ARGTAR,ARGTAR,Comercializadores mercado libre,ENDCO,ENDER01,"1,0"
ARI111,18W000000000UHQ7,ARI111,ARI111,Solar fotovoltaica,SOLRC,FARI111,"35,1"
ARIAS1,18WARIAS1-123-AV,ARIAS1,ARIAS1,Fluyente,HDE,HHDESP,"6,3"
ARIAS2,18WARIAS2-123--8,ARIAS2,ARIAS2,Fluyente,HDE,HHDESP,"6,3"
ARIESTO,18WARIESTO-12-AK,ARIESTO,ARIESTOLAS,Fluyente,HDE,HHDESP,"6,1"
ARIZ,18WARIZ-12345-AS,ARIZMENDI,ARIZMENDI,Fluyente,BARER,BEREBRO,"0,1"
ARLANZ,18W000000000JKS1,ARLANZ,ARLANZ,Gas natural cogeneración,AME,TZAME,"4,0"
ARLAS,18WARLAS-1234-AM,ARLAS,ARLAS,Fluyente,EGED,HFEGED,"4,1"
ARLAZON,18W0000000006SCO,ARLANZON,UF CH ARLANZON,Fluyente,AME,HGAME,"1,3"
ARMEP,18W000000000TRJW,ARMEP,ARMEP,Solar fotovoltaica,GNRA,UPARM,"200,0"
ARMIJO,18WARMIJO-123-EI,ARMIJO,P.E. ACAMPO ARMIJO,Eólica terrestre,HISPE,RWESZN,"18,0"
ARNE1,18W000000000RGUE,ARNE1,ARNE1,Solar fotovoltaica,GNRA,UPARN1,"8,0"
ARNE2,18W000000000RGWA,ARNE2,ARNE2,Solar fotovoltaica,GNRA,UPARN2,"8,0"
ARNE3,18W000000000RGY6,ARNE3,ARNE3,Solar fotovoltaica,GNRA,UPARN3,"8,0"
ARNE4,18W000000000RH2U,ARNE4,ARNE4,Solar fotovoltaica,GNRA,UPARN4,"6,0"
ARNOYA,18WARNOYA-123-A6,ARNOYA,C. H. ARNOYA,Fluyente,EGLE,HGIES,"10,0"
ARPAL,18W000000000SZ0D,ARPAL,UF SOLAR ARPAL,Solar fotovoltaica,NEXU,FARPAL,"8,5"
ARQCU,18W000000000NQXV,ARQCU,ARQCU,Fluyente,GNRA,HCUER,"1,4"
ARR1,18WARR1-12345-AA,ARRAMBID 1,ARRAMBIDE 1,Fluyente,IBEG,EBRA,"0,2"
ARR2,18WARR2-12345-A0,ARRAMBID 2,ARRAMBIDE 2,Fluyente,IBEG,EBRA,"0,3"
ARR3,18WARR3-12345-AR,ARRAMBID 3,ARRAMBIDE 3,Fluyente,IBEG,EBRA,"0,4"
ARRIELO,18WARRIELO-123-7,ARRIELO,P.E. ARRIELO,Eólica terrestre,MEDI,EMEDI,"49,5"
ARRO,18WARRO-12345-A2,ARROLLANDI,ARROLLANDIETA,Fluyente,BARER,BEREBRO,"0,5"
ARROBO,18W000000000MH65,ARROBO,ARROBO,Solar fotovoltaica,NEXU,FAROBO,"1,8"
ARROIBA,18WARROIBA-12--R,ARROIBA,C.H. ARROIBAR,Fluyente,ECYR,HEGPE,"14,7"
ARROYAL,18WARROYAL-123-O,ARROYAL,ARROYAL,Eólica terrestre,EGLE,ELBOGA,"46,5"
ARRU1,18WARRU1-1234-CW,UFARRU1,UF ARRUBAL1,Ciclo combinado,ARRUB,ARRU1,"394,6"
ARRU1X,18W-ARRU1X-22--2,ARRU1X,ARRU1X,Consumo de Servicios Auxiliares,ARRUB,ARRU1X,"1,0"
ARRU2,18WARRU2-1234-CN,UFARRU2,UF DE ARRUBAL2,Ciclo combinado,ARRUB,ARRU2,"390,0"
ARRU2X,18W-ARRU2X-84--U,ARRU2X,ARRU2X,Consumo de Servicios Auxiliares,ARRUB,ARRU2X,"1,0"
ARSOL,18W000000000QFYD,ARSOL,ARSOL,Solar fotovoltaica,GNRA,FVGNRA,"5,0"
ART1,18WART1-12345-AP,ARTIES 1,ARTIES 1,Embalse,ENDG,EBRFEN,"33,4"
ART2,18WART2-12345-AF,ARTIES 2,ARTIES 2,Embalse,ENDG,EBRFEN,"33,4"
ARTABRA,18WARTABRA-123-V,ARTABRA,ARTABRA,Derivados del petróleo o carbón,CEG,TARTABR,"13,1"
ARTEIXO,18WARTEIXO-123-4,ARTEIXO,18WARTEIXO-123-4,Eólica terrestre,EGLE,EFERSA,"2,0"
ARTICUL,18W000000000IBTU,ARTICULATA,UF ARTICULATA,Solar fotovoltaica,NEXU,FAZARA,"2,0"
ARTIGAS,18WARTIGAS-123-R,ARTIGAS,ARTIGAS,Biogás,CEG,RARTIGA,"1,4"
ARTIX,18W000000000TUU1,ARTIX,ARTIX,Solar fotovoltaica,GNRA,UPSON2,"1,4"
ARUNAII,18W000000000TK0H,ARUNAII,PE A RUÑA II,Eólica terrestre,EGLE,EDEREN,"21,0"
ASC1,18WASC1-12345-BD,ASCO 1,ASCO (G.1),Nuclear,ENDG,ASC1,"995,8"
ASC2,18WASC2-12345-B3,ASCO 2,ASCO (G.2),Nuclear,ENDG,ASC2,"991,7"
ASCCI,18W000000000R0TR,ASCCI,ASCCI,Solar fotovoltaica,GNRA,CASMON,"2,6"
ASCOY,18W000000000MGO9,ASCOY,UF EOLICA ASCOY,Eólica terrestre,NEXU,EASCOI,"7,6"
ASEGC01,18W000000000URSA,UP1,UP1 ASEGE,Comercializadores mercado libre,ASEGE,ASEGC01,"3,0"
ASEGRE,18WASEGRE-123-AJ,RE-000291,ARTESA,Fluyente,CEG,HEEARG,"1,6"
ASEIXAL,18WASEIXAL-123-2,ASEIXAL,P.E. ASEIXAL,Eólica terrestre,GNCO,EGASNE2,"30,0"
ASESA,18WASESA-1234--H,ASESA,COGENERACIÓ ASESA,Gas natural cogeneración,DETIC,TFASESA,"13,5"
ASETYM,18W000000000PXE3,ASETYM,PARQUE FV ASETYM SOL DE MURCIA,Solar fotovoltaica,EBLCO,FASETYM,"1,8"
ASETYM2,18W000000000PZOE,ASETYM2,PARQUE FV ASETYM2,Solar fotovoltaica,EBLCO,FASETYM,"1,7"
ASIEC01,18W000000000EME6,COMPRA ENE,ADQUISICIN DE ENERGA,Comercializadores mercado libre,ASIE,ASIEC01,"5,0"
ASNEVES,18WASNEVES-123-S,ASNEVES,18WASNEVES-123-S,Eólica terrestre,EGLE,EFERSA,"2,4"
ASOAN,18WASOAN-1234-EE,ASOAN,P. E. ALABE SOAN,Eólica terrestre,EGED,EFEGEL2,"19,5"
ASOANA,18WASOANA-123-ET,ASOANA,ASOANA,Eólica terrestre,EGED,EFEGEL2,"21,7"
ASOEV,18W000000000R0UP,ASOEV,ASOEV,Solar fotovoltaica,GNRA,FVGNRA,"3,8"
ASOLANA,18WASOLANA-12-EO,ASOLANA,P.E. ATALAYA DE LA SOLANA,Eólica terrestre,IBGES,EHIBGES,"20,4"
ASOMC,18W000000000PPQ3,ASOMC,ASOMADA,Solar fotovoltaica,SOMEN,SENFV1,"3,8"
ASPGN,18W000000000MLMZ,ASPGN,ASPGN,Solar fotovoltaica,GNRA,HABGN,"42,1"
ASSEC01,18W000000000R32Z,ASSEC01,ASSENN ENERGY SL,Comercializadores mercado libre,ASSEN,ASSEC01,"0,0"
ASTC01,18W-ASTC01-25--K,ASTC01,ASTC01,Consumos directos en mercado,AST,ASTC01,"1,3"
ASTCP3,18W00000000013SD,ASTCP3,ASTCP3,Importación Francia,AST,ASTCP3,"2,0"
ASTE1A,18WASTE1A-123--E,ASTE1A,18WASTE1A-123--E,Solar térmica,NEXU,SASTE1A,"49,9"
ASTE1B,18WASTE1B-1234-S,ASTE1B,18WASTE1B-1234-S,Solar térmica,NEXU,SASTE1B,"49,9"
ASTEC01,18W000000000UIIK,ASTEC01,COMPRA COMERCIALIZADORA,Comercializadores mercado libre,ASTEN,ASTEC01,"1,0"
ASTEXO2,18WASTEXO2-123-9,ASTEXO2,18WASTEXO2-123-9,Solar térmica,NEXU,SASTEXO,"49,9"
ASTLAMI,18W000000000U05Q,ASTLAMI,ASTLAMI,Comercializadores mercado libre,EDPCL,EDPCR01,"1,0"
ASTRC01,18W000000000MHHK,ASTRA,ASTRALCAD ENERGIA,Comercializadores mercado libre,ASTRA,ASTRC01,"1,0"
ASTRIBC,18W000000000S8ZO,ASTRIBC,UF COMPRA BATERIA SOTO RIBERA,Batería electroquímica,HC G,ASRIHCC,"0,3"
ASTRIBV,18W000000000S90H,ASTRIBV,UF VENTA BATERIA SOTO RIBERA,Batería electroquímica,HC G,ASRIHCV,"0,2"
ASTVP3,18W00000000013TB,ASTVP3,ASTVP3F,Exportación Francia,AST,ASTVP3,"2,0"
AT79HU,18W000000000OSSV,AT79HU,AT79HU,Comercializadores mercado libre,FORTI,FORTR01,"1,0"
ATACI1,18W000000000T16P,ATACI1,ATACI1,Fluyente,GNRA,HFGNRA,"4,5"
ATACI2,18W000000000T17N,ATACI2,ATACI2,Fluyente,GNRA,HFGNRA,"8,6"
ATALAYA,18WATALAYA-12-E4,ATALAYA,P. E. ATALAYA,Eólica terrestre,IGNIS,UPEBRO,"49,5"
ATAQUIN,18W000000000SV5F,ATAQUIN,UF SOLAR ATAQUIN,Solar fotovoltaica,NEXU,FATQINS,"1,8"
ATCOG,18W000000000S25S,ATCOG,ATCOG,Comercializadores mercado libre,SHELL,SESAR01,"1,0"
ATEEC01,18W000000000JX74,PENINSULA,ATENCO PENINSULA,Comercializadores mercado libre,ATENC,ATEEC01,"1,0"
ATENS,18W000000000IUU8,ATENS,ATENS,Solar fotovoltaica,GNRA,FVGNRA,"2,8"
ATLEP,18W000000000V10T,ATLEP,ATLEP,Solar fotovoltaica,GNRA,UPATLE,"36,3"
ATLROS,18W000000000SSY3,ATLROS,ATLAS ROSELLO,Gas natural cogeneración,ATLAS,TATLROS,"23,4"
ATLSC01,18W-ATLASC1-1--A,ATLSC01,ATLSC01,Comercializadores mercado libre,ATLAS,ATLSC01,"4,5"
ATMINI,18W000000000OUGC,ATMINI,ATMINI,Comercializadores mercado libre,ENDCO,ENDER01,"1,0"
ATOMCSA,18W000000000M2FW,ATOMCSA,ATOMCSA,Gas natural cogeneración,DETIC,ATOMCEC,"9,7"
ATOMISA,18WATOMISA-12-D3,ATOMISA,18WATOMISA-12-D3,Gas natural cogeneración,EGLE,TBLANSA,"4,9"
ATOMIXS,18W000000000M2EY,ATOMIXS,ATOMIXS,Gas natural cogeneración,DETIC,ATOMICO,"8,3"
ATOMIZZ,18WATOMIZZ-123-A,UF_ATOMIZA,UF TERMICA ATOMIZADORA,Gas natural cogeneración,DETIC,COGATOM,"5,5"
ATORMES,18W00000000037BR,ATORMES,18W00000000037BR,Eólica terrestre,EGLE,GAVIAEG,"4,5"
ATPC01,18W000000000S8LF,ATPC01,COMPR COMERCIALIZADORA,Comercializadores mercado libre,ATPEN,ATPC01,"0,1"
ATRIC01,18W000000000RQI8,ATRIAUP01,ATRIA ENERGA UNIDAD DE PROGRAM,Comercializadores mercado libre,ATRES,ATRIC01,"1,0"
ATS1,18WATS1-12345-AC,ARTESIAG 1,ARTESIAGA 1,Fluyente,ASIE,ASIEBRO,"0,4"
ATS2,18WATS2-12345-A2,ARTESIAG 2,ARTESIAGA 2,Fluyente,ASIE,ASIEBRO,"0,7"
ATUEA,18W000000000QYEX,ATUEA,ATUEA,Solar fotovoltaica,GNRA,FVGNRA,"1,6"
AUDAC01,18W-AUDAX-493--H,AUDAC01,AUDAC01,Comercializadores mercado libre,ADXRE,AUDAC01,"0,1"
AUDAX01,18WAUDAX01-123-U,ADBIOG01,AUDAX BIOGAS1,Biogás,ADXRE,RAUDAX,"2,4"
AUNGNR,18W-AUNGNR-28--E,AUNGNR,UP A11 NO ALTA EIFCIENCIA,Gas natural cogeneración,GNRA,AUNGNR,"1,0"
AUR114,18W000000000TZQV,AUR114,AUR114,Solar fotovoltaica,SOLRC,FAUR114,"24,9"
AUREAFV,18W000000000RX6B,FGST151,FGST151,Solar fotovoltaica,GESTE,FGST151,"150,0"
AUSIN,18WAUSIN-12345-Q,AUSIN,18WAUSIN-12345-Q,Fluyente,EGLE,HHIPAL,"1,8"
AUSINE,18W0000000001FF3,AUSINE,AUSINE,Eólica terrestre,CEG,EAUSIN,"27,0"
AUXESP,18W000000000V379,AUXESP,AUXESP,Comercializadores mercado libre,ENDCO,ENDER01,"1,0"
AUXIME,18WAUXIME-1234-3,AUXIME,UF AUXIME,Fluyente,GNRA,HSTMARI,"2,2"
AUXMO2,18W000000000V387,AUXMO2,AUXMO2,Comercializadores mercado libre,ENDCO,ENDER01,"1,0"
AVANC01,18W000000000V04O,AVANC01,AVANC01,Comercializadores mercado libre,AVAN,AVANC01,"0,1"
AVENTOA,18WAVENTOA-12-EA,AVENTOA,AVENTOA,Eólica terrestre,EGED,EFEGEL1,"22,5"
AVIADOR,18WAVIADOR-12-EA,AVIADOR,P. E. LOMA DE AVIADORES,Eólica terrestre,HC G,HCGSIHA,"6,0"
AVILA,18WAVILA-1234-EE,AVILA,P.E. DE AVILA,Eólica terrestre,HC G,HCGSCS3,"11,9"
AVILC01,18W-AVILC01-1--K,AVIL_ALUMB,AYUNTAMIENTO DE AVILES - ALUMB,Consumos directos en mercado,AVIL,AVILC01,"36,3"
AVIMN,18W000000000TTIS,AVIMN,AVIMN,Solar fotovoltaica,GNRA,UPSON3,"2,0"
AXEOC01,18W000000000VDV5,AXEO,AXEO ENERGIA SL,Comercializadores mercado libre,AXEOE,AXEOC01,"1,0"
AXIABRE,18WAXIABRE-123-F,AXIABRE,P.E. AMPLIACIÓN XIABRE,Eólica terrestre,EGLE,EENGAS,"31,2"
AYLUC01,18W-AYLUC01-6--4,AYLUZ,AYLUZ COMERCIALIZADORA,Comercializadores mercado libre,AYLUZ,AYLUC01,"0,1"
AYMVB,18W000000000TMTR,AYMVB,AYMVB,Eólica terrestre,GNRA,UPAYM,"25,0"
AYORA1,18W000000000T3AB,FV AYORA I,FV AYORA I,Solar fotovoltaica,EGED,FVGREEN,"23,0"
AYORA2,18W000000000T3B9,FV AYORA 2,FV AYORA 2,Solar fotovoltaica,EGED,FVGREEN,"23,0"
AYORA3,18W000000000T3C7,FV AYORA 3,FV AYORA 3,Solar fotovoltaica,EGED,FVGREEN,"23,0"
AYPGNR,18W-AYPGNR-20--J,AYPGNR,A12 NO ALTA EFICIENCIA,Derivados del petróleo o carbón,GNRA,AYPGNR,"1,4"
AZANON,18W000000000NGKD,AZANON,AZANON,Fluyente,CEG,HAZANON,"1,5"
AZARA,18W000000000IBUS,AZARA,UF SOLAR AZARA,Solar fotovoltaica,NEXU,FAZARA,"2,0"
AZEBRO,18WAZEBRO-1234-N,AZEBRO,AZEBRO,Gas natural cogeneración,DETIC,COGAZEB,"18,4"
AZGUALT,18WAZGUALT-12-E6,AZGUALT,18WAZGUALT-12-E6,Gas natural cogeneración,DETIC,TAZGUAL,"8,6"
AZNALC,18WAZNALCO-123-7,AZNALC,AZNALCOLLAR,Solar fotovoltaica,ECYR,FEGPE3,"1,0"
AZOF,18W000000000NQS4,AZOF,AZOF,Solar fotovoltaica,GNRA,FVGNRA,"1,5"
AZSAAV,18W000000000OSEM,AZSAAV,AZSAAV,Comercializadores mercado libre,EDPCL,EDPCR01,"1,0"
AZU1,18WAZU1-12345-AT,AZUTAN 1,AZUTAN 1,Embalse,IBEG,TAJO,"67,4"
AZU2,18WAZU2-12345-AJ,AZUTAN 2,AZUTAN 2,Embalse,IBEG,TAJO,"65,5"
AZU3,18WAZU3-12345-A9,AZUTAN 3,AZUTAN 3,Embalse,IBEG,TAJO,"65,0"
AZUCB01,18W000000000QPDP,AZUCB01,AZUCB01,Solar fotovoltaica,GNRA,UPAZU,"1,7"
AZUELO,18WAZUELO-123-E4,AZUELO,AZUELO,Eólica terrestre,EGED,EGREEN,"43,2"
AZUEN,18W000000000JZQY,AZUEN,AZUEN,Solar fotovoltaica,GNRA,FVGNRA,"1,8"
AZUER1,18W000000000LX6Z,AZUER1,UF SOLAR AZUER1,Solar fotovoltaica,NEXU,FAZUER1,"42,0"
AZUER2,18W000000000LX8V,AZUER2,UP SOLAR AZUER,Solar fotovoltaica,NEXU,FAZUER2,"33,0"
AZULIB,18WAZULIB-123-DU,AZULIB,AZULIBER 1,Gas natural cogeneración,EGLE,AZULIB,"17,7"
AZULMED,18W0000000001EUD,AZULMED,AZULMED,Gas natural cogeneración,DETIC,TAZULME,"5,7"
AZUTORO,18W000000000RU3Q,AZUTORO,TORO,Gas natural cogeneración,EGLE,TAZUCA2,"12,9"
BABILA,18WBABILA-123-DJ,BABILA,BIOETANOL DE BABILAFUENTE,"Híb. Renov., Term. No Renov",EENER,HIBBABI,"33,1"
BACAC01,18W000000000E08A,BACAC01,BACAC01,Consumos directos en mercado,BACA,BACAC01,"1.200,0"
BADAIA,18WBADAIA-123-ES,BADAIA,P. E. DE BADAIA,Eólica terrestre,IBGES,EHIBGES,"49,9"
BADFW,18W000000000QXZV,BADFW,BADFW,Solar fotovoltaica,GNRA,UPBADF,"5,0"
BADJOZ9,18W000000000RXOC,BADJOZ9,UF SOLAR BADAJOZ SOLAR 9,Solar fotovoltaica,NEXU,FBADJOZ,"5,0"
BAHIABX,18W-BAHIABX-3--F,BAHIABX,BAHIA DE BIZKAIA ELECTRICIDAD,Consumo de Servicios Auxiliares,BBEL,BAHIABX,"12,0"
BAHITG1,18WBAHITG1-12-CR,BAHITG1,BAHIAB TG1,Ciclo combinado,BBEL,BAHIAB,"256,6"
BAHITG2,18WBAHITG2-12-CK,BAHITG2,BAHIAB TG2,Ciclo combinado,BBEL,BAHIAB,"257,4"
BAHITV,18WBAHITV-123-CB,BAHITV,BAHIAB TV,Vapor,BBEL,BAHIAB,"271,3"
BAKC01,18W000000000QS5W,BAKC01,BAKC01,Consumos directos en mercado,BASKO,BAKC01,"0,6"
BALA,18WBALA-12345-AT,BALAGUER,BALAGUER,Fluyente,ENDG,EBRFEN,"7,3"
BALDIO2,18W000000000MZ1Z,BLDIO,BLDIO2,Solar fotovoltaica,GESTE,FBLDIO2,"17,0"
BALEC01,18W000000000FS44,BALEC01,BALEC01,Comercializadores mercado libre,ELECB,BALEC01,"10,0"
BALFV3,18W000000000UA30,BALFV3,BALFV3,Solar fotovoltaica,SOLRC,FBALFV3,"16,1"
BALI,18WBALI-12345-AN,BALIERA,BALIERA,Fluyente,ENDG,EBRFEN,"5,2"
BALKC01,18W000000000ISF7,BALKC01,BALKC01,Consumos directos en mercado,BALEI,BALKC01,"0,3"
BALLEST,18W000000000GJVA,BALLESTAS,BALLESTAS,Híbrida Renovable,IBGES,FEHIBHV,"75,9"
BALMENA,18W000000000NJEG,BALMENA,UF BIOGAS ALMENAR,Biogás,AME,RBIOALM,"3,0"
BALSON,18W000000000G4CJ,BALSON,PE EL BALSON,Eólica terrestre,EGLE,EENECO,"30,0"
BALTO,18WBALTO-1234-EE,BALTO,P.E. BOSQUE ALTO,Eólica terrestre,HISPE,RWESZN,"21,7"
BALZC,18W000000000TINE,BALZC,BAT ALZ UF COMPRA,Batería electroquímica,IBGES,AFALZ4C,"25,8"
BALZIIC,18W000000000TIMG,BALZIIC,BAT ALZII UF COMPRA,Batería electroquímica,IBGES,AFALZ5C,"25,8"
BALZIIV,18W000000000TIHQ,BALZIIV,ALZII UF VENTA BATERIA,Batería electroquímica,IBGES,FBALZ5V,"25,8"
BALZV,18W000000000TIGS,BALZV,ALZ UF VENTA BATERIA,Batería electroquímica,IBGES,FBALZ4V,"25,8"
BANARES,18W000000000ODXT,BAÑARES,BAÑARES,Solar fotovoltaica,LMER,BANARES,"1,1"
BANCAL,18WBANCAL-1234-8,BANCAL,P.E.BANCAL,Eólica terrestre,HISPE,RWESZN,"21,0"
BANDEC,18W000000000TIKK,BANDEC,UF COMPRA BAT ANDEVAL,Batería electroquímica,IBGES,AFIANHC,"26,0"
BANDELE,18WBANDELE-123-T,BANDELE,PE BANDOLERAS,Eólica terrestre,EGLE,EPEBAN,"36,0"
BANDERA,18WBANDERA-12-ES,BANDERA,BANDERA,Eólica terrestre,CEG,EEBAN,"32,3"
BANDEV,18W000000000TIJM,BANDEV,UF VENTA BATERIA,Batería electroquímica,IBGES,FBIANHV,"28,7"
BANERES,18W000000000L9XG,BANERES,18W000000000L9XG,Gas natural cogeneración,EGLE,TBANER,"1,9"
BANILLA,18WBANILLA-123-I,BANILLA,UF ABANILLA,Biogás,GNRA,RABANIL,"1,0"
BANOSF,18WBANOSF-123-AQ,BAÑOS,BAÑOS,Fluyente,EGED,HEALTOG,"5,5"
BANZAI,18WBANZAI-123-E9,BANZAI,P.E. BARBANZA I,Eólica terrestre,ECYR,EREGPEM,"19,8"
BANZAII,18WBANZAII-12-E8,BARBANZAII,P.E. BARBANZA,Eólica terrestre,ECYR,EREGPEM,"9,2"
BAR1,18WBAR1-12345-AG,BDELUNA 1,BARRIOS DE LUNA 1 (MORA LUNA),Embalse,GNFG,UFGC,"16,3"
BAR2,18WBAR2-12345-A6,BDELUNA 2,BARRIOS DE LUNA 2 (MORA LUNA),Embalse,GNFG,UFGC,"16,4"
BAR3,18WBAR3-12345-AX,BDELUNA 3,BARRIOS DE LUNA 3 (MORA LUNA),Embalse,GNFG,UFGC,"7,6"
BAR4,18WBAR4-12345-AN,BDELUNA 4,BARRIOS DE LUNA 4 (MORA LUNA),Embalse,GNFG,UFGC,"7,5"
BARAS,18W000000000GBQ7,BARAS,BARAS,Embalse,GNRA,HPTMR,"22,1"
BARASO,18WBARASO-1234-K,BARASOAIN,P. E. BARASOAIN,Eólica terrestre,EGED,EGREEN,"15,0"
BARBANT,18WBARBANT-123-V,BARBANT,18WBARBANT-123-V,Fluyente,EGLE,HENGAG,"2,7"
BARBEL,18WBARBEL-123-A5,BARBEL,18WBARBEL-123-A5,Fluyente,EGLE,HATJUG,"1,4"
BARBERS,18WBARBERS-123-7,BARBERS,18WBARBERS-123-7,Eólica terrestre,EBLCO,EBARBER,"30,0"
BARCIEN,18W000000000LUZN,BARCIEN,FV BARCIENCE,Solar fotovoltaica,IBGES,FIIBGES,"38,6"
BARCONE,18W000000000SDBK,BARCONES,UF SOLAR BARCONES,Solar fotovoltaica,NEXU,FBRCNES,"9,0"
BARDENS,18W000000000IPYF,BARDENS,BARDENS,Solar fotovoltaica,GESTE,FBRDENA,"5,4"
BARGAS,18W000000000R5RG,BARGAS,UF SOLAR BARGAS,Solar fotovoltaica,NEXU,FBRGAS,"5,0"
BARGASN,18W000000000PYHV,BARGSN,BARGASNORTE,Solar fotovoltaica,GESTE,FBARGSN,"4,7"
BARGASS,18W000000000PYJR,BRGSSUR,BARGASSUR,Solar fotovoltaica,GESTE,FBARGSS,"4,7"
BARRAD,18W000000000JWGQ,FBARRAD,PIELESBARRADO,Solar fotovoltaica,GESTE,FBARAD,"1,2"
BARRAL,18W000000000OGL7,BARRAL,BARRAL,Gas natural cogeneración,DETIC,COGBARR,"1,0"
BARRANC,18WPELBARRANCOSU,BARRANC,P.E. LOS BARRANCOS,Eólica terrestre,ECYR,EEGPEM,"20,0"
BARRAX,18W000000000I992,BARRAX,BARRAX,Eólica terrestre,WMARK,EFWMARK,"3,6"
BARREIR,18WBARREIR-123-0,BARREIR,C.H.BARREIRO,Fluyente,EGLE,HNORHI,"2,4"
BARRIO,18WBARRIOS-123-K,BARRIO,BARRIO,Solar fotovoltaica,ECYR,FEGPE3,"0,1"
BARROS1,18W000000000ULZE,BARROS1,UF SOLAR LOS BARROS 1,Solar fotovoltaica,NEXU,FBARRO1,"4,5"
BARROS2,18W000000000UM15,BARROS2,UF SOLAR LOS BARROS 2,Solar fotovoltaica,NEXU,FBARRO2,"4,5"
BARROSO,18W000000000RVA9,EGST146,EGST146,Eólica terrestre,GESTE,EGST146,"21,6"
BARRU,18W000000000O1MD,BARRU,BARRU,Solar fotovoltaica,GNRA,FVGNRA,"2,0"
BARTOLO,18WBARTOLO-12-AP,BARTOLO,18WBARTOLO-12-AP,Fluyente,EGLE,HGIES,"1,2"
BASE,18WBASE-12345-AN,BASERCA,BASERCA,Embalse,ENDG,EBRFEN,"5,9"
BASIR51,18W000000000SRBF,BASIR51,UF SOLAR BASIR,Solar fotovoltaica,NEXU,FBASIR,"15,5"
BASURTO,18WBASURTO-123-Y,BASURTO,BASURTO,Gas natural cogeneración,WMARK,TGIRSA,"4,0"
BAUSEN,18WBAUSEN-123-A8,RE-000162,HID BAUSEN,Hidráulica - No UGH,NEXU,HBAUSEN,"3,3"
BAYO,18WBAYO-12345-EY,BAYO,P. E. BAYO,Eólica terrestre,IGNIS,UPEBRO,"49,5"
BAYPO,18WBAYERPOLIMERX,BAYPO,BAYER POLIMEROS,Gas natural cogeneración,DETIC,TTBAYPO,"13,6"
BAYPO00,18W000000000NSQ2,BAYPO003,BAYPO003,Gas natural cogeneración,DETIC,TTBAYPO,"0,9"
BCA1,18WBCA1-12345-AV,LABARCA 1,LA BARCA 1,Embalse,HC G,HCHI,"25,8"
BCA2,18WBCA2-12345-AL,LABARCA 2,LA BARCA 2,Embalse,HC G,HCHI,"26,2"
BCA3,18WBCA3-12345-AB,LABARCA 3,LA BARCA 3,Embalse,HC G,HCHI,"2,6"
BCERRIL,18W000000000TNWI,BCERRIL,UF SOLAR BECERRIL,Solar fotovoltaica,NEXU,FBCERRI,"1,0"
BCIENCE,18W000000000R5AD,BCIENCE,FV BARCIENCE,Solar fotovoltaica,EGLE,FBARCI,"30,0"
BCNONW,18W000000000OUHA,BCNONW,BCNONW,Comercializadores mercado libre,ENDCO,ENDER01,"1,0"
BEBRIN,18W00000000058F8,BEBRIN,HIDABEBRIN,Fluyente,EGLE,HPARRA,"2,3"
BECERRI,18WBECERRI-123-A,BECERRI,PARQUE EÓLICO BECERRIL,Eólica terrestre,PEBEC,EBECERR,"6,0"
BECOC01,18W-BECOC01-1--6,BECOC01,BECOC01,Comercializadores mercado libre,BECO,BECOC01,"35,0"
BECOG1,18WBECOG1-123-DH,BECOG1,BECOG1,Gas natural cogeneración,DETIC,COGBECO,"6,9"
BECVH02,18W000000000CSA4,BECVH02,VENDA HIDRAULICA  MOLI CARLOT,Fluyente,BECO,BECVH02,"0,5"
BECVS01,18W000000000Q44W,BECVS01,BECO VENDA SOLAR 01,Solar fotovoltaica,BECO,BECVS01,"1,0"
BEFESVA,18WBEFESVA-123-T,BEFESA,BEFESA VALORIZACIÓN DE AZUFRE,Residuos varios,REPSB,TBEFESA,"12,2"
BEJARF,18W000000000U9ZD,BEJAR UF,PEÑA DE BEJAR UF,Solar fotovoltaica,NETRA,BEJAR,"4,0"
BEJO,18WBEJO-12345-AB,BEJO,BEJO,Embalse,EGED,HENANSA,"20,8"
BEL1,18WBEL1-12345-AY,BELESAR 1,BELESAR 1,Embalse,GNFG,UFMI,"102,5"
BEL103,18W000000000TZUN,BEL103,BEL103,Solar fotovoltaica,SOLRC,FBEL103,"19,9"
BEL2,18WBEL2-12345-AO,BELESAR 2,BELESAR 2,Embalse,GNFG,UFMI,"104,8"
BEL3,18WBEL3-12345-AE,BELESAR 3,BELESAR 3,Embalse,GNFG,UFMI,"102,9"
BELCH1,18W000000000Q6NP,BELCH1,FV BELIUNO,Solar fotovoltaica,CEG,FBELCH1,"44,0"
BELCH2,18W000000000Q6ON,BELCH2,FV BELIDOS,Solar fotovoltaica,CEG,FBELCH2,"44,0"
BELCH3,18W000000000Q6PL,BELCH3,FV BELITRES,Solar fotovoltaica,CEG,FBELCH3,"44,0"
BELCHI,18WBELCHI-123-E2,BELCHITE,P. E. BELCHITE,Eólica terrestre,HC G,HCGSCSA,"49,5"
BELEN1,18WBELEN1-123-ER,BELEN1,P.E. VIRGEN DE BELEN 1,Eólica terrestre,IBGES,EHIBGES,"33,1"
BELEN2,18WBELEN2-123-EJ,BELEN2,P.E. VIRGEN BELEN 2,Eólica terrestre,IBGES,EHIBGES,"24,4"
BELESII,18WBELESII-123-B,BELESII,BELESII,Embalse,GNCO,HFGASN,"20,8"
BELINCH,18W000000000NXCF,FV BELINCH,FV BELINCHON,Solar fotovoltaica,DREUA,FDREU08,"1,3"
BELMEZ1,18W000000000RCGH,BELMEZ1,UF SOLAR BELMEZ1,Solar fotovoltaica,NEXU,FBELME1,"0,9"
BELMEZ2,18W000000000RCID,BELMEZ2,UF SOLAR BELMEZ2,Solar fotovoltaica,NEXU,FBELME2,"0,9"
BELMONT,18WBELMONT-123-Z,BELMONT,P.E.BELMONTE,Eólica terrestre,ECYR,EREGPEM,"34,8"
BELOS,18W000000000I9ET,BELOS,UF SOLAR BELOS,Solar fotovoltaica,NEXU,FBELOS,"40,0"
BELOTEG,18WBELOTEG-123-M,BELOTEG,BELOTEG,Fluyente,EGED,HFEGED,"3,1"
BELVI,18W000000000SFLV,BELVI,FV BELVIS I-PES01,Solar fotovoltaica,EGLE,FALDER,"45,5"
BELVII,18W000000000SFMT,BELVII,PFV BELVIS II,Solar fotovoltaica,EGLE,FALDER,"45,5"
BELVIII,18W000000000SFNR,BELVIII,FV BELVIS III,Solar fotovoltaica,EGLE,FALDER,"3,8"
BEMB,18WBEMB-12345-AY,BEMBEZAR,BEMBEZAR,Embalse,ENDG,GDLQ,"14,8"
BEN1,18WBEN1-12345-AC,BENAGEBE 1,BENAGEBER 1,Embalse,IBEG,JUCA,"4,3"
BEN2,18WBEN2-12345-A2,BENAGEBE 2,BENAGEBER 2,Embalse,IBEG,JUCA,"14,9"
BENACZN,18W000000000T8Q1,BENACAZON,BENACAZON,Solar fotovoltaica,SHEEN,SHEPV30,"20,0"
BENEDP,18W000000000RTZ2,BENEDP,PARQUE FV BENEIXAMA,Solar fotovoltaica,EBLCO,FBENEIX,"7,6"
BENEIXA,18W000000000UARQ,FV BENEIXA,FV BENEIXAMA,Solar fotovoltaica,DREUA,FDREU21,"3,5"
BENEJB,18W000000000RTY4,BENEJB,PARQUE FV BENEIXAMA,Solar fotovoltaica,EBLCO,FBENEIX,"7,6"
BENESQ,18W000000000RU0W,BENESQ,PARQUE FV BENEIXAMA,Solar fotovoltaica,EBLCO,FBENEIX,"3,8"
BENET,18WBENET-12345-O,BENET,PLA DE BENET,Gas natural cogeneración,CEG,T1CEG,"6,0"
BENILDE,18W000000000SWR5,BENILDE,BENILDE SOLAR,Solar fotovoltaica,EBLCO,FBENILD,"42,0"
BENITAC,18WBENITAC-123-9,BENITAC,P.E. BENITA CUELLAR,Eólica terrestre,IBGES,EHIBGES,"32,0"
BENOC01,18W000000000KZAP,BEROIL UP,BEROIL UP,Comercializadores mercado libre,BENOI,BENOC01,"0,1"
BERBEOD,18W000000000T953,BERBEOD,CH BERBEGAL Y ODINA,Hidráulica - No UGH,EGLE,HRIEAG,"2,0"
BERC01,18W-BERC01-51--Z,BERNA,FABRICA BERNA,Consumos directos en mercado,MELUL,BERC01,"0,6"
BERGA3,18W000000000T29G,BERGA3,BERGA3,Hidráulica - No UGH,DETIC,HYBERGA,"2,9"
BERLC01,18W000000000SPTM,BERLC01 CO,BERLC01 COMPRA,Comercializadores mercado libre,LUZYG,BERLC01,"1,0"
BERMEJA,18W000000000THYW,BERMEJA,PANTANO BERMEJALES,Hidráulica - No UGH,EGLE,HGRCUG,"2,4"
BERR1,18WBERR1-1234-AO,BERROCAL 1,BERROCALILLO 1,Embalse,HIDRJ,BERR1,"0,1"
BERR2,18WBERR2-1234-AF,BERROCAL 2,BERROCALILLO 2,Embalse,HIDRJ,BERR2,"0,3"
BES3,18WBES3-12345-C7,BESOS 3,BESOS (G.3) C.C.,Ciclo combinado,ENDG,BES3,"411,9"
BES4,18WBES4-12345-CY,BESOS 4,BESOS (G 4) C.C.,Ciclo combinado,GNCC,BES4,"399,7"
BES5TG1,18WBES5TG1-123-2,BES5 TG1,CC BESOS 5 T GAS 1,Ciclo combinado,ENDG,BES5,"276,0"
BES5TG2,18WBES5TG2-123-W,BES5 TG2,CC BESOS 5 T GAS 2,Ciclo combinado,ENDG,BES5,"276,0"
BES5TV,18WBES5TV-1234-K,BES5 TV,CC BESOS 5 T VAPOR,Vapor,ENDG,BES5,"307,0"
BESC01,18W000000000SA8Z,BESC01,COMPRA COMERCIALIZADORA,Comercializadores mercado libre,BESPI,BESC01,"0,1"
BESTC01,18W000000000S9YN,BESTC01,BEST OPTION COMPRA,Comercializadores mercado libre,BESTO,BESTC01,"0,0"
BETANZ,18W000000000S2J0,BETANZ,BETANZ,Comercializadores mercado libre,ENDCO,ENDER01,"1,0"
BETMAI,18W000000000V9AM,BETMAI,BETMAI,Solar fotovoltaica,SOLRC,FBETMAI,"150,0"
BETSAI1,18W000000000U11V,BETSAI1,BETSAI1,Comercializadores mercado libre,EDPCL,EDPCR01,"1,0"
BETSAI3,18W000000000U12T,BETSAI3,BETSAI3,Comercializadores mercado libre,EDPCL,EDPCR01,"1,0"
BEYOC01,18W000000000E5QX,BEYOC01,UP BEYOC01,Comercializadores mercado libre,BEYON,BEYOC01,"0,1"
BGR1,18WBGR1-12345-AI,BUGARRA 1,BUGARRA 1,Fluyente,ASIE,ASIJUCA,"0,2"
BGR2,18WBGR2-12345-A8,BUGARRA 2,BUGARRA 2,Fluyente,ASIE,ASIJUCA,"0,3"
BI21,18WBI21-12345-AA,BIESCAS 1,BIESCAS 21,Embalse,ENDG,EBRACC1,"30,7"
BI22,18WBI22-12345-A0,BIESCAS 2,BIESCAS 22,Embalse,ENDG,EBRACC1,"30,7"
BIB1,18WBIB1-12345-AM,P.BIBEY 1,PUENTE BIBEY 1,Embalse,IBEG,SIL,"79,3"
BIB2,18WBIB2-12345-AC,P.BIBEY 2,PUENTE BIBEY 2,Embalse,IBEG,SIL,"78,8"
BIB3,18WBIB3-12345-A2,P.BIBEY 3,PUENTE BIBEY 3,Embalse,IBEG,SIL,"78,0"
BIB4,18WBIB4-12345-AT,P.BIBEY 4G,PUENTE BIBEY GR.4 GENERAC.,Embalse,IBEG,SIL,"76,2"
BIB4B,18WBIB4B-12345-0,P.BIBEY 4B,PUENTE BIBEY GR.4 BOMBEO,Consumo bombeo,IBEG,SILB,"68,0"
BIB5,18WBIB5-12345-AJ,P.BIBEY 5,PUENTE BIBEY 5,Embalse,IBEG,SIL,"0,7"
BICINCO,18W000000000SOGE,BIOCINCO,BICINCOVILLAS,Biomasa,ELEIA,CINCOVI,"2,0"
BIDUER,18WBIDUER-1234-H,BIDUER,P.E.BIDUEROS 1ªFASE,Eólica terrestre,EGED,EPBUIO,"37,7"
BIEL,18WBIEL-12345-AB,BIELSA,BIELSA,Fluyente,ENDG,EBRERZ,"1,5"
BIEMTEC,18WBIEMTEC-12-D9,BIEMTEC,BIEMTEC,Gas natural cogeneración,IGNIS,TBIEMTE,"9,9"
BIESCAF,18W000000000QCUU,BIESCAF,BIESCAF,Fluyente,EGED,HEALTOG,"2,7"
BILOGRO,18W000000000T3NM,BIO EXT 1,BIOMASA EXTREMADURA 1,Biomasa,EGED,RFBILOG,"49,9"
BIMEDAM,18W000000000S75D,BIMEDAM,BIOM CIUDAD DEL MEDIO AMBIENTE,Biomasa,EGLE,RBIORAY,"17,0"
BIOASTU,18WBIOASTU-123-K,BIOASTU,BIOASTUR,Biogás,WMARK,RREBIOA,"9,0"
BIOC01,18W000000000ROO2,BIOC01,BIOC01,Consumos directos en mercado,BIODI,BIOC01,"1,0"
BIOCAN,18WBIOCAN-1234-X,BIOCAN,BIOMASA DE CANTABRIA,Biomasa,CEG,RBIOCAN,"10,0"
BIOFEN,18W000000000UONT,BIOGAS,PLANTAS BIOGAS MENORES 1 MW,Biogás,FEN,BIOFEN,"0,0"
BIOGASA,18WBIOGASA-12-DW,BIOGASA,BIOETANOL GALICIA,Gas natural cogeneración,EGLE,TBIOBG,"24,8"
BIOGASE,18W00000000072RV,BIOGASE,18W00000000072RV,Gas natural cogeneración,EGLE,TOLEPU,"9,1"
BIOLE,18WBIOLE-12345-U,BIOLE,"BIOELÉCTRICA DE LINARES, S.L.",Biomasa,GNRA,RBIOLSI,"15,0"
BIORE,18W000000000SID1,UF BIORE,UF BIORECICLAJE DE CADIZ,Biogás,GEMSL,RBIORE,"1,2"
BIOSAN,18WBIOSAN-123-D8,BIOSAN,BIOMASA DE SANGÜESA,Biomasa,EGED,RFEGED,"30,2"
BIOSM1,18WBIOSM1-123-D2,BIOSM1,BIOENERGIA SANTAMARIA S.A.,Biomasa,SANTG,RBIOSAN,"14,3"
BIOSM2,18WBIOSM2-123-DV,BIOSM2,BIOSM2,Gas natural cogeneración,SANTG,TSANTG,"12,8"
BIOVEGA,18WBIOVEGA-123-W,BIOVEGA,18WBIOVEGA-123-W,Biogás,EGLE,RMSVGA,"1,4"
BIPUGE,18WBIPUGE-1234-8,BIPUGE,BIPUGE,Biomasa,GNRA,RBIPU,"9,8"
BIROC01,18W000000000H8V2,BIROUGAS,BIROUGAS SL,Comercializadores mercado libre,BIROU,BIROC01,"1,0"
BIRSPRA,18W000000000IXZQ,RYEEXXI,"END CUR  ( TARIFA, TERMICA REN",Biogás,RSPRA,BIRSPRA,"0,6"
BLANC,18WBLANC-1234--G,BLANC,BLANC,Solar fotovoltaica,GNRA,BLANC,"6,0"
BLANSA,18WBLANSA-1234-K,BLANSA,UF ARCIBLANSA F1,Gas natural cogeneración,GNRA,TARCILL,"9,9"
BLCHON1,18W000000000QAND,BLCHON1,UP SOLAR BELINCHON1,Solar fotovoltaica,NEXU,FBLCON1,"41,2"
BLCHON2,18W000000000QE6Z,BLCHON2,UF SOLAR BELINCHON2,Solar fotovoltaica,NEXU,FBLCON2,"41,2"
BLCHON3,18W000000000QTF9,BLCHON3,UF SOLAR BELINCHON3,Solar fotovoltaica,NEXU,FBLCON3,"41,2"
BLOGPR2,18W000000000T872,BLOGPR2,UF SOLAR PR2,Solar fotovoltaica,NEXU,FBLOPR2,"9,0"
BLOGPR3,18W000000000T880,BLOGPR3,UF SOLAR PR3,Solar fotovoltaica,NEXU,FBLOPR3,"8,0"
BLOMER2,18W000000000TESG,BLOMER2,UF SOLAR BLOGGERS MER2,Solar fotovoltaica,NEXU,FBLMER2,"14,0"
BLOMER3,18W000000000TETE,BLOMER3,UF SOLAR BLOGGERS MER3,Solar fotovoltaica,NEXU,FBLMER3,"7,0"
BNDARIZ,18WBNDARIZ-123-W,BNDARIZ,CH SALTO 1 BRANDARIZ,Fluyente,GNCO,HFGASN,"18,0"
BNO1,18WBNO1-12345-A4,BENOS 1,BENOS 1,Fluyente,ENDG,EBRFEN,"7,8"
BNO2,18WBNO2-12345-AV,BENOS 2,BENOS 2,Fluyente,ENDG,EBRFEN,"7,8"
BNPRC01,18W000000000H8U4,BNPRC01,BNPRC01,Comercializadores mercado libre,BNPRU,BNPRC01,"0,1"
BNPRV01,18W000000000Q45U,RETMAYOR15,REGIMEN ESPECIAL TARIFA >15,Solar fotovoltaica,BNPRU,BNPRV01,"1,7"
BNUGN,18W000000000MEEZ,BNUGN,BNUGN,Solar fotovoltaica,GNRA,HABGN,"42,2"
BOAD,18WBOAD-12345-AQ,BOADELLA,BOADELLA PIE DE PRESA,Embalse,ENDG,EBRFEN,"3,5"
BOAEC01,18W000000000Q3YC,UP BOAEN,UP BOAENERGTICA,Comercializadores mercado libre,BOAEN,BOAEC01,"0,1"
BOBISI,18WBOBISI-123-EI,BOBISI,P.E. DE LA BOBIA Y SAN ISIDRO,Eólica terrestre,EGED,EBSISG,"49,3"
BOCHI,18W000000000VFA4,BOCHI,BOCH I,Solar fotovoltaica,WMARK,FVBOCHI,"8,0"
BODEG,18WBODEG-12345-K,BODEGUILLA,P. E. LAS BODEGUILLAS,Eólica terrestre,EGED,EGREEN,"36,5"
BODENA,18WBODENA-123-EY,BODENA,P.E. SIERRA DE BODENAYA,Eólica terrestre,GNRA,EFGNRA,"18,0"
BOH1,18WBOH1-12345-AW,BOHI 1,BOHI 1,Fluyente,ENDG,EBRFEN,"7,8"
BOH2,18WBOH2-12345-AM,BOHI 2,BOHI 2,Fluyente,ENDG,EBRFEN,"7,8"
BOINERS,18WBOINERS-123-3,BOINERS,BOINERSA,Derivados del petróleo o carbón,EGLE,TBOIRO,"24,6"
BOLANOS,18WBOLANOS-123-6,BOLANOS,P.E. LOS BOLAÑOS,Eólica terrestre,IBGES,EHIBGES,"24,0"
BOLAR1,18W000000000T7S0,BOLAR1,BOLAR1,Solar fotovoltaica,CEG,FBOLAR1,"45,0"
BOLAR2,18W000000000T7UX,BOLAR2,BOLAR2,Solar fotovoltaica,CEG,FBOLAR2,"45,0"
BOLAR3,18W000000000T7WT,BOLAR3,BOLAR3,Solar fotovoltaica,CEG,FBOLAR3,"23,5"
BOLARQ,18W000000000PRK9,BOLARQUE I,FV BOLARQUE I,Solar fotovoltaica,EGED,FVGREEN,"40,0"
BOLI,18WBOLI-12345-A3,BOLINCHES,BOLINCHES,Fluyente,BARER,BOLI,"0,4"
BOLMEC,18W000000000TIR6,BOLMEC,OLMEDILLA BATERIA COMPRA,Batería electroquímica,IBGES,AFIOLHC,"25,0"
BOLMEV,18W000000000TIPA,BOLMEV,OLMEDILLA BAT VENTA,Batería electroquímica,IBGES,FBIOLHV,"28,7"
BON1,18WBON1-12345-A3,BONO 1,BONO 1,Fluyente,ENDG,EBRFEN,"1,8"
BON2,18WBON2-12345-AU,BONO 2,BONO 2,Fluyente,ENDG,EBRFEN,"1,8"
BONETE7,18W000000000PZMI,MAHBONETE7,PARQUE FV BONETE7,Solar fotovoltaica,EBLCO,FMAHOR,"5,0"
BONETE8,18W000000000PZNG,MAHBONETE8,PARQUE FV BONETE8,Solar fotovoltaica,EBLCO,FMAHOR,"5,0"
BOQUERO,18WBOQUERO-12-E3,BOQUERO,P.E. BOQUERON,Eólica terrestre,HC G,HCGSIH2,"49,5"
BORB,18WBORB-12345-A7,BORBOLLON,BORBOLLON,Embalse,ASIE,ASITAJ,"1,3"
BORDECO,18WBORDECO-12-EN,BORDECO,P. E. BORDECOREX NORTE,Eólica terrestre,IBGES,EHIBGES,"44,3"
BORGESA,18W000000000RCO1,BORGESA,BORGESA,Gas natural cogeneración,DETIC,COGBORG,"5,0"
BORGSTM,18W000000000QV6L,BRGS,BORGES,Solar térmica,GESTE,TBORGES,"22,5"
BORJA,18WBORJA-1234-E6,BORJA,18WBORJA-1234-E6,Eólica terrestre,HC G,HCGSIHA,"1,9"
BORJA1,18WBORJA1-123-EJ,BORJA1,P.E. BORJA1,Eólica terrestre,HC G,HCGSIH2,"16,0"
BORJA2,18WBORJA2-123-EB,BORJA2,P.E. BORJA2,Eólica terrestre,HC G,HCGSIH2,"21,5"
BORSE,18W000000000O6PT,BORSE,BORSE,Solar fotovoltaica,GNRA,FVGNRA,"1,5"
BOTAREL,18WBOTAREL-123-B,BOTARELL.,PLANTA MECÁNIC-BIOLÓGICA DE BO,Biogás,BOTAR,RBOTARE,"1,2"
BOUSE,18W000000000O6QR,BOUSE,BOUSE,Solar fotovoltaica,GNRA,FVGNRA,"1,2"
BOYAL,18W000000000UYJ7,BOYAL,UF SOLAR EL BOYAL,Solar fotovoltaica,NEXU,FBOYAL,"3,0"
BOYAL3,18W000000000FGZF,BOYAL3,PE BOYAL III,Eólica terrestre,WMARK,EFWMARK,"2,5"
BOYALI,18WBOYALI-1234-Y,BOYALI,PE BOYAL I,Eólica terrestre,WMARK,EFWMARK,"4,5"
BOYALII,18WBOYALII-12--B,BOYALII,PE BOYAL II,Eólica terrestre,WMARK,EFWMARK,"4,5"
BPC01,18W000000000DCB9,BPGAS_COM,BP GAS EUROPE COMERCIALIZADORA,Comercializadores mercado libre,BP,BPC01,"0,1"
BPLLANC,18W000000000Q3SO,BPLLANC,BPLLANC,Batería electroquímica,IBGES,AFIBHFC,"5,0"
BPLLANV,18W000000000Q7TA,BPLLANV,BATERIA VENTA,Batería electroquímica,IBGES,FBHIBHV,"5,0"
BPOIL1,18WBPOIL1-1234-3,BPOIL1,BP OIL REFINERIA DE CASTELLON,Residuos varios,BP,TBPREF1,"28,5"
BPOIL2,18WBPOIL2-1234-W,P/RE-10024,BP OIL REFINERIA DE CASTELLO,Residuos varios,BP,TBPREF2,"25,6"
BPSRR01,18W000000000V298,BPSRR01,BPSRR01,Comercializadores mercado libre,BNPRU,BPSRR01,"1,0"
BQ11,18WBQ11-12345--L,BOLARQ IG1,BOLARQUE I 1,Embalse,GNFG,UFTA,"13,9"
BQ12,18WBQ12-12345-AQ,BOLARQ IG2,BOLARQUE I 2,Embalse,GNFG,UFTA,"13,9"
BQ21,18WBQ21-12345-FF,BOLARQIIG1,BOLARQUE II GR.1 GENERAC.,Turbinación bombeo,GNFG,UFBG,"54,5"
BQ21B,18WBQ21B-12345-X,BOLARQIIB1,BOLARQUE II GR.1 BOMBEO,Consumo bombeo,GNFG,UFBB,"52,0"
BQ22,18WBQ22-12345-F5,BOLARQIIG2,BOLARQUE II GR.2 GENERAC.,Turbinación bombeo,GNFG,UFBG,"52,5"
BQ22B,18WBQ22B-12345-N,BOLARQIIB2,BOLARQUE II GR.2 BOMBEO,Consumo bombeo,GNFG,UFBB,"52,0"
BQ23,18WBQ23-12345-FW,BOLARQIIG3,BOLARQUE II GR.3 GENERAC.,Turbinación bombeo,GNFG,UFBG,"53,5"
BQ23B,18WBQ23B-12345-D,BOLARQIIB3,BOLARQUE II GR.3 BOMBEO,Consumo bombeo,GNFG,UFBB,"52,0"
BQ24,18WBQ24-12345-FM,BOLARQIIG4,BOLARQUE II GR.4 GENERAC.,Turbinación bombeo,GNFG,UFBG,"54,5"
BQ24B,18WBQ24B-12345-3,BOLARQIIB4,BOLARQUE II GR.4 BOMBEO,Consumo bombeo,GNFG,UFBB,"52,0"
BRANDIA,18W0000000000UE1,BRANDIA,BRANDIA,Gas natural cogeneración,COGEN,TAE7COG,"4,4"
BRAZAT1,18W000000000V0LR,BRAZAT1,UF SOLAR BRAZATORTAS 1,Solar fotovoltaica,NEXU,FTORTA1,"22,1"
BRAZAT2,18W000000000V0MP,BRAZAT2,UF SOLAR BRAZATORTAS 2,Solar fotovoltaica,NEXU,FTORTA1,"22,1"
BRAZAT4,18W000000000V0NN,BRAZAT4,UF SOLAR BRAZATORTAS 4,Solar fotovoltaica,NEXU,FTORTA1,"11,0"
BRC1,18WBRC1-12345-AE,BARCENAB 1,BARCENA 1,Fluyente,REPSB,VIES,"0,4"
BRC2,18WBRC2-12345-A4,BARCENAB 2,BARCENA 2,Fluyente,REPSB,VIES,"1,7"
BRD1,18WBRD1-12345-A3,BARRADOS,BARRADOS,Fluyente,ENDG,EBRFEN,"15,7"
BREIC01,18W000000000KX2A,UP IBERICA,IBERICA IMPULSA SL,Comercializadores mercado libre,IBERB,BREIC01,"1,0"
BREN1B,18W000000000M2WZ,UF B BREÑA,UF BOMBEO BREÑA 2,Consumo bombeo,IGNIS,BRENB,"50,0"
BRENA2,18W000000000HSBJ,BRENA2,BRENA2,Embalse,IGNIS,HIDRAUL,"34,0"
BREVIC,18W000000000TILI,BREVIC,REVILLA BATERIA UF COMPRA,Batería electroquímica,IBGES,AFIREHC,"25,0"
BREVIV,18W000000000TIIO,BREVIV,REVILLA BAT VENTA,Batería electroquímica,IBGES,FBIREHV,"28,7"
BRG1,18WBRG1-12345-A7,BERGANZO 1,BERGANZO 1,Fluyente,IBEG,EBRA,"0,1"
BRG2,18WBRG2-12345-AY,BERGANZO 2,BERGANZO 2,Fluyente,IBEG,EBRA,"0,1"
BRG3,18WBRG3-12345-AO,BERGANZO 3,BERGANZO 3,Fluyente,IBEG,EBRA,"0,1"
BRIG1,18W000000000QZ1J,BRIG1,BRIG1,Solar fotovoltaica,GNRA,FVGNRA,"1,7"
BRIG2,18W000000000QYYU,BRIG2,BRIG2,Solar fotovoltaica,GNRA,FVGNRA,"1,4"
BRILE,18WBRILE-12345-P,BRILE,COGENERACION BRILEN,Gas natural cogeneración,IGNIS,UPBRILE,"24,7"
BRILEN,18W000000000S1Z8,BRILEN,BRILEN,Comercializadores mercado libre,SHELL,SESAR01,"1,0"
BRIVIES,18WBRIVIES-123-T,BRIVIESCA,BIOMASA BRIVIESCA,Biomasa,EGED,RFEGED,"16,0"
BRJB01,18W000000000V8QU,BRJB01,BRJB01,Solar fotovoltaica,TRISO,BRJV01,"8,0"
BROMEC,18W000000000TIQ8,BROMEC,UF COMPRA BATERIA ROMERAL,Batería electroquímica,IBGES,AFIROHC,"25,0"
BROMEV,18W000000000TIOC,BROMEV,ROMERAL BAT VENTA,Batería electroquímica,IBGES,FBIROHV,"28,7"
BROVALE,18W000000000RKMI,BROVALES3,UF SOLAR BROVALES3,Solar fotovoltaica,NEXU,FBRVLS3,"14,0"
BROVLE1,18W000000000RQTN,BROVLE1,UF SOLAR BROVALES1,Solar fotovoltaica,NEXU,FBRVLS1,"40,0"
BROVLE2,18W000000000RM1H,BROVLE2,UF SOLAR BROVALES 2,Solar fotovoltaica,NEXU,FBRVLS2,"40,0"
BRR1,18WBRR1-12345-DS,BARRIOS,LOS BARRIOS,Hulla sub-bituminosa,VIEPR,BRR1,"570,0"
BRR1X,18W000000000C3A5,AUX BRR1,CONSUMOS AUX CT LOS BARRIOS,Consumo de Servicios Auxiliares,VIEPR,BRR1X,"34,1"
BRRS,18WBRRS-12345-AN,BARROSA ,BARROSA,Fluyente,GNRA,CHBAO,"3,5"
BRUJULA,18WBRUJULA-12-EZ,BRUJULA,P.E. LA BRÚJULA,Eólica terrestre,HC G,EBRUJUL,"29,7"
BRULLES,18WBRULLES-123-7,BRULLES,18WBRULLES-123-7,Eólica terrestre,EGLE,EBRULL,"40,0"
BRUTII,18W000000000T9SV,BRUTII,BRUTII,Hidráulica - No UGH,DETIC,HYBRUTI,"2,8"
BRZ1,18WBRZ1-12345-AK,BARAZAR 1,BARAZAR 1,Embalse,IBEG,EBRA,"41,3"
BRZ2,18WBRZ2-12345-AA,BARAZAR 2,BARAZAR 2,Embalse,IBEG,EBRA,"40,6"
BRZ3,18WBRZ3-12345-A0,BARAZAR 3,BARAZAR 3,Embalse,IBEG,EBRA,"0,8"
BSGEC01,18W00000000092FA,BSGEA,BSGEA,Comercializadores mercado libre,BSGEA,BSGEC01,"1,0"
BSOUF01,18W000000000SVA5,BSOUFTAL5M,UF BSO TALAVERA 5 MW,Solar fotovoltaica,BECO,BSOUP01,"4,6"
BSOUF02,18W000000000SVB3,BSOUFTAL4M,UF BSO TALAVERA 4M,Solar fotovoltaica,BECO,BSOUP01,"3,6"
BST1,18WBST1-12345-A0,BOSSOST 1,BOSOST 1,Fluyente,ENDG,EBRFEN,"10,6"
BST2,18WBST2-12345-AR,BOSSOST 2,BOSOST 2,Fluyente,ENDG,EBRFEN,"10,8"
BTN,18WBTN-123456-AQ,BATAN,BATAN,Fluyente,VIEG,BTN,"0,1"
BTN1,18WBTN1-12345-AH,BATAN1,BATAN 1,Fluyente,IBEG,TAJO,"0,1"
BTNJ,18WBTNJ-12345-AM,BATANEJO,BATANEJO,Embalse,IBEG,JUCA,"2,0"
BTRIX1,18W000000000RVE1,BTRIX1,BTRIX1,Solar fotovoltaica,GNRA,BTRR1,"41,2"
BTRIX2,18W000000000RVC5,BTRIX2,BTRIX2,Solar fotovoltaica,GNRA,BTRR2,"41,2"
BTRIX3,18W000000000RVHW,BTRIX3,BTRIX3,Solar fotovoltaica,GNRA,BTRR3,"41,2"
BUBONSO,18W000000000RY0K,BUBONSO,BUBONSO,Fluyente,RSPRA,HHRSPRA,"1,8"
BUE1,18WBUE1-12345-AU,BUENDIA 1,BUENDIA 1,Embalse,GNFG,UFTA,"18,1"
BUE2,18WBUE2-12345-AK,BUENDIA 2,BUENDIA 2,Embalse,GNFG,UFTA,"18,1"
BUE3,18WBUE3-12345-AA,BUENDIA 3,BUENDIA 3,Embalse,GNFG,UFTA,"18,1"
BUECB,18W000000000RH4Q,BUECB,BUECB,Solar fotovoltaica,GNRA,FVGNRA,"3,1"
BUENAV,18WBUENAV-123-EW,BUENAV,18WBUENAV-123-EW,Eólica terrestre,HC G,HCGSCSA,"7,8"
BUG1,18WBUG1-12345-A8,BURGUILL 1,BURGUILLO 1,Embalse,GNFG,UFTA,"19,7"
BUG2,18WBUG2-12345-AZ,BURGUILL 2,BURGUILLO 2,Embalse,GNFG,UFTA,"21,2"
BUG3,18WBUG3-12345-AP,BURGUILL 3,BURGUILLO 3,Embalse,GNFG,UFTA,"21,0"
BUI1,18WBUI1-12345-AN,BUITRERA 1,BUITRERAS 1,Fluyente,ENDG,GDLQ,"2,3"
BUI2,18WBUI2-12345-AD,BUITRERA 2,BUITRERAS 2,Fluyente,ENDG,GDLQ,"2,3"
BUI3,18WBUI3-12345-A3,BUITRERA 3,BUITRERAS 3,Fluyente,ENDG,GDLQ,"2,3"
BUICI1,18W000000000T13V,BUICI1,BUICI1,Fluyente,GNRA,HFGNRA,"7,2"
BUICI2,18W000000000T14T,BUICI2,BUICI2,Fluyente,GNRA,HFGNRA,"8,0"
BUICI3,18W000000000T15R,BUICI3,BUICI3,Fluyente,GNRA,HFGNRA,"5,6"
BUICIO,18WBUICIO-123-AG,BUICIO,BUICIO,Hidráulica - No UGH,ASIE,HFASIE,"2,1"
BUIO,18WBUIO-12345-E7,BUIO,P.E. BUIO,Eólica terrestre,EGED,EPBUIO1,"40,3"
BUIXLEU,18W000000000QHKZ,BUIXLEU,UF SOLAR BUIXALLEU,Solar fotovoltaica,NEXU,FBUIXEU,"2,2"
BULLANA,18WBULLANA-123-1,BULLENA,P.E. BULLANA,Eólica terrestre,IBGES,EHIBGES,"38,0"
BUN1,18WBUN1-12345-A5,BUENAMES 1,BUENAMESON 1,Embalse,GNFG,UFTA,"0,6"
BUN2,18WBUN2-12345-AW,BUENAMES 2,BUENAMESON 2,Embalse,GNFG,UFTA,"0,6"
BUN3,18WBUN3-12345-AM,BUENAMES 3,BUENAMESON 3,Embalse,GNFG,UFTA,"0,6"
BUNBARC,18WBUNBARC-123-X,BUNBARC,BUNGE BARCELONA,Gas natural cogeneración,CEG,TBUNGE,"9,9"
BUNCART,18WBUNCART-123-F,BUNCART,BUNGE CARTAGENA,Gas natural cogeneración,CEG,TBUNGE,"9,9"
BUNIEL,18W000000000RJ7E,BUNIEL,BUNIEL,Eólica terrestre,IBGES,EIBGEBU,"104,0"
BUNZIER,18WBUNZIER-123-G,BUNZIER,BUNGE ZIERBENA,Gas natural cogeneración,CEG,TBUNGE,"9,9"
BUR1,18WBUR1-12345-AZ,BURGOMIL 1,BURGOMILLODO I-A,Embalse,GNFG,UFTA,"0,4"
BUR2,18WBUR2-12345-AP,BURGOMIL 2,BURGOMILLODO II-A,Embalse,GNFG,UFTA,"0,4"
BUR3,18WBUR3-12345-AF,BURGOMIL 3,BURGOMILLODO III-A,Embalse,GNFG,UFTA,"0,4"
BUR4,18WBUR4-12345-A5,BURGOMIL 4,BURGOMILLODO IV,Embalse,GNFG,UFTA,"2,3"
BURA1,18W000000000O74V,BURA1,BURA1,Solar fotovoltaica,GNRA,FVGNRA,"1,5"
BURA2,18W000000000O75T,BURA2,BURA2,Solar fotovoltaica,GNRA,FVGNRA,"2,5"
BUREBA,18WBUREBA-1234-5,BUREBA,P.E. BUREBA,Eólica terrestre,IBGES,EHIBGES,"12,0"
BURGOM1,18W000000000RINM,BURGOM1,UF SOLAR BURGO1,Solar fotovoltaica,NEXU,FBURGO1,"2,1"
BURGOM2,18W000000000RIOK,BURGOM2,UF SOLAR BURGO2,Solar fotovoltaica,NEXU,FBURGO2,"2,1"
BURGUIL,18W000000000PVSI,BURGUIL,UF SOLAR BURGUILLOS,Solar fotovoltaica,NEXU,FBURGLL,"21,2"
BURKIC,18W000000000QITE,BURKIC,BATERIA URKILLA COMPRA,Batería electroquímica,IBGES,AFIBHEC,"5,5"
BURKIV,18W000000000QIUC,BURKIV,VENTA BATERIA URKILLA,Batería electroquímica,IBGES,EBHIBHV,"5,5"
BURRI1,18W000000000USPD,BURRI1,BURRI1,Solar fotovoltaica,CEG,FBURRI1,"5,0"
BURRI2,18W000000000USQB,BURRI2,BURRI2,Solar fotovoltaica,CEG,FBURRI2,"5,0"
BUSTEL1,18WBUSTEL1-12-EH,BUSTEL1,BUSTEL1,Eólica terrestre,EGED,EGREEN,"24,7"
BUSVB,18W000000000T0BI,BUSVB,BUSVB,Eólica terrestre,GNRA,UPBUS,"50,0"
BUTETEM,18WBUTETEM-123-M,BIOGASUTEM,BIOGAS UTE TEM,Biogás,UTTEM,TBUTETE,"1,6"
BUZADER,18W000000000R2SN,BUZADER,PE LA BUZADERA,Eólica terrestre,ECYR,EEGPEV,"9,0"
BVCOR,18WBVCOR-12345-7,BVCOR,P.E. CORBERA,Eólica terrestre,IGNIS,ECOR,"49,9"
BVNIDA1,18W000000000J1FA,BVNIDA1,FV BIENVENIDA 1,Solar fotovoltaica,SHEEN,SHEPV03,"150,0"
BYDETIC,18W0000000005JUJ,FYEEXXI,"END CUR  ( TARIFA, FOTOVOLTAIC",Biogás,DETIC,BYDETIC,"1,1"
BYENC01,18W000000000IYMC,BYENC01,BY ENERGYC PENINSULA,Comercializadores mercado libre,BYENE,BYENC01,"0,1"
CA11,18WCA11-12345-AU,CASTRO I 1,CASTRO I 1,Embalse,IBEG,DUER,"41,5"
CA12,18WCA12-12345-AK,CASTRO I 2,CASTRO I 2,Embalse,IBEG,DUER,"41,5"
CA1RAT,18W000000000GP81,CAIRAT,CH CAIRAT,Fluyente,NEXU,HFNEXU,"2,3"
CA21,18WCA21-12345-AJ,CASTRO II,CASTRO II,Embalse,IBEG,DUER,"112,1"
CAA1,18WCAA1-12345-A5,CANALROYA,CANALROYA,Fluyente,ENDG,EBRACC1,"6,7"
CAB1,18WCAB1-12345-AV,CABANELAS,CABANELAS 1,Embalse,GNFG,UFGC,"2,3"
CABAN2,18W000000000IZ48,CABAN2,PE CABANILLAS 2,Eólica terrestre,CEG,EVALDET,"49,9"
CABANA,18WCABANA-123-ET,CABANA,P. E. LA CABAÑA,Eólica terrestre,HC G,HCGSIHA,"41,6"
CABELLO,18W000000000SWND,CABELLO,ES-CABELLO,Eólica terrestre,EBLCO,ECABELL,"12,0"
CABEZAS,18WCABEZAS-123-D,CABEZAS,P. E. LAS CABEZAS,Eólica terrestre,IBGES,EHIBGES,"17,4"
CABIMO,18WCABIMO-123-EV,CABIMO,P. E. CABIMONTEROS,Eólica terrestre,IBGES,EDRIBGE,"49,5"
CABISC2,18WCABISC2-123-H,CABISCO 2,HIDRAULICA CABISCO 2,Fluyente,DETIC,HFDETIC,"2,5"
CABISCO,18W000000000T9QZ,CABISCO,CABISCO,Hidráulica - No UGH,DETIC,HYCABIS,"2,3"
CABOVIL,18WCABOVIL-123-8,CABOVIL,P E CABO VILANO,Eólica terrestre,GNCO,EGASNE1,"6,0"
CABRAS,18WCABRAS-1234-W,CABRAS,PE SIERRA DE LAS CABRAS,Eólica terrestre,IBGES,EHIBGES,"22,0"
CABRER,18W000000000IG8K,CABRER,PSF CERRADO CABRERA,Solar fotovoltaica,EGLE,FLUANDA,"39,8"
CABRERA,18W000000000HF7T,CABRERA,18W000000000HF7T,Solar fotovoltaica,EGLE,FEBISU,"3,1"
CABRERI,18W000000000PUG8,CABRERI,PE CABRERIZAS,Eólica terrestre,HC G,HCGSCSA,"40,1"
CABRIL,18WCABRIL-1234-G,CABRIL,P.E. LAS CABRILLAS,Eólica terrestre,MEDI,EMEDI,"28,5"
CABUELO,18WCABUELO-12-E1,CABUELO,CABUELO,Eólica terrestre,IBGES,EHIBGES,"30,0"
CABZASF,18W000000000NDT4,CABZAS,CABZASFV,Solar fotovoltaica,GESTE,FCABEZA,"1,6"
CABZLAS,18W000000000RQWH,CABZLAS,UF SOLAR LAS CABEZUELAS,Solar fotovoltaica,NEXU,FCABZLA,"2,4"
CACIC01,18W000000000V9L0,CACIC01,COMPRA COMERCIALIZADORA,Comercializadores mercado libre,CACI,CACIC01,"1,0"
CACONDE,18WCACONDE-123-A,CACONDE,18WCACONDE-123-A,Eólica terrestre,EBLCO,ECACOND,"8,0"
CACRES1,18W000000000UGIQ,CACRES1,UF SOLAR CACERES 1,Solar fotovoltaica,NEXU,FCACRE1,"4,3"
CACRES2,18W000000000UIFQ,CACRES2,UF SOLAR CACERES 2,Solar fotovoltaica,NEXU,FCACRE2,"4,3"
CADIMA,18W000000000GEWN,CADIMA,FV CADIMA,Solar fotovoltaica,NEXU,FCADIMA,"33,1"
CADLC01,18W000000000FVZ7,UC CANDELA,UNIDAD COMPRA CANDELA,Comercializadores mercado libre,CANDL,CADLC01,"0,0"
CAL1,18WCAL1-12345-AW,CALA 1,CALA 1,Embalse,ENDG,GDLQ,"6,3"
CAL2,18WCAL2-12345-AM,CALA 2,CALA 2,Embalse,ENDG,GDLQ,"6,3"
CALAMOI,18W000000000V17F,CALAMOCHA,CALAMOCHA I,Solar fotovoltaica,WMARK,FVCALAM,"19,6"
CALANAS,18W000000000NQKK,CALANAS,CALANAS,Solar fotovoltaica,ADXRE,FAUDAX,"4,0"
CALASPA,18W000000000RL2I,CALASPA,CALASPA,Solar fotovoltaica,INTRA,INTRE02,"8,0"
CALAVER,18W000000000LZYA,CALAVER,UF SOLAR CALAVERON,Solar fotovoltaica,NEXU,FCLVRON,"20,0"
CALCAL,18W000000000L27F,CALCAL,UF CALCAL,Solar fotovoltaica,NEXU,FCALCAL,"10,0"
CALDERE,18WCALDERE-123-R,CALDERE,P.E. CALDEREROS,Eólica terrestre,ECYR,EEGPEM,"37,8"
CALEC01,18W000000000K70I,CALEC01,CALEC01,Consumos directos en mercado,CALEA,CALEC01,"2,3"
CALERA,18WCALERA-1234-6,CALERA,18WCALERA-1234-6,Eólica terrestre,EGLE,EMTORR,"4,9"
CALERAS,18W000000000N0B5,CALERS,CALERSCHOZAS,Solar fotovoltaica,GESTE,FCALERA,"13,4"
CALIG,18W000000000ONW1,CALIG,UF SOLAR CALIG,Solar fotovoltaica,NEXU,FCALIG,"3,2"
CALIX,18W000000000TVVX,CALIX,CALIX,Solar fotovoltaica,GNRA,UPSON4,"1,4"
CALLEJA,18WCALLEJA-12-EL,CALLEJA,P.E. CALLEJAS,Eólica terrestre,IBGES,EHIBGES,"49,5"
CALOBRE,18WCALOBRE-12-E0,CALOBRE,P. E. LES CALOBRES,Eólica terrestre,WMARK,EFWMARK,"12,7"
CALUEN,18WCALUEN-123-ET,CALUEN,P.E. CALUENGO,Eólica terrestre,GNCO,EGASNE0,"49,5"
CALZADA,18WCALZADA-123-K,CALZADA,PARQUE EÓLICO LA CALZADA,Eólica terrestre,EBLCO,ECALZAD,"30,6"
CAM1,18WCAM1-12345-AL,CAMARMEÑ 1,CAMARMEÑA 1,Fluyente,REPSB,VIES,"6,5"
CAM2,18WCAM2-12345-AB,CAMARMEÑ 2,CAMARMEÑA 2,Fluyente,REPSB,VIES,"6,2"
CAMCC01,18W000000000ARMS,CAMPO_UP,CAMPO COMPRAS,Comercializadores mercado libre,CAMCO,CAMCC01,"0,4"
CAMG20X,18W0000000004S4B,CAMG20X,CAMG20X,Consumo de Servicios Auxiliares,DETIC,CAMG20X,"7,0"
CAMGI10,18WCAMGI10-12-CK,CAMPGIB1,CAMPO GIBRALTAR 1,Ciclo combinado,GNCC,CAMGI10,"392,6"
CAMGI20,18WCAMGI20-12-CC,CAMPGIB2,CAMPO GIBRALTAR 2,Ciclo combinado,SEDAE,CAMGI20,"387,9"
CAMODUE,18WCAMODUE-123-2,CAMODUE,P.E. CABEZA MORENA - DUEÑAS,Eólica terrestre,EGED,EGREEN,"50,0"
CAMP2,18W000000000MCPJ,UFCAMPA2,UF ELAWAN CAMPANARIO II,Solar fotovoltaica,IGNIS,SCAMP2,"41,8"
CAMPAL,18WCAMPAL-123-E9,CAMPAL,P.E. CAMPALBO,Eólica terrestre,IBGES,EHIBGES,"49,3"
CAMPANA,18WCAMPANA-123-T,CAMPANA,18WCAMPANA-123-T,Eólica terrestre,EGLE,EPUEYO,"4,9"
CAMPAR,18W000000000HSDF,CPO,CPRIO,Solar fotovoltaica,GESTE,FCAMPAN,"31,5"
CAMPEYO,18WCAMPEYO-123-T,CAMPEYO,UF EL CAMPEYO,Biogás,GNRA,RCAMPEL,"1,4"
CAMPIL1,18W000000000NPOF,CAMPIL1,PE CAMPILLO 1,Eólica terrestre,ECYR,EREGPEV,"75,0"
CAMPIL2,18W000000000NPMJ,CAMPIL2,PE CAMPILLO 2,Eólica terrestre,ECYR,EEGPE1,"87,5"
CAMPIL3,18W000000000NPNH,CAMPIL3,PE CAMPILLO 3,Eólica terrestre,ECYR,EEGPE1,"87,5"
CAMPILL,18WCAMPILL-123-7,CAMPILL,P.E.LOS CAMPILLOS,Eólica terrestre,IBGES,EHIBGES,"34,0"
CAMPISA,18WCAMPISA-12-EA,CAMPISA,P.E. CAMPISABALOS,Eólica terrestre,IBGES,EHIBGES,"24,4"
CAMPO1,18W000000000S2AI,CAMPO1,CAMPO1,Comercializadores mercado libre,ENDCO,ENDER01,"1,0"
CAMPOBR,18WCAMPOBR-123-S,CAMPOBR,18WCAMPOBR-123-S,"Híb. Renov., Term. No Renov",EGLE,TRODO2,"6,8"
CAMPOF,18WCAMPOF-123-D7,CAMPOF,COGENERADORA BURGALESA,Gas natural cogeneración,COBUR,TCOBUR,"4,9"
CAMPOL1,18W000000000F64X,CAMPOLIVAI,PE CAMPOLIVA I,Eólica terrestre,ECYR,EEGPES,"35,9"
CAMPOL2,18W000000000F65V,CAMPOLIVA2,CAMPOLIVA II,Eólica terrestre,ECYR,EEGPES,"39,3"
CAMPORI,18W000000000RJU5,CHCAMPORI,CHCAMPORI,Fluyente,INTRA,HDALT01,"15,2"
CAMPOSP,18W000000000S1WE,CAMPOS,CAMPOS SAN PEDRO,Solar fotovoltaica,GESTE,FGST154,"1,0"
CAMRIO,18W000000000UYQU,CAMRIO,CAMRIO,Solar fotovoltaica,CEG,FCAMRIO,"8,5"
CAMRV01,18W000000000QQHE,CAMRV01,CAMRV01,Solar fotovoltaica,GNRA,UPCAM1,"50,0"
CAMRV05,18W000000000QR24,CAMRV05,CAMRV05,Solar fotovoltaica,GNRA,UPCAM5,"50,0"
CAMSO1,18W000000000U0QL,CAMSO1,CAMSO1,Solar fotovoltaica,GNRA,FVGNRA,"2,0"
CAMSO2,18W000000000U0RJ,CAMSO2,CAMSO2,Solar fotovoltaica,GNRA,FVGNRA,"2,0"
CAMSO3,18W000000000U0SH,CAMSO3,CAMSO3,Solar fotovoltaica,GNRA,FVGNRA,"2,0"
CAMSO4,18W000000000U0TF,CAMSO4,CAMSO4,Solar fotovoltaica,GNRA,FVGNRA,"2,0"
CAMTRU,18W000000000TS0U,CAMTRU,CAMTRU,Comercializadores mercado libre,ENDCO,ENDER01,"1,0"
CAN1,18WCAN1-12345-AA,CAÑAVERO 1,CAÑAVEROSA 1,Fluyente,IBEG,JUCA,"1,1"
CAN2,18WCAN2-12345-A0,CAÑAVERO 2,CAÑAVEROSA 2,Fluyente,IBEG,JUCA,"1,2"
CAN3,18WCAN3-12345-AR,CAÑAVERO 3,CAÑAVEROSA 3,Fluyente,IBEG,JUCA,"1,1"
CANA,18WCANA-12345-AV,CANALES,CANALES 1,Embalse,ENDG,GDLQ,"8,0"
CANAISA,18WCANAISA-123-J,CANAISA,UNIDAD TRATAMIENTO LODOS DEPUR,Gas natural cogeneración,GNRA,TCANAIS,"19,9"
CANALEJ,18WCANALEJ-12-EN,CANALEJ,CANALEJ,Eólica terrestre,IBGES,EHIBGES,"18,7"
CANALRI,18WCANALRI-123-I,HCANALRIO,HIDCANALRIO,Fluyente,GESTE,HGUADAL,"6,5"
CANALTA,18W000000000R7ZV,CANADA ALT,FV CANADA ALTA,Solar fotovoltaica,SHEEN,SHEPV28,"43,4"
CANAME,18W000000000EZPJ,CANAMERO,CANAMERO SOLAR,Solar fotovoltaica,NEXU,FCANAME,"5,5"
CANASEC,18W000000000F5ZB,CANASEC,PARQUE EOLICO CANASECA,Eólica terrestre,ECYR,EEGPEV,"18,0"
CANAVFV,18WCANAVFV-123-7,CANAVV,PV CANAVER,Solar fotovoltaica,GESTE,FCANAVE,"6,0"
CANBADI,18W000000000TA26,CANBADI,CANBADI,Hidráulica - No UGH,DETIC,HYCANBA,"1,0"
CANBAR,18W000000000R0EK,CANBAR,18W000000000R0EK,Biogás,EGLE,RCESRE,"1,2"
CANDAL,18WCANDAL-1234-M,CANDAL,PE EL CANDAL,Eólica terrestre,IBGES,EHIBGES,"38,0"
CANDNOS,18W000000000UBXB,FVENTUS,PSFV CANDASNOS,Solar fotovoltaica,EGLE,FVENTUS,"2,7"
CANES,18W000000000T1BF,CANES,UF SOLAR CANES,Solar fotovoltaica,NEXU,FCANES,"38,2"
CANIGU,18W000000000V3A3,CANIGU,CANIGU,Comercializadores mercado libre,ENDCO,ENDER01,"1,0"
CANILES,18W000000000S7XV,CANILES,UF SOLAR CANILES,Solar fotovoltaica,NEXU,FCANILS,"2,8"
CANO1,18WCANO1-1234-AM,CANO1,CAÑO 1,Fluyente,HC G,HCHI,"0,7"
CANO2,18WCANO2-1234-AD,CANO2,CAÑO 2,Fluyente,HC G,HCHI,"0,1"
CANONER,18WCANONER-123-C,CANONER,P. E. CA¥ORERAS,Eólica terrestre,IBGES,EHIBGES,"32,3"
CANTAL,18WCANTAL-123-EW,CANTAL,P.E. CANTALOJAS,Eólica terrestre,IBGES,EHIBGES,"24,0"
CANTALE,18WCANTALE-123-3,CANTALE,P.E. LOS CANTALES,Eólica terrestre,HC G,HCGSCS2,"23,5"
CANTERA,18WCANTERA-123-L,CANTERAS,P. E. LAS CANTERAS,Eólica terrestre,MIRAS,EMIRASI,"8,0"
CANTI44,18W000000000R1L3,CANTILLANA,CANTILLANA44,Solar fotovoltaica,ADXRE,CANTI44,"5,0"
CANTIRU,18WPECANTIRUEL-S,CANTIRU,P.E.CANTIRUELA,Eólica terrestre,ECYR,EEGPEM,"15,0"
CANTO,18WCANTO-1234-EG,CANTO,P.E. CANTO,Eólica terrestre,EGED,EGREEN,"20,2"
CANXC01,18W000000000PQBU,CANXC01,CANXC01,Consumos directos en mercado,MOLEC,CANXC01,"4,7"
CAPARRO,18WCAPARRO-12-A1,CAPARRO,SALTO DE CAPARROSO,Fluyente,EGED,HFEGED,"4,7"
CAPEL,18WCAPEL-1234-EN,CAPEL,P.E. CAPELADA,Eólica terrestre,ECYR,EREGPEM,"16,5"
CAPEL2,18WCAPEL2-123-ES,CAPEL2,P.E. CAPELADA II,Eólica terrestre,ECYR,EREGPEM,"14,8"
CAPIECH,18W000000000K48B,CAPIECH,CAPIECHAMARTIN,Eólica terrestre,IBGES,EHIBGES,"34,1"
CAPIR1,18WCAPIR1-123-EG,CAPIR1,P.E. CAPIRUZA I,Eólica terrestre,IBGES,EHIBGES,"50,0"
CAPIR2,18WCAPIR2-123-E8,CAPIR2,P.E. CAPIRUZA II,Eólica terrestre,IBGES,EHIBGES,"42,0"
CAPLC01,18W000000000VEKO,CAPALOESP,CAPALO AI SPAIN OY,Comercializadores mercado libre,CAPAL,CAPLC01,"0,0"
CAPRIC,18W000000000KNCK,CAPRIC,FVCAPRICORNIUS,Solar fotovoltaica,HISPE,FCAPRI,"21,5"
CAPSA,18WCAPSA-12345-V,CAPSA2,UF CAPSA,Gas natural cogeneración,DETIC,TCAPSA,"9,7"
CAPTC01,18W000000000SSLT,CAPTURC01,CAPTURC01,Comercializadores mercado libre,CAPTA,CAPTC01,"0,1"
CAR1,18WCAR1-12345-A3,CARPIO 1,EL CARPIO 1,Fluyente,ENDG,GDLQ,"2,5"
CAR2,18WCAR2-12345-AU,CARPIO 2,EL CARPIO 2,Fluyente,ENDG,GDLQ,"2,7"
CAR3,18WCAR3-12345-AK,CARPIO 3,EL CARPIO 3,Fluyente,ENDG,GDLQ,"2,3"
CARAG,18WCARAG-12345-O,CARAGUE,P.E. MOLINO DE CARAGÜEYES,Eólica terrestre,HC G,HCGSIHA,"0,7"
CARANTO,18WCARANTO--1-AD,CARANTO,CARANTOÑA,Fluyente,IGNIS,HXAL2,"5,0"
CARAVAK,18W000000000NGIH,CARAVAK,CARAVAK,Solar fotovoltaica,CEG,FCARAVA,"1,5"
CARBA,18WCARBA-1234-EJ,CARBA,P.E. A CARBA,Eólica terrestre,EGED,EGREEN,"19,5"
CARBAL,18WCARBAL-123-EK,CARBAL,P.E. CARBALLEIRA,Eólica terrestre,EGED,EGREEN,"24,4"
CARBALL,18WCARBALL-123-G,CARBALL,CARBALLO,Derivados del petróleo o carbón,IBGES,TPIBGES,"13,1"
CARDENE,18W000000000T0H6,CARDENER,PS SOLAR PARK CARDENER,Solar fotovoltaica,SOMEN,SENFV1,"2,9"
CAREON,18WCAREON-123-EX,CAREON,P. E. CAREON,Eólica terrestre,ECYR,EREGPEM,"18,0"
CARJOS1,18W000000000QAKJ,CARJOS1,UF SOLAR CARTUJOS 1,Solar fotovoltaica,NEXU,FCRJOS1,"20,0"
CARJOS2,18W000000000QALH,CARJOS2,UF SOLAR CARTUJOS 2,Solar fotovoltaica,NEXU,FCRJOS2,"10,0"
CARMONA,18W000000000SEXA,CARMONA,UF SOLAR CARMONA,Solar fotovoltaica,NEXU,FCARMON,"5,0"
CAROLI,18W000000000KBL1,CAROLINA I,CAROLINAS I,Solar fotovoltaica,ADXRE,FAUDAX,"4,2"
CAROLII,18W000000000KBNY,CAROLINAII,CAROLINAS II,Solar fotovoltaica,ADXRE,FAUDAX,"4,2"
CARONDI,18W-CARONDI-6--V,CARONDI,P.E. CARONDIO,Eólica terrestre,HC G,HCGEORS,"50,0"
CARPIO,18W000000000F2AX,CARPIO,SFV EL CARPIO,Solar fotovoltaica,GNCO,FGASNE2,"46,2"
CARRA,18W000000000U9VL,CARRA,SIC12 CARRA,Solar fotovoltaica,NETRA,CARRA,"3,0"
CARRAC,18WCARRAC-123-E6,CARRAC,P. E. LA CARRACHA,Eólica terrestre,EGLE,ECARRG,"49,5"
CARRAS,18WCARRAS-123-EQ,CARRAS,P.E. CARRASQUILLO,Eólica terrestre,IBGES,EHIBGES,"49,3"
CARRASC,18WPECARRASCOSAS,CARRASC,P.E. CARRASCOSA,Eólica terrestre,IBGES,EIBGENO,"38,0"
CARRAT,18W000000000IAMA,CARRAT,PE CARRATORRES,Eólica terrestre,GNCO,EGASNE2,"39,6"
CARRE,18W000000000SS0Y,CARRE,CARRE,Eólica terrestre,RENSP,RECARRE,"10,0"
CARRERS,18W000000000NJCK,CARRERAS,CARRERAS ENERGIAS RENOVABLES,Eólica terrestre,CEG,ECARRER,"8,9"
CARRIL,18WCARRIL-1234-P,CARRIL,P. E. EL CARRIL,Eólica terrestre,IBGES,EHIBGES,"28,0"
CARRIO,18WCARRIO-123-EN,CARRIO,P.E. MONTE CARRIO,Eólica terrestre,IBGES,EHIBGES,"31,4"
CARTGO1,18W000000000PP2E,BIANOR,BIANOR SOLAR,Solar fotovoltaica,SHEEN,SHEPV16,"11,0"
CARTGO2,18W000000000PPCV,FREYA,FREYA SOLAR,Solar fotovoltaica,SHEEN,SHEPV12,"40,8"
CARTGO3,18W000000000PP58,DR III,DON RODRIGO III,Solar fotovoltaica,SHEEN,SHEPV13,"40,8"
CARTGO4,18W000000000PP4A,DR IV,DON RODRIGO IV,Solar fotovoltaica,SHEEN,SHEPV14,"42,8"
CARTGO5,18W000000000PP3C,DR V,DON RODRIGO V,Solar fotovoltaica,SHEEN,SHEPV15,"42,8"
CARTGO6,18W000000000QQJA,BIANOR SPV,BIANOR SPV,Solar fotovoltaica,SHEEN,SHEPV27,"29,7"
CARTO,18W000000000QJV7,CARTO,CARTO,Solar fotovoltaica,EFG,FGEFG,"1,6"
CARTUJA,18W000000000LZFB,CARTUJA,18W000000000LZFB,Solar fotovoltaica,EGLE,FCARTU,"43,0"
CARVACA,18W000000000R2AM,CAR,CARAVACA,Solar fotovoltaica,GESTE,FCARVAC,"2,0"
CASA,18WCASA-123456-E,CASA,P.E. CASA,Eólica terrestre,GNCO,EGASNE0,"29,9"
CASA1,18WCASA1-12345-0,CASA1,P.E.CASA DEL AIRE I,Eólica terrestre,GNCO,EGASNE0,"50,0"
CASA2,18WCASA2-12345-S,CASA2,P.E.CASA DEL AIRE II,Eólica terrestre,GNCO,EGASNE0,"50,0"
CASAC01,18W0000000002UIM,CASAC01,CASAC01,Consumos directos en mercado,CASAT,CASAC01,"1,2"
CASAIII,18W000000000U70F,CASA III,CASAFUERTE III,Solar fotovoltaica,ELEIA,CASAIII,"30,0"
CASAIV,18W000000000U72B,CASA IV,CASAFUERTE IV,Solar fotovoltaica,ELEIA,CASAIV,"30,0"
CASAQ1,18W000000000Q1VO,CASAQ1,CASAQUEMADA I,Solar fotovoltaica,EBLCO,FCASAQ1,"29,0"
CASAQ2,18W000000000Q1WM,CASAQ2,CASAQUEMADA II,Solar fotovoltaica,EBLCO,FCASAQ2,"29,0"
CASAR,18WCASAR-12345-P,CASAR,CASAR,Hidráulica - No UGH,CEG,HCASAR,"3,1"
CASAV,18W000000000U747,CASA V,CASAFUERTE V,Solar fotovoltaica,ELEIA,CASAV,"8,0"
CASAVJ,18W000000000SSQJ,CASA VIEJA,CASA VIEJA,Eólica terrestre,SHEEN,SHEPV32,"47,3"
CASCALD,18WCASCALD-123-E,CASCALD,18WCASCALD-123-E,Fluyente,EGLE,HSAEDO,"4,3"
CASCANT,18W000000000SKWV,CASCANT,PE CASCANTE II,Eólica terrestre,EGLE,ECANTE,"50,0"
CASETON,18W000000000GJUC,CASETONA,CASETONA,Híbrida Renovable,IBGES,FEHIBHV,"53,1"
CASLLEI,18W000000000TYL7,CASLLEI,CASLLEI,Comercializadores mercado libre,ENDCO,ENDER01,"1,0"
CASOL,18WCASOL-12345-D,CASOL,CASOL,Hidráulica - No UGH,CEG,HCAMPOS,"2,0"
CASTE,18WCASTE-12345-Q,CASTELLANA,PARQUE EOLICO LA CASTELLANA,Eólica terrestre,EGED,EGREEN,"46,0"
CASTEL1,18W000000000MH2D,CASTEL1,CASTEL1,Solar fotovoltaica,NEXU,FCSTEL1,"1,1"
CASTEL2,18W000000000MHP4,CASTEL2,CASTEL2,Solar fotovoltaica,NEXU,FCSTEL2,"1,8"
CASTELO,18WCASTELO-12-E9,CASTELO,P.E. CASTELO,Eólica terrestre,ECYR,EREGPEM,"16,5"
CASTELS,18W000000000P6MV,CASTELS,UF SOLAR CASTELSERAS,Solar fotovoltaica,NEXU,FCSERAS,"1,1"
CASTEUR,18WCASTEUR-12-DT,CASTEUR,18WCASTEUR-12-DT,Gas natural cogeneración,EGLE,TPYC2,"8,8"
CASTI,18WCASTI-12345-R,CASTI,PARQUE EOLICO CASTIL DE TIERRA,Eólica terrestre,EGLE,ECASTI,"36,0"
CASTIL,18W000000000RO0D,CASTIL,CASTIL,Embalse,GNRA,HFGNRA,"1,5"
CASTILB,18W000000000F6ED,CASTILBLAN,FV CASTILBLANCO,Solar fotovoltaica,ECYR,FEGPEM,"34,3"
CASTOR,18W000000000MEMJ,CASTOR,CASTOR,Solar fotovoltaica,HISPE,FCASTOR,"42,5"
CASTRE,18WCASTRE-1234-6,CASTRE,P.E. EL CASTRE,Eólica terrestre,GNRA,PECAST,"26,7"
CASTRIO,18WCASTRIO-12-ER,CASTRIO,CASTRIO,Eólica terrestre,GNRA,EFGNRA2,"26,4"
CASTRO,18WCASTRO-1234-0,CASTRO,UF COGOTAS 1,Fluyente,GNRA,HCOGOTA,"5,2"
CASTUER,18W000000000QJW5,CASTUER,FV CASTUERA,Solar fotovoltaica,WMARK,FFWMARK,"1,9"
CASTUR,18W000000000QAOB,CASTUR,UF SOLAR CASTUR,Solar fotovoltaica,NEXU,FCASTUR,"1,2"
CASZAR,18W000000000TYM5,CASZAR,CASZAR,Comercializadores mercado libre,ENDCO,ENDER01,"1,0"
CAT1,18W000000000TX71,CAT1,CAT1,Solar fotovoltaica,REPSB,FCAT,"37,1"
CAT2,18W000000000TX9Y,CAT2,CAT2,Solar fotovoltaica,REPSB,FCAT,"37,1"
CATALA,18W000000000SM9Y,FV CATALA,FV MAS DE CATALA,Solar fotovoltaica,DREUA,FDREU12,"1,7"
CATGC01,18W-CATGC01-2--A,CATGAS,CATGAS ENERGIA SA,Comercializadores mercado libre,CATGA,CATGC01,"0,5"
CATMIN,18W000000000S24U,CATMIN,CATMIN,Comercializadores mercado libre,SHELL,SESAR01,"1,0"
CATRAL1,18W000000000SLFP,CATRAL1F,CATRAL01 FISICA,Solar fotovoltaica,TRISO,CATRAL1,"1,8"
CATRAL2,18W000000000T57B,CATRAL 2,UP CATRAL 2,Solar fotovoltaica,TRISO,CATRAL2,"0,1"
CATRC01,18W-CATRC01-4--E,CATRC01 CO,"ELÉCTRICA CATRALENSE, SLU COMP",Comercializadores mercado libre,CATRA,CATRC01,"4,0"
CAUPS,18W000000000JKVW,CAUPS,CAUPS,Solar fotovoltaica,GNRA,FVGNRA,"1,7"
CAUXA,18W000000000TA18,CAUXA,CAUXA,Hidráulica - No UGH,DETIC,HYCAUXA,"2,7"
CAV1,18WCAV1-12345-AX,CARCAVILLA,CARCAVILLA,Fluyente,ENDG,EBRACC1,"4,8"
CAVAD,18W000000000TB23,CAVAD,CAVAD,Eólica terrestre,REPSB,ECERRA2,"50,0"
CAVAL1,18W000000000V3B1,CAVAL1,CAVAL1,Comercializadores mercado libre,ENDCO,ENDER01,"1,0"
CAVAR1,18W000000000I2QQ,CAVAR1,CAVAR1,Eólica terrestre,IBGES,EIBGECA,"27,7"
CAVAR2,18W000000000I2RO,CAVAR2,CAVAR2,Eólica terrestre,IBGES,EIBGECA,"27,7"
CAVAR3A,18W000000000I2SM,CAVAR3A,CAVAR3A,Eólica terrestre,IBGES,EIBGECA,"27,7"
CAVAR3B,18W000000000I2TK,CAVAR3B,CAVAR3B,Eólica terrestre,IBGES,EIBGECA,"27,7"
CAVLO,18WCAVLO-1234-DA,CAVLO,PAPELERA DE CAVLO,Gas natural cogeneración,WMARK,TCAVLO,"4,9"
CAXADO,18WCAXADO-123-EO,CAXADO,CAXADO,Eólica terrestre,EGED,EGREEN,"24,4"
CAYO,18WCAYO-12345-EL,CAYO,P. E. EL CAYO,Eólica terrestre,ECYR,EREGPE1,"24,7"
CAYPA,18WCAYPA-1234-DQ,CAYPA,CAYLA Y PARES,Gas natural cogeneración,AME,TCYPSA,"7,3"
CAZU,18WCAZU-12345-AW,CAZULAS,CAZULAS,Fluyente,ENDG,GDLQ,"1,7"
CBAILON,18WCBAILON-12-E3,CBAILON,P.E. CRISTO BAILONES,Eólica terrestre,EGED,EGREEN1,"42,0"
CBAMN,18W000000000TTKO,CBAMN,CBAMN,Solar fotovoltaica,GNRA,UPSON3,"1,4"
CBANAL,18W000000000U18H,CBANAL,UF SOLAR CIBANAL 1,Solar fotovoltaica,NEXU,FCBANAL,"1,9"
CBECERR,18WCBECERR-123-B,CBECERR,P.E. CERRO BECERRIL,Eólica terrestre,HC G,HCGSCSA,"49,6"
CBIO1,18WCBIO1-12345-W,CBIO1,COGENERACION CON BIOMASA HUELV,Biomasa,ENCEG,RUCBIO1,"27,5"
CBIO2,18WCBIO2-12345-N,CBIO2,BIOMASA HUELVA 50 MW,Biomasa,ENCEG,RUCBIO2,"50,0"
CBLA,18WCBLA-12345-A4,CASABLANCA,CASABLANCA,Fluyente,ENDG,EBRACC1,"0,5"
CBLANCO,18WCBLANCO-123-E,CBLANCO,P. E. CERRO BLANCO,Eólica terrestre,IBGES,EHIBGES,"42,0"
CBR1,18WCBR1-12345-AS,CABRIANA 1,CABRIANA 1,Fluyente,IBEG,EBRA,"0,7"
CBR2,18WCBR2-12345-AI,CABRIANA 2,CABRIANA 2,Fluyente,IBEG,EBRA,"0,7"
CBR3,18WCBR3-12345-A8,CABRIANA 3,CABRIANA 3,Fluyente,IBEG,EBRA,"1,9"
CBR4,18WCBR4-12345-AZ,CABRIANA 4,CABRIANA 4,Fluyente,IBEG,EBRA,"1,9"
CBSIX,18W000000000TTLM,CBSIX,CBSIX,Solar fotovoltaica,GNRA,UPSON3,"1,1"
CC08HU,18W000000000SW6A,CC08HU,CC08HU,Comercializadores mercado libre,FORTI,FORTR01,"1,0"
CCAL,18W000000000ISPO,CCAL,CERRO CALDERON,Eólica terrestre,WMARK,EFWMARK,"4,0"
CCASC01,18W000000000NLNT,CCASC01,CCASC01 UP,Comercializadores mercado libre,COMER,CCASC01,"1,0"
CCATC01,18W-CCATC01-7--4,CCATC01,CCATC01,Comercializadores mercado libre,CCATR,CCATC01,"6,0"
CCDFW,18W000000000O6VH,CCDFW,CCDFW,Solar fotovoltaica,GNRA,FVGNRA,"3,6"
CCH1,18WCCH1-12345-AF,CONCHAS 1,LAS CONCHAS 1,Embalse,GNFG,UFGC,"12,5"
CCH2,18WCCH2-12345-A5,CONCHAS 2,LAS CONCHAS 2,Embalse,GNFG,UFGC,"12,6"
CCH3,18WCCH3-12345-AW,CONCHAS 3,LAS CONCHAS 3,Embalse,GNFG,UFGC,"24,1"
CCOLOR,18WCCOLOR-123-EE,CCOLOR,P.E. CUESTA COLORADA,Eólica terrestre,IBGES,EHIBGES,"49,5"
CCORA,18WCCORA-12345-S,CCORA,CORA COGENERACION SL,Gas natural cogeneración,NEXU,TCORCOG,"5,4"
CCOREN2,18W000000000R7RA,CCOREN2,CCOREN2,Gas natural cogeneración,DETIC,COGCORE,"3,5"
CCRUCES,18WCCRUCES-123-D,RE-025548,ARCOS DE GRABA SL,Eólica terrestre,NEXU,EFNEXU,"1,8"
CCUFW,18W000000000O9G1,CCUFW,CCUFW,Solar fotovoltaica,GNRA,FVGNRA,"2,5"
CDAMM1,18WCDAMM1-123--W,CDAMM1,CDAMM1,Gas natural cogeneración,DETIC,COGCDAM,"9,9"
CDB1,18WCDB1-12345-AW,CORDOBIL 1,CORDOBILLA 1,Fluyente,ENDG,GDLQ,"4,0"
CDB2,18WCDB2-12345-AM,CORDOBIL 2,CORDOBILLA 2,Fluyente,ENDG,GDLQ,"5,0"
CDB3,18WCDB3-12345-AC,CORDOBIL 3,CORDOBILLA 3,Fluyente,ENDG,GDLQ,"5,0"
CDEMORO,18WCDEMORO-123-3,CDEMORO,P.E. COLL DEL MORO,Eólica terrestre,IGNIS,ECOL,"48,7"
CDGARGA,18WCDGARGA-123-1,CDGARGA,CDGARGA,Eólica terrestre,HC G,HCGSCSA,"21,7"
CDMOLIN,18W000000000PS09,CDMOLIN,UF SOLAR CAÑADA MOLINO 2,Solar fotovoltaica,NEXU,FMOLINO,"0,9"
CDORADA,18WCDORADA-12-ED,CDORADA,P.E. CUEVA DORADA,Eólica terrestre,EGED,ECEGRG,"19,5"
CDP1,18W000000000KLEM,CDP1,CASASDP1,Solar fotovoltaica,SHEEN,SHEPV04,"47,4"
CDP2,18W000000000KLFK,CDP2,CASASDP2,Solar fotovoltaica,SHEEN,SHEPV05,"36,0"
CDRMN,18W000000000OYOL,CDRMN,CDRMN,Solar fotovoltaica,GNRA,FVGNRA,"1,5"
CDTENON,18WPECHNDTENON-2,CDTENON,P.E.CHAN DO TENON,Eólica terrestre,ECYR,EEGPEM,"22,4"
CEBAC01,18W-CEBAC01-4--7,CEBA,CEBA,Comercializadores mercado libre,CEA,CEBAC01,"6,3"
CEBIC01,18W000000000V15J,CEBIC01,CEBIN COMPRA,Comercializadores mercado libre,CEBIN,CEBIC01,"0,0"
CEBRIAN,18W000000000SF7M,CEBRIAN,PE SAN CEBRIAN,Eólica terrestre,EGLE,EPRADA3,"39,6"
CECAC01,18W-CECAC01-4--Y,CASTELLAR,CASTELLAR,Comercializadores mercado libre,CECA,CECAC01,"3,6"
CECAMPO,18WCECAMPO-123-J,CECAMPO,18WCECAMPO-123-J,Derivados del petróleo o carbón,EGLE,TNUCE,"3,9"
CED1,18WCED1-12345-AZ,CEDILLO 1,CEDILLO 1,Embalse,IBEG,TAJO,"121,3"
CED2,18WCED2-12345-AP,CEDILLO 2,CEDILLO 2,Embalse,IBEG,TAJO,"120,6"
CED3,18WCED3-12345-AF,CEDILLO 3,CEDILLO 3,Embalse,IBEG,TAJO,"127,4"
CED4,18WCED4-12345-A5,CEDILLO 4,CEDILLO 4,Embalse,IBEG,TAJO,"125,6"
CEDC01,18W00000000024YV,CEDSL,COMERCIALIZADORA DE ENERGA DIR,Comercializadores mercado libre,CEDSL,CEDC01,"0,1"
CEEEC01,18W-CEEEC01-4--F,CEEEC01 CO,COMPAÑÍA ESCANDINAVA DE ELECTR,Comercializadores mercado libre,CEEE,CEEEC01,"0,8"
CELAD,18WCELAD-12345-W,CELAD,P. E. CELADA V,Eólica terrestre,EGED,EGREEN1,"26,0"
CELAD1,18WCELAD1-1234-B,CELAD1,P. E. CELADA I,Eólica terrestre,EGED,EGREEN1,"34,0"
CELADFU,18W000000000N4UT,CELADFU,CELADAS FUSION,Eólica terrestre,EGED,EGREEN1,"44,8"
CELAYA,18WCELAYA-123-EV,CELAYA,P.E. CELAYA,Eólica terrestre,HC G,HCGSIHA,"28,8"
CELC01,18W-CELC01-45--Z,CELC01,CELC01,Consumos directos en mercado,CELL,CELC01,"7,0"
CELI,18WCELI-123456-0,CELI,COMPAÑÍA ENERGÉTICA DE LINARES,Gas natural cogeneración,GNRA,TCELISI,"25,0"
CELIS,18WCELIS-1234-AZ,CELIS,CELIS,Fluyente,EGED,HENANSA,"6,3"
CELSC01,18W0000000005OQC,CELSC01,CELSC01,Consumos directos en mercado,CELSA,CELSC01,"7.021,4"
CELSC02,18W0000000007HQP,CELSC02,CELSC02,Consumos directos en mercado,CELSA,CELSC02,"0,4"
CELVI,18WCELVI-1234--H,CELVI,COMPAÑÍA ENERGÉTICA LAS VILLAS,Gas natural cogeneración,GNRA,TCELVSI,"24,9"
CEMEC01,18W000000000SRG5,CEMENTO PE,CEMENTO PENINSULA,Comercializadores mercado libre,CEMEK,CEMEC01,"10,0"
CEMOS,18WCEMOS-12345-5,CEMOS,CELUSOSAS MOLDEADAS,Gas natural cogeneración,GEMSL,TCEMO,"4,8"
CEMRINQ,18WCEMRINQ-12--B,CEMRINQ,18WCEMRINQ-12--B,Gas natural cogeneración,NEXU,TCERMA,"9,9"
CEN121,18W000000000T6B0,CENTAURUS,CENTAURUS SOLAR FV121,Solar fotovoltaica,SOLRC,FCEN121,"40,4"
CENAR,18WCENAR-12345-W,CENAR,P. E. EL CENTENAR,Eólica terrestre,IBGES,EHIBGES,"40,0"
CENER2,18WCENER2-123-DO,CENER2,CENER2,Biomasa,CENER,RCENER,"40,9"
CENG01,18W000000000QS6U,FYEEXXI,"END CUR  ( TARIFA, FOTOVOLTAIC",Solar fotovoltaica,CENTS,CENG01,"0,0"
CENTC01,18W-CENTC01-3--G,CENTC01,CENTC01,Comercializadores mercado libre,CENTE,CENTC01,"0,0"
CENTCP3,18W-CENTCP3-8--V,CENTCP3,CENTCP3,Importación Francia,CENTE,CENTCP3,"300,0"
CENTE,18W000000000KHKM,CENTE,CENTE,Solar fotovoltaica,GNRA,FVGNRA,"3,5"
CENTVP3,18W-CENTVP3-9--N,CENTVP3,CENTVP3,Exportación Francia,CENTE,CENTVP3,"300,0"
CENVIA1,18W000000000SGNO,CENVIA1,UF SOLAR CENTROVIA 1,Solar fotovoltaica,NEXU,FCNVIA1,"9,2"
CENVIA2,18W000000000SGOM,CENVIA2,UF SOLAR CENTROVIA 2,Solar fotovoltaica,NEXU,FCNVIA2,"9,2"
CENVIA3,18W000000000SGPK,CENVIA3,UF SOLAR CENTROVIA 3,Solar fotovoltaica,NEXU,FCNVIA3,"9,1"
CEP116,18W000000000TZWJ,CEP116,CEP116,Solar fotovoltaica,SOLRC,FCEP116,"30,4"
CEPUE,18WCEPUE-12345-1,CEPUE,CIA. ENERGÉTICA PUENTE DEL OBI,Gas natural cogeneración,GNRA,TCEPUSI,"24,9"
CER1,18WCER1-12345-AT,CERNADILLA,CERNADILLA,Embalse,IBEG,DUER,"33,3"
CERANO2,18WCERANO2-12-DS,CERANO2,18WCERANO2-12-DS,Gas natural cogeneración,EGLE,TCRNOR,"9,9"
CERANOR,18WCERANOR-12-D1,CERANOR,18WCERANOR-12-D1,Gas natural cogeneración,EGLE,TCRNOR,"9,8"
CERCAL,18WCERCAL--12-EK,CERCAL,P.E. CERRO CALDERON,Eólica terrestre,IBGES,EHIBGES,"49,5"
CERCEDA,18WCERCEDA-123-Q,CERCEDA,18WCERCEDA-123-Q,Eólica terrestre,EGLE,EFGAVE,"2,5"
CERCEDO,18WCERCEDO-123-2,CERCEDO,CH CERCEDO,Fluyente,WMARK,HFWMARK,"3,0"
CERES1,18WCERES1-1234-T,CERES1,WHISKY DYC,Gas natural cogeneración,COGEN,TAE4COG,"6,4"
CERES2,18WCERES2-1234-L,CERES2,VINAZAS DYC,Gas natural cogeneración,COGEN,TAE5COG,"6,4"
CERLC01,18W000000000UOQN,CERLC01,CERLC01,Consumos directos en mercado,CERLE,CERLC01,"0,6"
CERRAT6,18W000000000SEH5,CERRAT6,PE CERRATO 6,Eólica terrestre,EGLE,ECERRA,"47,7"
CERRATO,18WCERRATO-123-J,CERRATO,CERRATO,Hidráulica - No UGH,CEG,HCERRAT,"4,0"
CERRILL,18W000000000QBBY,CERRILLARE,CERRILLARES-FV,Solar fotovoltaica,ALDRO,PLENFV1,"42,0"
CERRO,18WCERRO-1234-EI,CERRO,CERRO,Eólica terrestre,EGED,EGREEN,"30,0"
CERRODU,18WCERRODURANEO6,DURAN,P.E. CERRO DURAN,Eólica terrestre,HC G,HCGSCSA,"45,0"
CERROS,18WCERROS-1234-F,CERROS,18WCERROS-1234-F,Eólica terrestre,EGLE,EUNZUE,"4,5"
CERVUP,18W000000000QI0Z,FYIBCUR,"IB CUR  ( TARIFA, FOTOVOLTAICA",Solar fotovoltaica,ZRMTT,CERVUP,"1,0"
CESILLA,18WCESILLA-12--P,CESILLA,P.E. CERRO DE LA SILLA,Eólica terrestre,IBGES,EHIBGES,"15,3"
CESOC01,18W000000000GQ0E,CESOC01,UNIDAD DE COMPRA DE COMERCIALI,Comercializadores mercado libre,CESOS,CESOC01,"0,1"
CESPAF1,18WCESPAF1-123-5,CESPAF1,UF CESPA F1,Biogás,GNRA,RBCESPA,"3,1"
CESPALC,18W000000000TF8G,CESPALC,CESPALC,Biogás,EGLE,RUCESP,"1,0"
CESPARE,18WCESPARE-123-3,CESPARE,18WCESPARE-123-3,Biogás,EGLE,RURBA,"4,2"
CESPASP,18WCESPASP-123-T,CESPASP,18WCESPASP-123-T,Biogás,EGLE,RCESPA,"3,4"
CETAC01,18W-CETAC01-2--K,CETAL,COMERCIALIZADORA ELECTRICA TAL,Comercializadores mercado libre,CETAL,CETAC01,"1,0"
CETAPAL,18W000000000UBEC,CETAPAL,COG ASERPAL,Gas natural cogeneración,EGLE,TCETA,"6,6"
CETASAN,18W000000000UBFA,CETASAN,COG IND LOSAN,Gas natural cogeneración,EGLE,TCETA,"13,3"
CFAB,18WCFAB-12345-AU,CASTIFABIB,CASTIELFABIB,Fluyente,ENDG,EBRACC1,"1,1"
CFR1,18WCFR1-12345-AH,COFREN H 1,COFRENTES 1 HIDRA.,Embalse,IBEG,JUCA,"40,2"
CFR2,18WCFR2-12345-A7,COFREN H 2,COFRENTES 2 HIDRA.,Embalse,IBEG,JUCA,"40,5"
CFR3,18WCFR3-12345-AY,COFREN H 3,COFRENTES 3 HIDRA.,Embalse,IBEG,JUCA,"39,7"
CGCEASA,18WCGCEASA-123-Q,CGCEASA,COGENERACION CEASA NAVIA,Residuos varios,CEASA,RCOGENA,"40,3"
CGLAM,18W000000000PYS9,AYPGNR,A12 NO ALTA EFICIENCIA,Derivados del petróleo o carbón,GNRA,CGLAM,"1,0"
CGRISEL,18WCGRISEL-12-E9,CGRISEL,CGRISEL,Eólica terrestre,HISPE,RWESZN,"16,5"
CGRVO,18WCGRVO-12345-3,RE-105053,CONSORCI PER GESTIO DE RS VO,Biogás,NEXU,RCOGRVO,"1,2"
CHAC01,18W000000000U2GZ,CHAC01,CHARGE,Comercializadores mercado libre,CHARG,CHAC01,"1,0"
CHAEP,18W000000000V0Y1,CHAEP,CHAEP,Solar fotovoltaica,GNRA,UPCHAP,"36,3"
CHALAN,18W000000000G04A,CHALANGE,CH ALANGE,Fluyente,NEXU,HALANGE,"9,1"
CHAMBON,18WCHAMBON-12-EI,CHAMBON,P. E. CHAMBON,Eólica terrestre,IBGES,EHIBGES,"33,1"
CHAMERA,18WCHAMERA-123-2,CHAMERA,CHAMERA,Fluyente,GNRA,RAUN,"1,5"
CHANC01,18W000000000KRTB,CHANDUY,RECICLAJES ECOLGICOS CHANDUY S,Comercializadores mercado libre,CHAND,CHANC01,"1,0"
CHANTAD,18WCHANTAD-12-ES,CHANTAD,P.E. CHANTADA,Eólica terrestre,IGNIS,EGVENTO,"48,0"
CHAPARR,18WCHAPARR-123-0,CHAPARRO,P. E. CHAPARRO,Eólica terrestre,EGED,EGREEN1,"16,0"
CHASOL,18WCHASOL-1234-R,CHASOL,CHASOL,Solar térmica,ELEIA,SMASOL1,"49,9"
CHAVIA,18WCHAVIA-1234-S,CHAVIA,CH AVIA,Fluyente,GNCO,HFGASN,"9,4"
CHBARCO,18WCHBARCO-123-G,CHBARCO,18WCHBARCO-123-G,Fluyente,EGLE,HBARCO,"3,2"
CHBUBAL,18WCHBUBAL-123-Y,CHBUBAL,18WCHBUBAL-123-Y,Fluyente,ASIE,HFASIE,"4,2"
CHCABO,18WCHCABO-1234-J,CHCABO,18WCHCABO-1234-J,Fluyente,EGLE,HHIDGA,"4,9"
CHCADOS,18WCHCADOS-123-7,CHCADOS,18WCHCADOS-123-7,Fluyente,EGLE,HCADOS,"2,0"
CHCALM,18W000000000G10F,CHCALM,CH ALMAZAN,Fluyente,NEXU,HFNEXU,"1,5"
CHCANAS,18WCHCANAS-123-T,CHCANAS,SALTO DE LAS CANAS,Fluyente,WMARK,HFWMARK,"2,1"
CHCASTR,18WCHCASTR-123-O,CHCASTR,FERROATLANTICA-CASTRELO,Embalse,IGNIS,HCAST,"28,7"
CHCC01,18W-CHCC01-77--W,CHCC01,CIDE HCENERGÍA COMPRA,Comercializadores mercado libre,CHC,CHCC01,"15,0"
CHCLOT,18WCHCLOT-1234-B,CHCLOT,CHCLOT,Fluyente,INTRA,HHTTRIN,"2,5"
CHCOC01,18W-CHCOC01-9--3,CHCOC01,CHCOC01,Comercializadores mercado libre,CHCOR,CHCOC01,"200,0"
CHCOLPO,18W000000000TBOX,CHCOLPONS,CH COLONIA PONS,Hidráulica - No UGH,INTRA,HHTTRIN,"1,2"
CHCORA,18W000000000FZYY,CHCORA,CH CORADA,Fluyente,NEXU,HCORADA,"5,0"
CHCORC,18W000000000G0ZM,CHCORC,CH CORCOESTO,Fluyente,NEXU,HFNEXU,"1,1"
CHDORNA,18WCHDORNA-123-C,CHDORNA,DORNA,Fluyente,GNCO,HFGASN,"2,6"
CHENC01,18W000000000SKQ6,CHURCH,CHURCH ENERGY SL,Comercializadores mercado libre,CHURC,CHENC01,"1,0"
CHERC01,18W-CHERC01-8--Y,SOT CHERA,SOT CHERA,Comercializadores mercado libre,CHERA,CHERC01,"1,1"
CHETXL4,18WCHETXL4-123-T,CHETXL4,CH SALTO ETXALAR,Fluyente,INTRA,HHTTRIN,"1,6"
CHFECH,18W000000000G139,CHFECH,CH FECHA,Fluyente,NEXU,HFNEXU,"2,2"
CHFERR,18W000000000G155,CHFERR,CH FERRERAS,Fluyente,NEXU,HFNEXU,"2,8"
CHFRAGO,18WCHFRAGO-123-Y,CHFRAGO,18WCHFRAGO-123-Y,Fluyente,EGLE,HHIDFR,"4,0"
CHFRES,18W000000000FZML,CH FRESER,CH FRESER,Fluyente,NEXU,HFRESER,"6,4"
CHGALLU,18WCHGALLU-123-C,CHGALLU,18WCHGALLU-123-C,Fluyente,EGLE,HGALLU,"3,5"
CHGARES,18WCHGARES-123-S,CH GARES,CH GARES,Fluyente,INTRA,HHTTRIN,"1,1"
CHGRAUS,18WCH-GRAUS----X,CH GRAUS,C.HIDRAULICA GRAUS,Fluyente,ECYR,HREGPE,"2,1"
CHGUARD,18W000000000N633,CHGUARD,CH GUARDA,Fluyente,HC G,HCHI2,"0,6"
CHIDONA,18W000000000MP0U,CHIDONAI,PSF ARCHIDONA I,Solar fotovoltaica,EGLE,FANPU,"7,0"
CHIERRO,18WCHIERRO-12-EK,CHIERRO,P.E. DE CRUZ DE HIERRO,Híbrida Renovable,HC G,HIBSIHA,"25,8"
CHIL,18WCHIL-12345-A3,CHILLAR,CHILLAR 1,Fluyente,ENDG,GDLQ,"0,7"
CHINCH,18W000000000RK7B,CHCHINCHA,CHCHINCHA,Fluyente,INTRA,HDALT02,"1,4"
CHINEST,18W000000000SLXQ,FV CHINEST,FV CHINESTRA,Solar fotovoltaica,DREUA,FDREU10,"1,5"
CHIR,18WCHIR-12345-AH,CHIRRISQUI,CHIRRISQUIN,Fluyente,BARER,BEREBRO,"0,5"
CHISC01,18W000000000E1B1,CHISTA_COM,UP_LACHISTABINA_COMPRAS,Comercializadores mercado libre,COMCH,CHISC01,"0,1"
CHJALON,18WCHJALON-123-4,CHJALON,18WCHJALON-123-4,Fluyente,EGLE,HPEGLE,"0,5"
CHJERT,18W000000000G00I,CHJERT,CH JERTE,Fluyente,NEXU,HJERTE,"5,4"
CHLAISA,18W000000000Q9C1,CHLAISA,CH LA ISABELA,Fluyente,WMARK,HFWMARK,"1,8"
CHLLOR,18W000000000FZOH,CH LLORENS,CH LLORENS,Embalse,NEXU,HLLOREN,"10,0"
CHMERZA,18WCHMERZA-123-S,CHMERZA,18WCHMERZA-123-S,Fluyente,EGLE,HFOHIS,"2,9"
CHMOLI,18W000000000FZS9,CHMOLI,CH MOLINOS,Fluyente,NEXU,HMOLINO,"13,5"
CHMOLIN,18WCHMOLIN-123-R,CHMOLIN,CHMOLIN,Embalse,GNCO,HFGASN,"4,1"
CHN1,18WCHN1-12345-A0,CHANDREJ 1,CHANDREJA 1,Embalse,IBEG,SIL,"1,7"
CHN2,18WCHN2-12345-AR,CHANDREJ 2,CHANDREJA 2,Embalse,IBEG,SIL,"1,6"
CHOCB,18W000000000RWU3,CHOCB,CHOCB,Solar fotovoltaica,GNRA,FVGNRA,"1,7"
CHOLATE,18WCHOLATE-123-Z,CHOLATE,UF C.H. OLATE,Fluyente,GOIEN,HONATIK,"4,7"
CHORRAL,18WCHORRAL-12--B,CHORRAL,P.E. CHORREADEROS ALTOS,Eólica terrestre,IBGES,EHIBGES,"20,5"
CHORRBA,18WCHORRBA-123-V,CHORRBA,P.E. CHORREADEROS BAJOS,Eólica terrestre,IBGES,EHIBGES,"30,0"
CHOVA,18WCHOVA-12345-2,CHOVA,CHOVA,Gas natural cogeneración,DETIC,COGCHOV,"5,2"
CHPONTE,18WCHPONTE-123-P,CHPONTE,18WCHPONTE-123-P,Fluyente,EGLE,HENGAG,"3,2"
CHPORM,18W000000000G066,CHPORMA,CH PORMA,Embalse,NEXU,HPORMA,"18,5"
CHRAMAL,18WCHRAMAL-123-X,CHRAMAL,18WCHRAMAL-123-X,Fluyente,EGLE,HNORHI,"4,0"
CHRDEVA,18WCHRDEVA-123-L,CHRDEVA,18WCHRDEVA-123-L,Fluyente,EGLE,HSANMI,"4,9"
CHSARDO,18WCHSARDO-123-6,CHSARDO,CHSARDON,Fluyente,EGLE,HNORHI,"1,4"
CHTAMBR,18WCHTAMBR-123-Z,CHTAMBR,CHTAMBR,Fluyente,GNCO,HFGASN,"8,4"
CHTAMCA,18WCHTAMCA-123-Z,CHTAMCA,TAMBRE CABALAR,Fluyente,GNCO,HFGASN,"1,8"
CHTELD,18W000000000G147,CHTELD,CH TELDEHE,Fluyente,NEXU,HFNEXU,"2,2"
CHU1,18WCHU1-12345-AY,CHULILLA 1,CHULILLA 1,Fluyente,ASIE,ASIJUCA,"0,9"
CHU2,18WCHU2-12345-AO,CHULILLA 2,CHULILLA 2,Fluyente,ASIE,ASIJUCA,"0,9"
CHU3,18WCHU3-12345-AE,CHULILLA 3,CHULILLA 3,Fluyente,ASIE,ASIJUCA,"1,0"
CHUCENA,18W000000000UEV6,CHUCENA,UF SOLAR CHUCENA,Solar fotovoltaica,NEXU,FHUCENA,"29,6"
CHURC01,18W000000000NFKG,CHURC01,CHURC01,Consumos directos en mercado,CHURR,CHURC01,"5,5"
CHVADO,18WCHVADO-1234-E,CHVADO,CHVADO,Fluyente,STIN,CHVADOM,"2,7"
CHVICAR,18W000000000RPBP,CHVICAR,CH VICARIAS,Fluyente,EGLE,HBARLO,"1,4"
CHVN,18WCHVN-12345-AP,CHAVIN,CHAVIN,Fluyente,WMARK,CHVN,"0,2"
CHZAIDA,18WCHZAIDA-123-Y,CHZAIDA,UP CH ZAIDA,Fluyente,INTRA,HHTTRIN,"3,6"
CI60BU,18W000000000OTEJ,CI60BU,CI60BU,Comercializadores mercado libre,FORTI,FORTR01,"1,0"
CIEGE,18W000000000GBP9,CIEGE,CIEGE,Fluyente,GNRA,HPTMR,"3,4"
CIERFV2,18W000000000USV1,CIERFV2,PLANTA FOTOVOLTAICA CIERZO 2,Solar fotovoltaica,HC G,HCGFVSA,"37,7"
CIERVES,18WCIERVES-12-A7,CIERVES,18WCIERVES-12-A7,Fluyente,EGLE,HGIES,"3,7"
CIERZO,18W000000000FI21,CIERZO,EOLICA CIERZO,Eólica terrestre,NEXU,ECIRZOS,"15,0"
CIERZO1,18WCIERZO1-12-EZ,CIERZO1,CIERZO1,Eólica terrestre,IGNIS,ECIERZO,"29,6"
CIERZO2,18WCIERZO2-12-ES,CIERZO2,CIERZO2,Eólica terrestre,IGNIS,ECIERZO,"30,8"
CIERZO4,18W000000000USMJ,CIERZO4,PLANTA FOTOVOLTAICA CIERZO 4,Solar fotovoltaica,HC G,HCGFVSA,"42,0"
CIERZR2,18W000000000UP4R,UFREPOCIER,UF REPOTENCIACION CIERZO 2,Eólica terrestre,IGNIS,ECIERZO,"32,0"
CIJ1,18WCIJ1-12345-AW,CIJARA 1,CIJARA 1,Embalse,ENDG,GDNA,"16,9"
CIJ2,18WCIJ2-12345-AM,CIJARA 2,CIJARA 2,Embalse,ENDG,GDNA,"16,9"
CIJ3,18WCIJ3-12345-AC,CIJARA 3,CIJARA 3,Embalse,ENDG,GDNA,"17,1"
CIJ4,18WCIJ4-12345-A2,CIJARA 4,CIJARA 4,Embalse,ENDG,GDNA,"49,6"
CILCOR,18WCILCOR-123-DU,CILCOR,REPSOL  PETROLEO,Derivados del petróleo o carbón,REPP,CILCOR,"94,1"
CIM1,18WCIM1-12345--L,CIMANES,CIMANES,Embalse,GNFG,UFGC,"7,7"
CIMAC01,18W000000000H5KX,CIMA,CIMA ENERGIA,Comercializadores mercado libre,CIMA,CIMAC01,"0,1"
CINCA,18WCINCA-12345-6,CINCA,CINCA,Gas natural cogeneración,GNCO,TFGASN,"7,4"
CINCOVI,18W000000000TCYA,CINCOVI,CH CINCO VILLAS,Hidráulica - No UGH,EGLE,HVILLA,"4,6"
CINEC01,18W000000000V89R,CINEC01,CINETICA,Comercializadores mercado libre,CINET,CINEC01,"5,0"
CINSEIR,18WCINSEIR-12-EI,CINSEIR,P.E. CINSEIRO,Eólica terrestre,GNCO,EGASNE0,"12,0"
CIPRIAN,18WCIPRIAN-12-EP,CIPRIAN,CIPRIAN,Eólica terrestre,EGED,EGREEN,"17,8"
CIR1,18WCIR1-12345-AI,CIRAT 1,CIRAT 1,Fluyente,DUFER,HDXT01,"7,3"
CIR2,18WCIR2-12345-A8,CIRAT 2,CIRAT 2,Fluyente,DUFER,HDXT01,"7,3"
CIREF,18W000000000RPFH,CIREF,CIREF,Solar fotovoltaica,GNRA,FVGNRA,"3,5"
CISENER,18WCISENER-123-Z,CISENER,UF DE CISENER,Gas natural cogeneración,EGLE,TPAYCA,"7,5"
CIURE,18W000000000MH0H,CIURE,CIURE,Biogás,GNRA,RABANIL,"1,0"
CJAC,18WCJAC-12345-A9,CAST.JACA,CASTILLO DE JACA,Fluyente,ENDG,EBRACC1,"1,0"
CJON3X,18W000000000KYBQ,CCAA CTJ3,CCAA CASTEJON 3,Consumo de Servicios Auxiliares,NATGA,CJON3X,"1,5"
CLARES,18WCLARES-123-E8,CLARES,CLARES,Eólica terrestre,IBGES,EHIBGES,"32,0"
CLD1,18WCLD1-12345-AP,CALDES 1,CALDES 1,Embalse,ENDG,EBRFEN,"16,0"
CLD2,18WCLD2-12345-AF,CALDES 2,CALDES 2,Embalse,ENDG,EBRFEN,"16,0"
CLEAC01,18W000000000N0RA,CLEARVIEW,CLEARVIEW ENERGY,Comercializadores mercado libre,CLEAR,CLEAC01,"0,1"
CLIDC01,18W-CLIDC01-4--I,CLIDOMUP01,CLIDOMUP01,Comercializadores mercado libre,CLIDM,CLIDC01,"0,1"
CLIMAST,18W000000000GUG7,CLIMASTER,FV CLIMASTER,Solar fotovoltaica,DREUA,FDREU04,"3,4"
CLIMBER,18W000000000OGM5,CLIMBER,CLIMBER,Gas natural cogeneración,DETIC,COGCLIM,"1,0"
CLIPCX1,18W000000000OGCP,CLIPCX1,CLIPCX1,Porfolio,CLIDM,CLIPCX1,"9.999,0"
CLIPVX1,18W000000000OGBR,CLIPVX1,CLIPVX1,Porfolio,CLIDM,CLIPVX1,"9.999,0"
CLJ1,18WCLJ1-12345-AX,CSTILLEJ 1,EL CASTILLEJO 1,Fluyente,ASIE,ASITAJ,"1,1"
CLJ2,18WCLJ2-12345-AN,CSTILLEJ 2,EL CASTILLEJO 2,Fluyente,ASIE,ASITAJ,"1,1"
CLL1,18WCLL1-12345-AB,CNTLLANA 1,CANTILLLANA 1,Fluyente,ENDG,GDLQ,"3,1"
CLL2,18WCLL2-12345-A1,CNTLLANA 2,CANTILLANA 2,Fluyente,ENDG,GDLQ,"3,1"
CLM1,18WCLM1-12345-A0,COLMENAR 1,COLMENAR 1,Fluyente,IBEG,JUCA,"2,7"
CLM2,18WCLM2-12345-AR,COLMENAR 2,COLMENAR 2,Fluyente,IBEG,JUCA,"2,9"
CLMENTE,18W000000000SQG8,CLMENTE,UF SOLAR SAN CLEMENTE,Solar fotovoltaica,NEXU,FCLMNTE,"2,0"
CLUGAR,18W000000000T36J,CLUGAR,UF SOLAR CAMPO LUGAR,Solar fotovoltaica,NEXU,FCLUGAR,"1,9"
CM08TC,18W000000000OT9T,CM08TC,CM08TC,Comercializadores mercado libre,FORTI,FORTR01,"1,0"
CMENGI,18W00000000064UN,CMENGI,MENGIBAR,Gas natural cogeneración,WMARK,TSMURES,"24,7"
CMESA,18WCMESA-12345-8,CMESA,P.E. CABEZA DE MESA,Eólica terrestre,IGNIS,ESAV,"29,6"
CMG2,18W000000000KW0H,CMG2,COMPL MEDIOAMBIENTAL GIPUZKOA2,Biogás,AME,RGAME,"2,0"
CMILLAS,18WCMILLAS-12--8,CMILLAS,CMILLAS E HIJOS,Gas natural cogeneración,LMER,CMILLAS,"5,1"
CMOLINO,18W000000000PK4P,CMOLINO,UF SOLAR CAÑADA MOLINO,Solar fotovoltaica,NEXU,FMOLINO,"0,5"
CMONTOU,18WCMONTOU-123-8,PE MONTOUT,P.E. CORDAL DE MONTOUTO,Eólica terrestre,GNCO,EGASNE1,"14,0"
CMORENO,18WCMORENO-123-5,CMORENO,18WCMORENO-123-5,Eólica terrestre,EBLCO,ECMOREN,"6,0"
CMOTRIL,18WCMOTRIL-12-DO,CMOTRIL,CMOTRIL,Gas natural cogeneración,NEXU,TTFMOTR,"48,8"
CMR1,18WCMR1-12345-A7,CAMARASA 1,CAMARASA 1,Embalse,ENDG,EBRFEN,"14,7"
CMR2,18WCMR2-12345-AY,CAMARASA 2,CAMARASA 2,Embalse,ENDG,EBRFEN,"14,5"
CMR3,18WCMR3-12345-AO,CAMARASA 3,CAMARASA 3,Embalse,ENDG,EBRFEN,"14,3"
CMR4,18WCMR4-12345-AE,CAMARASA 4,CAMARASA 4,Embalse,ENDG,EBRFEN,"14,7"
CMTA1,18W000000000MYFA,COMETA1,COMETA1,Eólica terrestre,REPSB,ECMTA,"15,2"
CMTA2,18W000000000N8VF,COMETA2,COMETA2,Eólica terrestre,REPSB,ECMTA,"44,8"
CND1,18WCND1-12345-A1,CERNADO,CERNADO,Fluyente,IBEG,SIL,"2,1"
CNEGRID,18WCNEGRID-123-S,CNEGRID,PE I+D CABEZO NEGRO,Eólica terrestre,WMARK,EFWMARK,"4,5"
CNEVERA,18WCNEVERA-123-I,CNEVERA,PARQUE EÓLICO CERRO DE LA NEVE,Eólica terrestre,EGED,EMEDI1,"31,5"
CNL1,18WCNL1-12345-AO,CANELLES 1,CANELLES 1,Embalse,ENDG,EBRFEN,"35,4"
CNL2,18WCNL2-12345-AE,CANELLES 2,CANELLES 2,Embalse,ENDG,EBRFEN,"35,4"
CNL3,18WCNL3-12345-A4,CANELLES 3,CANELLES 3,Embalse,ENDG,EBRFEN,"35,4"
CNM1,18WCNM1-12345-AD,CONTRER 3,CONTRERAS-MIRASOL 1,Fluyente,IBEG,JUCA,"0,4"
CNM2,18WCNM2-12345-A3,CONTRER 4,CONTRERAS-MIRASOL 2,Fluyente,IBEG,JUCA,"0,5"
CNOVE,18W000000000TGZX,CNOVE,CNOVE,Solar fotovoltaica,GNRA,UPCENS,"4,9"
CNR1,18W000000000SEUG,CNR1,CNR1,Eólica terrestre,REPSB,ECNRG,"29,9"
CNR2,18W000000000SEVE,CNR2,CNR2,Eólica terrestre,REPSB,ECNR,"49,5"
CNT1,18WCNT1-12345-AA,CONTRER 1,CONTRERAS II 1,Embalse,IBEG,JUCA,"13,9"
CNT2,18WCNT2-12345-A0,CONTRER 2,CONTRERAS II 2,Embalse,IBEG,JUCA,"36,9"
CNTLC01,18W-CNTLC01-6--S,CNTLC01,CNTL UP,Comercializadores mercado libre,CENTS,CNTLC01,"5,0"
CO14NI,18W000000000OSXL,CO14NI,CO14NI,Comercializadores mercado libre,FORTI,FORTR01,"1,0"
CO21,18WCO21-12345--L,CORTES 1,CORTES II-1,Embalse,IBEG,JUCA,"141,9"
CO22,18WCO22-12345-AQ,CORTES 2,CORTES II-2,Embalse,IBEG,JUCA,"148,0"
CO28TO,18W000000000OSYJ,CO28TO,CO28TO,Comercializadores mercado libre,FORTI,FORTR01,"1,0"
COALC01,18W-COALC01-8--E,COALG01 CO,COMERCIALIZADORA SUMINISTRO ES,Comercializadores mercado libre,COALG,COALC01,"10,5"
COBANE,18WCOBANE-1234-T,COBANE,COBANE A.I.E.,Gas natural cogeneración,IBGES,TFIBGES,"6,5"
CODES01,18WCODES01-123-7,CODES01,P.E. CODESAS,Eólica terrestre,GNCO,EGASNE1,"17,0"
CODES02,18WCODES02-123-0,CODES02,CODES02,Eólica terrestre,GNCO,EGASNE1,"21,2"
CODOC01,18W0000000006Q2D,CODOC01,CODOC01,Comercializadores mercado libre,CODOR,CODOC01,"1,0"
COELC01,18W-COELC01-4--R,GUADASSAUR,GUADASSAUR,Comercializadores mercado libre,COELD,COELC01,"6,7"
COF1,18WCOF1-12345-B2,COFRENTES,COFRENTES C.N.,Nuclear,IGNU,COF1,"1.063,9"
COFERRE,18W000000000S67C,COFERRE,COG FERRE,Gas natural cogeneración,EGLE,TFERRE,"1,9"
COFRENT,18W000000000HJF1,COFRENT,18W000000000HJF1,Eólica terrestre,IGNIS,ECOFREN,"49,7"
COG75RQ,18WCOG75RQ-12-DT,COG75RQ,COGENERACION REPSOL Q.,Gas natural cogeneración,REPSB,COG75RQ,"75,7"
COGAJ,18W000000000NMOO,COGAJ,COGAJ,Gas natural cogeneración,GNRA,COGAJ,"2,0"
COGBERN,18W000000000OK8L,COGBERN,COGBERN,Gas natural cogeneración,DETIC,COGBERN,"0,9"
COGBIO2,18WCOGBIO2-123-6,COGBIO2,18WCOGBIO2-123-6,Biogás,EGLE,RCOGBIO,"7,5"
COGDERC,18W000000000OK7N,COGDERC,COGDERC,Gas natural cogeneración,DETIC,COGDERC,"0,4"
COGEC01,18W-COGEC01-7--L,COGEC01 CO,"ENERGY BY COGEN, S.L.U. COMPRA",Comercializadores mercado libre,COGEN,COGEC01,"1,0"
COGEN2,18WCOGEN2-1234-U,COGEN2,COGEN2,Gas natural cogeneración,EGLE,TPCOGE,"31,3"
COGENGA,18W00000000078W3,COGENGA,18W00000000078W3,Gas natural cogeneración,EGLE,TTECGA,"7,3"
COGFUST,18W000000000OJMX,COGFUST,COGFUST,Gas natural cogeneración,DETIC,COGFUST,"1,2"
COGFUT,18W000000000CZI4,UF_ROMA,UF_ROMA ENERGIA,Gas natural cogeneración,FUTGR,UP_COGF,"0,4"
COGGAIK,18W000000000OKF7,RYDETIC,RYDETIC,Biomasa,DETIC,COGGAIK,"0,1"
COGINC2,18W000000000OKE9,INCUSA2,INCUSA2,Gas natural cogeneración,DETIC,COGINC2,"0,9"
COGLOSR,18W000000000OK9J,COGLOSR,COGLOSR,Gas natural cogeneración,DETIC,COGLOSR,"0,5"
COGMARQ,18W000000000OJNV,TYDETIC,TYDETIC,Gas natural cogeneración,DETIC,COGMARQ,"0,7"
COGMIMS,18W000000000OKAH,COGMIMS,COGMIMS,Gas natural cogeneración,DETIC,COGMIMS,"0,5"
COGNAV,18WCOGNAV-123-DY,COGNAV,COGENERACIÀN DE NAVIA,Derivados del petróleo o carbón,EGLE,TCOGNA,"24,0"
COGOBLA,18W000000000OKDB,COGOBLA,COGOBLA,Gas natural cogeneración,DETIC,COGOBLA,"0,4"
COGOLL2,18WCOGOLL2-123-L,COGOLL2,P.E. COGOLLOS 2,Eólica terrestre,ECYR,EEGPES,"50,0"
COGOPEL,18WCOGOPEL-123-J,COGOPEL,COGOPEL,Gas natural cogeneración,EGLE,TGEMOT,"13,3"
COGPACH,18W000000000OKBF,COGPACH,COGPACH,Gas natural cogeneración,DETIC,COGPACH,"0,5"
COGPER,18W000000000JLYN,COGPER,COGPER,Gas natural cogeneración,DETIC,TPERSAN,"6,8"
COGSAB,18W000000000V395,COGSAB,COGSAB,Comercializadores mercado libre,ENDCO,ENDER01,"1,0"
COGUTZ2,18W000000000OJK0,COGUTZ2,COGUTZ2,Gas natural cogeneración,DETIC,COGUTZ2,"0,9"
COL4,18WCOL4-12345-CF,COLON 4,C.COLON (G.4),Ciclo combinado,ENDG,COL4,"390,9"
COLASEM,18WCOLASEM-123-X,RE-004257,COLASEM AIE,Gas natural cogeneración,NEXU,TCOLSEM,"5,0"
COLIV,18WCOLIV-12345-3,COLIV,P.E. CERRO DE LA OLIVA,Eólica terrestre,EBLCO,ECOLIVA,"9,0"
COLIX1,18W000000000TTMK,COLIX1,COLIX1,Solar fotovoltaica,GNRA,UPSON3,"1,2"
COLIX2,18W000000000TTNI,COLIX2,COLIX2,Solar fotovoltaica,GNRA,UPSON3,"1,2"
COLLAD,18WCOLLAD-1234-8,COLLADILLO,PE COLLADILLO,Eólica terrestre,IGNIS,ESAV,"30,6"
COLLAD2,18W000000000QO81,COLLAD2,LA COLLADA FASE II,Eólica terrestre,WMARK,EFWMARK,"7,5"
COLLADA,18WCOLLADA-123-T,COLLADA,LA COLLADA,Eólica terrestre,WMARK,EFWMARK,"3,0"
COLLADO,18WCOLLADO-123-5,COLLADO,P. E. LOS COLLADOS,Eólica terrestre,IBGES,EHIBGES,"11,2"
COLON,18W000000000SRQM,COLON,COLON,Solar fotovoltaica,CEG,FCOLON,"15,9"
COLORO,18W000000000S2BG,COLORO,COLORO,Comercializadores mercado libre,ENDCO,ENDER01,"1,0"
COLVB,18W000000000UCPO,COLVB,COLVB,Solar fotovoltaica,GNRA,UPCOLI,"20,4"
COMES,18WCOMES-1234-EA,COMES,18WCOMES-1234-EA,Eólica terrestre,EGLE,ECOMES,"3,0"
COMF01,18W000000000QOBW,COMF01,COMF01,Comercializadores mercado libre,ENDCO,ENDER01,"1,0"
COMFC2,18W000000000S2CE,COMFC2,COMFC2,Comercializadores mercado libre,ENDCO,ENDER01,"1,0"
COMFC7,18W000000000S2DC,COMFC7,COMFC7,Comercializadores mercado libre,ENDCO,ENDER01,"1,0"
COMGC01,18W000000000V8TO,COMGC01,COMGC01,Comercializadores mercado libre,COMEG,COMGC01,"0,1"
COMPC01,18W000000000TMVN,COMPC01,COMPC01,Comercializadores mercado libre,COMPA,COMPC01,"5,0"
COMTC01,18W000000000SS8I,COMTC01,COMTC01,Comercializadores mercado libre,COMEE,COMTC01,"1,0"
CON1,18WCON1-12345-AR,CONSO 1G,CONSO GR.1 GENERAC,Embalse,IBEG,SIL,"89,3"
CON1B,18WCON1B-12345-Z,CONSO 1B,CONSO GR.1 BOMBEO,Consumo bombeo,IBEG,SILB,"72,0"
CON2,18WCON2-12345-AH,CONSO 2G,CONSO GR.2 GENERAC.,Embalse,IBEG,SIL,"90,5"
CON2B,18WCON2B-12345-P,CONSO 2B,CONSO GR.2 BOMBEO,Consumo bombeo,IBEG,SILB,"72,0"
CON3,18WCON3-12345-A7,CONSO 3G,CONSO GR.3 GENERAC.,Embalse,IBEG,SIL,"88,0"
CON3B,18WCON3B-12345-F,CONSO 3B,CONSO GR.3 BOMBEO,Consumo bombeo,IBEG,SILB,"72,0"
CONDADO,18W000000000SO41,CONDADO,UF SOLAR CONDADO,Solar fotovoltaica,NEXU,FPLMCND,"5,0"
CONDCLO,18W000000000VGZP,CONDCLO,UF SOLAR CONDECILLO,Solar fotovoltaica,NEXU,FCNDCLL,"1,0"
CONEC01,18W-CONEC01-9--H,COMPRA,COMPRA,Comercializadores mercado libre,CONEC,CONEC01,"0,1"
CONEFV0,18W000000000NCML,C2FV,EXCEDENTES FV,Solar fotovoltaica,CONEC,CONEFV0,"1,0"
CONESA2,18WCONESA2-123-W,CONESA,PE CONESA II,Eólica terrestre,IBGES,EHIBGES,"32,0"
CONESAI,18WCONESAI-123-V,CONESAI,P.E. CONESA I,Eólica terrestre,WMARK,EFWMARK,"30,0"
CONFI,18WCONFI-12345-H,CONFI,CONFI,Gas natural cogeneración,NEXU,TTFCONF,"11,9"
CONSELL,18W000000000T2F4,FV CONSELL,FV CONSELL,Solar fotovoltaica,DREUA,FDREU15,"0,9"
CONSET,18W000000000S2EA,CONSET,CONSET,Comercializadores mercado libre,ENDCO,ENDER01,"1,0"
CONST18,18W000000000UVP4,FV CONSTAN,FV CONSTANTI 18,Solar fotovoltaica,WMARK,FCONS18,"5,0"
CONSTAN,18W000000000R5JW,CONSTAN,PS CONSTANTI 42,Solar fotovoltaica,WMARK,FCONSTA,"14,2"
CONTC01,18W000000000JZVO,CONTALLUM,CONTALLUM,Comercializadores mercado libre,CONTA,CONTC01,"1,0"
CONUEVO,18WCONUEVO-12-ES,CONUEVO,PE CORRAL NUEVO,Eólica terrestre,WMARK,UPWM273,"5,2"
CONVA,18W0000000000UB7,CONVA,CONVA,Gas natural cogeneración,IGNIS,UPCONVA,"5,1"
COOSUR,18WCOOSUR-1234-K,COOSUR,ACEITES COOSUR,Derivados del petróleo o carbón,DETIC,TCOOSUR,"21,0"
COPIC01,18W000000000MDB7,URANO V,URANOSCOPIDAE ENERGIA V SL,Comercializadores mercado libre,URANA,COPIC01,"1,0"
COPLA,18WCOPLA-1234-DY,COPLA,COPLA,Gas natural cogeneración,EGLE,TPAPRI,"4,7"
COPLA1,18W000000000NWRP,COPLA1,18W000000000NWRP,Gas natural cogeneración,EGLE,TPAPRI1,"6,4"
COR1,18WCOR1-12345-AK,CORCHADO 1,EL CORCHADO 1,Fluyente,ENDG,GDLQ,"1,2"
COR2,18WCOR2-12345-AA,CORCHADO 2,EL CORCHADO 2,Fluyente,ENDG,GDLQ,"5,1"
COR3,18WCOR3-12345-A0,CORCHADO 3,EL CORCHADO 3,Fluyente,ENDG,GDLQ,"5,1"
CORCO,18WCORCO-12345-N,CORCO,DESIMPACTE DE PURINS CORCO,Gas natural cogeneración,COGEN,TIGCOR,"14,6"
CORDELV,18W000000000K47D,CORDELV,CORDEL Y VIDURAL,Eólica terrestre,IBGES,EHIBGES,"36,7"
CORDIN,18W000000000RJZW,CHCORDIN,CHCORDIN,Fluyente,INTRA,HDALT01,"9,8"
CORELLA,18W000000000INFM,CORELLA,CORELLA,Solar fotovoltaica,GESTE,FCORELA,"7,3"
CORESES,18W000000000MZTG,C,UF SOLAR CORESES,Solar fotovoltaica,NEXU,FCORESE,"2,9"
COREYSA,18WCOREYSA-123-U,COREYSA,18WCOREYSA-123-U,Gas natural cogeneración,EGLE,TCOREY,"3,8"
CORIA,18W000000000OA1S,CORIA,UF SOLR CORIA,Solar fotovoltaica,NEXU,FCORIA,"1,5"
CORISCA,18WCORISCA-12-E6,CORISCA,P.E. DE CORISCADA,Eólica terrestre,ECYR,EREGPEM,"24,0"
CORME3,18WCORME3-123-EZ,CORME3,P.E. CORME3,Eólica terrestre,HC G,HCGSCSA,"18,3"
CORONA,18W000000000TJNB,CORONA,CORONA,Solar fotovoltaica,CEG,FCORONA,"40,0"
CORPC01,18W-CORPC01-2--H,CORPOLUX,CORPOLUX,Comercializadores mercado libre,CORPO,CORPC01,"0,5"
CORTADO,18WCORTADO-123-7,CORTADO,18WCORTADO-123-7,Eólica terrestre,ECYR,EREGPEM,"13,5"
CORTES,18WCORTES-1234-2,CORTES,18WCORTES-1234-2,Biogás,EGLE,RCESRE,"1,3"
CORVERA,18W000000000RA1G,CORVERA,UF SOLAR CORVERA,Solar fotovoltaica,NEXU,FCORVER,"3,0"
CORZAN,18WCORZAN-123-E3,CORZAN,P. E. CORZAN,Eólica terrestre,ECYR,EEGPEM,"43,2"
COSCOJA,18WCOSCOJA-12-EZ,COSCOJA,COSCOJA,Híbrida Renovable,NEXU,EHIBCOS,"22,2"
COSEMA1,18WCOSEMA1-123-1,COALSEMA,COALSEMA,Gas natural cogeneración,EGLE,TCOALSA,"7,2"
COSENT,18W000000000NX9L,COSENT,COSENT,Solar fotovoltaica,HISPE,FCOSENT,"19,8"
COSJAR2,18W000000000MHJG,COSJAR2,COSJAR2,Eólica terrestre,NEXU,ECOSJAR,"49,7"
COSSI,18W000000000O79L,COSSI,COSSI,Solar fotovoltaica,GNRA,FVGNRA,"1,1"
COTALSA,18WCOTALSA-12-D1,COTALSA,COGETALSA,Gas natural cogeneración,CEG,TUTISA,"10,0"
COTASA,18WCOTASA-123-DR,COTASA,COG. TIERRA ATOMIZADA,Gas natural cogeneración,EGLE,TATOM,"14,0"
COTERA,18WCOTERA-1234-9,COTERA,P. E. LA COTERA,Eólica terrestre,IBGES,EHIBGES,"18,0"
COTEREJ,18WCOTEREJ-123-9,COTEREJ,COTEREJ,Eólica terrestre,IBGES,EHIBGES,"6,0"
COTILLA,18W000000000RD41,COTILLA,LAS TORRES DE COTILLAS II,Solar fotovoltaica,WMARK,FVCOTI2,"5,3"
COTORRA,18WCOTORRA-123-G,COTORRA,P. E. COTORRA,Eólica terrestre,MIRAS,EMIRASI,"1,5"
COUTO,18WCOUTO-12345-5,COUTO,PE COUTO DE SAN SEBASTIAN,Eólica terrestre,ECYR,EEGPEM,"18,0"
COVAPED,18WCOVAPED-123-D,COVAPED,18WCOVAPED-123-D,"Híb. Renov., Term. No Renov",EGLE,TCOVAP,"9,0"
COVAT1,18W000000000SJMH,COVAT1,COVAT1,Solar fotovoltaica,GNRA,UPCOV1,"41,7"
COVAT5,18W000000000SIZV,COVAT5,COVAT5,Solar fotovoltaica,GNRA,UPCOV5,"41,7"
COVAT6,18W000000000SIXZ,COVAT6,COVAT6,Solar fotovoltaica,GNRA,UPCOV6,"41,7"
COVILL,18WCOVISA-1234-C,COVILL,COGENERACION VILLARICOS,Derivados del petróleo o carbón,EGLE,TPCOVI,"22,3"
COVISLA,18WCOVISLANSL012,COVISLA,COVISLAN,Derivados del petróleo o carbón,PLACG,TPLACG,"8,3"
CP31AL,18W000000000OTFH,CP31AL,CP31AL,Comercializadores mercado libre,FORTI,FORTR01,"1,0"
CP31AT,18W000000000OTGF,CP31AT,CP31AT,Comercializadores mercado libre,FORTI,FORTR01,"1,0"
CP31HO,18W000000000OTHD,CP31HO,CP31HO,Comercializadores mercado libre,FORTI,FORTR01,"1,0"
CP31OL,18W000000000OTIB,CP31OL,CP31OL,Comercializadores mercado libre,FORTI,FORTR01,"1,0"
CP39MA,18W000000000OTJ9,CP39MA,CP39MA,Comercializadores mercado libre,FORTI,FORTR01,"1,0"
CP58MO,18W000000000OTK7,CP58MO,CP58MO,Comercializadores mercado libre,FORTI,FORTR01,"1,0"
CPALO,18WCPALO-1234-EM,CPALO,P.E. CERRO DEL PALO,Eólica terrestre,IBGES,EHIBGES,"49,5"
CPANISS,18WCPANISS-123-M,CPANISS,COLL DE PANISSOT,Eólica terrestre,WMARK,EFWMARK,"9,0"
CPD0,18WCPD0-12345-AO,CAPDELLA 0,CAPDELLA (AUX),Embalse,ENDG,EBRFEN,"6,2"
CPD1,18WCPD1-12345-AE,CAPDELLA 1,CAPDELLA 1,Embalse,ENDG,EBRFEN,"6,2"
CPD2,18WCPD2-12345-A4,CAPDELLA 2,CAPDELLA 2,Embalse,ENDG,EBRFEN,"6,2"
CPD3,18WCPD3-12345-AV,CAPDELLA 3,CAPDELLA 3,Embalse,ENDG,EBRFEN,"6,2"
CPD4,18WCPD4-12345-AL,CAPDELLA 4,CAPDELLA 4,Embalse,ENDG,EBRFEN,"6,2"
CPELAOS,18WCPELAOS-123-S,CPELAOS,18WCPELAOS-123-S,Eólica terrestre,EGLE,EUEUZA,"3,0"
CPELEAS,18W000000000RXQ8,CPELEAS,UF SOLAR PELEAS 14,Solar fotovoltaica,NEXU,FPELEAS,"5,0"
CPGLASS,18WCPGLASS-12-DW,CPGLASS,18WCPGLASS-12-DW,Gas natural cogeneración,EGLE,TTOVAG,"9,7"
CPRROSO,18WCPRROSO-12-EA,CPRROSO,CPRROSO,Eólica terrestre,CEG,EECAP,"30,5"
CPUNTA,18WCPUNTA-123-EB,CPUNTA,P.E. CERRO DE LA PUNTA,Eólica terrestre,IBGES,EHIBGES,"24,4"
CRCEC01,18W000000000HUJY,CRCEC01,CRCEC01,Consumos directos en mercado,CRCES,CRCEC01,"2,7"
CREEC01,18W000000000N21J,CREAE,CREAENERGIA ECO SLU,Comercializadores mercado libre,CREAE,CREEC01,"1,0"
CREOC01,18W000000000LJ1D,CRECE PEN,CRECE SOLUCIONES P,Comercializadores mercado libre,CRESO,CREOC01,"1,0"
CREPSOL,18WCREPSOL-12-DK,CREPSOL,COGENERACIÓN REPSOL,Gas natural cogeneración,REPP,TREPP,"40,8"
CREVOL,18WCREVOL-123-E3,CREVOL,P.E. CERRO REVOLCADO,Eólica terrestre,IBGES,EHIBGES,"26,3"
CRGYC01,18W000000000UFLN,CARTO C,CARTO ENERGY SL COMPRA,Comercializadores mercado libre,CARGY,CRGYC01,"0,1"
CRIIX,18W000000000TTOG,CRIIX,CRIIX,Solar fotovoltaica,GNRA,UPSON1,"3,3"
CRMON1,18W000000000UFV3,CRMON1,UF SOLAR CARMONA 1,Solar fotovoltaica,NEXU,FCRMON1,"36,6"
CRMON2,18W000000000UFW1,CRMON2,UF SOLAR CARMONA 2,Solar fotovoltaica,NEXU,FCRMON2,"36,6"
CRMON3,18W000000000UFYY,CRMON3,UF SOLAR CARMONA 3,Solar fotovoltaica,NEXU,FCRMON3,"36,6"
CRMONA1,18W000000000SEZ6,CRMONA1,UF SOLAR CARMONA 1,Solar fotovoltaica,NEXU,FCMONA1,"5,0"
CROA1,18W000000000LA05,CR1,CROAS1,Eólica terrestre,NEXU,EACROA1,"7,3"
CROA2,18W000000000LA21,CR2,CROAS2,Eólica terrestre,NEXU,EACROA2,"10,3"
CRONSLR,18W000000000MP1S,CRNSL,CRONOSOLAR,Solar fotovoltaica,GESTE,FCRONOS,"3,3"
CRRASCA,18W000000000U1AD,CRRASCA,UF SOLAR CARRASCA 1,Solar fotovoltaica,NEXU,FCRASCA,"1,1"
CRT1,18WCRT1-12345--L,CORTIJO 1,EL CORTIJO I Y II 1,Fluyente,IBEG,EBRA,"2,0"
CRT2,18WCRT2-12345-AQ,CORTIJO 2,EL CORTIJO I Y II 2,Fluyente,IBEG,EBRA,"1,9"
CRT3,18WCRT3-12345-AG,CORTIJO 3,EL CORTIJO I Y II 3,Fluyente,IBEG,EBRA,"3,8"
CRTA,18W000000000SEF9,CRTA,CRTA,Solar fotovoltaica,REPSB,FCERRAT,"41,0"
CRTM,18W000000000SEEB,CRTM,CRTM,Solar fotovoltaica,REPSB,FCERRAT,"41,0"
CRTOBAL,18W000000000SQ8O,CRTOBAL,UF SOLAR SAN CRISTOBAL,Solar fotovoltaica,NEXU,FCRTBAL,"1,7"
CRUAN,18W000000000JJHQ,CRUAN,CRUAN,Solar fotovoltaica,GNRA,FVGNRA,"1,1"
CRUAS,18W000000000JPUJ,CRUAS,CRUAS,Solar fotovoltaica,GNRA,FVGNRA,"1,6"
CRUZ,18W000000000SIB5,CRUZ,CRUZ,Solar fotovoltaica,CEG,FCRUZ,"5,0"
CRUZ1,18WCRUZ1-1234-EU,CRUZ1,P.E. CRUZ I,Eólica terrestre,IBGES,EHIBGES,"39,9"
CRUZ2,18WCRUZ2-1234-EL,CRUZ2,P.E. CRUZ II,Eólica terrestre,IBGES,EHIBGES,"26,3"
CRUZCAR,18WCRUZCAR-123-B,CRUZCAR,P.E.CRUZ DE CARRETERO FASE I,Eólica terrestre,IBGES,EHIBGES,"40,0"
CRVERA,18W000000000UYL3,CRVERA,UF SOLAR CORVERA,Solar fotovoltaica,NEXU,FCORVRA,"28,7"
CSABLCA,18W000000000N7CJ,CSBNA,CSABLANCA,Solar fotovoltaica,GESTE,FBLANCA,"2,1"
CSCFIN,18W000000000MA9K,CSCFIN,CSCFIN,Solar fotovoltaica,GNRA,FVGNRA,"1,4"
CSD1,18WCSD1-12345-AF,CASEDA 1,CASEDA 1,Fluyente,BARER,BEREBRO,"0,2"
CSD2,18WCSD2-12345-A5,CASEDA 2,CASEDA 2,Fluyente,BARER,BEREBRO,"0,2"
CSFMUDE,18W000000000T47E,CSF MUDEJA,CSF MUDEJAR 1,Solar fotovoltaica,WMARK,MUDEJAR,"40,0"
CSID,18W000000000M87U,CERROSID,CERRO SIDRICO,Eólica terrestre,WMARK,EFWMARK,"1,5"
CSL1,18WCSL1-12345-A1,CSTELLAR 1,EL CASTELLAR 1,Fluyente,SJUCA,UPSJUCA,"0,2"
CSL2,18WCSL2-12345-AS,CSTELLAR 2,EL CASTELLAR 2,Fluyente,SJUCA,UPSJUCA,"0,3"
CSMONTE,18WCSMONTE-123-0,CSMONTE,CASAS DEL MONTE,Fluyente,WMARK,HFWMARK,"1,7"
CSONDAA,18W000000000SV89,CSONDAA,UF SOLAR CUBIERTA ONDA A,Solar fotovoltaica,NEXU,FSONDAA,"1,1"
CTALINA,18W000000000RWGV,CTALINA,UF SOLAR SANTA CATALINA,Solar fotovoltaica,NEXU,FCTLINA,"30,0"
CTDAL,18W000000000PJZ3,CANTADAL,CANTADAL,Eólica terrestre,REPSB,EPI,"9,8"
CTDFW,18W000000000TVT0,CTDFW,CTDFW,Solar fotovoltaica,GNRA,UPSON3,"1,4"
CTEVB,18W000000000QJSD,CTEVB,CTEVB,Solar fotovoltaica,GNRA,UPCTE,"1,0"
CTFRIO,18WCTFRIO-123-E1,CTFRIO,P.E. CASTILFRIO,Eólica terrestre,ECYR,EREGPE1,"24,7"
CTGN1,18WCTGN1-1234-CP,CARTAGENA1,CARTAGENA1,Ciclo combinado,GNCC,CTGN1,"418,2"
CTGN2,18WCTGN2-1234-CG,CARTAGENA2,CARTAGENA2,Ciclo combinado,GNCC,CTGN2,"417,8"
CTGN3,18WCTGN3-1234-C7,CARTAGENA3,CARTAGENA3,Ciclo combinado,GNCC,CTGN3,"412,7"
CTJ1,18WCTJ1-12345-AB,CASTREJ 1 ,CASTREJON 1,Embalse,GNFG,UFTA,"20,1"
CTJ2,18WCTJ2-12345-A1,CASTREJ 2,CASTREJON 2,Embalse,GNFG,UFTA,"20,7"
CTJ3,18WCTJ3-12345-AS,CASTREJ 3,CASTREJON 3,Embalse,GNFG,UFTA,"20,3"
CTJ4,18WCTJ4-12345-AI,CASTREJ 4,CASTREJON 4,Embalse,GNFG,UFTA,"19,5"
CTJGS,18W000000000V53B,CTJGS,CTJGS,Solar fotovoltaica,GNRA,UPCARTU,"40,0"
CTJON1,18WCTJON1-123-CJ,CASTEJON 1,CASTEJON  (G.1),Ciclo combinado,NATGA,CTJON1,"424,9"
CTJON1X,18W000000000KYAS,CCAA CTJ1,CCAA CASTEJON 1,Consumo de Servicios Auxiliares,NATGA,CTJON1X,"2,0"
CTJON2,18WCTJON2-123-CB,CASTEJON 2,CASTEJON  (G.2),Ciclo combinado,IBGT,CTJON2,"378,9"
CTJON3,18WCTJON3-1234-E,CTJON3,CC CASTEJON GRUPO 2,Ciclo combinado,NATGA,CTJON3,"418,4"
CTL1,18WCTL1-12345-AQ,CASTRELO 1,CASTRELO 1,Embalse,GNFG,UFMI,"67,5"
CTL2,18WCTL2-12345-AG,CASTRELO 2,CASTRELO 2,Embalse,GNFG,UFMI,"68,0"
CTN3TG1,18WCTN3TG1-12-CI,CTN3TG1,CASTELLON 3 TG1,Ciclo combinado,IBGT,CTN3,"249,2"
CTN3TG2,18WCTN3TG2-12-CB,CTN3TG2,CASTELLON 3 TG2,Ciclo combinado,IBGT,CTN3,"249,7"
CTN3TV,18WCTN3TV-123-C2,CTN3TV,CASTELLON 3 TV,Vapor,IBGT,CTN3,"283,1"
CTN4TG1,18WCTN4TG1-123-M,CTN4TG1,CC CASTELLON GRUPO 4 T.GAS 1,Ciclo combinado,IBGT,CTN4,"265,2"
CTN4TG2,18WCTN4TG2-123-F,CTN4TG2,CC CASTELLON GRUPO 4 T.GAS 2,Ciclo combinado,IBGT,CTN4,"268,9"
CTN4TV,18WCTN4TV-1234-3,CTN4TV,CC CASTELLON GRUPO 4 T.VAPOR,Vapor,IBGT,CTN4,"305,2"
CTNUTG1,18WCTNUTG1-12-C7,CTNUTG1,CTNUTG1,Ciclo combinado,CTNU,CTNU,"263,0"
CTNUTG2,18WCTNUTG2-12-C0,CTNUTG2,CTNUTG2,Ciclo combinado,CTNU,CTNU,"263,0"
CTNUTV,18WCTNUTV-123-CS,CTNUTV,CTNUTV,Vapor,CTNU,CTNU,"264,6"
CTNUX,18W-CTNUX-646--L,CTNUX,CTNUX,Consumo de Servicios Auxiliares,CTNU,CTNUX,"10,0"
CTO1,18WCTO1-12345-AU,COMPUERT 1,COMPUERTO 1,Embalse,IBEG,DUER,"9,8"
CTO2,18WCTO2-12345-AK,COMPUERT 2,COMPUERTO 2,Embalse,IBEG,DUER,"9,8"
CTR1,18WCTR1-12345-AY,CORNATEL 1,CORNATEL 1,Embalse,ENDG,SBEU,"65,2"
CTR2,18WCTR2-12345-AO,CORNATEL 2,CORNATEL 2,Embalse,ENDG,SBEU,"65,4"
CTUDELA,18WCTUDELA-123-Z,CTUDELA,UF CIUDAD AGROALIMENTARIA,Gas natural cogeneración,GNRA,TTUDELA,"9,9"
CTUNIII,18W000000000TAJ9,CTUNIII,TUÑO III,Hidráulica - No UGH,EGLE,HAPHIG,"2,2"
CTUNOII,18W000000000TAIB,CTUNOII,UFI TUÑO II,Hidráulica - No UGH,EGLE,HAPHIG,"2,7"
CUADRO,18WCUADRO-1234-7,CUADRO,P.E. EL CUADRON,Eólica terrestre,EGED,EGREEN1,"22,0"
CUARTI,18W000000000OM8F,CUARTILLEJ,CUARTILLEJO LUNA ENERGY POWER,Solar fotovoltaica,CEG,FCUARTI,"4,6"
CUBI,18W000000000SJU1,CUBI,CUBI,Solar fotovoltaica,CEG,FCUBI,"26,0"
CUBILLO,18W000000000H3K2,CUBILLOS,UF BIOMASA CUBILLOS,Biomasa,NEXU,RCUBILL,"49,5"
CUBLA,18W000000000JGHZ,CUBLA,UF SOLAR CUBLA,Solar fotovoltaica,NEXU,FCUBLA,"3,6"
CUBON,18W000000000GOYQ,CUBON,CUBON,Solar fotovoltaica,GNRA,UPBON4,"39,6"
CUCAYO,18WCUCAYO-1234-Q,CUCAYO,18WCUCAYO-1234-Q,Fluyente,EGLE,HPDRSA,"4,9"
CUDS1,18W000000000QYB2,CUDS1,CUDS1,Solar fotovoltaica,GNRA,FVGNRA,"2,5"
CUDS2,18W000000000QYC0,CUDS2,CUDS2,Solar fotovoltaica,GNRA,FVGNRA,"1,1"
CUE1,18WCUE1-12345-AH,C.POZO 1,CUERDA DEL POZO 1,Fluyente,ASIE,ASIDUE,"2,0"
CUE2,18WCUE2-12345-A7,C.POZO 2,CUERDA DEL POZO 2,Fluyente,ASIE,ASIDUE,"2,0"
CUERDA,18WCUERDA-123-E9,CUERDA,P.E. LA CUERDA,Eólica terrestre,IBGES,EHIBGES,"31,0"
CUESTA,18WCUESTA-123-E3,CUESTA,18WCUESTA-123-E3,Eólica terrestre,HC G,HCGSCSA,"7,9"
CUETC,18W000000000SIOG,CUETC,CUETC,Solar fotovoltaica,GNRA,UPCUE,"10,0"
CUEZA,18WCUEZA-12345-R,CUEZA,CUEZA,Eólica terrestre,IBGES,EHIBGES,"8,0"
CULIX,18W000000000TV5B,CULIX,CULIX,Solar fotovoltaica,GNRA,FVGNRA,"2,4"
CUNCC01,18W0000000000IML,CUNTIENSE ,CUNTIENSE COMERCIALIZADORA,Comercializadores mercado libre,CUNC,CUNCC01,"3,0"
CUNEMSA,18WCUNEMSA-12--B,CUNEMSA,COGENERACIÓN UNEMSA,Derivados del petróleo o carbón,WMARK,TUEMADE,"14,7"
CUPAC01,18W-CUPAC01-3--S,CUPA,CUPA,Consumos directos en mercado,CUPA,CUPAC01,"0,8"
CUPBC01,18W-CUPBC01-9--W,CUPA BT,CUPIRE PADESA BT,Consumos directos en mercado,CUPA,CUPBC01,"0,5"
CURISCA,18WCURISCA-123-Q,CURISCA,P.E. SIERRA DE CURISCAO,Eólica terrestre,HC G,HCGSCSA,"49,3"
CURRAS,18WCURRAS-123-E8,CURRAS,P.E. DE CURRAS,Eólica terrestre,EGED,ECURRAG,"7,8"
CUTOLE,18W000000000OTPY,CUTOLE,CUTOLE_MAJ,Gas natural cogeneración,CEG,TCUTOLE,"0,8"
CUVEC01,18W000000000SK2H,CUVEC01,CUVER DESTELLA ENERGIA SL,Comercializadores mercado libre,CUVER,CUVEC01,"1,0"
CVALDES,18W000000000P5SM,VALDES,CASA VALDES,Solar fotovoltaica,HISPE,FCVALDE,"44,0"
CVICEN,18WCVICEN-123-ER,CVICEN,CERRO VICENTE,Eólica terrestre,IBGES,EHIBGES,"39,1"
CVICENA,18WCVICENA-12-E8,CVICENA,CERRO VICENTE AMPLIACIÓN,Eólica terrestre,IBGES,EHIBGES,"29,7"
CVIRC01,18W000000000V05M,COMPRAVIRT,UP COMERCIALIZACIN VIRTUAL,Comercializadores mercado libre,INTRA,CVIRC01,"50,0"
CWCMC01,18W000000000SJC0,PEN_UP_COM,ES-PEN_FUTGR_COM,Comercializadores mercado libre,FUTGR,CWCMC01,"9,0"
CX46AC,18W000000000OT50,CX46AC,CX46AC,Comercializadores mercado libre,FORTI,FORTR01,"1,0"
CX46AL,18W000000000OT42,CX46AL,CX46AL,Comercializadores mercado libre,FORTI,FORTR01,"1,0"
CX46CA,18W000000000OT6Z,CX46CA,CX46CA,Comercializadores mercado libre,FORTI,FORTR01,"1,0"
CX46MO,18W000000000OT7X,CX46MO,CX46MO,Comercializadores mercado libre,FORTI,FORTR01,"1,0"
CYDAC01,18W-CYDAC01-9--6,CYADE,CYADE,Comercializadores mercado libre,CYDAE,CYDAC01,"0,4"
CYEC01,18W-CYEC01-37--U,CYEC01,CYEC01,Comercializadores mercado libre,CYE,CYEC01,"50,0"
CYIGNI,18W000000000SWWW,TYGNRA,TYGNRA,Gas natural cogeneración,IGNIS,CYIGNI,"0,9"
CZFVC01,18W-CZFVC01-5--O,CZFV,CONSORCIO ZONA FRANCA DE VIGO,Consumos directos en mercado,CZFV,CZFVC01,"7,4"
DA1O,18W000000000GP49,DAO1,CH DAIO,Fluyente,NEXU,HFNEXU,"1,2"
DAIMC01,18W-DAIMC01-8--U,DAIMUZ1,DAIMUZ1,Comercializadores mercado libre,DAIMU,DAIMC01,"4,0"
DAJOZ,18W000000000TJP7,DAJOZ,DAJOZ,Solar fotovoltaica,CEG,FDAJOZ,"40,0"
DAL1,18WDAL1-12345-AJ,D.ALDONZ 1,DOÑA ALDONZA 1,Fluyente,ENDG,GDLQ,"5,1"
DAL2,18WDAL2-12345-A9,D.ALDONZ 2,DOÑA ALDONZA 2,Fluyente,ENDG,GDLQ,"5,1"
DALOBA,18WDALOBA-123-EM,DALOBA,DALOBA,Eólica terrestre,EGED,EGREEN,"24,4"
DANSC01,18W000000000VFYU,OPERATIONS,MARKET OPERATIONS,Comercializadores mercado libre,DANSK,DANSC01,"0,0"
DAPHNE,18W000000000IBXM,DAPHNE,UF SOLAR DAPHNE,Solar fotovoltaica,NEXU,FAZARA,"2,0"
DARAQ,18W000000000TYUQ,DARAQ,DARAQ,Solar fotovoltaica,GNRA,UPDAR,"3,6"
DARUC01,18W-DARUC01-2--3,DARUC01,DARUC01,Consumos directos en mercado,DARUZ,DARUC01,"0,1"
DASERPE,18W-DASERPE-3--J,DASERPE,PARQUE EOLICO COVA DA SERPE,Eólica terrestre,GNCO,EGASNE1,"24,0"
DAVAX,18W000000000KUU0,DAVAX,DAVAX,Solar fotovoltaica,ADXRE,FAUDAX,"4,6"
DEDEREC,18WDEDEREC-123-8,DEDEREC,18WDEDEREC-123-8,Derivados del petróleo o carbón,EGLE,TDEDRE,"9,9"
DEELC01,18W000000000VHDT,DEELC01,DEELC01,Comercializadores mercado libre,DEELU,DEELC01,"0,1"
DEFERII,18WDEFERII-123-N,DEFERII,P.E. MUDEFER II,Eólica terrestre,EGLE,ECATER,"12,6"
DEFIBE,18W000000000TS2Q,DEFIBE,DEFIBE,Comercializadores mercado libre,ENDCO,ENDER01,"1,0"
DEGOLLA,18WDEGOLLA-123-Z,DEGOLLA,PE ALTO DE LA DEGOLLADA,Eólica terrestre,IBGES,EHIBGES,"50,0"
DEGREEN,18W000000000SSKV,DEGREEN,UF SOLAR DEGREEN,Solar fotovoltaica,NEXU,FSTATON,"3,0"
DEHESA,18WLADEHESA-123L,DEHESA,CST LA DEHESA,Solar térmica,IGNIS,UPDEHE,"49,9"
DEHESAM,18W000000000F67R,DEHESAM,PE DEHESA DE MALLEN,Eólica terrestre,ECYR,EEGPES,"3,3"
DEHESI1,18W000000000U3IS,DEHESILLA1,DEHESILLA1,Eólica terrestre,RENSP,DEHE1,"46,8"
DEHESI2,18W000000000TMN2,DEHESILLA2,DEHESILLA2,Eólica terrestre,RENSP,DEHE2,"46,8"
DEHESIL,18W000000000PVMU,DEHESILLA,UF SOLAR DEHESILLA,Solar fotovoltaica,NEXU,FDHSLA,"1,6"
DEL108,18W000000000UHS3,DEL108,DEL108,Solar fotovoltaica,SOLRC,FDEL108,"40,0"
DELIFA,18W000000000TVJK,DELIFA,DELIFA,Comercializadores mercado libre,SHELL,SESAR01,"1,0"
DELILLO,18WDELILLO-123-G,DELILLO,UF PARQ EOLICO LILLO-SAN ANTON,Eólica terrestre,GNRA,UPESTN,"6,7"
DELMAI,18W000000000V9I6,DELMAI,DELMAI,Solar fotovoltaica,SOLRC,FDELMAI,"125,0"
DELMORO,18W000000000P5PS,DELMORO,PE DEL MORO,Eólica terrestre,HC G,HCGSCSA,"12,0"
DELTAA,18W000000000RUU9,DELTAA,DELTAA,Solar fotovoltaica,GAC,FDAGAC,"4,0"
DELTAB,18W000000000RUV7,DELTAB,DELTAB,Solar fotovoltaica,GAC,FDBGAC,"4,0"
DELTAC,18W000000000RUW5,DELTAC,DELTAC,Solar fotovoltaica,GAC,FDCGAC,"5,0"
DELTAD,18W000000000RUX3,DELTAD,DELTAD,Solar fotovoltaica,GAC,FDDGAC,"5,0"
DEMETE1,18W000000000SN8X,DEMETE1,PSF DEMETER,Solar fotovoltaica,WMARK,FVDEMET,"40,8"
DEMFW,18W000000000QXYX,DEMFW,DEMFW,Solar fotovoltaica,GNRA,UPDEMF,"1,4"
DEPOC01,18W000000000Q8QD,DEPOC01,DEPOC01,Consumos directos en mercado,DEPOA,DEPOC01,"2,6"
DERETIL,18W000000000OTQW,DERETIL,DERETIL,Comercializadores mercado libre,EGED,EGEDR01,"9,0"
DERMONT,18WDERMONT-123-H,DERMONT,18WDERMONT-123-H,Derivados del petróleo o carbón,EGLE,TDERMO,"3,6"
DESAFIO,18W000000000S4D6,DESAF PV,DESAFIO SOLAR PLANT,Solar fotovoltaica,RENSP,RESOLAR,"44,5"
DESAV,18W000000000FS36,LAS DEHESA,VERTEDEROS DE RESIDUOS-DEHESAS,Biogás,LMER,DEESA,"3,4"
DESIRTO,18W000000000P01H,DESERTO,DESIERTO,Solar fotovoltaica,GESTE,FDSERTO,"3,3"
DESMC01,18W000000000UPVA,DESMAC01,DESMA COMPRA,Comercializadores mercado libre,DESMA,DESMC01,"5,0"
DETCD01,18W0000000009NJD,DETCD01,DETCD01,Consumos directos en mercado,DETIC,DETCD01,"11,2"
DETCD02,18W000000000CSB2,DETCD02,DETCD02,Consumos directos en mercado,DETIC,DETCD02,"927,3"
DETCD16,18W000000000NIPY,DETCD16,DETCD16,Consumos directos en mercado,DETIC,DETCD16,"35,0"
DETIC01,18W-DETIC01-9--J,DETIC01,DETIC01,Comercializadores mercado libre,DETIC,DETIC01,"0,0"
DETISA1,18WDETISA1-12-DO,COG DETISA,COG RABIDA-DETISA,Gas natural cogeneración,SEDAE,TFSEDAE,"49,9"
DETSSAA,18W000000000NRLF,DETSSAA,DETSSAA,Consumo de Servicios Auxiliares,DETIC,DETSSAA,"30,0"
DEVA,18WDEVA-12345-EM,DEVA,P.E. DE DEVA,Eólica terrestre,EGED,EDEVAG,"39,6"
DEVESA,18WDEVESA-123-A4,DEVESA,18WDEVESA-123-A4,Fluyente,EGLE,HCOHIG,"3,7"
DEVIRGI,18WPEDVIRGINIA-P,DEVIRGI,P.E. DEHESA VIRGINIA,Eólica terrestre,EGED,EGREEN1,"30,0"
DFERC01,18W000000000T54H,DFERC01,DUFERCO ENERGIA SPA,Comercializadores mercado libre,DUFEA,DFERC01,"0,0"
DHEYG,18W000000000RPDL,DHEYG,DHEYG,Solar fotovoltaica,GNRA,UPDOH,"25,0"
DIBAQ1,18W0000000000UHW,DIBAQ,DIBAQ,Gas natural cogeneración,COGEN,AE10COG,"2,9"
DIELC01,18W0000000005PA4,DIEL_PEN,DIELE PENINSULA,Comercializadores mercado libre,DIELE,DIELC01,"5,0"
DIL1,18WDIL1-12345-AY,DILAR 1,DILAR 1,Fluyente,ENDG,GDLQ,"1,5"
DIL2,18WDIL2-12345-AO,DILAR 2 ,DILAR 2,Fluyente,ENDG,GDLQ,"2,0"
DILUC01,18W000000000NHSV,DILUZ,DILUZ COMPRA,Comercializadores mercado libre,DILUZ,DILUC01,"0,1"
DIO153,18W000000000UDY3,DIO153,DIO153,Solar fotovoltaica,SOLRC,FDIO153,"40,0"
DIPBC01,18W000000000KBFD,DIPBC01,DIPBC01,Consumos directos en mercado,DIPBA,DIPBC01,"92,7"
DIRGC01,18W000000000RJ2O,DIRECTGREE,DIRECTGREEN,Comercializadores mercado libre,DIREA,DIRGC01,"1,0"
DISCEF,18W000000000TS3O,DISCEF,DISCEF,Comercializadores mercado libre,ENDCO,ENDER01,"1,0"
DIVIC01,18W000000000CR7D,DIVIC01,UP DIVICONSULTING,Comercializadores mercado libre,DIVIC,DIVIC01,"0,1"
DIVSO,18W000000000JJGS,DIVSO,DIVSO,Solar fotovoltaica,GNRA,FVGNRA,"2,0"
DJIMENA,18WDJIMENA-123-K,DJIMENA,UF DOÑA JIMENA,Fluyente,INTRA,HHTTRIN,"1,1"
DJUNCAL,18WDJUNCAL-123-Y,DUERJUNCAL,DUERO JUNCAL,Solar fotovoltaica,GESTE,FJUNCAL,"9,9"
DLSTC01,18W000000000F5J6,GOENERGIA,GOENERGIA,Comercializadores mercado libre,DLSTE,DLSTC01,"0,1"
DOI1,18WDOI1-12345-AW,DOIRAS 1,DOIRAS 1,Embalse,REPSB,VIES,"23,7"
DOI2,18WDOI2-12345-AM,DOIRAS 2,DOIRAS 2,Embalse,REPSB,VIES,"23,7"
DOI3,18WDOI3-12345-AC,DOIRAS 3,DOIRAS 3,Embalse,REPSB,VIES,"14,1"
DOLAUNO,18WDOLAUNO-123-R,DOLAUNO,P.E.DOLAR 1,Eólica terrestre,IBGES,EHIBGES,"49,5"
DOLTRES,18WDOLTRES-123-J,DOLTRES,P.E. DOLAR 3,Eólica terrestre,IBGES,EHIBGES,"49,5"
DOLVC01,18W000000000K71G,DOLVC01,DOLVC01,Consumos directos en mercado,DOLNO,DOLVC01,"13,1"
DOMENO,18WDOMENO-1234-Y,DOMENO,DOMEÑO,Embalse,IBGES,HFIBGES,"20,4"
DOMIX,18W000000000TUYU,DOMIX,DOMIX,Solar fotovoltaica,GNRA,UPSON3,"1,4"
DONBC01,18W000000000SWVY,DONBECO,DONBECO,Comercializadores mercado libre,DONBE,DONBC01,"0,1"
DONSL,18W000000000G3RT,DONSL,DONSL,Solar fotovoltaica,GNRA,FVGNRA,"1,6"
DOSA,18W000000000NHKA,DOSA,DOSA,Fluyente,GNRA,HDOSA,"5,0"
DOSPUEB,18WDOSPUEB-123-0,DOSPUEB,P.E. DOS PUEBLOS,Eólica terrestre,IBGES,EHIBGES,"20,0"
DOVILAN,18WDOVILAN-12-EB,DOVILAN,P. E. DO VILAN,Eólica terrestre,ECYR,EEGPEM,"16,9"
DOWCHEM,18WDOWCHEM-123-F,DOWCHEM,DOW CHEMICAL,Derivados del petróleo o carbón,EEXXI,TDEEXXI,"14,5"
DOY,18W000000000PIDD,DOY,DOY,Energía residual,AME,A2GAME2,"3,8"
DRACOSL,18W000000000O9D7,DRACO,DRACOS,Solar fotovoltaica,GESTE,FDRACOS,"40,0"
DREAC01,18W-DREAC01-1--J,DREUA,DREUA,Comercializadores mercado libre,DREUA,DREAC01,"28,0"
DREDC01,18W000000000EYD9,DREDC01,DREDC01,Consumos directos en mercado,DREUA,DREDC01,"28,6"
DREGC01,18W000000000UGZT,DREGC01,DREGC01,Consumos directos en mercado,DREUA,DREGC01,"2,2"
DREHC01,18W000000000V9MZ,DREHC01,DREHC01,Consumos directos en mercado,DREUA,DREHC01,"2,0"
DRKFC01,18W-DRKFC01-8--Y,UP DRK,DRK ENERGY,Comercializadores mercado libre,DRK,DRKFC01,"4,5"
DROSP,18W000000000GTWF,DROSP,DROSP,Solar fotovoltaica,GNRA,UPDROS,"25,0"
DSBON,18W000000000GP0H,DSBON,DSBON,Solar fotovoltaica,GNRA,UPBON2,"39,6"
DSMAC01,18W000000000MFDY,3DSMART,3DSMART COMPRA,Comercializadores mercado libre,DSMAR,DSMAC01,"20,0"
DSSIX,18W000000000TTQC,DSSIX,DSSIX,Solar fotovoltaica,GNRA,UPSON4,"2,9"
DTABLAR,18WDTABLAR-123-K,DTABLAR,P. E. DEHESA DE TABLARES,Eólica terrestre,NEXU,ETBLRES,"0,8"
DUENA,18WDUENA-1234-EB,DUENA,P. E. SIERRA DE DUENA,Eólica terrestre,IBGES,EHIBGES,"31,4"
DUERC01,18W000000000TN7V,DUEROLUZ,DUEROLUZ ENERGIA SL,Comercializadores mercado libre,DUERO,DUERC01,"1,0"
DUEROCA,18W000000000NGLB,DUEROCA,DUEROCA,Fluyente,CEG,HDUEROK,"1,4"
DUFEC01,18W000000000D3EU,DUFEC01,DUFEC01,Comercializadores mercado libre,DUFER,DUFEC01,"400,0"
DUFECP3,18W-DUFECP3-8--L,DUFENERGY,DUFENERGY,Importación Francia,DUFER,DUFECP3,"400,0"
DUFEVP3,18W-DUFEVP3-5--T,DUFEVP3,DUFEVP3,Exportación Francia,DUFER,DUFEVP3,"400,0"
DULCNE5,18W000000000R5UA,DULCNE5,UF SOLAR DULCINEA 5,Solar fotovoltaica,NEXU,FDULC5,"5,0"
DULCNE6,18W000000000R5V8,DULCNE6,UF SOLAR DULCINEA 6,Solar fotovoltaica,NEXU,FDULC6,"5,0"
DUQ1,18WDUQ1-12345-AK,DUQUE,DUQUE,Fluyente,ENDG,GDLQ,"12,5"
DUR1,18WDUR1-12345-A9,DURCAL 1,DURCAL 1,Fluyente,ENDG,GDLQ,"1,8"
DUR2,18WDUR2-12345--L,DURCAL 2,DURCAL 2,Fluyente,ENDG,GDLQ,"1,8"
DXDC01,18W0000000006PYQ,DXD COMER,DXD COMERCIALIZADORA UNIDAD,Comercializadores mercado libre,DXD,DXDC01,"1,0"
DYNFC01,18W000000000NAG2,DYNEFF,DYNEFF,Comercializadores mercado libre,DYNEF,DYNFC01,"0,1"
EACER,18W000000000S26Q,EACER,EACER,Comercializadores mercado libre,SHELL,SESAR01,"1,0"
EALBC01,18W-EALBC01-9--9,EALBC01 CO,"ELECTRICA DE ALBATERENSE, S.L.",Comercializadores mercado libre,EALB,EALBC01,"5,0"
EALMC01,18W0000000006S8W,ALMENAR_UP,ALMENAR UNIDAD PROGRAMACION,Comercializadores mercado libre,ELALM,EALMC01,"0,3"
EAM0C01,18W-EAM0C01-8--S,EAM0C01 CO,ELECTRA ALTO MIÑO COMERCIALIZA,Comercializadores mercado libre,EAM01,EAM0C01,"5,7"
EAMB02,18W000000000SV1N,EAMB02,GRAFENO,Solar fotovoltaica,AMADR,EAMV02,"1,2"
EAMB03,18W000000000UYSQ,EAMB03,EAMB03,Solar fotovoltaica,AMADR,EAMV03,"4,0"
EAMB04,18W000000000UYUM,EAMB04,EAMB04,Solar fotovoltaica,AMADR,EAMV04,"2,9"
EAMB05,18W000000000UYWI,EAMB05,EAMB05,Solar fotovoltaica,AMADR,EAMV05,"3,0"
EAMB06,18W000000000UYYE,EAMB06,EAMB06,Solar fotovoltaica,AMADR,EAMV06,"5,0"
EAMC01,18W-EAMC01-53--B,ANT MAD,ANT MAD,Comercializadores mercado libre,AMADR,EAMC01,"0,3"
EAMIN,18W000000000S27O,EAMIN,EAMIN,Comercializadores mercado libre,SHELL,SESAR01,"1,0"
EBALSAS,18W-EBALSAS-5--7,EBALSAS,LAS BALSAS-ALAIZ,Eólica terrestre,WMARK,ECENDER,"25,5"
EBAT,18WEBAT-123456-L,EBAT,EL BATAN,Fluyente,CTNU,JUCAR2,"0,4"
EBE1,18WEBE1-12345-AY,BERBEL 1,EL BERBEL 1,Fluyente,ENDG,EBRACC1,"6,2"
EBE2,18WEBE2-12345-AO,BERBEL 2,EL BERBEL 2,Fluyente,ENDG,EBRACC1,"6,2"
EBE3,18WEBE3-12345-AE,BERBEL 3,EL BERBEL 3,Fluyente,ENDG,EBRACC1,"6,2"
EBIACA1,18W-EBIACA1-8--8,EBIACA1,EBIACA1,Comercializadores mercado libre,EBIAR,EBIACA1,"5,0"
EBLCO01,18W-EBLCO01-2--W,EBLCO01,EBLCO01,Comercializadores mercado libre,EBLCO,EBLCO01,"0,0"
EBLL,18WEBLL-123456-H,EBLL,EDAR DEL BAIX LLOBREGAT,Gas natural cogeneración,AME,TEBLLRB,"7,7"
EBLPCX1,18W000000000TI5D,PORGENC,PORT_GEN_CMPRA,Porfolio,EBLCO,EBLPCX1,"9.999,0"
EBLPVX1,18W000000000TI3H,PORGENV,PORT_GEN_VNTA,Porfolio,EBLCO,EBLPVX1,"9.999,0"
EBO1,18WEBO1-12345-AZ,BOSQUE 1,EL BOSQUE 1,Embalse,IBEG,JUCA,"3,8"
EBO2,18WEBO2-12345-AP,BOSQUE 2,EL BOSQUE 2,Embalse,IBEG,JUCA,"3,9"
EBOSC,18W000000000QYDZ,EBOSC,EBOSC,Solar fotovoltaica,GNRA,FVGNRA,"1,7"
EBRA,18W000000000QBP6,EBRA,EBRA,Eólica terrestre,GNRA,EFGNRA,"4,5"
EBREC01,18W000000000J3JX,EBREC01,EBREC01,Comercializadores mercado libre,EBROE,EBREC01,"0,1"
EBRO1,18W000000000SSON,EBRO1,PSF EBRO1,Solar fotovoltaica,EGLE,FSOVAL,"45,0"
EBROC,18W0000000005M1V,CAMPO,UF CAMPO,Fluyente,GNRA,HPUEYO,"1,6"
ECA1,18WECA1-12345-AT,CABILDO 1,EL CABILDO 1,Fluyente,ASIE,ASIDUE,"0,5"
ECA2,18WECA2-12345-AJ,CABILDO 2,EL CABILDO 2,Fluyente,ASIE,ASIDUE,"0,7"
ECAIX,18W000000000Q11A,ECAIX,ECAIX,Solar fotovoltaica,GNRA,FVCARR,"17,5"
ECATC01,18WECATC01UF---V,ECATC01,DIST. ELÉCTRICA CATOIRA COMPRA,Comercializadores mercado libre,ELCAT,ECATC01,"1,0"
ECAZC01,18W-ECAZC01-8--X,ECAZC01,ECAZC01,Comercializadores mercado libre,ECADZ,ECAZC01,"0,0"
ECEC01,18W-ECEC01-62--V,ECEC01,ECEC01,Comercializadores mercado libre,ECE,ECEC01,"0,0"
ECHAGUE,18WECHAGUE-12-ES,ECHAGUE,P. E. ECHAGÜE,Eólica terrestre,EGED,EGREEN,"23,1"
ECHO,18WECHO-12345-AI,CHORRO DUQ,CHORRO DEL DUQUE,Fluyente,HIDRJ,ECHO,"1,0"
ECIFW,18W000000000IJ3L,ECIFW,ECIFW,Solar fotovoltaica,GNRA,FVGNRA,"1,2"
ECKER,18WPAPELERAECKEK,ECKER,18WPAPELERAECKEK,Gas natural cogeneración,PECKE,TECKER,"4,8"
ECLEN,18W000000000POQ6,CAÑADA UF,FV CAÑADA LENTISCO UF,Solar fotovoltaica,EPYM,ES-EYPP,"4,4"
ECNDC01,18W00000000029ZE,ECND,ECO NUEVOS DESARROLLOS,Comercializadores mercado libre,ECOND,ECNDC01,"4,0"
ECO2,18WECO2-123456-E,ECO2B,ECO2,Biogás,AME,RGAME,"4,1"
ECOESP,18WECOESP-123-D3,ECOESP,ECOCARBURANTES ESPAÑOLES,Gas natural cogeneración,EENER,TBIOEC,"21,6"
ECOFC01,18W0000000003SHQ,ECOFUTURA,UNIDAD ECOFUTURA,Comercializadores mercado libre,ECOFU,ECOFC01,"1,0"
ECOIB,18WECOIB-12345-9,ECOIBERIA,ECOIBERIA SOLAR,Solar fotovoltaica,CEG,FVECOIB,"10,0"
ECOLC01,18W-ECOLC01-5--V,UPECOLE01,COMERCIALIZACION PENINSULAR,Comercializadores mercado libre,ECOLE,ECOLC01,"0,2"
ECOMED3,18WECOMED3-123-6,ECOMED3,ECOMED3,Biogás,CEG,RECMED,"4,2"
ECOPAR,18WECOPAR-1234-F,ECOPAR ,ECOPARQUE DE LA RIOJA,Biogás,GEMSL,RYGEMSL,"2,1"
ECOPAR1,18W000000000RA58,ECOPAR1,ECOPARC-1,Biogás,EGLE,RECOBAR,"5,2"
ECOTC01,18W000000000SLZM,ECOT,ECOTHERMIC,Comercializadores mercado libre,ECOTH,ECOTC01,"1,0"
ECOTOL,18W000000000ABYF,ECOTOL,BIOGAS ECOTOLEDO,Biogás,SHELL,SESBIO7,"3,1"
ECOVC01,18W000000000PXMO,ECOVC01,ECOVC01,Comercializadores mercado libre,ECOVE,ECOVC01,"0,0"
ECSCCA1,18W-ECSCCA1-2--E,ECSCCA1,ECSCCA1,Comercializadores mercado libre,CALLO,ECSCCA1,"10,5"
ECT2TG1,18WECT2TG1-123-6,ECT2TG1,ESCATRON TURBINA GAS 1,Ciclo combinado,CYDDP,ECT2,"50,2"
ECT2TG2,18WECT2TG2-12--B,ECT2TG2,ESCATRON TURBINA GAS 2,Ciclo combinado,CYDDP,ECT2,"50,2"
ECT2TG3,18WECT2TG3-123-T,ECT2TG3,ESCATRON TURBINA GAS 3,Ciclo combinado,CYDDP,ECT2,"50,1"
ECT2TG4,18WECT2TG4-123-M,ECT2TG4,ESCATRON TURBINA GAS 4,Ciclo combinado,CYDDP,ECT2,"50,1"
ECT2TV,18WECT2TV--12341,ECT2TV,ESCATRON TURBINA VAPOR,Vapor,CYDDP,ECT2,"74,0"
ECT2X,18W-ECT2X-220--R,ECT2X,ECT2X,Consumo de Servicios Auxiliares,CYDDP,ECT2X,"4,0"
ECT3TG1,18WECT3TG1-123-X,ECT3TG1,ESCATRÓN TURBINA GAS 1,Ciclo combinado,REPSB,ECT3,"269,8"
ECT3TG2,18WECT3TG2-123-Q,ECT3TG2,ESCATRÓN TURBINA GAS 2,Ciclo combinado,REPSB,ECT3,"269,8"
ECT3TV1,18WECT3TV1-123-O,ECT3TV1,ESCATRÓN TURBINA VAPOR,Vapor,REPSB,ECT3,"264,7"
ECVIL,18W000000000B0EA,UF ECVIL,UF VILLANUEVA DE LA JARA I,Eólica terrestre,GNRA,EFGNRA,"4,3"
ECYRREX,18W-ECYRREX-9--6,ECYRREX,ECYRREX,Consumo de Servicios Auxiliares,ECYR,ECYRREX,"1,3"
EDARLEO,18WEDARLEO-123-S,EDARLEON,EDARLEON,Gas natural cogeneración,EGED,TFEGED,"2,0"
EDFAC01,18W-EDFAC01-8--C,EDFAC01,EDFAC01,Comercializadores mercado libre,EDFAC,EDFAC01,"2,2"
EDFSC01,18W-EDFSC01-3--I,SERRALLO,SERRALLO,Comercializadores mercado libre,EDFAS,EDFSC01,"0,1"
EDFTC01,18W000000000IFDD,INTRA,INTRADAY TRADIING,Comercializadores mercado libre,EDFT,EDFTC01,"1.000,0"
EDFTCP3,18W-EDFTCP3-9--K,EDFTCP3,EDFTCP3,Importación Francia,EDFT,EDFTCP3,"0,0"
EDFTVP3,18W-EDFTVP3-7--O,EDFTVP3,EDFTVP3,Exportación Francia,EDFT,EDFTVP3,"0,0"
EDIAV,18W000000000KS4L,EDIAV,EDIAV,Solar fotovoltaica,GNRA,FVGNRA,"1,8"
EDIIX,18W000000000TV4D,EDIIX,EDIIX,Solar fotovoltaica,GNRA,UPSON2,"2,9"
EDMUND3,18W000000000U3QC,EDMUNDO3,EDMUNDO BEBIE 3,Hidráulica - No UGH,RSPRA,HHRSPRA,"1,0"
EDMUNDO,18W000000000U1OM,EDMUNDO,EDMUNDO BEBIE,Hidráulica - No UGH,RSPRA,HHRSPRA,"1,2"
EDPCC01,18W000000000IV0S,EDPCC01,UNIDAD DE COMPRA DE COMERCIALI,Comercializadores mercado libre,EDPCL,EDPCC01,"1,0"
EDPCOX,18W000000000728W,SSAA EDPC,SSAA EDP COMERCIALIZADORA,Consumo de Servicios Auxiliares,NATGA,EDPCOX,"20,0"
EDRERO,18W000000000UU84,EDRERO,EDRERO,Solar fotovoltaica,CEG,FEDRERO,"2,8"
EE21C01,18W-EE21C01-5--2,EE21C01,EE21C01,Comercializadores último recurso,EEXXI,EE21C01,"9.999,0"
EE21CEB,18W-EE21CEB-9--D,ENLACE PB,ENLACE PB,Enlace Baleares,EEXXI,EE21CEB,"408,0"
EEFV002,18W000000000RGPO,BEMBEAC,AC BEMBE 5MW,Solar fotovoltaica,ENDCO,ENDRE02,"5,2"
EEFV003,18W000000000T1E9,MERLINAC,AC MERLIN 2MW,Solar fotovoltaica,ENDCO,ENDRE02,"2,2"
EEHU2UF,18W000000000FFKB,EEHU2UFI,UNIDAD FISICA HU46,Biomasa,ENCHU,EEHU2,"46,0"
EEM20,18WEEM20-12345-7,EEM20,UFI ENCE ENERGIA EXTREMADURA,Biomasa,ENCEG,REEM20,"20,0"
EENC01,18W-EENC01-90--N,EENC01,EENC01,Comercializadores mercado libre,EEN,EENC01,"0,0"
EENEC01,18W000000000K960,EENEC01,EENEC01,Consumos directos en mercado,EENER,EENEC01,"3,5"
EFGC01,18W-EFGC01-86--Q,EFGC01,EFGC01,Comercializadores mercado libre,EFG,EFGC01,"0,0"
EFIDC01,18W0000000007JF4,EFIDU,EFIDUERO,Comercializadores mercado libre,EFIDU,EFIDC01,"9,9"
EFIDC02,18W000000000P1UU,FYGNSUR,"GN SUR SDG ( TARIFA, FOTOVOLTA",Solar fotovoltaica,EFIDU,EFIDC02,"0,4"
EFIRC01,18W000000000U4MH,EFIRA,EFIRA,Comercializadores mercado libre,EFIRA,EFIRC01,"0,1"
EGA,18W000000000NHDO,EGA,18W000000000NHDO,Solar fotovoltaica,EGLE,FEGA,"26,9"
EGABBIO,18W000000000O31C,EGABBIO,UF EGABRENSE BIO,Biomasa,COGEN,REGBRE,"8,0"
EGABCHP,18W000000000O2ZL,EGABCHP,UF EGABRENSE CHP,Gas natural cogeneración,COGEN,TEGBREN,"13,0"
EGALC01,18W-EGALC01-4--K,EGAMA,ENERXIA GALEGA MAIS,Comercializadores mercado libre,EGALE,EGALC01,"1,0"
EGAZC01,18W000000000N4TV,EGAZE,ENERGAZE,Comercializadores mercado libre,EGAZE,EGAZC01,"1,0"
EGCMC01,18W-EGCMC01-8--C,EGCMC01,EGCMC01,Comercializadores mercado libre,ENDG,EGCMC01,"180,0"
EGEDC01,18W-EGEDC01-3--J,EGEDC01,EGEDC01,Comercializadores mercado libre,EGED,EGEDC01,"0,0"
EGEDCP3,18W-EGEDCP3-9--U,UP DERECHO,UP COMPRA CON DERECHOS,Importación Francia,EGED,EGEDCP3,"20,0"
EGEDCX,18W000000000OIDH,UP SER AUX,UP SERVICIOS AUXILIARES,Consumo de Servicios Auxiliares,EGED,EGEDCX,"25,0"
EGEDVP3,18W-EGEDVP3-4--9,VTA DERECH,UP VENTA CON DERECHOS EN FRANC,Exportación Francia,EGED,EGEDVP3,"20,0"
EGENB01,18W000000000TXWP,EGENB01,EGENB01,Comercializadores mercado libre,EGEN,EGENR01,"1,0"
EGENB02,18W000000000TZGE,EGENB02,EGENB02,Comercializadores mercado libre,EGEN,EGENR01,"1,0"
EGENB03,18W000000000V4BZ,EGENB03,EGENB03,Comercializadores mercado libre,EGEN,EGENR01,"1,0"
EGENB04,18W000000000V4CX,EGENB04,EGENB04,Comercializadores mercado libre,EGEN,EGENR01,"1,0"
EGENB05,18W000000000V4DV,EGENB05,EGENB05,Comercializadores mercado libre,EGEN,EGENR01,"1,0"
EGENC01,18W-EGENC01-5--W,EGENC01,ELE GUIXES ENERGIA,Comercializadores mercado libre,EGEN,EGENC01,"3,0"
EGILLOR,18W000000000NGN7,EGUILLO,EGILLOR,Fluyente,CEG,HEGILLO,"4,3"
EGK-QP,18W000000000U0MT,EGK-QP,EGK-QP,Comercializadores mercado libre,TGYE,TGYER01,"1,0"
EGLCCX1,18W000000000PUY9,PORGENC,PORT_GEN_CMPRA,Porfolio,EGLE,EGLCCX1,"9.999,0"
EGLCVX1,18W000000000PV00,PORGENV,PORT_GEN_VNTA,Porfolio,EGLE,EGLCVX1,"9.999,0"
EGLEC01,18W-EGLEC01-8--V,EGLEC01,EGLEC01,Comercializadores mercado libre,EGLE,EGLEC01,"0,0"
EGLECP3,18W-EGLECP3-2--G, EGLE EX C,"EGLE, EXP A FRANCIA CN DER",Importación Francia,EGLE,EGLECP3,"500,0"
EGLEVP3,18W-EGLEVP3-4--4, EGLE IM C,"EGLE, IMP A FRANCIA CN DER",Exportación Francia,EGLE,EGLEVP3,"1.400,0"
EGLEX,18W-EGLEX-869--B,EGLEX,EGLEX,Consumo de Servicios Auxiliares,EGLE,EGLEX,"2,4"
EGLPCX1,18W000000000AD5U,EGLPCX1,PORFOLIO COMPRA GENERAC,Porfolio,EGLE,EGLPCX1,"9.999,0"
EGLPVX1,18W000000000AD6S,EGLPVX1,PORFOLIO VENTA GENER,Porfolio,EGLE,EGLPVX1,"9.999,0"
EGNIC01,18W000000000VHCV,EGNIC01,EGNIC01,Comercializadores mercado libre,EGNIS,EGNIC01,"0,1"
EGREC01,18W000000000S53N,EGREC01,EGREC01,Comercializadores mercado libre,EGREN,EGREC01,"1,0"
EGU1,18WEGU1-12345-AK,EGUILLOR 1,EGUILLOR 1,Fluyente,IBEG,EBRA,"0,5"
EGU2,18WEGU2-12345-AA,EGUILLOR 2,EGUILLOR 2,Fluyente,IBEG,EBRA,"0,7"
EGUPC01,18W000000000UB11,ES-EGSGEUP,EGSGEUP,Comercializadores mercado libre,EGSGE,EGUPC01,"0,0"
EHILC01,18W000000000B3RC,HELIA UP,HELIA UP,Comercializadores mercado libre,HELIC,EHILC01,"3,0"
EINDC01,18W000000000SQ6S,EINDC01,EINDC01,Comercializadores mercado libre,EINDE,EINDC01,"0,1"
EINTC01,18W000000000M3ZQ,EI15 PEN,INTERSOL PENINSULA,Comercializadores mercado libre,INSOL,EINTC01,"10,0"
EITOB,18WEITOB-12345-7,EITOB,EITOB,Biomasa,CEG,RPUEBLA,"2,0"
EITOC,18WEITOC-12345-Z,EITOC,COGENERACIÓN-PUEBLA ALMORADIEL,Gas natural cogeneración,CEG,TEITOL,"10,0"
EJE2,18W000000000PZV0,EJE2,EJE2,Solar fotovoltaica,GNRA,FVGNRA,"2,0"
EKHIC01,18W000000000QDKA,EKHINEO,EKHINEO ENERGA,Comercializadores mercado libre,EKHIN,EKHIC01,"1,0"
EKIOLA,18W000000000SZ1B,EKIOLA,UF SOLAR EKIOLA,Solar fotovoltaica,NEXU,FEKIOLA,"1,0"
EKOCMG1,18W000000000K758,EKOCMG1,18W000000000K758,Residuos domésticos y similares,EGLE,RDAKIN,"25,5"
ELALAMO,18WELALAMOEOLIC8,ELALAMO,P.E. EL ALAMO,Eólica terrestre,HC G,HCGSCSA,"36,0"
ELALC01,18W-ELALC01-6--V,ALGIMIA,ALGIMIA,Comercializadores mercado libre,ELALG,ELALC01,"0,8"
ELAVC01,18W-ELAVC01-2--V,ELAVE01 CO,"ELECTRA AVELLANA COMERCIAL, S.",Comercializadores mercado libre,ELAVE,ELAVC01,"4,0"
ELBEC01,18W0000000003SFU,ELBEN_UP,ELECTRICA BENASQUE SL,Comercializadores mercado libre,ELBEN,ELBEC01,"4,0"
ELCAC01,18W-ELCAC01-9--O,ELCAC01,ELECTRA CALDENSE ENERGÍA COMPR,Comercializadores mercado libre,ECAL,ELCAC01,"1,0"
ELCAMP,18W000000000RH8I,ELCAMP,PSFV-ELCAMPILLO,Solar fotovoltaica,LAUEI,FELCAMP,"3,0"
ELCAMPO,18W000000000F5TN,EL CAMPO,PE EL CAMPO,Eólica terrestre,ECYR,EEGPEV,"19,8"
ELCAST,18W000000000NJAO,ELCAST,PE EL CASTILLO,Eólica terrestre,HC G,HCGSCSA,"25,2"
ELCIEGO,18WELCIEGO-123-A,ELCIEGO,ELCIEGO,Fluyente,EGED,HATUDEL,"1,9"
ELCNC01,18W-ELCNC01-1--D,ELCNC01,ELCNC01,Comercializadores mercado libre,ELECN,ELCNC01,"0,2"
ELCOTO1,18W000000000QHQN,ELCOTO1,PE EL COTO,Eólica terrestre,WMARK,ELCOTOR,"21,0"
ELEAUX,18W000000000PLU7,ELEAUX1,ELEAUX SERVICIOS AUXILIARES,Consumo de Servicios Auxiliares,ELEIA,ELEAUX,"5,0"
ELECRUR,18W000000000JK68,ELECRUR,ELECRUR,Fluyente,RSPRA,HHRSPRA,"2,9"
ELEIC01,18W000000000F0P9,ELEIC01,ELEIA COMPRA,Comercializadores mercado libre,ELEIA,ELEIC01,"0,1"
ELEKC01,18W00000000012NQ,ELEKC01,ELEKC01,Comercializadores mercado libre,ELEK,ELEKC01,"0,1"
ELEPCX1,18W000000000OMC7,ELEPCX1,ELEPCX1,Porfolio,ELEIA,ELEPCX1,"9.999,0"
ELEPVX1,18W000000000OMD5,ELEPVX1,ELEPVX1,Porfolio,ELEIA,ELEPVX1,"9.999,0"
ELESC01,18W0000000007JH0,ELESU_UP,ELESU_COMPRAS,Comercializadores mercado libre,ELESU,ELESC01,"0,2"
ELGALLO,18WELGALLO-123-H,ELGALLO,18WELGALLO-123-H,Eólica terrestre,EGLE,ECYLEO,"49,4"
ELGEA,18WELGEA-1234-EQ,ELGEA,P.E. SIERRA ELGEA,Eólica terrestre,IBGES,EHIBGES,"26,9"
ELGURKI,18WELGURKI-12-EH,ELGURKI,P.E. ELGEA-URKILLA,Eólica terrestre,IBGES,EBHIBHV,"32,3"
ELIESV,18W000000000NQQ8,ELIESV,ELIESV,Solar fotovoltaica,RSPRA,FFRSPRA,"0,9"
ELITC01,18W000000000N20L,ELIE_BIO,ELITE BIOENERGIA SL,Comercializadores mercado libre,ELITE,ELITC01,"0,0"
ELIXPO,18W000000000TS4M,ELIXPO,ELIXPO,Comercializadores mercado libre,ENDCO,ENDER01,"1,0"
ELLOMAY,18W000000000NQPA,ELLOMAY,18W000000000NQPA,Solar fotovoltaica,EGLE,FELLOM,"25,6"
ELMIX,18W000000000PZYV,ELMIX,ELMIX,Solar fotovoltaica,GNRA,FVMAZO,"12,5"
ELMOC01,18W0000000007JG2,ELMON_UP,ELMON_COMPRAS,Comercializadores mercado libre,ELMON,ELMOC01,"0,2"
ELMONTE,18W000000000UGMI,ELMONTE,18W000000000UGMI,Solar fotovoltaica,EGLE,FMONTE,"38,9"
ELP1,18WELP1-12345-AF,PICAZO 1,EL PICAZO 1,Embalse,IBEG,JUCA,"8,3"
ELP2,18WELP2-12345-A5,PICAZO 2,EL PICAZO 2,Embalse,IBEG,JUCA,"8,9"
ELPINO,18WELPINO--12--K,ELPINO,P.E. EL PINO,Eólica terrestre,EBLCO,EELPINO,"24,6"
ELPOC01,18W-ELPOC01-1--M,ELPOP,ELPOP,Comercializadores mercado libre,ELPOP,ELPOC01,"8,7"
ELPOZO,18WELPOZO-1234-1,ELPOZO,ELPOZO,Gas natural cogeneración,DETIC,TELPOZO,"17,2"
ELPUERT,18W000000000RGCD,ELPUERT,UFI PE EL PUERTO,Eólica terrestre,EGLE,EPERTO,"5,0"
ELPUEYO,18WELPUEYO-123-A,ELPUEYO,UF CH EL PUEYO,Fluyente,GNRA,HPUEYO,"14,0"
ELRASO,18WELRASO-1234-Y,ELRASO,P. E. EL RASO,Eólica terrestre,EGED,EFEGED,"4,5"
ELSVALE,18W000000000QZP8,ELSVALE,ELS VALENTINS,Solar fotovoltaica,WMARK,FFWMARK,"1,8"
ELTEC01,18W000000000JT3O,ELTED,ELECTED ENERGY,Comercializadores mercado libre,ELTED,ELTEC01,"1,0"
ELTOLL,18W000000000T40S,ELTOLL,ELTOLL,Solar fotovoltaica,LAUEI,FELTOLL,"3,0"
ELTOLLO,18W000000000MQ5H,ELTOLLO,PE EL TOLLO,Eólica terrestre,IGNIS,UPEBRO,"50,0"
ELUREST,18W000000000TFC8,ELUREST,FTV ELUR-ESTE,Solar fotovoltaica,EGLE,FSOL14,"6,0"
ELUROES,18W000000000TFE4,ELUROES,FTV ELUR-OESTE,Solar fotovoltaica,EGLE,FSOL16,"6,0"
ELUZC01,18W000000000KPUF,E-LUZ,E-LUZ ENERGY,Comercializadores mercado libre,ELUZE,ELUZC01,"1,0"
ELV2C01,18W-ELV2C01-4--0,ELEVA2,"ELEVA 2 COMERCIALIZADORA, S.L.",Comercializadores mercado libre,ELVA2,ELV2C01,"0,4"
ELVAC01,18W-ELVAC01-5--Z,ELEVA UNO,ELEVA UNO,Comercializadores mercado libre,ELVA1,ELVAC01,"0,4"
ELVALLE,18W000000000HBJH,EL VALLE,PE ELVALLE_VALDENAVARRO,Eólica terrestre,EBLCO,EVALLE,"48,5"
EMASAEG,18WEMASAEG-123-S,EMASAEG,EMASA EDAR GUADALHORCE,Gas natural cogeneración,WMARK,TEMASA,"10,0"
EMB1,18WEMB1-12345-A9,EMBID R. 2,EMBID DE LA RIBERA 2,Fluyente,ENDG,EBRACC1,"1,5"
EMB2,18WEMB2-12345--L,EMBID R. 1,EMBID DE LA RIBERA 1,Fluyente,ENDG,EBRACC1,"1,2"
EMELC01,18W-EMELC01-4--P,MELIANA,MELIANA,Comercializadores mercado libre,EMELI,EMELC01,"2,5"
EMESC01,18W-EMESC01-9--G,EMESA,EMILIO ESTEBAN S.A.,Consumos directos en mercado,EMES,EMESC01,"0,9"
EMIAC0F,18W000000000QWE2,ENERMIA,ENERMIA COMPRA,Comercializadores mercado libre,ENEDH,EMIAC01,"0,1"
EMILIAN,18WEMILIAN-123-W,EMILIAN,18WEMILIAN-123-W,Fluyente,EGLE,HCALDA,"1,3"
EMORELL,18WEMORELL-12-D0,EMORELL,REPSOL Q. EL MORELL,Gas natural cogeneración,REPP,EMORELL,"39,1"
EMORPER,18WEMORPER-12-DQ,EMORPER,REPSOL Q. EL MORELL-PERAFOR,Gas natural cogeneración,REPP,EMORPER,"86,7"
ENABAR,18WENABAR-123--7,ENABAR,ENAGAS BARCELONA,Energía residual,AME,ENABAR,"4,3"
ENAGASA,18WENAGASA-123-T,ENAGASA,ENAGAS ALMENDRALEJO,"Híb. Renov., Term. No Renov",AME,HIBENAA,"6,1"
ENAH,18W000000000T1Z4,ENAH,ENAH,Océano y geotérmica,AME,GENAH,"4,5"
ENAMU,18W000000000HADW,ENAMU,ENAMU,Gas natural cogeneración,DETIC,TFENAMU,"14,9"
ENAQE,18W000000000QYOD,ENAQE,ENAQE,Solar fotovoltaica,GNRA,UPENA,"1,4"
ENARC01,18W-ENARC01-6--T,ENARC01,ENARC01,Comercializadores mercado libre,ENARA,ENARC01,"0,2"
ENC1,18WENC1-12345-AN,ENCINARJ 1,ENCINAREJO 1,Embalse,ENDG,GDLQ,"4,1"
ENC2,18WENC2-12345-AD,ENCINARJ 2,ENCINAREJO 2,Embalse,ENDG,GDLQ,"4,1"
ENCECP3,18W000000000PAD0,COMPRAINTE,COMPRA INTER ENCE,Importación Francia,EENER,ENCECP3,"30,0"
ENCEPON,18WENCEPON-12-D2,RENCEG,GENERACION ENCE PONTEVEDRA,Biomasa,ENCEG,RENCE,"34,5"
ENCEVP3,18W000000000PAC2,VENTAINTER,VENTA INTERENCE,Exportación Francia,EENER,ENCEVP3,"30,0"
ENCIN,18W000000000TCH7,ENCIN,ENCIN,Eólica terrestre,REPSB,ECERRA2,"46,5"
ENCINED,18WENCINED-123-Z,ENCINED,P.E.ENCINEDO,Eólica terrestre,EGED,EGREEN1,"30,0"
ENCINIL,18W000000000K499,ENCINIL,ENCINILLAS,Eólica terrestre,IBGES,EHIBGES,"23,4"
ENCRISA,18WENCRISA-12-DV,ENCRISA,ENERCRISA,Gas natural cogeneración,EGLE,TENCRI,"19,6"
ENDA,18WENDA-12345-AX,ENDARLAZA,ENDARLAZA,Fluyente,IBEG,EBRA,"0,2"
ENDE01,18W-ENDE01-60--L,ENDE01,ENDE01,Comercializadores mercado libre,ENDCO,ENDE01,"999,0"
ENDEC01,18W0000000006OA3,ENDEC01,ENDEC01,Comercializadores mercado libre,ENDEE,ENDEC01,"1,0"
ENDEC04,18W-ENDEC04-6--O,ENDEC AND,ENDEC04,Importación Andorra,ENDCO,ENDEC04,"0,0"
ENDGCP3,18W-ENDGCP3-1--5,ENDGCP3,ENDGCP3,Importación Francia,ENDG,ENDGCP3,"0,0"
ENDGVP3,18W-ENDGVP3-8--A,ENDGVP3,ENDGVP3,Exportación Francia,ENDG,ENDGVP3,"1.400,0"
ENDIC01,18W000000000GAHS,ENDI ENERG,ENDI ENERGY TRADING,Comercializadores mercado libre,ENDI,ENDIC01,"0,5"
ENDKC0F,18W000000000QHBG,ENDKC01,COMPRA COMERCIALIZADORA,Comercializadores mercado libre,ENEDK,ENDKC01,"1,0"
ENDPC01,18W0000000006OB1,ENDPC01,ENDPC01,Comercializadores mercado libre,ENDEP,ENDPC01,"1,0"
ENDRE01,18W000000000Q8FZ,REPREFVAC,REPRESENTACION AUTOCONSUMO EE,Solar fotovoltaica,ENDCO,ENDRE01,"1,0"
ENEC01,18W000000000RG00,ENERGIA UN,ENERGIA UNICA SOLUCIONES INTEG,Comercializadores mercado libre,ENEDG,ENEC01,"0,6"
ENEDC01,18W000000000PRO1,ENEDC01,ENERGIAREA EUROPE SL,Comercializadores mercado libre,ENEDB,ENEDC01,"1,0"
ENEEC01,18W000000000UFIT,AL ANDALUS,ENERGA GAS AL-ANDALUS SL,Comercializadores mercado libre,ENEEX,ENEEC01,"1,0"
ENEIC01,18W000000000I92G,ENERFIA,ENERFIA COMPRA,Comercializadores mercado libre,ENEFI,ENEIC01,"0,1"
ENEMANS,18WBIO-ENEMANSAF,ENEMANS,ENEMANSA,Biomasa,ENCEG,RENMAN,"16,0"
ENEPC01,18W000000000QBQ4,ENEPC01,ENERGY PLUS IBERIA SL,Comercializadores mercado libre,ENEPL,ENEPC01,"0,0"
ENERCOR,18W000000000IJPE,ENERCOR,UF ENERCORR,Gas natural cogeneración,GEMSL,TENERCO,"14,9"
ENERE01,18W000000000RFRN,FYIBCUR,"IB CUR  ( TARIFA, FOTOVOLTAICA",Solar fotovoltaica,ENEDB,ENERE01,"0,2"
ENERFV,18W000000000GUMW,ENERFV,ENERPARC FV,Solar fotovoltaica,SHELL,SESPV04,"1,9"
ENERFV2,18W000000000GUZ6,ENERFV2,ENERPARC FV2,Solar fotovoltaica,SHELL,SESPV04,"4,0"
ENERFV3,18W000000000GV1Y,ENERFV3,ENERPARC FV3,Solar fotovoltaica,SHELL,SESPV04,"4,0"
ENERFV4,18W000000000GV2W,ENERFV4,ENERPARC FV4,Solar fotovoltaica,SHELL,SESPV05,"10,0"
ENERPOR,18WENERPOR-123-N,ENERPOR,18WENERPOR-123-N,Gas natural cogeneración,EGLE,TEPCSA,"5,0"
ENERS,18W000000000QZ5B,ENERS,ENERS,Solar fotovoltaica,GNRA,FVGNRA,"10,0"
ENERV2,18W000000000VF1M,FYNEXU,FYNEXU,0,NETRA,ENERV2,"0,5"
ENERVAL,18W000000000VBH2,UFENERV,UF ENERVALL,Solar fotovoltaica,NETRA,ENERVAL,"1,0"
ENETC01,18W000000000R2DG,ENETC01,ENETC01,Comercializadores mercado libre,ENETI,ENETC01,"1,0"
ENEXC0F,18W000000000QINQ,ENEXC01,COMPRA COMERCIALIZADORA,Comercializadores mercado libre,ENEXS,ENEXC01,"1,0"
ENEYC01,18W000000000KBJ5,ECO2,ECO2 PENINSULA,Comercializadores mercado libre,ENERY,ENEYC01,"0,1"
ENFDC01,18W000000000H899,ENFDC01,ENFDC01,Consumos directos en mercado,ENUFR,ENFDC01,"40,0"
ENHEC01,18W000000000UPW8,ENHEA,ENHER HECSA SL,Comercializadores mercado libre,ENHEA,ENHEC01,"0,0"
ENIX,18WENIX-12345--T,ENIX,P. E. DE ENIX,Eólica terrestre,ECYR,EEGPEM,"13,2"
ENMEC01,18W0000000001V1K,EDM,ENERGIAS DEL MEDITERRANEO,Comercializadores mercado libre,ENMED,ENMEC01,"0,1"
ENMEV01,18W000000000SFBE,ENMEV01,MENOS DE 1 MW,Fluyente,ENMED,ENMEV01,"1,5"
ENP1,18WENP1-12345-AS,ENTREPEÑ 1,ENTREPEÑAS 1,Embalse,GNFG,UFTA,"20,3"
ENP2,18WENP2-12345-AI,ENTREPEÑ 2,ENTREPEÑAS 2,Embalse,GNFG,UFTA,"20,4"
ENPEC01,18W-ENPEC01-2--C,ENERPLUS,"ENERPLUS ENERGIA, S.A.",Comercializadores mercado libre,ENPEN,ENPEC01,"0,1"
ENPHC01,18W000000000P9T8,ENPHC01,ENPHC01,Consumos directos en mercado,ENPHA,ENPHC01,"0,2"
ENRKC01,18W000000000TJFR,EKORE ADQ,EKORE ADQ,Comercializadores mercado libre,EKORE,ENRKC01,"0,1"
ENRNC01,18W000000000MM7P,ENRNC01,ENRNC01,Comercializadores mercado libre,ENRNV,ENRNC01,"0,1"
ENRPC01,18W-ENRPC01-8--H,ENRPC01,ENERPLUS SOCIEDAD COOPERATIVA,Comercializadores mercado libre,ENERP,ENRPC01,"0,1"
ENSAC01,18W-ENSAC01-2--I,ENERGYSAVE,ENERGYSAVE PROJECTS S.L.,Comercializadores mercado libre,ENSAV,ENSAC01,"4,0"
ENSIL,18W000000000UJWQ,ENSIL,ENSIL,Hidráulica - No UGH,GNRA,HFGNRA,"1,1"
ENSOAN,18W000000000TVCY,ENSOAN,ENSOAN,Comercializadores mercado libre,SHELL,SESAR01,"1,0"
ENSRR01,18W000000000TZHC,ENSRR01,ENSRR01,Comercializadores mercado libre,ENUFR,ENSRR01,"1,0"
ENTRED,18WENTRED-123-EH,ENTREDICHO,P. E. ENTREDICHO,Eólica terrestre,IBGES,EHIBGES,"36,0"
ENUFB1,18W000000000GYGW,ENUFB1,ENUFB1,Gas natural cogeneración,ENUFR,ENUFRV1,"16,9"
ENUFB11,18W000000000PPZM,LA RASA 1,LA RASA 1,Solar fotovoltaica,ENUFR,ENUFV12,"1,0"
ENUFB12,18W000000000QW5K,ENUFB12,POAL FOTOVOLTAICA,Solar fotovoltaica,ENUFR,ENUFV14,"2,0"
ENUFB13,18W000000000QW7G,ENUFB13,NUFRI SOLAR,Solar fotovoltaica,ENUFR,ENUFV15,"1,8"
ENUFB14,18W000000000R2UJ,ENUFB14,CASTELLANA,Solar fotovoltaica,ENUFR,ENUFV16,"3,0"
ENUFB16,18W000000000RVRC,ENUFB16,MAS ROIG,Solar fotovoltaica,ENUFR,ENUFV18,"5,4"
ENUFB2,18W000000000GYKO,ENUFB2,ENUFB2,Biogás,ENUFR,ENUFRV5,"8,0"
ENUFB3,18W000000000GYMK,ENUFB3,ENUFB3,Biomasa,ENUFR,ENUFRV6,"2,0"
ENUFB4,18W000000000GYV2,ENUFB4,ENUFB4,Gas natural cogeneración,ENUFR,ENUFRV1,"10,0"
ENUFB5,18W000000000GYW0,ENUFB5,ENUFB5,Gas natural cogeneración,ENUFR,ENUFV10,"10,0"
ENUFB7,18W000000000NKED,ENUFB7,LA JARA I,Solar fotovoltaica,ENUFR,ENUFRV9,"5,4"
ENUFB8,18W000000000P9X0,LA JARA 2,LA JARA 2,Solar fotovoltaica,ENUFR,ENUFV11,"5,3"
ENUFC01,18W0000000005CLL,ENUFRI,ENERGIA NUFRI SLU,Comercializadores mercado libre,ENUFR,ENUFC01,"0,5"
ENUFRV4,18W000000000H76I,HYCEG,VIRGEN DE LAS VIÑAS,Fluyente,ENUFR,ENUFRV4,"0,3"
ENUFRV8,18W000000000N8QP,FYNEXU,FYNEXU,Solar fotovoltaica,ENUFR,ENUFRV8,"3,5"
ENUPCX1,18W000000000OGDN,ENUPCX1,ENUPCX1,Porfolio,ENUFR,ENUPCX1,"9.999,0"
ENUPVX1,18W000000000OGEL,ENUPVX1,ENUPVX1,Porfolio,ENUFR,ENUPVX1,"9.999,0"
ENVEC01,18W000000000JY55,ENERVER,ENERVER ENERGIA,Comercializadores mercado libre,ENVER,ENVEC01,"1,0"
ENVIL,18W000000000B0F8,UF ENVIL,UF VILLANUEVA DE LA JARA II,Eólica terrestre,GNRA,EFGNRA,"3,0"
ENXXC01,18W000000000P9OI,ENXXC01,ENXXC01,Consumos directos en mercado,ENTXX,ENXXC01,"0,3"
ENZIC01,18W000000000L3C2,UP_ENEAC,UP_ZINQUETA,Comercializadores mercado libre,ENEAC,ENZIC01,"0,1"
EOALP10,18W000000000U6AZ,EOALP10,EOALP10,Eólica terrestre,HISPE,EALP10,"48,6"
EOALP11,18W000000000U6BX,EOALP11,EOALP11,Eólica terrestre,HISPE,EALP11,"48,1"
EOALP12,18W000000000U6CV,EOALP12,EOALP12,Eólica terrestre,HISPE,EALP12,"21,6"
EOALP13,18W000000000U6DT,EOALP13,EOALP13,Eólica terrestre,HISPE,EALP13,"30,0"
EOALP14,18W000000000U80C,EOALP14,EOALP14,Eólica terrestre,HISPE,EALP14,"40,5"
EOALP15,18W000000000U81A,EOALP15,EOALP15,Eólica terrestre,HISPE,EALP15,"33,6"
EOALP16,18W000000000U828,EOALP16,EOALP16,Eólica terrestre,HISPE,EALP16,"3,0"
EOALP18,18W000000000U844,EOALP18,EOALP18,Eólica terrestre,HISPE,EALP18,"4,3"
EOALP19,18W000000000U925,EOALP19,EOALP19,Eólica terrestre,HISPE,EALP18,"8,6"
EOALP4,18W000000000U5XT,EOALP4,EOALP4,Eólica terrestre,HISPE,EALP4,"10,0"
EOALP5,18W000000000U5YR,EOALP5,EOALP5,Eólica terrestre,HISPE,EALP5,"30,0"
EOALP6,18W000000000U5ZP,EOALP6,EOALP6,Eólica terrestre,HISPE,EALP6,"30,0"
EOALP7,18W000000000U63C,EOALP7,EOALP7,Eólica terrestre,HISPE,EALP7,"49,4"
EOALP8,18W000000000U64A,EOALP8,EOALP8,Eólica terrestre,HISPE,EALP8,"22,8"
EOALP9,18W000000000U658,EOALP9,EOALP9,Eólica terrestre,HISPE,EALP9,"48,6"
EOAPAST,18W000000000UNNW,PE A PASTO,PE A PASTORIZA,Eólica terrestre,WMARK,NORVENT,"36,0"
EOCARRA,18W000000000UNPS,PE CARRACE,PE CARRACEDO,Eólica terrestre,WMARK,NORVENT,"9,9"
EOLBP,18W000000000TF2S,EOLBP,EOLBP,Eólica marina,GNRA,EFGNRAM,"2,0"
EOLPOP,18W0000000008NGN,EOLP,EOLICA VIURE,Eólica terrestre,GESTE,EYOLPOP,"2,7"
EONUC01,18W-EONUC01-1--T,EONUC01,EONUC01,Comercializadores último recurso,EONUR,EONUC01,"255,0"
EOP2C01,18W-EOP2C01-4--R,EOP,EOP,Comercializadores mercado libre,EOP20,EOP2C01,"1,5"
EOPOLEO,18W000000000QQ51,POLEO,ELPOLEO,Eólica terrestre,GESTE,ELPOLEO,"48,5"
EPACC01,18W000000000JQUG,EPACC01,EPACC01,Comercializadores mercado libre,EPAC,EPACC01,"0,1"
EPARAMO,18WEPARAMO-123-U,EPARAMO,EPARAMO,Eólica terrestre,EBLCO,EEPARAM,"24,0"
EPEEXXI,18W-EPEEXXI-1--A,EPEEXXI,"END CUR  ( EÓLICA, PRUEBAS)",Eólica terrestre,EEXXI,EPEEXXI,"0,0"
EPEONUR,18W-EPEONUR-3--X,EPEONUR,"E.ON CUR ( EÓLICA, PRUEBAS)",Eólica terrestre,EONUR,EPEONUR,"0,0"
EPFV1,18WEPFV1-12345-N,SUNPROSOL1,SUNPRO SOLAR 1,Solar fotovoltaica,GNRA,FVGNRA,"1,8"
EPFV2,18WEPFV2-12345-E,SUNPROSOL2,SUNPRO SOLAR 2,Solar fotovoltaica,GNRA,FVGNRA,"1,5"
EPHCCUR,18W-EPHCCUR-1--M,EPHCCUR,"HC CUR ( EÓLICA, PRUEBAS)",Eólica terrestre,HCCUR,EPHCCUR,"0,0"
EPIBCUR,18W-EPIBCUR-4--9,EPIBCUR,"IB CUR  ( EÓLICA, PRUEBAS)",Eólica terrestre,IBCUR,EPIBCUR,"0,0"
EPICASA,18WEPICASA-123-V,EPICASA,18WEPICASA-123-V,"Híb. Renov., Term. No Renov",EGLE,TRODON,"6,8"
EPILC01,18W000000000MMUG,EPILC01,EPILC01,Consumos directos en mercado,EPILA,EPILC01,"0,5"
EPRSC01,18W-EPRSC01-8--5,EPRSC01,EPRSC01,Comercializadores mercado libre,EPRSA,EPRSC01,"9.999,0"
EPSTO,18W000000000LNRN,EPSTO,EPSTO,Eólica terrestre,GNRA,EFGNRA,"2,0"
EPT1,18WEPT1-12345-AY,ESPOT 1,ESPOT 1,Fluyente,ENDG,EBRFEN,"4,8"
EPT2,18WEPT2-12345-AO,ESPOT 2,ESPOT 2,Fluyente,ENDG,EBRFEN,"4,8"
EPU50UF,18W000000000FFJD,EPU50UF,UNIDAD FISICA ENCE PUERTOLLANO,Biomasa,PU100,EPU50,"50,0"
EQUAC01,18W000000000UIJI,EQUAC01,COMPRA COMERCIALIZADORA,Comercializadores mercado libre,EQUAN,EQUAC01,"1,0"
EQUEB,18W000000000PU4W,EQUEB,EQUEB,Eólica terrestre,GNRA,EFGNRA,"4,5"
ERADELP,18WERADELP-123-0,ERADELP,P.E. ERA DEL PICO,Eólica terrestre,HC G,HCGSCSA,"11,9"
ERAPR,18W000000000UDKV,ERAPR,ERAPR,Solar fotovoltaica,GNRA,FVGNRA,"3,5"
ERARSAM,18WERARSAM-12-DC,ERARSAM,COGENER. E.R.A.R. SUR MADRID (,Gas natural cogeneración,GNRA,TBOREME,"24,1"
ERASB,18W000000000ISQM,ERASB,ERAS BONETE,Eólica terrestre,WMARK,EFWMARK,"5,0"
ERBIX,18W000000000TTRA,ERBIX,ERBIX,Solar fotovoltaica,GNRA,UPSON3,"1,9"
ERCR01,18W000000000QO57,ERCR01,ERCR01,Comercializadores mercado libre,ENDCO,ENDER01,"1,0"
ERCR02,18W000000000QO65,ERCR02,ERCR02,Comercializadores mercado libre,ENDCO,ENDER01,"1,0"
ERENC01,18W000000000FYB9,ERENC01,ENDESA ENERGIA RENOVABLE,Comercializadores mercado libre,EEREN,ERENC01,"0,0"
ERESMA,18WERESMA-1234-H,ERESMA,HORNILLOS DE ERESMA,Gas natural cogeneración,COGEN,TIGERE,"14,6"
ERGON,18W000000000TBCK,ERGON,UF SOLAR ERGON,Solar fotovoltaica,NEXU,FERGON,"1,1"
ERI1,18WERI1-12345-AK,ERISTE 1,ERISTE 1,Embalse,ENDG,EBRACC1,"44,0"
ERI2,18WERI2-12345-AA,ERISTE 2,ERISTE 2,Embalse,ENDG,EBRACC1,"43,6"
ERIAV,18W000000000S6B4,ERIAV,ERIAV,Solar fotovoltaica,GNRA,UPERI,"5,0"
EROBRES,18W000000000V5GM,EROBRES,EROBRES,Eólica terrestre,ACENH,EROBRE,"6,0"
EROUCP3,18W-EROUCP3-1--L,EROUTE,ELECTROROUTE ENERGY TRADING LI,Importación Francia,EROUT,EROUCP3,"50,0"
EROUVP3,18W-EROUVP3-3--9,EROUT,ELECTROROUTE ENERGY TRADING LI,Exportación Francia,EROUT,EROUVP3,"50,0"
ERPCC01,18W000000000Q9IQ,UP COMPRA,UP COMPRA ENERGETICA,Comercializadores mercado libre,ENEDJ,ERPCC01,"5,0"
ERPCFV1,18W000000000R4DA,FYEFG,FYEFG,Solar fotovoltaica,ENEDJ,ERPCFV1,"4,6"
ERPCHI1,18W000000000SK77,HYDETIC,"DETIC (TARIFA,NO EXENTO,HID.)",Fluyente,ENEDJ,ERPCHI1,"0,8"
ERRADO2,18WERRADO2-123-Q,ERRADO2,18WERRADO2-123-Q,Solar térmica,EGLE,STUBOS,"30,0"
ERUELA,18W000000000SQCG,ER,UF SOLAR ERUELA,Solar fotovoltaica,NEXU,FERUELA,"1,2"
ES-AGRE,18W000000000U0NR,ES-AGRE,ES-AGRE,Comercializadores mercado libre,TGYE,TGYER01,"2,0"
ES-AGRZ,18W000000000U0F6,ES-AGRZ,ES-AGRZ,Comercializadores mercado libre,TGYE,TGYER01,"1,0"
ES-AI83,18W000000000QQK8,ES-AI83,ES-AI83,Comercializadores mercado libre,FORTI,FORTR01,"1,0"
ES-AIMA,18W000000000QQQX,ES-AIMA,ES-AIMA,Comercializadores mercado libre,FORTI,FORTR01,"1,0"
ES-AISA,18W000000000QQRV,ES-AISA,ES-AISA,Comercializadores mercado libre,FORTI,FORTR01,"1,0"
ES-ARA,18W000000000TZ09,ES-ARA,ES-ARA,Comercializadores mercado libre,EGLE,AXPOR01,"1,0"
ES-ARCH,18W000000000P2BS,ES-ARCH,18W000000000P2BS,Solar fotovoltaica,EGLE,FANPU,"7,0"
ES-ARCO,18W000000000V9RP,ES-ARCO,ES-ARCO,Comercializadores mercado libre,GALP,GALPR01,"1,0"
ES-ARML,18W000000000QKU6,ES-ARML,ES-ARML,Comercializadores mercado libre,GALP,GALPR01,"1,0"
ES-AT79,18W000000000PVDB,ES-AT79,ES-AT79,Comercializadores mercado libre,FORTI,FORTR01,"1,0"
ES-AVI,18W000000000U0AG,ES-AVI,ES-AVI,Comercializadores mercado libre,TGYE,TGYER01,"1,0"
ES-BOLU,18W000000000Q2OZ,UF BOLU,UF BOLU,Fluyente,GEMSL,ES-HCAB,"4,2"
ES-BOND,18W000000000QNXS,ES-BOND,ES-BOND,Comercializadores mercado libre,EDPCL,EDPCR01,"1,0"
ES-BOO,18W000000000QOR0,ES-BOO,ES-BOO,Comercializadores mercado libre,CENTE,EVMER01,"1,0"
ES-CEFI,18W000000000QPO3,ES-CEFI,ES-CEFI,Comercializadores mercado libre,EDPCL,EDPCR01,"1,0"
ES-CLOS,18W000000000QJD6,ES-CLOS,ES-CLOS,Consumos directos en mercado,GUIS,GUISR01,"11.200,0"
ES-CM96,18W000000000QQN2,ES-CM96,ES-CM96,Comercializadores mercado libre,FORTI,FORTR01,"1,0"
ES-COVE,18W000000000QNYQ,ES-COVE,ES-COVE,Comercializadores mercado libre,EDPCL,EDPCR01,"1,0"
ES-CUKX,18W000000000TYYI,ES-CUKX,ES-CUKX,Comercializadores mercado libre,EGLE,AXPOR01,"1,0"
ES-CUPF,18W000000000TYXK,ES-CUPF,ES-CUPF,Comercializadores mercado libre,EGLE,AXPOR01,"1,0"
ES-FGNE,18W000000000PY7E,MAZARRON F,MAZARRPON FISICA,Solar fotovoltaica,ISMSL,ES-FGEN,"4,5"
ES-FINV,18W000000000PW5O,UFMAYA,UFMAYA,Solar fotovoltaica,ISMSL,ES-FINV,"2,7"
ES-FROC,18W000000000Q0EO,UFROCIO 3,ROLWIND HUELVA 3 SLU,Solar fotovoltaica,IGNIS,UPROCI3,"19,0"
ES-FUN,18W000000000V5DS,ES-FUN,ES-FUN,Comercializadores mercado libre,EGLE,AXPOR01,"1,0"
ES-HFAS,18W000000000Q0KC,HFASIET,ES-HFASIETORRII,Fluyente,ASIE,HFASIE,"1,0"
ES-HOCS,18W000000000S56H,ES-HOCS,ES-HOCS,Comercializadores mercado libre,FORTI,FORTR01,"1,0"
ES-JERE,18W000000000QK4L,ES-JERE,ES-JERE,Comercializadores mercado libre,EGLE,AXPOR01,"1,0"
ES-KIM,18W000000000S3E7,ES-KIM,ES-KIM,Comercializadores mercado libre,TGYE,TGYER01,"1,0"
ES-LE48,18W000000000QQPZ,ES-LE48,ES-LE48,Comercializadores mercado libre,FORTI,FORTR01,"1,0"
ES-LESM,18W000000000V9QR,ES-LESM,ES-LESM,Comercializadores mercado libre,GALP,GALPR01,"1,0"
ES-LG08,18W000000000QQO0,ES-LG08,ES-LG08,Comercializadores mercado libre,FORTI,FORTR01,"1,0"
ES-LIN,18W000000000U0G4,ES-LIN,ES-LIN,Comercializadores mercado libre,TGYE,TGYER01,"1,0"
ES-LINA,18W000000000TYZG,ES-LINA,ES-LINA,Comercializadores mercado libre,EGLE,AXPOR01,"1,0"
ES-LLEI,18W000000000QJE4,ES-LLEI,ES-LLEI,Consumos directos en mercado,GUIS,GUISR01,"4.150,0"
ES-MIRA,18W000000000PPO7,MIRANDA,LA MIRANDA,Solar fotovoltaica,ADXRE,MIRAN01,"6,2"
ES-MONZ,18W000000000QOP4,ES-MONZ,ES-MONZ,Comercializadores mercado libre,CENTE,EVMER01,"1,0"
ES-NAT,18W000000000S4G0,ES-NAT,ES-NAT,Comercializadores mercado libre,GALP,GALPR01,"1,0"
ES-OBML,18W000000000QKYZ,ES-OBML,ES-OBML,Comercializadores mercado libre,GALP,GALPR01,"1,0"
ES-ORFI,18W000000000QPM7,ES-ORFI,ES-ORFI,Comercializadores mercado libre,EDPCL,EDPCR01,"1,0"
ES-PAC,18W000000000V5EQ,ES-PAC,ES-PAC,Comercializadores mercado libre,EGLE,AXPOR01,"1,0"
ES-PAFI,18W000000000QPP1,ES-PAFI,ES-PAFI,Comercializadores mercado libre,EDPCL,EDPCR01,"1,0"
ES-PLLA,18W000000000Q6JX,PLLANO1,PUERTOLLANO CENTRAL 1,Solar fotovoltaica,ADXRE,PLLANO,"2,2"
ES-PRO,18W000000000U0BE,ES-PRO,ES-PRO,Comercializadores mercado libre,TGYE,TGYER01,"1,0"
ES-RAFI,18W000000000QPN5,ES-RAFI,ES-RAFI,Comercializadores mercado libre,EDPCL,EDPCR01,"1,0"
ES-REA,18W000000000P1YM,REA,REA,Eólica terrestre,HISPE,EREA,"40,8"
ES-RESI,18W000000000TYWM,ES-RESI,ES-RESI,Comercializadores mercado libre,EGLE,AXPOR01,"1,0"
ES-RUBI,18W000000000QK3N,ES-RUBI,ES-RUBI,Comercializadores mercado libre,EGLE,AXPOR01,"1,0"
ES-SABO,18W000000000QOQ2,ES-SABO,ES-SABO,Comercializadores mercado libre,CENTE,EVMER01,"1,0"
ES-SAFI,18W000000000QPRY,ES-SAFI,ES-SAFI,Comercializadores mercado libre,EDPCL,EDPCR01,"1,0"
ES-SAI2,18W000000000S4E4,ES-SAI2,ES-SAI2,Comercializadores mercado libre,GALP,GALPR01,"1,0"
ES-SAI3,18W000000000S4F2,ES-SAI3,ES-SAI3,Comercializadores mercado libre,GALP,GALPR01,"1,0"
ES-SAI4,18W000000000U6ER,ES-SAI4,ES-SAI4,Comercializadores mercado libre,GALP,GALPR01,"1,0"
ES-SANC,18W000000000QT6R,ES-SANC,PE ACAMPO SANCHO,Eólica terrestre,HC G,HCGSIHA,"19,8"
ES-SEML,18W000000000QKX0,ES-SEML,ES-SEML,Comercializadores mercado libre,GALP,GALPR01,"1,0"
ES-SGRM,18W000000000QKW2,ES-SGRM,ES-SGRM,Comercializadores mercado libre,GALP,GALPR01,"1,0"
ES-TJV,18W000000000U0DA,ES-TJV,ES-TJV,Comercializadores mercado libre,TGYE,TGYER01,"1,0"
ES-TXML,18W000000000QKV4,ES-TXML,ES-TXML,Comercializadores mercado libre,GALP,GALPR01,"1,0"
ES-UFBR,18W000000000P3YG,PSBRUC,PS HUELVA 2021 BRUC,Solar fotovoltaica,IGNIS,BRUC,"40,9"
ES-UNDU,18W000000000Q2K6,UF UNDU,UF UNDU,Fluyente,GEMSL,ES-HCAB,"2,5"
ESANTX,18W000000000UUWU,ESANTX,ESANTX,Comercializadores mercado libre,GNSE,GNSER01,"1,0"
ESBUC01,18W0000000007NWW,ESBUC01,ESBUC01,Consumos directos en mercado,ESBUS,ESBUC01,"0,1"
ESC6TG1,18WESC6TG1-12-CL,ESC6TG1,C.T.C.C.ESCOMBRERAS(TURB.GAS1),Ciclo combinado,IBGT,ESC6,"259,2"
ESC6TG2,18WESC6TG2-12-CE,ESC6TG2,C.T.C.C.ESCOMBRERAS(TURB.GAS2),Ciclo combinado,IBGT,ESC6,"265,5"
ESC6TV,18WESC6TV-123-C5,ESC6TV,C.T.C.C.ESCOMBRERAS(T.VAPOR),Vapor,IBGT,ESC6,"290,9"
ESCALER,18WLAESCALERETAI,ESCALER,P.E. LA ESCALERETA,Eólica terrestre,HC G,HCGSCSA,"5,8"
ESCALN2,18W000000000L2PG,CAL2,ESCAL2,Solar fotovoltaica,GESTE,FSCALN2,"3,6"
ESCALNI,18W000000000HTZ5,SCALNIT,SLNATA,Solar fotovoltaica,GESTE,FESCALN,"4,7"
ESCALON,18WESCALON-12-EG,ESCALÓN,PARQUE EÓLICO ESCALÓN,Eólica terrestre,IBGES,EHIBGES,"30,0"
ESCAND,18WESCAND-1234-Q,ESCANDELLA,ESCANDELLA COGEN,Gas natural cogeneración,LMER,ESCANDE,"6,5"
ESCANDO,18WESCANDO-123-N,ESCANDO,P.E. PUERTO ESCANDÓN,Eólica terrestre,IGNIS,UPJALON,"26,0"
ESCANOR,18W000000000RD8U,ESCANOR,ESCALONILLA NORTE,Solar fotovoltaica,WMARK,FVESCAN,"4,7"
ESCARF,18WESCARF-123-A4,ESCARRA,ESCARRA,Fluyente,EGED,HEALTOG,"6,2"
ESCASUR,18W000000000REXE,ESCASUR,ESCALONILLA SUR,Solar fotovoltaica,WMARK,FVESCAS,"4,7"
ESCAT,18W000000000VGNC,ESCAT,ESCAT,Solar fotovoltaica,GNRA,UPESCA,"13,3"
ESCCC1,18WESCCC1-123-C5,ESCCC1,ESCCC1,Ciclo combinado,CARTA,ESCCC1,"402,6"
ESCCC1X,18W-ESCCC1X-9--Q,ESCCC1X,ESCCC1X,Consumo de Servicios Auxiliares,CARTA,ESCCC1X,"8,0"
ESCCC2,18WESCCC2-123-CY,ESCCC2,ESCCC2,Ciclo combinado,CARTA,ESCCC2,"401,3"
ESCCC2X,18W-ESCCC2X-2--A,ESCCC2X,ESCCC2X,Consumo de Servicios Auxiliares,CARTA,ESCCC2X,"8,0"
ESCCC3,18WESCCC3-123-CQ,ESCCC3,ESCCC3,Ciclo combinado,CARTA,ESCCC3,"395,2"
ESCCC3X,18W-ESCCC3X-6--O,ESCCC3X,ESCCC3X,Consumo de Servicios Auxiliares,CARTA,ESCCC3X,"8,0"
ESCEPAR,18WESCEPAR-123-5,ESCEPAR,P.E.EL ESCEPAR 1ª FASE,Híbrida Renovable,EGED,EGREEN2,"60,8"
ESCUCHA,18WESCUCHA-12-E7,ESCUCHA,ESCUCHA,Eólica terrestre,ECYR,EREGPEM,"28,3"
ESCURRI,18WESCURRI-12-EW,ESCURRI,P. E. ESCURRILLO,Eólica terrestre,IBGES,EDRIBGE,"49,5"
ESDOC01,18W000000000I6QE,ESDOMO,ESDOMO ENERGIA SL,Comercializadores mercado libre,ESDOM,ESDOC01,"1,0"
ESDXAT,18W000000000UUZO,ESDXAT,ESDXAT,Comercializadores mercado libre,GNSE,GNSER01,"1,0"
ESDXBA,18W000000000UUYQ,ESDXBA,ESDXBA,Comercializadores mercado libre,GNSE,GNSER01,"1,0"
ESDXTE,18W000000000UUXS,ESDXTE,ESDXTE,Comercializadores mercado libre,GNSE,GNSER01,"1,0"
ESE,18WESE-123456-EG,ESE,18WESE-123456-EG,Eólica terrestre,EGLE,EFONTA,"4,6"
ESEGC01,18W000000000TENQ,UP_SEGE,UP_SEGE,Comercializadores mercado libre,SOCIN,ESEGC01,"1,0"
ESERC01,18W-ESERC01-4--G,ESERC01,ESERC01,Comercializadores mercado libre,ESERO,ESERC01,"0,0"
ESERCR,18W000000000UV0H,ESERCR,ESERCR,Comercializadores mercado libre,GNSE,GNSER01,"1,0"
ESHAC01,18W000000000HAJK,HANWHA,HANWHA ENERGY RETAIL SPAIN SLU,Comercializadores mercado libre,ESHAN,ESHAC01,"1,0"
ESJOAN,18WESJOAN-1234-V,ESJOAN,SANT JOAN,Gas natural cogeneración,EBLCO,TESJOAN,"6,0"
ESL1,18WESL1-12345-AC,ESCALES 1,ESCALES 1,Embalse,ENDG,EBRFEN,"12,0"
ESL2,18WESL2-12345-A2,ESCALES 2,ESCALES 2,Embalse,ENDG,EBRFEN,"11,9"
ESL3,18WESL3-12345-AT,ESCALES 3,ESCALES 3,Embalse,ENDG,EBRFEN,"11,9"
ESLA,18WESLA-12345--I,COGEN ESLA,COGEN ESLA,Gas natural cogeneración,LMER,ESLA,"3,8"
ESP1,18WESP1-12345-A5,ESPINOSA,ESPINOSA,Embalse,GNFG,UFGC,"7,9"
ESPARTA,18WESPARTA-12--B,ESPARTA,ESPARTA,Eólica terrestre,IBGES,EHIBGES,"6,0"
ESPERAN,18WESPERAN-123-K,ESPERAN,P.E. LA ESPERANZA,Eólica terrestre,EGED,EGREEN1,"30,0"
ESPET,18W000000000T60M,ESPET,ESPET,Solar fotovoltaica,GNRA,FVGNRA,"2,0"
ESPIEL,18W000000000V2C2,ESPIEL,ESPIEL,Consumos directos en mercado,SPGG,SPGGR01,"2,4"
ESPINA,18WESPINA-1234-C,ESPINA,P.E. ESPINA,Eólica terrestre,GNCO,EGASNE0,"18,0"
ESPINO,18WESPINO-1234-B,ESPINO,P. E. LLANO DEL ESPINO,Eólica terrestre,EGED,EGREEN1,"51,9"
ESPUNAC,18W000000000OGO1,ESPUNAC,ESPUNAC,Gas natural cogeneración,DETIC,COGESPU,"1,0"
ESQUIL,18W000000000U3PE,ESQUILEO,ESQUILEO,Eólica terrestre,RENSP,ESQUI,"46,8"
ESSALLO,18W000000000S3BD,ESSALLO,ESSALLO,Comercializadores mercado libre,EGLE,AXPOR01,"1,0"
EST1,18WEST1-12345-AZ,S.ESTEBA 1,SAN ESTEBAN 1,Embalse,IBEG,SIL,"63,9"
EST2,18WEST2-12345-AP,S.ESTEBA 2,SAN ESTEBAN 2,Embalse,IBEG,SIL,"63,8"
EST21,18WEST21-12345-C,S.EST IIG1,SAN ESTEBAN II G1,Embalse,IBEG,SIL,"185,3"
EST3,18WEST3-12345-AF,S.ESTEBA 3,SAN ESTEBAN 3,Embalse,IBEG,SIL,"62,7"
EST4,18WEST4-12345-A5,S.ESTEBA 4,SAN ESTEBAN 4,Embalse,IBEG,SIL,"62,5"
EST5,18WEST5-12345-AW,S.ESTEBA 5,SAN ESTEBAN 5,Embalse,IBEG,SIL,"0,5"
EST6,18WEST6-12345-AM,S.ESTEBA 6,SAN ESTEBAN 6,Embalse,IBEG,SIL,"0,2"
ESTACIO,18W000000000PVOQ,ESTACION,UF SOLAR LA ESTACION,Solar fotovoltaica,NEXU,FESTACN,"30,0"
ESTE,18WESTE-123456-H,ESTEVE,ESTEVE,Gas natural cogeneración,LMER,ESTEVE,"1,9"
ESTGU,18W000000000G1P2,ESTGU,ESTGU,Eólica terrestre,GNRA,EFGNRA,"3,0"
ESVALLS,18W000000000S3CB,ESVALLS,ESVALLS,Comercializadores mercado libre,EGLE,AXPOR01,"1,0"
ETEVB,18W000000000QK0T,ETEVB,ETEVB,Solar fotovoltaica,GNRA,UPETE,"5,5"
ETNEC01,18W000000000K32Q,ETNER,ETER ENERGIA,Comercializadores mercado libre,ETNER,ETNEC01,"1,0"
ETO1,18WETO1-12345-A4,TORCIDO,EL TORCIDO,Fluyente,BARER,ETO1,"0,7"
ETOQE,18W000000000QXXZ,ETOQE,ETOQE,Solar fotovoltaica,GNRA,FVGNRA,"1,6"
ETR1,18WETR1-12345-A8,ESTERRI 1,ESTERRI 1,Embalse,ENDG,EBRFEN,"9,3"
ETR2,18WETR2-12345-AZ,ESTERRI 2,ESTERRI 2,Embalse,ENDG,EBRFEN,"8,9"
ETR3,18WETR3-12345-AP,ESTERRI 3,ESTERRI 3,Embalse,ENDG,EBRFEN,"9,2"
ETRIX,18W000000000TV0L,ETRIX,ETRIX,Solar fotovoltaica,GNRA,UPETR,"2,0"
ETSOC01,18W-ETSOC01-1--F,ETSOC01,ETSOC01,Comercializadores mercado libre,ETSOL,ETSOC01,"0,1"
ETXUKO,18W000000000VBJZ,ETXUKO,UF SOLAR URRETXUKO,Solar fotovoltaica,NEXU,FETXUKO,"1,0"
EUGENI1,18WEUGENI1-12--B,EUGENI1,SANTA EUGENIA 1,Embalse,IGNIS,HXAL1,"49,1"
EUGENI2,18WEUGENI2-123-T,EUGENI2,SANTA EUGENIA 2,Embalse,IGNIS,HXAL1,"49,1"
EUGUI,18W000000000NGM9,EUGUI,EUGUI,Fluyente,CEG,HEUGI,"1,8"
EULALIA,18WEULALIA-12-A3,EULALIA,EULALIA,Fluyente,IBGES,HFIBGES,"9,5"
EUM1,18WEUM1-12345-AE,EUME 1,EUME 1,Embalse,ENDG,SBEU,"26,7"
EUM2,18WEUM2-12345-A4,EUME 2,EUME 2,Embalse,ENDG,SBEU,"26,7"
EUROAT,18W000000000OTL5,EUROAT,EUROAT,Consumos directos en mercado,WMARK,EUCDR01,"7,0"
EUROATO,18WEUROATO-123-G,EUROATO,EUROATOMIZADOS,Gas natural cogeneración,WMARK,TEUROAT,"9,9"
EUROPAC,18WEUROPAC-123-6,EUROPAC,EUROPAC,Gas natural cogeneración,EGLE,TPYSA,"34,9"
EVERS1,18W000000000S2F8,EVERS1,EVERS1,Comercializadores mercado libre,ENDCO,ENDER01,"1,0"
EVERS2,18W000000000S2G6,EVERS2,EVERS2,Comercializadores mercado libre,ENDCO,ENDER01,"1,0"
EVIROCA,18W000000000RSY7,EVIROCA,EVIROCA,Solar fotovoltaica,RSPRA,FFRSPRA,"1,3"
EVIVC01,18W0000000001KYO,UP E_VIVA,UP ENERGA VIVA SPAIN,Comercializadores mercado libre,EVIVA,EVIVC01,"0,5"
EVIVV01,18W000000000R1BN,EVIVV01,EVIVA VENTA,Solar fotovoltaica,EVIVA,EVIVV01,"0,1"
EVOPO,18W000000000N08B,EVOPO,EVOPO,Solar fotovoltaica,VITEC,FVITEC2,"1,9"
EXISC01,18W000000000U8XK,EXISC01,EXISC01,Consumos directos en mercado,EXISC,EXISC01,"0,2"
EXPAL,18WEXPAL-12345-W,EXPAL,AERA EXPERIMENTAL PEÑABLANCA,Eólica terrestre,EGED,EGREEN,"3,0"
EXTGAL,18W000000000TS6I,EXTGAL,EXTGAL,Comercializadores mercado libre,ENDCO,ENDER01,"1,0"
EXTRA,18W000000000O2XP,EXTRA,UF EXTRAGOL,Biomasa,COGEN,REXTRA,"9,1"
EXTRE3C,18W000000000SN0C,EXTRE3C,UFI COMPRA BATERIA EXTREM3,Batería electroquímica,EGED,FVHIBRC,"2,2"
EXTRE3F,18W000000000TNXG,EXTRE3F,UFI VENTA FV EXTREM3,Solar fotovoltaica,EGED,FVHIBRV,"19,7"
EXTRE3G,18W000000000SMZJ,EXTRE3G,UFI VENTA BATERIA,Otros almacenamientos,EGED,FVHIBRV,"2,1"
EXTREM1,18W000000000P8E4,EXTREM1,EXTREMADURA I,Solar fotovoltaica,EGED,FVGREEN,"49,5"
EXTREM2,18W000000000ONGX,EXTREM2,EXTREMADURA II,Solar fotovoltaica,EGED,FVGREEN,"49,5"
EXTTRA,18W000000000TS5K,EXTTRA,EXTTRA,Comercializadores mercado libre,ENDCO,ENDER01,"1,0"
EXVEDA,18WEXVEDA-1234-G,VEDADILLO,AREA EXPERIMENTAL VEDADILLO,Eólica terrestre,EGED,EGREEN,"9,0"
EXVESTA,18WEXVESTA-123-9,EXVESTA,18WEXVESTA-123-9,Eólica terrestre,EGLE,EPROTO,"3,0"
EYCEC01,18W000000000B4A6,EYCEC01,EYCEC01,Comercializadores mercado libre,EYCE1,EYCEC01,"0,1"
EYEEXXI,18W-EYEEXXI-3--E,EYEEXXI,"END CUR  ( TARIFA, EÓLICA, NO",Eólica terrestre,EEXXI,EYEEXXI,"0,0"
EYEFG,18W-EYEFG7136--N,EYEFG,CERRO ATALAYA,Eólica terrestre,EFG,EYEFG,"0,2"
EYEGLE,18W-EYEGLE-65--0,EYEGLE,"EGLE (EÓLICA,TARIFA,NO EXENTO)",Eólica terrestre,EGLE,EYEGLE,"1,5"
EYEONUR,18W-EYEONUR-7--T,EYEONUR,"E.ON CUR ( TARIFA, EÓLICA, NO",Eólica terrestre,EONUR,EYEONUR,"0,0"
EYGESTE,18W-EYGESTE-2--G,EYGESTE,EYGESTE,Eólica terrestre,GESTE,EYGESTE,"0,7"
EYGNSUR,18W-EYGNSUR-4--R,EYGNSUR,"GN SUR SDG ( TARIFA, EÓLICA, N",Eólica terrestre,GNSUR,EYGNSUR,"0,0"
EYHCCUR,18W-EYHCCUR-9--2,EYHCCUR,"HC CUR ( TARIFA, EÓLICA, NO EX",Eólica terrestre,HCCUR,EYHCCUR,"0,0"
EYIBCUR,18W-EYIBCUR-7--9,EYIBCUR,"IB CUR  ( TARIFA, EÓLICA, NO E",Eólica terrestre,IBCUR,EYIBCUR,"33,5"
EYNEXU,18W-EYNEXU-50--4,EYNEXU,"NEXU ( EOLICA, TARIFA, NO EXEN",Eólica terrestre,NEXU,EYNEXU,"0,8"
EYPC01,18W-EYPC01-57--Y,EYPC01,EYPC01,Comercializadores mercado libre,EPYM,EYPC01,"0,0"
EYPPV1,18W000000000GWNO,EYP PV,EYP PV MENORS 1MW,Solar fotovoltaica,EPYM,EYPPV1,"1,5"
EYWMARK,18W-EYWMARK-5--5,ENOREDI,ENOREDI,Eólica terrestre,WMARK,EYWMARK,"0,4"
F15AFEN,18W000000000VBNR,FV AM,FV AGUAS MANSAS 5 MW,Solar fotovoltaica,FEN,F15FEN,"25,0"
FADFW,18W000000000QYJN,FADFW,FADFW,Solar fotovoltaica,GNRA,FVGNRA,"8,0"
FAENAMA,18W000000000TRQI,FAENAMA,FAENAMA,Solar fotovoltaica,ENDG,FAENAMA,"120,0"
FAGINEA,18W000000000IBWO,FAGINEA,UF SOLAR FAGINEA,Solar fotovoltaica,NEXU,FAZARA,"2,0"
FAGRIPA,18W000000000NPJP,FAGRIPA,FV AGRIPA,Solar fotovoltaica,ECYR,FEGPEV,"39,8"
FAGRSRM,18W000000000UGU2,FYNEXU,FYNEXU,Solar fotovoltaica,SOLRC,FAGRSRM,"2,5"
FAGUAV,18W000000000RUBA,AGUASVIVAS,UF SF AGUASVIVAS,Solar fotovoltaica,IGNIS,AGUAV,"41,3"
FALADR,18WFALADR-123-EJ,FALADR,FALADR,Eólica terrestre,ECYR,EEGPEM,"24,4"
FALAUDA,18W000000000NPKN,FALAUDA,FV ALAUDADE,Solar fotovoltaica,ECYR,FEGPEV,"39,3"
FALBI2,18W000000000U8CP,FALBI2,FUENTEALBILLA2,Solar fotovoltaica,SERVC,FFALBI2,"2,0"
FALJARA,18W000000000QFBM,FALJARA,FV ALJARAFE,Solar fotovoltaica,ECYR,FEGPE2,"69,6"
FALUF,18W000000000KS3N,FALUF,FALUF,Solar fotovoltaica,GNRA,FALAM,"8,0"
FAMITEX,18W000000000UEY0,FAMITEX,FAMITEX,Solar fotovoltaica,RSPRA,FFRSPRA,"2,9"
FAPICIO,18W000000000KM34,FAPICIO,FV APICIO,Solar fotovoltaica,ECYR,FEGPEV,"40,1"
FARASU1,18W000000000MJYH,FARASU1,PSF ARASUR 1,Solar fotovoltaica,WMARK,FARASU1,"10,0"
FARASU2,18W000000000MJZF,FARASU2,PSF ARASUR 2,Solar fotovoltaica,WMARK,FARASU2,"10,0"
FARDILA,18W000000000KM26,FARDILA,FV ARDILA,Solar fotovoltaica,ECYR,FEGPEV,"41,8"
FARELO,18WFARELO-123-ED,FARELO,P. E. FARELO,Eólica terrestre,IGNIS,EGVENTO,"28,8"
FARLAN,18W000000000F620,FARLAN,PE FARLAN,Eólica terrestre,ECYR,EEGPEV,"41,4"
FARMA2,18W000000000TVGQ,FARMA2,FARMA2,Comercializadores mercado libre,SHELL,SESAR01,"1,0"
FARMA8,18W000000000TVFS,FARMA8,FARMA8,Comercializadores mercado libre,SHELL,SESAR01,"1,0"
FARMHIS,18WFARMHIS-123-1,FARMHIS,FARMINDUSTRIA,Gas natural cogeneración,GNRA,TFARMHI,"3,3"
FARRAP1,18WFARRAP1-12--B,FARRAP1,P.E. FARRAPA 1,Eólica terrestre,ECYR,EEGPEM,"20,0"
FASTC01,18W000000000SHJT,FASTC01,FASTL COMERCIALIZADORA,Comercializadores mercado libre,FASTL,FASTC01,"500,0"
FAUGUST,18W000000000H2FF,FV AUGUSTO,FV AUGUSTO,Solar fotovoltaica,ECYR,FEGPEM,"41,9"
FBALBON,18W000000000QF9Q,FBALBON,FV BALBONA,Solar fotovoltaica,ECYR,FBALBON,"113,0"
FBELIN1,18W000000000PKKU,BELINCH1,BELINCHON 1 EW,Solar fotovoltaica,IGNIS,BELIN1,"41,2"
FBELIN2,18W000000000PKMQ,BEL2,BELINCH 2 EW FV,Solar fotovoltaica,IGNIS,UPBELII,"41,2"
FBELIN3,18W000000000PKOM,BELINC3,BELINCHON 3 FV EW,Solar fotovoltaica,IGNIS,UPBEL3,"41,2"
FBESOS,18WFBESOS-123-DL,RE-000673,"MIQUEL Y COSTAS  MIQUEL, S.A",Gas natural cogeneración,NEXU,TBESOS,"4,6"
FBETURI,18W000000000KM18,FBETURI,FV BETURIA,Solar fotovoltaica,ECYR,FEGPEV,"41,3"
FCALATR,18W000000000NZG1,FCALATR,FV CALATRAVA,Solar fotovoltaica,ECYR,FEGPEV,"41,0"
FCALERA,18W000000000UTEW,FV CALERA,FV CALERA,Solar fotovoltaica,DREUA,FDREU22,"8,0"
FCAMP1,18W000000000LYXF,CAMPANARI1,UF SF CAMPANARIO 1,Solar fotovoltaica,IGNIS,SCAMP1,"41,8"
FCAMP3,18W000000000LYYD,CAMPANARI3,UF SF CAMPANARIO 3,Solar fotovoltaica,IGNIS,SCAMP3,"41,8"
FCAMP4,18W000000000N1FV,FCAMP4,UF SF ELAWAN CAMPANARIO 4,Solar fotovoltaica,IGNIS,SCAMP4,"41,8"
FCAMP5,18W000000000MUJE,FCAMPA5,UF SF CAMPANARIO 5,Solar fotovoltaica,IGNIS,SCAMP5,"41,8"
FCAPARA,18W000000000TGPG,FCAPARA,FCAPARA,Solar fotovoltaica,IBGES,FIBGECP,"250,0"
FCAROL4,18W000000000TGA9,CAROLINAS4,FV CAROLINAS 4,Solar fotovoltaica,TOTGA,FCAROL4,"3,0"
FCAROLI,18W000000000TG9B,CAROLINAS3,FV CAROLINAS 3,Solar fotovoltaica,TOTGA,FCAROLI,"3,0"
FCARTA,18W000000000PZS6,CARTAYA,SF CARTAYA,Solar fotovoltaica,IGNIS,SFECAB,"1,7"
FCENTUR,18W000000000Q3FD,FCENTUR,FV CENTURION,Solar fotovoltaica,ECYR,UPFCENT,"116,5"
FCINCIN,18W000000000KM50,FCINCIN,FV CINCINATO,Solar fotovoltaica,ECYR,FEGPEV,"41,8"
FCONERA,18W000000000QDAU,FALCNERA,FV_FALCNERA,Solar fotovoltaica,GESTE,FALCNRA,"1,9"
FCORCHA,18W000000000H2I9,CORCHAS,FV LAS CORCHAS,Solar fotovoltaica,ECYR,FEGPEM,"42,1"
FDERR,18W000000000NZQI,DERRAMADOR,UF PE DERRAMADOR,Eólica terrestre,IGNIS,EDERR,"49,1"
FDOBLON,18W000000000KM6Z,FDOBLON,FV EL DOBLON,Solar fotovoltaica,ECYR,FEGPEV,"38,9"
FDREUA,18W-FDREUA-21--P,FDREUA,UP RD 413-2014,Solar fotovoltaica,DREUA,FDREUA,"11,4"
FDULCIN,18W000000000Q3DH,FDULCIN,FV DULCINEA,Solar fotovoltaica,ECYR,FEGPE6,"80,0"
FECC01,18W-FECC01-15--U,FECC01 COM,"FLUID ELECTRIC CAMPRODON II, S",Comercializadores mercado libre,FECII,FECC01,"2,0"
FEDAC04,18W-FEDAC04-1--J,FEDAUP,FEDAUP,Importación Andorra,FEDA,FEDAC04,"107,0"
FEDE,18W000000000QF23,FEDE,UF SOLAR FEDE,Solar fotovoltaica,NEXU,FFEDE,"20,0"
FEDTC,18W000000000T05U,FEDTC,FEDTC,Solar fotovoltaica,GNRA,UPFED,"5,0"
FEEDC01,18W000000000KFX2,FEEDC,FEED PENINSULA,Comercializadores mercado libre,FEED,FEEDC01,"0,1"
FEFRO,18W000000000NZOM,FRONTONES,UF PE FRONTONES,Eólica terrestre,IGNIS,EFRON,"48,8"
FEIRACO,18WFEIRACO-12-DE,FEIRACO,FEIRACO,Gas natural cogeneración,EGLE,TFEIRA,"7,3"
FEIXAI,18WFEIXAI-123--E,FEIXAI,18WFEIXAI-123--E,Fluyente,EGLE,HHIFRE,"1,5"
FEIXAII,18WFEIXAII-12--D,FEIXAII,18WFEIXAII-12--D,Fluyente,EGLE,HHIFRE,"9,9"
FEIXOS,18WFEIXOS-123-E0,FEIXOS,18WFEIXOS-123-E0,Eólica terrestre,EGLE,EESBGG,"7,9"
FEMCC01,18W-FEMCC01-4--S,MUSEROS,MUSEROS,Comercializadores mercado libre,FEMCV,FEMCC01,"2,2"
FEMORPC,18W000000000OII7,UFCG2GC,UFCG2GRUPOC,Gas natural cogeneración,REPP,EMORPC2,"4,2"
FENC01,18W-FENC01-86--T,FEN,FEN,Comercializadores mercado libre,FEN,FENC01,"4,0"
FENCINA,18W000000000O257,FENCINA,FV ENCINA DEL SOL,Solar fotovoltaica,ECYR,FEGPEV,"27,5"
FENEC01,18W000000000UFJR,FENERGAS,FENERGAS ENERGIA SL,Comercializadores mercado libre,FENER,FENEC01,"1,0"
FENERA,18W000000000UGGU,FENERA,FENERA,Solar fotovoltaica,EGLE,FFENER,"38,9"
FENPCX1,18W000000000OK00,PPC,PORFOLIOPC,Porfolio,FEN,FENPCX1,"9.999,0"
FENPVX1,18W000000000OJZ7,PORFOLIOV,PORFOLIOV,Porfolio,FEN,FENPVX1,"9.999,0"
FENVAT1,18W000000000SV2L,FENVAT1,FV ENVATIOS 1,Solar fotovoltaica,ECYR,FREGPEV,"32,6"
FENVAT2,18W000000000SV3J,FENVAT2,FV ENVATIOS 2,Solar fotovoltaica,ECYR,FREGPEV,"32,6"
FENVAT3,18W000000000SV4H,FENVAT3,FV ENVATIOS 3,Solar fotovoltaica,ECYR,FREGPEV,"32,6"
FERNAND,18WFERNAND-123-Y,FERNAND,18WFERNAND-123-Y,Fluyente,EGLE,HMICAN,"4,5"
FERREIR,18WFERREIR-123-B,FERREIR,P.E.FERREIRA 2,Eólica terrestre,IBGES,EHIBGES,"49,5"
FERRERI,18WFERRERI-123-2,FERRERI,CH FERRERÍAS,Fluyente,WMARK,HFWMARK,"1,9"
FERTIB1,18WFERTIB1-123-8,FERTIB1,FERTIBERIA,Energía residual,EGLE,TFERT1,"9,4"
FERVE2,18W000000000AZWL,FERVE2,FERVENZA 2,Hidráulica - No UGH,IGNIS,HXAL3,"6,3"
FERVEN,18W0000000009WYU,CH FERVENZ,CH FERVENZAS,Fluyente,ECYR,HEGPE3,"0,2"
FERVEZA,18WFERVEZA-12-AI,FERVEZA,FERVENZA,Embalse,IGNIS,HXAL4,"3,6"
FESC1,18W000000000PK9F,ESC1,ESCUDER1,Solar fotovoltaica,IGNIS,UPESC1,"44,3"
FESC2,18W000000000PKBB,ESCUDER 2,ELAWAN ESCUDEROS II,Solar fotovoltaica,IGNIS,UPESC2,"43,3"
FESC4,18W000000000PKF3,ESCU4,ESCUDEROS EW 4,Solar fotovoltaica,IGNIS,ESCU4,"44,3"
FESC5,18W000000000PKIY,ESCUDER5,FV ELAWAN ESCUDEROS V,Solar fotovoltaica,IGNIS,UPESC5,"33,6"
FESCU3,18W000000000PKD7,ESCUD3,FV ELAWAN ESCUDEROS III,Solar fotovoltaica,IGNIS,UPESC3,"44,3"
FESPARR,18W000000000NPQB,FESPARR,FV ESPARRAGAL,Solar fotovoltaica,ECYR,FESPARR,"42,3"
FESTREL,18W000000000O265,FESTREL,FV ESTRELLA SOLAR,Solar fotovoltaica,ECYR,FEGPEV,"27,5"
FFALA,18W000000000NZPK,FALAMO,UF PE FUENTE ALAMO,Eólica terrestre,IGNIS,EFALA,"48,6"
FFERA,18W000000000N78R,FSFERA,UF SF FOTOSFERA,Solar fotovoltaica,IGNIS,SFERA,"42,3"
FFGASN,18W000000000HWQE,FYGESTE,FYGESTE,Solar fotovoltaica,GNCO,FFGASN,"0,5"
FGEMINA,18W000000000NPLL,FGEMINA,FV GEMINA,Solar fotovoltaica,ECYR,FEGPEV,"39,8"
FHINO,18W000000000JFSG,UFHINOJOSA,UF SF HINOJOSA SOLAR,Solar fotovoltaica,IGNIS,HINOJ,"20,0"
FIBEREL,18W000000000NZIY,FIBEREL,FV IBERELECTRICA,Solar fotovoltaica,ECYR,FEGPEV,"6,0"
FINSASA,18WFINSASA-12-DJ,FINSASA,FINSA-SANTIAGO,Derivados del petróleo o carbón,EGLE,TCONOR,"23,9"
FISLA,18W000000000R6PH,FV LA ISLA,PFV LA ISLA,Solar fotovoltaica,TOTGA,SISLA,"4,2"
FJEREZS,18W000000000PHPT,FJEREZS,JEREZ SOLAR,Solar fotovoltaica,WMARK,FFWMARK,"5,5"
FKISSO,18W000000000N7AN,KISSORO,UF SF KISSORO,Solar fotovoltaica,IGNIS,SKISSO,"42,3"
FLAGAR,18W000000000L2U6,FLAGARES,UF BIOGAS EDAR LAGARES,Biogás,IGNIS,BLAGAR,"1,6"
FLAMC01,18W000000000BVJI,FLAMC01,FLAMC01,Consumos directos en mercado,FLAMA,FLAMC01,"1,4"
FLECC01,18W0000000001YEM,FLECC01,FLECC01,Consumos directos en mercado,FLECA,FLECC01,"0,6"
FLO1,18WFLO1-12345-AD,FLORIDA 1,LA FLORIDA 1,Fluyente,HC G,HCHI,"1,9"
FLO2,18WFLO2-12345-A3,FLORIDA 2,LA FLORIDA 2,Fluyente,HC G,HCHI,"1,9"
FLO3,18WFLO3-12345-AU,FLORIDA 3,LA FLORIDA 3,Fluyente,HC G,HCHI,"3,9"
FLOHT,18W000000000RLYS,FLOHT,HIDROTORNILLO PILOTUERTO,Fluyente,HC G,HCHI,"0,6"
FLORI,18W000000000GIY7,FLORI,FLORI,Solar fotovoltaica,SOMEN,SENFV1,"1,4"
FLORIDA,18WLAFLORIDA-12V,FLORIDA,CST LA FLORIDA,Solar térmica,IGNIS,UPFLORI,"49,9"
FLVEGA1,18W000000000H2HB,FLVEGA1,FV LA VEGA I,Solar fotovoltaica,ECYR,FEGPEV,"36,6"
FLVEGA2,18W000000000H2J7,FLVEGA2,FV LA VEGA II,Solar fotovoltaica,ECYR,FEGPEV,"36,6"
FLX1,18WFLX1-12345-AP,FLIX 1,FLIX 1,Embalse,ENDG,EBRFEN,"11,1"
FLX2,18WFLX2-12345-AF,FLIX 2,FLIX 2,Embalse,ENDG,EBRFEN,"10,4"
FLX3,18WFLX3-12345-A5,FLIX 3,FLIX 3,Embalse,ENDG,EBRFEN,"11,1"
FLX4,18WFLX4-12345-AW,FLIX 4,FLIX 4,Embalse,ENDG,EBRFEN,"11,1"
FM28AR,18W000000000OT26,FM28AR,FM28AR,Comercializadores mercado libre,FORTI,FORTR01,"1,0"
FM28GO,18W000000000OT0A,FM28GO,FM28GO,Comercializadores mercado libre,FORTI,FORTR01,"1,0"
FMANZA1,18W000000000PKSE,MANZA,MANZANARES FV EW,Solar fotovoltaica,IGNIS,UPMANZ1,"31,5"
FMINGL1,18W000000000NPEZ,FMINGL1,FV MINGLANILLA 1,Solar fotovoltaica,ECYR,FEGPEV,"42,0"
FMINGL2,18W000000000NPFX,FMINGL2,FV MINGLANILLA 2,Solar fotovoltaica,ECYR,FEGPEV,"42,0"
FMUDEJA,18W000000000QFAO,FV MUDEJAR,FV MUDEJAR,Solar fotovoltaica,ECYR,FEGPE1,"54,5"
FNARA,18W000000000JDQQ,NARANJILLA,UP LAS NARANJILLAS,Solar fotovoltaica,IGNIS,SNARA,"48,7"
FNARANJ,18W000000000H2GD,NARANJOS,FV LOS NARANJOS,Solar fotovoltaica,ECYR,FEGPEM,"41,9"
FNERTOB,18W000000000KM42,FNERTOB,FV NERTOBRIGA,Solar fotovoltaica,ECYR,FEGPEV,"40,6"
FNINOBE,18W000000000NZJW,FNINOBE,FV NINOBE,Solar fotovoltaica,ECYR,FEGPEV,"8,0"
FOLCH,18WFOLCH-12345-2,FOLCH,P.E. FOLCH,Eólica terrestre,MEDI,EMEDI,"49,5"
FOLCH2,18WFOLCH2-1234-A,FOLCH2,P.E. FOLCH II,Eólica terrestre,MEDI,EMEDI,"15,0"
FOMPED,18W000000000EW5V,FOMPED,FOMPED,Gas natural cogeneración,DETIC,COGFOMP,"4,0"
FONMN,18W000000000UOG6,FONMN,FONMN,Solar fotovoltaica,GNRA,UPFON,"2,7"
FONSAG,18WFONSAG-123-EN,FONSAG,P.E. FONSAGRADA,Eólica terrestre,EGED,EGREEN,"45,5"
FONTAN1,18WFONTAN1-12-A9,FONTAN1,FONTAN1,Fluyente,IBGES,HFIBGES,"6,0"
FONTAN2,18WFONTAN2-12-A2,FONTAN2,FONTAN2,Fluyente,IBGES,HFIBGES,"9,7"
FONTAN3,18WFONTAN3-12-AW,FONTAN3,C. H. FONTANAR 3,Fluyente,IBGES,HFIBGES,"13,6"
FONTE,18WFONTE-12345-M,FONTESILVA,PE FONTESILVA,Eólica terrestre,HC G,HCGSIHA,"28,8"
FONTEAV,18WFONTEAV-123-P,FONTEAV,P.E.FONTEAVIA 1ªFASE,Eólica terrestre,EGED,EPBUIO,"49,4"
FONTIVE,18W000000000M02R,FONTIVEROS,UF SOLAR FONTIVEROS,Solar fotovoltaica,NEXU,FNTVERO,"6,8"
FONZEDS,18W000000000UDD8,FONZEDS,PURINES EN FOMZ,Gas natural cogeneración,EGLE,TFONZ,"7,4"
FOPPI,18W000000000F0WW,FOPPI,FV-OPPIDUM,Solar fotovoltaica,OPPI,FOPPI,"0,0"
FORCADA,18WFORCADA-12-EX,FORCADA,P. E. PEÑA FORCADA,Eólica terrestre,ECYR,EEGPEM,"33,8"
FOREC18,18W000000000RU6K,FOREC18,FOREC18,Solar fotovoltaica,RSPRA,FFRSPRA,"4,0"
FOREL,18WFOREL-1234-DI,FOREL,FOREL,Gas natural cogeneración,DETIC,COGFORE,"5,3"
FOREP,18W000000000V0X3,FOREP,FOREP,Solar fotovoltaica,GNRA,UPFORT,"36,3"
FORESTA,18WFORESTA-123-0,FORESTA,FORESTAL DEL ATLÁNTICO,Derivados del petróleo o carbón,DETIC,TFOREST,"23,5"
FORGAS,18W000000000TVKI,FORGAS,FORGAS,Comercializadores mercado libre,SHELL,SESAR01,"1,0"
FORGELO,18WFORGELO-12-EH,FORGELO,P.E. DE FORGOSELO,Eólica terrestre,IBGES,EHIBGES,"24,4"
FORQUE2,18WFORQUE2-123-1,FORQUE2,P.E. LES FORQUES II,Eólica terrestre,GNCO,EGASNE1,"12,0"
FORQUES,18WFORQUES-123-4,FORQUES,P.E. LES FORQUES,Eólica terrestre,ECYR,EEGPEV,"30,0"
FORTC01,18W-FORTC01-3--F,COMCONS,COMPRA GRANDES CONSUMIDORES,Comercializadores mercado libre,FORTI,FORTC01,"2.500,0"
FOSUM,18W000000000IYIK,FOSUM,FOSUM,Solar fotovoltaica,GNRA,FVGNRA,"2,3"
FOTO1,18W000000000KPZ5,FOTO1,FOTON 1,Solar fotovoltaica,REPSB,FKAPPG,"38,0"
FOTO2,18W000000000KQ0Z,FOTO2,FOTON 2,Solar fotovoltaica,REPSB,FKAPPG,"37,9"
FOTO3,18W000000000LVJF,FOTO3,FOTON 3,Solar fotovoltaica,REPSB,FKAPPA,"30,3"
FOXC01,18W-FOXC01-33--4,FOXC01,FOX ENERGIA,Comercializadores mercado libre,FOX,FOXC01,"0,2"
FPADRON,18WFPADRON-123-W,FPADRON,FINSA-PADRON,Derivados del petróleo o carbón,EGLE,TFINS2,"15,7"
FPEEXXI,18W-FPEEXXI-1--Z,FPEEXXI,"END CUR  ( FOTOVOLTAICA, PRUEB",Solar fotovoltaica,EEXXI,FPEEXXI,"2,2"
FPEONUR,18W-FPEONUR-5--D,FPEONUR,"E.ON CUR ( FOTOVOLTAICA, PRUEB",Solar fotovoltaica,EONUR,FPEONUR,"0,1"
FPHCCUR,18W-FPHCCUR-3--2,FPHCCUR,"HC CUR ( FOTOVOLTAICA, PRUEBAS",Solar fotovoltaica,HCCUR,FPHCCUR,"0,0"
FPIBCUR,18W-FPIBCUR-8--I,FPIBCUR,"IB CUR  ( FOTOVOLTAICA, PRUEBA",Solar fotovoltaica,IBCUR,FPIBCUR,"1,5"
FPLEX,18W000000000N76V,SUNPLEX,UF SF SUNPLEX,Solar fotovoltaica,IGNIS,SPLEX,"42,3"
FPPALMA,18W000000000KM8V,FPPALMA,FV PUERTA PALMAS,Solar fotovoltaica,ECYR,FEGPEV,"39,8"
FPRS5,18W000000000JFD9,UFPUERTOL5,UNIDAD FSICA PUERTOLLANO 5,Solar fotovoltaica,IGNIS,SPRS5,"13,3"
FPRS6,18W000000000JFE7,UFPUERTOL6,UF RENOVALIA PUERTOLLANO 6,Solar fotovoltaica,IGNIS,SPRS6,"17,6"
FPRS7,18W000000000JFF5,UFPUERTOL7,UF RENOVALIA PUERTOLLANO 7,Solar fotovoltaica,IGNIS,SPRS7,"17,6"
FPRS8,18W000000000JFG3,UFPUERTOL8,UF RENOVALIA PUERTOLLANO 8,Solar fotovoltaica,IGNIS,SPRS8,"13,3"
FPRS9,18W000000000JFH1,UFPUERTOL9,UF RENOVALIA PUERTOLLANO 9,Solar fotovoltaica,IGNIS,SPRS9,"8,0"
FRAGA1,18W000000000USYW,FRAGA1,UF SOLAR FRAGA 1,Solar fotovoltaica,NEXU,FFRAGA1,"29,0"
FRAILA,18WFRAILA-123--O,FRAILA,18WFRAILA-123--O,Eólica terrestre,EGLE,EMTORR,"4,5"
FRANC0F,18W000000000QIMS,FRANC01,FRANK ENERGIA IBERIA,Comercializadores mercado libre,FRANK,FRANC01,"0,0"
FRASG,18W000000000QZFS,FRASG,FRASG,Solar fotovoltaica,GNRA,FVGNRA,"4,9"
FREBSCO,18W000000000VI71,REBUSCO,UF SOLAR REBUSCO,0,NEXU,FREBSCO,"0,7"
FREGENA,18W000000000RKIQ,FREGENA,PS FREGENAL DE LA SIERRA,Solar fotovoltaica,WMARK,PSFREGE,"22,8"
FREGP3,18W-FREGP3-30--Y,FVRDES1MW,FV REP DES <1MW,Solar fotovoltaica,ECYR,FREGP3,"0,0"
FREPP1,18WFREPP1-1234-5,CG1,COGENERACION CG1 PETRONOR,Gas natural cogeneración,REPP,TFREPP2,"37,9"
FREPP2,18WFREPP2-1234-Y,CG6,COGENERACIÓN CG6 PETRONOR,Gas natural cogeneración,REPP,TFREPP,"43,3"
FRESCA,18W000000000GOET,FRESCA,PE FRESCANO,Eólica terrestre,GNCO,EGASN2U,"23,9"
FREVUEL,18W000000000Q3EF,FREVUEL,FV LA REVUELTA,Solar fotovoltaica,ECYR,FEGPE5,"95,0"
FRI1,18WFRI1-12345-A7,FRIEIRA 1,FRIEIRA 1,Embalse,GNFG,UFMI,"80,5"
FRI2,18WFRI2-12345-AY,FRIEIRA 2,FRIEIRA 2,Embalse,GNFG,UFMI,"80,1"
FRICHE,18W000000000PZT4,CASARICHE,FV CASARICHE,Solar fotovoltaica,IGNIS,SFECAB,"1,8"
FRIEIRA,18WFRIEIRA-123-L,HFGASN,APROVECHAMIENTO HIDROELECTRICO,Embalse,GNCO,HFGASN,"17,5"
FRIGNOR,18WFRIGNOR-123-9,FRIGNOR,FRIGORIFICOS DEL NOROESTE,Derivados del petróleo o carbón,EGLE,TFRIGN,"13,1"
FRIMANC,18W000000000QJIX,FRIMANC,FRIMANC,Gas natural cogeneración,DETIC,COGFRIM,"9,6"
FRLIX,18W000000000P4PV,FRLIX,FRLIX,Solar fotovoltaica,GNRA,FVFRA,"40,2"
FROCINA,18W000000000NPPD,FROCINA,FV ROCINANTE,Solar fotovoltaica,ECYR,FROCINA,"98,0"
FRODRI,18W000000000AI2L,RODRI,DRODRIGO,Solar fotovoltaica,GESTE,FDRODRI,"148,3"
FRODRI2,18W000000000GTAM,FRD2,FRDO2,Solar fotovoltaica,GESTE,FDRODR2,"40,3"
FRV1,18WFRV1-12345-AC,FERVENG1,FERVENZA GRUPO1,Embalse,GNFG,UFGC,"1,5"
FSAGRA,18W000000000PZU2,SAGRA,SAGRA,Solar fotovoltaica,IGNIS,SFECAB,"1,8"
FSALADA,18WFSALADA-123-Q,FSALADA,FUENTE SALADA FASE 1,Eólica terrestre,IBGES,EHIBGES,"46,4"
FSANANT,18W000000000KMAR,FSANANT,SAN ANTONIO,Solar fotovoltaica,ECYR,FEGPEM,"26,4"
FSANTA,18WFSANTA-1234-N,FSANTA,FSANTA,Fluyente,IBGES,HFIBGES,"8,0"
FSEDEIS,18W000000000NZKU,FSEDEIS,FV SEDEIS V,Solar fotovoltaica,ECYR,FEGPEV,"36,9"
FSEGROG,18W000000000RZ57,FV SEGRO G,FV SEGRO GRANOLLERS,Solar fotovoltaica,CONEC,FSEGRO,"2,0"
FSEZUEL,18W000000000LI90,FSEZUEL,SERREZUELA,Solar fotovoltaica,NEXU,SEZUELA,"5,4"
FSOLCAS,18W000000000KM9T,FSOLCAS,FV SOL CASAQUEMADA,Solar fotovoltaica,ECYR,FEGPEV,"42,0"
FSOLMA,18W000000000PRTS,FYEONUR,"E.ON CUR ( TARIFA, FOTOVOLTAIC",Solar fotovoltaica,VIEE,FSOLMA,"1,1"
FSOMA,18W000000000N099,FSOMA,UF SF LA ASOMADA,Solar fotovoltaica,TOTGA,SSOMA,"4,2"
FTCRVIG,18W000000000NAY3,VALLE NF,VALLE INFERIOR GUADAL,Solar fotovoltaica,GNRA,UPCRVI,"6,0"
FTERC01,18W-FTERC01-2--1,FORESTA,FORESTA TERRENOS SL,Consumos directos en mercado,FORTE,FTERC01,"0,8"
FTIERRA,18W000000000NPR9,FTIERRA,FV TIERR,Solar fotovoltaica,ECYR,FEGPEV,"43,6"
FTORREC,18W000000000NZD7,FTORREC,FV TORRECILLA,Solar fotovoltaica,ECYR,FEGPEV,"42,0"
FTORREP,18W000000000KMBP,FTORREP,TORREPALMA,Solar fotovoltaica,ECYR,FEGPEM,"20,0"
FTREVAG,18W000000000NZF3,FTREVAG,FV TREVAGO TIERRA DE AGREDA,Solar fotovoltaica,ECYR,FTREVAG,"29,9"
FTREVEU,18W000000000NZE5,FTREVEU,FV TREVAGO EUGENIA,Solar fotovoltaica,ECYR,FTREVAG,"30,0"
FTUDELA,18WFTUDELA-123-X,FTUDELA,FOTOVOLTAICA TUDELA,Solar fotovoltaica,EGED,FFEGED,"1,2"
FTULC01,18W-FTULC01-3--2,FORTU PEN,FORTULUZ PENINSULAR,Comercializadores mercado libre,FORTU,FTULC01,"1,0"
FUARENA,18WPEFUENARENA-K,FUARENA,P.E. FUENTE DE LA ARENA,Eólica terrestre,EGED,EGREEN1,"32,0"
FUDEPOR,18WFUDEPOR-123-U,FUDEPOR,FUDEPOR,Gas natural cogeneración,EGLE,TFUDEP,"15,0"
FUENDE1,18WFUENDE1-12-EM,FUENDE1,P. E. FUENDETODOS,Eólica terrestre,IBGES,EHIBGES,"46,0"
FUENDE2,18WFUENDE2-12-EF,FUENDE2,P. E. FUENDETODOS II,Eólica terrestre,IBGES,EHIBGES,"47,2"
FUENSAN,18WFUENSAN-12-EO,FUENSAN,P. E. LA FUENSANTA,Eólica terrestre,GNCO,EGASNE0,"49,5"
FUENTE,18W0000000000Y65,FUENTESS,FFUENTE DEL ANO,Solar fotovoltaica,GESTE,FVFUENT,"2,5"
FUENTE1,18W000000000PV9J,FUENTE1,FUENTE1,Solar fotovoltaica,SHEEN,SHEPV17,"15,0"
FUENTE2,18W000000000PVAH,FUENTE2,FUENTE2,Solar fotovoltaica,SHEEN,SHEPV18,"41,3"
FUENTE3,18W000000000PVBF,FUENTE3,FUENTE3,Solar fotovoltaica,SHEEN,SHEPV19,"41,3"
FUENTE4,18W000000000PVCD,FUENTE4,FUENTE4,Solar fotovoltaica,SHEEN,SHEPV20,"14,3"
FUEPSP6,18W000000000TZOZ,FUEPSP6,FUEPSP6,Solar fotovoltaica,SOLRC,FFUEPSP,"9,9"
FUNDICI,18W000000000SF5Q,FUNDICI,FUNDICI HIVE,Solar fotovoltaica,EGLE,FFUNDI,"42,6"
FUNVC01,18W000000000UTFU,FUNVC01,FUNVC01,Consumos directos en mercado,NENAP,FUNVC01,"0,6"
FUSEC01,18W000000000TUGT,COM-PEN,COMERCIALIZADORA PENINSULA,Comercializadores mercado libre,FUSEE,FUSEC01,"0,5"
FUTETEM,18W-FUTETEM-3--0,FUTETEM,FOTOVOLTAICA UTETEM,Solar fotovoltaica,EGED,FUTETEM,"0,2"
FV0058,18W000000000T1SI,FV0058,FV0058,Solar fotovoltaica,CLIDM,CLIFV58,"17,1"
FV1014,18W000000000K82B,FV1014,FV1014,Solar fotovoltaica,NEXU,FLAISLA,"157,5"
FV1020,18W000000000NH45,FV1020,FV1020,Solar fotovoltaica,NEXU,FLOCABA,"4,0"
FV1021,18W000000000NH53,FV1021,FV1021,Solar fotovoltaica,NEXU,FLILLAN,"2,0"
FV1022,18W000000000NH61,FV1022,FV1022,Solar fotovoltaica,NEXU,FCNTRAS,"3,0"
FV1023,18W000000000NH8Y,FV1023,FV1023,Solar fotovoltaica,NEXU,FTURBIN,"2,0"
FV1024,18W000000000NH9W,FV1024,FV1024,Solar fotovoltaica,NEXU,FLSENIA,"1,1"
FV1026,18W000000000NJGC,FV1026,FV1026,Solar fotovoltaica,ELEIA,CLIFV21,"4,2"
FV1051,18W000000000O9KU,FV1051,FV1051,Solar fotovoltaica,GNRA,UPOLIVA,"44,0"
FV1052,18W000000000OL2U,FV1052,FV1052,Solar fotovoltaica,CLIDM,CLIFV30,"40,7"
FV1053,18W000000000OL4Q,FV1053,FV1053,Solar fotovoltaica,CLIDM,CLIFV31,"40,7"
FV1054,18W000000000OL6M,FV1054,FV1054,Solar fotovoltaica,CLIDM,CLIFV32,"40,2"
FV1059,18W000000000P229,FV1059,FV1059,Solar fotovoltaica,CLIDM,CLIFV35,"10,0"
FV1067,18W000000000PM7D,FV1067,FV1067,Solar fotovoltaica,EFG,FGEFG,"4,8"
FV1073,18W000000000Q4EC,FV1073,FV1073,Solar fotovoltaica,CLIDM,CLIFV45,"16,8"
FV1077,18W000000000QFSP,FV1077,FV1077,Solar fotovoltaica,IGNIS,UPTALAF,"30,0"
FV1080,18W000000000QTI3,FV1080,FV1080,Solar fotovoltaica,IGNIS,UPARRO,"30,0"
FV1081,18W000000000QZKI,FV1081,FV1081,Solar fotovoltaica,CLIDM,CLIFV10,"1,3"
FV1082,18W000000000R1ZC,FV1082,FV1082,Solar fotovoltaica,EFG,UPENE03,"4,1"
FV1087,18W000000000R84G,FV1087,FV1087,Solar fotovoltaica,CLIDM,CLIFV53,"16,8"
FV1088,18W000000000R85E,FV1088,FV1088,Solar fotovoltaica,CLIDM,CLIFV54,"22,4"
FV1089,18W000000000RLIN,FV1089,FV1089,Solar fotovoltaica,CLIDM,CLIFV10,"1,0"
FV1090,18W000000000RP9T,FV1090,FV1090,Solar fotovoltaica,CLIDM,CLIFV55,"39,0"
FV3ETAP,18W000000000R1XG,FV3ETAPTER,FV 3 ETAP TER DIPOSIT,Solar fotovoltaica,ENEDJ,ERPCFV0,"1,1"
FVABUZA,18W000000000S82G,FVABUZA,FV ABUZADERAS,Solar fotovoltaica,WMARK,FFWMARK,"3,0"
FVAHP,18W000000000VADD,HAMPV01,HAMPV01,Solar fotovoltaica,ACENH,FVAHP,"0,2"
FVALAM,18W000000000G090,FVALAMO,FV FUENTE ALAMO,Solar fotovoltaica,NEXU,FFALAMO,"7,0"
FVALBUE,18W000000000SVNG,FVALBUE,FV VALBUENA,Solar fotovoltaica,IBGES,FFIBGES,"35,4"
FVALBUJ,18W000000000T9YJ,FVALBUJ,FVALBUJ,Solar fotovoltaica,WMARK,FFWMARK,"3,7"
FVALCAI,18W000000000S8XS,FVALCAI,LANCASTER LOS ALCAZARES I,Solar fotovoltaica,WMARK,FVALCAZ,"4,7"
FVALCII,18W000000000S8YQ,FVALCII,CARDIFF LOS ALCAZARES II,Solar fotovoltaica,WMARK,FVALCAI,"2,0"
FVALP11,18W000000000SQ5U,FVALP11,FVALP11,Solar fotovoltaica,HISPE,FALP11,"23,0"
FVALP12,18W000000000SVHS,FVALP12 ,FVALP12,Solar fotovoltaica,HISPE,FALP12,"7,2"
FVALP13,18W000000000SVIQ,FVALP13,FVALP13,Solar fotovoltaica,HISPE,FALP13,"9,0"
FVALP14,18W000000000T6GR,FVALP14,FVALP14,Solar fotovoltaica,HISPE,FALP14,"8,0"
FVALP15,18W000000000T6HP,FVALP15,FVALP15,Solar fotovoltaica,HISPE,FALP15,"8,0"
FVALP16,18W000000000T6IN,FVALP16,FVALP16,Solar fotovoltaica,HISPE,FALP16,"30,0"
FVALP18,18W000000000TGT8,FVALP18,FVALP18,Solar fotovoltaica,HISPE,FALP18,"45,0"
FVALP19,18W000000000TGU6,FVALP19,FVALP19,Solar fotovoltaica,HISPE,FALP19,"40,0"
FVALP20,18W000000000TGV4,FVALP20,FVALP20,Solar fotovoltaica,HISPE,FALP20,"40,0"
FVALP21,18W000000000TN9R,FVALP21,FVALP21,Solar fotovoltaica,HISPE,FALP21,"19,6"
FVALP22,18W000000000U2RD,FVALP22,FVALP22,Solar fotovoltaica,HISPE,FALP22,"25,2"
FVALP23,18W000000000UIWT,FVALP23,FVALP23,Solar fotovoltaica,HISPE,FALP23,"6,0"
FVALP25,18W000000000UJ0G,FVALP25,FVALP25,Solar fotovoltaica,HISPE,FALP25,"5,0"
FVALP29,18W000000000VBX7,FVALP29,FVALP29,Solar fotovoltaica,HISPE,FALP29,"80,3"
FVALZ,18W000000000KN31,FVALZ,FV ALMARAZ,Solar fotovoltaica,IBGES,FBALZ4V,"36,0"
FVALZII,18W000000000KN5Y,FVALZII,FV ALMARAZ II,Solar fotovoltaica,IBGES,FBALZ5V,"36,0"
FVAND1,18W000000000T5MI,FVAND1,SFV ANDUJAR I,Solar fotovoltaica,GNCO,FFFGASN,"32,6"
FVAND3,18W000000000T5OE,FVAND3,SFV ANDUJAR 3,Solar fotovoltaica,GNCO,FFFGASN,"17,1"
FVARBO,18W000000000SBST,ARBOTANTE,ARBOTANTE SOLAR,Solar fotovoltaica,TOTGA,FVARBO,"45,0"
FVARENA,18W000000000MQ3L,FVARENA,FV ARENALES,Solar fotovoltaica,IBGES,FIBGEAR,"106,0"
FVARMUS,18W000000000OMKS,FVARMUS,18W000000000OMKS,Solar fotovoltaica,EGLE,FFV124,"43,7"
FVAVILA,18W000000000S83E,FVAVILA,FV AVILA,Solar fotovoltaica,WMARK,FFWMARK,"2,0"
FVBALSI,18W000000000UKIE,FVBALSI,FV BALSICAS,Solar fotovoltaica,IBGES,FIBGEBA,"76,0"
FVBARDE,18W000000000NDU2,BDRNAS,BARDENASS,Solar fotovoltaica,GESTE,FBRDENS,"2,0"
FVBATTO,18W000000000S46K,BATFV,PARSOSY BATTOS FV,Solar fotovoltaica,ELEIA,BATTOS,"2,9"
FVCAL,18W000000000OXAF,CALATORAO,FV CALATORAO,Solar fotovoltaica,ASIE,FVASIE5,"41,2"
FVCALER,18W000000000RHSF,FVCALER,PFV CALERA,Solar fotovoltaica,EGLE,FDUNAS,"17,0"
FVCAMPO,18W000000000MF87,FVCAMPO,FV CAMPO ARAÑUELO III,"Híb. Renov., Almacena",IBGES,FIBGECA,"31,0"
FVCAND,18W000000000O9Y2,FVCAND,SFV CANREDONDO,Solar fotovoltaica,GNCO,FGASNE2,"20,0"
FVCAP01,18W000000000V1C5,FVCAP01,FV SOLAR CAPARACENA 1,Solar fotovoltaica,EGLE,FATCAP,"22,0"
FVCAR2,18W000000000RSBG,FV 50MW,FV MAYOR 1MW,Solar fotovoltaica,FEN,CR2FEN,"48,5"
FVCAR3,18W000000000RSCE,FOT 50MW,FOT MAYOR 1MW,Solar fotovoltaica,FEN,CR3FEN,"48,5"
FVCAR4,18W000000000T56D,FOT50,FOT MAYOR 1MW,Solar fotovoltaica,FEN,CR4FEN,"48,7"
FVCARR,18W000000000SDI6,CARRASCOSA,LA CARRASCOSA,Solar fotovoltaica,TOTGA,FVCAR,"42,6"
FVCASA7,18W000000000UZGA,CASAF VII,CASAFUERTE VII,Solar fotovoltaica,ELEIA,CASAVII,"40,0"
FVCASAI,18W000000000UZ9O,CASAF I,CASAFUERTE I,Solar fotovoltaica,ELEIA,CASAI,"41,9"
FVCASII,18W000000000UZBK,CASAF II,CASAFUERTE II,Solar fotovoltaica,ELEIA,CASAII,"31,2"
FVCASIX,18W000000000UZI6,CASAF IX,CASAFUERTE IX,Solar fotovoltaica,ELEIA,CASAIX,"30,0"
FVCAST5,18W000000000JZ60,FVCAST5,FV CASTELLON,Solar fotovoltaica,IBGES,FFIBGES,"2,9"
FVCASTE,18W000000000PTUK,FVCASTE,FVCASTE,Solar fotovoltaica,WMARK,FFWMARK,"2,8"
FVCASVI,18W000000000UZEE,CASAF VI,CASAFUERTE VI,Solar fotovoltaica,ELEIA,CASAVI,"39,7"
FVCEDIL,18W000000000R1AP,FVCEDIL,FV CEDILLO,Solar fotovoltaica,IBGES,FIBGECE,"267,0"
FVCERV1,18W000000000S4QH,FVCERV1,FV CERVERA 1,Solar fotovoltaica,EFG,FGEFG,"4,2"
FVCESPE,18W000000000RF11,FVCESPE,FV CESPEDERA,Solar fotovoltaica,IBGES,FHIBGES,"19,1"
FVCHILL,18W000000000S8UY,FVCHILL,CHILLARON DE CUENCA,Solar fotovoltaica,WMARK,FFWMARK,"1,5"
FVCID1,18W000000000V5MA,FVCID1,CASTILLO CID 1,Solar fotovoltaica,ELEIA,CID1,"4,0"
FVCID2,18W000000000V5O6,FVCID2,CASTILLO CID 2,Solar fotovoltaica,ELEIA,CID2,"2,0"
FVCID3,18W000000000V5Q2,FVCID3,CASTILLO CID 3,Solar fotovoltaica,ELEIA,CID3,"0,4"
FVCID4,18W000000000V5SZ,FVCID4,CASTILLO CID 4,Solar fotovoltaica,ELEIA,CID4,"0,7"
FVCOF1,18W000000000V9K2,FVCOF1,FVCNCOFRENTES,Solar fotovoltaica,IBGES,FVCOF,"1,7"
FVCORNI,18W000000000RY4C,FVCORNI,FV CORNICABRA,Solar fotovoltaica,IBGES,FHIBGES,"35,0"
FVCOTIL,18W000000000S8WU,FVCOTIL,LAS TORRES DE COTILLAS,Solar fotovoltaica,WMARK,FVCOTIL,"3,3"
FVCRISO,18W000000000RGMU,CRISOL FOT,CRISOL EKHI FOTO,Solar fotovoltaica,ELEIA,CRISOL,"10,0"
FVCRODR,18W000000000THOF,FVCRODR,FV CIUDAD RODRIGO,Solar fotovoltaica,IBGES,FIBGECR,"236,0"
FVCTURA,18W000000000QNWU,FVCTURA,UF SOLAR CASTUERA,Solar fotovoltaica,NEXU,FCTUERA,"1,5"
FVCUEII,18W000000000S8VW,FVCUEII,CUENCA II,Solar fotovoltaica,WMARK,FFWMARK,"3,0"
FVCUIII,18W000000000S84C,FVCUIII,FV CUENCAIII,Solar fotovoltaica,WMARK,FFWMARK,"1,1"
FVDNR,18W000000000SPBL,PFV DNR,PSF DNR,Solar fotovoltaica,TOTGA,FVDNR,"46,2"
FVDUL,18W000000000QZ0L,FVDUL,FVDUL,Solar fotovoltaica,GNRA,FVGNRA,"2,3"
FVEIBC1,18W000000000R888,FYEEXXI,"END CUR  ( TARIFA, FOTOVOLTAIC",Solar fotovoltaica,IBGES,FVEIBC1,"1,8"
FVEMINN,18W000000000Q3GB,FVEMINN,FVEMINN,Solar fotovoltaica,ECYR,FVEMINN,"124,0"
FVENCA,18W000000000T5IQ,FVENCA,SFV ENCARNACIONES,Solar fotovoltaica,GNCO,FFFGASN,"40,6"
FVENCI,18W000000000RFVF,FVENCI,SFV ENCINAR I,Solar fotovoltaica,GNCO,FGASN2U,"41,6"
FVERACR,18W000000000KM7X,FVERACR,FV VERACRUZ,Solar fotovoltaica,ECYR,FEGPE4,"39,9"
FVESPLI,18W000000000RY3E,FVESPLI,FV ESPLIEGO,Solar fotovoltaica,IBGES,FHIBGES,"30,0"
FVETAPL,18W000000000QOKE,FVETAPLLOB,FV ETAP LLOBREGAT,Solar fotovoltaica,ENEDJ,ERPCFV0,"2,8"
FVETAPT,18W000000000QON8,ETAPTER4,ETAPTER DIPOSIT 4,Solar fotovoltaica,ENEDJ,ERPCFV0,"1,1"
FVFIRA2,18W000000000S7EW,FVFIRA2000,FVFIRA2000,Solar fotovoltaica,ENEDJ,ERPCFV0,"3,3"
FVFIRAB,18W000000000S7DY,FVFIRABCN,FVFIRABCN,Solar fotovoltaica,ENEDJ,ERPCFV0,"1,0"
FVFUENT,18W000000000SVPC,FVFUENT,FV FUENTES,Solar fotovoltaica,IBGES,FFIBGES,"34,0"
FVFUTUC,18W000000000S9P4,HIBFUTUCER,HIBRIDACION FUTUCER,"Híb. Renov., Term. No Renov",LMER,HIBFUTU,"5,6"
FVHERRE,18W000000000V5UV,HERRE3,HERRERA 3,Solar fotovoltaica,ELEIA,HERRE3,"70,6"
FVILLAR,18W000000000QS13,FVILLAR,FV VILLARINO,Solar fotovoltaica,IBGES,FIBGEVI,"37,5"
FVIREY,18W000000000RTLU,FVIREY,SFV VILLANUEVA REY,Solar fotovoltaica,GNCO,FGASN2U,"45,9"
FVIRGN3,18W000000000S09Q,FVIRGN3,FV VIRGEN DE AREÑOS III,Solar fotovoltaica,IBGES,FHIBGES,"38,0"
FVITAML,18W000000000QOLC,FVITAMLLOB,FV ITAM LLOBREGAT,Solar fotovoltaica,ENEDJ,ERPCFV0,"1,2"
FVITEC,18W000000000O67S,FYEEXXI,"END CUR  ( TARIFA, FOTOVOLTAIC",Solar fotovoltaica,VITEC,FVITEC,"3,4"
FVITEC3,18W000000000V9NX,FYEEXXI,"END CUR  ( TARIFA, FOTOVOLTAIC",Solar fotovoltaica,VITEC,FVITEC3,"0,8"
FVJERT,18W000000000QJU9,FVJERT,SFV PUERTA JERTE,Solar fotovoltaica,GNCO,FGASN2U,"22,7"
FVJUMI,18W000000000SEMW,FVJUMI,FVJUMI,Solar fotovoltaica,GNCO,FGASN2U,"30,0"
FVLANGA,18W000000000PTRQ,FVLANGA,FVLANGA,Solar fotovoltaica,WMARK,FFWMARK,"0,9"
FVLAST,18W000000000G9V3,LSTRA,FOTLASTRA,Solar fotovoltaica,GESTE,FLASTRA,"1,3"
FVLAUEI,18W000000000OWTH,FVLAUEIF,UNIDAD FISICA DE FVLAUEI,Solar fotovoltaica,LAUEI,FVLAUEI,"3,2"
FVMANAN,18W000000000SVOE,FVMANAN,FV MANANTIALES I,Solar fotovoltaica,IBGES,FFIBGES,"20,5"
FVMANG,18W000000000T5KM,FVMANG,SFV MANGOS,Solar fotovoltaica,GNCO,FFFGASN,"40,6"
FVMONR,18W000000000G3SR,FVMONRERA,FV MONRERA,Solar fotovoltaica,NEXU,FFNEXU,"1,8"
FVMULA3,18W000000000VEHU,MULA 3,LA MULA 3,Solar fotovoltaica,ELEIA,MULA3,"54,6"
FVNAIP,18W000000000RLZQ,FVNAIP,SFV NAIPES,Solar fotovoltaica,GNCO,FGASN2U,"41,6"
FVNAIP2,18W000000000ROXL,SFV NAIPES,SFV NAIPES2,Solar fotovoltaica,GNCO,FGASN2U,"41,6"
FVNORI,18W000000000SDH8,LA NORIA,FV LA NORIA,Solar fotovoltaica,TOTGA,FVNORI,"42,6"
FVOCA,18W000000000SEOS,FVOCA,SFV OCAÑA,Solar fotovoltaica,GNCO,FFFGASN,"43,0"
FVOLM,18W000000000QYZS,FVOLM,FVOLM,Solar fotovoltaica,GNRA,FVGNRA,"40,7"
FVOLMED,18W000000000PTTM,FVOLMED,FVOLMED,Solar fotovoltaica,WMARK,FFWMARK,"1,7"
FVORIOL,18W000000000LFHU,FVORIOL,FVORIOL,Solar fotovoltaica,IBGES,FIBGEOR,"237,0"
FVPENA,18W000000000RF03,FVPENA,FV PEÑARRUBIA,Solar fotovoltaica,IBGES,FIBGEPE,"41,1"
FVPILA,18W000000000SA46,PILASTRA S,PILASTRA SOLAR,Solar fotovoltaica,TOTGA,FVPILA,"40,0"
FVPILAR,18W000000000M3IN,FV PILAR,FV PILAR DE LA HIORADADA,Solar fotovoltaica,DREUA,FDREU06,"2,0"
FVPIX,18W000000000TTS8,FVPIX,FVPIX,Solar fotovoltaica,GNRA,UPSON3,"1,4"
FVPLAZA,18W000000000THD0,FVPLAZA1,PLAZA1FV,Solar fotovoltaica,ELEIA,PLAZA1,"21,0"
FVPOLEO,18W000000000RY2G,FVPOLEO,FV POLEO,Solar fotovoltaica,IBGES,FHIBGES,"35,0"
FVPOST,18W000000000SA38,POSTIGO SO,POSTIGO SOLAR,Solar fotovoltaica,TOTGA,FVPOST,"40,0"
FVRIOJA,18W000000000ODZP,FVRIOJA,FVRIOJA,Solar fotovoltaica,LMER,FVRIOJA,"1,7"
FVROM1,18W000000000SXKG,ROMERAL 1,FV EL ROMERAL 1,Solar fotovoltaica,TOTGA,FVROM1,"9,0"
FVROM2,18W000000000SXMC,FVROM2,ROMERAL2,Solar fotovoltaica,TOTGA,FVROM2,"9,0"
FVROME,18W000000000N1MH,FVROME,FV ROMERAL,Solar fotovoltaica,IBGES,FBIROHV,"37,7"
FVROMR,18W000000000T5JO,FVROMR,SFV ROMERA,Solar fotovoltaica,GNCO,FFFGASN,"40,6"
FVSAL1,18W000000000SVQA,FVSAL1,FV SALINAS I,Solar fotovoltaica,IBGES,FFIBGES,"37,6"
FVSAL2,18W000000000SVR8,FVSAL2,FV SALINAS II,Solar fotovoltaica,IBGES,FFIBGES,"37,6"
FVSAL3,18W000000000SVS6,FVSAL3,FV SALINAS III,Solar fotovoltaica,IBGES,FFIBGES,"37,6"
FVSMITH,18W000000000P7QK,FVSMITH,FVSMITH,Solar fotovoltaica,WMARK,FFWMARK,"2,4"
FVSOLAN,18W000000000RZVT,FVSOL,LAS SOLANAS FOTOVOL,Solar fotovoltaica,ELEIA,SOLANAS,"4,9"
FVSOLM,18W000000000T5LK,FVSOLM,SFV SOL MORON,Solar fotovoltaica,GNCO,FFFGASN,"48,3"
FVSOTO,18W000000000US4I,ECOLEVANTE,ECOSOLAR LEVANTE,Solar fotovoltaica,ELEIA,SOTOSOL,"4,0"
FVSUNRI,18W000000000UVQ2,FVSUNRISE,UF SOLAR SUNRISE,Batería electroquímica,NEXU,FSUNRIS,"1,0"
FVTAGUS,18W000000000S9VT,FVTAGUS,FVTAGUS,Solar fotovoltaica,IBGES,FIBGETA,"305,7"
FVTECLA,18W000000000SJXW,FVTECLAS,LAS TECLAS FV,Solar fotovoltaica,ELEIA,TECLAS,"4,9"
FVTERUE,18W000000000KPAI,FVTERUE,FVTERUEL,Solar fotovoltaica,IBGES,FIIBGES,"38,1"
FVVAL1,18W000000000SBJA,VALIENTES ,FV VALIENTES 1,Solar fotovoltaica,TOTGA,FVVAL1,"9,0"
FVVAL2,18W000000000SBO0,VALIENTES2,FV VALIENTES 2,Solar fotovoltaica,TOTGA,FVVAL2,"3,6"
FVVEGA,18W000000000T4V3,FOT 5 MW,FOT MAYOR DE 1 MW,Solar fotovoltaica,FEN,VEGFEN,"4,5"
FVVIDRE,18W000000000V03Q,FVVIDRERES,FV VIDRERES,Solar fotovoltaica,ENEDJ,ERPCFV0,"2,8"
FVVINAS,18W000000000SDZ9,VINASFV,VINAS FOTOVOLTAICA,Solar fotovoltaica,ELEIA,VINAS,"2,3"
FVZAFRA,18W000000000UTB1,FVZAFRA,18W000000000UTB1,Solar fotovoltaica,EGLE,FSUNZAF,"3,8"
FVZON,18W000000000VGVX,FVZON,FVZON,Solar fotovoltaica,WMARK,UPWM274,"10,0"
FVZOR1,18W000000000SEPQ,FVZOR1,SFV ZORITA I,Solar fotovoltaica,GNCO,FFFGASN,"43,0"
FVZOR2,18W000000000SEQO,FVZOR2,SFV ZORITA II,Solar fotovoltaica,GNCO,FFFGASN,"43,0"
FVZORIT,18W000000000PTVI,FVZORIT,FVZORIT,Solar fotovoltaica,WMARK,FFWMARK,"2,5"
FXRSPRE,18W0000000007NVY,FYEFG,FYEFG,Solar fotovoltaica,RSPRE,FXRSPRE,"0,6"
FYAGENT,18W-FYAGENT-8--C,FYAGENT,"AGENT( FOTOVOL,TARI,NO EXENTO)",Solar fotovoltaica,AGENT,FYAGENT,"2,0"
FYAGREN,18W000000000RR04,FYAGREN,FYAGREN,Solar fotovoltaica,AGREN,FYAGREN,"0,2"
FYAME,18W000000000A46I,FPEEXXI,"END CUR  ( FOTOVOLTAICA, PRUEB",Solar fotovoltaica,AME,FYAME,"1,1"
FYASIE,18W-FYASIE-76--9,FOTVREGESP,FOTOVOLTAICA RETRIBUCION ESPEC,Solar fotovoltaica,ASIE,FYASIE,"0,0"
FYATENC,18W000000000TJCX,FYATENC,FYATENC,Solar fotovoltaica,ATENC,FYATENC,"3,9"
FYATLAS,18W000000000KCJ2,FYEEXXI,"END CUR  ( TARIFA, FOTOVOLTAIC",Solar fotovoltaica,ATLAS,FYATLAS,"2,2"
FYBSG,18W000000000BLID,FYBSG,FYBSG,Solar fotovoltaica,BSGEA,FYBSG,"14,0"
FYCEDSL,18W000000000UORL,FYCEDSL,FYCEDSL,Solar fotovoltaica,CEDSL,FYCEDSL,"4,5"
FYCEG,18W-FYCEG-640--B,FYCEG,"CEG ( FOTOV,TARIFA,NO EXENTO)",Solar fotovoltaica,CEG,FYCEG,"44,6"
FYCESOS,18W000000000R4JZ,FYEDPCL,UP FOTOVOLTAICA EDPCL,Solar fotovoltaica,CESOS,FYCESOS,"0,5"
FYCEXXI,18W000000000FE65,FYEEXXI,"END CUR  ( TARIFA, FOTOVOLTAIC",Solar fotovoltaica,EEXXI,FYCEXXI,"0,0"
FYCLIDM,18W-FYCLIDM-5--2,RETMAYOR15,REGIMEN ESPECIAL TARIFA >15,Solar fotovoltaica,CLIDM,FYCLIDM,"2,4"
FYCR01,18W000000000QO73,FYCR01,FYCR01,Comercializadores mercado libre,ENDCO,ENDER01,"1,0"
FYCYE,18W-FYCYE-591--9,UPRREFVCD,UPRREFVCD,Solar fotovoltaica,CYE,FYCYE,"13,0"
FYDETIC,18W-FYDETIC-1--8,FYDETIC,FYDETIC,Solar fotovoltaica,DETIC,FYDETIC,"3,6"
FYEBLCO,18W-FYEBLCO-4--A,FYEBLCO,FYEBLCO,Solar fotovoltaica,EBLCO,FYEBLCO,"5,5"
FYECLA,18WFYECLA-123--U,FYECLA,UF SOLAR YECLA 1,Solar fotovoltaica,NEXU,FFYECL1,"2,7"
FYECLA2,18WFYECLA2-123-I,FYECLA2,UF SOLAR YECLA 2,Solar fotovoltaica,NEXU,FFYECL2,"2,4"
FYECLA3,18WFYECLA3-123-B,FYECLA3,UF SOLAR YECLA 3,Solar fotovoltaica,NEXU,FFYECL3,"2,4"
FYEEXXI,18W-FYEEXXI-3--2,FYEEXXI,"END CUR  ( TARIFA, FOTOVOLTAIC",Solar fotovoltaica,EEXXI,FYEEXXI,"819,4"
FYEFG,18W-FYEFG-784--E,FYEFG,FYEFG,Solar fotovoltaica,EFG,FYEFG,"67,3"
FYEGED,18W000000000Q0M8,FYIBCUR,"IB CUR  ( TARIFA, FOTOVOLTAICA",Solar fotovoltaica,EGED,FYEGED,"0,8"
FYEGLE,18W-FYEGLE-20--S,FYEGLE,"EGLE( FOTOVOL,TARIF,NO EXENTO)",Solar fotovoltaica,EGLE,FYEGLE,"8,0"
FYENDG,18W-FYENDG-54--L,FYENDG,FYENDG,Solar fotovoltaica,ENDG,FYENDG,"0,3"
FYEONUR,18W-FYEONUR-2--0,FYEONUR,"E.ON CUR ( TARIFA, FOTOVOLTAIC",Solar fotovoltaica,EONUR,FYEONUR,"2,4"
FYFEN,18W-FYFEN-616--R,FYFEN,"INVERSER GARCIA ALONSO, S.L.",Solar fotovoltaica,FEN,FYFEN,"225,3"
FYFENAR,18W000000000SPUK,ARBOLEAS,FV MAYOR 1 MW,Solar fotovoltaica,FEN,FMFEN,"2,0"
FYFENBE,18W000000000RYMD,4700211446,4700211446HD 1 MW,Solar fotovoltaica,FEN,FMFEN,"1,1"
FYFENC1,18W000000000S40W,CISTERNIGA,ISFV SII LA CISTERNIGA,Solar fotovoltaica,FEN,FMFEN,"3,9"
FYFENC2,18W000000000O9PK,FOT 1MW,SII LA CISTERNIGA II,Solar fotovoltaica,FEN,FMFEN,"2,0"
FYFENC3,18W000000000RTRI,FV MAY 1MW,FV LA CISTERNIGA,Solar fotovoltaica,FEN,FMFEN,"1,7"
FYFENEP,18W000000000UOAI,FOT1MW,FOT MAYOR 1 MW,Solar fotovoltaica,FEN,FMFEN,"1,7"
FYFENFP,18WFYFENFP-123-R,FYFENFP,FOT MAYOR 1MW,Solar fotovoltaica,FEN,FMFEN,"4,0"
FYFENHC,18WFYFENHC-123-S,FYFENHC,FOTMAYOR 1MW,Solar fotovoltaica,FEN,FMFEN,"1,8"
FYFENJU,18W000000000RLHP,JUCAR,AGRUPACION,Solar fotovoltaica,FEN,FMFEN,"1,4"
FYFENLA,18W000000000J1DE,FYFENLA,FYFENLA,Solar fotovoltaica,FEN,FMFEN,"7,5"
FYFENLC,18W000000000URLO,IS MAY 1MW,FOT MAYOR 1 MW,Solar fotovoltaica,FEN,FMFEN,"0,9"
FYFENLL,18W000000000RYZO,0800314413,0800314413SL 1MW,Solar fotovoltaica,FEN,FMFEN,"1,5"
FYFENLU,18W000000000RYYQ,2200311240,2200311240NW 1 MW,Solar fotovoltaica,FEN,FMFEN,"2,0"
FYFENM1,18W000000000STY0,FV 5 MW,FV MAYOR 1 MW,Solar fotovoltaica,FEN,FMFEN,"2,5"
FYFENM2,18W000000000SVWZ,FV 2 MW,FV MAYOR 1 MW,Solar fotovoltaica,FEN,FMFEN,"2,5"
FYFENMF,18W000000000RS8M,FV 1MW,FV MAYOR 1MW,Solar fotovoltaica,FEN,FMFEN,"1,9"
FYFENMG,18W000000000RFFA,4600210569,4600210569MG,Solar fotovoltaica,FEN,FMFEN,"1,1"
FYFENPA,18W000000000RYJJ,4700211489,1 MW 4700211489CY,Solar fotovoltaica,FEN,FMFEN,"2,0"
FYFENPR,18W000000000S8DV,FV 1 MW,FV MAYOR 1 MW,Solar fotovoltaica,FEN,FMFEN,"3,1"
FYFENRE,18W000000000V8SQ,FV SUP 1MW,FV UNICA MAYOR 1 MW,Solar fotovoltaica,FEN,FMFEN,"1,3"
FYFENSI,18W000000000UQOL,FV SIM 1MW,FOT MAYORES 1MW,Solar fotovoltaica,FEN,FMFEN,"1,4"
FYFENSJ,18WFYFENSJ-123-2,FYFENSJ,FOT MAYOR 1MW,Solar fotovoltaica,FEN,FMFEN,"2,5"
FYFENTO,18W000000000TBEG,MAYOR 1 MW,FOTO MAYOR 1MW,Solar fotovoltaica,FEN,FMFEN,"1,5"
FYFENXL,18WFYFENXL-123-M,FYFENXL,FOT MAYOR 1MW,Solar fotovoltaica,FEN,FMFEN,"1,6"
FYFUTGR,18W-FYFUTGR-6--7,UP FYFUTGR,UP FOTOVOLTAICA FUTURA GREEN,Solar fotovoltaica,FUTGR,FYFUTGR,"0,3"
FYGAC,18W-FYGAC-969--C,FYGAC,"GAC(FOTOVOL,TARIFA,NO EXENTO)",Solar fotovoltaica,GAC,FYGAC,"29,7"
FYGEMSL,18W000000000G73S,GEM FV,GEM FV,Solar fotovoltaica,GEMSL,FYGEMSL,"0,1"
FYGENER,18W-FYGENER-5--M,FYGENER,"GENER( FOTOVOL,TARI,NO EXENTO)",Solar fotovoltaica,ADXRE,FYGENER,"1,2"
FYGESTE,18W-FYGESTE-8--H,FYGESTE,FYGESTE,Solar fotovoltaica,GESTE,FYGESTE,"331,9"
FYGNRA,18W-FYGNRA-18--9,FYGNRA,FYGNRA,Solar fotovoltaica,GNRA,FYGNRA,"183,8"
FYGNSUR,18W-FYGNSUR-2--N,FYGNSUR,"GN SUR SDG ( TARIFA, FOTOVOLTA",Solar fotovoltaica,GNSUR,FYGNSUR,"48,2"
FYGSETT,18W-FYGSETT-1--F,GSE S.A.,GLOBAL SOLAR ENERGY S.A.,Solar fotovoltaica,GSETT,FYGSETT,"12,3"
FYHCCUR,18W-FYHCCUR-7--Z,FYHCCUR,"HC CUR ( TARIFA, FOTOVOLTAICA,",Solar fotovoltaica,HCCUR,FYHCCUR,"2,0"
FYHCG,18W000000000D8ZA,FYHCENE,FOTOVOLTAICA NO EXENTA,Solar fotovoltaica,HC G,FYHCG,"0,0"
FYHELIO,18W-FYHELIO-4--M,FYHELIO,"HELIO(FOTOVOL,TARIF,NO EXENTO)",Solar fotovoltaica,HELIO,FYHELIO,"2,9"
FYIBCUR,18W-FYIBCUR-4--9,FYIBCUR,"IB CUR  ( TARIFA, FOTOVOLTAICA",Solar fotovoltaica,IBCUR,FYIBCUR,"554,9"
FYIBGES,18W-FYIBGES-7--Y,FYIBGES,FYIBGES,Solar fotovoltaica,IBGES,FYIBGES,"0,0"
FYIGNI,18W000000000Q0N6,FYNEXU,FYNEXU,Solar fotovoltaica,IGNIS,FYIGNI,"1,8"
FYLAUEI,18W-FYLAUEI-9--R,FYLAUEI,FYLAUEI,Solar fotovoltaica,LAUEI,FYLAUEI,"16,0"
FYLMER,18W-FYLMER-22--9,FYLMER,"LMER( FOTOVOL,TARIF,NO EXENTO)",Solar fotovoltaica,LMER,FYLMER,"9,2"
FYNEXU,18W-FYNEXU-72--B,FYNEXU,FYNEXU,Solar fotovoltaica,NEXU,FYNEXU,"824,1"
FYNRENO,18WFYNRENOUF---8,FYNRENO,FYNRENO,Solar fotovoltaica,NRENO,FYNRENO,"1,8"
FYREPSB,18W000000000UOBG,FYGNRA,FYGNRA,Solar fotovoltaica,REPSB,FYREPSB,"0,0"
FYRSPRA,18W-FYRSPRA-5--3,FYRSPRA,FYRSPRA,Solar fotovoltaica,RSPRA,FYRSPRA,"40,5"
FYSERVC,18W000000000U9K6,FYSERVC,FYSERVC,Solar fotovoltaica,SERVC,FYSERVC,"1,4"
FYTERSA,18W0000000007PKD,TERSAFVOL,TERSA SOLAR FOTOVOLTAICA,Solar fotovoltaica,TERSA,FYTERSA,"2,6"
FYWMARK,18W-FYWMARK-1--9,FYWMARK,"ECYR ( EÓLICA,TARIFA,NO EXENTO",Solar fotovoltaica,WMARK,FYWMARK,"37,9"
GABAC01,18W000000000NCNJ,GABA,GABA COMERCIALIZADORA DE ELECT,Comercializadores mercado libre,GABAC,GABAC01,"3,0"
GABUELA,18W000000000TM35,UFABUELA1,UFABUELA1,Eólica terrestre,GALP,GALPS82,"49,5"
GACC01,18W-GACC01-83--Z,GACC01,GACC01,Comercializadores mercado libre,GAC,GACC01,"0,8"
GADOR,18W000000000MU1D,GADOR,GADOR,Biogás,SHELL,SESBIO9,"2,0"
GAENER1,18W000000000I68D,GAENER1,GAENER1,Genéricas,AENER,GAENER1,"100,0"
GAETANA,18W000000000RX87,FGST152,FGST152,Solar fotovoltaica,GESTE,FGST152,"150,0"
GAGUAS1,18W000000000UXCO,GAGUAS1,GAGUAS1,Eólica terrestre,GALP,GALPT03,"15,3"
GAHINSO,18W000000000TBUL,AHIN,AHIN,Solar fotovoltaica,GALP,GALPS80,"13,1"
GAIAC01,18W000000000F7LX,GAIA COMER,GAIA COMERCIALIZADORA,Comercializadores mercado libre,GGLOB,GAIAC01,"0,1"
GAL1,18WGAL1-12345-AH,GALLIPEN I,GALLIPIENZO 1,Fluyente,BARER,BEREBRO,"0,6"
GAL2,18WGAL2-12345-A7,GALLIPIE 2,GALLIPIENZO 2,Fluyente,BARER,BEREBRO,"0,6"
GALAC01,18W-GALAC01-1--Q,GALAC01,GALAC01,Comercializadores mercado libre,GALA1,GALAC01,"0,5"
GALAFOT,18W000000000RX4F,FGST150,FGST150,Solar fotovoltaica,GESTE,FGST150,"100,0"
GALAZOC,18W000000000RWS7,GALAZOC,GALAZOCAN SOLAR,Solar fotovoltaica,WMARK,FVGALAZ,"4,8"
GALBARR,18W000000000QFFE,ALBARREAL,ALBARREAL,Solar fotovoltaica,GALP,GALPS53,"44,2"
GALCAII,18W000000000NJHA,IALCAII,ICTIO ALCAZAR II,Solar fotovoltaica,GALP,GALPS25,"44,4"
GALCAZA,18W000000000NHM6,IALCAI,ICTIO ALCAZAR I,Solar fotovoltaica,GALP,GALPS24,"44,4"
GALCIII,18W000000000NJK4,IALCAIII,ICTIO ALCAZAR III,Solar fotovoltaica,GALP,GALPS26,"44,4"
GALCZII,18W000000000OV12,ALCAZAR II,ALCAZAR II,Solar fotovoltaica,GALP,GALPS27,"36,0"
GALDAKA,18WGALDAKA-123-L,GALDAKA,GALDAKAO,Gas natural cogeneración,WMARK,TGIRCO,"4,2"
GALERA4,18W000000000SUC4,GALERA4,UF SOLAR LA GALERA 4,Solar fotovoltaica,NEXU,FGALERA,"2,0"
GALESA,18WGALESA-1234-J,GALESA,GALESA,Gas natural cogeneración,CEG,TGALES,"2,1"
GALGU,18W000000000QY1M,GALGU,GALGU,Solar fotovoltaica,GNRA,FVGNRA,"2,0"
GALIT1,18W000000000Q2EI,GALT1,GALT1,Biogás,GEMSL,ES-RCAB,"1,3"
GALIT2,18W000000000Q2GE,GAL T2,GAL 72,Biogás,GEMSL,ES-RCAB,"2,0"
GALLEGO,18WGALLEGO-12-E6,GALLEGO,P.E. RIO GALLEGO,Eólica terrestre,HISPE,RWESZN,"38,7"
GALLO1,18W000000000V3HQ,GALLO1,GALLO1,Comercializadores mercado libre,ENDCO,ENDER01,"1,0"
GALLOS,18W000000000TS7G,GALLOS,GALLOS,Comercializadores mercado libre,ENDCO,ENDER01,"1,0"
GALMARA,18W000000000TBSP,ALMARAZ,ALMARAZ,Solar fotovoltaica,GALP,GALPS78,"38,2"
GALPC01,18W-GALPC01-7--F,GALPUP,GALPUP,Comercializadores mercado libre,GALP,GALPC01,"9,3"
GAMBC01,18W-GAMBC01-9--C,GAMBASTAR,GAMBASTAR,Consumos directos en mercado,GAMB,GAMBC01,"1,1"
GAMIC01,18W000000000Q1DN,GAMBITO,GAMBITO ENERGY SL,Comercializadores mercado libre,GAMBI,GAMIC01,"0,0"
GAMMAI,18W000000000V9GA,GAMMAI,GAMMAI,Solar fotovoltaica,SOLRC,FGAMMAI,"147,2"
GAMOIDE,18WGAMOIDE-12-EN,GAMOIDE,P.E. GAMOIDE,Eólica terrestre,EGED,EPBUIO1,"32,5"
GAMONAL,18W000000000Q7HY,GMNL,GAMONAL,Solar fotovoltaica,GESTE,FGAMONL,"5,7"
GAMONE,18WGAMONE-123-EH,GAMONE,GAMONE,Eólica terrestre,EGED,EGREEN,"49,5"
GANDARA,18WGANDARA-12-A7,GANDARA,GANDARA,Fluyente,IBGES,HFIBGES,"3,5"
GANKZ,18W000000000QSAM,GANKZ,GANKZ,Solar fotovoltaica,GNRA,UPGAN,"30,0"
GAOLC01,18W-GAOLC01-1--8,GANA ENER,GANA ENERGÍA,Comercializadores mercado libre,GAOLA,GAOLC01,"0,1"
GAPAL,18W000000000JJA3,GAPAL,GAPAL,Solar fotovoltaica,GNRA,UPGAPI,"1,8"
GARCBAQ,18W0000000000UJS,GARCBAQ,GARCBAQ,Gas natural cogeneración,COGEN,AE10COG,"9,0"
GARCIM,18WGARCIM-1234-4,GARCIM,P. E. CASTILLO GARCIMUÑOZ,Híbrida Renovable,HC G,HIBSIHA,"46,4"
GAREP,18W000000000V0W5,GAREP,GAREP,Solar fotovoltaica,GNRA,UPGARI,"36,3"
GARMO,18W000000000JJ6B,GARMO,GARMO,Solar fotovoltaica,GNRA,FVGNRA,"1,9"
GAROFEI,18WROMANIGAROFED,GAROFEI,GAROFEI,Gas natural cogeneración,ROFEN,ROFENV2,"6,0"
GARRAF,18WGARRAF-123-D6,BIOGAS,PLANTA DE BIOGAS-TERSA,Biogás,TERSA,RYTERSA,"8,3"
GASBENS,18WGASBENS-123-0,GASBENS,GASBENS,Biogás,CEG,RURBAS,"2,5"
GASTU1,18W00000000013U9,GASTU1,GASTU1,Genéricas,AST,GASTU1,"2,0"
GATER,18W000000000NVK5,GATER,GATER,Solar fotovoltaica,GNRA,FVGNRA,"1,1"
GATUN,18WGATUN-1234-E8,GATUN,P. E. GATUN,Eólica terrestre,IBGES,EMCIBGE,"49,5"
GATUN2,18WGATUN2-123-ED,GATUN2,P. E. GATUN II,Eólica terrestre,IBGES,EMCIBGE,"16,5"
GAUDAX,18W0000000008HUD,GAUDAX,UNIDAD GENERICA,Genéricas,ADXRE,GAUDAX,"800,0"
GAVIC01,18W-GAVIC01-6--J,GAVIPLAS,GAVIPLAS,Consumos directos en mercado,GAVIP,GAVIC01,"1,3"
GAVILAN,18WGAVILAN-123-A,GAVILAN,P.E. SIERRA DE LOS GAVILANES,Eólica terrestre,IBGES,EHIBGES,"15,3"
GAVIR,18WGAVIR-12345-8,GAVIR,P. E. CERRO GAVIRA,Eólica terrestre,EGED,EGREEN1,"41,6"
GAXATE,18WGAXATE-1234-Y,GAXATE,18WGAXATE-1234-Y,Fluyente,EGLE,HPDRSA,"1,9"
GAZ1,18W000000000R1OY,GAZ1,GAZ1,Solar fotovoltaica,HISPE,FGAZ1,"46,0"
GAZ2,18W000000000R7A7,GAZ2,GAZ2,Solar fotovoltaica,HISPE,FGAZ2,"46,0"
GAZFO,18W000000000H01C,GAZFO,GAZFO,Solar fotovoltaica,GNRA,UPNGA,"5,8"
GAZLES,18W000000000U8FJ,GAZULES,GAZULES,Solar fotovoltaica,SHEEN,SHEPV31,"28,0"
GBANOS,18W000000000UXBQ,GBANOS,GBANOS,Eólica terrestre,GALP,GALPT03,"12,8"
GBENAL1,18W000000000TWQ3,GBENAL1,GBENAL1,Eólica terrestre,GALP,GALPS97,"37,5"
GBENAL2,18W000000000TXBU,GBENAL2,GBENAL2,Eólica terrestre,GALP,GALPT02,"16,5"
GBENC01,18W-GBENC01-5--Q,GB ENERGIA,GLOBAL BIOSFERA ENERGIA,Comercializadores mercado libre,GBENE,GBENC01,"0,1"
GBLANCA,18W000000000TM27,UFCBLANCA,UFCBLANCA,Solar térmica,GALP,GALPS81,"49,9"
GBNPRV1,18W000000000R4E8,GBNPRV1,BONPREU GENERICA,Genéricas,BNPRU,GBNPRV1,"35,0"
GBOIRA1,18W000000000TWTY,GBOIRA1,GBOIRA1,Eólica terrestre,GALP,GALPS98,"34,5"
GBPG1,18W000000000T5YV,GBPG1,UNIDAD GENERICA BP,Genéricas,BP,GBPG1,"300,0"
GBRENA1,18W000000000TWJH,GBRENA1,GBRENA1,Eólica terrestre,GALP,GALPS92,"36,0"
GBT1,18WGBT1-12345-AS,GABET 1,GABET 1,Fluyente,ENDG,EBRFEN,"11,4"
GBT2,18WGBT2-12345-AI,GABET 2,GABET 2,Fluyente,ENDG,EBRFEN,"11,5"
GCABRIT,18W000000000TWO7,GCABRIT,GCABRIT,Eólica terrestre,GALP,GALPS95,"30,0"
GCALAM1,18W000000000RSLX,GCALAM1,GCALAM1,Solar fotovoltaica,GESTE,FGST137,"41,2"
GCALAM2,18W000000000RSNT,GCALAM2,GCALAM2,Solar fotovoltaica,GESTE,FGST138,"41,2"
GCALDE,18W000000000RVZX,GCALDE,GCALDE,Eólica terrestre,GALP,GALPS63,"22,5"
GCAMPIL,18W000000000VBSH,CAMPIL,CAMPIL,Eólica terrestre,GALP,GALPT09,"48,8"
GCANO,18W000000000R4I0,GUADACANO,UF SF GUADACANO,Solar fotovoltaica,IGNIS,SGCANO,"48,0"
GCANTER,18W000000000VBTF,CANTER,CANTER,Eólica terrestre,GALP,GALPT10,"40,0"
GCARBA,18W000000000RVYZ,GCARBA,GCARBA,Eólica terrestre,GALP,GALPS62,"40,0"
GCBLNC1,18W000000000TWCV,GCBLNC1,GCBLNC1,Eólica terrestre,GALP,GALPS89,"48,0"
GCENTE1,18W-GCENTE1-3--B,GCENTE1,GCENTE1,Genéricas,CENTE,GCENTE1,"500,0"
GCOLMEN,18W000000000TM43,UFCOLMENAR,UFCOLMENAR,Eólica terrestre,GALP,GALPS83,"28,0"
GCRBIS,18W000000000TS8E,GCRBIS,GCRBIS,Comercializadores mercado libre,ENDCO,ENDER01,"1,0"
GDASB,18W000000000R70R,GDASB,GDASB,Solar fotovoltaica,GNRA,UPGDAS,"3,8"
GDETI1,18W-GDETI1-90--P,GDETI1,GDETI1,Genéricas,DETIC,GDETI1,"0,0"
GDIVC01,18W-GDIVC01-7--W,GDIVC01,GDIVC01,Comercializadores mercado libre,GDIVE,GDIVC01,"0,1"
GDLM,18WGDLM-12345-AU,GUADALM 1,GUADALMELLATO,Embalse,ENDG,GDLQ,"5,1"
GDLN,18WGDLN-12345-AK,GUADALEN,GUADALEN,Embalse,ENDG,GDLQ,"5,0"
GDME,18WGDME-12345-AP,GUADALM 2,GUADALMENA 1,Embalse,ENDG,GDLQ,"14,9"
GDREUA1,18W000000000Q3UK,UG FOENER,GENERICA FOENER ENERGIA SL,Genéricas,DREUA,GDREUA1,"20,0"
GDUFER1,18W-GDUFER1-1--N,GDUFER1,GDUFER1,Genéricas,DUFER,GDUFER1,"400,0"
GEBLCO1,18W000000000JD12,GEBLCO1,GENERICA EBLCO,Genéricas,EBLCO,GEBLCO1,"200,0"
GECAMA,18W000000000NXBH,GECAMA,18W000000000NXBH,Eólica terrestre,EGLE,EGECAM,"300,0"
GECASA,18W000000000035Q,GECASA,GECASA,Gas natural cogeneración,CEG,TGECAS,"4,2"
GECASA2,18W000000000QRSQ,GECASA2,GECASA2,Biomasa,CEG,RGECASA,"1,6"
GECOMPO,18W000000000MJHE,GECOMPO,GECOMPO,Biogás,DETIC,GESTCOM,"1,5"
GEDESMA,18WGEDESMA-12-D5,GEDESMA,GEDESMA,Biogás,EGLE,RGEDES,"15,5"
GEDFT1,18W-GEDFT1-67--C,GEDFT1,GEDFT1,Genéricas,EDFT,GEDFT1,"0,0"
GEFG1,18W-GEFG1-321--J,GEFG1,GEFG1,Genéricas,EFG,GEFG1,"150,0"
GEGC01,18W-GEGC01-52--7,ENERG,ENERG,Comercializadores mercado libre,ENERG,GEGC01,"0,1"
GEGED1,18W-GEGED1-71--R,GEGED1,GEGED1,Genéricas,EGED,GEGED1,"0,0"
GEGLE1,18W-GEGLE1-96--0,GEGLE1,GEGLE1,Genéricas,EGLE,GEGLE1,"0,0"
GEGSA1,18WGEGSA1-123-DX,GEGSA1,GENERACION ENERGÍAS GUADARRAN,Gas natural cogeneración,SEDAE,TFGEGS1,"37,0"
GEGSA2,18WGEGSA2-123-DP,GEGSA2,GEGSA II,Residuos varios,SEDAE,RVSEDAE,"37,0"
GEHRL,18W000000000O702,GEHRL,GEHRL,Solar fotovoltaica,GNRA,FVGNRA,"1,1"
GELEGA1,18W000000000UCTG,UPGENERIC,UPGENERICA BILATERAL FISICA,Genéricas,ELEGA,GELEGA1,"1,0"
GELSA,18WGELSA-12345-C,GELSA,GELSA,Fluyente,EBLCO,HGDF01,"5,7"
GEMASA,18WGEMASA-123-DO,GEMASA,GEMASA (COGENERACIÓN ERTISA),Gas natural cogeneración,SEDAE,TFGEMAS,"27,0"
GEMASM,18W000000000V3IO,GEMASM,GEMASM,Comercializadores mercado libre,ENDCO,ENDER01,"1,0"
GEMOCI,18W000000000MRGT,EMOCION,EMOCION,Solar fotovoltaica,GALP,GALPS36,"38,1"
GENCEG1,18W000000000PA3K,GENENCEG,GENERICA INTERCONEXION ENCEG,Genéricas,EENER,GENCEG1,"30,0"
GENDG1,18W-GENDG1-38--8,GENDG1,GENDG1,Genéricas,ENDG,GENDG1,"0,0"
GENIL2,18W000000000NXY8,GNL2,GENIL2,Solar fotovoltaica,GESTE,FGENIL2,"1,2"
GENL1,18W000000000NXVE,GNL1,GENIL1,Solar fotovoltaica,GESTE,FGENIL1,"4,2"
GENVIT,18W000000000MRC0,ENVITERO,ENVITERO,Solar fotovoltaica,GALP,GALPS32,"35,0"
GEOAC01,18W-GEOAC01-7--2,GEOAC01,UP COMPRA 1,Comercializadores mercado libre,GEOAL,GEOAC01,"3,0"
GEOAL,18W000000000UU92,FYIBCUR,"IB CUR  ( TARIFA, FOTOVOLTAICA",Solar fotovoltaica,GEOAL,GEOAL,"1,5"
GEOLC01,18W000000000RQRR,GEO LUZ Y ,GEO LUZ Y GAS SLU,Comercializadores mercado libre,GEOLU,GEOLC01,"0,6"
GEPLAS,18WGEPLAS-123-DA,GEPLAS,GE PLASTICS,Gas natural cogeneración,EWCA,GEPLAS,"97,9"
GEQUISA,18WGEQUISA-12-D3,GEQUISA,GEQUISA,Gas natural cogeneración,EGLE,TGEC,"9,8"
GER1,18WGER1-12345-AE,GERIA 1,GERIA 1,Fluyente,IBEG,DUER,"0,3"
GER2,18WGER2-12345-A4,GERIA 2,GERIA 2,Fluyente,IBEG,DUER,"0,2"
GEROUT1,18W-GEROUT1-3--X,GEN EROUTE,ELECTROROUTE ENERGY TRADING LI,Genéricas,EROUT,GEROUT1,"50,0"
GES1,18WGES1-12345-A3,GESTALG 1 ,GESTALGAR 1,Fluyente,ASIE,ASIJUCA,"1,1"
GES2,18WGES2-12345-AU,GESTALG 2,GESTALGAR 2,Fluyente,ASIE,ASIJUCA,"0,8"
GESBRI,18W000000000OGID,GESBRI,GESBRI,Gas natural cogeneración,DETIC,COGGESB,"1,0"
GESCAMB,18W000000000TWP5,GESCAMB,GESCAMB,Eólica terrestre,GALP,GALPS96,"48,0"
GESCAR,18W000000000MRB2,ESCARNES,ESCARNES,Solar fotovoltaica,GALP,GALPS31,"32,8"
GESIC01,18W-GESIC01-3--H,GESTINER,GESTINER,Comercializadores mercado libre,GESTI,GESIC01,"0,5"
GESLC01,18W000000000J2E9,GESL,GENERG,Comercializadores mercado libre,GESL,GESLC01,"9,0"
GESOL2,18W000000000MRHR,ESCATRNSII,ESCATRON SOLAR II,Solar fotovoltaica,GALP,GALPS37,"38,0"
GESPCX1,18W000000000LPH0,PORGENC,PORT_GEN_CMPRA,Porfolio,GESTE,GESPCX1,"9.999,0"
GESPLE,18W000000000MROD,ESPLENDOR,ESPLENDOR,Solar fotovoltaica,GALP,GALPS43,"40,2"
GESPVX1,18W000000000LPG2,PORGENV,PORT_GEN_VNTA,Porfolio,GESTE,GESPVX1,"9.999,0"
GESQC01,18W000000000UOMV,GESQC01,GESQC01,Comercializadores mercado libre,GESTQ,GESQC01,"0,1"
GESTC01,18W-GESTC01-1--0,GESTE COMP,GESTERNOVA COMPRA,Comercializadores mercado libre,GESTE,GESTC01,"0,1"
GETESA,18WGETESA-123-DI,GETESA,GETESA,Gas natural cogeneración,SEDAE,UPGETES,"41,3"
GEXT1,18W000000000RW2M,GEXT1,GEXT1,Solar térmica,GALP,GALPS65,"50,0"
GEXTIII,18W000000000QCAX,GEXTRESIII,GEXTRESOLIII,Solar térmica,GALP,GEXTIII,"49,9"
GEXTRII,18W000000000QC9Z,GEXTRESOII,GEXTRESOLII,Solar térmica,GALP,GEXTRII,"49,9"
GFORTI1,18W000000000RVMM,FORTGEN,FORTIA GENERICA,Genéricas,FORTI,GFORTI1,"600,0"
GFRGS1,18W-GFRGS1-55--L,GST,GST,Genéricas,FR_GS,GFRGS1,"300,0"
GGAC1,18W-GGAC1-111--Q,GACI,GEOATLANTER S.L.,Genéricas,GAC,GGAC1,"0,0"
GGMT1,18WGGMT1UF-----0,GMT GENÉR,GAZPROM UP GENER INTERCONEXIÓN,Genéricas,GMT,GGMT1,"200,0"
GGNCO1,18W-GGNCO1-74--1,GEN,UNIDAD GENÉRICA GNCOM,Genéricas,GNCO,GGNCO1,"4.000,0"
GGNRA1,18W-GGNRA1-67--8,GGNRA1,GGNRA1,Genéricas,GNRA,GGNRA1,"400,0"
GGSLZ1,18W000000000R7HU,GGSLZ1,GGSLZ1,Genéricas,GSLZE,GGSLZ1,"50,0"
GHAZAN,18W000000000MRMH,HAZAÑA SOL,HAZAÑA SOLAR,Solar fotovoltaica,GALP,GALPS41,"38,1"
GHCG1,18W-GHCG1-320--K,GHCG1,GHCG1,Genéricas,HC G,GHCG1,"0,0"
GHIJAR1,18W000000000RSTH,GHIJAR1,GHIJAR1,Solar fotovoltaica,GESTE,FGST141,"41,2"
GHISPE1,18W-GHISPE1-5--6,GHISPE1,GHISPE1,Genéricas,HISPE,GHISPE1,"100,0"
GIBEG1,18W-GIBEG1-48--X,GIBEG1,GIBEG1,Genéricas,IBEG,GIBEG1,"1.200,0"
GIBGES1,18W-GIBGES1-4--J,GIBGES1,UNIDAD GENÉRICA,Genéricas,IBGES,GIBGES1,"1.200,0"
GIBICOS,18W000000000S7U0,GIBICOS,FV ALGIBICOS,Solar fotovoltaica,EGLE,FRREGOS,"38,4"
GIGANTS,18W000000000H2EH,PEGIGANTES,PE LOS GIGANTES,Eólica terrestre,ECYR,EEGPEV,"21,3"
GIGNI1,18W000000000NFP6,GENERICA1,UNIDAD GENERICA IGNIS,Genéricas,IGNIS,GIGNI1,"350,0"
GIL1,18W000000000TBAO,GIL1,GIL1,Solar fotovoltaica,CEG,FGIL1,"10,0"
GILLENA,18W000000000PU9M,GILENA,GUILLENA,Solar fotovoltaica,GESTE,FGILENA,"37,2"
GIRET,18W000000000T61K,GIRET,GIRET,Solar fotovoltaica,GNRA,FVGNRA,"1,7"
GIS1,18WGIS1-12345-AT,GUISTOLAS,GUISTOLAS,Embalse,IBEG,SIL,"1,7"
GISLETE,18W000000000TM8W,UFISLETE,UFISLETE,Eólica terrestre,GALP,GALPS85,"26,0"
GISOL1,18W000000000MRFV,IGNISSOLAR,IGNIS SOLAR I,Solar fotovoltaica,GALP,GALPS34,"37,9"
GJARON1,18W-GJARON1-6--E,GJARON1,GJARON1,Genéricas,JARON,GJARON1,"0,0"
GJO1,18WGJO1-12345-AO,GUIJO 1G,GUIJO GRANADILLA GR.1 GENERAC.,Embalse,IBEG,TAJO,"26,3"
GJO1B,18WGJO1B-12345-W,GUIJO 1B,GUIJO GRANADILLA GR.1 BOMBEO,Consumo bombeo,IBEG,TAJB,"25,0"
GJO2,18WGJO2-12345-AE,GUIJO 2G,GUIJO GRANADILLA GR.2 GENERAC.,Embalse,IBEG,TAJO,"25,8"
GJO2B,18WGJO2B-12345-M,GUIJO 2B,GUIJO GRANADILLA GR.2 BOMBEO,Consumo bombeo,IBEG,TAJB,"25,0"
GKN001,18W000000000S2H4,GKN001,GKN001,Comercializadores mercado libre,ENDCO,ENDER01,"1,0"
GKN002,18W000000000S2I2,GKN002,GKN002,Comercializadores mercado libre,ENDCO,ENDER01,"1,0"
GKN003,18W000000000V3JM,GKN003,GKN003,Comercializadores mercado libre,ENDCO,ENDER01,"1,0"
GKVASI1,18W000000000U4GT,KVGEN,KVASIGENERICA,Genéricas,KVASI,GKVASI1,"10,0"
GLICB01,18W000000000QPCR,GLICB01,GLICB01,Solar fotovoltaica,GNRA,UPGLIC,"1,8"
GLOGRO,18W000000000MRT3,LOGRO,PARQUE LOGRO,Solar fotovoltaica,GALP,GALPS23,"44,1"
GLOSILL,18W000000000TWWS,GLOSILL,GLOSILL,Eólica terrestre,GALP,GALPS99,"24,0"
GLOVI1,18W000000000SOPX,GLOVI1,GLOBASOL - VILLANUEVA 1 FASE,Solar fotovoltaica,SOLRC,FSOLRC,"5,0"
GLOVI2,18W000000000SOQV,GLOVI2,GLOBASOL - VILLANUEVA 1 FASE,Solar fotovoltaica,SOLRC,FSOLRC,"5,0"
GMARTB1,18W000000000R87A,UPGENERICA,UPGENERICA BILATERAL FISICO,Genéricas,MARTB,GMARTB1,"1,0"
GMEC01,18W000000000NOB7,GME,GARCIA MUNTE,Comercializadores mercado libre,GME,GMEC01,"1,0"
GMEDIO,18W000000000MREX,MEDIOMONTE,MEDIOMONTE,Solar fotovoltaica,GALP,GALPS35,"37,9"
GMEEC01,18W000000000PSJ8,GMEEC01,GMEEC01,Consumos directos en mercado,GME,GMEEC01,"901,6"
GMERCU1,18W-GMERCU1-9--D,MERCU,MERCU,Genéricas,MERCU,GMERCU1,"500,0"
GMETEE1,18W000000000Q160,UP METGEN,UP METGEN,Genéricas,METEN,GMETEE1,"100,0"
GMJLS1,18W000000000TWFP,GMJLS1,GMJLS1,Eólica terrestre,GALP,GALPS90,"49,5"
GMNRJO,18W000000000K2IY,GAMONAREJO,UF SOLAR GAMONAREJO,Solar fotovoltaica,NEXU,FGMNRJ,"43,1"
GMOCAT,18W000000000MRDZ,MOCATERO,MOCATERO,Solar fotovoltaica,GALP,GALPS33,"30,3"
GMONTE,18W000000000RVX0,GMONTE,GMONTE,Eólica terrestre,GALP,GALPS61,"48,0"
GMTCP3,18W-GMTCP3-83--0,GMT EXP CO,"GMT, EXPORTACIÓN DE ENERGÍA A",Importación Francia,GMT,GMTCP3,"200,0"
GMTVP3,18W-GMTVP3-27--S,GMT IMP CO,"GMT, IMPORTACIÓN DE ENERGÍA DE",Exportación Francia,GMT,GMTVP3,"200,0"
GNCOC01,18W-GNCOC01-8--4,GNCOC01,GNCOC01,Comercializadores mercado libre,GNCO,GNCOC01,"1.200,0"
GNCOCP3,18W000000000F7J0,GNCOCP3,GNCO DERECH COMPRA FRANCIA,Importación Francia,GNCO,GNCOCP3,"0,0"
GNCOVP3,18W000000000F7KZ,GNCOVP3,GNCO DERECH VENTA FRANCIA,Exportación Francia,GNCO,GNCOVP3,"0,0"
GNCPCX1,18W000000000F8W8,GNCPCX1,GNCO PORTFOLIO COMPRA,Porfolio,GNCO,GNCPCX1,"9.999,0"
GNCPVX1,18W000000000F79K,GNCPVX1,GNCO PORTFOLIO VENTA,Porfolio,GNCO,GNCPVX1,"9.999,0"
GNEAS1,18W-GNEAS1-16--M,NEAS-CG,NEAS-CG,Genéricas,NEAS,GNEAS1,"350,0"
GNEBINA,18W000000000TWLD,GNEBINA,GNEBINA,Eólica terrestre,GALP,GALPS93,"20,0"
GNEXU1,18W-GNEXU1-24--O,GNEXU1,GNEXU1,Genéricas,NEXU,GNEXU1,"0,0"
GNIDH1,18W000000000RO8Y,GNIDH1,NIDHOG GENERAL,Genéricas,NIDHO,GNIDH1,"100,0"
GNOBLE1,18W-GNOBLE1-8--G,GENERIC,GENERIC UNIT,Genéricas,NOBLE,GNOBLE1,"100,0"
GNOGUER,18W000000000TM51,UFNOGUERA,UFNOGUERA,Eólica terrestre,GALP,GALPS84,"28,9"
GNRAC01,18W-GNRAC01-3--0,GNRAC01,UP COMERCIALIZADORA NACIONAL,Comercializadores mercado libre,GNRA,GNRAC01,"28,1"
GNRACP3,18W-GNRACP3-9--B,GNRACP3,GNRACP3,Importación Francia,GNRA,GNRACP3,"400,0"
GNRAVP3,18W-GNRAVP3-6--J,GNRAVP3,GNRAVP3,Exportación Francia,GNRA,GNRAVP3,"400,0"
GNRPCX1,18W000000000B0Z5,GNRPCX1,GNRPCX1,Porfolio,GNRA,GNRPCX1,"9.999,0"
GNRPVX1,18W000000000B0Y7,GNRPVX1,GNRPVX1,Porfolio,GNRA,GNRPVX1,"9.999,0"
GNSEC01,18W-GNSEC01-6--G,GNSEC01,GNSEC01,Comercializadores mercado libre,GNSE,GNSEC01,"0,0"
GNSUC01,18W-GNSUC01-3--W,GNSUC01,GAS NATURAL SUR COMPRA,Comercializadores último recurso,GNSUR,GNSUC01,"3.500,0"
GNSUCEB,18W-GNSUCEB-9--Z,GNSUCEB,GNSUCEB,Enlace Baleares,GNSUR,GNSUCEB,"408,0"
GOBA,18WGOBA-12345-AH,GOBANTES,GOBANTES,Embalse,ENDG,GDLQ,"3,2"
GOENC01,18W-GOENC01-2--6,GODAY ENER,GODAY ENERGA,Comercializadores mercado libre,GOENC,GOENC01,"3,0"
GOICCX1,18W000000000P37X,PORGENC,PORT_GEN_CMPRA,Porfolio,GOIEN,GOICCX1,"9.999,0"
GOICVX1,18W000000000P39T,PORGENV,PORT_GEN_VNTA,Porfolio,GOIEN,GOICVX1,"9.999,0"
GOIEC01,18W-GOIEC01-5--Z,GOIEC01,GOIEC01,Comercializadores mercado libre,GOIEN,GOIEC01,"0,1"
GOIEV01,18W0000000008CVQ,GOIEV01,UP GOIENER REPRESENTACION VENT,Biogás,GOIEN,GOIEV01,"0,6"
GOIEV02,18W000000000ARJY,GOIEV02,UP GOIENER REPRE VENTA SOLAR,Solar fotovoltaica,GOIEN,GOIEV02,"1,2"
GOIEV03,18W000000000BLJB,HYIBCUR,"IB CUR  ( TARIFA, HIDRÁULICA,",Hidráulica - No UGH,GOIEN,GOIEV03,"3,9"
GOIZUE,18WGOIZUE-1234-V,GOIZUE,C. H. GOIZUETA,Fluyente,EGED,HFEGED,"2,4"
GOMACA,18W000000000V3KK,GOMACA,GOMACA,Comercializadores mercado libre,ENDCO,ENDER01,"1,0"
GOMERA,18WGOMERA-1234-Y,GOMERA,GOMERA,Eólica terrestre,IBGES,EHIBGES,"18,0"
GONE1,18W-GONE1-882--5,GONE1,GONE1,Genéricas,ONE,GONE1,"0,0"
GONFW,18W000000000PWZ1,GONFW,GONFW,Solar fotovoltaica,GNRA,UPGON,"7,0"
GONGOR2,18WGONGOR2-123-8,GONGOR2,GONGORA 2,Biogás,CEG,RCOPAMP,"1,5"
GONGORA,18WGONGORA-123-Q,GONGORA,GONGORA,Biogás,CEG,RCOPAMP,"0,8"
GOPENO,18WGOPENO--123-N,GOPENO,P.E. GOIA PEÑOTE,Eólica terrestre,IBGES,EHIBGES,"40,0"
GOPIX,18W000000000TTT6,GOPIX,GOPIX,Solar fotovoltaica,GNRA,UPSON1,"1,2"
GORBEIK,18W000000000T759,GORBEIK,UF SOLAR GORBEIALDEKO,Solar fotovoltaica,NEXU,FGORBEI,"1,0"
GORGEL1,18WGORGEL1-123-Z,GORGEL1,PLANTA GENERACION EL GORGUEL 1,Biogás,SHELL,SESBIO5,"3,1"
GORGOL,18WGORGOL-1234-9,GORGOL,GORGOL,Hidráulica - No UGH,CEG,HGORGOL,"3,5"
GPALAB,18W000000000MRPB,PALABRA,PALABRA,Solar fotovoltaica,GALP,GALPS38,"40,2"
GPEREA,18W000000000RHIZ,GPEREA,GPEREA,Solar fotovoltaica,GALP,GALPS54,"40,8"
GPFLOR2,18W000000000RSVD,GPFLOR2,GPFLOR2,Solar fotovoltaica,GESTE,FGST142,"41,2"
GPIBCUR,18W-GPIBCUR-1--Y,GPIBCUR,IBERDROLA CUR  ( GEOTÉRMICA-HI,Océano y geotérmica,IBCUR,GPIBCUR,"0,0"
GPITA,18W000000000PJUD,GPITA,GPITA,Solar fotovoltaica,GALP,GALPS44,"30,3"
GPITB,18W000000000PJVB,PITARCO B,PITARCO B,Solar fotovoltaica,GALP,GALPS44,"8,5"
GPITC,18W000000000PJW9,PITARCO C,PITARCO C,Solar fotovoltaica,GALP,GALPS44,"9,0"
GPOWER1,18W0000000000PAO,PM GENERIC,POWERMART GENERIC,Genéricas,POWER,GPOWER1,"300,0"
GPTOL,18W000000000L26H,GPTOL,GPTOL,Solar fotovoltaica,GNRA,FVGNRA,"1,1"
GR11,18WGR11-12345-AX,GRADO I 1,GRADO I 1,Embalse,ENDG,EBRACC2,"9,2"
GR12,18WGR12-12345-AN,GRADO I 2,GRADO I 2,Embalse,ENDG,EBRACC2,"9,2"
GR21,18WGR21-12345-AM,GRADO II 1,GRADO II 1,Fluyente,ENDG,EBRACC2,"12,0"
GR22,18WGR22-12345-AC,GRADO II 2,GRADO II 2,Fluyente,ENDG,EBRACC2,"13,6"
GRA1,18WGRA1-12345-A8,GRANADA 1,GRANADA 1,Fluyente,GNRA,GRANA,"0,7"
GRA2,18WGRA2-12345-AZ,GRANADA 2,GRANADA 2,Fluyente,GNRA,GRANA,"0,3"
GRABI,18W000000000OBU4,GRABI,GRABI,Gas natural cogeneración,GNRA,CGGRABI,"9,9"
GRADO,18WGRADO-1234-EQ,GRADO,GRADO,Eólica terrestre,IBGES,EHIBGES,"27,2"
GRAFC01,18W000000000FFFL,GRAFC01,GRAFC01,Consumos directos en mercado,GRAFV,GRAFC01,"0,6"
GRAIADE,18WGRAIADE-123-R,GRAIADE,P.E. GRAIADE,Eólica terrestre,EGLE,EGRAIA,"19,8"
GRALLAS,18WGRALLAS-123-9,GRALLAS,P.E. CHAO DAS GRALLAS,Eólica terrestre,EGED,EABARA,"28,0"
GRAMAL,18WGRAMAL-123-EQ,GRAMAL,P. E. EL GRAMAL,Eólica terrestre,HC G,HCGSIHA,"37,4"
GRANADO,18WGRANADO-12-E0,GRANADO,GRANADO,Eólica terrestre,EGED,EGREEN,"14,4"
GRANDE,18WGRANDE-123-E8,GRANDE,P.E. PEÑAGRANDE,Eólica terrestre,EGED,EFEGEL1,"17,1"
GRANIBE,18W000000000U02W,GRANIBE,GRANIBE,Comercializadores mercado libre,EDPCL,EDPCR01,"1,0"
GRANUJA,18WPEGRANUJALESF,GRANUJA,PE GRANUJALES,Eólica terrestre,ECYR,EEGPEM,"24,0"
GRANYAN,18W000000000TPRM,PS GRANYAN,PS GRANYANELLA 1,Solar fotovoltaica,EPYM,EYPPV4,"3,6"
GRDZ,18WGRDZ-12345-A5,GERDIZ,GERDIZ,Fluyente,WMARK,GRDZ,"0,9"
GREARA,18W000000000TVHO,GREARA,GREARA,Comercializadores mercado libre,SHELL,SESAR01,"1,0"
GRECAT,18WGRECAT--1234A,GRECAT,GRECAT,Residuos varios,DETIC,RVGRECA,"5,2"
GREEC01,18W000000000RQYD,GREEC01UP,GREEC01 UP,Comercializadores mercado libre,GRNSR,GREEC01,"0,0"
GREENAL,18W000000000H2M1,GREENAL,GREENALIA,Biomasa,NEXU,RCURTIS,"49,9"
GREFAV,18W000000000TVIM,GREFAV,GREFAV,Comercializadores mercado libre,SHELL,SESAR01,"1,0"
GRENC01,18W000000000SM0F,GREEN360,GREENENERGY360,Comercializadores mercado libre,GREAL,GRENC01,"1,0"
GREPSB1,18W000000000LH77,GREPSB1,UP GENERICA REPSOL SERVICIOS R,Genéricas,REPSB,GREPSB1,"1.500,0"
GRIBAG,18W000000000MRIP,RIBAGRANDE,RIBAGRANDE,Solar fotovoltaica,GALP,GALPS29,"38,1"
GRIEP1,18W000000000TBK4,GRIEP1,GRIEP1,Solar fotovoltaica,GNRA,UPGRIE1,"44,0"
GRIEP2,18W000000000TBI8,GRIEP2,GRIEP2,Solar fotovoltaica,GNRA,UPGRIE2,"44,0"
GRIFOL,18WGRIFOL-1234-8,GRIFOLS,GRIFOLS,Gas natural cogeneración,AME,TGRIFOL,"6,0"
GRIJOT3,18W000000000VAH5,GRIJOT3,UF SOLAR GRIJOTA3,Solar fotovoltaica,NEXU,FGRIJO3,"49,0"
GRIJOTA,18WGRIJOTA-12--B,GRIJOTA,GRIJOTA,Eólica terrestre,IBGES,EHIBGES,"4,9"
GROBLE,18W000000000MRLJ,EL ROBLEDO,EL ROBLEDO,Solar fotovoltaica,GALP,GALPS40,"38,0"
GRPANIA,18W000000000JM0E,GRPANIA,GRESPANIA,Gas natural cogeneración,WMARK,TGRESP,"4,9"
GRTEC01,18W0000000005EXS,GERENTA_E,GERENTA ENERGIA SL,Comercializadores mercado libre,GRTEN,GRTEC01,"100,0"
GSALMN,18W000000000TWXQ,GSALMN,GSALMN,Eólica terrestre,GALP,GALPT01,"37,5"
GSAMP1,18W-GSAMP1-72--K,GSAMP1,GSAMP1,Genéricas,SAMP,GSAMP1,"0,0"
GSANTOS,18W000000000T2LT,GSANTOS,FV GUILLENA SANTOS,Solar fotovoltaica,EGLE,FMAMAQ,"10,6"
GSCUCH1,18W000000000RSPP,GSCUCH1,GSCUCH1,Solar fotovoltaica,GESTE,FGST139,"41,2"
GSCUCH2,18W000000000RSRL,GSCUCH2,GSCUCH2,Solar fotovoltaica,GESTE,FGST140,"41,2"
GSERON1,18W000000000TM9U,UFSERON1A,UFSERON1A,Eólica terrestre,GALP,GALPS86,"49,5"
GSERON2,18W000000000TMAS,UFSERON2,UFSERON2,Eólica terrestre,GALP,GALPS87,"10,0"
GSF193,18W000000000TACN,GSF193,GSF193,Solar fotovoltaica,GESTE,FGST193,"1,1"
GSF196,18W000000000TAM3,GSF196,GSF196,Solar fotovoltaica,GESTE,FGST196,"1,3"
GSH200,18W000000000TCAL,GSH200,GSH200,Hidráulica - No UGH,GESTE,HGST200,"1,9"
GSH201,18W000000000TCCH,GSH201,GSH201,Hidráulica - No UGH,GESTE,HGST201,"2,1"
GSH203,18W000000000TCG9,GSH203,GSH203,Hidráulica - No UGH,GESTE,HGST203,"1,8"
GSHEEN1,18W-GSHEEN1-2--L,SHEEN GENE,SHELL ENERGY TRADING UP GENÉRI,Genéricas,SHEEN,GSHEEN1,"1.200,0"
GSIERZ,18W000000000MRJN,SIERREZUEL,SIERREZUELA,Solar fotovoltaica,GALP,GALPS30,"38,2"
GSJ196,18W000000000TAN1,GSJ196,GSJ196,Solar fotovoltaica,GESTE,FGST196,"1,1"
GSLZB1,18W000000000P4UL,GSLZB1,GSLZB1,Solar fotovoltaica,IGNIS,UPALTE2,"10,8"
GSLZB2,18W000000000PQ39,CACERES 1,CACERES 1,Solar fotovoltaica,IGNIS,GSLZV02,"41,9"
GSLZB3,18W000000000PQ47,CACERES 2,CACERES 2,Solar fotovoltaica,IGNIS,GSLZV03,"41,9"
GSLZB4,18W000000000PW2U,GSLZB4,GSLZB4,Solar fotovoltaica,IGNIS,UPALTE3,"24,2"
GSLZC01,18W000000000I8Q8,GSLZC01,GSLZC01,Comercializadores mercado libre,GSLZE,GSLZC01,"0,1"
GSLZV04,18W000000000PX0V,GSLZV04,GSLZV04,Solar fotovoltaica,GSLZE,GSLZV04,"2,6"
GSMARC1,18W000000000TPJ1,SMARCGENER,SMARCGENERICA,Genéricas,SMARC,GSMARC1,"200,0"
GSMG1,18W-GSMG1-405--5,GSMG1,GSMG1,Genéricas,SMG,GSMG1,"270,0"
GSSEEN1,18W000000000T2ON,GENERICA_F,GENERICA_FRANCIA,Genéricas,SSEEN,GSSEEN1,"20,0"
GST156,18W000000000S4JV,FGST156,FGST156,Solar fotovoltaica,GESTE,FGST156,"3,0"
GST157,18W000000000S8CX,FGST157,FGST157,Solar fotovoltaica,GESTE,FGST157,"2,0"
GST158,18W000000000SA62,FGST158,FGST158,Solar fotovoltaica,GESTE,FGST158,"0,5"
GST159,18W000000000SABT,FGST159,FGST159,Solar fotovoltaica,GESTE,FGST159,"0,9"
GST160,18W000000000SFG4,FGST160,FGST160,Solar fotovoltaica,GESTE,FGST160,"3,5"
GST161,18W000000000SFI0,FGST161,FGST161,Solar fotovoltaica,GESTE,FGST161,"4,0"
GST162,18W000000000SIIS,FGST162,FGST162,Solar fotovoltaica,GESTE,FGST162,"22,8"
GST167,18W000000000SMJE,GST167,GST167,Solar fotovoltaica,GESTE,FGST167,"1,9"
GST168,18W000000000SXS0,GST168,GST168,Solar fotovoltaica,GESTE,FGST168,"16,4"
GST169,18W000000000SYGL,GST169,GST169,Solar fotovoltaica,GESTE,FGST169,"1,2"
GST170,18W000000000SYIH,GST170,GST170,Solar fotovoltaica,GESTE,FGST170,"5,0"
GST171,18W000000000SYLB,GST171,GST171,Solar fotovoltaica,GESTE,FGST171,"4,4"
GST174,18W000000000SZL8,GST174,GST174,Eólica terrestre,GESTE,EGST174,"39,0"
GST175,18W000000000SZN4,GST175,GST175,Eólica terrestre,GESTE,EGST175,"51,0"
GST176,18W000000000T3KS,GST176,GST176,Solar fotovoltaica,GESTE,FGST176,"130,0"
GST177,18W000000000T3MO,GST177,GST177,Solar fotovoltaica,GESTE,FGST177,"193,2"
GST178,18W000000000T3RE,GST178,GST178,Solar fotovoltaica,GESTE,FGST178,"4,7"
GST179,18W000000000T4PF,GST179,GST179,Solar fotovoltaica,GESTE,FGST179,"3,0"
GST180,18W000000000T4RB,GST180,GST180,Solar fotovoltaica,GESTE,FGST180,"3,0"
GST181,18W000000000T4T7,GST181,GST181,Solar fotovoltaica,GESTE,FGST181,"3,0"
GST183,18W000000000T6R5,GST183,GST183,Solar fotovoltaica,GESTE,FGST183,"2,8"
GST184,18W000000000T6T1,GST184,GST184,Solar fotovoltaica,GESTE,FGST184,"4,0"
GST185,18W000000000T6WW,GST185,GST185,Solar fotovoltaica,GESTE,FGST185,"6,0"
GST186,18W000000000T7BY,GST186,GST186,Solar fotovoltaica,GESTE,FGST186,"3,0"
GST187,18W000000000T7DU,GST187,GST187,Solar fotovoltaica,GESTE,FGST187,"0,9"
GST188,18W000000000T8AX,GST188,GST188,Solar térmica,GESTE,TGST188,"50,0"
GST189,18W000000000T91B,GST189,GST189,Solar fotovoltaica,GESTE,FGST189,"4,7"
GST193,18W000000000TABP,GST193,GST193,Solar fotovoltaica,GESTE,FGST193,"1,3"
GST194,18W000000000TAEJ,GST194,GST194,Solar fotovoltaica,GESTE,FGST194,"1,5"
GST196,18W000000000TAL5,GST196,GST196,Solar fotovoltaica,GESTE,FGST196,"1,3"
GST197,18W000000000TAQW,GST197,GST197,Solar fotovoltaica,GESTE,FGST197,"4,1"
GST199,18W000000000TAUO,GST199,GST199,Solar fotovoltaica,GESTE,FGST199,"1,2"
GST204,18W000000000TCJ3,GST204,GST204,Solar fotovoltaica,GESTE,FGST204,"2,0"
GST205,18W000000000TCMY,GST205,GST205,Solar fotovoltaica,GESTE,FGST205,"3,0"
GST206,18W000000000TCOU,GST206,GST206,Solar fotovoltaica,GESTE,FGST206,"2,0"
GST208,18W000000000TCTK,GST208,GST208,Hidráulica - No UGH,GESTE,HGST208,"1,4"
GST209,18W000000000TCVG,GST209,GST209,Hidráulica - No UGH,GESTE,HGST209,"3,5"
GST210,18W000000000TFSD,GST210,GST210,Solar fotovoltaica,GESTE,FGST210,"4,2"
GST211,18W000000000TFU9,GST211,GST211,Solar fotovoltaica,GESTE,FGST211,"3,0"
GST212,18W000000000TFW5,GST212,GST212,Solar fotovoltaica,GESTE,FGST212,"3,0"
GST213,18W000000000THMJ,GST213,GST213,Solar fotovoltaica,GESTE,FGST213,"3,3"
GST214,18W000000000TJ76,GST214,GST214,Solar fotovoltaica,GESTE,FGST214,"0,9"
GST215,18W000000000TNK5,GST215,GST215,Solar fotovoltaica,GESTE,FGST215,"1,8"
GST216,18W000000000TNM1,GST216,GST216,Solar fotovoltaica,GESTE,FGST216,"1,7"
GST217,18W000000000TNPW,GST217,GST217,Solar fotovoltaica,GESTE,FGST217,"1,1"
GST218,18W000000000TNRS,GST218,GST218,Solar fotovoltaica,GESTE,FGST218,"2,0"
GST219,18W000000000TO13,GST219,GST219,Solar fotovoltaica,GESTE,FGST219,"1,8"
GST220,18W000000000TO4Y,GST220,GST220,Solar fotovoltaica,GESTE,FGST220,"1,7"
GST221,18W000000000TO6U,GST221,GST221,Solar fotovoltaica,GESTE,FGST221,"3,0"
GST222,18W000000000TO8Q,GST222,GST222,Solar fotovoltaica,GESTE,FGST222,"9,9"
GST224,18W000000000TOCI,GST224,GST224,Solar fotovoltaica,GESTE,FGST224,"1,6"
GST225,18W000000000TOGA,GST225,GST225,Solar fotovoltaica,GESTE,FGST225,"10,0"
GST226,18W000000000TOI6,GST226,GST226,Solar fotovoltaica,GESTE,FGST226,"2,0"
GST227,18W000000000TOPT,GST227,GST227,Solar fotovoltaica,GESTE,FGST227,"10,0"
GST229,18W000000000TOTL,GST229,GST229,Solar térmica,GESTE,TGST229,"49,9"
GST230,18W000000000U1QI,GST230,GST230,Hidráulica - No UGH,GESTE,HGST230,"1,4"
GST231,18W000000000U5LG,GST231,GST231,Solar fotovoltaica,GESTE,FGST231,"4,0"
GST232,18W000000000U6O7,GST232,GST232,Solar fotovoltaica,GESTE,FGST232,"2,0"
GST233,18W000000000U6R1,GST233,GST233,Solar fotovoltaica,GESTE,FGST233,"2,0"
GST234,18W000000000U6UW,GST234,GST234,Solar fotovoltaica,GESTE,FGST234,"2,0"
GST235,18W000000000U6WS,GST235,GST235,Solar fotovoltaica,GESTE,FGST235,"1,9"
GST236,18W000000000U6YO,GST236,GST236,Solar fotovoltaica,GESTE,FGST236,"1,9"
GST237,18W000000000U7GK,GST237,GST237,Eólica terrestre,GESTE,EGST237,"6,0"
GST238,18W000000000U7IG,GST238,GST238,Eólica terrestre,GESTE,EGST238,"6,8"
GST239,18W000000000U7KC,GST239,GST239,Eólica terrestre,GESTE,EGST239,"13,6"
GST240,18W000000000U7M8,GST240,GST240,Eólica terrestre,GESTE,EGST240,"1,6"
GST241,18W000000000U7O4,GST241,GST241,Solar fotovoltaica,GESTE,FGST241,"4,2"
GST242,18W000000000U7Q0,GST242,GST242,Solar fotovoltaica,GESTE,FGST242,"4,0"
GST243,18W000000000U7SX,GST243,GST243,Solar fotovoltaica,GESTE,FGST243,"9,8"
GST244,18W000000000U8VO,GST244,GST244,Eólica terrestre,GESTE,EGST244,"49,3"
GST245,18W000000000U909,GST245,GST245,Solar fotovoltaica,GESTE,FGST245,"50,0"
GST246,18W000000000UATM,GST246,GST246,Solar fotovoltaica,GESTE,FGST246,"75,0"
GST247,18W000000000UAVI,GST247,GST247,Eólica terrestre,GESTE,EGST247,"49,3"
GST248,18W000000000UAXE,GST248,GST248,Solar fotovoltaica,GESTE,FGST248,"1,4"
GST249,18W000000000UEAB,GST249,GST249,Solar fotovoltaica,GESTE,FGST249,"20,0"
GST250,18W000000000UEC7,GST250,GST250,Solar fotovoltaica,GESTE,FGST250,"2,4"
GST251,18W000000000UF2O,GST251,GST251,Solar fotovoltaica,GESTE,FGST251,"16,0"
GST252,18W000000000UG3J,GST252,GST252,Solar fotovoltaica,GESTE,FGST252,"40,0"
GST253,18W000000000UG5F,GST253,GST253,Solar fotovoltaica,GESTE,FGST253,"40,0"
GST254,18W000000000UG7B,GST254,GST254,Solar fotovoltaica,GESTE,FGST254,"36,6"
GST255,18W000000000UG97,GST255,GST255,Solar fotovoltaica,GESTE,FGST255,"36,6"
GST256,18W000000000UGB3,GST256,GST256,Solar fotovoltaica,GESTE,FGST256,"36,6"
GST257,18W000000000UJZK,GST257,GST257,Eólica terrestre,GESTE,EGST257,"3,0"
GST258,18W000000000UK1B,GST258,GST258,Eólica terrestre,GESTE,EGST258,"20,4"
GST259,18W000000000UK37,GST259,GST259,Eólica terrestre,GESTE,EGST259,"24,0"
GST260,18W000000000UK53,GST260,GST260,Eólica terrestre,GESTE,EGST260,"49,6"
GST261,18W000000000UKFK,GST261,GST261,Solar fotovoltaica,GESTE,FGST261,"5,9"
GST262,18W000000000UKHG,GST262,GST262,Solar fotovoltaica,GESTE,FGST262,"1,0"
GST263,18W000000000UQRF,GST263,GST263,Solar fotovoltaica,GESTE,FGST263,"3,7"
GST264,18W000000000UQTB,GST264,GST264,Solar fotovoltaica,GESTE,FGST264,"1,2"
GST265,18W000000000UQV7,GST265,GST265,Solar fotovoltaica,GESTE,FGST265,"1,8"
GST266,18W000000000UQX3,GST266,GST266,Solar fotovoltaica,GESTE,FGST266,"1,0"
GST267,18W000000000UR0T,GST267,GST267,Solar fotovoltaica,GESTE,FGST267,"4,4"
GST268,18W000000000UR3N,GST268,GST268,Solar fotovoltaica,GESTE,FGST268,"7,5"
GST269,18W000000000UR5J,GST269,GST269,Solar fotovoltaica,GESTE,FGST269,"1,8"
GST270,18W000000000UR7F,GST270,GST270,Solar fotovoltaica,GESTE,FGST270,"4,5"
GST271,18W000000000UR9B,GST271,GST271,Solar fotovoltaica,GESTE,FGST271,"1,8"
GST272,18W000000000UKVP,GST272,GST272,Solar fotovoltaica,GESTE,FGST272,"1,4"
GST273,18W000000000UN12,GST273,GST273,Solar fotovoltaica,GESTE,FGST273,"1,8"
GST274,18W000000000UN3Z,GST274,GST274,Solar fotovoltaica,GESTE,FGST274,"1,8"
GST275,18W000000000UN5V,GST275,GST275,Solar fotovoltaica,GESTE,FGST275,"1,8"
GST276,18W000000000UN7R,GST276,GST276,Solar fotovoltaica,GESTE,FGST276,"1,6"
GST277,18W000000000UN9N,GST277,GST277,Solar fotovoltaica,GESTE,FGST277,"1,8"
GST278,18W000000000UNBJ,GST278,GST278,Solar fotovoltaica,GESTE,FGST278,"1,8"
GST279,18W000000000UKXL,GST279,GST279,Solar fotovoltaica,GESTE,FGST279,"3,5"
GST280,18W000000000ULCN,GST280,GST280,Solar fotovoltaica,GESTE,FGST280,"1,5"
GST281,18W000000000ULTQ,GST281,GST281,Solar fotovoltaica,GESTE,FGST281,"1,8"
GST282,18W000000000ULVM,GST282,GST282,Solar fotovoltaica,GESTE,FGST282,"1,2"
GST283,18W000000000ULXI,GST283,GST283,Solar fotovoltaica,GESTE,FGST283,"1,0"
GST284,18W000000000UM31,GST284,GST284,Solar fotovoltaica,GESTE,FGST284,"2,0"
GST285,18W000000000UM6W,GST285,GST285,Solar fotovoltaica,GESTE,FGST285,"2,0"
GST286,18W000000000UM8S,GST286,GST286,Solar fotovoltaica,GESTE,FGST286,"2,0"
GST287,18W000000000UNDF,GST287,GST287,Solar fotovoltaica,GESTE,FGST287,"1,0"
GST288,18W000000000UNFB,GST288,GST288,Solar fotovoltaica,GESTE,FGST288,"2,0"
GST289,18W000000000UMAO,GST289,GST289,Solar fotovoltaica,GESTE,FGST289,"1,8"
GST290,18W000000000UMCK,GST290,GST290,Solar fotovoltaica,GESTE,FGST290,"1,8"
GST291,18W000000000UMEG,GST291,GST291,Solar fotovoltaica,GESTE,FGST291,"2,1"
GST292,18W000000000UMGC,GST292,GST292,Solar fotovoltaica,GESTE,FGST292,"1,7"
GST293,18W000000000UMPV,GST293,GST293,Solar fotovoltaica,GESTE,FGST293,"3,7"
GST294,18W000000000UMRR,GST294,GST294,Solar fotovoltaica,GESTE,FGST294,"1,7"
GST295,18W000000000UMTN,GST295,GST295,Solar fotovoltaica,GESTE,FGST295,"1,1"
GST296,18W000000000UMVJ,GST296,GST296,Solar fotovoltaica,GESTE,FGST296,"4,8"
GST297,18W000000000UMZB,GST297,GST297,Solar fotovoltaica,GESTE,FGST297,"2,0"
GST298,18W000000000UNH7,GST298,GST298,Solar fotovoltaica,GESTE,FGST298,"2,9"
GST299,18W000000000UPNQ,GST299,GST299,Solar fotovoltaica,GESTE,FGST299,"27,3"
GST300,18W000000000TRLS,GST300,GST300,Eólica terrestre,GESTE,EGST300,"26,0"
GST301,18W000000000TRNO,GST301,GST301,Eólica terrestre,GESTE,EGST301,"40,0"
GST304,18W000000000TXO4,GST304,GST304,Solar fotovoltaica,GESTE,FGST304,"42,0"
GST305,18W000000000TXQ0,GST305,GST305,Solar fotovoltaica,GESTE,FGST305,"42,0"
GST306,18W000000000TXSX,GST306,GST306,Solar fotovoltaica,GESTE,FGST306,"42,0"
GST307,18W000000000TXUT,GST307,GST307,Solar fotovoltaica,GESTE,FGST307,"49,8"
GST309,18W000000000UPQK,GST309,GST309,Solar fotovoltaica,GESTE,FGST309,"2,5"
GST310,18W000000000UPSG,GST310,GST310,Solar fotovoltaica,GESTE,FGST310,"3,0"
GST311,18W000000000UPUC,GST311,GST311,Solar fotovoltaica,GESTE,FGST311,"20,0"
GST312,18W000000000UQAC,GST312,GST312,Solar fotovoltaica,GESTE,FGST312,"1,2"
GST313,18W000000000URRC,GST313,GST313,Solar fotovoltaica,GESTE,FGST313,"1,1"
GST314,18W000000000US98,GST314,GST314,Solar fotovoltaica,GESTE,FGST314,"2,0"
GST315,18W000000000USB4,GST315,GST315,Solar fotovoltaica,GESTE,FGST315,"1,1"
GST316,18W000000000USD0,GST316,GST316,Solar fotovoltaica,GESTE,FGST316,"1,2"
GST317,18W000000000USFX,GST317,GST317,Solar fotovoltaica,GESTE,FGST317,"2,4"
GST318,18W000000000UW62,GST318,GST318,Solar fotovoltaica,GESTE,FGST318,"4,2"
GST319,18W000000000UYFF,GST319,GST319,Solar fotovoltaica,GESTE,FGST319,"25,0"
GST320,18W000000000UZ5W,GST320,GST320,Solar fotovoltaica,GESTE,FGST320,"43,3"
GST321,18W000000000UZPT,GST321,GST321,Solar térmica,GESTE,TGST321,"17,0"
GST322,18W000000000UZRP,GST322,GST322,Solar térmica,GESTE,TGST322,"50,0"
GST323,18W000000000UZTL,GST323,GST323,Solar térmica,GESTE,TGST323,"50,0"
GST324,18W000000000V1JS,GST324,GST324,Eólica terrestre,GESTE,EGST324,"38,0"
GST325,18W000000000V1RC,GST325,GST325,Solar fotovoltaica,GESTE,FGST325,"319,7"
GST326,18W000000000V549,GST326,GST326,Solar fotovoltaica,GESTE,FGST326,"28,5"
GST327,18W000000000V8FF,GST327,GST327,Eólica terrestre,GESTE,EGST327,"12,2"
GST328,18W000000000V8GD,GST328,GST328,Eólica terrestre,GESTE,EGST327,"36,6"
GST329,18W000000000V8L3,GST329,GST329,Solar fotovoltaica,GESTE,FGST329,"25,6"
GST330,18W000000000V9PT,GST330,GST330,Solar fotovoltaica,GESTE,FGST330,"28,5"
GST331,18W000000000VGQ6,GST331,GST331,Solar fotovoltaica,GESTE,FGST331,"3,0"
GST333,18W000000000VHGN,GST333,GST333,Solar fotovoltaica,GESTE,FGST333,"41,0"
GST334,18W000000000VHO7,GST334,GST334,Solar fotovoltaica,GESTE,FGST334,"43,0"
GST335,18W000000000VHQ3,GST335,GST335,Solar fotovoltaica,GESTE,FGST335,"4,2"
GSTB228,18W000000000TP4V,GSTB228,GSTB228,Eólica terrestre,GESTE,EGST228,"41,5"
GSTCP3,18W-GSTCP3-35--P,GSTCP3,GSTCP3,Importación Francia,FR_GS,GSTCP3,"400,0"
GSTVP3,18W-GSTVP3-56--P,GSTVP3,GSTVP3,Exportación Francia,FR_GS,GSTVP3,"400,0"
GTALEN,18W000000000MRNF,TALENTO,TALENTO,Solar fotovoltaica,GALP,GALPS42,"38,2"
GTAMBO1,18W000000000RSX9,GTAMBO1,GTAMBO1,Solar fotovoltaica,GESTE,FGST143,"41,2"
GTESO1,18W000000000RW0Q,GTESO1,GTESO1,Eólica terrestre,GALP,GALPS64,"50,0"
GTHARSI,18W000000000UXO0,THARSISUF,THARSISUF,Eólica terrestre,GALP,GALPT06,"4,0"
GTIJOLA,18W000000000TMBQ,UFTIJOLA,UFTIJOLA,Eólica terrestre,GALP,GALPS88,"36,0"
GTOLEDO,18W000000000TBTN,TOLEDO,TOLEDO,Solar fotovoltaica,GALP,GALPS79,"42,8"
GTORVIS,18W000000000TWIJ,GTORVIS,GTORVIS,Eólica terrestre,GALP,GALPS91,"24,0"
GTOTGA1,18W-GTOTGA1-3--O,GTOTGA1,GTOTGA1,Genéricas,TOTGA,GTOTGA1,"2.000,0"
GTSRDE1,18W000000000IY0J,GTSRDE1,TSRDE GENERIC,Genéricas,TSRDE,GTSRDE1,"500,0"
GUADA,18WGUADA-1234--Z,GUADA,HGUADA,Fluyente,GNRA,GUADA,"5,2"
GUADAL,18WGUADALE-123-E,GUADALETE,EDAR GUADALETE,Biogás,ECYR,REGPE3,"0,4"
GUADALI,18WGUADALI-123-N,GUADALI,C.H.GUADALIMAR,Fluyente,HC G,HGDALI,"20,0"
GUADCZR,18W000000000U32N,GUADCZR,UFI SOLAR GUADALCUZAR,Solar fotovoltaica,NEXU,FGUADCZ,"36,0"
GUADIX,18W000000000IYKG,GUADIX,18W000000000IYKG,Solar fotovoltaica,EGLE,FEBISU,"6,0"
GUADRNQ,18W000000000OP0M,GUADRNQ,GUADARRANQUE,Solar fotovoltaica,INTRA,INTRE02,"12,3"
GUAFW,18W000000000OYRF,GUAFW,GUAFW,Solar fotovoltaica,GNRA,FVGNRA,"1,0"
GUALBA3,18WGUALBA3-123-G,GUALBA3,UF GUALBA3,Fluyente,EFG,HGEFG,"1,0"
GUASOCA,18W000000000UE7H,GUASOCA,GUASOCAPELLA,Solar fotovoltaica,RSPRA,FFRSPRA,"1,9"
GUASOJA,18W000000000UE6J,GUASOJACA,GUASOJACA,Solar fotovoltaica,RSPRA,FFRSPRA,"2,0"
GUASS01,18W000000000SDL0,UF GUASCOR,UF GUASCOR,Energía residual,TRISO,GUAAS01,"13,5"
GUCANTA,18WGUADALCANTALC,GUCANTA,CANTALEJOS GUADALTEBA,Eólica terrestre,HC G,HCGSCSA,"16,4"
GUERIN1,18WGUERIN1-12-E0,GUERIN1,P. E. GUERINDA 1,Eólica terrestre,EGED,EGREEN,"24,6"
GUERIN2,18WGUERIN2-12-EU,GUERIN2,P. E. GUERINDA 2,Eólica terrestre,EGED,EGREEN,"24,6"
GUERIN3,18WGUERIN3-12-EN,GUERIN3,P. E. GUERINDA 3,Eólica terrestre,EGED,EGREEN,"25,0"
GUI1,18WGUI1-12345-FM,GUILLEN 1G,GUILLENA GR.1 GENERAC.,Turbinación bombeo,ENDG,GUIG,"68,9"
GUI1B,18WGUI1B-12345-3,GUILLEN 1B,GUILLENA GR.1 BOMBEO,Consumo bombeo,ENDG,GUIB,"75,0"
GUI2,18WGUI2-12345-FC,GUILLEN 2G,GUILLENA GR.2 GENERAC.,Turbinación bombeo,ENDG,GUIG,"68,9"
GUI2B,18WGUI2B-12345-U,GUILLEN 2B,GUILLENA GR.2 BOMBEO,Consumo bombeo,ENDG,GUIB,"75,0"
GUI3,18WGUI3-12345-F2,GUILLEN 3G,GUILLENA GR.3 GENERAC.,Turbinación bombeo,ENDG,GUIG,"68,9"
GUI3B,18WGUI3B-12345-K,GUILLEN 3B,GUILLENA GR.3BOMBEO,Consumo bombeo,ENDG,GUIB,"75,0"
GUICO,18W000000000PRHF,GUICO,GUICO,Solar fotovoltaica,GNRA,UPGUICO,"5,5"
GUILLEN,18W000000000HBIJ,PSFGUILLEN,PSFGUILLENA,Solar fotovoltaica,HISPE,FGUILLE,"100,0"
GUISC01,18W-GUISC01-1--7,GUISC01,GUISC01,Comercializadores mercado libre,GUIS,GUISC01,"10,0"
GUISC02,18W-GUISC02-4--Q,GUIS CD,GUIS CONSUMIDOR DIRECTO,Consumos directos en mercado,GUIS,GUISC02,"7.663,4"
GUISONA,18WGUISONA-12-DG,GUISONA,GUISONA-CLOSA,Gas natural cogeneración,GUIS,GUISGN,"27,7"
GUM1,18WGUM1-12345-AP,GUIMIL 1,GUIMIL I,Embalse,GNFG,UFGC,"1,5"
GUM2,18WGUM2-12345-AF,GUIMIL 2,GUIMIL II,Embalse,GNFG,UFGC,"1,4"
GUMA,18WGUMA-123456-A,GUMA,18WGUMA-123456-A,Fluyente,EGLE,HVADOC,"2,2"
GUNEL01,18W000000000OR64,GUNEL01,UNIDAD GENERICA,Genéricas,UNEL,GUNEL01,"270,0"
GURBC01,18W000000000KABO,GURBC01,GURBC01,Comercializadores mercado libre,GURBT,GURBC01,"0,1"
GUROMAN,18W000000000SKUZ,GUROMAN,UF SOLAR GUARROMAN 81,Solar fotovoltaica,NEXU,FGROMAN,"5,0"
GURREA,18WGURREA-1234-5,GURREA,18WGURREA-1234-5,Fluyente,ITURB,HFITURB,"1,1"
GUTERA,18W000000000UTKK,GUTERA,UF SOLAR GUTERA,Solar fotovoltaica,NEXU,FGUTERA,"1,0"
GVALDE,18W000000000MRKL,VALDELAGUA,VALDELAGUA,Solar fotovoltaica,GALP,GALPS39,"40,4"
GVALDES,18W000000000OV3Z,VALDIVIESO,VALDIVIESO,Solar fotovoltaica,GALP,GALPS28,"41,0"
GVEGAS,18W000000000TM7Y,UFVEGAS,UFVEGAS,Eólica terrestre,GALP,GALPS85,"22,0"
GVEGON,18W000000000RHJX,GVEGON,GVEGON,Solar fotovoltaica,GALP,GALPS55,"40,8"
GVIEG1,18W-GVIEG1-60--R,GVIEG1,GVIEG1,Genéricas,VIEG,GVIEG1,"0,0"
GVILLA1,18W000000000TWMB,GVILLA1,GVILLA1,Eólica terrestre,GALP,GALPS94,"34,0"
GVISA1,18W000000000SNDN,GVISA1,UP GENERICA VISALIA,Genéricas,VISAL,GVISA1,"65,0"
GVITOL1,18W000000000OYF2,GVITOL01,UP GENERICA FRANCIA,Genéricas,VITOL,GVITOL1,"500,0"
GWHCC01,18W000000000UGYV,GWHCC01,ESGWHCC01,Comercializadores mercado libre,GWHCO,GWHCC01,"0,0"
GWMARK1,18W000000000UH0M,GWMARK1,UNIDAD GENERICA WMARK,Genéricas,WMARK,GWMARK1,"50,0"
GYEEXXI,18W-GYEEXXI-7--B,GYEEXXI,GYEEXXI,Océano y geotérmica,EEXXI,GYEEXXI,"0,0"
GYG1,18WGYG1-12345-A6,GGALAN GEN,GABRIEL Y GALAN GR.1 GENERAC.,Embalse,IBEG,TAJO,"110,4"
GYG1B,18WGYG1B-12345-E,GGALAN BOM,GABRIEL Y GALAN GR.1 BOMBEO,Consumo bombeo,IBEG,TAJB,"90,0"
GYGNRA,18W-GYGNRA-92--I,OLAS,PLANTA DE APROVECHAMENTO DE LA,Océano y geotérmica,GNRA,GYGNRA,"0,2"
GYIBCUR,18W-GYIBCUR-1--9,GYIBCUR,IBERDROLA CUR  ( GEOTÉRMICA-HI,Océano y geotérmica,IBCUR,GYIBCUR,"0,0"
GZMAN,18W000000000ULRU,GZMAN,GZMAN,Solar fotovoltaica,CEG,FGZMAN,"42,4"
GZO1,18WGZO1-12345-AH,GURIE INF1,GURIEZO INFERIOR 1,Fluyente,ASIE,ASIAGU,"1,1"
GZO2,18WGZO2-12345-A7,GURIE INF2,GURIEZO INFERIOR 2,Fluyente,ASIE,ASIAGU,"1,1"
GZO3,18WGZO3-12345-AY,GURIE SUP,GURIEZO SUPERIOR 1,Fluyente,ASIE,ASIAGU,"1,1"
HAFEC01,18W000000000RKS6,HAFESA,HAFESA MOBILITY ELC SL,Comercializadores mercado libre,HAFES,HAFEC01,"1,0"
HAGUEDA,18WHAGUEDA-123-O,HAGUEDA,UF CH AGUEDA,Fluyente,GNRA,HSAECH,"5,0"
HAPOC01,18W0000000008CUS,HAPOC01,HAPOC01,Consumos directos en mercado,HAPO,HAPOC01,"0,7"
HARINER,18W000000000S1DF,HARINER,HARINER,Comercializadores mercado libre,EDPCL,EDPCR01,"1,0"
HARXC01,18W000000000PIBH,HARXC01,HARXC01,Consumos directos en mercado,HARXX,HARXC01,"1,5"
HCAMPOR,18W000000000P5J3,HCAMPOR,18W000000000P5J3,Fluyente,EGLE,HRPI,"10,0"
HCENE01,18W-HCENE01-6--K,HCENE01,HCENE01,Comercializadores mercado libre,HCENE,HCENE01,"2.399,0"
HCEPEDA,18W000000000R2H8,HCEPEDA,CH CEPEDA,Hidráulica - No UGH,DUFER,HDXT03,"3,7"
HCGC01,18W-HCGC01-97--E,HCGC01,HCGC01,Comercializadores mercado libre,HC G,HCGC01,"2,2"
HCGCOX,18W000000000IOJB,HCGCOX,COMPRA SSAA PARQUES EOLICOS,Consumo de Servicios Auxiliares,HC G,HCGCOX,"20,0"
HCHANZA,18WHCHANZA-123-6,HCHANZA,UF CHANZA,Fluyente,JDALU,HHURONE,"4,5"
HCNSC01,18W-HCNSC01-7--8,HCNSC01,HCNSC01,Comercializadores mercado libre,HC G,HCNSC01,"0,5"
HCORTES,18W000000000F6CH,HER CORTES,FV HERNAN CORTES,Solar fotovoltaica,ECYR,FEGPEM,"34,3"
HCORZAN,18WHCORZAN-12-A9,HCORZAN,18WHCORZAN-12-A9,Fluyente,EGLE,HARNO,"3,6"
HCRUCES,18W000000000R3DD,HCRUCES,HOSPITAL DE CRUCES,Gas natural cogeneración,WMARK,TCRUCES,"3,4"
HCTUDE,18WHCTUDE-1234-M,HCTUDE,COGENERACION HC-TUDELA ABONO,Gas natural cogeneración,HC G,THCTUDE,"10,0"
HCURC01,18W-HCURC01-3--0,HCURC01,HCURC01,Comercializadores último recurso,HCCUR,HCURC01,"50,0"
HCURCEB,18W-HCURCEB-8--7,HCUR BALEA,HCUR BALEA,Enlace Baleares,HCCUR,HCURCEB,"408,0"
HDONOST,18W000000000RC9V,HDONOST,HOSPITAL DE DONOSTIA,Gas natural cogeneración,WMARK,TDONOST,"4,8"
HECEC01,18WHECEC01UF---M,HECEC01 CO,HIDROELÉCTRICA EL CARMEN ENERG,Comercializadores mercado libre,HECEN,HECEC01,"0,1"
HEFRA,18W000000000P164,HEFRA,HEFRA,Solar fotovoltaica,GNRA,UPFRAHI,"30,0"
HELEC01,18W000000000B1JY,UP01 HELIO,UP01 HELIOELEC,Comercializadores mercado libre,HELEC,HELEC01,"0,1"
HELIC01,18W000000000LHCY,HELIOS PEN,HELIOS PENINSULA,Comercializadores mercado libre,HELEI,HELIC01,"1,0"
HELIO1,18W-HELIO1-50--3,HELIO1,HELIOENERGY 1,Solar térmica,EGLE,STHEEN1,"50,0"
HELIO2,18W-HELIO2-92--5,HELIO2,HELIOENERGY II,Solar térmica,EGLE,STHEEN2,"50,0"
HELIOS1,18WHELIOS1-123-5,HELIOS1,HELIOS1,Solar térmica,EGLE,STHELI1,"49,9"
HELIOS2,18WHELIOS2-123-Z,HELIOS2,HELIOS 2,Solar térmica,EGLE,STHELI2,"49,9"
HELLIN1,18W000000000RUJV,HELLIN1,HELLIN1,Solar fotovoltaica,GAC,FFGAC,"5,0"
HELLIN2,18W000000000RULR,HELLIN2,HELLIN2,Solar fotovoltaica,GAC,FRGAC,"2,9"
HERBSC,18W000000000UKDO,HERBSC,HERBSC,Batería electroquímica,SOLRC,FHERCON,"11,0"
HERBSG,18W000000000UKBS,HERBSG,HERBSG,Batería electroquímica,SOLRC,FHERGEN,"11,0"
HERERIA,18W000000000MRQ9,HERERIA,PE LAS HERRERIAS,Eólica terrestre,HC G,HCGSIHA,"16,1"
HERFVG,18W000000000UKAU,HERFVG,HERFVG,Solar fotovoltaica,SOLRC,FHERGEN,"24,1"
HERMIDA,18WHERMIDA-123-A,HERMIDA,HERMIDA,Fluyente,WMARK,HFWMARK,"3,0"
HERRE,18W000000000RK5F,CHHERRERIA,CHHERRERIA,Fluyente,INTRA,HDALT02,"3,0"
HERRER,18WHERRER-123-A4,HERRER,HERRERIAS FASE 2,Fluyente,EGED,HENANSA,"7,8"
HERRER1,18W000000000TD01,HERRER1,CH AMPLIACIN HERREROS,Hidráulica - No UGH,EGLE,HHERRG,"1,2"
HERRERA,18W000000000NHHG,HERRERA,HERRERA,Eólica terrestre,NEXU,EHERRER,"34,6"
HERRERI,18WHERRERI-12-EW,HERRERI,P.E. LA HERRERIA,Eólica terrestre,IGNIS,EGASUR,"44,8"
HERRM,18W000000000K73C,HERRM,HERRM,Solar fotovoltaica,GNRA,FVGNRA,"2,0"
HESID,18W000000000QYKL,HESID,HESID,Solar fotovoltaica,GNRA,FVGNRA,"1,8"
HFASIEB,18W000000000MB4R,CHBARBAO,CENTRAL HIDROEL BARBAO,Fluyente,ASIE,HFASIE,"5,0"
HFASIEJ,18W000000000QOHK,HFASIEJ,HFASIEJOSEFINA,Fluyente,ASIE,HFASIE,"1,1"
HFASIEP,18W000000000MB5P,CHPARANA,CENTRAL HIDROEL PARANA,Fluyente,ASIE,HFASIE,"2,7"
HFASIES,18W000000000RI3P,SAN MIGUEL,SAN MIGUEL,Fluyente,ASIE,HFASIE,"1,5"
HFASIEV,18W000000000QOII,ES-HFASIEV,ES-HFASIEVILLAB,Fluyente,ASIE,HFASIE,"1,2"
HFCEB,18W000000000TBYD,HFCEB,HFCEB,Hidráulica - No UGH,ASIE,HFASIE,"1,5"
HFLIX,18W000000000P5NW,HFLIX,18W000000000P5NW,Fluyente,EGLE,HRPI,"10,0"
HGARCIA,18WHGARCIA-12-AG,HGARCIA,18WHGARCIA-12-AG,Fluyente,EGLE,HNRPGG,"2,5"
HGULLA,18WHGOMEZU-123-Z,HGULLA,HGULLA,Gas natural cogeneración,GNCO,TEGASN,"6,9"
HHOJAM,18W-HHOJAM-53--W,HHOJAM,HOJAMARTA,Fluyente,EGED,HHOJAM,"0,5"
HHONDH,18W000000000U8M5,HHONDH,HHONDH,Híbrida Renovable,REPSB,EREPSOH,"31,7"
HIB-COM,18W000000000SXFQ,HIBCOMA,HIBCOMA,Gas natural cogeneración,LMER,HIBCOMA,"1,3"
HIB-IBE,18W000000000SXDU,HIBIBERFRU,HIBIBERFRUTA,Gas natural cogeneración,LMER,HIBIBER,"4,0"
HIBBEBE,18W000000000SQ3Y,HIBBEBE,HIBRIDACION BEBE,Gas natural cogeneración,LMER,HIBBEBE,"1,4"
HIBHELI,18W000000000SDDG,HIBHELIOS,HIBHELIOS,Gas natural cogeneración,LMER,HIBHELI,"4,6"
HID1,18WHID1-12345-AX,HIDRO 1,HIDRO 1,Fluyente,ASIE,ASIJUCA,"0,3"
HID2,18WHID2-12345-AN,HIDRO 2,HIDRO 2,Fluyente,ASIE,ASIJUCA,"0,3"
HIDPINA,18WHIDPINA-123-6,HIDPINA,18WHIDPINA-123-6,Fluyente,EGLE,HHIPIN,"7,0"
HIDSC01,18W0000000003BQM,HIDR SERV,HIDROBESORA SERVICIOS,Comercializadores mercado libre,HIDSE,HIDSC01,"0,5"
HIERPC1,18W000000000QVOM,HIDTRINITA,HIDRAULICA TRINITAT,Fluyente,ENEDJ,ERPCHI0,"1,9"
HIERRO,18W-HIERRO-60--H,HIERRO,P.E. HIERRO,Eólica terrestre,GNCO,EGASNE0,"22,4"
HIERROS,18WHIERROS-123-J,HIERROS,UF HIERROS,Solar fotovoltaica,EFG,FGEFG,"1,5"
HIF1R01,18W000000000TVNC,HIF1R01,HIF1R01,Comercializadores mercado libre,HISPE,HIS1R01,"1,0"
HIGARES,18WHIGARES-12-AF,HIGARES,18WHIGARES-12-AF,Fluyente,EGLE,HBARLO,"1,6"
HIGUER,18WHIGUER-123-E2,HIGUER,P.E. HIGUERUELA,Eólica terrestre,IBGES,EHIBGES,"37,6"
HIGUERA,18WHIGUERA-123-1,HIGUERA,P. E. LA HIGUERA,Eólica terrestre,IBGES,EHIBGES,"44,0"
HIJ1,18WHIJ1-12345-A4,HIJAR 1,HIJAR 1,Fluyente,IBEG,JUCA,"2,3"
HIJ2,18WHIJ2-12345-AV,HIJAR 2,HIJAR 2,Fluyente,IBEG,JUCA,"2,3"
HIJES,18WHIJES-1234-ED,P.E. HIJES,P.E.HIJES,Eólica terrestre,IBGES,EHIBGES,"13,2"
HIJOLIS,18WHIJOLIS-123-M,HIJOLIS,HIJOLIS,Gas natural cogeneración,DETIC,COGHIJO,"1,0"
HILAC01,18W000000000RPK7,HILAC01,HILAC01,Consumos directos en mercado,HILAD,HILAC01,"0,5"
HILATUR,18W000000000V719,HILATUR,HILATUR,Comercializadores mercado libre,EDPCL,EDPCR01,"1,0"
HINIX,18W000000000TVR4,HINIX,HINIX,Solar fotovoltaica,GNRA,UPSON2,"1,8"
HINOJAI,18WHINOJAI-123-J,HINOJAI,P.E. HINOJAL I,Eólica terrestre,EGLE,EHINOJ,"14,0"
HINOJII,18WHINOJII-123-T,HINOJII,18WHINOJII-123-T,Eólica terrestre,EGLE,EHINOJ,"8,5"
HINOJO,18W000000000QDZH,HINOJOSAS,HINOJOSAS,Solar fotovoltaica,SHEEN,SHEPV21,"35,0"
HINTRA,18W-HINTRA-84--I,CONDALS,ELSCONDALS,Fluyente,INTRA,HINTRA,"16,3"
HIPERII,18WHIPERII-123-Z,HIPERII,P.E. SIERRA DEL ALMUERZO,Eólica terrestre,GNRA,PEVER,"49,9"
HISPC01,18W-HISPC01-4--5,HISPC01,HISPC01,Comercializadores mercado libre,HISPE,HISPC01,"50,0"
HITA,18W000000000RTW8,HITA,HITA,Solar fotovoltaica,CEG,FVHITA,"1,7"
HITACH,18W000000000S2KZ,HITACH,HITACH,Comercializadores mercado libre,ENDCO,ENDER01,"1,0"
HJXXIII,18W000000000GMJP,HJXXIII,HOSPITAL JOAN XXIII,Gas natural cogeneración,AME,TWAME,"1,2"
HLAMORA,18W000000000R2I6,HLAMORA,CH LA MORA,Hidráulica - No UGH,DUFER,HDXT03,"2,1"
HLAVADE,18W000000000P5I5,HLAVADE,18W000000000P5I5,Fluyente,EGLE,HRPI,"1,5"
HLRSPRE,18W000000000H77G,EYEEXXI,"END CUR  ( TARIFA, EÓLICA, NO",Eólica terrestre,RSPRE,HLRSPRE,"0,2"
HLUBIAN,18WHLUBIAN-123-A,HLUBIAN,HLUBIAN,Fluyente,WMARK,HIDEUR,"1,0"
HLYC01,18W000000000QXRA,HALLEY COM,HALLEY COM,Comercializadores mercado libre,HALLE,HLYC01,"10,0"
HMOLINA,18W000000000UEQG,CH MOLINAF,CH MOLINAFERRERA,Hidráulica - No UGH,WMARK,HFWMARK,"1,0"
HO28CA,18W000000000OTBP,HO28CA,HO28CA,Comercializadores mercado libre,FORTI,FORTR01,"1,0"
HO28JE,18W000000000SSH0,HO28JE,HO28JE,Comercializadores mercado libre,FORTI,FORTR01,"1,0"
HONDO,18W000000000NWNX,HONDO,HONDO,Solar fotovoltaica,GNRA,FVGNRA,"1,4"
HONZA,18WHONZA-12345-9,HONZA,LA ONZA,Fluyente,WMARK,HHONZA,"0,7"
HORCAJO,18W000000000U6LD,FV HORCAJO,FV HORCAJO,Solar fotovoltaica,DREUA,FDREU19,"2,2"
HOREC01,18W-HOREC01-4--B,HORENER,HORECA ENERGIA SL,Comercializadores mercado libre,HORE,HOREC01,"5,0"
HORN16,18W000000000QA0M,HORNACHOS6,HORNACHOS SOLAR 16,Solar fotovoltaica,ADXRE,HORN16,"16,7"
HORN98,18W000000000Q9ZT,HORNACHOS9,HORNACHOS 98,Solar fotovoltaica,ADXRE,HORN98,"3,0"
HORNET,18W000000000TIB1,HORNET,UF SOLAR ZARATAN HORNET,Solar fotovoltaica,NEXU,FZRATAN,"20,5"
HORNI,18WHORNI12345--U,HORNI,P.E. HORNILLOS,Eólica terrestre,EGED,EGREEN1,"26,0"
HOYAGON,18WHOYAGON-123-V,HOYAGON,P.E. HOYA GONZALO,Eólica terrestre,WMARK,EEVOLD,"49,5"
HOYASI,18W000000000RTE7,HOYASI,FV HOYAS,Solar fotovoltaica,EFG,FCONTR1,"5,0"
HOYASII,18W000000000RTH1,HOYASII,FV HOYAS GRANDES II,Solar fotovoltaica,EFG,FCONTR2,"3,6"
HOYEC01,18W000000000NHTT,HOYEC01,HOY ENERGIA,Comercializadores mercado libre,HOYEN,HOYEC01,"0,1"
HOYO,18WHOYO-12345-AI,HOYO,HOYO,Fluyente,IBGES,HFIBGES,"3,5"
HOYROSA,18WHOYROSA-12--8,HOYROSA,P.E. LAS HOYUELAS-ROSALES,Eólica terrestre,EGED,EGREEN,"32,0"
HPEEXXI,18W-HPEEXXI-6--S,HPEEXXI,"END CUR  ( HIDRÁULICA, PRUEBAS",Fluyente,EEXXI,HPEEXXI,"0,1"
HPEONUR,18W-HPEONUR-2--1,HPEONUR,"E.ON CUR ( HIDRÁULICA, PRUEBAS",Hidráulica - No UGH,EONUR,HPEONUR,"19,8"
HPEREDA,18WHPEREDA-123-7,HPEREDA,LA PEREDA,Subproductos minería,HUNOS,THUNOS,"50,0"
HPEUSA2,18W000000000D9I4,HPEUSA2,UP SANTA LUCIA,Fluyente,PEUSA,HPEUSA2,"0,9"
HPHCCUR,18W-HPHCCUR-3--F,HPHCCUR,"HC CUR ( HIDRÁULICA, PRUEBAS)",Hidráulica - No UGH,HCCUR,HPHCCUR,"0,0"
HPIBCUR,18W-HPIBCUR-2--I,HPIBCUR,"IB CUR  ( HIDRÁULICA, PRUEBAS)",Fluyente,IBCUR,HPIBCUR,"0,3"
HPUERTO,18WHPUERTO-123-P,HPUERTO,18WHPUERTO-123-P,Hidráulica - No UGH,EFG,HGEFG,"1,5"
HREQUEJ,18W000000000P5K1,HREQUEJ,18W000000000P5K1,Fluyente,EGLE,HRPI,"5,0"
HRRERA,18W000000000R9YR,HRRERA,UF SOLAR LA HERRERA,Solar fotovoltaica,NEXU,FHRRERA,"4,0"
HSAFONT,18W000000000P5H7,HSAFONT,18W000000000P5H7,Fluyente,EGLE,HRPI,"1,1"
HSATC01,18W000000000MM6R,HSAT,HSAT21,Comercializadores mercado libre,HSATE,HSATC01,"1,0"
HSBONAR,18W00000000005E2,HSBONAR,HS BONAR,Híbrida Renovable,DETIC,HBBONAR,"4,5"
HSCOC01,18W0000000002GMJ,HSILCO,HSILLDECOMER,Comercializadores mercado libre,HSCOM,HSCOC01,"6,0"
HSEGENS,18W00000000005F0,HSEGENS,HSEGENS,Fluyente,WMARK,HSEGEN,"1,7"
HSJOSE,18WHSJOSE-1234-D,HSJOSE,UF CH SAN JOSE,Fluyente,GNRA,HSAECH,"3,0"
HTBILL,18WHTBILL-123-EU,HTBILL,P.E. HONTALBILLA,Eólica terrestre,IBGES,EHIBGES,"36,5"
HTBILL2,18WHTBILL2-12-EU,HTBILL2,P.E. HONTALBILLA II,Eólica terrestre,IBGES,EHIBGES,"28,9"
HU2020,18W000000000GF0A,HUELVA,UF FOTOVOLTAICA HUELVA,Solar fotovoltaica,SHEEN,SHEPV08,"40,9"
HUELVES,18W000000000UGEY,HUELVES,UF SOLAR HUELVES,Solar fotovoltaica,NEXU,FHELVES,"2,0"
HUER,18WHUER-12345-AP,HUERMEDA,HUERMEDA,Fluyente,ENDG,EBRERZ,"0,4"
HUMILL,18W000000000VH90,HUMILL,UF SOLAR HUMILLADERO,Solar fotovoltaica,NEXU,FHUMILL,"3,5"
HUNEJAT,18WHUNEJAT-123-9,HUNEJAT,P.E.HUENEJA 3,Eólica terrestre,IBGES,EHIBGES,"49,5"
HURONES,18WHURONES-123-Q,HURONES,UF CH HURONES,Fluyente,JDALU,HHURONE,"5,2"
HVGORDO,18W000000000R3WC,HVGORDO,VILLALGORDO,Hidráulica - No UGH,DUFER,HDXT02,"5,5"
HXERTA,18W000000000P5MY,HXERTA,18W000000000P5MY,Fluyente,EGLE,HRPI,"18,0"
HXRSPRE,18W0000000008CWO,HYNEXU,HYNEXU,Hidráulica - No UGH,RSPRE,HXRSPRE,"1,5"
HY2MAR,18W000000000DQ6E,HY2MARINER,HIDRAULICA MAJOR 1MW MARINER,Fluyente,EPYM,HYDRO2,"1,7"
HYAGREN,18W000000000JT2Q,HYAGREN,HYAGREN,Fluyente,AGREN,HYAGREN,"1,0"
HYAME,18W0000000006ZKO,HYGESTE,SANILLES,Fluyente,AME,HYAME,"4,2"
HYANORF,18W000000000QWB8,FYGESTE,FYGESTE,Solar fotovoltaica,ZRMTT,HYANORF,"0,0"
HYANORH,18W000000000QWC6,HYGESTE,SANILLES,Fluyente,ZRMTT,HYANORH,"0,5"
HYASIE,18W-HYASIE-82--X,HYASIE,ASIE (HIDRÁULICA TARIFA NO EXE,Fluyente,ASIE,HYASIE,"5,0"
HYCEG,18W-HYCEG-693--O,HYCEG,VIRGEN DE LAS VIÑAS,Fluyente,CEG,HYCEG,"1,3"
HYDETIC,18W-HYDETIC-4--9,HYDETIC,"DETIC (TARIFA,NO EXENTO,HID.)",Fluyente,DETIC,HYDETIC,"9,5"
HYDRC01,18W000000000R53R,HYDRC01,HYDRC01,Comercializadores mercado libre,HYDRO,HYDRC01,"0,1"
HYDRO1,18W000000000I7V1,CH_PETITES,HIDRO MENORS DE 1 MW,Fluyente,EPYM,HYDRO1,"2,0"
HYECATA,18W000000000S4PJ,HYEGED,HYEGED,Fluyente,EGED,HYECATA,"3,0"
HYEEXXI,18W-HYEEXXI-1--N,HYEEXXI,"END CUR  ( TARIFA, HIDRÁULICA,",Fluyente,EEXXI,HYEEXXI,"6,4"
HYEFG,18W-HYEFG-837--Y,HYEFG,"EFG (TARIFA,NO EXENTO,HID.)",Hidráulica - No UGH,EFG,HYEFG,"22,4"
HYEGLE,18W-HYEGLE-22--X,HYEGLE,RE-1096,Fluyente,EGLE,HYEGLE,"21,5"
HYEONUR,18W-HYEONUR-7--U,HYEONUR,"E.ON CUR ( TARIFA, HIDRÁULICA,",Fluyente,EONUR,HYEONUR,"0,9"
HYFEN,18W-HYFEN-776--4,MINIHIDRAU,MINIHIDRAULICA A TARIFA,Fluyente,FEN,HYFEN,"0,3"
HYGESTE,18W-HYGESTE-6--1,HYGESTE,SANILLES,Fluyente,GESTE,HYGESTE,"17,3"
HYGNRA,18W-HYGNRA-27--L,HYGNRA,HYGNRA,Fluyente,GNRA,HYGNRA,"32,5"
HYGNSUR,18W-HYGNSUR-1--3,HYGNSUR,"GN SUR SDG ( TARIFA, HIDRÁULIC",Fluyente,GNSUR,HYGNSUR,"4,6"
HYHCCUR,18W-HYHCCUR-4--N,HYHCCUR,"HC CUR ( TARIFA, HIDRÁULICA, N",Fluyente,HCCUR,HYHCCUR,"2,4"
HYIBCUR,18W-HYIBCUR-6--E,HYIBCUR,"IB CUR  ( TARIFA, HIDRÁULICA,",Fluyente,IBCUR,HYIBCUR,"11,4"
HYIGNI,18W000000000R4LV,HYGNRA,HYGNRA,Fluyente,IGNIS,HYIGNI,"0,1"
HYITURB,18W-HYITURB-8--2,ITURB,HITURB,Fluyente,ITURB,HYITURB,"0,4"
HYLAUE3,18W000000000R3Z6,HYLAUE3,UF LA ESPERANZA,Fluyente,LAUEI,HYLAUE3,"1,1"
HYNEXU,18W-HYNEXU-32--7,HYNEXU,HYNEXU,Fluyente,NEXU,HYNEXU,"19,0"
HYRSPRA,18W-HYRSPRA-4--K,HYRSPRA,18WHYRSPRA-123-G,Fluyente,RSPRA,HYRSPRA,"23,9"
HYSERRA,18W-HYSERRA-1--L,HYSERRA,UP SERRA POT MENOR 1 MW,Fluyente,GNRA,HYSERRA,"3,1"
HYWMARK,18W-HYWMARK-6--2,HYWMARK,HIDRAULICA TARIFA MENOR DE 10,Fluyente,WMARK,HYWMARK,"5,8"
IAMLO,18WIAMLO-12345-4,IAMLO,INDUSTRIAS ANGEL MARTINEZ LOPE,Gas natural cogeneración,GEMSL,TYGEMSL,"3,9"
IBARGO,18WIBARGO-123-ER,IBARGO,P. E. IBARGOITI,Eólica terrestre,EGED,EGREEN,"28,0"
IBCUC01,18W-IBCUC01-1--C,IBCUC01,IBCUC01,Comercializadores último recurso,IBCUR,IBCUC01,"14.000,0"
IBCUCEB,18W-IBCUCEB-2--Z,IBCUCEB,IBCUCEB,Enlace Baleares,IBCUR,IBCUCEB,"408,0"
IBDSC01,18W000000000GJBD,UPIBERDESA,UPROGRAMACIONIBERDESA,Comercializadores mercado libre,IBERD,IBDSC01,"2,0"
IBEGC05,18W-IBEGC05-2--G,IBEGC05,IBEGC05,Importación Marruecos,IBEG,IBEGC05,"1.000,0"
IBEGCP3,18W-IBEGCP3-8--E,IBEGCP3,IBEGCP3,Importación Francia,IBEG,IBEGCP3,"750,0"
IBEGVP3,18W-IBEGVP3-2--Y,IBEGVP3,IBEGVP3,Exportación Francia,IBEG,IBEGVP3,"1.200,0"
IBERFO,18W000000000S2LX,IBERFO,IBERFO,Comercializadores mercado libre,ENDCO,ENDER01,"1,0"
IBERHC,18W000000000TS9C,IBERHC,IBERHC,Comercializadores mercado libre,ENDCO,ENDER01,"1,0"
IBGCCX1,18W000000000AFBC,IBGCCX1,UNID PORF IBGES COMERC COMPRA,Porfolio,IBGES,IBGCCX1,"9.999,0"
IBGCVX1,18W000000000AFAE,IBGCVX1,UNID PORF IBGES COMERC VENT,Porfolio,IBGES,IBGCVX1,"9.999,0"
IBGECP3,18W-IBGECP3-3--W,IBGECP3,IBGE DERECHOS COMPRA(FRAN),Importación Francia,IBGES,IBGECP3,"750,0"
IBGESX,18W00000000076NR,IBGESX,IBGES CONSUMO SERV AUXILIARES,Consumo de Servicios Auxiliares,IBGES,IBGESX,"30,0"
IBGEVP3,18W-IBGEVP3-6--G,IBGEVP3,IBGE DERECHOS VENTA(FRAN),Exportación Francia,IBGES,IBGEVP3,"1.200,0"
IBGPCX1,18W000000000AFV9,IBGPCX1,PROD PORF IBGES COMERC COMPR,Porfolio,IBGES,IBGPCX1,"9.999,0"
IBGPVX1,18W000000000AFUB,IBGPVX1,PROD PORF IBGES COMERC VENTA,Porfolio,IBGES,IBGPVX1,"9.999,0"
IBHEACI,18WIBHEACI-12-E7,HEDROSOACI,P.E. HEDROSO-ACIBEROS,Eólica terrestre,WMARK,IBHEACI,"31,4"
IBIFW,18W000000000O6SN,IBIFW,IBIFW,Solar fotovoltaica,GNRA,FVGNRA,"1,1"
IBMXC01,18W000000000V18D,IBMXC01,IBERMAX COMPRA,Comercializadores mercado libre,IBERY,IBMXC01,"0,0"
IBPADOR,18WIBPADOR-12-EW,IBPADOR,PADORNELO,Eólica terrestre,WMARK,IBPADOR,"31,4"
IBSEC01,18W000000000AIMI,IBSEC01,IBSEN COMERCIALIZADORA,Comercializadores mercado libre,IBSEN,IBSEC01,"30,0"
IBSNC01,18W000000000MNCC,IBSNC01,IBSNC01,Consumos directos en mercado,IBSUS,IBSNC01,"2,0"
IBSUC01,18W000000000MMRM,IBSUC01,IBSUC01,Consumos directos en mercado,IBSUS,IBSUC01,"1,9"
ICGAC01,18W-ICGAC01-4--I,COMERC,COMERCIALIZACIÓN,Comercializadores mercado libre,ICGAS,ICGAC01,"65,0"
ICLIC01,18W-ICLIC01-1--J,ICLIC01,ICLIC01,Comercializadores mercado libre,IBCLI,ICLIC01,"5,0"
ICLX001,18W000000000OSO2,ICLX001,ICLX001,Comercializadores mercado libre,IBCLI,ICLIR01,"88,0"
ICLX002,18W000000000OSP0,ICLX002,ICLX002,Comercializadores mercado libre,IBCLI,ICLIR01,"9,0"
ICLX003,18W000000000QK5J,ICLX003,ICLX003,Comercializadores mercado libre,IBCLI,ICLIR01,"8,5"
ICLX004,18W000000000QK6H,ICLX004,ICLX004,Comercializadores mercado libre,IBCLI,ICLIR01,"17,5"
ICLX005,18W000000000QK7F,ICLX005,ICLX005,Comercializadores mercado libre,IBCLI,ICLIR01,"25,5"
ICLX006,18W000000000QK8D,ICLX006,ICLX006,Comercializadores mercado libre,IBCLI,ICLIR01,"18,0"
ICLX007,18W000000000QK9B,ICLX007,ICLX007,Comercializadores mercado libre,IBCLI,ICLIR01,"9,0"
ICLX008,18W000000000S3F5,ICLX008,ICLX008,Comercializadores mercado libre,IBCLI,ICLIR01,"22,0"
ICLX009,18W000000000S3OO,ICLX009,ICLX009,Comercializadores mercado libre,IBCLI,ICLIR01,"3,1"
ICLX010,18W000000000S3PM,ICLX010,ICLX010,Comercializadores mercado libre,IBCLI,ICLIR01,"6,2"
ICLX011,18W000000000S3QK,ICLX011,ICLX011,Comercializadores mercado libre,IBCLI,ICLIR01,"19,8"
ICLX014,18W000000000S3TE,ICLX014,ICLX014,Comercializadores mercado libre,IBCLI,ICLIR01,"90,0"
ICLX015,18W000000000S3UC,ICLX015,ICLX015,Comercializadores mercado libre,IBCLI,ICLIR01,"75,0"
ICLX016,18W000000000S3VA,ICLX016,ICLX016,Comercializadores mercado libre,IBCLI,ICLIR01,"10,0"
ICLX017,18W000000000S3W8,ICLX017,ICLX017,Comercializadores mercado libre,IBCLI,ICLIR01,"4,5"
ICLX018,18W000000000S3X6,ICLX018,ICLX018,Comercializadores mercado libre,IBCLI,ICLIR01,"6,6"
ICLX019,18W000000000S3Y4,ICLX019,ICLX019,Comercializadores mercado libre,IBCLI,ICLIR01,"3,8"
ICLX020,18W000000000TUIP,ICLX020,ICLX020,Comercializadores mercado libre,IBCLI,ICLIR01,"2,6"
ICLX021,18W000000000TUJN,ICLX021,ICLX021,Comercializadores mercado libre,IBCLI,ICLIR01,"1,6"
ICLX022,18W000000000TUKL,ICLX022,ICLX022,Comercializadores mercado libre,IBCLI,ICLIR01,"3,6"
ICLX023,18W000000000TULJ,ICLX023,ICLX023,Comercializadores mercado libre,IBCLI,ICLIR01,"2,5"
ICLX024,18W000000000TUMH,ICLX024,ICLX024,Comercializadores mercado libre,IBCLI,ICLIR01,"7,8"
ICLX025,18W000000000TUNF,ICLX025,ICLX025,Comercializadores mercado libre,IBCLI,ICLIR01,"5,5"
ICLX027,18W000000000TUPB,ICLX027,ICLX027,Comercializadores mercado libre,IBCLI,ICLIR01,"3,3"
ICLX028,18W000000000TVXT,ICLX028,ICLX028,Comercializadores mercado libre,IBCLI,ICLIR01,"3,3"
ICLX029,18W000000000TVYR,ICLX029,ICLX029,Comercializadores mercado libre,IBCLI,ICLIR01,"2,2"
ICLX030,18W000000000TY28,ICLX030,ICLX030,Comercializadores mercado libre,IBCLI,ICLIR01,"1,2"
ICLX031,18W000000000TY44,ICLX031,ICLX031,Comercializadores mercado libre,IBCLI,ICLIR01,"4,2"
ICLX032,18W000000000TY52,ICLX032,ICLX032,Comercializadores mercado libre,IBCLI,ICLIR01,"4,5"
ICLX033,18W000000000TY60,ICLX033,ICLX033,Comercializadores mercado libre,IBCLI,ICLIR01,"3,7"
ICLX034,18W000000000TY7Z,ICLX034,ICLX034,Comercializadores mercado libre,IBCLI,ICLIR01,"3,2"
ICLX035,18W000000000TY8X,ICLX035,ICLX035,Comercializadores mercado libre,IBCLI,ICLIR01,"2,5"
ICLX036,18W000000000TY9V,ICLX036,ICLX036,Comercializadores mercado libre,IBCLI,ICLIR01,"1,2"
ICLX037,18W000000000TYAT,ICLX037,ICLX037,Comercializadores mercado libre,IBCLI,ICLIR01,"2,6"
ICLX038,18W000000000TYBR,ICLX038,ICLX038,Comercializadores mercado libre,IBCLI,ICLIR01,"1,6"
ICLX039,18W000000000TYCP,ICLX039,ICLX039,Comercializadores mercado libre,IBCLI,ICLIR01,"1,1"
ICLX040,18W000000000TYDN,ICLX040,ICLX040,Comercializadores mercado libre,IBCLI,ICLIR01,"1,3"
ICLX041,18W000000000TYEL,ICLX041,ICLX041,Comercializadores mercado libre,IBCLI,ICLIR01,"2,5"
ICLX042,18W000000000TYFJ,ICLX042,ICLX042,Comercializadores mercado libre,IBCLI,ICLIR01,"1,4"
ICLX043,18W000000000TYGH,ICLX043,ICLX043,Comercializadores mercado libre,IBCLI,ICLIR01,"2,0"
ICLX044,18W000000000TYHF,ICLX044,ICLX044,Comercializadores mercado libre,IBCLI,ICLIR01,"1,4"
ICLX045,18W000000000TYID,ICLX045,ICLX045,Comercializadores mercado libre,IBCLI,ICLIR01,"1,0"
ICLX046,18W000000000V68Z,ICLX046,ICLX046,Comercializadores mercado libre,IBCLI,ICLIR01,"1,0"
ICLX047,18W000000000V69X,ICLX047,ICLX047,Comercializadores mercado libre,IBCLI,ICLIR01,"1,0"
ICLX048,18W000000000V6AV,ICLX048,ICLX048,Comercializadores mercado libre,IBCLI,ICLIR01,"1,0"
ICLX049,18W000000000V6BT,ICLX049,ICLX049,Comercializadores mercado libre,IBCLI,ICLIR01,"1,0"
ICLX050,18W000000000V6CR,ICLX050,ICLX050,Comercializadores mercado libre,IBCLI,ICLIR01,"1,0"
ICLX051,18W000000000V6DP,ICLX051,ICLX051,Comercializadores mercado libre,IBCLI,ICLIR01,"1,0"
ICLX052,18W000000000V6EN,ICLX052,ICLX052,Comercializadores mercado libre,IBCLI,ICLIR01,"1,0"
ICLX053,18W000000000V6FL,ICLX053,ICLX053,Comercializadores mercado libre,IBCLI,ICLIR01,"1,0"
ICLX054,18W000000000V6GJ,ICLX054,ICLX054,Comercializadores mercado libre,IBCLI,ICLIR01,"1,0"
ICLX055,18W000000000V6HH,ICLX055,ICLX055,Comercializadores mercado libre,IBCLI,ICLIR01,"1,0"
ICLX056,18W000000000V6IF,ICLX056,ICLX056,Comercializadores mercado libre,IBCLI,ICLIR01,"1,0"
ICLX057,18W000000000V6JD,ICLX057,ICLX057,Comercializadores mercado libre,IBCLI,ICLIR01,"1,0"
ICLX058,18W000000000V6KB,ICLX058,ICLX058,Comercializadores mercado libre,IBCLI,ICLIR01,"1,0"
ICLX059,18W000000000V6L9,ICLX059,ICLX059,Comercializadores mercado libre,IBCLI,ICLIR01,"1,0"
ICLX060,18W000000000V6M7,ICLX060,ICLX060,Comercializadores mercado libre,IBCLI,ICLIR01,"1,0"
ICLX061,18W000000000V6O3,ICLX061,ICLX061,Comercializadores mercado libre,IBCLI,ICLIR01,"1,0"
ICLX999,18W000000000TUQ9,ICLX999,ICLX999,Comercializadores mercado libre,IBCLI,ICLIR01,"8,7"
ICUPCX1,18W000000000ADNV,ICUPCX1,UNID PORF IBCUR  COMPRA,Porfolio,IBCUR,ICUPCX1,"9.999,0"
ICUPVX1,18W000000000ADMX,ICUPVX1,UNID PORF IBCUR  VENTA,Porfolio,IBCUR,ICUPVX1,"9.999,0"
IDACSA,18W0000000005CJP,IDACSA BIO,ISACSA BOMASA,Biomasa,GESTE,RIDAGST,"2,2"
IDESC01,18W000000000RRTK,IDESC01,IDESC01 UP,Comercializadores mercado libre,IDESE,IDESC01,"0,0"
IENOC01,18W-IENOC01-7--A,COM IENOV,COMERCIALIZADORA IENOV,Comercializadores mercado libre,IENOV,IENOC01,"10,0"
IERRV01,18W000000000QR08,IERRV01,IERRV01,Solar fotovoltaica,GNRA,UPIER1,"13,0"
IERRV02,18W000000000QR16,IERRV02,IERRV02,Solar fotovoltaica,GNRA,UPIER2,"2,0"
IESADRI,18WIESADRI-12-D4,IESADRI,18WIESADRI-12-D4,Gas natural cogeneración,EGLE,TINMAL,"9,9"
IESALBA,18WIESALBA-12-D5,IESALBA,18WIESALBA-12-D5,Gas natural cogeneración,EGLE,TINMAL,"3,3"
IFAVG,18W0000000006ZLM,EPIBCUR,"IB CUR  ( EÓLICA, PRUEBAS)",Eólica terrestre,GNRA,IFAVG,"0,2"
IFMALLO,18W000000000U1W6,IFMALLOR,AGRUPACIN IF MALLORQUINAS,Solar fotovoltaica,INTRA,INTRE02,"1,2"
IGAFW,18W000000000P350,IGAFW,IGAFW,Solar fotovoltaica,GNRA,UPGUUF,"2,5"
IGEA,18WIGEA-12345-E9,IGEA,P.E. IGEA CORNAGO SUR 1ª FASE,Eólica terrestre,IBGES,EMRIBGE,"28,0"
IGESC01,18W-IGESC01-8--1,IGESC01,IGESC01,Comercializadores mercado libre,IBGES,IGESC01,"13.000,0"
IGLESIA,18W000000000V8CL,IGLESIA,IGLESIA,Eólica terrestre,IBGES,EIBGEIG,"70,4"
IM2SOLR,18W000000000KSMM,IM2,IM2SOLR,Solar fotovoltaica,GESTE,FIM2SLR,"1,0"
IM3B01,18W000000000S4LR,IM3B01,IM3B01,Solar fotovoltaica,IM3,IM3V02,"1,5"
IM3C01,18W-IM3C01-37--F,IM3ENER,IM3ENER,Comercializadores mercado libre,IM3,IM3C01,"0,2"
IM3V01,18W000000000RZII,FYIBCUR,"IB CUR  ( TARIFA, FOTOVOLTAICA",Solar fotovoltaica,IM3,IM3V01,"3,5"
IMANZAN,18W000000000M8XF,IMANZAN,IMANZAN,Solar fotovoltaica,GALP,GALPS3,"35,0"
IMAXC01,18W000000000VDT9,IMAXINA,IMAXINA ENERGIA SL,Comercializadores mercado libre,IMAXI,IMAXC01,"1,0"
IMOLINA,18WIMOLINA-12-EV,IMOLINA,18WIMOLINA-12-EV,Eólica terrestre,CEG,ECASAR,"8,0"
IMPEC01,18W000000000NKI5,IMPERIUM,IMPERIUM LUMEN,Comercializadores mercado libre,IMPER,IMPEC01,"0,1"
INARC01,18W000000000SJDZ,INARGY,INARGY SPOT,Comercializadores mercado libre,INARG,INARC01,"5,5"
INDAC01,18W000000000RSDC,INDAREL,INDAREL KUDEAKETA SLU,Comercializadores mercado libre,INDAR,INDAC01,"1,0"
INDAIGU,18W000000000QSWF,INDAIGUA,INDAIGUADEVALLS,Fluyente,RSPRA,HHRSPRA,"1,2"
INDEC01,18W-INDEC01-6--V,INDEC01,INDEC01,Comercializadores mercado libre,INDEX,INDEC01,"40,0"
INDIANA,18W000000000RNAX,INDIANA,UF SOLAR LA INDIANA,Solar fotovoltaica,NEXU,FINDINA,"3,3"
INDIPUN,18WINDIPUN-12-EY,INDIPUN,18WINDIPUN-12-EY,Gas natural cogeneración,EGLE,TINDIP,"2,0"
INDLC01,18W000000000T2BC,INDLC01,UP INDALO,Comercializadores mercado libre,INDA,INDLC01,"0,1"
INDUL,18W000000000I0AR,INDUL,INDUL,Gas natural cogeneración,ENUFR,ENUFRV7,"9,6"
INEMC01,18W000000000T19J,INEMA,INER MADRID,Comercializadores mercado libre,INERM,INEMC01,"0,2"
INERC01,18W-INERC01-8--7,INERC01,INERC01,Comercializadores mercado libre,INER1,INERC01,"0,2"
INFRUS,18W000000000TVEU,INFRUS,INFRUS,Comercializadores mercado libre,SHELL,SESAR01,"1,0"
INGAROI,18WINGAROI-123-G,INGAROIL,INGAROIL,Residuos varios,INGAR,TINGARO,"15,6"
INGEC01,18W000000000J06V,INGEM ,INGEM ENERGIA SL,Comercializadores mercado libre,INGEM,INGEC01,"0,1"
INICC01,18W000000000SSCA,INICC01,INICC01,Comercializadores mercado libre,INICB,INICC01,"0,1"
INIES,18W000000000ISRK,INIES,INIESTA,Eólica terrestre,WMARK,EFWMARK,"5,0"
INIESTA,18W000000000VBDA,INIESTA,UF SOLAR INIESTA,Solar fotovoltaica,NEXU,FINISTA,"2,6"
INPELCG,18W000000000T49A,INPELCG,INPELCG,Gas natural cogeneración,DETIC,COGINPE,"2,4"
INPELSA,18W000000000HXXY,INPELSA,INPELSA,Gas natural cogeneración,DETIC,TFINPEL,"2,4"
INQUE,18W000000000MIVQ,INQU,INQUE,Gas natural cogeneración,AME,TZAME2,"4,3"
INROKO,18W000000000TI0N,INROKO,INDUSTRIAS ROKO,Gas natural cogeneración,EGLE,TINROKO,"2,1"
INTARDU,18W000000000ORYM,INTARDU,INTARDU,Consumos directos en mercado,DETIC,CD02R01,"3,0"
INTATOM,18W000000000TWZM,INTATOM,INTATOM,Consumos directos en mercado,DETIC,CD06R01,"2.500,0"
INTBORD,18W000000000S49E,INTBORD,INTBORD,Consumos directos en mercado,DETIC,CD03R01,"0,0"
INTCEP1,18W000000000S9JG,INTCEP1,INTCEP1,Consumos directos en mercado,DETIC,CD03R01,"0,0"
INTCEP2,18W000000000S9KE,INTCEP2,INTCEP2,Consumos directos en mercado,DETIC,CD03R01,"0,0"
INTCONT,18W000000000V2XY,INTCONT,INTCONT,Comercializadores mercado libre,DETIC,DETIR01,"1,0"
INTEC01,18W-INTEC01-9--7,INTEC01,INTEC01,Comercializadores mercado libre,INTEG,INTEC01,"90,0"
INTELEC,18W000000000TX0F,INTELEC,INTELEC,Consumos directos en mercado,DETIC,CD06R01,"24,0"
INTELLO,18W000000000TX2B,INTELLO,INTELLO,Comercializadores mercado libre,DETIC,DETIR01,"1,0"
INTEURO,18W000000000TX1D,INTEURO,INTEURO,Comercializadores mercado libre,DETIC,DETIR01,"1,0"
INTFOR1,18W000000000V31L,INTFOR1,INTFOR1,Comercializadores mercado libre,DETIC,DETIR01,"1,0"
INTFUME,18W000000000V2V1,INTFUME,INTFUME,Comercializadores mercado libre,DETIC,DETIR01,"1,0"
INTGEOT,18W000000000S4AC,INTGEOT,INTGEOT,Consumos directos en mercado,DETIC,CD03R01,"0,0"
INTGIBR,18W000000000V30N,INTGIBR,INTGIBR,Comercializadores mercado libre,DETIC,DETIR01,"1,0"
INTGRE3,18W000000000TX47,INTGRE3,INTGRE3,Consumos directos en mercado,DETIC,CD03R01,"2,5"
INTGRE4,18W000000000TX55,INTGRE4,INTGRE4,Consumos directos en mercado,DETIC,CD03R01,"1,7"
INTGRE6,18W000000000V2ZU,INTGRE6,INTGRE6,Comercializadores mercado libre,DETIC,DETIR01,"1,0"
INTIBER,18W000000000V2U3,INTIBER,INTIBER,Comercializadores mercado libre,DETIC,DETIR01,"1,0"
INTMOLT,18W000000000V2YW,INTMOLT,INTMOLT,Comercializadores mercado libre,DETIC,DETIR01,"1,0"
INTOLAR,18W000000000S4BA,INTOLAR,INTOLAR,Consumos directos en mercado,DETIC,CD05R01,"2.600,0"
INTRC01,18W000000000MIEN,INTEA,INTERENERGIA,Comercializadores mercado libre,INTEA,INTRC01,"0,1"
INTREIN,18W000000000QOTX,INTREIN,INTREIN,Consumos directos en mercado,DETIC,CD04R01,"55,0"
INTSOG2,18W000000000V2T5,INTSOG2,INTSOG2,Consumos directos en mercado,DETIC,CD03R01,"2,4"
INTSOGA,18W000000000TX39,INTSOGA,INTSOGA,Consumos directos en mercado,DETIC,CD03R01,"3,2"
INTVD02,18W000000000U4DZ,FV MEN1MW,UP SOLAR FV MENOR 1 MW,Solar fotovoltaica,INTRA,INTVD02,"2,8"
INUSA,18WINUSA-12345-1,INUSA,INUSA,Biogás,CEG,RINUSA,"2,1"
INUSC01,18W000000000JKQ5,INUSC01,INUSC01,Comercializadores mercado libre,INUSK,INUSC01,"0,2"
INVES,18WINVES-12345-5,INVES,P.E. INVESTIGACION VILLANUEVA,Eólica terrestre,EGED,EGREEN,"6,0"
INVVC01,18W000000000VHR1,INVVC01,INVVC01,Consumos directos en mercado,INVEV,INVVC01,"4,5"
IONAC01,18W000000000V1E1,IONAC01,UP IONA,Comercializadores mercado libre,IONA,IONAC01,"0,1"
IONMN,18W000000000TVS2,IONMN,IONMN,Solar fotovoltaica,GNRA,UPSON2,"1,2"
IP1,18WIP1-123456-FU,IP 1G,IP GR.1 GENERAC.,Turbinación bombeo,ENDG,CHIPG,"30,0"
IP1B,18WIP1B-123456-6,IP 1B,IP GR.1 BOMBEO,Consumo bombeo,ENDG,CHIPB,"33,0"
IP2,18WIP2-123456-FJ,IP 2G,IP GR.2 GENERAC.,Turbinación bombeo,ENDG,CHIPG,"29,9"
IP2B,18WIP2B-123456-W,IP 2B,IP GR.2 BOMBEO,Consumo bombeo,ENDG,CHIPB,"33,0"
IP3,18WIP3-123456-F8,IP 3G,IP GR.3 GENERAC.,Turbinación bombeo,ENDG,CHIPG,"28,8"
IP3B,18WIP3B-123456-L,IP 3B,IP GR.3 BOMBEO,Consumo bombeo,ENDG,CHIPB,"33,0"
IPLANA,18WIPLANA-123-EV,IPLANA,I+D PLANA,Eólica terrestre,WMARK,EFWMARK,"2,0"
IPLANAA,18WIPLANAA-12-EC,IPLANAA,I+D PLANA AMPLIACION,Eólica terrestre,WMARK,EFWMARK,"2,0"
IRABIA,18WIRABIA-1234-U,IRABIA,IRABIA,Fluyente,EGED,HFEGED,"1,7"
IRATI,18WIRATI-12345-H,IRATI,IRATI,Fluyente,EGED,HFEGED,"2,4"
IRISC01,18W000000000CGMG,IRIS,IRIS ENERGIA EFICIENTE SA,Comercializadores mercado libre,IRIS,IRISC01,"0,1"
IRUELAS,18WIRUELAS-12-E0,IRUELAS,IRUELAS,Eólica terrestre,EGED,EGREEN,"13,6"
IRUGU,18WIRUGU-12345-4,IRUGU,UF CENTRAL IRUGURUTZETA,Fluyente,GNRA,ZERBI,"1,3"
ISABELA,18WISABELA-12-E6,ISABELA,P.E. ISABELA,Eólica terrestre,IBGES,EHIBGES,"48,0"
ISAEC01,18W000000000RW6E,ISAEC,ISAE COMERCIALIZACION SL,Comercializadores mercado libre,ISAEC,ISAEC01,"0,1"
ISEOC01,18W000000000QEVM,ISEOC01,ISEOC01,Consumos directos en mercado,ISEO,ISEOC01,"0,1"
ISIDRO1,18WISIDRO1-12-AD,ISIDRO1,SAN ISIDRO1,Fluyente,HC G,HCHI,"1,5"
ISIDRO2,18WISIDRO2-12-A6,ISIDRO2,SAN ISIDRO2,Fluyente,HC G,HCHI,"1,5"
ISLA,18WISLA-123456-J,ISLALUZ,ISLALUZ,Hidráulica - No UGH,CEG,HYISLA,"1,8"
ISLETES,18WISLETES-123-1,ISLETES,ISLETES,Eólica terrestre,IBGES,EHIBGES,"9,9"
ISLONIA,18W000000000L9BN,ISLONIA,UF ISLONIA,Biomasa,GEMSL,RISLON,"1,9"
ISMCCXF,18W000000000QFM0,PORGENC,PORT_GEN_CMPRA,Porfolio,ISMSL,ISMCCX1,"9.999,0"
ISMCVXF,18W000000000QFQT,PORGENV,PORT_GEN_VNTA,Porfolio,ISMSL,ISMCVX1,"9.999,0"
ISMPCXF,18W000000000QHWB,PORGENC,PORT_GEN_CMPRA,Porfolio,ISMSL,ISMPCX1,"9.999,0"
ISMPVXF,18W000000000QHUF,PORGENV,PORT_GEN_VNTA,Porfolio,ISMSL,ISMPVX1,"9.999,0"
ISMSC01,18W000000000FDNB,ISMCOM,ISMCOMER,Comercializadores mercado libre,ISMSL,ISMSC01,"0,1"
ISMSR01,18W000000000V5BW,ISMSR01,ISMSR01,Comercializadores mercado libre,ISMSL,ISMSR01,"1,0"
ISYDC01,18W000000000GQP1,UPC ISYDE,UP COMPRA INVESYDE,Comercializadores mercado libre,ISYDE,ISYDC01,"1,0"
ITAMAR,18W000000000SWS3,ES-ITAMAR,PARQUE FV ITAMAR,Solar fotovoltaica,EBLCO,FITAMAR,"8,1"
IURRETA,18WIURRETA-123-X,IURRETA,COGENERACIÓN IURRETA,Residuos varios,SMURF,RSMURFT,"21,4"
IZBOR,18WIZBOR-1234-AN,C.H.IZBOR ,C.H. IZBOR,Embalse,ECYR,HEGPE,"11,9"
IZN1,18WIZN1-12345-A2,IZNAJAR 1,IZNAJAR 1,Embalse,ENDG,GDLQ,"37,8"
IZN2,18WIZN2-12345-AT,IZNAJAR 2,IZNAJAR 2,Embalse,ENDG,GDLQ,"38,3"
JAB1,18WJAB1-12345-AE,JABARELL 1,JABARELLA 1,Fluyente,ENDG,EBRACC1,"4,9"
JAB2,18WJAB2-12345-A4,JABARELL 2,JABARELLA 2,Fluyente,ENDG,EBRACC1,"4,9"
JAB3,18WJAB3-12345-AV,JABARELL 3,JABARELLA 3,Fluyente,ENDG,EBRACC1,"4,9"
JABALQU,18WJABALQU-123-K,JABALQU,COMPAÑÍA ENERGÉTICA DE JABALQU,Gas natural cogeneración,DETIC,TGCOOSU,"13,7"
JABVE,18W000000000T3IW,JABVE,JABVE,Solar fotovoltaica,GNRA,UPJAB,"1,0"
JAC1,18WJAC1-12345-A3,JACA 1,JACA 1,Fluyente,ENDG,EBRACC1,"7,6"
JAC2,18WJAC2-12345-AU,JACA 2,JACA 2,Fluyente,ENDG,EBRACC1,"8,2"
JADRAQU,18W000000000S8S1,JADRAQU,PSF JADRAQUE,Solar fotovoltaica,WMARK,FVJADRA,"2,0"
JALON1,18W000000000TB6W,JALON1,JALON1,Solar fotovoltaica,CEG,FJALON1,"46,5"
JAMONE1,18W000000000V7JA,JAMONE1,JAMONE1,Comercializadores mercado libre,EDPCL,EDPCR01,"1,0"
JAMONE2,18W000000000V7K8,JAMONE2,JAMONE2,Comercializadores mercado libre,EDPCL,EDPCR01,"1,0"
JAN1,18WJAN1-12345-AU,JANDULA 1,JANDULA 1,Embalse,ENDG,GDLQ,"2,8"
JAN2,18WJAN2-12345-AK,JANDULA 2,JANDULA 2,Embalse,ENDG,GDLQ,"5,8"
JAN3,18WJAN3-12345-AA,JANDULA 3,JANDULA 3,Embalse,ENDG,GDLQ,"5,9"
JANCOLI,18WJANCOLI-123-2,JANCOLI,18WJANCOLI-123-2,Eólica terrestre,NEXU,EJANCOL,"9,0"
JANDAPE,18WJANDAPE-123-3,JANDAPE,18WJANDAPE-123-3,Eólica terrestre,NEXU,EJANDAP,"9,0"
JANDSUY,18WJANDSUY-123-V,JANDSUY,18WJANDSUY-123-V,Eólica terrestre,NEXU,EJANDSU,"8,0"
JAR1,18WJAR1-12345-AN,SANTJAR 1G,SANTIAGO-JARES GR.1 GENERAC.,Embalse,IBEG,SIL,"25,9"
JAR1B,18WJAR1B-12345-V,SANTJAR 1B,SANTIAGO-JARES GR.1 BOMBEO,Consumo bombeo,IBEG,SILB,"25,0"
JAR2,18WJAR2-12345-AD,SANTJAR 2G,SANTIAGO-JARES GR.2 GENERAC.,Embalse,IBEG,SIL,"27,1"
JAR2B,18WJAR2B-12345-L,SANTJAR 2B,SANTIAGO-JARES GR.2 BOMBEO,Consumo bombeo,IBEG,SILB,"25,0"
JARA4,18W000000000U4WY,JARA4,JARA4,Eólica terrestre,GNRA,EFGNRA,"4,5"
JARALES,18WJARALES-123-S,JARALES,PARQUE EÓLICO LOS JARALES,Eólica terrestre,CEG,EUJARAL,"16,5"
JARALOZ,18WJARALOZ-123-A,JARALOZ,18WJARALOZ-123-A,Gas natural cogeneración,GUIS,GUISGN,"3,7"
JARRETA,18WJARRETA-12-EK,JARRETA,P. E. PLANA DE JARRETA,Eólica terrestre,EGLE,EPPJAR,"49,5"
JAT1,18WJAT1-12345-A1,JAVIERRL 1,JAVIERRELATRE 1,Fluyente,ENDG,EBRACC1,"5,2"
JAT2,18WJAT2-12345-AS,JAVIERRL 2,JAVIERRELATRE 2,Fluyente,ENDG,EBRACC1,"5,2"
JAU1,18WJAU1-12345-AR,JAUJA 1,JAUJA 1,Fluyente,ENDG,GDLQ,"1,7"
JAU2,18WJAU2-12345-AH,JAUJA 2,JAUJA 2,Fluyente,ENDG,GDLQ,"1,7"
JAU3,18WJAU3-12345-A7,JAUJA 3,JAUJA 3,Fluyente,ENDG,GDLQ,"1,2"
JAUFIL,18WJAUFIL-1234-L,JAUFIL,18WJAUFIL-1234-L,Eólica terrestre,EBLCO,EJAUFIL,"4,0"
JERALTO,18W000000000T4E0,JERALTO,FV JEREZ HOTEI SOLAR,Solar fotovoltaica,EGLE,FHOTEI,"45,0"
JERQE,18W000000000QY96,JERQE,JERQE,Solar fotovoltaica,GNRA,UPJER,"1,4"
JGCDAIM,18WJGCDAIM-123-F,JGCDAIM,JGCDAIM,Gas natural cogeneración,GNCO,TEGASN,"8,3"
JMFEC01,18W000000000RXIO,JMFEC01,JMFEC01,Comercializadores mercado libre,JMFEN,JMFEC01,"0,1"
JMO1,18WJMO1-12345-AN,JM.ORIOL 1,JOSE MARIA ORIOL 1,Embalse,IBEG,TAJO,"237,0"
JMO2,18WJMO2-12345-AD,JM.ORIOL 2,JOSE MARIA ORIOL 2,Embalse,IBEG,TAJO,"239,0"
JMO3,18WJMO3-12345-A3,JM.ORIOL 3,JOSE MARIA ORIOL 3,Embalse,IBEG,TAJO,"239,3"
JMO4,18WJMO4-12345-AU,JM.ORIOL 4,JOSE MARIA ORIOL 4,Embalse,IBEG,TAJO,"237,8"
JOINC01,18W0000000007PIH,JOINC01,JOINC01,Consumos directos en mercado,JOIN,JOINC01,"1.101,5"
JORGE1,18W000000000QJ2S,JORGE MEDO,PSFV SAN JORGE MERCADO,Solar fotovoltaica,METEN,METEV03,"17,3"
JORGEP,18W000000000S2MV,JORGEP,JORGEP,Comercializadores mercado libre,ENDCO,ENDER01,"1,0"
JOSEC01,18W-JOSEC01-5--A,JOSEC01,JOSEC01,Comercializadores mercado libre,JOSEP,JOSEC01,"0,7"
JOVEC01,18W000000000SLYO,UP JOVE,UPROGRAMACION JOVE,Comercializadores mercado libre,JOVE,JOVEC01,"0,1"
JRONCP3,18W-JRONCP3-1--O,JARON EXCD,JARON EXP CN DER(INT CN FRAN),Importación Francia,JARON,JRONCP3,"0,0"
JRONVP3,18W-JRONVP3-6--0,JARON IMCD,JARON IMP CN DER(INT CN FRAN),Exportación Francia,JARON,JRONVP3,"0,0"
JU1136,18W000000000UDSF,JU1136,JU1136,Solar fotovoltaica,SOLRC,FJU1136,"41,0"
JU2135,18W000000000UDUB,JU2135,JU2135,Solar fotovoltaica,SOLRC,FJU2135,"36,2"
JUANC01,18W000000000IZ2C,JUANX_UP,JUAN_ENERGY_UP,Comercializadores mercado libre,JUANX,JUANC01,"0,6"
JUBERAI,18W000000000TL62,JUBERA I,JUBERA I,Eólica terrestre,WMARK,PEJUBER,"33,2"
JUBERII,18W000000000TL70,JUBERA II,JUBERA II,Eólica terrestre,WMARK,PEJUBER,"30,6"
JUE1,18WJUE1-12345-A0,JUEU,JUEU,Fluyente,ENDG,EBRFEN,"20,0"
JUGLANS,18W000000000QAS3,JUGLANS,UF SOLAR JUGLANS,Solar fotovoltaica,NEXU,FABLITA,"8,0"
JUMSAL,18W000000000OGQY,JUMSAL,JUMSAL,Gas natural cogeneración,DETIC,COGJUMS,"1,0"
JUNEDA,18W000000000RC60,JUNEDA,RE-3886    1,Biogás,EGLE,RVGARR,"1,3"
JUNEDA2,18W000000000RC44,JUNEDA2,ADS JUNEDA 2  RE-3886   2,Gas natural cogeneración,EGLE,TVGARR,"15,0"
JUNIPER,18W000000000QAT1,JUNIPER,UF SOLAR JUNIPERUS,Solar fotovoltaica,NEXU,FABLITA,"2,0"
JUNO,18WJUNO-12345-EX,JUNO,JUNO,Eólica terrestre,HISPE,DANSZN,"49,5"
JUSEC01,18W000000000OY1U,JUSEC01,JUSEC01,Comercializadores mercado libre,JUSEP,JUSEC01,"0,1"
KAOCOR,18W000000000V3PA,KAOCOR,KAOCOR,Comercializadores mercado libre,ENDCO,ENDER01,"1,0"
KARMC01,18W000000000R2FC,KARMC01,KARMA ALIMUR,Comercializadores mercado libre,KARMA,KARMC01,"1,0"
KELC01,18W000000000M3YS,KELC01,KELC01,Consumos directos en mercado,CALEA,KELC01,"1,1"
KEPILAS,18W000000000SG4P,KEPILAS,KELLYPILAS,Solar fotovoltaica,EGLE,FKELLY,"4,5"
KERABEN,18WKERABEN-12-D2,KERABEN,KERABEN,Gas natural cogeneración,WMARK,TKERAB,"9,6"
KILVC01,18W000000000442D,KILV_C,KILOWATIOS VERDES UP,Comercializadores mercado libre,KILVE,KILVC01,"4,0"
KINA1,18W000000000NLI2,KINA1,KINANOS SOLAR 1,Solar fotovoltaica,GAC,FKGAC,"3,0"
KINA2,18W000000000NLJ0,KINA2,KINANOS SOLAR 2,Solar fotovoltaica,GAC,FIGAC,"2,0"
KINEC01,18W000000000PS33,KINEC01,COMPRA KINESTALIA,Comercializadores mercado libre,KINE,KINEC01,"1,0"
KIRIC01,18W000000000RY1I,KIRIC01,KIRIN RENOVABLES,Comercializadores mercado libre,KIRIN,KIRIC01,"0,0"
KODLC01,18W000000000JGQH,KODLC01,KODLC01,Comercializadores mercado libre,KODLC,KODLC01,"0,1"
KONYC01,18W000000000DRVZ,KONERY,KONERY EFICIENCIA ENERGTICA SL,Comercializadores mercado libre,KONRY,KONYC01,"0,1"
KREAC01,18W000000000IYHM,KREAC01,KREAN ENERGIA COMERCIALIZADORA,Comercializadores mercado libre,KREAN,KREAC01,"10,0"
KRONO1,18W000000000S2NT,KRONO1,KRONO1,Comercializadores mercado libre,ENDCO,ENDER01,"1,0"
KRONO2,18W000000000S2OR,KRONO2,KRONO2,Comercializadores mercado libre,ENDCO,ENDER01,"1,0"
KRONO3,18W000000000S2PP,KRONO3,KRONO3,Comercializadores mercado libre,ENDCO,ENDER01,"1,0"
KVASCP3,18W000000000U4EX,KVCOMP,KVASICOMPRA,Importación Francia,KVASI,KVASCP3,"10,0"
KVASVP3,18W000000000U4FV,KVVENT,KVASIVENTA,Exportación Francia,KVASI,KVASVP3,"10,0"
KWFC01,18W000000000K3NL,KWFI,KWFVI ENERGIA,Comercializadores mercado libre,KWFVI,KWFC01,"1,0"
LABA,18WLABA-12345-A9,LA BAELLS,LA BAELLS,Embalse,ENDG,EBRFEN,"6,9"
LABAS,18WLABAS-1234-A8,LABAS,LABAS,Fluyente,IBGES,HFIBGES,"4,6"
LABOC01,18W-LABOC01-6--V,LABOIL CC,LABOIL CC,Comercializadores mercado libre,LABOI,LABOC01,"4,3"
LABRA,18WLABRA-1234-ET,LABRA,P.E. LABRADAS,Eólica terrestre,IBGES,EHIBGES,"36,5"
LABRADO,18WLABRADO-12-EE,LABRADO,P.E. LOS LABRADOS,Eólica terrestre,HISPE,RWESZN,"24,0"
LACABRI,18W000000000KZCL,LACABRITA,LACABRITA,Solar fotovoltaica,HISPE,FLACAB,"42,4"
LACAYA,18WLACAYA-1234-2,LACAYA,18WLACAYA-1234-2,Eólica terrestre,EGLE,EMTORR,"4,9"
LACOC01,18W000000000F7BG,LA CORRIEN,LA CORRIENTE S COOP,Comercializadores mercado libre,LACOR,LACOC01,"0,1"
LACUES,18WLACUES-1234-N,LACUES,P.E.CUESTA MAÑERA,Eólica terrestre,GNCO,EGASNE0,"49,5"
LACUEST,18WGUADALCUESTAH,LACUEST,PE LA CUESTA GUADALTEBA,Eólica terrestre,HC G,HCGSCSA,"27,2"
LADYC01,18W000000000SQPR,ES-LADYWAR,LADY WARSAW INVESTMENT SL,Comercializadores mercado libre,LADYW,LADYC01,"0,6"
LAESTAN,18W000000000F5UL,LA ESTANCA,PE LA ESTANCA,Eólica terrestre,ECYR,EREGPEV,"24,0"
LAF1,18WLAF1-12345-AI,LAFORTUN 1,LAFORTUNADA-CINCA GR.1,Embalse,ENDG,EBRACC1,"13,8"
LAF2,18WLAF2-12345-A8,LAFORTUN 2,LAFORTUNADA-CINCA GR.2,Embalse,ENDG,EBRACC1,"13,8"
LAF3,18WLAF3-12345-AZ,LAFORTUN 3,LAFORTUNADA-CINCA GR.3,Embalse,ENDG,EBRACC1,"13,8"
LAF4,18WLAF4-12345-AP,LAFORTUN 4,LAFORTUNADA-CINQUETA GR.1,Embalse,GNRA,EBROF,"20,4"
LAF5,18WLAF5-12345-AF,LAFORTUN 5,LAFORTUNADA-CINQUETA GR.2,Embalse,GNRA,EBROF,"20,4"
LAFTORE,18W000000000P03D,FLTORRE,FLATORRE,Solar fotovoltaica,GESTE,FLTORRE,"42,0"
LAG,18WLAG-123456-AG,LA GOTERA,LA GOTERA,Fluyente,IBEG,DUER,"0,5"
LAGAV01,18W000000000TJDV,LAGAVARRA ,LAGAVARRA VENTA,Solar fotovoltaica,CENTS,LAGAV01,"1,0"
LAGOS,18WLAGOS-1234-ER,LAGOS,P.E. SIERRA DE LOS LAGOS,Eólica terrestre,HC G,HCGSCSA,"38,9"
LAGUNAS,18W000000000QXFY,LAGUNAS,PF LAS LAGUNAS,Solar fotovoltaica,EGLE,FKALEL,"2,1"
LAHERRE,18W000000000SG2T,LAHERRE,PSFV LA HERRERA,Solar fotovoltaica,METEN,METEV07,"39,0"
LAHUESA,18W000000000LV0G,LAHUESA,PE LA HUESA,Eólica terrestre,IBGES,EHIBGES,"17,8"
LAISA,18WLAISA-1234-DI,LAISA,ROQUETTE LAISA ESPAÑA,Gas natural cogeneración,EGLE,TRLE,"10,2"
LAISA1,18W000000000NSEQ,LAISA1,UFI MECANISMO LAISA,Gas natural cogeneración,EGLE,TRLE1,"4,0"
LALBT,18W000000000QXV2,LALBT,LALBT,Solar fotovoltaica,GNRA,FVGNRA,"3,0"
LALCON,18WLALCON-1234-H,LALCON,P.E. LA ALCONADA,Eólica terrestre,GNCO,EGASNE0,"4,5"
LALMEND,18WLOMALMENDARA0,LALMEND,P.E.LOMA DE ALMENDARACHE,Eólica terrestre,EGED,EGREEN,"12,0"
LALOMA,18WLALOMA-1234-J,LALOMA,LA LOMA,Biomasa,ENCEG,RLALOM,"16,0"
LALOMBA,18WLALOMBA-123-W,LALOMBA,18WLALOMBA-123-W,Eólica terrestre,EGLE,ELODOS,"4,9"
LAMESA,18WLAMESA-123--W,LAMESA,LA MESA,Eólica terrestre,BURGE,EBURGE,"9,0"
LAMPC01,18W000000000UCUE,LAMPYRIS,LAMPYRIS ENERGIA SL,Comercializadores mercado libre,LAMPY,LAMPC01,"1,0"
LAMR,18WLAMR-12345-AE,MORCA,LA MORCA,Fluyente,ENDG,EBRACC1,"0,6"
LAMUEL1,18WLAMUEL1-12-EZ,LAMUEL1,P.E. LA MUELA 1,Eólica terrestre,IBGES,EHIBGES,"49,5"
LAMUELA,18W000000000TA0A,LAMUELA,LAMUELA,Hidráulica - No UGH,DETIC,HYLAMUE,"4,8"
LAMUN,18WLAMUN-12345-W,LAMUN,P.E.LA MUÑECA,Eólica terrestre,GNCO,EGASNE0,"40,5"
LAMURTA,18W000000000N641,LAMURTA,CH LA MURTA,Fluyente,HC G,HCHI2,"0,9"
LAN1,18WLAN1-12345-A4,LANCARA 1,LANCARA DE LUNA 1,Embalse,CHDUE,LANCAR,"0,3"
LAN2,18WLAN2-12345-AV,LANCARA 2,LANCARA DE LUNA 2,Embalse,CHDUE,LANCA2,"0,8"
LANAVA,18W000000000SXO8,LANAVA,PSF LA NAVA,Solar fotovoltaica,EGLE,FSONAV,"45,0"
LANAVAE,18WLANAVAEOLICAJ,NAVA,P.E. LA NAVA,Eólica terrestre,HC G,HCGSCSA,"27,2"
LANCES,18WLANCES-123-EU,LANCES,P. E. LOS LANCES,Eólica terrestre,ECYR,EREGPEM,"10,6"
LANCHAL,18WPE-LANCHAL--M,LANCHAL,PE LANCHAL,Eólica terrestre,ECYR,EEGPEM,"21,2"
LANDC01,18W-LANDC01-3--M,LANDS ,LANDS AND BUILDING S.L,Consumos directos en mercado,LAND,LANDC01,"1,9"
LANDRO,18WLANDRO-1234-O,LANDRO,18WLANDRO-1234-O,Fluyente,EGLE,HSOLUE,"8,2"
LANTER,18WLANTER-123-EG,LANTER,P.E. LANTERNOSO,Eólica terrestre,HISPE,RWESZN,"24,0"
LAOBC01,18W000000000ONT7,LAOBC01,LAOBC01 UP,Comercializadores mercado libre,LABOA,LAOBC01,"0,1"
LAOFW,18W000000000O6XD,LAOFW,LAOFW,Solar fotovoltaica,GNRA,FVGNRA,"5,0"
LAPAC01,18W000000000QEM3,GALAP ENER,GALAPAGO ENERGIA,Comercializadores mercado libre,GALAP,LAPAC01,"0,1"
LAPBLA,18W000000000FZQD,LA POBLA,CH LA POBLA,Fluyente,NEXU,HPOBLA,"7,5"
LAPENA,18W000000000FGIC,LA PENA,PE LA PEÑA,Eólica terrestre,HC G,HCGSIHA,"28,8"
LAPENA1,18W000000000RT7L,LAPENA1,UF SOLAR LA PENA 1,Solar fotovoltaica,NEXU,FLPENA1,"40,0"
LAPENA2,18W000000000RT8J,LAPENA2,UF SOLAR LA PENA2,Solar fotovoltaica,NEXU,FLPENA2,"40,0"
LARFW,18W000000000OC5E,LARFW,LARFW,Solar fotovoltaica,GNRA,FVGNRA,"1,4"
LARISA,18WLARISA-1234-X,LARISA,P.E. LA RISA,Eólica terrestre,HC G,HCGSIHA,"12,0"
LAROUCO,18WLAROUCO-12-ET,LAROUCO,P. E. LAROUCO,Eólica terrestre,IBGES,EHIBGES,"41,6"
LARRAL,18W000000000RPHD,LARRAL,UF SOLAR LARRAL,Solar fotovoltaica,NEXU,FLARRAL,"40,0"
LARRIH,18WLARRIH-123--T,LARRIH,P. E. LARRIBA - HORNILLOS,Eólica terrestre,IBGES,EMCIBGE,"32,0"
LARUYA,18WLARUYA-1234-7,LARUYA,18WLARUYA-1234-7,Eólica terrestre,EGLE,EERUYA,"1,6"
LAS1,18WLAS1-12345-AN,LASPUÑA 1,LASPUÑA 1,Embalse,ENDG,EBRACC1,"7,1"
LAS2,18WLAS2-12345-AD,LASPUÑA 2,LASPUÑA 2,Embalse,ENDG,EBRACC1,"7,1"
LASARDA,18W000000000SG5N,LASARDA,PE LAS SARDAS,Eólica terrestre,HC G,HCGSIHA,"20,0"
LASBRIS,18W000000000RT5P,LASBRIS,UF SOLAR LAS BRISAS,Solar fotovoltaica,NEXU,FBRISAS,"2,4"
LASE,18W000000000NWPT,LASE,LASE,Solar fotovoltaica,GNRA,FVGNRA,"1,5"
LASLANA,18W000000000L9K5,LASLANA,UF LASLANA,Solar fotovoltaica,NEXU,FLSOLAN,"6,0"
LASMAJA,18W000000000Q6RH,LASMAJA,PE LAS MAJAS,Eólica terrestre,WMARK,ELASMAJ,"49,5"
LASMINA,18WLASMINA-123-Q,LASMINA,18WLASMINA-123-Q,Fluyente,EGLE,HCMINE,"1,7"
LASORDA,18WLASORDA-123-5,LASORDA,18WLASORDA-123-5,Eólica terrestre,EGLE,EMTORR,"6,6"
LASOTON,18W000000000T961,LASOTON,CH SOTONERA,Hidráulica - No UGH,EGLE,HRIEAG,"4,0"
LASP,18WLASP-12345-A5,PORTAS,LAS PORTAS,Fluyente,IBEG,SIL,"0,3"
LASSJ,18W000000000QYA4,LASSJ,LASSJ,Solar fotovoltaica,GNRA,UPLAS,"2,4"
LASTR2,18W000000000NZZ0,LSTRS,LASTRA2,Solar fotovoltaica,GESTE,FLASTR2,"35,0"
LASTRA,18WLASTRA-123--A,LASTRA,PARQUE EÓLICO LA LASTRA,Eólica terrestre,EGLE,ELBOGA,"11,6"
LASVAG,18W000000000QBUX,LASVAG,LASVAG,Solar fotovoltaica,HISPE,FLASVAG,"10,0"
LASVIN,18WLASVIN-1234-Q,LASVIN,P. E. LAS VIÑAS,Eólica terrestre,IBGES,EHIBGES,"38,4"
LATINF,18W000000000T0G8,UF LATIN,UF LATIN,Derivados del petróleo o carbón,GEMSL,TLATINF,"6,4"
LATORRE,18WPE-LA-TORRE-A,LATORRE,LATORRE,Eólica terrestre,EGED,EGREEN,"16,0"
LAUCCX1,18W000000000APVG,PORGENC,PORT_GEN_CMPRA,Porfolio,LAUEI,LAUCCX1,"9.999,0"
LAUCVX1,18W000000000APUI,PORGENV,PORT_GEN_VNTA,Porfolio,LAUEI,LAUCVX1,"9.999,0"
LAUEC01,18W-LAUEC01-7--1,LAUEC01 CO,"LA UNIÓN ELECTRO INDUSTRIAL, S",Comercializadores mercado libre,LAUEI,LAUEC01,"15,0"
LAURUS,18W000000000QAVY,LAURUS,UF SOLAR LAURUS,Solar fotovoltaica,NEXU,FABLITA,"2,0"
LAV1,18WLAV1-12345-AR,LAVIANA 1,LAVIANA 1,Fluyente,HC G,HCHI,"0,3"
LAV2,18WLAV2-12345-AH,LAVIANA 2,LAVIANA 2,Fluyente,HC G,HCHI,"0,3"
LAV3,18WLAV3-12345-A7,LAVIANA 3,LAVIANA 3,Fluyente,HC G,HCHI,"0,3"
LAVAC01,18W000000000NXUG,LA VALL,LA VALL COMERCIALIZADORA ELECT,Comercializadores mercado libre,LAVAL,LAVAC01,"3,0"
LAVEGA1,18WLAVEGA1-12--B,LAVEGA1,PE LA VEGA I,Eólica terrestre,GNCO,EGASNE1,"5,0"
LAVEGA2,18WLAVEGA2-123-T,LAVEGA2,P.E. LA VEGA II,Eólica terrestre,GNCO,EGASNE1,"5,0"
LAVERNE,18WLAVERNE-123-1,LAVERNE,18WLAVERNE-123-1,Fluyente,EGLE,HLAVERN,"1,4"
LAVINYA,18W000000000T11Z,LA VINYA,PS LA VINYA,Solar fotovoltaica,SOMEN,SENFV1,"1,9"
LAYNA,18WLAYNA-12345-D,LAYNA,ALTO LAYNA,Eólica terrestre,IBGES,EHIBGES,"50,0"
LAZAN,18WLAZAN-12345-F,LAZAN,LAZAN,Eólica terrestre,IBGES,EHIBGES,"4,9"
LAZAR,18WLAZAR-12345-G,LAZAR,P. E. LOMA DE LAZARO,Eólica terrestre,EGED,EGREEN,"16,0"
LBANEZA,18W000000000RU4O,LBANEZA,LA BAÑEZA,Gas natural cogeneración,EGLE,TAZUCAR,"12,8"
LBAT,18WLBAT-12345-A3,BATANEJOS,LOS BATANEJOS,Fluyente,BARER,LBAT,"0,6"
LBTSP,18W000000000RRI5,LBTSP,LBTSP,Solar fotovoltaica,GNRA,LOBOH,"28,0"
LCA1,18WLCA1-12345-AC,CANTOS 1,LOS CANTOS 1,Fluyente,DUFER,HDXT01,"2,3"
LCA2,18WLCA2-12345-A2,CANTOS 2,LOS CANTOS 2,Fluyente,DUFER,HDXT01,"2,4"
LCASTRO,18WLCASTRO-123-M,LCASTRO,UF EL CASTRO F2,Fluyente,GNRA,HCASTRO,"1,4"
LCOCB,18W000000000SUJR,LCOCB,LCOCB,Solar fotovoltaica,GNRA,FVGNRA,"8,0"
LCOSC01,18W000000000JY71,LCOSC01,LOW COST 01,Comercializadores mercado libre,LCOST,LCOSC01,"40,0"
LDGIC01,18W-LDGIC0184--2,LDGIA,LDGIA,Comercializadores mercado libre,LDGIA,LDGIC01,"0,1"
LDO1,18WLDO1-12345-AV,DORNAJOS 1,LOS DORNAJOS 1,Fluyente,BARER,BERJUCA,"0,8"
LDO2,18WLDO2-12345-AL,DORNAJOS 2,LOS DORNAJOS 2,Fluyente,BARER,BERJUCA,"0,8"
LDOFW,18W000000000P36Z,LDOFW,LDOFW,Solar fotovoltaica,GNRA,FVGNRA,"1,2"
LEB1,18WLEB1-12345-AE,LEBOREIR 1,LEBOREIRO 1,Embalse,GNFG,UFGC,"1,1"
LEB2,18WLEB2-12345-A4,LEBOREIR 2,LEBOREIRO 2,Embalse,GNFG,UFGC,"1,1"
LEBAIKO,18W000000000T767,LEBAIKO,UF SOLAR LEA ARTIBAIKO,Solar fotovoltaica,NEXU,FLEAIKO,"0,9"
LEBOREI,18WLEBOREI-12-EP,LEBOREI,P.E. LEBOREIRO,Eólica terrestre,ECYR,EEGPEM,"21,1"
LEBRETE,18WLEBRETE-123-1,LEBRETE,UF EL CULEBRETE,Biogás,GNRA,RCULEBR,"1,4"
LEBRIJA,18WLEBRIJA-12--B,LEBRIJA,PLANTA TERMOSOLAR LEBRIJA,Solar térmica,NEXU,STSOLUC,"49,9"
LECRIN,18WLECRIN-1234-9,LECRIN,LECRIN,Eólica terrestre,EBLCO,ERIANSA,"11,3"
LEDCC01,18W0000000001V2I,LCE COMPRA,LEDESMA COMERCIALIZADORA UNIDA,Comercializadores mercado libre,LEDCE,LEDCC01,"0,1"
LEGAC01,18W000000000F4QW,ELEGA UP,ELEGA UNIDAD DE PROGRAMACION,Comercializadores mercado libre,ELEGA,LEGAC01,"0,0"
LEI1,18WLEI1-12345-AB,LEIZA 1,LEIZA 1,Fluyente,IBEG,EBRA,"0,5"
LEI2,18WLEI2-12345-A1,LEIZA 2,LEIZA 2,Fluyente,IBEG,EBRA,"0,4"
LEIRA,18W000000000T1DB,LEIRA,UF HIDRO LEITA,Fluyente,NEXU,HLEIRA,"1,4"
LEONC01,18W000000000RXHQ,LECOMUP,ESLECOMUP,Comercializadores mercado libre,LEONC,LEONC01,"0,0"
LERC01,18W-LERC01-34--O,LERC01,LERC01,Comercializadores mercado libre,LER,LERC01,"7,0"
LERIN,18WLERIN-12345-C,LERIN,C.H. LERÍN,Fluyente,EGED,HFEGED,"1,1"
LESROTE,18WLESROTE-123-K,LESROTE,18WLESROTE-123-K,Eólica terrestre,EBLCO,ELESROT,"44,0"
LEYREN2,18W000000000RY92,LEYREN2,UF SOLAR LEYRENE 2,Solar fotovoltaica,NEXU,FLEMAZR,"1,6"
LEYRENE,18W000000000RY76,LEYRENE,UF SOLAR LEYRENE,Solar fotovoltaica,NEXU,FLENOEZ,"1,4"
LEZ1,18WLEZ1-12345-A9,LEIZARAN,LEIZARAN,Fluyente,IBEG,EBRA,"3,5"
LFA1,18WLFA1-12345-AD,FAYOS 1,LOS FAYOS 1,Fluyente,IBEG,EBRA,"0,1"
LFA2,18WLFA2-12345-A3,FAYOS 2,LOS FAYOS 2,Fluyente,IBEG,EBRA,"0,1"
LFAESP,18W000000000TSAA,LFAESP,LFAESP,Comercializadores mercado libre,ENDCO,ENDER01,"1,0"
LFLECHA,18WLFLECHA-123-3,LFLECHA,18WLFLECHA-123-3,Fluyente,EGLE,HVADOC,"0,9"
LFUE,18WLFUE-12345-AX,FUENROSAR,FUENROSARIO,Fluyente,IBEG,DUER,"0,1"
LG08MC,18W000000000OTAR,LG08MC,LG08MC,Comercializadores mercado libre,FORTI,FORTR01,"1,0"
LG08VL,18W000000000OTCN,LG08VL,LG08VL,Comercializadores mercado libre,FORTI,FORTR01,"1,0"
LGA1,18WLGA1-12345-A1,GVILANES 1,LOS GAVILANES 1,Fluyente,ASIE,ASITAJ,"0,5"
LGA2,18WLGA2-12345-AS,GVILANES 2,LOS GAVILANES 2,Fluyente,ASIE,ASITAJ,"0,5"
LGOS,18WLGOS-12345-AL,GOSALVEZ,LA GOSALVEZ,Fluyente,BARER,BERJUCA,"0,7"
LGR1,18WLGR1-123456-0,LGR1,LAS GRAJAS 1,Fluyente,CTNU,JUCAR2,"0,2"
LGR2,18WLGR2-123456-R,LGR2,LAS GRAJAS 2,Fluyente,CTNU,JUCAR2,"0,1"
LGUIJO1,18WLGUIJO1-123-I,LGUIJO1,P.E. EL GUIJO I,Eólica terrestre,EBLCO,ELGUIJ1,"38,0"
LGUIJO2,18WLGUIJO2-123-B,LGUIJO2,P.E. EL GUIJO II,Eólica terrestre,EBLCO,ELGUIJ1,"26,0"
LHID,18WLHID-12345-A3,LA HIDRO,LA HIDRO,Fluyente,ENDG,EBRACC1,"0,9"
LIDEC01,18W000000000KACM,LIDEC01,LIDEC01,Comercializadores mercado libre,LIDER,LIDEC01,"0,1"
LIDEV01,18W000000000O69O,LIDEV01,LIDEV01,Solar fotovoltaica,LIDER,LIDEV01,"2,8"
LILL,18WLILL-12345-AQ,LES ILLES,LES ILLES,Fluyente,ENDG,EBRFEN,"0,9"
LIMSAM,18W000000000P3PY,LIMSAM,UF LIMSAM,Biogás,NEXU,RRUICES,"3,1"
LIN1,18WLIN1-12345-AJ,LINARES 1,LINARES DEL ARR.I-A,Embalse,GNFG,UFTA,"0,9"
LIN2,18WLIN2-12345-A9,LINARES 2,LINARES DEL ARR.II-A,Embalse,GNFG,UFTA,"0,8"
LINARES,18WLINARES-123-7,LINARES,18WLINARES-123-7,Fluyente,EGLE,HLOURG,"5,0"
LINASA,18WLINASA-1234-O,LINASA,LINASA,Gas natural cogeneración,DETIC,COGLINA,"9,8"
LINAZAR,18W000000000V2FX,LINAZAR,LINAZAR,Consumos directos en mercado,LINAM,LINAR01,"2.000,0"
LIND01,18W000000000QOAY,LIND01,LIND01,Comercializadores mercado libre,ENDCO,ENDER01,"1,0"
LINERA,18WLINERA-1234-U,LINERA,LINERA,Eólica terrestre,IBGES,EHIBGES,"28,0"
LINGOT,18W000000000OUL2,LINGOT,LINGOT,Comercializadores mercado libre,ENDCO,ENDER01,"1,0"
LINKC01,18W000000000QZR4,UPLINKPEN,UP LINK PENINSULA,Comercializadores mercado libre,LINKE,LINKC01,"10,0"
LIPMES,18W000000000HNCW,LIPMES,LIPMES,Solar fotovoltaica,RSPRA,FFRSPRA,"1,9"
LIRIOS,18WLIRIOS-1234-E,LIRIOS,P.E. LOS LIRIOS,Eólica terrestre,IBGES,EHIBGES,"48,0"
LISOLAR,18W000000000TQ3U,LISOLAR,LIRIOS SOLAR,Solar fotovoltaica,EGLE,FCASTU,"88,0"
LITTC,18W000000000T03Y,LITTC,LITTC,Solar fotovoltaica,GNRA,UPLIT,"10,0"
LIUPC01,18W-LIUPC01-1--N,LIUP,LIGHT UP SL,Comercializadores mercado libre,LIUP,LIUPC01,"0,1"
LLAD,18WLLAD-12345-A6,LLADRES,LLADRES,Fluyente,ENDG,EBRFEN,"0,8"
LLANO,18WLLANO-12345-J,LLANO,LLANOS DE MOJANA,Gas natural cogeneración,CEG,TCUALIN,"7,8"
LLANO1,18W000000000P87I,LLANO1,FV LLANO1,Solar fotovoltaica,CEG,FLLANO1,"42,2"
LLANO2,18W000000000P89E,LLANO2,LLANO2,Solar fotovoltaica,CEG,FLLANO2,"42,2"
LLANO3,18W000000000P8AC,LLANO3,LLANO3,Solar fotovoltaica,CEG,FLLANO3,"40,2"
LLANOS,18WLLANOS-123-EQ,LLANOS,P.E. LLANOS,Eólica terrestre,GNCO,EGASNE1,"33,4"
LLANOSF,18W000000000U7UT,LOS LLANOS,LOS LLANOS FV,Solar fotovoltaica,ELEIA,LLANOSF,"3,2"
LLAPR,18W000000000P8BA,LLAPR,LLAPR,Solar fotovoltaica,GNRA,UPLLAP,"2,1"
LLBSP,18W000000000LD9F,LLBSP,LLBSP,Solar fotovoltaica,GNRA,FVGNRA,"1,2"
LLBSP1,18W000000000LD8H,LLBSP1,LLBSP1,Solar fotovoltaica,GNRA,FVGNRA,"5,2"
LLEI,18WLLEI-12345-AN,LLEIDA,LERIDA,Fluyente,ENDG,EBRFEN,"11,8"
LLERPR,18WLLERPR-1234-U,LLERPR,UNIDAD FISICA LLERPROTEIN,Gas natural cogeneración,AME,TLLERPR,"7,7"
LLICB,18W000000000RX95,LLICB,LLICB,Solar fotovoltaica,GNRA,UPLLIC,"4,0"
LLIRIA,18W000000000V0PJ,LLIRIA,UF SOLAR LLIRIA,Solar fotovoltaica,NEXU,FLLIRIA,"6,4"
LLLANOS,18WPE-LOSLLANOSZ,LLLANOS,P.E. LOS LLANOS,Eólica terrestre,ECYR,EEGPES,"38,0"
LLO1,18WLLO1-12345-A9,LOSA 1,LA LOSA 1,Fluyente,BARER,LLO1,"0,1"
LLO2,18WLLO2-12345--L,LOSA 2,LA LOSA 2,Fluyente,BARER,LLO2,"0,1"
LLO3,18WLLO3-12345-AQ,LOSA 3,LA LOSA 3,Fluyente,BARER,LLO3,"0,1"
LLSMART,18WLLSMART-12-E5,LLSMART,P.E. LLANOS DE SAN MARTÍN,Eólica terrestre,HC G,EBRUJUL,"14,4"
LLV1,18WLLV1-12345-A6,LLAVORSI 1,LLAVORSI CARDOS 1,Embalse,ENDG,EBRFEN,"26,0"
LLV2,18WLLV2-12345-AX,LLAVORSI 2,LLAVORSI CARDOS 2,Embalse,ENDG,EBRFEN,"26,0"
LMA1,18WLMA1-12345-A3,MANCHEGA,LA MANCHEGA,Fluyente,BARER,LMA1,"0,5"
LMA7AH,18W000000000U8N3,LMA7AH,LMA7AH,Híbrida Renovable,REPSB,EREPSOH,"60,6"
LMA7BH,18W000000000U8O1,LMA7BH,LMA7BH,Híbrida Renovable,REPSB,EREPSOH,"60,6"
LMA7CH,18W000000000U8QY,LMA7CH,LMA7CH,Híbrida Renovable,REPSB,EREPSOH,"60,6"
LMA7DH,18W000000000U8RW,LMA7DH,LMA7DH,Eólica terrestre,REPSB,EREPSOH,"70,6"
LMA7EH,18W000000000U8SU,LMA7EH,LMA7EH,Híbrida Renovable,REPSB,EREPSOH,"22,3"
LMARINA,18WLMARINA-123-U,LMARINA,UF LA MARINA,Biomasa,GNRA,RMARINA,"1,9"
LMERC01,18WLMERC01UF---I,LMERC01,"LONJAS TECNOLOGÍA, S.A. COMPRA",Comercializadores mercado libre,LMER,LMERC01,"0,5"
LMI1,18WLMI1-12345-AQ,MILAGROS 1,LA MILAGROSA 1,Fluyente,IBEG,TAJO,"0,1"
LMI2,18WLMI2-12345-AG,MILAGROS 2,LA MILAGROSA 2,Fluyente,IBEG,TAJO,"0,1"
LMI3,18WLMI3-12345-A6,MILAGROS 3,LA MILAGROSA 3,Fluyente,IBEG,TAJO,"0,6"
LMJ1,18W000000000QS9O,LMJ1,LMJ1,Eólica terrestre,REPSB,EARTIG,"92,6"
LMM1,18WLMM1-12345-AJ,MARMOTA 1,LA MARMOTA 1,Fluyente,BARER,LMM1,"0,2"
LMM2,18WLMM2-12345-A9,MARMOTA 2,LA MARMOTA 2,Fluyente,BARER,LMM2,"0,2"
LMONJAS,18WLMONJAS-123-X,LMONJAS,P.E. LAS MONJAS,Eólica terrestre,NEXU,EMONJAS,"34,0"
LMPVB,18W000000000T0AK,LMPVB,LMPVB,Eólica terrestre,GNRA,UPLMP,"38,5"
LMUELAI,18W000000000SPPU,LMUELAI,P.E. LA MUELA I-SANTIUSTE,Eólica terrestre,EGLE,EDENCA,"25,4"
LMURAGE,18W000000000TC04,LMURAGE,UF SOLAR ALMORAUGE,Solar fotovoltaica,NEXU,FALMUGE,"1,0"
LMZEP,18W000000000V0V7,LMZEP,LMZEP,Solar fotovoltaica,GNRA,UPALMZ,"36,3"
LNAVARA,18WLNAVARA-123-I,LNAVARA,UF LA MARINA,Biogás,GNRA,RNAVARA,"5,7"
LNU1,18WLNU1-12345-AU,NUEVOS 1,LOS NUEVOS 1,Fluyente,BARER,LNU1,"0,1"
LNU2,18WLNU2-12345-AK,NUEVOS 2,LOS NUEVOS 2,Fluyente,BARER,LNU2,"0,3"
LNZ1,18WLNZ1-12345-AC,LANUZA 1,LANUZA 1,Embalse,ENDG,EBRACC1,"26,9"
LNZ2,18WLNZ2-12345-A2,LANUZA 2,LANUZA 2,Embalse,ENDG,EBRACC1,"25,7"
LOARCOS,18W000000000F5RR,LOS ARCOS,PE LOS ARCOS,Eólica terrestre,ECYR,EEGPEV,"34,6"
LOASA,18W000000000TJWU,LOASA,LOASA,Solar fotovoltaica,GNRA,FVGNRA,"1,2"
LOAYALA,18WLOAYALA-123-O,LOAYALA,PARQUE EÓLICO LOMA DE AYALA,Eólica terrestre,CEG,EULAYAL,"19,5"
LOBALB,18W000000000OXTE,LOBALB,LOBALB,Solar fotovoltaica,GNRA,FVGNRA,"2,7"
LOBOC01,18W-LOBOC01-6--P,EL LOBO,EL LOBO,Consumos directos en mercado,LOBO,LOBOC01,"0,9"
LOBSILL,18W000000000M7YG,LOBSILL,UF SOLAR LOBOSILLO,Solar fotovoltaica,NEXU,FLOBSIL,"4,0"
LOCAC01,18W000000000UFOH,UP LOCALUZ,UPLOCALUZ,Comercializadores mercado libre,LOCAL,LOCAC01,"0,1"
LOCAPON,18WLOCAPON-123-T,LOCAPON,LOMA DEL CAPON,Eólica terrestre,GNCO,EGASNE0,"30,0"
LODALGA,18W000000000TI1L,LODALGA,TRATAMIENTO Y REDUCCION DE  LO,Gas natural cogeneración,EGLE,TINROKO,"1,4"
LOGROSA,18WLOGROSA-123-V,MOJONGORDO,FMOJONGORDO,Solar fotovoltaica,GESTE,FLOGROS,"5,0"
LOKSP,18W000000000RRH7,LOKSP,LOKSP,Solar fotovoltaica,GNRA,LOKOH,"24,1"
LOLLOC,18W000000000U3MK,SAN LOREC,SAN LORENZO C,Eólica terrestre,RENSP,SLOREC,"28,1"
LOLLOD,18W000000000U3OG,SAN LORED,SAN LORENZO D,Eólica terrestre,RENSP,SLORED,"33,7"
LOMAG,18WLOMAG-12345-G,LOMAG,PARQUE EÓLICO LOMA GORDA,Eólica terrestre,GNCO,EGASNE1,"50,0"
LOMAGOR,18W000000000F5VJ,LOMAGOR,PE LOMA GORDA I,Eólica terrestre,ECYR,EREGPEV,"23,9"
LOMAPE,18W000000000ONFZ,LOMAPE,18W000000000ONFZ,Eólica terrestre,EGLE,EPRADA,"28,6"
LOMAS,18WLOMAS-1234-E7,LOMAS,LOMAS,Eólica terrestre,NEXU,EPLOMAS,"15,0"
LOMAV1,18W000000000I976,LOMAVISO1,LOMA VISO 1,Eólica terrestre,WMARK,EFWMARK,"2,0"
LOMAV2,18W000000000I984,LOMAVISO2,LOMA VISO 2,Eólica terrestre,WMARK,EFWMARK,"3,0"
LOMILAS,18WLOMILAS-123-Q,LOMILLAS,PARQUE EÓLICO LAS LOMILLAS,Eólica terrestre,CEG,ELOMILA,"12,0"
LOMILLA,18WLOMILLA-12-E9,LOMILLA,PE LAS LOMILLAS,Híbrida Renovable,HC G,HIBSHA3,"117,1"
LOMOLIN,18W000000000N66Y,LOMOLIN,CH LOS M OLINOS,Fluyente,HC G,HCHI2,"1,2"
LOMOS,18W000000000MGYQ,LOMOS,UF SOLAR LOMOS,Solar fotovoltaica,NEXU,FSLOBON,"2,7"
LOMOSII,18W000000000MPIV,LOMOSII,UF SOLAR LOMOSII,Solar fotovoltaica,NEXU,FLOMOS2,"2,2"
LONVB,18W000000000V654,LONVB,LONVB,Solar fotovoltaica,GNRA,FVGNRA,"2,7"
LOR1,18WLOR1-12345-AE,ORGANOS 1,LOS ORGANOS 1,Fluyente,ENDG,GDLQ,"0,9"
LOR2,18WLOR2-12345-A4,ORGANOS 2,LOS ORGANOS 2,Fluyente,ENDG,GDLQ,"0,9"
LORAI,18WLORAI-12345-H,LORAI,P.E. LA LORA I,Eólica terrestre,EGLE,ELBOGA,"49,6"
LORAII,18WLORAII-1234-8,LORAII,P.E. LA LORA II,Eólica terrestre,EGLE,ELBOGA,"49,6"
LORC,18WLORC-12345-AF,LORCHA,LORCHA,Fluyente,BARER,LORC,"0,6"
LORENZ1,18W000000000RR12,LORENZ1,LORENZO SOLAR,Solar fotovoltaica,GNRA,FVLOREN,"3,6"
LORIGUI,18WLORIGUI-12-AR,LORIGUI,LORIGUI,Embalse,IBGES,HFIBGES,"4,5"
LOSANII,18W000000000UBCG,LOSANII,LOSAN II,Gas natural cogeneración,EGLE,TCETA,"22,9"
LOSGONZ,18W000000000IG7M,LOSGONZ,PSF LOS GONZALEZ,Solar fotovoltaica,EGLE,FNAVID,"39,8"
LOSILLA,18WLOSILLA-12-EH,LOSILLA,LOSILLA,Eólica terrestre,GNCO,EGASNE1,"11,9"
LOSLLNS,18W000000000QQFI,LSLLANOS,LOSLLANOSS,Solar fotovoltaica,GNRA,FLLANOS,"42,3"
LOSMANU,18WLOSMANU-123-C,LOSMANU,18WLOSMANU-123-C,Fluyente,EGLE,HACUAM,"2,9"
LOTZ,18WLOTZ-12345-AM,LOTZABIAN,LOZABIAN,Fluyente,GNRA,HLASJO,"0,1"
LOUREIR,18WLOUREIR-123-2,LOUREIR,18WLOUREIR-123-2,Fluyente,EGLE,HLOURG,"1,5"
LOVEC01,18W000000000IYO8,LOVEC01,LOVE PENINSULA,Comercializadores mercado libre,LOVEE,LOVEC01,"0,1"
LOVIC01,18W000000000TF5M,UP LOVILUZ,UP LOVILUZ,Comercializadores mercado libre,LOVIL,LOVIC01,"0,1"
LPARDAS,18WPELASPARDAS-F,LPARDAS,P.E.LAS PARDAS,Eólica terrestre,ECYR,EEGPEM,"49,5"
LPE1,18WLPE1-12345-AY,PEA 1,LA PEA 1,Fluyente,ASIE,ASIJUCA,"0,3"
LPE2,18WLPE2-12345-AO,PEA 2,LA PEA 2,Fluyente,ASIE,ASIJUCA,"0,3"
LPE3,18WLPE3-12345-AE,PEA 3,LA PEA 3,Fluyente,IBEG,JUCA,"0,3"
LPE4,18WLPE4-12345-A4,PEA 4,LA PEA 4,Fluyente,ASIE,ASIJUCA,"0,3"
LPOIX,18W000000000PZXX,LPOIX,LPOIX,Solar fotovoltaica,GNRA,FVPOSA,"10,0"
LPUERTO,18W000000000NKJ3,LMBRERS,PUERTOBRERAS,Solar fotovoltaica,GESTE,FBRERAS,"43,4"
LPWEC01,18W000000000VE6F,LPWEC01,LPWEC01,Comercializadores mercado libre,LPWEN,LPWEC01,"0,1"
LRB1,18WLRB1-12345-A6,RABANOS 1,LOS RABANOS 1,Fluyente,ENDG,EBRACC1,"2,2"
LRB2,18WLRB2-12345-AX,RABANOS 2,LOS RABANOS 2,Fluyente,ENDG,EBRACC1,"2,1"
LRC1,18WLRC1-12345-AW,RECUEJA 1,LA RECUEJA 1,Fluyente,BARER,BERJUCA,"1,8"
LRC2,18WLRC2-12345-AM,RECUEJA 2,LA RECUEJA 2,Fluyente,BARER,BERJUCA,"1,5"
LRE1,18WLRE1-12345-AA,RETORNA 1,LA RETORNA 1,Fluyente,IBEG,EBRA,"1,1"
LRE2,18WLRE2-12345-A0,RETORNA 2,LA RETORNA 2,Fluyente,IBEG,EBRA,"1,1"
LRIB,18WLRIB-12345-AE,RIBEIRA,LA RIBEIRA,Embalse,ENDG,SBEU,"5,9"
LSARCOS,18W000000000OK5R,LSARCOS,UF SOLAR LOS ARCOS,Solar fotovoltaica,NEXU,FARCOS,"40,0"
LSER,18WLSER-12345-AY,SERENA ,LA SERENA,Embalse,ENDG,GDNA,"22,0"
LSERN,18W000000000P4ZB,LSERN,LA SERNA,Eólica terrestre,REPSB,EPI,"9,8"
LSINC01,18W000000000NOA9,LUZ INCLUS,LUZ SOLIDARIA INCLUSIVA SL,Comercializadores mercado libre,LSINC,LSINC01,"0,1"
LSP1,18WLSP1-12345-AP,LLESP 1,LLESP 1,Fluyente,ENDG,EBRFEN,"6,1"
LSP2,18WLSP2-12345-AF,LLESP 2,LLESP 2,Fluyente,ENDG,EBRFEN,"6,1"
LSPICOS,18W000000000QPTU,PICOS,LOSPICOS,Solar fotovoltaica,GNRA,FLPICOS,"16,8"
LTAIX,18W000000000PZWZ,LTAIX,LTAIX,Solar fotovoltaica,GNRA,FVTABA,"12,5"
LTRR,18WLTRR-12345-AR,TORRASA,LA TORRASA,Embalse,ENDG,EBRFEN,"4,2"
LUBAC01,18W-LUBAC01-4--J,LUBALOO,LUBALOO,Comercializadores mercado libre,LUBAL,LUBAC01,"0,3"
LUBIAN,18WLUBIAN-123-EC,LUBIAN,P.E. LUBIAN,Eólica terrestre,WMARK,LUBIAN,"50,0"
LUBRISU,18W-LUBRISU-1--F,LUBRISU,COG. LUBRISUR,Gas natural cogeneración,SEDAE,TFLUBRB,"39,2"
LUC1,18WLUC1-12345-AX,L.URQUIJ 1,LUCAS DE URQUIJO 1,Embalse,IBEG,JUCA,"5,9"
LUC2,18WLUC2-12345-AN,L.URQUIJ 2,LUCAS DE URQUIJO 2,Embalse,IBEG,JUCA,"5,9"
LUC3,18WLUC3-12345-AD,L.URQUIJ 3,LUCAS DE URQUIJO 3,Embalse,IBEG,JUCA,"13,4"
LUC4,18WLUC4-12345-A3,L.URQUIJ 4,LUCAS DE URQUIJO 4,Embalse,IBEG,JUCA,"13,7"
LUCAC01,18W000000000R4MT,LUCIFERASA,LUCIFERASA-2 ENERGIA SL,Comercializadores mercado libre,LUCIA,LUCAC01,"1,0"
LUCAINE,18W000000000S5U6,LUCAINE,FV LUCAINENA,Solar fotovoltaica,CEG,FLUCA,"33,1"
LUCERO1,18W000000000TQDA,LUCERO,LUCERO,Solar fotovoltaica,ADXRE,FAUDAX,"41,0"
LUCIC01,18W00000000065GB,LUCI,COMERCIALIZADORA,Comercializadores mercado libre,LUCIE,LUCIC01,"1,0"
LUCKC01,18W000000000SXZN,UP LUCKY,UP LUCKY LUZ,Comercializadores mercado libre,LUCK,LUCKC01,"0,1"
LUG1,18WLUG1-12345-AQ,LUGAN 1,LUGAN 1,Fluyente,ASIE,ASIDUE,"0,5"
LUG2,18WLUG2-12345-AG,LUGAN 2,LUGAN 2,Fluyente,ASIE,ASIDUE,"0,1"
LUISA,18WLUISA-1234-EZ,LUISA,P.E. LUISA,Eólica terrestre,EGED,EFEGEL2,"21,7"
LUM1C01,18W-LUM1C01-4--R,LUM1C01 CO,"HIDROELÉCTRICA LUMYMEY, S.L. C",Comercializadores mercado libre,LUM1,LUM1C01,"6,4"
LUMBRIA,18W000000000RV8D,LUMBRIA,LA UMBRIA,Solar fotovoltaica,EGLE,FANSA,"2,4"
LUMIC01,18W-LUMIC01-5--I,LUMISA,LUMISA,Comercializadores mercado libre,LUMIE,LUMIC01,"2,0"
LUNA,18WLUNA-12345--T,LUNA,LUNA,Eólica terrestre,HISPE,DANSZN,"49,5"
LUNIX,18W000000000TTU4,LUNIX,LUNIX,Solar fotovoltaica,GNRA,UPSON3,"1,7"
LUXC01,18W0000000000CK6,LUX FORUM,UP LUX FORUM COMERCIALIZACION,Comercializadores mercado libre,LUX,LUXC01,"0,1"
LUXIC01,18W000000000SKS2,LUXIC01,LUXIC01,Comercializadores mercado libre,LUXIA,LUXIC01,"0,0"
LUZNOR,18WLUZNOR-123-EL,LUZNOR,LUZNOR,Eólica terrestre,IBGES,EHIBGES,"38,0"
LUZSC01,18W000000000GN6B,UPR LUZSO,UPR LUZ SOLIDARIA,Comercializadores mercado libre,LUZSO,LUZSC01,"0,1"
LUZYC01,18W000000000NYTF,LUZYC01,LUZYC01,Comercializadores mercado libre,LUZYE,LUZYC01,"0,1"
LVG1,18WLVG1-12345-AE,LA VEGA 1,LA VEGA 1,Fluyente,ENDG,GDLQ,"0,9"
LVG2,18WLVG2-12345-A4,LA VEGA 2,LA VEGA 2,Fluyente,ENDG,GDLQ,"0,9"
LVI1,18WLVI1-12345-AT,VILLANUE 1,LOS VILLANUEVAS 1,Fluyente,IBEG,JUCA,"1,0"
LVI2,18WLVI2-12345-AJ,VILLANUE 2,LOS VILLANUEVAS 2,Fluyente,IBEG,JUCA,"0,8"
LVI3,18WLVI3-12345-A9,VILLANUE 3,LOS VILLANUEVAS 3,Fluyente,IBEG,JUCA,"1,4"
MACEC01,18W000000000IVW1,MACEC01,MACEC01,Consumos directos en mercado,MACEB,MACEC01,"1,7"
MACFW,18W000000000R0VN,MACFW,MACFW,Solar fotovoltaica,GNRA,FVGNRA,"1,4"
MACHIN,18WMACHIN-123-AQ,MACHIN,SALTO DE MACHIN,Fluyente,EGED,HFEGED,"4,0"
MADBE,18W000000000QXW0,MADBE,MADBE,Solar fotovoltaica,GNRA,FVGNRA,"1,6"
MADEPMM,18W000000000PB3H,MADEPMM,MADEPMM,Gas natural cogeneración,IBCUR,TDIBCUR,"0,0"
MADRIGA,18WMADRIGA-12--B,MADRIGA,MADRIGAL,Solar fotovoltaica,WMARK,FFWMARK,"1,3"
MADRON,18WMADRON-1234-G,MADROÑALES,P.E. MADROÑALES,Eólica terrestre,ECYR,EEGPES,"34,0"
MAFRIGE,18W000000000UVXP,MAFRIGES,MAFRIGES,Solar fotovoltaica,EPYM,EYPPV6,"2,7"
MAGAL26,18WMAGAL26-12-E9,MAGAL26,MAGAL26,Eólica terrestre,SHELL,SESAWIN,"10,8"
MAGALLN,18W000000000OR72,MAGALLN,PE CAMPO DE MAGALLON,Eólica terrestre,CEG,EMGALLN,"10,0"
MAGALLO,18WMAGALLO-12-ER,MAGALLO,P.E. SANTO CRISTO DE MAGALLON,Eólica terrestre,CEG,EGEAMG,"40,0"
MAGANA,18WMAGANA-123-ET,MAGANA,P.E. MAGAÑA,Eólica terrestre,ECYR,EREGPE1,"24,7"
MAGASQ,18W000000000JRY5,MAGASQ,UF MAGASQUILLA,Solar fotovoltaica,NEXU,FMAGVE,"10,0"
MAGAZ,18WMAGAZ-12345-T,MAGAZ,P.E.MAGAZ,Eólica terrestre,GNCO,EGASNE0,"30,0"
MAGDAL,18WMAGDAL-123-ES,MAGDAL,P.E LA MAGDALENA,Eólica terrestre,IBGES,EHIBGES,"23,8"
MAGOSA,18W0000000009YN9,MAGOSA,18W0000000009YN9,Gas natural cogeneración,EGLE,TTINTS,"2,0"
MAGSO1,18W000000000TZL4,MAGSO1,MAGSO1,Solar fotovoltaica,SOLRC,FMAGSOL,"5,0"
MAGSO2,18W000000000TZM2,MAGSO2,MAGSO2,Solar fotovoltaica,SOLRC,FMAGSOL,"5,0"
MAHORA,18W000000000PXHY,MAHORA,PARQUE FV MAHORA,Solar fotovoltaica,EBLCO,FMAHOR,"5,0"
MAITENA,18WMAITENA-123-F,MAITENA,18WMAITENA-123-F,Fluyente,EGLE,HGUEJG,"2,5"
MAJADAA,18W000000000N9I1,MAJADAA,FV MAJADA ALTA,Solar fotovoltaica,IBGES,FIBGEMS,"38,0"
MAJAL,18WMAJAL-12345-B,MAJAL,P.E. MAJAL ALTO,Eólica terrestre,IBGES,EHIBGES,"50,0"
MAJOGAZ,18WMAJOGAZ-123-2,MAJOGAZ,P.E. MAJOGAZAS,Eólica terrestre,EBLCO,EMAJOGA,"49,5"
MAL1,18WMAL1-12345-AD,MALVA 1,LA MALVA 1,Fluyente,HC G,HCHI,"2,2"
MAL2,18WMAL2-12345-A3,MALVA 2,LA MALVA 2,Fluyente,HC G,HCHI,"2,2"
MAL3,18WMAL3-12345-AU,MALVA 3,LA MALVA 3,Fluyente,HC G,HCHI,"2,2"
MAL4,18WMAL4-12345-AK,MALVA 4,LA MALVA 4,Fluyente,HC G,HCHI,"2,2"
MALA1,18WMALA1-1234567,MALA1,CCC MALAGA 1,Ciclo combinado,GNCC,MALA1,"415,5"
MALAG01,18WMALAG01-123-V,MALAG01,P.E. MALAGON I,Eólica terrestre,GNCO,EGASNE1,"36,0"
MALAG02,18WMALAG02-123-O,MALAG02,P.E. MALAGÓN II,Eólica terrestre,GNCO,EGASNE1,"50,0"
MALEF,18WMALEF-1234-ES,MALEF,P.E. MALEFATON,Eólica terrestre,IBGES,EHIBGES,"49,5"
MALLADA,18WMALLADA-123-U,MALLADA,P.E. LA MALLADA,Eólica terrestre,HC G,HCGSCSA,"44,8"
MALLEN,18WMALLEN-123-EQ,MALLEN,P. E. MALLEN,Eólica terrestre,GNRA,PEVER2,"29,8"
MALPAS,18W000000000T9XL,MALPAS,MALPAS,Hidráulica - No UGH,DETIC,HYMALPA,"3,8"
MALPICA,18WMALPICA-12-EJ,MALPICA,PARQUE EOLICO DE MALPICA,Eólica terrestre,IGNIS,EGMALP,"16,4"
MANDEO,18W000000000F3N4,MANDEO,MANDEO ZARZO,Fluyente,ECYR,HEGPE,"25,6"
MANDRES,18WMANDRES-12-AD,MANDRES,18WMANDRES-12-AD,Híbrida Renovable,EGLE,HFCEREG,"4,6"
MANGA,18WMANGA-1234-EV,MANGA,P. E. LA MANGA,Eólica terrestre,EGED,EGREEN,"12,0"
MANGMV0,18W000000000TB15,MANGMV02,MANGMV02,Solar fotovoltaica,MANUE,VMANGM,"2,0"
MANID,18W000000000QYMH,MANID,MANID,Solar fotovoltaica,GNRA,FVGNRA,"1,9"
MANTECA,18WMANTECA-123-B,MANTECA,18WMANTECA-123-B,Eólica terrestre,EBLCO,ERIANSA,"4,0"
MANZAN,18WMANZAN-123-EB,MANZAN,MANZAN,Eólica terrestre,MEDI,EMEDI,"25,5"
MANZANL,18W000000000OND2,MANZANL,PE MANZANAL F002,Eólica terrestre,CEG,EMANZAN,"41,2"
MANZNRE,18W000000000OK4T,MANZNRE,UF SOLAR MANZANARES,Solar fotovoltaica,NEXU,FMANZAN,"33,0"
MAPINOS,18W000000000T7FQ,MAS PINOS,MAS PINOS,Solar fotovoltaica,SOMEN,SENFV1,"2,9"
MARCETA,18W000000000GP73,MARCETA,CH MARCETA,Fluyente,NEXU,HFNEXU,"1,5"
MARCHAL,18W000000000U23O,FV MARCHAL,FV MARCHAL,Solar fotovoltaica,DREUA,FDREU18,"3,5"
MARDESE,18W000000000T6MF,MARDESEVIL,MARDESEVIL,Solar fotovoltaica,RSPRA,FFRSPRA,"2,8"
MARE,18WMARE-123456-3,MARE,SECADO TÉRMICO FANGOS REOCIN,Gas natural cogeneración,CEG,TMARE,"12,0"
MARINA,18W000000000T9UR,MARINA,MARINA,Hidráulica - No UGH,DETIC,HYMARIN,"2,6"
MARINAD,18WMARINAD-123-S,MARINAD,18WMARINAD-123-S,Gas natural cogeneración,EGLE,TMARDG,"3,1"
MARIOLA,18WMARIOLA-123-Q,MARIOLA,18WMARIOLA-123-Q,Derivados del petróleo o carbón,EGLE,TMARIG,"5,4"
MARMELL,18WMARMELL-12--B,MARMELL,P.E.MARMELLAR,Eólica terrestre,EGLE,EMARME,"49,5"
MARQUES,18W000000000HIBC,MARQUES,MARQUES,Solar fotovoltaica,HISPE,FMARQUE,"9,9"
MARTC01,18W000000000MNE8,MARTB_UP,MARTB_UP_COMPRAS,Comercializadores mercado libre,MARTB,MARTC01,"1,0"
MARTIN,18W000000000VBLV,MARTIN,UF SOLAR ARAGONESA,Solar fotovoltaica,NEXU,FMARTIN,"2,0"
MARTINJ,18W000000000N1JN,MARTINJ,PE MARTIN DE LA JARA,Eólica terrestre,IBGES,EHIBGES,"36,0"
MARTON,18W000000000N3FP,MARTON,MARTON,Solar fotovoltaica,WMARK,FMARTON,"10,0"
MASAC01,18W000000000SSIZ,MASAC01,MASAC01,Comercializadores mercado libre,MASAL,MASAC01,"0,1"
MASGALA,18WMASGALA-12-EW,MASGALA,P.E. MASGALAN-CAMPO DO COCO,Eólica terrestre,IBGES,EHIBGES,"49,5"
MASIC01,18W00000000054RX,MASINTELIG,MAS INTELIGENCIA UNIDAD DE PR,Comercializadores mercado libre,MASIN,MASIC01,"0,0"
MASIRP,18W000000000Q7Y0,FYRSPRA,FYRSPRA,Solar fotovoltaica,MASIN,MASIRP,"0,5"
MASNC01,18W000000000SSBC,MASNORTEGL,MASNORTE GLOBAL UP,Comercializadores mercado libre,MASNA,MASNC01,"5,0"
MASQC01,18W000000000IYNA,MASQC01,MASQLUZ PENINSULA,Comercializadores mercado libre,MASQL,MASQC01,"0,1"
MATABUE,18WMATABUE-123-R,MATABUE,P. E. MATABUEY,Eólica terrestre,GNRA,PEVER,"16,2"
MATAC01,18W-MATAC01-1--M,MATACOUTA,MATACOUTA,Consumos directos en mercado,MATA,MATAC01,"0,5"
MATAT,18W000000000BZEG,MATALLANA,HSF LA MATALLANA,Solar fotovoltaica,SOMEN,SENFV1,"2,0"
MAZA,18WMAZA-12345-EK,MAZA,P. E. LA MAZA,Eólica terrestre,IBGES,EHIBGES,"49,5"
MAZEC01,18W000000000T9BS,MAZE ENERG,MAZE ENERGY,Comercializadores mercado libre,MAZEE,MAZEC01,"1,0"
MAZEINI,18W000000000U8YI,GENFV,GENERICA FV,Solar fotovoltaica,MAZEE,MAZEINI,"0,5"
MAZGD,18W000000000QYHR,MAZGD,MAZGD,Solar fotovoltaica,GNRA,FVGNRA,"2,4"
MAZNARS,18W000000000QR40,MANZNS,MANZANARS,Solar fotovoltaica,GNRA,FMNZARS,"30,0"
MAZORAJ,18WPEMAZO-RAJ--I,MAZORAJ,P.E. MAZORRAL-CERRO RAZOLA,Eólica terrestre,EGED,EGREEN,"32,3"
MAZORRA,18WMAZORRA-12-E7,MAZORRA,P.E. LAS MAZORRAS,Eólica terrestre,EGED,EGREEN,"28,3"
MCABEZA,18WMCABEZA-12-EY,MCABEZA,P. E. MONTE CABEZA,Eólica terrestre,IGNIS,EGVENTO,"36,8"
MCAVE,18W000000000F5GC,MAGASCONA,MAGASCONA,Solar fotovoltaica,GNRA,VEMTR,"20,0"
MCH1,18WMCH1-12345-AX,MORANCH 1,MORANCHEL 1,Fluyente,BARER,BERJUCA,"1,4"
MCH2,18WMCH2-12345-AN,MORANCH 2,MORANCHEL 2,Fluyente,BARER,BERJUCA,"1,5"
MCHONI,18WMCHONI-123-EC,MCHONI,MCHONI,Eólica terrestre,IBGES,EHIBGES,"18,0"
MCHONIV,18WMCHONIV-12-EV,MCHONIV,MCHONIV,Eólica terrestre,IBGES,EHIBGES,"48,0"
MCHONSU,18WMCHONSU-12-EW,MCHONSU,MCHONSU,Eólica terrestre,IBGES,EHIBGES,"12,0"
MCLIX,18W000000000TUXW,MCLIX,MCLIX,Solar fotovoltaica,GNRA,UPSON3,"1,2"
MDN1,18WMDN1-12345-AT,MEDIANO 1,MEDIANO 1,Embalse,ENDG,EBRACC2,"33,5"
MDN2,18WMDN2-12345-AJ,MEDIANO 2,MEDIANO 2,Embalse,ENDG,EBRACC2,"33,4"
MED107,18W000000000TZSR,MED107,MED107,Solar fotovoltaica,SOLRC,FMED107,"24,9"
MEGAC01,18W000000000V6SW,MEGAC01,MEGAC01,Comercializadores mercado libre,MEGAW,MEGAC01,"0,1"
MEGC01,18W0000000000NM6,MEGARA ,MEGARA UNIDAD COMPRA,Comercializadores mercado libre,MEG,MEGC01,"0,1"
MEH,18W000000000JE4U,MEH,MUSEO EVOL HUMANA,Gas natural cogeneración,CEG,TMEH,"2,3"
MEIRA,18WMEIRA-1234-E2,MEIRA,P. E. SERRA DE MEIRA,Eólica terrestre,IBGES,EHIBGES,"49,3"
MELENCH,18WMELENCH-123-5,MELENCH,MELENCHONES NORTE,Gas natural cogeneración,CEG,T1CEG,"4,0"
MELIDA,18WMELIDA-1234-P,MELIDA,MELIDA,Fluyente,EGED,HATUDEL,"4,0"
MELUC01,18W-MELUC01-4--E,HISPA,HISPANO TEX S.A.,Consumos directos en mercado,MELUL,MELUC01,"94,1"
MEN1,18WMEN1-12345-AH,MENDARAZ 1,MENDARAZ 1,Fluyente,IBEG,EBRA,"0,2"
MEN2,18WMEN2-12345-A7,MENDARAZ 2,MENDARAZ 2,Fluyente,IBEG,EBRA,"0,3"
MENAUTE,18WMENAUTE-123-U,MENAUTE,MENAUTE,Eólica terrestre,ECYR,EEGPEM,"37,4"
MENEC01,18W-MENEC01-7--F,MENEC01,MOSCOSO ENERGIA,Comercializadores mercado libre,MENER,MENEC01,"4,0"
MERC01,18W000000000OL7K,MERC01,MERC01,Consumos directos en mercado,MEROL,MERC01,"0,6"
MERCA,18WMERCA-1234--9,MERCA,18WMERCA-1234--9,Fluyente,EGLE,HMERCA,"4,8"
MERCCP3,18W-MERCCP3-1--F,RIGHT EXP,RIGHT EXP,Importación Francia,MERCU,MERCCP3,"500,0"
MERCVP3,18W-MERCVP3-8--K,RIGHT IMP,RIGHT IMP,Exportación Francia,MERCU,MERCVP3,"500,0"
MERID19,18W000000000RXT2,MERID19,UF SOLAR MERIDA 19,Solar fotovoltaica,NEXU,FMERI19,"5,0"
MERIDA,18W000000000PH13,MERIDA,SAN SERVAN 2020,Solar fotovoltaica,SHEEN,SHEPV11,"43,2"
MERKC01,18W000000000V19B,MERKAOÑA,MERKAOÑA UNIDAD COMPRA,Comercializadores mercado libre,MERKA,MERKC01,"0,4"
MERML,18W000000000QZDW,MERML,MERML,Solar fotovoltaica,GNRA,FVGNRA,"1,0"
MEROL,18W000000000GPAY,MEROLA,CH MEROLA,Fluyente,NEXU,HFNEXU,"1,1"
MERUELO,18WMERUELO-12-DJ,MERUELO,MERUELO,Biogás,CEG,RMERU,"2,8"
METCEL2,18W000000000S1FB,METCEL2,METCEL2,Comercializadores mercado libre,METEN,METER01,"1,0"
METCEL3,18W000000000S1G9,METCEL3,METCEL3,Comercializadores mercado libre,METEN,METER01,"1,0"
METCEL4,18W000000000S1H7,METCEL4,METCEL4,Comercializadores mercado libre,METEN,METER01,"1,0"
METCEL5,18W000000000S1I5,METCEL5,METCEL5,Comercializadores mercado libre,METEN,METER01,"1,0"
METCEL6,18W000000000S1J3,METCEL6,METCEL6,Comercializadores mercado libre,METEN,METER01,"1,0"
METCEL7,18W000000000S1K1,METCEL7,METCEL7,Comercializadores mercado libre,METEN,METER01,"1,0"
METCEL8,18W000000000S1MY,METCEL8,METCEL8,Comercializadores mercado libre,METEN,METER01,"1,0"
METCELS,18W000000000QKQE,ES-MET_,ES-MET_,Comercializadores mercado libre,METEN,METER01,"1,0"
METEC01,18W000000000MYBI,METEC01,METEC01,Comercializadores mercado libre,METEN,METEC01,"120,0"
METEV01,18W000000000RR6T,FYIBCUR,"IB CUR  ( TARIFA, FOTOVOLTAICA",Solar fotovoltaica,METEN,METEV01,"0,1"
METSAK1,18W000000000TRRG,METSAK1,METSAK1,Comercializadores mercado libre,SAHKO,SAHKR01,"1,0"
METSAK2,18W000000000TRSE,METSAK2,METSAK2,Comercializadores mercado libre,SAHKO,SAHKR01,"1,0"
METSAK3,18W000000000TVOA,METSAK3,METSAK3,Comercializadores mercado libre,SAHKO,SAHKR01,"1,0"
METSAK4,18W000000000TVP8,METSAK4,METSAK4,Comercializadores mercado libre,SAHKO,SAHKR01,"1,0"
METSAK5,18W000000000V5VT,METSAK5,METSAK5,Comercializadores mercado libre,SAHKO,SAHKR01,"1,0"
METSAK6,18W000000000V662,METSAK6,METSAK6,Comercializadores mercado libre,SAHKO,SAHKR01,"1,0"
MEZ1,18WMEZ1-12345-AX,MEZONZO 1,MEZONZO 1,Embalse,GNFG,UFGC,"0,5"
MEZ2,18WMEZ2-12345-AN,MEZONZO 2,MEZONZO 2,Embalse,GNFG,UFGC,"0,4"
MFREC01,18W000000000F345,MFREC01,MFREC01,Consumos directos en mercado,MFRSA,MFREC01,"3,0"
MFUSTE2,18W000000000U3T6,FYEEXXI,"END CUR  ( TARIFA, FOTOVOLTAIC",Solar fotovoltaica,TRISO,MFUSTE2,"0,4"
MG50ZA,18W000000000TYQY,MG50ZA,MG50ZA,Comercializadores mercado libre,FORTI,FORTR01,"1,0"
MGQUILA,18W000000000VHAZ,MGQUILA,UF SOLAR MAGASQUILLA,Solar fotovoltaica,NEXU,FMGQILA,"3,5"
MI2000,18W000000000TS1S,MI2000,MI2000,Comercializadores mercado libre,ENDCO,ENDER01,"1,0"
MIAJADA,18WMIAJADA-123-1,BIOMIAJADA,BIOMASA MIAJADAS,Biomasa,EGED,RFEGED,"15,0"
MIBAIDA,18W000000000SZ29,MIBAIDA,UF SOLAR MIRALBAIDA 15,Solar fotovoltaica,NEXU,FMBAIDA,"1,5"
MICHAR,18WMICHAR-123-D1,MICHAR,MICHELIN ARANDA,Gas natural cogeneración,IBGES,TFIBGES,"32,8"
MICHVAL,18WMICHVAL-12-D0,MICHVAL,MICHELIN VALLADOLID,Gas natural cogeneración,IBGES,TFIBGES,"46,0"
MICHVIT,18WMICHVIT-12-DS,MICHVIT,MICHELIN VITORIA,Gas natural cogeneración,IBGES,TFIBGES,"47,0"
MIDCOTR,18W000000000QV4P,MIDCO,TERMOLLANO,Solar térmica,GESTE,TERMLNO,"48,0"
MIESA,18W000000000QDM6,MIESA,MIESA,Fluyente,GNRA,HFGNRA,"2,0"
MIGASA,18WMIGASA-123-D1,MIGASA,MIGASA,Gas natural cogeneración,DETIC,COGMIGA,"5,0"
MIGFW,18W000000000LC4S,MIGFW,MIGFW,Solar fotovoltaica,GNRA,FVGNRA,"1,3"
MIGRODA,18WMIGRODA-12-D9,MIGRODA,MIGRODA,Gas natural cogeneración,EGLE,TNEOROD,"9,7"
MIL1,18WMIL1-12345-AS,MILLER 1,MILLER 1,Embalse,IBEG,JUCA,"8,2"
MIL2,18WMIL2-12345-AI,MILLER 2,MILLER 2,Embalse,IBEG,JUCA,"8,6"
MIL3,18WMIL3-12345-A8,MILLER 3,MILLER 3,Embalse,IBEG,JUCA,"8,1"
MILAEDS,18W000000000UDF4,MILAEDS,GRANJA DE MILAGROS,Gas natural cogeneración,EGLE,TMILAG,"7,4"
MILANO,18W000000000R4G4,UF MILANO,UF FV MILANO SOLAR,Solar fotovoltaica,IGNIS,SMILANO,"43,8"
MILII,18WMILII-1234--6,MILLAS II,MILLAS II,Gas natural cogeneración,LMER,MILII,"0,9"
MILLEDS,18W000000000UDH0,TMILLAN,SAJUSA,Gas natural cogeneración,EGLE,TMILLAN,"7,4"
MILLII1,18WMILLII1-12-AN,MILLARES21,MILLARES II 1,Embalse,IBEG,JUCA,"34,9"
MILLII2,18WMILLII2-12-AG,MILLARES22,MILLARES II 2,Embalse,IBEG,JUCA,"35,2"
MIM152,18W000000000UE0V,MIM152,MIM152,Solar fotovoltaica,SOLRC,FMIM152,"40,0"
MINAC01,18W0000000001YBS,MINAC01,MINAC01,Consumos directos en mercado,MINAL,MINAC01,"0,5"
MINGORR,18WMINGORR-123-C,MINGORR,P.E.MINGORRUBIO,Eólica terrestre,GNRA,PEVER,"25,0"
MINIC01,18W000000000I3G6,MINAI,MINAI SERVICIOS ENERGETICOS,Comercializadores mercado libre,MINAI,MINIC01,"1,0"
MINON,18W000000000GEO2,MINON,UF EOLICA MINON,Eólica terrestre,NEXU,EMINON,"23,3"
MIRABE,18W000000000J7FT,MIRABE,PE MIRABEL,Eólica terrestre,GNCO,EGASNE2,"26,4"
MIRAFL,18W000000000N9Z4,MIRAFLORES,SFV MIRAFLORES,Solar fotovoltaica,GNCO,FGASNE2,"20,0"
MIRALCA,18WMIRALCA-123-Z,MIRALCAMP,MIRALCAMP ARGAL,Gas natural cogeneración,LMER,TMIRALP,"2,0"
MIRAMU,18W000000000GD72,MIRAMUNDO,FV MIRAMUNDO,Solar fotovoltaica,NEXU,FMIRAMU,"45,8"
MIRBNA,18W000000000VH66,MIRBNA,MIRBNA,Solar fotovoltaica,CEG,FMIRBNA,"5,7"
MISTRAL,18W000000000PR52,MISTRAL,UF SOLAR MISTRAL,Solar fotovoltaica,NEXU,FMISTRA,"3,3"
MJIMENA,18WMJIMENA-123-E,MJIMENA,P. E. MONTE VILLAJIMENA,Eólica terrestre,MIRAS,EMIRASI,"6,0"
ML1,18WML1-123456--L,BARCENA 1,BARCENA DEL SIL 1,Embalse,ENDG,SBEU,"30,1"
ML2,18WML2-123456-AP,BARCENA 2,BARCENA DEL SIL 2,Embalse,ENDG,SBEU,"31,0"
MLAGROF,18W000000000IPWJ,MLAGROF,MLAGROF,Solar fotovoltaica,GESTE,FMILGRO,"7,0"
MLIN,18WMLIN-123456-S,MLIN,MOLINO DE SANTIAGO,Fluyente,CTNU,JUCAR2,"0,1"
MLT1,18WMLT1-12345-F5,MORALET 1G,MORALETS GR.1 GENERAC.,Turbinación bombeo,ENDG,MLTG,"73,4"
MLT1B,18WMLT1B-12345-N,MORALET 1B,MORALETS GR.1 BOMBEO,Consumo bombeo,ENDG,MLTB,"73,0"
MLT2,18WMLT2-12345-FW,MORALET 2G,MORALETS GR.2 GENERAC.,Turbinación bombeo,ENDG,MLTG,"72,8"
MLT2B,18WMLT2B-12345-D,MORALET 2B,MORALETS GR.2 BOMBEO,Consumo bombeo,ENDG,MLTB,"73,0"
MLT3,18WMLT3-12345-FM,MORALET 3G,MORALETS GR.3 GENERAC.,Turbinación bombeo,ENDG,MLTG,"72,9"
MLT3B,18WMLT3B-12345-3,MORALET 3B,MORALETS GR.3 BOMBEO,Consumo bombeo,ENDG,MLTB,"73,0"
MMARBAN,18WMMARBAN-12-E1,MMARBAN,PARQUE EÓLICO MONTE MARBÁN,Eólica terrestre,GNCO,EFPART,"11,4"
MMATAS,18W000000000P6KZ,MMATAS,UF SOLAR MATAS,Solar fotovoltaica,NEXU,FMATAS,"2,2"
MMOLON,18WMMOLON-123-EI,MMOLON,P.E. MONTE MOLÓN,Eólica terrestre,IBGES,EHIBGES,"29,7"
MN31ZU,18W000000000V4S1,MN31ZU,MN31ZU,Comercializadores mercado libre,FORTI,FORTR01,"1,0"
MNDALA,18W000000000P2FK,MNDALA,UF SOLAR MANDALA,Solar fotovoltaica,NEXU,FMANDLA,"1,7"
MNE1,18WMNE1-12345-A8,MANERU 1,MANERU 1,Fluyente,ASIE,ASIEBRO,"2,3"
MNE2,18WMNE2-12345-AZ,MANERU 2,MANERU 2,Fluyente,ASIE,ASIEBRO,"2,3"
MNG1,18WMNG1-12345-AN,MENGIBAR 1,MENGIBAR 1,Fluyente,ENDG,GDLQ,"1,3"
MNG2,18WMNG2-12345-AD,MENGIBAR 2,MENGIBAR 2,Fluyente,ENDG,GDLQ,"1,3"
MNG3,18WMNG3-12345-A3,MENGIBAR 3,MENGIBAR 3,Fluyente,ENDG,GDLQ,"1,3"
MNI1,18WMNI1-12345-A1,MANISES 1,MANISES 1,Fluyente,IBEG,JUCA,"0,3"
MNI2,18WMNI2-12345-AS,MANISES 2,MANISES 2,Fluyente,IBEG,JUCA,"0,3"
MNJU,18WMNJU-12345-AX,MENJU ,EL MENJU,Fluyente,IBEG,JUCA,"0,2"
MNQU,18WMNQU-12345-AU,MONTESQUIU,MONTESQUIU,Fluyente,ENDG,EBRFEN,"0,9"
MNS1,18WMNS1-12345-A2,MANSILLA 1,MANSILLA 1,Fluyente,IBEG,EBRA,"2,6"
MNS2,18WMNS2-12345-AT,MANSILLA 2,MANSILLA 2,Fluyente,IBEG,EBRA,"2,6"
MNUZA,18WMNUZA-12345-R,MNUZA,MENUZA,Fluyente,EBLCO,HGDF01,"13,8"
MNZNQUE,18W000000000SU4K,MNZNQUE,UF SOLAR MANZANEQUE,Solar fotovoltaica,NEXU,FMANZQE,"1,5"
MO08SV,18W000000000OT34,MO08SV,MO08SV,Comercializadores mercado libre,FORTI,FORTR01,"1,0"
MOARBOL,18WMOARBOL-12-ER,MOARBOL,18WMOARBOL-12-ER,Eólica terrestre,EGLE,EMOARG,"1,5"
MOCCB,18W000000000QP9X,MOCCB,MOCCB,Solar fotovoltaica,GNRA,UPMOC,"1,1"
MODIC01,18W-MODIC01-1--U,MODISPREM,MODISPREM SA,Consumos directos en mercado,MODI,MODIC01,"1,2"
MODSP,18W000000000RRG9,MODSP,MODSP,Solar fotovoltaica,GNRA,MODOH,"40,1"
MOIAC01,18W-MOIAC01-2--B,MAT MOIA,MATADERO MOIA,Consumos directos en mercado,MOIA,MOIAC01,"0,9"
MOINSA,18WMOINSA-123--R,MOINSA,MOINSA,Gas natural cogeneración,CEG,TFINSA,"24,9"
MOJADO,18W000000000SKME,MOJADO,MOJADO,Solar fotovoltaica,CEG,FMOJADO,"4,6"
MOLAC01,18W000000000ROUR,MOLAC01,MOLAC01,Comercializadores mercado libre,MOLAL,MOLAC01,"0,1"
MOLARM,18WMOLARM-123-E7,MOLARM,P.E. MOLAR DEL MOLINAR,Eólica terrestre,IBGES,EHIBGES,"49,5"
MOLEC01,18W-MOLEC01-5--7,MOLECOR,MOLECOR,Consumos directos en mercado,MOLE,MOLEC01,"1,7"
MOLI,18WMOLI-12345-A8,MOLI,MOLI,Fluyente,ENDG,EBRFEN,"0,7"
MOLINO,18W000000000SLGN,MOLINO-3MW,MOLINO-3MW,Solar fotovoltaica,ALDRO,PLENFV1,"3,5"
MOLSE,18W000000000MAI2,MOLSE,MOLSE,Solar fotovoltaica,GNRA,FVGNRA,"1,4"
MOLTO,18WMOLTO-1234-D1,MOLTO,MOLTO,Gas natural cogeneración,DETIC,COGMOLT,"6,0"
MOM1,18WMOM1-12345-F9,MONTAMA 1G,MONTAMARA GR.1 GENERAC.,Embalse,ENDG,EBRFEN,"45,8"
MOM1B,18WMOM1B-12345-R,MONTAMA 1B,MONTAMARA GR.1 BOMBEO,Consumo bombeo,ENDG,ENDPRB,"50,0"
MOM2,18WMOM2-12345--V,MONTAMA 2G,MONTAMARA GR.2 GENERAC.,Embalse,ENDG,EBRFEN,"46,5"
MOM2B,18WMOM2B-12345-H,MONTAMA 2B,MONTAMARA GR.2 BOMBEO,Consumo bombeo,ENDG,ENDPRB,"50,0"
MONCA,18W000000000GZZS,MONCA,MONCA,Solar fotovoltaica,GNRA,UPMONC,"40,0"
MONCAYU,18WMONCAYU-12-EB,MONCAYU,P. E. EL MONCAYUELO,Eólica terrestre,EGED,EGREEN1,"48,0"
MONCIR,18W000000000GB1K,MONCIR,P E MONCIRO,Eólica terrestre,GNCO,EGASN2U,"41,5"
MONCLUE,18WMONCLUE-123-0,MONCLUE,P.E. MONCLUES,Eólica terrestre,EBLCO,EMONCLU,"30,0"
MONDIGO,18W000000000TL8Z,MONDIGO,MONDIGO,Eólica terrestre,WMARK,PEMONDI,"45,0"
MONDONE,18WMONDONE-123-J,MONDONE,P.E. MONDOÑEDO,Eólica terrestre,EGLE,EFGVDO,"48,4"
MONG1,18W000000000QYT3,MONG1,MONG1,Solar fotovoltaica,GNRA,FVGNRA,"3,0"
MONG2,18W000000000QYWY,MONG2,MONG2,Solar fotovoltaica,GNRA,FVGNRA,"1,3"
MONREAL,18WMONREAL-123-O,MONREAL,PE MONREAL,Eólica terrestre,EGED,EGREEN,"4,5"
MONSEI,18WMONSEI-123-ES,MONSEIVANE,P. E. MONSEIVANE,Eólica terrestre,HC G,HCGSIHA,"41,4"
MONTAMA,18W-MONTAMA-5--U,MONTAMARTA,P.E. MONTAMARTA,Eólica terrestre,GNCO,EGASNE0,"22,4"
MONTANE,18W000000000T99W,MONTANE,CH MONTANERA,Hidráulica - No UGH,EGLE,HRIEAG,"1,1"
MONTARG,18WMONTARG-123-D,MONTARG,P.E.MONTARGULL,Eólica terrestre,ECYR,EEGPEV,"44,0"
MONTCEO,18WMONTCEO-12-EP,MONTCEO,18WMONTCEO-12-EP,Eólica terrestre,EGLE,EOITAV,"2,5"
MONTENA,18W000000000T9ZH,MONTENA,MONTENA,Hidráulica - No UGH,DETIC,HYMONTE,"3,6"
MONTERO,18WMONTERO-12-EE,MONTERO,P. E. MONTERO,Eólica terrestre,IGNIS,UPEBRO,"25,5"
MONTESO,18W000000000IG5Q,MONTESOL,UF MONTESOL,Solar fotovoltaica,NEXU,FMONTES,"40,0"
MONTET,18W000000000GBIN,MONTET,PE MONTETOURADO,Eólica terrestre,GNCO,EGASN2U,"39,6"
MONTIJA,18WMONTIJA-12-ET,MONTIJA,MONTIJA,Eólica terrestre,GNCO,EGASNE0,"30,8"
MONTOUT,18WMONTOUT-12-ED,MONTOUTO,P. E. MONTOUTO 2000,Eólica terrestre,EGLE,EMONTOU,"47,7"
MONZEDS,18W000000000UDJX,MONZEDS,COG PURINES EN MONZON,Gas natural cogeneración,EGLE,TMONZO,"14,8"
MOR1,18WMOR1-12345-A1,MORANA 1,MORANA 1,Fluyente,ENDG,EBRACC1,"0,3"
MOR2,18WMOR2-12345-AS,MORANA 2,MORANA 2,Fluyente,ENDG,EBRACC1,"0,4"
MORAL,18WMORAL-12345-E,MORAL,P.E.EL MORAL,Eólica terrestre,EGED,EFEGED,"40,0"
MORAL1,18WMORAL1-123-EF,MORAL1,18WMORAL1-123-EF,Eólica terrestre,EBLCO,EMORAL1,"6,0"
MORAL2,18WMORAL2-123-E7,MORAL2,EL MORALEJO II,Eólica terrestre,EBLCO,EMORAL1,"11,0"
MORALAS,18W000000000RFBI,MORALAS,MORALAS,Solar fotovoltaica,CEG,FMORALA,"5,0"
MORATLL,18W000000000N67W,MORATLL,CH MORATALLA,Fluyente,HC G,HCHI2,"1,7"
MORAVIA,18WMORAVIA-12-DV,MORAVIA,MORAVIA,Gas natural cogeneración,DETIC,COGMORA,"5,3"
MORE,18WMORE-12345-AJ,MORES ,MORES,Fluyente,ENDG,EBRERZ,"0,4"
MOREDA,18WMOREDA-123-AK,MOREDA,18WMOREDA-123-AK,Fluyente,EGLE,HCOHIG,"1,3"
MORELA1,18WMORELA1-123-2,MORELLA 1,MORELLA 1 RO,Fuel,NEXU,EENRO,"3,4"
MORELA2,18WMORELA2-123-W,MORELLA 2,MORELLA 2 RO,Fuel,NEXU,EENRO2,"4,5"
MORERAS,18W000000000SR5R,MORERAS,FV LAS MORERAS,Solar fotovoltaica,SOMEN,SENFV1,"2,7"
MORON,18WMORON-12345-4,MORON,PARQUE EÓLICO MORÓN DE ALMAZAN,Eólica terrestre,IBGES,EHIBGES,"50,0"
MORRAB,18WMORRAB-123-EC,MORRAB,P.E. MORRABLANCAR,Eólica terrestre,IBGES,EHIBGES,"13,2"
MORRONE,18WPE-MORRONES-R,MORRONE,P.E. LOS MORRONES,Eólica terrestre,EGED,EGREEN1,"30,0"
MORTC01,18W000000000SRH3,MORTERO PE,MORTERO PENINSULA,Comercializadores mercado libre,MORTE,MORTC01,"5,0"
MOSTAZA,18WMOSTAZAVEJER3,MOSTAZA,PARQUE EOLICO MOSTAZA,Eólica terrestre,NEXU,EMOSTAZ,"18,0"
MOTAC01,18W000000000PUFA,UPMONTARTO,UP MONTARTO TECHNOLOGIES,Comercializadores mercado libre,MONTR,MOTAC01,"0,1"
MOTARRO,18W000000000TJ0K,MOTARRO,MOTARRO,Eólica terrestre,DETIC,EYMOTAR,"2,6"
MOTILLA,18W000000000F5SP,MOTILLA,PE MOTILLA,Eólica terrestre,ECYR,EEGPES,"51,0"
MOURIN,18W000000000GA1N,MOURIN,P E MOURIÑOS,Eólica terrestre,GNCO,EGASNE2,"9,6"
MOVALS3,18WMOVALS3-123-P,MOVALS3,MOVIALSA 3,Gas natural cogeneración,EENER,TMOVIAL,"9,9"
MOVALS5,18WMOVALS5-123-B,MOVALS5,MOVIALSA 5,Gas natural cogeneración,EENER,TMOVIAL,"9,9"
MOVALSA,18WMOVALSA-123-D,MOVALSA,MOVIALSA 2,Biomasa,EENER,RCMOVA,"5,9"
MOVHC01,18W000000000N05H,MOVHC01,MOVHERA COMERCIALIZADORA,Comercializadores mercado libre,MOVHE,MOVHC01,"300,0"
MOVIASA,18WMOVIASA-12-DG,MOVIASA,MOVIALSA,Gas natural cogeneración,EENER,TMOVIAS,"23,7"
MOVIC01,18W000000000QE42,MOVIC01,COMPRA COMERCIALIZADORA,Comercializadores mercado libre,MOVIE,MOVIC01,"1,0"
MOYGIRA,18WMOYGIRA-123-T,MOYGIRA,ESCOMBRERAS MOYRESA GIRASOL,Gas natural cogeneración,CEG,TMOYGI,"9,9"
MOYZIER,18WMOYZIER-123-9,MOYZIER,MOYRESA ZIERBENA,Gas natural cogeneración,CEG,TMOYGI,"9,9"
MPIEDR,18W000000000TA34,MPIEDR,MPIEDR,Hidráulica - No UGH,DETIC,HYPIEDR,"1,4"
MPUNTE,18W00000000058H4,MPUNTE,HIDMPUNTE,Fluyente,NEXU,HMPUNTE,"2,4"
MQN1,18WMQN1-12345-AL,MEQUINEN 1,MEQUINENZA 1,Embalse,ENDG,EBRFEN,"79,7"
MQN2,18WMQN2-12345-AB,MEQUINEN 2,MEQUINENZA 2,Embalse,ENDG,EBRFEN,"79,7"
MQN3,18WMQN3-12345-A1,MEQUINEN 3,MEQUINENZA 3,Embalse,ENDG,EBRFEN,"79,7"
MQN4,18WMQN4-12345-AS,MEQUINEN 4,MEQUINENZA 4,Embalse,ENDG,EBRFEN,"79,7"
MQUESA,18W000000000FXNP,MQUESADO,18W000000000FXNP,Eólica terrestre,GNRA,PEVER,"24,0"
MR-AN,18W000000000V4WU,MR-AN,MR-AN,Comercializadores mercado libre,TGYE,TGYER01,"1,0"
MR-CR,18W000000000V4XS,MR-CR,MR-CR,Comercializadores mercado libre,TGYE,TGYER01,"1,0"
MR-HY,18W000000000V4ZO,MR-HY,MR-HY,Comercializadores mercado libre,TGYE,TGYER01,"1,0"
MR-JG,18W000000000V4VW,MR-JG,MR-JG,Comercializadores mercado libre,TGYE,TGYER01,"1,0"
MR-LZ,18W000000000V4YQ,MR-LZ,MR-LZ,Comercializadores mercado libre,TGYE,TGYER01,"1,0"
MRAPG,18W000000000S5X0,MRAPG,MRAPG,Eólica terrestre,GNRA,UPMRA,"9,3"
MRCHENA,18W000000000U1JW,MRCHENA,UF SOLAR MARCHENA,Solar fotovoltaica,NEXU,FMCHENA,"1,8"
MRD1,18WMRD1-12345-A8,MIRAN HC 1,MIRANDA 1  (HC),Fluyente,HC G,HCHI,"17,9"
MRD2,18WMRD2-12345-AZ,MIRAN HC 2,MIRANDA 2  (HC),Fluyente,HC G,HCHI,"17,9"
MRD3,18WMRD3-12345-AP,MIRAN HC 3,MIRANDA 3  (HC),Fluyente,HC G,HCHI,"17,8"
MRD4,18WMRD4-12345-AF,MIRAN HC 4,MIRANDA 4  (HC),Fluyente,HC G,HCHI,"18,1"
MREDON,18WMREDON-123-E0,MREDON,PE MONTE REDONDO,Eólica terrestre,GNCO,EGASNE0,"49,5"
MRIGAL1,18W000000000SMGK,MRIGAL1,UF SOLAR MADRIGAL 1,Solar fotovoltaica,NEXU,FRIGAL1,"3,3"
MRIGAL2,18W000000000SMHI,MRIGAL2,UF SOLAR MADRIGAL 2,Solar fotovoltaica,NEXU,FRIGAL2,"3,3"
MRINERO,18W000000000UCSI,MRINERO,UF SOLAR MERINERO,Solar fotovoltaica,NEXU,FMRIERO,"30,0"
MRM1,18WMRM1-12345-AK,MARMOLEJ 1,MARMOLEJO 1,Fluyente,ENDG,GDLQ,"8,3"
MRM2,18WMRM2-12345-AA,MARMOLEJ 2,MARMOLEJO 2,Fluyente,ENDG,GDLQ,"8,3"
MRR1,18WMRR1-12345-A2,MARRACOS 1,MARRACOS 1,Fluyente,ENDG,EBRACC1,"3,3"
MRR2,18WMRR2-12345-AT,MARRACOS 2,MARRACOS 2,Fluyente,ENDG,EBRACC1,"3,3"
MSALAZA,18WMSALAZA-123-I,MSALAZA,MARMOLES SALAZAR,Fluyente,GNRA,HPGNRA,"0,4"
MSERRA,18WMSERRA-123--T,MSERRA,PARQUE EÓLICO MONTE DA SERRA,Eólica terrestre,GNCO,EFPART,"14,4"
MSM,18WMSM-1234567-F,MSM,MINERA DE SANTA MARTA,Derivados del petróleo o carbón,IGNIS,UPBELOR,"19,7"
MSSR01,18W000000000OUM0,MSSR01,MSSR01,Comercializadores mercado libre,ENDCO,ENDER01,"1,0"
MSSR02,18W000000000S2QN,MSSR02,MSSR02,Comercializadores mercado libre,ENDCO,ENDER01,"1,0"
MSUSO,18W00000000058EA,MSUSO,HIDSUSO,Fluyente,GESTE,HIDAGST,"3,9"
MSVSC01,18W-MSVSC01-5--X,MSVSC01 CO,MUNICIPAL DE SERVICIOS VILLAHE,Comercializadores mercado libre,MSVSL,MSVSC01,"2,1"
MTF1,18WMTF1-12345--L,MONTEFUR 1,MONTEFURADO 1,Embalse,IBEG,SIL,"14,7"
MTF2,18WMTF2-12345-AQ,MONTEFUR 2,MONTEFURADO 2,Embalse,IBEG,SIL,"15,0"
MTF3,18WMTF3-12345-AG,MONTEFUR 3,MONTEFURADO 3,Embalse,IBEG,SIL,"14,5"
MTN1,18WMTN1-12345-AM,S.MARTIN,SAN MARTIN,Embalse,IBEG,SIL,"10,2"
MTOCB,18W000000000TDBG,MTOCB,MTOCB,Solar fotovoltaica,GNRA,FVGNRA,"2,0"
MUBEAS,18W000000000TSB8,MUBEAS,MUBEAS,Comercializadores mercado libre,ENDCO,ENDER01,"1,0"
MUDARRA,18W000000000MBCB,MUDARRA,MUDARRA,Solar fotovoltaica,INTRA,INTRE02,"2,0"
MUDEFER,18WMUDEFER-123-Z,MUDEFER,PE MUDEFER,Eólica terrestre,EGLE,ECATER,"45,0"
MUDEI1,18W000000000U9N0,MUDEI1,MUDEI1,Solar fotovoltaica,GNRA,UPMUD1,"38,5"
MUDEI2,18W000000000UCNS,MUDEI2,MUDEI2,Solar fotovoltaica,GNRA,UPMUD2,"56,9"
MUE1,18WMUE1-12345-FP,MUELA 1G,LA MUELA DE CORTES 1 GENERAC.,Turbinación bombeo,IBEG,MUEL,"211,5"
MUE1B,18WMUE1B-12345-6,MUELA 1B,LA MUELA DE CORTES 1 BOMBEO,Consumo bombeo,IBEG,MUEB,"190,0"
MUE2,18WMUE2-12345-FF,MUELA 2G,LA MUELA DE CORTES 2 GENERAC.,Turbinación bombeo,IBEG,MUEL,"211,4"
MUE2B,18WMUE2B-12345-X,MUELA 2B,LA MUELA DE CORTES 2 BOMBEO,Consumo bombeo,IBEG,MUEB,"190,0"
MUE3,18WMUE3-12345-F5,MUELA 3G,LA MUELA DE CORTES 3 GENERAC.,Turbinación bombeo,IBEG,MUEL,"211,0"
MUE3B,18WMUE3B-12345-N,MUELA 3B,LA MUELA DE CORTES 3 BOMBEO,Consumo bombeo,IBEG,MUEB,"190,0"
MUE4,18WMUE4-123456-6,MUELA 4G,LA MUELA DE CORTES 4 GEN,Turbinación bombeo,IBEG,MUEL,"218,9"
MUE4B,18WMUE4B-12345-D,MUELA 4B,LA MUELA DE CORTES 4 BOMBEO,Consumo bombeo,IBEG,MUEB,"205,0"
MUE5,18WMUE5-123456-X,MUELA 5G,LA MUELA DE CORTES 5 GEN,Turbinación bombeo,IBEG,MUEL,"220,8"
MUE5B,18WMUE5B-12345-3,MUELA 5B,LA MUELA DE CORTES 5 BOMBEO,Consumo bombeo,IBEG,MUEB,"205,0"
MUE6,18WMUE6-123456-N,MUELA 6G,LA MUELA DE CORTES 6 GEN,Turbinación bombeo,IBEG,MUEL,"218,7"
MUE6B,18WMUE6B-12345-U,MUELA 6B,LA MUELA DE CORTES 6 BOMBEO,Consumo bombeo,IBEG,MUEB,"205,0"
MUE7,18WMUE7-123456-D,MUELA 7G,LA MUELA DE CORTES 7 GEN,Turbinación bombeo,IBEG,MUEL,"219,4"
MUE7B,18WMUE7B-12345-K,MUELA 7B,LA MUELA DE CORTES 7 BOMBEO,Consumo bombeo,IBEG,MUEB,"205,0"
MUELA,18WMUELA-1234-EP,MUELA,P.E. LA MUELA,Eólica terrestre,IBGES,EHIBGES,"45,5"
MUELA2,18WMUELA2-123-EU,MUELA2,PARQUE EOLICO LA MUELA II,Eólica terrestre,ECYR,EREGPEM,"13,2"
MUELA3,18WMUELA3-123-EM,MUELA3,PARQUE EOLICO LA MUELA III,Eólica terrestre,ECYR,EREGPEM,"16,5"
MUELCUB,18WMUELACUBILLOR,MUELCUB,P.E. MUELA CUBILLO,Eólica terrestre,IBGES,EIBGENO,"50,0"
MUELLE,18W000000000I9GP,MUELLE,UF MUELLE,Solar fotovoltaica,NEXU,FMUELLE,"9,0"
MUESC01,18W000000000PSN0,MUESC01,MUESC01,Consumos directos en mercado,MUEST,MUESC01,"0,3"
MULA001,18W000000000RAZM,MULA001,PSF MULA,Solar fotovoltaica,WMARK,FFWMARK,"1,4"
MULATON,18WPE-MULATON--8,MULATON,P. E. EL MULATON,Eólica terrestre,EGED,EGREEN1,"38,0"
MULBC01,18W000000000V1A9,MULTITELEC,MULTITELEC ENERGIA RENOVALBLES,Comercializadores mercado libre,MULTB,MULBC01,"10,0"
MULTC01,18W-MULTC01-5--S,MULTIC01,MULTIC01,Comercializadores mercado libre,MULTI,MULTC01,"0,1"
MUNE2,18WMUNE2-12345-6,MUNE2,P.E. MUNERA II,Eólica terrestre,HC G,HCGEORS,"30,6"
MUNIESA,18W000000000F612,MUNIESA,PE MUNIESA,Eólica terrestre,ECYR,EREGPEV,"46,8"
MUNLASA,18WMUNLASA-12-E0,MUNLASA,P. E. MUNILLA-LASANTA,Eólica terrestre,IBGES,EMCIBGE,"46,0"
MURAS1,18WMURAS1-123-ES,MURAS1,P.E. MURAS I,Eólica terrestre,IBGES,EHIBGES,"24,4"
MURAS2,18WMURAS2-123-EK,MURAS2,P.E. MURAS II,Eólica terrestre,IBGES,EHIBGES,"24,4"
MURIAS,18WMURIAS-1234-K,MURIAS,18WMURIAS-1234-K,Hidráulica - No UGH,EFG,HMURI,"7,0"
MURILLO,18WMURILLO-12-A1,MURILLO,MURILLO,Fluyente,EGED,HFEGED,"5,0"
MUTAC01,18W000000000M7QW,MULTITEC,MULTISEVICIOS TECNOLOGICOS SA,Comercializadores mercado libre,MULTA,MUTAC01,"1,0"
MUTODO,18WMUTODO-123-E2,MUTODO,MUTODO,Eólica terrestre,MEDI,EMEDI,"40,5"
MUTORTO,18WMUTORTO-12-EF,MUTORTO,P.E. MUELA DE TORTOSILLA,Eólica terrestre,IBGES,EHIBGES,"36,9"
MUXIA1,18W000000000B6IL,MUXIA1,PE MUXIA1,Eólica terrestre,HC G,HCGSCSA,"46,0"
MUXIA2,18W000000000B6JJ,MUXIA2,PE MUXIA 2,Eólica terrestre,HC G,HCGSCSA,"22,0"
MVILLAL,18WMVILLAL-12-EB,MVILLAL,PARQUE EÓLICO MONTE VILALBESA,Eólica terrestre,GNCO,EFPART,"22,2"
MXXIC01,18W000000000M40J,MYENXXI,MYENXXI,Comercializadores mercado libre,MYENX,MXXIC01,"1,0"
MYENC01,18W-MYENC01-6--U,MYENC01,MYENC01,Comercializadores mercado libre,MYEN,MYENC01,"0,5"
MYENV01,18W000000000L754,FPIBCUR,"IB CUR  ( FOTOVOLTAICA, PRUEBA",Solar fotovoltaica,MYEN,MYENV01,"6,3"
MYENV03,18W000000000NY9I,MYENV03F,MYENERGIA VENTA 3,Solar fotovoltaica,MYEN,MYENV02,"2,9"
MYENV04,18W000000000OMIW,MYENV04,MYENV04,Solar fotovoltaica,MYEN,MYENV02,"4,0"
MYRDM,18W000000000TI79,MYRDM,MYRDM,Solar fotovoltaica,GNRA,UPMAY,"5,8"
MYRTE1,18W000000000TEY4,MYRTE1,MYRTE1,Solar fotovoltaica,CEG,FMYRTE1,"34,6"
MYSBT1,18W000000000VDX1,MYSBT1,MYSBT1,Solar fotovoltaica,GNRA,UPMYSB,"0,9"
NABAC01,18W-NABAC01-3--Y,NABAC01,NABALIA ENERGIA,Comercializadores mercado libre,NABAL,NABAC01,"0,2"
NAC1,18WNAC1-12345-AP,NACIMIEN 1,NACIMIENTO 1,Fluyente,ENDG,GDLQ,"0,5"
NAC2,18WNAC2-12345-AF,NACIMIEN 2,NACIMIENTO 2,Fluyente,ENDG,GDLQ,"0,5"
NACIMIE,18WNACIMIE-123-7,NACIMIE,NACIMIENTO,Eólica terrestre,IBGES,EHIBGES,"23,8"
NAECOR,18W000000000TSC6,NAECOR,NAECOR,Comercializadores mercado libre,ENDCO,ENDER01,"1,0"
NAFS01,18W000000000V3Q8,NAFS01,NAFS01,Comercializadores mercado libre,ENDCO,ENDER01,"1,0"
NAFS02,18W000000000V3R6,NAFS02,NAFS02,Comercializadores mercado libre,ENDCO,ENDER01,"1,0"
NAFS03,18W000000000V3S4,NAFS03,NAFS03,Comercializadores mercado libre,ENDCO,ENDER01,"1,0"
NAFS04,18W000000000V3T2,NAFS04,NAFS04,Comercializadores mercado libre,ENDCO,ENDER01,"1,0"
NAFSP,18W000000000GTXD,NAFSP,NAFSP,Solar fotovoltaica,GNRA,UPFLOR,"25,0"
NAGAC01,18W-NAGAC01-1--T,NAGAC01,NAGAC01,Comercializadores mercado libre,NATGA,NAGAC01,"500,0"
NAGIC01,18W000000000K6YR,NAGIC01,NAGIC01,Comercializadores mercado libre,NAGIN,NAGIC01,"1,0"
NAJ1,18WNAJ1-12345-AM,NAJERILL 1,NAJERILLA 1,Fluyente,IBEG,EBRA,"1,1"
NAJ2,18WNAJ2-12345-AC,NAJERILL 2,NAJERILLA 2,Fluyente,IBEG,EBRA,"1,1"
NALSAMA,18WNALSAMA-123-N,NALSAMA,18WNALSAMA-123-N,Residuos varios,EGLE,RQUINA,"3,9"
NARAN,18W000000000USKN,UF ARAN,UF NEO ARAN,Gas natural cogeneración,GEMSL,TNARAN,"14,9"
NASSN,18W000000000SBK8,NASSN,NASSN,Solar fotovoltaica,GNRA,FVGNRA,"3,4"
NAV1,18W000000000GBEV,NAV1,PLANTA BIOGASTUR NAVIA,Biogás,LMER,GASRGAN,"4,1"
NAVA,18W000000000F29Z,SFV NAVA,SFV LA NAVA,Solar fotovoltaica,GNCO,FGASNE2,"46,2"
NAVA1,18W000000000TDRL,NAVA1,NAVA1,Solar fotovoltaica,CEG,FNAVA1,"38,0"
NAVA2,18W000000000TB8S,NAVA2,NAVA2,Solar fotovoltaica,CEG,FNAVA2,"7,0"
NAVAC01,18W0000000002OY8,NAVAC01,PETRONAVARRA PEN,Comercializadores mercado libre,NAVAR,NAVAC01,"0,1"
NAVALMO,18WNAVALMO-123-7,NAVALMO,UF NAVALMORALES,Solar fotovoltaica,EBLCO,FNAVALM,"6,6"
NAVALVI,18W000000000F6FB,NAVALVILL,FV NAVALVILLAR,Solar fotovoltaica,ECYR,FEGPEM,"34,3"
NAVAZO,18WNAVAZO-123-E1,NAVAZO,P.E. EL NAVAZO,Eólica terrestre,IBGES,EHIBGES,"38,5"
NAVCART,18WNAVCART-12-EU,NAVCART,P.E. ALTOS DE CARTAGENA,Eólica terrestre,ECYR,EREGPEM,"21,1"
NAVDS,18W000000000MK16,NAVDS,NAVDS,Eólica terrestre,GNRA,PENAV,"41,5"
NAVELO,18WNAVELO-123-ED,NAVELO,P.E. NAVAZUELO,Eólica terrestre,ECYR,EREGPEM,"17,1"
NAVELOS,18W000000000SRCD,NAVELOS,UF SOLAR NAVELOS,Solar fotovoltaica,NEXU,FNVELOS,"15,5"
NAVIG1,18W000000000S2RL,NAVIG1,NAVIG1,Comercializadores mercado libre,ENDCO,ENDER01,"1,0"
NAVQUES,18WNAVQUES-12-E6,NAVQUES,P.E. NAVAS DEL MARQUES,Eólica terrestre,ECYR,EREGPEM,"10,5"
NAZEN,18W000000000QYNF,NAZEN,NAZEN,Fluyente,GNRA,HFGNRA,"1,0"
NBALBOA,18W000000000H02A,NBALBOA,NUÑEZ BALBOA,Solar fotovoltaica,IBGES,FIBGENB,"391,0"
NBSAA,18W000000000TPG7,NBSAA,NBSAA,Solar fotovoltaica,GNRA,UPNIEB,"42,0"
NCA,18WNCA-1234567-U,NCA,ABELAN CATALANA,Gas natural cogeneración,AME,TNCA,"4,8"
NCAS,18WNCAS-12345-AC,NUEVOCASTI,NUEVO CASTILLO 1,Fluyente,ENDG,GDLQ,"4,2"
NCEC01,18W-NCEC01-67--E,NCEC01,NCEC01,Comercializadores mercado libre,NCE,NCEC01,"0,1"
NCEGE,18W000000000H78E,VENTA FV,VENTA FV,Solar fotovoltaica,NCE,NCEGE,"0,0"
NCHO,18WNCHO-12345-AC,NUEVOCHORR,NUEVO CHORRO,Fluyente,ENDG,GDLQ,"9,9"
NCINCAV,18W000000000UZ05,UF CINCA V,UF NEO CINCA VERDE,Gas natural cogeneración,GEMSL,TNCINCA,"24,9"
NEASC01,18W000000000N3P5,SPECTRA,PROP TRADERS SPAIN,Comercializadores mercado libre,NEAS,NEASC01,"1.000,0"
NEASCP3,18W-NEASCP3-5--D,NEASCP3,NEASCP3,Importación Francia,NEAS,NEASCP3,"350,0"
NEASVP3,18W-NEASVP3-1--P,NEAS,NEAS,Exportación Francia,NEAS,NEASVP3,"350,0"
NEDANOR,18W000000000UNK1,PE NEDA,PE NEDA,Eólica terrestre,WMARK,PEONEDA,"34,6"
NEGR,18WNEGR-12345-A6,NEGRATIN,NEGRATIN,Embalse,ENDG,GDLQ,"6,5"
NEGREDO,18WNEGREDO-123-F,NEGREDO,PARQUE EÓLICO EL NEGREDO,Eólica terrestre,EBLCO,ENEGRED,"18,0"
NEME2,18W000000000O6L0,NEME2,NEME2,Solar fotovoltaica,GNRA,FVGNRA,"2,0"
NEMOC01,18W-NEMOC01-5--5,NEMOC01,NEMOC01,Comercializadores mercado libre,NEMON,NEMOC01,"0,1"
NEOPAS,18W000000000UZXD,NEOPAS,NEOPAS,Gas natural cogeneración,CLIDM,TNEO,"9,7"
NEOSOL,18W000000000TEPM,NEOSOL,NEOSOL,Solar fotovoltaica,CEG,FNEOSOL,"9,0"
NEREA,18WNEREA-1234-EK,NEREA,PE NEREA,Eólica terrestre,GNCO,EGASNE0,"39,7"
NESPE,18WNESPE-12345-N,NESPE,UNIDAD FISICA NESTLE PENILLA,Gas natural cogeneración,AME,TNESEP,"5,5"
NETOC01,18W000000000PPHL,NETON,NETON ENERGY SERVICES SLU,Comercializadores mercado libre,NETON,NETOC01,"1,0"
NETRC01,18W000000000TVZP,NETRA PENI,NETRA PENINSULA,Comercializadores mercado libre,NETRA,NETRC01,"1,0"
NEUCCX1,18W000000000SKDW,PORGENC,PORT_GEN_CMPRA,Porfolio,NEURO,NEUCCX1,"9.999,0"
NEUCVX1,18W000000000SKA1,PORGENV,PORT_GEN_VNTA,Porfolio,NEURO,NEUCVX1,"9.999,0"
NEXAC01,18W000000000M823,NEXT COMPR,NEXT COMPRA,Comercializadores mercado libre,NEXAM,NEXAC01,"25,0"
NEXOC01,18W000000000UGWZ,NEXORA,NEXORA ENERGIA,Comercializadores mercado libre,NEXOR,NEXOC01,"1,0"
NEXPCX1,18W000000000UQC8,PORGENC,PORT_GEN_CMPRA,Porfolio,NEXU,NEXPCX1,"9.999,0"
NEXPVX1,18W000000000UQE4,PORGENV,PORT_GEN_VNTA,Porfolio,NEXU,NEXPVX1,"9.999,0"
NEXTC01,18W000000000SS5O,NEXT,NEXT ENERGY PLUS SL,Comercializadores mercado libre,NEXAP,NEXTC01,"1,0"
NEXUC01,18W-NEXUC01-2--1,NEXUC01,NEXUC01,Comercializadores mercado libre,NEXU,NEXUC01,"0,0"
NFOEL,18W000000000O78N,NFOEL,NFOEL,Solar fotovoltaica,GNRA,FVGNRA,"3,4"
NFUEDP,18W000000000UNUI,UF FDP,UF NEOLECTRA FDP,Gas natural cogeneración,GEMSL,TNFUEDP,"16,4"
NGRADO,18W000000000UNSM,UF GRADO,UF NEOLECTRA GRADO,Gas natural cogeneración,GEMSL,TNGRADO,"24,0"
NIDHCP3,18W000000000RO61,NIDHCP3,NIDHOG IMPORT RTE,Importación Francia,NIDHO,NIDHCP3,"100,0"
NIDHVP3,18W000000000RO9W,NIDHVP3,NIDHOG EXP RTE,Exportación Francia,NIDHO,NIDHVP3,"100,0"
NIEVA1,18WNIEVA1-1234-A,NIEVA1,PE SANTA MARIA DE NIEVA F1,Eólica terrestre,WMARK,EFWMARK,"14,0"
NIEVA2,18WNIEVA2-1234-2,NIEVA2,PE SANTA MARIA DE NIEVA F II,Eólica terrestre,WMARK,EFWMARK,"34,5"
NIGUELA,18WNIGUELA-123-8,NIGUELA,UP NIGUELAS,Fluyente,GNRA,HNIGUEL,"2,9"
NIJARMA,18W000000000VAPQ,NIJARMA,18W000000000VAPQ,Solar fotovoltaica,EGLE,FNIJAR,"21,0"
NILIX,18W000000000TTV2,NILIX,NILIX,Solar fotovoltaica,GNRA,UPSON3,"1,7"
NILLA,18W000000000G5FA,NILLA,NILLA,Solar fotovoltaica,GNRA,LAFRV,"39,0"
NIVAC01,18W00000000029PY,NIVAC01,NIVAC01,Consumos directos en mercado,NIVA,NIVAC01,"0,4"
NIVAJ,18W000000000NNSD,NIVAJ,NIVAJ,Derivados del petróleo o carbón,GNRA,COGAJ5,"0,9"
NIVELUR,18WNIVELUR-123-8,NIVELUR,UF NIVELUR F2,Derivados del petróleo o carbón,GNRA,COGAJ5,"0,8"
NMORON,18W000000000UNWE,UF MORON,UF NEO MORON,Gas natural cogeneración,GEMSL,TNMORON,"10,8"
NOBEC01,18W-NOBEC01-1--0,NOBEC01,UNIDAD DE PROGRAMACIÓN DE NOBE,Comercializadores mercado libre,NOBE,NOBEC01,"7,0"
NOBLCP3,18W-NOBLCP3-4--Y,CONS ACCT,CONSUMPTION ACCOUNT,Importación Francia,NOBLE,NOBLCP3,"100,0"
NOBLEJA,18W000000000RA0I,NOBLEJA,UF SOLAR NOBLEJA,Solar fotovoltaica,NEXU,FNOBLEJ,"4,0"
NOBLVP3,18W-NOBLVP3-8--E,PROD ACCT,PRODUCTION ACCOUNT,Exportación Francia,NOBLE,NOBLVP3,"100,0"
NOCAST,18W000000000AZVN,NOCAST,NOVO CASTRELO,Embalse,IGNIS,HXAL2,"6,3"
NOCTC01,18W000000000T23S,NOCTILUCA,NOCTILUCA ENERGIA SL,Comercializadores mercado libre,NOCTI,NOCTC01,"1,0"
NOCTIS6,18W000000000S6YW,NOCTIS6,UF SOLAR SOLNOCTIS 6,Solar fotovoltaica,NEXU,FNOCTI6,"1,6"
NOEL1,18WNOEL1-12345-T,NOEL1,18WNOEL1-12345-T,Gas natural cogeneración,NOEL,TNOEL,"4,0"
NOEL2,18WNOEL2-12345-K,NOEL2,18WNOEL2-12345-K,Gas natural cogeneración,NOEL,TNOEL,"4,9"
NOGUE,18WNOGUE-12345-M,NOGUE,NOGUE,Eólica terrestre,IBGES,EHIBGES,"2,5"
NOPINDO,18WNOPINDO-12-AH,NOPINDO,NOVO PINDO,Embalse,IGNIS,HXAL1,"9,8"
NOR1,18WNOR1-12345-AP,NORIAS 1,LAS NORIAS 1,Fluyente,IBEG,EBRA,"0,9"
NOR2,18WNOR2-12345-AF,NORIAS 2,LAS NORIAS 2,Fluyente,IBEG,EBRA,"1,0"
NORDCON,18WNORDCON-12--B,NORDCON,U F NORDCON,Derivados del petróleo o carbón,GNRA,TVGNRA2,"3,2"
NOREC01,18W000000000AKBY,NOREC01,UNIDAD NORTELECTRICA,Comercializadores mercado libre,NORE,NOREC01,"1,0"
NORTC01,18W-NORTC01-1--1,NORTC01,NORTC01,Comercializadores mercado libre,NORT,NORTC01,"0,0"
NOSAC01,18W-NOSAC01-2--A,NOSAC01,NOSA ENERXIA SCP,Comercializadores mercado libre,NOSA,NOSAC01,"0,1"
NOSR01F,18W000000000V9Z9,NOSR01F,NOSR01F,Comercializadores mercado libre,ENUFR,ENSRR01,"1,0"
NOSTIAN,18WNOSTIAN-12--9,NOSTIAN,NOSTIAN,Biogás,CEG,RALBAD,"6,2"
NOVAFRI,18W000000000R7T6,NOVAFRI,NOVAFRI,Gas natural cogeneración,DETIC,COGNOVA,"5,0"
NOVELDA,18W000000000S1OU,NOVELDA,UF SOLAR NOVELDA,Solar fotovoltaica,NEXU,FNOVELD,"0,9"
NOVO,18WNOVO-12345-E2,NOVO,P.E: NOVO,Eólica terrestre,GNCO,EGASNE0,"18,7"
NOVVB,18W000000000S62M,NOVVB,NOVVB,Solar fotovoltaica,GNRA,FVGNRA,"1,5"
NPCE2,18WNPCE2-12345-Q,NPCE2,NPCE2,Gas natural cogeneración,WMARK,TNPCE,"6,8"
NSA,18WNSA-1234567-N,NSA,ABELAN SAN ANDRES,Gas natural cogeneración,AME,TNSA,"6,7"
NSMER,18WNSMER-12345-P,NSMER,NSMER,Fluyente,REPSB,HNSMER,"2,3"
NSTINEO,18WNSTINEO-123-1,NSTINEO,P.E. SIERRA DE TINEO,Eólica terrestre,GNRA,PEVER,"44,0"
NUCERA,18W000000000OTM3,NUCERA,NUCERA,Consumos directos en mercado,WMARK,EUCDR01,"8,0"
NUCERAM,18WNUCERAM-12-DD,NUCERAM,NUCERAM,Gas natural cogeneración,WMARK,TNPCE,"6,8"
NUEAT,18WNUEAT-1234-DR,NUEAT,18WNUEAT-1234-DR,Gas natural cogeneración,IGNIS,UPATOMI,"4,8"
NUFRB01,18W000000000S81I,NUFRB01,NUFRB01,Consumos directos en mercado,ENUFR,NUFRR01,"0,0"
NUKIC01,18W000000000THB4,NUKIK COM,NUKIK COM,Comercializadores mercado libre,NUKIK,NUKIC01,"0,1"
NULENSE,18WNULENSE-12-DA,NULENSE,CERAMICA NULENSE SAU,Gas natural cogeneración,DETIC,COGNULE,"6,8"
NUMAN,18W000000000T1X8,NUMAN,NUMAN,Solar fotovoltaica,CEG,FNUMAN,"21,5"
NUMCC01,18W000000000VH3C,NUMCC01,NUMCC01,Comercializadores mercado libre,NUMI,NUMCC01,"0,1"
NUREL,18W000000000S201,NUREL,NUREL,Comercializadores mercado libre,SHELL,SESAR01,"1,0"
NVARRA,18W000000000B7MA,NVRRA,FOT_NAVARRA,Solar fotovoltaica,GESTE,FNAVAR,"1,0"
NVLUC01,18W000000000GVJZ,NVLUC01,NOVALUUP,Comercializadores mercado libre,NVLZE,NVLUC01,"0,0"
NWENC01,18W000000000SJEX,NWENC01,NWENC01,Comercializadores mercado libre,NORDW,NWENC01,"1,0"
NYCLC01,18W000000000N196,NYCLC01,NATURGY CLIENTES COMPRA PE,Comercializadores mercado libre,NYCLI,NYCLC01,"2.000,0"
OBAGOLS,18W000000000S7OC,OBAGOLS,UF SOLAR OBAGOLS,Solar fotovoltaica,NEXU,FOBAGLS,"1,0"
OCUIX,18W000000000TV3F,OCUIX,OCUIX,Solar fotovoltaica,GNRA,UPSON2,"6,0"
OCYC01,18W000000000V4UY,OCYC01,COMPRA COMERCIALIZADORA,Comercializadores mercado libre,OCYE,OCYC01,"1,0"
ODARC01,18W000000000UO01,ODARA,ODARA RENOVABLES,Comercializadores mercado libre,ODARA,ODARC01,"1,0"
ODELC01,18W000000000UGXX,ODELL,ODELL ENERG COMPRA,Comercializadores mercado libre,ODELL,ODELC01,"5,0"
ODFC01,18W-ODFC01-73--T,ODFC01,ODFC01,Comercializadores mercado libre,ODF,ODFC01,"20,0"
ODOB2,18W000000000QIG3,ODOB2,ODN DE BUEY II,Eólica terrestre,REPSB,EGALLE,"15,5"
ODOB3,18W000000000QO3B,ODOB3,ODOB3,Eólica terrestre,REPSB,EGALLE,"11,8"
OESTC01,18W-OESTC01-8--O,RONDAOESTE,"RONDA OESTE ENERGÍA, S.L.",Comercializadores mercado libre,OESTE,OESTC01,"1,2"
OHMIC01,18W00000000065FD,UP OHMIO,UNIDAD BASE DE PROGRAMACIN OHM,Comercializadores mercado libre,OHMIA,OHMIC01,"1,0"
OIZ,18WOIZ-123456-EY,OIZ,P. E. OIZ,Eólica terrestre,IBGES,EHIBGES,"34,0"
OIZ1,18WOIZ1-12345-AX,OIZ 1,OIZ 1,Fluyente,IBEG,EBRA,"0,4"
OIZ2,18WOIZ2-12345-AN,OIZ 2,OIZ 2,Fluyente,IBEG,EBRA,"0,4"
OJALBOS,18WOJALBOS-12-EZ,OJALBOS,P.E. OJOS DE ALBOS,Eólica terrestre,HC G,HCGSCS3,"14,5"
OJER,18WOJER-12345-AT,OJER MARCO,OJER Y MARCOS,Fluyente,BARER,BEREBRO,"0,3"
OKENC01,18W000000000JX82,OKENE,OK ENERGIA,Comercializadores mercado libre,OKENE,OKENC01,"1,0"
OLALDE1,18WOLALDE1-123-L,OLALDE1,OLALDE1,Fluyente,EGED,HFEGED,"3,2"
OLALDE2,18WOLALDE2-123-E,OLALDE2,C.H. OLALDEA II,Fluyente,EGED,HFEGED,"0,9"
OLCESA,18WOLCESA-1234-U,OLCESA,OLCESA,Derivados del petróleo o carbón,DETIC,TCOOSU2,"20,7"
OLEC01,18W-OLEC01-57--J,OLE,OLE,Comercializadores mercado libre,OLE,OLEC01,"0,2"
OLEXTR,18W000000000O2VT,OLEXTR,UF OLEXTRA,Gas natural cogeneración,COGEN,TOLEXTR,"16,6"
OLI1,18WOLI1-12345--L,OLIANA 1,OLIANA 1,Embalse,ENDG,EBRFEN,"12,4"
OLI2,18WOLI2-12345-AQ,OLIANA 2,OLIANA 2,Embalse,ENDG,EBRFEN,"12,4"
OLI3,18WOLI3-12345-AG,OLIANA 3,OLIANA 3,Embalse,ENDG,EBRFEN,"12,4"
OLIADO,18W000000000TQ2W,OLIADO,PE EL OLIADO,Eólica terrestre,EGLE,EOLIADO,"16,0"
OLISE,18W000000000O6Z9,OLISE,OLISE,Solar fotovoltaica,GNRA,UPOLI,"2,0"
OLIVA,18W000000000SRDB,OLIVA,UF SOLAR OLIVA,Solar fotovoltaica,NEXU,FOLIVA,"50,0"
OLIVC01,18W000000000ED0O,OLIVIA 01,OLIVIA C01,Comercializadores mercado libre,OLIVC,OLIVC01,"0,1"
OLIVE23,18W000000000QA2I,OLIVENZA23,OLIVENZA SOLAR 23,Solar fotovoltaica,ADXRE,OLIVE23,"5,0"
OLIVE24,18W000000000QA3G,OLIVENZA24,OLIVENZA CENTRAL 24,Solar fotovoltaica,ADXRE,OLIVE24,"5,0"
OLIVENZ,18WOLIVENZ-12--7,OLIVENZ,OLIVENZA,Solar térmica,EGLE,SOLINZA,"50,0"
OLIVI,18WOLIVI-12345-E,OLIVI,PARQUE EÓLICO EL OLIVILLO,Eólica terrestre,WMARK,EFWMARK,"25,5"
OLIVNZA,18W000000000JVYU,VNZ,OVNZA,Solar fotovoltaica,GESTE,FVENZA,"4,7"
OLIVRE2,18W000000000QHEA,OLIVRE2,UF SOLAR OLIVARES2,Solar fotovoltaica,NEXU,FOLIVR2,"1,8"
OLIVRE3,18W000000000QHG6,OLIVRE3,UF SOLAR OLIVARES3,Solar fotovoltaica,NEXU,FOLIVR3,"1,8"
OLIVRE4,18W000000000QHI2,OLIVRE4,UF SOLAR OLIVARES4,Solar fotovoltaica,NEXU,FOLIVR4,"1,8"
OLIVRES,18W000000000QFI8,OLIVRES,UF SOLAR OLIVARES1,Solar fotovoltaica,NEXU,FOLIVRS,"1,8"
OLLEC01,18W000000000EYE7,OLLEC01,OLLEC01,Consumos directos en mercado,OLLER,OLLEC01,"1,5"
OLLIX,18W000000000TV69,OLLIX,OLLIX,Solar fotovoltaica,GNRA,FVGNRA,"2,2"
OLMALR,18W000000000P2KA,OLMALR,UF SOLAR OLMALR,Solar fotovoltaica,NEXU,FOLMALC,"4,5"
OLMEDIL,18W000000000N1LJ,OLMEDIL,FV OLMEDILLA,Solar fotovoltaica,IBGES,FBIOLHV,"37,7"
OLMEDO,18WOLMEDO-1234-H,OLMEDO,18WOLMEDO-1234-H,Gas natural cogeneración,EGLE,TACOR,"6,3"
OLTEJAR,18WOLTEJAR-123-B,OLTEJAR,18WOLTEJAR-123-B,Biomasa,EGLE,ROLEIC,"4,7"
OLVE2,18W00000000005U7,OLVE2,CH PUENTE OLVEIRA II,Embalse,IGNIS,HXAL2,"6,3"
OLVEA,18W000000000S6R9,OLVEA,OLVEA,Solar fotovoltaica,GNRA,FVGNRA,"2,0"
OLVEIRA,18WOLVEIRA-12-A8,OLVEIRA,OLVEIRA,Embalse,IGNIS,HXAL2,"2,7"
OLVEN22,18W000000000QA1K,OLIVENZA22,OLIVENZA SOLAR 22,Solar fotovoltaica,ADXRE,OLVEN22,"5,0"
OLVENZA,18W000000000L9I9,OLVENZA,UF OLVENZA,Solar fotovoltaica,NEXU,FOLVNZ,"5,3"
OLVNOII,18WOLVNOII-12-EK,OLVNOII,OLVEGA NOVIERCAS,Eólica terrestre,ECYR,EREGPEM,"13,8"
OLVNZA1,18W000000000QKHW,OLVNZA1,UF SOLAR OLIVENZA 1,Solar fotovoltaica,NEXU,FOLVNZ1,"5,0"
OLVNZA2,18W000000000QKJS,OLVNZA2,UF SOLAR OLIVENZA2,Solar fotovoltaica,NEXU,FOLVNZ2,"4,7"
OMHEC01,18W000000000LMTM,OMHEY,OMHEY,Comercializadores mercado libre,OHMEY,OMHEC01,"1,0"
OMYA01,18W000000000V3U0,OMYA01,OMYA01,Comercializadores mercado libre,ENDCO,ENDER01,"1,0"
OMYA02,18W000000000V3VZ,OMYA02,OMYA02,Comercializadores mercado libre,ENDCO,ENDER01,"1,0"
OMYA03,18W000000000V3WX,OMYA03,OMYA03,Comercializadores mercado libre,ENDCO,ENDER01,"1,0"
ONCALA,18WONCALA-123-EK,ONCALA,P.E. ONCALA,Eólica terrestre,ECYR,EREGPE1,"24,7"
OND1,18WOND1-12345-AU,ONDINAS 1,LAS ONDINAS 1,Embalse,ENDG,SBEU,"40,9"
OND2,18WOND2-12345-AK,ONDINAS 2,LAS ONDINAS 2,Embalse,ENDG,SBEU,"41,5"
ONDA,18WONDA-12345-AE,ONDA 1,ONDA 1,Fluyente,ASIE,ASIJUCA,"0,4"
ONDAGEN,18WONDAGEN-12-DP,ONDAGEN,COGENERACIÓN ONDAGEN,Gas natural cogeneración,EGLE,TTOVAG,"13,2"
ONDB,18WONDB-12345-A4,ONDA 2,ONDA 2,Fluyente,ASIE,ASIJUCA,"0,4"
ONDC01,18W000000000SWXU,ONDC01,ONDC01,Consumos directos en mercado,ONDAR,ONDC01,"0,8"
ONDEC01,18W-ONDEC01-2--C,ONDEM,ONDEM,Comercializadores mercado libre,ONDEM,ONDEC01,"40,0"
ONDU,18W000000000QCJF,ONDUCART,FV ONDUCART,Solar fotovoltaica,EFG,FGEFG,"1,3"
ONEACH,18W-ONEACH-19--4,ONEACH,ONEACH,Importación Marruecos,ONE,ONEACH,"0,0"
ONEVEN,18W-ONEVEN-69--S,ONEVEN,ONEVEN,Exportación Marruecos,ONE,ONEVEN,"0,0"
ONIFW,18W000000000O6TL,ONIFW,ONIFW,Solar fotovoltaica,GNRA,FVGNRA,"1,3"
ONSEC01,18W000000000E0FX,ONSEC01,ONSEC01,Consumos directos en mercado,ONS,ONSEC01,"1,6"
OOPPC01,18W000000000MMSK,OOPPC01,OOPPC01,Consumos directos en mercado,OLIVA,OOPPC01,"0,3"
OPPIC01,18W-OPPIC01-8--W,OPPIDUM,OPPIDUM ENERGIA,Comercializadores mercado libre,OPPI,OPPIC01,"2,5"
ORBANEJ,18W000000000LV1E,ORBANEJ,PE ORBANEJA,Eólica terrestre,IBGES,EHIBGES,"31,2"
OREC,18WOREC-12345-A9,ORELLA CAN,ORELLANA CANAL,Embalse,ENDG,GDNA,"3,6"
OREL,18WOREL-12345-AU,ORELLANA,ORELLANA,Embalse,ENDG,GDNA,"18,0"
ORELLA,18W000000000TXLA,TSORELLA,TS ORELLANA,Solar térmica,WMARK,TSORELL,"49,9"
OREMBER,18WOREMBER-123-R,OREMBER,OREMBER,Derivados del petróleo o carbón,EGLE,TOREMB,"11,9"
ORENSAN,18W000000000R7S8,ORENSAN,ORENSAN,Gas natural cogeneración,DETIC,COGRENS,"3,9"
ORFA,18WORFA-12345-AI,ORFA,ORFA,Fluyente,ENDG,EBRFEN,"0,3"
ORGANO1,18WORGANO1-123-8,ORGANO1,UF ORGANOGAS F1,Biogás,SHELL,SESBIO4,"10,4"
ORIA,18WORIA-12345-DG,ORIA,18WORIA-12345-DG,Gas natural cogeneración,EGLE,TORIA,"5,4"
ORKO,18W000000000Q4DE,ORKOIEN,PE ORKOIEN,Eólica terrestre,HISPE,EORKO,"5,7"
ORO1,18WORO1-12345-A9,ORONOZ 1,ORONOZ 1,Fluyente,IBEG,EBRA,"0,4"
ORO2,18WORO2-12345--L,ORONOZ 2,ORONOZ 2,Fluyente,IBEG,EBRA,"0,4"
ORTIZMA,18W000000000T0XB,ORTIZMA,ORTIZMAQUINARIA,Fluyente,RSPRA,HHRSPRA,"2,9"
ORUJERA,18WORUJERA-123-H,ORUJERA,ORUJERA,Gas natural cogeneración,DETIC,COGORUJ,"10,0"
ORWEC01,18W000000000F0CZ,COMER,COMERCIALIZACION 1,Comercializadores mercado libre,ORWEL,ORWEC01,"0,1"
OSOSP,18W000000000Q7V6,OSOSP,OSOSP,Solar fotovoltaica,GNRA,PIZR,"36,0"
OTERO,18WOTERO-1234--3,OTERO,P.E. OTERO Y PEÑA LA CUESTA,Eólica terrestre,EGLE,EOTERO,"4,8"
OURGC01,18W000000000UD0Y,OURGC01,OUR ENERGY,Comercializadores mercado libre,OURGR,OURGC01,"1,0"
OUROL,18W000000000HTNT,OUROL,UF EOLICA OUROL,Eólica terrestre,NEXU,EPOUROL,"22,5"
OVIEIRO,18WOVIEIRO-123-H,OVIEIRO,P.E. O VIEIRO,Eólica terrestre,IBGES,EHIBGES,"19,6"
OX81BK,18W000000000OSTT,OX81BK,OX81BK,Comercializadores mercado libre,FORTI,FORTR01,"1,0"
OXIAND,18W000000000V33H,OXIAND,OXIAND,Comercializadores mercado libre,ENDCO,ENDER01,"1,0"
P2PICOS,18WP2PICOS-123-Q,P2PICOS,PE DOS PICOS,Eólica terrestre,WMARK,EFWMARK,"1,6"
PA11,18WPA11-12345-A9,PASTER 1 1,PASTERAL I 1,Embalse,ENDG,TERE,"6,3"
PA21,18WPA21-12345-AZ,PASTER 2 1,PASTERAL II 1,Fluyente,ENDG,TERE,"0,8"
PA22,18WPA22-12345-AP,PASTER 2 2,PASTERAL II 2,Fluyente,ENDG,TERE,"0,6"
PACESPA,18WPACESPA-123-D,PACESPA,18WPACESPA-123-D,Biogás,EGLE,RCESRE,"1,0"
PADORN3,18W000000000RXMG,PADORNELO3,PADORNELO3,Eólica terrestre,WMARK,EACIBER,"20,0"
PADUL,18WPADUL-12345-N,PADUL,PARQUE EOLICO PADUL,Eólica terrestre,ECYR,EEGPEM,"18,0"
PAGU,18W000000000P4SP,PAGU,PAGU,Eólica terrestre,GNRA,EFGNRA,"4,0"
PAJARIT,18W000000000PVF7,PAJARIT,UF SOLAR PAJARITOS,Solar fotovoltaica,NEXU,FPJRTOS,"2,4"
PALACIO,18WPALACIO-123-J,PALACIO,18WPALACIO-123-J,Gas natural cogeneración,EGLE,TPALAC,"9,9"
PALANAA,18W000000000046L,PALANAA,PALANAA,Fluyente,RSPRA,HHRSPRA,"4,9"
PALBOP,18W000000000TSD4,PALBOP,PALBOP,Comercializadores mercado libre,ENDCO,ENDER01,"1,0"
PALCHAP,18W000000000UQF2,PALCHAP,PALCHAP,Solar fotovoltaica,RSPRA,FFRSPRA,"2,4"
PALEMAN,18W000000000IRXB,PALEMAN,PSF EL PRIMO ALEMAN,Solar fotovoltaica,EGLE,FNEFTI,"39,8"
PALGUL,18W000000000U9UN,PALGUL,PALGUL,Solar fotovoltaica,SOLRC,FPALGUL,"24,9"
PALMAHI,18W000000000T3D5,PALMAHI,FV PALMA HIVE,Solar fotovoltaica,METEN,METEV04,"19,6"
PALMAR,18W000000000UEMO,PALMAR,UF SOLAR EL PALMAR,Solar fotovoltaica,NEXU,FPALMAR,"0,9"
PALO,18W000000000SVYV,PALO,PALO,Solar fotovoltaica,CEG,FPALO,"10,0"
PALOM,18WPALOM-1234-AJ,PALOM,PALOM,Fluyente,ASIE,HFASIE,"1,9"
PALOMRA,18W000000000TNZC,PALOMRA,UF SOLAR PALOMERA,Solar fotovoltaica,NEXU,FPALMRA,"3,0"
PALOS1,18WPALOS1-123-CB,PALOS1,PALOS G1,Ciclo combinado,GNCC,PALOS1,"386,7"
PALOS2,18WPALOS2-123-C3,PALOS 2,PALOS G2,Ciclo combinado,GNCC,PALOS2,"389,1"
PALOS3,18WPALOS3-123-CW,PALOS 3,PALOS G3,Ciclo combinado,GNCC,PALOS3,"391,0"
PALS1,18W000000000O710,PALS1,PALS1,Solar fotovoltaica,GNRA,FVGNRA,"1,5"
PALS2,18W000000000O72Z,PALS2,PALS2,Solar fotovoltaica,GNRA,FVGNRA,"1,2"
PALTO,18WPALTO-1234-EH,PALTO,P. E. PIEDRAS ALTO,Eólica terrestre,EGED,EGREEN,"34,0"
PAMESA,18WPAMESA-1234-2,PAMESA,18WPAMESA-1234-2,Gas natural cogeneración,EGLE,TPAMEC,"9,1"
PAMP,18WPAMP-12345-AJ,PAMPANEIRA,PAMPANEIRA 1,Fluyente,ENDG,GDLQ,"12,6"
PAMPMO,18W000000000FW00,PAMPMO,PE AMPLIACION MONTEJO,Eólica terrestre,GNCO,EGASNE1,"6,6"
PAMSA,18WPAMSA-12345-6,PAMSA,PAMSA,Hidráulica - No UGH,CEG,HYPAMSA,"2,0"
PAN1,18WPAN1-12345-AQ,PANZARES 1,PANZARES 1,Fluyente,IBEG,EBRA,"1,2"
PAN2,18WPAN2-12345-AG,PANZARES 2,PANZARES 2,Fluyente,IBEG,EBRA,"1,1"
PANDC01,18W000000000UFKP,PANDC01,PANDOC01,Comercializadores mercado libre,PANDO,PANDC01,"0,0"
PANDERO,18WPEELPANDERO-O,PANDERO,PANDERO,Eólica terrestre,EGED,EGREEN,"20,0"
PANONDR,18W000000000K46F,PANONDR,PANONDRES,Eólica terrestre,IBGES,EHIBGES,"21,0"
PANTANE,18WPANTANE-123-3,PANTANET,COG. BONNYSA PANTANET,Gas natural cogeneración,CEG,TPANTA,"5,0"
PANUS,18W000000000O3CR,PANUS,PAÑUELO SOLAR,Solar fotovoltaica,GAC,FAGAC,"1,9"
PAPEBR,18W000000000TSE2,PAPEBR,PAPEBR,Comercializadores mercado libre,ENDCO,ENDER01,"1,0"
PAPERT,18WPAPERT-1234-B,PAPERT,PAPERTECH ENERGIA,Gas natural cogeneración,COGEN,TAE6COG,"8,4"
PAPGUIZ,18WPAPGUIZ-123-9,PAPGUIZ,PAPELERA GUIPUZCOANA,Residuos varios,EGLE,RPGUIZ,"20,0"
PAQUITO,18WPAQUITO-123-T,PAQUITO,18WPAQUITO-123-T,Derivados del petróleo o carbón,EGLE,TCOPAQ,"3,6"
PAR1,18WPAR1-12345-AJ,PAREDON 1,PAREDONES 1,Fluyente,ENDG,GDLQ,"1,5"
PAR2,18WPAR2-12345-A9,PAREDON 2,PAREDONES 2,Fluyente,ENDG,GDLQ,"1,5"
PARADAS,18W000000000PXF1,PARADAS,PARQUE FV PARADAS,Solar fotovoltaica,EBLCO,FPARADA,"3,0"
PARADEL,18W000000000F5OX,PARADELA,PE PARADELA,Eólica terrestre,ECYR,EREGPEV,"12,0"
PARAMO,18WPARAMO-1234-3,PARAMO,PE. PARAMO DE LOS ANGOSTILLOS,Eólica terrestre,EGED,EGREEN,"26,0"
PARCAS,18W000000000GEXL,PARCAS,FV PARCAS,Solar fotovoltaica,NEXU,FPARCAS,"33,1"
PARDINA,18WPARDINA-123-1,PARDINA,18WPARDINA-123-1,Fluyente,EGLE,HBARDE,"5,0"
PARDINE,18W000000000T9RX,PARDINE,PARDINE,Hidráulica - No UGH,DETIC,HYPARDI,"1,2"
PARED3,18W000000000SYXO,PARED3,UF SOLAR PARED 3,Solar fotovoltaica,NEXU,FPARED3,"42,0"
PARED4,18W000000000SYWQ,PARED4,UF SOLAR PARED 4,Solar fotovoltaica,NEXU,FPARED4,"42,0"
PARED5,18W000000000SYZK,PARED5,UF SOLAR PARED 5,Solar fotovoltaica,NEXU,FPARED5,"42,0"
PARED6,18W000000000SYVS,PARED6,UF SOLAR PARED 6,Solar fotovoltaica,NEXU,FPARED6,"42,0"
PARED7,18W000000000SYYM,PARED7,UF SOLAR PARED 7,Solar fotovoltaica,NEXU,FPARED7,"42,0"
PAREJ,18W000000000NVHB,PAREJ,PAREJ,Solar fotovoltaica,GNRA,FVGNRA,"2,5"
PARIDE,18W000000000IAJG,PARIDE,PARIDE,Eólica terrestre,EBLCO,EPARIDE,"23,1"
PARIZ,18WPARIZ-1234--T,PARIZ,PARIZ,Eólica terrestre,EGED,EGREEN,"19,2"
PARMADA,18WPARMADA-12-E8,PARMADA,P. E. PEÑA ARMADA,Eólica terrestre,ECYR,EEGPEM,"20,7"
PARQUE1,18W000000000TAXI,PARQUE1,UF SOLAR PARQUE1,Solar fotovoltaica,NEXU,FPRQUE1,"9,0"
PARQUE2,18W000000000SW86,PARQUE2,UF SOLAR PARQUE2,Solar fotovoltaica,NEXU,FPRQUE2,"8,0"
PASAJES,18W000000000K0VE,PASAJES,UF FOTOVOLTAICA PASAJESOL,Solar fotovoltaica,NEXU,FPSJESO,"10,0"
PASCUAL,18W000000000V735,PASCUAL,PASCUAL,Comercializadores mercado libre,EDPCL,EDPCR01,"1,0"
PASERT,18W0000000005SM8,PASERTEX,PASERTEX,Gas natural cogeneración,COGEN,AE12COG,"5,3"
PASTOR,18W000000000GB2I,PASTOR,P E PASTORIZA RODEIRO,Eólica terrestre,GNCO,EGASN2U,"48,5"
PATAMUL,18WPATAMUL-12-D9,PATAMUL,CEPM,Gas natural cogeneración,GNRA,TCEPMSI,"17,2"
PATRON,18W000000000SWOB,ES-PATRON,PARQUE EOLICO EL PATRON,Eólica terrestre,EBLCO,EPATRON,"24,0"
PAUL,18W000000000SELY,PAUL,PAUL,Eólica terrestre,REPSB,ESRQE,"46,8"
PAVISO,18W000000000S2SJ,PAVISO,PAVISO,Comercializadores mercado libre,ENDCO,ENDER01,"1,0"
PAXAMON,18WPAXAMON-12-EY,PAXAMON,P.E. PAXAREIRAS-MONTEVOS,Eólica terrestre,EGLE,EEPLLG,"39,6"
PAXAR2,18WPAXAR2-123-EG,PAXAR2,P.E. DE PAXAREIRAS II D Y E,Eólica terrestre,EGED,EPEAFG,"34,8"
PBAR,18W000000000SEI3,PBAR,PBAR,Eólica terrestre,REPSB,ECERRAG,"36,4"
PBCN1,18WPBCN1-1234-PG,PBCN1,PUERTO BARCELONA GRUPO 1,Ciclo combinado,GNCC,PBCN1,"434,8"
PBCN2,18WPBCN2-1234-P7,PBCN2,PUERTO BARCELONA GRUPO 2,Ciclo combinado,GNCC,PBCN2,"431,4"
PBILBAO,18WPBILBAO-12-EM,PBILBAO,PAR.EN. REN. PUERTO DE BILBAO,Eólica terrestre,EGED,EGREEN,"10,0"
PBLAN,18WPBLAN-1234-EJ,PBLAN,PBLAN,Eólica terrestre,EGED,EGREEN,"14,5"
PBLANCA,18WPBLANCA-12--T,PBLANCA,PBLANCA,Eólica terrestre,EGED,EGREEN,"36,4"
PCANADA,18WPCANADA-12-ED,PCANADA,POZO DE CAÑADA,Eólica terrestre,IBGES,EHIBGES,"24,4"
PCD1,18WPCD1-12345-A1,PICADAS 1,LAS PICADAS 1,Embalse,GNFG,UFTA,"12,1"
PCD2,18WPCD2-12345-AS,PICADAS 2,LAS PICADAS 2,Embalse,GNFG,UFTA,"12,2"
PCOG,18WPCOG-12345-DK,PCOG,P. COGENERACION SOGAMA,Gas natural cogeneración,WMARK,TSOGAM,"21,2"
PCOGEN,18WPCOGEN-123-DJ,PCOGEN,PENINSULAR COGENERACIÓN,Gas natural cogeneración,EGLE,TPCOGEN,"7,3"
PCON,18WPCON-12345-AU,PCONGOSTO,PUENTE CONGOSTO,Fluyente,ASIE,ASIDUE,"0,8"
PCRUZ,18WPCRUZ-1234-E3,PCRUZ,P.E PENA DA CRUZ Y AMPLIACIÓN,Eólica terrestre,IBGES,EHIBGES,"22,9"
PCUERVO,18WPCUERVO-123-O,PCUERVO,PARQUE EOLICO PEÑA DEL CUERVO,Eólica terrestre,WMARK,PEPCUER,"16,0"
PDIOS,18WPDIOS-12345-3,PDIOS,PARQUE EÓLICO PEÑAS DE DIOS I,Eólica terrestre,EGED,EMEDI1,"39,0"
PDIOS2,18WPDIOS2-1234-B,PDIOS2,PARQUE EÓLICO PEÑAS DE DIOS II,Eólica terrestre,EGED,EMEDI1,"28,5"
PDM1,18WPDM1-12345-A1,PDEMOUR 1,PORTODEMOUROS 1,Embalse,GNFG,UFGC,"44,0"
PDM2,18WPDM2-12345-AS,PDEMOUR 2,PORTODEMOUROS 2,Embalse,GNFG,UFGC,"44,1"
PDNSRAD,18W000000000V26E,PDNSRAD,PDNSRAD,Comercializadores mercado libre,ENEFI,ENEIR01,"1,0"
PDRNOSO,18W000000000SQEC,PDRNOSO,UF SOLAR EL PEDERNOSO,Solar fotovoltaica,NEXU,FERNOSO,"2,0"
PE1,18WPE1-123456-A7,PORTO,PORTO,Embalse,ENDG,SBEU,"17,3"
PEA1,18WPEA1-12345-AA,PEARES 1,LOS PEARES 1,Embalse,GNFG,UFMI,"59,9"
PEA2,18WPEA2-12345-A0,PEARES 2,LOS PEARES 2,Embalse,GNFG,UFMI,"60,3"
PEA3,18WPEA3-12345-AR,PEARES 3,LOS PEARES 3,Embalse,GNFG,UFMI,"60,6"
PEABIL,18W000000000IGVB,PEABIL,PE ABLITAS,Eólica terrestre,CEG,EABILI,"40,0"
PEACADE,18W000000000UNOU,PE CADEIRA,PE CADEIRA,Eólica terrestre,WMARK,NORVENT,"19,8"
PEACSER,18WPEACSER-123-D,PEACSER,PARQUE EÓLICO AMPLIACIÓN COVA,Eólica terrestre,GNCO,EGASNE0,"25,2"
PEALMAT,18W-PEALMAT-5--W,ALMATRET,P.E. ALMATRET,Eólica terrestre,WMARK,EFWMARK,"49,5"
PEANOIA,18WPEANOIA-123-Q,PEANOIA,PARQUE EOLICO ALTA ANOIA,Eólica terrestre,EGLE,EALTAN,"28,0"
PEARBO,18WPEARBO-1234-Y,PEARBO,18WPEARBO-1234-Y,Eólica terrestre,EGLE,EFERSA,"2,7"
PEARCAS,18W-PEARCAS-2--2,PEARCAS,P.E. SIERRA DE ARCAS,Eólica terrestre,HISPE,ESIERAR,"22,0"
PEAREII,18WPEAREII-123-K,PEAREII,PEAREII,Embalse,GNCO,HFGASN,"18,1"
PEBARA,18W000000000GTYB,PEBARA,P E BARASOAIN,Eólica terrestre,GNCO,EGASNE2,"36,3"
PEBARCH,18WPEBARCH-123-6,PEBARCH,PARQUE EOLICO BARCHIN,Eólica terrestre,WMARK,EFWMARK,"28,0"
PEBECE,18W000000000NPV1,PEBECERRIL,PARQUE EOLICO BECERRIL II-B,Eólica terrestre,CEG,EPEBECE,"31,0"
PECAMON,18WPECAMON-123-D,PECAMON,P.E. CARRASCALEJO-MONTE ALTO,Eólica terrestre,EBLCO,EECARAM,"15,0"
PECANRE,18WPECANRE-GU019,PECANREDON,P.E. CANREDONDO,Eólica terrestre,GNCO,EGASNE1,"28,0"
PECARAM,18WPECARAM-123-D,PECARAM,P.E. CARAMONTE,Eólica terrestre,EBLCO,EECARAM,"49,9"
PECHAN,18WPECHAN-123-E3,PECHAN,P.E. PEDRA CHANTADA,Eólica terrestre,EGED,EFEGEL2,"21,7"
PECHU,18W000000000D4JH,PE CHU,PE CHMILLAS,Eólica terrestre,GNRA,EOTMR,"50,0"
PECON,18WPECON-12345-S,PECON,UF  PARQUE EÓLICO LOS CONCEJIL,Eólica terrestre,FEN,EMFEN,"11,6"
PECORII,18WPECORII-123-M,PECORII,P.E.CORTIJO DE GUERRA II,Eólica terrestre,HISPE,ECORTG,"28,0"
PECORTI,18WPECORTI-123-8,PECORTI,P.E.CORTIJO GUERRA I(FASE 1),Eólica terrestre,EGLE,EPEPUR,"42,0"
PECOTER,18WPECOTER-123-A,PECOTER,P.E.EL COTEREJON,Eólica terrestre,CEG,EPECOTE,"18,0"
PECOUCE,18WPECOUCE-12-EG,PECOUCE,P. E. COUCEPENIDO,Eólica terrestre,ECYR,EREGPEM,"33,0"
PECOUTE,18WPECOUTE-123-9,PECOUTE,18WPECOUTE-123-9,Eólica terrestre,EGLE,EEOMAR,"7,8"
PECUEVA,18W000000000N3UW,PECUEVA,18W000000000N3UW,Eólica terrestre,EGLE,EBOREA,"100,0"
PED1,18WPED1-12345-AE,PEDRALBA 1,PEDRALBA 1,Fluyente,ASIE,ASIJUCA,"0,6"
PED2,18WPED2-12345-A4,PEDRALBA 2,PEDRALBA 2,Fluyente,ASIE,ASIJUCA,"0,3"
PEDHIVE,18W000000000SS4Q,PEDHIVE,PEDREGAL HIVE,Solar fotovoltaica,METEN,METEV05,"6,7"
PEDIX,18W000000000TV1J,PEDIX,PEDIX,Solar fotovoltaica,GNRA,UPPED,"3,7"
PEDMA,18W000000000JJ5D,PEDMA,PEDMA,Solar fotovoltaica,GNRA,FVGNRA,"1,0"
PEDRAJA,18W000000000RD6Y,PEDRAJA,LA PEDRAJA I,Solar fotovoltaica,WMARK,FVPEDRA,"3,2"
PEDREG,18W000000000NUZF,PEDREGALES,PE PEDREGALES,Eólica terrestre,EGED,EGREEN3,"18,0"
PEDREGA,18WPEDREGA-12--Y,PEDREGA,P.E. PEDREGOSO A,Eólica terrestre,ADXRE,WAUDAX,"15,0"
PEDREGB,18WPEDREGB-12--R,PEDREGB,P.E. PEDREGOSO B,Eólica terrestre,ADXRE,WAUDAX,"15,0"
PEDREGD,18WPEDREGD-12--D,PEDREGD,P.E. PEDREGOSO D,Eólica terrestre,ADXRE,WAUDAX,"15,0"
PEDREJ,18W000000000T5QA,PEDREJONES,PE PEDREJONES,Eólica terrestre,SHEEN,SHEPV33,"44,0"
PEDRERO,18WPEDRERO-12-E3,PEDRERO,PE PEDRERO,Eólica terrestre,GNCO,EGASNE0,"49,9"
PEDROL,18W000000000MHLC,PEDROL,PEDROL,Híbrida Renovable,NEXU,EHIBPED,"30,6"
PEDRON,18WPEDRON-1234-3,PEDRON,P.E. EL PEDRON,Eólica terrestre,HC G,HCGSCSA,"43,2"
PEDUENA,18WPEDUENA-12--M,PEDUENA,PEDUENA,Eólica terrestre,IBGES,EHIBGES,"3,4"
PEEEE,18WPEEEE-12345-2,PEEEE,PEEEE,Eólica terrestre,ECYR,EREGPEM,"32,0"
PEESA,18WPEESA-1234-EY,PEESA,PLANTA EOLICA EUROPEA,Eólica terrestre,ECYR,EEGPEM,"6,0"
PEFLOR,18W000000000TCWE,PEFLOR,FOTOVOLTAICA PEÑAFLOR,Solar fotovoltaica,METEN,METEV08,"100,0"
PEG112,18W000000000UHVY,PEG112,PEG112,Solar fotovoltaica,SOLRC,FPEG112,"67,0"
PEGALLE,18WPEGALLE-12-EA,PEGALLE,P. E. EL GALLEGO,Eólica terrestre,EGED,EGREEN,"24,0"
PEGNA01,18WPEGNA01-123-Y,P.E.PEÑA ,P.E. PEÑA I,Eólica terrestre,GNCO,EGASNE1,"16,0"
PEGNA02,18WPEGNA02-123-R,PEGNA02,P.E. PEÑA II,Eólica terrestre,ECYR,EEGPEM,"18,0"
PEIRIXO,18WPEIRIXO-123-U,PEIRIXO,PE.E IRIXO FASE I,Eólica terrestre,EGLE,EIRIXO,"19,8"
PEJAULI,18WPEJAULI-123-Y,PEJAULI,PE ID JAULIN,Eólica terrestre,WMARK,EFWMARK,"4,5"
PEJEREZ,18WPEJEREZ-123-W,PEJEREZ,P.E. JEREZ,Eólica terrestre,EBLCO,EEJEREZ,"42,5"
PEL1,18WPEL1-12345-A0,PELGO 1,EL PELGO 1,Embalse,GNRA,HMSRO,"0,1"
PEL2,18WPEL2-12345-AR,PELGO 2,EL PELGO 2,Embalse,GNRA,HMSRO,"0,3"
PELACAM,18WPELACAM-123-C,PELACAM,PE LA CAMARA,Eólica terrestre,WMARK,EFWMARK,"18,0"
PELALIN,18WPELALIN-123-8,PELALIN,18WPELALIN-123-8,Eólica terrestre,EGLE,EDEPON,"3,0"
PELBAR,18W000000000P1IH,PELBAR,PE LES BARRANCS,Eólica terrestre,GNCO,EGASN2U,"22,9"
PELMN,18W000000000V5XP,PELMN,PELMN,Solar fotovoltaica,GNRA,UPELM,"1,1"
PELOMAS,18WPELOMAS-12--B,PELOMAS,18WPELOMAS-12--B,Eólica terrestre,EBLCO,ERIANSA,"2,0"
PEMAMUT,18W000000000GDCT,PEMAMUT,18W000000000GDCT,Eólica terrestre,EGLE,EMAMUT,"2,4"
PEMIJAN,18WPEMIJAN-12--B,PEMIJAN,PE PENA MIJAN,Eólica terrestre,WMARK,EFWMARK,"6,0"
PEMNTJO,18WPEMNTJO-BU02S,PEMNTJO,P.E. MONTEJO DE BRICIA,Eólica terrestre,GNCO,EGASNE1,"13,6"
PEMUEL,18WPEMUEL-123-E2,PEMUEL,PEMUEL,Eólica terrestre,HISPE,EPEMUEL,"32,4"
PEMULTI,18W000000000NSP4,PEMULTI,PE MULTITECNOLOGIA,Eólica terrestre,CEG,EPMULTI,"36,0"
PEMUR,18W000000000D4KF,PE MURCIA,PE MURCIA,Eólica terrestre,GNRA,EOTMR,"37,6"
PEN1,18WPEN1-12345-AF,PEÑADRAD 1,PEÑADRADA 1,Embalse,ENDG,SBEU,"18,4"
PEN2,18WPEN2-12345-A5,PEÑADRAD 2,PEÑADRADA 2,Embalse,ENDG,SBEU,"19,7"
PENA,18WPENA-12345--L,PENADEGUI,PENADEGUI,Fluyente,IBEG,EBRA,"0,1"
PENAS3,18W000000000SXGO,FYIBCUR,"IB CUR  ( TARIFA, FOTOVOLTAICA",Solar fotovoltaica,ISMSL,PENAS3,"0,9"
PENAVA,18W000000000GB78,LA NAVA,PE LA NAVA,Eólica terrestre,NEXU,ENAVA,"17,1"
PENAZA,18W000000000RPJ9,PENAZA,UF SOLAR LA PEÑAZA,Solar fotovoltaica,NEXU,FPENAZA,"10,0"
PEND1S,18W000000000GP65,PENDIS,CH PENDIS,Fluyente,NEXU,HFNEXU,"1,2"
PENEDA,18WPENEDA-123-AY,PENEDA,C. H. PENEDA,Fluyente,EGLE,HGIES,"10,0"
PENINLA,18W000000000TZYF,PENINLA,PENINLA,Comercializadores mercado libre,EDPCL,EDPCR01,"1,0"
PENOUTA,18WPENOUTA-12-E9,PENOUTA,ELECTRA NORTE PENOUTA,Eólica terrestre,NEXU,ENOUTA,"5,9"
PENTA,18W000000000RH7K,PENTA,PENTA,Solar fotovoltaica,GNRA,FVGNRA,"1,1"
PENUCA,18WPENUCA-123-EN,PEÑUCA,P. E LA PEÑUCA,Eólica terrestre,CEG,EPENUCA,"33,0"
PEOCHAO,18WPEOCHAO-123-B,PEOCHAO,18WPEOCHAO-123-B,Eólica terrestre,EGLE,EARNO,"8,0"
PEOURA,18W000000000UJ80,EOL20,EOL MAYOR 1 MW,Eólica terrestre,FEN,TETFEN,"22,5"
PEOUROL,18WPEOUROL-123-K,PEOUROL,P.E.OUROL,Eólica terrestre,EGLE,EOUROL,"18,0"
PEPALOM,18WPEPALOM-123-Y,PEPALOM,P.E. PALOMAREJO,Eólica terrestre,WMARK,EPALOM,"30,0"
PEPRED,18W000000000P1JF,PEPRED,PE PUNTA REDONA,Eólica terrestre,GNCO,EGASN2U,"26,8"
PEQUINT,18WPEQUINT-123-V,PEQUINT,P.E. QUINTANILLA,Eólica terrestre,HC G,HCGSCSA,"20,0"
PER-CG,18W000000000U0E8,PER-CG,PER-CG,Comercializadores mercado libre,TGYE,TGYER01,"1,0"
PER-TS,18W000000000TV85,PER-TS,PER-TS,Comercializadores mercado libre,TGYE,TGYER01,"1,0"
PERAJ,18WPERAJ-12345-2,PERAJ,PARQUE EÓLICO PERALEJO FASE 1,Híbrida Renovable,EGED,EGREEN2,"42,5"
PERAPA,18W000000000UJAX,EOL PERAPA,EOL MAYOR 1 MW,Eólica terrestre,FEN,FARFEN,"22,0"
PERDIGU,18W000000000MJ43,PERDIGU,PERDIGUERA,Eólica terrestre,HC G,HCGSCSA,"22,0"
PERDON,18WPERDON-123-EB,PERDON,P. E. EL PERDÓN,Eólica terrestre,EGED,EGREEN,"20,0"
PERERU,18WPERERU-123-A0,PERERU,PERERU,Fluyente,IBGES,HFIBGES,"3,3"
PERIB,18W0000000006R2A,PERIB,PE RIBEIRO,Eólica terrestre,FEN,EGFEN,"7,2"
PERIX2,18W000000000TTZV,PERIX2,PERIX2,Solar fotovoltaica,GNRA,UPSON1,"2,0"
PERODEN,18W000000000P1HJ,PERODEN,PE RODEN,Eólica terrestre,EGLE,EEOLEX,"7,2"
PERUCHO,18WPERUCHO-123-9,PERUCHO,18WPERUCHO-123-9,Fluyente,EGLE,HPERUC,"1,3"
PERUELA,18W000000000T74B,PERUELA,UF SOLAR PALLERUELA,Solar fotovoltaica,NEXU,FPRUELA,"9,0"
PERUL,18WPERUL-1234-EV,PERUL,P. E. EL PERUL S.L.,Eólica terrestre,EGLE,ELBOGA,"49,6"
PES1,18WPES1-12345-AY,PESQUER 1,PESQUERUELA 1,Fluyente,ASIE,ASIDUE,"0,7"
PES2,18WPES2-12345-AO,PESQUER 2,PESQUERUELA 2,Fluyente,ASIE,ASIDUE,"0,7"
PESCAB,18W000000000V3XV,PESCAB,PESCAB,Comercializadores mercado libre,ENDCO,ENDER01,"1,0"
PESCAC,18W000000000TSGZ,PESCAC,PESCAC,Comercializadores mercado libre,ENDCO,ENDER01,"1,0"
PESCAP,18W000000000TSHX,PESCAP,PESCAP,Comercializadores mercado libre,ENDCO,ENDER01,"1,0"
PESCAX,18W000000000TSF0,PESCAX,PESCAX,Comercializadores mercado libre,ENDCO,ENDER01,"1,0"
PESIL,18WPESIL-1234-ET,PESIL,P.E. SIL,Eólica terrestre,IBGES,EHIBGES,"49,2"
PESLOA,18WPESLOA-1234-2,PESLOA,PARQUE EÓLICO SAN LORENZO A,Eólica terrestre,EGLE,EEPESLO,"48,7"
PESLOB,18WPESLOB-1234-V,PESLOB,PARQUE EÓLICO SAN LORENZO B,Eólica terrestre,EGLE,EEPESLO,"39,3"
PESTRIZ,18W000000000N3WS,PESTRIZ,18W000000000N3WS,Eólica terrestre,EGLE,EPTRIZ,"49,9"
PESURI,18WPESURI-1234-6,PESURI,P.E.PESUR I,Eólica terrestre,ECYR,EREGPES,"42,0"
PETAE,18W000000000D4LD,PE TARAZON,PE TARAZONA,Eólica terrestre,GNRA,LECDE,"9,6"
PETAHUN,18W000000000KZYE,PE TAHUNA,PE TAHUNA,Eólica terrestre,EBLCO,EETAHUN,"20,0"
PETELLA,18WPETELLA-123-L,PETELLA,PARQUE EÓLICO LA TELLA,Eólica terrestre,PEALT,EALTIPL,"50,0"
PETONA,18W000000000UJCT,EOL PETONA,EOL MAYOR 1 MW,Eólica terrestre,FEN,BREFEN,"2,9"
PETORSA,18WPETORSA-12--8,PETORSA,PETORSA,Eólica terrestre,EGED,EGREEN,"29,9"
PETRC01,18W-PETRC01-6--S,PETRC01,PETRC01,Comercializadores mercado libre,PESL,PETRC01,"2,5"
PEUADIX,18W000000000NXF9,PEUADIX,18W000000000NXF9,Eólica terrestre,EGLE,EACCIT,"3,4"
PEUNTAL,18WPEUNTAL-123-7,PEUNTAL,P.E. EL PUNTAL,Eólica terrestre,EGLE,EUNTAL,"26,0"
PEVALI,18W0000000008A3E,PEVALI,PE VALIENTE,Eólica terrestre,CEG,E1CEG,"20,0"
PEVALV,18W000000000SENU,PEVALV,PEVALV,Eólica terrestre,GNCO,EGASN2U,"49,5"
PEVIL1,18W000000000S8IL,PEVIL1,PEVIL1,Eólica terrestre,GNRA,UPVILLA,"48,3"
PEVIL2,18W000000000S8JJ,PEVIL2,PEVIL2,Eólica terrestre,GNRA,UPVILLA,"18,4"
PEZARZU,18WPEZARZU-123-M,PEZARZU,18WPEZARZU-123-M,Eólica terrestre,EGLE,ECYLEO,"41,8"
PEZORRE,18W000000000KZZC,PEZORRERAS,PE ZORRERAS,Eólica terrestre,EBLCO,EEZORRE,"20,0"
PFACINA,18WPUERTOFACINAL,PFACINA,P.E. PUERTO FACINAS,Eólica terrestre,NEXU,EFACINA,"12,0"
PFLOR3,18WPFLOR3-1234-T,PFLOR3,PE PEÑAFLOR 3,Eólica terrestre,IBGES,EHIBGES,"48,9"
PFLOR4,18WPFLOR4-1234-L,PFLOR4,PE PEÑAFLOR 4,Eólica terrestre,IBGES,EHIBGES,"48,9"
PFORCA,18W000000000GA2L,PFORCA,P E PEÑA FORCADA,Eólica terrestre,GNCO,EGASNE2,"7,2"
PGALLO,18WPGALLO-123-E2,PGALLO,PGALLO,Eólica terrestre,GNRA,EFGNRA,"24,4"
PGATO,18WPGATO-12345-4,PGATO,P.E. PEÑA DEL GATO,Eólica terrestre,ECYR,EREGPES,"50,0"
PGIDR1,18W000000000TSIV,PGIDR1,PGIDR1,Comercializadores mercado libre,ENDCO,ENDER01,"1,0"
PGIDR2,18W000000000TSJT,PGIDR2,PGIDR2,Comercializadores mercado libre,ENDCO,ENDER01,"1,0"
PGOM,18WPGOM-12345-AT,PIAGOMARTU,PIAGO DE MARTUL,Fluyente,WMARK,PGOM,"0,3"
PGORDO,18W000000000GEZH,PEROGORDO,FV PEROGORDO,Solar fotovoltaica,NEXU,FPEROGO,"38,7"
PGR5TG1,18WPGR5TG1-123-T,PGR5TG1,CC AS PONTES G.RODRI.G5 T.GAS1,Ciclo combinado,ENDG,PGR5,"276,6"
PGR5TG2,18WPGR5TG2-123-M,PGR5TG2,CC AS PONTES G.RODRI.G5 T.GAS2,Ciclo combinado,ENDG,PGR5,"276,3"
PGR5TV,18WPGR5TV-1234-A,PGR5TV,CC AS PONTES G.RODRI.G5 T.VAP.,Vapor,ENDG,PGR5,"302,7"
PGRANDE,18WPGRANDE-12-EM,PGRANDE,PEÑAS GRANDES,Eólica terrestre,IGNIS,EGVENTO,"14,4"
PIC1,18WPIC1-12345-AE,PICOAGA 1,PICOAGA 1,Fluyente,IBEG,EBRA,"0,2"
PIC2,18WPIC2-12345-A4,PICOAGA 2,PICOAGA 2,Fluyente,IBEG,EBRA,"0,2"
PICAL,18WPICAL-1234-EF,PICAL,PICAL,Eólica terrestre,EGED,EGREEN,"19,8"
PICAZO,18WPICAZO-1234-T,PICAZO,P.E. PICAZO,Eólica terrestre,ECYR,EEGPEM,"14,0"
PICOCOL,18WPICOCOLLALBA0,PICOCOL,P.E. PICO COLLALBAS,Eólica terrestre,IBGES,EHIBGES,"30,0"
PICON2,18W000000000FW5R,PICON2,ISFV PICON II,Solar fotovoltaica,GNCO,FGASNE2,"46,0"
PICON3,18W000000000FW4T,PICON3,ISFV PICON III,Solar fotovoltaica,GNCO,FGASNE2,"46,0"
PICONI,18W000000000FW1Z,PICONI,ISFV PICON I,Solar fotovoltaica,GNCO,FGASNE2,"46,0"
PIEDRA,18W000000000NQU0,PIEDRA,PE PIEDRAHITA,Eólica terrestre,HC G,HCGSIHA,"19,8"
PIEDRA2,18W000000000RB9Y,PIEDRA2,BECOSA FUENTE DE PIEDRA 2,Biomasa,EGLE,RFUENP,"8,0"
PIEDRAL,18WPIEDRAL-123-V,PIEDRAL,UF C.H. SALTO PIEDRALAVES,Fluyente,INTRA,HHTTRIN,"1,0"
PIEITOI,18WPIEITOI-123-K,PIEITOI,CENTRAL DE PIE DE PRESA DE ITO,Embalse,CEG,HHITOIZ,"28,6"
PIEROL,18WPIEROL-1234-Y,PIEROL,CERAM PIEROLA,Derivados del petróleo o carbón,CEG,TPIERO,"4,4"
PIEROLA,18W000000000TF6K,PIEROLA,VERTEDERO DE CAN MATA,Biogás,EGLE,RCESRE,"1,0"
PILAR,18WPILAR-1234-EA,PILAR,P. E. EL PILAR,Eólica terrestre,GNCO,EFPART,"15,0"
PILIX,18W000000000TUT3,PILIX,PILIX,Solar fotovoltaica,GNRA,UPSON2,"2,5"
PIN1,18WPIN1-12345-A4,PINTADO 1,PINTADO 1,Embalse,ENDG,GDLQ,"12,2"
PIN2,18WPIN2-12345-AV,PINTADO 2,PINTADO 2,Embalse,ENDG,GDLQ,"6,3"
PIN3,18WPIN3-12345-AL,PINTADO 3,PINTADO 3,Embalse,ENDG,GDLQ,"14,1"
PIN3B,18WPINTADOBOMBAB,PIN3B,CH PINTADO GRUPO 3 - BOMBEO,Consumo bombeo,ENDG,GDLQB,"14,4"
PINARNE,18W000000000VGIM,PINARNEGRI,PINARNEGRILLO-10MW,Solar fotovoltaica,ALDRO,PLENFV1,"7,8"
PINASBI,18W000000000UB8O,PINASBI,PINASA BIOMASA,Biomasa,EGLE,RPINA,"4,0"
PINCI,18W000000000T0CG,PINCI,PINCI,Fluyente,GNRA,HFGNRA,"2,3"
PINDC01,18W000000000R24Y,UP PINDO,UP PINDO PENINSULA,Comercializadores mercado libre,PINDO,PINDC01,"10,0"
PINGUIN,18W000000000R1RS,PINGUIN,PE PINTA Y GUINDALERA,Eólica terrestre,EGLE,EPRADA2,"100,0"
PINILLA,18WPINILLA-12-EI,PINILLA,PINILLA,Eólica terrestre,IBGES,EHIBGES,"22,9"
PINOSOF,18W000000000T5S6,PINOSO UF,PINOSO UF,Solar fotovoltaica,ISMSL,PINOSO,"4,5"
PINTA,18W000000000UEIW,PINTA,UF SOLAR LA PINTA,Solar fotovoltaica,NEXU,FPINTA,"1,3"
PINUS,18W000000000QAWW,PINUS,UF SOLAR PINUS,Solar fotovoltaica,NEXU,FABLITA,"2,0"
PIOCB,18W000000000RH9G,PIOCB,PIOCB,Solar fotovoltaica,GNRA,UPPIO,"8,5"
PIRACES,18W000000000T9AU,PIRACES,CH PIRACES,Hidráulica - No UGH,EGLE,HRIEAG,"1,3"
PISUC01,18W000000000SK69,PISUC01,PISUE UP,Comercializadores mercado libre,PISUE,PISUC01,"1,0"
PITIEGU,18W000000000R9ZP,PITIEGU,UF SOLAR PITIEGU,Solar fotovoltaica,NEXU,FPITIEG,"3,8"
PIZARR2,18W000000000SC8T,PIZARR2,PSF LA PIZARRA II,Solar fotovoltaica,WMARK,FPIZAII,"4,9"
PIZARRO,18W000000000N9F7,PIZARRO,FV FRANCISCO PIZARRO,Solar fotovoltaica,IBGES,FIBGEPI,"430,0"
PLA1,18WPLA1-12345-A0,PUENTELA 1,PUENTELARRA 1,Fluyente,IBEG,EBRA,"1,1"
PLA2,18WPLA2-12345-AR,PUENTELA 2,PUENTELARRA 2,Fluyente,IBEG,EBRA,"1,1"
PLA3,18WPLA3-12345-AH,PUENTELA 3,PUENTELARRA 3,Fluyente,IBEG,EBRA,"1,2"
PLABALS,18WPLABALS-12-EK,PLABALS,P.E. PLANA DE LA BALSA,Eólica terrestre,HISPE,RWESZN,"24,0"
PLADELA,18W000000000TPUG,PFONT,PLA DE LA FONT,Solar fotovoltaica,EPYM,EYPPV5,"2,4"
PLAEM,18WPLAEM-12345-1,PLAEM,P.E. PLA DEMBALAGUE,Eólica terrestre,MEDI,EMEDI,"37,5"
PLAFE1,18W000000000V3FU,PLAFE1,PLAFE1,Comercializadores mercado libre,ENDCO,ENDER01,"1,0"
PLAFER,18W000000000V3GS,PLAFER,PLAFER,Comercializadores mercado libre,ENDCO,ENDER01,"1,0"
PLAIMA,18W000000000V3EW,PLAIMA,PLAIMA,Comercializadores mercado libre,ENDCO,ENDER01,"1,0"
PLANA,18WPLANA-1234-AF,PLANA,PLANA,Fluyente,DETIC,HFPLANA,"5,0"
PLANA1,18WPLANA1-123-EK,PLANA1,PLANA1,Eólica terrestre,WMARK,EFWMARK,"4,1"
PLANA2,18WPLANA2-123-EC,PLANA2,P.E. LA PLANA II,Eólica terrestre,IBGES,EHIBGES,"16,5"
PLANA3,18WPLANA3-123-E4,PLANA3,P.E. LA PLANA III,Eólica terrestre,IBGES,EHIBGES,"21,0"
PLANAMA,18WPLANAMA-12-EI,PLANAMA,P.E. PLANA DE MARIA,Eólica terrestre,HISPE,RWESZN,"24,0"
PLASC01,18W-PLASC01-7--H,PLASPISA,INDUSTRIAS PLASTICAS DEL PISUE,Consumos directos en mercado,PLAS,PLASC01,"0,9"
PLASE1,18W000000000MHN8,PLASE1,PLASE1,Solar fotovoltaica,NEXU,FPLASE,"4,0"
PLASE2,18W000000000MHO6,PLASE2,PLASE2,Solar fotovoltaica,NEXU,FPLASE,"6,0"
PLASEN,18W000000000U2E2,PLASEN,PLASEN,Eólica terrestre,CEG,EPLASEN,"9,9"
PLASFO,18W000000000RCEL,PLASFO,UF SOLAR JUNEDA PLASOLFO,Solar fotovoltaica,NEXU,FJUNEDA,"1,7"
PLAST,18WPLAST-12345-K,PLAST,UNIDAD FISICA PLASTIVERD,Gas natural cogeneración,AME,TPLAST,"7,3"
PLATBIO,18WPLATBIO-123-C,PLATBIO,PLATBIO,Biomasa,EENER,RCMOVA,"6,0"
PLATC01,18W0000000006C3G,PLATC01,PLATC01,Consumos directos en mercado,PLATA,PLATC01,"0,6"
PLAZ2FV,18W000000000THHT,FV PLAZA2,FOTOVOLTAICA PLAZA2,Solar fotovoltaica,ELEIA,PLAZA2,"15,0"
PLAZARA,18WPLAZARA-12-E6,PLAZARA,P.E. PLANA ZARAGOZA,Eólica terrestre,HISPE,RWESZN,"24,0"
PLCFW,18W000000000RUE4,PLCFW,PLCFW,Solar fotovoltaica,GNRA,FVGNRA,"1,8"
PLEN1,18W000000000QT8N,PLEN1,PLEN1,Eólica terrestre,HISPE,EPLEN1,"48,1"
PLEZUZA,18WPLEZUZA-123-W,PLEZUZA,P.E. LEZUZA,Eólica terrestre,CEG,EELEZU,"25,0"
PLIAC01,18W000000000SRX8,UP SIMPLIA,UP SIMPLIA,Comercializadores mercado libre,SIMP,PLIAC01,"0,1"
PLLANO,18W000000000N1NF,PLLANO,HB PUERTOLLANO II,Solar fotovoltaica,IBGES,FBHIBHV,"80,0"
PLMMN,18W000000000UOH4,PLMMN,PLMMN,Solar fotovoltaica,GNRA,UPPAL,"2,7"
PLODOSO,18WPLODOSO-123-6,PLODOSO,PARQUE EÓLICO LODOSO,Eólica terrestre,EGLE,ELBOGA,"49,5"
PLZ1,18WPLZ1-12345-AL,PLAZACOLA,PLAZACOLA,Fluyente,BARER,BEREBRO,"0,2"
PMA1,18WPMA1-12345-AP,PEDROMAR 1,PEDRO MARIN 1,Fluyente,ENDG,GDLQ,"5,1"
PMA2,18WPMA2-12345-AF,PEDROMAR 2,PEDRO MARIN 2,Fluyente,ENDG,GDLQ,"7,8"
PMALAGA,18WPMALAGA-123-I,PMÁLAGA,PARQUE EÓLICO PUERTO DE MÁLAGA,Eólica terrestre,IBGES,EHIBGES,"12,0"
PMERE2,18W000000000QJTB,PMERE2,PE MERENGUE II,Eólica terrestre,GNCO,EGASN2U,"49,5"
PMEREN,18W000000000EZAC,MERENGUE,PARQUE EOLICO MERENGUE,Eólica terrestre,GNCO,EGASNE2,"39,3"
PMN1,18WPMN1-12345-AU,MONTAÑAN 1,PUENTE MONTAÑANA 1,Fluyente,ENDG,EBRFEN,"22,0"
PMN2,18WPMN2-12345-AK,MONTAÑAN 2,PUENTE MONTAÑANA 2,Fluyente,ENDG,EBRFEN,"22,0"
PMSU,18W000000000SWT1,PMSU,PMSU,Eólica terrestre,REPSB,ECERRAT,"15,0"
PNDERAS,18W000000000QQAS,PNDERAS,PANADERAS,Eólica terrestre,GESTE,EPDERAS,"45,0"
PNO1,18WPNO1-12345-A7,P.NOVO 1,PONTE NOVO 1,Fluyente,IBEG,SIL,"12,7"
PNO2,18WPNO2-12345-AY,P.NOVO 2,PONTE NOVO 2,Fluyente,IBEG,SIL,"13,0"
PNO3,18WPNO3-12345-AO,P.NOVO 3,PONTE NOVO 3,Fluyente,IBEG,SIL,"6,0"
PNO4,18WPNO4-12345-AE,P.NOVO 4,PONTE NOVO 4,Fluyente,IBEG,SIL,"6,2"
POB1,18WPOB1-12345-AR,POBLASEG 1,LA POBLA DE SEGUR GR. 1,Fluyente,NEXU,HPOBLA1,"6,5"
POB2,18WPOB2-12345-AH,POBLASEG 2,LA POBLA DE SEGUR GR. 2,Fluyente,NEXU,HPOBLA1,"6,5"
POBRADO,18WPOBRADO-123-Y,POBRADO,18WPOBRADO-123-Y,Eólica terrestre,CEG,E1CEG,"3,0"
POCICO,18W000000000M00V,POCICO,UF SOLAR POCICO SALAO,Solar fotovoltaica,NEXU,FPOCICO,"4,4"
POCILLO,18WPOCILLO-123-O,ALTPOCILLO,ALTO POCILLO,Eólica terrestre,MIRAS,EMIRASI,"4,0"
POINF,18W000000000D4MB,PONTE INFE,PONTE INFERNO,Fluyente,GNRA,HFGNRA,"4,2"
POL1104,18W000000000UI75,POL1104,POL1104,Solar fotovoltaica,SOLRC,FPOL104,"24,9"
POLAC01,18W000000000S15V,UP POLAR,UP PEN POLAR,Comercializadores mercado libre,POLAR,POLAC01,"0,1"
POLIT1,18W000000000V3ZR,POLIT1,POLIT1,Comercializadores mercado libre,ENDCO,ENDER01,"1,0"
POLLOS,18W000000000RTBD,POLLOS,UF SOLAR POLLOS,Solar fotovoltaica,NEXU,FPOLLOS,"8,1"
POLUX,18W000000000PSDK,POLUX,POLUX,Eólica terrestre,REPSB,EVIENG,"7,6"
POLYGE,18W000000000TSKR,POLYGE,POLYGE,Comercializadores mercado libre,ENDCO,ENDER01,"1,0"
POLYTY,18W000000000TSLP,POLYTY,POLYTY,Comercializadores mercado libre,ENDCO,ENDER01,"1,0"
PONCC01,18W0000000006S7Y,PONTS COM,PONTS COMERCIALITZADORA MUNICI,Comercializadores mercado libre,PONTC,PONCC01,"0,7"
PONIX,18W000000000P3GF,PONIX,PONIX,Solar fotovoltaica,GNRA,FVPON,"12,5"
PONT,18W000000000GPCU,PONT,CH PONT,Fluyente,NEXU,HFNEXU,"1,1"
PONXC01,18W-PONXC01-8--R,PONXC01,CONSUMO PONTEVEDRA,Consumos directos en mercado,ENCEG,PONXC01,"30,0"
POQ1,18WPOQ1-12345-AA,POQUEIRA 1,POQUEIRA 1,Fluyente,ENDG,GDLQ,"5,1"
POQ2,18WPOQ2-12345-A0,POQUEIRA 2,POQUEIRA 2,Fluyente,ENDG,GDLQ,"5,1"
POR1,18WPOR1-12345--L,PORTLUX 1,PORTLUX 1,Fluyente,ASIE,ASIJUCA,"0,5"
POR2,18WPOR2-12345-AQ,PORTLUX 2,PORTLUX 2,Fluyente,ASIE,ASIJUCA,"0,5"
PORCEL1,18W000000000TP8N,PORCEL1,PORCEL1,Gas natural cogeneración,DETIC,COGPOR1,"3,8"
PORCEL2,18W000000000TP9L,PORCEL2,PORCEL2,Gas natural cogeneración,DETIC,COGPOR2,"2,5"
PORTAC,18WPORTAC-123-EJ,PORTAC,P. E. EL PORTACHUELO,Eólica terrestre,HC G,HCGSIHA,"45,0"
PORTEL,18WPORTEL-1234-0,PORTEL,PORTEL,Eólica terrestre,IBGES,EHIBGES,"4,9"
PORTOLI,18WPORTOLI-123-N,PORTOLI,PORTOLIN,Fluyente,DETIC,HFDETIC,"1,5"
PORTOMO,18WPORTOMO-123-A,PORTOMO,PORTODEMOUROS,Fluyente,GNCO,HFGASN,"9,7"
POSOC01,18W000000000RAO7,ES-POWERSO,POWER SOLAR TRADE SL,Comercializadores mercado libre,POWED,POSOC01,"0,6"
POTEC01,18W0000000003PMP,POTENZIA ,POTENZIA COMERCIALZADORA SL,Comercializadores mercado libre,POTEN,POTEC01,"0,5"
POTRA,18WPOTRA-1234--B,POTRA,18WPOTRA-1234--B,Eólica terrestre,EGLE,EESBGG,"2,6"
POUSADO,18WPOUSADO-123-0,POUSADO,P.E. POUSADOIRO-FONSECA FASE I,Eólica terrestre,ECYR,EEGPEM,"23,5"
POVIX,18W000000000TGD3,POVIX,POVIX,Solar fotovoltaica,GNRA,FVGNRA,"1,0"
POWCP3,18W0000000000PBM,PM EXPORT,POWERMART EXPORT,Importación Francia,POWER,POWCP3,"300,0"
POWEC01,18W000000000H4Y8,PM RET BUY,POWERMART RETAIL BUY,Comercializadores mercado libre,POWER,POWEC01,"100,0"
POWRC01,18W000000000T51N,POWEC01,POWEC01,Comercializadores mercado libre,POWEE,POWRC01,"10,0"
POWSJ2,18W000000000O77P,POWSJ2,POWSJ2,Solar fotovoltaica,GNRA,UPOWER,"1,1"
POWVP3,18W0000000000PCK,POWERMART,POWERMART APS,Exportación Francia,POWER,POWVP3,"300,0"
POZALMU,18WPOZALMU-123-N,POZALMU,18WPOZALMU-123-N,Eólica terrestre,EGLE,EPOZAL,"1,5"
POZCB,18W000000000RWXY,POZCB,POZCB,Solar fotovoltaica,GNRA,FVGNRA,"2,9"
POZIX,18W000000000TVQ6,POZIX,POZIX,Solar fotovoltaica,GNRA,UPSON2,"3,0"
POZOC01,18W-POZOC01-7--T,POZO,POZO,Comercializadores mercado libre,POZO,POZOC01,"1,5"
PPE1,18WPPE1-12345-AJ,P.PEÑA 1,PUERTO PEÑA 1,Embalse,ENDG,GDNA,"18,2"
PPE2,18WPPE2-12345-A9,P.PEÑA 2,PUERTO PEÑA 2,Embalse,ENDG,GDNA,"18,2"
PPE3,18WPPE3-12345--L,P.PEÑA 3,PUERTO PEÑA 3,Embalse,ENDG,GDNA,"18,2"
PPIEDRA,18W000000000M815,PPIEDRA,UF SOLAR PUENTE DE PIEDRA,Solar fotovoltaica,NEXU,FPPIEDR,"2,2"
PPOLA,18WPPOLA-1234-EA,PPOLA,P. E. PLANAS DE POLA,Eólica terrestre,HC G,HCGSIH2,"35,6"
PPOZA1,18WPPOZA1-123-EV,PPOZA I,P. E. PARAMO DE POZA I,Eólica terrestre,IGNIS,EPPOZA,"48,9"
PPOZA2,18WPPOZA2-123-EN,PPOZA II,P. E. PARAMO DE POZA II,Eólica terrestre,IGNIS,EPPOZA,"48,7"
PQ1,18W000000000U2V5,PQ1,UF SOLAR PQ1,Solar fotovoltaica,NEXU,FSOLPQ1,"12,0"
PQSOLAR,18W000000000T6KJ,PQSOLAR,PSF PARQUESOLAR,Solar fotovoltaica,SOMEN,SENFV1,"2,4"
PRADC01,18W0000000002HQ8,PRADC01,PRADC01,Consumos directos en mercado,PRADO,PRADC01,"1,7"
PRADILL,18W000000000H80R,PRADILLO,PRADILLO,Eólica terrestre,IBGES,EHIBGES,"22,5"
PRADOS,18WPRADOS-1234-H,PRADOS,LOS PRADOS,Solar fotovoltaica,WMARK,FFWMARK,"1,2"
PRAEC01,18W000000000TFQH,PRAETIUM,PRAETIUM ENERGY,Comercializadores mercado libre,PRAET,PRAEC01,"0,1"
PRD1,18WPRD1-12345-A6,PRADA 1,PRADA 1,Embalse,ENDG,SBEU,"35,5"
PRD2,18WPRD2-12345-AX,PRADA 2,PRADA 2,Embalse,ENDG,SBEU,"35,2"
PRDLUN1,18W000000000OM9D,PRDO LUNA1,PRADO LUNA 1 SOLANA ENERGY SL,Solar fotovoltaica,CEG,FPLUNA1,"4,6"
PRDLUN2,18W000000000OMAB,PRDO LUNA2,PRADO LUNA2 STAR POWER ENERGY,Solar fotovoltaica,CEG,FPLUNA2,"4,6"
PRDLUN3,18W000000000OMB9,PRDO LUNA3,PRADO LUNA3 SUNNA POWER SL,Solar fotovoltaica,CEG,FPLUNA3,"4,6"
PRE1,18WPRE1-12345-AW,PONTREI 1,PONT DE REI GR.1 (ARTIES),Embalse,ENDG,EBRFEN,"22,8"
PRE2,18WPRE2-12345-AM,PONTREI 2,PONT DE REI GR.2 (ARTIES),Embalse,ENDG,EBRFEN,"22,8"
PREMB,18WPREMB-1234-D5,RE-97D-359,MB PAPELES ESPECIALES,Gas natural cogeneración,NEXU,TMBPE,"3,4"
PRENCI,18WPRENCI-123-E9,PRENCI,P. E. PREJANO-ENCISO,Eólica terrestre,IBGES,EMRIBGE,"29,7"
PREVOLT,18WPREVOLT-123-X,PREVOLT,P.E. PEÑA REVOLTA,Eólica terrestre,ECYR,EEGPEM,"14,0"
PRI1,18WPRI1-12345-AP,PRIAÑES 1,PRIAÑES 1,Fluyente,HC G,HCHI,"4,1"
PRI2,18WPRI2-12345-AF,PRIAÑES 2,PRIAÑES 2,Fluyente,HC G,HCHI,"4,1"
PRI3,18WPRI3-12345-A5,PRIAÑES 3,PRIAÑES 3,Fluyente,HC G,HCHI,"9,8"
PRIMORL,18W000000000F66T,PRIMORL,PRIMORAL,Eólica terrestre,ECYR,EEGPES,"34,6"
PRIOH,18W000000000QVKU,PRIOH,PRIOH,Solar fotovoltaica,GNRA,UPPRIOH,"42,0"
PROSC01,18W000000000M41H,PROSOL COM,PROSOL COMPRA,Comercializadores mercado libre,PROSA,PROSC01,"25,0"
PROTC01,18W-PROTC01-7--O,PROT,PROT ENERGIA COMERCIALIZACION,Comercializadores mercado libre,PROTC,PROTC01,"0,8"
PROVE1,18W000000000V3YT,PROVE1,PROVE1,Comercializadores mercado libre,ENDCO,ENDER01,"1,0"
PRTIDOR,18W000000000N68U,PRTIDOR,CH PARTIDOR,Fluyente,HC G,HCHI2,"0,5"
PRTREAL,18W000000000OOYV,PRTREAL,FV PUERTO REAL 2,Solar fotovoltaica,CEG,FPTREAL,"44,0"
PRVLC01,18W000000000VH4A,PRVLC01,PRVLC01,Comercializadores mercado libre,PRIMV,PRVLC01,"0,1"
PRY1,18WPRY1-12345-AY,PARAYA 1,LA PARAYA 1,Fluyente,REPSB,VIES,"1,4"
PRY2,18WPRY2-12345-AO,PARAYA 2,LA PARAYA 2,Fluyente,REPSB,VIES,"1,1"
PRZ1,18WPRZ1-12345-AN,PROAZA 1,PROAZA 1,Fluyente,HC G,HCHI,"24,7"
PRZ2,18WPRZ2-12345-AD,PROAZA 2,PROAZA 2,Fluyente,HC G,HCHI,"24,7"
PSAR,18W000000000S70N,PSAR,PSAR,Eólica terrestre,REPSB,ECERRAT,"50,0"
PSBUIX2,18W000000000U10X,PSBUIX2,PS SANT FELIU BUIXALLEU II,Solar fotovoltaica,INTRA,INTRE02,"3,5"
PSE1,18WPSE1-12345-AK,P.SEGURO 1,PUERTO SEGURO 1,Fluyente,IBEG,DUER,"0,2"
PSE2,18WPSE2-12345-AA,P.SEGURO 2,PUERTO SEGURO 2,Fluyente,IBEG,DUER,"0,3"
PSFAGA1,18W000000000SC40,PSFAGA1,PSF AGATHA,Solar fotovoltaica,WMARK,FPSFAGA,"40,8"
PSFART1,18W000000000SC5Z,PSFART1,PSF ARTEMISA,Solar fotovoltaica,WMARK,FPSFART,"40,8"
PSFBARG,18W000000000SXQ4,PSFBARG,PSF BARGAS,Solar fotovoltaica,EGLE,FGFBAR,"38,4"
PSFESM1,18W000000000SC6X,PSFESM1,PSF ESMERALDA,Solar fotovoltaica,WMARK,FPSFESM,"40,8"
PSFGES1,18W000000000SC16,PSFGES1,PSF GESTENIA,Solar fotovoltaica,WMARK,FPSFGES,"40,8"
PSFHER1,18W000000000SC7V,PSFHER1,PSF HERACLES,Solar fotovoltaica,WMARK,FPSFHER,"40,8"
PSFJAD1,18W000000000SC32,PSFJAD1,PSF JADE,Solar fotovoltaica,WMARK,FPSFJAD,"40,8"
PSFMONT,18W000000000SI7D,PSFMONT,FV MONTESUSIN,Solar fotovoltaica,WMARK,FFWMARK,"0,9"
PSFSES1,18W000000000SC24,PSFSES1,PSF SENEN,Solar fotovoltaica,WMARK,FPSFSES,"40,8"
PSMORON,18WPSMORON-123-V,PSMORON,PST MORON,Solar térmica,EGLE,SGTSMOR,"49,9"
PSOFSAX,18W000000000RKPC,SAX,PARQUESAX,Solar fotovoltaica,GESTE,FPSFSAX,"3,0"
PSOL,18W000000000PYQD,PSOL,FV PUERTA DEL SOL,Solar fotovoltaica,HISPE,FPSOL,"44,0"
PSR1,18WPSR1-12345-AP,P.SUERT 1,PONT DE SUERT 1,Fluyente,ENDG,EBRFEN,"7,7"
PSR2,18WPSR2-12345-AF,P.SUERT 2,PONT DE SUERT 2,Fluyente,ENDG,EBRFEN,"7,7"
PTEJADA,18WPTEJADA-12-ER,PTEJADA,18WPTEJADA-12-ER,Eólica terrestre,IGNIS,EGASUR,"9,6"
PTENC01,18W000000000O9RG,UP PTEN,UP PARATIENERGIA,Comercializadores mercado libre,PTENG,PTENC01,"0,1"
PTRESTE,18W000000000RFZ7,PTRESTE,PE TREST,Eólica terrestre,GNCO,EGASN2U,"30,0"
PUBIX1,18W000000000TV77,PUBIX1,PUBIX1,Solar fotovoltaica,GNRA,FVGNRA,"1,3"
PUBPT,18W000000000SFJZ,PUBPT,PUBPT,Solar fotovoltaica,GNRA,FVGNRA,"3,5"
PUCHERU,18WPEPUCHERUELO6,PUCHERU,PE PUCHERUELO FASE 2,Eólica terrestre,ECYR,EEGPEM,"22,9"
PUEBLA,18W000000000S7S4,PUEBLA,PUEBLA,Solar fotovoltaica,GAC,FPGAC,"1,7"
PUEBLAC,18W000000000RT9H,PUEBLAC,UF SOLAR PUEBLA DE CASTRO,Solar fotovoltaica,NEXU,FPCSTRO,"1,2"
PUENTEN,18WPUENTEN-123-J,PUENTEN,18WPUENTEN-123-J,Fluyente,EGLE,HMICAN,"2,7"
PUERTO,18WPUERTO-123-ES,PUERTO,PUERTO,Eólica terrestre,ECYR,EREGPEM,"25,0"
PUERTOB,18W000000000OKQM,TYLMER,CERÁMICA DOBON,Derivados del petróleo o carbón,LMER,PUERTOB,"0,8"
PUERTOR,18W000000000KBH9,PV PUERTOR,PV PUERTOREAL,Solar fotovoltaica,ADXRE,PREAL1,"110,0"
PUIC01,18W000000000MNDA,PUIC01,PUIC01,Consumos directos en mercado,TEXTB,PUIC01,"0,7"
PUIGPOR,18W000000000RSZ5,PUIGPOR,PUIGPORC,Solar fotovoltaica,RSPRA,FFRSPRA,"2,1"
PUJALT,18WPUJALT-1234-5,PUJALT,P.E PUJALT,Eólica terrestre,GNCO,EGASNE0,"42,0"
PUJAMA,18W000000000V40K,PUJAMA,PUJAMA,Comercializadores mercado libre,ENDCO,ENDER01,"1,0"
PUJAPI,18W000000000V41I,PUJAPI,PUJAPI,Comercializadores mercado libre,ENDCO,ENDER01,"1,0"
PULPAL,18WPULPAL-123-EI,PULPAL,PULPAL,Eólica terrestre,EGED,EGREEN,"17,2"
PULPUR,18W000000000V42G,PULPUR,PULPUR,Comercializadores mercado libre,ENDCO,ENDER01,"1,0"
PULSC01,18W-PULSC01-9--M,PULSAR,PULSAR SERVICIOS ENERGETICOS,Comercializadores mercado libre,PULSA,PULSC01,"0,1"
PUMAR,18WPUMAR-12345-F,PUMAR,P.E. BAOS Y PUMAR,Eólica terrestre,HC G,HCGSCSA,"39,9"
PUN1,18WPUN1-12345-A8,PUENTEN H1,PUENTE NUEVO 1 HIDRAUL.,Embalse,GNFG,UFTA,"6,5"
PUN2,18WPUN2-12345-AZ,PUENTEN H2,PUENTE NUEVO 1 HIDRAUL.,Embalse,GNFG,UFTA,"6,7"
PUN3,18WPUN3-12345-AP,PUENTEN H3,PUENTE NUEVO 1 HIDRAUL.,Embalse,GNFG,UFTA,"6,7"
PUNAGO,18WPUNAGO-123-EV,PUNAGO,P.E. PUNAGO,Eólica terrestre,EGED,EGREEN,"30,3"
PUNCB,18W000000000RH5O,PUNCB,PUNCB,Solar fotovoltaica,GNRA,FVGNRA,"3,0"
PUNIFA,18W000000000HK3M,PUNIFA,PUNIFA,Solar fotovoltaica,RSPRA,FFRSPRA,"1,6"
PUNPI,18W000000000NWMZ,PUNPI,PUNPI,Solar fotovoltaica,GNRA,FVGNRA,"4,8"
PUNTAL,18W000000000N1KL,PUNTAL,EL PUNTAL,Eólica terrestre,IBGES,EHIBGES,"15,0"
PURR,18WPURR-12345-A0,PURROY ,PURROY,Fluyente,ENDG,EBRACC1,"0,5"
PUYLOBO,18W000000000JUQC,PUYLOBO,PUYLOBO,Eólica terrestre,IBGES,EIBGENO,"48,5"
PVEGA,18WPVEGA-1234--H,PVEGA,P.E. PARAMO VEGA,Eólica terrestre,IBGES,EHIBGES,"18,0"
PVENT1,18WPVENT1-1234-X,PVENT1,PLANA DEL VENT1,Ciclo combinado,GNCC,PVENT1,"420,1"
PVENT2,18WPVENT2-1234-P,PVENT2,PLANA DEL VENT2,Ciclo combinado,HISPE,PVENT2,"414,0"
PVENT2X,18W-PVENT2X-5--M,PVENT2X,PVENT2X,Consumo de Servicios Auxiliares,HISPE,PVENT2X,"15,0"
PVESAIC,18WPVESAIC-123-P,PVESAIC,PLANTA DE VALORACIÓN ENERGET,Residuos varios,EGLE,RSAICA,"49,9"
PVPEDRE,18W000000000RMQ4,PVPEDRE,PVPEDRE,Solar fotovoltaica,EFG,UPGR031,"4,5"
PVVIDAL,18W000000000PHAM,PVVIDALUF,PVVIDALUF,Solar fotovoltaica,TSRDE,PVVIDAL,"2,4"
PWERSOL,18W000000000U1E5,PWERSOL,UF SOLAR POWERSOL,Solar fotovoltaica,NEXU,FWERSOL,"2,0"
PX31AV,18W000000000OSWN,PX31AV,PX31AV,Comercializadores mercado libre,FORTI,FORTR01,"1,0"
PX81BE,18W000000000SSG2,PX81BE,PX81BE,Comercializadores mercado libre,FORTI,FORTR01,"1,0"
PX81CB,18W000000000OSUR,PX81CB,PX81CB,Comercializadores mercado libre,FORTI,FORTR01,"1,0"
PX81PI,18W000000000OSVP,PX81PI,PX81PI,Comercializadores mercado libre,FORTI,FORTR01,"1,0"
PYCEUR,18WPYCEUR-123-DR,PYCEUR,18WPYCEUR-123-DR,Gas natural cogeneración,EGLE,TPYCE,"5,0"
PYCEUR2,18W0000000000QED,PYCEUR2,18W0000000000QED,Gas natural cogeneración,EGLE,TPYCE,"4,9"
PYRSA1,18W000000000S2TH,PYRSA1,PYRSA1,Comercializadores mercado libre,ENDCO,ENDER01,"1,0"
PZACB,18W000000000RHBC,PZACB,PZACB,Solar fotovoltaica,GNRA,FVGNRA,"1,1"
PZBCB,18W000000000RM2F,PZBCB,PZBCB,Solar fotovoltaica,GNRA,FVGNRA,"1,2"
PZCP,18WPZCP-12345-AE,POZOCAPITA,POZO CAPITAN,Fluyente,VIEG,PZCP,"0,1"
PZHCB,18W000000000RKV0,PZHCB,PZHCB,Solar fotovoltaica,GNRA,UPOZO,"3,5"
PZICUNA,18WPZICUNA-123-Z,PZICUNA,PAPELERA GUIPUZCOANA ZICUÑAGA,Gas natural cogeneración,EGLE,TPGUIZ,"48,6"
QAMAZ,18W000000000JJDY,QAMAZ,QAMAZ,Solar fotovoltaica,GNRA,FVGNRA,"3,0"
QEMADA,18W000000000UFPF,QEMADA,UF SOLAR CASAQUEMADA,Solar fotovoltaica,NEXU,FQEMADA,"41,5"
QENEC01,18W0000000008L6C,QUASAR,QUASAR ENERGIA,Comercializadores mercado libre,QENER,QENEC01,"0,1"
QIJOTE,18W000000000LFFY,QIJOTE,UF QUIJOTE,Solar fotovoltaica,NEXU,FQIJOTE,"10,0"
QLLKZ,18W000000000R1I9,QLLKZ,QLLKZ,Solar fotovoltaica,GNRA,UPQLL,"50,0"
QRN1,18WQRN1-12345-AV,QUEREÑO 1,QUEREÑO GR. 1,Embalse,ENDG,SBEU,"18,2"
QRN2,18WQRN2-12345-AL,QUEREÑO 2,QUEREÑO GR. 2,Embalse,ENDG,SBEU,"18,2"
QTNCB,18W000000000RHE6,QTNCB,QTNCB,Solar fotovoltaica,GNRA,FVGNRA,"1,5"
QTONV,18W000000000TMFI,QTONV,QTONV,Solar fotovoltaica,GNRA,FVGNRA,"4,0"
QUALC01,18W000000000P4VJ,QUALC01,QUANTUM COMERCIALIZADORA PENIN,Comercializadores mercado libre,QUANA,QUALC01,"1,0"
QUATC01,18W000000000OYIX,QUANTC01,QUANTICA COMERCIALIZADORA,Comercializadores mercado libre,QUANT,QUATC01,"1,0"
QUE1,18WQUE1-12345-AK,QUEILES 1,QUEILES I 1,Fluyente,ASIE,ASIEBR2,"0,2"
QUE2,18WQUE2-12345-AA,QUEILES 2,QUEILES I 2,Fluyente,ASIE,ASIEBR2,"1,0"
QUE3,18WQUE3-12345-A0,QUEILES 3,QUEILES II 1,Fluyente,IBEG,EBRA,"0,4"
QUE4,18WQUE4-12345-AR,QUEILES 4,QUEILES II 2,Fluyente,IBEG,EBRA,"0,4"
QUE5,18WQUE5-12345-AH,QUEILES 5,QUEILES II 3,Fluyente,IBEG,EBRA,"0,4"
QUEBRAD,18WQUEBRAD-12-AE,QUEBRAD,18WQUEBRAD-12-AE,Fluyente,EGLE,HBARLO,"2,3"
QUEMAD2,18W000000000R86C,QUEMAD2,LAS QUEMADAS,Solar fotovoltaica,WMARK,FQUEMA2,"10,0"
QUI1,18WQUI1-12345-AD,QUINTAN 1,QUINTANILLA ESCALADA 1,Fluyente,IBEG,EBRA,"0,3"
QUI2,18WQUI2-12345-A3,QUINTAN 2,QUINTANILLA ESCALADA 2,Fluyente,IBEG,EBRA,"0,3"
QUIJOT3,18W000000000R5W6,QUIJOT3,UF SOLAR EL QUIJOTE 3,Solar fotovoltaica,NEXU,FQIJOT3,"5,0"
QUIJOTE,18W000000000F6BJ,QUIJOTE,FV QUIJOTE,Solar fotovoltaica,ECYR,FREGPEM,"34,3"
QUIMICC,18W000000000S1YA,QUIMICC,QUIMICC,Comercializadores mercado libre,EBLCO,EBLCR01,"21,9"
QUINI,18W000000000LS97,QUINI SPV,LAS QUINIENTAS SPV,Solar fotovoltaica,SHEEN,SHEPV07,"90,7"
QUINTA2,18W000000000JGU9,QUINTA2,PE QUNITANILLA 2,Eólica terrestre,HC G,HCGSCSA,"10,0"
QUNT,18WQUNT-12345-AB,QUINTANA,QUINTANA,Fluyente,IBEG,EBRA,"7,6"
R000079,18WR000079-123-5,RE-000079,AGUAS DE VALLADOLID,Gas natural cogeneración,NEXU,TFNEXU,"2,7"
R000249,18WR000249-123-B,RE-000249,TARRIO,Fluyente,ECYR,HEGPE,"4,6"
R000251,18WR000251-123-M,RE-000251,LA CASTELLANA,Fluyente,NEXU,HFNEXU,"1,3"
R000287,18WR000287-123-U,RE-000287,HIDRENER,Fluyente,NEXU,HFNEXU,"1,8"
R000667,18WR000667-123-A,RE-000667,HIJOS DE JOSE BASSOLS,Fluyente,BECO,BECVH01,"1,4"
R000835,18WR000835-123-U,RE-000835,SALTO DEL MOLINO,Fluyente,NEXU,HFNEXU,"2,5"
R000837,18WR000837-123-G,RE-000837,SAN RAFAEL DE NAVALLANA,Fluyente,NEXU,HFNEXU,"4,2"
R000849,18W000000000IQFD,R000849,EOLICA SERRA DO CANDO,Eólica terrestre,NEXU,ESDCAND,"29,2"
R000850,18W000000000IQEF,R000850,EOLICA MONTE SEIXO,Eólica terrestre,NEXU,ESEIXO,"34,9"
R000855,18WR000855-123-E,R000855,R000855,Fluyente,EBLCO,HGDF01,"2,3"
R000856,18WR000856-123-7,R000856,R000856,Fluyente,EBLCO,HGDF01,"3,0"
R001000,18WR001000-123-3,R001000,R001000,Fluyente,EBLCO,HGDF01,"3,2"
R001001,18WR001001-123-X,R001001,R001001,Fluyente,EBLCO,HGDF01,"2,8"
R001002,18WR001002-123-Q,R001002,R001002,Fluyente,EBLCO,HGDF01,"3,6"
R001003,18WR001003-123-J,R001003,R001003,Fluyente,EBLCO,HGDF01,"4,8"
R001004,18WR001004-123-C,R001004,R001004,Fluyente,EBLCO,HGDF01,"1,4"
R001005,18WR001005-123-5,R001005,R001005,Fluyente,EBLCO,HGDF01,"1,4"
R001006,18WR001006-123-Z,R001006,R001006,Fluyente,EBLCO,HGDF01,"1,4"
R001008,18WR001008-123-L,R001008,R001008,Fluyente,EBLCO,HGDF01,"1,6"
R001009,18WR001009-123-E,R001009,R001009,Fluyente,EBLCO,HGDF01,"1,2"
R001010,18WR001010-123-W,R001010,R001010,Fluyente,EBLCO,HGDF01,"4,0"
R001011,18WR001011-123-P,R001011,R001011,Fluyente,EBLCO,HGDF01,"4,8"
R001012,18WR001012-123-I,R001012,R001012,Fluyente,EBLCO,HGDF01,"2,2"
R002032,18W000000000IQAN,R002032,EOLICA LA PLATA,Eólica terrestre,NEXU,EPLATA,"21,2"
R002395,18W000000000IQ8R,R002935,EOLICA SIERRA DE TRIGO,Eólica terrestre,NEXU,ETRIGO,"15,1"
R002635,18WR002635-123-S,EDAR RUBI,UTE PLANTA D ASSECATGE DE RUBI,Gas natural cogeneración,NEXU,TEDARUB,"6,1"
R003981,18W000000000IQ9P,R003981,EOLICA LA MUELA NORTE,Eólica terrestre,NEXU,EMUELA,"29,7"
R004036,18W000000000SD9O,R004036,UF EOLICA COMIOLICA,Eólica terrestre,NEXU,ECOMLIC,"36,0"
R00418,18W000000000OY4O,R00418,UF HIDRO LA PLANA,Fluyente,NEXU,HFNEXU,"1,1"
R004851,18WR004851-123-2,RE-004851,CH PEÑA DEL AGUILA,Fluyente,IGNIS,HAGUI,"1,6"
R006314,18W000000000IQCJ,R006314,EOLICA SERRA DA LOBA,Eólica terrestre,NEXU,EDALOBA,"36,0"
R007535,18W000000000IQDH,R007535,EOLICA EL SARDON,Eólica terrestre,NEXU,ESARDON,"25,5"
R009965,18W000000000IQGB,R009965,EOLICA EL CONJURO,Eólica terrestre,NEXU,ECONJUR,"17,0"
R011441,18W000000000IQH9,R011441,EOLICA VALDECONEJOS,Eólica terrestre,NEXU,EVDCONE,"32,3"
R023922,18W000000000IQL1,R023922,EOLICA LA CERRADILLA 2,Eólica terrestre,NEXU,ECERAD2,"22,0"
R023923,18W000000000IQJ5,R023923,EOLICA EL CARRASCAL 2,Eólica terrestre,NEXU,ECARRA2,"28,0"
R023925,18W000000000IQI7,R023925,EOLICA EL CARRASCAL,Eólica terrestre,NEXU,ECARRAI,"49,5"
R023926,18W000000000IQK3,R023926,EOLICA LA CERRADILLA,Eólica terrestre,NEXU,ECERADI,"49,5"
R057547,18WR057547-123-L,RE-057547,INVESIONES RECURSOS SOLARES,Solar fotovoltaica,NEXU,FFNEXU,"3,7"
R057548,18WR057548-123-E,RE-057548,INVERSIONES RECURSOS SOLARES,Solar fotovoltaica,NEXU,FFNEXU,"1,1"
R057852,18WR057852-123-L,RE-057852,RIOS ENERGOS,Solar fotovoltaica,NEXU,FFNEXU,"1,5"
R060380,18WR060380-123-4,R060380,CALASPARRA RENOVABLES SL,Solar fotovoltaica,GNRA,FSPARRA,"6,0"
R060381,18WR060381-123-Y,RE-060381,CALASPARRA RENOVABLES SL,Solar fotovoltaica,GNRA,FSPARRA,"6,0"
R061001,18WR061001-123-4,RE-061001,PROYECTOS CASTELLANOS,Solar fotovoltaica,NEXU,FFNEXU,"1,3"
R061778,18WR061778-123-L,RE-061778,SAN CLEMENTE SOLAR,Solar fotovoltaica,NEXU,FSANCTE,"5,0"
R061779,18WR061779-123-E,RE-061779,SAN CLEMENTE SOLAR,Solar fotovoltaica,NEXU,FFNEXU,"5,0"
R064483,18WR064483-123-8,R064483,FOT MEJORADA,Solar fotovoltaica,NEXU,FGAMNSA,"1,5"
R065394,18WR065394-123-T,RE-065394,RURAL SERV. Y TRAMITACIONES,Solar fotovoltaica,NEXU,FFNEXU,"3,8"
R066502,18WR066502-123-D,R066502,INFRACLASS RENEWABLES SPAIN SL,Solar fotovoltaica,NEXU,FINFREN,"6,7"
R066886,18WR066886-123-5,R066886,CONVERTIDOR SOLAR SESENTASEIS,Solar fotovoltaica,NEXU,FCONV61,"7,2"
R067048,18WR067048-123-B,R067048,ASSET SESTRA SOLAR SA,Solar fotovoltaica,NEXU,FASSEST,"7,5"
R067049,18WR067049-123-4,R067049,ASSET ENERGIA SOLAR SA,Solar fotovoltaica,NEXU,FASSENE,"7,0"
R067050,18WR067050-123-M,R067050,ASSET LOGISTIC SOLAR,Solar fotovoltaica,NEXU,FASSLOG,"7,0"
R067929,18WR067929-123-D,R067929,CASTILLEJA ENERGIA.,Solar fotovoltaica,NEXU,FCASTJA,"9,8"
R069263,18WR069263-123-T,RE-069263,I.F ATZENETA TRES,Solar fotovoltaica,NEXU,FFNEXU,"1,5"
R069924,18WR069924-123-S,RE-069924,ACTIU BERBEGAL Y FORMAS,Solar fotovoltaica,NEXU,FFNEXU,"1,9"
R072271,18WR072271-123-K,RE-072271,EL ESTERO SOLAR,Solar fotovoltaica,NEXU,FFNEXU,"4,4"
R072801,18WR072801-123-M,RE-072801,DISOLARFV PORTILLO,Solar fotovoltaica,NEXU,FFNEXU,"1,2"
R073084,18WR073084-12--B,RE-073084,SOLCAT ENERGIA,Solar fotovoltaica,NEXU,FFNEXU,"1,2"
R075266,18WR075266-123-0,RE-057266,FOTOVOLTAICA MADRIGAL,Solar fotovoltaica,NEXU,FFNEXU,"1,7"
R075839,18WR075839-123-N,RE-075839,VEGASVER,Biogás,TRADB,TYTRDB,"2,5"
R100197,18WR100197-123-J,RE-100197,ACTIU BERBEGAL Y FORMAS,Solar fotovoltaica,NEXU,FFNEXU,"1,5"
R100198,18WR100198-123-C,RE-100198,ACTIU BERBEGAL Y FORMAS,Solar fotovoltaica,NEXU,FFNEXU,"1,5"
R100228,18WR100228-123-M,RE-100228,AGUAS DE VALLADOLID,Biogás,NEXU,RFNEXU,"1,3"
R100293,18WR100293-123-1,RE-100293,TABLEROS GARFER,Gas natural cogeneración,NEXU,TGARFER,"3,6"
R100336,18WR100336-123-J,RE-100336,"GLORIA SOLAR, LTD",Solar fotovoltaica,NEXU,FFNEXU,"1,9"
R100591,18WR100591-123-P,RE-100591,PARQUE ARAGON U.T.E,Solar fotovoltaica,NEXU,FFNEXU,"2,0"
R101169,18WR101169-123-J,RE-110169,MONZINIMAN XXI,Solar fotovoltaica,NEXU,FFNEXU,"1,1"
R101887,18WR101887-123-S,RE-101887,GESTION CUBIERTAS SOLARES,Solar fotovoltaica,NEXU,FCABLDO,"2,0"
R102343,18WR102343-123-C,R102343,AAVYC GESTION 2000 SL,Solar fotovoltaica,NEXU,FAAVYC,"5,7"
R102344,18WR102344-123-5,R102344,UF SOLAR RE-102344,Solar fotovoltaica,NEXU,FAAVYC,"4,9"
R102793,18WR102793-123-A,RE-102793,FORMACION PARA LA PROYECCION,Solar fotovoltaica,NEXU,FFNEXU,"1,1"
R103299,18WR103299-123-3,RE-103299,MONTESOLAICA X,Solar fotovoltaica,NEXU,FFNEXU,"5,0"
R103347,18WR103347-123-B,RE-103347,INICIATIVAS SOLARES ANDALUZAS,Solar fotovoltaica,NEXU,FFNEXU,"1,8"
R104077,18WR104077-123-4,RE-104077,SOLARPARK SPANIEN 16,Solar fotovoltaica,NEXU,FFNEXU,"1,2"
R104208,18WR104208-123-Z,RE-104208,NET ENVIRONMENT,Solar fotovoltaica,NEXU,FFNEXU,"2,0"
R104436,18WR104436-123-7,R104436,PARQUE SOLAR  VERILLEJA I,Solar fotovoltaica,NEXU,FSCASTU,"9,9"
R104628,18WR104628-123-K,R104628,DESARROLLOS ENERGETICOS SOLARE,Solar fotovoltaica,NEXU,FDESENE,"6,8"
R104679,18WR104679-123-A,RE-104679,RINGSTED PV XI,Solar fotovoltaica,NEXU,FABACUS,"1,5"
R105284,18WR105284-123-Q,R105284,PARQUE SOLAR  VERILLEJA II,Solar fotovoltaica,NEXU,FSCASTU,"9,9"
R105502,18WR105502-123-3,RE-105502,CARPIO FOTOVOLTAICA,Solar fotovoltaica,NEXU,FFNEXU,"3,4"
R105666,18WR105666-123-T,RE-105666,ALINA SOLAR,Solar fotovoltaica,NEXU,FFNEXU,"1,8"
R105667,18WR105667-123-M,RE-105667,ALINA SOLAR,Solar fotovoltaica,NEXU,FFNEXU,"1,7"
R105788,18WR105788-123-R,RE-105788,AR ZORITA SOLAR,Solar fotovoltaica,NEXU,FFNEXU,"2,0"
R105957,18WR105957-123-3,RE-105957,GRUPO SOLAR BASICO DELTA 2,Solar fotovoltaica,NEXU,FFNEXU,"1,6"
R106094,18WR106094-123-Q,RE-106094,PROMOC. FOTOV. BETULA,Solar fotovoltaica,NEXU,FBETULA,"7,4"
R106095,18WR106095-123-J,RE-106095,PROMOC. FOTOV. CASTANEA,Solar fotovoltaica,NEXU,FCTANEA,"2,0"
R106096,18WR106096-123-C,RE-106096,PROMOC. FOTOV. CORYLUS,Solar fotovoltaica,NEXU,FCRYLUS,"2,0"
R106097,18WR106097-123-5,RE-106097,PROMOCIONES FOT. FAGUS,Solar fotovoltaica,NEXU,FPFAGUS,"1,4"
R10618,18W0000000009REB,RE106189,ISF DAGANZO,Solar fotovoltaica,NEXU,FFNEXU,"1,9"
R106200,18WR106200-123-Y,RE-106200,C2C INVERPARK I,Solar fotovoltaica,NEXU,FFNEXU,"2,0"
R106557,18WR106557-123-T,RE-106557,PROJECT GRIÑON,Solar fotovoltaica,NEXU,FCLASA,"1,1"
R106912,18WR106912-123-N,RE-106912,BROTOS GESTIONA,Solar fotovoltaica,NEXU,FFNEXU,"1,0"
R106990,18WR106990-123-A,RE-106990,PARQUE FOTOV. TARACENA,Solar fotovoltaica,NEXU,FFNEXU,"3,0"
R107649,18W000000000M3GR,FV BANY16,FV BANYERES 1600,Solar fotovoltaica,DREUA,FDREU07,"1,6"
R10776,18W0000000009RF9,RE107767,ISF MECO,Solar fotovoltaica,NEXU,FFNEXU,"2,0"
R107768,18WR107768-123-N,RE-107768,CONSULTAS Y ASESORAMIENTOS,Solar fotovoltaica,NEXU,FFNEXU,"1,4"
R107776,18WR107776-123-T,RE-10776,PUERTO REAL FV,Solar fotovoltaica,NEXU,FFNEXU,"1,5"
R107928,18WR107928-123-0,R107928,ZARZA M SOLAR SLU,Solar fotovoltaica,NEXU,FZARZMS,"7,0"
R108502,18WR108502-123-A,RE-108502,SAJA RENOVABLES,Solar fotovoltaica,NEXU,FFNEXU,"1,2"
R108503,18WR108503-123-3,RE-108503,SAJA RENOVABLES,Solar fotovoltaica,NEXU,FFNEXU,"1,2"
R109231,18WR109231-123-A,RE-109231,E. RENOV. DEL MAR MENOR,Solar fotovoltaica,NEXU,FFNEXU,"2,0"
R109313,18WR109313-123-3,R109313,MONTILLA FOTOVOLTAICA,Solar fotovoltaica,NEXU,FMONTFV,"7,1"
R109391,18WR109391-123-R,RE-109391,FOTOSOLARIUM 61,Solar fotovoltaica,NEXU,FFNEXU,"2,0"
R109450,18WR109450-123-K,RE-109450,CANTILLANA FOTOVOLTAICA,Solar fotovoltaica,NEXU,FFNEXU,"3,7"
R109455,18WR109455-123-M,RE-109455,VALFONDO DESARROLLOS,Solar fotovoltaica,NEXU,FFNEXU,"1,2"
R109584,18WR109584-123-X,RE-109584,SAJA RENOVABLES,Solar fotovoltaica,NEXU,FFNEXU,"1,2"
R109850,18WR109850-123-L,RE-109850,CUBIERTAS SOLARES PARKING VA,Solar fotovoltaica,NEXU,FFNEXU,"2,0"
R109856,18WR109856-123-G,RE-109856,CUBIERTAS SOLARES MONTAJE VA,Solar fotovoltaica,CYE,FFCYEES,"2,0"
R110022,18WR110022-123-Y,RE-110022,UNIBAIL RODAMCO INVERSIONES,Gas natural cogeneración,NEXU,TFNEXU,"1,0"
R110167,18WR110167-123-W,RE-110167,MONZINIMAN XXI,Solar fotovoltaica,NEXU,FFNEXU,"1,7"
R110168,18WR110168-123-P,RE-110168,MONZINIMAN XXI,Solar fotovoltaica,NEXU,FFNEXU,"1,0"
R110205,18WR110205-123-B,RE-110205,ISA EOLICAS,Solar fotovoltaica,NEXU,FFNEXU,"3,6"
R110262,18WR110262-123-L,RE-110262,CUBIERTAS SOLARES PALENCIA 1,Solar fotovoltaica,NEXU,FFNEXU,"2,0"
R110362,18WR110362-123-C,R110362,FV 2000 IKEA JEREZ,Solar fotovoltaica,NEXU,FFNEXU,"2,0"
R110417,18WR110417-123-8,R110417,FOTOSOLARIUM 10 SL,Solar fotovoltaica,NEXU,FSARIUM,"6,3"
R110718,18WR110718-123-B,RE-110718,ESF SPANIEN 0427,Solar fotovoltaica,NEXU,FFNEXU,"1,0"
R110912,18W000000000SIV2,R110912,UF SOLAR R110912,Solar fotovoltaica,NEXU,FCELEO,"2,0"
R110961,18WR110961-123-2,RE-110961,BECERRO SOLAR,Solar fotovoltaica,NEXU,FFNEXU,"2,8"
R110986,18WR110986-123-P,R110986,IKEA VALLS DC 1,Solar fotovoltaica,NEXU,FFNEXU,"2,0"
R110987,18WR110987-123-I,R110987,IKEA VALLS DC 2,Solar fotovoltaica,NEXU,FFNEXU,"2,0"
R111020,18WR111020-123-1,R111020,FV IKEA MALAGA,Solar fotovoltaica,NEXU,FFNEXU,"2,0"
R111158,18WR111158-123-N,RE-111158,MIRALBAIDA ENERGIA VIII,Solar fotovoltaica,NEXU,FFNEXU,"1,2"
R111236,18WR111236-123-7,RE-111236,SOLNUEVE INFRAESTRUCTURAS,Solar fotovoltaica,NEXU,FAIRM1,"2,0"
R111237,18WR111237-123-0,RE-111237,SOLNUEVE INFRAESTRUCTURAS,Solar fotovoltaica,NEXU,FAIRM2,"2,0"
R111364,18W000000000APAL,RE-111364,FV MISTRAL,Solar fotovoltaica,DREUA,F1DREUA,"1,7"
R111696,18W000000000IQNY,R111696,UF VILLENA,Solar térmica,NEXU,STVILLE,"49,9"
R11257,18W00000000073UM,R112578,ALCARREÑAS,Solar fotovoltaica,NEXU,FYUNQUE,"1,1"
R11289,18W000000000G55U,R112890,FV FERNANDINA,Solar fotovoltaica,NEXU,FFERNAN,"45,8"
R112946,18W000000000GKNN,R112946,GOYA1,Eólica terrestre,EBLCO,EEBLCO1,"33,0"
R112947,18W000000000GKOL,R112947,GOYA3,Eólica terrestre,EBLCO,EEBLCO2,"33,0"
R112948,18W000000000GKPJ,R112948,GOYA2,Eólica terrestre,EBLCO,EEBLCO1,"30,0"
R112949,18W000000000GKQH,R112949,GOYA4,Eólica terrestre,EBLCO,EEBLCO2,"38,3"
R112986,18W000000000GKRF,SENECA,SENECA,Solar fotovoltaica,EBLCO,FEBLCO4,"38,9"
R113050,18W000000000H4Z6,R113050,PARQUE ELICO LA ESTANCIA,Eólica terrestre,EBLCO,EEBLC11,"7,8"
R113081,18W000000000HJ0V,R113081,PARQUE ELICO CAACOLOMA,Eólica terrestre,EBLCO,EEBLC13,"20,9"
R113082,18W000000000HIZ1,R113082,PARQUE ELICO EL SASO,Eólica terrestre,EBLCO,EEBLC12,"17,5"
R113084,18W000000000HIW7,R113084,PARQUE ELICO SIERRA DE LUNA,Eólica terrestre,EBLCO,EEBLC14,"17,5"
R113142,18W000000000IUW4,ESCALARETA,LA ESCALARETA II,Eólica terrestre,EBLCO,EEBLC17,"23,6"
R113324,18W000000000KQF5,R113324,PE SOLIEDRA,Eólica terrestre,IGNIS,UPSOLI,"21,0"
R113352,18W000000000L0E7,R113352,PE BARRAX NORTE-SUR,Eólica terrestre,EBLCO,EEBLC19,"40,0"
R113371,18W000000000L8RV,R113371,CHINCHILLA DE MONTEARAGON,Eólica terrestre,EBLCO,EEBLC20,"27,3"
R113993,18W000000000RITA,R113993,UF SOLAR TRUCHA,Solar fotovoltaica,NEXU,FTRUCHA,"33,0"
R114294,18W000000000QCHJ,R114294,UF SOLAR MARPANI,Solar fotovoltaica,NEXU,FMRPANI,"42,2"
R114575,18W000000000RJ1Q,R114575,UF SOLAR LENTISCO,Solar fotovoltaica,NEXU,FLNTSCO,"5,0"
R114767,18W000000000RGE9,R114767,UF SOLAR ALYA,Solar fotovoltaica,NEXU,FVALYA,"41,0"
R114792,18W000000000RIX2,R114792,UF SOLAR CAPILLA,Solar fotovoltaica,NEXU,FCPILLA,"42,0"
R114799,18W000000000RIV6,R114799,UF SOLAR LAS MULAS,Solar fotovoltaica,NEXU,FLMULAS,"19,2"
R114812,18W000000000RJ4K,R114812,UF SOLAR CALATRAVA 2,Solar fotovoltaica,NEXU,FCTRAV2,"41,0"
R1O4580,18W000000000MHBW,RE-104580,UF SOLAR RE-104580,Solar fotovoltaica,NEXU,FPHLIPS,"1,2"
R1O4581,18W000000000MH81,RE-104581,UF SOLAR RE-104581,Solar fotovoltaica,NEXU,FFNEXU,"2,0"
R1O7032,18W000000000MHAY,RE-107032,UF SOLAR RE-107032,Solar fotovoltaica,NEXU,FFNEXU,"2,0"
R436-29,18W000000000IQBL,R436-29,EOLICA EL REDONDAL,Eólica terrestre,NEXU,EREDON,"30,6"
R63672,18W000000000MH73,RE-063672,UF SOLAR RE-063672,Solar fotovoltaica,NEXU,FALBESA,"2,2"
R63984,18W000000000M16G,R63984,UF SOLAR HELIOS1,Solar fotovoltaica,NEXU,FHELIO1,"10,0"
R66288,18W000000000M19A,HELIOS 2,UF SOLAR HELIOS2,Solar fotovoltaica,NEXU,FHELIO2,"10,0"
R96F165,18WR96F165-123-4,RE-96F-165,LA ELECTRICA DE RIPOLL,Fluyente,NEXU,HFNEXU,"1,0"
R96F343,18WR96F343-123-G,RE-96F-343,HIDROELECTRICA DEL GUADALOPE,Fluyente,NEXU,HFNEXU,"2,8"
R97D339,18WR97D339-123-S,R97D339,SOLVAY II,Gas natural cogeneración,REPSB,TSOLVAY,"42,0"
R99D578,18W000000000OIQS,R99D578,UF COG CHAPELA,Derivados del petróleo o carbón,NEXU,TCHAPEL,"2,9"
R99D579,18WR99D579-123-U,RE-99D-579,"ECOWARM DE GALICIA, S.L",Derivados del petróleo o carbón,NEXU,TDNEXU,"4,3"
R99D631,18WR99D631-123-Z,RE-99D-631,"KAUMAN, S.A",Derivados del petróleo o carbón,NEXU,TDNEXU,"2,7"
RABIA,18W-RABIA-448--M,RABIA,P.E. LA RABIA,Eólica terrestre,GNCO,EGASNE0,"21,7"
RABIDA2,18WRABIDA2-123-A,RABIDA2,COGENERACION LA RABIDA II,Gas natural cogeneración,CEPSA,RABIDA2,"49,4"
RABINAL,18WRABINAL-12-ES,RABINAL,P. E. RABINALDO,Eólica terrestre,HC G,HCGSCSA,"9,0"
RAC1,18WRAC1-12345-AA,RACIONER 1,RACIONEROS 1,Fluyente,ENDG,GDLQ,"1,1"
RAC2,18WRAC2-12345-A0,RACIONER 2,RACIONEROS 2,Fluyente,ENDG,GDLQ,"1,1"
RADONA1,18WRADONA1-123-U,PERADONA1,PARQUE EÓLICA RADONA 1,Eólica terrestre,IBGES,EHIBGES,"24,0"
RADONA2,18WRADONA2-123-N,PERADONA2,PARQUE EÓLICA RADONA 2,Eólica terrestre,IBGES,EHIBGES,"32,0"
RANCHOF,18W000000000RV3N,FGST145,FGST145,Solar fotovoltaica,GESTE,FGST145,"40,0"
RANCHOV,18WRANCHO-VIEJOH,RANCHOV,P.E. RANCHO VIEJO,Eólica terrestre,NEXU,ERANCHO,"14,4"
RAVAGO,18W000000000V43E,RAVAGO,RAVAGO,Comercializadores mercado libre,ENDCO,ENDER01,"1,0"
RBD1,18WRBD1-12345-AO,RIBADELA 1,RIBADELAGO 1,Embalse,ENDG,TEES,"1,3"
RBD2,18WRBD2-12345-AE,RIBADELA 2,RIBADELAGO 2,Embalse,ENDG,TEES,"11,3"
RBD3,18WRBD3-12345-A4,RIBADELA 3,RIBADELAGO 3,Embalse,ENDG,TEES,"11,3"
RBD4,18WRBD4-12345-AV,RIBADELA 4,RIBADELAGO 4,Embalse,ENDG,TEES,"11,3"
RBDLAGO,18W000000000T775,RBDLAGO,UF SOLAR RIBADELAGO,Solar fotovoltaica,NEXU,FRBDLAG,"31,3"
RBE1,18WRBE1-12345-AD,RIBESALB 1,RIBESALBES 1,Fluyente,IBEG,JUCA,"3,5"
RBE2,18WRBE2-12345-A3,RIBESALB 2,RIBESALBES 2,Fluyente,IBEG,JUCA,"3,5"
RBSERA,18WRBSERA-123-E3,RBSERA,RBSERA,Híbrida Renovable,HC G,HIBSHA2,"38,6"
RCABELL,18WRCABELL-123-M,RCABELL,P. E. RINCON DEL CABELLO,Eólica terrestre,EGED,EGREEN1,"40,0"
RCAFW,18W000000000QYLJ,RCAFW,RCAFW,Solar fotovoltaica,GNRA,FVGNRA,"5,1"
RCH1,18W000000000RJD2,RCH1,LA ROCHA I,Eólica terrestre,REPSB,EROCH,"45,0"
RCH2,18W000000000RG4T,ROCHA 2,ROCHA 2,Eólica terrestre,REPSB,EROCH,"35,0"
RCONC01,18W000000000JGPJ,RCONSULT,RENOVAE ENERGY,Comercializadores mercado libre,RCONS,RCONC01,"2,0"
RDGAC01,18W000000000SMSX,RDGAC01,COMERCIALIZADORA,Comercializadores mercado libre,RDGCO,RDGAC01,"0,0"
RDQ1,18WRDQ1-12345-A5,R.DUQUE 1,RINCON DEL DUQUE 1,Fluyente,BARER,RDQ1,"0,1"
RDQ2,18WRDQ2-12345-AW,R.DUQUE 2,RINCON DEL DUQUE 2,Fluyente,BARER,RDQ2,"0,1"
RE-2220,18WRE-2220-123-O,RE-2220,LA MONTAÑESA,Residuos varios,NEXU,RTFTPZB,"20,7"
RE-3349,18WRE-3349-123-0,R003349,SARRIOPAPEL Y CELULOSA SA,Gas natural cogeneración,NEXU,TLEITZA,"7,2"
RE1213,18W000000000796F,RE001213,PE BAIX EBRE,Eólica terrestre,NEXU,EPEBRE,"4,0"
RE1VER,18W000000000OUNZ,RE1VER,RE1VER,Comercializadores mercado libre,ENDCO,ENDER01,"1,0"
RE2064,18W000000000MHCU,RE002064,UF EOLICA CARCELEN,Eólica terrestre,NEXU,ECARCLN,"49,6"
RE2VER,18W000000000OUOX,RE2VER,RE2VER,Comercializadores mercado libre,ENDCO,ENDER01,"1,0"
RE75875,18WRE75875-12--B,RE75875,ECOINVERSION EXTREMADURA 1 SL,Solar fotovoltaica,NEXU,FECOEX1,"9,9"
RE75876,18WRE75876-123-T,RE75876,ECOINVERSION EXTREMADURA  2 SL,Solar fotovoltaica,NEXU,FECOEX2,"9,9"
RE75877,18WRE75877-123-M,RE75877,ECOINVERSION EXTREMADURA 3 SL,Solar fotovoltaica,NEXU,FECOEX3,"9,9"
RE96D28,18WRE96D28-123-F,RE-96D-28,"RELCAMP, A.I.E",Gas natural cogeneración,DETIC,TRECKIT,"3,6"
REBDELO,18WREBDELO-12--W,REBDELO,P.E. PONTE REBORDELO,Eólica terrestre,HC G,HCGSIHA,"40,3"
REBOLLA,18WREBOLLA-123-J,REBOLLA,P. E. REBOLLAR,Eólica terrestre,MIRAS,EMIRASI,"4,9"
REBOLLO,18W000000000TQE8,REBOLLO,REBOLLO,Solar fotovoltaica,ADXRE,FAUDAX,"3,7"
REC2,18WREC2-12345-AQ,RECAJO 2,RECAJO 2,Fluyente,ASIE,ASIEBRO,"1,3"
REC3,18WREC3-12345-AG,RECAJO 3,RECAJO 3,Fluyente,ASIE,ASIEBRO,"1,3"
RECOC0F,18W000000000QEZE,EMECE,EMECE ENERGIA COMERCIALIZADORA,Comercializadores mercado libre,RECON,RECOC01,"2,0"
RECQUPO,18WRECQUPO-12-AQ,RE-001027,PROMOTORA DEL RECQUPO,Fluyente,NEXU,HFNEXU,"1,8"
REFOYAS,18WREFOYAS-12-EO,REFOYAS,REFOYAS,Eólica terrestre,MEDI,EMEDI,"49,5"
REG1,18WREG1-12345-AT,REGUEIRO 1,REGUEIRO (MAO) 1,Embalse,GNFG,UFGC,"14,3"
REG2,18WREG2-12345-AJ,REGUEIRO 2,REGUEIRO (MAO) 2,Embalse,GNFG,UFGC,"14,3"
REGANTE,18W000000000Q1EL,REGANTE,FV REGANTES SANTA MARIA,Solar fotovoltaica,CEG,FREGANT,"3,5"
REHISAA,18WREHISAA-123-1,REHISAA,REHISAA,Fluyente,RSPRA,HHRSPRA,"5,0"
RELECO,18W0000000001U89,RELECO,RELECO,Derivados del petróleo o carbón,CEG,TRELECO,"4,7"
RELUC01,18W000000000KAUN,UP_RELUZCA,U PROGRAMACION RELUZCA,Comercializadores mercado libre,RELUZ,RELUC01,"2,0"
RELUMBR,18WPE-RELUMBRAR1,RELUMBR,P.E. EL RELUMBRAR,Eólica terrestre,EGED,EGREEN1,"40,0"
REM1,18WREM1-12345-A0,REMOLINA 1,REMOLINA 1,Embalse,REPSB,VIES,"41,8"
REM2,18WREM2-12345-AR,REMOLINA 2,REMOLINA 2,Embalse,REPSB,VIES,"41,3"
REMIC01,18W0000000003V62,REMIC01,REMIC01,Comercializadores mercado libre,REMIC,REMIC01,"0,9"
REMOLIN,18WREMOLIN-12-EZ,REMOLIN,P.E. PUNTAZA DE REMOLINOS,Eólica terrestre,HC G,HCGSIH2,"11,7"
RENDIJA,18WRENDIJA-123-3,RENDIJA,RENDIJA,Biogás,NEXU,RRENDIJ,"1,5"
RENEDO,18W000000000QKC5,RENEDO,UF SOLAR RENEDO,Solar fotovoltaica,NEXU,FRENEDO,"25,9"
RENOVL2,18W000000000PMA7,RENOVL2,RENOVL2,Solar fotovoltaica,CEG,FYREN2,"95,1"
RENUC01,18W000000000S9XP,RENUC01,RENU ENERGY,Comercializadores mercado libre,RENUE,RENUC01,"0,0"
REPC01,18W000000000F0XU,REPC01,REPC01,Consumos directos en mercado,REPSB,REPC01,"18,5"
REPEC01,18W00000000075I3,REPEC01,REPEC01,Consumos directos en mercado,REPP,REPEC01,"295,9"
REPFOTV,18W000000000O68Q,UP FYFUTGR,UP FOTOVOLTAICA FUTURA GREEN,Solar fotovoltaica,INER1,REPFOTV,"1,0"
REPPLL,18WREPPLL-123-D6,REPPLL,REPSOL P. PUERTOLLANO,Derivados del petróleo o carbón,REPP,REPPLL,"84,0"
REPR,18WREPR-12345-A3,REPRIMALA,REPRIMALA,Fluyente,BARER,REPR,"0,3"
REPRC01,18W000000000CQMN,REPRC01,REPRC01,Consumos directos en mercado,REPP,REPRC01,"86,0"
REQUEI,18WREQUEI-123-EU,REQUEI,PARQUE EÓLICO REQUEIXO,Eólica terrestre,EGLE,ESOMERS,"10,5"
REQUEIX,18W000000000ATQE,REQUEIXO,CH REQUEIXO,Fluyente,ECYR,HEGPE,"3,0"
RERERSA,18W000000000JYP2,RERERSA,RERERSA,Comercializadores mercado libre,ENDCO,ENDER01,"1,0"
RESONAC,18W000000000TZZD,RESONAC,RESONAC,Comercializadores mercado libre,EDPCL,EDPCR01,"1,0"
RESTANO,18W000000000RJW1,CHRESTANO,CHRESTANO,Fluyente,INTRA,HDALT01,"14,4"
RETAL1,18W000000000S2UF,RETAL1,RETAL1,Comercializadores mercado libre,ENDCO,ENDER01,"1,0"
RETAM,18W000000000SDUJ,RETAM,RETAM,Solar fotovoltaica,CEG,FRETA,"5,0"
RETAMA,18W000000000IBVQ,RETAMA,UF SOLAR RETAMA,Solar fotovoltaica,NEXU,FAZARA,"1,8"
RETAMAR,18W000000000SJIP,FV-RETAMAR,PROYECTO FOTOVOLTAICO I,Solar fotovoltaica,ELEIA,FV_RETA,"3,0"
RETORNO,18W000000000S72J,RETORNO,RETORNO,Fluyente,DETIC,HYINDIG,"1,3"
RETUE,18WRETUE-12345-L,RETUE,P.E. LA RETUERTA,Eólica terrestre,IBGES,EHIBGES,"38,0"
REUBAL1,18W000000000SKEU,REUBAL1,REUBAL1,Comercializadores mercado libre,BNPRU,UPBONPR,"1,0"
REUCON2,18W000000000SKFS,REUCON2,REUCON2,Comercializadores mercado libre,BNPRU,UPBONPR,"1,0"
REUSC01,18W000000000NOC5,REUSC01,REUSC01,Comercializadores mercado libre,REUSS,REUSC01,"0,4"
REVENTO,18WREVENTO-123-F,REVENTO,P.E.LOS REVENTONES,Eólica terrestre,IBGES,EHIBGES,"34,0"
REVERTE,18WREVERTE-123-C,REVERTE,REVERTE,Gas natural cogeneración,NEXU,TTFTREN,"13,4"
REVILLA,18W000000000N1IP,REVILLA,FV REVILLA-VALLEJERA,Solar fotovoltaica,IBGES,FBIREHV,"41,0"
REY1,18W000000000U51J,REY1,UFI SOLAR REY1,Solar fotovoltaica,NEXU,FSLREY1,"81,7"
REY2,18W000000000U52H,REY2,UFI SOLAR REY2,Solar fotovoltaica,NEXU,FSLREY2,"81,7"
REY3,18W000000000U53F,REY3,UFI SOLAR REY3,Solar fotovoltaica,NEXU,FSLREY3,"81,7"
REY4,18W000000000U54D,REY4,UFI SOLAR REY4,Solar fotovoltaica,NEXU,FSLREY4,"81,7"
REYSC01,18W-REYSC01-5--N,REYSC01,REYSC01,Comercializadores mercado libre,REYSE,REYSC01,"0,1"
RIALB-1,18WCH-RIALB-1--D,RIALB1,RIALB-1,Hidráulica - No UGH,EGED,HESEGR2,"5,9"
RIALB-2,18WCH-RIALB-2--9,RIALB-2,C.H.RIALB 2,Hidráulica - No UGH,EGED,HESEGR2,"24,7"
RIALBB,18W000000000TPSK,PS RIALB,PS RIALB,Solar fotovoltaica,EPYM,EYPPV4,"2,7"
RIALP,18W000000000GP57,RIALP,CH RIALP,Fluyente,NEXU,HFNEXU,"1,2"
RIBE,18WRIBE-12345-AH,RIBERAGATA,RIBERA DE GATA,Fluyente,IBEG,TAJO,"0,5"
RIBERHU,18W000000000UYDJ,RIBERHU,RIBERA HUELVA,Solar fotovoltaica,EGLE,FFINID,"4,5"
RIBOTA,18W000000000RKGU,CHRIBOTA,CHRIBOTA,Fluyente,INTRA,HDALT01,"3,2"
RIBPELL,18WRIBPELL-123-L,RIBPELL,RIBPELL,Biomasa,DETIC,RFDETIC,"1,2"
RIC1,18WRIC1-12345-AP,RICOBAYO 1,RICOBAYO 1,Embalse,IBEG,DUER,"42,4"
RIC2,18WRIC2-12345-AF,RICOBAYO 2,RICOBAYO 2,Embalse,IBEG,DUER,"44,0"
RIC21,18WRIC21-1234-AZ,RICOBA II1,RICOBAYO 220 TM1/15,Embalse,IBEG,DUER,"153,0"
RIC3,18WRIC3-12345-A5,RICOBAYO 3,RICOBAYO 3,Embalse,IBEG,DUER,"41,9"
RIC4,18WRIC4-12345-AW,RICOBAYO 4,RICOBAYO 4,Embalse,IBEG,DUER,"45,1"
RIE1,18WRIE1-12345-A3,RIERA 1,LA RIERA 1,Fluyente,HC G,HCHI,"2,5"
RIE2,18WRIE2-12345-AU,RIERA 2,LA RIERA 2,Fluyente,HC G,HCHI,"2,5"
RIE3,18WRIE3-12345-AK,RIERA 3,LA RIERA 3,Fluyente,HC G,HCHI,"2,5"
RIJOTA4,18W000000000UQNN,RIJOTA4,UF SOLAR GRIJOTA 4,Solar fotovoltaica,NEXU,FIJOTA4,"48,5"
RIJOTA5,18W000000000UQLR,RIJOTA5,UF SOLAR GRIJOTA 5,Solar fotovoltaica,NEXU,FIJOTA5,"48,5"
RINCO,18W000000000SDPT,RINCO,RINCO,Solar fotovoltaica,CEG,FRINCO,"5,0"
RINCON,18WRINCON-1234-6,RINCON,18WRINCON-1234-6,Eólica terrestre,IGNIS,ESAV,"8,0"
RINF,18W000000000NPYW,RINF,RINF,Solar fotovoltaica,GNRA,FVGNRA,"1,0"
RIO,18W000000000QIZ2,RIOANTI,ELCTRICA RO ANTIGUO,Fluyente,LMER,RIOANTI,"4,0"
RIO1,18WRIO1-12345-A4,RIOSCURO 1,RIOSCURO 1,Embalse,ENDG,SBEU,"7,6"
RIO2,18WRIO2-12345-AV,RIOSCURO 2,RIOSCURO 2,Embalse,ENDG,SBEU,"7,5"
RIOBOO,18WRIOBOO-123--C,RIOBOO,P.E.RIOBOO,Eólica terrestre,EGED,EPBUIO1,"20,8"
RIOE2,18W000000000Q0O4,RIO EBRO 2,RIO EBRO 2,Híbrida Renovable,NEXU,EHIBRI2,"23,1"
RIOE2A,18W000000000Q0Q0,RIOE2A,RIO EBRO 2 AMPLIACION,Híbrida Renovable,NEXU,EHIBRIO,"35,8"
RITCB,18W000000000RGSI,RITCB,RITCB,Solar fotovoltaica,GNRA,UPRIT,"7,5"
RIV1,18WRIV1-12345-A1,RIVERA ,RIVERA,Fluyente,ENDG,EBRACC1,"1,1"
RIVAC01,18W0000000006XRG,RIVAC01,RIVAC01,Consumos directos en mercado,RIVAS,RIVAC01,"1.411,2"
RIVAV01,18W000000000INYL,UP RIVAV01,UP RIVAVACIAMADRID VENTA,Solar fotovoltaica,RIVAS,RIVAV01,"0,4"
RIXRAB,18W000000000LUFQ,R,UF SOLAR RIXIRABA,Solar fotovoltaica,GNRA,FRIXRAB,"12,0"
RMNEXU,18W0000000005KAJ,RPIBCUR,"IB CUR  ( TERMICA RENOVABLE, P",Biomasa,NEXU,RMNEXU,"0,2"
RMU1,18WRMU1-12345-A1,RIOMUERT 1,RIO MUERTO 1,Fluyente,BARER,RMU1,"0,1"
RMU2,18WRMU2-12345-AS,RIOMUERT 2,RIO MUERTO 2,Fluyente,IBEG,JUCA,"0,1"
RNSAC01,18W000000000T2D8,RNSAC01,RNSAC01,Consumos directos en mercado,GEMSL,RNSAC01,"13,1"
ROALA,18WROALA-12345-E,ROALABOTA,P. E. ROALABOTA,Eólica terrestre,WMARK,EFWMARK,"28,0"
ROBLA3,18W000000000MBBD,ROBLA3,ROBLA3,Solar fotovoltaica,INTRA,INTRE02,"5,0"
ROBLA5,18W000000000MB9H,ROBLA5,ROBLA5,Solar fotovoltaica,INTRA,INTRE02,"5,0"
ROBLEDO,18W000000000PXIW,ROBLEDO,PARQUE FV ROBLEDO,Solar fotovoltaica,EBLCO,FFIRSTW,"1,2"
ROBRES,18WROBRES-1234-3,ROBRES,P.E.ROBRES,Eólica terrestre,CEG,EEOBRO,"24,0"
ROCERIA,18W000000000U1C9,ROCERIA,UF SOLAR CARROCERIAS,Solar fotovoltaica,NEXU,FRCERIA,"2,0"
ROCGU,18W000000000QZCY,ROCGU,ROCGU,Solar fotovoltaica,GNRA,FVGNRA,"3,2"
ROCIO,18W000000000RM91,ROCIO,FOTOVOLTAICA ROCIO,Solar fotovoltaica,METEN,METEV06,"24,6"
RODAL,18WRODAL-12345-T,RODAL,P. E. EL RODAL,Eólica terrestre,MIRAS,EMIRASI,"4,5"
RODEO,18W000000000TMYH,RODEO,UF SOLAR EL RODEO,Solar fotovoltaica,NEXU,FRODEO,"5,0"
RODERA,18WRODERA-1234-R,RODERA,P.E. RODERA ALTA,Eólica terrestre,EGLE,ERALTA,"34,0"
RODILLA,18WRODILLA-12-EU,RODILLA,P.E. MONASTERIO DE RODILLA,Eólica terrestre,HC G,EBRUJUL,"11,4"
RODNO,18W000000000QXT6,RODNO,RODNO,Solar fotovoltaica,GNRA,FVGNRA,"1,2"
RODRI,18W000000000UH3G,FV_RODRI,HSF DON RODRIGO,Solar fotovoltaica,CEG,FRODRI,"42,6"
ROFEC01,18W-ROFEC01-8--W,ROFEC01,"ROFEICA ENERGIA, S.L.",Comercializadores mercado libre,ROFEN,ROFEC01,"1,5"
ROFENF,18WROFENF-1234-1,ROFENF,ROFEICA ENERGIA SA,Derivados del petróleo o carbón,ROFEN,ROFENV1,"9,1"
ROJEA,18W000000000O6WF,ROJEA,ROJEA,Solar fotovoltaica,GNRA,FVGNRA,"2,0"
ROLDANA,18W-ROLDANA-3--O,PEÑAROLDAN,P.E. PEÑAROLDANA,Eólica terrestre,GNCO,EGASNE0,"35,2"
ROME,18W000000000SP6V,ROME,ROME,Eólica terrestre,REPSB,EROME,"14,4"
ROMERAL,18WROMERAL-12-E2,ROMERAL,P.E. SIERRA DEL ROMERAL,Eólica terrestre,IBGES,EHIBGES,"31,4"
ROMPI,18W000000000JJ4F,ROMPI,ROMPI,Solar fotovoltaica,GNRA,UPPIRI,"3,0"
ROMS1,18W000000000IVFZ,ROMS1,ROMERALES 1,Eólica terrestre,REPSB,EREPSOL,"49,4"
ROMS2,18W000000000IVGX,ROMS2,ROMERALES 2,Eólica terrestre,REPSB,EREPSOL,"49,4"
RON1,18WRON1-12345-AH,RONDA 1,RONDA 1,Fluyente,ENDG,GDLQ,"1,1"
RON2,18WRON2-12345-A7,RONDA 2,RONDA 2,Fluyente,ENDG,GDLQ,"1,1"
RONDC01,18W-RONDC01-5--A,RONDA,RONDA,Comercializadores mercado libre,RONDA,RONDC01,"4,0"
ROQUET,18W000000000S2VD,ROQUET,ROQUET,Comercializadores mercado libre,ENDCO,ENDER01,"1,0"
ROSARIT,18WROSARIT-123-M,CH ROSARIT,C.HIDRAULICA ROSARITO,Fluyente,ECYR,HEGPE,"4,9"
ROTELES,18W000000000UGKM,ROTELES,ROTELES,Solar fotovoltaica,EGLE,FROTEL,"38,9"
ROTOC01,18W000000000USGV,ROTOC01,ROTOC01,Consumos directos en mercado,ROTOR,ROTOC01,"1,0"
ROTOND1,18W000000000PR8X,ROTO1,ROTON1,Solar fotovoltaica,GNRA,FROTON1,"17,5"
ROTOND2,18W000000000PRAT,ROTD2,ROTOND2,Solar fotovoltaica,GNRA,FROTON2,"17,5"
ROTOND3,18W000000000PRCP,ROTND3,ROTOND3,Solar fotovoltaica,GNRA,FROTON3,"34,5"
ROZADIO,18WROZADIO-12-AM,ROZADIO,ROZADIO,Fluyente,EGED,HENANSA,"12,6"
ROZAS,18W000000000T2TD,ROZAS,ROZAS,Solar fotovoltaica,CEG,FROZAS,"31,5"
ROZASV,18WROZASV-123-AB,ROZASV,ROZASV,Embalse,ASIE,HFASIE,"6,3"
RPAME,18W-RPAME-693--4,RYAME,RYAME,Biogás,AME,RPAME,"3,0"
RPCABAN,18WRPCABAN-12--4,RPCABANM,RPCABANME,Biogás,LMER,RPCABAN,"0,3"
RPCART2,18WRPCART2-123-S,RPCART2,REPSOL CARTAGENA2,Gas natural cogeneración,REPP,TRPCAR2,"39,9"
RPEEXXI,18W-RPEEXXI-1--2,RPEEXXI,"END CUR  ( TERMICA RENOVABLE,",Biomasa,EEXXI,RPEEXXI,"0,7"
RPEONUR,18W-RPEONUR-5--H,RPEONUR,"E.ON CUR ( TERMICA RENOVABLE,",Biomasa,EONUR,RPEONUR,"0,0"
RPHCCUR,18W-RPHCCUR-6--V,RPHCCUR,"HC CUR ( TERMICA RENOVABLE, PR",Biomasa,HCCUR,RPHCCUR,"0,0"
RPIBCUR,18W-RPIBCUR-5--Y,RPIBCUR,"IB CUR  ( TERMICA RENOVABLE, P",Biomasa,IBCUR,RPIBCUR,"1,0"
RPSQC01,18W000000000TQPN,RPSQC01,RPSQC01,Consumos directos en mercado,REPQ,RPSQC01,"615,0"
RPTRTAR,18WRPTRTAR-12-DL,RPTRTAR,REPSOL PET. TARRAGONA,Gas natural cogeneración,REPP,RPTRTAR,"85,1"
RRBIOCO,18W-RRBIOCO-6--Q,RTYLMER,TÉRMICA RENOVABLE,Biogás,LMER,RRBIOCO,"1,3"
RRJ1,18WRRJ1-12345-AP,RIBARROJ 1,RIBARROJA 1,Embalse,ENDG,EBRFEN,"64,7"
RRJ2,18WRRJ2-12345-AF,RIBARROJ 2,RIBARROJA 2,Embalse,ENDG,EBRFEN,"64,7"
RRJ3,18WRRJ3-12345-A5,RIBARROJ 3,RIBARROJA 3,Embalse,ENDG,EBRFEN,"64,7"
RRJ4,18WRRJ4-12345-AW,RIBARROJ 4,RIBARROJA 4,Embalse,ENDG,EBRFEN,"64,7"
RSPEC01,18W0000000005ABA,RSPEC01,RSPEC01,Comercializadores mercado libre,RSPRE,RSPEC01,"1,0"
RSPRC01,18W-RSPRC01-7--Y,RSPRC01,RSPRC01,Comercializadores mercado libre,RSPRA,RSPRC01,"0,2"
RTCEASA,18WRTCEASA-123-8,RTCEASA,BIOMASA CEASA NAVIA,Biomasa,CEASA,RCEASA,"36,6"
RTDPN,18W000000000RRVG,RTDPN,RTDPN,Solar fotovoltaica,GNRA,UPRTD,"41,2"
RTS1,18WRTS1-123456-E,RTS1,RENOV RTS1 CASA DEL ANGEL,Solar fotovoltaica,CEG,FRTS1,"1,2"
RTTPN,18W000000000RRYA,RTTPN,RTTPN,Solar fotovoltaica,GNRA,UPRTT,"41,2"
RTUPN,18W000000000RS01,RTUPN,RTUPN,Solar fotovoltaica,GNRA,UPRTU,"41,2"
RUBIO2,18WRUBIO2-1234-S,RUBIO2,PE.SERRA DE RUBIO II,Eólica terrestre,EGED,EGREEN,"25,5"
RUEDO,18WRUEDO-1234-EP,RUEDO,P. E. EL RUEDO,Eólica terrestre,EGED,EGREEN,"16,0"
RUGUI,18W000000000OU5Y,RUGUI,RUGUI,Comercializadores mercado libre,ENDCO,ENDER01,"1,0"
RUIDE,18W000000000RK1N,CHRUIDERA,CHRUIDERA,Fluyente,INTRA,HDALT02,"1,2"
RUMBLAR,18WRUMBLAR-123-R,RUMBLAR,18WRUMBLAR-123-R,Fluyente,EGLE,HRUMBLA,"1,9"
RUNA,18WRUNA-12345-EW,RUNA,P.E. A RUÑA,Eólica terrestre,EGED,ERUNAG,"24,6"
RUSANDO,18W000000000U2X1,RUSANDO,UF SOLAR RUSANDO,Solar fotovoltaica,NEXU,FRUSNDO,"2,0"
RYCEG,18W-RYCEG-651--6,RYCEG,RYCEG,Biogás,CEG,RYCEG,"2,4"
RYEEXXI,18W-RYEEXXI-8--N,RYEEXXI,"END CUR  ( TARIFA, TERMICA REN",Biomasa,EEXXI,RYEEXXI,"6,9"
RYEGLE,18W-RYEGLE-54--1,RYEGLE,RYEGLE,Biogás,EGLE,RYEGLE,"0,4"
RYEONUR,18W-RYEONUR-1--8,RYEONUR,"E.ON CUR ( TARIFA, TERMICA REN",Biomasa,EONUR,RYEONUR,"0,0"
RYGENER,18W-RYGENER-8--E,TÉRMI. REN,UNIDAD PROGRAMACIÓN TÉRMICA RE,Biogás,ADXRE,RYGENER,"0,7"
RYGESTE,18W-RYGESTE-5--X,RYGESTE,RYGESTE,Biogás,GESTE,RYGESTE,"1,8"
RYGNRA,18W-RYGNRA-68--P,RYGNRA,"GNRA(RENOV,TARIFA,NO EXENTO)",Biogás,GNRA,RYGNRA,"12,1"
RYGNSUR,18W-RYGNSUR-2--R,RYGNSUR,"GN SUR SDG ( TARIFA, TERMICA R",Biomasa,GNSUR,RYGNSUR,"0,0"
RYHCCUR,18W-RYHCCUR-9--V,RYHCCUR,"HC CUR ( TARIFA, TERMICA RENOV",Biomasa,HCCUR,RYHCCUR,"0,0"
RYIBCUR,18W-RYIBCUR-6--5,RYIBCUR,"IB CUR  ( TARIFA, TERMICA RENO",Biogás,IBCUR,RYIBCUR,"20,0"
RYNEXU,18W-RYNEXU-62--K,RYNEXU,NEXU(COGENERACION ALTA EFICIEN,Biogás,NEXU,RYNEXU,"3,4"
SA11,18WSA11-12345-A7,SAUCEL I 1,SAUCELLE I 1,Embalse,IBEG,DUER,"62,0"
SA12,18WSA12-12345-AY,SAUCEL I 2,SAUCELLE I 2,Embalse,IBEG,DUER,"63,3"
SA13,18WSA13-12345-AO,SAUCEL I 3,SAUCELLE I 3,Embalse,IBEG,DUER,"62,2"
SA14,18WSA14-12345-AE,SAUCEL I 4,SAUCELLE I 4,Embalse,IBEG,DUER,"62,2"
SA21,18WSA21-12345-AX,SAUCE II 1,SAUCELLE II 1,Embalse,IBEG,DUER,"136,1"
SA22,18WSA22-12345-AN,SAUCE II 2,SAUCELLE II 2,Embalse,IBEG,DUER,"135,7"
SAAREJ,18W000000000TVDW,SAAREJ,SAAREJ,Comercializadores mercado libre,SHELL,SESAR01,"1,0"
SABINA,18WSABINA-1234-F,SABINA,P.E. SABUBA,Eólica terrestre,IBGES,EHIBGES,"48,0"
SABUCED,18WSABUCED-12--B,SABUCED,P.E.SABUCEDO,Eólica terrestre,EGLE,EMORRA,"13,2"
SACIMP,18W000000000MGZO,SACIMP,UF SACRO IMPERIO,Solar fotovoltaica,NEXU,FSACIMP,"2,3"
SADRIAN,18WSADRIAN-123-Q,SADRIAN,P. E. SAN ADRIAN,Eólica terrestre,MIRAS,EMIRASI,"4,0"
SAECB01,18W000000000QPKB,SAECB01,SAECB01,Solar fotovoltaica,GNRA,FVGNRA,"5,0"
SAECB02,18W000000000QPL9,SAECB02,SAECB02,Solar fotovoltaica,GNRA,FVGNRA,"5,0"
SAECH,18WSAECH-12345-4,SAHECHORES,C.H. SAHECHORES,Fluyente,GNRA,HSAECH,"20,2"
SAFEC01,18W000000000UCZ4,TODOS,SUSTAINING AIR FOR EVERYONE,Comercializadores mercado libre,SAFE,SAFEC01,"0,6"
SAG1,18WSAG1-12345-AR,S.AGUSTI 1,SAN AGUSTIN 1,Embalse,ENDG,SBEU,"31,0"
SAG2,18WSAG2-12345-AH,S.AGUSTI 2,SAN AGUSTIN 2,Embalse,ENDG,SBEU,"31,8"
SAGO1,18WSAGO1-12345-6,SAGO1,SASTAGO-I,Fluyente,EBLCO,HGDF01,"2,9"
SAGO2,18WSAGO2-12345-Y,SAGO2,SASTAGO-II,Fluyente,EBLCO,HGDF01,"16,4"
SAGU1,18WSAGU1-1234-CC,SAGU1,CC SAGUNTO GRUPO 1,Ciclo combinado,GNCC,SAGU1,"409,7"
SAGU2,18WSAGU2-1234-C3,SAGU2,CC SAGUNTO GRUPO 2,Ciclo combinado,GNCC,SAGU2,"411,8"
SAGU3,18WSAGU3-1234-CV,SAGU3,CC SAGUNTO GRUPO 3,Ciclo combinado,GNCC,SAGU3,"410,6"
SAHKC01,18W000000000SK4D,SAHKOA PEN,SAHKOA PEN,Comercializadores mercado libre,SAHKO,SAHKC01,"0,1"
SAICA1,18WSAICA1-123-DQ,SAICA1,SAICA1,Gas natural cogeneración,EGLE,SAICA1,"49,3"
SAICA2,18WSAICA2-123-DI,SAICA2,SAICA2,Gas natural cogeneración,EGLE,SAICA2,"46,9"
SAICA3,18WSAICA3-123-DA,SAICA3,SAICA3,Gas natural cogeneración,EGLE,SAICA3,"46,5"
SAICA4,18WSAICA4-123-D2,SAICA4,SAICA4,Gas natural cogeneración,EGLE,SAICA4,"46,5"
SAIMC01,18W000000000RGRK,SAIMC01,SAIMC01,Consumos directos en mercado,SAIMP,SAIMC01,"2,0"
SAJ1,18WSAJ1-12345-AV,ALBENTOS 1,ALBENTOSA 1 (S. AGUSTIN-JUCAR),Fluyente,IBEG,JUCA,"5,9"
SAJ2,18WSAJ2-12345-AL,ALBENTOS 2,ALBENTOSA 2 (S. AGUSTIN-JUCAR),Fluyente,IBEG,JUCA,"5,9"
SAL1,18WSAL1-12345-A9,SALAS ,SALAS,Embalse,GNFG,UFGC,"52,8"
SALAJON,18WSALAJON-12-E6,SALAJON,P. E. SALAJONES,Eólica terrestre,EGED,EGREEN,"19,1"
SALANAN,18W0000000001U6D,SALANAN,SALANAN,Derivados del petróleo o carbón,CEG,TSALIA,"7,1"
SALB,18WSALB-12345-AK,S.ALBUREZ,SOTO ALBUREZ,Fluyente,ASIE,ASIDUE,"0,2"
SALI,18WSALI-12345-AO,SALINAS ,SALINAS,Fluyente,ENDG,EBRACC1,"2,3"
SALINAS,18W000000000QPVQ,SLINAS,SALINAS,Solar fotovoltaica,GNRA,FSLINAS,"25,5"
SALLENF,18WSALLENF-12-AD,SALLENT,SALLENT,Fluyente,EGED,HEALTOG,"11,3"
SALLENT,18W000000000QSVH,SALLENTG,SALLENTG,Fluyente,RSPRA,HHRSPRA,"2,8"
SALOBRA,18W000000000HTQN,SALOBRAL,SALOBRAL,Solar fotovoltaica,HISPE,FSALOB,"38,0"
SALONI,18W000000000NL4U,SALONI,UF SALONI,Gas natural cogeneración,NEXU,TSALONI,"4,4"
SALPC01,18W0000000004SNA,SALAS_UP,ELECTRICA_SALAS_UP,Comercializadores mercado libre,SALPA,SALPC01,"0,7"
SALVADO,18WSALVADO-123-D,SALVADO,18WSALVADO-123-D,Fluyente,EGLE,HVADOC,"1,0"
SAMAC01,18W000000000RYNB,SAMAC01,SAMAC01,Comercializadores mercado libre,SAMAR,SAMAC01,"0,0"
SAMFW,18W000000000P342,SAMFW,SAMFW,Solar fotovoltaica,GNRA,FVGNRA,"2,0"
SAMPC01,18W-SAMPC01-7--9,SAMPC01,SAMPC01,Comercializadores mercado libre,SAMP,SAMPC01,"2,0"
SAMPOL,18WSAMPOL-123-DA,SAMPOL,SAMPOL,Gas natural cogeneración,SAMP,TFSAMP,"33,0"
SAN1,18WSAN1-12345-AO,SANGUESA,SANGUESA,Fluyente,BARER,SAN1,"0,6"
SAN100,18W000000000UIBY,SAN100,SAN100,Solar fotovoltaica,SOLRC,FSAN100,"42,1"
SANAGU,18W000000000GOFR,SANAGU,PE SAN AGUSTIN,Eólica terrestre,GNCO,EGASNE2,"34,6"
SANBLA,18W000000000GOGP,SANBLA,PE SAN BLAS,Eólica terrestre,GNCO,EGASNE2,"39,6"
SANGIL,18WSANGIL-1234-8,P.E.SANGI,P.E. SAN GIL,Eólica terrestre,GNCO,EGASNE1,"36,0"
SANJOSE,18WSANJOSE-123-9,SANJOSE,18WSANJOSE-123-9,Eólica terrestre,EGLE,EUEUZA,"1,5"
SANMIGD,18W000000000T42O,FV SAN MIG,FV SAN MIGUEL D,Solar fotovoltaica,WMARK,FVSANMI,"33,2"
SANPE,18W000000000RKEY,SANPE,SANPE,Fluyente,INTRA,HDALT01,"1,8"
SANPEDR,18W000000000PXKS,SANPEDR,PARQUE FV PEÑAS DE SAN PEDRO,Solar fotovoltaica,EBLCO,FFIRSTW,"1,3"
SANPONS,18WSANPONS-123-2,SANPONS,18WSANPONS-123-2,Fluyente,EGLE,HHICAG,"2,0"
SANROCC,18W000000000SS1W,CABEZO,CABE,Eólica terrestre,RENSP,REROQUE,"23,2"
SANSO,18WSANSO-12345-F,SANSO,PL SOLAR TERMELÉCTRICA PS 10,Solar térmica,EGLE,STSANSO,"11,0"
SANT,18WSANT-12345-A3,S.ANTOLIN,SAN ANTOLIN,Fluyente,IBEG,EBRA,"0,3"
SANTAC,18WSANTAC-123-AF,SANTAC,SANTACARA-CAPARROSO,Fluyente,EGED,HFEGED,"5,0"
SANTAO,18W000000000NQT2,SANTAO,SANTAO,Solar fotovoltaica,RSPRA,FFRSPRA,"1,8"
SANTONI,18W000000000N9KY,SANTONI,FV SAN ANTONIO,Solar fotovoltaica,IBGES,FIBGEMS,"38,0"
SANVAL1,18W000000000TU88,SANVAL1,UF SOLAR SAN VALENTIN 1,Solar fotovoltaica,NEXU,FSANVAL,"14,0"
SAPIC01,18W000000000M2IQ,SAPIENS,SAPIENS UNIDAD COMPRA,Comercializadores mercado libre,SAPIE,SAPIC01,"0,1"
SAPLANO,18WSAPLANO-12-E8,SAPLANO,P.E. SASO PLANO (UNIFICADO),Eólica terrestre,ECYR,EREGPEM,"39,2"
SAPRELO,18W000000000S13Z,GSTV153,GSTV153,Solar fotovoltaica,GESTE,FGST153,"1,4"
SARDA,18W000000000LF0R,SARDA,UF SARDA,Solar fotovoltaica,NEXU,FSARDA,"1,6"
SARGENT,18WSARGENT-123-K,SARGENT,PARQUE EOLICO SARGENTES,Eólica terrestre,EGLE,ELBOGA,"24,0"
SARGUIL,18W000000000RD33,SARGUIL,PARQUE EOLICO LA SARGUILLA,Eólica terrestre,WMARK,EFWMARK,"1,6"
SARIA1,18W000000000S2WB,SARIA1,SARIA1,Comercializadores mercado libre,ENDCO,ENDER01,"1,0"
SARIA2,18W000000000S2X9,SARIA2,SARIA2,Comercializadores mercado libre,ENDCO,ENDER01,"1,0"
SARIA3,18W000000000S2Y7,SARIA3,SARIA3,Comercializadores mercado libre,ENDCO,ENDER01,"1,0"
SARIA4,18W000000000S2Z5,SARIA4,SARIA4,Comercializadores mercado libre,ENDCO,ENDER01,"1,0"
SARIA5,18W000000000S30Z,SARIA5,SARIA5,Comercializadores mercado libre,ENDCO,ENDER01,"1,0"
SARRAF,18WSARRAF-123-A4,LA SARRA,LA SARRA,Embalse,EGED,HEGEDGS,"24,0"
SARRI2,18WSARRI2-1234-6,SARRI2,CH SARRIA 2,Fluyente,SHELL,SESAHID,"4,7"
SARRIA1,18WSARRIA1-123-Q,SARRIA1,CH SARRIA1,Fluyente,SHELL,SESAHID,"6,3"
SARRIA3,18WSARRIA3-123-C,SARRIA3,CH SARRIA 3,Fluyente,SHELL,SESAHID,"2,9"
SARTAG,18WSARTAG-123-AD,SARTAG,SARTAGUDA,Fluyente,EGED,HFEGED,"4,6"
SASDO1,18W000000000UL50,SASDON 1,SASDONIGAS 1,Eólica terrestre,WMARK,PESASD1,"18,0"
SASDON2,18W000000000UNMY,PE SASD2,PE SASDONIGAS 2,Eólica terrestre,WMARK,PESASD2,"9,9"
SASOL2,18W000000000O76R,SASOL2,SASOL2,Solar fotovoltaica,GNRA,UPSASO,"3,2"
SASTA,18WSASTA-12345-2,SASTAGO,SASTAGO,Gas natural cogeneración,GEMSL,TYESYF,"1,5"
SATIR,18W000000000QYU1,SATIR,SATIR,Solar fotovoltaica,GNRA,FVGNRA,"1,1"
SATSC01,18W000000000HUKW,SATSC01,SATSC01,Consumos directos en mercado,SATSP,SATSC01,"1,5"
SAU1,18WSAU1-12345-AL,SAU 1,SAU 1,Embalse,ENDG,TERE,"27,5"
SAU2,18WSAU2-12345-AB,SAU 2,SAU 2,Embalse,ENDG,TERE,"27,5"
SAUAL,18W000000000QY7A,SAUAL,SAUAL,Solar fotovoltaica,GNRA,FVGNRA,"2,9"
SAUCI,18WSAUCI-12345-4,SAUCI,P.E. EL SAUCITO,Eólica terrestre,IBGES,EHIBGES,"30,2"
SAVA,18W000000000O39X,SAVA,UF SAVA,Gas natural cogeneración,COGEN,TSAVA,"15,0"
SAVALLA,18WSAVALLA-123-B,SAVALLA,SAVALLA,Eólica terrestre,IBGES,EHIBGES,"18,0"
SBAIA,18WSBAIA-1234-AZ,SBAIA,18WSBAIA-1234-AZ,Fluyente,EGLE,HCOHIG,"1,4"
SBAR1,18W000000000P9KQ,SBAR1,SAN BARTOLOME 1,Eólica terrestre,REPSB,ECMTA,"49,5"
SBAR2,18W000000000P9LO,SBAR2,SAN BARTOLOME 2,Eólica terrestre,REPSB,ECMTA,"49,1"
SBC01,18W000000000QXKO,SBC01,SBC01,Consumos directos en mercado,SASKI,SBC01,"0,9"
SBN1,18WSBN1-12345-AC,SABIÑANI 1,SABIÑANIGO GR. 1,Fluyente,ENDG,EBRACC1,"3,3"
SBN2,18WSBN2-12345-A2,SABIÑANI 2,SABIÑANIGO GR. 2,Fluyente,ENDG,EBRACC1,"3,3"
SBO3,18WSBO3-12345-CE,SBO3,CC SABON GRUPO 3,Ciclo combinado,GNCC,SBO3,"391,3"
SBR1,18WSBR1-12345-A5,SOBRON 1,SOBRON 1,Embalse,IBEG,EBRA,"13,5"
SBR2,18WSBR2-12345-AW,SOBRON 2,SOBRON 2,Embalse,IBEG,EBRA,"14,2"
SBURGO,18WSBURGO-123-EA,SBURGO,P.E. SERRA DO BURGO  Y AMPL,Eólica terrestre,IBGES,EHIBGES,"27,2"
SCALONA,18W000000000MCIX,SCLNA,ESCALONA,Solar fotovoltaica,GESTE,FSCALNA,"17,3"
SCHRM,18W000000000TEW8,SCHRM,SCHRM,Solar fotovoltaica,GNRA,FVGNRA,"0,9"
SCL1,18WSCL1-12345-AM,S.CLODIO ,SAN CLODIO,Embalse,IBEG,SIL,"19,5"
SCO122,18W000000000TKP4,SCO122,SCO122,Solar fotovoltaica,SOLRC,FSCO122,"70,6"
SCR1,18WSCR1-12345-AU,S.CRISTO 1,SAN CRISTOBAL 1,Embalse,IBEG,SIL,"6,0"
SCR2,18WSCR2-12345-AK,S.CRISTO 2,SAN CRISTOBAL 2,Embalse,IBEG,SIL,"6,3"
SCRUC01,18W000000000SW94,SCRUC01,SCRUC01,Consumos directos en mercado,ADXRE,SCRUC01,"43,0"
SCX2,18WSCX2-12345-AS,S.CALIXT 2,SAN CALIXTO 2,Fluyente,ENDG,GDLQ,"0,2"
SCX3,18WSCX3-12345-AI,S.CALIXT 3,SAN CALIXTO 3,Fluyente,ENDG,GDLQ,"0,5"
SCZ1,18W000000000SVZT,SCZ1,SCZ1,Eólica terrestre,REPSB,ECINCAG,"18,0"
SCZ2,18W000000000SW1K,SCZ2,SCZ2,Eólica terrestre,REPSB,ECINCAG,"15,0"
SCZ3,18W000000000SW2I,SCZ3,SCZ3,Eólica terrestre,REPSB,ECINCA,"24,4"
SCZ4,18W000000000SPFD,SCZ4,SCZ4,Eólica terrestre,REPSB,ECINCA,"24,4"
SCZA,18W000000000SW0M,SCZA,SCZA,Eólica terrestre,REPSB,ECINCAG,"12,0"
SDDLUNA,18W000000000F5WH,SDDLUNA,PE DOMINGO LUNA,Eólica terrestre,ECYR,EREGPEV,"29,8"
SDGOMIL,18W0000000000INJ,SDGOMIL,SALTO DEL GOMIL,Fluyente,WMARK,HFWMARK,"9,0"
SDNFW,18W000000000QZ77,SDNFW,SDNFW,Solar fotovoltaica,GNRA,UPSDNF,"1,5"
SDPANDA,18WSDPANDA-12-EW,SDPANDA,P.E. SERRA DA PANDA,Eólica terrestre,IBGES,EHIBGES,"18,4"
SDPENAS,18W000000000F5PV,S D PENAS,PE SERRA DAS PENAS,Eólica terrestre,ECYR,EEGPEV,"42,0"
SEAT01,18W000000000J1XB,SEAT01,SEAT SOL 1,Solar fotovoltaica,INTRA,INTRE02,"2,0"
SEAT02,18W000000000J1Y9,SEAT02,SEAT SOL 2,Solar fotovoltaica,INTRA,INTRE02,"2,0"
SEAT03,18W000000000J1Z7,SEAT03,SEAT SOL 3,Solar fotovoltaica,INTRA,INTRE02,"2,0"
SEAT04,18W000000000J200,SEAT04,SEAT SOL 4,Solar fotovoltaica,INTRA,INTRE02,"2,0"
SEAT05,18W000000000J21Z,SEAT05,SEAT SOL 5,Solar fotovoltaica,INTRA,INTRE02,"1,8"
SEAT06,18W000000000U1X4,SEAT06,UF SEAT 06,Solar fotovoltaica,INTRA,INTRE02,"0,8"
SEB1,18WSEB1-12345-AY,S.SEBAST 1,SAN SEBASTIAN 1,Embalse,ENDG,SBEU,"8,8"
SEB2,18WSEB2-12345-AO,S.SEBAST 2,SAN SEBASTIAN 2,Embalse,ENDG,SBEU,"8,8"
SECA01,18W000000000V3LI,SECA01,SECA01,Comercializadores mercado libre,ENDCO,ENDER01,"1,0"
SECA02,18W000000000V3MG,SECA02,SECA02,Comercializadores mercado libre,ENDCO,ENDER01,"1,0"
SECA03,18W000000000V3NE,SECA03,SECA03,Comercializadores mercado libre,ENDCO,ENDER01,"1,0"
SECA04,18W000000000V3OC,SECA04,SECA04,Comercializadores mercado libre,ENDCO,ENDER01,"1,0"
SEDAC01,18W000000000HWRC,SEDAC01,SEDAC01,Consumos directos en mercado,SEDAT,SEDAC01,"2,5"
SEDOPU,18W000000000GB3G,SEDOPU,P E SERRA DO PUNAGO,Eólica terrestre,GNCO,EGASN2U,"39,5"
SEDR01,18W000000000V14L,SEDR01,SEDR01,Consumos directos en mercado,SEDAT,SEDAR01,"1,8"
SEELC01,18W000000000RLCZ,SEELC01,COMERCIALIZADORA SHEEN,Comercializadores mercado libre,SHEEN,SEELC01,"0,0"
SEFOM,18W000000000JJ87,SEFOM,SEFOM,Solar fotovoltaica,GNRA,FVGNRA,"1,5"
SEFRAN,18W000000000OGN3,SEFRAN,SEFRAN,Gas natural cogeneración,DETIC,COGSEFR,"1,0"
SEG1,18W000000000RR4X,SEGURA1,SEGURA1,Eólica terrestre,REPSB,ESEG,"28,6"
SEG2,18W000000000RR3Z,SEGURA2,SEGURA2,Eólica terrestre,REPSB,ESEG,"48,9"
SEGADE,18WSEGADE-123-A6,SEGADE,18WSEGADE-123-A6,Fluyente,EGLE,HCOHIG,"8,1"
SEGREDA,18WSEGREDA-123-B,SEGREDA,PE EL SEGREDAL,Eólica terrestre,IBGES,EHIBGES,"36,0"
SEI1,18WSEI1-12345-AV,SEIRA 1,SEIRA 1,Fluyente,ENDG,EBRACC2,"8,7"
SEI2,18WSEI2-12345-AL,SEIRA 2,SEIRA 2,Fluyente,ENDG,EBRACC2,"8,6"
SEI3,18WSEI3-12345-AB,SEIRA 3,SEIRA 3,Fluyente,ENDG,EBRACC2,"19,0"
SEIYC01,18W000000000VDU7,SEIYA,SEIYA ENERGIA SL,Comercializadores mercado libre,SEIYA,SEIYC01,"1,0"
SELVA,18WSELVA-1234--T,SELVA,SELVA,Eólica terrestre,EGED,EGREEN,"33,0"
SEN1,18WSEN1-12345-AD,SENET 1,SENET 1,Fluyente,ENDG,EBRFEN,"4,2"
SEN2,18WSEN2-12345-A3,SENET 2,SENET 2,Fluyente,ENDG,EBRFEN,"4,2"
SENEC01,18W000000000KFZZ,SENEC01,SENEC01,Comercializadores mercado libre,SENEO,SENEC01,"1,0"
SEPIOLS,18WSEPIOLS-123-I,SEPIOL,SEPIOLSA,Gas natural cogeneración,AME,TSEPIOL,"5,2"
SEQILLO,18W000000000UNYA,SEQILLO,UF SOLAR VALSEQUILLO,Solar fotovoltaica,NEXU,FVLSILA,"20,0"
SEQUINO,18W000000000RYP7,SEQUINO,SEQUINO,Solar fotovoltaica,INTRA,FVALT01,"49,9"
SERRA,18W000000000RX2J,SERRA,LA SERRA,Solar fotovoltaica,SOMEN,SENFV1,"2,3"
SERRA1,18W000000000N5HF,SERRA1,SERRA1,Fluyente,RSPRA,HHRSPRA,"1,3"
SERRADO,18W000000000QCWQ,SERRADO,SERRADO,Fluyente,EGED,HESERRA,"2,3"
SERRAL,18WSERRAL-123-EB,SERRAL,SERRAL,Eólica terrestre,CEG,EECAB,"19,5"
SERRANA,18W000000000M04N,SERRANA,UF SOLAR LA SERRANA,Solar fotovoltaica,NEXU,FSRRANA,"5,4"
SERRE,18W000000000SX1H,SERRE,SERRE,Solar fotovoltaica,GNRA,UPSERRE,"6,0"
SERRET,18W000000000NWOV,SERRET,SERRET,Solar fotovoltaica,GNRA,FVGNRA,"1,3"
SERRETA,18WSERRETA-12-E3,SERRETA,P. E. SERRETA,Eólica terrestre,IGNIS,UPEBRCT,"49,5"
SERRZLA,18W000000000MXVI,S,UF SOLAR SERRZLA,Solar fotovoltaica,NEXU,FSERRZL,"4,6"
SERVAN3,18W000000000P407,SRVN3,SERVAN3,Solar fotovoltaica,GESTE,FSERVN3,"41,6"
SERVAN4,18W000000000P423,SRVN4,SERVAN4,Solar fotovoltaica,GESTE,FSERVN4,"41,6"
SERVAN5,18W000000000P45Y,SERVN5,SERVAN5,Solar fotovoltaica,GESTE,FSERVN5,"41,6"
SERVC0F,18W000000000QWJT,SERV PEN,SERV PEN,Comercializadores mercado libre,SERVC,SERVC01,"1,0"
SERVIKE,18WSERVIKE-123-Q,SERVIKE,SERVIKER 1,Gas natural cogeneración,EGLE,TSERVI,"14,2"
SERXXI,18WSERXXI-1234-5,SERXXI,SERREZUELA SOLAR XXI SL,Solar fotovoltaica,NEXU,FSERXXI,"10,0"
SESAAG,18W000000000TVLG,SESAAG,SESAAG,Comercializadores mercado libre,SHELL,SESAR01,"1,0"
SESAC01,18W-SESAC01-1--R,SESAC01,SESAC01,Comercializadores mercado libre,SHELL,SESAC01,"0,0"
SESAG,18W000000000JJ79,SESAG,SESAG,Solar fotovoltaica,GNRA,UPADGI,"1,8"
SESAN,18W000000000MSJK,SESAN,SESAN,Solar fotovoltaica,GNRA,FVSESAN,"39,6"
SESAUX,18W000000000PMU4,AUXILIAR,CONSUMO AUXILIAR,Consumo de Servicios Auxiliares,SHELL,SESAUX,"10,0"
SESENTA,18W000000000IRY9,SESENTA,PSF HAZAS DE LAS SESENTA,Solar fotovoltaica,EGLE,FNARGS,"39,8"
SESFV,18W000000000G1RZ,SESFV,SESFV,Solar fotovoltaica,GNRA,SESOL,"1,6"
SESTEB,18WSESTEB-123-EO,SESTEB,P.E. SAN ESTEBAN,Eólica terrestre,EGED,EGREEN,"30,4"
SESTEB2,18WSESTEB2-12-EO,SESTEB2,P.E. SAN ESTABAN FASE 2,Eólica terrestre,EGED,EGREEN,"42,0"
SESUEF,18WSESUEF-123-AR,SESUE,SESUE,Fluyente,EGED,HEGEDGS,"36,0"
SEVILA,18W000000000GEUR,SEVILLA,UF FV SEVILLA,Solar fotovoltaica,NEXU,FSEVILL,"33,2"
SEXTC01,18W000000000A8MB,SEXTC01,SEXTC01,Consumos directos en mercado,SEXTS,SEXTC01,"33,9"
SFA1,18WSFA1-12345-AX,S.FAUSTO 1,SAN FAUSTO 1,Fluyente,BARER,SFA1,"0,7"
SFA2,18WSFA2-12345-AN,S.FAUSTO 2,SAN FAUSTO 2,Fluyente,BARER,SFA2,"1,7"
SFADCA1,18W-SFADCA1-1--P,SFADCA1,SFADCA1,Comercializadores mercado libre,SFAD,SFADCA1,"1,5"
SFBORJA,18W000000000F68P,SFBORJA,PE FRANCISCO BORJA,Eólica terrestre,ECYR,EREGPEV,"23,2"
SFERNAN,18W000000000RCYI,SABFER,INSTSANFER,Fluyente,GESTE,HSFERND,"5,0"
SFRAV,18W000000000S64I,SFRAV,SFRAV,Solar fotovoltaica,GNRA,UPSFR,"2,5"
SGAVI,18WSGAVI-1234-EO,SGAVI,P.E. SIERRA DE LOS GAVILANES,Eólica terrestre,IBGES,EHIBGES,"22,5"
SGREGO,18WSGREGO-123-E2,SGREGO,SGREGO,Eólica terrestre,CEG,EECAB,"15,0"
SGTOL,18W000000000L29B,SGTOL,SGTOL,Solar fotovoltaica,GNRA,FVGNRA,"1,0"
SGU1,18WSGU1-12345-AN,S.AUGUST 1,SAN AUGUSTO 1,Fluyente,ENDG,GDLQ,"0,9"
SGU2,18WSGU2-12345-AD,S.AUGUST 2,SAN AUGUSTO 2,Fluyente,ENDG,GDLQ,"0,9"
SGU3,18WSGU3-12345-A3,S.AUGUST 3,SAN AUGUSTO 3,Fluyente,ENDG,GDLQ,"0,5"
SHEECP3,18W-SHEECP3-3--E,SHEECP3,SHEEN EXP. ENER. FRANCIA CD,Importación Francia,SHEEN,SHEECP3,"0,0"
SHEENX,18W000000000PULZ,AUXILIARES,CONSUMOS AUXILIARES,Consumo de Servicios Auxiliares,SHEEN,SHEENX,"10,0"
SHEEVP3,18W-SHEEVP3-2--E,SHEEVP3,SHEEN EXP. ENER. FRANCIA CD,Exportación Francia,SHEEN,SHEEVP3,"500,0"
SHERC01,18W000000000UUP7,SHERA,SHERA COMPRA,Comercializadores mercado libre,ENEET,SHERC01,"5,0"
SHIRC01,18W000000000UNZ8,SHIRYU,SHIRYU ENERGIA,Comercializadores mercado libre,SHIRY,SHIRC01,"1,0"
SIA,18WSIA-123456-EZ,SIA,SIA,Eólica terrestre,GNCO,EFPART,"29,7"
SIBARC,18W000000000TSMN,SIBARC,SIBARC,Comercializadores mercado libre,ENDCO,ENDER01,"1,0"
SIBARI,18W000000000TSNL,SIBARI,SIBARI,Comercializadores mercado libre,ENDCO,ENDER01,"1,0"
SIBERIA,18WSIBERIA-123-S,SIBERIA,PARQUE SOLAR FOTOVOLTAICA SIBE,Solar fotovoltaica,NEXU,FSIBERI,"10,0"
SIBOQUE,18WSIBOQUE-12-EH,SIBOQUE,P. E. SIERRA DEL BOQUERÓN,Eólica terrestre,HC G,HCGEORS,"22,0"
SIBRAVA,18W000000000IYJI,SIBRAVA,FV SIERRA BRAVA,Solar fotovoltaica,EGED,FFEGED,"0,9"
SICABRE,18WSICABRE-12-E9,SICABRE,P.E. SIERRA CABRERA,Eólica terrestre,WMARK,EFWMARK,"20,4"
SICDC,18W000000000LJVR,SICDC,SICDC,Solar fotovoltaica,GNRA,UPSICF,"1,1"
SICORT,18WSICORT-123-EF,SICORT,P.E. SIERRA DEL CORTADO,Eólica terrestre,ECYR,EREGPEM,"18,4"
SICOST,18W000000000F604,PE SICOST1,SIERRA COSTERA I,Eólica terrestre,ECYR,EEGPEV,"48,9"
SICOST2,18WPESCOSTERA2-V,SICOST2,P.E.SIERRA COSTERA II,Eólica terrestre,ECYR,EREGPEV,"40,8"
SIEBUEY,18WSIEBUEY-12-ET,SIEBUEY,SIERRA DEL BUEY,Eólica terrestre,IBGES,EHIBGES,"19,5"
SIEMINI,18WSIEMINI-123-B,SIEMINI,SIERRA MINISTRA,Eólica terrestre,EGLE,ESIEMIN,"42,0"
SIEOLIV,18WSIEOLIV-12-E6,SIEOLIV,SIEOLIV,Eólica terrestre,GNCO,EGASNE0,"30,0"
SIERQUE,18WSIERQUE-12-ES,SIERQUE,P.E. SIERRA QUEMADA,Eólica terrestre,IBGES,EHIBGES,"26,2"
SIERRAS,18WSIERRAS-123-P,SIERRAS,SIERRAS,Derivados del petróleo o carbón,DETIC,DPDETIC,"24,5"
SIERRO,18WSIERRO-123-E3,SIERRO,P.E. SIERRO,Eólica terrestre,IBGES,EHIBGES,"19,5"
SIESESN,18WSIESESN-123-N,SIESESN,SIERRA SESNÁNDEZ,Eólica terrestre,GNCO,EGASNE0,"20,0"
SIGCB,18W000000000RWV1,SIGCB,SIGCB,Solar fotovoltaica,GNRA,UPSIG,"3,0"
SIGLOS,18WSIGLOS-1234-E,SIGLOS,P.E. LOS SIGLOS,Eólica terrestre,HISPE,RWESZN,"27,2"
SIGMA,18W000000000LQKS,SIGMA,SIGMA,Solar fotovoltaica,HISPE,FSIGMA,"24,1"
SIGNC01,18W000000000K2LS,SIGNO,SIGNO,Comercializadores mercado libre,SIGNO,SIGNC01,"0,1"
SIGNIS7,18W000000000M08F,UF IGNIS7,UF SF IGNI GENERACION SOLAR,Solar fotovoltaica,IGNIS,IGNIS7,"6,7"
SIL1,18WSIL1-12345-AO,SILVON 1,SILVON 1,Embalse,REPSB,VIES,"40,3"
SIL2,18WSIL2-12345-AE,SILVON 2,SILVON 2,Embalse,REPSB,VIES,"41,2"
SILAN,18WSILAN-1234-E7,SILAN,P.E: SILAN,Eólica terrestre,EGED,EFEGEL1,"13,2"
SILLONE,18WSILLONE-12-EB,SILLONE,P.E. LOS SILLONES,Eólica terrestre,EGED,ECEGRG,"16,1"
SILOC01,18W0000000008Z2F,SILOC01,SILOC01,Consumos directos en mercado,SILOS,SILOC01,"0,1"
SILSP,18W000000000UWL9,SILSP,SILSP,Solar fotovoltaica,GNRA,UPSILI,"1,8"
SILVRRE,18WSILVRRE-12-E0,SILVRRE,SILVRRE,Eólica terrestre,GNCO,EGASNE0,"16,9"
SIMADI,18WSIMADI-123-E0,SIMADI,P.E. SIERRA MADERO I,Eólica terrestre,ECYR,EREGPEM,"14,8"
SIMENE1,18WSIERRAMENERAL,SIMENE1,P.E. SIERRA MENERA I,Eólica terrestre,IBGES,EHIBGES,"40,0"
SIMPV01,18W000000000F7I2,FYGNRA,FYGNRA,Solar fotovoltaica,SIMPE,SIMPV01,"0,7"
SININDI,18WSININDI-123-O,SININDI,PE SINGULAR INDITEX,Eólica terrestre,WMARK,EFWMARK,"0,8"
SIPLA,18W000000000JJEW,SIPLA,SIPLA,Solar fotovoltaica,GNRA,FVGNRA,"1,9"
SIRIU5,18W000000000QZA1,SIRIU5,SIRIU5,Solar fotovoltaica,GNRA,FVGNRA,"1,8"
SIRIU9,18W000000000QZ4D,SIRIU9,SIRIU9,Solar fotovoltaica,GNRA,FVGNRA,"1,7"
SIRUSA,18WSIRUSA-12345A,SIRUSA,MANCOMUNIDAD DE INCINERACIÓN,Residuos domésticos y similares,SIRUS,TSIRUS,"7,4"
SIRUSFV,18W000000000MP3O,SIRIUS,FVSIRIUS,Solar fotovoltaica,GESTE,FSIRIUS,"41,5"
SIS1,18W000000000RGBF,SANIS1,SAN ISISDRO 1,Eólica terrestre,REPSB,ECINCA,"48,0"
SIS2,18W000000000SP7T,SIS2,SIS2,Eólica terrestre,REPSB,ECINCAG,"15,0"
SISEGU,18W000000000TH98,SISEGU,SIFON DEL SEGURA,Hidráulica - No UGH,EGLE,HESDIG,"1,7"
SISTRAL,18WSISTRAL-12-EU,SISTRAL ,SISTRAL,Eólica terrestre,EGED,EGREEN,"8,5"
SIVENTA,18W000000000PUH6,SIVENTA,PE SIERRA DE LA VENTA,Eólica terrestre,HC G,HCGSCSA,"47,4"
SIZCO,18WSIZCO-1234-E9,SIZCO,P. E. SIERRA DE IZCO,Eólica terrestre,EGED,EGREEN,"33,0"
SJN1,18WSJN1-12345-AR,S.JUAN 1,SAN JUAN 1,Embalse,GNFG,UFTA,"19,0"
SJN2,18WSJN2-12345-AH,S.JUAN 2,SAN JUAN 2,Embalse,GNFG,UFTA,"19,8"
SJORGE,18W000000000PVTG,SJORGE,UF SOLAR SAN JORGE,Solar fotovoltaica,NEXU,FSJORGE,"21,2"
SJS1,18WSJS1-12345-A9,S.JOSE 1,SAN JOSE 1,Fluyente,IBEG,EBRA,"0,2"
SJS2,18WSJS2-12345--L,S.JOSE 2,SAN JOSE 2,Fluyente,IBEG,EBRA,"0,2"
SJT1,18WSJT1-12345-AZ,S.J.TORAN,SAN JUAN TORAN,Embalse,ENDG,EBRFEN,"13,0"
SJUBAR,18WSJUBAR-123-EU,SJUBAR,P. E. SAN JUAN DE BARGAS,Eólica terrestre,HC G,HCGSIHA,"44,8"
SLBYC01,18W000000000UX35,SLBYC01,SLBYC01,Consumos directos en mercado,SBYCO,SLBYC01,"0,1"
SLCZC01,18W000000000UEZZ,SLCZC01,SLCZC01,Comercializadores mercado libre,SLCZN,SLCZC01,"0,0"
SLM1,18WSLM1-12345-AE,SALIME 1,SALIME 1,Embalse,HC G,HCHI,"39,4"
SLM2,18WSLM2-12345-A4,SALIME 2,SALIME 2,Embalse,HC G,HCHI,"39,2"
SLM3,18WSLM3-12345-AV,SALIME 3,SALIME 3,Embalse,ENDG,TEES,"40,3"
SLM4,18WSLM4-12345-AL,SALIME 4,SALIME 4,Embalse,ENDG,TEES,"38,2"
SLNVB,18W000000000T09M,SLNVB,SLNVB,Solar fotovoltaica,GNRA,UPSLN,"17,5"
SLPRO,18WSLPRO-12345-J,SLPRO,PS20,Solar térmica,EGLE,STSLPRO,"20,0"
SLQUISA,18WSLQUISA-12-DM,SLQUISA,S.A. SULQUISA,Gas natural cogeneración,AME,TSLQ,"14,8"
SLT1,18WSLT1-12345-F1,SALLENT 1G,ESTANGENTO-SALLENTE G1 GENERAC,Turbinación bombeo,ENDG,SLTG,"109,8"
SLT1B,18WSLT1B-12345-J,SALLENT 1B,ESTANGENTO-SALLENTE G1 BOMBEO,Consumo bombeo,ENDG,SLTB,"100,0"
SLT2,18WSLT2-12345-FS,SALLENT 2G,ESTANGENTO-SALLENTE G2 GENERAC,Turbinación bombeo,ENDG,SLTG,"109,8"
SLT2B,18WSLT2B-12345-9,SALLENT 2B,ESTANGENTO-SALLENTE G2 BOMBEO,Consumo bombeo,ENDG,SLTB,"100,0"
SLT3,18WSLT3-12345-FI,SALLENT 3G,ESTANGENTO-SALLENTE G3 GENERAC,Turbinación bombeo,ENDG,SLTG,"109,8"
SLT3B,18WSLT3B--1234-V,SALLENT 3B,ESTANGENTO-SALLENTE G3 BOMBEO,Consumo bombeo,ENDG,SLTB,"100,0"
SLT4,18WSLT4-12345-F8,SALLENT 4G,ESTANGENTO-SALLENTE G4 GENERAC,Turbinación bombeo,ENDG,SLTG,"109,8"
SLT4B,18WSLT4B-12345-Q,SALLENT 4B,ESTANGENTO-SALLENTE G4 BOMBEO,Consumo bombeo,ENDG,SLTB,"100,0"
SMA1,18WSMA1-12345-AN,S.MARINA 1,SANTA MARINA 1,Embalse,ENDG,SBEU,"10,5"
SMA2,18WSMA2-12345-AD,S.MARINA 2,SANTA MARINA 2,Embalse,ENDG,SBEU,"10,1"
SMA3,18WSMA3-12345-A3,S.MARINA 3,SANTA MARINA 3,Embalse,ENDG,SBEU,"13,9"
SMAFW,18W000000000QH5S,SMAFW,SMAFW,Solar fotovoltaica,GNRA,FVGNRA,"4,5"
SMARCP3,18W000000000TPLY,SMAR_C,SMARD_COMPRA,Importación Francia,SMARC,SMARCP3,"10,0"
SMARVP3,18W000000000TPI3,SMARV,SMARD-VENTA,Exportación Francia,SMARC,SMARVP3,"10,0"
SMAT,18WSMAT-12345-A2,SANMATEU,SAN MATEO,Fluyente,ENDG,EBRACC1,"0,5"
SMBARDA,18WSMBARDA-12-E5,SMBARDA,18WSMBARDA-12-E5,Eólica terrestre,IGNIS,UPOUBAS,"3,0"
SMGCP3,18W-SMGCP3-21--O,SMGCP3,SMGCP3,Importación Francia,SMG,SMGCP3,"300,0"
SMGVP3,18W-SMGVP3-41--S,SMGVP3,SMGVP3,Exportación Francia,SMG,SMGVP3,"300,0"
SMI1,18WSMI1-12345-A9,S.MIGUEL 1,SAN MIGUEL 1,Fluyente,IBEG,SIL,"0,2"
SMI2,18WSMI2-12345--L,S.MIGUEL 2,SAN MIGUEL 2,Fluyente,IBEG,SIL,"0,3"
SMIRA,18WSMIRA-1234-ED,SMIRA,P.E. SIERRA DE MIRA,Eólica terrestre,IBGES,EHIBGES,"38,2"
SMONZON,18WSMONZON-123-H,SMONZON,COGEN. EN SALES DE MONZON,Gas natural cogeneración,DETIC,COGSMON,"14,3"
SMPINO,18WSMPINO-123-A5,SMPINO,SMPINO,Fluyente,IBGES,HFIBGES,"2,1"
SMU1,18WSMU1-12345-AP,S.MAURI 1,S. MAURI 1,Embalse,ENDG,EBRFEN,"5,0"
SMU2,18WSMU2-12345-AF,S.MAURI.2,S. MAURI 2,Embalse,ENDG,EBRFEN,"4,8"
SMU3,18WSMU3-12345-A5,S.MAURI 3,S. MAURI 3,Embalse,ENDG,EBRFEN,"5,1"
SMULA,18W000000000F3CQ,UF MULA,UNIDAD FISICA SOLAR MULA,Solar fotovoltaica,EGLE,SIGMU,"392,8"
SNABRIA,18W000000000T783,SNABRIA,UF SOLAR SANABRIA,Solar fotovoltaica,NEXU,FSNBRIA,"37,0"
SNGUES,18W0000000004RHP,SANGUESA N,SANGUESA NAVARRA,Híbrida Renovable,WMARK,HIBSANG,"8,2"
SNIAC01,18W-SNIAC01-6--8,SNIACONS,SNIACONS,Consumos directos en mercado,SNIA,SNIAC01,"4,5"
SNICOG,18WSNICOG-123-DV,SNIACE COG,SNIACE COGENERADOR,Gas natural cogeneración,COGEN,SNICOG,"84,1"
SNRAPAZ,18W000000000SS2U,SNRAPAZ,SNRAPAZ,Solar fotovoltaica,HC G,HCGFVSC,"14,0"
SOB1,18WSOB1-12345-AP,SOBRADEL 1,SOBRADELO 1,Embalse,IBEG,SIL,"22,6"
SOB2,18WSOB2-12345-AF,SOBRADEL 2,SOBRADELO 2,Embalse,IBEG,SIL,"21,6"
SOCAL,18W000000000QYGT,SOCAL,SOCAL,Solar fotovoltaica,GNRA,FVGNRA,"1,7"
SOCAS,18W000000000JNPZ,SOCAS,SOCAS,Solar fotovoltaica,GNRA,UPEMA,"1,2"
SOCED,18W000000000P3WK,SOCED,SOCED,Solar fotovoltaica,GAC,FOGAC,"1,7"
SOCO2,18W000000000TIXV,SOCO2,SOCO2,Solar fotovoltaica,CEG,FSOCO2,"25,6"
SOFCB,18W000000000QP70,SOFCB,SOFCB,Solar fotovoltaica,GNRA,FVGNRA,"1,6"
SOGAMA1,18WSOGAMA1-12-DN,SOGAMA1,P.TERMOEL.APROV.R.S.U. SOGAMA,Residuos domésticos y similares,WMARK,RSOGAM,"50,0"
SOGAMA2,18WSOGAMA2-12-DG,SOGAMA2,P.GEN. BIOGASA SOGAMA,Biogás,WMARK,RSOGBI,"3,6"
SOL1,18WSOL1-12345-AQ,SOLVENTE 1,EL SOLVENTE 1,Fluyente,IBEG,JUCA,"0,8"
SOL2,18WSOL2-12345-AG,SOLVENTE 2,EL SOLVENTE 2,Fluyente,BARER,SOL2,"2,1"
SOLABE1,18WSOLABE1-123-E,SOLABE1,SOLABEN ELECTRICIDAD UNO,Solar térmica,EGLE,STSOLB1,"50,0"
SOLABE2,18WSOLABE2-123-7,SOLABEN 2,SOLABEN 2,Solar térmica,EGLE,STSOLB2,"50,0"
SOLABE3,18WSOLABE3-123-0,SOLABEN3,SOLABEN ELECTRICIDAD TRES,Solar térmica,EGLE,STSOLB3,"50,0"
SOLABE6,18WSOLABE6-123-G,SOLABEN6,SOLABEN TERMOSOLAR 6,Solar térmica,EGLE,STSOLB6,"50,0"
SOLACO1,18WSOLACO1-12--B,SOLACOR1,SOLACOR1,Solar térmica,EGLE,STSOLA1,"50,0"
SOLACO2,18WSOLACO2-123-T,SOLACOR2,SOLACOR2,Solar térmica,EGLE,STSOLA2,"50,0"
SOLANA,18WPE-LA-SOLANAT,SOLANA,P. E. LA SOLANA,Eólica terrestre,EGED,EGREEN,"44,2"
SOLANG,18W000000000EZOL,SOLANGE,NAT SOLAR ALANGE,Solar fotovoltaica,CEG,FSOLANG,"9,1"
SOLANS,18W000000000PLLP,PE SOLANS,PARQUE EOLICO SOLANS,Eólica terrestre,EBLCO,ESOLANS,"44,0"
SOLARGE,18W000000000Q57N,SOLARGE,SOLARGE,Solar fotovoltaica,CEG,FSOLARG,"7,0"
SOLARPL,18W000000000MHQ2,SOLARPL,SOLARPL,Solar fotovoltaica,NEXU,FPLAZA,"1,5"
SOLFC01,18W000000000QE34,SOLFC01,COMPRA COMERCIALIZADORA,Comercializadores mercado libre,SOLFL,SOLFC01,"1,0"
SOLGEN,18W000000000SLER,SOLGENERAF,SOLGENERA FISICA,Solar fotovoltaica,TRISO,SOLGEN,"3,5"
SOLIC01,18W000000000UGV0,PENIN,PENIN,Comercializadores mercado libre,SOLIM,SOLIC01,"1,0"
SOLIVA,18WSOLIVA-123-EK,SOLIVA,P.E. SIERRA DE LA OLIVA,Eólica terrestre,IBGES,EHIBGES,"46,8"
SOLLANA,18W000000000QMS4,SOLLANA,UF SOLAR SOLLANA,Solar fotovoltaica,NEXU,FSOLLAN,"1,2"
SOLLC01,18W-SOLLC01-0--3,SOLLC01,SOLLC01,Comercializadores mercado libre,SOLL,SOLLC01,"0,3"
SOLMARC,18W000000000VEIS,SOL MARCHE,SOL MARCHENA,Solar fotovoltaica,SMARB,SOLMARC,"0,1"
SOLMURC,18W000000000PVH3,SOLMURCIA,UF SOLAR VERGELES SOLARES,Solar fotovoltaica,NEXU,FSMURC,"3,3"
SOLN1,18WSOLN1-12345-F,SOLN1,SOLNOVA ELECTRICIDAD,Solar térmica,EGLE,STSOLN1,"50,0"
SOLN3,18WSOLN3-12345-Y,SOLN3,SOLNOVA ELECTRICIDAD TRES,Solar térmica,EGLE,STSOLN3,"50,0"
SOLN4,18WSOLN4-12345-P,SOLN4,SOLNOVA ELECTRICIDAD CUATRO,Solar térmica,EGLE,STSOLN4,"50,0"
SOLNOC1,18W000000000PT4Z,SOLNOC1,UF SOLAR SOLNOCTIS3,Solar fotovoltaica,NEXU,FSLNOC1,"1,8"
SOLTC01,18W000000000QBO8,SOLTC01,SOLTC01,Comercializadores mercado libre,SOLTE,SOLTC01,"0,1"
SOLUTEX,18WSOLUTEX-123-K,SOLUTEX,SOLUTEX,Gas natural cogeneración,DETIC,TCHPAGR,"1,0"
SOLVAY1,18WSOLVAY1-12-D7,SOLVAY1,SOLVAY I,Derivados del petróleo o carbón,REPSB,TSOLVAI,"47,0"
SOLVAYM,18WSOLVAYM-123-O,SOLVAYM,SOLVAYM,Gas natural cogeneración,EBLCO,SOLVAYM,"21,0"
SOLWC01,18W000000000KCLZ,SOLWE,SOLWE ENERGIA,Comercializadores mercado libre,SOLWE,SOLWC01,"0,2"
SOLWEJU,18W000000000SK0L,SOLWE JUND,SOLWE JUNDESOL,Solar fotovoltaica,SOLWE,SOLWEJU,"0,9"
SOLWESO,18W000000000SJZS,FYNEXU,FYNEXU,Solar fotovoltaica,SOLWE,SOLWESO,"0,9"
SOLYVIE,18W000000000JGG0,SOLYVIENTO,UF SOLAR MAYOR DE 1MW,Solar fotovoltaica,NEXU,FVIENTO,"1,8"
SOMBRIO,18WSOMBRIO-123-Q,SOMBRIO,P.E. EL SOMBRIO,Eólica terrestre,IBGES,EHIBGES,"28,0"
SOMEC01,18W-SOMEC01-1--F,SOMENERGIA,SOMENERGIA,Comercializadores mercado libre,SOMEN,SOMEC01,"200,0"
SOMEN_H,18W000000000UTT2,HYEEXXI,"END CUR  ( TARIFA, HIDRÁULICA,",Fluyente,SOMEN,SOMEN_H,"1,8"
SOMENFV,18W000000000RL6A,FYLAUEI,FYLAUEI,Solar fotovoltaica,SOMEN,SOMENFV,"16,8"
SOMLLA,18W000000000SUIT,SOMLLA,SOMLLA,Solar fotovoltaica,GNRA,UPLLA,"3,2"
SOMOLIN,18WSOMOLIN-12-ED,PE SOMOLIN,P.E.SOMOLINOS,Eólica terrestre,IBGES,EHIBGES,"10,5"
SONAC,18W000000000JJ95,SONAC,SONAC,Solar fotovoltaica,GNRA,UPACUI,"1,8"
SONCA,18W000000000JNM4,SONCA,SONCA,Solar fotovoltaica,GNRA,SONES,"5,4"
SONEC01,18W000000000TMUP,SONESTA L,SONESTA LUZ,Comercializadores mercado libre,SOLUZ,SONEC01,"5,0"
SONIS,18W000000000JJKK,SONIS,SONIS,Solar fotovoltaica,GNRA,UPIZNI,"2,7"
SONNC01,18W000000000UWUS,SONNC01,SONNC01,Comercializadores mercado libre,SONNI,SONNC01,"1,0"
SONSP,18W000000000JMZI,SONSP,SONSP,Solar fotovoltaica,GNRA,UPLINI,"1,8"
SONVI,18W000000000JNO0,SONVI,SONVI,Solar fotovoltaica,GNRA,FVGNRA,"3,2"
SOPAG,18WSOPAG-1234--L,SOPAG,FSOPAG,Solar fotovoltaica,GNRA,SOPAG,"5,8"
SOPRC01,18W000000000POT0,SOPRO PEN,SOPRO PEN,Comercializadores mercado libre,SOPRO,SOPRC01,"1,0"
SORACA2,18W000000000UQJV,SORACA2,UF SOLAR PISORACA 2,Solar fotovoltaica,NEXU,FORACA2,"43,3"
SORACA3,18W000000000UQHZ,SORACA3,UF PISORACA 3,Solar fotovoltaica,NEXU,FORACA3,"27,3"
SORICHE,18W000000000GWMQ,SORICHE,PE SIERA DE ORICHE,Eólica terrestre,ECYR,EEGPEV,"13,8"
SORIG,18WSORIG-1234--U,SORIG,SORIG,Gas natural cogeneración,DETIC,COGSORI,"4,3"
SORXC01,18W000000000K3MN,SOREX,SORS MARKETS LTD,Comercializadores mercado libre,SOREX,SORXC01,"100,0"
SOSRC,18WSOSRC-1234-E9,SOSRC,P. E. SOS DEL REY CATÓLICO,Eólica terrestre,EGED,EGREEN,"48,7"
SOTAVEN,18W000000000QJ7I,SOTAVEN,UFI PE SOTAVENTO,Eólica terrestre,NEXU,ESTVNTO,"17,6"
SOTILLA,18WSOTILLA-123-7,SOTILLA,SOTILLA,Fluyente,DETIC,HFDETIC,"1,1"
SOTILLO,18W000000000GE53,SOTILLO,PE SOTILLO-VM,Eólica terrestre,CEG,PESOTIL,"15,0"
SOTONER,18WSOTONER-12-EX,SOTONER,SOTONER,Eólica terrestre,HC G,HCGSIHA,"18,9"
SOTTC,18W000000000SZYJ,SOTTC,SOTTC,Solar fotovoltaica,GNRA,UPSOT,"10,0"
SOU1,18WSOU1-12345-A1,SOUTELO 1,SOUTELO GR.1,Embalse,IBEG,SIL,"131,9"
SOU2,18WSOU2-12345-AS,SOUTELO 2G,SOUTELO GR.2 GENERAC,Embalse,IBEG,SIL,"81,6"
SOU2B,18WSOU2B--1234-V,SOUTELO 2B,SOUTELO GR.2 BOMBEO,Consumo bombeo,IBEG,SILB,"78,0"
SPARAMO,18WSPARAMO-123-X,SPARAMO,P.E. SERRA DO PARAMO,Híbrida Renovable,WMARK,HIBSPAR,"23,2"
SPB1B,18W000000000TRW6,SPB1B,SPB1B,Consumos directos en mercado,SPBB,SPBBR01,"0,9"
SPB4B,18W000000000TRX4,SPB4B,SPB4B,Consumos directos en mercado,SPBB,SPBBR01,"1,5"
SPBBC01,18W-SPBBC01-8--2,SPBBC01,SPBBC01,Consumos directos en mercado,SPBB,SPBBC01,"2,1"
SPCKC01,18W000000000RBAW,SPCKC01,SPCKC01,Comercializadores mercado libre,SPOCK,SPCKC01,"0,1"
SPEEXXI,18W-SPEEXXI-2--N,SPEEXXI,"END CUR  ( SOLAR TERMICA, PRUE",Solar térmica,EEXXI,SPEEXXI,"0,0"
SPELARD,18W000000000F5YD,S PELARDA,PE SIERRA PELARDA,Eólica terrestre,ECYR,EEGPEV,"14,4"
SPELAYO,18W000000000QRBN,SPELAYO,UF SOLAR SAN PELAYO,Solar fotovoltaica,NEXU,FSPELYO,"2,8"
SPEONUR,18W-SPEONUR-9--Q,SPEONUR,"E.ON CUR ( SOLAR TERMICA, PRUE",Solar térmica,EONUR,SPEONUR,"0,0"
SPGGC01,18W000000000GQO3,SPGGC01,SPGGC01,Consumos directos en mercado,SPGG,SPGGC01,"0,8"
SPHCCUR,18W-SPHCCUR-1--2,SPHCCUR,"HC CUR ( SOLAR TERMICA, PRUEBA",Solar térmica,HCCUR,SPHCCUR,"0,0"
SPIBCUR,18W-SPIBCUR-5--M,SPIBCUR,"IB CUR  ( SOLAR TERMICA, PRUEB",Solar térmica,IBCUR,SPIBCUR,"0,0"
SPINC01,18W000000000DTII,SPINC01,SPINC01,Consumos directos en mercado,SPINR,SPINC01,"1,0"
SPIVB,18W000000000TZ25,SPIVB,SPIVB,Eólica terrestre,GNRA,UPSPIV,"16,0"
SPR1,18WSPR1-12345-AM,S.PEDRO 1,SAN PEDRO 1,Embalse,IBEG,SIL,"17,2"
SPR2,18WSPR2-12345-AC,S.PEDRO 2,SAN PEDRO 2,Embalse,IBEG,SIL,"17,1"
SPR21,18WSPR21-1234--H,S PEDRO2 1,SAN PEDRO2 1,Embalse,IBEG,SIL,"25,8"
SPS1,18WSPS1-12345-AB,S.PASCUA 1,SAN PASCUAL 1,Fluyente,ENDG,GDLQ,"0,4"
SPS2,18WSPS2-12345-A1,S.PASCUA 2,SAN PASCUAL 2,Fluyente,ENDG,GDLQ,"0,4"
SQR1,18WSQR1-12345-AA,SEQUEIRO 1,SEQUEIROS 1,Embalse,IBEG,SIL,"6,6"
SQR2,18WSQR2-12345-A0,SEQUEIRO 2,SEQUEIROS 2,Embalse,IBEG,SIL,"6,2"
SQR3,18WSQR3-12345-AR,SEQUEIRO 3,SEQUEIROS 3,Embalse,IBEG,SIL,"6,5"
SQUITE,18WSQUITE-123-EV,SQUITE,P.E. SANTA QUITERIA,Eólica terrestre,HC G,HCGSIHA,"36,0"
SRI3,18WSRI3-12345-DY,SOTO RIB 3,SOTO DE LA RIBERA  (G.3),Hulla antracita,HC G,SRI3,"346,2"
SRI4,18WSRI4-123456-V,SRI4,SOTO RIBERA GRUPO 4,Ciclo combinado,HC G,SRI4,"426,0"
SRI5,18WSRI5-12345--5,SOTO 5,C.C. SOTO DE RIBERA 5,Ciclo combinado,CCSR4,SRI5,"428,1"
SRM1,18WSRM1-12345-AG,S.RAMON 1,SAN RAMON 1,Fluyente,ENDG,GDLQ,"0,2"
SRM2,18WSRM2-12345-A6,S.RAMON 2,SAN RAMON 2,Fluyente,ENDG,GDLQ,"0,3"
SRM3,18WSRM3-12345-AX,S.RAMON 3,SAN RAMON 3,Fluyente,ENDG,GDLQ,"0,4"
SROM,18WSROM-12345-A6,S.ROMAN,SAN ROMAN,Fluyente,IBEG,DUER,"5,5"
SROQ1,18WSROQ1-1234-CJ,S.ROQUE 1,SAN ROQUE 1,Ciclo combinado,GNCC,SROQ1,"389,8"
SROQ2,18WSROQ2-1234-CA,S.ROQUE 2,SAN ROQUE 2,Ciclo combinado,ENDG,SROQ2,"401,8"
SRQE,18W000000000S9GM,SRQE,SRQE,Eólica terrestre,REPSB,ESRQE,"15,0"
SRS1,18WSRS1-12345-AO,SEROS 1,SEROS 1,Embalse,ENDG,EBRFEN,"10,9"
SRS2,18WSRS2-12345-AE,SEROS 2,SEROS 2,Embalse,ENDG,EBRFEN,"10,9"
SRS3,18WSRS3-12345-A4,SEROS 3,SEROS 3,Embalse,ENDG,EBRFEN,"10,9"
SRS4,18WSRS4-12345-AV,SEROS 4,SEROS 4,Embalse,ENDG,EBRFEN,"10,9"
SRUBIO,18WSRUBIO-123-EY,SRUBIO,P.E. SERRA DE RUBIO,Eólica terrestre,EGED,EGREEN,"49,5"
SRVGC01,18W-SRVGC01-1--M,GASHOGAR15,GASHOGAR15,Comercializadores mercado libre,SRVGS,SRVGC01,"50,0"
SRVIC01,18W000000000SHKR,SRVI,SERVINERGIA,Comercializadores mercado libre,SERV,SRVIC01,"1,0"
SS41AL,18W000000000OSN4,SS41AL,SS41AL,Comercializadores mercado libre,FORTI,FORTR01,"1,0"
SSEECP3,18W000000000T2NP,COMPRA_F,COMPRA_FRANCIA,Importación Francia,SSEEN,SSEECP3,"20,0"
SSEEVP3,18W000000000T2MR,VENTA_F,VENTA_FRANCIA,Exportación Francia,SSEEN,SSEEVP3,"20,0"
SSFCER,18W000000000TSPH,SSFCER,SSFCER,Comercializadores mercado libre,ENDCO,ENDER01,"1,0"
SSFHAT,18W000000000TYN3,SSFHAT,SSFHAT,Comercializadores mercado libre,ENDCO,ENDER01,"1,0"
SSFLIR,18W000000000TYO1,SSFLIR,SSFLIR,Comercializadores mercado libre,ENDCO,ENDER01,"1,0"
SSFVIL,18W000000000TSQF,SSFVIL,SSFVIL,Comercializadores mercado libre,ENDCO,ENDER01,"1,0"
SSL1,18WSSL1-12345-AF,SANTSIL 1,SANTIAGO-SIL 1,Embalse,IBEG,SIL,"7,4"
SSL2,18WSSL2-12345-A5,SANTSIL 2,SANTIAGO-SIL 2,Embalse,IBEG,SIL,"7,4"
SSVAN,18W000000000MSHO,SSVAN,SSVAN,Solar fotovoltaica,GNRA,FVSSVAN,"40,0"
ST4-UF,18WST4-UF-1234-P,ST4 PARC,ST4 PAR ALBA,Gas natural cogeneración,LMER,ST4,"9,7"
STA1,18WSTA1-12345-AD,STA.ANA 1,SANTA ANA 1,Embalse,ENDG,EBRFEN,"15,0"
STA2,18WSTA2-12345-A3,STA.ANA 2,SANTA ANA 2,Embalse,ENDG,EBRFEN,"15,0"
STAQC01,18W0000000004VZE,S COLOMA,ELEC MUN S COLOMA DE QUERALT,Comercializadores mercado libre,STACO,STAQC01,"1,6"
STBUTQ,18WSTBUTQ-1234-3,STBUTQ,SECADERO TÉRMICO BUTARQUE,Gas natural cogeneración,CEG,TBUTARQ,"18,0"
STC4,18WSTC4-12345-CV,SANTURCE 4,SANTURCE (G.4),Ciclo combinado,IBGT,STC4,"396,4"
STE1,18WSTE1-12345-A6,S.TERESA 1,SANTA TERESA 1,Embalse,IBEG,DUER,"10,3"
STE2,18WSTE2-12345-AX,S.TERESA 2,SANTA TERESA 2,Embalse,IBEG,DUER,"10,3"
STENBA,18WSTENBA-123-DL,STENBA,STENBA,Gas natural cogeneración,EGLE,TSTENBA,"46,0"
STEV,18W000000000SAL9,STEV,STEV,Eólica terrestre,REPSB,ESTEV,"31,0"
STIB,18WSTIB-12345-AA,S.TIBURCIO,SAN TIBURCIO,Fluyente,ASIE,MHLRMER,"1,3"
STINC01,18W0000000001UYV,STINC01,STIN UNIDAD COMERCIALIZACION,Comercializadores mercado libre,STIN,STINC01,"1,0"
STLLMA,18W000000000TSOJ,STLLMA,STLLMA,Comercializadores mercado libre,ENDCO,ENDER01,"1,0"
STLLVI,18W000000000V476,STLLVI,STLLVI,Comercializadores mercado libre,ENDCO,ENDER01,"1,0"
STLLZA,18W000000000V468,STLLZA,STLLZA,Comercializadores mercado libre,ENDCO,ENDER01,"1,0"
STMCOG,18W000000000S22Y,STMCOG,STMCOG,Comercializadores mercado libre,SHELL,SESAR01,"1,0"
STMMIN,18W000000000S23W,STMMIN,STMMIN,Comercializadores mercado libre,SHELL,SESAR01,"1,0"
STODC,18W000000000QX7D,STODC,STODC,Solar fotovoltaica,GNRA,FVGNRA,"2,0"
STOMAS,18W000000000QKD3,STOMAS,UF SOLAR ST TOMAS,Solar fotovoltaica,NEXU,FSTOMAS,"17,2"
STROC01,18W-STROC01-5--Q,STROC1,STROC1,Comercializadores mercado libre,STROM,STROC01,"0,1"
STROV01,18W000000000VI9Y,STROV01,VENTA STROM,0,STROM,STROV01,"0,1"
SUCAC01,18W0000000006ZNI,SUCAS,SUCA SOCIEDAD COOPERATIVA,Comercializadores mercado libre,SUCAS,SUCAC01,"3,0"
SUESO,18W000000000JNJA,SUESO,SUESO,Solar fotovoltaica,GNRA,UPLSU,"1,5"
SULAC01,18W-SULAC01-1--W,SULAYR,SULAYR GLOBAL SERVICE,Consumos directos en mercado,SULA,SULAC01,"0,7"
SUMAC01,18W000000000IAAY,SUMAE,SUMA ENERGIA SL,Comercializadores mercado libre,SUMAE,SUMAC01,"0,6"
SUNAC01,18W-SUNAC01-3--4,SUNAIR ONE,SUNAIR ONE,Comercializadores mercado libre,SUNAI,SUNAC01,"0,1"
SUNCC01,18W000000000FSM5,SUNCAPEN,SUNCA PENINSULA,Comercializadores mercado libre,SUNCA,SUNCC01,"0,1"
SUNFC01,18W000000000QE26,SUNFC01,COMPRA ALDERAAN,Comercializadores mercado libre,SUNFL,SUNFC01,"1,0"
SUNHC01,18W-SUNHC01----V,SUNAIRHOME,SUNAIR ONE HOME,Comercializadores mercado libre,SUNHO,SUNHC01,"0,1"
SUNO1,18W000000000U1SE,SUNO1,FV SUNO1,Solar fotovoltaica,CEG,FSUNO1,"15,9"
SUNO2,18W000000000U1UA,SUNO2,FV SUNO 2,Solar fotovoltaica,CEG,FSUNO2,"10,0"
SUNPC01,18W000000000OUPV,UP SUNPS,UP SUN POWER 365,Comercializadores mercado libre,SUNPS,SUNPC01,"0,1"
SUPFOS,18W000000000V35D,SUPFOS,SUPFOS,Comercializadores mercado libre,ENDCO,ENDER01,"1,0"
SUPRC01,18W000000000U38B,SELECTRA,SUMINISTROS PROPIOS ENERGIA,Comercializadores mercado libre,SUMIA,SUPRC01,"1,0"
SUS1,18WSUS1-12345-AP,SUSQUEDA 1,SUSQUEDA 1,Embalse,ENDG,TERE,"38,5"
SUS2,18WSUS2-12345-AF,SUSQUEDA 2,SUSQUEDA 2,Embalse,ENDG,TERE,"36,3"
SUS3,18WSUS3-12345-A5,SUSQUEDA 3,SUSQUEDA 3,Embalse,ENDG,TERE,"13,3"
SVIRGEN,18WSVIRGEN-12-EK,SVIRGEN,P.E. SIERRA DE LA VIRGEN,Eólica terrestre,ECYR,EREGPEM,"28,8"
SVOLTOR,18WSVOLTOR-123-T,SERRA VOLT,PE SERRA VOLTORERA,Eólica terrestre,NEXU,EVOLTOR,"16,0"
SWAPC01,18W-SWAPC01-8--V,SWAPENERGI,SWAP ENERGIA,Comercializadores mercado libre,SWAPE,SWAPC01,"0,1"
SXOAN,18WSXOAN-1234-EG,SXOAN,SXOAN,Eólica terrestre,EGED,EGREEN,"15,8"
SYEEXXI,18W-SYEEXXI-9--7,SYEEXXI,"END CUR  ( TARIFA, SOLAR TERMI",Solar térmica,EEXXI,SYEEXXI,"0,0"
SYEGUAS,18WSYEGUAS-123-R,SYEGUAS,18WSYEGUAS-123-R,Fluyente,EGLE,HSYEGU,"4,9"
SYENC01,18W000000000MDD3,SYENC01,SYENE_UP,Comercializadores mercado libre,SYENE,SYENC01,"1,0"
SYEONUR,18W-SYEONUR-2--T,SYEONUR,"E.ON CUR ( TARIFA, SOLAR TERMI",Solar térmica,EONUR,SYEONUR,"0,0"
SYGNSUR,18W-SYGNSUR-2--F,SYGNSUR,"GN SUR SDG ( TARIFA, SOLAR TER",Solar térmica,GNSUR,SYGNSUR,"0,0"
SYHCCUR,18W-SYHCCUR-2--A,SYHCCUR,"HC CUR ( TARIFA, SOLAR TERMICA",Solar térmica,HCCUR,SYHCCUR,"0,0"
SYIBCUR,18W-SYIBCUR-3--5,SYIBCUR,"IB CUR  ( TARIFA, SOLAR TERMIC",Solar térmica,IBCUR,SYIBCUR,"0,0"
T101150,18W000000000UHXU,T101150,T101150,Solar fotovoltaica,SOLRC,FT10150,"29,6"
TAB1,18WTAB1-12345-AW,TABESCAN 1,TABESCAN 1,Embalse,ENDG,EBRFEN,"31,5"
TAB2,18WTAB2-12345-AM,TABESCAN 2,TABESCAN 2,Embalse,ENDG,EBRFEN,"59,3"
TAB3,18WTAB3-12345-AC,TABESCAN 3,TABESCAN 3,Embalse,ENDG,EBRFEN,"59,3"
TABER1,18W000000000OYPJ,TABER1,SFV TABERNAS,Solar fotovoltaica,GNCO,FGASN2U,"45,0"
TABER2,18W000000000OYQH,TABER2,SFV TABERNAS2,Solar fotovoltaica,GNCO,FGASN2U,"45,0"
TABERNS,18W000000000NKMY,TBRNAS,TABNERSII,Solar fotovoltaica,GESTE,FTABRNS,"41,6"
TABLADO,18WTABLADO-12-E7,TABLADO,P.E. EL TABLADO,Eólica terrestre,IBGES,EHIBGES,"19,8"
TABLARE,18W000000000GI6Q,TABLARES,PE TABLARES,Eólica terrestre,CEG,PETABLA,"11,9"
TABLCET,18W000000000UDMR,TABLCET,TABLERO,Gas natural cogeneración,EGLE,TCETA,"22,9"
TABLERO,18WTABLERO-123-P,TABLERO,INDUSTRIAS DEL TABLERO,Derivados del petróleo o carbón,WMARK,TTABLER,"24,8"
TABLICI,18WTABLICI-123-3,TABLEROS,TABLEROS HISPANOS,Gas natural cogeneración,DETIC,COGTABL,"7,2"
TABLOS,18W000000000UBAK,TABLOS,LOSAN,Biomasa,EGLE,RTABLOS,"4,2"
TACBR,18W000000000R0QX,TACBR,TACBR,Solar fotovoltaica,GNRA,UPTAC,"35,0"
TACICAP,18WTACICADEPLATJ,TACICAP,TACICA DE PLATA,Eólica terrestre,IBGES,EHIBGES,"26,0"
TAEEXXI,18WTAEEXXI-12--8,ATL COOP,ATLANTIC COOPER,Energía residual,EEXXI,TAEEXXI,"11,5"
TAGUS1,18W000000000QIBD,TAGUS1,FV TAGUS I,Solar fotovoltaica,IBGES,FIBGT12,"37,0"
TAGUS2,18W000000000QICB,TAGUS2,FV TAGUS II,Solar fotovoltaica,IBGES,FIBGT12,"37,0"
TAGUS3,18W000000000QID9,TAGUS3,FV TAGUS III,Solar fotovoltaica,IBGES,FIBGT34,"37,0"
TAGUS4,18W000000000QIE7,TAGUS4,FV TAGUS IV,Solar fotovoltaica,IBGES,FIBGT34,"37,0"
TAHIVI,18WTAHIVI-123-E7,TAHIVI,P.E. TAHIVILLA,Eólica terrestre,HC G,HCGSIHA,"30,0"
TAJTN,18W000000000O6YB,TAJTN,TAJTN,Fluyente,GNRA,HFGNRA,"1,7"
TALAR1,18W000000000GERX,TALARR1,FV TALARRUBIAS I,Solar fotovoltaica,NEXU,FTALAR1,"34,3"
TALAR2,18W000000000GESV,TALARR2,FV TALARRUBIAS II,Solar fotovoltaica,NEXU,FTALAR2,"34,3"
TALARN,18WTALARN-1234-H,TALARN,UF TALARN III,Fluyente,EFG,HGEFG,"2,4"
TALARRU,18WTALARRU-123-E,TALARRU,TALARRUBIAS,Solar fotovoltaica,GESTE,FTALARR,"1,9"
TALASOL,18W000000000JQVE,TALASOL,TALASOL SOLAR PV,Solar fotovoltaica,EGLE,FTASOL,"243,9"
TALAVE,18W000000000JLVT,TALAVE,TALAVE,Embalse,CEG,HYTLAVE,"5,2"
TALAVER,18WTALAVER-12-AJ,TALAVER,TALAVER,Fluyente,ASIE,HFASIE,"2,8"
TALAYA,18W000000000UJO5,TALAYA,TALAYA,Solar fotovoltaica,CEG,FTALAYA,"1,2"
TALAYAS,18W000000000T25O,TALAYAS,PE LAS ATALAYAS,Eólica terrestre,EGLE,EPRADA4,"49,5"
TALAYEL,18W000000000PWSF,TALAYLAS2,TALAYUELA2,Solar fotovoltaica,GESTE,FTALYEL,"44,0"
TALAYU,18W000000000JVZS,TALAYU,PFV TALAYUELA SOLAR,Solar fotovoltaica,EGLE,FGENIA,"250,0"
TALEC01,18W0000000004VYG,TALARN_UP,TALARN_UNIDAD_PROGRAMACION,Comercializadores mercado libre,TALEN,TALEC01,"0,2"
TALEGA,18W000000000ROCQ,TALEGA,TALEGA,Solar fotovoltaica,CEG,FTALEGA,"1,6"
TALGC01,18W000000000PRRW,TALGC01,TALGC01,Consumos directos en mercado,TALGA,TALGC01,"0,5"
TALIA1,18W000000000TH4I,TALIA1,TALIA1,Solar fotovoltaica,ATENC,FTALIA1,"5,1"
TALIA2,18W000000000TH5G,TALIA2,TALIA2,Solar fotovoltaica,ATENC,FTALIA2,"7,8"
TALLAT,18WTALLAT-1234-C,TALLAT,P.E. SERRA DEL TALLAT,Eólica terrestre,EGED,EGREEN1,"49,5"
TALLI,18WTALLI-12345-0,TALLI,P.E. LA TALLISCA,Eólica terrestre,IBGES,EHIBGES,"40,0"
TAM1,18WTAM1-12345-AM,TAMBRE 1,TAMBRE 1 (TAMBRE I G1),Embalse,GNFG,UFGC,"4,2"
TAM2,18WTAM2-12345-AC,TAMBRE 2,TAMBRE 2 (TAMBRE I G2),Embalse,GNFG,UFGC,"4,3"
TAM3,18WTAM3-12345-A2,TAMBRE 3,TAMBRE 3 (TAMBRE I G3),Embalse,GNFG,UFGC,"4,3"
TAM4,18WTAM4-12345-AT,TAMBRE 4 ,TAMBRE 4 (TAMBRE I G4),Embalse,GNFG,UFGC,"10,3"
TAM5,18WTAM5-12345-AJ,TAMBRE 5,TAMBRE 5 (TAMBRE II G1),Embalse,GNFG,UFGC,"62,7"
TAN1,18WTAN1-12345-F1,TANES 1G,TANES GR.1 GENERAC.,Embalse,HC G,HCHI,"62,3"
TAN1B,18WTAN1B-12345-J,TANES 1B,TANES GR.1 BOMBEO,Consumo bombeo,HC G,TANB,"55,0"
TAN2,18WTAN2-12345-FS,TANES 2G,TANES GR.2 GENERAC.,Embalse,HC G,HCHI,"61,8"
TAN2B,18WTAN2B-12345-9,TANES 2B,TANES GR.2 BOMBEO,Consumo bombeo,HC G,TANB,"55,0"
TANGUBU,18WTANGUBU-123-X,TANGUBU,UF COG ANGULO BURGOS,Gas natural cogeneración,DETIC,COGTANG,"6,3"
TANGURO,18WTANGURO-123-L,TANGURO,UF COG ANGULO RONDA,Gas natural cogeneración,DETIC,COGTAN2,"3,0"
TAPOWER,18WTAPOWER-12-C7,TAPOWER,TARRAGONA POWER,Ciclo combinado,TAPOW,TAPOWER,"416,9"
TARACEN,18W000000000QIJY,TARACN,TARACNAN,Solar fotovoltaica,GESTE,FTARACN,"6,6"
TARACES,18W000000000QILU,TARCS,TARACENS,Solar fotovoltaica,GESTE,FTARACS,"5,1"
TARAYUE,18WTARAYUE-12-ET,TARAYUE,P.E.TARAYUELA,Eólica terrestre,IBGES,EHIBGES,"30,0"
TARBA,18W000000000JYQ0,TARBA,UF TARBA,Residuos varios,GEMSL,TTARBA,"8,1"
TARDI1,18WTARDI1-123-EF,TARDI1,P.E. TARDIENTA I,Eólica terrestre,IBGES,EHIBGES,"49,5"
TARDI2,18WTARDI2-123-E7,TARDI2,P.E. TARDIENTA II,Eólica terrestre,IBGES,EHIBGES,"44,2"
TASIX,18W000000000TUS5,TASIX,TASIX,Solar fotovoltaica,GNRA,UPSON5,"13,2"
TASIX2,18W000000000TXM8,TASIX2,TASIX2,Solar fotovoltaica,GNRA,UPSON5,"3,4"
TATAC01,18W000000000UXK8,TATAC01,TATAC01,Comercializadores mercado libre,TATAN,TATAC01,"0,0"
TAULELL,18WTAULELL-12-DH,TAULELL,TAULELL,Gas natural cogeneración,WMARK,TCTAULE,"9,9"
TAUSTE,18W000000000SZDO,TAUSTE,UF SOLAR TAUSTE,Solar fotovoltaica,NEXU,FTAUSTE,"1,9"
TAUTC01,18W000000000LD2T,TAUTRA,TAUTRA COMPRA,Comercializadores mercado libre,TAUTR,TAUTC01,"0,1"
TCIBCUR,18W000000000PMV2,TCIBCUR,COGENERACION MECANISMO AJUSTE,Gas natural cogeneración,IBCUR,TCIBCUR,"0,0"
TCOTIL,18W000000000GEQZ,COTILLAS,TORRES COTILLAS,Solar fotovoltaica,NEXU,FCOTILL,"42,2"
TE4148,18W000000000UI0J,TE4148,TE4148,Solar fotovoltaica,SOLRC,FTE4148,"40,0"
TE91156,18W000000000UI2F,TE91156,TE91156,Solar fotovoltaica,SOLRC,FTE9156,"29,6"
TEA,18WTEA-123456-EX,TEA,P.E. DE TEA,Eólica terrestre,EGED,EDEVAG,"48,1"
TEA1,18WTEA1-123456-X,TEA1,18WTEA1-123456-X,Fluyente,EGLE,HENGAG,"2,6"
TEBAR,18W000000000SZEM,TEBAR,UF SOLAR TEBAR,Solar fotovoltaica,NEXU,FTEBAR,"1,0"
TECNUTR,18W000000000OGJB,TECNUTR,TECNUTR,Derivados del petróleo o carbón,DETIC,COGTECN,"1,0"
TECQU,18WTECQU-12345-4,TECQU,TECNICAS COGENERACIÓN QUART,Gas natural cogeneración,IGNIS,TTECQU,"7,3"
TEIXID,18W000000000TSRD,TEIXID,TEIXID,Comercializadores mercado libre,ENDCO,ENDER01,"1,0"
TEIXIDO,18WTEIXIDO-12-EN,TEIXIDO,TEIXIDO,Eólica terrestre,ECYR,EEGPEM,"23,1"
TEJEDA,18W000000000J22X,TEJEDA,PS TEJEDA,Solar fotovoltaica,INTRA,INTRE02,"5,0"
TEJES,18W000000000N2YR,TEJES,TEJES,Solar fotovoltaica,GNRA,FVTEJES,"7,0"
TEJONER,18WTEJONEROVEJER,TEJONER,PARQUE EOLICO TEJONERO,Eólica terrestre,NEXU,ETEJONE,"32,0"
TELEST2,18W000000000PPUW,TELEST2,FV TELESTO SOLAR 2,Solar fotovoltaica,EGLE,FFV155,"40,0"
TELEST3,18W000000000PPVU,TELEST3,FV TELESTO SOLAR 3,Solar fotovoltaica,EGLE,FFV154,"40,0"
TENDC01,18W0000000006OEW,TENDC01,TENDC01,Comercializadores mercado libre,TENDE,TENDC01,"1,0"
TEOTC01,18W000000000SWCZ,TORNA,TORNAENER,Comercializadores mercado libre,TORNA,TEOTC01,"0,0"
TEQIX,18W000000000TU0O,TEQIX,TEQIX,Solar fotovoltaica,GNRA,UPSON4,"5,0"
TERM,18WTERM-12345-A5,TERMENS ,TERMENS,Fluyente,ENDG,EBRFEN,"11,8"
TERMOS1,18W000000000RWNH,TGST148,TGST148,Solar térmica,GESTE,TGST148,"49,9"
TERMOS2,18W000000000RWQB,TGST149,TGST149,Solar térmica,GESTE,TGST149,"49,9"
TEROYO,18W000000000OIAN,TEROYO,UF COG TEJ ROYO,Gas natural cogeneración,NEXU,TTROYO,"1,0"
TERRER,18W000000000TGC5,TERRER,UF SOLAR TERRER,Solar fotovoltaica,NEXU,FTERRER,"107,5"
TERSC01,18W0000000006Q0H,TERSACOMER,TERSA COMPRA PEN,Comercializadores mercado libre,TERSA,TERSC01,"0,1"
TERUELO,18WTERUELO-12-E0,TERUELO,P.E. EL TERUELO,Eólica terrestre,IBGES,EHIBGES,"43,3"
TERVALI,18W000000000U6P5,FV TERVALI,FV TERVALIS,Solar fotovoltaica,DREUA,FDREU20,"1,5"
TESOPA,18W000000000GA3J,TESOPA,P E TESOPARDO,Eólica terrestre,GNCO,EGASNE2,"36,3"
TESORI,18W000000000GODV,TESORI,PE TESORILLO,Eólica terrestre,GNCO,EGASNE2,"26,0"
TEV2C01,18W000000000Q1CP,TEV2C01,TEV2C01,Consumos directos en mercado,TEVI,TEV2C01,"2,7"
TEVIC01,18W0000000004DIS,TEVIC01,TEVIC01,Consumos directos en mercado,TEVI,TEVIC01,"14,3"
TEXSAN,18W000000000TSSB,TEXSAN,TEXSAN,Comercializadores mercado libre,ENDCO,ENDER01,"1,0"
TEXTILS,18WTEXTILS-12-DU,RE-00793,TEXTIL SANTANDERINA,Gas natural cogeneración,NEXU,TSANTA,"4,5"
TFAPRO,18WTFAPRO-1234-V,TFAPRO,TFAPRO,Solar fotovoltaica,NEXU,FTFAPRO,"10,0"
TFGALL,18WTFGALL-1234-8,TFGALL,TFGALL,Gas natural cogeneración,NEXU,TTFGALL,"14,8"
TFTPSJ,18W-TFTPSJ-18--G,TFTPSJ,COG.TORRAS PAPEL  ST.JOAN (TAR,Gas natural cogeneración,NEXU,TTFTPSJ,"24,9"
TGBSC01,18W0000000008CAV,TGBSC01,TGBSC01,Consumos directos en mercado,TGBSA,TGBSC01,"0,6"
TGROSA,18W000000000LKGH,TORREGROSA,UF TORREGROSA,Solar fotovoltaica,NEXU,FRULAOR,"1,0"
TGYEC01,18W00000000069U8,TGYE,TOTAL GAS Y ELECTRICIDAD ESPAÑ,Comercializadores mercado libre,TGYE,TGYEC01,"1,0"
THARIM,18W-THARIM-56--S,THARIM,UP HARIMASA,Gas natural cogeneración,GNRA,THARIM,"1,0"
THELC01,18W000000000R9DW,THELC01,UP THE ELECTRICTY,Comercializadores mercado libre,THELE,THELC01,"0,1"
THERC01,18W-THERC01-7--J,THERMOLYMP,THERMOLYMPIC S.L,Consumos directos en mercado,THER,THERC01,"0,7"
TICO,18W000000000KMDL,PE TICO,PARQUE EOLICO TICO,Eólica terrestre,ECYR,TICO,"175,0"
TICOSO1,18W000000000LRML,TICOSO1,TICO SOLAR 1,Solar fotovoltaica,ECYR,FEGPEV,"41,6"
TICOSO2,18W000000000LRNJ,TICOSO2,TICO SOLAR 2,Solar fotovoltaica,ECYR,FEGPEV,"28,1"
TIEATOM,18WTIEATOM-123-K,TIEATOM,18WTIEATOM-123-K,Gas natural cogeneración,EGLE,TATOM,"3,8"
TIGUEIR,18WTIGUEIR-123-K,TIGUEIR,18WTIGUEIR-123-K,Eólica terrestre,EGLE,EORTIV,"6,0"
TIJOLA,18WTIJOLA-123--D,TIJOLA,18WTIJOLA-123--D,Fluyente,EGLE,HACUAM,"5,3"
TILOS,18W000000000RKB3,CHTILOS,CHTILOS,Fluyente,INTRA,HDALT02,"1,5"
TINAJE1,18W000000000R5SE,TINAJE1,UF SOLAR TINAJEROS 1,Solar fotovoltaica,NEXU,FTINJR1,"5,0"
TINAJR2,18W000000000R5TC,TINAJR2,UF SOLAR TINAJEROS 2,Solar fotovoltaica,NEXU,FTINJR2,"5,0"
TIOHERR,18WTIOHERR-123-R,TIOHERR,SOCIEDAD DE TRATAMIENTO HORNIL,Gas natural cogeneración,GNCO,TFGASN,"7,4"
TIRAPU,18W000000000HGQP,TIRAPU,PE TIRAPU,Eólica terrestre,GNCO,EGASNE1,"13,2"
TIRCC01,18W0000000007VMS,TIRVIA,SOCIETAT MUNICIPAL DE COMERCIA,Comercializadores mercado libre,COTIR,TIRCC01,"0,3"
TIRMADR,18WTIRMADR-123-I,TIRMADR,TIRMADRID,Residuos domésticos y similares,EGLE,RTIRMA,"29,8"
TIT151,18W000000000UDW7,TIT151,TIT151,Solar fotovoltaica,SOLRC,FTIT151,"40,0"
TJE1,18WTJE1-12345-FT,TAJOENC 1G,TAJO DE LA ENCANTADA 1 GENERAC,Turbinación bombeo,ENDG,TJEG,"96,7"
TJE1B,18WTJE1B-12345-A,TAJOENC 1B,TAJO DE LA ENCANTADA 1 BOMBEO,Consumo bombeo,ENDG,TJEB,"105,0"
TJE2,18WTJE2-12345-FJ,TAJOENC 2G,TAJO DE LA ENCANTADA 2 GENERAC,Turbinación bombeo,ENDG,TJEG,"94,5"
TJE2B,18WTJE2B-12345-0,TAJOENC 2B,TAJO DE LA ENCANTADA 2 BOMBEO,Consumo bombeo,ENDG,TJEB,"105,0"
TJE3,18WTJE3-12345-F9,TAJOENC 3G,TAJO DE LA ENCANTADA 3 GENERAC,Turbinación bombeo,ENDG,TJEG,"89,5"
TJE3B,18WTJE3B-12345-R,TAJOENC 3B,TAJO DE LA ENCANTADA 3 BOMBEO,Consumo bombeo,ENDG,TJEB,"105,0"
TJE4,18WTJE4-12345--V,TAJOENC 4G,TAJO DE LA ENCANTADA 4 GENERAC,Turbinación bombeo,ENDG,TJEG,"96,0"
TJE4B,18WTJE4B-12345-H,TAJOENC 4B,TAJO DE LA ENCANTADA 4 BOMBEO,Consumo bombeo,ENDG,TJEB,"105,0"
TLA1,18WTLA1-12345-AM,TALARN 1,TALARN 1,Embalse,ENDG,EBRFEN,"8,6"
TLA2,18WTLA2-12345-AC,TALARN 2,TALARN 2,Embalse,ENDG,EBRFEN,"8,6"
TLA3,18WTLA3-12345-A2,TALARN 3,TALARN 3,Embalse,ENDG,EBRFEN,"8,6"
TLA4,18WTLA4-12345-AT,TALARN 4,TALARN 4,Embalse,ENDG,EBRFEN,"8,6"
TLAYUE2,18W000000000RAVU,TLAYUE 2,UF SOLAR TALAYUELA 2,Solar fotovoltaica,NEXU,FTLAYL2,"5,0"
TLAYUEL,18W000000000R9T0,TLAYUEL,UF SOLAR TALAYUELA 1,Solar fotovoltaica,NEXU,FTLAYL1,"5,0"
TLCMC01,18W000000000K2SE,TEL COMER1,TELECOR COMERCIALIZADORA 01,Comercializadores mercado libre,TLCOR,TLCMC01,"1,0"
TLCRC01,18W000000000JGBA,TLCRC01,TLCRC01,Consumos directos en mercado,TLCOR,TLCRC01,"16.676,1"
TLLANO,18W000000000PS6Y,TLLANO,PUERTOLLANO,Solar fotovoltaica,SHEEN,SHEPV09,"26,5"
TMADRIN,18WTMADRIN-123-8,TMADRIN,TORRE MADRINA,Eólica terrestre,IGNIS,ETMA,"50,0"
TMSIX,18W000000000NBJU,TMSIX,TMSIX,Solar fotovoltaica,GNRA,TMGAL,"38,7"
TO1PSP,18W000000000UI59,TO1PSP,TO1PSP,Solar fotovoltaica,SOLRC,FTO1PSP,"24,9"
TO2101,18W000000000UIDU,TO2101,TO2101,Solar fotovoltaica,SOLRC,FTO2101,"40,0"
TOBA,18WTOBA-12345-AX,LA TOBA,LA TOBA,Embalse,GNFG,UFTA,"0,5"
TOBOSO1,18W000000000TN16,FV TOBOSO1,FV TOBOSO 1,Solar fotovoltaica,DREUA,FDREU17,"1,0"
TOBOSO2,18W000000000V23K,FV TOBOSO2,FV TOBOSO 2,Solar fotovoltaica,DREUA,FDREU23,"1,0"
TOCONAL,18W000000000NAF4,TOCONAL,EL TOCONAL-CENTAURO,Solar fotovoltaica,ADXRE,FAUDAX,"4,4"
TOCOTI,18W000000000EP89,TOCOTI,TOCOTI,Solar fotovoltaica,CEG,F1CEG,"3,3"
TODMN,18W000000000TUZS,TODMN,TODMN,Solar fotovoltaica,GNRA,UPSON3,"2,0"
TODOSON,18WTODOSON-123-6,TODOSON,18WTODOSON-123-6,Eólica terrestre,CEG,E1CEG,"3,0"
TOECC01,18W000000000S4NN,TRISO,TRISOLARIS,Comercializadores mercado libre,TRISO,TOECC01,"1,0"
TOJ1,18WTOJ1-12345-AZ,TORREJ 1G,TORREJON GR.1 GENERAC.,Embalse,IBEG,TAJO,"32,1"
TOJ1B,18WTOJ1B-12345-6,TORREJ 1B,TORREJON GR.1 BOMBEO,Consumo bombeo,IBEG,TAJB,"18,0"
TOJ2,18WTOJ2-12345-AP,TORREJ 2G,TORREJON GR.2 GENERAC.,Embalse,IBEG,TAJO,"32,3"
TOJ2B,18WTOJ2B-12345-X,TORREJ 2B,TORREJON GR.2 BOMBEO,Consumo bombeo,IBEG,TAJB,"18,0"
TOJ3,18WTOJ3-12345-AF,TORREJ 3G,TORREJON GR.3 GENERAC.,Embalse,IBEG,TAJO,"32,3"
TOJ3B,18WTOJ3B-12345-N,TORREJ 3B,TORREJON GR.3 BOMBEO,Consumo bombeo,IBEG,TAJB,"18,0"
TOJ4,18WTOJ4-12345-A5,TORREJ 4G,TORREJON GR.4 GENERAC.,Embalse,IBEG,TAJO,"33,6"
TOJ4B,18WTOJ4B-12345-D,TORREJ 4B,TORREJON GR.4 BOMBEO,Consumo bombeo,IBEG,TAJB,"18,0"
TOLSA,18WTOLSA-1234--0,TOLSA,TOLSA,Gas natural cogeneración,CEG,TTOLSA,"12,5"
TOMACAN,18WTOMACAN-123-7,TOMACAN,TOMA CANAL DE NAVARRA,Fluyente,CEG,HPCANAV,"20,0"
TOMI,18W000000000RM4B,TOMI,EL TOMILLAR,Solar fotovoltaica,REPSB,FTOMI,"13,0"
TOMIRO1,18WTOMIRO1-12--V,TOMIRO,P.E.TORRE MIRO I,Eólica terrestre,MEDI,EMEDI,"49,5"
TOMIRO2,18WTOMIRO2-12--O,TOMIRO2,P.E. TORRE MIRO II,Eólica terrestre,MEDI,EMEDI,"49,5"
TOMMC01,18W000000000SA70,TOMMI,TOMMI ENERGY SL,Comercializadores mercado libre,TOMMY,TOMMC01,"1,0"
TOR,18WTOR-123456-AU,TORINA 1,TORINA 1,Embalse,REPSB,VIES,"4,5"
TOR2,18WTOR2-12345-AB,TORINA 2,TORINA 2,Embalse,REPSB,VIES,"4,2"
TOR3,18WTOR3-12345-A1,TORINA 3,TORINA 3,Embalse,REPSB,VIES,"5,6"
TOR3LE,18W000000000UA5X,TOR3LE,TOR3LE,Solar fotovoltaica,SOLRC,FTOR3LE,"11,5"
TORANZA,18WTORANZA-12-EM,TORANZA,TORANZA,Eólica terrestre,EGLE,EEWING,"25,2"
TORDERA,18W000000000TPQO,PS TORDERA,PS TORDERA 2,Solar fotovoltaica,EPYM,EYPPV4,"1,9"
TORDES1,18W000000000LCSH,TORD1,TORDES1,Solar fotovoltaica,GESTE,FTORDE1,"20,8"
TORDES2,18W000000000LCTF,TORD2,TORDES2,Solar fotovoltaica,GESTE,FTORDE1,"13,5"
TORDES3,18W000000000RJE0,TORDES3,TORDESILLAS,Solar fotovoltaica,WMARK,FFWMARK,"3,0"
TORDOS,18W000000000N9X8,TORDOS,PE TOROZOS II,Eólica terrestre,GNCO,EGASN2U,"35,2"
TOREC,18WTOREC-12345-1,TOREC,PARQUE EÓLICO LA TORRECILLA,Eólica terrestre,IBGES,EHIBGES,"38,2"
TOREC01,18W0000000003EJR,TOREC01,TOREC01,Comercializadores mercado libre,TOREN,TOREC01,"0,1"
TORIJA3,18W000000000IRVF,T3,TR3,Solar fotovoltaica,GESTE,FTORIJ3,"4,7"
TORIJS,18W000000000G7NP,TORJS,TORIJASUR,Solar fotovoltaica,GESTE,FTORIJ2,"4,7"
TORIL,18W000000000RK3J,CHTORILES,CHTORILES,Fluyente,INTRA,HDALT02,"1,3"
TORJAIV,18W000000000KSOI,TJ4,TORIJA4,Solar fotovoltaica,GESTE,FTORIJ4,"4,7"
TORMC01,18W000000000U852,TORMESH,TORMEHS SOLUTIONS,Comercializadores mercado libre,TORME,TORMC01,"1,0"
TOROZA,18W000000000G9YY,TOROZA,PE TOROZOS A,Eólica terrestre,GNCO,EGASN2U,"41,8"
TOROZB,18W000000000G9ZW,TOROZB,P E TOROZOS B,Eólica terrestre,GNCO,EGASN2U,"33,0"
TOROZC,18W000000000GA0P,TOROZC,P E TOROZOS C,Eólica terrestre,GNCO,EGASN2U,"39,6"
TORR,18W000000000PKQI,TORRIJ,TORRIJOS ELW,Solar fotovoltaica,IGNIS,FTORRIJ,"42,5"
TORREC1,18W000000000RSF8,TORRE,TORRECILLA1,Solar fotovoltaica,GESTE,FGST135,"3,5"
TORREC2,18W000000000RSH4,TORREC,TORRECILLA2,Solar fotovoltaica,GESTE,FGST136,"2,2"
TORREMO,18W000000000MSDW,TORREMO,LA PIZARRA TORREMOCHA,Solar fotovoltaica,WMARK,FFWMARK,"8,5"
TORRIJ,18W000000000MBD9,UFTORRIJOS,UF ELAWAN TORRIJOS,Solar fotovoltaica,IGNIS,FTORRJ,"30,0"
TORRNOR,18W000000000REYC,TORRNOR,TORRIJOS NORTE,Solar fotovoltaica,WMARK,FVTORRN,"4,7"
TORRSUR,18W000000000REZA,TORRSUR,TORRIJOS SUR,Solar fotovoltaica,WMARK,FVTORRS,"4,7"
TORTE01,18W-TORTE01-5--8,TORTE01,TORTE01,Consumos directos en mercado,TORTE,TORTE01,"100,0"
TORTE2,18WTORTOSA2-12-7,TORTE2,TORTOSA 2,Gas natural cogeneración,COGEN,TAE3COG,"13,5"
TORTOSA,18WTORTOSA-12-DT,TOSTOSA,TORTOSA,Gas natural cogeneración,COGEN,TAE2COG,"32,0"
TOTANA,18W000000000F6AL,TOTANA II,FV TOTANA II,Solar fotovoltaica,ECYR,FEGPEM,"73,8"
TOTANA4,18W000000000RNBV,TOTANA4,UF SOLAR TOTANA IV,Solar fotovoltaica,NEXU,FTOTANA,"4,5"
TOTGCP3,18W-TOTGCP3-1--O,TOTGCP3,TOTGCP3,Importación Francia,TOTGA,TOTGCP3,"1.400,0"
TOTGVP3,18W-TOTGVP3-6--0,TOTGVP3,TOTGVP3,Exportación Francia,TOTGA,TOTGVP3,"1.400,0"
TOURADO,18W000000000LA5W,TDO,ETOURDO,Eólica terrestre,NEXU,EMTOURD,"10,3"
TOURINA,18WTOURINA-123-F,TOURINA,P.E. TOURIÑAN IV,Eólica terrestre,ECYR,EEGPEM,"24,6"
TOURO,18WTOURO-12345-Q,TOURO,C.H. TOURO - 2,Fluyente,WMARK,HRWMARK,"12,8"
TOWASR,18W000000000TST9,TOWASR,TOWASR,Comercializadores mercado libre,ENDCO,ENDER01,"1,0"
TPEEXXI,18W-TPEEXXI-1--F,TPEEXXI,END CUR  ( TERMICA NO RENOVABL,Gas natural cogeneración,EEXXI,TPEEXXI,"0,9"
TPEONUR,18W-TPEONUR-1--9,TPEONUR,E.ON CUR ( TERMICA NO RENOVABL,Gas natural cogeneración,EONUR,TPEONUR,"0,0"
TPHCCUR,18W-TPHCCUR-2--N,TPHCCUR,"HC CUR ( TERMICA NO RENOVABLE,",Gas natural cogeneración,HCCUR,TPHCCUR,"0,0"
TPIBCUR,18W-TPIBCUR-2--M,TPIBCUR,IB CUR  (  TERMICA NO RENOVABL,Derivados del petróleo o carbón,IBCUR,TPIBCUR,"2,0"
TPODEBO,18W000000000OKH3,TYCEG,"CEG(TARIFA,NO RENOV,NO EXENTO)",Gas natural cogeneración,CEG,TPODEBO,"0,5"
TPPURI,18WTPPURI-1234-3,TPPURI,COGENERACION PURI,Derivados del petróleo o carbón,FEN,TPFEN,"0,0"
TRA1,18WTRA1-12345-AO,TRNCOLOB 1,TRANCO DEL LOBO 1,Fluyente,IBEG,JUCA,"1,2"
TRA2,18WTRA2-12345-AE,TRNCOLOB 2,TRANCO DEL LOBO 2,Fluyente,IBEG,JUCA,"1,2"
TRA3,18WTRA3-12345-A4,TRNCOLOB 3,TRANCO DEL LOBO 3,Fluyente,IBEG,JUCA,"1,2"
TRACTA,18W000000000RD25,TRACTA,TRACTA,Biogás,DETIC,TTRACTA,"1,3"
TRADC01,18W000000000H8A7,TRADC01,TRADC01,Consumos directos en mercado,TRADB,TRADC01,"11.136,0"
TRAFO,18W0000000008QRT,TRAFO,UF TRAFO FOTOVOLTAICA,Solar fotovoltaica,GNRA,TOFGE,"1,9"
TRAJUN,18W000000000RD17,TRAJUN,TRAJUN,Gas natural cogeneración,DETIC,TTRAJUN,"15,0"
TRALMAZ,18WTRALMAZ-123-4,TRALMAZ,PLANTA TRATAMIENTO PURINES ALM,Gas natural cogeneración,GNCO,TFGASN,"14,8"
TRAPERA,18WTRAPERA-123-1,TRAPERA,18WTRAPERA-123-1,Eólica terrestre,EGLE,EPEGLE,"9,9"
TRARGIS,18WTRARGIS-123-K,TRARGIS,TRARGISA,Residuos domésticos y similares,AME,RESIAME,"2,0"
TRASESA,18WTRASESA-12-DL,TRASESA,TRASESA,Residuos domésticos y similares,TERSA,TYTERSA,"31,7"
TRATPUR,18W000000000RA3C,TRATPUR,TRATAMIENTO DE PURINES,Gas natural cogeneración,EGLE,TECONAV,"15,0"
TRB1,18WTRB1-12345-AD,TRNCOBEA 1,TRANCO DE BEAS 1,Embalse,ENDG,GDLQ,"15,7"
TRB2,18WTRB2-12345-A3,TRNCOBEA 2,TRANCO DE BEAS 2,Embalse,ENDG,GDLQ,"7,6"
TRB3,18WTRB3-12345-AU,TRNCOBEA 3,TRANCO DE BEAS 3,Embalse,ENDG,GDLQ,"15,7"
TRBGN,18W000000000MHFO,TRBGN,TRBGN,Solar fotovoltaica,GNRA,HABGN,"42,2"
TRBON,18W000000000GOZO,TRBON,TRBON,Solar fotovoltaica,GNRA,UPBON3,"36,7"
TRC2,18WTRC2-12345--E,TRC2,TRC2,Fluyente,WMARK,TRC2,"0,9"
TRCD,18WTRCD-12345-AU,TRONCEDA,TRONCEDA,Fluyente,WMARK,TRCD,"2,2"
TRD1,18WTRD1-12345-AS,TERRADET 1,TERRADETS 1,Embalse,ENDG,EBRFEN,"16,0"
TRD2,18WTRD2-12345-AI,TERRADET 2,TERRADETS 2,Embalse,ENDG,EBRFEN,"16,0"
TRDESI,18W000000000L9M1,TRDESI,UF TRDESI,Solar fotovoltaica,NEXU,FTRDESI,"9,9"
TRE1,18WTRE1-12345-AH,TRESPAD 1 ,TRESPADERNE 1,Embalse,IBEG,EBRA,"7,4"
TRE2,18WTRE2-12345-A7,TRESPAD 2,TRESPADERNE 2,Embalse,IBEG,EBRA,"7,4"
TREAQ1,18W000000000T694,TREAQ1,TREAQ1,Solar fotovoltaica,GNRA,UPTREV1,"24,5"
TREAQ2,18W000000000T686,TREAQ2,TREAQ2,Solar fotovoltaica,GNRA,UPTREV2,"24,5"
TREITO,18WTREITO-123-ES,TREITO,P.E. MONTE TREITO,Eólica terrestre,IBGES,EHIBGES,"30,3"
TREMUZO,18WTREMUZO-12-EX,TREMUZO,P.E. TREMUZO,Eólica terrestre,IBGES,EHIBGES,"44,6"
TRESPIC,18WTRESPIC-12--9,TRESPIC,P.E. TRES PICOS,Eólica terrestre,WMARK,EFWMARK,"2,4"
TRGU,18WTRGU-12345-A1,TREGURA,TREGURA,Fluyente,ENDG,EBRFEN,"4,5"
TRI1,18W000000000T37H,TRI1,TRI1,Solar fotovoltaica,REPSB,FTRI,"42,5"
TRI2,18W000000000T38F,TRI2,TRI2,Solar fotovoltaica,REPSB,FTRI,"42,5"
TRI3,18W000000000S779,TRII3,TRILLO 3,Solar fotovoltaica,REPSB,FTRI,"42,5"
TRI4,18W000000000T39D,TRI4,TRI4,Solar fotovoltaica,REPSB,FTRI,"42,5"
TRICC01,18W000000000SZ8Y,TRICLINIUM,TRICLINIUM INVERSIONES SL,Comercializadores mercado libre,TRICL,TRICC01,"0,6"
TRILLO1,18W000000000Q0VR,THERMISTO,THERMISTO FV147,Solar fotovoltaica,SHEEN,SHEPV22,"40,0"
TRILLO2,18W000000000Q6BC,TELESTO7,TELESTO7,Solar fotovoltaica,SHEEN,SHEPV23,"40,0"
TRILLO3,18W000000000Q4BI,TRILLO3,TETHYS FV144 TRILLO3,Solar fotovoltaica,SHEEN,SHEPV24,"40,0"
TRILLO4,18W000000000Q0XN,RHEA,TRILLO4,Solar fotovoltaica,SHEEN,SHEPV25,"40,0"
TRILLO5,18W000000000Q6D8,TELESTO,TELESTO,Solar fotovoltaica,SHEEN,SHEPV26,"40,0"
TRIPCX1,18W000000000SU0S,PORGENC,PORT_GEN_CMPRA,Porfolio,TRISO,TRIPCX1,"9.999,0"
TRIPVX1,18W000000000SU2O,PORGENV,PORT_GEN_VNTA,Porfolio,TRISO,TRIPVX1,"9.999,0"
TRITURA,18W000000000U03U,TRITURA,TRITURA,Comercializadores mercado libre,EDPCL,EDPCR01,"1,0"
TRL1,18WTRL1-12345-BC,TRILLO,TRILLO I,Nuclear,IGNU,TRL1,"1.003,4"
TRLL,18W000000000TAVM,TRLL,TRLL,Eólica terrestre,REPSB,ECERRA2,"50,0"
TRRMOT,18W000000000V484,TRRMOT,TRRMOT,Comercializadores mercado libre,ENDCO,ENDER01,"1,0"
TRRSJO,18W000000000V492,TRRSJO,TRRSJO,Comercializadores mercado libre,ENDCO,ENDER01,"1,0"
TRRSMA,18WTRRSMA--12-DK,TRRSMA,TRA I REV R SOLIDS DEL MARESME,Residuos domésticos y similares,UTTEM,TUTETEM,"11,2"
TRRZAR,18W000000000V4A0,TRRZAR,TRRZAR,Comercializadores mercado libre,ENDCO,ENDER01,"1,0"
TRUCAF,18WTRUCAF-123-E7,TRUCAF,P.E. EL TRUCAFORT,Eólica terrestre,GNCO,EFPART,"29,8"
TRUET,18W00000000001TL,TRUETA,UF TRUETA,Gas natural cogeneración,AME,TWAME,"1,4"
TRUJSER,18W-TRUJSER-7--V,TRUJSER,TRUJILLO 3,Solar fotovoltaica,GNRA,VEMTR,"10,0"
TSEAT,18WTSEAT-1234--1,SEAT,SEAT,Gas natural cogeneración,AME,TGSEAT,"22,8"
TSLARIS,18W000000000TXKC,TSRISCA,TS LA RISCA,Solar térmica,WMARK,TSRISCA,"50,0"
TSMAJAD,18W000000000TXJE,TSMAJADAS,TS MAJADAS,Solar térmica,WMARK,TSMAJAD,"50,0"
TSOLC01,18W-TSOLC01-6--4,TSOL_UPC01,TSOL_UPC01,Comercializadores mercado libre,TSOL,TSOLC01,"75,0"
TSPALM1,18W000000000TXDQ,TSPALMAR,TS PALMA RIO I,Solar térmica,WMARK,TSPALMA,"50,0"
TSPALM2,18W000000000TXEO,TSPALMARI,TS PALMA RIO II,Solar térmica,WMARK,TSPALMA,"50,0"
TSRDCP3,18W000000000IY3D,TSRDCP3,TSRDE EXPORT,Importación Francia,TSRDE,TSRDCP3,"500,0"
TSRDVP3,18W000000000IY4B,TSRDVP3,TSR DE IMPORT UNIT,Exportación Francia,TSRDE,TSRDVP3,"500,0"
TUBERI,18W000000000V3DY,TUBERI,TUBERI,Comercializadores mercado libre,ENDCO,ENDER01,"1,0"
TUC132,18W000000000TKN8,TUC132,TUC132,Solar fotovoltaica,SOLRC,FTUC132,"30,0"
TUDEAB,18W000000000OSFK,TUDEAB,TUDEAB,Comercializadores mercado libre,EDPCL,EDPCR01,"1,0"
TUDELA,18WTUDELA-123-AD,TUDELA,SALTO DE TUDELA,Fluyente,EGED,HFEGED,"5,0"
TUDELR,18W000000000OSHG,TUDELR,TUDELR,Comercializadores mercado libre,EDPCL,EDPCR01,"1,0"
TUDETV,18W000000000OSGI,TUDETV,TUDETV,Comercializadores mercado libre,EDPCL,EDPCR01,"1,0"
TUELC01,18W000000000OX9H,UP TUELE,UP TU ELECTRICA,Comercializadores mercado libre,TUELE,TUELC01,"0,1"
TUREGAN,18WTUREGAN-123-Q,TUREGAN,TURÉGANO,Gas natural cogeneración,COGEN,TIGTUR,"14,6"
TUROMAG,18WTUROMAG-123-W,TUROMAG,P.E TURO,Eólica terrestre,GNCO,EGASNE0,"28,0"
TURRNRO,18W000000000LPZ1,TURRONEROS,UF SOLAR TURRONEROS,Solar fotovoltaica,NEXU,FTURRON,"42,2"
TUSSBA,18W000000000MIFL,TUSSBA,TUSSBA,Solar fotovoltaica,GNRA,FVGNRA,"4,2"
TWINHS1,18W000000000S44O,FGST155,FGST155,Solar fotovoltaica,GESTE,FGST155,"1,4"
TXUTXU,18WTXUTXU-123-EU,TXUTXU,P.E. TXUTXU,Eólica terrestre,EGED,EGREEN,"17,4"
TXZC01F,18W000000000U1NO,TXZC01F,TXZC01F,Consumos directos en mercado,TEXOR,TEXZR01,"1,5"
TYAME,18W-TYAME-890--T,TYAME,"AME (NORENOV.,TARIFA,NOEXENTA)",Gas natural cogeneración,AME,TYAME,"8,1"
TYCEG,18W-TYCEG-579--K,TYCEG,"CEG(TARIFA,NO RENOV,NO EXENTO)",Gas natural cogeneración,CEG,TYCEG,"3,5"
TYEEXXI,18W-TYEEXXI-3--J,TYEEXXI,"END CUR  ( TARIFA, TERMICA NO",Gas natural cogeneración,EEXXI,TYEEXXI,"24,8"
TYEGLE,18W-TYEGLE-12--5,TYEGLE,TYEGLE,Gas natural cogeneración,EGLE,TYEGLE,"3,0"
TYEONUR,18W-TYEONUR-8--U,TYEONUR,"E.ON CUR ( TARIFA, TERMICA NO",Gas natural cogeneración,EONUR,TYEONUR,"6,7"
TYGENER,18W-TYGENER-2--E,TYGENER,TYGENER,Gas natural cogeneración,ADXRE,TYGENER,"0,9"
TYGNRA,18W-TYGNRA-53--Q,TYGNRA,TYGNRA,Gas natural cogeneración,GNRA,TYGNRA,"3,4"
TYGNSUR,18W-TYGNSUR-6--O,TYGNSUR,"GN SUR SDG ( TARIFA, TERMICA N",Gas natural cogeneración,GNSUR,TYGNSUR,"36,5"
TYHCCUR,18W-TYHCCUR-8--B,TYHCCUR,"HC CUR ( TARIFA,TERMICA NO REN",Gas natural cogeneración,HCCUR,TYHCCUR,"6,0"
TYHCG,18W000000000DA4T,TYHCG,VENTA COGENERACIONES Y MICROS,Gas natural cogeneración,HC G,TYHCG,"0,0"
TYIBCUR,18W-TYIBCUR-6--I,TYIBCUR,"IB CUR  ( TARIFA, TERMICA NO R",Gas natural cogeneración,IBCUR,TYIBCUR,"117,4"
TYLAUE3,18W000000000R1EH,TYLAUE3F,UF DE TYLAUE3,Derivados del petróleo o carbón,LAUEI,TYLAUE3,"9,2"
TYLMER,18W-TYLMER-10--2,TYLMER,CERÁMICA DOBON,Gas natural cogeneración,LMER,TYLMER,"28,6"
TYNEXU,18W-TYNEXU-65--L,TYNEXU,TYNEXU,Gas natural cogeneración,NEXU,TYNEXU,"8,1"
TYWMARK,18W-TYWMARK-7--2,TYWMARK,COGENERACION SIN UF,Gas natural cogeneración,WMARK,TYWMARK,"4,8"
TZNETA,18W000000000T34N,TZNETA,UF SOLAR ATZENETA,Solar fotovoltaica,NEXU,FTZNETA,"1,5"
UB09BU,18W000000000OSQZ,UB09BU,UB09BU,Comercializadores mercado libre,FORTI,FORTR01,"1,0"
UBE000,18W000000000S31X,UBE000,UBE000,Comercializadores mercado libre,ENDCO,ENDER01,"1,0"
UBORC01,18W000000000VDOJ,UBORA,UBORA ENERGIA SOCIAL SL,Comercializadores mercado libre,UBORA,UBORC01,"1,0"
UCARRIL,18W000000000HG3Y,UCARRIL,UF SOLAR CARRIL,Solar fotovoltaica,NEXU,FCARRIL,"42,2"
UCHE,18WUBE-CHEMICALR,UCHE,UBE CHEMICAL EUROPE,Gas natural cogeneración,DETIC,COGUCHE,"16,8"
UF_ALBO,18W000000000T2AE,UF_ALBOLOT,UF_ALBOLOTE_FV,Solar fotovoltaica,LIDER,ALBOLOT,"1,5"
UF_DOLA,18W000000000U5JK,UF_DOLAR,ES-UF_DOLAR,Solar fotovoltaica,LIDER,DOLAR,"4,9"
UF_GUAD,18W000000000TN5Z,UF_GUADIX,UF PFV GUADIX II Y IV,Solar fotovoltaica,LIDER,GUADIX_,"6,2"
UF-MOLI,18W00000000032FY,UF-MOLIVI,UF-MOLIVI,Fluyente,AMADR,MOLIVI,"0,1"
UF-RESS,18W00000000032D1,UF-RESSEC,UF RESSEC,Fluyente,AMADR,RESSEC,"0,2"
UF-TARC,18W000000000T7YP,FV MAZ TMA,FV MAZARRON TERMOARCILLA,Solar fotovoltaica,LMER,TERMOAR,"2,3"
UFACAC,18W000000000T80G,UFCOMPRA,UF ACADIEMS COMPRA,Batería electroquímica,IGNIS,UPACAC,"1,0"
UFACAMP,18W000000000RRAL,UFACAMPO,UF CF ACAMPO ESTREN 11498,Solar fotovoltaica,IGNIS,UPACAMP,"25,0"
UFACAV,18W000000000T82C,UFVENTA,UF ACADIEMS VENTA,Batería electroquímica,IGNIS,UPACAV,"1,1"
UFADEL,18W000000000TBNZ,UFADELFA,UF ADELFA SOLAR,Solar fotovoltaica,IGNIS,UPADEL,"46,5"
UFAG001,18W000000000KI4E,UF AG001,UF AG001,Solar fotovoltaica,GNRA,FVGNRA,"3,0"
UFAG002,18W000000000KI5C,UF AG002,UF AG002,Solar fotovoltaica,EFG,FGEFG,"4,5"
UFAG003,18W000000000KI6A,UF AG003,UF AG003,Solar fotovoltaica,EFG,FGEFG,"3,8"
UFAG004,18W000000000KI78,UF AG004,UF AG004,Solar fotovoltaica,GNRA,FVGNRA,"3,5"
UFAG005,18W000000000KI86,UF AG005,UF AG005,Solar fotovoltaica,EFG,FGEFG,"1,7"
UFAG006,18W000000000KI94,UF AG006,UF AG006,Solar fotovoltaica,GNRA,FVGNRA,"3,0"
UFAG009,18W000000000KICZ,UF AG009,UFAG009,Solar fotovoltaica,EFG,FGEFG,"2,3"
UFAG012,18W000000000KIFT,UF AG012,UF AG012,Solar fotovoltaica,EFG,FGEFG,"1,9"
UFAG013,18W000000000KIGR,UF AG013,UF AG013,Solar fotovoltaica,EFG,FGEFG,"0,2"
UFAG014,18W000000000KIHP,UF AG014,UF AG014,Solar fotovoltaica,GNRA,FVGNRA,"1,5"
UFAG015,18W000000000KIIN,UF AG015,UF AG015,Solar fotovoltaica,GNRA,FVGNRA,"1,5"
UFAG017,18W000000000KIKJ,UF AG017,UF AG017,Solar fotovoltaica,EFG,FGEFG,"1,3"
UFAG019,18W000000000KIMF,UF AG019,UF AG019,Solar fotovoltaica,EFG,FGEFG,"1,2"
UFAG022,18W000000000KIP9,UF AG022,UF AG022,Solar fotovoltaica,EFG,FGEFG,"0,8"
UFAG023,18W000000000KIQ7,UF AG023,UF AG023,Solar fotovoltaica,EFG,FGEFG,"1,1"
UFAG027,18W000000000MDHW,UFAG027,UFAG027,Solar fotovoltaica,EFG,UPGR025,"10,0"
UFAG028,18W000000000MDIU,UFAG028,UFAG028,Solar fotovoltaica,EFG,UPGR026,"10,0"
UFAG029,18W000000000MDJS,UFAG029,UFAG029,Solar fotovoltaica,EFG,UPGR027,"7,2"
UFAG030,18W000000000MDKQ,UFAG030,UFAG030,Solar fotovoltaica,EFG,FGEFG,"1,8"
UFAG031,18W000000000MDLO,UFAG031,UFAG031,Solar fotovoltaica,EFG,UPGR028,"6,6"
UFAG033,18W000000000SPJ5,UFAG033,UFAG033,Solar fotovoltaica,EFG,UPGR030,"7,9"
UFAG034,18W000000000T3E3,UFAG034,UFAG034,Solar fotovoltaica,EFG,FGEFG,"3,7"
UFAG035,18W000000000T3F1,UFAG035,UFAG035,Solar fotovoltaica,EFG,FGEFG,"3,0"
UFAG036,18W000000000T4NJ,UFAG036,UFAG036,Solar fotovoltaica,EFG,FGEFG,"1,8"
UFAG037,18W000000000TBL2,UFAG037,UFAG037,Solar fotovoltaica,EFG,FGEFG,"4,2"
UFAG038,18W000000000TFX3,UFAG038,UFAG038,Solar fotovoltaica,EFG,FGEFG,"4,7"
UFAG039,18W000000000TROM,UFAG039,UFAG039,Solar fotovoltaica,EFG,FGEFG,"1,2"
UFAG040,18W000000000U4Q9,UFAG040,UFAG040,Solar fotovoltaica,EFG,FGEFG,"1,1"
UFAG041,18W000000000UKM6,UFAG041,UFAG041,Solar fotovoltaica,EFG,UPGR034,"4,0"
UFAG042,18W000000000UKN4,UFAG042,UFAG042,Solar fotovoltaica,EFG,UPGR033,"2,5"
UFAG043,18W000000000US7C,UFAG043,UFAG043,Solar fotovoltaica,EFG,FGEFG,"2,0"
UFAG044,18W000000000UW46,UFAG044,UFAG044,Solar fotovoltaica,EFG,FGEFG,"2,0"
UFAG045,18W000000000VCNO,UFAG045,UFAG045,Solar fotovoltaica,EFG,FGEFG,"4,0"
UFAG046,18W000000000VDNL,UFAG046,UFAG046,Solar fotovoltaica,EFG,FGEFG,"2,0"
UFAG047,18W000000000VELM,UFAG047,UFAG047,Solar fotovoltaica,EFG,FGEFG,"2,1"
UFAGFO1,18W000000000RBDQ,UFAGFO1,UFAGFO1,Solar fotovoltaica,EFG,FGEFG,"1,6"
UFAGFO2,18W000000000RBEO,UFAGFO2,UFAGFO2,Solar fotovoltaica,EFG,UPGR032,"2,3"
UFAGFO3,18W000000000RBFM,UFAGFO3,UFAGFO3,Solar fotovoltaica,EFG,FGEFG,"1,0"
UFAGRE1,18W000000000V7IC,UFAGRE1,UFAGRE1,Comercializadores mercado libre,EDPCL,EDPCR01,"1,0"
UFAGUI,18W000000000VFFV,UFAGUILA,UF EL AGUILA,Solar fotovoltaica,IGNIS,UPAGUI,"32,3"
UFAIRPO,18W000000000RR8P,FAIRPORT,UF SOLAR AIRPORT FV 1133327,Solar fotovoltaica,IGNIS,UPAIRPO,"43,6"
UFAL20,18W000000000UX0B,UFALCON20,UF ALCONCHEL 2020,Solar fotovoltaica,IGNIS,UPAL20,"9,8"
UFAL21,18W000000000UX27,UFALCAN21,UF ALCANCHON 2021,Solar fotovoltaica,IGNIS,UPAL21,"5,0"
UFALAMB,18W000000000SEAJ,ALAMBOR SO,ALAMBOR SOLAR SLU,Solar fotovoltaica,IGNIS,UPALAMB,"44,5"
UFALG1,18W000000000T4GX,UFGUADA1,UF ALCALA GUADAIRA 1,Solar fotovoltaica,IGNIS,UPALG1,"10,0"
UFALG2,18W000000000T4IT,UFGUADA2,UF ALCALA GUADAIRA 2,Solar fotovoltaica,IGNIS,UPALG2,"2,7"
UFALIER,18W000000000TORP,UFALIER,UFALIER,Comercializadores mercado libre,ATLAS,ATLSR01,"1,0"
UFALMAN,18W000000000SMWP,UF ALMANSO,UF ERG SOLAR ALMANSA SLU,Solar fotovoltaica,IGNIS,UPALMAN,"42,0"
UFALME,18W000000000T50P,UFALMENDRO,UF ALMENDRO SOLAR,Solar fotovoltaica,IGNIS,UPALME,"46,2"
UFANDEL,18W000000000RQHA,UF ANDELLA,UF PE ANDELLA,Eólica terrestre,IGNIS,UPANDEL,"48,2"
UFARCH2,18W000000000S7B1,UFARCHO II,UF MATILDE SOLAR SL,Solar fotovoltaica,IGNIS,UPARCH2,"43,5"
UFARCHI,18W000000000S795,UF ARCHO I,UF IRINEO INERGIA SL,Solar fotovoltaica,IGNIS,UPARCHI,"43,5"
UFARENA,18W000000000QQWL,UF ARENOSA,UF FV ARENOSAS,Solar fotovoltaica,IGNIS,UPARENA,"43,5"
UFAZUBI,18W000000000QH01,AZUBAS,PE LAS AZUBAS,Eólica terrestre,IGNIS,UPMONCA,"46,0"
UFBAD1,18W000000000TIT2,UFBADAJOZ1,UF BADAJOZ 1,Solar fotovoltaica,IGNIS,UPBAD1,"41,6"
UFBAD2,18W000000000SWB0,UFBADAJOZ2,UF BADAJOZ 2,Solar fotovoltaica,IGNIS,UPBAD2,"41,6"
UFBAD3,18W000000000TMHE,UFBADAJOZ3,UF BADAJOZ 3,Solar fotovoltaica,IGNIS,UPBAD3,"41,6"
UFBAD4,18W000000000SWZQ,UFBADAJOZ4,UF BADAJOZ 4,Solar fotovoltaica,IGNIS,UPBAD4,"41,6"
UFBAD5,18W000000000TMJA,UFBADAJOZ5,UF BADAJOZ 5,Solar fotovoltaica,IGNIS,UPBAD5,"41,6"
UFBAD6,18W000000000TIVZ,UFBADAJOZ6,UF BADAJOZ 6,Solar fotovoltaica,IGNIS,UPBAD6,"41,6"
UFBAD7,18W000000000SUGX,UFBADAJOZ7,UF BADAJOZ 7,Solar fotovoltaica,IGNIS,UPBAD7,"24,9"
UFBADJ,18W000000000UWYK,UFBADAJZ,UF BADAJOZ ALCONCHEL 2020,Solar fotovoltaica,IGNIS,UPBADJ,"10,0"
UFBALU,18W000000000U3XZ,UFBALUARTE,UF BALUARTE SOLAR,Solar fotovoltaica,IGNIS,UPBALU,"35,3"
UFBAOB,18W000000000SOUN,UFBAOBAB,UF BAOBAB,Solar fotovoltaica,IGNIS,UPBAOB,"81,2"
UFBARR,18W000000000SKKI,UFBARRANQU,UF PSF BARRANQUILLA,Solar fotovoltaica,IGNIS,UPBARR,"40,0"
UFBERRO,18W000000000Q4RN,BERROCAL,FV BERROCAL - FERROVIAL,Solar fotovoltaica,IGNIS,UPBERRO,"44,1"
UFBOMB,18W000000000U3V2,UFBOMBARDA,UF BOMBARDA SOLAR,Solar fotovoltaica,IGNIS,UPBOMB,"35,3"
UFBOOR,18W000000000P3SS,UFBOOR,UFBOOR,Gas natural cogeneración,DETIC,COGBOOR,"2,2"
UFBORJA,18W000000000OHBO,UFBORJA,UFBORJA,Gas natural cogeneración,DETIC,COGBORJ,"3,0"
UFBRAZA,18W000000000S7GS,UF BRAZATO,UF ELAWAN FOTOVOLTAICA BRAZATO,Solar fotovoltaica,IGNIS,UPBRAZA,"44,1"
UFBRAZO,18W000000000RYVW,BRAZOINVES,UF BRAZOINVES I,Solar fotovoltaica,IGNIS,UPBRAZO,"30,0"
UFBRIKE,18W000000000OHEI,UFBRIKE,UFBRIKE,Gas natural cogeneración,DETIC,COGBRIK,"1,0"
UFCABEZ,18W000000000RDM2,UF CABEZO,UF CABEZO,Eólica terrestre,IGNIS,UPCABEZ,"49,4"
UFCAMI,18W000000000UHLH,UFCAMICRUZ,UF CAMINO DE LA CRUZ,Solar fotovoltaica,IGNIS,UPCAMI,"43,5"
UFCAMP,18W000000000Q35X,CAMPANARIO,CAMPANARIO,Eólica terrestre,IGNIS,UPALFOZ,"38,0"
UFCARB,18W000000000UHHP,UFCARBESO,UF CARBESO SOLAR,Solar fotovoltaica,IGNIS,UPCARB,"41,3"
UFCASI,18W000000000UP0Z,UFCASILLA,UF CASILLA SOLAR,Solar fotovoltaica,IGNIS,UPCASI,"45,0"
UFCASTA,18W000000000SNJB,UF CASTAÑO,UF CASTAÑO SOLAR,Solar fotovoltaica,IGNIS,UPCASTA,"112,8"
UFCERN,18W000000000SL0I,CERNEGULA,UF CERNEGULA,Eólica terrestre,IGNIS,UPCERN,"45,0"
UFCERR,18W000000000SI99,UFELCERRO,MATRIX-CERRO,Solar fotovoltaica,IGNIS,UPCERR,"40,3"
UFCHAM,18W000000000SZ45,UFCHAMORRO,UF CHAMORRO,Solar fotovoltaica,IGNIS,UPCHAM,"8,0"
UFCHBO,18W000000000VFHR,UFCHAMBO,UF CHAMBO RENOVABLES,Solar fotovoltaica,IGNIS,UPCHBO,"32,3"
UFCIERZ,18W000000000S0K4,UF CIERZO,UF CIERZO AMARENCO,Solar fotovoltaica,IGNIS,UPCIERZ,"20,0"
UFCIMER,18W000000000SE9L,CIMERA SOL,CIMERA SOLAR SLU,Solar fotovoltaica,IGNIS,UPCIMER,"40,0"
UFCIPRI,18W000000000R80O,UFCIPRI,UFCIPRI,Derivados del petróleo o carbón,DETIC,COGCIPR,"3,4"
UFCORA1,18W000000000QSOV,MOLINO 1,PE CORRAL DEL MOLINO I,Eólica terrestre,IGNIS,UPRCIER,"23,2"
UFCORA2,18W000000000QSPT,MOLINO 2,PE CORRAL DE LMOLINO II,Eólica terrestre,IGNIS,UPRCIER,"29,0"
UFCORAC,18W000000000SE6R,CORACHA SO,CORACHA SOLAR SLU,Solar fotovoltaica,IGNIS,UPCORAC,"40,0"
UFCOV2,18W000000000SOYF,UFCOVATI2U,UF COVATILLAS 2,Solar fotovoltaica,IGNIS,UPCOV2,"41,7"
UFCOV3,18W000000000SP14,UFCOVATI3,UF COVATILLAS 3,Solar fotovoltaica,IGNIS,UPCOV3,"41,7"
UFCOV4,18W000000000SP30,UFCOVATI4,UF COVATILLAS 4,Solar fotovoltaica,IGNIS,UPCOV4,"41,7"
UFCUCO,18W000000000RYWU,UF EL CUCO,UF PLANTA FOTOVOLTAICA EL CUCO,Solar fotovoltaica,IGNIS,UPCUCO,"32,0"
UFDULCI,18W000000000Q330,LA DEHESIC,PE LA DEHESICA,Eólica terrestre,IGNIS,UPDULCI,"28,5"
UFEIDE,18W000000000VFJN,UFEIDEN,UF FV EIDEN,Solar fotovoltaica,IGNIS,UPEIDE,"32,3"
UFELVIS,18W000000000QPJD,ELVISA,UF FV ELVISA,Solar fotovoltaica,IGNIS,UPELVIS,"40,8"
UFENE01,18W000000000S5E1,UFENE01,UFENE01,Solar fotovoltaica,EFG,UPENE01,"4,8"
UFENE02,18W000000000S5GY,UFENE02,UFENE02,Solar fotovoltaica,EFG,UPENE02,"4,8"
UFERES,18W000000000SW5C,UFERESMA,UF ERESMA SOLAR,Solar fotovoltaica,IGNIS,UPERES,"44,0"
UFESC,18W000000000QGYA,ESCANDON,PE AMPLIACIN PUERTO ESCAND,Eólica terrestre,IGNIS,UPJALON,"23,5"
UFESCA1,18W000000000TT6F,UFESCA1,UF ELAWAN ESCATRON 1,Solar fotovoltaica,IGNIS,UPESCA1,"25,6"
UFESCA2,18W000000000TT8B,UFESCA2,UF ELAWAN ESCATRON 2,Solar fotovoltaica,IGNIS,UPESCA2,"25,6"
UFESCA3,18W000000000TTA7,UFESCA3,UF ELAWAN ESCATRON 3,Solar fotovoltaica,IGNIS,UPESCA3,"25,6"
UFESQUE,18W000000000QEQW,UF ESQUEDA,UF SUNRISE VENTURES 1 ESQUEDA,Solar fotovoltaica,IGNIS,UPESQUE,"12,5"
UFESTAN,18W000000000OH6Y,UFESTAN,UFESTAN,Gas natural cogeneración,DETIC,COGESTA,"4,3"
UFFUENT,18W000000000Q3BL,LAS FUENTE,LAS FUENTES,Eólica terrestre,IGNIS,UPALFOZ,"18,0"
UFFUEVA,18W000000000Q39P,FUENTE VA,FUENTE VAN,Eólica terrestre,IGNIS,UPALFOZ,"32,0"
UFGARNA,18W000000000S8FR,UFGARNACHA,UF GARNACHA SOLAR SL,Solar fotovoltaica,IGNIS,UPGARNA,"114,4"
UFGAZ1,18W000000000SQ03,UFGAZULES1,UF GAZULES 1,Solar fotovoltaica,IGNIS,UPGAZ1,"45,8"
UFGAZ2,18W000000000SPZA,UFGAZULES2,UF GAZULES 2,Solar fotovoltaica,IGNIS,UPGAZ2,"45,8"
UFGER2,18W000000000SZ61,UFGERENA2,UF GERENA 2,Solar fotovoltaica,IGNIS,UPGER2,"43,4"
UFGINES,18W000000000RDL4,GINESTAR,UF VENTA DEL GINESTAR,Eólica terrestre,IGNIS,UPGINES,"48,0"
UFGUARD,18W000000000S0L2,UFGUARDIAN,UF GUARDIAN AMARENCO,Solar fotovoltaica,IGNIS,UPGUARD,"32,0"
UFGUITA,18W000000000QQZF,LA GUITA ,UF FV LA GUITA,Solar fotovoltaica,IGNIS,UPGUITA,"43,5"
UFIALBA,18W000000000U21S,UF ALBATER,UF ALBATERA,Solar fotovoltaica,TRISO,ALBATER,"3,0"
UFICS,18WUFICS-12345-Y,UFICS,UNION INDUSTRIAL PAPELERA,Gas natural cogeneración,AME,TUFICS,"32,5"
UFINCUS,18W000000000OHAQ,UFINCUS,UFINCUS,Gas natural cogeneración,DETIC,COGINCU,"1,9"
UFJENAR,18W000000000R3H5,UF JENARIZ,UF JENARIZ PE NAVARRA,Eólica terrestre,IGNIS,UPJENAR,"24,0"
UFJERE,18W000000000UWWO,UFJEREZ20,UF JEREZ 2020,Solar fotovoltaica,IGNIS,UPJERE,"9,8"
UFJILG,18W000000000URKQ,UFJILGUERO,UF JILGUERO SOLAR,Solar fotovoltaica,IGNIS,UPJILG,"44,0"
UFKEN1,18W000000000T8TW,UF KENIA 1,UF KENIA SOLAR 1,Solar fotovoltaica,IGNIS,UPKEN1,"34,7"
UFKEN2,18W000000000T8VS,UF KENIA 2,UF KENIA SOLAR 2,Solar fotovoltaica,IGNIS,UPKEN2,"34,7"
UFKEN3,18W000000000T8XO,UF KENIA 3,UF KENIA SOLAR 3,Solar fotovoltaica,IGNIS,UPKEN3,"34,7"
UFKEN4,18W000000000T8ZK,UF KENIA 4,UF KENIA SOLAR 4,Solar fotovoltaica,IGNIS,UPKEN4,"34,7"
UFLAGU,18W000000000T2W7,UF LAGUARD,UF LA GUARDIA,Solar fotovoltaica,IGNIS,UPLAGU,"40,0"
UFLINTE,18W000000000R3I3,UF LINTE ,UF LINTE PE NAVARRA,Eólica terrestre,IGNIS,UPJENAR,"33,0"
UFLLANO,18W000000000QGXC,ETPELLANO,ET PE LLANO,Eólica terrestre,IGNIS,UPEBRO,"49,9"
UFLUBIA,18W000000000QERU,ALTOSLUBIA,UF ALTOS DE LUBIA,Solar fotovoltaica,IGNIS,UPLUBIA,"14,6"
UFLUZ1,18W000000000SHB8,LA LUZ I,ALTER ENERSUN SA LA LUZ I,Solar fotovoltaica,IGNIS,UPLUZ1,"49,9"
UFLUZ2,18W000000000SHC6,LA LUZ II,ALTER ENERSUN LA LUZ II,Solar fotovoltaica,IGNIS,UPLUZ2,"49,8"
UFLUZ3,18W000000000SHF0,LA LUZ III,ALTER ENERSUNLA LUZ III,Solar fotovoltaica,IGNIS,UPLUZ3,"17,7"
UFLUZ4,18W000000000SHD4,LA LUZ IV,ALTER ENERSUN LA LUZ IV,Solar fotovoltaica,IGNIS,UPLUZ4,"17,7"
UFLUZ5,18W000000000SHGZ,LA LUZ V,ALTER ENERSUN LA LUZ V,Solar fotovoltaica,IGNIS,UPLUZ5,"17,7"
UFLUZ6,18W000000000SHHX,LA LUZ VI,ALTER ENERSUN LA LUZ VI,Solar fotovoltaica,IGNIS,UPLUZ6,"19,2"
UFLUZ7,18W000000000SHIV,LALUZVII,ALTER ENERSUN LA LUZ VII,Solar fotovoltaica,IGNIS,UPLUZ7,"19,2"
UFLUZ8,18W000000000SHAA,LA LUZ VII,LA LUZ VIII,Solar fotovoltaica,IGNIS,UPLUZ8,"3,3"
UFMACHO,18W000000000RXDY,UF MACHOS,UF LOS MACHOS,Solar fotovoltaica,IGNIS,UPMACHO,"44,0"
UFMADER,18W000000000QH3W,MADERUELO ,COGENERACIN MADERUELO MYTA,Derivados del petróleo o carbón,IGNIS,UPMADER,"1,2"
UFMAJ6B,18W000000000RUY1,MAJAS B,LAS MAJAS VIB,Eólica terrestre,IGNIS,UPMAJAS,"49,4"
UFMAJ6C,18W000000000RV0T,MAJAS C,LAS MAJAS VIC,Eólica terrestre,IGNIS,UPMAJAS,"49,4"
UFMAJ6D,18W000000000RV1R,MAJAS D,LAS MAJAS VID,Eólica terrestre,IGNIS,UPMAJAS,"14,5"
UFMALAB,18W000000000QQXJ,MALABRIGO ,UF FV MALABRIGO,Solar fotovoltaica,IGNIS,UPMALAB,"43,5"
UFMAMB,18W000000000VFLJ,UFMAMBAR,UF FV MAMBAR,Solar fotovoltaica,IGNIS,UPMAMB,"32,3"
UFMANZT,18W000000000RYUY,MANZTIERRA,UF MANZTIERRA I,Solar fotovoltaica,IGNIS,UPMANZT,"30,0"
UFMARC2,18W000000000R3LY,UFSANMAR2,UF SAN MARCOS II PE NAVARRA,Eólica terrestre,IGNIS,UPJENAR,"6,0"
UFMBEC,18W000000000U40O,UFMBECERRI,UF MONTE BECERRIL,Eólica terrestre,IGNIS,UPMBEC,"19,2"
UFMENGI,18W000000000OH7W,UFMENGI,UFMENGI,Gas natural cogeneración,DETIC,COGMENG,"3,6"
UFMFUS,18W000000000SVEY,UF M FUSTE,UF MAS FUSTE,Solar fotovoltaica,TRISO,MFUSTE,"1,4"
UFMIRA,18W000000000U9DK,UFMIRAVETE,UF PE MIRAVETE,Eólica terrestre,IGNIS,UPMIRA,"30,0"
UFMONEG,18W000000000QH2Y,LIMONETES,CSF LOS LIMONETES,Solar fotovoltaica,IGNIS,UPMONEG,"46,1"
UFMONTE,18W000000000QSNX,MONTECILLO,PE MONTECILLO,Eólica terrestre,IGNIS,UPRCIER,"39,0"
UFMUGA2,18W000000000RDJ8,LA MUGA II,UF LA MUGA III,Eólica terrestre,IGNIS,UPMUGA2,"49,4"
UFMUGA3,18W000000000RDK6,LA MUGA 3,UF LA MUGA III,Eólica terrestre,IGNIS,UPMUGA3,"30,4"
UFMUGAI,18W000000000RDIA,LA MUGA I,UF LA MUGA I,Eólica terrestre,IGNIS,UPMUGAI,"15,0"
UFMUTXA,18W000000000U5S2,UFMUTXA,UFMUTXAMEL,Solar fotovoltaica,METEN,METEV09,"2,8"
UFNAVIC,18W000000000Q34Z,LA NAVICA,PE LA NAVICA,Eólica terrestre,IGNIS,UPNAVIC,"30,0"
UFNIEST,18W000000000RWFX,UF INIESTA,UF PARQUE ELICO INIESTA SLU,Eólica terrestre,IGNIS,UPNIEST,"50,0"
UFNOGAL,18W000000000Q3AN,EL NOGAL,EL NOGAL,Eólica terrestre,IGNIS,UPALFOZ,"24,0"
UFOLM2,18W000000000VC0X,UFOLM2,UFOLM2,Solar fotovoltaica,GNRA,UPOLM2,"10,0"
UFONDA,18W000000000QH4U,COG ONDA,COGENERACIN ONDA,Gas natural cogeneración,IGNIS,UPONDA,"4,8"
UFONDA1,18W000000000QH7O,UFONDA1,UFONDA1,Gas natural cogeneración,IGNIS,UPONDA1,"4,4"
UFPATO,18W000000000SOWJ,UF PATO,UF PATO SOLAR,Solar fotovoltaica,IGNIS,UPPATO,"95,6"
UFPAVAS,18W000000000QTCF,UFPAVAS,UFPAVAS,Solar fotovoltaica,DETIC,PAVASFT,"2,1"
UFPEP3,18W000000000SSAE,UFPEPINO3,UF PEPINO 3,Solar fotovoltaica,IGNIS,UPPEP3,"3,0"
UFPERL1,18W000000000VAAJ,UFPERL1,UF PERLETA 1,Solar fotovoltaica,METEN,METEV11,"1,8"
UFPERL2,18W000000000VACF,UFPERLETA2,UFPERLETA2,Solar fotovoltaica,METEN,METEV12,"2,8"
UFPICA,18W000000000QGZ8,PE PICAD,PE PICADOR,Eólica terrestre,IGNIS,UPMONCA,"50,0"
UFPICON,18W000000000RON4,UF PICON,UF PSFV PICN,Solar fotovoltaica,IGNIS,UPPICON,"34,3"
UFPIRON,18W000000000QGWE,RIO PIRON,COGE RIO PIRON,"Híb. Renov., Term. No Renov",IGNIS,UPPIRON,"9,9"
UFPIZA,18W000000000UP2V,UFPIZANA,UF PIZANA SOLAR,Solar fotovoltaica,IGNIS,UPPIZA,"45,0"
UFPORT2,18W000000000RGKY,PORTILLO 2,UF PORTILLO 2,Eólica terrestre,IGNIS,UPPORTI,"38,0"
UFPORTI,18W000000000RDN0,PORTILLO,UF PORTILLO,Eólica terrestre,IGNIS,UPPORTI,"44,8"
UFPOWER,18W000000000Q1O1,UF POWER,UF POWER ELECTRONICS,Solar fotovoltaica,IGNIS,UPPOWER,"3,6"
UFPSAL,18W000000000UHND,UFPIEDRA,UF PIEDRA DE LA SAL,Solar fotovoltaica,IGNIS,UPPSAL,"43,5"
UFPTCHA,18WUFPTCHA-123-P,UF PTCHA,PORTOCHAO UF RO,Fluyente,LUM1,UPPTCHA,"0,1"
UFPTDIS,18WUFPTDIS-123-U,PTDIS,CH PORTODIS RO,Fluyente,LUM1,UPPTDIS,"0,5"
UFQUALI,18W000000000TQNR,QUALICAPS,UF QUALICAPS,Gas natural cogeneración,LMER,UPQUALI,"2,0"
UFQUIJO,18W000000000Q322,MUNERA I,PE MUNERA I,Eólica terrestre,IGNIS,UPQUIJO,"39,6"
UFRADON,18W000000000Q38R,RADONA,PE CERROS DE RADONA,Eólica terrestre,IGNIS,UPRADON,"40,0"
UFRASC,18W000000000US6E,UFRASCON,UF RASCON SOLAR,Solar fotovoltaica,IGNIS,UPRASC,"44,0"
UFREAL3,18W000000000QH6Q,PUERTO REA,PUERTO REAL III,Solar fotovoltaica,METEN,METEV02,"44,0"
UFREBEN,18W000000000SNTS,UFREBENTO,UFREBENTO,Solar fotovoltaica,IGNIS,UPREBEN,"4,3"
UFRETA,18W000000000T53J,UFRETAMA,UF RETAMA SOLAR,Solar fotovoltaica,IGNIS,UPRETA,"46,2"
UFROCI1,18W000000000Q0CS,FVROCIO1,ROLWIND HUELVA 1 SLU,Solar fotovoltaica,IGNIS,UPROCI1,"46,0"
UFROCI2,18W000000000Q0DQ,UFROCIO 2,ROLWIND HUELVA 2 SLU,Solar fotovoltaica,IGNIS,ES-SROC,"46,0"
UFRODRI,18W000000000QPIF,RODRIGO 2,UF FV DON RODRIGO II,Solar fotovoltaica,IGNIS,UPRODRI,"40,8"
UFRUE1,18W000000000U07M,UFRUEDA1,UF RUEDA SOLAR 1,Solar fotovoltaica,IGNIS,UPRUE1,"27,0"
UFRUE2,18W000000000U09I,UFRUEDA2,UF RUEDA SOLAR 2,Solar fotovoltaica,IGNIS,UPRUE2,"20,6"
UFRUE3,18W000000000TZ41,UFRUEDA3,UF PE RUEDA 3,Eólica terrestre,IGNIS,UPRUE3,"45,0"
UFRUE4,18W000000000UUR3,UFRUEDAW1,UF RUEDA WIND 1,Eólica terrestre,IGNIS,UPRUE4,"45,0"
UFRUE5,18W000000000UUUY,UFRUEDAW2,UF RUEDA WIND 2,Eólica terrestre,IGNIS,UPRUE5,"45,0"
UFSALAD,18W000000000UXJA,UFSALAD,UF SALADAS,Solar fotovoltaica,METEN,METEV10,"4,4"
UFSALG,18W000000000U42K,UFSALGUERO,UF SALGUERO EOLICA,Eólica terrestre,IGNIS,UPSALG,"31,0"
UFSALI2,18W000000000SNQY,UFSALINET2,UFSALINETES,Solar fotovoltaica,IGNIS,UPSALI2,"4,7"
UFSENOR,18W000000000TQLV,SEÑORIOS,SEÑORIOS COGENERACION,Gas natural cogeneración,LMER,SENORIO,"2,0"
UFSERBA,18W000000000SNL7,UF SERBAL ,UF SERBAL SOLAR,Solar fotovoltaica,IGNIS,UPSERBA,"138,6"
UFSOCO,18W000000000T3TA,UFSOCOVOS,UF SOCOVOS,Solar fotovoltaica,IGNIS,UPSOCO,"19,4"
UFSRG,18W000000000Q5BF,SRC,SANCHEZ ROMERO,Gas natural cogeneración,LMER,UPSRC,"1,6"
UFSSALI,18W000000000R73L,UFSALINETE,UF SALINETES SUN FARM SL S,Solar fotovoltaica,IGNIS,UPSSALI,"4,0"
UFTABER,18W000000000SMXN,UF TABERNA,UF ERG SOLAR TABERNAS SLU,Solar fotovoltaica,IGNIS,UPTABER,"35,0"
UFTDAMM,18W000000000OITM,UFTDAMM,UFTDAMM,Biomasa,DETIC,COGDAMM,"1,1"
UFTORJ,18W000000000T3V6,UFTORRIS,UF TORRIJOS RJE,Solar fotovoltaica,IGNIS,UPTORJ,"7,1"
UFTORR,18W000000000SRSI,UFTORRUBIA,UF PS TORRUBIA,Solar fotovoltaica,IGNIS,UPTORR,"40,0"
UFTOSCA,18W000000000QBWT,UF TOSCANO,UF FV TOSCANO,Solar fotovoltaica,IGNIS,UPTOSCA,"41,5"
UFTREG1,18W000000000SBGG,UFTREVAGO1,UF  PLANTA SOLAR OPDE 42 SL,Solar fotovoltaica,IGNIS,UPTREG1,"30,0"
UFTREG2,18W000000000SBHE,UFTREVAGO2,UF,Solar fotovoltaica,IGNIS,UPTREG2,"30,0"
UFTROVE,18W000000000OJ03,UFTROVE,UFTROVE,Gas natural cogeneración,DETIC,COGTROV,"4,2"
UFTRUJI,18W000000000QI2V,UF TRUJI,UF FV TRUJILLO,Solar fotovoltaica,IGNIS,UPTRUJI,"42,0"
UFUNION,18W000000000OHCM,UFUNION,UFUNION,Gas natural cogeneración,DETIC,COGUNIO,"1,5"
UFURENA,18W000000000OH09,UFURENA,UFURENA,Gas natural cogeneración,DETIC,COGUREN,"4,8"
UFUTZUB,18W000000000OH9S,UFUTZUB,UFUTZUB,Gas natural cogeneración,DETIC,COGUTZU,"3,1"
UFVALD1,18W000000000QX4J,UF VALDOM1,UF VALDOMPERE MDO SUB 1,Solar fotovoltaica,IGNIS,UPVALD1,"40,0"
UFVALD2,18W000000000QX5H,UF VALDOM2,UF VALDOMPERE MDO SUB 2,Solar fotovoltaica,IGNIS,UPVALD2,"40,0"
UFVALD3,18W000000000QX6F,UF VALDOM3,UF VALDOMPERE MDO SUB 3,Solar fotovoltaica,IGNIS,UPVALD3,"40,0"
UFVALDE,18W000000000QCYM,UFVALDENEB,UF VALDENEBRO SOLAR SL VALDE,Solar fotovoltaica,IGNIS,UPVALDE,"39,2"
UFVALLE,18W000000000SLJH,UFVALLE,PSFV VALLE DEL SOL,Solar fotovoltaica,IGNIS,UPVALLE,"40,0"
UFVCE,18W000000000V02S,UFVCE,UFVCE,Solar fotovoltaica,GNRA,UPVCE,"3,3"
UFVENAT,18W000000000SDWF,UF VENATOR,UF VENATOR PA SPAIN SL,Gas natural cogeneración,IGNIS,UPVENAT,"10,0"
UFVILA2,18W000000000R90L,UO VILLA 2,UF - VILLANUEVA 2,Solar fotovoltaica,GNRA,UPVILA2,"42,2"
UFVIRG2,18W000000000RDPX,VIRODANAS2,UF VIRGEN DE RODANAS II,Eólica terrestre,IGNIS,UPVIRG2,"49,5"
UFVIRGE,18W000000000RDOZ,VIRODANASI,UF VIRGEN DE RODANAS I,Eólica terrestre,IGNIS,UPVIRGE,"49,5"
UFVISCO,18W000000000RCBR,UFVISCO,UFVISCO,Gas natural cogeneración,IGNIS,UPVISCO,"48,2"
UFVLEBR,18W000000000Q37T,LA FATAREL,PE LA FATARELLA,Eólica terrestre,IGNIS,UPVLEBR,"49,9"
UFVOLAN,18W000000000QSMZ,UF VOLANDI,UF PE VOLANDIN,Eólica terrestre,IGNIS,UPRCIER,"43,4"
UFVVILA,18W000000000Q36V,VILALBA,PE VILALBA,Eólica terrestre,IGNIS,UPVVILA,"48,9"
UFYARTE,18W000000000QQYH,EL YARTE ,UF FV EL YARTE,Solar fotovoltaica,IGNIS,UPYARTE,"43,5"
UGIBT,18W000000000L25J,UGIBT,UGIBT,Solar fotovoltaica,GNRA,FVGNRA,"1,1"
UIPSA1,18W000000000S32V,UIPSA1,UIPSA1,Comercializadores mercado libre,ENDCO,ENDER01,"1,0"
ULDCONA,18W000000000SUA8,ULDCONA,UF SOLAR ULLDECONA,Solar fotovoltaica,NEXU,FULCONA,"2,0"
ULEA,18WULEA-12345-AN,ULEA ,ULEA,Fluyente,BARER,ULEA,"1,5"
ULIB,18WULIB-12345-A6,ULIBARR-GA,ULLIVARRI-GAMBOA,Embalse,IBEG,EBRA,"0,1"
ULMAFOR,18W000000000U04S,ULMAFOR,ULMAFOR,Comercializadores mercado libre,EDPCL,EDPCR01,"1,0"
ULSOC01,18W000000000L5FR,ULTREYA ,SOL ULTREYA COMERCIALIZADORA,Comercializadores mercado libre,ULSOL,ULSOC01,"1,0"
UMEMC01,18W000000000F3BS,UMEME,UMEME UPR1,Comercializadores mercado libre,UMEME,UMEMC01,"30,0"
UMIA,18WUMIA-12345-A4,UMIA,18WUMIA-12345-A4,Fluyente,EGLE,HENGAG,"3,2"
UNAR,18WUNAR-12345-AL,UNARRE,UNARRE,Fluyente,ENDG,EBRFEN,"7,8"
UNELC01,18W-UNELC01-1--J,UNELC01,UNELC01,Comercializadores mercado libre,UNEL,UNELC01,"0,2"
UNIFG,18W000000000JJB1,UNIFG,UNIFG,Solar fotovoltaica,GNRA,FVGNRA,"1,9"
UNILEVE,18WUNILEVE-123-2,UNILEVER,UNILEVER,Gas natural cogeneración,EGED,TFEGED,"2,6"
UNION,18WUNION-1234--T,UNION,18WUNION-1234--T,Eólica terrestre,REPSB,EUNION,"5,2"
UNIPC01,18W000000000V7HE,UNIPER,UNIPER,Comercializadores mercado libre,EON,UNIPC01,"10,0"
UNITEXR,18W000000000V9FC,UNITEXR,UNITEXR,Consumos directos en mercado,SEDAT,SEDAR01,"3,9"
UNITEXS,18W000000000V9DG,UNITEXS,UNITEXS,Consumos directos en mercado,SEDAT,SEDAR01,"1,9"
UPFVSER,18W000000000RL86,FYGNSUR,"GN SUR SDG ( TARIFA, FOTOVOLTA",Solar fotovoltaica,LUM1,UPFVSER,"0,0"
UPINILA,18W000000000HG4W,UPINILA,UF PINILLA,Solar fotovoltaica,NEXU,FPINILA,"43,8"
URACC0F,18W000000000QG4X,URANOVII,URANOSCOPIDAE VII ENERGIA SL,Comercializadores mercado libre,URANC,URACC01,"1,0"
URAIC01,18W000000000J07T,URAIV,URANOSCOPIDAE IV,Comercializadores mercado libre,URAIV,URAIC01,"1,0"
URANO,18WURANO-1234-E3,URANO,URANO,Eólica terrestre,HISPE,DANNZN,"30,4"
URBAMER,18WURBAMER-123-3,URBAMER,URBASER MERUELO - TIRCANTABRIA,Residuos domésticos y similares,TIRCA,RTIRCA,"9,9"
URBCC01,18W00000000076MT,URBE COMER,URBENER COMERCAIZADADORA,Comercializadores mercado libre,URBEN,URBCC01,"0,1"
URBNC01,18W-URBNC01-1--O,URBE CD,URBENER CD,Consumos directos en mercado,URBEN,URBNC01,"16,4"
URBZARA,18WURBZARA-123-O,URBZARA,URBZARA,Biogás,EGLE,RURBZA,"5,4"
URCAST2,18WURCAST2-123-U,URCAST2,URBEL DEL CASTILLO II,Eólica terrestre,IBGES,EHIBGES,"50,0"
URD1,18WURD1-12345-AF,URDON 1,URDON 1,Fluyente,REPSB,VIES,"1,4"
URD2,18WURD2-12345-A5,URDON 2,URDON 2,Fluyente,REPSB,VIES,"1,6"
URD3,18WURD3-12345-AW,URDON 3,URDON 3,Fluyente,REPSB,VIES,"3,2"
URR1,18WURR1-12345-A9,URROZ 1,URROZ 1,Embalse,IBEG,EBRA,"0,4"
URR2,18WURR2-12345--L,URROZ 2,URROZ 2,Embalse,IBEG,EBRA,"0,4"
URSAM,18W000000000NDPC,URSA,URSAMAIOR,Solar fotovoltaica,GESTE,FURSAMA,"42,5"
URT1,18WURT1-12345-AO,URDICETO 1,URDICETO 1,Embalse,GNRA,CHURD,"3,5"
URT2,18WURT2-12345-AE,URDICETO 2,URDICETO 2,Embalse,GNRA,CHURC,"3,5"
URU1,18WURU1-12345-AD,S-URUMEA 1,SANTIAGO-URUMEA 1,Fluyente,IBEG,EBRA,"0,6"
URU2,18WURU2-12345-A3,S-URUMEA 2,SANTIAGO-URUMEA 2,Fluyente,IBEG,EBRA,"0,3"
URU3,18WURU3-12345-AU,S-URUMEA 3,SANTIAGO-URUMEA 3,Fluyente,IBEG,EBRA,"0,1"
URUSC01,18W000000000TFPJ,URUS,URUS ENERGY SORIA SL,Comercializadores mercado libre,URUSE,URUSC01,"1,0"
URVIC01,18W000000000SF1Y,URANOVI,URANOSCOPIDAE ENERGIA VI SL,Comercializadores mercado libre,URANB,URVIC01,"1,0"
USEEA,18W000000000R8A4,USEEA,USEEA,Solar fotovoltaica,GNRA,UPUSE,"3,0"
UTGTA2,18WUTGTA2-123--E,GTA2,UFI GTA2 UTE TEM,Residuos domésticos y similares,UTTEM,TUTETEM,"1,9"
UZKITA,18WUZKITA-123-E2,UZKITA,P. E. ALTOS DE UZKITA,Eólica terrestre,GNCO,EGASNE0,"24,6"
VACARIS,18WVACARIS-123-P,VACARIS,VACARIS,Biogás,NEXU,RVACARI,"1,9"
VADCB,18W000000000SI5H,VADCB,VADCB,Solar fotovoltaica,GNRA,FVGNRA,"4,0"
VADI,18W000000000RK97,CHVADILLO,CHVADILLO,Fluyente,INTRA,HDALT02,"4,4"
VAL102,18W000000000U9SR,VAL102,VAL102,Solar fotovoltaica,SOLRC,FVAL102,"24,9"
VALBA,18WVALBA-1234-EN,VALBA,P.E. DE VILLALBA,Eólica terrestre,EGED,EGREEN,"24,7"
VALBON,18WVALBON-123-EU,VALBON,P.E. VALBONILLA,Eólica terrestre,IBGES,EHIBGES,"11,1"
VALBUEN,18WVALBUEN-123-U,VALBUEN,P.E. VALBUENA,Eólica terrestre,GNRA,PEVALB,"30,4"
VALCAIR,18W000000000RWLL,EGST147,EGST147,Eólica terrestre,GESTE,EGST147,"16,0"
VALCALA,18WPEVI-ALCALA-M,VALCALA,P.E. VIENTO DE ALCALA (FASE I),Eólica terrestre,EGED,EGREEN,"42,0"
VALCAR,18W000000000U89V,VALCAR,VALCAR,Solar fotovoltaica,CEG,FVALCAR,"30,0"
VALD1,18W000000000SDRP,VALD1,VALD1,Solar fotovoltaica,CEG,FVALD1,"3,8"
VALD2,18W000000000SDTL,VALDE2,VALD2,Solar fotovoltaica,CEG,FVALD2,"5,0"
VALDECA,18WVALDECA-123-2,VALDECA,P.E. VALDECARRIÓN,Eólica terrestre,IBGES,EHIBGES,"34,0"
VALDECB,18W000000000F6G9,VALDECABA,FV VALDECABALLEROS,Solar fotovoltaica,ECYR,FEGPEM,"34,3"
VALDECU,18WVALDECU-123-A,VALDECU,18WVALDECU-123-A,Eólica terrestre,EGLE,EVESTA,"2,1"
VALDEHO,18WVALDEHO-123-C,VALDEHORNO,P. E. VALDEHORNO,Eólica terrestre,MIRAS,EMIRASI,"8,0"
VALDELU,18W000000000N30I,VALDELUGO,PE VALDELUGO,Eólica terrestre,CEG,EVALDLU,"18,0"
VALDEMI,18WVALDEMI-12-DZ,VALDEMI,VALDEMINGOMEZ 2000,Biogás,DETIC,RFVALDE,"18,9"
VALDEMO,18W000000000T26M,VALDEMO,PE VALDEMORO,Eólica terrestre,IBGES,EIBGEVA,"49,5"
VALDENA,18WVALDENA-123-P,VALDENA,PE VALDELANAVE,Eólica terrestre,IBGES,EHIBGES,"10,0"
VALDEP,18WVALDEP-1234-P,VALDEP,P.E. VALDEPERONDO,Eólica terrestre,IBGES,EHIBGES,"46,0"
VALDEPE,18WVALDEPE-123-I,VALDEPE,P.E.VALDEPERO,Eólica terrestre,GNCO,EGASNE2,"30,0"
VALDESA,18WVALDESA-123-M,VALDESA,ENERGÍAS ESPECIALES ALTO ULLA,Eólica terrestre,ECYR,EREGPEM,"24,0"
VALDESN,18W000000000LV48,VALDESN,PE VALDESANTOS,Eólica terrestre,IBGES,EHIBGES,"13,3"
VALDESP,18W000000000T98Y,VALDESP,CH VALDESPARTERA,Hidráulica - No UGH,EGLE,HRIEAG,"4,0"
VALDIHU,18W-VALDIHU-9--1,VALDIHU,PE VALDIHUELO,Eólica terrestre,ECYR,EEGPEM,"16,1"
VALDIV,18WVALDIV-1234-F,VALDIV,P.E. LA VALDIVIA,Eólica terrestre,EGED,EGREEN,"28,5"
VALDJOS,18WVALDJOS-123-V,VALDJOS,18WVALDJOS-123-V,Fluyente,EGLE,HTAJUN,"1,4"
VALDUN2,18W000000000R7D1,VALDUN2,VALDUNO II,Fluyente,EGLE,HHIMEG,"5,0"
VALDUNO,18W000000000R7C3,VALDUNO,VALDUNO I,Fluyente,EGLE,HHIMEG,"5,0"
VALENTI,18W000000000TNTO,VALENTI,UF SOLAR ELS VALENTINS,Solar fotovoltaica,NEXU,FVALENT,"9,0"
VALERRO,18W000000000UP8J,VALERRO,UF EOLICA VALDEHIERRO,Eólica terrestre,NEXU,EVDERRO,"12,6"
VALFU,18WVALFU-12345-0,VALFU,P.E. VALDEFUENTES,Eólica terrestre,IBGES,EHIBGES,"28,0"
VALFW,18WVALFW-12345-J,VALFW,VALFW,Solar fotovoltaica,GNRA,FVALFW,"10,0"
VALGEVE,18WVALGEVE-123-E,VALGEVE,18WVALGEVE-123-E,Fluyente,EGLE,HENREU,"1,1"
VALIC01,18W-VALIC01-8--5,VALIC01,VALIC01,Comercializadores mercado libre,VALI,VALIC01,"0,0"
VALL5V,18W000000000TSU7,VALL5V,VALL5V,Comercializadores mercado libre,ENDCO,ENDER01,"1,0"
VALLE,18W0000000000GZ1,VALLE,IF VALLEHERMOSO I,Solar fotovoltaica,SOMEN,SENFV1,"2,1"
VALLESP,18W000000000T9WN,VALLESP,VALLESP,Hidráulica - No UGH,DETIC,HYVALLE,"4,2"
VALLFOS,18W000000000T9P0,VALLFOS,VALLFOS,Hidráulica - No UGH,DETIC,HYVALLF,"1,7"
VALLFR,18W000000000TSV5,VALLFR,VALLFR,Comercializadores mercado libre,ENDCO,ENDER01,"1,0"
VALLHEB,18WVALLHEB-123-K,VALLHEB,VALL HEBRON,Gas natural cogeneración,AME,TZAME,"4,1"
VALLKAS,18W000000000NGHJ,VALLKAS,VALLKAS,Solar fotovoltaica,CEG,FVALLKA,"1,2"
VALLOBA,18W000000000RT6N,VALLOBA,UF SOLAR VALLOBA,Solar fotovoltaica,NEXU,FVALLOB,"40,0"
VALLPA,18W000000000TSX1,VALLPA,VALLPA,Comercializadores mercado libre,ENDCO,ENDER01,"1,0"
VALLRO,18W000000000TSW3,VALLRO,VALLRO,Comercializadores mercado libre,ENDCO,ENDER01,"1,0"
VALOC01,18W000000000IHAD,VALOC01,VALOC01,Consumos directos en mercado,VALOR,VALOC01,"1,0"
VALPARD,18WVALPARD-12-EI,VALPARD,P.E.VALPARDO,Eólica terrestre,EGED,EGREEN,"21,2"
VALPBA,18WVALPBAN-123-J,VALPBA,VALPBA,Gas natural cogeneración,COGEN,TVALPBA,"16,5"
VALPC2,18W0000000009Z71,VALPC2,VALPC2 F002,Gas natural cogeneración,COGEN,TVCOMAT,"16,5"
VALRC01,18W000000000OWZ5,VALRC01,VALRC01,Consumos directos en mercado,VALEA,VALRC01,"3,5"
VALSA,18WVALSA-12345-D,VALSA,P.E.VALSAGUEIRO,Eólica terrestre,HC G,HCGSIHA,"32,5"
VALSE,18WVALSE-12345-E,RE-107259,VEGASVER,Biogás,TRADB,TYTRDB,"2,5"
VALTFON,18W000000000UGOE,VALTFON,18W000000000UGOE,Solar fotovoltaica,EGLE,FVALTA,"38,9"
VALVERD,18W000000000QMKK,VALVERD,UF SOLAR VALVERDE,Solar fotovoltaica,NEXU,FVLVERD,"2,4"
VAN2,18WVAN2-12345-BA,VANDELLOS,VANDELLOS II,Nuclear,ENDG,VAN2,"1.045,3"
VAP1,18WVAP1-12345-A0,VALPARA 1G,VALPARAISO GR.1 GENERAC.,Embalse,IBEG,DUER,"32,6"
VAP1B,18WVAP1B-12345-8,VALPARA 1B,VALPARAISO GR.1 BOMBEO,Consumo bombeo,IBEG,DUEB,"40,0"
VAP2,18WVAP2-12345-AR,VALPARA 2G,VALPARAISO GR.2 GENERAC.,Embalse,IBEG,DUER,"32,4"
VAP2B,18WVAP2B-12345-Z,VALPARA 2B,VALPARAISO GR.2 BOMBEO,Consumo bombeo,IBEG,DUEB,"40,0"
VAQC01,18W-VAQC01-28--L,VAQC01,VAQC01,Comercializadores mercado libre,VAQ,VAQC01,"0,0"
VARAC01,18W000000000POS2,VARAENER,COMERCIALIZADORA VARAENER,Comercializadores mercado libre,VARAE,VARAC01,"0,1"
VARCB,18W000000000RHKV,VARCB,VARCB,Solar fotovoltaica,GNRA,UPVAR,"8,6"
VASVB,18W000000000SLKF,VASVB,VASVB,Solar fotovoltaica,GNRA,FVGNRA,"5,0"
VBOTOA,18WVBOTOA-1234-Z,VBOTOA,VEGA DE BOTOA,Solar fotovoltaica,GESTE,FVBOTOA,"2,5"
VC11,18WVC11-12345-AI,VILLALC 11,VILLALCAMPO I 1,Embalse,IBEG,DUER,"32,5"
VC12,18WVC12-12345-A8,VILLALC 12,VILLALCAMPO I 2,Embalse,IBEG,DUER,"32,2"
VC13,18WVC13-12345-AZ,VILLALC 13,VILLALCAMPO I 3,Embalse,IBEG,DUER,"32,4"
VC21,18WVC21-12345-A7,VILLALC 21,VILLALCAMPO II,Embalse,IBEG,DUER,"118,5"
VCARM,18W000000000OBA7,VCARM,PV VIRGEN DEL CARMEN,Solar fotovoltaica,SHEEN,SHEPV06,"20,0"
VCASTIN,18WVCASTIN-12-ER,VCASTIN,P.E VILLACASTIN,Híbrida Renovable,HC G,HIBSIHA,"25,4"
VCN1,18WVCN1-12345-AZ,VALDECA 1G,VALDECAÑAS GR.1 GENERAC.,Embalse,IBEG,TAJO,"82,7"
VCN1B,18WVCN1B-12345-6,VALDECA 1B,VALDECAÑAS GR.1 BOMBEO,Consumo bombeo,IBEG,TAJB,"81,0"
VCN2,18WVCN2-12345-AP,VALDECA 2G,VALDECAÑAS GR.2 GENERAC.,Embalse,IBEG,TAJO,"82,3"
VCN2B,18WVCN2B-12345-X,VALDECA 2B,VALDECAÑAS GR.2 BOMBEO,Consumo bombeo,IBEG,TAJB,"56,0"
VCN3,18WVCN3-12345-AF,VALDECA 3G,VALDECAÑAS GR.3 GENERAC.,Embalse,IBEG,TAJO,"82,0"
VCN3B,18WVCN3B-12345-N,VALDECA 3B,VALDECAÑAS GR.3 BOMBEO,Consumo bombeo,IBEG,TAJB,"56,0"
VDECRO,18W000000000G1YL,VDECRO,VALDECARRO,Solar fotovoltaica,GALP,GALPS1,"41,0"
VDLACAS,18WVDLACAS-123-F,VDLACAS,P.E VALDELACASA,Eólica terrestre,GNCO,EGASNE1,"10,8"
VDLIN01,18WVDLIN01-123-V,VDLIN01,P.E. VALDELIN,Eólica terrestre,GNCO,EGASNE1,"24,0"
VDMON,18WVDMON-1234-EP,VDMON,P.E. VIRXE DO MONTE,Eólica terrestre,EGED,EVDMOG,"19,2"
VDPORRE,18WVDPORRE-12-EA,VDPORRE,P.E. VALDEPORRES,Eólica terrestre,IBGES,EHIBGES,"31,4"
VECCC01,18W000000000RZHK,UPVECTORC,UP COMPRA VECTOR,Comercializadores mercado libre,VECTO,VECCC01,"10,0"
VECIANA,18WVECIANA-123-P,VECIANA,VECIANA,Eólica terrestre,EGLE,EVECIA,"30,0"
VECONSA,18WVECONSA-123-U,VECONSA,VECONSA,Biomasa,DETIC,COGVECO,"6,4"
VEDADI,18WVEDADI-123-EY,VEDADI,P. E. EL VEDADILLO,Eólica terrestre,EGED,EGREEN1,"49,5"
VEG1,18WVEG1-12345-AE,VEGACERV 1,VEGACERVERA 1,Fluyente,ASIE,ASIDUE,"0,2"
VEG2,18WVEG2-12345-A4,VEGACERV 2,VEGACERVERA 2,Fluyente,ASIE,ASIDUE,"0,2"
VEGCU,18W000000000NQWX,VEGCU,VEGCU,Fluyente,GNRA,HCUER,"2,4"
VEL1,18WVEL1-12345-AX,VELLE 1,VELLE 1,Embalse,GNFG,UFMI,"45,7"
VEL2,18WVEL2-12345-AN,VELLE 2,VELLE 2,Embalse,GNFG,UFMI,"40,7"
VELCB1,18W000000000QP8Z,VELCB1,VELCB1,Solar fotovoltaica,GNRA,FVGNRA,"1,5"
VELCB2,18W000000000QPAV,VELCB2,VELCB2,Solar fotovoltaica,GNRA,FVGNRA,"1,2"
VELCB3,18W000000000QPBT,VELCB3,VELCB3,Solar fotovoltaica,GNRA,FVGNRA,"3,0"
VELETA,18WVELETA-123-EB,VELETA,PE.E LA VELETA,Eólica terrestre,HC G,EBRUJUL,"17,8"
VELILLA,18W000000000S9WR,VELILLA,VELILLA,Solar fotovoltaica,IBGES,FIBGEVE,"250,0"
VELTC01,18W000000000Q0IG,VELTC01,VELTC01,Comercializadores mercado libre,VELTA,VELTC01,"0,1"
VEN1,18WVEN1-12345-AB,VENCIAS,LAS VENCIAS (A),Embalse,GNFG,UFTA,"2,2"
VENTDUC,18WVENTOSADUCADD,VENTDUC,VENTOSA DEL DUCADO,Eólica terrestre,IBGES,EHIBGES,"44,0"
VENTOS2,18W000000000F5QT,VENTOS2,PENA VENTOSA REF,Eólica terrestre,ECYR,EEGPEM,"8,0"
VENTOSA,18WVENTOSA-123-Z,VENTOSA,P.E. PENA VENTOSA,Eólica terrestre,ECYR,EEGPES,"44,8"
VENTUM,18W000000000NJBM,VENTUM1,SAGGITA VENTUM F1,Eólica terrestre,CEG,E1VENTU,"20,5"
VENZO,18WVENZO-12345-6,VENZO,VENZO,Eólica terrestre,IBGES,EHIBGES,"8,0"
VEO-BD,18W000000000U0KX,VEO-BD,VEO-BD,Comercializadores mercado libre,TGYE,TGYER01,"1,0"
VEO-EQ,18W000000000U0LV,VEO-EQ,VEO-EQ,Comercializadores mercado libre,TGYE,TGYER01,"1,0"
VEO-HN,18W000000000U0H2,VEO-HN,VEO-HN,Comercializadores mercado libre,TGYE,TGYER01,"1,0"
VEO-SS,18W000000000U0I0,VEO-SS,VEO-SS,Comercializadores mercado libre,TGYE,TGYER01,"1,0"
VEO-SX,18W000000000U0JZ,VEO-SX,VEO-SX,Comercializadores mercado libre,TGYE,TGYER01,"1,0"
VEO-TE,18W000000000V557,VEO-TE,VEO-TE,Comercializadores mercado libre,TGYE,TGYER01,"1,0"
VEO-VV,18W000000000V565,VEO-VV,VEO-VV,Comercializadores mercado libre,TGYE,TGYER01,"1,0"
VEO-YD,18W000000000V743,VEO-YD,VEO-YD,Comercializadores mercado libre,TGYE,TGYER01,"1,0"
VEOLIA,18W000000000V70B,VEOLIA,VEOLIA,Comercializadores mercado libre,EDPCL,EDPCR01,"1,0"
VER1,18WVER1-12345-A4,V.BIDASO 1,VERA DE BIDASOA 1,Fluyente,IBEG,EBRA,"0,2"
VER2,18WVER2-12345-AV,V.BIDASO 2,VERA DE BIDASOA 2,Fluyente,IBEG,EBRA,"0,2"
VERDIGU,18W000000000K4A7,VERDIGU,VERDIGUEIRO,Eólica terrestre,IBGES,EHIBGES,"36,7"
VERDNLS,18W000000000S6V1,VERDNLS,UF SOLAR VERDINALES,Solar fotovoltaica,NEXU,FVERDLS,"15,0"
VERJERE,18WVERJERE-123-D,VERJERE,VERJERE,Biogás,NEXU,RVJEREZ,"2,5"
VERTALC,18WVERTALC-123-B,VERTALC,VERTALC,Biogás,NEXU,RVERALC,"2,3"
VERTI,18W000000000NHIE,VERTI,VERTI,Solar fotovoltaica,GNRA,FVGNRA,"2,3"
VERTX1,18W000000000TSZY,VERTX1,VERTX1,Comercializadores mercado libre,ENDCO,ENDER01,"1,0"
VERTX2,18W000000000TT0R,VERTX2,VERTX2,Comercializadores mercado libre,ENDCO,ENDER01,"1,0"
VERTX3,18W000000000TT1P,VERTX3,VERTX3,Comercializadores mercado libre,ENDCO,ENDER01,"1,0"
VERUELA,18W000000000VH1G,VERUELA,UF SOLAR ERUEL,Solar fotovoltaica,NEXU,FVRUELA,"5,6"
VERVD,18W000000000P8QH,VERVD,VERVD,Solar fotovoltaica,GNRA,FVGNRA,"1,7"
VESVB,18W000000000R6ZY,VESVB,VESVB,Solar fotovoltaica,GNRA,FVGNRA,"1,4"
VETEJAR,18WVETEJAR-123-4,VETEJAR,VETEJAR,Biomasa,EGLE,ROLEIC,"12,9"
VFR1,18WVFR1-12345-AT,VILLAFRA 1,VILLAFRANCA 1,Fluyente,ENDG,GDLQ,"2,4"
VFR2,18WVFR2-12345-AJ,VILLAFRA 2,VILLAFRANCA 2,Fluyente,ENDG,GDLQ,"2,4"
VGO1,18WVGO1-12345-AD,VGONZALO 1,VILLAGONZALO 1,Fluyente,IBEG,DUER,"1,9"
VGO2,18WVGO2-12345-A3,VGONZALO 2,VILLAGONZALO 2,Fluyente,IBEG,DUER,"1,9"
VIANA2,18WVIANA2-123-AF,VIANA2,VIANA II,Fluyente,EGED,HFEGED,"5,0"
VIANA3,18WVIANA3-123-A7,VIANA3,VIANA III,Fluyente,EGED,HFEGED,"6,2"
VIBPC,18W000000000VCC9,VIBPC,VIBPC,Solar fotovoltaica,GNRA,UPVIBO,"36,2"
VICAD1,18W000000000SBPZ,VICAD1,VICAD1,Solar fotovoltaica,GNRA,FVGNRA,"3,5"
VICAD2,18W000000000SBQX,VICAD2,VICAD2,Solar fotovoltaica,GNRA,FVGNRA,"4,4"
VICANAS,18W000000000UYHB,VICANAS,UF SOLAR VILLACAÑAS,Solar fotovoltaica,NEXU,FVCANAS,"3,0"
VICEDO,18WVICEDO-123-EK,VICEDO,P.E. DE VICEDO,Eólica terrestre,EGED,EPEVIG,"24,6"
VICENTE,18W000000000LS7B,VICENTE,UF HOYA DE LOS VICENTES,Solar fotovoltaica,GNRA,UPHOY,"20,0"
VICTORI,18WVICTORI-123-N,VICTORIA,P.E. LA VICTORIA,Eólica terrestre,GNRA,PEVER,"23,2"
VIDRA1,18W000000000S33T,VIDRA1,VIDRA1,Comercializadores mercado libre,ENDCO,ENDER01,"1,0"
VIDRA2,18W000000000S34R,VIDRA2,VIDRA2,Comercializadores mercado libre,ENDCO,ENDER01,"1,0"
VIDRA3,18W000000000S35P,VIDRA3,VIDRA3,Comercializadores mercado libre,ENDCO,ENDER01,"1,0"
VIE1,18WVIE1-12345-AP,VIELLA 1,VIELLA 1,Fluyente,ENDG,EBRFEN,"10,8"
VIE2,18WVIE2-12345-AF,VIELLA 2,VIELLA 2,Fluyente,ENDG,EBRFEN,"10,8"
VIEECA1,18W-VIEECA1-7--V,VIEECA1,VIEECA1,Comercializadores mercado libre,VIEE,VIEECA1,"0,0"
VIELHA,18WVIELHA-1234-J,VIELHA,TUNEL DE VIELHA-DRENATGES,Fluyente,ECYR,HEGPE3,"0,2"
VIL1,18WVIL1-12345-AM,VILSIERRA1,VILLALBA DE LA SIERRA 1,Embalse,GNFG,UFTA,"5,6"
VIL2,18WVIL2-12345-AC,VILSIERRA2,VILLALBA DE LA SIERRA 2,Embalse,GNFG,UFTA,"5,5"
VILACHA,18WVILACHA-123-P,VILACHA,18WVILACHA-123-P,Eólica terrestre,EGLE,ESEOUR,"7,8"
VILACOB,18WVILACOB-12--B,VILACOB,UF SALTO VILACOBA,Fluyente,GNRA,HLACOBA,"1,2"
VILADEM,18W000000000TPPQ,VILADEMULS,VILADEMULS,Solar fotovoltaica,EPYM,EYPPV4,"1,6"
VILAMC1,18W000000000VALY,VILAMC1,UFI SOLAR VILLAMECA I,Solar fotovoltaica,NEXU,FVMECA1,"75,2"
VILAMC2,18W000000000VAMW,VILAMC2,UFI SOLAR VILLAMECA II,Solar fotovoltaica,NEXU,FVMECA2,"75,2"
VILANEA,18W000000000N2ZP,VILANEA,VILANERA AMPLIACION,Solar fotovoltaica,CEG,F1CEG,"0,9"
VILANOV,18W000000000SM39,FV VILANOV,FV VILANOVA II,Solar fotovoltaica,DREUA,FDREU11,"1,8"
VILANU2,18W000000000JGMP,VILANU2,ISF VILLANUBLA 2,Solar fotovoltaica,WMARK,FFWMARK,"1,0"
VILANUB,18WVILANUB-123-0,VILANUB,ISF VILLANUBLA 3 MW,Solar fotovoltaica,WMARK,FFWMARK,"3,0"
VILANUE,18WVILANUE-123-G,VILANUE,VILLANUEVA,Solar fotovoltaica,WMARK,FFWMARK,"3,0"
VILAREY,18W000000000O4EK,VILREY,VILLREY,Fluyente,GESTE,HVILLAR,"1,6"
VILDA,18WVILDA-12345-U,VILDA,P.E. VILALBA DELS ARCS,Eólica terrestre,IGNIS,EVAR,"25,0"
VILLA01,18W0000000004ZSG,VILLA01,VILLANUEVA - VELA,Solar fotovoltaica,GNRA,FVGNRA,"3,5"
VILLAM,18WVILLAM-123-E5,VILLAM,VILLAM,Eólica terrestre,HC G,HCGSCSA,"17,8"
VILLANU,18WVILLANU-12-EN,VILLANU,VILLANU,Eólica terrestre,EGED,EVILLAN,"19,8"
VILLAR,18W000000000PS8U,VILLAR,VILLAR,Solar fotovoltaica,SHEEN,SHEPV10,"26,5"
VILLARO,18WVILLARO-123-E,VILLARO,ENERGYWORKS VILLARROBLEDO,Derivados del petróleo o carbón,IBGES,TTIBGES,"18,0"
VILLARU,18W000000000V7CO,VILLARU,VILLARU,Consumos directos en mercado,SPGG,SPGGR01,"1,6"
VILLAVA,18W000000000R221,VILLAVALI,VILLAVALIENTESO,Solar fotovoltaica,GESTE,FVILLAV,"4,0"
VILLM,18W000000000K6ZP,VILLM,VILLM,Solar fotovoltaica,GNRA,UPMESF,"2,0"
VILLORU,18WVILLORU-12-ED,VILLORU,P.E. VILLORUEBO,Eólica terrestre,HC G,HCGSCSA,"16,1"
VILLROB,18W000000000PXY0,VILLROB,PARQUE FV VILLAROBLEDO,Solar fotovoltaica,EBLCO,FFIRSTW,"2,0"
VILOBI,18WVILOBI-1234-D,VILOBI,P.E. SERRA DEL VILOBI,Eólica terrestre,EGED,EGREEN1,"40,5"
VILOBI2,18WVILOBI2-123-G,VILOBI2,SERRA VILOBI2,Eólica terrestre,EGED,EGREEN,"9,0"
VILPX,18W000000000S8P7,VILPX,VILPX,Solar fotovoltaica,GNRA,UPVIL,"42,2"
VIMAN,18W000000000U2LP,VIMAN,VIMAN,Solar fotovoltaica,CEG,FVIMAN,"16,0"
VIMC01,18W000000000RQZB,VIMCOMEL,VIMCOMEL,Comercializadores mercado libre,VIMCO,VIMC01,"0,0"
VIMECA,18W0000000005FAY,VIMECA,CH VILLAMECA,Fluyente,ECYR,HEGPE3,"0,5"
VINASGO,18W000000000RP7X,VIÑAS,VIÑASGOMEZ,Solar fotovoltaica,GESTE,FVINASG,"2,8"
VINIABA,18WVINIABA-12-E8,VINIABA,VINIABA,Fluyente,IBGES,HFIBGES,"1,2"
VINIC01,18W-VINIC01-8--8,COVINIL,COVINIL,Consumos directos en mercado,VINI,VINIC01,"2,0"
VINIX,18W000000000TU2K,VINIX,VINIX,Solar fotovoltaica,GNRA,UPSON4,"7,9"
VINSG,18W000000000SFCC,VINSG,VINSG,Solar fotovoltaica,GNRA,FVGNRA,"4,9"
VIOLC01,18W000000000T0K0,VINAC51,VINAC51,Consumos directos en mercado,VINAO,VIOLC01,"0,2"
VIPROES,18WVIPROES-123-8,VIPROES,"VIPROES ENERGÍAS RENOVABLES, S",Solar fotovoltaica,WMARK,FFWMARK,"10,0"
VIR1,18WVIR1-12345-AU,V.PILAR 1,VIRGEN DEL PILAR 1,Fluyente,IBEG,TAJO,"0,1"
VIR2,18WVIR2-12345-AK,V.PILAR 2,VIRGEN DEL PILAR 2,Fluyente,IBEG,TAJO,"0,5"
VIRAVEN,18WVIRAVEN--1-ED,VIRAVENTO,P.E. VIRAVENTO,Eólica terrestre,ECYR,EEGPEM,"1,2"
VIRIC01,18W0000000005NOJ,VIRGIN UP,VIRGIN ELECTRIC UP,Comercializadores mercado libre,VIRGI,VIRIC01,"0,5"
VIRPENA,18WVIRPENA-123-2,VIRPENA,P.E.VIRGEN PEÑA D ALFAJARÍN,Eólica terrestre,HC G,HCGSCSA,"30,0"
VIRTOS,18W000000000TT2N,VIRTOS,VIRTOS,Comercializadores mercado libre,ENDCO,ENDER01,"1,0"
VIRUC01,18W000000000IGRJ,SOCIEDAD,SOCIEDAD ARAGONESA DE COMERCIA,Comercializadores mercado libre,VIRTM,VIRUC01,"1,0"
VISC01,18W-VISC01-17--X,VISC01,VISC01,Consumos directos en mercado,SNIVI,VISC01,"3,0"
VISFV18,18W000000000SD5W,VISFV18,LOGIFASHION SOLAR,Solar fotovoltaica,VISAL,VISFV18,"1,2"
VISFV21,18W000000000SKYR,VISFV21,PSFV OLIVARES,Solar fotovoltaica,VISAL,VISFV21,"6,0"
VISFV22,18W000000000SQWD,VISFV22,INVERSIONES FERNANDEZ HIGUERA-,Solar fotovoltaica,VISAL,VISFV22,"0,9"
VISFV23,18W000000000URNK,VISFV23,FV TURRILLAR MATANEGRO-RIO BEN,Solar fotovoltaica,VISAL,VISFV23,"4,3"
VISFV24,18W000000000URPG,VISFV24,FV LA CAADA DE TABERNAS-COTO,Solar fotovoltaica,VISAL,VISFV24,"4,4"
VISFV25,18W000000000UT0N,VISFV25,TORDESILLAS 2,Solar fotovoltaica,VISAL,VISFV25,"1,0"
VISLC01,18W000000000DRU0,VISLC01,VISALIA ENERGIA SLU,Comercializadores mercado libre,VISAL,VISLC01,"0,1"
VISOS,18WVISOS-1234-E2,VISOS,P.E. LOS VISOS,Híbrida Renovable,IGNIS,UPEBROH,"50,0"
VITIGUD,18W000000000P1FN,VITIGUD,PARQUE FV VITIGUDINA,Solar fotovoltaica,EBLCO,FVITIGU,"3,0"
VITLC01,18W000000000PUUH,VITLC01,VITOL COMERCIALIZADORA,Comercializadores mercado libre,VITOL,VITLC01,"500,0"
VITLCP3,18W000000000OYG0,VITOLCP3,VITOL COMPRAS PARA EXPORT FRA,Importación Francia,VITOL,VITLCP3,"500,0"
VITLVP3,18W000000000OYHZ,VITOLVP3,VITOL VENTAS DE IMPORTACION DE,Exportación Francia,VITOL,VITLVP3,"500,0"
VIVALS,18W000000000JXAZ,VVLS,VIVALS,Solar fotovoltaica,GESTE,FVIVAL,"1,2"
VIVEIRO,18WVIVEIRO-12-EW,VIVEIRO,P.E. VIVEIRO,Eólica terrestre,IBGES,EHIBGES,"36,5"
VIVOC01,18W0000000002OZ6,VIVO,VIVO ENERGIA,Comercializadores mercado libre,VIVO,VIVOC01,"0,1"
VJALO2,18W000000000QGMY,UFVJALON2,UF PE VALDEJALN II,Eólica terrestre,IGNIS,UPEBROH,"9,7"
VJALON,18W000000000N75X,VJALON,18W000000000N75X,Eólica terrestre,IGNIS,UPEBRO,"50,0"
VJATR,18W000000000C9ZB,EOTERRAL,ENERGIA EOLICA TERRAL,Eólica terrestre,GNRA,EFGNRA,"3,0"
VLANEVA,18W000000000PWON,VILLA,VILLANUEVA,Solar fotovoltaica,GESTE,FVLNEVA,"42,2"
VLB1,18WVLB1-12345-AM,VILLALBA 1,VILLALBA 1,Embalse,IBEG,DUER,"6,9"
VLB2,18WVLB2-12345-AC,VILLALBA 2,VILLALBA 2,Embalse,IBEG,DUER,"6,9"
VLL1,18WVLL1-12345-AN,VALLAT 1,VALLAT 1,Fluyente,DUFER,HDXT01,"6,9"
VLL2,18WVLL2-12345-AD,VALLAT 2,VALLAT 2,Fluyente,DUFER,HDXT01,"7,1"
VLLANO1,18WVLLANO1-12-ER,VLLANO1,P.E. VIGEN DE LOS LLANOS I,Eólica terrestre,IBGES,EHIBGES,"26,4"
VLLANO2,18WVLLANO2-12-EK,VLLANO2,P.E. VIRGEN DE LOS LLANOS II,Eólica terrestre,IBGES,EHIBGES,"23,1"
VLLNGO,18W00000000058G6,VLLNGO,HIDVLLNGO,Fluyente,NEXU,HVLLNGO,"3,2"
VLR1,18WVLR1-12345-AV,VILALLER 1,VILALLER 1,Fluyente,ENDG,EBRFEN,"1,9"
VLR2,18WVLR2-12345-AL,VILALLER 2,VILALLER 2,Fluyente,ENDG,EBRFEN,"2,0"
VLT1,18WVLT1-12345-A9,VALTEINA 1,VALTEINA 1,Fluyente,IBEG,DUER,"0,4"
VLT2,18WVLT2-12345--L,VALTEINA 2,VALTEINA 2,Fluyente,IBEG,DUER,"0,4"
VMARTIN,18W000000000P7X6,VMARTIN,FV VILLMARTIN,Solar fotovoltaica,EGLE,FANTU,"9,0"
VMAYOR,18W000000000SRAH,VMAYOR,UF SOLAR VILLAMAYOR,Solar fotovoltaica,NEXU,FVMAYOR,"8,6"
VMDIANO,18WVMDIANO-12-EO,VMDIANO,P.E. VALMEDIANO,Eólica terrestre,IBGES,EHIBGES,"34,0"
VMR2,18W000000000SEJ1,VMR2,VMR2,Eólica terrestre,REPSB,ECERRAG,"39,5"
VNLSC01,18W000000000BG0R,VINALESA,ELECTRICA DE VINALESA SCV,Comercializadores mercado libre,VINAL,VNLSC01,"25,0"
VNSER,18W000000000MSFS,VNSER,VNSER,Solar fotovoltaica,GNRA,FVNSER,"40,0"
VNUAL,18W000000000QY88,VNUAL,VNUAL,Solar fotovoltaica,GNRA,FVGNRA,"1,8"
VO06AL,18W000000000OSZH,VO06AL,VO06AL,Comercializadores mercado libre,FORTI,FORTR01,"1,0"
VO1133,18W000000000UDON,VO1133,VO1133,Solar fotovoltaica,SOLRC,FVO1133,"37,5"
VO2134,18W000000000UDQJ,VO2134,VO2134,Solar fotovoltaica,SOLRC,FVO2134,"37,5"
VOB1,18WVOB1-12345-AN,VALDEOB 1,VALDEOBISPO 1,Embalse,IBEG,TAJO,"19,7"
VOB2,18WVOB2-12345-AD,VALDEOB 2,VALDEOBISPO 2,Embalse,IBEG,TAJO,"19,7"
VOLTREG,18WVOLTREG-123-H,VOLTREG,DESIMPACTE DE PURINS VOLTREGA,Gas natural cogeneración,FUTGR,TIGVOL,"14,6"
VOZM,18WVOZM-12345-AU,VOZMEDIANO,VOZMEDIANO,Fluyente,ASIE,ASIEBR2,"0,3"
VPEL,18W0000000004AQL,RTYLMER,TÉRMICA RENOVABLE,Biomasa,PEL,VPEL,"0,9"
VQUIRAN,18W000000000U1G1,VQUIRAN,UF SOLAR VILLAQUIRAN,Solar fotovoltaica,NEXU,FQUIRAN,"2,9"
VRN1,18WVRN1-12345-A3,VLLRINO 1G,VILLARINO GR.1 GENERAC.,Embalse,IBEG,DUER,"138,9"
VRN1B,18WVRN1B-12345-B,VLLRINO 1B,VILLARINO GR.1 BOMBEO,Consumo bombeo,IBEG,DUEB,"138,0"
VRN2,18WVRN2-12345-AU,VLLRINO 2G,VILLARINO GR.2 GENERAC.,Embalse,IBEG,DUER,"137,4"
VRN2B,18WVRN2B-12345-1,VLLRINO 2B,VILLARINO GR.2 BOMBEO,Consumo bombeo,IBEG,DUEB,"138,0"
VRN3,18WVRN3-12345-AK,VLLRINO 3G,VILLARINO GR.3 GENERAC.,Embalse,IBEG,DUER,"138,3"
VRN3B,18WVRN3B-12345-S,VLLRINO 3B,VILLARINO GR.3 BOMBEO,Consumo bombeo,IBEG,DUEB,"138,0"
VRN4,18WVRN4-12345-AA,VLLRINO 4G,VILLARINO GR.4 GENERAC.,Embalse,IBEG,DUER,"138,7"
VRN4B,18WVRN4B-12345-I,VLLRINO 4B,VILLARINO GR.4 BOMBEO,Consumo bombeo,IBEG,DUEB,"138,0"
VRN5,18WVRN5-12345-A0,VLLRINO 5G,VILLARINO GR.5 GENERAC.,Embalse,IBEG,DUER,"148,9"
VRN5B,18WVRN5B-12345-8,VLLRINO 5B,VILLARINO GR.5 BOMBEO,Consumo bombeo,IBEG,DUEB,"138,0"
VRN6,18WVRN6-12345-AR,VLLRINO 6G,VILLARINO GR.6 GENERAC.,Embalse,IBEG,DUER,"148,6"
VRN6B,18WVRN6B-12345-Z,VLLRINO 6B,VILLARINO GR.6 BOMBEO,Consumo bombeo,IBEG,DUEB,"138,0"
VRRE,18WVRRE-12345-AE,VILLARREAL,VILLARREAL,Fluyente,ASIE,ASIJUCA,"0,4"
VRSBT,18W000000000U2T9,VRSBT,VRSBT,Solar fotovoltaica,GNRA,UPVRS,"24,5"
VRTPN,18W000000000UGR8,VRTPN,VRTPN,Solar fotovoltaica,GNRA,UPVERO,"10,0"
VRTPN1,18W000000000UHA2,VRTPN1,VRTPN1,Solar fotovoltaica,GNRA,UPVERO1,"10,0"
VRTPN3,18W000000000UHCZ,VRTPN3,VRTPN3,Solar fotovoltaica,GNRA,UPVERO3,"10,0"
VSLAR,18W000000000L45D,VALDESOLAR,VALDESOLAR,Solar fotovoltaica,REPSB,FVALDES,"206,2"
VTD1,18WVTD1-12345-AF,VALTODAN 1,VALTODANO 1,Fluyente,ENDG,GDLQ,"1,0"
VTD2,18WVTD2-12345-A5,VALTODAN 2,VALTODANO 2,Fluyente,ENDG,GDLQ,"1,0"
VTD3,18WVTD3-12345-AW,VALTODAN 3,VALTODANO 3,Fluyente,ENDG,GDLQ,"1,0"
VUA1,18WVUA1-12345--L,VILLANUA,VILLANUA,Fluyente,ENDG,EBRACC1,"10,8"
VVESC01,18W0000000004DKO,VIVA EYS,VIVA ENERGIA Y SOLUCIONES,Comercializadores mercado libre,VIVA,VVESC01,"0,1"
VVINAS,18W00000000058DC,VIINAS,HIDVINAS,Fluyente,NEXU,HVVINAS,"1,8"
VYA1,18WVYA1-12345-AP,V.YANC1 1,VENTAS DE YANCI 1,Fluyente,IBEG,EBRA,"0,5"
VYA2,18WVYA2-12345-AF,V.YANCI 2,VENTAS DE YANCI 2,Fluyente,IBEG,EBRA,"0,5"
VYA3,18WVYA3-12345-A5,V.YANCI 3,VENTAS DE YANCI 3,Fluyente,IBEG,EBRA,"0,5"
VYA4,18WVYA4-12345-AW,V.YANCI 4,VENTAS DE YANCI 4,Fluyente,IBEG,EBRA,"0,5"
VYEIX,18W000000000TU3I,VYEIX,VYEIX,Solar fotovoltaica,GNRA,UPSON3,"2,8"
WART2,18W0000000005DOC,WART2,UF WARTSILA 2,Energía residual,AME,TWART2,"13,0"
WARTSIL,18WWARTSIL-123-U,WARTSIL,WARTSILA,Energía residual,WARTS,TWARTS,"14,9"
WATFV01,18W000000000PMT6,FYEEXXI,"END CUR  ( TARIFA, FOTOVOLTAIC",Solar fotovoltaica,VISAL,WATFV01,"14,3"
WATFV02,18W000000000PMRA,WATFV02,UNIDAD FISICA 13 ROELES,Solar fotovoltaica,VISAL,WATFV02,"12,5"
WATFV04,18W000000000PR36,WATIUMFV04,WATIUM FV AGUASAL,Solar fotovoltaica,VISAL,WATFV04,"2,5"
WATFV05,18W000000000PR28,WATFV05,FV LOPEZ BRAVO PIO CAMARA BUR,Solar fotovoltaica,VISAL,WATFV05,"1,2"
WATFV06,18W000000000PWQJ,WATFV06,FV RODERO ENERGIA,Solar fotovoltaica,VISAL,WATFV06,"2,4"
WATFV11,18W000000000QP1C,WATFV11,PIOCAMARA VILLALONQUEJAR VISO,Solar fotovoltaica,VISAL,WATFV11,"1,8"
WATFV12,18W000000000QUUD,WATFV12,FOTOSFERA-BARCO DE LOS FRAILES,Solar fotovoltaica,VISAL,WATFV12,"2,5"
WATFV13,18W000000000R0M4,WATFV13,VILLAHERMOSA,Solar fotovoltaica,VISAL,WATFV13,"1,0"
WATFV15,18W000000000ROWN,WATFV15,FV LA MOCHA,Solar fotovoltaica,VISAL,WATFV15,"1,2"
WATFV16,18W000000000RXKK,13ROELESNO,13 ROELES NORTE,Solar fotovoltaica,VISAL,WATFV16,"9,6"
WATFV17,18W000000000S0VJ,WATFV17,PSF TARRAGON,Solar fotovoltaica,VISAL,WATFV17,"2,8"
WATOC01,18W000000000J9N7,WATIOX,RECICLAJES ECOLOGICOS BARATHEO,Comercializadores mercado libre,WATIO,WATOC01,"1,0"
WI1014,18W000000000BSJR,EOL 1014,EOLICA 1014,Eólica terrestre,TOTGA,CLIWI11,"41,5"
WIECB,18W000000000RHG2,WIECB,WIECB,Solar fotovoltaica,GNRA,FVGNRA,"2,3"
WINEA,18W000000000O6UJ,WINEA,WINEA,Solar fotovoltaica,GNRA,FVGNRA,"2,0"
WINOAS,18W000000000TT3L,WINOAS,WINOAS,Comercializadores mercado libre,ENDCO,ENDER01,"1,0"
WKWC01,18W000000000NNV7,WEKIWI,COMERCIALIZADOR ELECTRICIDAD Y,Comercializadores mercado libre,WEKIW,WKWC01,"10,0"
WMARC01,18W-WMARC01-9--Y,WMARC01,WMARC01,Comercializadores mercado libre,WMARK,WMARC01,"71,0"
WMARCAX,18W000000000IY2F,WMARCAX,CONSUMO DE SERVICIOS AUXILIARE,Consumo de Servicios Auxiliares,WMARK,WMARCAX,"1,0"
XALLAS,18WXALLAS-1234-5,XALLAS,18WXALLAS-1234-5,Fluyente,EGLE,HARNO,"2,3"
XEALDUM,18W000000000S3AF,XEALDUM,XEALDUM,Comercializadores mercado libre,EGLE,AXPOR01,"1,0"
XENC,18W000000000TJ4C,XENC,XENC,Batería electroquímica,GNRA,UPXENC,"5,0"
XENV,18W000000000TJ2G,XENV,XENV,Batería electroquímica,GNRA,UPXENV,"5,0"
XESTOSA,18WXESTOSA-123-S,XESTOSA,18WXESTOSA-123-S,Fluyente,EGLE,HOUROL,"2,8"
XIESTA,18WXIESTA-123-AU,XIESTA,18WXIESTA-123-AU,Fluyente,EGLE,HNORHI,"3,7"
XUNQUEI,18WXUNQUEI-123-Y,XUNQUEI,PE XUNQUEIRA,Eólica terrestre,EBLCO,EXUNQUE,"9,0"
XUSTO,18WXUSTO-12345-F,XUSTO,C.H. SAN XUSTO,Fluyente,WMARK,HRWMARK,"13,8"
YAN1,18WYAN1-12345-AK,YANCI II 1,YANCI II 1,Fluyente,BARER,BEREBRO,"0,2"
YAN2,18WYAN2-12345-AA,YANCI II 2,YANCI II 2,Fluyente,BARER,BEREBRO,"0,2"
YEBAQ,18W000000000TYTS,YEBAQ,YEBAQ,Solar fotovoltaica,GNRA,FVGNRA,"1,0"
YEGUAS,18W000000000SKOA,YEGUAS,YEGUAS,Solar fotovoltaica,CEG,FYEGUAS,"3,0"
YELLC01,18W-YELLC01-5--L,COMPRA YEL,COMPRA YEL,Comercializadores mercado libre,YELLO,YELLC01,"2,0"
YENCB,18W000000000SULN,YENCB,YENCB,Solar fotovoltaica,GNRA,UPYEN,"10,0"
YEPES,18W000000000IWXX,YS,FYPS,Solar fotovoltaica,GESTE,FYEPES,"2,8"
YERGA,18WYERGA-1234-E5,YERGA,P. E. SIERRA DE YERGA,Eólica terrestre,IBGES,ERRIBGE,"24,4"
YERGA2,18WYERGA2-123-EA,YERGA2,P. E. YERGA 2,Eólica terrestre,IBGES,ERRIBGE,"30,6"
YESA,18WYESA-12345-AC,YESA,YESA,Embalse,IBEG,EBRA,"0,3"
YUNCLLO,18W000000000UBTJ,YUNCLLO,UF SOLAR YUNCLILLOS,Solar fotovoltaica,NEXU,FYUNCLI,"10,0"
ZABALRP,18W000000000L1MP,ZABALRP,VALORIZACION DE RESIDUOS DT-1,Residuos domésticos y similares,WMARK,RZABAL,"93,5"
ZABU,18WZABU-12345-AY,ZABURDON,ZABURDON,Fluyente,HIDRJ,ZABU,"1,1"
ZAFRA,18W000000000GEFK,ZAFRA,UF ZAFRA,Solar fotovoltaica,NEXU,FZAFRA,"45,8"
ZAMUNON,18WZAMUNON-123-J,ZAMUNON,UF ZAMUNON,Fluyente,GNRA,HCHZAMU,"1,8"
ZANCONE,18W000000000SQOT,ZANCONE,UF SOLAR ZANCONES,Solar fotovoltaica,NEXU,FZNCONE,"6,0"
ZAPATER,18WZAPATER-12--B,ZAPATER,18WZAPATER-12--B,Eólica terrestre,EGLE,ECYLEO,"49,4"
ZARA1,18W000000000QT02,ZARATAN1,ZARATAN1Y2,Solar fotovoltaica,ADXRE,ZARA1,"8,0"
ZARGU,18W000000000Q1RW,ZARGU,ZARGU,Solar fotovoltaica,GNRA,FVGNRA,"9,0"
ZARPCOS,18W000000000RL5C,ZARPCOS,UF SOLAR ZARAPICOS,Solar fotovoltaica,NEXU,FZRPCOS,"1,7"
ZARZASO,18W000000000HA0L,ZARZA ,FV ZARZA,Solar fotovoltaica,DREUA,FDREU05,"1,6"
ZARZI,18W000000000MCKT,ZARZUELA1,ZARZULA1,Solar fotovoltaica,ADXRE,FAUDAX,"4,4"
ZARZII,18W000000000MCLR,ZARZUELA2,ZARZUELA2,Solar fotovoltaica,ADXRE,FAUDAX,"4,4"
ZARZIII,18W000000000MCMP,ZARZUELA3,ZARZUELA3,Solar fotovoltaica,ADXRE,FAUDAX,"4,4"
ZARZIV,18W000000000MCNN,ZARZUELA4,ZARZUELA4,Solar fotovoltaica,ADXRE,FAUDAX,"4,4"
ZARZUEL,18WZARZUEL-123-J,ZARZUEL,P.E. ZARZUELA II,Eólica terrestre,EGLE,EHINOJ,"16,5"
ZAS,18WZAS-123456-ER,ZAS,P.E. ZAS,Eólica terrestre,HC G,HCGSCSA,"24,0"
ZAVNI,18W000000000SJGT,ZAVNI,ZAVNI,Solar fotovoltaica,GNRA,UPZAV,"1,2"
ZELTC01,18W-ZELTC01-3--J,ZELTRIA,ZELTRIA,Comercializadores mercado libre,ZELTR,ZELTC01,"0,1"
ZENOC01,18W000000000U8WM,ZENOC01,ZENOC01,Comercializadores mercado libre,ZENON,ZENOC01,"3,0"
ZERC01,18W00000000057J3,ZERC01,ZERC01,Comercializadores mercado libre,ZEREN,ZERC01,"0,1"
ZEREC01,18W-ZEREC01-8--0,ZEREP,ZEREP,Consumos directos en mercado,ZERE,ZEREC01,"0,8"
ZETAC01,18W000000000RPN1,ZETAC01,ZETAC01,Comercializadores mercado libre,ZETAE,ZETAC01,"0,1"
ZOR1,18WZOR1-12345-AH,ZORITA H 1,ZORITA HIDRAULICA 1,Embalse,GNFG,UFTA,"3,8"
ZOR2,18WZOR2-12345-A7,ZORITA H 2,ZORITA HIDRAULICA 2,Embalse,GNFG,UFTA,"3,7"
ZOR3,18WZOR3-12345-AY,ZORITA H 3,ZORITA HIDRAULICA 3,Embalse,GNFG,UFTA,"3,8"
ZORAQ,18WZORAQ-12345-M,ZORAQ,P.E. ZORRAQUÍN,Eólica terrestre,EGED,EFEGED,"12,0"
ZORITA,18W000000000SPWG,ZORITA,ZORITA,Solar fotovoltaica,CEG,FZORITA,"38,2"
ZORRER,18WZORRER-1234-R,ZORRER,P.E. ZORRERAS,Eólica terrestre,IBGES,EHIBGES,"32,0"
ZORTC,18W000000000T003,ZORTC,ZORTC,Solar fotovoltaica,GNRA,UPZOR,"10,0"
ZORVALV,18WZORVALV-123-J,ZORVALV,18WZORVALV-123-J,Fluyente,EGLE,HZORIT,"1,0"
ZOSBT,18W000000000QYS5,ZOSBT,ZOSBT,Solar fotovoltaica,GNRA,FVGNRA,"1,8"
ZOVEC01,18W000000000V7GG,ZOVEC01,COMPRA COMERCIALIZADORA,Comercializadores mercado libre,ZOVE,ZOVEC01,"1,0"
ZRMTC01,18W000000000LJ39,ZERMATT,ZERMATT POWER,Comercializadores mercado libre,ZRMTT,ZRMTC01,"0,1"
ZUB1,18WZUB1-12345-AA,ZUBIETA 1,ZUBIETA 1,Fluyente,IBEG,EBRA,"0,3"
ZUB2,18WZUB2-12345-A0,ZUBIETA 2,ZUBIETA 2,Fluyente,IBEG,EBRA,"0,3"
ZUDAIF1,18WZUDAIF1-123-G,ZUDAIF1,UF ZUDAIRE F2,Fluyente,INTRA,HHTTRIN,"4,0"
ZUDVE,18W000000000LAH8,ZUDVE,ZUDVE,Solar fotovoltaica,GNRA,ZJARVE,"2,0"
ZUERA,18W000000000L9GD,ZUERA,UF SOLAR ZUERA,Solar fotovoltaica,NEXU,FZUERAS,"9,0"
ZUERA2,18W000000000MHMA,ZUERA2,ZUERA2,Solar fotovoltaica,NEXU,FZUERA2,"9,9"
ZUESA,18W000000000QDL8,ZUESA,ZUESA,Fluyente,GNRA,HFGNRA,"4,5"
ZUGPC01,18W000000000NO9B,ZUG POWER,ZUG POWER SL,Comercializadores mercado libre,ZUGPW,ZUGPC01,"0,1"
ZUJA,18WZUJA-12345-AH,ZUJAR,ZUJAR,Embalse,ENDG,GDNA,"10,1"
ZUJC,18WZUJC-12345-AY,ZUJAR CANA,ZUJAR CANAL,Embalse,ENDG,GDNA,"9,8"
ZUJVE,18W000000000LAFC,ZUJVE,ZUJVE,Solar fotovoltaica,GNRA,ZJARVE,"2,0"
ZULUC01,18W000000000GDAX,ZULU,ZULUX ENERGIA,Comercializadores mercado libre,ZULU,ZULUC01,"0,2"
ZUM1,18WZUM1-12345-A0,ZUMARRE 1,ZUMARRESTA 1,Fluyente,IBEG,EBRA,"1,5"
ZUM2,18WZUM2-12345-AR,ZUMARRE 2,ZUMARRESTA 2,Fluyente,IBEG,EBRA,"2,0"
ZUMVE,18W000000000TR9F,ZUMVE,ZUMVE,Solar fotovoltaica,GNRA,UPZUMVE,"4,5"
ZURBARA,18W000000000F6DF,ZURBARAN,FV ZURBARAN,Solar fotovoltaica,ECYR,FREGPEM,"34,3"
ZUUVE,18W000000000LAGA,ZUUVE,ZUUVE,Solar fotovoltaica,GNRA,ZJARVE,"2,0"
ZWEUSK,18W000000000O3BT,ZWEUSK,UF ZWEUSK,Gas natural cogeneración,COGEN,TESNELA,"12,0"
