omie_page,omie_y,up_code,up_name_omie,legal_entity,ownership_pct,unit_type_omie,zone_omie,technology_omie,ownership_pct_numeric
1,141.133,AEEXXIC,COMPRA ALMACENAMIENTO EEXXI,"ENERGÍA XXI COMERCIALIZADORA DE REFERENCIA, S.L.",100,ALMACENAMIENTO,ZONA ESPAÑOLA,Almacenamiento Compra,100.0
1,148.453,AEONURC,REGSITI COMPRA ALM,"REGSITI COMERCIALIZADORA REGULADA, S.L.U.",100,ALMACENAMIENTO,ZONA ESPAÑOLA,Almacenamiento Compra,100.0
1,155.773,AFALZ4C,UOF C BATERIA FVALZ,IBERDROLA ENERGÍA ESPAÑA S..A.,100,ALMACENAMIENTO,ZONA ESPAÑOLA,Almacenamiento Compra,100.0
1,163.093,AFALZ5C,UOF C BATERIA FVALZII,IBERDROLA ENERGÍA ESPAÑA S..A.,100,ALMACENAMIENTO,ZONA ESPAÑOLA,Almacenamiento Compra,100.0
1,170.413,AFIANHC,UOF C BATERIA ANDEVALO,IBERDROLA ENERGÍA ESPAÑA S..A.,100,ALMACENAMIENTO,ZONA ESPAÑOLA,Almacenamiento Compra,100.0
1,177.733,AFIBGEC,ALMACENAMIENTO COMPRA,IBERDROLA ENERGÍA ESPAÑA S..A.,100,ALMACENAMIENTO,ZONA ESPAÑOLA,Almacenamiento Compra,100.0
1,185.093,AFIBHEC,COMPRA HIBRIDACION EOLICA BAT,IBERDROLA ENERGÍA ESPAÑA S..A.,100,ALMACENAMIENTO,ZONA ESPAÑOLA,Almacenamiento Compra,100.0
1,192.373,AFIBHFC,COMPRA HIBRIDACION FV BATERIA,IBERDROLA ENERGÍA ESPAÑA S..A.,100,ALMACENAMIENTO,ZONA ESPAÑOLA,Almacenamiento Compra,100.0
1,199.693,AFIOLHC,UOF C BATERIA OLMEDILLA,IBERDROLA ENERGÍA ESPAÑA S..A.,100,ALMACENAMIENTO,ZONA ESPAÑOLA,Almacenamiento Compra,100.0
1,207.093,AFIREHC,UOF C BATERIA REVILLA,IBERDROLA ENERGÍA ESPAÑA S..A.,100,ALMACENAMIENTO,ZONA ESPAÑOLA,Almacenamiento Compra,100.0
1,214.333,AFIROHC,HIB ROMERAL OLMEDILLA,IBERDROLA ENERGÍA ESPAÑA S..A.,100,ALMACENAMIENTO,ZONA ESPAÑOLA,Almacenamiento Compra,100.0
1,221.653,AIBCURC,AIBCURC,"CURENERGÍA COMERCIALIZADOR DE ÚLTIMO RECURSO, SAU",100,ALMACENAMIENTO,ZONA ESPAÑOLA,Almacenamiento Compra,100.0
1,228.973,ALOMIBC,UO COMPRA BAT. LOMILLAS,"EDP ESPAÑA, S.A.U. (COMERCIAL)",100,ALMACENAMIENTO,ZONA ESPAÑOLA,Almacenamiento Compra,100.0
1,236.293,ASRIHCC,UNIDAD OFERTA BATERIA SOTO,"EDP ESPAÑA, S.A.U. (GENERACIÓN)",100,ALMACENAMIENTO,ZONA ESPAÑOLA,Almacenamiento Compra,100.0
1,243.613,EGAC02,UNIDADE CARREGAMENTO,"AXPO IBERIA, S.L.",100,ALMACENAMIENTO,ZONA PORTUGUESA,Almacenamiento Compra,100.0
1,250.933,EGEDBAT,COMPRA BATERIA,ACCIONA GREEN ENERGY DEVELOPMENTS,100,ALMACENAMIENTO,ZONA ESPAÑOLA,Almacenamiento Compra,100.0
1,258.253,EGLARMC,UNIDADE CARREGAMENTO,"AXPO IBERIA, S.L.",100,ALMACENAMIENTO,ZONA PORTUGUESA,Almacenamiento Compra,100.0
1,265.573,FHERCON,HIB HERCULES CONSUMO,SOLARIA REPRESENTACION EN MERCADO S.L.,100,ALMACENAMIENTO,ZONA ESPAÑOLA,Almacenamiento Compra,100.0
1,272.893,FTO1CON,HIB TOR I CONSUMO,SOLARIA REPRESENTACION EN MERCADO S.L.,100,ALMACENAMIENTO,ZONA ESPAÑOLA,Almacenamiento Compra,100.0
1,280.213,IGNARMC,IGNIS COMPRA PT,IGNIS ENERGIA S.L.,100,ALMACENAMIENTO,ZONA PORTUGUESA,Almacenamiento Compra,100.0
1,287.533,SMBC02,COMPRA BATERIA BATALHA,SIMPLES ENERGIA DE ESPAÑA SL,100,ALMACENAMIENTO,ZONA PORTUGUESA,Almacenamiento Compra,100.0
1,294.853,UPACAC,UOF ACADIEMS COMPRA,IGNIS ENERGIA S.L.,100,ALMACENAMIENTO,ZONA ESPAÑOLA,Almacenamiento Compra,100.0
1,302.173,UPXENC,UPXENC,GNERA ENERGIA Y TECNOLOGIA,100,ALMACENAMIENTO,ZONA ESPAÑOLA,Almacenamiento Compra,100.0
1,309.493,ACAVADB,BOMBAS DO CAVADO,EDP GEM PORTUGAL S.A.,100,BOMBEO,ZONA PORTUGUESA,Consumo Bombeo Mixto,100.0
1,316.813,ADOUROB,BOMBA DO DOURO,EDP GEM PORTUGAL S.A.,100,BOMBEO,ZONA PORTUGUESA,Consumo Bombeo Mixto,100.0
1,324.133,AGUB,C.H.B. AGUAYO BOMBEO,"REPSOL SERVICIOS RENOVABLES, S.A.",100,BOMBEO,ZONA ESPAÑOLA,Consumo de bombeo,100.0
1,331.453,ALIMAB,BOMBAS DO LIMA,EDP GEM PORTUGAL S.A.,100,BOMBEO,ZONA PORTUGUESA,Consumo Bombeo Mixto,100.0
1,338.773,BRENAB,UNIDAD OFERTA BOMBEO BREÑA 2,IGNIS ENERGIA S.L.,100,BOMBEO,ZONA ESPAÑOLA,Consumo Bombeo Puro,100.0
1,346.093,DOUSUPB,DOURO SUPERIOR BOMBAGEM,MOVHERA - HIDROELÉTRICAS DO NORTE SA,100,BOMBEO,ZONA PORTUGUESA,Consumo Bombeo Mixto,100.0
1,353.413,DUEB,UGH.B. DUERO BOMBEO,IBERDROLA ENERGÍA ESPAÑA S..A.,100,BOMBEO,ZONA ESPAÑOLA,Consumo Bombeo Mixto,100.0
1,360.733,ENDPRB,C.H.B.M. MONTAMARA BOMBEO,"ENDESA GENERACIÓN, S.A.",100,BOMBEO,ZONA ESPAÑOLA,Consumo de bombeo,100.0
1,368.093,GDLQB,GUADALQUIVIR BOMBEO,"ENDESA GENERACIÓN, S.A.",100,BOMBEO,ZONA ESPAÑOLA,Consumo de bombeo,100.0
1,375.373,GUADIAB,BACIA H. GUADIANA (BOMBAGEM),EDP GEM PORTUGAL S.A.,100,BOMBEO,ZONA PORTUGUESA,Consumo Bombeo Mixto,100.0
1,382.693,GUIB,C.H.B. GUILLENA BOMBEO,"ENDESA GENERACIÓN, S.A.",100,BOMBEO,ZONA ESPAÑOLA,Consumo de bombeo,100.0
1,390.093,IPB,C.H.B.IP BOMBEO,"ENDESA GENERACIÓN, S.A.",100,BOMBEO,ZONA ESPAÑOLA,Consumo Bombeo Puro,100.0
1,397.333,MLTB,C.H.B. MORALETS BOMBEO,"ENDESA GENERACIÓN, S.A.",100,BOMBEO,ZONA ESPAÑOLA,Consumo de bombeo,100.0
1,404.653,MONDEGB,BOMBEO DA AREA DE MONDEGO,EDP GEM PORTUGAL S.A.,100,BOMBEO,ZONA PORTUGUESA,Consumo Bombeo Mixto,100.0
1,411.973,MUEB,C.H.B. LA MUELA BOMBEO,IBERDROLA ENERGÍA ESPAÑA S..A.,100,BOMBEO,ZONA ESPAÑOLA,Consumo de bombeo,100.0
1,419.293,SILB,UGH.B. SIL BOMBEO,IBERDROLA ENERGÍA ESPAÑA S..A.,100,BOMBEO,ZONA ESPAÑOLA,Consumo Bombeo Mixto,100.0
1,426.613,SLTB,UGH.B. ESTANG. SALLENTE BOMB.,"ENDESA GENERACIÓN, S.A.",100,BOMBEO,ZONA ESPAÑOLA,Consumo de bombeo,100.0
1,433.933,TAJB,UGH.B. TAJO BOMBEO,IBERDROLA ENERGÍA ESPAÑA S..A.,100,BOMBEO,ZONA ESPAÑOLA,Consumo Bombeo Mixto,100.0
1,441.253,TAMEGAB,TAMEGAB,IBERDROLA ENERGÍA ESPAÑA S..A.,100,BOMBEO,ZONA PORTUGUESA,Consumo Bombeo Mixto,100.0
1,448.573,TANB,C.H.B. TANES BOMBEO,"EDP ESPAÑA, S.A.U. (GENERACIÓN)",100,BOMBEO,ZONA ESPAÑOLA,Consumo de bombeo,100.0
1,455.893,TJEB,C.H. B. TAJO ENCANTADA BOMBEO,"ENDESA GENERACIÓN, S.A.",100,BOMBEO,ZONA ESPAÑOLA,Consumo de bombeo,100.0
1,463.213,UFBB,C.H.B. BOLARQUE BOMBEO,GAS NATURAL COMERCIALIZADORA,100,BOMBEO,ZONA ESPAÑOLA,Consumo Bombeo Puro,100.0
1,470.533,ABASC01,UOF COMPRA ABASTE,ABASTE COMERCIALIZADORA S.L.,100,COMERCIALIZADOR,ZONA ESPAÑOLA,Comercializador,100.0
1,477.853,ABOUC01,ABOUT WHITE,"ABOUT WHITE, S.L.",100,COMERCIALIZADOR,ZONA ESPAÑOLA,Comercializador,100.0
1,485.173,ACCGC02,UNIDAD DE COMPRA,"ACCIONA GREEN, SUCURSAL PT",100,COMERCIALIZADOR,ZONA PORTUGUESA,Comercializador,100.0
1,492.493,ACHEC01,ACHER COMPRA,"ELECTRICA DE CHERA, S.C.V.",100,COMERCIALIZADOR,ZONA ESPAÑOLA,Comercializador,100.0
1,499.813,ACNHC01,COMPRA,ACENHOL ENERGIA SL,100,COMERCIALIZADOR,ZONA ESPAÑOLA,Comercializador,100.0
1,507.133,ACOSC01,UNIDAD DE OFERTA,ACOS T IBERICA SL,100,COMERCIALIZADOR,ZONA ESPAÑOLA,Comercializador,100.0
1,514.453,ACRSC02,COMERCIALIZAÇÃO,"ACROSSCAPACITY, LDA",100,COMERCIALIZADOR,ZONA PORTUGUESA,Comercializador,100.0
1,521.773,ACSOC01,ACSOL,"ACSOL ENERGIA GLOBAL, S.A.",100,COMERCIALIZADOR,ZONA ESPAÑOLA,Comercializador,100.0
1,529.093,ACTIC01,UNIDAD PARA OFERTAS DE COMPRA,ACTIVA COMERCIALIZADORA DE ENERGIA S.L.,100,COMERCIALIZADOR,ZONA ESPAÑOLA,Comercializador,100.0
1,536.413,ADEIC01,ADEINNOVA ENERGIA,ADEINNOVA ENERGIA,100,COMERCIALIZADOR,ZONA ESPAÑOLA,Comercializador,100.0
1,543.733,ADELC01,ADELFAS COMPRAS,ADELFAS ENERGIA SL,100,COMERCIALIZADOR,ZONA ESPAÑOLA,Compras Comercialización,100.0
1,551.093,ADREC02,AUDAX COMPRA PORTUGAL,AUDAX RENOVABLES S.A.,100,COMERCIALIZADOR,ZONA PORTUGUESA,Comercializador,100.0
1,558.373,ADURC01,ADURIZ ENERGÍA COMPRA (ESP),ADURIZ ENERGÍA SLU,100,COMERCIALIZADOR,ZONA ESPAÑOLA,Comercializador,100.0
2,141.133,ADXC01,ADX RENOVABLES,ADX RENOVABLES SL,100,COMERCIALIZADOR,ZONA ESPAÑOLA,Comercializador,100.0
2,148.453,ADXRM01,REPRE COMER 1,AUDAX RENOVABLES S.A.,100,COMERCIALIZADOR,ZONA ESPAÑOLA,Compras Comercialización,100.0
2,155.773,ADXRM02,REPRE COMER 2,AUDAX RENOVABLES S.A.,100,COMERCIALIZADOR,ZONA ESPAÑOLA,Compras Comercialización,100.0
2,163.093,ADXRM03,REPRE COMER 3,AUDAX RENOVABLES S.A.,100,COMERCIALIZADOR,ZONA ESPAÑOLA,Compras Comercialización,100.0
2,170.413,ADXRM04,ADS RPRE COMER 4,AUDAX RENOVABLES S.A.,100,COMERCIALIZADOR,ZONA ESPAÑOLA,Compras Comercialización,100.0
2,177.733,ADXRM06,REPRE COMER 6,AUDAX RENOVABLES S.A.,100,COMERCIALIZADOR,ZONA ESPAÑOLA,Compras Comercialización,100.0
2,185.093,ADXRM07,REPRE COMER 07,AUDAX RENOVABLES S.A.,100,COMERCIALIZADOR,ZONA ESPAÑOLA,Compras Comercialización,100.0
2,192.373,ADXRM08,REPRE COMER 8,AUDAX RENOVABLES S.A.,100,COMERCIALIZADOR,ZONA ESPAÑOLA,Compras Comercialización,100.0
2,199.693,ADXRM09,REPRE COMER 9,AUDAX RENOVABLES S.A.,100,COMERCIALIZADOR,ZONA ESPAÑOLA,Compras Comercialización,100.0
2,207.093,ADXRM10,ECO2,AUDAX RENOVABLES S.A.,100,COMERCIALIZADOR,ZONA ESPAÑOLA,Compras Comercialización,100.0
2,214.333,ADXRM11,FEED ENERGÍA,AUDAX RENOVABLES S.A.,100,COMERCIALIZADOR,ZONA ESPAÑOLA,Compras Comercialización,100.0
2,221.653,AEQC01,COMERCIALIZACIÓN AEQ,"AEQ W2M, S.A.",100,COMERCIALIZADOR,ZONA ESPAÑOLA,Comercializador,100.0
2,228.973,AGENC01,ABESL COMPRA,"AB ENERGÍA 1903, S.L.U.",100,COMERCIALIZADOR,ZONA ESPAÑOLA,Comercializador,100.0
2,236.293,AGLC02,UNIDADE DE COMPRA,AGORALUZ ENERGIA LDA,100,COMERCIALIZADOR,ZONA PORTUGUESA,Comercializador,100.0
2,243.613,AGRIC01,AGRI ENERGIA COMPRA (ESP),AGRI-ENERGÍA,100,COMERCIALIZADOR,ZONA ESPAÑOLA,Comercializador,100.0
2,250.933,AHORC01,AHORA PENINSULA,AHORA LUZ ENERGÍA SL,100,COMERCIALIZADOR,ZONA ESPAÑOLA,Comercializador,100.0
2,258.253,AHTC01,COMPRA COMER,"COMERCIALIZADORA ELECTRICA DE TENERIFE, S.L.",100,COMERCIALIZADOR,ZONA ESPAÑOLA,Comercializador,100.0
2,265.573,AIREC01,AIREC01,AIRE LIMPIO S.L.,100,COMERCIALIZADOR,ZONA ESPAÑOLA,Compras Comercialización,100.0
2,272.893,AJENC01,UNIDAD OFERTANTE A2J ENERGÍA,"A2J ENERGÍA, S.L.",100,COMERCIALIZADOR,ZONA ESPAÑOLA,Comercializador,100.0
2,280.213,ALAHC01,U.O ALAHURIN,HIDROCARBUROS ALHAURÍN SL,100,COMERCIALIZADOR,ZONA ESPAÑOLA,Comercializador,100.0
2,287.533,ALBCC01,ALBCO_COMPRAS_UP,COMERCIALIZADORA ELECTRICA DE ALBATARREC SLU,100,COMERCIALIZADOR,ZONA ESPAÑOLA,Comercializador,100.0
2,294.853,ALDDC01,18W000000000OLLT,"ACCIONA COMERCIALIZADORA B2C, S.L. UNIPERSONAL",100,COMERCIALIZADOR,ZONA ESPAÑOLA,Compras Comercialización,100.0
2,302.173,ALDRC01,COMERCIALIZADORA ALDRO ENERGIA,"ENI PLENITUDE IBERIA, S.L.U.",100,COMERCIALIZADOR,ZONA ESPAÑOLA,Comercializador,100.0
2,309.493,ALDRC02,COMERCIALIZADORA ELECTRICA PT,"ENI PLENITUDE IBERIA, S.L.U.-SUCURSAL EM PORTUGAL",100,COMERCIALIZADOR,ZONA PORTUGUESA,Comercializador,100.0
2,316.813,ALFAC02,ALFA ENERGIA,"ALFA ENERGIA, LDA",100,COMERCIALIZADOR,ZONA PORTUGUESA,Comercializador,100.0
2,324.133,ALGICA1,ALGICA1,"SUMINISTROS ESPECIALES ALGINETENSES, S.C.V.",100,COMERCIALIZADOR,ZONA ESPAÑOLA,Comercializador,100.0
2,331.453,ALIOC01,COMPRA COMERCIALIZADORA,ALIO ENERGIA S.L.,100,COMERCIALIZADOR,ZONA ESPAÑOLA,Comercializador,100.0
2,338.773,ALPXC01,"ALPEX IBERICA DE ENERGIA,S.L","ALPEX IBERICA DE ENERGIA,S.L",100,COMERCIALIZADOR,ZONA ESPAÑOLA,Comercializador,100.0
2,346.093,ALUEC01,ALUZ PENINSULAR,ALUZ ENERGÍA ELÉCTRICA SL,100,COMERCIALIZADOR,ZONA ESPAÑOLA,Compras Comercialización,100.0
2,353.413,ALUZC01,ALUZC01,AHORRELUZ SERVICIOS ONLINE SL,100,COMERCIALIZADOR,ZONA ESPAÑOLA,Comercializador,100.0
2,360.733,AMAZC01,AMAZON COMPRA,COMERCIALIZADORA DE ENERGIAS RENOVABLES Y DE SERVICIOS,100,COMERCIALIZADOR,ZONA ESPAÑOLA,Comercializador,100.0
2,374.173,AMEC01,AG. MERCADO ELÉCTRICO COM(ESP),FACTOR ENERGIA ESPAÑA SAU,100,COMERCIALIZADOR,ZONA ESPAÑOLA,Comercializador,100.0
2,381.493,AMELC01,UNIDAD DE COMERCIALICION,ARCELORMITTAL ENERGY S.C.A,100,COMERCIALIZADOR,ZONA ESPAÑOLA,Comercializador,100.0
2,388.813,AMIC01,COMPRA COMERCIALIZADORA AMI,AMI ELECTRUM S.L.,100,COMERCIALIZADOR,ZONA ESPAÑOLA,Comercializador,100.0
2,396.133,ANGLC01,"ANGLER ENERGIA, S.L.","ENERGYASSET COMERCIALIZADORA DE ENERGIA, S.L.",100,COMERCIALIZADOR,ZONA ESPAÑOLA,Comercializador,100.0
2,403.453,ANTEC01,ANTEA ENERGÍA COMERCIALIZADORA,ANTEA ENERGÍA COMERCIALIZADORA SL,100,COMERCIALIZADOR,ZONA ESPAÑOLA,Comercializador,100.0
2,410.773,ARACC01,ARACÁN ENERGÍA,ARACÁN ENERGÍA S.L.,100,COMERCIALIZADOR,ZONA ESPAÑOLA,Compras Comercialización,100.0
2,418.093,AREPC02,AUDAX RENOV. SUC. EM PORTUGAL,AUDAX RENOVABLES S.A.-SUCURSAL EM PORTUGAL,100,COMERCIALIZADOR,ZONA PORTUGUESA,Comercializador,100.0
2,425.413,ASEGC01,ASEGE01,ASEGE GESTION SL,100,COMERCIALIZADOR,ZONA ESPAÑOLA,Comercializador,100.0
2,432.733,ASIEC01,COMERCIALIZ,ASISTENCIA ENERGÉTICA S.L.,100,COMERCIALIZADOR,ZONA ESPAÑOLA,Comercializador,100.0
2,440.093,ASSEC01,18X000000000P5GW,"ASSENN ENERGY, S.L.",100,COMERCIALIZADOR,ZONA ESPAÑOLA,Comercializador,100.0
2,447.373,ASTEC01,ASTEC01,ASTEN RENOVABLES S.L.U.,100,COMERCIALIZADOR,ZONA ESPAÑOLA,Comercializador,100.0
2,454.693,ASTRC01,ASTRAL,ASTRALCAD ENERGIA SL,100,COMERCIALIZADOR,ZONA ESPAÑOLA,Comercializador,100.0
2,462.093,ATEEC01,ATENCO PENINSULA,ATENCO ENERGIA,100,COMERCIALIZADOR,ZONA ESPAÑOLA,Comercializador,100.0
2,469.333,ATLSC01,ATLAS ENERGIA COMERCIAL SL,ATLAS ENERGIA COMERCIAL SL,100,COMERCIALIZADOR,ZONA ESPAÑOLA,Comercializador,100.0
2,476.653,ATLSR01,ATLSR01,ATLAS ENERGIA COMERCIAL SL,100,COMERCIALIZADOR,ZONA ESPAÑOLA,Compra Comercializador Balance,100.0
2,483.973,ATPC01,COMPRA ATP,ATP ENERGIA SL,100,COMERCIALIZADOR,ZONA ESPAÑOLA,Comercializador,100.0
2,491.293,AUDAC01,AUDAX COMPRA,AUDAX RENOVABLES S.A.,100,COMERCIALIZADOR,ZONA ESPAÑOLA,Compras Comercialización,100.0
2,498.613,AXEOC01,AXEO ENERGIA SL,AXEO ENERGIA SL,100,COMERCIALIZADOR,ZONA ESPAÑOLA,Comercializador,100.0
2,505.933,AXPOC02,AXPOP COMERCIALIZADOR PT,AXPO ENERGIA PORTUGAL,100,COMERCIALIZADOR,ZONA PORTUGUESA,Comercializador,100.0
2,513.253,AXPOR01,AXPO SRAD,"AXPO IBERIA, S.L.",100,COMERCIALIZADOR,ZONA ESPAÑOLA,Compra Comercializador Balance,100.0
2,520.573,AYLUC01,AYLUZ,AYLUZ COMERCIALIZADORA ELECTRICA S.L,100,COMERCIALIZADOR,ZONA ESPAÑOLA,Comercializador,100.0
2,527.893,BALEC01,BALEC01,"ELECBALEAR,S.L.",100,COMERCIALIZADOR,ZONA ESPAÑOLA,Comercializador,100.0
2,535.213,BECOC01,BASSOLS ENERGÍA COMPRA (ESP),BASSOLS ENERGÍA COMERCIAL,100,COMERCIALIZADOR,ZONA ESPAÑOLA,Comercializador,100.0
2,542.533,BESC01,BESC01,BESPIN ENEGIA SL,100,COMERCIALIZADOR,ZONA ESPAÑOLA,Compras Comercialización,100.0
2,549.853,BEYOC01,UNIDAD OFERTANTE,"LUZIA ENERGIA, S.L.",100,COMERCIALIZADOR,ZONA ESPAÑOLA,Comercializador,100.0
2,557.173,BEYRM01,REPR RELUZCA,"LUZIA ENERGIA, S.L.",100,COMERCIALIZADOR,ZONA ESPAÑOLA,Compras Comercialización,100.0
3,141.133,BEYRM02,REPR INDALO,"LUZIA ENERGIA, S.L.",100,COMERCIALIZADOR,ZONA ESPAÑOLA,Compras Comercialización,100.0
3,148.453,BNPRC01,BNPRC01,"BON PREU, S.A.U.",100,COMERCIALIZADOR,ZONA ESPAÑOLA,Comercializador,100.0
3,155.773,BNPRM02,BONPREU TERCIARIA,"BON PREU, S.A.U.",100,COMERCIALIZADOR,ZONA ESPAÑOLA,Compra Comercializador Balance,100.0
3,163.093,BOAEC01,UO BOAENERGETICA 2000 S.L,"BOAENERGETICA 2000, S.L.",100,COMERCIALIZADOR,ZONA ESPAÑOLA,Comercializador,100.0
3,170.413,BPC01,BP AMOCO GAS (ESP),"BP GAS AND POWER IBERIA, S.A.U.",100,COMERCIALIZADOR,ZONA ESPAÑOLA,Comercializador,100.0
3,177.733,BPRM01,BP REP 01,"BP GAS AND POWER IBERIA, S.A.U.",100,COMERCIALIZADOR,ZONA ESPAÑOLA,Compras Comercialización,100.0
3,185.093,BPSRR01,BPSRR01,"BON PREU, S.A.U.",100,COMERCIALIZADOR,ZONA ESPAÑOLA,Compra Comercializador Balance,100.0
3,192.373,BREIC01,U. OFERTA IBERICA,"IBERICA IMPULSA, S.L",100,COMERCIALIZADOR,ZONA ESPAÑOLA,Comercializador,100.0
3,199.693,BSGEC01,BSGEA COMPRA,BSG ENERGIA SL,100,COMERCIALIZADOR,ZONA ESPAÑOLA,Comercializador,100.0
3,207.093,BSGRM01,COMPRA BERL,BSG ENERGIA SL,100,COMERCIALIZADOR,ZONA ESPAÑOLA,Compras Comercialización,100.0
3,214.333,CACIC01,CACIC01,2026 CACI ENERGIA,100,COMERCIALIZADOR,ZONA ESPAÑOLA,Comercializador,100.0
3,221.653,CAMCC01,CAMPO_UP,ENERGIAS DE LA VILLA DE CAMPO COMERCIALIZADORA SLU,100,COMERCIALIZADOR,ZONA ESPAÑOLA,Comercializador,100.0
3,228.973,CAPLC01,CAPALOESP01,CAPALO AI SPAIN OY,100,COMERCIALIZADOR,ZONA ESPAÑOLA,Comercializador,100.0
3,236.293,CATGC01,18WCATGC01-123-C,CATGAS ENERGIA SA,100,COMERCIALIZADOR,ZONA ESPAÑOLA,Comercializador,100.0
3,243.613,CATRC01,CATRA COMPRA,"ELECTRICA CATRALENSE, S.L.U.",100,COMERCIALIZADOR,ZONA ESPAÑOLA,Comercializador,100.0
3,250.933,CCATC01,CCATR COMPRA,"COOPERATIVA ELÉCTRICA BENÉFICA CATRALENSE, COOP.V.",100,COMERCIALIZADOR,ZONA ESPAÑOLA,Comercializador,100.0
3,258.253,CEBAC01,"COOP ELEC BENEF ALBAT, COOP.V.","COOP ELÉCTRICA BENÉFICA ALBATERENSE, COOP.V.",100,COMERCIALIZADOR,ZONA ESPAÑOLA,Compras Comercialización,100.0
3,265.573,CEBIC01,CEBIN COMPRA,CEBIN ENERGY SL,100,COMERCIALIZADOR,ZONA ESPAÑOLA,Comercializador,100.0
3,272.893,CECAC01,COOP. ELECT. CASTELLAR,"COOPERATIVA ELECTRICA DE CASTELLAR, S.C.V.",100,COMERCIALIZADOR,ZONA ESPAÑOLA,Comercializador,100.0
3,280.213,CEDC01,UNIDAD DE OFERTA PENINSULA,COMERCIALIZADORA DE ENERGIA DIRECTA S.L.,100,COMERCIALIZADOR,ZONA ESPAÑOLA,Comercializador,100.0
3,287.533,CEEEC01,CEEE COMPRA,ESCANDINAVA DE ELECTRICIDAD S.L.U.,100,COMERCIALIZADOR,ZONA ESPAÑOLA,Compras Comercialización,100.0
3,294.853,CENTCP3,CENTE DERECHOS COMPRA(FRAN),"ENERGYA VM GESTION DE ENERGIA, S.L.",100,COMERCIALIZADOR,FRONTERA FRANCIA,Comercializador,100.0
3,302.173,CENTC01,CÉNTRICA ENERGÍA COM. 1 (ESP),"ENERGYA VM GESTION DE ENERGIA, S.L.",100,COMERCIALIZADOR,ZONA ESPAÑOLA,Comercializador,100.0
3,309.493,CENTVP3,CENTE DERECHOS VENTA(FRAN),"ENERGYA VM GESTION DE ENERGIA, S.L.",100,COMERCIALIZADOR,FRONTERA FRANCIA,Import. de comercializadoras,100.0
3,316.813,CEPSC02,COMPRA SUCURSAL PORTUGAL,CEPSA GAS Y ELECTRICIDAD S.A.-SUCURSAL EM PORTUGAL,100,COMERCIALIZADOR,ZONA PORTUGUESA,Comercializador,100.0
3,324.133,CESOC01,U. COMPRA DE COMERCIALIZADORA,"COMERCIALIZADORA ENERGETICA SOSTENIBLE, S.A.",100,COMERCIALIZADOR,ZONA ESPAÑOLA,Comercializador,100.0
3,331.453,CETAC01,CETAC01,COMERCIALIZADORA ELECTRICA TALAYUELAS S.L.,100,COMERCIALIZADOR,ZONA ESPAÑOLA,Comercializador,100.0
3,338.773,CHCC01,UNIDAD DE COMPRA CHC,"CIDE HCENERGIA, S.A.U",100,COMERCIALIZADOR,ZONA ESPAÑOLA,Compras Comercialización,100.0
3,346.093,CHERC01,CHERA COMPRA,ELECTRICA SOT DE CHERA,100,COMERCIALIZADOR,ZONA ESPAÑOLA,Comercializador,100.0
3,353.413,CHISC01,COMCH COMERCIALIZADORA ESP,COMERCIALIZADORA LA CHISTABINA S.L.U,100,COMERCIALIZADOR,ZONA ESPAÑOLA,Comercializador,100.0
3,360.733,CIMAC01,CIMA ENERGIA,CIMA ENERGIA COMERCIALIZADORA SL,100,COMERCIALIZADOR,ZONA ESPAÑOLA,Comercializador,100.0
3,368.093,CINEC01,18W000000000TFF2,CINETICA SOLUCIONES ENERGETICAS S.L,100,COMERCIALIZADOR,ZONA ESPAÑOLA,Comercializador,100.0
3,375.373,CLARC01,CLARUX ENERGIA 2025 SL,CLARUX ENERGIA 2025 SL,100,COMERCIALIZADOR,ZONA ESPAÑOLA,Comercializador,100.0
3,382.693,CLARC02,UNIDADE COMPRA,"CLARO ENERGIA,LDA.",100,COMERCIALIZADOR,ZONA PORTUGUESA,Comercializador,100.0
3,390.093,CLEAC01,COMPRA,CLEARVIEW ENERGY SL.,100,COMERCIALIZADOR,ZONA ESPAÑOLA,Comercializador,100.0
3,397.333,CLIDC01,CLIUO01,HOLALUZ-CLIDOM SA,100,COMERCIALIZADOR,ZONA ESPAÑOLA,Compras Comercialización,100.0
3,404.653,CLIDC02,UD. COMERCIALIZACION,CLIDOMER UNIPESSOAL LDA,100,COMERCIALIZADOR,ZONA PORTUGUESA,Comercializador,100.0
3,411.973,CNTLC01,CNTLC01,ELECTRACOMERCIAL CENTELLES,100,COMERCIALIZADOR,ZONA ESPAÑOLA,Comercializador,100.0
3,419.293,COALC01,COALG COMPRA,"COMERCIALIZADORA SUM ESP ALGINETENSES, S.L.",100,COMERCIALIZADOR,ZONA ESPAÑOLA,Comercializador,100.0
3,426.613,CODOC01,CODOC01,ENERGIA COSTA DORADA SLU,100,COMERCIALIZADOR,ZONA ESPAÑOLA,Comercializador,100.0
3,433.933,COELC01,COELD COMPRA,ELECTRICA DE GUADASSUAR COOP. V.,100,COMERCIALIZADOR,ZONA ESPAÑOLA,Comercializador,100.0
3,441.253,COGEC01,COGEN COMPRA ELECTRICIDAD,ENERGY BY COGEN,100,COMERCIALIZADOR,ZONA ESPAÑOLA,Compras Comercialización,100.0
3,448.573,COMGC01,COMGC01,COMERCIALIZADORA ELECTRICA INDUSTRIAL SA,100,COMERCIALIZADOR,ZONA ESPAÑOLA,Compras Comercialización,100.0
3,455.893,COMPC01,UP PENINSULAR,COMPAÑIA CASTELLANA DE COMERCIALIZACION ELECTRICA,100,COMERCIALIZADOR,ZONA ESPAÑOLA,Comercializador,100.0
3,463.213,CONEC01,COMPRA ENERGIA,CONECTA2 ENERGIA SL,100,COMERCIALIZADOR,ZONA ESPAÑOLA,Compras Comercialización,100.0
3,470.533,COPIC01,COMERCIALIZACION,"COMERCIALIZADORA HAZ DE LUZ RENOVABLE, S.L.U.",100,COMERCIALIZADOR,ZONA ESPAÑOLA,Compras Comercialización,100.0
3,477.853,CPERM02,REPR. BEST OPTION,"COMERCIALIZADORA ELECTRICA PENINSULAR, S.L.",100,COMERCIALIZADOR,ZONA ESPAÑOLA,Compras Comercialización,100.0
3,485.173,CREEC01,CREA ENERGIA COMERCIALIZADORA,"CREAENERGIA ECO, S.L.U.",100,COMERCIALIZADOR,ZONA ESPAÑOLA,Comercializador,100.0
3,492.493,CREOC01,CRECE,CRECE SOLUCIONES DE ENERGÍA SL,100,COMERCIALIZADOR,ZONA ESPAÑOLA,Compras Comercialización,100.0
3,499.813,CRGYC01,UNIDAD DE COMPRA,"CARTO ENERGY, SOCIEDAD LIMITADA",100,COMERCIALIZADOR,ZONA ESPAÑOLA,Comercializador,100.0
3,507.133,CUNCC01,CUNCC01,"ELECTRA CUNTIENSE COMERCIALIADORA, S.L.U.",100,COMERCIALIZADOR,ZONA ESPAÑOLA,Comercializador,100.0
3,514.453,CUVEC01,"CUVER DESTELLA ENERGIA, SL.","CUVER DESTELLA ENERGIA, SL.",100,COMERCIALIZADOR,ZONA ESPAÑOLA,Comercializador,100.0
3,521.773,CVIRC01,COMPRA VIRTUAL,DUFERCO IBERIA SL,100,COMERCIALIZADOR,ZONA ESPAÑOLA,Comercializador,100.0
3,529.093,CWCMC01,COMPRA CW COMERCIAL NO BALANCE,CAPWATT COMERCIAL S.L.U.,100,COMERCIALIZADOR,ZONA ESPAÑOLA,Comercializador,100.0
3,536.413,CYDAC01,COMPRA CYDAE COMERCIALIZACION,"COMERCIAL Y ASESORA DE ELECTRICIDAD, S.L.",100,COMERCIALIZADOR,ZONA ESPAÑOLA,Compras Comercialización,100.0
3,543.733,CYEC01,UNIDAD COMPRA COMERCIALIZACION,CYE ENERGIA S.L.,100,COMERCIALIZADOR,ZONA ESPAÑOLA,Compras Comercialización,100.0
3,551.093,DAIMC01,COMERCIAL DAIMUZ,DAIMUZ ENERGIA SL,100,COMERCIALIZADOR,ZONA ESPAÑOLA,Comercializador,100.0
3,558.373,DANSC01,DANSKE COMPRA PENINSULAR,DANSKE COMMODITIES,100,COMERCIALIZADOR,ZONA ESPAÑOLA,Comercializador,100.0
4,141.133,DEELC01,UNIDAD DE OFERTA,DEE LUNA ENERGY SL,100,COMERCIALIZADOR,ZONA ESPAÑOLA,Comercializador,100.0
4,148.453,DESMC01,DESMA COMPRA,"DESMA SOLUCIONES, S.L.",100,COMERCIALIZADOR,ZONA ESPAÑOLA,Comercializador,100.0
4,155.773,DETIC01,DETISA COMPRA (ESP),"MOEVE GAS AND POWER, S.A.U",100,COMERCIALIZADOR,ZONA ESPAÑOLA,Comercializador,100.0
4,163.093,DETIR01,DETIR01,"MOEVE GAS AND POWER, S.A.U",100,COMERCIALIZADOR,ZONA ESPAÑOLA,Compra Comercializador Balance,100.0
4,170.413,DFERC01,DUFERCO COMPRA,DUFERCO ENERGIA S.P.A.,100,COMERCIALIZADOR,ZONA ESPAÑOLA,Comercializador,100.0
4,177.733,DILUC01,DILUZ,DILUZ COMERCIALIZADORA DE ELECTRICIDAD S.L.,100,COMERCIALIZADOR,ZONA ESPAÑOLA,Comercializador,100.0
4,185.093,DIVIC01,UNIDAD DE OFERTA DIVICONSULTIN,DIVICONSULTING ENERGIA S.L,100,COMERCIALIZADOR,ZONA ESPAÑOLA,Comercializador,100.0
4,192.373,DLSTC01,UNIDAD OFERTANTE GO ENERGIA,ENERGÉTICA DEL ESTE S.L,100,COMERCIALIZADOR,ZONA ESPAÑOLA,Comercializador,100.0
4,199.693,DONBC01,COMERCIALIZACION,"DON BELTRAN MARKET, S.L.",100,COMERCIALIZADOR,ZONA ESPAÑOLA,Comercializador,100.0
4,207.093,DREAC01,UO COMPRAS DREUA 01,"FOENER ENERGÍA, S.L.",100,COMERCIALIZADOR,ZONA ESPAÑOLA,Compras Comercialización,100.0
4,214.333,DRKFC01,DRK,"DRK ENERGY, S.L.",100,COMERCIALIZADOR,ZONA ESPAÑOLA,Compras Comercialización,100.0
4,221.653,DRKRM01,QUALC01,"DRK ENERGY, S.L.",100,COMERCIALIZADOR,ZONA ESPAÑOLA,Compras Comercialización,100.0
4,228.973,DRKRM02,HELIC01,"DRK ENERGY, S.L.",100,COMERCIALIZADOR,ZONA ESPAÑOLA,Compras Comercialización,100.0
4,236.293,DUERC01,DUEROLUZ ENERGIA SL,DUEROLUZ ENERGIA SL,100,COMERCIALIZADOR,ZONA ESPAÑOLA,Comercializador,100.0
4,243.613,DUFECP3,DUFER EXPORT RIGHTS UNIT,DXT COMMODITIES SA,100,COMERCIALIZADOR,FRONTERA FRANCIA,Comercializador no residente,100.0
4,250.933,DUFEC01,DUFEC01,DXT COMMODITIES SA,100,COMERCIALIZADOR,ZONA ESPAÑOLA,Comercializador,100.0
4,258.253,DUFEVP3,DUFER IMPORT RIGHTS UNIT,DXT COMMODITIES SA,100,COMERCIALIZADOR,FRONTERA FRANCIA,Import. de agentes externos,100.0
4,265.573,DYNFC01,DYNFC01,DYNEFF ESPAÑA SL,100,COMERCIALIZADOR,ZONA ESPAÑOLA,Comercializador,100.0
4,272.893,EALBC01,EALB COMPRA,"ELECTRICA ALBATERENSE, S.L.",100,COMERCIALIZADOR,ZONA ESPAÑOLA,Comercializador,100.0
4,280.213,EALMC01,ELALM COMERCIALIZADOR ESP,ELECTRICITAT D ALMENAR S.L.,100,COMERCIALIZADOR,ZONA ESPAÑOLA,Comercializador,100.0
4,287.533,EAMC01,AMADR COMPRA,"ELÉCTRICA ANTONIO MADRID, S.L.",100,COMERCIALIZADOR,ZONA ESPAÑOLA,Comercializador,100.0
4,294.853,EAM0C01,EAM01 COMPRA,ELECTRA ALTO MIÑO COMERCIALIZADORA DE ENERGÍA SLU,100,COMERCIALIZADOR,ZONA ESPAÑOLA,Comercializador,100.0
4,302.173,EBLCO01,ENGIE SPAIN RETAILER,"ENGIE ESPAÑA,S.L.U",100,COMERCIALIZADOR,ZONA ESPAÑOLA,Comercializador,100.0
4,309.493,EBLCR01,ENGIE SPAIN_SRAD,"ENGIE ESPAÑA,S.L.U",100,COMERCIALIZADOR,ZONA ESPAÑOLA,Compra Comercializador Balance,100.0
4,316.813,EBLRM01,REPRE COMERCIALIZADOR 01,"ENGIE ESPAÑA,S.L.U",100,COMERCIALIZADOR,ZONA ESPAÑOLA,Compras Comercialización,100.0
4,324.133,EBLRM02,REPRE COMERCIALIZADOR 02,"ENGIE ESPAÑA,S.L.U",100,COMERCIALIZADOR,ZONA ESPAÑOLA,Compras Comercialización,100.0
4,331.453,EBREC01,EBREC01,"EBROENERGIA COMERCIALIZADORA, S.L.",100,COMERCIALIZADOR,ZONA ESPAÑOLA,Comercializador,100.0
4,338.773,ECATC01,ELCAT COMPRA,"DISTRIBUIDORA ELÉCTRICA DE CATOIRA, S.A",100,COMERCIALIZADOR,ZONA ESPAÑOLA,Comercializador,100.0
4,346.093,ECAZC01,ELECTRICA CADIZ COMPRA (ESP),ELECTRICA DE CADIZ,100,COMERCIALIZADOR,ZONA ESPAÑOLA,Comercializador,100.0
4,353.413,ECOFC01,COMPRA COMERCIALIZADORA,ECOFUTURA LUZ ENERGIA S.L.,100,COMERCIALIZADOR,ZONA ESPAÑOLA,Compras Comercialización,100.0
4,360.733,ECOTC01,UP PENINSULAR,ECOTHERMIC XXI SL,100,COMERCIALIZADOR,ZONA ESPAÑOLA,Comercializador,100.0
4,368.093,ECOVC01,18W000000000O3FL,ECOVERGY RENOVABLES,100,COMERCIALIZADOR,ZONA ESPAÑOLA,Comercializador,100.0
4,375.373,ECSCCA1,CALLO COMPRA ENERGIA,"ELECTRICA DE CALLOSA DE SEGURA, CV",100,COMERCIALIZADOR,ZONA ESPAÑOLA,Compras Comercialización,100.0
4,382.693,EDFSC01,EDFAS COMPRA,"COOP.VCIANA.E.D.F.A. SERRALLO, S.COOP.V.",100,COMERCIALIZADOR,ZONA ESPAÑOLA,Comercializador,100.0
4,390.093,EDFTCP3,EDF TRADING DERECHOS COM (FR),EDF TRADING LIMITED,100,COMERCIALIZADOR,FRONTERA FRANCIA,Comercializador no residente,100.0
4,397.333,EDFTC01,INTRADAY CONTINU AND AUCTION,EDF TRADING LIMITED,100,COMERCIALIZADOR,ZONA ESPAÑOLA,Comercializador,100.0
4,404.653,EDFTVP3,EDF TRADING DERECHOS VEN (FR),EDF TRADING LIMITED,100,COMERCIALIZADOR,FRONTERA FRANCIA,Import. de agentes externos,100.0
4,411.973,EDPCC01,UNIDAD DE COMPRA,"EDP CLIENTES, S.A.U.",100,COMERCIALIZADOR,ZONA ESPAÑOLA,Comercializador,100.0
4,419.293,EDPCR01,UO COMPRA SRAD,"EDP CLIENTES, S.A.U.",100,COMERCIALIZADOR,ZONA ESPAÑOLA,Compra Comercializador Balance,100.0
4,426.613,EDPC2,EDP COMERCIAL COMPRA (PORT),EDP COMERCIAL COMERCIALIZACAO DE ENERGIA SA,100,COMERCIALIZADOR,ZONA PORTUGUESA,Comercializador,100.0
4,433.933,EFGC01,FACTOR ENERGÍA COMPRA (ESP),"FACTOR ENERGIA, S.A.",100,COMERCIALIZADOR,ZONA ESPAÑOLA,Comercializador,100.0
4,441.253,EFIDC01,COMERCIALIZADORA,EFIDUERO ENERGY SCEL,100,COMERCIALIZADOR,ZONA ESPAÑOLA,Comercializador,100.0
4,448.573,EFIRC01,UNIDAD DE OFERTA,EFIRAM PATRIMONIO SL,100,COMERCIALIZADOR,ZONA ESPAÑOLA,Comercializador,100.0
4,455.893,EGAZC01,EGAZC01,ENERGAZE SL,100,COMERCIALIZADOR,ZONA ESPAÑOLA,Comercializador,100.0
4,463.213,EGCMC01,ENDESA GENERAC. COMPRA (ESP),"ENDESA GENERACIÓN, S.A. (ACT: COMERCIALIZACIÓN)",100,COMERCIALIZADOR,ZONA ESPAÑOLA,Comercializador,100.0
4,470.533,EGEDCP3,COMPRA CON DERECHOS FRANCIA,ACCIONA GREEN ENERGY DEVELOPMENTS (ACT. COMERCI,100,COMERCIALIZADOR,FRONTERA FRANCIA,Comercializador,100.0
4,477.853,EGEDC01,AC. GREEN ENER DEVEL COMP(ESP),ACCIONA GREEN ENERGY DEVELOPMENTS,100,COMERCIALIZADOR,ZONA ESPAÑOLA,Comercializador,100.0
4,485.173,EGEDR01,SERVICIO RESPUESTA ACT DEMANDA,ACCIONA GREEN ENERGY DEVELOPMENTS,100,COMERCIALIZADOR,ZONA ESPAÑOLA,Compra Comercializador Balance,100.0
4,492.493,EGEDVP3,VENTA CON DERECHOS FRANCIA,ACCIONA GREEN ENERGY DEVELOPMENTS (ACT. COMERCI,100,COMERCIALIZADOR,FRONTERA FRANCIA,Import. de comercializadoras,100.0
4,499.813,EGENC01,EGENC01,ELECTRICA DE GUIXES ENERGIA,100,COMERCIALIZADOR,ZONA ESPAÑOLA,Comercializador,100.0
4,507.133,EGENR01,EGENR01,ELECTRICA DE GUIXES ENERGIA,100,COMERCIALIZADOR,ZONA ESPAÑOLA,Compra Comercializador Balance,100.0
4,514.453,EGLECP3,EGLE COMPR DER FRANCIA,"AXPO IBERIA, S.L.",100,COMERCIALIZADOR,FRONTERA FRANCIA,Comercializador,100.0
4,521.773,EGLEC01,EGL ESPAÑA COMPRA (ESP),"AXPO IBERIA, S.L.",100,COMERCIALIZADOR,ZONA ESPAÑOLA,Comercializador,100.0
4,529.093,EGLEC2,EGLE COMERCIAL COMPRA (PORT),"AXPO IBERIA, S.L.",100,COMERCIALIZADOR,ZONA PORTUGUESA,Comercializador,100.0
4,536.413,EGLEVP3,EGLE VENTA DER FRANCIA,"AXPO IBERIA, S.L.",100,COMERCIALIZADOR,FRONTERA FRANCIA,Import. de comercializadoras,100.0
4,543.733,EGLRM01,UOF REPRESENTACIÓN COMERCIALIZ,"AXPO IBERIA, S.L.",100,COMERCIALIZADOR,ZONA ESPAÑOLA,Compras Comercialización,100.0
4,551.093,EGNIC01,UNIDAD DE OFERTA,EGNI SMART ENERGIES SL,100,COMERCIALIZADOR,ZONA ESPAÑOLA,Comercializador,100.0
4,558.373,EGUPC01,UNIDAD OFERTANTE AENERGETIC,"EGSG ELECTRIK N1, S.L.",100,COMERCIALIZADOR,ZONA ESPAÑOLA,Comercializador,100.0
5,141.133,EHILC01,HELIC COMERCIALIZADOR ESP,"HELIA, COOP. V.",100,COMERCIALIZADOR,ZONA ESPAÑOLA,Comercializador,100.0
5,148.453,EINTC01,ENERGY INTERSOL 15,ENERGY INTERSOL 15 SL,100,COMERCIALIZADOR,ZONA ESPAÑOLA,Comercializador,100.0
5,155.773,EKHIC01,"EKHINEO ENERGÍA, S.L.","EKHINEO ENERGÍA, S.L.",100,COMERCIALIZADOR,ZONA ESPAÑOLA,Comercializador,100.0
5,163.093,ELAVC01,ELAVE COMPRA,"ELECTRA AVELLANA COMERCIAL, S.L",100,COMERCIALIZADOR,ZONA ESPAÑOLA,Comercializador,100.0
5,170.413,ELBEC01,ELBEN_COMPRAS,ELECTRICA BENASQUE S.L.,100,COMERCIALIZADOR,ZONA ESPAÑOLA,Comercializador,100.0
5,177.733,ELCAC01,ELECTRA CALDENSE COMPRA (ESP),ELECTRA CALDENSE ENERGIA,100,COMERCIALIZADOR,ZONA ESPAÑOLA,Comercializador,100.0
5,185.093,ELEIC01,ELEIC01,"ELECTRICIDAD ELEIA, S.L.U.",100,COMERCIALIZADOR,ZONA ESPAÑOLA,Comercializador,100.0
5,192.373,ELERC02,COMERCIALIZADORA,ELERGONE ENERGIA SA,100,COMERCIALIZADOR,ZONA PORTUGUESA,Comercializador,100.0
5,199.693,ELESC01,ELESU COMERCIALIZADOR ESP,COMERCIALIZADORA ELECTRICA SUDANELL S.L.U.,100,COMERCIALIZADOR,ZONA ESPAÑOLA,Comercializador,100.0
5,207.093,ELMOC01,ELMON COMERCIALIZADORA ESP,COM. ELECTRICA DE MONTOLIU DE LLEIDA S.L.U,100,COMERCIALIZADOR,ZONA ESPAÑOLA,Comercializador,100.0
5,214.333,ELPOC01,ELPOC01,"ELECTRICA POPULAR, S.COOP.MAD",100,COMERCIALIZADOR,ZONA ESPAÑOLA,Comercializador,100.0
5,221.653,ELUZC01,"E-LUZ ENERGY SOLUTIONS, S.L.","E-LUZ ENERGY SOLUTIONS, S.L.",100,COMERCIALIZADOR,ZONA ESPAÑOLA,Comercializador,100.0
5,228.973,ELV2C01,ELEVA 2 COMPRA,"ELEVA 2 COMERCIALIZADORA, S.L.",100,COMERCIALIZADOR,ZONA ESPAÑOLA,Comercializador,100.0
5,236.293,EMELC01,EMELC01,ELÉCTRICA DE MELIANA,100,COMERCIALIZADOR,ZONA ESPAÑOLA,Comercializador,100.0
5,243.613,EMIAC01,COMERCIALIZACION,ENERMIA COMERCIALIZADORA ELECTRICA SL,100,COMERCIALIZADOR,ZONA ESPAÑOLA,Comercializador,100.0
5,250.933,ENARC01,ENARA COMERCIALIZADORA,"ENARA GESTIÓN Y MEDIACIÓN, SL",100,COMERCIALIZADOR,ZONA ESPAÑOLA,Compras Comercialización,100.0
5,258.253,ENCECP3,ENCECP3,MAGNON GREEN ENERGY SL,100,COMERCIALIZADOR,FRONTERA FRANCIA,Comercializador no residente,100.0
5,265.573,ENCEVP3,ENCEVP3,MAGNON GREEN ENERGY SL,100,COMERCIALIZADOR,FRONTERA FRANCIA,Import. de agentes externos,100.0
5,272.893,ENDCC04,EXP ANDORRA,ENDESA ENERGÍA,100,COMERCIALIZADOR,ZONA ESPAÑOLA,Compras Comercialización,100.0
5,280.213,ENDEC01,ESCARRILLA,ENERGIAS DE ESCARRILLA SL,100,COMERCIALIZADOR,ZONA ESPAÑOLA,Comercializador,100.0
5,287.533,ENDEC2,ENDESA COMERCIAL. COMPRA (PORT,ENDESA ENERGÍA,100,COMERCIALIZADOR,ZONA PORTUGUESA,Comercializador,100.0
5,294.853,ENDER01,ENDESA RESPUESTA ACTIVA DEMAND,ENDESA ENERGÍA,100,COMERCIALIZADOR,ZONA ESPAÑOLA,Compra Comercializador Balance,100.0
5,302.173,ENDE01,ENDESA ENERGIA (ESP),ENDESA ENERGÍA,100,COMERCIALIZADOR,ZONA ESPAÑOLA,Comercializador,100.0
5,309.493,ENDGCP3,ENDG DERECHOS COMPRA(FRAN),"ENDESA GENERACIÓN, S.A.",100,COMERCIALIZADOR,FRONTERA FRANCIA,Comercializador no residente,100.0
5,316.813,ENDGVP3,ENDG DERECHOS VENTA(FRAN),"ENDESA GENERACIÓN, S.A.",100,COMERCIALIZADOR,FRONTERA FRANCIA,Import. de comercializadoras,100.0
5,324.133,ENDIC01,UP1,ENDI ENERGY TRADING SL,100,COMERCIALIZADOR,ZONA ESPAÑOLA,Comercializador,100.0
5,331.453,ENDPC01,PANTICOSA,ENERGIAS DE PANTICOSA COMERCIALIZADORA SL,100,COMERCIALIZADOR,ZONA ESPAÑOLA,Comercializador,100.0
5,338.773,ENDPC2,ENDESA E. SUC. PORT. COMPRA,"ENDESA ENERGIA, SUCURSAL EN PORTUGAL",100,COMERCIALIZADOR,ZONA PORTUGUESA,Compras Comercialización,100.0
5,346.093,ENDRM01,REPRESENTANTE DE EPRESA,ENDESA ENERGÍA,100,COMERCIALIZADOR,ZONA ESPAÑOLA,Compras Comercialización,100.0
5,353.413,ENEC01,UP PENINSULAR,ENERGÍA ÚNICA SOLUCIONES INTEGRALES SL,100,COMERCIALIZADOR,ZONA ESPAÑOLA,Comercializador,100.0
5,360.733,ENEDC01,ENERGIAREA EUROPE SL,ENERGIAREA EUROPE SL,100,COMERCIALIZADOR,ZONA ESPAÑOLA,Comercializador,100.0
5,368.093,ENEEC01,ENERGÍA GAS AL-ANDALUS SL,ENERGÍA GAS AL-ANDALUS SL,100,COMERCIALIZADOR,ZONA ESPAÑOLA,Comercializador,100.0
5,375.373,ENEIR01,ENEIR01,VITA ENERGY CONSULTING SL,100,COMERCIALIZADOR,ZONA ESPAÑOLA,Compra Comercializador Balance,100.0
5,382.693,ENEPC01,18W000000000Q1SU,"ENERGY PLUS IBERIA, S.L.",100,COMERCIALIZADOR,ZONA ESPAÑOLA,Comercializador,100.0
5,390.093,ENEXC01,ENEXC01,ENEX SOCIAL ENERGY SL,100,COMERCIALIZADOR,ZONA ESPAÑOLA,Comercializador,100.0
5,397.333,ENFOC02,ENFORCESCO COMERCIALIZADORA,ENFORCESCO SA,100,COMERCIALIZADOR,ZONA PORTUGUESA,Compras Comercialización,100.0
5,404.653,ENGIC02,UNIDADE DE COMPRA,"ENGIE COMERCIALIZACAO DE ENERGIA, LDA",100,COMERCIALIZADOR,ZONA PORTUGUESA,Comercializador,100.0
5,411.973,ENGNC02,COMERCIALIZAÇAO,"CAPWATT RETAIL ELECTRICIDADE PT, S.A.",100,COMERCIALIZADOR,ZONA PORTUGUESA,Comercializador,100.0
5,419.293,ENHEC01,ENHEC01,"ENHER HECSA, SL",100,COMERCIALIZADOR,ZONA ESPAÑOLA,Comercializador,100.0
5,426.613,ENMEC01,COMPRA EDM,COMERCIALIZADORA DE ELECTRICIDAD Y GAS DEL MEDITER,100,COMERCIALIZADOR,ZONA ESPAÑOLA,Comercializador,100.0
5,433.933,ENRKC01,ENERKORE COMPRA,ENERKORE SL,100,COMERCIALIZADOR,ZONA ESPAÑOLA,Comercializador,100.0
5,441.253,ENSAC01,COMPRAS ENERGYSAVE,ENERGYSAVE PROJECTS S.L.,100,COMERCIALIZADOR,ZONA ESPAÑOLA,Comercializador,100.0
5,448.573,ENSRR01,CO-SRAD-EN,ENERGIA NUFRI SLU,100,COMERCIALIZADOR,ZONA ESPAÑOLA,Compra Comercializador Balance,100.0
5,455.893,ENUFC01,18X00000000037UC,ENERGIA NUFRI SLU,100,COMERCIALIZADOR,ZONA ESPAÑOLA,Comercializador,100.0
5,463.213,ENVEC01,ENVEC01,ENERVER ENERGIA SL,100,COMERCIALIZADOR,ZONA ESPAÑOLA,Comercializador,100.0
5,470.533,ENZIC01,ENEAC COMERCIALIZADOR ESP,ENERGIAS DEL ZINQUETA COMERCIALIZADORA SLU,100,COMERCIALIZADOR,ZONA ESPAÑOLA,Comercializador,100.0
5,477.853,EOP2C01,COMPRA ENERGIA MERCADO DIARIO,ENERGIA OPERATIVA S.L.,100,COMERCIALIZADOR,ZONA ESPAÑOLA,Comercializador,100.0
5,485.173,EPACC01,EPAC COMERCIALIZADORA,"EPAC SOLUCIONES ENERGETICAS, S.L.",100,COMERCIALIZADOR,ZONA ESPAÑOLA,Comercializador,100.0
5,492.493,EQUAC01,EQUAC01,"EQUANIMITYENERGY TO GO, SLU",100,COMERCIALIZADOR,ZONA ESPAÑOLA,Comercializador,100.0
5,499.813,ERENC01,ENDESA ENERGIA RENOVABLE,"ENDESA ENERGIA RENOVABLE, S.L.U.",100,COMERCIALIZADOR,ZONA ESPAÑOLA,Comercializador,100.0
5,507.133,EROUCP3,UNIDAD DE OFERTA COMPRA FRANCE,ELECTROROUTE ENERGY TRADING LIMITED,100,COMERCIALIZADOR,FRONTERA FRANCIA,Comercializador,100.0
5,514.453,EROUVP3,UNIDAD DE OFERTA DE VENTA FRAN,ELECTROROUTE ENERGY TRADING LIMITED,100,COMERCIALIZADOR,FRONTERA FRANCIA,Import. de comercializadoras,100.0
5,521.773,ERPCC01,UNIDAD COMPRA ENERGETICA,"ENERGIES RENOVABLES PÚBLIQUES DE CATALUNYA, S.A.U.",100,COMERCIALIZADOR,ZONA ESPAÑOLA,Comercializador,100.0
5,529.093,ERUNC02,COMPRA DE ENERGIA,"GREENVOLT COMUNIDADES, SA",100,COMERCIALIZADOR,ZONA PORTUGUESA,Comercializador,100.0
5,536.413,ESEGC01,UOF_SEGE,SOCIETE EUROPEENNE DE GESTION DE LENERGIE,100,COMERCIALIZADOR,ZONA ESPAÑOLA,Comercializador,100.0
5,543.733,ETNEC01,ETNEC01,ETER ENERGIA,100,COMERCIALIZADOR,ZONA ESPAÑOLA,Comercializador,100.0
5,551.093,ETSOC01,INICIAL,ENERGY TRADER SOLUTION SL,100,COMERCIALIZADOR,ZONA ESPAÑOLA,Comercializador,100.0
5,558.373,EVIVC01,18W0000000000UV4,ENERGIA VIVA SPAIN SL.,100,COMERCIALIZADOR,ZONA ESPAÑOLA,Comercializador,100.0
6,141.133,EVMER01,UOF SRAD,"ENERGYA VM GESTION DE ENERGIA, S.L.",100,COMERCIALIZADOR,ZONA ESPAÑOLA,Compra Comercializador Balance,100.0
6,148.453,EYCEC01,18W0000000005XMU,ENERGIA Y COMER EMPRESARIAL SL,100,COMERCIALIZADOR,ZONA ESPAÑOLA,Comercializador,100.0
6,155.773,EYPC01,ESTABANELL PAHISA COMPRA (ESP),"ESTABANELL IMPULSA, S.A.",100,COMERCIALIZADOR,ZONA ESPAÑOLA,Comercializador,100.0
6,163.093,EZURC02,UNIDADE DE COMPRA,"EZU ENERGIA, LDA",100,COMERCIALIZADOR,ZONA PORTUGUESA,Comercializador,100.0
6,170.413,FASTC02,UNIDADE DE COMPRA,FAST PROCEDURE,100,COMERCIALIZADOR,ZONA PORTUGUESA,Comercializador,100.0
6,177.733,FECC01,FECII COMPRA,FLUID ELECTRIC CAMPRODON II SL,100,COMERCIALIZADOR,ZONA ESPAÑOLA,Comercializador,100.0
6,185.093,FEDAC04,FEDA UNIDAD OFERTA,FEDA,100,COMERCIALIZADOR,FRONTERA ANDORRA,Comercializador,100.0
6,192.373,FEMCC01,FEMCV COMPRA,"FLUIDO ELECTRICO MUSEROS, S.COOP.V.",100,COMERCIALIZADOR,ZONA ESPAÑOLA,Comercializador,100.0
6,199.693,FENC01,FENIE,FENIE ENERGIA,100,COMERCIALIZADOR,ZONA ESPAÑOLA,Compras Comercialización,100.0
6,207.093,FENEC01,FENERGAS ENERGIA SL,FENERGAS ENERGIA SL,100,COMERCIALIZADOR,ZONA ESPAÑOLA,Comercializador,100.0
6,214.333,FORTC01,FORTIA COMPRA (ESP),"FORTIA ENERGIA, S.L.",100,COMERCIALIZADOR,ZONA ESPAÑOLA,Comercializador,100.0
6,221.653,FORTIC2,FORTIA COMPRA (PORT),"FORTIA ENERGIA, S.L.",100,COMERCIALIZADOR,ZONA PORTUGUESA,Compras Comercialización,100.0
6,228.973,FORTR01,FORTIA SRAD,"FORTIA ENERGIA, S.L.",100,COMERCIALIZADOR,ZONA ESPAÑOLA,Compra Comercializador Balance,100.0
6,236.293,FOXC01,UNIDAD FOX PENINSULA,"FOX ENERGIA, S.A.",100,COMERCIALIZADOR,ZONA ESPAÑOLA,Comercializador,100.0
6,243.613,FRANC01,18W000000000Q1QY,"FRANK ENERGIA IBERIA, S.L",100,COMERCIALIZADOR,ZONA ESPAÑOLA,Comercializador,100.0
6,250.933,FTULC01,FORTULUZ COMERCIALIZADORA,"ENSTROGA, S.L.",100,COMERCIALIZADOR,ZONA ESPAÑOLA,Compras Comercialización,100.0
6,258.253,FUSEC01,COMERICALIZ_PEN,FUSE ENERGY IBERICA SL,100,COMERCIALIZADOR,ZONA ESPAÑOLA,Comercializador,100.0
6,265.573,GABAC01,GABA COMPRA,GABA COMERCIALIZADORA DE ELECTRICIDAD S.L.U.,100,COMERCIALIZADOR,ZONA ESPAÑOLA,Comercializador,100.0
6,272.893,GACC01,GEOATLANTER COMP ESP,GEOATLANTER,100,COMERCIALIZADOR,ZONA ESPAÑOLA,Comercializador,100.0
6,280.213,GALAC01,GALASUR,"IBERELECTRICA COMERCIALIZADORA, SL",100,COMERCIALIZADOR,ZONA ESPAÑOLA,Compras Comercialización,100.0
6,287.533,GALPC01,GALP ENERGIA ESPAÑA,"GALP ENERGÍA ESPAÑA, S.A.U.",100,COMERCIALIZADOR,ZONA ESPAÑOLA,Compras Comercialización,100.0
6,294.853,GALPR01,GALPR01,"GALP ENERGÍA ESPAÑA, S.A.U.",100,COMERCIALIZADOR,ZONA ESPAÑOLA,Compra Comercializador Balance,100.0
6,302.173,GALPWC2,GALP POWER PORTUGAL COMPRA,PETROGAL SA,100,COMERCIALIZADOR,ZONA PORTUGUESA,Comercializador,100.0
6,309.493,GAMIC01,18W000000000PW8I,GAMBITOENERGY S.L.,100,COMERCIALIZADOR,ZONA ESPAÑOLA,Comercializador,100.0
6,316.813,GAOLC01,GAOLANIA,GAOLANIA SERVICIOS S.L,100,COMERCIALIZADOR,ZONA ESPAÑOLA,Compras Comercialización,100.0
6,324.133,GDIVC01,GDIVC01_COMPRA PENINSULAR,"GASELEC DIVERSIFICACIÓN, S.L.",100,COMERCIALIZADOR,ZONA ESPAÑOLA,Compras Comercialización,100.0
6,331.453,GEGC01,GRUPO ENERGALICIA,XENERA COMPAÑIA ELECTRICA S.A.,100,COMERCIALIZADOR,ZONA ESPAÑOLA,Compras Comercialización,100.0
6,338.773,GEOAC01,UP COMPRA 1,"GEO ALTERNATIVA, SL",100,COMERCIALIZADOR,ZONA ESPAÑOLA,Comercializador,100.0
6,346.093,GEOLC01,GEO LUZ Y GAS,GEO LUZ Y GAS SL,100,COMERCIALIZADOR,ZONA ESPAÑOLA,Comercializador,100.0
6,353.413,GESIC01,COMPRA COMERCIALIZACIÓN,"GESTINER INGENIEROS, SL",100,COMERCIALIZADOR,ZONA ESPAÑOLA,Compras Comercialización,100.0
6,360.733,GESLC01,GESL,"GERENCIA ENERGETICA,SL",100,COMERCIALIZADOR,ZONA ESPAÑOLA,Comercializador,100.0
6,368.093,GESQC01,COMERCIALIZACION,GESTION INTEGRAL COMUNIDADES ENERGETICAS EUROPA,100,COMERCIALIZADOR,ZONA ESPAÑOLA,Comercializador,100.0
6,375.373,GESTC01,GESTERNOVA COMPRA (ESP),"GESTERNOVA, S.A",100,COMERCIALIZADOR,ZONA ESPAÑOLA,Comercializador,100.0
6,382.693,GESTC02,GESTO COMERCIALIZADORA,"GESTO COMERCIALIZACAO DE ENERGIA, UNIPESSOAL LDA",100,COMERCIALIZADOR,ZONA PORTUGUESA,Comercializador,100.0
6,390.093,GMEC01,COMPRA COMERCIALIZADORA,GARCIA-MUNTE ENERGIA SL,100,COMERCIALIZADOR,ZONA ESPAÑOLA,Comercializador,100.0
6,397.333,GMTCP3,IMPORT FROM FR W/O CAP RIGHTS,GAZPROM MARKETING AND TRADING LTD,100,COMERCIALIZADOR,FRONTERA FRANCIA,Comercializador no residente,100.0
6,404.653,GMTVP3,EXP TO FRE W/O CAP RIGHTS,GAZPROM MARKETING AND TRADING LTD,100,COMERCIALIZADOR,FRONTERA FRANCIA,Import. de comercializadoras,100.0
6,411.973,GNCOCP3,GNCO DERECH COMPRA (FRANCIA),GAS NATURAL COMERCIALIZADORA,100,COMERCIALIZADOR,FRONTERA FRANCIA,Comercializador no residente,100.0
6,419.293,GNCOC01,GAS NATURAL COMERCIALIZADORA,GAS NATURAL COMERCIALIZADORA,100,COMERCIALIZADOR,ZONA ESPAÑOLA,Comercializador,100.0
6,426.613,GNCOC02,UNIDAD OFERTA PORTUGAL,GAS NATURAL COMERCIALIZADORA,100,COMERCIALIZADOR,ZONA PORTUGUESA,Compras Comercialización,100.0
6,433.933,GNCOVP3,GNCO DERECH VENTA (FRANCIA),GAS NATURAL COMERCIALIZADORA,100,COMERCIALIZADOR,FRONTERA FRANCIA,Import. de agentes externos,100.0
6,441.253,GNRACP3,EXPORTACION GNERA CON,GNERA ENERGIA Y TECNOLOGIA,100,COMERCIALIZADOR,FRONTERA FRANCIA,Comercializador,100.0
6,454.693,GNRAC01,U COMERCIALIZACION GENERICA,GNERA ENERGIA Y TECNOLOGIA,100,COMERCIALIZADOR,ZONA ESPAÑOLA,Comercializador,100.0
6,462.093,GNRAVP3,IMPORTACION GNERA CON DERECHOS,GNERA ENERGIA Y TECNOLOGIA,100,COMERCIALIZADOR,FRONTERA FRANCIA,Import. de comercializadoras,100.0
6,469.333,GNSEC01,GAS NATURAL SERV COMPRA (ESP),NATURGY IBERIA S.A.,100,COMERCIALIZADOR,ZONA ESPAÑOLA,Comercializador,100.0
6,476.653,GNSEC02,GNS COMPRA PORTUGAL,NATURGY IBERIA S.A.,100,COMERCIALIZADOR,ZONA PORTUGUESA,Compras Comercialización,100.0
6,483.973,GNSER01,GNSER01,NATURGY IBERIA S.A.,100,COMERCIALIZADOR,ZONA ESPAÑOLA,Compra Comercializador Balance,100.0
6,491.293,GOENC01,GOENC01,"GODAY ENERGIA, S.L.",100,COMERCIALIZADOR,ZONA ESPAÑOLA,Comercializador,100.0
6,498.613,GOIEC01,COMPRA COMERCIALIZADORA,GOIENER S.COOP,100,COMERCIALIZADOR,ZONA ESPAÑOLA,Compras Comercialización,100.0
6,505.933,GOIRM01,REPRESENTACION MEGARA,GOIENER S.COOP,100,COMERCIALIZADOR,ZONA ESPAÑOLA,Compras Comercialización,100.0
6,513.253,GOIRM02,REPRESENTACION SOLABRIA,GOIENER S.COOP,100,COMERCIALIZADOR,ZONA ESPAÑOLA,Compras Comercialización,100.0
6,520.573,GOIRM03,REPRESENTACION NOSA,GOIENER S.COOP,100,COMERCIALIZADOR,ZONA ESPAÑOLA,Compras Comercialización,100.0
6,527.893,GOIRM05,REPRESENTACION LA CORRIENTE,GOIENER S.COOP,100,COMERCIALIZADOR,ZONA ESPAÑOLA,Compras Comercialización,100.0
6,535.213,GOIRM07,REPRESENTACION ARAIA,GOIENER S.COOP,100,COMERCIALIZADOR,ZONA ESPAÑOLA,Compras Comercialización,100.0
6,542.533,GOIRM08,REPRESENTACION MERKAOÑA,GOIENER S.COOP,100,COMERCIALIZADOR,ZONA ESPAÑOLA,Compras Comercialización,100.0
6,549.853,GOLDC02,GOLDE COMPRA PT,"GOLDENERGY COMERCIALIZADORA ENERGIA, S.A.",100,COMERCIALIZADOR,ZONA PORTUGUESA,Comercializador,100.0
6,557.173,GRTEC01,GRTEC01,GERENTA ENERGIA SLU,100,COMERCIALIZADOR,ZONA ESPAÑOLA,Comercializador,100.0
7,141.133,GSLZC01,GSLZC01,"GASILUZ ECO ENERCÍA, S.L.",100,COMERCIALIZADOR,ZONA ESPAÑOLA,Comercializador,100.0
7,148.453,GSTCP3,GST BUYING UNIT,"ENGIE GLOBAL MARKETS, BELGIAN BRANCH",100,COMERCIALIZADOR,FRONTERA FRANCIA,Comercializador no residente,100.0
7,155.773,GSTVP3,GST SELLING UNIT,"ENGIE GLOBAL MARKETS, BELGIAN BRANCH",100,COMERCIALIZADOR,FRONTERA FRANCIA,Import. de agentes externos,100.0
7,163.093,GUISC01,GUIS COMPRA,"CORPORACIÓN ALIMENTARIA GUISSONA, S.A.",100,COMERCIALIZADOR,ZONA ESPAÑOLA,Compras Comercialización,100.0
7,170.413,GURBC01,GURBC01,"GURBTEC ENERGIA, SL",100,COMERCIALIZADOR,ZONA ESPAÑOLA,Comercializador,100.0
7,177.733,GWHCC01,UNIDAD OFERTANTE GWH,"GWH COMERCIALIZADORA ELÉCTRICA, S.L.",100,COMERCIALIZADOR,ZONA ESPAÑOLA,Comercializador,100.0
7,185.093,G9TEC02,G9TELECOM_COMERCIALIZACAO,"G9, SA",100,COMERCIALIZADOR,ZONA PORTUGUESA,Comercializador,100.0
7,192.373,HAFEC01,"HAFESA MOBILITY ELC, S.L.",HAXX POWER & GAS S.L.U.,100,COMERCIALIZADOR,ZONA ESPAÑOLA,Comercializador,100.0
7,199.693,HCGC01,HIDROCANTABRICO G. COMPRA(ESP),"EDP ESPAÑA, S.A.U. (COMERCIAL)",100,COMERCIALIZADOR,ZONA ESPAÑOLA,Comercializador,100.0
7,207.093,HCNSC01,HCNSE COMPRA,"HC-NATURGAS EMPRESA DE SERVICIOS ENERGETICOS, S.L.",100,COMERCIALIZADOR,ZONA ESPAÑOLA,Comercializador,100.0
7,214.333,HECEC01,HEC ENERGIA COM.,"HIDROELÉCTRICA EL CARMEN ENERGÍA, S.L.",100,COMERCIALIZADOR,ZONA ESPAÑOLA,Compras Comercialización,100.0
7,221.653,HELEC01,UNIDAD DE COMPRA HELIOELEC,HELIOELEC ENERGIA ELECTRICA Y GAS SOCIEDAD LIMITAD,100,COMERCIALIZADOR,ZONA ESPAÑOLA,Comercializador,100.0
7,228.973,HIDSC01,HIDSE COMERCIALIZADORA ESP,"HIDROBESORA SERVICIOS, S.L.U.",100,COMERCIALIZADOR,ZONA ESPAÑOLA,Comercializador,100.0
7,236.293,HISPC01,HISPAELEC ENERGIA S.A.,"ALPIQ ENERGÍA ESPAÑA, S.A.U.",100,COMERCIALIZADOR,ZONA ESPAÑOLA,Comercializador,100.0
7,243.613,HIS1R01,HIS1R01,"ALPIQ ENERGÍA ESPAÑA, S.A.U.",100,COMERCIALIZADOR,ZONA ESPAÑOLA,Compra Comercializador Balance,100.0
7,250.933,HLYC01,HALLEY COM,"HALLEY ENERGY, SOCIEDAD LIMITADA",100,COMERCIALIZADOR,ZONA ESPAÑOLA,Comercializador,100.0
7,258.253,HOYEC01,HOY ENERGIA,"HOY ENERGIA, S.L.",100,COMERCIALIZADOR,ZONA ESPAÑOLA,Comercializador,100.0
7,265.573,HSATC01,HSAT COMPRA,HSAT21 ENERGIA S.L.,100,COMERCIALIZADOR,ZONA ESPAÑOLA,Comercializador,100.0
7,272.893,HSCOC01,HSCOC01,"HIDROELECTRICA DE SILLEDA COMERCIALIZADORA, S.L.",100,COMERCIALIZADOR,ZONA ESPAÑOLA,Comercializador,100.0
7,280.213,HYDRC01,UNIDAD DE OFERTA,HYDROEXERGY S.L.U.,100,COMERCIALIZADOR,ZONA ESPAÑOLA,Comercializador,100.0
7,287.533,IBDSC01,U. OFERTA IBERDESA,"IBERDESA COMERCIALIZADORA, S.L",100,COMERCIALIZADOR,ZONA ESPAÑOLA,Comercializador,100.0
7,294.853,IBEGCP3,IBEG DERECHOS COMPRA(FRAN),IBERDROLA ENERGÍA ESPAÑA S..A.,100,COMERCIALIZADOR,FRONTERA FRANCIA,Comercializador no residente,100.0
7,302.173,IBEGC05,IBEG COMPRA (MARR),IBERDROLA ENERGÍA ESPAÑA S..A.,100,COMERCIALIZADOR,FRONTERA MARRUECOS,Comercializador no residente,100.0
7,309.493,IBEGVP3,IBERDROLA VENTA (FRAN) DER,IBERDROLA ENERGÍA ESPAÑA S..A.,100,COMERCIALIZADOR,FRONTERA FRANCIA,Import. de comercializadoras,100.0
7,316.813,IBGECP3,IBGE DERECHOS COMPRA(FRAN),IBERDROLA ENERGÍA ESPAÑA S..A.,100,COMERCIALIZADOR,FRONTERA FRANCIA,Comercializador,100.0
7,324.133,IBGEVP3,IBGE DERECHOS VENTA(FRAN),IBERDROLA ENERGÍA ESPAÑA S..A.,100,COMERCIALIZADOR,FRONTERA FRANCIA,Import. de comercializadoras,100.0
7,331.453,IBLEC02,IBELE PORTUGAL,"IBELECTRA MERCADOS, LDA",100,COMERCIALIZADOR,ZONA PORTUGUESA,Comercializador,100.0
7,338.773,IBMXC01,18W000000000Q8YY,"IBERMAX ENERGY Y CONSULTING, S.L.",100,COMERCIALIZADOR,ZONA ESPAÑOLA,Comercializador,100.0
7,346.093,IBRM01,IBERDROLA SERVICIOS ENERGETICO,IBERDROLA ENERGÍA ESPAÑA S..A.,100,COMERCIALIZADOR,ZONA ESPAÑOLA,Compras Comercialización,100.0
7,353.413,IBRM02,COMERCIALIZADORA FASTLIGHT,IBERDROLA ENERGÍA ESPAÑA S..A.,100,COMERCIALIZADOR,ZONA ESPAÑOLA,Compras Comercialización,100.0
7,360.733,IBRM03,ELECTRA COMERCIALIZADORA,IBERDROLA ENERGÍA ESPAÑA S..A.,100,COMERCIALIZADOR,ZONA ESPAÑOLA,Compras Comercialización,100.0
7,368.093,ICGAC01,COMERCIALIZADOR PARA E.E.,"INGENIERIA Y COMER. DEL GAS, S.A.",100,COMERCIALIZADOR,ZONA ESPAÑOLA,Comercializador,100.0
7,375.373,ICLIC01,IBERDROLA CLIENTES COMPRA,IBERDROLA ENERGÍA ESPAÑA S..A.,100,COMERCIALIZADOR,ZONA ESPAÑOLA,Rep. de comercializadores,100.0
7,382.693,ICLIC02,IBERDROLA CLIENTES COMPRA,IBERDROLA ENERGÍA ESPAÑA S..A.,100,COMERCIALIZADOR,ZONA PORTUGUESA,Rep. de comercializadores,100.0
7,390.093,ICLIR01,COMERCIALIZADOR BALANCE SRAD,IBERDROLA ENERGÍA ESPAÑA S..A.,100,COMERCIALIZADOR,ZONA ESPAÑOLA,Compra Comercializador Balance,100.0
7,397.333,IDENC02,IDENG,ID ENGENHARIA LDA,100,COMERCIALIZADOR,ZONA PORTUGUESA,Comercializador,100.0
7,404.653,IENOC01,UOF COMERCIALIZADOR IENOV,INICIATIVA E.NOVA,100,COMERCIALIZADOR,ZONA ESPAÑOLA,Comercializador,100.0
7,411.973,IGESC01,IBERDROLA GENERACION ESPAÑA C,IBERDROLA ENERGÍA ESPAÑA S..A.,100,COMERCIALIZADOR,ZONA ESPAÑOLA,Comercializador,100.0
7,419.293,IGESC02,IBERDROLA GENERACIÓN ESPAÑA C,IBERDROLA ENERGÍA ESPAÑA S..A.,100,COMERCIALIZADOR,ZONA PORTUGUESA,Comercializador,100.0
7,426.613,IGESC2,IGES COM PORTUGAL,IBERDROLA ENERGÍA ESPAÑA S..A.,100,COMERCIALIZADOR,ZONA PORTUGUESA,Compras Comercialización,100.0
7,433.933,IGNRM03,UF COMPRA LUZY COMER,IGNIS ENERGIA S.L.,100,COMERCIALIZADOR,ZONA ESPAÑOLA,Compras Comercialización,100.0
7,441.253,IGNRM04,UOF CANDELA,IGNIS ENERGIA S.L.,100,COMERCIALIZADOR,ZONA ESPAÑOLA,Compras Comercialización,100.0
7,448.573,IGNRM06,UOF FIBER,IGNIS ENERGIA S.L.,100,COMERCIALIZADOR,ZONA ESPAÑOLA,Compras Comercialización,100.0
7,455.893,IGNRM07,UOF LINK COMER,IGNIS ENERGIA S.L.,100,COMERCIALIZADOR,ZONA ESPAÑOLA,Compras Comercialización,100.0
7,463.213,IGNRM08,UOF PINDO COMER,IGNIS ENERGIA S.L.,100,COMERCIALIZADOR,ZONA ESPAÑOLA,Compras Comercialización,100.0
7,470.533,IGNRM09,UOF ALIZA ENERGIA,IGNIS ENERGIA S.L.,100,COMERCIALIZADOR,ZONA ESPAÑOLA,Compras Comercialización,100.0
7,477.853,IGNRM10,UOF ENUCA PENINSULA,IGNIS ENERGIA S.L.,100,COMERCIALIZADOR,ZONA ESPAÑOLA,Compras Comercialización,100.0
7,485.173,IGNRM11,UOF MORTERO SOLAR,IGNIS ENERGIA S.L.,100,COMERCIALIZADOR,ZONA ESPAÑOLA,Compras Comercialización,100.0
7,492.493,IMAXC01,"IMAXINA ENERGIA, S.L.","IMAXINA ENERGIA, S.L.",100,COMERCIALIZADOR,ZONA ESPAÑOLA,Comercializador,100.0
7,499.813,IMPEC01,IMPERIUM,IMPERIUM LUMEN S.A.,100,COMERCIALIZADOR,ZONA ESPAÑOLA,Comercializador,100.0
7,507.133,IM3C01,IM3C01,IM3 ENERGIA SL,100,COMERCIALIZADOR,ZONA ESPAÑOLA,Comercializador,100.0
7,514.453,INARC01,INARC01,INARGY SPOT SLU,100,COMERCIALIZADOR,ZONA ESPAÑOLA,Comercializador,100.0
7,521.773,INDAC01,"INDAREL KUDEAKETA, SLU","INDAREL KUDEAKETA, SLU",100,COMERCIALIZADOR,ZONA ESPAÑOLA,Comercializador,100.0
7,529.093,INDEC01,PRNCIPAL,INDEXO ENERGIA SL,100,COMERCIALIZADOR,ZONA ESPAÑOLA,Comercializador,100.0
7,536.413,INERC01,COMPRA COMERCIALIZACIÓN 1,INER ENERGIA CASTILLA LA MANCHA SL,100,COMERCIALIZADOR,ZONA ESPAÑOLA,Compras Comercialización,100.0
7,543.733,INERM02,INUSC01,INER ENERGIA CASTILLA LA MANCHA SL,100,COMERCIALIZADOR,ZONA ESPAÑOLA,Compras Comercialización,100.0
7,551.093,INERM03,INEMA,INER ENERGIA CASTILLA LA MANCHA SL,100,COMERCIALIZADOR,ZONA ESPAÑOLA,Compras Comercialización,100.0
7,558.373,INGEC01,UNIDAD OFERTA INGEM,INGEM ENERGIA SL,100,COMERCIALIZADOR,ZONA ESPAÑOLA,Compras Comercialización,100.0
8,141.133,INTRC01,INTERENERGIA,INTERENERGIA ENERGY TRADING COMPANY S.L.,100,COMERCIALIZADOR,ZONA ESPAÑOLA,Comercializador,100.0
8,148.453,IONAC01,U. OFERTA IONA,IONA ENERGÍA S.L.,100,COMERCIALIZADOR,ZONA ESPAÑOLA,Comercializador,100.0
8,155.773,IRISC01,IRISC01,"IRIS ENERGIA EFICIENTE, SA",100,COMERCIALIZADOR,ZONA ESPAÑOLA,Comercializador,100.0
8,163.093,ISAEC01,COMERCIALIZADORA,"ISAE COMERCIALIZACIÓN, SOCIEDAD LIMITADA",100,COMERCIALIZADOR,ZONA ESPAÑOLA,Comercializador,100.0
8,170.413,ISMSC01,ISM COMERCIALIZADORA,INGEBAU SOLUCIONES DE MEDIDA SL,100,COMERCIALIZADOR,ZONA ESPAÑOLA,Comercializador,100.0
8,177.733,ISMSR01,UOF SRAD 01,INGEBAU SOLUCIONES DE MEDIDA SL,100,COMERCIALIZADOR,ZONA ESPAÑOLA,Compra Comercializador Balance,100.0
8,185.093,JAFPC02,JAFPLUS,JAF PLUS LDA,100,COMERCIALIZADOR,ZONA PORTUGUESA,Comercializador,100.0
8,192.373,JMFEC01,COMERCIALIZACION,"JMF ENERGÍAS RENOVABLES, S.L.",100,COMERCIALIZADOR,ZONA ESPAÑOLA,Comercializador,100.0
8,199.693,JOSEC01,JOSEP COMPRA,ELECTRICA SUDANELL S.L,100,COMERCIALIZADOR,ZONA ESPAÑOLA,Comercializador,100.0
8,207.093,JRONCP3,JARON DERECHOS COMP(FRAN),J. ARON & COMPANY,100,COMERCIALIZADOR,FRONTERA FRANCIA,Comercializador no residente,100.0
8,214.333,JRONVP3,JARON DERECHOS VENT(FRAN),J. ARON & COMPANY,100,COMERCIALIZADOR,FRONTERA FRANCIA,Import. de agentes externos,100.0
8,221.653,JUANC01,JUANX_UP,"JUAN ENERGY, SLU",100,COMERCIALIZADOR,ZONA ESPAÑOLA,Comercializador,100.0
8,228.973,JUSEC01,JUSEC01,JUST ENERGY PRO LUZ SL,100,COMERCIALIZADOR,ZONA ESPAÑOLA,Compras Comercialización,100.0
8,236.293,KARMC01,UNIDAD COMPRA KARMA,ISOEN ENERGY SOLUTIONS SL,100,COMERCIALIZADOR,ZONA ESPAÑOLA,Comercializador,100.0
8,243.613,KINEC01,KINE COMPRAS,KINESTALIA ENERGIA SOCIEDAD LIMITADA,100,COMERCIALIZADOR,ZONA ESPAÑOLA,Comercializador,100.0
8,250.933,KONYC01,KONRY COMERCIALIZADORA,"KONERY EFICIENCIA ENERGÉTICA, S.L.",100,COMERCIALIZADOR,ZONA ESPAÑOLA,Comercializador,100.0
8,258.253,KREAC01,KREAC01,"REPSOL ENERGÍA DIGITAL, SLU",100,COMERCIALIZADOR,ZONA ESPAÑOLA,Comercializador,100.0
8,265.573,KVASCP3,KVASICOMPRA,KVASIR TECHNOLOGIES LIMITED,100,COMERCIALIZADOR,FRONTERA FRANCIA,Comercializador no residente,100.0
8,272.893,KVASVP3,KVASIVENTA,KVASIR TECHNOLOGIES LIMITED,100,COMERCIALIZADOR,FRONTERA FRANCIA,Import. de agentes externos,100.0
8,280.213,LABOC01,LABOIL COMPRAS,LABOIL ENERGIA SL,100,COMERCIALIZADOR,ZONA ESPAÑOLA,Compras Comercialización,100.0
8,287.533,LADYC01,LADY WARSAW INVESMENT SL,LADY WARSAW INVESTMENT SL,100,COMERCIALIZADOR,ZONA ESPAÑOLA,Comercializador,100.0
8,294.853,LAMPC01,"LAMPYRIS ENERGIA, S.L.","LAMPYRIS ENERGIA, S.L.",100,COMERCIALIZADOR,ZONA ESPAÑOLA,Comercializador,100.0
8,302.173,LAOBC01,LAOBC01,LABOR SOLIS COMERCIALIZADORA DE ENERGÍA S.L,100,COMERCIALIZADOR,ZONA ESPAÑOLA,Comercializador,100.0
8,309.493,LAUEC01,LAUEI,"LA UNIÓN ELECTRO INDUSTRIAL, S.L.U.",100,COMERCIALIZADOR,ZONA ESPAÑOLA,Compras Comercialización,100.0
8,316.813,LAURM01,REPRESENTACION 01,"LA UNIÓN ELECTRO INDUSTRIAL, S.L.U.",100,COMERCIALIZADOR,ZONA ESPAÑOLA,Compras Comercialización,100.0
8,324.133,LAURM03,REPRESENTACION 03,"LA UNIÓN ELECTRO INDUSTRIAL, S.L.U.",100,COMERCIALIZADOR,ZONA ESPAÑOLA,Compras Comercialización,100.0
8,331.453,LAURM06,REPRESENTACION 06,"LA UNIÓN ELECTRO INDUSTRIAL, S.L.U.",100,COMERCIALIZADOR,ZONA ESPAÑOLA,Compras Comercialización,100.0
8,338.773,LAURM07,REPRESENTACION 07,"LA UNIÓN ELECTRO INDUSTRIAL, S.L.U.",100,COMERCIALIZADOR,ZONA ESPAÑOLA,Compras Comercialización,100.0
8,346.093,LAURM10,REPRESENTACION CORPOLUX,"LA UNIÓN ELECTRO INDUSTRIAL, S.L.U.",100,COMERCIALIZADOR,ZONA ESPAÑOLA,Compras Comercialización,100.0
8,353.413,LAURM11,REPRESENTACION POZO,"LA UNIÓN ELECTRO INDUSTRIAL, S.L.U.",100,COMERCIALIZADOR,ZONA ESPAÑOLA,Compras Comercialización,100.0
8,360.733,LAURM12,REPRESENTACION ALGIMIA,"LA UNIÓN ELECTRO INDUSTRIAL, S.L.U.",100,COMERCIALIZADOR,ZONA ESPAÑOLA,Compras Comercialización,100.0
8,368.093,LAURM13,REPRESENTACION CASABLANCA,"LA UNIÓN ELECTRO INDUSTRIAL, S.L.U.",100,COMERCIALIZADOR,ZONA ESPAÑOLA,Compras Comercialización,100.0
8,375.373,LAVAC01,LA VALL COMERCILIZADORA,LA VALL COMERCIALIZADORA ELECTRICA SL,100,COMERCIALIZADOR,ZONA ESPAÑOLA,Comercializador,100.0
8,382.693,LDGIC01,UNIDAD OFERTANTE LIDERGIA,EVERGREEN ELECTRICA SLU,100,COMERCIALIZADOR,ZONA ESPAÑOLA,Compras Comercialización,100.0
8,390.093,LEGAC01,ELEGA UNIDAD DE OERTA,ELEGA ENERGIA,100,COMERCIALIZADOR,ZONA ESPAÑOLA,Comercializador,100.0
8,397.333,LEONC01,UNIDAD OFERTANTE LEON COMER,LEON COMERCIALIZADORA DE ENERGIA S.L.,100,COMERCIALIZADOR,ZONA ESPAÑOLA,Comercializador,100.0
8,404.653,LERC01,LERSA COMPRA (ESP),COMERCIALIZADORA LERSA,100,COMERCIALIZADOR,ZONA ESPAÑOLA,Compras Comercialización,100.0
8,411.973,LIDEC01,LIDERA COMERCIALIZACIÓN,"GREENING SMART ENERGY, SL",100,COMERCIALIZADOR,ZONA ESPAÑOLA,Compras Comercialización,100.0
8,419.293,LMERC01,COMERCIALIZADORA COMPRA,"LONJAS TECNOLOGÍA, S.A.",100,COMERCIALIZADOR,ZONA ESPAÑOLA,Compras Comercialización,100.0
8,426.613,LOGIC02,UNIDADE LOGICA ENERGY,"LOGICA ENERGY, LDA",100,COMERCIALIZADOR,ZONA PORTUGUESA,Comercializador,100.0
8,433.933,LOVIC01,UO LOVIL,"LOVILUZ ENERGIA, S.L",100,COMERCIALIZADOR,ZONA ESPAÑOLA,Comercializador,100.0
8,441.253,LOVRM01,REPR.LOCALUZ,"LOVILUZ ENERGIA, S.L",100,COMERCIALIZADOR,ZONA ESPAÑOLA,Compras Comercialización,100.0
8,448.573,LPWEC01,U. OFERTA LOCALPOWER,LOCAL POWER ENERGY SL,100,COMERCIALIZADOR,ZONA ESPAÑOLA,Comercializador,100.0
8,455.893,LUBAC01,COMPRA PENINSULA,ENERGIA NORDICA GAS Y ELECTRICIDAD S.L.U.,100,COMERCIALIZADOR,ZONA ESPAÑOLA,Compras Comercialización,100.0
8,463.213,LUCAC01,"LUCIFERASA-2 ENERGIA, S.L.","WIKU ENERGIA, S.L.",100,COMERCIALIZADOR,ZONA ESPAÑOLA,Comercializador,100.0
8,470.533,LUCIC01,COMER LUCIE,"SOMNI ENERGIA GLOBAL, S.L.",100,COMERCIALIZADOR,ZONA ESPAÑOLA,Comercializador,100.0
8,477.853,LUMIC01,LUMISA,"COMPAÑIA LUMISA ENERGIAS, SL",100,COMERCIALIZADOR,ZONA ESPAÑOLA,Compras Comercialización,100.0
8,485.173,LUM1C01,LUM1 COMPRA,HIDROELÉCTRICA LUMYMEY,100,COMERCIALIZADOR,ZONA ESPAÑOLA,Compras Comercialización,100.0
8,492.493,LUSIC02,LUSIADAENERGIA,LUSIADAENERGIA S.A,100,COMERCIALIZADOR,ZONA PORTUGUESA,Comercializador,100.0
8,499.813,LUXIC01,LUXIA COMPRA,"LUXIA ENERGIA Y CONSULTORES, S.L.",100,COMERCIALIZADOR,ZONA ESPAÑOLA,Comercializador,100.0
8,507.133,LUZBC02,LUZBOA,LUZBOA - COMERCIALIZAÇÃO DE ENERGIA LDA,100,COMERCIALIZADOR,ZONA PORTUGUESA,Comercializador,100.0
8,514.453,MARTC01,UP_COMPRAS_MARTB,MULTIENERGÍAS MLC SL,100,COMERCIALIZADOR,ZONA ESPAÑOLA,Comercializador,100.0
8,521.773,MASIC01,UNIDAD DE OFERTA,INTELIGENCIA PARA EL AHORRO ENERGETICO S.L.,100,COMERCIALIZADOR,ZONA ESPAÑOLA,Comercializador,100.0
8,529.093,MEGAC01,MEGAC01,MEGAWATIO ENERGÍA SL,100,COMERCIALIZADOR,ZONA ESPAÑOLA,Compras Comercialización,100.0
8,536.413,MENEC01,MENER COMPRA,"XENERA COMPAÑÍA ELÉCTRICA,S.A.U.",100,COMERCIALIZADOR,ZONA ESPAÑOLA,Comercializador,100.0
8,543.733,MENGC02,UNIDADE DE COMPRA,"MELHOR ENERGIA, LDA",100,COMERCIALIZADOR,ZONA PORTUGUESA,Comercializador,100.0
8,551.093,MERCCP3,MERCU EXPORT WITH RIGHTS UNIT,MERCURIA ENERGY TRADING SA,100,COMERCIALIZADOR,FRONTERA FRANCIA,Comercializador no residente,100.0
8,558.373,MERCVP3,MERCU IMPORT WITH RIGHTS UNIT,MERCURIA ENERGY TRADING SA,100,COMERCIALIZADOR,FRONTERA FRANCIA,Import. de agentes externos,100.0
9,141.133,MERIC01,UNIDAD OFERTANTE MERIDIAN COME,MERIDIAN COMERCIALIZADORA DE ENERGIA RENOVABLE SLU,100,COMERCIALIZADOR,ZONA ESPAÑOLA,Comercializador,100.0
9,148.453,METEC01,18W000000000MBMS,"MET ENERGIA ESPANA, S.A.",100,COMERCIALIZADOR,ZONA ESPAÑOLA,Comercializador,100.0
9,155.773,METEC02,UOC PORTUGAL,"MET ENERGIA ESPANA, S.A.",100,COMERCIALIZADOR,ZONA PORTUGUESA,Comercializador,100.0
9,163.093,METER01,METER01,"MET ENERGIA ESPANA, S.A.",100,COMERCIALIZADOR,ZONA ESPAÑOLA,Compra Comercializador Balance,100.0
9,170.413,METRM01,METRM01,"MET ENERGIA ESPANA, S.A.",100,COMERCIALIZADOR,ZONA ESPAÑOLA,Compras Comercialización,100.0
9,177.733,METRM02,REP COMER,"MET ENERGIA ESPANA, S.A.",100,COMERCIALIZADOR,ZONA ESPAÑOLA,Compras Comercialización,100.0
9,185.093,METRM03,REP COMER,"MET ENERGIA ESPANA, S.A.",100,COMERCIALIZADOR,ZONA ESPAÑOLA,Compras Comercialización,100.0
9,192.373,METRM04,REP COMERC,"MET ENERGIA ESPANA, S.A.",100,COMERCIALIZADOR,ZONA ESPAÑOLA,Compras Comercialización,100.0
9,199.693,METRM05,REP COMER,"MET ENERGIA ESPANA, S.A.",100,COMERCIALIZADOR,ZONA ESPAÑOLA,Compras Comercialización,100.0
9,207.093,METRM06,REP COMER,"MET ENERGIA ESPANA, S.A.",100,COMERCIALIZADOR,ZONA ESPAÑOLA,Compras Comercialización,100.0
9,214.333,METRM07,REP COMER,"MET ENERGIA ESPANA, S.A.",100,COMERCIALIZADOR,ZONA ESPAÑOLA,Compras Comercialización,100.0
9,221.653,METRM08,REPRESENTACION,"MET ENERGIA ESPANA, S.A.",100,COMERCIALIZADOR,ZONA ESPAÑOLA,Compras Comercialización,100.0
9,228.973,METRM09,REP COMERCIALIZADORES,"MET ENERGIA ESPANA, S.A.",100,COMERCIALIZADOR,ZONA ESPAÑOLA,Compras Comercialización,100.0
9,236.293,METRM10,REP COMERCIALIZADORES,"MET ENERGIA ESPANA, S.A.",100,COMERCIALIZADOR,ZONA ESPAÑOLA,Compras Comercialización,100.0
9,243.613,METRM11,REP COMER,"MET ENERGIA ESPANA, S.A.",100,COMERCIALIZADOR,ZONA ESPAÑOLA,Compras Comercialización,100.0
9,250.933,METRM12,REP COMER,"MET ENERGIA ESPANA, S.A.",100,COMERCIALIZADOR,ZONA ESPAÑOLA,Compras Comercialización,100.0
9,258.253,METRM13,REP COMER SRAD,"MET ENERGIA ESPANA, S.A.",100,COMERCIALIZADOR,ZONA ESPAÑOLA,Compra Comercializador Balance,100.0
9,265.573,METRM14,REPRESENTACION,"MET ENERGIA ESPANA, S.A.",100,COMERCIALIZADOR,ZONA ESPAÑOLA,Compras Comercialización,100.0
9,272.893,METRM15,REP COMER,"MET ENERGIA ESPANA, S.A.",100,COMERCIALIZADOR,ZONA ESPAÑOLA,Compras Comercialización,100.0
9,280.213,METRM16,REPRESENTACION,"MET ENERGIA ESPANA, S.A.",100,COMERCIALIZADOR,ZONA ESPAÑOLA,Compras Comercialización,100.0
9,287.533,METRM17,REPRESENTACION,"MET ENERGIA ESPANA, S.A.",100,COMERCIALIZADOR,ZONA ESPAÑOLA,Compras Comercialización,100.0
9,294.853,METRM18,REPRESENTACION,"MET ENERGIA ESPANA, S.A.",100,COMERCIALIZADOR,ZONA ESPAÑOLA,Compras Comercialización,100.0
9,302.173,METRM19,REPRESENTACION,"MET ENERGIA ESPANA, S.A.",100,COMERCIALIZADOR,ZONA ESPAÑOLA,Compras Comercialización,100.0
9,309.493,METRM20,REPRESENTACION,"MET ENERGIA ESPANA, S.A.",100,COMERCIALIZADOR,ZONA ESPAÑOLA,Compras Comercialización,100.0
9,316.813,METRM21,REPRESENTACION,"MET ENERGIA ESPANA, S.A.",100,COMERCIALIZADOR,ZONA ESPAÑOLA,Compras Comercialización,100.0
9,324.133,METRM22,REP COMER,"MET ENERGIA ESPANA, S.A.",100,COMERCIALIZADOR,ZONA ESPAÑOLA,Compras Comercialización,100.0
9,331.453,METRM23,REP COMER,"MET ENERGIA ESPANA, S.A.",100,COMERCIALIZADOR,ZONA ESPAÑOLA,Compras Comercialización,100.0
9,338.773,METRM24,REP COMERCIALIZADORA,"MET ENERGIA ESPANA, S.A.",100,COMERCIALIZADOR,ZONA ESPAÑOLA,Compras Comercialización,100.0
9,346.093,METRM25,REP COMER DIRECTA,"MET ENERGIA ESPANA, S.A.",100,COMERCIALIZADOR,ZONA ESPAÑOLA,Compras Comercialización,100.0
9,353.413,MINIC01,COMPRA COMERCIALIZADORA,EKHI ENERGY MANAGEMENT S.L.,100,COMERCIALIZADOR,ZONA ESPAÑOLA,Compras Comercialización,100.0
9,360.733,MOTAC01,MOTAC01,MONTARTO TECHNOLOGY SL,100,COMERCIALIZADOR,ZONA ESPAÑOLA,Comercializador,100.0
9,368.093,MOVHC01,COMER ES,MOVHERA - HIDROELÉTRICAS DO NORTE SA,100,COMERCIALIZADOR,ZONA ESPAÑOLA,Comercializador,100.0
9,375.373,MSVSC01,MSVSL COMPRA,"MUNICIPAL DE SERVICIOS VILLAHERMOSANA, S.L.",100,COMERCIALIZADOR,ZONA ESPAÑOLA,Comercializador,100.0
9,382.693,MULTC01,1,MULTIENERGIA VERDE SL,100,COMERCIALIZADOR,ZONA ESPAÑOLA,Comercializador,100.0
9,390.093,MUONC02,MUON OMIE,"MUON ELECTRIC, LDA.",100,COMERCIALIZADOR,ZONA PORTUGUESA,Comercializador,100.0
9,397.333,MUTAC01,"MULTISEVICIOS TECNOLOGICOS, S.","MULTISEVICIOS TECNOLOGICOS, S.A.",100,COMERCIALIZADOR,ZONA ESPAÑOLA,Comercializador,100.0
9,404.653,MUVEC02,MUVEXT S.A.,"MUVEXT, S.A.",100,COMERCIALIZADOR,ZONA PORTUGUESA,Comercializador,100.0
9,411.973,MXXIC01,MXXIC01,SIRAX ENERGY SL,100,COMERCIALIZADOR,ZONA ESPAÑOLA,Comercializador,100.0
9,419.293,MYENC01,U. OFERTA DE COMPRA MY ENERGIA,MY ENERGIA ONER S.L.,100,COMERCIALIZADOR,ZONA ESPAÑOLA,Comercializador,100.0
9,426.613,NABAC01,NABALIA,NABALIA ENERGIA 2000 S.A.,100,COMERCIALIZADOR,ZONA ESPAÑOLA,Comercializador,100.0
9,433.933,NAVAC01,PETRONAVARRA COMPRA ESP,"PETRO NAVARRA, S.L.",100,COMERCIALIZADOR,ZONA ESPAÑOLA,Comercializador,100.0
9,441.253,NCEC01,COMPRA COMERCIALIZADORA,"NUEVA COMERCIALIZADORA ESPAÑOLA, S.L.",100,COMERCIALIZADOR,ZONA ESPAÑOLA,Compras Comercialización,100.0
9,448.573,NCERM01,REPRESENTACION DE ALDEFE A NCE,"NUEVA COMERCIALIZADORA ESPAÑOLA, S.L.",100,COMERCIALIZADOR,ZONA ESPAÑOLA,Compras Comercialización,100.0
9,455.893,NCERM04,REPRESETNACION LUX,"NUEVA COMERCIALIZADORA ESPAÑOLA, S.L.",100,COMERCIALIZADOR,ZONA ESPAÑOLA,Compras Comercialización,100.0
9,463.213,NCERM06,REPRESENTACION DXD,"NUEVA COMERCIALIZADORA ESPAÑOLA, S.L.",100,COMERCIALIZADOR,ZONA ESPAÑOLA,Compras Comercialización,100.0
9,470.533,NCERM22,REPRESENTACION CHANDUY,"NUEVA COMERCIALIZADORA ESPAÑOLA, S.L.",100,COMERCIALIZADOR,ZONA ESPAÑOLA,Compras Comercialización,100.0
9,477.853,NEASCP3,NEAS EXPORT WITH RIGHTS UNIT,CENTRICA ENERGY TRADING AS,100,COMERCIALIZADOR,FRONTERA FRANCIA,Comercializador no residente,100.0
9,485.173,NEASC01,INTRADAY TRADING,CENTRICA ENERGY TRADING AS,100,COMERCIALIZADOR,ZONA ESPAÑOLA,Comercializador,100.0
9,492.493,NEASVP3,NEAS IMPORT WITH RIGHTS UNIT,CENTRICA ENERGY TRADING AS,100,COMERCIALIZADOR,FRONTERA FRANCIA,Import. de agentes externos,100.0
9,499.813,NEMOC01,NEMON COMPRA ESPAÑA,"NEMON INTELLIGENCE IN BUSINESS, SL",100,COMERCIALIZADOR,ZONA ESPAÑOLA,Comercializador,100.0
9,507.133,NETOC01,"NETON ENERGY SERVICES, S.L.U.","NETON ENERGY SERVICES, S.L.U.",100,COMERCIALIZADOR,ZONA ESPAÑOLA,Comercializador,100.0
9,514.453,NETRC01,UP NET,NOVA ENERGIA TRADING SL,100,COMERCIALIZADOR,ZONA ESPAÑOLA,Comercializador,100.0
9,521.773,NEURM02,REPRESENTACION 02,"NEURO ENERGIA Y GESTION, SL",100,COMERCIALIZADOR,ZONA ESPAÑOLA,Compras Comercialización,100.0
9,529.093,NEURM03,REPRESENTACION 03,"NEURO ENERGIA Y GESTION, SL",100,COMERCIALIZADOR,ZONA ESPAÑOLA,Compras Comercialización,100.0
9,536.413,NEURM05,REPRESENTACION 05,"NEURO ENERGIA Y GESTION, SL",100,COMERCIALIZADOR,ZONA ESPAÑOLA,Compras Comercialización,100.0
9,543.733,NEURM06,REPRESENTACION 06,"NEURO ENERGIA Y GESTION, SL",100,COMERCIALIZADOR,ZONA ESPAÑOLA,Compras Comercialización,100.0
9,551.093,NEURM07,REPRESENTACION 07,"NEURO ENERGIA Y GESTION, SL",100,COMERCIALIZADOR,ZONA ESPAÑOLA,Compras Comercialización,100.0
9,558.373,NEURM08,REPRESENTACION 08,"NEURO ENERGIA Y GESTION, SL",100,COMERCIALIZADOR,ZONA ESPAÑOLA,Compras Comercialización,100.0
10,141.133,NEURM09,REPRESENTACION 09,"NEURO ENERGIA Y GESTION, SL",100,COMERCIALIZADOR,ZONA ESPAÑOLA,Compras Comercialización,100.0
10,148.453,NEURM11,REPRESENTACION 11,"NEURO ENERGIA Y GESTION, SL",100,COMERCIALIZADOR,ZONA ESPAÑOLA,Compras Comercialización,100.0
10,155.773,NEURM13,REPRESENTACION 13,"NEURO ENERGIA Y GESTION, SL",100,COMERCIALIZADOR,ZONA ESPAÑOLA,Compras Comercialización,100.0
10,163.093,NEURM15,REPRESENTACION 15,"NEURO ENERGIA Y GESTION, SL",100,COMERCIALIZADOR,ZONA ESPAÑOLA,Compras Comercialización,100.0
10,170.413,NEURM16,REPRESENTACION 16,"NEURO ENERGIA Y GESTION, SL",100,COMERCIALIZADOR,ZONA ESPAÑOLA,Compras Comercialización,100.0
10,177.733,NEURM17,REPRESENTACION 17,"NEURO ENERGIA Y GESTION, SL",100,COMERCIALIZADOR,ZONA ESPAÑOLA,Compras Comercialización,100.0
10,185.093,NEURM18,REPRESENTACION 18,"NEURO ENERGIA Y GESTION, SL",100,COMERCIALIZADOR,ZONA ESPAÑOLA,Compras Comercialización,100.0
10,192.373,NEURM19,REPRESENTACION 19,"NEURO ENERGIA Y GESTION, SL",100,COMERCIALIZADOR,ZONA ESPAÑOLA,Compras Comercialización,100.0
10,199.693,NEURM20,REPRESENTACION 20,"NEURO ENERGIA Y GESTION, SL",100,COMERCIALIZADOR,ZONA ESPAÑOLA,Compras Comercialización,100.0
10,207.093,NEURM21,REPRESENTACION 21,"NEURO ENERGIA Y GESTION, SL",100,COMERCIALIZADOR,ZONA ESPAÑOLA,Compras Comercialización,100.0
10,214.333,NEURM22,REPRESENTACION 22,"NEURO ENERGIA Y GESTION, SL",100,COMERCIALIZADOR,ZONA ESPAÑOLA,Compras Comercialización,100.0
10,221.653,NEURM23,REPRESENTACION 23,"NEURO ENERGIA Y GESTION, SL",100,COMERCIALIZADOR,ZONA ESPAÑOLA,Compras Comercialización,100.0
10,228.973,NEURM24,REPRESENTACION 24,"NEURO ENERGIA Y GESTION, SL",100,COMERCIALIZADOR,ZONA ESPAÑOLA,Compras Comercialización,100.0
10,236.293,NEURM25,REPRESENTACION 25,"NEURO ENERGIA Y GESTION, SL",100,COMERCIALIZADOR,ZONA ESPAÑOLA,Compras Comercialización,100.0
10,243.613,NEURM26,REPRESENTACION 26,"NEURO ENERGIA Y GESTION, SL",100,COMERCIALIZADOR,ZONA ESPAÑOLA,Compras Comercialización,100.0
10,250.933,NEURM27,REPRESENTACION 27,"NEURO ENERGIA Y GESTION, SL",100,COMERCIALIZADOR,ZONA ESPAÑOLA,Compras Comercialización,100.0
10,258.253,NEURM28,REPRESENTACION 28,"NEURO ENERGIA Y GESTION, SL",100,COMERCIALIZADOR,ZONA ESPAÑOLA,Compras Comercialización,100.0
10,265.573,NEURM29,REPRESENTACION 29,"NEURO ENERGIA Y GESTION, SL",100,COMERCIALIZADOR,ZONA ESPAÑOLA,Compras Comercialización,100.0
10,272.893,NEURM31,REPRESENTACION 31,"NEURO ENERGIA Y GESTION, SL",100,COMERCIALIZADOR,ZONA ESPAÑOLA,Compras Comercialización,100.0
10,280.213,NEURM32,REPRESENTACION 32,"NEURO ENERGIA Y GESTION, SL",100,COMERCIALIZADOR,ZONA ESPAÑOLA,Compras Comercialización,100.0
10,287.533,NEURM33,REPRESENTACION 33,"NEURO ENERGIA Y GESTION, SL",100,COMERCIALIZADOR,ZONA ESPAÑOLA,Compras Comercialización,100.0
10,294.853,NEURM34,REPRESENTACION 34,"NEURO ENERGIA Y GESTION, SL",100,COMERCIALIZADOR,ZONA ESPAÑOLA,Compras Comercialización,100.0
10,302.173,NEXTC01,"NEXT ENERGY PLUS, S.L.","NEXT ENERGY PLUS, S.L.",100,COMERCIALIZADOR,ZONA ESPAÑOLA,Comercializador,100.0
10,309.493,NEXUC01,NEXUS ENERGÍA COMPRA (ESP),NEXUS ENERGÍA,100,COMERCIALIZADOR,ZONA ESPAÑOLA,Comercializador,100.0
10,316.813,NIDHCP3,NIDHOG EXP,NIDHOG APS,100,COMERCIALIZADOR,FRONTERA FRANCIA,Comercializador no residente,100.0
10,324.133,NIDHVP3,NIDHOG IMP,NIDHOG APS,100,COMERCIALIZADOR,FRONTERA FRANCIA,Import. de agentes externos,100.0
10,331.453,NOBEC01,NOBEC01,NOBE SOLUCIONES Y ENERGIA S.L,100,COMERCIALIZADOR,ZONA ESPAÑOLA,Compras Comercialización,100.0
10,338.773,NOBLCP3,EXPORT,NOBLE CLEAN FUELS LIMITED,100,COMERCIALIZADOR,FRONTERA FRANCIA,Comercializador,100.0
10,346.093,NOBLVP3,IMPORT,NOBLE CLEAN FUELS LIMITED,100,COMERCIALIZADOR,FRONTERA FRANCIA,Import. de comercializadoras,100.0
10,353.413,NOCTC01,"NOCTILUCA ENERGIA, S.L.","NOCTILUCA ENERGIA, S.L.",100,COMERCIALIZADOR,ZONA ESPAÑOLA,Comercializador,100.0
10,360.733,NOREC01,NOREC01,NORELECTRICA ENERGIA S.L.,100,COMERCIALIZADOR,ZONA ESPAÑOLA,Compras Comercialización,100.0
10,368.093,NORTC01,ELECTRA NORTE COMPRA (ESP),"ELECTRA NORTE ENERGÍA, S.A.U.",100,COMERCIALIZADOR,ZONA ESPAÑOLA,Comercializador,100.0
10,375.373,NOVAC02,NOVAE COMPRA,"NOSSA ENERGIA, COMÉRICIO DE ENERGIA LDA",100,COMERCIALIZADOR,ZONA PORTUGUESA,Comercializador,100.0
10,382.693,NUKIC01,UNIDAD DE OFERTA PENINSULAR,NUKIK ENERGY SL,100,COMERCIALIZADOR,ZONA ESPAÑOLA,Comercializador,100.0
10,390.093,NUMCC01,NUMINARION SL,NUMINARION SL,100,COMERCIALIZADOR,ZONA ESPAÑOLA,Comercializador,100.0
10,397.333,NVLUC01,NVLUC01,"NOVALUZ ENERGÍA, S.L.",100,COMERCIALIZADOR,ZONA ESPAÑOLA,Comercializador,100.0
10,404.653,NYCLC01,NATURGY CLIENTES COMPRA - PE,"NATURGY CLIENTES, S.A.",100,COMERCIALIZADOR,ZONA ESPAÑOLA,Comercializador,100.0
10,411.973,OCYC01,OCYC01,OCYENER S.L.,100,COMERCIALIZADOR,ZONA ESPAÑOLA,Comercializador,100.0
10,419.293,ODARC01,ODARA RENOVABLES,"ODARA RENOVABLES, S.L.",100,COMERCIALIZADOR,ZONA ESPAÑOLA,Comercializador,100.0
10,426.613,ODELC01,ODELC01,ODELL ENERGY S.L,100,COMERCIALIZADOR,ZONA ESPAÑOLA,Comercializador,100.0
10,433.933,OENC02,NOVO REGISTO,"OENEO ENERGY,LDA",100,COMERCIALIZADOR,ZONA PORTUGUESA,Comercializador,100.0
10,441.253,OESTC01,OESTC01,"RONDA OESTE ENERGÍA, S.L.",100,COMERCIALIZADOR,ZONA ESPAÑOLA,Comercializador,100.0
10,448.573,OKENC01,OKENC01,OK TU ENERGIA VERDE SL,100,COMERCIALIZADOR,ZONA ESPAÑOLA,Comercializador,100.0
10,455.893,OLEC01,OLE COMPRA COMERCIALIZACION,SIESTA GREEN ENERGY S.L.,100,COMERCIALIZADOR,ZONA ESPAÑOLA,Compras Comercialización,100.0
10,463.213,OLIVC01,OLIVIA COMERCIALIZADORA 01,OLIVIA COMERCIALIZADORA S.L.U.,100,COMERCIALIZADOR,ZONA ESPAÑOLA,Comercializador,100.0
10,470.533,ONDEC01,UNIDAD DE OFERTA PRINCIPAL,ON DEMAND FACILITIES S.L.U.,100,COMERCIALIZADOR,ZONA ESPAÑOLA,Compras Comercialización,100.0
10,477.853,ONDEC02,UNIDAD OFERTA PORTUGAL,ON DEMAND FACILITIES S.L.U.,100,COMERCIALIZADOR,ZONA PORTUGUESA,Comercializador,100.0
10,485.173,ONDRM14,ONDRM14,ON DEMAND FACILITIES S.L.U.,100,COMERCIALIZADOR,ZONA ESPAÑOLA,Compras Comercialización,100.0
10,492.493,ONEACH,ONE - AGENT EXTERNE - COMPRA,OFFICE NATIONAL D'ELECTRICITÉ ET DE L'EAU POTABLE,100,COMERCIALIZADOR,FRONTERA MARRUECOS,Comercializador no residente,100.0
10,499.813,ONEVEN,ONE - AGENT EXTERNE - VENTA,OFFICE NATIONAL D'ELECTRICITÉ ET DE L'EAU POTABLE,100,COMERCIALIZADOR,FRONTERA MARRUECOS,Import. de agentes externos,100.0
10,507.133,ORWEC01,COMERCIALIZACION,ORWELL POWER SL,100,COMERCIALIZADOR,ZONA ESPAÑOLA,Comercializador,100.0
10,514.453,OURGC01,UNIDAD DE OFERTA,"OUR GREEN ENERGY, S.L.",100,COMERCIALIZADOR,ZONA ESPAÑOLA,Comercializador,100.0
10,521.773,PANDC01,18W000000000SXYP,"PANDORA ENERGÍA, S.L.",100,COMERCIALIZADOR,ZONA ESPAÑOLA,Comercializador,100.0
10,529.093,PETEC02,START,PETROTERMICA ENERGIA S.A.,100,COMERCIALIZADOR,ZONA PORTUGUESA,Comercializador,100.0
10,536.413,PETRC01,COMPRA PETRONIEVES ENERGIA,"NIEVES ENERGIA, S.L.",100,COMERCIALIZADOR,ZONA ESPAÑOLA,Compras Comercialización,100.0
10,543.733,PEURM01,REP VALIRA,"PRODUCTORA ELÉCTRICA URGELENSE-1, S.L.",100,COMERCIALIZADOR,ZONA ESPAÑOLA,Compras Comercialización,100.0
10,551.093,PISUC01,PISUE,PISUERGA INFRAESTRUCTURAS ENERGETICAS SL,100,COMERCIALIZADOR,ZONA ESPAÑOLA,Comercializador,100.0
10,558.373,POLAC01,UNIDAD DE OFERTA POLAR,POLAR COMERCIALIZADORA ELECTRICA SL,100,COMERCIALIZADOR,ZONA ESPAÑOLA,Comercializador,100.0
11,141.133,PONCC01,PONTC COMERCIALIZADOR ESP,"PONTS COMERCIALITZADORA MUNICIPAL DENERGIA ELECTRICA,",100,COMERCIALIZADOR,ZONA ESPAÑOLA,Comercializador,100.0
11,154.573,PORTC02,PORTULOGOS POWER,PORTULOGOS POWER LDA,100,COMERCIALIZADOR,ZONA PORTUGUESA,Comercializador,100.0
11,161.893,POTEC01,POTENZIA UP,POTENZIA COMERCIALIZADORA SL,100,COMERCIALIZADOR,ZONA ESPAÑOLA,Compras Comercialización,100.0
11,169.213,POWCP3,PURCHASE UNIT,POWERMART APS,100,COMERCIALIZADOR,FRONTERA FRANCIA,Comercializador no residente,100.0
11,176.533,POWEC01,PURCHASE UNIT,POWERMART APS,100,COMERCIALIZADOR,ZONA ESPAÑOLA,Comercializador,100.0
11,183.853,POWVP3,SALES UNIT,POWERMART APS,100,COMERCIALIZADOR,FRONTERA FRANCIA,Import. de agentes externos,100.0
11,191.173,PRAEC01,PRAETIUM ENERGY,PRAETIUM ENERGY SL,100,COMERCIALIZADOR,ZONA ESPAÑOLA,Comercializador,100.0
11,198.493,PREZC01,UF_PREZE_C01,"PREZERO ENERGIA, S.L",100,COMERCIALIZADOR,ZONA ESPAÑOLA,Comercializador,100.0
11,205.813,PROPC02,ELEC COMPRAS,PROPENSALTERNATIVA - UNIPESSOAL LDA,100,COMERCIALIZADOR,ZONA PORTUGUESA,Comercializador,100.0
11,213.133,PROSC01,PROSC01,PROSOL ENERGÍA COMERCIALIZADORA SL,100,COMERCIALIZADOR,ZONA ESPAÑOLA,Comercializador,100.0
11,220.453,PRPIC02,COMERCIALIZADOR - COMPRA,PROPICIMODUS-ENERGIA S.A.,100,COMERCIALIZADOR,ZONA PORTUGUESA,Comercializador,100.0
11,227.773,PRVLC01,PRVLC01,PRIMEVOLT ENERGY SL,100,COMERCIALIZADOR,ZONA ESPAÑOLA,Comercializador,100.0
11,235.093,PTENC01,CODIGO UO PARATIENEGIA,PARATIENERGIA S.L,100,COMERCIALIZADOR,ZONA ESPAÑOLA,Comercializador,100.0
11,242.413,PTLIC02,COMPRA ENERGIA PT LIVE,MEO ENERGIA COMERCIALIZACAO DE ENERGIA SA,100,COMERCIALIZADOR,ZONA PORTUGUESA,Comercializador,100.0
11,249.733,PULSC01,PULSAR ENERGY UOF,PULSAR SERVICIOS ENERGÉTICOS SL,100,COMERCIALIZADOR,ZONA ESPAÑOLA,Compras Comercialización,100.0
11,257.093,PWPC02,UNIDADE COMPRA,"POWER PLUS II - COMERCIALIZACAO DE ENERGIA, LDA.",100,COMERCIALIZADOR,ZONA PORTUGUESA,Comercializador,100.0
11,264.373,QENEC01,UP COMECIALIZADORA QUASAR,QUASAR ENERGIA SL,100,COMERCIALIZADOR,ZONA ESPAÑOLA,Comercializador,100.0
11,271.693,QUATC01,QUANT_UP,"QUANTICA COMERCIALIZADORA DE ENERGIA ,SL",100,COMERCIALIZADOR,ZONA ESPAÑOLA,Comercializador,100.0
11,279.093,RCONC01,UP PENINSULAR,RENOVAE CONSULTING SL,100,COMERCIALIZADOR,ZONA ESPAÑOLA,Comercializador,100.0
11,286.333,RDGAC01,RDG COMPRA,"RDG COMERCIALIZADORA GALEGA DE ENERXIA, S.A.",100,COMERCIALIZADOR,ZONA ESPAÑOLA,Comercializador,100.0
11,293.653,RECOC01,EMECE ENERGÍA,EMECE ENERGIA Y MERCADOS SLU,100,COMERCIALIZADOR,ZONA ESPAÑOLA,Comercializador,100.0
11,300.973,RENUC01,18W000000000RZ3B,"ENERSA ELECTRICIDAD, S.A.",100,COMERCIALIZADOR,ZONA ESPAÑOLA,Compras Comercialización,100.0
11,308.293,REPPC02,COMERCIALIZACION REYG PORTUGAL,"REPSOL PORTUGUESA, LDA",100,COMERCIALIZADOR,ZONA PORTUGUESA,Comercializador,100.0
11,315.613,REUSC01,UNIDAD COMPRAS CONSUMIDORES,"REUS SERVEIS MUNICIPALS, SA",100,COMERCIALIZADOR,ZONA ESPAÑOLA,Comercializador,100.0
11,322.933,RIVEC02,MW,"RIVER-ENERGY, UNIPESSOAL LDA.",100,COMERCIALIZADOR,ZONA PORTUGUESA,Comercializador,100.0
11,330.253,ROFEC01,ROFEICA ENERGIA,"ROFEICA ENERGIA, S.A.",100,COMERCIALIZADOR,ZONA ESPAÑOLA,Comercializador,100.0
11,337.573,ROLEC02,ROLEAR COMPRA,ROLEAR - AUTOMATIZACOES ESTUDOS REPRESENTACOES SA,100,COMERCIALIZADOR,ZONA PORTUGUESA,Comercializador,100.0
11,344.893,RONDC01,COMPRAS,ELECTRICA SERRANIA DE RONDA ENERGIA S.L.,100,COMERCIALIZADOR,ZONA ESPAÑOLA,Compras Comercialización,100.0
11,352.213,RSPEC01,RESPIRA ENERGIA COMERC ESP,"RESPIRA ENERGIA ESPAÑA, S.A.",100,COMERCIALIZADOR,ZONA ESPAÑOLA,Comercializador,100.0
11,359.533,RSPRC01,UNIDAD COMPRAS CONSUMIDORES,"RESPIRA ENERGIA MEDITERRANIA, S.A.",100,COMERCIALIZADOR,ZONA ESPAÑOLA,Compras Comercialización,100.0
11,366.853,SAFEC01,UNIDAD DE COMPRA,"SUSTAINING AIR FOR EVERYONE, S.R.L.",100,COMERCIALIZADOR,ZONA ESPAÑOLA,Comercializador,100.0
11,374.173,SALPC01,SALPA COMERCIALIZADOR ESP,ELECTRICA SALAS DE PALLARS COMERCIALITZADORA S.L,100,COMERCIALIZADOR,ZONA ESPAÑOLA,Comercializador,100.0
11,381.493,SAMAC01,SAMARA COMPRA,"SAMARA ENERGIA VPP, S.L.",100,COMERCIALIZADOR,ZONA ESPAÑOLA,Comercializador,100.0
11,388.813,SAMPC01,SAMP COMER,"SAMPOL INGENIERIA Y OBRAS, S.A.",100,COMERCIALIZADOR,ZONA ESPAÑOLA,Compras Comercialización,100.0
11,396.133,SEELC01,COMERCIALIZADORA SHEEN,SHELL ENERGY EUROPE LIMITED,100,COMERCIALIZADOR,ZONA ESPAÑOLA,Comercializador,100.0
11,403.453,SEIYC01,"SEIYA ENERGIA, S.L.","SEIYA ENERGIA, S.L.",100,COMERCIALIZADOR,ZONA ESPAÑOLA,Comercializador,100.0
11,410.773,SERVC01,SERVICIOS AVANZADOS UOF,SERVICIOS ENERGÉTICOS AVANZADOS SL,100,COMERCIALIZADOR,ZONA ESPAÑOLA,Comercializador,100.0
11,418.093,SESAC01,SHELL ESPAÑA COMPRA,SHELL ESPAÑA,100,COMERCIALIZADOR,ZONA ESPAÑOLA,Comercializador,100.0
11,425.413,SESAR01,SHELL ESPAÑA SRAD,SHELL ESPAÑA,100,COMERCIALIZADOR,ZONA ESPAÑOLA,Compra Comercializador Balance,100.0
11,432.733,SHEECP3,SHELL EN TR DERECHOS COMP (FR),SHELL ENERGY EUROPE LIMITED,100,COMERCIALIZADOR,FRONTERA FRANCIA,Comercializador no residente,100.0
11,440.093,SHEEVP3,SHELL EN TR DERECHOS VENT (FR),SHELL ENERGY EUROPE LIMITED,100,COMERCIALIZADOR,FRONTERA FRANCIA,Import. de agentes externos,100.0
11,447.373,SHERC01,SHERA COMPRA,ENERGIA RESPONSABLE COMERCIALIZADORA. SL,100,COMERCIALIZADOR,ZONA ESPAÑOLA,Comercializador,100.0
11,454.693,SHIRC01,"SHIRYU ENERGIA, S.L.","SHIRYU ENERGIA, S.L.",100,COMERCIALIZADOR,ZONA ESPAÑOLA,Comercializador,100.0
11,462.093,SIGNC01,SIGNO COMPRA,"SIGNO ENERGY, S.L.",100,COMERCIALIZADOR,ZONA ESPAÑOLA,Comercializador,100.0
11,469.333,SLCZC01,UNIDAD OFERTANTE SOLUZIONA,"SOLUZIONA TU ENERGÍA, S.L.",100,COMERCIALIZADOR,ZONA ESPAÑOLA,Comercializador,100.0
11,476.653,SMARCP3,SMARCCOMPRA,SMARTESTENERGY LIMITED,100,COMERCIALIZADOR,FRONTERA FRANCIA,Comercializador no residente,100.0
11,483.973,SMARVP3,SMARCVENTA,SMARTESTENERGY LIMITED,100,COMERCIALIZADOR,FRONTERA FRANCIA,Import. de agentes externos,100.0
11,491.293,SMGCP3,SMG DERECHOS COMPRA(FRAN),STATKRAFT MARKETS GMBH,100,COMERCIALIZADOR,FRONTERA FRANCIA,Comercializador no residente,100.0
11,498.613,SMGC02,STATKRAFT MARKETS PT COMMERCIA,STATKRAFT MARKETS GMBH,100,COMERCIALIZADOR,ZONA PORTUGUESA,Comercializador,100.0
11,505.933,SMGVP3,SMG DERECHOS VENTA(FRAN),STATKRAFT MARKETS GMBH,100,COMERCIALIZADOR,FRONTERA FRANCIA,Import. de agentes externos,100.0
11,513.253,SOLFC01,COMPRA COMERCIALIZADORA,SOLFLIX SOLAR S.L.,100,COMERCIALIZADOR,ZONA ESPAÑOLA,Compras Comercialización,100.0
11,520.573,SOLIC01,PENINSULA,"3 SOLIMA, SL",100,COMERCIALIZADOR,ZONA ESPAÑOLA,Comercializador,100.0
11,527.893,SOLLC01,ELEC. SOLLERENSE COMPRAS(ESP),"ELÉCTRICA SOLLERENSE, S.A.U.",100,COMERCIALIZADOR,ZONA ESPAÑOLA,Comercializador,100.0
11,535.213,SOLRM01,SOLWC01,SOLWE ENERGÍA,100,COMERCIALIZADOR,ZONA ESPAÑOLA,Compras Comercialización,100.0
11,542.533,SOLTC01,SOLTC01,LIMPIEZA ENERGÉTICA 2024 SL,100,COMERCIALIZADOR,ZONA ESPAÑOLA,Compras Comercialización,100.0
11,549.853,SOLWC01,SOLWE,SOLWE ENERGÍA,100,COMERCIALIZADOR,ZONA ESPAÑOLA,Comercializador,100.0
11,557.173,SOMEC01,SOMEN COMPRA,SOM ENERGIA SCCL,100,COMERCIALIZADOR,ZONA ESPAÑOLA,Compras Comercialización,100.0
12,141.133,SONEC01,SOLUZ COMPRA,SONESTA LUZ,100,COMERCIALIZADOR,ZONA ESPAÑOLA,Comercializador,100.0
12,148.453,SONNC01,SONNC01,"SONNEDIX ESPAÑA COMERCIALIZADORA, S.L.",100,COMERCIALIZADOR,ZONA ESPAÑOLA,Comercializador,100.0
12,155.773,SOPRC01,PROFIT ENERGY PENINSULA,PROFIT ENERGY SL,100,COMERCIALIZADOR,ZONA ESPAÑOLA,Comercializador,100.0
12,163.093,SORXC01,SORS MARKETS LTD,SORS MARKETS LTD,100,COMERCIALIZADOR,ZONA ESPAÑOLA,Comercializador,100.0
12,170.413,SPCKC01,SPOCK01,SPOCK P2P S.L.,100,COMERCIALIZADOR,ZONA ESPAÑOLA,Comercializador,100.0
12,177.733,SRVGC01,GASHOGAR15,SERVIGAS S.XXI S.A.,100,COMERCIALIZADOR,ZONA ESPAÑOLA,Comercializador,100.0
12,185.093,SRVIC01,UP PENINSULAR,SERVINERGIA ELECTRICA SL,100,COMERCIALIZADOR,ZONA ESPAÑOLA,Comercializador,100.0
12,192.373,SRVRM01,DOMESTICA GAS Y ELECTRICIDAD,SERVIGAS S.XXI S.A.,100,COMERCIALIZADOR,ZONA ESPAÑOLA,Compras Comercialización,100.0
12,199.693,SRVRM02,REPRESENTACIÓN ZUG POWER,SERVIGAS S.XXI S.A.,100,COMERCIALIZADOR,ZONA ESPAÑOLA,Compras Comercialización,100.0
12,207.093,SSEECP3,COMPRSSE,SSE ENERGY SUPPLY LIMITED,100,COMERCIALIZADOR,FRONTERA FRANCIA,Comercializador no residente,100.0
12,214.333,SSEEVP3,VENTASSE,SSE ENERGY SUPPLY LIMITED,100,COMERCIALIZADOR,FRONTERA FRANCIA,Import. de comercializadoras,100.0
12,221.653,STAC02,COMERCIALIZADORA START,START CAMPUS ENERGY UNIPESSOAL LDA,100,COMERCIALIZADOR,ZONA PORTUGUESA,Comercializador,100.0
12,228.973,STAQC01,STACO COMERCIALIZADOR ESP,ELECTRICA MUNICIPAL DE SANTA COLOMA DE QUERALT COM,100,COMERCIALIZADOR,ZONA ESPAÑOLA,Comercializador,100.0
12,236.293,STINC01,STINC01,STIN S.A.,100,COMERCIALIZADOR,ZONA ESPAÑOLA,Compras Comercialización,100.0
12,243.613,STROC01,ENERGY STROM COMPRAS,"ENERGY STROM XXI, S.L.",100,COMERCIALIZADOR,ZONA ESPAÑOLA,Compras Comercialización,100.0
12,250.933,SUCAC01,SUCAS COMERCIALIZACION ESP,SUCA SDAD COOP ANDALUZA,100,COMERCIALIZADOR,ZONA ESPAÑOLA,Comercializador,100.0
12,258.253,SUMAC01,COMPRA DE ENERGÍA,SUMA ENERGIA COMERCIALIZADORA S.L.,100,COMERCIALIZADOR,ZONA ESPAÑOLA,Comercializador,100.0
12,265.573,SUNCC01,COMPRA COMERCIALIZADORA SUNCA,"POWER WATT ENERGY ISLAND, S.L.",100,COMERCIALIZADOR,ZONA ESPAÑOLA,Comercializador,100.0
12,272.893,SUNC02,UNIDADE PROGRAMACAO DE COMPRA,"SUNCORE ER - ENERGY RETAIL, UNIPESSOAL LDA",100,COMERCIALIZADOR,ZONA PORTUGUESA,Comercializador,100.0
12,280.213,SUNFC01,COMPRA COMERCIALIZADORA,SUNFLIX RENOVABLES S.L.,100,COMERCIALIZADOR,ZONA ESPAÑOLA,Compras Comercialización,100.0
12,287.533,SUPRC01,"SUMINISTROS PROPIOS ENERGIA, S","SUMINISTROS PROPIOS ENERGIA, SLU",100,COMERCIALIZADOR,ZONA ESPAÑOLA,Comercializador,100.0
12,294.853,SYENC01,SYENC01,SHARE YOUR ENERGY SL,100,COMERCIALIZADOR,ZONA ESPAÑOLA,Comercializador,100.0
12,302.173,TALEC01,TALEN COMERCIALIZADOR ESP,TALARN ENERGIA ELECTRICA S.L.U,100,COMERCIALIZADOR,ZONA ESPAÑOLA,Comercializador,100.0
12,309.493,TATAC01,TATAC01,TATANKA ENERGÍA S.L.,100,COMERCIALIZADOR,ZONA ESPAÑOLA,Comercializador,100.0
12,316.813,TAURM01,TAUTRA REPRESENTACION 1,TAUTRA ENERGIA S.L.,100,COMERCIALIZADOR,ZONA ESPAÑOLA,Compras Comercialización,100.0
12,324.133,TAURM02,TAUTRA REPRESENTACION 2,TAUTRA ENERGIA S.L.,100,COMERCIALIZADOR,ZONA ESPAÑOLA,Compras Comercialización,100.0
12,331.453,TAUTC01,TAUTRA COMPRA,TAUTRA ENERGIA S.L.,100,COMERCIALIZADOR,ZONA ESPAÑOLA,Comercializador,100.0
12,338.773,TENDC01,TENDE,TENSINA ENERGIA Y SERVICIOS SL,100,COMERCIALIZADOR,ZONA ESPAÑOLA,Comercializador,100.0
12,346.093,TEOTC01,UNIDAD OFERTANTE TORNA,TORNADIZOS ENERGY SL,100,COMERCIALIZADOR,ZONA ESPAÑOLA,Comercializador,100.0
12,353.413,TERSC01,TERSA COMPRA PEN,"TERSA - TRACTAMENT I SELECCIÓ DE RESIDUS, S.A.",100,COMERCIALIZADOR,ZONA ESPAÑOLA,Comercializador,100.0
12,360.733,TGYER01,ES-KIM,TOTALENERGIES GAS AND POWER LIMITED,100,COMERCIALIZADOR,ZONA ESPAÑOLA,Compra Comercializador Balance,100.0
12,368.093,THELC01,TH ELECTRICITY GAS SL,TH ELECTRICITY GAS SL,100,COMERCIALIZADOR,ZONA ESPAÑOLA,Comercializador,100.0
12,375.373,TIRCC01,COTIR COMERCIALIZADOR ESP,"SOCIETAT MUNICIPAL DE COM. ELECTRICA DE TIRVIA, S.L.",100,COMERCIALIZADOR,ZONA ESPAÑOLA,Comercializador,100.0
12,382.693,TLCMC01,TELECOR COMERCIALIZADORA,TELECOR,100,COMERCIALIZADOR,ZONA ESPAÑOLA,Comercializador,100.0
12,390.093,TOECC01,BUY BID UNIT,SECOND FOUNDATION TRADING AG,100,COMERCIALIZADOR,ZONA ESPAÑOLA,Comercializador,100.0
12,397.333,TOMMC01,"TOMMI ENERGY, S.L.","TOMMI ENERGY, S.L.",100,COMERCIALIZADOR,ZONA ESPAÑOLA,Comercializador,100.0
12,404.653,TORMC01,TORMESH SOLUTIONS,TORMESH SOLUTION SL,100,COMERCIALIZADOR,ZONA ESPAÑOLA,Comercializador,100.0
12,411.973,TOTGCP3,TOTAL GA DERECHOS COMPRA(FRAN),TOTALENERGIES GAS AND POWER LIMITED,100,COMERCIALIZADOR,FRONTERA FRANCIA,Comercializador no residente,100.0
12,419.293,TOTGVP3,TOTAL GAS DERECHOS VENTA(FRAN),TOTALENERGIES GAS AND POWER LIMITED,100,COMERCIALIZADOR,FRONTERA FRANCIA,Import. de agentes externos,100.0
12,426.613,TOTRM01,REPRESENTACION TGYE,TOTALENERGIES GAS AND POWER LIMITED,100,COMERCIALIZADOR,ZONA ESPAÑOLA,Compras Comercialización,100.0
12,433.933,TOTRM02,REPRESENTACION HCENE,TOTALENERGIES GAS AND POWER LIMITED,100,COMERCIALIZADOR,ZONA ESPAÑOLA,Compras Comercialización,100.0
12,441.253,TOTRM03,REPRESENTACION NAGAC01,TOTALENERGIES GAS AND POWER LIMITED,100,COMERCIALIZADOR,ZONA ESPAÑOLA,Compras Comercialización,100.0
12,448.573,TRICC01,TRICLINIUM,TRICLINIUM INVERSIONES SL,100,COMERCIALIZADOR,ZONA ESPAÑOLA,Comercializador,100.0
12,455.893,TSOLC01,TSOL UNIDAD DE OFERTA,TELEFÓNICA SOLUCIONES DE INFORMÁTICA Y COMUNICACIO,100,COMERCIALIZADOR,ZONA ESPAÑOLA,Comercializador,100.0
12,463.213,TSRDCP3,TSRDE EXPORT,ENGELHART CTP RENEWABLES GMBH,100,COMERCIALIZADOR,FRONTERA FRANCIA,Comercializador no residente,100.0
12,470.533,TSRDVP3,TSRDE IMPORT UNIT,ENGELHART CTP RENEWABLES GMBH,100,COMERCIALIZADOR,FRONTERA FRANCIA,Import. de agentes externos,100.0
12,477.853,TUELC01,UO TU ELECTRICA,TU ELECTRICA S.L.,100,COMERCIALIZADOR,ZONA ESPAÑOLA,Comercializador,100.0
12,485.173,UBORC01,"UBORA ENERGIA SOCIAL, S.L.","UBORA ENERGIA SOCIAL, S.L.",100,COMERCIALIZADOR,ZONA ESPAÑOLA,Comercializador,100.0
12,492.493,ULSOC01,ULTREYA,ULTREYA SOLUCIONES SL,100,COMERCIALIZADOR,ZONA ESPAÑOLA,Comercializador,100.0
12,499.813,UMEMC01,UNIDAD DE COMERCIALIZ UMEME,"OCTOPUS ENERGY ESPAÑA, S.L.",100,COMERCIALIZADOR,ZONA ESPAÑOLA,Comercializador,100.0
12,507.133,UNELC01,UNIELECTRICA,UNIELECTRICA ENERGIA S.A.,100,COMERCIALIZADOR,ZONA ESPAÑOLA,Compras Comercialización,100.0
12,514.453,UNIPC01,MARKET BIDDING UNIT,UNIPER GLOBAL COMMODITIES SE,100,COMERCIALIZADOR,ZONA ESPAÑOLA,Comercializador,100.0
12,521.773,URAIC01,"URANOSCOPIDAE IV ENERGIA, S.L.","EVOLVE ENERGÍA, SL",100,COMERCIALIZADOR,ZONA ESPAÑOLA,Compras Comercialización,100.0
12,529.093,URBCC01,UP URBEN COMERCIALIZADORA,SISTEMAS URBANOS DE ENERGIAS RENOVABLES S.L,100,COMERCIALIZADOR,ZONA ESPAÑOLA,Comercializador,100.0
12,536.413,URUSC01,URUS ENERGY SORIA SL,URUS ENERGY SORIA SL,100,COMERCIALIZADOR,ZONA ESPAÑOLA,Comercializador,100.0
12,543.733,USENC02,UNIDADE DE COMPRA,USENERGY,100,COMERCIALIZADOR,ZONA PORTUGUESA,Comercializador,100.0
12,551.093,VAQC01,EL. VAQUER ENERGIA COMPRA(ESP),ELÉCTRICA VAQUER ENERGÍA,100,COMERCIALIZADOR,ZONA ESPAÑOLA,Comercializador,100.0
12,558.373,VARAC01,COMERCIALIZADOR MERCADO LIBRE,VARAENER SL,100,COMERCIALIZADOR,ZONA ESPAÑOLA,Comercializador,100.0
13,141.133,VIEECA1,VIESGO ENERGIA 2 (ESP),REPSOL COMERCIALIZADORA DE ELECTRICIDAD Y GAS SLU,100,COMERCIALIZADOR,ZONA ESPAÑOLA,Comercializador,100.0
13,148.453,VIMC01,PRINCIPAL VIMCO,VIMCOMEL,100,COMERCIALIZADOR,ZONA ESPAÑOLA,Comercializador,100.0
13,155.773,VIRIC01,18W0000000003U2D,VIRGIN ELECTRIC,100,COMERCIALIZADOR,ZONA ESPAÑOLA,Comercializador,100.0
13,163.093,VIROC02,VIROQUE_UP,"VIROQUE ENERGY, S.L.",100,COMERCIALIZADOR,ZONA PORTUGUESA,Comercializador,100.0
13,170.413,VIRUC01,COMPRA COMERCIALIZADORA,SOCIEDAD ARAGONESA DE COMERCIALIZACIÓN DE ENERGÍA,100,COMERCIALIZADOR,ZONA ESPAÑOLA,Compras Comercialización,100.0
13,177.733,VISLC01,COMPRA VISALIA,VISALIA ENERGIA SLU,100,COMERCIALIZADOR,ZONA ESPAÑOLA,Compras Comercialización,100.0
13,185.093,VISRM10,REPRESENTACION SEROSENSE,VISALIA ENERGIA SLU,100,COMERCIALIZADOR,ZONA ESPAÑOLA,Compras Comercialización,100.0
13,192.373,VISRM11,REPRESENTACION BARTER SHARING,VISALIA ENERGIA SLU,100,COMERCIALIZADOR,ZONA ESPAÑOLA,Compras Comercialización,100.0
13,199.693,VITLCP3,VITOL COMPRAS PARA EXPORT FRA,VITOL S.A.,100,COMERCIALIZADOR,FRONTERA FRANCIA,Comercializador no residente,100.0
13,207.093,VITLC01,VITOL COMPRAS PENINSULA,VITOL S.A.,100,COMERCIALIZADOR,ZONA ESPAÑOLA,Comercializador,100.0
13,214.333,VITLVP3,VITOL VENTAS DESDE IMPORT FRA,VITOL S.A.,100,COMERCIALIZADOR,FRONTERA FRANCIA,Import. de agentes externos,100.0
13,221.653,VIVOC01,VIVO,VIVO ENERGIA FUTURA S.A.,100,COMERCIALIZADOR,ZONA ESPAÑOLA,Comercializador,100.0
13,228.973,VNLSC01,ELECTRICA DE VINALESA SCV,"ELECTRICA DE VINALESA, S.C.V.",100,COMERCIALIZADOR,ZONA ESPAÑOLA,Comercializador,100.0
13,236.293,VOLNC02,UNIDAD DE COMPRA DE VOLTN,VOLTON - ENERGIA E SOLUCOES LDA,100,COMERCIALIZADOR,ZONA PORTUGUESA,Comercializador,100.0
13,243.613,VTERM01,VTERM01,VITA ENERGY CONSULTING SL,100,COMERCIALIZADOR,ZONA ESPAÑOLA,Compras Comercialización,100.0
13,250.933,VTERM04,VTERM04,VITA ENERGY CONSULTING SL,100,COMERCIALIZADOR,ZONA ESPAÑOLA,Compras Comercialización,100.0
13,258.253,VTERM05,VTERM05,VITA ENERGY CONSULTING SL,100,COMERCIALIZADOR,ZONA ESPAÑOLA,Compras Comercialización,100.0
13,265.573,VTERM06,VTERM06,VITA ENERGY CONSULTING SL,100,COMERCIALIZADOR,ZONA ESPAÑOLA,Compras Comercialización,100.0
13,272.893,VTERM09,VTERM09,VITA ENERGY CONSULTING SL,100,COMERCIALIZADOR,ZONA ESPAÑOLA,Compras Comercialización,100.0
13,280.213,VTERM10,VTERM10,VITA ENERGY CONSULTING SL,100,COMERCIALIZADOR,ZONA ESPAÑOLA,Compras Comercialización,100.0
13,287.533,VTERM11,VTERM11,VITA ENERGY CONSULTING SL,100,COMERCIALIZADOR,ZONA ESPAÑOLA,Compras Comercialización,100.0
13,294.853,VTERM15,VTERM15,VITA ENERGY CONSULTING SL,100,COMERCIALIZADOR,ZONA ESPAÑOLA,Compras Comercialización,100.0
13,302.173,VTERM16,VTERM16,VITA ENERGY CONSULTING SL,100,COMERCIALIZADOR,ZONA ESPAÑOLA,Compras Comercialización,100.0
13,309.493,VTERM22,VTERM22,VITA ENERGY CONSULTING SL,100,COMERCIALIZADOR,ZONA ESPAÑOLA,Compras Comercialización,100.0
13,316.813,VTERM24,VTERM24,VITA ENERGY CONSULTING SL,100,COMERCIALIZADOR,ZONA ESPAÑOLA,Compras Comercialización,100.0
13,324.133,VTERM26,VTERM26,VITA ENERGY CONSULTING SL,100,COMERCIALIZADOR,ZONA ESPAÑOLA,Compras Comercialización,100.0
13,331.453,VTERM31,VTERM31,VITA ENERGY CONSULTING SL,100,COMERCIALIZADOR,ZONA ESPAÑOLA,Compras Comercialización,100.0
13,338.773,VTERM33,VTERM33,VITA ENERGY CONSULTING SL,100,COMERCIALIZADOR,ZONA ESPAÑOLA,Compras Comercialización,100.0
13,346.093,VTERM35,VTERM35,VITA ENERGY CONSULTING SL,100,COMERCIALIZADOR,ZONA ESPAÑOLA,Compras Comercialización,100.0
13,353.413,VTERM36,VTERM36,VITA ENERGY CONSULTING SL,100,COMERCIALIZADOR,ZONA ESPAÑOLA,Compras Comercialización,100.0
13,360.733,VVESC01,VIVA,VIVA ENERGIA Y SOLUCIONES S.L.,100,COMERCIALIZADOR,ZONA ESPAÑOLA,Compras Comercialización,100.0
13,368.093,WATRM03,REPRESENTACION WATOC01,VISALIA ENERGIA SLU,100,COMERCIALIZADOR,ZONA ESPAÑOLA,Compras Comercialización,100.0
13,375.373,WATRM07,REP. LUZ SOLIDARIA INCLUSIVA,VISALIA ENERGIA SLU,100,COMERCIALIZADOR,ZONA ESPAÑOLA,Compras Comercialización,100.0
13,382.693,WATRM08,REPRESENTACION LUZ SOLIDARIA,VISALIA ENERGIA SLU,100,COMERCIALIZADOR,ZONA ESPAÑOLA,Compras Comercialización,100.0
13,390.093,WKWC01,WEKIWI,WEKIWI SL,100,COMERCIALIZADOR,ZONA ESPAÑOLA,Comercializador,100.0
13,397.333,WMARC01,COMERCIALIZACION WMARK,WIND TO MARKET,100,COMERCIALIZADOR,ZONA ESPAÑOLA,Comercializador,100.0
13,404.653,ZETAC01,COMERCIALIZACION,"ZETA ENERXIA GALEGA, S.L.",100,COMERCIALIZADOR,ZONA ESPAÑOLA,Comercializador,100.0
13,411.973,ZOVEC01,ZOVEC01,"ZONA ENERGÍA VERDE, S.L.",100,COMERCIALIZADOR,ZONA ESPAÑOLA,Comercializador,100.0
13,419.293,ZRMTC01,UOF ZRMTT,COMERCIALIZADORA ELECTRICA COMUNIDAD SOLAR,100,COMERCIALIZADOR,ZONA ESPAÑOLA,Compras Comercialización,100.0
13,426.613,ZUGCC02,ZUGCR COMPRA,"ZUG POWER, S.L. - SUCURSAL EM PORTUGAL",100,COMERCIALIZADOR,ZONA PORTUGUESA,Comercializador,100.0
13,433.933,ZUGPC02,REPRESENTACION ZUG PORTUGAL,SERVIGAS S.XXI S.A.,100,COMERCIALIZADOR,ZONA PORTUGUESA,Rep. de comercializadores,100.0
13,441.253,ZULUC01,ZULUX ENERGÍA,DINERGETICA 2050 SLU,100,COMERCIALIZADOR,ZONA ESPAÑOLA,Comercializador,100.0
13,448.573,CHCOC01,CHCOR COMPRA,"COMERCIALIZADOR DE REFERENCIA ENERGÉTICO, S.L.U",100 COMERCIALIZADOR,ULTIMO RECURSO,ZONA ESPAÑOLA,Comercializador ultimo recurso,
13,455.893,EDPUC2,EDP SERV. UNIV COMPRA (PORT),"SU ELETRICIDADE, S.A.",100 COMERCIALIZADOR,ULTIMO RECURSO,ZONA PORTUGUESA,Comercializador ultimo recurso,
13,463.213,EE21C01,ENDESA ENERGIA XXI COMPRA,"ENERGÍA XXI COMERCIALIZADORA DE REFERENCIA, S.L.",100 COMERCIALIZADOR,ULTIMO RECURSO,ZONA ESPAÑOLA,Comercializador ultimo recurso,
13,470.533,EONUC01,EONUR CONSUMO CLIENTES TUR,"REGSITI COMERCIALIZADORA REGULADA, S.L.U.",100 COMERCIALIZADOR,ULTIMO RECURSO,ZONA ESPAÑOLA,Comercializador ultimo recurso,
13,477.853,GNSUC01,GN SUR COMPRA,"COMERCIALIZADORA REGULADA GAS POWER, S.A",100 COMERCIALIZADOR,ULTIMO RECURSO,ZONA ESPAÑOLA,Comercializador ultimo recurso,
13,485.173,HCURC01,HCCUR UNIDAD DE COMPRA CUR,BASER COMERCIALIZADORA DE REFERENCIA SA,100 COMERCIALIZADOR,ULTIMO RECURSO,ZONA ESPAÑOLA,Comercializador ultimo recurso,
13,492.493,IBCUC01,IBERDROLA CUR,"CURENERGÍA COMERCIALIZADOR DE ÚLTIMO RECURSO, SAU",100 COMERCIALIZADOR,ULTIMO RECURSO,ZONA ESPAÑOLA,Comercializador ultimo recurso,
13,499.813,ABOX,COMPRA SERVICIOS AUXILIARES,ABOÑO GENERACIONES ELECTRICAS SLU,100,CONSUMIDOR DIRECTO,ZONA ESPAÑOLA,Consumo de productores,100.0
13,507.133,ACAPC01,ACAPERSA 1997 S.L.,ACAPERSA 1997 SL,100,CONSUMIDOR DIRECTO,ZONA ESPAÑOLA,Consumidor directo,100.0
13,514.453,ADXRC03,AUDAX RENOVABLES DIRECTA,AUDAX RENOVABLES S.A.,100,CONSUMIDOR DIRECTO,ZONA ESPAÑOLA,Compras Consumo Directo,100.0
13,521.773,AGERC04,ASTURAGUA SICA,GRUPO ENERGÉTICO ASECOR S.L,100,CONSUMIDOR DIRECTO,ZONA ESPAÑOLA,Compras Consumo Directo,100.0
13,529.093,AGERC10,ONS CON,GRUPO ENERGÉTICO ASECOR S.L,100,CONSUMIDOR DIRECTO,ZONA ESPAÑOLA,Compras Consumo Directo,100.0
13,536.413,AGMAC01,AGUAS DE MARQUESADO,AGUAS DEL MARQUESADO,100,CONSUMIDOR DIRECTO,ZONA ESPAÑOLA,Compras Consumo Directo,100.0
13,543.733,AMBIETX,AMBIETA COM. AUX.,"AXPO IBERIA, S.L.",100,CONSUMIDOR DIRECTO,ZONA ESPAÑOLA,Rep. Consumos Auxiliares,100.0
13,551.093,APRC01,APRESTOS DE LANERIA,APRESTOS DE LANERIA SA,100,CONSUMIDOR DIRECTO,ZONA ESPAÑOLA,Consumidor directo,100.0
13,558.373,ARGC01,ARGIMODE S L,ARGIMODE SL,100,CONSUMIDOR DIRECTO,ZONA ESPAÑOLA,Consumidor directo,100.0
14,141.133,ARRU1XR,UOF CONSUMO SER. AUX. ARRU1,"MOEVE GAS AND POWER, S.A.U",100,CONSUMIDOR DIRECTO,ZONA ESPAÑOLA,Compras Consumos Auxiliares,100.0
14,148.453,ARRU2XR,UOF CONSUMO SER. AUX. ARRU2,"MOEVE GAS AND POWER, S.A.U",100,CONSUMIDOR DIRECTO,ZONA ESPAÑOLA,Compras Consumos Auxiliares,100.0
14,155.773,ASTCP3,ASTURAGUA FR COMPRA,ASTURAGUA SEVICIO INTEGRAL DEL CICLO DEL AGUA SAU,100,CONSUMIDOR DIRECTO,FRONTERA FRANCIA,Consumidor directo,100.0
14,163.093,ASTVP3,ASTURAGUA FR VENTA,ASTURAGUA SEVICIO INTEGRAL DEL CICLO DEL AGUA SAU,100,CONSUMIDOR DIRECTO,FRONTERA FRANCIA,Import. de comercializadoras,100.0
14,170.413,AVILC01,ALUMBRADO+EDIFICIOS AYTO,AYUNTAMIENTO DE AVILES,100,CONSUMIDOR DIRECTO,ZONA ESPAÑOLA,Consumidor directo,100.0
14,177.733,BAHIABX,BAHIAB SERV. AUXILIARES,BAHIA DE BIZKAIA ELECTRICIDAD S.L.,100,CONSUMIDOR DIRECTO,ZONA ESPAÑOLA,Consumo de productores,100.0
14,185.093,BAKC01,BASKONIA KIROL HIRIA SLU,BASKONIA KIROL HIRIA SLU,100,CONSUMIDOR DIRECTO,ZONA ESPAÑOLA,Consumidor directo,100.0
14,192.373,BIOC01,BIODIESEL ARAGON,BIODIESEL ARAGON SL,100,CONSUMIDOR DIRECTO,ZONA ESPAÑOLA,Consumidor directo,100.0
14,199.693,BRR1XR1,SSAA LOS BARRIOS REPR,"EDP ESPAÑA, S.A.U. (GENERACIÓN)",100,CONSUMIDOR DIRECTO,ZONA ESPAÑOLA,Compras Consumos Auxiliares,100.0
14,207.093,BSGRC01,PLATA,BSG ENERGIA SL,100,CONSUMIDOR DIRECTO,ZONA ESPAÑOLA,Compras Consumo Directo,100.0
14,214.333,CALEC01,CALERA NUEVA,CALERA DE ALZO S.L.,100,CONSUMIDOR DIRECTO,ZONA ESPAÑOLA,Compras Consumo Directo,100.0
14,221.653,CALRC01,UNIDAD DE REPRESENTACION,CALERA DE ALZO S.L.,100,CONSUMIDOR DIRECTO,ZONA ESPAÑOLA,Compras Consumo Directo,100.0
14,228.973,CAMG20X,COMPRA SERV.AUX. CAMGI20,"MOEVE GAS AND POWER, S.A.U",100,CONSUMIDOR DIRECTO,ZONA ESPAÑOLA,Consumo de productores,100.0
14,236.293,CD02R01,CD02R01,"MOEVE GAS AND POWER, S.A.U",100,CONSUMIDOR DIRECTO,ZONA ESPAÑOLA,Compras Cons. Directo Balance,100.0
14,243.613,CD03R01,CD03R01,"MOEVE GAS AND POWER, S.A.U",100,CONSUMIDOR DIRECTO,ZONA ESPAÑOLA,Compras Cons. Directo Balance,100.0
14,250.933,CD04R01,CD04R01,"MOEVE GAS AND POWER, S.A.U",100,CONSUMIDOR DIRECTO,ZONA ESPAÑOLA,Compras Cons. Directo Balance,100.0
14,258.253,CD05R01,CD05R01,"MOEVE GAS AND POWER, S.A.U",100,CONSUMIDOR DIRECTO,ZONA ESPAÑOLA,Compras Cons. Directo Balance,100.0
14,265.573,CELC01,CELLTECH,CELLTECH S.L.U,100,CONSUMIDOR DIRECTO,ZONA ESPAÑOLA,Compras Consumo Directo,100.0
14,272.893,CELRC01,CELSA REP COMPRA ESPAÑA,"COMPAÑÍA ESPAÑOLA DE LAMINACIÓN, S.L.",100,CONSUMIDOR DIRECTO,ZONA ESPAÑOLA,Compras Consumo Directo,100.0
14,280.213,CELRC02,CELSA REP COM ESP FERISA,"COMPAÑÍA ESPAÑOLA DE LAMINACIÓN, S.L.",100,CONSUMIDOR DIRECTO,ZONA ESPAÑOLA,Compras Consumo Directo,100.0
14,287.533,CJON1XR,REPRESENTANTE DE CONSUMOS AUX,TOTALENERGIES GAS AND POWER LIMITED,100,CONSUMIDOR DIRECTO,ZONA ESPAÑOLA,Compras Consumos Auxiliares,100.0
14,294.853,CJON3XR,REPRESENTANTE DE CONSUMOS AUX,TOTALENERGIES GAS AND POWER LIMITED,100,CONSUMIDOR DIRECTO,ZONA ESPAÑOLA,Compras Consumos Auxiliares,100.0
14,302.173,CTNUX,GDF SUEZ CASTELNOU AUX,ENGIE CASTELNOU,100,CONSUMIDOR DIRECTO,ZONA ESPAÑOLA,Consumo de productores,100.0
14,309.493,CUPRC01,CUPIRE PADESA,CUPIRE PADESA S.L,100,CONSUMIDOR DIRECTO,ZONA ESPAÑOLA,Compras Consumo Directo,100.0
14,316.813,CUPRC02,BAJA TENSIÓN CON IE,CUPIRE PADESA S.L,100,CONSUMIDOR DIRECTO,ZONA ESPAÑOLA,Compras Consumo Directo,100.0
14,324.133,CZFVC01,CONSORCIO ZONA FRANCA DE VIGO,CONSORCIO ZONA FRANCA DE VIGO,100,CONSUMIDOR DIRECTO,ZONA ESPAÑOLA,Consumidor directo,100.0
14,331.453,DEPOC01,DEPORTIVO ALAVES,DEPORTIVO ALAVES SAD,100,CONSUMIDOR DIRECTO,ZONA ESPAÑOLA,Consumidor directo,100.0
14,338.773,DETRC01,REP. CONSUMIDOR DIRECTO ATZ,"MOEVE GAS AND POWER, S.A.U",100,CONSUMIDOR DIRECTO,ZONA ESPAÑOLA,Compras Consumo Directo,100.0
14,346.093,DETRC02,DETRC02,"MOEVE GAS AND POWER, S.A.U",100,CONSUMIDOR DIRECTO,ZONA ESPAÑOLA,Compras Consumo Directo,100.0
14,353.413,DETRC16,DETRC16,"MOEVE GAS AND POWER, S.A.U",100,CONSUMIDOR DIRECTO,ZONA ESPAÑOLA,Compras Consumo Directo,100.0
14,360.733,DETSSAA,DETSSAA,"MOEVE GAS AND POWER, S.A.U",100,CONSUMIDOR DIRECTO,ZONA ESPAÑOLA,Consumo de productores,100.0
14,368.093,DOLRC01,DOLNO NUEVO,DOLOMITAS DEL NORTE S.A.,100,CONSUMIDOR DIRECTO,ZONA ESPAÑOLA,Compras Consumo Directo,100.0
14,375.373,DRERC01,UO COMPRA CD SIN EXENCION IE,"FOENER ENERGÍA, S.L.",100,CONSUMIDOR DIRECTO,ZONA ESPAÑOLA,Compras Consumo Directo,100.0
14,382.693,DRERC05,UO COMPRA CD EXENCION 85%,"FOENER ENERGÍA, S.L.",100,CONSUMIDOR DIRECTO,ZONA ESPAÑOLA,Compras Consumo Directo,100.0
14,390.093,DRERC06,UO COMPRA CD EXENCION 21.7%,"FOENER ENERGÍA, S.L.",100,CONSUMIDOR DIRECTO,ZONA ESPAÑOLA,Compras Consumo Directo,100.0
14,397.333,ECT2X,CONSUMOS AUXILIARES DE ECT2,IGNIS ENERGIA S.L.,100,CONSUMIDOR DIRECTO,ZONA ESPAÑOLA,Rep. Consumos Auxiliares,100.0
14,404.653,ECYRREX,COMPRA SSAA ECYR,ENEL GREEN POWER ESPAÑA SL (ACT: COM RE),100,CONSUMIDOR DIRECTO,ZONA ESPAÑOLA,Consumo de productores,100.0
14,411.973,EDPCXR,REPRESENTANTE DE CONSUMOS AUX,TOTALENERGIES GAS AND POWER LIMITED,100,CONSUMIDOR DIRECTO,ZONA ESPAÑOLA,Compras Consumos Auxiliares,100.0
14,419.293,EENEC01,CONSUMO HUELVA,MAGNON GREEN ENERGY SL,100,CONSUMIDOR DIRECTO,ZONA ESPAÑOLA,Consumidor directo,100.0
14,426.613,EENRC02,CONSUMO PONT+NAV,MAGNON GREEN ENERGY SL,100,CONSUMIDOR DIRECTO,ZONA ESPAÑOLA,Compras Consumo Directo,100.0
14,433.933,EGEDCX,UOF COMPRA SERVICIOS AUX,ACCIONA GREEN ENERGY DEVELOPMENTS,100,CONSUMIDOR DIRECTO,ZONA ESPAÑOLA,Consumo de productores,100.0
14,441.253,EGLEX,EGL SERV. AUX.(CONSUMO),"AXPO IBERIA, S.L.",100,CONSUMIDOR DIRECTO,ZONA ESPAÑOLA,Consumo de productores,100.0
14,448.573,ELEAUX,UNIDAD COMPRA CONSUMOS AUXILIA,"ELECTRICIDAD ELEIA, S.L.U.",100,CONSUMIDOR DIRECTO,ZONA ESPAÑOLA,Consumo de productores,100.0
14,455.893,ENURC01,ENURC01,ENERGIA NUFRI SLU,100,CONSUMIDOR DIRECTO,ZONA ESPAÑOLA,Compras Consumo Directo,100.0
14,463.213,ESCCC1X,GDF SUEZ ESCOMBRERAS 1 AUX,ENGIE CARTAGENA S.L,100,CONSUMIDOR DIRECTO,ZONA ESPAÑOLA,Consumo de productores,100.0
14,470.533,ESCCC2X,GDF SUEZ ESCOMBRERAS 2 AUX,ENGIE CARTAGENA S.L,100,CONSUMIDOR DIRECTO,ZONA ESPAÑOLA,Consumo de productores,100.0
14,477.853,ESCCC3X,GDF SUEZ ESCOMBRERAS 3 AUX,ENGIE CARTAGENA S.L,100,CONSUMIDOR DIRECTO,ZONA ESPAÑOLA,Consumo de productores,100.0
14,485.173,EUCDR01,COMPRA CD BALANCE,"WIND TO MARKET, S.A.",100,CONSUMIDOR DIRECTO,ZONA ESPAÑOLA,Compras Cons. Directo Balance,100.0
14,492.493,EXISC01,EXIS COMPONENTS S.L.,EXIS COMPONENTS S.L.,100,CONSUMIDOR DIRECTO,ZONA ESPAÑOLA,Consumidor directo,100.0
14,499.813,FLAMC01,FLAMAGAS LLINARS SLU,FLAMAGAS LLINARS SLU,100,CONSUMIDOR DIRECTO,ZONA ESPAÑOLA,Consumidor directo,100.0
14,507.133,FLECC01,HORNO,LA FLECA DE L EMPORDA S.A.,100,CONSUMIDOR DIRECTO,ZONA ESPAÑOLA,Consumidor directo,100.0
14,514.453,GEMRC01,UO REGANOSA,"GESTION DE ENERGÍA Y MERCADOS, S.L.",100,CONSUMIDOR DIRECTO,ZONA ESPAÑOLA,Compras Consumo Directo,100.0
14,521.773,GMEEC01,COMPRA CONSUMIDOR DIRECTO,GARCIA-MUNTE ENERGIA SL,100,CONSUMIDOR DIRECTO,ZONA ESPAÑOLA,Consumidor directo,100.0
14,529.093,GRAFC01,GRAFICAS VARIAS S.A.,GRAFICAS VARIAS S.A.,100,CONSUMIDOR DIRECTO,ZONA ESPAÑOLA,Consumidor directo,100.0
14,536.413,GUISC02,GUIS CONSUMIDOR DIRECTO,"CORPORACIÓN ALIMENTARIA GUISSONA, S.A.",100,CONSUMIDOR DIRECTO,ZONA ESPAÑOLA,Compras Consumo Directo,100.0
14,543.733,GUISR01,GUISSONA SRAD,"CORPORACIÓN ALIMENTARIA GUISSONA, S.A.",100,CONSUMIDOR DIRECTO,ZONA ESPAÑOLA,Compras Cons. Directo Balance,100.0
14,551.093,HAPOC01,HAPOC01,HARINAS POLO S.A,100,CONSUMIDOR DIRECTO,ZONA ESPAÑOLA,Consumidor directo,100.0
14,558.373,HCGCOX,COMPRA SSAA PARA PARQUES EOLIC,"EDP ESPAÑA, S.A.U. (GENERACIÓN)",100,CONSUMIDOR DIRECTO,ZONA ESPAÑOLA,Consumo de productores,100.0
15,141.133,HILAC01,S.A. HILADOS EGARFIL,S.A. HILADOS EGARFIL,100,CONSUMIDOR DIRECTO,ZONA ESPAÑOLA,Consumidor directo,100.0
15,148.453,IBGESX,IBGES CONSUMO SERV AUXILIARES,IBERDROLA ENERGÍA ESPAÑA S..A.,100,CONSUMIDOR DIRECTO,ZONA ESPAÑOLA,Consumo de productores,100.0
15,155.773,INVVC01,INVERGOMAR,INVERGOMAR RESTAURACION SL,100,CONSUMIDOR DIRECTO,ZONA ESPAÑOLA,Consumidor directo,100.0
15,163.093,ISEOC01,ISEOC01,ISEO ENERGÍA,100,CONSUMIDOR DIRECTO,ZONA ESPAÑOLA,Consumidor directo,100.0
15,170.413,JOIRC01,JOIRC01,ENERJOIN S.L.,100,CONSUMIDOR DIRECTO,ZONA ESPAÑOLA,Compras Consumo Directo,100.0
15,177.733,JOIRC02,JOIRC02,ENERJOIN S.L.,100,CONSUMIDOR DIRECTO,ZONA ESPAÑOLA,Compras Consumo Directo,100.0
15,185.093,JOIRC03,JOIRC03,ENERJOIN S.L.,100,CONSUMIDOR DIRECTO,ZONA ESPAÑOLA,Compras Consumo Directo,100.0
15,192.373,JOIRC05,JOIRC05,ENERJOIN S.L.,100,CONSUMIDOR DIRECTO,ZONA ESPAÑOLA,Compras Consumo Directo,100.0
15,199.693,JOIRC06,JOIRC06,ENERJOIN S.L.,100,CONSUMIDOR DIRECTO,ZONA ESPAÑOLA,Compras Consumo Directo,100.0
15,207.093,JOIRC07,JOIRC07,ENERJOIN S.L.,100,CONSUMIDOR DIRECTO,ZONA ESPAÑOLA,Compras Consumo Directo,100.0
15,214.333,JOIRC08,JOIRC08,ENERJOIN S.L.,100,CONSUMIDOR DIRECTO,ZONA ESPAÑOLA,Compras Consumo Directo,100.0
15,221.653,JOIRC09,JOIRC09,ENERJOIN S.L.,100,CONSUMIDOR DIRECTO,ZONA ESPAÑOLA,Compras Consumo Directo,100.0
15,228.973,JOIRC11,JOIRC11,ENERJOIN S.L.,100,CONSUMIDOR DIRECTO,ZONA ESPAÑOLA,Compras Consumo Directo,100.0
15,236.293,JOIRC12,JOIRC12,ENERJOIN S.L.,100,CONSUMIDOR DIRECTO,ZONA ESPAÑOLA,Compras Consumo Directo,100.0
15,243.613,JOIRC13,JOIRC13,ENERJOIN S.L.,100,CONSUMIDOR DIRECTO,ZONA ESPAÑOLA,Compras Consumo Directo,100.0
15,250.933,JOIRC14,JOIRC14,ENERJOIN S.L.,100,CONSUMIDOR DIRECTO,ZONA ESPAÑOLA,Compras Consumo Directo,100.0
15,258.253,JOIRC15,JOIRC15,ENERJOIN S.L.,100,CONSUMIDOR DIRECTO,ZONA ESPAÑOLA,Compras Consumo Directo,100.0
15,265.573,JOIRC16,JOIRC16,ENERJOIN S.L.,100,CONSUMIDOR DIRECTO,ZONA ESPAÑOLA,Compras Consumo Directo,100.0
15,272.893,JOIRC18,JOIRC18,ENERJOIN S.L.,100,CONSUMIDOR DIRECTO,ZONA ESPAÑOLA,Compras Consumo Directo,100.0
15,280.213,JOIRC19,JOIRC19,ENERJOIN S.L.,100,CONSUMIDOR DIRECTO,ZONA ESPAÑOLA,Compras Consumo Directo,100.0
15,287.533,JOIRC20,JOIRC20,ENERJOIN S.L.,100,CONSUMIDOR DIRECTO,ZONA ESPAÑOLA,Compras Consumo Directo,100.0
15,294.853,JOIRC21,JOIRC21,ENERJOIN S.L.,100,CONSUMIDOR DIRECTO,ZONA ESPAÑOLA,Compras Consumo Directo,100.0
15,302.173,JOIRC22,JOIRC22,ENERJOIN S.L.,100,CONSUMIDOR DIRECTO,ZONA ESPAÑOLA,Compras Consumo Directo,100.0
15,309.493,JOIRC23,JOIRC23,ENERJOIN S.L.,100,CONSUMIDOR DIRECTO,ZONA ESPAÑOLA,Compras Consumo Directo,100.0
15,316.813,JOIRC24,JOIRC24,ENERJOIN S.L.,100,CONSUMIDOR DIRECTO,ZONA ESPAÑOLA,Compras Consumo Directo,100.0
15,324.133,JOIRC25,JOIRC25,ENERJOIN S.L.,100,CONSUMIDOR DIRECTO,ZONA ESPAÑOLA,Compras Consumo Directo,100.0
15,331.453,JOIRC27,JOIRC27,ENERJOIN S.L.,100,CONSUMIDOR DIRECTO,ZONA ESPAÑOLA,Compras Consumo Directo,100.0
15,338.773,JOIRC28,JOIRC28,ENERJOIN S.L.,100,CONSUMIDOR DIRECTO,ZONA ESPAÑOLA,Compras Consumo Directo,100.0
15,346.093,JOIRC30,JOIRC30,ENERJOIN S.L.,100,CONSUMIDOR DIRECTO,ZONA ESPAÑOLA,Compras Cons. Directo Balance,100.0
15,353.413,JOIRC31,JOIRC31,ENERJOIN S.L.,100,CONSUMIDOR DIRECTO,ZONA ESPAÑOLA,Compras Consumo Directo,100.0
15,360.733,JOIRC32,JOIRC32,ENERJOIN S.L.,100,CONSUMIDOR DIRECTO,ZONA ESPAÑOLA,Compras Consumo Directo,100.0
15,368.093,JOIRC33,JOIRC33,ENERJOIN S.L.,100,CONSUMIDOR DIRECTO,ZONA ESPAÑOLA,Compras Cons. Directo Balance,100.0
15,375.373,JOIRC34,JOIRC34,ENERJOIN S.L.,100,CONSUMIDOR DIRECTO,ZONA ESPAÑOLA,Compras Cons. Directo Balance,100.0
15,382.693,LOBOC01,ALMENDRA Y MIEL S.A,ALMENDRA Y MIEL S.A,100,CONSUMIDOR DIRECTO,ZONA ESPAÑOLA,Rep. de consumidores directos,100.0
15,390.093,MATAC01,PIZARRAS MATACOUTA COMPRA,PIZARRAS MATACOUTA S.A,100,CONSUMIDOR DIRECTO,ZONA ESPAÑOLA,Compras Consumo Directo,100.0
15,397.333,MELRC01,BERNA TEXTIL,HISPANO TEX S.A.U.,100,CONSUMIDOR DIRECTO,ZONA ESPAÑOLA,Compras Consumo Directo,100.0
15,404.653,MELUC01,FABRICAS COMPAÑIA,HISPANO TEX S.A.U.,100,CONSUMIDOR DIRECTO,ZONA ESPAÑOLA,Consumidor directo,100.0
15,411.973,MERC01,FABRICA MEROLTEX,MEROLTEX SL,100,CONSUMIDOR DIRECTO,ZONA ESPAÑOLA,Consumidor directo,100.0
15,419.293,MOIAC01,MATADERO,ESCORXADOR COMARCAL DEL MOIANES S.A.,100,CONSUMIDOR DIRECTO,ZONA ESPAÑOLA,Consumidor directo,100.0
15,426.613,MUESC01,MUESTRARIOS,MUESTRARIOS IBERIA SL,100,CONSUMIDOR DIRECTO,ZONA ESPAÑOLA,Consumidor directo,100.0
15,433.933,NENRC01,NENAP,NUEVAS ENERGIAS APLICADAS SL,100,CONSUMIDOR DIRECTO,ZONA ESPAÑOLA,Compras Consumo Directo,100.0
15,441.253,NUFRR01,NUFRI SAT RAD,ENERGIA NUFRI SLU,100,CONSUMIDOR DIRECTO,ZONA ESPAÑOLA,Compras Cons. Directo Balance,100.0
15,448.573,OLLEC01,FRANCISCO OLLER S.A.,FRANCISCO OLLER S.A.,100,CONSUMIDOR DIRECTO,ZONA ESPAÑOLA,Consumidor directo,100.0
15,455.893,ONDC01,ONDARE UNIVERSIDAD,ONDARE UNIVERSIDAD SLU,100,CONSUMIDOR DIRECTO,ZONA ESPAÑOLA,Consumidor directo,100.0
15,463.213,PUIC01,TEXTIL PUIG UBACH SA,TEXTIL PUIG UBACH SA,100,CONSUMIDOR DIRECTO,ZONA ESPAÑOLA,Consumidor directo,100.0
15,470.533,PVENT2X,AUTOCONSUMO PLANA DEL VENT2,"ALPIQ ENERGÍA ESPAÑA, S.A.U.",100,CONSUMIDOR DIRECTO,ZONA ESPAÑOLA,Compras Consumos Auxiliares,100.0
15,477.853,RECRC08,PIENSOS DARUZ,EMECE ENERGIA Y MERCADOS SLU,100,CONSUMIDOR DIRECTO,ZONA ESPAÑOLA,Compras Consumo Directo,100.0
15,485.173,RECRC09,FORESTA TERRENOS,EMECE ENERGIA Y MERCADOS SLU,100,CONSUMIDOR DIRECTO,ZONA ESPAÑOLA,Compras Consumo Directo,100.0
15,492.493,RECRC11,ALUMASA,EMECE ENERGIA Y MERCADOS SLU,100,CONSUMIDOR DIRECTO,ZONA ESPAÑOLA,Compras Consumo Directo,100.0
15,499.813,RECRC14,MINAS DE ALCANTARA,EMECE ENERGIA Y MERCADOS SLU,100,CONSUMIDOR DIRECTO,ZONA ESPAÑOLA,Compras Consumo Directo,100.0
15,507.133,RECRC16,CASAT,EMECE ENERGIA Y MERCADOS SLU,100,CONSUMIDOR DIRECTO,ZONA ESPAÑOLA,Compras Consumo Directo,100.0
15,514.453,RECRC17,COPRADO,EMECE ENERGIA Y MERCADOS SLU,100,CONSUMIDOR DIRECTO,ZONA ESPAÑOLA,Compras Consumo Directo,100.0
15,521.773,RECRC19,SERVIO EXTREMEÑO DE SALUD,EMECE ENERGIA Y MERCADOS SLU,100,CONSUMIDOR DIRECTO,ZONA ESPAÑOLA,Compras Consumo Directo,100.0
15,529.093,RECRC21,MAFRESA,EMECE ENERGIA Y MERCADOS SLU,100,CONSUMIDOR DIRECTO,ZONA ESPAÑOLA,Compras Consumo Directo,100.0
15,536.413,RECRC22,DIPUTACION DE BADAJOZ,EMECE ENERGIA Y MERCADOS SLU,100,CONSUMIDOR DIRECTO,ZONA ESPAÑOLA,Compras Consumo Directo,100.0
15,543.733,RECRC28,GAVIPLAS,EMECE ENERGIA Y MERCADOS SLU,100,CONSUMIDOR DIRECTO,ZONA ESPAÑOLA,Compras Consumo Directo,100.0
15,551.093,REPEC01,REPSOL PETROLEO,REPSOL FUELS SA,100,CONSUMIDOR DIRECTO,ZONA ESPAÑOLA,Rep. de consumidores directos,100.0
15,558.373,REPRC01,REPRC01,REPSOL FUELS SA,100,CONSUMIDOR DIRECTO,ZONA ESPAÑOLA,Compras Consumo Directo,100.0
16,141.133,REPRC02,RPRC02-RPSQC01,REPSOL FUELS SA,100,CONSUMIDOR DIRECTO,ZONA ESPAÑOLA,Compras Consumo Directo,100.0
16,148.453,RIVAC01,UNIDAD DE PROGRAMACION RIVAS,AYUNTAMIENTO DE RIVAS-VACIAMADRID,100,CONSUMIDOR DIRECTO,ZONA ESPAÑOLA,Consumidor directo,100.0
16,155.773,ROFENX,SS AUX,"ROFEICA ENERGIA, S.A.",100,CONSUMIDOR DIRECTO,ZONA ESPAÑOLA,Consumo de productores,100.0
16,163.093,SBC01,SASKI BASKONIA,SASKI BASKONIA SAD,100,CONSUMIDOR DIRECTO,ZONA ESPAÑOLA,Consumidor directo,100.0
16,170.413,SEDAC01,FABRICA ENRIQUE,UNITEX S.A.,100,CONSUMIDOR DIRECTO,ZONA ESPAÑOLA,Consumidor directo,100.0
16,177.733,SEDAR01,UNITEX SRAD,UNITEX S.A.,100,CONSUMIDOR DIRECTO,ZONA ESPAÑOLA,Compras Consumo Directo,100.0
16,185.093,SESAUX,UNIDAD CONSUMOS AUXILIARES,SHELL ESPAÑA,100,CONSUMIDOR DIRECTO,ZONA ESPAÑOLA,Consumo de productores,100.0
16,192.373,SHEENX,UNIDAD CONSUMOS AUXILIARES,SHELL ENERGY EUROPE LIMITED,100,CONSUMIDOR DIRECTO,ZONA ESPAÑOLA,Consumo de productores,100.0
16,199.693,SILOC01,HOTEL SILOS - BURGOS,HOTEL SANTO DOMINGO S.L.,100,CONSUMIDOR DIRECTO,ZONA ESPAÑOLA,Consumidor directo,100.0
16,207.093,SLBYC01,SLBYC01,"SOLBY DESARROLLOS EMPRESARIALES,",100,CONSUMIDOR DIRECTO,ZONA ESPAÑOLA,Consumidor directo,100.0
16,214.333,SNIAC01,SNIACE S.A,SNIACE S.A,100,CONSUMIDOR DIRECTO,ZONA ESPAÑOLA,Compras Consumo Directo,100.0
16,221.653,SOCRC05,CC.RR. CANAL DE ESTREMERA,INGENIA SOCIIS INGENIERIA Y PROYECTOS ENERGETICOS,100,CONSUMIDOR DIRECTO,ZONA ESPAÑOLA,Compras Consumo Directo,100.0
16,228.973,SOCRC06,SAT 2903 SAN PEDRO,INGENIA SOCIIS INGENIERIA Y PROYECTOS ENERGETICOS,100,CONSUMIDOR DIRECTO,ZONA ESPAÑOLA,Compras Consumo Directo,100.0
16,236.293,SOCRC08,BALEIKE,INGENIA SOCIIS INGENIERIA Y PROYECTOS ENERGETICOS,100,CONSUMIDOR DIRECTO,ZONA ESPAÑOLA,Compras Consumo Directo,100.0
16,243.613,SOCRC10,MACEB,INGENIA SOCIIS INGENIERIA Y PROYECTOS ENERGETICOS,100,CONSUMIDOR DIRECTO,ZONA ESPAÑOLA,Compras Consumo Directo,100.0
16,250.933,SOCRC13,IBSUS ALSASUA,INGENIA SOCIIS INGENIERIA Y PROYECTOS ENERGETICOS,100,CONSUMIDOR DIRECTO,ZONA ESPAÑOLA,Compras Consumo Directo,100.0
16,258.253,SOCRC14,IBSUS NULES,INGENIA SOCIIS INGENIERIA Y PROYECTOS ENERGETICOS,100,CONSUMIDOR DIRECTO,ZONA ESPAÑOLA,Compras Consumo Directo,100.0
16,265.573,SOCRC15,CHURRUCA,INGENIA SOCIIS INGENIERIA Y PROYECTOS ENERGETICOS,100,CONSUMIDOR DIRECTO,ZONA ESPAÑOLA,Compras Consumo Directo,100.0
16,272.893,SOCRC18,IMPERIO,INGENIA SOCIIS INGENIERIA Y PROYECTOS ENERGETICOS,100,CONSUMIDOR DIRECTO,ZONA ESPAÑOLA,Compras Consumo Directo,100.0
16,280.213,SPINC01,SPINREACT SAU,SPINREACT SAU,100,CONSUMIDOR DIRECTO,ZONA ESPAÑOLA,Consumidor directo,100.0
16,287.533,TEVIC01,TVITEC,TVITEC SYSTEM GLASS S.L,100,CONSUMIDOR DIRECTO,ZONA ESPAÑOLA,Rep. de consumidores directos,100.0
16,294.853,TEV2C01,TEVI,TVITEC SYSTEM GLASS S.L,100,CONSUMIDOR DIRECTO,ZONA ESPAÑOLA,Rep. de consumidores directos,100.0
16,302.173,TEXZR01,TEXOR SRAD,TEXTIL A ORTIZ SAU,100,CONSUMIDOR DIRECTO,ZONA ESPAÑOLA,Compras Cons. Directo Balance,100.0
16,309.493,TGBSC01,TGB S.A.,TGB S.A.,100,CONSUMIDOR DIRECTO,ZONA ESPAÑOLA,Consumidor directo,100.0
16,316.813,TLCRC01,TLCOR CONSUMO DIRECTO,TELECOR,100,CONSUMIDOR DIRECTO,ZONA ESPAÑOLA,Compras Consumo Directo,100.0
16,324.133,TORTE01,TORTOSA ENERGIA COMPRA,TORTOSA ENERGIA (ACTIVIDAD: CLIENTE CUALIFICADO),100,CONSUMIDOR DIRECTO,ZONA ESPAÑOLA,Consumidor directo,100.0
16,331.453,TRARC01,COMPRAENERTRADB,TRADEBE GESTION ESPAÑA SL,100,CONSUMIDOR DIRECTO,ZONA ESPAÑOLA,Compras Consumo Directo,100.0
16,338.773,URBRC02,UNIDAD DE PROGRAMACION CD URBE,SISTEMAS URBANOS DE ENERGIAS RENOVABLES S.L,100,CONSUMIDOR DIRECTO,ZONA ESPAÑOLA,Compras Consumo Directo,100.0
16,346.093,VALOC01,TEXTIL VALOR,TEXTIL VALOR S.L.,100,CONSUMIDOR DIRECTO,ZONA ESPAÑOLA,Consumidor directo,100.0
16,353.413,VALRC01,VALERO FORN TRADICIONAL,VALERO FORN TRADICIONAL SL,100,CONSUMIDOR DIRECTO,ZONA ESPAÑOLA,Consumidor directo,100.0
16,360.733,VGERC02,REPC01,"REPSOL SERVICIOS RENOVABLES, S.A.",100,CONSUMIDOR DIRECTO,ZONA ESPAÑOLA,Compras Consumo Directo,100.0
16,368.093,VIOLC01,VINAOLIVA SDAD COOP,VIÑAOLIVA S.COOP.,100,CONSUMIDOR DIRECTO,ZONA ESPAÑOLA,Consumidor directo,100.0
16,375.373,VISC01,VISCOCEL S.L.U,VISCOCEL S.L.U,100,CONSUMIDOR DIRECTO,ZONA ESPAÑOLA,Compras Consumo Directo,100.0
16,382.693,WMARCAX,CONSUMO SERVICIOS AUXILIARES,WIND TO MARKET,100,CONSUMIDOR DIRECTO,ZONA ESPAÑOLA,Consumo de productores,100.0
16,390.093,ZEREC01,ZEREP CARBONICAS Y AGUAS,ZEREP CARBONICAS Y AGUAS S.A,100,CONSUMIDOR DIRECTO,ZONA ESPAÑOLA,Consumidor directo,100.0
16,397.333,ACBFRAE,UP ACCION COOD. FRAN-ESP,"RED ELECTRICA DE ESPAÑA, S.A.U.",100,CONTRATO INTERNACIONAL,FRONTERA FRANCIA,,100.0
16,404.653,ACBFRAI,UP. ACCION COORD. ESP-FRAN,"RED ELECTRICA DE ESPAÑA, S.A.U.",100,CONTRATO INTERNACIONAL,FRONTERA FRANCIA,,100.0
16,411.973,ACBPORE,ACCION COORD. BALANCE PORT EXP,"RED ELECTRICA DE ESPAÑA, S.A.U.",100,CONTRATO INTERNACIONAL,ZONA ESPAÑOLA,,100.0
16,419.293,ACBPORI,ACCION COORD. BALANCE PORT IMP,"RED ELECTRICA DE ESPAÑA, S.A.U.",100,CONTRATO INTERNACIONAL,ZONA ESPAÑOLA,,100.0
16,426.613,APOANDE,EXPORTACIÓN APOYO A ANDORRA,"RED ELECTRICA DE ESPAÑA, S.A.U.",100,CONTRATO INTERNACIONAL,ZONA ESPAÑOLA,,100.0
16,433.933,APOANDI,IMPORTACIÓN APOYO POR ANDORRA,"RED ELECTRICA DE ESPAÑA, S.A.U.",100,CONTRATO INTERNACIONAL,ZONA ESPAÑOLA,,100.0
16,441.253,APOFRAE,EXPORTACION APOYO A FRANCIA,"RED ELECTRICA DE ESPAÑA, S.A.U.",100,CONTRATO INTERNACIONAL,ZONA ESPAÑOLA,,100.0
16,448.573,APOFRAI,IMPORTACION APOYO POR FRANCIA,"RED ELECTRICA DE ESPAÑA, S.A.U.",100,CONTRATO INTERNACIONAL,ZONA ESPAÑOLA,,100.0
16,455.893,APOMARE,EXPORTACION APOYO A MARRUECOS,"RED ELECTRICA DE ESPAÑA, S.A.U.",100,CONTRATO INTERNACIONAL,ZONA ESPAÑOLA,,100.0
16,463.213,APOMARI,IMPORTACION APOYO POR MARRUECO,"RED ELECTRICA DE ESPAÑA, S.A.U.",100,CONTRATO INTERNACIONAL,ZONA ESPAÑOLA,,100.0
16,470.533,APOPORE,EXPORTACION APOYO A PORTUGAL,"RED ELECTRICA DE ESPAÑA, S.A.U.",100,CONTRATO INTERNACIONAL,ZONA ESPAÑOLA,,100.0
16,477.853,APOPORI,IMPORTACION APOYO POR PORTUGAL,"RED ELECTRICA DE ESPAÑA, S.A.U.",100,CONTRATO INTERNACIONAL,ZONA ESPAÑOLA,,100.0
16,485.173,BALFRAE,BALFRAE,"RED ELECTRICA DE ESPAÑA, S.A.U.",100,CONTRATO INTERNACIONAL,ZONA ESPAÑOLA,,100.0
16,492.493,BALFRAI,BALFRAI,"RED ELECTRICA DE ESPAÑA, S.A.U.",100,CONTRATO INTERNACIONAL,ZONA ESPAÑOLA,,100.0
16,499.813,BALPORE,BALPORE,"RED ELECTRICA DE ESPAÑA, S.A.U.",100,CONTRATO INTERNACIONAL,ZONA ESPAÑOLA,,100.0
16,507.133,BALPORI,BALPORI,"RED ELECTRICA DE ESPAÑA, S.A.U.",100,CONTRATO INTERNACIONAL,ZONA ESPAÑOLA,,100.0
16,514.453,MARFRAE,MARI FRANCIA EXPORTACION,"RED ELECTRICA DE ESPAÑA, S.A.U.",100,CONTRATO INTERNACIONAL,FRONTERA FRANCIA,,100.0
16,521.773,MARFRAI,MARI FRANCIA IMPORTACION,"RED ELECTRICA DE ESPAÑA, S.A.U.",100,CONTRATO INTERNACIONAL,FRONTERA FRANCIA,,100.0
16,529.093,MARPORE,MARI PORTUGAL EXPORTACION,"RED ELECTRICA DE ESPAÑA, S.A.U.",100,CONTRATO INTERNACIONAL,ZONA ESPAÑOLA,,100.0
16,536.413,MARPORI,MARI PORTUGAL IMPORTACION,"RED ELECTRICA DE ESPAÑA, S.A.U.",100,CONTRATO INTERNACIONAL,ZONA ESPAÑOLA,,100.0
16,543.733,EE21CEB,EEXXI INTERCONEXION BALEARES,"ENERGÍA XXI COMERCIALIZADORA DE REFERENCIA, S.L.",100,DISTRIBUIDOR,ZONA ESPAÑOLA,Comercializador ultimo recurso,100.0
16,551.093,GNSUCEB,GNSUCEB,"COMERCIALIZADORA REGULADA GAS POWER, S.A",100,DISTRIBUIDOR,ZONA ESPAÑOLA,Comercializador ultimo recurso,100.0
16,558.373,HCURCEB,HCCUR COMPRA ENLACE BALEARES,BASER COMERCIALIZADORA DE REFERENCIA SA,100,DISTRIBUIDOR,ZONA ESPAÑOLA,Comercializador ultimo recurso,100.0
17,141.133,IBCUCEB,CUR ENLACE BALEARES,"CURENERGÍA COMERCIALIZADOR DE ÚLTIMO RECURSO, SAU",100,DISTRIBUIDOR,ZONA ESPAÑOLA,Comercializador ultimo recurso,100.0
17,148.453,AAXRCTI,AXPO IBERIA R. CENTRO INTERIOR,"AXPO IBERIA, S.L.",100,GENERACION,ZONA PORTUGUESA,RE Tarifa CUR (uof),100.0
17,155.773,AAXRCTL,AXPO IBERIA R. CTL,"AXPO IBERIA, S.L.",100,GENERACION,ZONA PORTUGUESA,RE Tarifa CUR (uof),100.0
17,163.093,AAXRGDL,AREA DE REDE DA GRANDE LISBOA,"AXPO IBERIA, S.L.",100,GENERACION,ZONA PORTUGUESA,RE Tarifa CUR (uof),100.0
17,170.413,AAXRSUL,AXPO IBERIA R.SUL,"AXPO IBERIA, S.L.",100,GENERACION,ZONA PORTUGUESA,RE Tarifa CUR (uof),100.0
17,177.733,ABA1,ABARAN,WIND TO MARKET (ACT.: COMERCIALIZACIÓN RE),100,GENERACION,ZONA ESPAÑOLA,Hidráulica Generación,100.0
17,185.093,ABA2,ABARAN 2,WIND TO MARKET (ACT.: COMERCIALIZACIÓN RE),100,GENERACION,ZONA ESPAÑOLA,Hidráulica Generación,100.0
17,192.373,ABO1,C.T. ABOÑO 1,ABOÑO GENERACIONES ELECTRICAS SLU,100,GENERACION,ZONA ESPAÑOLA,Hulla Antracita,100.0
17,199.693,ABO2G,ABOÑO 2 GAS,ABOÑO GENERACIONES ELECTRICAS SLU,100,GENERACION,ZONA ESPAÑOLA,Gas,100.0
17,207.093,ACAVADO,CAVADO,EDP GEM PORTUGAL S.A.,100,GENERACION,ZONA PORTUGUESA,Hidráulica Generación,100.0
17,214.333,ACCGV02,UNIDAD DE VENTA,"ACCIONA GREEN, SUCURSAL PT",100,GENERACION,ZONA PORTUGUESA,RE Tarifa CUR (uof),100.0
17,221.653,ACC1EBR,AC.GREEN EN. DEV. VENTA RO 1,"ENDESA GENERACIÓN, S.A.",100,GENERACION,ZONA ESPAÑOLA,Hidráulica Generación,100.0
17,228.973,ACC2EBR,AC. GREEN EN. DEV. VENTA RO2,"ENDESA GENERACIÓN, S.A.",100,GENERACION,ZONA ESPAÑOLA,Hidráulica Generación,100.0
17,236.293,ACE3,C.C. ACECA 3,IBERDROLA ENERGÍA ESPAÑA S..A.,100,GENERACION,ZONA ESPAÑOLA,Ciclo Combinado,100.0
17,243.613,ACE4,C.C. ACECA 4,GAS NATURAL COMERCIALIZADORA,100,GENERACION,ZONA ESPAÑOLA,Ciclo Combinado,100.0
17,250.933,ACNVD01,ACNVD01,ACENHOL ENERGIA SL,100,GENERACION,ZONA ESPAÑOLA,RE Mercado Solar Fotovoltáica,100.0
17,258.253,ACNVD02,ACNVD02,ACENHOL ENERGIA SL,100,GENERACION,ZONA ESPAÑOLA,RE Mercado Eólica,100.0
17,265.573,ACRSV02,AGREGAÇÃO,"ACROSSCAPACITY, LDA",100,GENERACION,ZONA PORTUGUESA,RE Tarifa CUR (uof),100.0
17,272.893,ADERE01,ADEINNOVA VENTA,ADEINNOVA ENERGIA,100,GENERACION,ZONA ESPAÑOLA,RE Mercado Solar Fotovoltáica,100.0
17,280.213,ADOURO,HIDRO DOURO TOTAL,EDP GEM PORTUGAL S.A.,100,GENERACION,ZONA PORTUGUESA,Hidráulica Generación,100.0
17,287.533,ADREV02,CENTRAL FOTOVOLTAICA OURIKA,AUDAX RENOVABLES S.A.,100,GENERACION,ZONA PORTUGUESA,RE Tarifa CUR (uof),100.0
17,294.853,ADXRE01,PREAL1,AUDAX RENOVABLES S.A.,100,GENERACION,ZONA ESPAÑOLA,RE Mercado Solar Fotovoltáica,100.0
17,302.173,ADXRE02,ALARCOS,AUDAX RENOVABLES S.A.,100,GENERACION,ZONA ESPAÑOLA,RE Mercado Solar Fotovoltáica,100.0
17,309.493,ADXRE03,CANTILLANA44,AUDAX RENOVABLES S.A.,100,GENERACION,ZONA ESPAÑOLA,RE Mercado Solar Fotovoltáica,100.0
17,316.813,ADXRE04,MIRANDA,AUDAX RENOVABLES S.A.,100,GENERACION,ZONA ESPAÑOLA,RE Mercado Solar Fotovoltáica,100.0
17,324.133,ADXRE05,HORN16,AUDAX RENOVABLES S.A.,100,GENERACION,ZONA ESPAÑOLA,RE Mercado Solar Fotovoltáica,100.0
17,331.453,ADXRE06,OLIVE23,AUDAX RENOVABLES S.A.,100,GENERACION,ZONA ESPAÑOLA,RE Mercado Solar Fotovoltáica,100.0
17,338.773,ADXRE07,OLIVE24,AUDAX RENOVABLES S.A.,100,GENERACION,ZONA ESPAÑOLA,RE Mercado Solar Fotovoltáica,100.0
17,346.093,ADXRE08,OLVEN22,AUDAX RENOVABLES S.A.,100,GENERACION,ZONA ESPAÑOLA,RE Mercado Solar Fotovoltáica,100.0
17,353.413,ADXRE09,ZARA1,AUDAX RENOVABLES S.A.,100,GENERACION,ZONA ESPAÑOLA,RE Mercado Solar Fotovoltáica,100.0
17,360.733,ADXRE10,PUERTOLLANO,AUDAX RENOVABLES S.A.,100,GENERACION,ZONA ESPAÑOLA,RE Mercado Solar Fotovoltáica,100.0
17,368.093,ADXRE11,HORNACHOS98,AUDAX RENOVABLES S.A.,100,GENERACION,ZONA ESPAÑOLA,RE Mercado Solar Fotovoltáica,100.0
17,375.373,ADXVD01,AUDAX RENOVABLES VENTA TR,AUDAX RENOVABLES S.A.,100,GENERACION,ZONA ESPAÑOLA,RE Mercado Térmica Renovable,100.0
17,382.693,ADXVD03,PV ALARCOS,AUDAX RENOVABLES S.A.,100,GENERACION,ZONA ESPAÑOLA,RE Mercado Solar Fotovoltáica,100.0
17,390.093,ADXVD04,EOLICA AUDAX,AUDAX RENOVABLES S.A.,100,GENERACION,ZONA ESPAÑOLA,RE Mercado Eólica,100.0
17,397.333,ADXVD05,FV GENERIBER,AUDAX RENOVABLES S.A.,100,GENERACION,ZONA ESPAÑOLA,RE Mercado Solar Fotovoltáica,100.0
17,404.653,ADXVD06,RS GENERIBER,AUDAX RENOVABLES S.A.,100,GENERACION,ZONA ESPAÑOLA,RE Mercado Térmica Renovable,100.0
17,411.973,ADXVD07,T GENERIBER,AUDAX RENOVABLES S.A.,100,GENERACION,ZONA ESPAÑOLA,RE Mercado Térmica no,100.0
17,425.413,AEEXXIV,VENTA ALMACENAMIENTO EEXXI,"ENERGÍA XXI COMERCIALIZADORA DE REFERENCIA, S.L.",100,GENERACION,ZONA ESPAÑOLA,Almacenamiento Venta,100.0
17,432.733,AENDX1S,ENDUTEX VENDA,PETROGAL SA,100,GENERACION,ZONA PORTUGUESA,RE Tarifa CUR (uof),100.0
17,440.093,AEONURV,REGSITI VENTA RE,"REGSITI COMERCIALIZADORA REGULADA, S.L.U.",100,GENERACION,ZONA ESPAÑOLA,Almacenamiento Venta,100.0
17,447.373,AFIBGEV,ALMACENAMIENTO VENTA,IBERDROLA ENERGÍA ESPAÑA S..A.,100,GENERACION,ZONA ESPAÑOLA,Almacenamiento Venta,100.0
17,454.693,AGENVD2,RE TARIFA CON REPRESENTANTE,"AE3000 AGENT COMERCIALITZADOR, S.L.",100,GENERACION,ZONA ESPAÑOLA,RE Mercado Solar Fotovoltáica,100.0
17,462.093,AGERE01,VENTA FRAILES,GRUPO ENERGÉTICO ASECOR S.L,100,GENERACION,ZONA ESPAÑOLA,RE Mercado Solar Fotovoltáica,100.0
17,469.333,AGERGDL,SERVIÇOS SISTEMA,"GESTO COMERCIALIZACAO DE ENERGIA, UNIPESSOAL LDA",100,GENERACION,ZONA PORTUGUESA,RE Tarifa CUR (uof),100.0
17,476.653,AGEVD01,VENTA PEL CONG,GRUPO ENERGÉTICO ASECOR S.L,100,GENERACION,ZONA ESPAÑOLA,RE Mercado Térmica no,100.0
17,490.093,AGPRCTI,CENTRO INTERIOR,PETROGAL SA,100,GENERACION,ZONA PORTUGUESA,RE Tarifa CUR (uof),100.0
17,497.413,AGPRCTL,ACTL VENDA,PETROGAL SA,100,GENERACION,ZONA PORTUGUESA,RE Tarifa CUR (uof),100.0
17,504.733,AGPRSUL,ASUL VENDA,PETROGAL SA,100,GENERACION,ZONA PORTUGUESA,RE Tarifa CUR (uof),100.0
17,512.093,AGPRTMD,TRÁS-OS-MONTES E DOURO LITORAL,PETROGAL SA,100,GENERACION,ZONA PORTUGUESA,RE Tarifa CUR (uof),100.0
17,519.373,AGRRE01,AGRRE01,"AGRI-ENERGÍA, S.A.",100,GENERACION,ZONA ESPAÑOLA,RE Mercado Hidráulica,100.0
17,526.693,AGRRE02,VENTA SOLAR FOTOVOLTAICA,"AGRI-ENERGÍA, S.A.",100,GENERACION,ZONA ESPAÑOLA,RE Mercado Solar Fotovoltáica,100.0
17,534.093,AGUG,C.H. AGUAYO GENERACION,"REPSOL SERVICIOS RENOVABLES, S.A.",100,GENERACION,ZONA ESPAÑOLA,Hidráulica de Bombeo Puro,100.0
17,541.333,AIBCURV,AIBCURV,"CURENERGÍA COMERCIALIZADOR DE ÚLTIMO RECURSO, SAU",100,GENERACION,ZONA ESPAÑOLA,Almacenamiento Venta,100.0
17,548.653,AIGRCTI,PT ZONA AIGRCTI,IGNIS ENERGIA S.L.,100,GENERACION,ZONA PORTUGUESA,RE Tarifa CUR (uof),100.0
17,555.973,AIGRGDL,PT ZONA GRANDE LISBOA,IGNIS ENERGIA S.L.,100,GENERACION,ZONA PORTUGUESA,RE Tarifa CUR (uof),100.0
17,563.293,AIGRMN4,PT 400 KV DO MINHO,IGNIS ENERGIA S.L.,100,GENERACION,ZONA PORTUGUESA,RE Tarifa CUR (uof),100.0
18,141.133,AIGRSUL,PT ZONA SUR,IGNIS ENERGIA S.L.,100,GENERACION,ZONA PORTUGUESA,RE Tarifa CUR (uof),100.0
18,148.453,AIGRTMD,PT ZONA AIGRTMD,IGNIS ENERGIA S.L.,100,GENERACION,ZONA PORTUGUESA,RE Tarifa CUR (uof),100.0
18,155.773,AIRVD01,AIRVD01,AIRE LIMPIO S.L.,100,GENERACION,ZONA ESPAÑOLA,RE Mercado Solar Fotovoltáica,100.0
18,163.093,ALDRE01,ALDRO GENERACION,"ENI PLENITUDE IBERIA, S.L.U.",100,GENERACION,ZONA ESPAÑOLA,RE Mercado Solar Fotovoltáica,100.0
18,170.413,ALDRE02,FV INSTALACION MAYOR 1MW,"ENI PLENITUDE IBERIA, S.L.U.",100,GENERACION,ZONA ESPAÑOLA,RE Mercado Solar Fotovoltáica,100.0
18,177.733,ALFAV02,UNIDADE VENDA ALFA ENERGIA,"ALFA ENERGIA, LDA",100,GENERACION,ZONA PORTUGUESA,RE Tarifa CUR (uof),100.0
18,185.093,ALG3,C.C. ALGECIRAS 3,"REPSOL SERVICIOS RENOVABLES, S.A.",100,GENERACION,ZONA ESPAÑOLA,Ciclo Combinado,100.0
18,192.373,ALIMA,LIMA,EDP GEM PORTUGAL S.A.,100,GENERACION,ZONA PORTUGUESA,Hidráulica Generación,100.0
18,199.693,ALZ1,C.N. ALMARAZ 1,"ENDESA GENERACIÓN, S.A.","36,021",GENERACION,ZONA ESPAÑOLA,Nuclear,36.021
18,207.093,ALZ1,C.N. ALMARAZ 1,IBERDROLA ENERGÍA ESPAÑA S..A.,"52,687",GENERACION,ZONA ESPAÑOLA,Nuclear,52.687
18,214.333,ALZ1,C.N. ALMARAZ 1,GAS NATURAL COMERCIALIZADORA,"11,292",GENERACION,ZONA ESPAÑOLA,Nuclear,11.292
18,221.653,ALZ2,C.N. ALMARAZ 2,"ENDESA GENERACIÓN, S.A.","36,021",GENERACION,ZONA ESPAÑOLA,Nuclear,36.021
18,228.973,ALZ2,C.N. ALMARAZ 2,GAS NATURAL COMERCIALIZADORA,"11,292",GENERACION,ZONA ESPAÑOLA,Nuclear,11.292
18,236.293,ALZ2,C.N. ALMARAZ 2,IBERDROLA ENERGÍA ESPAÑA S..A.,"52,687",GENERACION,ZONA ESPAÑOLA,Nuclear,52.687
18,243.613,AMBIETA,C.C. AMOREBIETA,"AXPO IBERIA, S.L.",100,GENERACION,ZONA ESPAÑOLA,Ciclo Combinado,100.0
18,250.933,AMEVD1,UNIDAD OFERTA TARIFA AME,FACTOR ENERGIA ESPAÑA SAU,100,GENERACION,ZONA ESPAÑOLA,RE Mercado Térmica no,100.0
18,264.373,AMEVD2,UNIDAD OFERTA MERCADO AME,FACTOR ENERGIA ESPAÑA SAU,100,GENERACION,ZONA ESPAÑOLA,RE Mercado Solar Fotovoltáica,100.0
18,271.693,AMRE001,AME VENTA REG. ESP. 1,FACTOR ENERGIA ESPAÑA SAU,100,GENERACION,ZONA ESPAÑOLA,RE Mercado Térmica no,100.0
18,285.133,AMRE002,AME VENTA REG. ESP. 2,FACTOR ENERGIA ESPAÑA SAU,100,GENERACION,ZONA ESPAÑOLA,RE Mercado Térmica Renovable,100.0
18,292.453,AMRE003,AME VENTA REG. ESP. 3,FACTOR ENERGIA ESPAÑA SAU,100,GENERACION,ZONA ESPAÑOLA,RE Mercado Térmica no,100.0
18,305.893,AMRE004,AME VENTA REG. ESP. 4,FACTOR ENERGIA ESPAÑA SAU,100,GENERACION,ZONA ESPAÑOLA,RE Mercado Térmica no,100.0
18,319.333,AMRE005,AME VENTA REG. ESP. 5,FACTOR ENERGIA ESPAÑA SAU,100,GENERACION,ZONA ESPAÑOLA,RE Mercado Térmica no,100.0
18,332.773,AMRE007,AME VENTA REG. ESP. 7,FACTOR ENERGIA ESPAÑA SAU,100,GENERACION,ZONA ESPAÑOLA,RE Mercado Térmica no,100.0
18,346.213,AMRE008,AME VENTA REG. ESP. 8,FACTOR ENERGIA ESPAÑA SAU,100,GENERACION,ZONA ESPAÑOLA,RE Mercado Térmica no,100.0
18,359.653,AMRE010,AME VENTA REG. ESP. 10,FACTOR ENERGIA ESPAÑA SAU,100,GENERACION,ZONA ESPAÑOLA,RE Mercado Térmica no,100.0
18,373.093,AMRE013,AME VENTA REG. ESP. 13,FACTOR ENERGIA ESPAÑA SAU,100,GENERACION,ZONA ESPAÑOLA,RE Mercado Térmica no,100.0
18,386.533,AMRE014,AME VENTA REG. ESP. 14,FACTOR ENERGIA ESPAÑA SAU,100,GENERACION,ZONA ESPAÑOLA,RE Mercado Térmica no,100.0
18,399.973,AMRE015,AME VENTA REG. ESP. 15,FACTOR ENERGIA ESPAÑA SAU,100,GENERACION,ZONA ESPAÑOLA,RE Mercado Térmica no,100.0
18,413.413,AMRE016,AMRE016,FACTOR ENERGIA ESPAÑA SAU,100,GENERACION,ZONA ESPAÑOLA,RE Mercado Térmica no,100.0
18,426.853,AMRE017,AME VENTA REG. ESP. 17,FACTOR ENERGIA ESPAÑA SAU,100,GENERACION,ZONA ESPAÑOLA,RE Mercado Térmica no,100.0
18,440.293,AMRE018,AME VENTA REG. ESP. 18,FACTOR ENERGIA ESPAÑA SAU,100,GENERACION,ZONA ESPAÑOLA,RE Mercado Térmica no,100.0
18,453.733,AMRE019,AME VENTA REG. ESP. 19,FACTOR ENERGIA ESPAÑA SAU,100,GENERACION,ZONA ESPAÑOLA,RE Mercado Térmica no,100.0
18,467.173,AMRE021,AMRE021,FACTOR ENERGIA ESPAÑA SAU,100,GENERACION,ZONA ESPAÑOLA,RE Mercado Térmica no,100.0
18,480.613,AMRE022,AMRE022,FACTOR ENERGIA ESPAÑA SAU,100,GENERACION,ZONA ESPAÑOLA,RE Mercado Térmica no,100.0
18,494.093,AMRE027,AME VENTA REG. ESP. 27,FACTOR ENERGIA ESPAÑA SAU,100,GENERACION,ZONA ESPAÑOLA,RE Mercado Térmica no,100.0
18,507.493,AMRE029,AME VENTA REG. ESP. 29,FACTOR ENERGIA ESPAÑA SAU,100,GENERACION,ZONA ESPAÑOLA,RE Mercado Térmica no,100.0
18,520.933,AMRE030,AME VENTA REG. ESP. 30,FACTOR ENERGIA ESPAÑA SAU,100,GENERACION,ZONA ESPAÑOLA,RE Mercado Térmica no,100.0
18,534.373,AMRE031,AME VENTA REG. ESP. 31,FACTOR ENERGIA ESPAÑA SAU,100,GENERACION,ZONA ESPAÑOLA,RE Mercado Térmica no,100.0
18,547.813,AMRE033,AME VENTA REG. ESP. 33,FACTOR ENERGIA ESPAÑA SAU,100,GENERACION,ZONA ESPAÑOLA,RE Mercado Térmica Renovable,100.0
18,555.133,AMRE035,AME VENTA REG. ESP. 35,FACTOR ENERGIA ESPAÑA SAU,100,GENERACION,ZONA ESPAÑOLA,RE Mercado Térmica no,100.0
19,141.133,AMRE036,AME VENTA REG. ESP. 36,FACTOR ENERGIA ESPAÑA SAU,100,GENERACION,ZONA ESPAÑOLA,RE Mercado Térmica Renovable,100.0
19,148.453,AMRE038,AME REG. ESP 038,FACTOR ENERGIA ESPAÑA SAU,100,GENERACION,ZONA ESPAÑOLA,RE Mercado Hidráulica,100.0
19,155.773,AMRE039,AME REG. ESP 039,FACTOR ENERGIA ESPAÑA SAU,100,GENERACION,ZONA ESPAÑOLA,RE Mercado Hidráulica,100.0
19,163.093,AMRE040,AME VENTA REG. ESP. 40,FACTOR ENERGIA ESPAÑA SAU,100,GENERACION,ZONA ESPAÑOLA,RE Mercado Térmica no,100.0
19,176.533,AMRE042,AMRE042,FACTOR ENERGIA ESPAÑA SAU,100,GENERACION,ZONA ESPAÑOLA,RE Mercado Geotérmica,100.0
19,183.853,ARCH,ARCHENA,WIND TO MARKET (ACT.: COMERCIALIZACIÓN RE),100,GENERACION,ZONA ESPAÑOLA,Hidráulica Generación,100.0
19,191.173,ARCOS1,C.C. ARCOS 1,IBERDROLA ENERGÍA ESPAÑA S..A.,100,GENERACION,ZONA ESPAÑOLA,Ciclo Combinado,100.0
19,198.493,ARCOS2,C.C. ARCOS 2,IBERDROLA ENERGÍA ESPAÑA S..A.,100,GENERACION,ZONA ESPAÑOLA,Ciclo Combinado,100.0
19,205.813,ARCOS3,C.C. ARCOS 3,IBERDROLA ENERGÍA ESPAÑA S..A.,100,GENERACION,ZONA ESPAÑOLA,Ciclo Combinado,100.0
19,213.133,AREPV02,REPRE. AUTOCONSUMIDORES,AUDAX RENOVABLES S.A.-SUCURSAL EM PORTUGAL,100,GENERACION,ZONA PORTUGUESA,RE Tarifa CUR (uof),100.0
19,220.453,ARRU1R,UOF REPRESENTADA DE ARRUBAL 1,"MOEVE GAS AND POWER, S.A.U",100,GENERACION,ZONA ESPAÑOLA,Ciclo Combinado,100.0
19,227.773,ARRU2R,UOF REPRESENTADA DE ARRUBAL 2,"MOEVE GAS AND POWER, S.A.U",100,GENERACION,ZONA ESPAÑOLA,Ciclo Combinado,100.0
19,235.093,ASC1,C.N. ASCÓ 1,"ENDESA GENERACIÓN, S.A.",100,GENERACION,ZONA ESPAÑOLA,Nuclear,100.0
19,242.413,ASC2,C.N. ASCÓ 2,IBERDROLA ENERGÍA ESPAÑA S..A.,15,GENERACION,ZONA ESPAÑOLA,Nuclear,15.0
19,249.733,ASC2,C.N. ASCÓ 2,"ENDESA GENERACIÓN, S.A.",85,GENERACION,ZONA ESPAÑOLA,Nuclear,85.0
19,257.093,ASERSUL,AREA OFERTA SUL,SIMPLES ENERGIA DE ESPAÑA SL,100,GENERACION,ZONA PORTUGUESA,RE Tarifa CUR (uof),100.0
19,264.373,ASIAGU,HYDRO CUENCA AGÚERA,ASISTENCIA ENERGÉTICA S.L.,100,GENERACION,ZONA ESPAÑOLA,Hidráulica Generación,100.0
19,271.693,ASIDUE,HYDRO CUENCA DUERO,ASISTENCIA ENERGÉTICA S.L.,100,GENERACION,ZONA ESPAÑOLA,Hidráulica Generación,100.0
19,279.093,ASIEBRO,HYDRO CUENCA DUERO,ASISTENCIA ENERGÉTICA S.L.,100,GENERACION,ZONA ESPAÑOLA,Hidráulica Generación,100.0
19,286.333,ASIEBR2,HYDRO CUENCA EBRO,ASISTENCIA ENERGÉTICA S.L.,100,GENERACION,ZONA ESPAÑOLA,Hidráulica Generación,100.0
19,293.653,ASIJUCA,HYDRO CUENCA JUCAR,ASISTENCIA ENERGÉTICA S.L.,100,GENERACION,ZONA ESPAÑOLA,Hidráulica Generación,100.0
19,300.973,ASITAJ,HYDRO CUENCA TAJO,ASISTENCIA ENERGÉTICA S.L.,100,GENERACION,ZONA ESPAÑOLA,Hidráulica Generación,100.0
19,308.293,ASIVD01,VENTA TARIFA REPRESENTANTE,ASISTENCIA ENERGÉTICA S.L.,100,GENERACION,ZONA ESPAÑOLA,RE Mercado Hidráulica,100.0
19,315.613,ASIVD02,HIDRAUL REG ESP POT>5,ASISTENCIA ENERGÉTICA S.L.,100,GENERACION,ZONA ESPAÑOLA,RE Mercado Hidráulica,100.0
19,322.933,ASIVD03,FOTOV REG ESP P<10,ASISTENCIA ENERGÉTICA S.L.,100,GENERACION,ZONA ESPAÑOLA,RE Mercado Solar Fotovoltáica,100.0
19,330.253,ASIVD06,SOLAR FV MAYOR O IGUAL 5 MW,ASISTENCIA ENERGÉTICA S.L.,100,GENERACION,ZONA ESPAÑOLA,RE Mercado Solar Fotovoltáica,100.0
19,337.573,ASRIHCV,UO VENTA BATERIA SOTO RIBERA,"EDP ESPAÑA, S.A.U. (GENERACIÓN)",100,GENERACION,ZONA ESPAÑOLA,Almacenamiento Venta,100.0
19,344.893,ATERE01,ATENC REPR 01,ATENCO ENERGIA,100,GENERACION,ZONA ESPAÑOLA,RE Mercado Solar Fotovoltáica,100.0
19,352.213,ATERE02,ATENC REPR 02,ATENCO ENERGIA,100,GENERACION,ZONA ESPAÑOLA,RE Mercado Solar Fotovoltáica,100.0
19,359.533,ATERE03,ATENC REPR 03,ATENCO ENERGIA,100,GENERACION,ZONA ESPAÑOLA,RE Mercado Solar Fotovoltáica,100.0
19,366.853,ATLRE01,ATLRE01,ATLAS ENERGIA COMERCIAL SL,100,GENERACION,ZONA ESPAÑOLA,RE Mercado Solar Fotovoltáica,100.0
19,374.173,ATLRE02,ATLRE02,ATLAS ENERGIA COMERCIAL SL,100,GENERACION,ZONA ESPAÑOLA,RE Mercado Térmica no,100.0
19,387.613,AXPOV02,UNIDAD VENTA AGREGADOR,AXPO ENERGIA PORTUGAL,100,GENERACION,ZONA PORTUGUESA,RE Tarifa CUR (uof),100.0
19,394.933,BAHIAB,C.C. BAHÍA DE BIZKAIA,BAHIA DE BIZKAIA ELECTRICIDAD S.L.,100,GENERACION,ZONA ESPAÑOLA,Ciclo Combinado,100.0
19,402.253,BECVD01,BEC VENDA LLANARS,"BASSOLS ENERGÍA COMERCIAL, S.L.",100,GENERACION,ZONA ESPAÑOLA,RE Mercado Hidráulica,100.0
19,409.573,BECVD02,BEC VENDA CARLOT I MOLI NOU,"BASSOLS ENERGÍA COMERCIAL, S.L.",100,GENERACION,ZONA ESPAÑOLA,RE Mercado Hidráulica,100.0
19,416.893,BECVD03,BASSOLS ENERGÍA COMPRA (ESP),"BASSOLS ENERGÍA COMERCIAL, S.L.",100,GENERACION,ZONA ESPAÑOLA,RE Mercado Solar Fotovoltáica,100.0
19,424.213,BECVD04,BEC VENDA SOLAR ORION,"BASSOLS ENERGÍA COMERCIAL, S.L.",100,GENERACION,ZONA ESPAÑOLA,RE Mercado Solar Fotovoltáica,100.0
19,431.533,BERR1,BERROCALILLO 1,WIND TO MARKET (ACT.: COMERCIALIZACIÓN RE),100,GENERACION,ZONA ESPAÑOLA,Hidráulica Generación,100.0
19,438.853,BERR2,BERROCALILLO 2,WIND TO MARKET (ACT.: COMERCIALIZACIÓN RE),100,GENERACION,ZONA ESPAÑOLA,Hidráulica Generación,100.0
19,446.173,BES3,C.C. BESÓS 3,"ENDESA GENERACIÓN, S.A.",100,GENERACION,ZONA ESPAÑOLA,Ciclo Combinado,100.0
19,453.493,BES4,C.C. BESÓS 4,GAS NATURAL COMERCIALIZADORA,100,GENERACION,ZONA ESPAÑOLA,Ciclo Combinado,100.0
19,460.813,BES5,C.C. BESÓS 5,"ENDESA GENERACIÓN, S.A.",100,GENERACION,ZONA ESPAÑOLA,Ciclo Combinado,100.0
19,468.133,BNPRE01,BONPREU REPRESENTACION,"BON PREU, S.A.U.",100,GENERACION,ZONA ESPAÑOLA,RE Mercado Solar Fotovoltáica,100.0
19,475.453,BOLI,BOLINCHES,WIND TO MARKET (ACT.: COMERCIALIZACIÓN RE),100,GENERACION,ZONA ESPAÑOLA,Hidráulica Generación,100.0
19,482.773,BPRE03,BPREF01,"BP GAS AND POWER IBERIA, S.A.U.",100,GENERACION,ZONA ESPAÑOLA,RE Mercado Térmica no,100.0
19,496.213,BPRE04,BPREF02,"BP GAS AND POWER IBERIA, S.A.U.",100,GENERACION,ZONA ESPAÑOLA,RE Mercado Térmica no,100.0
19,509.653,BRR1R1,CT LOS BARRIOS REPR,"EDP ESPAÑA, S.A.U. (GENERACIÓN)",100,GENERACION,ZONA ESPAÑOLA,Carbón de Importación,100.0
19,516.973,BSGRE01,VENTA FV,BSG ENERGIA SL,100,GENERACION,ZONA ESPAÑOLA,RE Mercado Solar Fotovoltáica,100.0
19,524.293,BTNR,BTNR,"REPSOL GENERACIÓN ELÉCTRICA, S.A",100,GENERACION,ZONA ESPAÑOLA,Hidráulica Generación,100.0
19,531.613,CAMGI10,C.C. CAMPO DE GIBRALTAR 10,GAS NATURAL COMERCIALIZADORA,100,GENERACION,ZONA ESPAÑOLA,Ciclo Combinado,100.0
19,538.933,CAMG20R,CC. CAMPO DE GIBRALTAR 20,"SERVICIOS ENERGETICOS DE ALTA EFICIENCIA, S.A",100,GENERACION,ZONA ESPAÑOLA,Ciclo Combinado,100.0
19,546.253,CEDRE01,CEDSL REPR01,COMERCIALIZADORA DE ENERGIA DIRECTA S.L.,100,GENERACION,ZONA ESPAÑOLA,RE Mercado Solar Fotovoltáica,100.0
19,553.573,CEGPM4,PREC. MERC. SIN PRIMA HIDRAU,ENERGYA VM GENERACIÓN (ACT. COMER. RE),100,GENERACION,ZONA ESPAÑOLA,RE Mercado Hidráulica,100.0
19,560.893,CENRE01,CENTELLES GEN SOLAR 01,ELECTRACOMERCIAL CENTELLES,100,GENERACION,ZONA ESPAÑOLA,RE Mercado Solar Fotovoltáica,100.0
20,141.133,CENRE02,LA GAVARRA,ELECTRACOMERCIAL CENTELLES,100,GENERACION,ZONA ESPAÑOLA,RE Mercado Solar Fotovoltáica,100.0
20,148.453,CESOVD1,VENTA EXCEDENTES,"COMERCIALIZADORA ENERGETICA SOSTENIBLE, S.A.",100,GENERACION,ZONA ESPAÑOLA,RE Mercado Solar Fotovoltáica,100.0
20,155.773,CEVD001,TARIFA TÉRMICA <10,ENERGYA VM GENERACIÓN (ACT. COMER. RE),100,GENERACION,ZONA ESPAÑOLA,RE Mercado Térmica no,100.0
20,169.213,CEVD002,TARIFA RESIDUOS <10,ENERGYA VM GENERACIÓN (ACT. COMER. RE),100,GENERACION,ZONA ESPAÑOLA,RE Mercado Térmica Renovable,100.0
20,176.533,CEVD003,TARIFA FOTOVOLTAICA <10,ENERGYA VM GENERACIÓN (ACT. COMER. RE),100,GENERACION,ZONA ESPAÑOLA,RE Mercado Solar Fotovoltáica,100.0
20,183.853,CEVD004,TARIFA HIDRÁULICA <10,ENERGYA VM GENERACIÓN (ACT. COMER. RE),100,GENERACION,ZONA ESPAÑOLA,RE Mercado Hidráulica,100.0
20,191.173,CEVD011,ARTABRA - TARIFA TÉRMICA >10,ENERGYA VM GENERACIÓN (ACT. COMER. RE),100,GENERACION,ZONA ESPAÑOLA,RE Mercado Térmica no,100.0
20,204.613,CEVD020,UTISA - TARIFA TÉRMICA >10,ENERGYA VM GENERACIÓN (ACT. COMER. RE),100,GENERACION,ZONA ESPAÑOLA,RE Mercado Térmica no,100.0
20,218.093,CEVD025,HUNOSA - TARIFA TÉRMICA >10,ENERGYA VM GENERACIÓN (ACT. COMER. RE),100,GENERACION,ZONA ESPAÑOLA,RE Mercado Térmica no,100.0
20,231.493,CEVD028,MARE - TARIFA TÉRMICA >10,ENERGYA VM GENERACIÓN (ACT. COMER. RE),100,GENERACION,ZONA ESPAÑOLA,RE Mercado Térmica no,100.0
20,244.933,CEVD038,CANAL NAVARRA-TARIFA HIDRA >10,ENERGYA VM GENERACIÓN (ACT. COMER. RE),100,GENERACION,ZONA ESPAÑOLA,RE Mercado Hidráulica,100.0
20,252.253,CEVD044,BUTARQUE - TARIFA TÉRMICA >10,ENERGYA VM GENERACIÓN (ACT. COMER. RE),100,GENERACION,ZONA ESPAÑOLA,RE Mercado Térmica no,100.0
20,265.693,CEVD046,TOLSA - TARIFA TÉRMICA >10,ENERGYA VM GENERACIÓN (ACT. COMER. RE),100,GENERACION,ZONA ESPAÑOLA,RE Mercado Térmica no,100.0
20,279.133,CEVD051,BIOCAN - TARIFA RESIDUOS >10,ENERGYA VM GENERACIÓN (ACT. COMER. RE),100,GENERACION,ZONA ESPAÑOLA,RE Mercado Térmica Renovable,100.0
20,286.453,CEVD054,PECOTER - TARIFA EÓLICA >10,ENERGYA VM GENERACIÓN (ACT. COMER. RE),100,GENERACION,ZONA ESPAÑOLA,RE Mercado Eólica,100.0
20,293.773,CEVD057,MOYGIRA - TARIFA TÉRMICA >10,ENERGYA VM GENERACIÓN (ACT. COMER. RE),100,GENERACION,ZONA ESPAÑOLA,RE Mercado Térmica no,100.0
20,307.213,CEVD075,ALC. LA PUEBLA,ENERGYA VM GENERACIÓN (ACT. COMER. RE),100,GENERACION,ZONA ESPAÑOLA,RE Mercado Térmica no,100.0
20,320.653,CEVD076,HNE - NO GESTIONABLE,ENERGYA VM GENERACIÓN (ACT. COMER. RE),100,GENERACION,ZONA ESPAÑOLA,RE Mercado Hidráulica,100.0
20,327.973,CEVD204,RESID. COMARCA PAMPLONA B71,ENERGYA VM GENERACIÓN (ACT. COMER. RE),100,GENERACION,ZONA ESPAÑOLA,RE Mercado Térmica Renovable,100.0
20,335.293,CEVD205,TERMICA BUNGE,ENERGYA VM GENERACIÓN (ACT. COMER. RE),100,GENERACION,ZONA ESPAÑOLA,RE Mercado Térmica no,100.0
20,348.733,CEVD209,STO. CRISTO DE MAGALLON,ENERGYA VM GENERACIÓN (ACT. COMER. RE),100,GENERACION,ZONA ESPAÑOLA,RE Mercado Eólica,100.0
20,356.093,CEVD234,CEVD234,ENERGYA VM GENERACIÓN (ACT. COMER. RE),100,GENERACION,ZONA ESPAÑOLA,RE Mercado Eólica,100.0
20,363.373,CEVD235,CEVD235,ENERGYA VM GENERACIÓN (ACT. COMER. RE),100,GENERACION,ZONA ESPAÑOLA,RE Mercado Térmica no,100.0
20,376.813,CEVD244,FV. RENOV. RTS1 >1MW,ENERGYA VM GENERACIÓN (ACT. COMER. RE),100,GENERACION,ZONA ESPAÑOLA,RE Mercado Solar Fotovoltáica,100.0
20,384.133,CEVD249,FV +1MW,ENERGYA VM GENERACIÓN (ACT. COMER. RE),100,GENERACION,ZONA ESPAÑOLA,RE Mercado Solar Fotovoltáica,100.0
20,391.453,CEVD255,GALESA,ENERGYA VM GENERACIÓN (ACT. COMER. RE),100,GENERACION,ZONA ESPAÑOLA,RE Mercado Térmica no,100.0
20,404.893,CEVD256,GECASA - AÑARBE,ENERGYA VM GENERACIÓN (ACT. COMER. RE),100,GENERACION,ZONA ESPAÑOLA,RE Mercado Térmica no,100.0
20,418.333,CEVD264,CEVD264 - MOINSA,ENERGYA VM GENERACIÓN (ACT. COMER. RE),100,GENERACION,ZONA ESPAÑOLA,RE Mercado Térmica no,100.0
20,431.773,CEVD269,PIEROL,ENERGYA VM GENERACIÓN (ACT. COMER. RE),100,GENERACION,ZONA ESPAÑOLA,RE Mercado Térmica no,100.0
20,445.213,CEVD276,SALIN AÑANA,ENERGYA VM GENERACIÓN (ACT. COMER. RE),100,GENERACION,ZONA ESPAÑOLA,RE Mercado Térmica no,100.0
20,458.653,CEVD278,RELECO,ENERGYA VM GENERACIÓN (ACT. COMER. RE),100,GENERACION,ZONA ESPAÑOLA,RE Mercado Térmica no,100.0
20,472.093,CEVD279,AUSINES,ENERGYA VM GENERACIÓN (ACT. COMER. RE),100,GENERACION,ZONA ESPAÑOLA,RE Mercado Eólica,100.0
20,479.413,CEVD280,ARTESA,ENERGYA VM GENERACIÓN (ACT. COMER. RE),100,GENERACION,ZONA ESPAÑOLA,RE Mercado Hidráulica,100.0
20,486.733,CEVD281,EOL. CAPARROSO,ENERGYA VM GENERACIÓN (ACT. COMER. RE),100,GENERACION,ZONA ESPAÑOLA,RE Mercado Eólica,100.0
20,494.093,CEVD282,EOL. CABANILLAS,ENERGYA VM GENERACIÓN (ACT. COMER. RE),100,GENERACION,ZONA ESPAÑOLA,RE Mercado Eólica,100.0
20,501.373,CEVD283,LDV CASARES,ENERGYA VM GENERACIÓN (ACT. COMER. RE),100,GENERACION,ZONA ESPAÑOLA,RE Mercado Eólica,100.0
20,508.693,CEVD284,EOL. EBRO,ENERGYA VM GENERACIÓN (ACT. COMER. RE),100,GENERACION,ZONA ESPAÑOLA,RE Mercado Eólica,100.0
20,516.093,CEVD287,EOL. BANDERA,ENERGYA VM GENERACIÓN (ACT. COMER. RE),100,GENERACION,ZONA ESPAÑOLA,RE Mercado Eólica,100.0
20,523.333,CEVD288,CEVD288,ENERGYA VM GENERACIÓN (ACT. COMER. RE),100,GENERACION,ZONA ESPAÑOLA,RE Mercado Térmica no,100.0
20,536.773,CEVD289,EOLICA EVM ZR,ENERGYA VM GENERACIÓN (ACT. COMER. RE),100,GENERACION,ZONA ESPAÑOLA,RE Mercado Eólica,100.0
20,544.093,CEVD290,ALCOHOLERA LA PUEBLA,ENERGYA VM GENERACIÓN (ACT. COMER. RE),100,GENERACION,ZONA ESPAÑOLA,RE Mercado Térmica Renovable,100.0
20,551.413,CEVD293,ECOPARC,ENERGYA VM GENERACIÓN (ACT. COMER. RE),100,GENERACION,ZONA ESPAÑOLA,RE Mercado Térmica Renovable,100.0
20,558.733,CEVD294,INUSA RESIDUOS,ENERGYA VM GENERACIÓN (ACT. COMER. RE),100,GENERACION,ZONA ESPAÑOLA,RE Mercado Térmica Renovable,100.0
21,141.133,CEVD296,URBASER,ENERGYA VM GENERACIÓN (ACT. COMER. RE),100,GENERACION,ZONA ESPAÑOLA,RE Mercado Térmica Renovable,100.0
21,148.453,CEVD300,NOSTIAN: BABCOK+TECMED,ENERGYA VM GENERACIÓN (ACT. COMER. RE),100,GENERACION,ZONA ESPAÑOLA,RE Mercado Térmica Renovable,100.0
21,155.773,CEVD302,ELECDEY LEZUZA,ENERGYA VM GENERACIÓN (ACT. COMER. RE),100,GENERACION,ZONA ESPAÑOLA,RE Mercado Eólica,100.0
21,163.093,CEVD308,PE LOMA DE AYALA,ENERGYA VM GENERACIÓN (ACT. COMER. RE),100,GENERACION,ZONA ESPAÑOLA,RE Mercado Eólica,100.0
21,170.413,CEVD309,PE LOS JARALES,ENERGYA VM GENERACIÓN (ACT. COMER. RE),100,GENERACION,ZONA ESPAÑOLA,RE Mercado Eólica,100.0
21,177.733,CEVD328,PE SOTILLO,ENERGYA VM GENERACIÓN (ACT. COMER. RE),100,GENERACION,ZONA ESPAÑOLA,RE Mercado Eólica,100.0
21,185.093,CEVD329,CEVD329,ENERGYA VM GENERACIÓN (ACT. COMER. RE),100,GENERACION,ZONA ESPAÑOLA,RE Mercado Eólica,100.0
21,192.373,CEVD331,PE ABLITAS,ENERGYA VM GENERACIÓN (ACT. COMER. RE),100,GENERACION,ZONA ESPAÑOLA,RE Mercado Eólica,100.0
21,199.693,CEVD332,EOL VALDETELLAS,ENERGYA VM GENERACIÓN (ACT. COMER. RE),100,GENERACION,ZONA ESPAÑOLA,RE Mercado Eólica,100.0
21,207.093,CEVD334,MEH,ENERGYA VM GENERACIÓN (ACT. COMER. RE),100,GENERACION,ZONA ESPAÑOLA,RE Mercado Térmica no,100.0
21,220.453,CEVD339,PANTANE MECANISMO AJUSTE,ENERGYA VM GENERACIÓN (ACT. COMER. RE),100,GENERACION,ZONA ESPAÑOLA,RE Mercado Térmica no,100.0
21,233.893,CEVD340,PODEBO RDL 17_2022,ENERGYA VM GENERACIÓN (ACT. COMER. RE),100,GENERACION,ZONA ESPAÑOLA,RE Mercado Térmica no,100.0
21,247.333,CEVD344,FV. PUERTO REAL,ENERGYA VM GENERACIÓN (ACT. COMER. RE),100,GENERACION,ZONA ESPAÑOLA,RE Mercado Solar Fotovoltáica,100.0
21,254.653,CEVD345,FV. PRADO DE LUNA1,ENERGYA VM GENERACIÓN (ACT. COMER. RE),100,GENERACION,ZONA ESPAÑOLA,RE Mercado Solar Fotovoltáica,100.0
21,261.973,CEVD346,FV. PRADO DE LUNA 2,ENERGYA VM GENERACIÓN (ACT. COMER. RE),100,GENERACION,ZONA ESPAÑOLA,RE Mercado Solar Fotovoltáica,100.0
21,269.293,CEVD347,FV. PRADO DE LUNA 3,ENERGYA VM GENERACIÓN (ACT. COMER. RE),100,GENERACION,ZONA ESPAÑOLA,RE Mercado Solar Fotovoltáica,100.0
21,276.613,CEVD348,FV. EL CUARTILLEJO,ENERGYA VM GENERACIÓN (ACT. COMER. RE),100,GENERACION,ZONA ESPAÑOLA,RE Mercado Solar Fotovoltáica,100.0
21,283.933,CEVD349,CUTOLE_MAJ,ENERGYA VM GENERACIÓN (ACT. COMER. RE),100,GENERACION,ZONA ESPAÑOLA,RE Mercado Térmica no,100.0
21,297.373,CEVD352,P.E. CAMPO DE MAGALLON,ENERGYA VM GENERACIÓN (ACT. COMER. RE),100,GENERACION,ZONA ESPAÑOLA,RE Mercado Eólica,100.0
21,304.693,CEVD353,FV. LLANO1,ENERGYA VM GENERACIÓN (ACT. COMER. RE),100,GENERACION,ZONA ESPAÑOLA,RE Mercado Solar Fotovoltáica,100.0
21,312.093,CEVD354,FV. LLANO2,ENERGYA VM GENERACIÓN (ACT. COMER. RE),100,GENERACION,ZONA ESPAÑOLA,RE Mercado Solar Fotovoltáica,100.0
21,319.333,CEVD356,FV ALAMO,ENERGYA VM GENERACIÓN (ACT. COMER. RE),100,GENERACION,ZONA ESPAÑOLA,RE Mercado Solar Fotovoltáica,100.0
21,326.653,CEVD357,CH. TALAVE,ENERGYA VM GENERACIÓN (ACT. COMER. RE),100,GENERACION,ZONA ESPAÑOLA,RE Mercado Hidráulica,100.0
21,333.973,CEVD358,P.E. MULTITECNOLOGÍA ZR,ENERGYA VM GENERACIÓN (ACT. COMER. RE),100,GENERACION,ZONA ESPAÑOLA,RE Mercado Eólica,100.0
21,341.293,CEVD360,P.E. BECERRIL,ENERGYA VM GENERACIÓN (ACT. COMER. RE),100,GENERACION,ZONA ESPAÑOLA,RE Mercado Eólica,100.0
21,348.613,CEVD361,P.E. VALDELUGO,ENERGYA VM GENERACIÓN (ACT. COMER. RE),100,GENERACION,ZONA ESPAÑOLA,RE Mercado Eólica,100.0
21,355.933,CEVD368,RENOVALIA SOLAR 2,ENERGYA VM GENERACIÓN (ACT. COMER. RE),100,GENERACION,ZONA ESPAÑOLA,RE Mercado Solar Fotovoltáica,100.0
21,363.253,CEVD369,FV. LLANO3,ENERGYA VM GENERACIÓN (ACT. COMER. RE),100,GENERACION,ZONA ESPAÑOLA,RE Mercado Solar Fotovoltáica,100.0
21,370.573,CEVD371,FV. NATURENER SOLAR ALANGE,ENERGYA VM GENERACIÓN (ACT. COMER. RE),100,GENERACION,ZONA ESPAÑOLA,RE Mercado Solar Fotovoltáica,100.0
21,377.893,CEVD373,FV. CORONIL 1 - ECOIBERIA SOLA,ENERGYA VM GENERACIÓN (ACT. COMER. RE),100,GENERACION,ZONA ESPAÑOLA,RE Mercado Solar Fotovoltáica,100.0
21,385.213,CEVD374,FV. REGANTES SANTA MARIA,ENERGYA VM GENERACIÓN (ACT. COMER. RE),100,GENERACION,ZONA ESPAÑOLA,RE Mercado Solar Fotovoltáica,100.0
21,392.533,CEVD375,P.E. CARRERAS,ENERGYA VM GENERACIÓN (ACT. COMER. RE),100,GENERACION,ZONA ESPAÑOLA,RE Mercado Eólica,100.0
21,399.853,CEVD376,P.E. MANZANAL,ENERGYA VM GENERACIÓN (ACT. COMER. RE),100,GENERACION,ZONA ESPAÑOLA,RE Mercado Eólica,100.0
21,407.173,CEVD378,P.E. PEÑUCA,ENERGYA VM GENERACIÓN (ACT. COMER. RE),100,GENERACION,ZONA ESPAÑOLA,RE Mercado Eólica,100.0
21,414.493,CEVD381,P.E. VENTUM,ENERGYA VM GENERACIÓN (ACT. COMER. RE),100,GENERACION,ZONA ESPAÑOLA,RE Mercado Eólica,100.0
21,421.813,CEVD383,P.E. LOMILLAS,ENERGYA VM GENERACIÓN (ACT. COMER. RE),100,GENERACION,ZONA ESPAÑOLA,RE Mercado Eólica,100.0
21,429.133,CEVD384,FV BELINCHON 1,ENERGYA VM GENERACIÓN (ACT. COMER. RE),100,GENERACION,ZONA ESPAÑOLA,RE Mercado Solar Fotovoltáica,100.0
21,436.453,CEVD385,FV BELINCHON 2,ENERGYA VM GENERACIÓN (ACT. COMER. RE),100,GENERACION,ZONA ESPAÑOLA,RE Mercado Solar Fotovoltáica,100.0
21,443.773,CEVD386,FV BELINCHON 3,ENERGYA VM GENERACIÓN (ACT. COMER. RE),100,GENERACION,ZONA ESPAÑOLA,RE Mercado Solar Fotovoltáica,100.0
21,451.093,CEVD387,FV ORELLANA,ENERGYA VM GENERACIÓN (ACT. COMER. RE),100,GENERACION,ZONA ESPAÑOLA,RE Mercado Solar Fotovoltáica,100.0
21,458.413,CEVD395,SOLAR ALBACETE 1 RENOVALIA,ENERGYA VM GENERACIÓN (ACT. COMER. RE),100,GENERACION,ZONA ESPAÑOLA,RE Mercado Solar Fotovoltáica,100.0
21,465.733,CEVD396,SOLAR ALBACETE 2 RENOVALIA,ENERGYA VM GENERACIÓN (ACT. COMER. RE),100,GENERACION,ZONA ESPAÑOLA,RE Mercado Solar Fotovoltáica,100.0
21,473.093,CEVD397,FV CASA ANGEL RENOVALIA,ENERGYA VM GENERACIÓN (ACT. COMER. RE),100,GENERACION,ZONA ESPAÑOLA,RE Mercado Solar Fotovoltáica,100.0
21,480.373,CEVD400,FV VALLECAS,ENERGYA VM GENERACIÓN (ACT. COMER. RE),100,GENERACION,ZONA ESPAÑOLA,RE Mercado Solar Fotovoltáica,100.0
21,487.693,CEVD401,FV. CARAVACA,ENERGYA VM GENERACIÓN (ACT. COMER. RE),100,GENERACION,ZONA ESPAÑOLA,RE Mercado Solar Fotovoltáica,100.0
21,495.093,CEVD405,CH AZANON,ENERGYA VM GENERACIÓN (ACT. COMER. RE),100,GENERACION,ZONA ESPAÑOLA,RE Mercado Hidráulica,100.0
21,502.333,CEVD411,CH DUEROCANTO,ENERGYA VM GENERACIÓN (ACT. COMER. RE),100,GENERACION,ZONA ESPAÑOLA,RE Mercado Hidráulica,100.0
21,509.653,CEVD412,CH EUGUI,ENERGYA VM GENERACIÓN (ACT. COMER. RE),100,GENERACION,ZONA ESPAÑOLA,RE Mercado Hidráulica,100.0
21,516.973,CEVD413,CH EGUILLOR,ENERGYA VM GENERACIÓN (ACT. COMER. RE),100,GENERACION,ZONA ESPAÑOLA,RE Mercado Hidráulica,100.0
21,524.293,CEVD414,AÑARBE-GECASA2,ENERGYA VM GENERACIÓN (ACT. COMER. RE),100,GENERACION,ZONA ESPAÑOLA,RE Mercado Térmica no,100.0
21,537.733,CEVD440,MORALAS,ENERGYA VM GENERACIÓN (ACT. COMER. RE),100,GENERACION,ZONA ESPAÑOLA,RE Mercado Solar Fotovoltáica,100.0
21,545.093,CEVD449,TALEGA,ENERGYA VM GENERACIÓN (ACT. COMER. RE),100,GENERACION,ZONA ESPAÑOLA,RE Mercado Solar Fotovoltáica,100.0
21,552.373,CEVD450,P.E. AGON2,ENERGYA VM GENERACIÓN (ACT. COMER. RE),100,GENERACION,ZONA ESPAÑOLA,RE Mercado Eólica,100.0
21,559.693,CEVD452,FV. HITA,ENERGYA VM GENERACIÓN (ACT. COMER. RE),100,GENERACION,ZONA ESPAÑOLA,RE Mercado Solar Fotovoltáica,100.0
22,141.133,CEVD462,FV LUCAINENA,ENERGYA VM GENERACIÓN (ACT. COMER. RE),100,GENERACION,ZONA ESPAÑOLA,RE Mercado Solar Fotovoltáica,100.0
22,148.453,CEVD463,FV. RETAMALA,ENERGYA VM GENERACIÓN (ACT. COMER. RE),100,GENERACION,ZONA ESPAÑOLA,RE Mercado Solar Fotovoltáica,100.0
22,155.773,CEVD464,FV. RINCON,ENERGYA VM GENERACIÓN (ACT. COMER. RE),100,GENERACION,ZONA ESPAÑOLA,RE Mercado Solar Fotovoltáica,100.0
22,163.093,CEVD465,FV. VALDEFUENTES 1,ENERGYA VM GENERACIÓN (ACT. COMER. RE),100,GENERACION,ZONA ESPAÑOLA,RE Mercado Solar Fotovoltáica,100.0
22,170.413,CEVD466,FV. VALDEFUENTES 2,ENERGYA VM GENERACIÓN (ACT. COMER. RE),100,GENERACION,ZONA ESPAÑOLA,RE Mercado Solar Fotovoltáica,100.0
22,177.733,CEVD467,FV. CRUZ,ENERGYA VM GENERACIÓN (ACT. COMER. RE),100,GENERACION,ZONA ESPAÑOLA,RE Mercado Solar Fotovoltáica,100.0
22,185.093,CEVD468,FV. CUBILLAS,ENERGYA VM GENERACIÓN (ACT. COMER. RE),100,GENERACION,ZONA ESPAÑOLA,RE Mercado Solar Fotovoltáica,100.0
22,192.373,CEVD469,FV. VALMOJADO,ENERGYA VM GENERACIÓN (ACT. COMER. RE),100,GENERACION,ZONA ESPAÑOLA,RE Mercado Solar Fotovoltáica,100.0
22,199.693,CEVD470,FV. VALDEYEGUAS,ENERGYA VM GENERACIÓN (ACT. COMER. RE),100,GENERACION,ZONA ESPAÑOLA,RE Mercado Solar Fotovoltáica,100.0
22,207.093,CEVD471,FV. ZORITA,ENERGYA VM GENERACIÓN (ACT. COMER. RE),100,GENERACION,ZONA ESPAÑOLA,RE Mercado Solar Fotovoltáica,100.0
22,214.333,CEVD472,FV. COLON,ENERGYA VM GENERACIÓN (ACT. COMER. RE),100,GENERACION,ZONA ESPAÑOLA,RE Mercado Solar Fotovoltáica,100.0
22,221.653,CEVD473,FV. PALOMARES,ENERGYA VM GENERACIÓN (ACT. COMER. RE),100,GENERACION,ZONA ESPAÑOLA,RE Mercado Solar Fotovoltáica,100.0
22,228.973,CEVD475,FV. NUMANCIA SOLAR 1,ENERGYA VM GENERACIÓN (ACT. COMER. RE),100,GENERACION,ZONA ESPAÑOLA,RE Mercado Solar Fotovoltáica,100.0
22,236.293,CEVD476,FV. LAS ROZAS SOLAR,ENERGYA VM GENERACIÓN (ACT. COMER. RE),100,GENERACION,ZONA ESPAÑOLA,RE Mercado Solar Fotovoltáica,100.0
22,243.613,CEVD477,C.H. ARROYO POZOS,ENERGYA VM GENERACIÓN (ACT. COMER. RE),100,GENERACION,ZONA ESPAÑOLA,RE Mercado Hidráulica,100.0
22,250.933,CEVD478,BIOARTIGAS,ENERGYA VM GENERACIÓN (ACT. COMER. RE),100,GENERACION,ZONA ESPAÑOLA,RE Mercado Térmica Renovable,100.0
22,258.253,CEVD479,C.H. CAMPOSOLILLO,ENERGYA VM GENERACIÓN (ACT. COMER. RE),100,GENERACION,ZONA ESPAÑOLA,RE Mercado Hidráulica,100.0
22,265.573,CEVD480,C.H. BOCANA DEL CASAR,ENERGYA VM GENERACIÓN (ACT. COMER. RE),100,GENERACION,ZONA ESPAÑOLA,RE Mercado Hidráulica,100.0
22,272.893,CEVD481,C.H. CERRATO,ENERGYA VM GENERACIÓN (ACT. COMER. RE),100,GENERACION,ZONA ESPAÑOLA,RE Mercado Hidráulica,100.0
22,280.213,CEVD482,C.H. GORGOL,ENERGYA VM GENERACIÓN (ACT. COMER. RE),100,GENERACION,ZONA ESPAÑOLA,RE Mercado Hidráulica,100.0
22,287.533,CEVD483,C.H. LA ISLA,ENERGYA VM GENERACIÓN (ACT. COMER. RE),100,GENERACION,ZONA ESPAÑOLA,RE Mercado Hidráulica,100.0
22,294.853,CEVD484,BIOMERUELO,ENERGYA VM GENERACIÓN (ACT. COMER. RE),100,GENERACION,ZONA ESPAÑOLA,RE Mercado Térmica Renovable,100.0
22,302.173,CEVD485,C.H. PAMSA,ENERGYA VM GENERACIÓN (ACT. COMER. RE),100,GENERACION,ZONA ESPAÑOLA,RE Mercado Hidráulica,100.0
22,309.493,CEVD486,FV. BOLARQUE1,ENERGYA VM GENERACIÓN (ACT. COMER. RE),100,GENERACION,ZONA ESPAÑOLA,RE Mercado Solar Fotovoltáica,100.0
22,316.813,CEVD487,FV. BOLARQUE2,ENERGYA VM GENERACIÓN (ACT. COMER. RE),100,GENERACION,ZONA ESPAÑOLA,RE Mercado Solar Fotovoltáica,100.0
22,324.133,CEVD488,FV. BOLARQUE3,ENERGYA VM GENERACIÓN (ACT. COMER. RE),100,GENERACION,ZONA ESPAÑOLA,RE Mercado Solar Fotovoltáica,100.0
22,331.453,CEVD489,FV. ALMOGUERA1,ENERGYA VM GENERACIÓN (ACT. COMER. RE),100,GENERACION,ZONA ESPAÑOLA,RE Mercado Solar Fotovoltáica,100.0
22,338.773,CEVD490,FV JALÓN I,ENERGYA VM GENERACIÓN (ACT. COMER. RE),100,GENERACION,ZONA ESPAÑOLA,RE Mercado Solar Fotovoltáica,100.0
22,346.093,CEVD491,FV NAVARROS II,ENERGYA VM GENERACIÓN (ACT. COMER. RE),100,GENERACION,ZONA ESPAÑOLA,RE Mercado Solar Fotovoltáica,100.0
22,353.413,CEVD492,FV MÁS DE GIL,ENERGYA VM GENERACIÓN (ACT. COMER. RE),100,GENERACION,ZONA ESPAÑOLA,RE Mercado Solar Fotovoltáica,100.0
22,360.733,CEVD493,FV. NAVARROS I,ENERGYA VM GENERACIÓN (ACT. COMER. RE),100,GENERACION,ZONA ESPAÑOLA,RE Mercado Solar Fotovoltáica,100.0
22,368.093,CEVD494,FV. MYRTEA1,ENERGYA VM GENERACIÓN (ACT. COMER. RE),100,GENERACION,ZONA ESPAÑOLA,RE Mercado Solar Fotovoltáica,100.0
22,375.373,CEVD495,FV SOCOVOS 2,ENERGYA VM GENERACIÓN (ACT. COMER. RE),100,GENERACION,ZONA ESPAÑOLA,RE Mercado Solar Fotovoltáica,100.0
22,382.693,CEVD496,FV. NEOSOL,ENERGYA VM GENERACIÓN (ACT. COMER. RE),100,GENERACION,ZONA ESPAÑOLA,RE Mercado Solar Fotovoltáica,100.0
22,390.093,CEVD497,FV. PUCELAS,ENERGYA VM GENERACIÓN (ACT. COMER. RE),100,GENERACION,ZONA ESPAÑOLA,RE Mercado Solar Fotovoltáica,100.0
22,397.333,CEVD498,FV. YESERAS,ENERGYA VM GENERACIÓN (ACT. COMER. RE),100,GENERACION,ZONA ESPAÑOLA,RE Mercado Solar Fotovoltáica,100.0
22,404.653,CEVD499,P.E. PLASENCIA,ENERGYA VM GENERACIÓN (ACT. COMER. RE),100,GENERACION,ZONA ESPAÑOLA,RE Mercado Eólica,100.0
22,411.973,CEVD500,FV. ARCO 8,ENERGYA VM GENERACIÓN (ACT. COMER. RE),100,GENERACION,ZONA ESPAÑOLA,RE Mercado Solar Fotovoltáica,100.0
22,419.293,CEVD501,FV. VALDECARRETAS,ENERGYA VM GENERACIÓN (ACT. COMER. RE),100,GENERACION,ZONA ESPAÑOLA,RE Mercado Solar Fotovoltáica,100.0
22,426.613,CEVD502,FV. GUADAJOZ HIVE,ENERGYA VM GENERACIÓN (ACT. COMER. RE),100,GENERACION,ZONA ESPAÑOLA,RE Mercado Solar Fotovoltáica,100.0
22,433.933,CEVD503,FV. VILLAMAÑÁN,ENERGYA VM GENERACIÓN (ACT. COMER. RE),100,GENERACION,ZONA ESPAÑOLA,RE Mercado Solar Fotovoltáica,100.0
22,441.253,CEVD504,FV. ATALAYA,ENERGYA VM GENERACIÓN (ACT. COMER. RE),100,GENERACION,ZONA ESPAÑOLA,RE Mercado Solar Fotovoltáica,100.0
22,448.573,CEVD505,FV. GUZMÁN I,ENERGYA VM GENERACIÓN (ACT. COMER. RE),100,GENERACION,ZONA ESPAÑOLA,RE Mercado Solar Fotovoltáica,100.0
22,455.893,CEVD506,FV. LAS CORONADAS HIVE,ENERGYA VM GENERACIÓN (ACT. COMER. RE),100,GENERACION,ZONA ESPAÑOLA,RE Mercado Solar Fotovoltáica,100.0
22,463.213,CEVD507,FV. BURRIANA 1,ENERGYA VM GENERACIÓN (ACT. COMER. RE),100,GENERACION,ZONA ESPAÑOLA,RE Mercado Solar Fotovoltáica,100.0
22,470.533,CEVD508,FV. BURRIANA 2,ENERGYA VM GENERACIÓN (ACT. COMER. RE),100,GENERACION,ZONA ESPAÑOLA,RE Mercado Solar Fotovoltáica,100.0
22,477.853,CEVD509,FV. DON RODRIGO HIVE,ENERGYA VM GENERACIÓN (ACT. COMER. RE),100,GENERACION,ZONA ESPAÑOLA,RE Mercado Solar Fotovoltáica,100.0
22,485.173,CEVD510,FV. CAMPOS DEL RIO,ENERGYA VM GENERACIÓN (ACT. COMER. RE),100,GENERACION,ZONA ESPAÑOLA,RE Mercado Solar Fotovoltáica,100.0
22,492.493,CEVD511,FV. EL PEDRERO,ENERGYA VM GENERACIÓN (ACT. COMER. RE),100,GENERACION,ZONA ESPAÑOLA,RE Mercado Solar Fotovoltáica,100.0
22,499.813,CEVD512,FV. MIRABUENA,ENERGYA VM GENERACIÓN (ACT. COMER. RE),100,GENERACION,ZONA ESPAÑOLA,RE Mercado Solar Fotovoltáica,100.0
22,507.133,CEVD513,FV. CELENO SOLAR,ENERGYA VM GENERACIÓN (ACT. COMER. RE),100,GENERACION,ZONA ESPAÑOLA,RE Mercado Solar Fotovoltáica,100.0
22,514.453,CEVD514,FV. DENEB SOLAR,ENERGYA VM GENERACIÓN (ACT. COMER. RE),100,GENERACION,ZONA ESPAÑOLA,RE Mercado Solar Fotovoltáica,100.0
22,521.773,CILCOR,C. I. DE LA CORUÑA,REPSOL FUELS SA,100,GENERACION,ZONA ESPAÑOLA,RE Mercado Térmica no,100.0
22,535.213,CLIDV02,FV OURIKA,CLIDOMER UNIPESSOAL LDA,100,GENERACION,ZONA PORTUGUESA,RE Tarifa CUR (uof),100.0
22,542.533,CLIVD01,UNIDAD OFERTA TARIFA,HOLALUZ-CLIDOM SA,100,GENERACION,ZONA ESPAÑOLA,RE Mercado Solar Fotovoltáica,100.0
22,549.853,CLIVD05,FOTOVOLTAICA TIPO 10,HOLALUZ-CLIDOM SA,100,GENERACION,ZONA ESPAÑOLA,RE Mercado Solar Fotovoltáica,100.0
22,557.173,CLIVD48,CLIVD48,HOLALUZ-CLIDOM SA,100,GENERACION,ZONA ESPAÑOLA,RE Mercado Solar Fotovoltáica,100.0
23,141.133,CLIVD49,CLIVD49,HOLALUZ-CLIDOM SA,100,GENERACION,ZONA ESPAÑOLA,RE Mercado Solar Fotovoltáica,100.0
23,148.453,CLIVD50,CLIVD50,HOLALUZ-CLIDOM SA,100,GENERACION,ZONA ESPAÑOLA,RE Mercado Solar Fotovoltáica,100.0
23,155.773,CLIVD54,CLIVD54,HOLALUZ-CLIDOM SA,100,GENERACION,ZONA ESPAÑOLA,RE Mercado Solar Fotovoltáica,100.0
23,163.093,CLIVD58,CLIVD58,HOLALUZ-CLIDOM SA,100,GENERACION,ZONA ESPAÑOLA,RE Mercado Solar Fotovoltáica,100.0
23,170.413,CLIVD65,CLIVD65,HOLALUZ-CLIDOM SA,100,GENERACION,ZONA ESPAÑOLA,RE Mercado Solar Fotovoltáica,100.0
23,177.733,CLIVD73,CLIVD73,HOLALUZ-CLIDOM SA,100,GENERACION,ZONA ESPAÑOLA,RE Mercado Solar Fotovoltáica,100.0
23,185.093,CLIVD74,CLIVD74,HOLALUZ-CLIDOM SA,100,GENERACION,ZONA ESPAÑOLA,RE Mercado Solar Fotovoltáica,100.0
23,192.373,CLIVD75,CLIVD75,HOLALUZ-CLIDOM SA,100,GENERACION,ZONA ESPAÑOLA,RE Mercado Solar Fotovoltáica,100.0
23,199.693,CLIVD77,CLIVD77,HOLALUZ-CLIDOM SA,100,GENERACION,ZONA ESPAÑOLA,RE Mercado Térmica no,100.0
23,213.133,CNCRE01,VENTA EXCEDENTES FV,CONECTA2 ENERGIA SL,100,GENERACION,ZONA ESPAÑOLA,RE Mercado Solar Fotovoltáica,100.0
23,220.453,CNCRE02,FV MAYOR1MW,CONECTA2 ENERGIA SL,100,GENERACION,ZONA ESPAÑOLA,RE Mercado Solar Fotovoltáica,100.0
23,227.773,COF1,C.N. COFRENTES,IBERDROLA ENERGÍA ESPAÑA S..A.,100,GENERACION,ZONA ESPAÑOLA,Nuclear,100.0
23,235.093,COGEVD3,VENTA AE VD1,ENERGY BY COGEN,100,GENERACION,ZONA ESPAÑOLA,RE Mercado Térmica no,100.0
23,248.533,COGEVD4,VENTA AE COGENERACION,ENERGY BY COGEN,100,GENERACION,ZONA ESPAÑOLA,RE Mercado Térmica no,100.0
23,261.973,COGEVD5,VENTA AE COGENERACION 3,ENERGY BY COGEN,100,GENERACION,ZONA ESPAÑOLA,RE Mercado Térmica no,100.0
23,275.413,COGEVD6,VENTA AE COGENERACION 4,ENERGY BY COGEN,100,GENERACION,ZONA ESPAÑOLA,RE Mercado Térmica no,100.0
23,288.853,COGEVD7,VENTA AE COGENERACION 5,ENERGY BY COGEN,100,GENERACION,ZONA ESPAÑOLA,RE Mercado Térmica no,100.0
23,302.293,COGEVD8,VENTA AE COGENERACION,ENERGY BY COGEN,100,GENERACION,ZONA ESPAÑOLA,RE Mercado Térmica no,100.0
23,315.733,COGVD10,VENTA AE COGENERACION 10,ENERGY BY COGEN,100,GENERACION,ZONA ESPAÑOLA,RE Mercado Térmica no,100.0
23,329.173,COGVD11,VENTA AE COGENERACION 11,ENERGY BY COGEN,100,GENERACION,ZONA ESPAÑOLA,RE Mercado Térmica no,100.0
23,342.613,COGVD12,VENTA AE COGENERACION 12,ENERGY BY COGEN,100,GENERACION,ZONA ESPAÑOLA,RE Mercado Térmica no,100.0
23,356.093,COGVD13,VENTA AE COGENERACION 13,ENERGY BY COGEN,100,GENERACION,ZONA ESPAÑOLA,RE Mercado Térmica no,100.0
23,369.493,COGVD14,VENTA AE COGENERACION 14,ENERGY BY COGEN,100,GENERACION,ZONA ESPAÑOLA,RE Mercado Térmica no,100.0
23,382.933,COGVD15,VENTA AE COGENERACION 15,ENERGY BY COGEN,100,GENERACION,ZONA ESPAÑOLA,RE Mercado Térmica no,100.0
23,396.373,COGVD16,VENTA AE COGENERACION 16,ENERGY BY COGEN,100,GENERACION,ZONA ESPAÑOLA,RE Mercado Térmica no,100.0
23,409.813,COGVD17,VENTA AE COGENERACION 17,ENERGY BY COGEN,100,GENERACION,ZONA ESPAÑOLA,RE Mercado Térmica no,100.0
23,423.253,COGVD18,VENTA AE COGENERACION 18,ENERGY BY COGEN,100,GENERACION,ZONA ESPAÑOLA,RE Mercado Térmica no,100.0
23,436.693,COGVD19,VENTA AE COGENERACION 19,ENERGY BY COGEN,100,GENERACION,ZONA ESPAÑOLA,RE Mercado Térmica Renovable,100.0
23,444.093,COGVD20,VENTA AE COGENERACION 20,ENERGY BY COGEN,100,GENERACION,ZONA ESPAÑOLA,RE Mercado Térmica no,100.0
23,457.453,COGVD21,VENTA AE COGENERACION 21,ENERGY BY COGEN,100,GENERACION,ZONA ESPAÑOLA,RE Mercado Térmica no,100.0
23,470.893,COGVD22,VENTA AE COGENERACION 22,ENERGY BY COGEN,100,GENERACION,ZONA ESPAÑOLA,RE Mercado Térmica no,100.0
23,484.333,COGVD24,VENTA AE COGENERACION 24,ENERGY BY COGEN,100,GENERACION,ZONA ESPAÑOLA,RE Mercado Térmica no,100.0
23,497.773,COGVD25,VENTA AE COGENERACION 25,ENERGY BY COGEN,100,GENERACION,ZONA ESPAÑOLA,RE Mercado Térmica no,100.0
23,511.213,COG75RR,COG75RR,"REPSOL SERVICIOS RENOVABLES, S.A.",100,GENERACION,ZONA ESPAÑOLA,RE Mercado Térmica no,100.0
23,524.653,COL4,C.C. COLÓN 4,"ENDESA GENERACIÓN, S.A.",100,GENERACION,ZONA ESPAÑOLA,Ciclo Combinado,100.0
23,531.973,CTGN1,C.C. CARTAGENA 1,GAS NATURAL COMERCIALIZADORA,100,GENERACION,ZONA ESPAÑOLA,Ciclo Combinado,100.0
23,539.293,CTGN2,C.C. CARTAGENA 2,GAS NATURAL COMERCIALIZADORA,100,GENERACION,ZONA ESPAÑOLA,Ciclo Combinado,100.0
23,546.613,CTGN3,C.C. CARTAGENA 3,GAS NATURAL COMERCIALIZADORA,100,GENERACION,ZONA ESPAÑOLA,Ciclo Combinado,100.0
23,553.933,CTJON1R,CC. CASTEJON1 REPR,TOTALENERGIES GAS AND POWER LIMITED,100,GENERACION,ZONA ESPAÑOLA,Ciclo Combinado,100.0
23,561.253,CTJON2,C.C. CASTEJÓN 2,IBERDROLA ENERGÍA ESPAÑA S..A.,100,GENERACION,ZONA ESPAÑOLA,Ciclo Combinado,100.0
24,141.133,CTJON3R,CC CASTEJON 3 REPR,TOTALENERGIES GAS AND POWER LIMITED,100,GENERACION,ZONA ESPAÑOLA,Ciclo Combinado,100.0
24,148.453,CTNJUC2,UGH CASTELNOU,ENGIE CASTELNOU,100,GENERACION,ZONA ESPAÑOLA,Hidráulica Generación,100.0
24,155.773,CTNU,C.C. CASTELNOU,ENGIE CASTELNOU,100,GENERACION,ZONA ESPAÑOLA,Ciclo Combinado,100.0
24,163.093,CTN3,C.C. CASTELLÓN 3,IBERDROLA ENERGÍA ESPAÑA S..A.,100,GENERACION,ZONA ESPAÑOLA,Ciclo Combinado,100.0
24,170.413,CTN4,C.C. CASTELLÓN 4,IBERDROLA ENERGÍA ESPAÑA S..A.,100,GENERACION,ZONA ESPAÑOLA,Ciclo Combinado,100.0
24,177.733,CYEVD01,UOF REPR FV TAR CON DESVIO 1,CYE ENERGIA S.L.,100,GENERACION,ZONA ESPAÑOLA,RE Mercado Solar Fotovoltáica,100.0
24,185.093,CYEVD05,UOF REPR FV TAR SUP 1MW,CYE ENERGIA S.L.,100,GENERACION,ZONA ESPAÑOLA,RE Mercado Solar Fotovoltáica,100.0
24,192.373,DETCRE1,DETISA COM VENTA REG. ESPECIAL,"MOEVE GAS AND POWER, S.A.U",100,GENERACION,ZONA ESPAÑOLA,RE Mercado Térmica no,100.0
24,205.813,DETVD03,VENTA PRODUCTOR DETIC,"MOEVE GAS AND POWER, S.A.U",100,GENERACION,ZONA ESPAÑOLA,RE Mercado Térmica no,100.0
24,219.253,DETVD10,DETVD10,"MOEVE GAS AND POWER, S.A.U",100,GENERACION,ZONA ESPAÑOLA,RE Mercado Térmica no,100.0
24,232.693,DETVD17,DETVD17,"MOEVE GAS AND POWER, S.A.U",100,GENERACION,ZONA ESPAÑOLA,RE Mercado Térmica no,100.0
24,246.133,DETVD19,DETVD19,"MOEVE GAS AND POWER, S.A.U",100,GENERACION,ZONA ESPAÑOLA,RE Mercado Térmica no,100.0
24,259.573,DETVD25,DETVD25,"MOEVE GAS AND POWER, S.A.U",100,GENERACION,ZONA ESPAÑOLA,RE Mercado Térmica no,100.0
24,273.093,DETVD27,DETVD27,"MOEVE GAS AND POWER, S.A.U",100,GENERACION,ZONA ESPAÑOLA,RE Mercado Térmica no,100.0
24,286.453,DETVD29,DETVD29,"MOEVE GAS AND POWER, S.A.U",100,GENERACION,ZONA ESPAÑOLA,RE Mercado Térmica Renovable,100.0
24,293.773,DETVD30,DETVD30,"MOEVE GAS AND POWER, S.A.U",100,GENERACION,ZONA ESPAÑOLA,RE Mercado Térmica no,100.0
24,307.213,DETVD34,DETVD34,"MOEVE GAS AND POWER, S.A.U",100,GENERACION,ZONA ESPAÑOLA,RE Mercado Solar Fotovoltáica,100.0
24,314.533,DETVD35,DETVD35,"MOEVE GAS AND POWER, S.A.U",100,GENERACION,ZONA ESPAÑOLA,RE Mercado Hidráulica,100.0
24,321.853,DETVD36,DETVD36,"MOEVE GAS AND POWER, S.A.U",100,GENERACION,ZONA ESPAÑOLA,RE Mercado Hidráulica,100.0
24,329.173,DETVD37,DETVD37,"MOEVE GAS AND POWER, S.A.U",100,GENERACION,ZONA ESPAÑOLA,RE Mercado Hidráulica,100.0
24,336.493,DETVD38,DETVD38,"MOEVE GAS AND POWER, S.A.U",100,GENERACION,ZONA ESPAÑOLA,RE Mercado Térmica no,100.0
24,349.933,DETVD42,DETVD42,"MOEVE GAS AND POWER, S.A.U",100,GENERACION,ZONA ESPAÑOLA,RE Mercado Térmica no,100.0
24,363.373,DETVD43,DETVD43,"MOEVE GAS AND POWER, S.A.U",100,GENERACION,ZONA ESPAÑOLA,RE Mercado Térmica no,100.0
24,376.813,DETVD44,DETVD44,"MOEVE GAS AND POWER, S.A.U",100,GENERACION,ZONA ESPAÑOLA,RE Mercado Térmica no,100.0
24,390.253,DETVD46,DETVD46,"MOEVE GAS AND POWER, S.A.U",100,GENERACION,ZONA ESPAÑOLA,RE Mercado Térmica no,100.0
24,403.693,DETVD48,DETVD48,"MOEVE GAS AND POWER, S.A.U",100,GENERACION,ZONA ESPAÑOLA,RE Mercado Térmica no,100.0
24,417.133,DETVD49,DETVD49,"MOEVE GAS AND POWER, S.A.U",100,GENERACION,ZONA ESPAÑOLA,RE Mercado Térmica no,100.0
24,430.573,DETVD51,DETVD51,"MOEVE GAS AND POWER, S.A.U",100,GENERACION,ZONA ESPAÑOLA,RE Mercado Térmica Renovable,100.0
24,437.893,DETVD53,DETVD53,"MOEVE GAS AND POWER, S.A.U",100,GENERACION,ZONA ESPAÑOLA,RE Mercado Térmica no,100.0
24,451.333,DETVD54,DETVD54,"MOEVE GAS AND POWER, S.A.U",100,GENERACION,ZONA ESPAÑOLA,RE Mercado Térmica no,100.0
24,464.773,DETVD55,DETVD55,"MOEVE GAS AND POWER, S.A.U",100,GENERACION,ZONA ESPAÑOLA,RE Mercado Térmica no,100.0
24,478.213,DETVD57,DETVD57,"MOEVE GAS AND POWER, S.A.U",100,GENERACION,ZONA ESPAÑOLA,RE Mercado Térmica no,100.0
24,491.653,DETVD58,DETVD58,"MOEVE GAS AND POWER, S.A.U",100,GENERACION,ZONA ESPAÑOLA,RE Mercado Térmica no,100.0
24,505.093,DETVD65,DETVD65,"MOEVE GAS AND POWER, S.A.U",100,GENERACION,ZONA ESPAÑOLA,RE Mercado Hidráulica,100.0
24,512.413,DETVD66,DETVD66,"MOEVE GAS AND POWER, S.A.U",100,GENERACION,ZONA ESPAÑOLA,RE Mercado Solar Fotovoltáica,100.0
24,519.733,DETVD68,DETVD68,"MOEVE GAS AND POWER, S.A.U",100,GENERACION,ZONA ESPAÑOLA,RE Mercado Térmica no,100.0
24,533.173,DETVD70,DETVD70,"MOEVE GAS AND POWER, S.A.U",100,GENERACION,ZONA ESPAÑOLA,RE Mercado Hidráulica,100.0
24,540.493,DETVD71,DETVD71,"MOEVE GAS AND POWER, S.A.U",100,GENERACION,ZONA ESPAÑOLA,RE Mercado Hidráulica,100.0
24,547.813,DETVD72,DETVD72,"MOEVE GAS AND POWER, S.A.U",100,GENERACION,ZONA ESPAÑOLA,RE Mercado Hidráulica,100.0
24,555.133,DETVD73,DETVD73,"MOEVE GAS AND POWER, S.A.U",100,GENERACION,ZONA ESPAÑOLA,RE Mercado Hidráulica,100.0
24,562.453,DETVD74,DETVD74,"MOEVE GAS AND POWER, S.A.U",100,GENERACION,ZONA ESPAÑOLA,RE Mercado Hidráulica,100.0
25,141.133,DETVD75,DETVD75,"MOEVE GAS AND POWER, S.A.U",100,GENERACION,ZONA ESPAÑOLA,RE Mercado Hidráulica,100.0
25,148.453,DETVD76,DETVD76,"MOEVE GAS AND POWER, S.A.U",100,GENERACION,ZONA ESPAÑOLA,RE Mercado Hidráulica,100.0
25,155.773,DETVD77,DETVD77,"MOEVE GAS AND POWER, S.A.U",100,GENERACION,ZONA ESPAÑOLA,RE Mercado Hidráulica,100.0
25,163.093,DETVD78,DETVD78,"MOEVE GAS AND POWER, S.A.U",100,GENERACION,ZONA ESPAÑOLA,RE Mercado Hidráulica,100.0
25,170.413,DETVD79,DETVD79,"MOEVE GAS AND POWER, S.A.U",100,GENERACION,ZONA ESPAÑOLA,RE Mercado Hidráulica,100.0
25,177.733,DETVD80,DETVD80,"MOEVE GAS AND POWER, S.A.U",100,GENERACION,ZONA ESPAÑOLA,RE Mercado Hidráulica,100.0
25,185.093,DETVD81,DETVD81,"MOEVE GAS AND POWER, S.A.U",100,GENERACION,ZONA ESPAÑOLA,RE Mercado Hidráulica,100.0
25,192.373,DETVD82,DETVD82,"MOEVE GAS AND POWER, S.A.U",100,GENERACION,ZONA ESPAÑOLA,RE Mercado Hidráulica,100.0
25,199.693,DETVD83,DETVD83,"MOEVE GAS AND POWER, S.A.U",100,GENERACION,ZONA ESPAÑOLA,RE Mercado Hidráulica,100.0
25,207.093,DETVD84,DETVD84,"MOEVE GAS AND POWER, S.A.U",100,GENERACION,ZONA ESPAÑOLA,RE Mercado Hidráulica,100.0
25,214.333,DETVD85,DETVD85,"MOEVE GAS AND POWER, S.A.U",100,GENERACION,ZONA ESPAÑOLA,RE Mercado Eólica,100.0
25,221.653,DETVD86,DETVD86,"MOEVE GAS AND POWER, S.A.U",100,GENERACION,ZONA ESPAÑOLA,RE Mercado Térmica no,100.0
25,235.093,DETVD87,DETVD87,"MOEVE GAS AND POWER, S.A.U",100,GENERACION,ZONA ESPAÑOLA,RE Mercado Térmica no,100.0
25,248.533,DOUSUP,DOURO INTERNACIONAL,MOVHERA - HIDROELÉTRICAS DO NORTE SA,100,GENERACION,ZONA PORTUGUESA,Hidráulica Generación,100.0
25,255.853,DREVD01,UO RD 413/2014,"FOENER ENERGÍA, S.L.",100,GENERACION,ZONA ESPAÑOLA,RE Mercado Solar Fotovoltáica,100.0
25,263.173,DREVD02,UO RD 413/2014 SUP 1MW,"FOENER ENERGÍA, S.L.",100,GENERACION,ZONA ESPAÑOLA,RE Mercado Solar Fotovoltáica,100.0
25,270.493,DREVD05,VENTA CLIMASTER,"FOENER ENERGÍA, S.L.",100,GENERACION,ZONA ESPAÑOLA,RE Mercado Solar Fotovoltáica,100.0
25,277.813,DREVD06,VENTA ZARZA SOLAR,"FOENER ENERGÍA, S.L.",100,GENERACION,ZONA ESPAÑOLA,RE Mercado Solar Fotovoltáica,100.0
25,285.133,DREVD07,VENTA FV PILAR DE LA HORADADA,"FOENER ENERGÍA, S.L.",100,GENERACION,ZONA ESPAÑOLA,RE Mercado Solar Fotovoltáica,100.0
25,292.453,DREVD08,VENTA FV BANYERES 1600,"FOENER ENERGÍA, S.L.",100,GENERACION,ZONA ESPAÑOLA,RE Mercado Solar Fotovoltáica,100.0
25,299.773,DREVD09,VENTA FV BELINCHON,"FOENER ENERGÍA, S.L.",100,GENERACION,ZONA ESPAÑOLA,RE Mercado Solar Fotovoltáica,100.0
25,307.093,DREVD11,VENTA FV CHINESTRA,"FOENER ENERGÍA, S.L.",100,GENERACION,ZONA ESPAÑOLA,RE Mercado Solar Fotovoltáica,100.0
25,314.413,DREVD12,VENTA FV VILANOVA II,"FOENER ENERGÍA, S.L.",100,GENERACION,ZONA ESPAÑOLA,RE Mercado Solar Fotovoltáica,100.0
25,321.733,DREVD13,VENTA FV MAS DE CATALA,"FOENER ENERGÍA, S.L.",100,GENERACION,ZONA ESPAÑOLA,RE Mercado Solar Fotovoltáica,100.0
25,329.093,DREVD14,VENTA FV ALMANSA I,"FOENER ENERGÍA, S.L.",100,GENERACION,ZONA ESPAÑOLA,RE Mercado Solar Fotovoltáica,100.0
25,336.373,DREVD15,VENTA FV ALMANSA II,"FOENER ENERGÍA, S.L.",100,GENERACION,ZONA ESPAÑOLA,RE Mercado Solar Fotovoltáica,100.0
25,343.693,DREVD16,VENTA FV CONSELL,"FOENER ENERGÍA, S.L.",100,GENERACION,ZONA ESPAÑOLA,RE Mercado Solar Fotovoltáica,100.0
25,351.093,DREVD18,VENTA FV TOBOSO I,"FOENER ENERGÍA, S.L.",100,GENERACION,ZONA ESPAÑOLA,RE Mercado Solar Fotovoltáica,100.0
25,358.333,DREVD19,VENTA FV MARCHAL,"FOENER ENERGÍA, S.L.",100,GENERACION,ZONA ESPAÑOLA,RE Mercado Solar Fotovoltáica,100.0
25,365.653,DREVD20,VENTA FV HORCAJO,"FOENER ENERGÍA, S.L.",100,GENERACION,ZONA ESPAÑOLA,RE Mercado Solar Fotovoltáica,100.0
25,372.973,DREVD21,VENTA FV TERVALIS,"FOENER ENERGÍA, S.L.",100,GENERACION,ZONA ESPAÑOLA,RE Mercado Solar Fotovoltáica,100.0
25,380.293,DREVD22,VENTA FV BENEIXAMA,"FOENER ENERGÍA, S.L.",100,GENERACION,ZONA ESPAÑOLA,RE Mercado Solar Fotovoltáica,100.0
25,387.613,DREVD23,VENTA FV CALERA,"FOENER ENERGÍA, S.L.",100,GENERACION,ZONA ESPAÑOLA,RE Mercado Solar Fotovoltáica,100.0
25,394.933,DREVD24,VENTA FV TOBOSO II,"FOENER ENERGÍA, S.L.",100,GENERACION,ZONA ESPAÑOLA,RE Mercado Solar Fotovoltáica,100.0
25,402.253,DREVD26,VENTA FV VILLENA,"FOENER ENERGÍA, S.L.",100,GENERACION,ZONA ESPAÑOLA,RE Mercado Solar Fotovoltáica,100.0
25,409.573,DREVD27,VENTA FV CALIG,"FOENER ENERGÍA, S.L.",100,GENERACION,ZONA ESPAÑOLA,RE Mercado Solar Fotovoltáica,100.0
25,416.893,DTVD001,DTVD001,"MOEVE GAS AND POWER, S.A.U",100,GENERACION,ZONA ESPAÑOLA,RE Mercado Térmica no,100.0
25,430.333,DTVD002,DTVD002,"MOEVE GAS AND POWER, S.A.U",100,GENERACION,ZONA ESPAÑOLA,RE Mercado Térmica no,100.0
25,443.773,DTVD003,DTVD003,"MOEVE GAS AND POWER, S.A.U",100,GENERACION,ZONA ESPAÑOLA,RE Mercado Térmica no,100.0
25,457.213,DTVD004,DTVD004,"MOEVE GAS AND POWER, S.A.U",100,GENERACION,ZONA ESPAÑOLA,RE Mercado Térmica no,100.0
25,470.653,DTVD005,DTVD005,"MOEVE GAS AND POWER, S.A.U",100,GENERACION,ZONA ESPAÑOLA,RE Mercado Térmica no,100.0
25,484.093,DTVD006,DTVD006,"MOEVE GAS AND POWER, S.A.U",100,GENERACION,ZONA ESPAÑOLA,RE Mercado Térmica no,100.0
25,497.533,DTVD007,DTVD007,"MOEVE GAS AND POWER, S.A.U",100,GENERACION,ZONA ESPAÑOLA,RE Mercado Térmica no,100.0
25,510.973,DTVD008,DTVD008,"MOEVE GAS AND POWER, S.A.U",100,GENERACION,ZONA ESPAÑOLA,RE Mercado Térmica no,100.0
25,524.413,DTVD009,DTVD009,"MOEVE GAS AND POWER, S.A.U",100,GENERACION,ZONA ESPAÑOLA,RE Mercado Térmica no,100.0
25,537.853,DTVD010,DTVD010,"MOEVE GAS AND POWER, S.A.U",100,GENERACION,ZONA ESPAÑOLA,RE Mercado Térmica no,100.0
25,551.293,DTVD011,DTVD011,"MOEVE GAS AND POWER, S.A.U",100,GENERACION,ZONA ESPAÑOLA,RE Mercado Térmica no,100.0
26,141.133,DTVD012,DTVD012,"MOEVE GAS AND POWER, S.A.U",100,GENERACION,ZONA ESPAÑOLA,RE Mercado Térmica no,100.0
26,154.573,DTVD013,DTVD013,"MOEVE GAS AND POWER, S.A.U",100,GENERACION,ZONA ESPAÑOLA,RE Mercado Térmica no,100.0
26,168.093,DTVD015,DTVD015,"MOEVE GAS AND POWER, S.A.U",100,GENERACION,ZONA ESPAÑOLA,RE Mercado Térmica no,100.0
26,181.453,DTVD016,DTVD016,"MOEVE GAS AND POWER, S.A.U",100,GENERACION,ZONA ESPAÑOLA,RE Mercado Térmica no,100.0
26,194.893,DTVD017,DTVD017,"MOEVE GAS AND POWER, S.A.U",100,GENERACION,ZONA ESPAÑOLA,RE Mercado Térmica no,100.0
26,208.333,DTVD018,DTVD018,"MOEVE GAS AND POWER, S.A.U",100,GENERACION,ZONA ESPAÑOLA,RE Mercado Térmica no,100.0
26,221.773,DTVD019,DTVD019,"MOEVE GAS AND POWER, S.A.U",100,GENERACION,ZONA ESPAÑOLA,RE Mercado Térmica no,100.0
26,235.213,DTVD020,DTVD020,"MOEVE GAS AND POWER, S.A.U",100,GENERACION,ZONA ESPAÑOLA,RE Mercado Térmica no,100.0
26,248.653,DTVD021,DTVD021,"MOEVE GAS AND POWER, S.A.U",100,GENERACION,ZONA ESPAÑOLA,RE Mercado Térmica no,100.0
26,262.093,DTVD023,DTVD023,"MOEVE GAS AND POWER, S.A.U",100,GENERACION,ZONA ESPAÑOLA,RE Mercado Térmica no,100.0
26,275.533,DTVD024,DTVD024,"MOEVE GAS AND POWER, S.A.U",100,GENERACION,ZONA ESPAÑOLA,RE Mercado Térmica no,100.0
26,288.973,DTVD025,DTVD025,"MOEVE GAS AND POWER, S.A.U",100,GENERACION,ZONA ESPAÑOLA,RE Mercado Térmica no,100.0
26,302.413,DTVD027,DTVD027,"MOEVE GAS AND POWER, S.A.U",100,GENERACION,ZONA ESPAÑOLA,RE Mercado Térmica no,100.0
26,315.853,DTVD029,DTVD029,"MOEVE GAS AND POWER, S.A.U",100,GENERACION,ZONA ESPAÑOLA,RE Mercado Térmica no,100.0
26,329.293,DTVD030,DTVD030,"MOEVE GAS AND POWER, S.A.U",100,GENERACION,ZONA ESPAÑOLA,RE Mercado Térmica no,100.0
26,342.733,DTVD031,DTVD031,"MOEVE GAS AND POWER, S.A.U",100,GENERACION,ZONA ESPAÑOLA,RE Mercado Térmica no,100.0
26,356.173,DTVD033,DTVD033,"MOEVE GAS AND POWER, S.A.U",100,GENERACION,ZONA ESPAÑOLA,RE Mercado Térmica no,100.0
26,369.613,DTVD034,DTVD034,"MOEVE GAS AND POWER, S.A.U",100,GENERACION,ZONA ESPAÑOLA,RE Mercado Térmica no,100.0
26,383.093,DTVD035,DTVD035,"MOEVE GAS AND POWER, S.A.U",100,GENERACION,ZONA ESPAÑOLA,RE Mercado Térmica no,100.0
26,396.493,DTVD036,DTVD036,"MOEVE GAS AND POWER, S.A.U",100,GENERACION,ZONA ESPAÑOLA,RE Mercado Térmica no,100.0
26,409.933,DTVD038,DTVD038,"MOEVE GAS AND POWER, S.A.U",100,GENERACION,ZONA ESPAÑOLA,RE Mercado Térmica no,100.0
26,423.373,DTVD039,DTVD039,"MOEVE GAS AND POWER, S.A.U",100,GENERACION,ZONA ESPAÑOLA,RE Mercado Térmica no,100.0
26,436.813,DTVD040,DTVD040,"MOEVE GAS AND POWER, S.A.U",100,GENERACION,ZONA ESPAÑOLA,RE Mercado Térmica no,100.0
26,450.253,DTVD041,DTVD041,"MOEVE GAS AND POWER, S.A.U",100,GENERACION,ZONA ESPAÑOLA,RE Mercado Térmica no,100.0
26,463.693,DTVD042,DTVD042,"MOEVE GAS AND POWER, S.A.U",100,GENERACION,ZONA ESPAÑOLA,RE Mercado Térmica no,100.0
26,477.133,DTVD043,DTVD043,"MOEVE GAS AND POWER, S.A.U",100,GENERACION,ZONA ESPAÑOLA,RE Mercado Térmica no,100.0
26,490.573,DTVD045,DTVD045,"MOEVE GAS AND POWER, S.A.U",100,GENERACION,ZONA ESPAÑOLA,RE Mercado Térmica no,100.0
26,504.093,DTVD046,DTVD046,"MOEVE GAS AND POWER, S.A.U",100,GENERACION,ZONA ESPAÑOLA,RE Mercado Térmica no,100.0
26,517.453,DTVD047,DTVD047,"MOEVE GAS AND POWER, S.A.U",100,GENERACION,ZONA ESPAÑOLA,RE Mercado Térmica no,100.0
26,530.893,DTVD048,DTVD048,"MOEVE GAS AND POWER, S.A.U",100,GENERACION,ZONA ESPAÑOLA,RE Mercado Térmica no,100.0
26,544.333,DTVD049,DTVD049,"MOEVE GAS AND POWER, S.A.U",100,GENERACION,ZONA ESPAÑOLA,RE Mercado Térmica no,100.0
26,557.773,DTVD050,DTVD050,"MOEVE GAS AND POWER, S.A.U",100,GENERACION,ZONA ESPAÑOLA,RE Mercado Térmica no,100.0
27,141.133,DTVD052,DTVD052,"MOEVE GAS AND POWER, S.A.U",100,GENERACION,ZONA ESPAÑOLA,RE Mercado Térmica no,100.0
27,154.573,DTVD053,DTVD053,"MOEVE GAS AND POWER, S.A.U",100,GENERACION,ZONA ESPAÑOLA,RE Mercado Térmica no,100.0
27,168.093,DTVD054,DTVD054,"MOEVE GAS AND POWER, S.A.U",100,GENERACION,ZONA ESPAÑOLA,RE Mercado Térmica no,100.0
27,181.453,DTVD056,DTVD056,"MOEVE GAS AND POWER, S.A.U",100,GENERACION,ZONA ESPAÑOLA,RE Mercado Térmica no,100.0
27,194.893,DTVD058,DTVD058,"MOEVE GAS AND POWER, S.A.U",100,GENERACION,ZONA ESPAÑOLA,RE Mercado Térmica no,100.0
27,208.333,DTVD059,DTVD059,"MOEVE GAS AND POWER, S.A.U",100,GENERACION,ZONA ESPAÑOLA,RE Mercado Térmica no,100.0
27,221.773,DTVD060,DTVD060,"MOEVE GAS AND POWER, S.A.U",100,GENERACION,ZONA ESPAÑOLA,RE Mercado Térmica no,100.0
27,235.213,DTVD061,DTVD061,"MOEVE GAS AND POWER, S.A.U",100,GENERACION,ZONA ESPAÑOLA,RE Mercado Térmica no,100.0
27,248.653,DTVD063,DTVD063,"MOEVE GAS AND POWER, S.A.U",100,GENERACION,ZONA ESPAÑOLA,RE Mercado Térmica Renovable,100.0
27,255.973,DTVD064,DTVD064,"MOEVE GAS AND POWER, S.A.U",100,GENERACION,ZONA ESPAÑOLA,RE Mercado Térmica no,100.0
27,269.413,DTVD065,DTVD065,"MOEVE GAS AND POWER, S.A.U",100,GENERACION,ZONA ESPAÑOLA,RE Mercado Térmica no,100.0
27,282.853,DTVD067,DTVD067,"MOEVE GAS AND POWER, S.A.U",100,GENERACION,ZONA ESPAÑOLA,RE Mercado Térmica no,100.0
27,296.293,DTVD068,DTVD068,"MOEVE GAS AND POWER, S.A.U",100,GENERACION,ZONA ESPAÑOLA,RE Mercado Solar Fotovoltáica,100.0
27,303.613,DTVD069,DTVD069,"MOEVE GAS AND POWER, S.A.U",100,GENERACION,ZONA ESPAÑOLA,RE Mercado Térmica no,100.0
27,317.093,DTVD070,DTVD070,"MOEVE GAS AND POWER, S.A.U",100,GENERACION,ZONA ESPAÑOLA,RE Mercado Térmica no,100.0
27,330.493,DTVD071,DTVD071,"MOEVE GAS AND POWER, S.A.U",100,GENERACION,ZONA ESPAÑOLA,RE Mercado Térmica no,100.0
27,343.933,DTVD072,DTVD072,"MOEVE GAS AND POWER, S.A.U",100,GENERACION,ZONA ESPAÑOLA,RE Mercado Térmica no,100.0
27,357.373,DTVD073,DTVD073,"MOEVE GAS AND POWER, S.A.U",100,GENERACION,ZONA ESPAÑOLA,RE Mercado Térmica Renovable,100.0
27,364.693,DTVD074,DTVD074,"MOEVE GAS AND POWER, S.A.U",100,GENERACION,ZONA ESPAÑOLA,RE Mercado Térmica no,100.0
27,378.133,DTVD075,DTVD075,"MOEVE GAS AND POWER, S.A.U",100,GENERACION,ZONA ESPAÑOLA,RE Mercado Térmica no,100.0
27,391.573,DUER,UGH. DUERO,IBERDROLA ENERGÍA ESPAÑA S..A.,100,GENERACION,ZONA ESPAÑOLA,Hidráulica Generación,100.0
27,398.893,DXTVD01,AGRUPACION HIDRO 1,DXT COMMODITIES SA,100,GENERACION,ZONA ESPAÑOLA,RE Mercado Hidráulica,100.0
27,406.213,DXTVD02,AGRUPACION HIDRO 2,DXT COMMODITIES SA,100,GENERACION,ZONA ESPAÑOLA,RE Mercado Hidráulica,100.0
27,413.533,DXTVD03,AGRUPACION HIDRO 3,DXT COMMODITIES SA,100,GENERACION,ZONA ESPAÑOLA,RE Mercado Hidráulica,100.0
27,420.853,EAMVD02,GRAFENO,"ELÉCTRICA ANTONIO MADRID, S.L.",100,GENERACION,ZONA ESPAÑOLA,RE Mercado Solar Fotovoltáica,100.0
27,428.173,EAMVD03,EAMVD03,"ELÉCTRICA ANTONIO MADRID, S.L.",100,GENERACION,ZONA ESPAÑOLA,RE Mercado Solar Fotovoltáica,100.0
27,435.493,EAMVD04,EAMVD04,"ELÉCTRICA ANTONIO MADRID, S.L.",100,GENERACION,ZONA ESPAÑOLA,RE Mercado Solar Fotovoltáica,100.0
27,442.813,EAMVD05,EAMVD05,"ELÉCTRICA ANTONIO MADRID, S.L.",100,GENERACION,ZONA ESPAÑOLA,RE Mercado Solar Fotovoltáica,100.0
27,450.133,EAMVD06,EAMVD06,"ELÉCTRICA ANTONIO MADRID, S.L.",100,GENERACION,ZONA ESPAÑOLA,RE Mercado Solar Fotovoltáica,100.0
27,457.453,EBLCVD1,EBL CLIENTES A TARIFA,"ENGIE ESPAÑA,S.L.U",100,GENERACION,ZONA ESPAÑOLA,RE Mercado Hidráulica,100.0
27,464.773,EBLCVD2,EBL CLIENTES REPRESENTACIÓN,"ENGIE ESPAÑA,S.L.U",100,GENERACION,ZONA ESPAÑOLA,RE Mercado Térmica no,100.0
27,478.213,EBLCVD3,REPRESENTACION EOLICA 1,"ENGIE ESPAÑA,S.L.U",100,GENERACION,ZONA ESPAÑOLA,RE Mercado Eólica,100.0
27,485.533,EBLCVD4,REPRESENTACION EOLICA 2,"ENGIE ESPAÑA,S.L.U",100,GENERACION,ZONA ESPAÑOLA,RE Mercado Eólica,100.0
27,492.853,EBLCVD5,REPRESENTACÍON PV 50,"ENGIE ESPAÑA,S.L.U",100,GENERACION,ZONA ESPAÑOLA,RE Mercado Solar Fotovoltáica,100.0
27,500.173,EBLVD14,REPRESENTACION EOLICA 14,"ENGIE ESPAÑA,S.L.U",100,GENERACION,ZONA ESPAÑOLA,RE Mercado Eólica,100.0
27,507.493,EBLVD15,REPRESENTACION EOLICA 15,"ENGIE ESPAÑA,S.L.U",100,GENERACION,ZONA ESPAÑOLA,RE Mercado Eólica,100.0
27,514.813,EBLVD16,REPRESENTACION EOLICA 16,"ENGIE ESPAÑA,S.L.U",100,GENERACION,ZONA ESPAÑOLA,RE Mercado Eólica,100.0
27,522.133,EBLVD17,REPRESENTACION EOLICA 17,"ENGIE ESPAÑA,S.L.U",100,GENERACION,ZONA ESPAÑOLA,RE Mercado Eólica,100.0
27,529.453,EBLVD22,REPRESENTACION EOLICA 22,"ENGIE ESPAÑA,S.L.U",100,GENERACION,ZONA ESPAÑOLA,RE Mercado Eólica,100.0
27,536.773,EBLVD24,REPRESENTACIÓN EÓLICA 24,"ENGIE ESPAÑA,S.L.U",100,GENERACION,ZONA ESPAÑOLA,RE Mercado Eólica,100.0
27,544.093,EBLVD25,REPRESENTACIÓN EÓLICA 25,"ENGIE ESPAÑA,S.L.U",100,GENERACION,ZONA ESPAÑOLA,RE Mercado Eólica,100.0
27,551.413,EBLVD32,REPRESENTACIÓN PV5,"ENGIE ESPAÑA,S.L.U",100,GENERACION,ZONA ESPAÑOLA,RE Mercado Solar Fotovoltáica,100.0
27,558.733,EBLVD35,REPRESENTACIÓN EÓLICA 35,"ENGIE ESPAÑA,S.L.U",100,GENERACION,ZONA ESPAÑOLA,RE Mercado Eólica,100.0
28,141.133,EBLVD36,REPRESENTACIÓN EÓLICA 36,"ENGIE ESPAÑA,S.L.U",100,GENERACION,ZONA ESPAÑOLA,RE Mercado Eólica,100.0
28,148.453,EBLVD39,REPRESENTACIÓN TÉRMICA 5,"ENGIE ESPAÑA,S.L.U",100,GENERACION,ZONA ESPAÑOLA,RE Mercado Térmica no,100.0
28,161.893,EBLVD40,REPRESENTACIÓN EÓLICA 40,"ENGIE ESPAÑA,S.L.U",100,GENERACION,ZONA ESPAÑOLA,RE Mercado Eólica,100.0
28,169.213,EBLVD41,REPRESENTACIÓN EÓLICA 41,"ENGIE ESPAÑA,S.L.U",100,GENERACION,ZONA ESPAÑOLA,RE Mercado Eólica,100.0
28,176.533,EBLVD42,REPRESENTACIÓN EÓLICA 42,"ENGIE ESPAÑA,S.L.U",100,GENERACION,ZONA ESPAÑOLA,RE Mercado Eólica,100.0
28,183.853,EBLVD43,REPRESENTACIÓN EÓLICA 43,"ENGIE ESPAÑA,S.L.U",100,GENERACION,ZONA ESPAÑOLA,RE Mercado Eólica,100.0
28,191.173,EBLVD44,REPRESENTACIÓN EÓLICA 44,"ENGIE ESPAÑA,S.L.U",100,GENERACION,ZONA ESPAÑOLA,RE Mercado Eólica,100.0
28,198.493,EBLVD45,REPRESENTACIÓN EÓLICA 45,"ENGIE ESPAÑA,S.L.U",100,GENERACION,ZONA ESPAÑOLA,RE Mercado Eólica,100.0
28,205.813,EBLVD46,REPRESENTACIÓN EÓLICA 46,"ENGIE ESPAÑA,S.L.U",100,GENERACION,ZONA ESPAÑOLA,RE Mercado Eólica,100.0
28,213.133,EBLVD47,REPRESENTACIÓN EÓLICA 47,"ENGIE ESPAÑA,S.L.U",100,GENERACION,ZONA ESPAÑOLA,RE Mercado Eólica,100.0
28,220.453,EBLVD48,REPRESENTACIÓN EÓLICA 48,"ENGIE ESPAÑA,S.L.U",100,GENERACION,ZONA ESPAÑOLA,RE Mercado Eólica,100.0
28,227.773,EBLVD49,REPRESENTACIÓN EÓLICA 49,"ENGIE ESPAÑA,S.L.U",100,GENERACION,ZONA ESPAÑOLA,RE Mercado Eólica,100.0
28,235.093,EBLVD50,REPRESENTACIÓN EÓLICA 50,"ENGIE ESPAÑA,S.L.U",100,GENERACION,ZONA ESPAÑOLA,RE Mercado Eólica,100.0
28,242.413,EBLVD51,REPRESENTACIÓN EÓLICA 51,"ENGIE ESPAÑA,S.L.U",100,GENERACION,ZONA ESPAÑOLA,RE Mercado Eólica,100.0
28,249.733,EBLVD52,REPRESENTACIÓN EÓLICA 52,"ENGIE ESPAÑA,S.L.U",100,GENERACION,ZONA ESPAÑOLA,RE Mercado Eólica,100.0
28,257.093,EBLVD53,REPRESENTACIÓN EÓLICA 53,"ENGIE ESPAÑA,S.L.U",100,GENERACION,ZONA ESPAÑOLA,RE Mercado Eólica,100.0
28,264.373,EBLVD54,REPRESENTACIÓN EÓLICA 54,"ENGIE ESPAÑA,S.L.U",100,GENERACION,ZONA ESPAÑOLA,RE Mercado Eólica,100.0
28,271.693,EBLVD55,REPRESENTACIÓN EÓLICA 55,"ENGIE ESPAÑA,S.L.U",100,GENERACION,ZONA ESPAÑOLA,RE Mercado Eólica,100.0
28,279.093,EBLVD56,REPRESENTACIÓN EÓLICA 56,"ENGIE ESPAÑA,S.L.U",100,GENERACION,ZONA ESPAÑOLA,RE Mercado Eólica,100.0
28,286.333,EBLVD57,REPRESENTACIÓN EÓLICA 57,"ENGIE ESPAÑA,S.L.U",100,GENERACION,ZONA ESPAÑOLA,RE Mercado Eólica,100.0
28,293.653,EBLVD58,REPRESENTACIÓN EÓLICA 58,"ENGIE ESPAÑA,S.L.U",100,GENERACION,ZONA ESPAÑOLA,RE Mercado Eólica,100.0
28,300.973,EBLVD59,REPRESENTACIÓN EÓLICA 59,"ENGIE ESPAÑA,S.L.U",100,GENERACION,ZONA ESPAÑOLA,RE Mercado Eólica,100.0
28,308.293,EBLVD60,REPRESENTACIÓN EÓLICA 60,"ENGIE ESPAÑA,S.L.U",100,GENERACION,ZONA ESPAÑOLA,RE Mercado Eólica,100.0
28,315.613,EBLVD61,REPRESENTACIÓN FOTOVOLTAICA 61,"ENGIE ESPAÑA,S.L.U",100,GENERACION,ZONA ESPAÑOLA,RE Mercado Solar Fotovoltáica,100.0
28,322.933,EBLVD62,REPRESENTACIÓN EÓLICA 62,"ENGIE ESPAÑA,S.L.U",100,GENERACION,ZONA ESPAÑOLA,RE Mercado Eólica,100.0
28,330.253,EBLVD63,PARQUE FV 63,"ENGIE ESPAÑA,S.L.U",100,GENERACION,ZONA ESPAÑOLA,RE Mercado Solar Fotovoltáica,100.0
28,337.573,EBLVD64,PARQUE FV 64,"ENGIE ESPAÑA,S.L.U",100,GENERACION,ZONA ESPAÑOLA,RE Mercado Solar Fotovoltáica,100.0
28,344.893,EBLVD65,PARQUE FV 65,"ENGIE ESPAÑA,S.L.U",100,GENERACION,ZONA ESPAÑOLA,RE Mercado Solar Fotovoltáica,100.0
28,352.213,EBLVD66,PARQUE FV 66,"ENGIE ESPAÑA,S.L.U",100,GENERACION,ZONA ESPAÑOLA,RE Mercado Solar Fotovoltáica,100.0
28,359.533,EBLVD67,PARQUE FV 67,"ENGIE ESPAÑA,S.L.U",100,GENERACION,ZONA ESPAÑOLA,RE Mercado Solar Fotovoltáica,100.0
28,366.853,EBLVD68,PARQUE FV 68,"ENGIE ESPAÑA,S.L.U",100,GENERACION,ZONA ESPAÑOLA,RE Mercado Solar Fotovoltáica,100.0
28,374.173,EBLVD69,REPRESENTACIÓN FV 69,"ENGIE ESPAÑA,S.L.U",100,GENERACION,ZONA ESPAÑOLA,RE Mercado Solar Fotovoltáica,100.0
28,381.493,EBLVD70,PARQUE FV 70,"ENGIE ESPAÑA,S.L.U",100,GENERACION,ZONA ESPAÑOLA,RE Mercado Solar Fotovoltáica,100.0
28,388.813,EBLVD71,REPRESENTACIÓN FV 71,"ENGIE ESPAÑA,S.L.U",100,GENERACION,ZONA ESPAÑOLA,RE Mercado Solar Fotovoltáica,100.0
28,396.133,EBLVD72,REPRESENTACIÓN FV 72,"ENGIE ESPAÑA,S.L.U",100,GENERACION,ZONA ESPAÑOLA,RE Mercado Solar Fotovoltáica,100.0
28,403.453,EBLVD74,REPRESENTACION EOLICA 74,"ENGIE ESPAÑA,S.L.U",100,GENERACION,ZONA ESPAÑOLA,RE Mercado Eólica,100.0
28,410.773,EBLVD75,REPRESENTACION EOLICA 75,"ENGIE ESPAÑA,S.L.U",100,GENERACION,ZONA ESPAÑOLA,RE Mercado Eólica,100.0
28,418.093,EBLVD76,REPRESENTACIÓN FV 76,"ENGIE ESPAÑA,S.L.U",100,GENERACION,ZONA ESPAÑOLA,RE Mercado Solar Fotovoltáica,100.0
28,425.413,EBLVD77,REPRESENTACION EOLICA_77,"ENGIE ESPAÑA,S.L.U",100,GENERACION,ZONA ESPAÑOLA,RE Mercado Solar Fotovoltáica,100.0
28,432.733,EBLVD78,REPRESENTACION EOLICA 78,"ENGIE ESPAÑA,S.L.U",100,GENERACION,ZONA ESPAÑOLA,RE Mercado Eólica,100.0
28,440.093,EBRA,UGH. EBRO ALTO (IBERDROLA),IBERDROLA ENERGÍA ESPAÑA S..A.,100,GENERACION,ZONA ESPAÑOLA,Hidráulica Generación,100.0
28,447.373,EBRERZ,UGH. EBRO ERZ,"ENDESA GENERACIÓN, S.A.",100,GENERACION,ZONA ESPAÑOLA,Hidráulica Generación,100.0
28,454.693,EBRFEN,UGH EBRO FECSA ENHER GARONA,"ENDESA GENERACIÓN, S.A.",100,GENERACION,ZONA ESPAÑOLA,Hidráulica Generación,100.0
28,462.093,ECHO,CHORRO DEL DUQUE,WIND TO MARKET (ACT.: COMERCIALIZACIÓN RE),100,GENERACION,ZONA ESPAÑOLA,Hidráulica Generación,100.0
28,469.333,ECOCV02,ECOCH VENTA,"ECO CHOICE,SA",100,GENERACION,ZONA PORTUGUESA,RE Tarifa CUR (uof),100.0
28,476.653,ECT2,C.C. ESCATRÓN 2,IGNIS ENERGIA S.L.,100,GENERACION,ZONA ESPAÑOLA,Ciclo Combinado,100.0
28,483.973,ECT3,C.C. ESCATRÓN 3,"REPSOL SERVICIOS RENOVABLES, S.A.",100,GENERACION,ZONA ESPAÑOLA,Ciclo Combinado,100.0
28,491.293,ECYRRE1,ECYR VENTA REG. ESP. 1,ENDESA GENERACIÓN (ENDESA CICLOS COMBINADOS),100,GENERACION,ZONA ESPAÑOLA,RE Mercado Eólica,100.0
28,498.613,EDPGPV2,VENTA REPRESENTACION REG. ESP.,EDP GEM PORTUGAL S.A.,100,GENERACION,ZONA PORTUGUESA,RE Tarifa CUR (uof),100.0
28,505.933,EDPSVD1,VENTA RE,"SU ELETRICIDADE, S.A.",100,GENERACION,ZONA PORTUGUESA,RE Tarifa CUR (uof),100.0
28,513.253,EDPSVD2,VENDA DE RE CUR,"SU ELETRICIDADE, S.A.",100,GENERACION,ZONA PORTUGUESA,RE Tarifa CUR (uof),100.0
28,520.573,EDPSVD3,ATIVOS LEILÃO SOLAR JULHO 2019,"SU ELETRICIDADE, S.A.",100,GENERACION,ZONA PORTUGUESA,RE Tarifa CUR (uof),100.0
28,527.893,EDPV2,VENTA AUTOCONSUMO,EDP COMERCIAL COMERCIALIZACAO DE ENERGIA SA,100,GENERACION,ZONA PORTUGUESA,RE Tarifa CUR (uof),100.0
28,541.333,EDRE001,ACCIONA VENTA 001,ACCIONA GREEN ENERGY DEVELOPMENTS (ACT. COMERCI,100,GENERACION,ZONA ESPAÑOLA,RE Mercado Solar Fotovoltáica,100.0
28,548.653,EDRE002,ACCIONA VENTA 002,ACCIONA GREEN ENERGY DEVELOPMENTS (ACT. COMERCI,100,GENERACION,ZONA ESPAÑOLA,RE Mercado Solar Fotovoltáica,100.0
28,555.973,EDRE003,ACCIONA VENTA 003,ACCIONA GREEN ENERGY DEVELOPMENTS (ACT. COMERCI,100,GENERACION,ZONA ESPAÑOLA,RE Mercado Hidráulica,100.0
28,563.293,EDRE004,ACCIONA VENTA 004,ACCIONA GREEN ENERGY DEVELOPMENTS (ACT. COMERCI,100,GENERACION,ZONA ESPAÑOLA,RE Mercado Hidráulica,100.0
29,141.133,EDRE005,ACCIONA VENTA 005,ACCIONA GREEN ENERGY DEVELOPMENTS (ACT. COMERCI,100,GENERACION,ZONA ESPAÑOLA,RE Mercado Térmica Renovable,100.0
29,148.453,EDRE006,ACCIONA VENTA 006,ACCIONA GREEN ENERGY DEVELOPMENTS (ACT. COMERCI,100,GENERACION,ZONA ESPAÑOLA,RE Mercado Solar Fotovoltáica,100.0
29,155.773,EDRE007,ACCIONA VENTA 007,ACCIONA GREEN ENERGY DEVELOPMENTS (ACT. COMERCI,100,GENERACION,ZONA ESPAÑOLA,RE Mercado Solar Fotovoltáica,100.0
29,163.093,EDRE008,ACCIONA VENTA 008,ACCIONA GREEN ENERGY DEVELOPMENTS (ACT. COMERCI,100,GENERACION,ZONA ESPAÑOLA,RE Mercado Térmica Renovable,100.0
29,170.413,EDRE009,ACCIONA VENTA 009,ACCIONA GREEN ENERGY DEVELOPMENTS (ACT. COMERCI,100,GENERACION,ZONA ESPAÑOLA,RE Mercado Térmica no,100.0
29,183.853,EDRE010,ACCIONA VENTA 010,ACCIONA GREEN ENERGY DEVELOPMENTS (ACT. COMERCI,100,GENERACION,ZONA ESPAÑOLA,RE Mercado Térmica no,100.0
29,197.293,EDRE012,ACCIONA VENTA 012,ACCIONA GREEN ENERGY DEVELOPMENTS (ACT. COMERCI,100,GENERACION,ZONA ESPAÑOLA,RE Mercado Eólica,100.0
29,204.613,EDRE013,ACCIONA VENTA 013,ACCIONA GREEN ENERGY DEVELOPMENTS (ACT. COMERCI,100,GENERACION,ZONA ESPAÑOLA,RE Mercado Eólica,100.0
29,211.933,EDRE014,ACCIONA VENTA 014,ACCIONA GREEN ENERGY DEVELOPMENTS (ACT. COMERCI,100,GENERACION,ZONA ESPAÑOLA,RE Mercado Eólica,100.0
29,219.253,EDRE015,ACCIONA VENTA 015,ACCIONA GREEN ENERGY DEVELOPMENTS (ACT. COMERCI,100,GENERACION,ZONA ESPAÑOLA,RE Mercado Eólica,100.0
29,226.573,EDRE016,ACCIONA VENTA 016,ACCIONA GREEN ENERGY DEVELOPMENTS (ACT. COMERCI,100,GENERACION,ZONA ESPAÑOLA,RE Mercado Eólica,100.0
29,233.893,EDRE017,ACCIONA VENTA 017,ACCIONA GREEN ENERGY DEVELOPMENTS (ACT. COMERCI,100,GENERACION,ZONA ESPAÑOLA,RE Mercado Eólica,100.0
29,241.213,EDRE018,ACCIONA VENTA 018,ACCIONA GREEN ENERGY DEVELOPMENTS (ACT. COMERCI,100,GENERACION,ZONA ESPAÑOLA,RE Mercado Eólica,100.0
29,248.533,EDRE019,ACCIONA VENTA 019,ACCIONA GREEN ENERGY DEVELOPMENTS (ACT. COMERCI,100,GENERACION,ZONA ESPAÑOLA,RE Mercado Eólica,100.0
29,255.853,EDRE020,ACCIONA VENTA 020,ACCIONA GREEN ENERGY DEVELOPMENTS (ACT. COMERCI,100,GENERACION,ZONA ESPAÑOLA,RE Mercado Eólica,100.0
29,263.173,EDRE021,ACCIONA VENTA 021,ACCIONA GREEN ENERGY DEVELOPMENTS (ACT. COMERCI,100,GENERACION,ZONA ESPAÑOLA,RE Mercado Eólica,100.0
29,270.493,EDRE022,ACCIONA VENTA 022,ACCIONA GREEN ENERGY DEVELOPMENTS (ACT. COMERCI,100,GENERACION,ZONA ESPAÑOLA,RE Mercado Eólica,100.0
29,277.813,EDRE027,ACCIONA VENTA 027,ACCIONA GREEN ENERGY DEVELOPMENTS (ACT. COMERCI,100,GENERACION,ZONA ESPAÑOLA,RE Mercado Eólica,100.0
29,285.133,EDRE029,ACCIONA VENTA 029,ACCIONA GREEN ENERGY DEVELOPMENTS (ACT. COMERCI,100,GENERACION,ZONA ESPAÑOLA,RE Mercado Eólica,100.0
29,292.453,EDRE030,ACCIONA VENTA 030,ACCIONA GREEN ENERGY DEVELOPMENTS (ACT. COMERCI,100,GENERACION,ZONA ESPAÑOLA,RE Mercado Hidráulica,100.0
29,299.773,EDRE031,SALTOS DE AGUA MAYORES,ACCIONA GREEN ENERGY DEVELOPMENTS (ACT. COMERCI,100,GENERACION,ZONA ESPAÑOLA,RE Mercado Hidráulica,100.0
29,307.093,EDRE032,SALTOS DEL NANSA I,ACCIONA GREEN ENERGY DEVELOPMENTS (ACT. COMERCI,100,GENERACION,ZONA ESPAÑOLA,RE Mercado Hidráulica,100.0
29,314.413,EDRE033,SALTOS Y CENTRALES CATALUNYA,ACCIONA GREEN ENERGY DEVELOPMENTS (ACT. COMERCI,100,GENERACION,ZONA ESPAÑOLA,RE Mercado Hidráulica,100.0
29,321.733,EDRE034,HIDROELECTRICA DEL SERRADO,ACCIONA GREEN ENERGY DEVELOPMENTS (ACT. COMERCI,100,GENERACION,ZONA ESPAÑOLA,RE Mercado Hidráulica,100.0
29,329.093,EDRE035,HIBRI VENTA EXTREM3,ACCIONA GREEN ENERGY DEVELOPMENTS (ACT. COMERCI,100,GENERACION,ZONA ESPAÑOLA,Híbrida Renov.-Almacenamiento,100.0
29,336.373,EDRE036,SALTOS Y CENTRALES CATALUNYA 2,ACCIONA GREEN ENERGY DEVELOPMENTS (ACT. COMERCI,100,GENERACION,ZONA ESPAÑOLA,RE Mercado Hidráulica,100.0
29,343.693,EFGVD1,VENTA FE RE TARIFA,FACTOR ENERGIA (ACT. GENERACIÓN),100,GENERACION,ZONA ESPAÑOLA,RE Mercado Solar Fotovoltáica,100.0
29,351.093,EFGVD10,EFGVD10,FACTOR ENERGIA (ACT. GENERACIÓN),100,GENERACION,ZONA ESPAÑOLA,RE Mercado Hidráulica,100.0
29,358.333,EFGVD12,EFGVD12,FACTOR ENERGIA (ACT. GENERACIÓN),100,GENERACION,ZONA ESPAÑOLA,RE Mercado Eólica,100.0
29,365.653,EFGVD14,EFGVD14,FACTOR ENERGIA (ACT. GENERACIÓN),100,GENERACION,ZONA ESPAÑOLA,RE Mercado Solar Fotovoltáica,100.0
29,372.973,EFGVD15,EFGVD15,FACTOR ENERGIA (ACT. GENERACIÓN),100,GENERACION,ZONA ESPAÑOLA,RE Mercado Solar Fotovoltáica,100.0
29,380.293,EFGVD16,EFGVD16,FACTOR ENERGIA (ACT. GENERACIÓN),100,GENERACION,ZONA ESPAÑOLA,RE Mercado Solar Fotovoltáica,100.0
29,387.613,EFGVD18,EFGVD18,FACTOR ENERGIA (ACT. GENERACIÓN),100,GENERACION,ZONA ESPAÑOLA,RE Mercado Solar Fotovoltáica,100.0
29,394.933,EFGVD20,EFGVD20,FACTOR ENERGIA (ACT. GENERACIÓN),100,GENERACION,ZONA ESPAÑOLA,RE Mercado Solar Fotovoltáica,100.0
29,402.253,EFGVD21,EFGVD21,FACTOR ENERGIA (ACT. GENERACIÓN),100,GENERACION,ZONA ESPAÑOLA,RE Mercado Solar Fotovoltáica,100.0
29,409.573,EFGVD22,EFGVD22,FACTOR ENERGIA (ACT. GENERACIÓN),100,GENERACION,ZONA ESPAÑOLA,RE Mercado Solar Fotovoltáica,100.0
29,416.893,EFGVD23,UNIDAD VD 23,FACTOR ENERGIA (ACT. GENERACIÓN),100,GENERACION,ZONA ESPAÑOLA,RE Mercado Solar Fotovoltáica,100.0
29,424.213,EFGVD24,EFGVD24,FACTOR ENERGIA (ACT. GENERACIÓN),100,GENERACION,ZONA ESPAÑOLA,RE Mercado Solar Fotovoltáica,100.0
29,431.533,EFGVD25,EFGVD25,FACTOR ENERGIA (ACT. GENERACIÓN),100,GENERACION,ZONA ESPAÑOLA,RE Mercado Solar Fotovoltáica,100.0
29,438.853,EFGVD26,EFGVD26,FACTOR ENERGIA (ACT. GENERACIÓN),100,GENERACION,ZONA ESPAÑOLA,RE Mercado Solar Fotovoltáica,100.0
29,446.173,EFGVD27,EFGVD27,FACTOR ENERGIA (ACT. GENERACIÓN),100,GENERACION,ZONA ESPAÑOLA,RE Mercado Solar Fotovoltáica,100.0
29,453.493,EFGVD28,EFGVD28,FACTOR ENERGIA (ACT. GENERACIÓN),100,GENERACION,ZONA ESPAÑOLA,RE Mercado Hidráulica,100.0
29,460.813,EFGVD29,EFGVD29,FACTOR ENERGIA (ACT. GENERACIÓN),100,GENERACION,ZONA ESPAÑOLA,RE Mercado Solar Fotovoltáica,100.0
29,468.133,EFGVD30,EFGVD30,FACTOR ENERGIA (ACT. GENERACIÓN),100,GENERACION,ZONA ESPAÑOLA,RE Mercado Solar Fotovoltáica,100.0
29,475.453,EFGVD5,EFGVD5,FACTOR ENERGIA (ACT. GENERACIÓN),100,GENERACION,ZONA ESPAÑOLA,RE Mercado Solar Fotovoltáica,100.0
29,482.773,EFGVD9,EFGVD9,FACTOR ENERGIA (ACT. GENERACIÓN),100,GENERACION,ZONA ESPAÑOLA,RE Mercado Hidráulica,100.0
29,490.093,EFIVD01,UOF VENTA EXCEDENTES FV,EFIDUERO ENERGY SCEL,100,GENERACION,ZONA ESPAÑOLA,RE Mercado Solar Fotovoltáica,100.0
29,497.413,EGDRE10,AC. GREEN EN. DEV. VENTA RE 10,ACCIONA GREEN ENERGY DEVELOPMENTS (ACT. COMERCI,100,GENERACION,ZONA ESPAÑOLA,RE Mercado Eólica,100.0
29,504.733,EGDRE11,AC. GREEN EN. DEV. VENTA RE 11,ACCIONA GREEN ENERGY DEVELOPMENTS (ACT. COMERCI,100,GENERACION,ZONA ESPAÑOLA,RE Mercado Eólica,100.0
29,512.093,EGEDRE1,AC. GREEN EN. DEV. VENTA RE 1,ACCIONA GREEN ENERGY DEVELOPMENTS (ACT. COMERCI,100,GENERACION,ZONA ESPAÑOLA,RE Mercado Eólica,100.0
29,519.373,EGEDRE3,AC. GREEN EN. DEV. VENTA RE 3,ACCIONA GREEN ENERGY DEVELOPMENTS (ACT. COMERCI,100,GENERACION,ZONA ESPAÑOLA,RE Mercado Eólica,100.0
29,526.693,EGEDRE4,AC. GREEN EN. DEV. VENTA RE 4,ACCIONA GREEN ENERGY DEVELOPMENTS (ACT. COMERCI,100,GENERACION,ZONA ESPAÑOLA,Híbrida Renovable,100.0
29,534.093,EGEDRE5,AC. GREEN EN. DEV. VENTA RE 5,ACCIONA GREEN ENERGY DEVELOPMENTS (ACT. COMERCI,100,GENERACION,ZONA ESPAÑOLA,RE Mercado Eólica,100.0
29,541.333,EGEDRE6,AC. GREEN EN. DEV. VENTA RE 6,ACCIONA GREEN ENERGY DEVELOPMENTS (ACT. COMERCI,100,GENERACION,ZONA ESPAÑOLA,RE Mercado Eólica,100.0
29,548.653,EGEDRE9,AC.GREEN EN. DEV. VENTA RE 9,ACCIONA GREEN ENERGY DEVELOPMENTS (ACT. COMERCI,100,GENERACION,ZONA ESPAÑOLA,RE Mercado Eólica,100.0
29,555.973,EGEDVD3,UNIDAD OFERTANTE TARIFA 3,ACCIONA GREEN ENERGY DEVELOPMENTS (ACT. COMERCI,100,GENERACION,ZONA ESPAÑOLA,RE Mercado Eólica,100.0
29,563.293,EGEDVD4,UNIDAD OFERTA TARIFA 4,ACCIONA GREEN ENERGY DEVELOPMENTS (ACT. COMERCI,100,GENERACION,ZONA ESPAÑOLA,RE Mercado Eólica,100.0
30,141.133,EGEDVD5,UNIDAD OFERTA TARIFA 5,ACCIONA GREEN ENERGY DEVELOPMENTS (ACT. COMERCI,100,GENERACION,ZONA ESPAÑOLA,RE Mercado Térmica Renovable,100.0
30,148.453,EGEDVD6,UNIDAD OFERTA TARIFA 6,ACCIONA GREEN ENERGY DEVELOPMENTS (ACT. COMERCI,100,GENERACION,ZONA ESPAÑOLA,RE Mercado Hidráulica,100.0
30,155.773,EGEDVD7,UNIDAD OFERTA TARIFA 7,ACCIONA GREEN ENERGY DEVELOPMENTS (ACT. COMERCI,100,GENERACION,ZONA ESPAÑOLA,RE Mercado Hidráulica,100.0
30,163.093,EGEDVD8,BIOMASA EXTREMADURA 1,ACCIONA GREEN ENERGY DEVELOPMENTS (ACT. COMERCI,100,GENERACION,ZONA ESPAÑOLA,RE Mercado Térmica Renovable,100.0
30,170.413,EGLEVD1,VENTA EXCED. AUTOPROD. EGLE,"AXPO IBERIA, S.L.",100,GENERACION,ZONA ESPAÑOLA,RE Mercado Hidráulica,100.0
30,177.733,EGLEV2,UNIDAD DE OFERTA PORTUGAL,"AXPO IBERIA, S.L.",100,GENERACION,ZONA PORTUGUESA,RE Tarifa CUR (uof),100.0
30,185.093,EGPM003,EGLE VENTA ESP. 003,"AXPO IBERIA, S.L.",100,GENERACION,ZONA ESPAÑOLA,RE Mercado Eólica,100.0
30,192.373,EGPM004,EGLE VENTA ESP. 004,"AXPO IBERIA, S.L.",100,GENERACION,ZONA ESPAÑOLA,RE Mercado Hidráulica,100.0
30,199.693,EGPRE02,EOLICA EEGPEM,ENEL GREEN POWER ESPAÑA SL (ACT: COM RE),100,GENERACION,ZONA ESPAÑOLA,RE Mercado Eólica,100.0
30,207.093,EGPRE21,EGPRE21-TICO,ENEL GREEN POWER ESPAÑA SL (ACT: COM RE),100,GENERACION,ZONA ESPAÑOLA,RE Mercado Eólica,100.0
30,214.333,EGPRE22,EGPRE22-EEGPE1,ENEL GREEN POWER ESPAÑA SL (ACT: COM RE),100,GENERACION,ZONA ESPAÑOLA,RE Mercado Eólica,100.0
30,221.653,EGPRE26,EOL 100 SOCIEDAD NOHAB NOZR,ENEL GREEN POWER ESPAÑA SL (ACT: COM RE),100,GENERACION,ZONA ESPAÑOLA,RE Mercado Eólica,100.0
30,228.973,EGPRE28,EOL EEGPES SRS 100ECYR,ENEL GREEN POWER ESPAÑA SL (ACT: COM RE),100,GENERACION,ZONA ESPAÑOLA,RE Mercado Eólica,100.0
30,236.293,EGPRE29,EOL EREGPES SRS NO100ECYR,ENDESA GENERACIÓN (ENDESA CICLOS COMBINADOS),100,GENERACION,ZONA ESPAÑOLA,RE Mercado Eólica,100.0
30,243.613,EGPRE30,EEGPEV,ENEL GREEN POWER ESPAÑA SL (ACT: COM RE),100,GENERACION,ZONA ESPAÑOLA,RE Mercado Eólica,100.0
30,250.933,EGPRE31,EGPRE31-EREGPEV,ENDESA GENERACIÓN (ENDESA CICLOS COMBINADOS),100,GENERACION,ZONA ESPAÑOLA,RE Mercado Eólica,100.0
30,258.253,EGPRE51,FV FEGPE3,ENEL GREEN POWER ESPAÑA SL (ACT: COM RE),100,GENERACION,ZONA ESPAÑOLA,RE Mercado Solar Fotovoltáica,100.0
30,265.573,EGPRE52,FV FREGP3,ENDESA GENERACIÓN (ENDESA CICLOS COMBINADOS),100,GENERACION,ZONA ESPAÑOLA,RE Mercado Solar Fotovoltáica,100.0
30,272.893,EGPRE54,FV SOCIE EGPE MAS 1 MW Y NO ZR,ENEL GREEN POWER ESPAÑA SL (ACT: COM RE),100,GENERACION,ZONA ESPAÑOLA,RE Mercado Solar Fotovoltáica,100.0
30,280.213,EGPRE55,FV SUBASTAS FREGPEM,ENDESA GENERACIÓN (ENDESA CICLOS COMBINADOS),100,GENERACION,ZONA ESPAÑOLA,RE Mercado Solar Fotovoltáica,100.0
30,287.533,EGPRE56,FV 100EGPE HAB FEGPEM,ENDESA GENERACIÓN (ENDESA CICLOS COMBINADOS),100,GENERACION,ZONA ESPAÑOLA,RE Mercado Solar Fotovoltáica,100.0
30,294.853,EGPRE57,FV SOCIEDADES REER,ENDESA GENERACIÓN (ENDESA CICLOS COMBINADOS),100,GENERACION,ZONA ESPAÑOLA,RE Mercado Solar Fotovoltáica,100.0
30,302.173,EGPRE58,FV 100EGPE NOZR,ENDESA GENERACIÓN (ENDESA CICLOS COMBINADOS),100,GENERACION,ZONA ESPAÑOLA,RE Mercado Solar Fotovoltáica,100.0
30,309.493,EGPRE59,EGPRE59-FVEMINN,ENDESA GENERACIÓN (ENDESA CICLOS COMBINADOS),100,GENERACION,ZONA ESPAÑOLA,RE Mercado Solar Fotovoltáica,100.0
30,316.813,EGPRE60,EGPRE60-FEGPE5,ENDESA GENERACIÓN (ENDESA CICLOS COMBINADOS),100,GENERACION,ZONA ESPAÑOLA,RE Mercado Solar Fotovoltáica,100.0
30,324.133,EGPRE61,FV 100EGPE RA_ZR,ENDESA GENERACIÓN (ENDESA CICLOS COMBINADOS),100,GENERACION,ZONA ESPAÑOLA,RE Mercado Solar Fotovoltáica,100.0
30,331.453,EGPRE62,EGPRE62-FCENTUR,ENDESA GENERACIÓN (ENDESA CICLOS COMBINADOS),100,GENERACION,ZONA ESPAÑOLA,RE Mercado Solar Fotovoltáica,100.0
30,338.773,EGPRE63,EGPRE63-FESPARR,ENDESA GENERACIÓN (ENDESA CICLOS COMBINADOS),100,GENERACION,ZONA ESPAÑOLA,RE Mercado Solar Fotovoltáica,100.0
30,346.093,EGPRE64,EGPRE64-FTREVAG-FTREVEU,ENDESA GENERACIÓN (ENDESA CICLOS COMBINADOS),100,GENERACION,ZONA ESPAÑOLA,RE Mercado Solar Fotovoltáica,100.0
30,353.413,EGPRE65,EGPRE65-FBALBON,ENEL GREEN POWER ESPAÑA SL (ACT: COM RE),100,GENERACION,ZONA ESPAÑOLA,RE Mercado Solar Fotovoltáica,100.0
30,360.733,EGPRE66,EGPRE66-FROCINA,ENEL GREEN POWER ESPAÑA SL (ACT: COM RE),100,GENERACION,ZONA ESPAÑOLA,RE Mercado Solar Fotovoltáica,100.0
30,368.093,EGPRE67,EGPRE67-FEGPEV,ENDESA GENERACIÓN (ENDESA CICLOS COMBINADOS),100,GENERACION,ZONA ESPAÑOLA,RE Mercado Solar Fotovoltáica,100.0
30,375.373,EGPRE68,EGPRE68-FREGPEV,ENDESA GENERACIÓN (ENDESA CICLOS COMBINADOS),100,GENERACION,ZONA ESPAÑOLA,RE Mercado Solar Fotovoltáica,100.0
30,382.693,EGPRE80,HIDRAULICA HEGPE,ENEL GREEN POWER ESPAÑA SL (ACT: COM RE),100,GENERACION,ZONA ESPAÑOLA,RE Mercado Hidráulica,100.0
30,390.093,EGPRE81,HIDRAULICA HEGPE3 MENOR 1 MW,ENEL GREEN POWER ESPAÑA SL (ACT: COM RE),100,GENERACION,ZONA ESPAÑOLA,RE Mercado Hidráulica,100.0
30,397.333,EGPRE82,HIDRAULICA REPRESENTADA HREGPE,ENDESA GENERACIÓN (ENDESA CICLOS COMBINADOS),100,GENERACION,ZONA ESPAÑOLA,RE Mercado Hidráulica,100.0
30,404.653,EGPRE90,BIOMASA REGPE3,ENEL GREEN POWER ESPAÑA SL (ACT: COM RE),100,GENERACION,ZONA ESPAÑOLA,RE Mercado Térmica Renovable,100.0
30,411.973,EGVD003,EOLICAS (TARIFA)>10MW,"AXPO IBERIA, S.L.",100,GENERACION,ZONA ESPAÑOLA,RE Mercado Eólica,100.0
30,419.293,EGVD004,FOTOVOLTAICAS(TARIFA)<10MW,"AXPO IBERIA, S.L.",100,GENERACION,ZONA ESPAÑOLA,RE Mercado Solar Fotovoltáica,100.0
30,426.613,EGVD007,COG.RENOV (TARIFA) <10MW,"AXPO IBERIA, S.L.",100,GENERACION,ZONA ESPAÑOLA,RE Mercado Térmica Renovable,100.0
30,433.933,EGVD011,COG.TERM<10MW,"AXPO IBERIA, S.L.",100,GENERACION,ZONA ESPAÑOLA,RE Mercado Térmica no,100.0
30,447.373,EGVD024,AXPO VENTA R.ESPECIAL. 024,"AXPO IBERIA, S.L.",100,GENERACION,ZONA ESPAÑOLA,RE Mercado Eólica,100.0
30,454.693,EGVD051,AXPO VENTA R. ESPECIAL 051,"AXPO IBERIA, S.L.",100,GENERACION,ZONA ESPAÑOLA,RE Mercado Eólica,100.0
30,462.093,EGVD052,AXPO VENTA R. ESPECIAL 052,"AXPO IBERIA, S.L.",100,GENERACION,ZONA ESPAÑOLA,RE Mercado Eólica,100.0
30,469.333,EGVD053,AXPO VENTA R. ESPECIAL 053,"AXPO IBERIA, S.L.",100,GENERACION,ZONA ESPAÑOLA,RE Mercado Eólica,100.0
30,476.653,EGVD055,AXPO VENTA R. ESPECIAL 055,"AXPO IBERIA, S.L.",100,GENERACION,ZONA ESPAÑOLA,RE Mercado Eólica,100.0
30,483.973,EGVD056,AXPO VENTA R. ESPECIAL 056,"AXPO IBERIA, S.L.",100,GENERACION,ZONA ESPAÑOLA,RE Mercado Eólica,100.0
30,491.293,EGVD061,AXPO VENTA R. ESPECIAL 061,"AXPO IBERIA, S.L.",100,GENERACION,ZONA ESPAÑOLA,RE Mercado Térmica no,100.0
30,504.733,EGVD062,AXPO VENTA R. ESPECIAL 062,"AXPO IBERIA, S.L.",100,GENERACION,ZONA ESPAÑOLA,RE Mercado Térmica no,100.0
30,518.173,EGVD064,AXPO VENTA R. ESPECIAL 064,"AXPO IBERIA, S.L.",100,GENERACION,ZONA ESPAÑOLA,RE Mercado Eólica,100.0
30,525.493,EGVD065,AXPO VENTA R. ESPECIAL 065,"AXPO IBERIA, S.L.",100,GENERACION,ZONA ESPAÑOLA,RE Mercado Eólica,100.0
30,532.813,EGVD066,AXPO VENTA R. ESPECIAL 066,"AXPO IBERIA, S.L.",100,GENERACION,ZONA ESPAÑOLA,RE Mercado Térmica no,100.0
30,546.253,EGVD067,AXPO VENTA R. ESPECIAL 067,"AXPO IBERIA, S.L.",100,GENERACION,ZONA ESPAÑOLA,RE Mercado Térmica no,100.0
30,559.693,EGVD068,AXPO VENTA R. ESPECIAL 068,"AXPO IBERIA, S.L.",100,GENERACION,ZONA ESPAÑOLA,RE Mercado Eólica,100.0
31,141.133,EGVD074,AXPO VENTA R. ESPECIAL 074,"AXPO IBERIA, S.L.",100,GENERACION,ZONA ESPAÑOLA,RE Mercado Eólica,100.0
31,148.453,EGVD075,AXPO VENTA R. ESPECIAL 075,"AXPO IBERIA, S.L.",100,GENERACION,ZONA ESPAÑOLA,RE Mercado Eólica,100.0
31,155.773,EGVD076,AXPO VENTA R. ESPECIAL 076,"AXPO IBERIA, S.L.",100,GENERACION,ZONA ESPAÑOLA,RE Mercado Eólica,100.0
31,163.093,EGVD083,AXPO VENTA R. ESPECIAL 083,"AXPO IBERIA, S.L.",100,GENERACION,ZONA ESPAÑOLA,RE Mercado Eólica,100.0
31,170.413,EGVD085,AXPO VENTA R. ESPECIAL 085,"AXPO IBERIA, S.L.",100,GENERACION,ZONA ESPAÑOLA,RE Mercado Eólica,100.0
31,177.733,EGVD087,AXPO VENTA R. ESPECIAL 087,"AXPO IBERIA, S.L.",100,GENERACION,ZONA ESPAÑOLA,RE Mercado Eólica,100.0
31,185.093,EGVD090,AXPO VENTA R. ESPECIAL 090,"AXPO IBERIA, S.L.",100,GENERACION,ZONA ESPAÑOLA,RE Mercado Térmica no,100.0
31,198.493,EGVD091,AXPO VENTA R. ESPECIAL 091,"AXPO IBERIA, S.L.",100,GENERACION,ZONA ESPAÑOLA,RE Mercado Térmica no,100.0
31,211.933,EGVD092,AXPO VENTA R. ESPECIAL 092,"AXPO IBERIA, S.L.",100,GENERACION,ZONA ESPAÑOLA,RE Mercado Eólica,100.0
31,219.253,EGVD094,AXPO VENTA R. ESPECIAL 094,"AXPO IBERIA, S.L.",100,GENERACION,ZONA ESPAÑOLA,RE Mercado Eólica,100.0
31,226.573,EGVD095,AXPO VENTA R. ESPECIAL 095,"AXPO IBERIA, S.L.",100,GENERACION,ZONA ESPAÑOLA,RE Mercado Eólica,100.0
31,233.893,EGVD096,AXPO VENTA R. ESPECIAL 096,"AXPO IBERIA, S.L.",100,GENERACION,ZONA ESPAÑOLA,RE Mercado Eólica,100.0
31,241.213,EGVD097,AXPO VENTA R. ESPECIAL 097,"AXPO IBERIA, S.L.",100,GENERACION,ZONA ESPAÑOLA,RE Mercado Eólica,100.0
31,248.533,EGVD099,AXPO VENTA R. ESPECIAL 099,"AXPO IBERIA, S.L.",100,GENERACION,ZONA ESPAÑOLA,RE Mercado Eólica,100.0
31,255.853,EGVD100,AXPO VENTA R. ESPECIAL 100,"AXPO IBERIA, S.L.",100,GENERACION,ZONA ESPAÑOLA,RE Mercado Eólica,100.0
31,263.173,EGVD104,AXPO VENTA R. ESPECIAL 104,"AXPO IBERIA, S.L.",100,GENERACION,ZONA ESPAÑOLA,RE Mercado Térmica no,100.0
31,276.613,EGVD106,AXPO VENTA R. ESPECIAL 106,"AXPO IBERIA, S.L.",100,GENERACION,ZONA ESPAÑOLA,RE Mercado Térmica no,100.0
31,290.093,EGVD107,AXPO VENTA R. ESPECIAL 107,"AXPO IBERIA, S.L.",100,GENERACION,ZONA ESPAÑOLA,RE Mercado Térmica no,100.0
31,303.493,EGVD108,AXPO VENTA R. ESPECIAL 108,"AXPO IBERIA, S.L.",100,GENERACION,ZONA ESPAÑOLA,RE Mercado Térmica no,100.0
31,316.933,EGVD109,AXPO VENTA R. ESPECIAL 109,"AXPO IBERIA, S.L.",100,GENERACION,ZONA ESPAÑOLA,RE Mercado Térmica no,100.0
31,330.373,EGVD111,AXPO VENTA R. ESPECIAL 111,"AXPO IBERIA, S.L.",100,GENERACION,ZONA ESPAÑOLA,RE Mercado Térmica no,100.0
31,343.813,EGVD114,AXPO VENTA R. ESPECIAL 114,"AXPO IBERIA, S.L.",100,GENERACION,ZONA ESPAÑOLA,RE Mercado Eólica,100.0
31,351.133,EGVD115,AXPO VENTA R. ESPECIAL 115,"AXPO IBERIA, S.L.",100,GENERACION,ZONA ESPAÑOLA,RE Mercado Eólica,100.0
31,358.453,EGVD116,AXPO VENTA R. ESPECIAL 116,"AXPO IBERIA, S.L.",100,GENERACION,ZONA ESPAÑOLA,RE Mercado Térmica no,100.0
31,371.893,EGVD121,AXPO VENTA R. ESPECIAL 121,"AXPO IBERIA, S.L.",100,GENERACION,ZONA ESPAÑOLA,RE Mercado Térmica no,100.0
31,385.333,EGVD122,AXPO VENTA R. ESPECIAL 122,"AXPO IBERIA, S.L.",100,GENERACION,ZONA ESPAÑOLA,RE Mercado Térmica no,100.0
31,398.773,EGVD123,AXPO VENTA R. ESPECIAL 123,"AXPO IBERIA, S.L.",100,GENERACION,ZONA ESPAÑOLA,RE Mercado Térmica no,100.0
31,412.213,EGVD124,AXPO VENTA R. ESPECIAL 124,"AXPO IBERIA, S.L.",100,GENERACION,ZONA ESPAÑOLA,RE Mercado Térmica no,100.0
31,425.653,EGVD128,AXPO VENTA R. ESPECIAL 128,"AXPO IBERIA, S.L.",100,GENERACION,ZONA ESPAÑOLA,RE Mercado Solar Térmica,100.0
31,432.973,EGVD129,AXPO VENTA R. ESPECIAL 129,"AXPO IBERIA, S.L.",100,GENERACION,ZONA ESPAÑOLA,RE Mercado Solar Térmica,100.0
31,440.293,EGVD130,AXPO VENTA R. ESPECIAL 130,"AXPO IBERIA, S.L.",100,GENERACION,ZONA ESPAÑOLA,RE Mercado Solar Térmica,100.0
31,447.613,EGVD134,AXPO VENTA R. ESPECIAL 134,"AXPO IBERIA, S.L.",100,GENERACION,ZONA ESPAÑOLA,RE Mercado Hidráulica,100.0
31,454.933,EGVD135,AXPO VENTA R. ESPECIAL 135,"AXPO IBERIA, S.L.",100,GENERACION,ZONA ESPAÑOLA,RE Mercado Térmica no,100.0
31,468.373,EGVD136,AXPO VENTA R. ESPECIAL 136,"AXPO IBERIA, S.L.",100,GENERACION,ZONA ESPAÑOLA,RE Mercado Térmica no,100.0
31,481.813,EGVD137,AXPO VENTA R. ESPECIAL 137,"AXPO IBERIA, S.L.",100,GENERACION,ZONA ESPAÑOLA,RE Mercado Térmica no,100.0
31,495.253,EGVD142,AXPO VENTA R. ESPECIAL 142,"AXPO IBERIA, S.L.",100,GENERACION,ZONA ESPAÑOLA,RE Mercado Térmica no,100.0
31,508.693,EGVD144,AXPO VENTA R. ESPECIAL 144,"AXPO IBERIA, S.L.",100,GENERACION,ZONA ESPAÑOLA,RE Mercado Solar Térmica,100.0
31,516.093,EGVD148,AXPO VENTA R. ESPECIAL 148,"AXPO IBERIA, S.L.",100,GENERACION,ZONA ESPAÑOLA,RE Mercado Térmica Renovable,100.0
31,523.333,EGVD149,AXPO VENTA R. ESPECIAL 149,"AXPO IBERIA, S.L.",100,GENERACION,ZONA ESPAÑOLA,RE Mercado Térmica no,100.0
31,536.773,EGVD152,AXPO VENTA R. ESPECIAL 152,"AXPO IBERIA, S.L.",100,GENERACION,ZONA ESPAÑOLA,RE Mercado Hidráulica,100.0
31,544.093,EGVD155,AXPO VENTA R. ESPECIAL 155,"AXPO IBERIA, S.L.",100,GENERACION,ZONA ESPAÑOLA,RE Mercado Térmica no,100.0
31,557.533,EGVD156,AXPO VENTA R. ESPECIAL 156,"AXPO IBERIA, S.L.",100,GENERACION,ZONA ESPAÑOLA,RE Mercado Eólica,100.0
32,141.133,EGVD158,AXPO VENTA R. ESPECIAL 158,"AXPO IBERIA, S.L.",100,GENERACION,ZONA ESPAÑOLA,RE Mercado Térmica no,100.0
32,154.573,EGVD160,AXPO VENTA R. ESPECIAL 160,"AXPO IBERIA, S.L.",100,GENERACION,ZONA ESPAÑOLA,RE Mercado Hidráulica,100.0
32,161.893,EGVD161,AXPO VENTA R. ESPECIAL 161,"AXPO IBERIA, S.L.",100,GENERACION,ZONA ESPAÑOLA,RE Mercado Hidráulica,100.0
32,169.213,EGVD162,AXPO VENTA R. ESPECIAL 162,"AXPO IBERIA, S.L.",100,GENERACION,ZONA ESPAÑOLA,RE Mercado Hidráulica,100.0
32,176.533,EGVD163,AXPO VENTA R. ESPECIAL 163,"AXPO IBERIA, S.L.",100,GENERACION,ZONA ESPAÑOLA,RE Mercado Hidráulica,100.0
32,183.853,EGVD165,AXPO VENTA R. ESPECIAL 165,"AXPO IBERIA, S.L.",100,GENERACION,ZONA ESPAÑOLA,RE Mercado Hidráulica,100.0
32,191.173,EGVD166,AXPO VENTA R. ESPECIAL 166,"AXPO IBERIA, S.L.",100,GENERACION,ZONA ESPAÑOLA,RE Mercado Hidráulica,100.0
32,198.493,EGVD169,AXPO VENTA R. ESPECIAL 169,"AXPO IBERIA, S.L.",100,GENERACION,ZONA ESPAÑOLA,RE Mercado Hidráulica,100.0
32,205.813,EGVD173,AXPO VENTA R. ESPECIAL 173,"AXPO IBERIA, S.L.",100,GENERACION,ZONA ESPAÑOLA,RE Mercado Hidráulica,100.0
32,213.133,EGVD174,AXPO VENTA R. ESPECIAL 174,"AXPO IBERIA, S.L.",100,GENERACION,ZONA ESPAÑOLA,RE Mercado Térmica Renovable,100.0
32,220.453,EGVD175,AXPO VENTA R. ESPECIAL 175,"AXPO IBERIA, S.L.",100,GENERACION,ZONA ESPAÑOLA,RE Mercado Térmica Renovable,100.0
32,227.773,EGVD176,AXPO VENTA R. ESPECIAL 176,"AXPO IBERIA, S.L.",100,GENERACION,ZONA ESPAÑOLA,RE Mercado Térmica no,100.0
32,241.213,EGVD178,AXPO VENTA R. ESPECIAL 178,"AXPO IBERIA, S.L.",100,GENERACION,ZONA ESPAÑOLA,RE Mercado Térmica Renovable,100.0
32,248.533,EGVD180,AXPO VENTA R. ESPECIAL 180,"AXPO IBERIA, S.L.",100,GENERACION,ZONA ESPAÑOLA,RE Mercado Hidráulica,100.0
32,255.853,EGVD181,AXPO VENTA R. ESPECIAL 181,"AXPO IBERIA, S.L.",100,GENERACION,ZONA ESPAÑOLA,RE Mercado Hidráulica,100.0
32,263.173,EGVD183,AXPO VENTA R. ESPECIAL 183,"AXPO IBERIA, S.L.",100,GENERACION,ZONA ESPAÑOLA,RE Mercado Eólica,100.0
32,270.493,EGVD184,AXPO VENTA R. ESPECIAL 184,"AXPO IBERIA, S.L.",100,GENERACION,ZONA ESPAÑOLA,RE Mercado Térmica no,100.0
32,283.933,EGVD185,AXPO VENTA R. ESPECIAL 185,"AXPO IBERIA, S.L.",100,GENERACION,ZONA ESPAÑOLA,RE Mercado Solar Térmica,100.0
32,291.253,EGVD188,AXPO VENTA R. ESPECIAL 188,"AXPO IBERIA, S.L.",100,GENERACION,ZONA ESPAÑOLA,RE Mercado Térmica no,100.0
32,304.693,EGVD192,AXPO VENTA R. ESPECIAL 192,"AXPO IBERIA, S.L.",100,GENERACION,ZONA ESPAÑOLA,RE Mercado Eólica,100.0
32,312.093,EGVD193,AXPO VENTA R. ESPECIAL 193,"AXPO IBERIA, S.L.",100,GENERACION,ZONA ESPAÑOLA,RE Mercado Hidráulica,100.0
32,319.333,EGVD195,AXPO VENTA R. ESPECIAL 195,"AXPO IBERIA, S.L.",100,GENERACION,ZONA ESPAÑOLA,RE Mercado Hidráulica,100.0
32,326.653,EGVD197,AXPO VENTA R. ESPECIAL 197,"AXPO IBERIA, S.L.",100,GENERACION,ZONA ESPAÑOLA,RE Mercado Térmica Renovable,100.0
32,333.973,EGVD198,AXPO VENTA R. ESPECIAL 198,"AXPO IBERIA, S.L.",100,GENERACION,ZONA ESPAÑOLA,RE Mercado Hidráulica,100.0
32,341.293,EGVD199,AXPO VENTA R. ESPECIAL 199,"AXPO IBERIA, S.L.",100,GENERACION,ZONA ESPAÑOLA,RE Mercado Hidráulica,100.0
32,348.613,EGVD200,AXPO VENTA R. ESPECIAL 200,"AXPO IBERIA, S.L.",100,GENERACION,ZONA ESPAÑOLA,RE Mercado Hidráulica,100.0
32,355.933,EGVD201,AXPO VENTA R. ESPECIAL 201,"AXPO IBERIA, S.L.",100,GENERACION,ZONA ESPAÑOLA,RE Mercado Hidráulica,100.0
32,363.253,EGVD202,AXPO VENTA R. ESPECIAL 202,"AXPO IBERIA, S.L.",100,GENERACION,ZONA ESPAÑOLA,RE Mercado Hidráulica,100.0
32,370.573,EGVD203,AXPO VENTA R. ESPECIAL 203,"AXPO IBERIA, S.L.",100,GENERACION,ZONA ESPAÑOLA,RE Mercado Hidráulica,100.0
32,377.893,EGVD205,AXPO VENTA R. ESPECIAL 205,"AXPO IBERIA, S.L.",100,GENERACION,ZONA ESPAÑOLA,RE Mercado Hidráulica,100.0
32,385.213,EGVD206,AXPO VENTA R. ESPECIAL 206,"AXPO IBERIA, S.L.",100,GENERACION,ZONA ESPAÑOLA,RE Mercado Eólica,100.0
32,392.533,EGVD207,AXPO VENTA R. ESPECIAL 207,"AXPO IBERIA, S.L.",100,GENERACION,ZONA ESPAÑOLA,RE Mercado Hidráulica,100.0
32,399.853,EGVD210,AXPO VENTA R. ESPECIAL 210,"AXPO IBERIA, S.L.",100,GENERACION,ZONA ESPAÑOLA,RE Mercado Eólica,100.0
32,407.173,EGVD211,AXPO VENTA R. ESPECIAL 211,"AXPO IBERIA, S.L.",100,GENERACION,ZONA ESPAÑOLA,RE Mercado Hidráulica,100.0
32,414.493,EGVD212,AXPO VENTA R. ESPECIAL 212,"AXPO IBERIA, S.L.",100,GENERACION,ZONA ESPAÑOLA,RE Mercado Eólica,100.0
32,421.813,EGVD219,AXPO VENTA R. ESPECIAL 219,"AXPO IBERIA, S.L.",100,GENERACION,ZONA ESPAÑOLA,RE Mercado Eólica,100.0
32,429.133,EGVD221,AXPO VENTA R. ESPECIAL 221,"AXPO IBERIA, S.L.",100,GENERACION,ZONA ESPAÑOLA,RE Mercado Hidráulica,100.0
32,436.453,EGVD222,AXPO VENTA R. ESPECIAL 222,"AXPO IBERIA, S.L.",100,GENERACION,ZONA ESPAÑOLA,RE Mercado Térmica no,100.0
32,449.893,EGVD223,AXPO VENTA R. ESPECIAL 223,"AXPO IBERIA, S.L.",100,GENERACION,ZONA ESPAÑOLA,RE Mercado Eólica,100.0
32,457.213,EGVD224,AXPO VENTA R. ESPECIAL 224,"AXPO IBERIA, S.L.",100,GENERACION,ZONA ESPAÑOLA,RE Mercado Eólica,100.0
32,464.533,EGVD225,AXPO VENTA R. ESPECIAL 225,"AXPO IBERIA, S.L.",100,GENERACION,ZONA ESPAÑOLA,RE Mercado Eólica,100.0
32,471.853,EGVD226,AXPO VENTA R. ESPECIAL 226,"AXPO IBERIA, S.L.",100,GENERACION,ZONA ESPAÑOLA,RE Mercado Eólica,100.0
32,479.173,EGVD228,AXPO VENTA R. ESPECIAL 228,"AXPO IBERIA, S.L.",100,GENERACION,ZONA ESPAÑOLA,RE Mercado Hidráulica,100.0
32,486.493,EGVD230,AXPO VENTA R. ESPECIAL 230,"AXPO IBERIA, S.L.",100,GENERACION,ZONA ESPAÑOLA,RE Mercado Térmica no,100.0
32,499.933,EGVD231,AXPO VENTA R. ESPECIAL 231,"AXPO IBERIA, S.L.",100,GENERACION,ZONA ESPAÑOLA,RE Mercado Térmica no,100.0
32,513.373,EGVD232,AXPO VENTA R. ESPECIAL 232,"AXPO IBERIA, S.L.",100,GENERACION,ZONA ESPAÑOLA,RE Mercado Eólica,100.0
32,520.693,EGVD234,AXPO VENTA R. ESPECIAL 234,"AXPO IBERIA, S.L.",100,GENERACION,ZONA ESPAÑOLA,RE Mercado Eólica,100.0
32,528.093,EGVD238,AXPO VENTA R. ESPECIAL 238,"AXPO IBERIA, S.L.",100,GENERACION,ZONA ESPAÑOLA,RE Mercado Eólica,100.0
32,535.333,EGVD242,AXPO VENTA R. ESPECIAL 242,"AXPO IBERIA, S.L.",100,GENERACION,ZONA ESPAÑOLA,RE Mercado Hidráulica,100.0
32,542.653,EGVD246,AXPO VENTA R. ESPECIAL 246,"AXPO IBERIA, S.L.",100,GENERACION,ZONA ESPAÑOLA,RE Mercado Eólica,100.0
32,549.973,EGVD248,AXPO VENTA R. ESPECIAL 248,"AXPO IBERIA, S.L.",100,GENERACION,ZONA ESPAÑOLA,RE Mercado Eólica,100.0
32,557.293,EGVD250,AXPO VENTA R. ESPECIAL 250,"AXPO IBERIA, S.L.",100,GENERACION,ZONA ESPAÑOLA,RE Mercado Hidráulica,100.0
33,141.133,EGVD251,AXPO VENTA R. ESPECIAL 251,"AXPO IBERIA, S.L.",100,GENERACION,ZONA ESPAÑOLA,RE Mercado Térmica no,100.0
33,154.573,EGVD252,AXPO VENTA R. ESPECIAL 252,"AXPO IBERIA, S.L.",100,GENERACION,ZONA ESPAÑOLA,RE Mercado Térmica no,100.0
33,168.093,EGVD253,AXPO VENTA R. ESPECIAL 253,"AXPO IBERIA, S.L.",100,GENERACION,ZONA ESPAÑOLA,RE Mercado Hidráulica,100.0
33,175.333,EGVD255,AXPO VENTA R. ESPECIAL 255,"AXPO IBERIA, S.L.",100,GENERACION,ZONA ESPAÑOLA,RE Mercado Eólica,100.0
33,182.653,EGVD257,AXPO VENTA R. ESPECIAL 257,"AXPO IBERIA, S.L.",100,GENERACION,ZONA ESPAÑOLA,RE Mercado Eólica,100.0
33,189.973,EGVD261,AXPO VENTA R. ESPECIAL 261,"AXPO IBERIA, S.L.",100,GENERACION,ZONA ESPAÑOLA,RE Mercado Térmica no,100.0
33,203.413,EGVD262,AXPO VENTA R. ESPECIAL 262,"AXPO IBERIA, S.L.",100,GENERACION,ZONA ESPAÑOLA,RE Mercado Térmica no,100.0
33,216.853,EGVD263,AXPO VENTA R. ESPECIAL 263,"AXPO IBERIA, S.L.",100,GENERACION,ZONA ESPAÑOLA,RE Mercado Térmica no,100.0
33,230.293,EGVD264,AXPO VENTA R. ESPECIAL 264,"AXPO IBERIA, S.L.",100,GENERACION,ZONA ESPAÑOLA,RE Mercado Eólica,100.0
33,237.613,EGVD265,AXPO VENTA R. ESPECIAL 265,"AXPO IBERIA, S.L.",100,GENERACION,ZONA ESPAÑOLA,RE Mercado Eólica,100.0
33,244.933,EGVD266,AXPO VENTA R. ESPECIAL 266,"AXPO IBERIA, S.L.",100,GENERACION,ZONA ESPAÑOLA,RE Mercado Hidráulica,100.0
33,252.253,EGVD268,AXPO VENTA R. ESPECIAL 268,"AXPO IBERIA, S.L.",100,GENERACION,ZONA ESPAÑOLA,RE Mercado Térmica no,100.0
33,265.693,EGVD269,AXPO VENTA R. ESPECIAL 269,"AXPO IBERIA, S.L.",100,GENERACION,ZONA ESPAÑOLA,RE Mercado Térmica no,100.0
33,279.133,EGVD270,AXPO VENTA R. ESPECIAL 270,"AXPO IBERIA, S.L.",100,GENERACION,ZONA ESPAÑOLA,RE Mercado Hidráulica,100.0
33,286.453,EGVD272,AXPO VENTA R. ESPECIAL 272,"AXPO IBERIA, S.L.",100,GENERACION,ZONA ESPAÑOLA,RE Mercado Hidráulica,100.0
33,293.773,EGVD273,AXPO VENTA R. ESPECIAL 273,"AXPO IBERIA, S.L.",100,GENERACION,ZONA ESPAÑOLA,RE Mercado Hidráulica,100.0
33,301.093,EGVD274,AXPO VENTA R. ESPECIAL 274,"AXPO IBERIA, S.L.",100,GENERACION,ZONA ESPAÑOLA,RE Mercado Térmica no,100.0
33,314.533,EGVD275,AXPO VENTA R. ESPECIAL 275,"AXPO IBERIA, S.L.",100,GENERACION,ZONA ESPAÑOLA,Híbrida Renov.-Térmica,100.0
33,321.853,EGVD276,AXPO VENTA R. ESPECIAL 276,"AXPO IBERIA, S.L.",100,GENERACION,ZONA ESPAÑOLA,RE Mercado Hidráulica,100.0
33,329.173,EGVD277,AXPO VENTA R. ESPECIAL 277,"AXPO IBERIA, S.L.",100,GENERACION,ZONA ESPAÑOLA,RE Mercado Hidráulica,100.0
33,336.493,EGVD279,AXPO VENTA R. ESPECIAL 279,"AXPO IBERIA, S.L.",100,GENERACION,ZONA ESPAÑOLA,RE Mercado Hidráulica,100.0
33,343.813,EGVD280,AXPO VENTA R. ESPECIAL 280,"AXPO IBERIA, S.L.",100,GENERACION,ZONA ESPAÑOLA,RE Mercado Hidráulica,100.0
33,351.133,EGVD281,AXPO VENTA R. ESPECIAL 281,"AXPO IBERIA, S.L.",100,GENERACION,ZONA ESPAÑOLA,RE Mercado Hidráulica,100.0
33,358.453,EGVD282,AXPO VENTA R. ESPECIAL 282,"AXPO IBERIA, S.L.",100,GENERACION,ZONA ESPAÑOLA,RE Mercado Hidráulica,100.0
33,365.773,EGVD284,AXPO VENTA R. ESPECIAL 284,"AXPO IBERIA, S.L.",100,GENERACION,ZONA ESPAÑOLA,RE Mercado Hidráulica,100.0
33,373.093,EGVD285,AXPO VENTA R. ESPECIAL 285,"AXPO IBERIA, S.L.",100,GENERACION,ZONA ESPAÑOLA,RE Mercado Térmica no,100.0
33,386.533,EGVD286,AXPO VENTA R. ESPECIAL 286,"AXPO IBERIA, S.L.",100,GENERACION,ZONA ESPAÑOLA,RE Mercado Hidráulica,100.0
33,393.853,EGVD288,AXPO VENTA R. ESPECIAL 288,"AXPO IBERIA, S.L.",100,GENERACION,ZONA ESPAÑOLA,RE Mercado Eólica,100.0
33,401.173,EGVD291,AXPO VENTA R. ESPECIAL 291,"AXPO IBERIA, S.L.",100,GENERACION,ZONA ESPAÑOLA,RE Mercado Eólica,100.0
33,408.493,EGVD292,AXPO VENTA R. ESPECIAL 292,"AXPO IBERIA, S.L.",100,GENERACION,ZONA ESPAÑOLA,RE Mercado Eólica,100.0
33,415.813,EGVD295,AXPO VENTA R. ESPECIAL 295,"AXPO IBERIA, S.L.",100,GENERACION,ZONA ESPAÑOLA,RE Mercado Térmica no,100.0
33,429.253,EGVD297,AXPO VENTA R. ESPECIAL 297,"AXPO IBERIA, S.L.",100,GENERACION,ZONA ESPAÑOLA,RE Mercado Térmica no,100.0
33,442.693,EGVD299,AXPO VENTA R. ESPECIAL 299,"AXPO IBERIA, S.L.",100,GENERACION,ZONA ESPAÑOLA,RE Mercado Térmica no,100.0
33,456.133,EGVD355,AXPO VENTA R.ESPECIAL 355,"AXPO IBERIA, S.L.",100,GENERACION,ZONA ESPAÑOLA,RE Mercado Térmica no,100.0
33,469.573,EGVD357,AXPO VENTA R. ESPECIAL 357,"AXPO IBERIA, S.L.",100,GENERACION,ZONA ESPAÑOLA,RE Mercado Hidráulica,100.0
33,476.893,EGVD359,AXPO VENTA R.ESPECIAL 359,"AXPO IBERIA, S.L.",100,GENERACION,ZONA ESPAÑOLA,RE Mercado Térmica no,100.0
33,490.333,EGVD361,AXPO VENTA R.ESPECIAL 361,"AXPO IBERIA, S.L.",100,GENERACION,ZONA ESPAÑOLA,RE Mercado Térmica no,100.0
33,503.773,EGVD362,AXPO VENTA R.ESPECIAL 362,"AXPO IBERIA, S.L.",100,GENERACION,ZONA ESPAÑOLA,RE Mercado Térmica no,100.0
33,517.213,EGVD363,AXPO VENTA R. ESPECIAL 363,"AXPO IBERIA, S.L.",100,GENERACION,ZONA ESPAÑOLA,RE Mercado Térmica no,100.0
33,530.653,EGVD364,AXPO VENTA R. ESPECIAL 364,"AXPO IBERIA, S.L.",100,GENERACION,ZONA ESPAÑOLA,RE Mercado Térmica no,100.0
33,544.093,EGVD365,AXPO VENTA R. ESPECIAL 365,"AXPO IBERIA, S.L.",100,GENERACION,ZONA ESPAÑOLA,RE Mercado Térmica no,100.0
33,557.533,EGVD366,AXPO VENTA R.ESPECIAL 366,"AXPO IBERIA, S.L.",100,GENERACION,ZONA ESPAÑOLA,RE Mercado Eólica,100.0
34,141.133,EGVD368,AXPO VENTA R. ESPECIAL 368,"AXPO IBERIA, S.L.",100,GENERACION,ZONA ESPAÑOLA,RE Mercado Térmica no,100.0
34,154.573,EGVD369,AXPO VENTA R. ESPECIAL 369,"AXPO IBERIA, S.L.",100,GENERACION,ZONA ESPAÑOLA,RE Mercado Térmica no,100.0
34,168.093,EGVD372,AXPO VENTA R. EGVD 372,"AXPO IBERIA, S.L.",100,GENERACION,ZONA ESPAÑOLA,RE Mercado Eólica,100.0
34,175.333,EGVD373,AXPO VENTA R.ESPECIAL 373,"AXPO IBERIA, S.L.",100,GENERACION,ZONA ESPAÑOLA,RE Mercado Térmica no,100.0
34,188.773,EGVD375,AXPO VENTA R.ESPECIAL 375,"AXPO IBERIA, S.L.",100,GENERACION,ZONA ESPAÑOLA,RE Mercado Térmica no,100.0
34,202.213,EGVD376,AXPO VENTA R.ESPECIAL 376,"AXPO IBERIA, S.L.",100,GENERACION,ZONA ESPAÑOLA,RE Mercado Térmica no,100.0
34,215.653,EGVD381,AXPO VENTA R.ESPECIAL 381,"AXPO IBERIA, S.L.",100,GENERACION,ZONA ESPAÑOLA,RE Mercado Eólica,100.0
34,222.973,EGVD385,AXPO VENTA R. ESPECIAL 385,"AXPO IBERIA, S.L.",100,GENERACION,ZONA ESPAÑOLA,RE Mercado Térmica no,100.0
34,236.413,EGVD386,AXPO VENTA R. ESPECIAL 386,"AXPO IBERIA, S.L.",100,GENERACION,ZONA ESPAÑOLA,RE Mercado Eólica,100.0
34,243.733,EGVD388,AXPO VENTA R. EGVD 388,"AXPO IBERIA, S.L.",100,GENERACION,ZONA ESPAÑOLA,RE Mercado Térmica no,100.0
34,257.173,EGVD389,AXPO VENTA R. ESPECIAL 389,"AXPO IBERIA, S.L.",100,GENERACION,ZONA ESPAÑOLA,RE Mercado Térmica no,100.0
34,270.613,EGVD391,AXPO VENTA R. ESPECIAL 391,"AXPO IBERIA, S.L.",100,GENERACION,ZONA ESPAÑOLA,RE Mercado Térmica no,100.0
34,284.093,EGVD392,AXPO VENTA R. ESPECIAL 392,"AXPO IBERIA, S.L.",100,GENERACION,ZONA ESPAÑOLA,RE Mercado Térmica no,100.0
34,297.493,EGVD393,AXPO VENTA R. ESPECIAL 393,"AXPO IBERIA, S.L.",100,GENERACION,ZONA ESPAÑOLA,RE Mercado Térmica Renovable,100.0
34,304.813,EGVD394,AXPO VENTA R. ESPECIAL 393,"AXPO IBERIA, S.L.",100,GENERACION,ZONA ESPAÑOLA,RE Mercado Eólica,100.0
34,312.133,EGVD400,AXPO VENTA R. ESPECIAL 400,"AXPO IBERIA, S.L.",100,GENERACION,ZONA ESPAÑOLA,RE Mercado Solar Térmica,100.0
34,319.453,EGVD401,AXPO VENTA R. ESPECIAL 401,"AXPO IBERIA, S.L.",100,GENERACION,ZONA ESPAÑOLA,RE Mercado Solar Térmica,100.0
34,326.773,EGVD404,AXPO VENTA R. ESPECIAL 404,"AXPO IBERIA, S.L.",100,GENERACION,ZONA ESPAÑOLA,RE Mercado Térmica Renovable,100.0
34,334.093,EGVD406,AXPO VENTA R. ESPECIAL 406,"AXPO IBERIA, S.L.",100,GENERACION,ZONA ESPAÑOLA,RE Mercado Térmica no,100.0
34,347.533,EGVD407,AXPO VENTA R. ESPECIAL 407,"AXPO IBERIA, S.L.",100,GENERACION,ZONA ESPAÑOLA,RE Mercado Térmica no,100.0
34,360.973,EGVD408,AXPO VENTA R. ESPECIAL 408,"AXPO IBERIA, S.L.",100,GENERACION,ZONA ESPAÑOLA,RE Mercado Eólica,100.0
34,368.293,EGVD410,AXPO VENTA R. ESPECIAL 410,"AXPO IBERIA, S.L.",100,GENERACION,ZONA ESPAÑOLA,RE Mercado Eólica,100.0
34,375.613,EGVD413,AXPO VENTA R. ESPECIAL 413,"AXPO IBERIA, S.L.",100,GENERACION,ZONA ESPAÑOLA,RE Mercado Eólica,100.0
34,382.933,EGVD414,AXPO VENTA R. ESPECIAL 414,"AXPO IBERIA, S.L.",100,GENERACION,ZONA ESPAÑOLA,RE Mercado Solar Térmica,100.0
34,390.253,EGVD415,AXPO VENTA R. ESPECIAL 415,"AXPO IBERIA, S.L.",100,GENERACION,ZONA ESPAÑOLA,RE Mercado Solar Térmica,100.0
34,397.573,EGVD416,AXPO VENTA R. ESPECIAL 416,"AXPO IBERIA, S.L.",100,GENERACION,ZONA ESPAÑOLA,RE Mercado Solar Térmica,100.0
34,404.893,EGVD417,AXPO VENTA R. ESPECIAL 412,"AXPO IBERIA, S.L.",100,GENERACION,ZONA ESPAÑOLA,RE Mercado Solar Térmica,100.0
34,412.213,EGVD418,AXPO VENTA R. ESPECIAL 418,"AXPO IBERIA, S.L.",100,GENERACION,ZONA ESPAÑOLA,RE Mercado Solar Fotovoltáica,100.0
34,419.533,EGVD420,AXPO VENTA R. ESPECIAL 420,"AXPO IBERIA, S.L.",100,GENERACION,ZONA ESPAÑOLA,RE Mercado Solar Térmica,100.0
34,426.853,EGVD421,AXPO VENTA R. ESPECIAL 421,"AXPO IBERIA, S.L.",100,GENERACION,ZONA ESPAÑOLA,RE Mercado Solar Térmica,100.0
34,434.173,EGVD422,AXPO VENTA R. ESPECIAL 422,"AXPO IBERIA, S.L.",100,GENERACION,ZONA ESPAÑOLA,RE Mercado Solar Térmica,100.0
34,441.493,EGVD423,AXPO VENTA R. ESPECIAL 423,"AXPO IBERIA, S.L.",100,GENERACION,ZONA ESPAÑOLA,RE Mercado Solar Térmica,100.0
34,448.813,EGVD426,AXPO VENTA R. ESPECIAL 426,"AXPO IBERIA, S.L.",100,GENERACION,ZONA ESPAÑOLA,RE Mercado Solar Térmica,100.0
34,456.133,EGVD427,AXPO VENTA R. ESPECIAL 427,"AXPO IBERIA, S.L.",100,GENERACION,ZONA ESPAÑOLA,RE Mercado Solar Térmica,100.0
34,463.453,EGVD429,AXPO VENTA R. ESPECIAL 429,"AXPO IBERIA, S.L.",100,GENERACION,ZONA ESPAÑOLA,RE Mercado Térmica no,100.0
34,476.893,EGVD430,AXPO VENTA R. ESPECIAL 430,"AXPO IBERIA, S.L.",100,GENERACION,ZONA ESPAÑOLA,RE Mercado Térmica Renovable,100.0
34,484.213,EGVD432,AXPO VENTA R. ESPECIAL 432,"AXPO IBERIA, S.L.",100,GENERACION,ZONA ESPAÑOLA,RE Mercado Térmica no,100.0
34,497.653,EGVD434,AXPO VENTA R. ESPECIAL 434,"AXPO IBERIA, S.L.",100,GENERACION,ZONA ESPAÑOLA,RE Mercado Solar Fotovoltáica,100.0
34,504.973,EGVD439,AXPO VENTA R. ESPECIAL 439,"AXPO IBERIA, S.L.",100,GENERACION,ZONA ESPAÑOLA,RE Mercado Térmica no,100.0
34,518.413,EGVD440,AXPO VENTA R. ESPECIAL 440,"AXPO IBERIA, S.L.",100,GENERACION,ZONA ESPAÑOLA,RE Mercado Solar Térmica,100.0
34,525.733,EGVD441,AXPO VENTA R. ESPECIAL 440,"AXPO IBERIA, S.L.",100,GENERACION,ZONA ESPAÑOLA,RE Mercado Solar Térmica,100.0
34,533.093,EGVD442,AXPO VENTA R. ESPECIAL 442,"AXPO IBERIA, S.L.",100,GENERACION,ZONA ESPAÑOLA,RE Mercado Solar Térmica,100.0
34,540.373,EGVD444,AXPO VENTA R. ESPECIAL 444,"AXPO IBERIA, S.L.",100,GENERACION,ZONA ESPAÑOLA,RE Mercado Solar Fotovoltáica,100.0
34,547.693,EGVD445,AXPO VENTA R. ESPECIAL 445,"AXPO IBERIA, S.L.",100,GENERACION,ZONA ESPAÑOLA,RE Mercado Solar Fotovoltáica,100.0
34,555.093,EGVD447,AXPO VENTA R. ESPECIAL 447,"AXPO IBERIA, S.L.",100,GENERACION,ZONA ESPAÑOLA,RE Mercado Hidráulica,100.0
34,562.333,EGVD448,AXPO VENTA R. ESPECIAL 448,"AXPO IBERIA, S.L.",100,GENERACION,ZONA ESPAÑOLA,RE Mercado Solar Fotovoltáica,100.0
35,141.133,EGVD449,AXPO VENTA R. ESPECIAL 449,"AXPO IBERIA, S.L.",100,GENERACION,ZONA ESPAÑOLA,RE Mercado Solar Fotovoltáica,100.0
35,148.453,EGVD450,AXPO VENTA R. ESPECIAL 450,"AXPO IBERIA, S.L.",100,GENERACION,ZONA ESPAÑOLA,RE Mercado Solar Fotovoltáica,100.0
35,155.773,EGVD451,AXPO VENTA R. ESPECIAL 451,"AXPO IBERIA, S.L.",100,GENERACION,ZONA ESPAÑOLA,RE Mercado Solar Fotovoltáica,100.0
35,163.093,EGVD452,AXPO VENTA R. ESPECIAL 452,"AXPO IBERIA, S.L.",100,GENERACION,ZONA ESPAÑOLA,RE Mercado Solar Fotovoltáica,100.0
35,170.413,EGVD453,AXPO VENTA R. ESPECIAL 453,"AXPO IBERIA, S.L.",100,GENERACION,ZONA ESPAÑOLA,RE Mercado Térmica no,100.0
35,183.853,EGVD454,AXPO VENTA R. ESPECIAL 454,"AXPO IBERIA, S.L.",100,GENERACION,ZONA ESPAÑOLA,RE Mercado Eólica,100.0
35,191.173,EGVD455,AXPO VENTA R. ESPECIAL 455,"AXPO IBERIA, S.L.",100,GENERACION,ZONA ESPAÑOLA,RE Mercado Eólica,100.0
35,198.493,EGVD461,AXPO VENTA R. ESPECIAL 461,"AXPO IBERIA, S.L.",100,GENERACION,ZONA ESPAÑOLA,RE Mercado Térmica no,100.0
35,211.933,EGVD462,AXPO VENTA R. ESPECIAL 462,"AXPO IBERIA, S.L.",100,GENERACION,ZONA ESPAÑOLA,RE Mercado Solar Fotovoltáica,100.0
35,219.253,EGVD464,AXPO VENTA R. ESPECIAL 464,"AXPO IBERIA, S.L.",100,GENERACION,ZONA ESPAÑOLA,RE Mercado Solar Fotovoltáica,100.0
35,226.573,EGVD466,AXPO VENTA R. ESPECIAL 466,"AXPO IBERIA, S.L.",100,GENERACION,ZONA ESPAÑOLA,RE Mercado Eólica,100.0
35,233.893,EGVD467,AXPO VENTA R. ESPECIAL 467,"AXPO IBERIA, S.L.",100,GENERACION,ZONA ESPAÑOLA,RE Mercado Eólica,100.0
35,241.213,EGVD468,UOF COPLA1 (CON MECANISMO),"AXPO IBERIA, S.L.",100,GENERACION,ZONA ESPAÑOLA,RE Mercado Térmica no,100.0
35,254.653,EGVD470,AXPO VENTA R. ESPECIAL 470,"AXPO IBERIA, S.L.",100,GENERACION,ZONA ESPAÑOLA,RE Mercado Solar Fotovoltáica,100.0
35,261.973,EGVD471,AXPO VENTA R. ESPECIAL 471,"AXPO IBERIA, S.L.",100,GENERACION,ZONA ESPAÑOLA,RE Mercado Eólica,100.0
35,269.293,EGVD473,AXPO VENTA R. ESPECIAL 473,"AXPO IBERIA, S.L.",100,GENERACION,ZONA ESPAÑOLA,RE Mercado Eólica,100.0
35,276.613,EGVD474,AXPO VENTA R. ESPECIAL 474,"AXPO IBERIA, S.L.",100,GENERACION,ZONA ESPAÑOLA,RE Mercado Hidráulica,100.0
35,283.933,EGVD475,AXPO VENTA R. ESPECIAL 472,"AXPO IBERIA, S.L.",100,GENERACION,ZONA ESPAÑOLA,RE Mercado Hidráulica,100.0
35,291.253,EGVD476,AXPO VENTA R. ESPECIAL 476,"AXPO IBERIA, S.L.",100,GENERACION,ZONA ESPAÑOLA,RE Mercado Hidráulica,100.0
35,298.573,EGVD478,UOF ENERGÍA EÓLICA ZENETE,"AXPO IBERIA, S.L.",100,GENERACION,ZONA ESPAÑOLA,RE Mercado Eólica,100.0
35,305.893,EGVD479,"UOF ANTU SOLAR, S.L.","AXPO IBERIA, S.L.",100,GENERACION,ZONA ESPAÑOLA,RE Mercado Solar Fotovoltáica,100.0
35,313.213,EGVD481,AXPO VENTA R. ESPECIAL 481,"AXPO IBERIA, S.L.",100,GENERACION,ZONA ESPAÑOLA,RE Mercado Solar Fotovoltáica,100.0
35,320.533,EGVD482,AXPO VENTA R. ESPECIAL 482,"AXPO IBERIA, S.L.",100,GENERACION,ZONA ESPAÑOLA,RE Mercado Térmica no,100.0
35,333.973,EGVD483,AXPO VENTA R. ESPECIAL 483,"AXPO IBERIA, S.L.",100,GENERACION,ZONA ESPAÑOLA,RE Mercado Solar Térmica,100.0
35,341.293,EGVD484,AXPO VENTA R. ESPECIAL 484,"AXPO IBERIA, S.L.",100,GENERACION,ZONA ESPAÑOLA,RE Mercado Solar Térmica,100.0
35,348.613,EGVD487,AXPO VENTA R. ESPECIAL 487,"AXPO IBERIA, S.L.",100,GENERACION,ZONA ESPAÑOLA,RE Mercado Solar Fotovoltáica,100.0
35,355.933,EGVD491,UOF PLANTA FV 154,"AXPO IBERIA, S.L.",100,GENERACION,ZONA ESPAÑOLA,RE Mercado Solar Fotovoltáica,100.0
35,363.253,EGVD492,UOF INST. PINGUIN,"AXPO IBERIA, S.L.",100,GENERACION,ZONA ESPAÑOLA,RE Mercado Eólica,100.0
35,370.573,EGVD494,UOF COLMENA SUN BAECIENCE,"AXPO IBERIA, S.L.",100,GENERACION,ZONA ESPAÑOLA,RE Mercado Solar Fotovoltáica,100.0
35,377.893,EGVD495,"UOF HIDROMEDIA, S.A.","AXPO IBERIA, S.L.",100,GENERACION,ZONA ESPAÑOLA,RE Mercado Hidráulica,100.0
35,385.213,EGVD496,"UOF ECOPARC BARCELONA, S.A.","AXPO IBERIA, S.L.",100,GENERACION,ZONA ESPAÑOLA,RE Mercado Térmica Renovable,100.0
35,392.533,EGVD497,UOF NEOE. SC ECOENER NAVARRA,"AXPO IBERIA, S.L.",100,GENERACION,ZONA ESPAÑOLA,RE Mercado Térmica no,100.0
35,405.973,EGVD498,UOF NEOELEC BIOMASA FDP,"AXPO IBERIA, S.L.",100,GENERACION,ZONA ESPAÑOLA,RE Mercado Térmica Renovable,100.0
35,413.293,EGVD499,UOF VALORITZACIONS (COGENERACI,"AXPO IBERIA, S.L.",100,GENERACION,ZONA ESPAÑOLA,RE Mercado Térmica no,100.0
35,426.733,EGVD500,UOF VALORITZACIONS (BIOGAS),"AXPO IBERIA, S.L.",100,GENERACION,ZONA ESPAÑOLA,RE Mercado Térmica Renovable,100.0
35,434.093,EGVD501,"UOF EÓLICA DEL PUERTO, S.L.","AXPO IBERIA, S.L.",100,GENERACION,ZONA ESPAÑOLA,RE Mercado Eólica,100.0
35,441.373,EGVD502,"UOF DUNAS DF8, S.L.U.","AXPO IBERIA, S.L.",100,GENERACION,ZONA ESPAÑOLA,RE Mercado Solar Fotovoltáica,100.0
35,448.693,EGVD503,"UOF PROMOSOLAR JUWI 17, S.L.","AXPO IBERIA, S.L.",100,GENERACION,ZONA ESPAÑOLA,RE Mercado Solar Fotovoltáica,100.0
35,456.093,EGVD504,UOF SPV10,"AXPO IBERIA, S.L.",100,GENERACION,ZONA ESPAÑOLA,RE Mercado Solar Fotovoltáica,100.0
35,463.333,EGVD505,UOF SPV 3,"AXPO IBERIA, S.L.",100,GENERACION,ZONA ESPAÑOLA,RE Mercado Solar Fotovoltáica,100.0
35,470.653,EGVD506,UOF AZUC. IBER (AE),"AXPO IBERIA, S.L.",100,GENERACION,ZONA ESPAÑOLA,RE Mercado Térmica no,100.0
35,484.093,EGVD507,UOF AZU. IBER (NO AE),"AXPO IBERIA, S.L.",100,GENERACION,ZONA ESPAÑOLA,RE Mercado Térmica no,100.0
35,497.533,EGVD508,"UOF ANSA VIGILANCE, S.L.","AXPO IBERIA, S.L.",100,GENERACION,ZONA ESPAÑOLA,RE Mercado Solar Fotovoltáica,100.0
35,504.853,EGVD511,UOF FERRE ENERGÍA,"AXPO IBERIA, S.L.",100,GENERACION,ZONA ESPAÑOLA,RE Mercado Térmica no,100.0
35,518.293,EGVD512,UOF BORREGOS,"AXPO IBERIA, S.L.",100,GENERACION,ZONA ESPAÑOLA,RE Mercado Solar Fotovoltáica,100.0
35,525.613,EGVD513,UOF BIOELECTRICA DE GARAY,"AXPO IBERIA, S.L.",100,GENERACION,ZONA ESPAÑOLA,RE Mercado Térmica Renovable,100.0
35,532.933,EGVD514,"UOF CERRATO EÓLICA, S.L.U.","AXPO IBERIA, S.L.",100,GENERACION,ZONA ESPAÑOLA,RE Mercado Eólica,100.0
35,540.253,EGVD515,UOF PRADA (INST. PE SAN CEBRIA,"AXPO IBERIA, S.L.",100,GENERACION,ZONA ESPAÑOLA,RE Mercado Eólica,100.0
35,547.573,EGVD516,"UOF FUNDICI HIVE, S.L.U.","AXPO IBERIA, S.L.",100,GENERACION,ZONA ESPAÑOLA,RE Mercado Solar Fotovoltáica,100.0
35,554.893,EGVD517,"UOF KELLY SOLAR, S.L.","AXPO IBERIA, S.L.",100,GENERACION,ZONA ESPAÑOLA,RE Mercado Solar Fotovoltáica,100.0
35,562.213,EGVD518,UOF ALDENER EXTREMADURA,"AXPO IBERIA, S.L.",100,GENERACION,ZONA ESPAÑOLA,RE Mercado Solar Fotovoltáica,100.0
36,141.133,EGVD519,"UOF EÓLICA CASCANTE, S.L.","AXPO IBERIA, S.L.",100,GENERACION,ZONA ESPAÑOLA,RE Mercado Eólica,100.0
36,148.453,EGVD520,UOF DESARR. ENER DEL CANTABRIC,"AXPO IBERIA, S.L.",100,GENERACION,ZONA ESPAÑOLA,RE Mercado Eólica,100.0
36,155.773,EGVD521,UOF SOLEN ENERGÍA VALDELAFUENT,"AXPO IBERIA, S.L.",100,GENERACION,ZONA ESPAÑOLA,RE Mercado Solar Fotovoltáica,100.0
36,163.093,EGVD524,UOF SOLEN ENERGÍA LA NAVA,"AXPO IBERIA, S.L.",100,GENERACION,ZONA ESPAÑOLA,RE Mercado Solar Fotovoltáica,100.0
36,170.413,EGVD525,UPF GENERACIÓN FOTOV DE BARGAS,"AXPO IBERIA, S.L.",100,GENERACION,ZONA ESPAÑOLA,RE Mercado Solar Fotovoltáica,100.0
36,177.733,EGVD526,UOF CASTELLANA DE ENERG. RENO,"AXPO IBERIA, S.L.",100,GENERACION,ZONA ESPAÑOLA,Híbrida Renovable,100.0
36,185.093,EGVD527,UOF P.E LAS ATALAYAS (PRADAMAP,"AXPO IBERIA, S.L.",100,GENERACION,ZONA ESPAÑOLA,RE Mercado Eólica,100.0
36,192.373,EGVD528,"UOF MAMA QUILLA SOLAR, S.L.","AXPO IBERIA, S.L.",100,GENERACION,ZONA ESPAÑOLA,RE Mercado Solar Fotovoltáica,100.0
36,199.693,EGVD529,UOF HOTEI SOLAR,"AXPO IBERIA, S.L.",100,GENERACION,ZONA ESPAÑOLA,RE Mercado Solar Fotovoltáica,100.0
36,207.093,EGVD530,UOF APHIG,"AXPO IBERIA, S.L.",100,GENERACION,ZONA ESPAÑOLA,RE Mercado Hidráulica,100.0
36,214.333,EGVD531,UOF RIEGOS DEL ALTO ARAGÓN,"AXPO IBERIA, S.L.",100,GENERACION,ZONA ESPAÑOLA,RE Mercado Hidráulica,100.0
36,221.653,EGVD532,UOF BIOETANOL GALICIA,"AXPO IBERIA, S.L.",100,GENERACION,ZONA ESPAÑOLA,RE Mercado Térmica no,100.0
36,235.093,EGVD533,UOF ACEQUIA CINCO VILLAS,"AXPO IBERIA, S.L.",100,GENERACION,ZONA ESPAÑOLA,RE Mercado Hidráulica,100.0
36,242.413,EGVD534,UOF MINICENTRAL HERREROS,"AXPO IBERIA, S.L.",100,GENERACION,ZONA ESPAÑOLA,RE Mercado Hidráulica,100.0
36,249.733,EGVD535,UOF UTE CESPA-CESPA G.R.,"AXPO IBERIA, S.L.",100,GENERACION,ZONA ESPAÑOLA,RE Mercado Térmica Renovable,100.0
36,257.093,EGVD536,UOF PREZERO ESPAÑA,"AXPO IBERIA, S.L.",100,GENERACION,ZONA ESPAÑOLA,RE Mercado Térmica Renovable,100.0
36,264.373,EGVD537,UOF SOL 20120014,"AXPO IBERIA, S.L.",100,GENERACION,ZONA ESPAÑOLA,RE Mercado Solar Fotovoltáica,100.0
36,271.693,EGVD538,UOF SOL20120016,"AXPO IBERIA, S.L.",100,GENERACION,ZONA ESPAÑOLA,RE Mercado Solar Fotovoltáica,100.0
36,279.093,EGVD539,UOF ELECTRO SAN DIEGO,"AXPO IBERIA, S.L.",100,GENERACION,ZONA ESPAÑOLA,RE Mercado Hidráulica,100.0
36,286.333,EGVD540,UOF HIDROELECTRICA DE CUERVA,"AXPO IBERIA, S.L.",100,GENERACION,ZONA ESPAÑOLA,RE Mercado Hidráulica,100.0
36,293.653,EGVD541,UOF INDUSTRIAS ROKO,"AXPO IBERIA, S.L.",100,GENERACION,ZONA ESPAÑOLA,RE Mercado Térmica no,100.0
36,307.093,EGVD542,UOF EURUS DESARROLLOS RENOVABL,"AXPO IBERIA, S.L.",100,GENERACION,ZONA ESPAÑOLA,RE Mercado Eólica,100.0
36,314.413,EGVD544,"UOF SOLAR CASTUERA, S.L.U.","AXPO IBERIA, S.L.",100,GENERACION,ZONA ESPAÑOLA,RE Mercado Solar Fotovoltáica,100.0
36,321.733,EGVD545,UOF PE OLIADO (MTORG),"AXPO IBERIA, S.L.",100,GENERACION,ZONA ESPAÑOLA,RE Mercado Eólica,100.0
36,329.093,EGVD546,UOF COG. EÓLICA PEÑA OTERO,"AXPO IBERIA, S.L.",100,GENERACION,ZONA ESPAÑOLA,RE Mercado Eólica,100.0
36,336.373,EGVD548,"UOF PINA, S.A.","AXPO IBERIA, S.L.",100,GENERACION,ZONA ESPAÑOLA,RE Mercado Térmica Renovable,100.0
36,343.693,EGVD549,UOF TABLEROS LOSAN,"AXPO IBERIA, S.L.",100,GENERACION,ZONA ESPAÑOLA,RE Mercado Térmica Renovable,100.0
36,351.093,EGVD550,UOF VENTUS IBERIA,"AXPO IBERIA, S.L.",100,GENERACION,ZONA ESPAÑOLA,RE Mercado Solar Fotovoltáica,100.0
36,358.333,EGVD551,UOF FONZ,"AXPO IBERIA, S.L.",100,GENERACION,ZONA ESPAÑOLA,RE Mercado Térmica no,100.0
36,371.773,EGVD552,UOF MILAGROS,"AXPO IBERIA, S.L.",100,GENERACION,ZONA ESPAÑOLA,RE Mercado Térmica no,100.0
36,385.213,EGVD553,UOF MILLAN,"AXPO IBERIA, S.L.",100,GENERACION,ZONA ESPAÑOLA,RE Mercado Térmica no,100.0
36,398.653,EGVD554,UOF MONZÓN,"AXPO IBERIA, S.L.",100,GENERACION,ZONA ESPAÑOLA,RE Mercado Térmica no,100.0
36,412.093,EGVD555,UOF CETA,"AXPO IBERIA, S.L.",100,GENERACION,ZONA ESPAÑOLA,RE Mercado Térmica no,100.0
36,425.533,EGVD556,UOF FENERA,"AXPO IBERIA, S.L.",100,GENERACION,ZONA ESPAÑOLA,RE Mercado Solar Fotovoltáica,100.0
36,432.853,EGVD557,UOF ROTELES,"AXPO IBERIA, S.L.",100,GENERACION,ZONA ESPAÑOLA,RE Mercado Solar Fotovoltáica,100.0
36,440.173,EGVD558,UOF PV SOLAR LOS ALCORES,"AXPO IBERIA, S.L.",100,GENERACION,ZONA ESPAÑOLA,RE Mercado Solar Fotovoltáica,100.0
36,447.493,EGVD559,UOF EL MONTE,"AXPO IBERIA, S.L.",100,GENERACION,ZONA ESPAÑOLA,RE Mercado Solar Fotovoltáica,100.0
36,454.813,EGVD560,UOF VALTARARON,"AXPO IBERIA, S.L.",100,GENERACION,ZONA ESPAÑOLA,RE Mercado Solar Fotovoltáica,100.0
36,462.133,EGVD561,UOF COLMENA SUN ZAFRA,"AXPO IBERIA, S.L.",100,GENERACION,ZONA ESPAÑOLA,RE Mercado Solar Fotovoltáica,100.0
36,469.453,EGVD562,UOF FINIDI SOLAR,"AXPO IBERIA, S.L.",100,GENERACION,ZONA ESPAÑOLA,RE Mercado Solar Fotovoltáica,100.0
36,476.773,EGVD563,UOF SOLAR CAPARACENA 1,"AXPO IBERIA, S.L.",100,GENERACION,ZONA ESPAÑOLA,RE Mercado Solar Fotovoltáica,100.0
36,484.093,EGVD564,UOF COLMENA SUN NIJARMAR,"AXPO IBERIA, S.L.",100,GENERACION,ZONA ESPAÑOLA,RE Mercado Solar Fotovoltáica,100.0
36,491.413,EGVD565,UOF CABRITA,"AXPO IBERIA, S.L.",100,GENERACION,ZONA ESPAÑOLA,RE Mercado Solar Fotovoltáica,100.0
36,498.733,ELERV02,PRODUTORA,ELERGONE ENERGIA SA,100,GENERACION,ZONA PORTUGUESA,RE Tarifa CUR (uof),100.0
36,506.093,ELVD001,ELEIA VD 001,"ELECTRICIDAD ELEIA, S.L.U.",100,GENERACION,ZONA ESPAÑOLA,RE Mercado Solar Térmica,100.0
36,513.373,ELVD025,CLIFV21,"ELECTRICIDAD ELEIA, S.L.U.",100,GENERACION,ZONA ESPAÑOLA,RE Mercado Solar Fotovoltáica,100.0
36,520.693,ELVD032,CRISOL,"ELECTRICIDAD ELEIA, S.L.U.",100,GENERACION,ZONA ESPAÑOLA,RE Mercado Solar Fotovoltáica,100.0
36,528.093,ELVD033,SOLANAS,"ELECTRICIDAD ELEIA, S.L.U.",100,GENERACION,ZONA ESPAÑOLA,RE Mercado Solar Fotovoltáica,100.0
36,535.333,ELVD034,BATTOS,"ELECTRICIDAD ELEIA, S.L.U.",100,GENERACION,ZONA ESPAÑOLA,RE Mercado Solar Fotovoltáica,100.0
36,542.653,ELVD035,VIÑAS,"ELECTRICIDAD ELEIA, S.L.U.",100,GENERACION,ZONA ESPAÑOLA,RE Mercado Solar Fotovoltáica,100.0
36,549.973,ELVD037,RETAMAR,"ELECTRICIDAD ELEIA, S.L.U.",100,GENERACION,ZONA ESPAÑOLA,RE Mercado Solar Fotovoltáica,100.0
36,557.293,ELVD038,LAS TECLAS,"ELECTRICIDAD ELEIA, S.L.U.",100,GENERACION,ZONA ESPAÑOLA,RE Mercado Solar Fotovoltáica,100.0
37,141.133,ELVD040,5 VILLAS,"ELECTRICIDAD ELEIA, S.L.U.",100,GENERACION,ZONA ESPAÑOLA,RE Mercado Térmica Renovable,100.0
37,148.453,ELVD043,PLAZA 1,"ELECTRICIDAD ELEIA, S.L.U.",100,GENERACION,ZONA ESPAÑOLA,RE Mercado Solar Fotovoltáica,100.0
37,155.773,ELVD044,PLAZA 2,"ELECTRICIDAD ELEIA, S.L.U.",100,GENERACION,ZONA ESPAÑOLA,RE Mercado Solar Fotovoltáica,100.0
37,163.093,ELVD045,LOS LLANOS,"ELECTRICIDAD ELEIA, S.L.U.",100,GENERACION,ZONA ESPAÑOLA,RE Mercado Solar Fotovoltáica,100.0
37,170.413,ELVD046,CASA III,"ELECTRICIDAD ELEIA, S.L.U.",100,GENERACION,ZONA ESPAÑOLA,RE Mercado Solar Fotovoltáica,100.0
37,177.733,ELVD047,CASA IV,"ELECTRICIDAD ELEIA, S.L.U.",100,GENERACION,ZONA ESPAÑOLA,RE Mercado Solar Fotovoltáica,100.0
37,185.093,ELVD048,CASA V,"ELECTRICIDAD ELEIA, S.L.U.",100,GENERACION,ZONA ESPAÑOLA,RE Mercado Solar Fotovoltáica,100.0
37,192.373,ELVD049,ALCAZ 2,"ELECTRICIDAD ELEIA, S.L.U.",100,GENERACION,ZONA ESPAÑOLA,RE Mercado Solar Fotovoltáica,100.0
37,199.693,ELVD050,ECOSOLAR LEVANTE,"ELECTRICIDAD ELEIA, S.L.U.",100,GENERACION,ZONA ESPAÑOLA,RE Mercado Solar Fotovoltáica,100.0
37,207.093,ELVD051,CASA I,"ELECTRICIDAD ELEIA, S.L.U.",100,GENERACION,ZONA ESPAÑOLA,RE Mercado Solar Fotovoltáica,100.0
37,214.333,ELVD052,CASA II,"ELECTRICIDAD ELEIA, S.L.U.",100,GENERACION,ZONA ESPAÑOLA,RE Mercado Solar Fotovoltáica,100.0
37,221.653,ELVD053,CASA VI,"ELECTRICIDAD ELEIA, S.L.U.",100,GENERACION,ZONA ESPAÑOLA,RE Mercado Solar Fotovoltáica,100.0
37,228.973,ELVD054,CASA VII,"ELECTRICIDAD ELEIA, S.L.U.",100,GENERACION,ZONA ESPAÑOLA,RE Mercado Solar Fotovoltáica,100.0
37,236.293,ELVD055,CASA IX,"ELECTRICIDAD ELEIA, S.L.U.",100,GENERACION,ZONA ESPAÑOLA,RE Mercado Solar Fotovoltáica,100.0
37,243.613,ELVD056,CID 1,"ELECTRICIDAD ELEIA, S.L.U.",100,GENERACION,ZONA ESPAÑOLA,RE Mercado Solar Fotovoltáica,100.0
37,250.933,ELVD057,CID 2,"ELECTRICIDAD ELEIA, S.L.U.",100,GENERACION,ZONA ESPAÑOLA,RE Mercado Solar Fotovoltáica,100.0
37,258.253,ELVD058,CID 3,"ELECTRICIDAD ELEIA, S.L.U.",100,GENERACION,ZONA ESPAÑOLA,RE Mercado Solar Fotovoltáica,100.0
37,265.573,ELVD059,CID 4,"ELECTRICIDAD ELEIA, S.L.U.",100,GENERACION,ZONA ESPAÑOLA,RE Mercado Solar Fotovoltáica,100.0
37,272.893,ELVD060,HERRERA III,"ELECTRICIDAD ELEIA, S.L.U.",100,GENERACION,ZONA ESPAÑOLA,RE Mercado Solar Fotovoltáica,100.0
37,280.213,ELVD061,MULA 3,"ELECTRICIDAD ELEIA, S.L.U.",100,GENERACION,ZONA ESPAÑOLA,RE Mercado Solar Fotovoltáica,100.0
37,287.533,ENDGVD1,EG RE TARIFA REPRESENTANTE,"ENDESA GENERACIÓN, S.A.",100,GENERACION,ZONA ESPAÑOLA,RE Mercado Solar Fotovoltáica,100.0
37,294.853,ENDRE01,PENINSULA FV AUTOCONSUMO EE,ENDESA ENERGÍA (Act.: Comercialización Reg. Esp.),100,GENERACION,ZONA ESPAÑOLA,RE Mercado Solar Fotovoltáica,100.0
37,302.173,ENDRE02,VENTA EXCE AC > 1 MW,ENDESA ENERGÍA (Act.: Comercialización Reg. Esp.),100,GENERACION,ZONA ESPAÑOLA,RE Mercado Solar Fotovoltáica,100.0
37,309.493,ENERE01,UNIDAD DE VENTA,ENERGIAREA EUROPE SL,100,GENERACION,ZONA ESPAÑOLA,RE Mercado Solar Fotovoltáica,100.0
37,316.813,ENFOV02,ENFOV02,ENFORCESCO SA,100,GENERACION,ZONA PORTUGUESA,RE Tarifa CUR (uof),100.0
37,324.133,ENGNG02,COGENERACIONES,"CAPWATT RETAIL ELECTRICIDADE PT, S.A.",100,GENERACION,ZONA PORTUGUESA,RE Tarifa CUR (uof),100.0
37,331.453,ENGNV02,UPAC CARVEMA,"CAPWATT RETAIL ELECTRICIDADE PT, S.A.",100,GENERACION,ZONA PORTUGUESA,RE Tarifa CUR (uof),100.0
37,338.773,ENMRE01,EDM VENTA,COMERCIALIZADORA DE ELECTRICIDAD Y GAS DEL MEDITER,100,GENERACION,ZONA ESPAÑOLA,RE Mercado Hidráulica,100.0
37,346.093,ENRVD02,CELULOSA DE ASTURIAS RTCEASA,MAGNON GREEN ENERGY SL,100,GENERACION,ZONA ESPAÑOLA,RE Mercado Térmica Renovable,100.0
37,353.413,ENRVD03,ENCE ENERGIA HUELVA,MAGNON GREEN ENERGY SL,100,GENERACION,ZONA ESPAÑOLA,RE Mercado Térmica Renovable,100.0
37,360.733,ENRVD04,ENCE ENERGIA Y CELULOSA,MAGNON GREEN ENERGY SL,100,GENERACION,ZONA ESPAÑOLA,RE Mercado Térmica no,100.0
37,374.173,ENRVD05,CELULOSA ENERGIA,MAGNON GREEN ENERGY SL,100,GENERACION,ZONA ESPAÑOLA,RE Mercado Térmica Renovable,100.0
37,381.493,ENRVD06,ENCE ENERGIA EXTREMADURA,MAGNON GREEN ENERGY SL,100,GENERACION,ZONA ESPAÑOLA,RE Mercado Térmica Renovable,100.0
37,388.813,ENRVD07,CELULOSA DE ASTURIAS CGCEASA,MAGNON GREEN ENERGY SL,100,GENERACION,ZONA ESPAÑOLA,RE Mercado Térmica Renovable,100.0
37,396.133,ENRVD09,LALOMA,MAGNON GREEN ENERGY SL,100,GENERACION,ZONA ESPAÑOLA,RE Mercado Térmica Renovable,100.0
37,403.453,ENRVD10,ENEMANSA,MAGNON GREEN ENERGY SL,100,GENERACION,ZONA ESPAÑOLA,RE Mercado Térmica Renovable,100.0
37,410.773,ENRVD11,LUCENA BIOMASA,MAGNON GREEN ENERGY SL,100,GENERACION,ZONA ESPAÑOLA,RE Mercado Térmica Renovable,100.0
37,418.093,ENRVD12,LUCENA COGENERACION,MAGNON GREEN ENERGY SL,100,GENERACION,ZONA ESPAÑOLA,RE Mercado Térmica no,100.0
37,431.533,ENRVD14,ENCE ENERGIA HUELVA DOS,MAGNON GREEN ENERGY SL,100,GENERACION,ZONA ESPAÑOLA,RE Mercado Térmica Renovable,100.0
37,438.853,ENRVD15,ENCE ENERGIA PUERTOLLANO,MAGNON GREEN ENERGY SL,100,GENERACION,ZONA ESPAÑOLA,RE Mercado Térmica Renovable,100.0
37,446.173,ENRVD16,ECOCARBURANTE ESPAÑOLES,MAGNON GREEN ENERGY SL,100,GENERACION,ZONA ESPAÑOLA,RE Mercado Térmica no,100.0
37,459.613,ENRVD17,BIOCARBURANTES CASTILLA Y LEON,MAGNON GREEN ENERGY SL,100,GENERACION,ZONA ESPAÑOLA,RE Mercado Térmica no,100.0
37,473.093,ENRVD18,MOVIALSA COGENERACION,MAGNON GREEN ENERGY SL,100,GENERACION,ZONA ESPAÑOLA,RE Mercado Térmica no,100.0
37,486.493,ENRVD19,MOVIALSA BIOMASA,MAGNON GREEN ENERGY SL,100,GENERACION,ZONA ESPAÑOLA,RE Mercado Térmica no,100.0
37,499.933,ENRVD21,MOVIALSA COGENERACION V,MAGNON GREEN ENERGY SL,100,GENERACION,ZONA ESPAÑOLA,RE Mercado Térmica no,100.0
37,513.373,ENRVD99,ENCE CBIO1,MAGNON GREEN ENERGY SL,100,GENERACION,ZONA ESPAÑOLA,RE Mercado Térmica no,100.0
37,526.813,ENURE01,ENURE01,ENERGIA NUFRI SLU,100,GENERACION,ZONA ESPAÑOLA,RE Mercado Térmica no,100.0
37,540.253,ENURE02,ENURE02,ENERGIA NUFRI SLU,100,GENERACION,ZONA ESPAÑOLA,RE Mercado Térmica no,100.0
37,553.693,ENURE03,ENURE03,ENERGIA NUFRI SLU,100,GENERACION,ZONA ESPAÑOLA,RE Mercado Térmica Renovable,100.0
37,561.093,ENURE04,ENURE04,ENERGIA NUFRI SLU,100,GENERACION,ZONA ESPAÑOLA,RE Mercado Hidráulica,100.0
38,141.133,ENURE05,ENURE05,ENERGIA NUFRI SLU,100,GENERACION,ZONA ESPAÑOLA,RE Mercado Térmica no,100.0
38,154.573,ENURE06,ENURE06,ENERGIA NUFRI SLU,100,GENERACION,ZONA ESPAÑOLA,RE Mercado Solar Fotovoltáica,100.0
38,161.893,ENURE07,LA JARA I,ENERGIA NUFRI SLU,100,GENERACION,ZONA ESPAÑOLA,RE Mercado Solar Fotovoltáica,100.0
38,169.213,ENURE08,ENURE08,ENERGIA NUFRI SLU,100,GENERACION,ZONA ESPAÑOLA,RE Mercado Térmica no,100.0
38,182.653,ENURE09,LA JARA 2,ENERGIA NUFRI SLU,100,GENERACION,ZONA ESPAÑOLA,RE Mercado Solar Fotovoltáica,100.0
38,189.973,ENURE10,LA RASA 1,ENERGIA NUFRI SLU,100,GENERACION,ZONA ESPAÑOLA,RE Mercado Solar Fotovoltáica,100.0
38,197.293,ENURE11,POAL FOTOVOLTAICA,ENERGIA NUFRI SLU,100,GENERACION,ZONA ESPAÑOLA,RE Mercado Solar Fotovoltáica,100.0
38,204.613,ENURE12,NUFRI SOLAR,ENERGIA NUFRI SLU,100,GENERACION,ZONA ESPAÑOLA,RE Mercado Solar Fotovoltáica,100.0
38,211.933,ENURE13,CASTELLANA,ENERGIA NUFRI SLU,100,GENERACION,ZONA ESPAÑOLA,RE Mercado Solar Fotovoltáica,100.0
38,219.253,ENURE14,MAS ROIG,ENERGIA NUFRI SLU,100,GENERACION,ZONA ESPAÑOLA,RE Mercado Solar Fotovoltáica,100.0
38,226.573,ENVD001,UOF FV ERPC,"ENERGIES RENOVABLES PÚBLIQUES DE CATALUNYA, S.A.U.",100,GENERACION,ZONA ESPAÑOLA,RE Mercado Solar Fotovoltáica,100.0
38,233.893,ENVD002,UOF HI ERPC,"ENERGIES RENOVABLES PÚBLIQUES DE CATALUNYA, S.A.U.",100,GENERACION,ZONA ESPAÑOLA,RE Mercado Hidráulica,100.0
38,241.213,ENVD003,UOF FV ERPC GENERICA,"ENERGIES RENOVABLES PÚBLIQUES DE CATALUNYA, S.A.U.",100,GENERACION,ZONA ESPAÑOLA,RE Mercado Solar Fotovoltáica,100.0
38,248.533,ENVD004,UOF HI ERPC GENERICA,"ENERGIES RENOVABLES PÚBLIQUES DE CATALUNYA, S.A.U.",100,GENERACION,ZONA ESPAÑOLA,RE Mercado Hidráulica,100.0
38,255.853,EOUVD01,REGSITI VENTA RE,"REGSITI COMERCIALIZADORA REGULADA, S.L.U.",100,GENERACION,ZONA ESPAÑOLA,RE Mercado Eólica,100.0
38,263.173,EOUVD02,REGSITI VENTA RE,"REGSITI COMERCIALIZADORA REGULADA, S.L.U.",100,GENERACION,ZONA ESPAÑOLA,RE Mercado Solar Fotovoltáica,100.0
38,270.493,EOUVD03,REGSITI VENTA RE,"REGSITI COMERCIALIZADORA REGULADA, S.L.U.",100,GENERACION,ZONA ESPAÑOLA,RE Mercado Térmica no,100.0
38,283.933,EOUVD04,REGSITI VENTA RE,"REGSITI COMERCIALIZADORA REGULADA, S.L.U.",100,GENERACION,ZONA ESPAÑOLA,RE Mercado Térmica Renovable,100.0
38,291.253,EOUVD05,REGSITI VENTA RE,"REGSITI COMERCIALIZADORA REGULADA, S.L.U.",100,GENERACION,ZONA ESPAÑOLA,RE Mercado Solar Térmica,100.0
38,298.573,EOUVD06,REGSITI VENTA RE,"REGSITI COMERCIALIZADORA REGULADA, S.L.U.",100,GENERACION,ZONA ESPAÑOLA,RE Mercado Térmica no,100.0
38,312.093,EOUVD07,REGSITI VENTA RE,"REGSITI COMERCIALIZADORA REGULADA, S.L.U.",100,GENERACION,ZONA ESPAÑOLA,RE Tar. CUR Eólica,100.0
38,319.333,EOUVD08,REGSITI VENTA RE,"REGSITI COMERCIALIZADORA REGULADA, S.L.U.",100,GENERACION,ZONA ESPAÑOLA,RE Tar. CUR Solar Fotovoltáica,100.0
38,326.653,EOUVD09,REGSITI VENTA RE,"REGSITI COMERCIALIZADORA REGULADA, S.L.U.",100,GENERACION,ZONA ESPAÑOLA,RE Tar. CUR Hidráulica,100.0
38,333.973,EOUVD10,REGSITI VENTA RE,"REGSITI COMERCIALIZADORA REGULADA, S.L.U.",100,GENERACION,ZONA ESPAÑOLA,RE Tar. CUR Térmica Renovable,100.0
38,341.293,EOUVD11,REGSITI VENTA RE,"REGSITI COMERCIALIZADORA REGULADA, S.L.U.",100,GENERACION,ZONA ESPAÑOLA,RE Tar. CUR Solar Térmica,100.0
38,348.613,EOUVD12,REGSITI VENTA RE,"REGSITI COMERCIALIZADORA REGULADA, S.L.U.",100,GENERACION,ZONA ESPAÑOLA,RE Tar. CUR Térmica no Renov.,100.0
38,355.933,ERUNV02,UNIDADE FISICA DE AGREGACAO,"GREENVOLT COMUNIDADES, SA",100,GENERACION,ZONA PORTUGUESA,RE Tarifa CUR (uof),100.0
38,363.253,ESCCC1,C.C. ESCOMBRERAS 1,ENGIE CARTAGENA S.L,100,GENERACION,ZONA ESPAÑOLA,Ciclo Combinado,100.0
38,370.573,ESCCC2,C.C. ESCOMBRERAS 2,ENGIE CARTAGENA S.L,100,GENERACION,ZONA ESPAÑOLA,Ciclo Combinado,100.0
38,377.893,ESCCC3,C.C. ESCOMBRERAS 3,ENGIE CARTAGENA S.L,100,GENERACION,ZONA ESPAÑOLA,Ciclo Combinado,100.0
38,385.213,ESC6,C.C. ESCOMBRERAS 6,IBERDROLA ENERGÍA ESPAÑA S..A.,100,GENERACION,ZONA ESPAÑOLA,Ciclo Combinado,100.0
38,392.533,ETO1,EL TORCIO,WIND TO MARKET (ACT.: COMERCIALIZACIÓN RE),100,GENERACION,ZONA ESPAÑOLA,Hidráulica Generación,100.0
38,399.853,EVIRE01,ENERGIA VIVA VENTA,ENERGIA VIVA SPAIN SL.,100,GENERACION,ZONA ESPAÑOLA,RE Mercado Solar Fotovoltáica,100.0
38,407.173,EYPRE01,PV MENORS 1MW,"ESTABANELL IMPULSA, S.A.",100,GENERACION,ZONA ESPAÑOLA,RE Mercado Solar Fotovoltáica,100.0
38,414.493,EYPRE02,HIDRO MENOR 1MW,"ESTABANELL IMPULSA, S.A.",100,GENERACION,ZONA ESPAÑOLA,RE Mercado Hidráulica,100.0
38,421.813,EYPRE03,HIDRO MAJOR 1MW,"ESTABANELL IMPULSA, S.A.",100,GENERACION,ZONA ESPAÑOLA,RE Mercado Hidráulica,100.0
38,429.133,EYPRE04,FV CAÑADA LENTISCO,"ESTABANELL IMPULSA, S.A.",100,GENERACION,ZONA ESPAÑOLA,RE Mercado Solar Fotovoltáica,100.0
38,436.453,EYPRE05,PV SEG PLANTES,"ESTABANELL IMPULSA, S.A.",100,GENERACION,ZONA ESPAÑOLA,RE Mercado Solar Fotovoltáica,100.0
38,443.773,EYPRE06,PV SIRAH,"ESTABANELL IMPULSA, S.A.",100,GENERACION,ZONA ESPAÑOLA,RE Mercado Solar Fotovoltáica,100.0
38,451.093,EYPRE07,FV 1 5 EXT,"ESTABANELL IMPULSA, S.A.",100,GENERACION,ZONA ESPAÑOLA,RE Mercado Solar Fotovoltáica,100.0
38,458.413,EZURV02,UNIDADE DE VENDA,"EZU ENERGIA, LDA",100,GENERACION,ZONA PORTUGUESA,RE Tarifa CUR (uof),100.0
38,465.733,E21VD01,EXXI VENTA RE,"ENERGÍA XXI COMERCIALIZADORA DE REFERENCIA, S.L.",100,GENERACION,ZONA ESPAÑOLA,RE Mercado Eólica,100.0
38,473.093,E21VD02,EXXI VENTA RE,"ENERGÍA XXI COMERCIALIZADORA DE REFERENCIA, S.L.",100,GENERACION,ZONA ESPAÑOLA,RE Mercado Solar Fotovoltáica,100.0
38,480.373,E21VD03,EXXI VENTA RE,"ENERGÍA XXI COMERCIALIZADORA DE REFERENCIA, S.L.",100,GENERACION,ZONA ESPAÑOLA,RE Mercado Hidráulica,100.0
38,487.693,E21VD04,EXXI VENTA RE,"ENERGÍA XXI COMERCIALIZADORA DE REFERENCIA, S.L.",100,GENERACION,ZONA ESPAÑOLA,RE Mercado Térmica Renovable,100.0
38,495.093,E21VD05,EXXI VENTA RE,"ENERGÍA XXI COMERCIALIZADORA DE REFERENCIA, S.L.",100,GENERACION,ZONA ESPAÑOLA,RE Mercado Solar Fotovoltáica,100.0
38,502.333,E21VD06,EXXI VENTA RE,"ENERGÍA XXI COMERCIALIZADORA DE REFERENCIA, S.L.",100,GENERACION,ZONA ESPAÑOLA,RE Mercado Solar Térmica,100.0
38,509.653,E21VD07,EXXI VENTA RE,"ENERGÍA XXI COMERCIALIZADORA DE REFERENCIA, S.L.",100,GENERACION,ZONA ESPAÑOLA,RE Mercado Térmica no,100.0
38,523.093,E21VD08,EXXI VENTA RE,"ENERGÍA XXI COMERCIALIZADORA DE REFERENCIA, S.L.",100,GENERACION,ZONA ESPAÑOLA,RE Mercado Geotérmica,100.0
38,530.413,E21VD09,EXXI VENTA RE,"ENERGÍA XXI COMERCIALIZADORA DE REFERENCIA, S.L.",100,GENERACION,ZONA ESPAÑOLA,RE Mercado Térmica no,100.0
38,543.853,E21VD10,EXXI VENTA RE,"ENERGÍA XXI COMERCIALIZADORA DE REFERENCIA, S.L.",100,GENERACION,ZONA ESPAÑOLA,RE Mercado Térmica Renovable,100.0
38,551.173,E21VD11,EXXI VENTA RE,"ENERGÍA XXI COMERCIALIZADORA DE REFERENCIA, S.L.",100,GENERACION,ZONA ESPAÑOLA,RE Tar. CUR Eólica,100.0
38,558.493,E21VD12,EXXI VENTA RE,"ENERGÍA XXI COMERCIALIZADORA DE REFERENCIA, S.L.",100,GENERACION,ZONA ESPAÑOLA,RE Tar. CUR Solar Fotovoltáica,100.0
39,141.133,E21VD13,EXXI VENTA RE,"ENERGÍA XXI COMERCIALIZADORA DE REFERENCIA, S.L.",100,GENERACION,ZONA ESPAÑOLA,RE Tar. CUR Solar Térmica,100.0
39,148.453,E21VD14,EXXI VENTA RE,"ENERGÍA XXI COMERCIALIZADORA DE REFERENCIA, S.L.",100,GENERACION,ZONA ESPAÑOLA,RE Tar. CUR Hidráulica,100.0
39,155.773,E21VD15,EXXI VENTA RE,"ENERGÍA XXI COMERCIALIZADORA DE REFERENCIA, S.L.",100,GENERACION,ZONA ESPAÑOLA,RE Tar. CUR Térmica Renovable,100.0
39,163.093,E21VD16,EXXI VENTA RE,"ENERGÍA XXI COMERCIALIZADORA DE REFERENCIA, S.L.",100,GENERACION,ZONA ESPAÑOLA,RE Tar. CUR Térmica no Renov.,100.0
39,170.413,FAERE01,FAERE01,"ENDESA GENERACIÓN, S.A.",100,GENERACION,ZONA ESPAÑOLA,RE Mercado Solar Fotovoltáica,100.0
39,177.733,FENVD01,FOTO >15 TARIFA,FENIE ENERGIA,100,GENERACION,ZONA ESPAÑOLA,RE Mercado Solar Fotovoltáica,100.0
39,185.093,FENVD02,COGENERACIÓN,FENIE ENERGIA,100,GENERACION,ZONA ESPAÑOLA,RE Mercado Térmica no,100.0
39,198.493,FENVD03,EOLICA,FENIE ENERGIA,100,GENERACION,ZONA ESPAÑOLA,RE Mercado Eólica,100.0
39,205.813,FENVD04,HIDRAULICA,FENIE ENERGIA,100,GENERACION,ZONA ESPAÑOLA,RE Mercado Hidráulica,100.0
39,213.133,FENVD05,FOTO > 1MW,FENIE ENERGIA,100,GENERACION,ZONA ESPAÑOLA,RE Mercado Solar Fotovoltáica,100.0
39,220.453,FENVD06,EOLICA TERRESTRE GESTIONABLE,FENIE ENERGIA,100,GENERACION,ZONA ESPAÑOLA,RE Mercado Eólica,100.0
39,227.773,FENVD07,FVCAR2,FENIE ENERGIA,100,GENERACION,ZONA ESPAÑOLA,RE Mercado Solar Fotovoltáica,100.0
39,235.093,FENVD08,FVCAR3,FENIE ENERGIA,100,GENERACION,ZONA ESPAÑOLA,RE Mercado Solar Fotovoltáica,100.0
39,242.413,FENVD09,FVCAR4,FENIE ENERGIA,100,GENERACION,ZONA ESPAÑOLA,RE Mercado Solar Fotovoltáica,100.0
39,249.733,FENVD10,FVVEGA,FENIE ENERGIA,100,GENERACION,ZONA ESPAÑOLA,RE Mercado Solar Fotovoltáica,100.0
39,257.093,FENVD11,PE MONTE TOURADO,FENIE ENERGIA,100,GENERACION,ZONA ESPAÑOLA,RE Mercado Eólica,100.0
39,264.373,FENVD12,PE FARRAPA II,FENIE ENERGIA,100,GENERACION,ZONA ESPAÑOLA,RE Mercado Eólica,100.0
39,271.693,FENVD13,PE BRETOÑA,FENIE ENERGIA,100,GENERACION,ZONA ESPAÑOLA,RE Mercado Eólica,100.0
39,279.093,FENVD14,BIOGAS,FENIE ENERGIA,100,GENERACION,ZONA ESPAÑOLA,RE Mercado Térmica Renovable,100.0
39,286.333,FENVD15,F15AFEN,FENIE ENERGIA,100,GENERACION,ZONA ESPAÑOLA,RE Mercado Solar Fotovoltáica,100.0
39,293.653,FUTVD03,FUTGR ROMA COGFUT,CAPWATT COMERCIAL S.L.U.,100,GENERACION,ZONA ESPAÑOLA,RE Mercado Térmica no,100.0
39,307.093,FUTVD04,FUTGR FOTOVOLTAICAS,CAPWATT COMERCIAL S.L.U.,100,GENERACION,ZONA ESPAÑOLA,RE Mercado Solar Fotovoltáica,100.0
39,314.413,FUTVD06,ALCARRAS,CAPWATT COMERCIAL S.L.U.,100,GENERACION,ZONA ESPAÑOLA,RE Mercado Térmica no,100.0
39,327.853,FUTVD11,VOLTREGA,CAPWATT COMERCIAL S.L.U.,100,GENERACION,ZONA ESPAÑOLA,RE Mercado Térmica no,100.0
39,341.293,GACVD1,GAC REG. ESPECIAL TARF REP,GEOATLANTER,100,GENERACION,ZONA ESPAÑOLA,RE Mercado Solar Fotovoltáica,100.0
39,348.613,GACVD10,GACVD10,GEOATLANTER,100,GENERACION,ZONA ESPAÑOLA,RE Mercado Solar Fotovoltáica,100.0
39,355.933,GACVD11,GACVD11,GEOATLANTER,100,GENERACION,ZONA ESPAÑOLA,RE Mercado Solar Fotovoltáica,100.0
39,363.253,GACVD12,GACVD12,GEOATLANTER,100,GENERACION,ZONA ESPAÑOLA,RE Mercado Solar Fotovoltáica,100.0
39,370.573,GACVD13,GACVD13,GEOATLANTER,100,GENERACION,ZONA ESPAÑOLA,RE Mercado Solar Fotovoltáica,100.0
39,377.893,GACVD14,GACVD14,GEOATLANTER,100,GENERACION,ZONA ESPAÑOLA,RE Mercado Solar Fotovoltáica,100.0
39,385.213,GACVD4,GAC REG. ESPECIAL REP,GEOATLANTER,100,GENERACION,ZONA ESPAÑOLA,RE Mercado Solar Fotovoltáica,100.0
39,392.533,GACVD5,GAC REG. ESPECIAL REP,GEOATLANTER,100,GENERACION,ZONA ESPAÑOLA,RE Mercado Solar Fotovoltáica,100.0
39,399.853,GACVD6,GAC REG. ESPECIAL REP,GEOATLANTER,100,GENERACION,ZONA ESPAÑOLA,RE Mercado Solar Fotovoltáica,100.0
39,407.173,GACVD7,GACVD7,GEOATLANTER,100,GENERACION,ZONA ESPAÑOLA,RE Mercado Solar Fotovoltáica,100.0
39,414.493,GACVD8,GACVD8,GEOATLANTER,100,GENERACION,ZONA ESPAÑOLA,RE Mercado Solar Fotovoltáica,100.0
39,421.813,GACVD9,GACVD9,GEOATLANTER,100,GENERACION,ZONA ESPAÑOLA,RE Mercado Solar Fotovoltáica,100.0
39,429.133,GALPVD1,PARQUE VALDECARRO,"GALP ENERGÍA ESPAÑA, S.A.U.",100,GENERACION,ZONA ESPAÑOLA,RE Mercado Solar Fotovoltáica,100.0
39,436.453,GALPVD2,PARQUE ALCAZAR 1,"GALP ENERGÍA ESPAÑA, S.A.U.",100,GENERACION,ZONA ESPAÑOLA,RE Mercado Solar Fotovoltáica,100.0
39,443.773,GALPVD3,PARQUE MANZANARES,"GALP ENERGÍA ESPAÑA, S.A.U.",100,GENERACION,ZONA ESPAÑOLA,RE Mercado Solar Fotovoltáica,100.0
39,451.093,GALPVD4,PARQUE LOGRO,"GALP ENERGÍA ESPAÑA, S.A.U.",100,GENERACION,ZONA ESPAÑOLA,RE Mercado Solar Fotovoltáica,100.0
39,458.413,GALPVD5,PARQUE ICTIO ALCAZAR I,"GALP ENERGÍA ESPAÑA, S.A.U.",100,GENERACION,ZONA ESPAÑOLA,RE Mercado Solar Fotovoltáica,100.0
39,465.733,GALPVD6,PARQUE ICTIO ALCAZAR II,"GALP ENERGÍA ESPAÑA, S.A.U.",100,GENERACION,ZONA ESPAÑOLA,RE Mercado Solar Fotovoltáica,100.0
39,473.093,GALPVD7,ICTIO ALCAZAR III,"GALP ENERGÍA ESPAÑA, S.A.U.",100,GENERACION,ZONA ESPAÑOLA,RE Mercado Solar Fotovoltáica,100.0
39,480.373,GALPVD8,ALCAZAR II,"GALP ENERGÍA ESPAÑA, S.A.U.",100,GENERACION,ZONA ESPAÑOLA,RE Mercado Solar Fotovoltáica,100.0
39,487.693,GALPVD9,VALDIVIESO,"GALP ENERGÍA ESPAÑA, S.A.U.",100,GENERACION,ZONA ESPAÑOLA,RE Mercado Solar Fotovoltáica,100.0
39,495.093,GALPWV2,UNIDADE DE VENDA,PETROGAL SA,100,GENERACION,ZONA PORTUGUESA,RE Tarifa CUR (uof),100.0
39,502.333,GALVD10,RIBAGRANDE,"GALP ENERGÍA ESPAÑA, S.A.U.",100,GENERACION,ZONA ESPAÑOLA,RE Mercado Solar Fotovoltáica,100.0
39,509.653,GALVD11,SIERREZUELA,"GALP ENERGÍA ESPAÑA, S.A.U.",100,GENERACION,ZONA ESPAÑOLA,RE Mercado Solar Fotovoltáica,100.0
39,516.973,GALVD12,ESCARNES,"GALP ENERGÍA ESPAÑA, S.A.U.",100,GENERACION,ZONA ESPAÑOLA,RE Mercado Solar Fotovoltáica,100.0
39,524.293,GALVD13,ENVITERO,"GALP ENERGÍA ESPAÑA, S.A.U.",100,GENERACION,ZONA ESPAÑOLA,RE Mercado Solar Fotovoltáica,100.0
39,531.613,GALVD14,MOCATERO,"GALP ENERGÍA ESPAÑA, S.A.U.",100,GENERACION,ZONA ESPAÑOLA,RE Mercado Solar Fotovoltáica,100.0
39,538.933,GALVD15,IGNIS SOLAR I,"GALP ENERGÍA ESPAÑA, S.A.U.",100,GENERACION,ZONA ESPAÑOLA,RE Mercado Solar Fotovoltáica,100.0
39,546.253,GALVD16,MEDIOMONTE,"GALP ENERGÍA ESPAÑA, S.A.U.",100,GENERACION,ZONA ESPAÑOLA,RE Mercado Solar Fotovoltáica,100.0
39,553.573,GALVD17,EMOCIÓN,"GALP ENERGÍA ESPAÑA, S.A.U.",100,GENERACION,ZONA ESPAÑOLA,RE Mercado Solar Fotovoltáica,100.0
39,560.893,GALVD18,ESCATRÓN SOLAR II,"GALP ENERGÍA ESPAÑA, S.A.U.",100,GENERACION,ZONA ESPAÑOLA,RE Mercado Solar Fotovoltáica,100.0
40,141.133,GALVD19,PALABRA,"GALP ENERGÍA ESPAÑA, S.A.U.",100,GENERACION,ZONA ESPAÑOLA,RE Mercado Solar Fotovoltáica,100.0
40,148.453,GALVD20,VALDELAGUA,"GALP ENERGÍA ESPAÑA, S.A.U.",100,GENERACION,ZONA ESPAÑOLA,RE Mercado Solar Fotovoltáica,100.0
40,155.773,GALVD21,EL ROBLEDO,"GALP ENERGÍA ESPAÑA, S.A.U.",100,GENERACION,ZONA ESPAÑOLA,RE Mercado Solar Fotovoltáica,100.0
40,163.093,GALVD22,HAZAÑA SOLAR,"GALP ENERGÍA ESPAÑA, S.A.U.",100,GENERACION,ZONA ESPAÑOLA,RE Mercado Solar Fotovoltáica,100.0
40,170.413,GALVD23,TALENTO,"GALP ENERGÍA ESPAÑA, S.A.U.",100,GENERACION,ZONA ESPAÑOLA,RE Mercado Solar Fotovoltáica,100.0
40,177.733,GALVD24,ESPLENDOR,"GALP ENERGÍA ESPAÑA, S.A.U.",100,GENERACION,ZONA ESPAÑOLA,RE Mercado Solar Fotovoltáica,100.0
40,185.093,GALVD25,PITARCO A,"GALP ENERGÍA ESPAÑA, S.A.U.",100,GENERACION,ZONA ESPAÑOLA,RE Mercado Solar Fotovoltáica,100.0
40,192.373,GALVD29,EXTRESOL II,"GALP ENERGÍA ESPAÑA, S.A.U.",100,GENERACION,ZONA ESPAÑOLA,RE Mercado Solar Térmica,100.0
40,199.693,GALVD30,EXTRESOL III,"GALP ENERGÍA ESPAÑA, S.A.U.",100,GENERACION,ZONA ESPAÑOLA,RE Mercado Solar Térmica,100.0
40,207.093,GALVD31,ALBARREAL,"GALP ENERGÍA ESPAÑA, S.A.U.",100,GENERACION,ZONA ESPAÑOLA,RE Mercado Solar Fotovoltáica,100.0
40,214.333,GALVD32,PEREA,"GALP ENERGÍA ESPAÑA, S.A.U.",100,GENERACION,ZONA ESPAÑOLA,RE Mercado Solar Fotovoltáica,100.0
40,221.653,GALVD33,VEGON,"GALP ENERGÍA ESPAÑA, S.A.U.",100,GENERACION,ZONA ESPAÑOLA,RE Mercado Solar Fotovoltáica,100.0
40,228.973,GALVD39,MONTEGORDO,"GALP ENERGÍA ESPAÑA, S.A.U.",100,GENERACION,ZONA ESPAÑOLA,RE Mercado Eólica,100.0
40,236.293,GALVD40,CARBAS,"GALP ENERGÍA ESPAÑA, S.A.U.",100,GENERACION,ZONA ESPAÑOLA,RE Mercado Eólica,100.0
40,243.613,GALVD41,CALDERA,"GALP ENERGÍA ESPAÑA, S.A.U.",100,GENERACION,ZONA ESPAÑOLA,RE Mercado Eólica,100.0
40,250.933,GALVD42,TESOSANTO,"GALP ENERGÍA ESPAÑA, S.A.U.",100,GENERACION,ZONA ESPAÑOLA,RE Mercado Eólica,100.0
40,258.253,GALVD43,EXTRESOL 1,"GALP ENERGÍA ESPAÑA, S.A.U.",100,GENERACION,ZONA ESPAÑOLA,RE Mercado Solar Térmica,100.0
40,265.573,GALVD56,ALMARAZ,"GALP ENERGÍA ESPAÑA, S.A.U.",100,GENERACION,ZONA ESPAÑOLA,RE Mercado Solar Fotovoltáica,100.0
40,272.893,GALVD57,TOLEDO,"GALP ENERGÍA ESPAÑA, S.A.U.",100,GENERACION,ZONA ESPAÑOLA,RE Mercado Solar Fotovoltáica,100.0
40,280.213,GALVD58,AHIN,"GALP ENERGÍA ESPAÑA, S.A.U.",100,GENERACION,ZONA ESPAÑOLA,RE Mercado Solar Fotovoltáica,100.0
40,287.533,GALVD59,CASABLANCA,"GALP ENERGÍA ESPAÑA, S.A.U.",100,GENERACION,ZONA ESPAÑOLA,RE Mercado Solar Térmica,100.0
40,294.853,GALVD60,ABUELA,"GALP ENERGÍA ESPAÑA, S.A.U.",100,GENERACION,ZONA ESPAÑOLA,RE Mercado Eólica,100.0
40,302.173,GALVD61,COLMENAR,"GALP ENERGÍA ESPAÑA, S.A.U.",100,GENERACION,ZONA ESPAÑOLA,RE Mercado Eólica,100.0
40,309.493,GALVD62,NOGUERA,"GALP ENERGÍA ESPAÑA, S.A.U.",100,GENERACION,ZONA ESPAÑOLA,RE Mercado Eólica,100.0
40,316.813,GALVD63,VEGASISLETES,"GALP ENERGÍA ESPAÑA, S.A.U.",100,GENERACION,ZONA ESPAÑOLA,RE Mercado Eólica,100.0
40,324.133,GALVD64,SERON1,"GALP ENERGÍA ESPAÑA, S.A.U.",100,GENERACION,ZONA ESPAÑOLA,RE Mercado Eólica,100.0
40,331.453,GALVD65,SERON2,"GALP ENERGÍA ESPAÑA, S.A.U.",100,GENERACION,ZONA ESPAÑOLA,RE Mercado Eólica,100.0
40,338.773,GALVD66,TIJOLA,"GALP ENERGÍA ESPAÑA, S.A.U.",100,GENERACION,ZONA ESPAÑOLA,RE Mercado Eólica,100.0
40,346.093,GALVD67,CERROBLANCO,"GALP ENERGÍA ESPAÑA, S.A.U.",100,GENERACION,ZONA ESPAÑOLA,RE Mercado Eólica,100.0
40,353.413,GALVD68,MAJALES,"GALP ENERGÍA ESPAÑA, S.A.U.",100,GENERACION,ZONA ESPAÑOLA,RE Mercado Eólica,100.0
40,360.733,GALVD69,TORVISCAL,"GALP ENERGÍA ESPAÑA, S.A.U.",100,GENERACION,ZONA ESPAÑOLA,RE Mercado Eólica,100.0
40,368.093,GALVD70,BRENA,"GALP ENERGÍA ESPAÑA, S.A.U.",100,GENERACION,ZONA ESPAÑOLA,RE Mercado Eólica,100.0
40,375.373,GALVD71,NEBINA,"GALP ENERGÍA ESPAÑA, S.A.U.",100,GENERACION,ZONA ESPAÑOLA,RE Mercado Eólica,100.0
40,382.693,GALVD72,VILLAMAYOR,"GALP ENERGÍA ESPAÑA, S.A.U.",100,GENERACION,ZONA ESPAÑOLA,RE Mercado Eólica,100.0
40,390.093,GALVD73,CABRITO,"GALP ENERGÍA ESPAÑA, S.A.U.",100,GENERACION,ZONA ESPAÑOLA,RE Mercado Eólica,100.0
40,397.333,GALVD74,ESCAMB,"GALP ENERGÍA ESPAÑA, S.A.U.",100,GENERACION,ZONA ESPAÑOLA,RE Mercado Eólica,100.0
40,404.653,GALVD75,BENALAZ,"GALP ENERGÍA ESPAÑA, S.A.U.",100,GENERACION,ZONA ESPAÑOLA,RE Mercado Eólica,100.0
40,411.973,GALVD76,BOIRA,"GALP ENERGÍA ESPAÑA, S.A.U.",100,GENERACION,ZONA ESPAÑOLA,RE Mercado Eólica,100.0
40,419.293,GALVD77,GLOSILLA,"GALP ENERGÍA ESPAÑA, S.A.U.",100,GENERACION,ZONA ESPAÑOLA,RE Mercado Eólica,100.0
40,426.613,GALVD78,SALOMON,"GALP ENERGÍA ESPAÑA, S.A.U.",100,GENERACION,ZONA ESPAÑOLA,RE Mercado Eólica,100.0
40,433.933,GALVD79,BENALAZ2,"GALP ENERGÍA ESPAÑA, S.A.U.",100,GENERACION,ZONA ESPAÑOLA,RE Mercado Eólica,100.0
40,441.253,GALVD80,SIERRAGUAS,"GALP ENERGÍA ESPAÑA, S.A.U.",100,GENERACION,ZONA ESPAÑOLA,RE Mercado Eólica,100.0
40,448.573,GALVD83,THARSIS,"GALP ENERGÍA ESPAÑA, S.A.U.",100,GENERACION,ZONA ESPAÑOLA,RE Mercado Eólica,100.0
40,455.893,GALVD85,CAMPILLO,"GALP ENERGÍA ESPAÑA, S.A.U.",100,GENERACION,ZONA ESPAÑOLA,RE Mercado Eólica,100.0
40,463.213,GALVD86,CANTERAS3,"GALP ENERGÍA ESPAÑA, S.A.U.",100,GENERACION,ZONA ESPAÑOLA,RE Mercado Eólica,100.0
40,470.533,GALVD87,ELPLANO,"GALP ENERGÍA ESPAÑA, S.A.U.",100,GENERACION,ZONA ESPAÑOLA,RE Mercado Solar Fotovoltáica,100.0
40,477.853,GALVD88,LAESTANCA,"GALP ENERGÍA ESPAÑA, S.A.U.",100,GENERACION,ZONA ESPAÑOLA,RE Mercado Solar Fotovoltáica,100.0
40,485.173,GALVD89,LANTERNOSO,"GALP ENERGÍA ESPAÑA, S.A.U.",100,GENERACION,ZONA ESPAÑOLA,RE Mercado Eólica,100.0
40,492.493,GALVD90,GRISEL,"GALP ENERGÍA ESPAÑA, S.A.U.",100,GENERACION,ZONA ESPAÑOLA,RE Mercado Eólica,100.0
40,499.813,GALVD91,ARMIJO,"GALP ENERGÍA ESPAÑA, S.A.U.",100,GENERACION,ZONA ESPAÑOLA,RE Mercado Eólica,100.0
40,507.133,GALVD92,BOSQUEALTO,"GALP ENERGÍA ESPAÑA, S.A.U.",100,GENERACION,ZONA ESPAÑOLA,RE Mercado Eólica,100.0
40,514.453,GALVD93,PLMARIA,"GALP ENERGÍA ESPAÑA, S.A.U.",100,GENERACION,ZONA ESPAÑOLA,RE Mercado Eólica,100.0
40,521.773,GALVD94,RIOGALLEGO,"GALP ENERGÍA ESPAÑA, S.A.U.",100,GENERACION,ZONA ESPAÑOLA,RE Mercado Eólica,100.0
40,529.093,GALVD95,BANCAL,"GALP ENERGÍA ESPAÑA, S.A.U.",100,GENERACION,ZONA ESPAÑOLA,RE Mercado Eólica,100.0
40,536.413,GALVD96,SIGLOS,"GALP ENERGÍA ESPAÑA, S.A.U.",100,GENERACION,ZONA ESPAÑOLA,RE Mercado Eólica,100.0
40,543.733,GALVD97,BALSA,"GALP ENERGÍA ESPAÑA, S.A.U.",100,GENERACION,ZONA ESPAÑOLA,RE Mercado Eólica,100.0
40,551.093,GALVD98,LABRADOS,"GALP ENERGÍA ESPAÑA, S.A.U.",100,GENERACION,ZONA ESPAÑOLA,RE Mercado Eólica,100.0
40,558.373,GALVD99,PLZARAGOZA,"GALP ENERGÍA ESPAÑA, S.A.U.",100,GENERACION,ZONA ESPAÑOLA,RE Mercado Eólica,100.0
41,141.133,GASNVD2,GAS NATURAL SDG VENTA TARIFA,GAS NATURAL COMERCIALIZADORA,100,GENERACION,ZONA ESPAÑOLA,RE Mercado Hidráulica,100.0
41,148.453,GASNVD4,GASNVD4,GAS NATURAL COMERCIALIZADORA,100,GENERACION,ZONA ESPAÑOLA,RE Mercado Térmica no,100.0
41,161.893,GASNVD9,GASNVD9,GAS NATURAL COMERCIALIZADORA,100,GENERACION,ZONA ESPAÑOLA,RE Mercado Eólica,100.0
41,169.213,GASVD10,GASVD10,GAS NATURAL COMERCIALIZADORA,100,GENERACION,ZONA ESPAÑOLA,RE Mercado Térmica no,100.0
41,182.653,GASVD11,GASVD11,GAS NATURAL COMERCIALIZADORA,100,GENERACION,ZONA ESPAÑOLA,RE Mercado Eólica,100.0
41,189.973,GASVD12,GASVD12,GAS NATURAL COMERCIALIZADORA,100,GENERACION,ZONA ESPAÑOLA,RE Mercado Eólica,100.0
41,197.293,GASVD15,GASVD15,GAS NATURAL COMERCIALIZADORA,100,GENERACION,ZONA ESPAÑOLA,RE Mercado Solar Fotovoltáica,100.0
41,204.613,GASVD16,GASVD16,GAS NATURAL COMERCIALIZADORA,100,GENERACION,ZONA ESPAÑOLA,RE Mercado Solar Fotovoltáica,100.0
41,211.933,GASVD17,GASVD17,GAS NATURAL COMERCIALIZADORA,100,GENERACION,ZONA ESPAÑOLA,RE Mercado Eólica,100.0
41,219.253,GASVD18,GASVD18,GAS NATURAL COMERCIALIZADORA,100,GENERACION,ZONA ESPAÑOLA,RE Mercado Solar Fotovoltáica,100.0
41,226.573,GASVD20,GASVD20,GAS NATURAL COMERCIALIZADORA,100,GENERACION,ZONA ESPAÑOLA,RE Mercado Solar Fotovoltáica,100.0
41,233.893,GASVD22,GASVD22,GAS NATURAL COMERCIALIZADORA,100,GENERACION,ZONA ESPAÑOLA,RE Mercado Eólica,100.0
41,241.213,GDLQ,UGH. GUADALQUIVIR,"ENDESA GENERACIÓN, S.A.",100,GENERACION,ZONA ESPAÑOLA,Hidráulica Generación,100.0
41,248.533,GDNA,UGH. GUADIANA,"ENDESA GENERACIÓN, S.A.",100,GENERACION,ZONA ESPAÑOLA,Hidráulica Generación,100.0
41,255.853,GEMVD01,GEM VD T01,"GESTION DE ENERGÍA Y MERCADOS, S.L.",100,GENERACION,ZONA ESPAÑOLA,RE Mercado Térmica no,100.0
41,269.293,GEMVD09,GEM VD T09,"GESTION DE ENERGÍA Y MERCADOS, S.L.",100,GENERACION,ZONA ESPAÑOLA,RE Mercado Térmica no,100.0
41,282.733,GEMVD15,YESYFORMA,"GESTION DE ENERGÍA Y MERCADOS, S.L.",100,GENERACION,ZONA ESPAÑOLA,RE Mercado Térmica no,100.0
41,296.173,GEMVD16,CEMOSA,"GESTION DE ENERGÍA Y MERCADOS, S.L.",100,GENERACION,ZONA ESPAÑOLA,RE Mercado Térmica no,100.0
41,309.613,GEMVD17,TRATA. DE RESIDUOS LA RIOJA,"GESTION DE ENERGÍA Y MERCADOS, S.L.",100,GENERACION,ZONA ESPAÑOLA,RE Mercado Térmica Renovable,100.0
41,316.933,GEMVD18,ENERCORR XXI,"GESTION DE ENERGÍA Y MERCADOS, S.L.",100,GENERACION,ZONA ESPAÑOLA,RE Mercado Térmica no,100.0
41,330.373,GEMVD19,TARBA ENERGÍA,"GESTION DE ENERGÍA Y MERCADOS, S.L.",100,GENERACION,ZONA ESPAÑOLA,RE Mercado Térmica no,100.0
41,343.813,GEMVD20,ISLONIAS,"GESTION DE ENERGÍA Y MERCADOS, S.L.",100,GENERACION,ZONA ESPAÑOLA,RE Mercado Térmica Renovable,100.0
41,351.133,GEMVD30,GEM FV MENOR 1 MW,"GESTION DE ENERGÍA Y MERCADOS, S.L.",100,GENERACION,ZONA ESPAÑOLA,RE Mercado Solar Fotovoltáica,100.0
41,358.453,GEMVD31,CABB HIDRO MENOR 5 MW,"GESTION DE ENERGÍA Y MERCADOS, S.L.",100,GENERACION,ZONA ESPAÑOLA,RE Mercado Hidráulica,100.0
41,365.773,GEMVD32,CABB B72 MENOR 5 MW,"GESTION DE ENERGÍA Y MERCADOS, S.L.",100,GENERACION,ZONA ESPAÑOLA,RE Mercado Térmica Renovable,100.0
41,373.093,GEMVD33,BIORECICLAJE DE CADIZ,"GESTION DE ENERGÍA Y MERCADOS, S.L.",100,GENERACION,ZONA ESPAÑOLA,RE Mercado Térmica Renovable,100.0
41,380.413,GEMVD34,UO LATINF,"GESTION DE ENERGÍA Y MERCADOS, S.L.",100,GENERACION,ZONA ESPAÑOLA,RE Mercado Térmica no,100.0
41,393.853,GEMVD35,UO GRADO,"GESTION DE ENERGÍA Y MERCADOS, S.L.",100,GENERACION,ZONA ESPAÑOLA,RE Mercado Térmica no,100.0
41,407.293,GEMVD36,UO FDP,"GESTION DE ENERGÍA Y MERCADOS, S.L.",100,GENERACION,ZONA ESPAÑOLA,RE Mercado Térmica no,100.0
41,420.733,GEMVD37,UO MORON,"GESTION DE ENERGÍA Y MERCADOS, S.L.",100,GENERACION,ZONA ESPAÑOLA,RE Mercado Térmica no,100.0
41,434.173,GEMVD38,UO ARAN,"GESTION DE ENERGÍA Y MERCADOS, S.L.",100,GENERACION,ZONA ESPAÑOLA,RE Mercado Térmica no,100.0
41,447.613,GEMVD39,UO CINCAV,"GESTION DE ENERGÍA Y MERCADOS, S.L.",100,GENERACION,ZONA ESPAÑOLA,RE Mercado Térmica no,100.0
41,461.093,GEOVD01,REPRESENTACIÓN FOTOVOLTAICA,"GEO ALTERNATIVA, SL",100,GENERACION,ZONA ESPAÑOLA,RE Mercado Solar Fotovoltáica,100.0
41,468.373,GEPLAS,GE PLASTICS,IBERDROLA ENERGÍA ESPAÑA S..A.,100,GENERACION,ZONA ESPAÑOLA,RE Mercado Térmica no,100.0
41,481.813,GESNV02,GESNV02,GESTERNOVA SERVICOS DE ENERGIA UNIPESOAL LDA,100,GENERACION,ZONA PORTUGUESA,RE Tarifa CUR (uof),100.0
41,489.133,GESTVD2,GESTVD2,"GESTERNOVA, S.A.",100,GENERACION,ZONA ESPAÑOLA,RE Mercado Solar Fotovoltáica,100.0
41,496.453,GESTVD4,GESTVD4,"GESTERNOVA, S.A.",100,GENERACION,ZONA ESPAÑOLA,RE Mercado Hidráulica,100.0
41,503.773,GESTVD5,BIOMASA,"GESTERNOVA, S.A.",100,GENERACION,ZONA ESPAÑOLA,RE Mercado Térmica Renovable,100.0
41,511.093,GESTVD6,EOLICA,"GESTERNOVA, S.A.",100,GENERACION,ZONA ESPAÑOLA,RE Mercado Eólica,100.0
41,518.413,GESTVD9,BOTOA,"GESTERNOVA, S.A.",100,GENERACION,ZONA ESPAÑOLA,RE Mercado Solar Fotovoltáica,100.0
41,525.733,GESTV02,GESTO COMERCIALIZADORA,"GESTO COMERCIALIZACAO DE ENERGIA, UNIPESSOAL LDA",100,GENERACION,ZONA PORTUGUESA,RE Tarifa CUR (uof),100.0
41,533.093,GESVD10,TALARRUBIAS,"GESTERNOVA, S.A.",100,GENERACION,ZONA ESPAÑOLA,RE Mercado Solar Fotovoltáica,100.0
41,540.373,GESVD11,DUERO JUNCAL,"GESTERNOVA, S.A.",100,GENERACION,ZONA ESPAÑOLA,RE Mercado Solar Fotovoltáica,100.0
41,547.693,GESVD12,HID GUADALOPE,"GESTERNOVA, S.A.",100,GENERACION,ZONA ESPAÑOLA,RE Mercado Hidráulica,100.0
41,555.093,GESVD13,F CANAVEROSA FOT,"GESTERNOVA, S.A.",100,GENERACION,ZONA ESPAÑOLA,RE Mercado Solar Fotovoltáica,100.0
41,562.333,GESVD14,F LOGROSAN,"GESTERNOVA, S.A.",100,GENERACION,ZONA ESPAÑOLA,RE Mercado Solar Fotovoltáica,100.0
42,141.133,GESVD17,F ESLA 3,"GESTERNOVA, S.A.",100,GENERACION,ZONA ESPAÑOLA,RE Mercado Solar Fotovoltáica,100.0
42,148.453,GESVD18,EOLPOP,"GESTERNOVA, S.A.",100,GENERACION,ZONA ESPAÑOLA,RE Mercado Eólica,100.0
42,155.773,GESVD19,HID IDAE,"GESTERNOVA, S.A.",100,GENERACION,ZONA ESPAÑOLA,RE Mercado Hidráulica,100.0
42,163.093,GESVD20,BIOMASA IDAE,"GESTERNOVA, S.A.",100,GENERACION,ZONA ESPAÑOLA,RE Mercado Térmica Renovable,100.0
42,170.413,GESVD21,FNAVARRA,"GESTERNOVA, S.A.",100,GENERACION,ZONA ESPAÑOLA,RE Mercado Solar Fotovoltáica,100.0
42,177.733,GESVD22,FV RODRIGO,"GESTERNOVA, S.A.",100,GENERACION,ZONA ESPAÑOLA,RE Mercado Solar Fotovoltáica,100.0
42,185.093,GESVD23,TORIJA,"GESTERNOVA, S.A.",100,GENERACION,ZONA ESPAÑOLA,RE Mercado Solar Fotovoltáica,100.0
42,192.373,GESVD24,LASTRA,"GESTERNOVA, S.A.",100,GENERACION,ZONA ESPAÑOLA,RE Mercado Solar Fotovoltáica,100.0
42,199.693,GESVD25,DRODRI2,"GESTERNOVA, S.A.",100,GENERACION,ZONA ESPAÑOLA,RE Mercado Solar Fotovoltáica,100.0
42,207.093,GESVD26,CAMPA1,"GESTERNOVA, S.A.",100,GENERACION,ZONA ESPAÑOLA,RE Mercado Solar Fotovoltáica,100.0
42,214.333,GESVD27,ESCALN,"GESTERNOVA, S.A.",100,GENERACION,ZONA ESPAÑOLA,RE Mercado Solar Fotovoltáica,100.0
42,221.653,GESVD30,TORIJA3,"GESTERNOVA, S.A.",100,GENERACION,ZONA ESPAÑOLA,RE Mercado Solar Fotovoltáica,100.0
42,228.973,GESVD31,YEPS,"GESTERNOVA, S.A.",100,GENERACION,ZONA ESPAÑOLA,RE Mercado Solar Fotovoltáica,100.0
42,236.293,GESVD32,CORELLA,"GESTERNOVA, S.A.",100,GENERACION,ZONA ESPAÑOLA,RE Mercado Solar Fotovoltáica,100.0
42,243.613,GESVD33,MILAGRO,"GESTERNOVA, S.A.",100,GENERACION,ZONA ESPAÑOLA,RE Mercado Solar Fotovoltáica,100.0
42,250.933,GESVD34,BARDENAS,"GESTERNOVA, S.A.",100,GENERACION,ZONA ESPAÑOLA,RE Mercado Solar Fotovoltáica,100.0
42,258.253,GESVD41,OLIVENZA,"GESTERNOVA, S.A.",100,GENERACION,ZONA ESPAÑOLA,RE Mercado Solar Fotovoltáica,100.0
42,265.573,GESVD42,BARRADO,"GESTERNOVA, S.A.",100,GENERACION,ZONA ESPAÑOLA,RE Mercado Solar Fotovoltáica,100.0
42,272.893,GESVD43,VIVALES,"GESTERNOVA, S.A.",100,GENERACION,ZONA ESPAÑOLA,RE Mercado Solar Fotovoltáica,100.0
42,280.213,GESVD45,TORIJ4,"GESTERNOVA, S.A.",100,GENERACION,ZONA ESPAÑOLA,RE Mercado Solar Fotovoltáica,100.0
42,287.533,GESVD46,IM2,"GESTERNOVA, S.A.",100,GENERACION,ZONA ESPAÑOLA,RE Mercado Solar Fotovoltáica,100.0
42,294.853,GESVD48,ESCALESTE,"GESTERNOVA, S.A.",100,GENERACION,ZONA ESPAÑOLA,RE Mercado Solar Fotovoltáica,100.0
42,302.173,GESVD51,TORDE1,"GESTERNOVA, S.A.",100,GENERACION,ZONA ESPAÑOLA,RE Mercado Solar Fotovoltáica,100.0
42,309.493,GESVD54,ANOVER,"GESTERNOVA, S.A.",100,GENERACION,ZONA ESPAÑOLA,RE Mercado Solar Fotovoltáica,100.0
42,316.813,GESVD56,SCALONA,"GESTERNOVA, S.A.",100,GENERACION,ZONA ESPAÑOLA,RE Mercado Solar Fotovoltáica,100.0
42,324.133,GESVD57,CRNSOLAR,"GESTERNOVA, S.A.",100,GENERACION,ZONA ESPAÑOLA,RE Mercado Solar Fotovoltáica,100.0
42,331.453,GESVD58,SIRIUS,"GESTERNOVA, S.A.",100,GENERACION,ZONA ESPAÑOLA,RE Mercado Solar Fotovoltáica,100.0
42,338.773,GESVD59,BLDO2,"GESTERNOVA, S.A.",100,GENERACION,ZONA ESPAÑOLA,RE Mercado Solar Fotovoltáica,100.0
42,346.093,GESVD60,CALERA,"GESTERNOVA, S.A.",100,GENERACION,ZONA ESPAÑOLA,RE Mercado Solar Fotovoltáica,100.0
42,353.413,GESVD61,FVGEST61,"GESTERNOVA, S.A.",100,GENERACION,ZONA ESPAÑOLA,RE Mercado Solar Fotovoltáica,100.0
42,360.733,GESVD62,FVGEST62,"GESTERNOVA, S.A.",100,GENERACION,ZONA ESPAÑOLA,RE Mercado Solar Fotovoltáica,100.0
42,368.093,GESVD63,FVGEST63,"GESTERNOVA, S.A.",100,GENERACION,ZONA ESPAÑOLA,RE Mercado Solar Fotovoltáica,100.0
42,375.373,GESVD64,FVGEST64,"GESTERNOVA, S.A.",100,GENERACION,ZONA ESPAÑOLA,RE Mercado Solar Fotovoltáica,100.0
42,382.693,GESVD65,LUMBRERAS,"GESTERNOVA, S.A.",100,GENERACION,ZONA ESPAÑOLA,RE Mercado Solar Fotovoltáica,100.0
42,390.093,GESVD66,TABERNASII,"GESTERNOVA, S.A.",100,GENERACION,ZONA ESPAÑOLA,RE Mercado Solar Fotovoltáica,100.0
42,397.333,GESVD67,GENIL1,"GESTERNOVA, S.A.",100,GENERACION,ZONA ESPAÑOLA,RE Mercado Solar Fotovoltáica,100.0
42,404.653,GESVD68,GENIL2,"GESTERNOVA, S.A.",100,GENERACION,ZONA ESPAÑOLA,RE Mercado Solar Fotovoltáica,100.0
42,411.973,GESVD69,LASTRA2,"GESTERNOVA, S.A.",100,GENERACION,ZONA ESPAÑOLA,RE Mercado Solar Fotovoltáica,100.0
42,419.293,GESVD70,ARCICOLLAR,"GESTERNOVA, S.A.",100,GENERACION,ZONA ESPAÑOLA,RE Mercado Solar Fotovoltáica,100.0
42,426.613,GESVD71,ALQUERIA,"GESTERNOVA, S.A.",100,GENERACION,ZONA ESPAÑOLA,RE Mercado Solar Fotovoltáica,100.0
42,433.933,GESVD72,VILLAR,"GESTERNOVA, S.A.",100,GENERACION,ZONA ESPAÑOLA,RE Mercado Hidráulica,100.0
42,441.253,GESVD73,DRACO,"GESTERNOVA, S.A.",100,GENERACION,ZONA ESPAÑOLA,RE Mercado Solar Fotovoltáica,100.0
42,448.573,GESVD76,DESIERTO,"GESTERNOVA, S.A.",100,GENERACION,ZONA ESPAÑOLA,RE Mercado Solar Fotovoltáica,100.0
42,455.893,GESVD77,JAEN,"GESTERNOVA, S.A.",100,GENERACION,ZONA ESPAÑOLA,RE Mercado Solar Fotovoltáica,100.0
42,463.213,GESVD78,ALCALANORT,"GESTERNOVA, S.A.",100,GENERACION,ZONA ESPAÑOLA,RE Mercado Solar Fotovoltáica,100.0
42,470.533,GESVD79,ALCALASUR,"GESTERNOVA, S.A.",100,GENERACION,ZONA ESPAÑOLA,RE Mercado Solar Fotovoltáica,100.0
42,477.853,GESVD80,SERVAN3,"GESTERNOVA, S.A.",100,GENERACION,ZONA ESPAÑOLA,RE Mercado Solar Fotovoltáica,100.0
42,485.173,GESVD81,SERVAN4,"GESTERNOVA, S.A.",100,GENERACION,ZONA ESPAÑOLA,RE Mercado Solar Fotovoltáica,100.0
42,492.493,GESVD82,SERVAN5,"GESTERNOVA, S.A.",100,GENERACION,ZONA ESPAÑOLA,RE Mercado Solar Fotovoltáica,100.0
42,499.813,GLVD100,MUELR,"GALP ENERGÍA ESPAÑA, S.A.U.",100,GENERACION,ZONA ESPAÑOLA,RE Mercado Eólica,100.0
42,507.133,GLVD101,ORKOIEN,"GALP ENERGÍA ESPAÑA, S.A.U.",100,GENERACION,ZONA ESPAÑOLA,RE Mercado Eólica,100.0
42,514.453,GLVD102,ALDEHUELAS,"GALP ENERGÍA ESPAÑA, S.A.U.",100,GENERACION,ZONA ESPAÑOLA,RE Mercado Eólica,100.0
42,521.773,GLVD103,URANO,"GALP ENERGÍA ESPAÑA, S.A.U.",100,GENERACION,ZONA ESPAÑOLA,RE Mercado Eólica,100.0
42,529.093,GLVD104,LUNA,"GALP ENERGÍA ESPAÑA, S.A.U.",100,GENERACION,ZONA ESPAÑOLA,RE Mercado Eólica,100.0
42,536.413,GLVD105,JUNO,"GALP ENERGÍA ESPAÑA, S.A.U.",100,GENERACION,ZONA ESPAÑOLA,RE Mercado Eólica,100.0
42,543.733,GLVD106,REA,"GALP ENERGÍA ESPAÑA, S.A.U.",100,GENERACION,ZONA ESPAÑOLA,RE Mercado Eólica,100.0
42,551.093,GLVD109,GAZULES1,"GALP ENERGÍA ESPAÑA, S.A.U.",100,GENERACION,ZONA ESPAÑOLA,RE Mercado Solar Fotovoltáica,100.0
42,558.373,GLVD110,GAZULES2,"GALP ENERGÍA ESPAÑA, S.A.U.",100,GENERACION,ZONA ESPAÑOLA,RE Mercado Solar Fotovoltáica,100.0
43,141.133,GLVD112,TARAZONA,"GALP ENERGÍA ESPAÑA, S.A.U.",100,GENERACION,ZONA ESPAÑOLA,RE Mercado Eólica,100.0
43,148.453,GLVD113,ALCANIZ,"GALP ENERGÍA ESPAÑA, S.A.U.",100,GENERACION,ZONA ESPAÑOLA,RE Mercado Solar Fotovoltáica,100.0
43,155.773,GLVD114,ORION,"GALP ENERGÍA ESPAÑA, S.A.U.",100,GENERACION,ZONA ESPAÑOLA,RE Mercado Solar Fotovoltáica,100.0
43,163.093,GNANDU,UOF GNANDU,GNERA ENERGIA Y TECNOLOGIA,100,GENERACION,ZONA ESPAÑOLA,Hidráulica Generación,100.0
43,170.413,GNBRRS,UOF BARROSA,GNERA ENERGIA Y TECNOLOGIA,100,GENERACION,ZONA ESPAÑOLA,Hidráulica Generación,100.0
43,177.733,GNEBRO,UOF GNEBRO,GNERA ENERGIA Y TECNOLOGIA,100,GENERACION,ZONA ESPAÑOLA,Hidráulica Generación,100.0
43,185.093,GNLOTZ,UOF LOTZ REGIMEN ORD,GNERA ENERGIA Y TECNOLOGIA,100,GENERACION,ZONA ESPAÑOLA,Hidráulica Generación,100.0
43,192.373,GNRAPM1,GNERA VENTA A PRECIO MERCADO,GNERA ENERGIA Y TECNOLOGIA,100,GENERACION,ZONA ESPAÑOLA,RE Mercado Hidráulica,100.0
43,199.693,GNRAPM2,GNERA UOF PRECIO MERCADO 2,GNERA ENERGIA Y TECNOLOGIA,100,GENERACION,ZONA ESPAÑOLA,RE Mercado Térmica no,100.0
43,213.133,GNRAVD1,GNRA REP. RE. A TARIFA,GNERA ENERGIA Y TECNOLOGIA,100,GENERACION,ZONA ESPAÑOLA,RE Mercado Solar Fotovoltáica,100.0
43,220.453,GNRVD13,UOF VD13,GNERA ENERGIA Y TECNOLOGIA,100,GENERACION,ZONA ESPAÑOLA,RE Mercado Hidráulica,100.0
43,227.773,GNRVD14,UOF VD14,GNERA ENERGIA Y TECNOLOGIA,100,GENERACION,ZONA ESPAÑOLA,RE Mercado Hidráulica,100.0
43,235.093,GNRVD15,UOF COGOT01,GNERA ENERGIA Y TECNOLOGIA,100,GENERACION,ZONA ESPAÑOLA,RE Mercado Hidráulica,100.0
43,242.413,GNRVD18,UOF AYNIG01,GNERA ENERGIA Y TECNOLOGIA,100,GENERACION,ZONA ESPAÑOLA,RE Mercado Hidráulica,100.0
43,249.733,GNRVD20,UOF AUXIM01,GNERA ENERGIA Y TECNOLOGIA,100,GENERACION,ZONA ESPAÑOLA,RE Mercado Hidráulica,100.0
43,257.093,GNRVD21,UOF LABRA01,GNERA ENERGIA Y TECNOLOGIA,100,GENERACION,ZONA ESPAÑOLA,RE Mercado Hidráulica,100.0
43,264.373,GNRVD22,UOF CASPV01,GNERA ENERGIA Y TECNOLOGIA,100,GENERACION,ZONA ESPAÑOLA,RE Mercado Hidráulica,100.0
43,271.693,GNRVD25,UOF VD25,GNERA ENERGIA Y TECNOLOGIA,100,GENERACION,ZONA ESPAÑOLA,RE Mercado Térmica Renovable,100.0
43,279.093,GNRVD26,UOF HIBRI01,GNERA ENERGIA Y TECNOLOGIA,100,GENERACION,ZONA ESPAÑOLA,RE Mercado Térmica Renovable,100.0
43,286.333,GNRVD28,UOF ECOEE01,GNERA ENERGIA Y TECNOLOGIA,100,GENERACION,ZONA ESPAÑOLA,RE Mercado Térmica Renovable,100.0
43,293.653,GNRVD29,UOF NILEU01,GNERA ENERGIA Y TECNOLOGIA,100,GENERACION,ZONA ESPAÑOLA,RE Mercado Térmica Renovable,100.0
43,300.973,GNRVD30,UOF CAMFC01,GNERA ENERGIA Y TECNOLOGIA,100,GENERACION,ZONA ESPAÑOLA,RE Mercado Térmica Renovable,100.0
43,308.293,GNRVD31,UOF CULFC01,GNERA ENERGIA Y TECNOLOGIA,100,GENERACION,ZONA ESPAÑOLA,RE Mercado Térmica Renovable,100.0
43,315.613,GNRVD35,UOF VD35,GNERA ENERGIA Y TECNOLOGIA,100,GENERACION,ZONA ESPAÑOLA,RE Mercado Térmica no,100.0
43,329.093,GNRVD36,UOF VD36,GNERA ENERGIA Y TECNOLOGIA,100,GENERACION,ZONA ESPAÑOLA,RE Mercado Térmica no,100.0
43,342.493,GNRVD43,UOF USARG01,GNERA ENERGIA Y TECNOLOGIA,100,GENERACION,ZONA ESPAÑOLA,RE Mercado Térmica no,100.0
43,355.933,GNRVD56,UOF AÑARBE,GNERA ENERGIA Y TECNOLOGIA,100,GENERACION,ZONA ESPAÑOLA,RE Mercado Hidráulica,100.0
43,363.253,GNRVD57,UOF SVILA01,GNERA ENERGIA Y TECNOLOGIA,100,GENERACION,ZONA ESPAÑOLA,RE Mercado Hidráulica,100.0
43,370.573,GNRVD68,UOF VALFW01,GNERA ENERGIA Y TECNOLOGIA,100,GENERACION,ZONA ESPAÑOLA,RE Mercado Solar Fotovoltáica,100.0
43,377.893,GNRVD69,UOF FATFW01,GNERA ENERGIA Y TECNOLOGIA,100,GENERACION,ZONA ESPAÑOLA,RE Mercado Solar Fotovoltáica,100.0
43,385.213,GNRVD71,UOF LOATN01,GNERA ENERGIA Y TECNOLOGIA,100,GENERACION,ZONA ESPAÑOLA,RE Mercado Hidráulica,100.0
43,392.533,GNRVD81,UOF HARIM01,GNERA ENERGIA Y TECNOLOGIA,100,GENERACION,ZONA ESPAÑOLA,RE Mercado Térmica no,100.0
43,405.973,GNRVD84,UOF SERRA MENOR DE 1 MW,GNERA ENERGIA Y TECNOLOGIA,100,GENERACION,ZONA ESPAÑOLA,RE Mercado Hidráulica,100.0
43,413.293,GNRVD88,UOF HURJA01,GNERA ENERGIA Y TECNOLOGIA,100,GENERACION,ZONA ESPAÑOLA,RE Mercado Hidráulica,100.0
43,420.613,GNRVD94,UOF ELECDEY,GNERA ENERGIA Y TECNOLOGIA,100,GENERACION,ZONA ESPAÑOLA,RE Mercado Hidráulica,100.0
43,427.933,GNRVD97,UOF ALHAMA,GNERA ENERGIA Y TECNOLOGIA,100,GENERACION,ZONA ESPAÑOLA,RE Mercado Solar Fotovoltáica,100.0
43,435.253,GNRVD99,UOF BLANC,GNERA ENERGIA Y TECNOLOGIA,100,GENERACION,ZONA ESPAÑOLA,RE Mercado Solar Fotovoltáica,100.0
43,442.573,GNSUVD1,VENTA RE_GN SUR,"COMERCIALIZADORA REGULADA GAS POWER, S.A",100,GENERACION,ZONA ESPAÑOLA,RE Mercado Solar Fotovoltáica,100.0
43,449.893,GNSUVD2,VENTA RE PROV_GN SUR,"COMERCIALIZADORA REGULADA GAS POWER, S.A",100,GENERACION,ZONA ESPAÑOLA,RE Mercado Térmica no,100.0
43,463.333,GNSUVD3,HYGNSUR - HIDRÁULICA NO UGH,"COMERCIALIZADORA REGULADA GAS POWER, S.A",100,GENERACION,ZONA ESPAÑOLA,RE Mercado Hidráulica,100.0
43,470.653,GNSUVD4,EYGNSUR - EÓLICA TERRESTRE,"COMERCIALIZADORA REGULADA GAS POWER, S.A",100,GENERACION,ZONA ESPAÑOLA,RE Mercado Eólica,100.0
43,477.973,GNSUVD5,RYGNSUR - BIOGÁS,"COMERCIALIZADORA REGULADA GAS POWER, S.A",100,GENERACION,ZONA ESPAÑOLA,RE Mercado Térmica Renovable,100.0
43,485.293,GNSUVD6,SYGNSUR - SOLAR TÉRMICA,"COMERCIALIZADORA REGULADA GAS POWER, S.A",100,GENERACION,ZONA ESPAÑOLA,RE Mercado Solar Térmica,100.0
43,492.613,GNURT1,UOF URDICETO 1,GNERA ENERGIA Y TECNOLOGIA,100,GENERACION,ZONA ESPAÑOLA,Hidráulica Generación,100.0
43,499.933,GNURT2,UOF URDICETO 2,GNERA ENERGIA Y TECNOLOGIA,100,GENERACION,ZONA ESPAÑOLA,Hidráulica Generación,100.0
43,507.253,GNVD100,UOF GUADA,GNERA ENERGIA Y TECNOLOGIA,100,GENERACION,ZONA ESPAÑOLA,RE Mercado Hidráulica,100.0
43,514.573,GNVD105,UOF SOPAG,GNERA ENERGIA Y TECNOLOGIA,100,GENERACION,ZONA ESPAÑOLA,RE Mercado Solar Fotovoltáica,100.0
43,521.893,GNVD110,UOF CHAMERA,GNERA ENERGIA Y TECNOLOGIA,100,GENERACION,ZONA ESPAÑOLA,RE Mercado Hidráulica,100.0
43,529.213,GNVD115,UOF IRUGURUTZETA,GNERA ENERGIA Y TECNOLOGIA,100,GENERACION,ZONA ESPAÑOLA,RE Mercado Hidráulica,100.0
43,536.533,GNVD116,UOF AUNGNR,GNERA ENERGIA Y TECNOLOGIA,100,GENERACION,ZONA ESPAÑOLA,RE Mercado Térmica no,100.0
43,549.973,GNVD117,UOF AYPGNR,GNERA ENERGIA Y TECNOLOGIA,100,GENERACION,ZONA ESPAÑOLA,RE Mercado Térmica no,100.0
43,563.413,GNVD122,UOF CALASPARRA,GNERA ENERGIA Y TECNOLOGIA,100,GENERACION,ZONA ESPAÑOLA,RE Mercado Solar Fotovoltáica,100.0
44,141.133,GNVD126,UOF LOS PINARES,GNERA ENERGIA Y TECNOLOGIA,100,GENERACION,ZONA ESPAÑOLA,RE Mercado Solar Fotovoltáica,100.0
44,148.453,GNVD127,UOF GNERA MAYOR DE 1MW,GNERA ENERGIA Y TECNOLOGIA,100,GENERACION,ZONA ESPAÑOLA,RE Mercado Solar Fotovoltáica,100.0
44,155.773,GNVD130,GRUPO 2,GNERA ENERGIA Y TECNOLOGIA,100,GENERACION,ZONA ESPAÑOLA,RE Mercado Eólica,100.0
44,163.093,GNVD132,UOF VD132,GNERA ENERGIA Y TECNOLOGIA,100,GENERACION,ZONA ESPAÑOLA,RE Mercado Eólica,100.0
44,170.413,GNVD135,UOF GNVD135,GNERA ENERGIA Y TECNOLOGIA,100,GENERACION,ZONA ESPAÑOLA,RE Mercado Solar Fotovoltáica,100.0
44,177.733,GNVD140,UOF GNVD140,GNERA ENERGIA Y TECNOLOGIA,100,GENERACION,ZONA ESPAÑOLA,RE Mercado Solar Fotovoltáica,100.0
44,185.093,GNVD142,UOF GNVD142,GNERA ENERGIA Y TECNOLOGIA,100,GENERACION,ZONA ESPAÑOLA,RE Mercado Hidráulica,100.0
44,192.373,GNVD146,UOF GNVD146,GNERA ENERGIA Y TECNOLOGIA,100,GENERACION,ZONA ESPAÑOLA,RE Mercado Solar Fotovoltáica,100.0
44,199.693,GNVD148,UOF GNVD148,GNERA ENERGIA Y TECNOLOGIA,100,GENERACION,ZONA ESPAÑOLA,RE Mercado Solar Fotovoltáica,100.0
44,207.093,GNVD150,GNVD150,GNERA ENERGIA Y TECNOLOGIA,100,GENERACION,ZONA ESPAÑOLA,RE Mercado Hidráulica,100.0
44,214.333,GNVD151,OUF GNVD151,GNERA ENERGIA Y TECNOLOGIA,100,GENERACION,ZONA ESPAÑOLA,RE Mercado Térmica Renovable,100.0
44,221.653,GNVD152,UOF GNVD152,GNERA ENERGIA Y TECNOLOGIA,100,GENERACION,ZONA ESPAÑOLA,RE Mercado Geotérmica,100.0
44,228.973,GNVD153,UOF GNVD153,GNERA ENERGIA Y TECNOLOGIA,100,GENERACION,ZONA ESPAÑOLA,RE Mercado Térmica no,100.0
44,242.413,GNVD154,UOF GNVD154,GNERA ENERGIA Y TECNOLOGIA,100,GENERACION,ZONA ESPAÑOLA,RE Mercado Solar Fotovoltáica,100.0
44,249.733,GNVD158,UOF GNVD158,GNERA ENERGIA Y TECNOLOGIA,100,GENERACION,ZONA ESPAÑOLA,RE Mercado Eólica,100.0
44,257.093,GNVD159,UOF GNVD159,GNERA ENERGIA Y TECNOLOGIA,100,GENERACION,ZONA ESPAÑOLA,RE Mercado Térmica no,100.0
44,270.493,GNVD163,UOF GNVD163,GNERA ENERGIA Y TECNOLOGIA,100,GENERACION,ZONA ESPAÑOLA,RE Mercado Solar Fotovoltáica,100.0
44,277.813,GNVD168,UOF GNVD168,GNERA ENERGIA Y TECNOLOGIA,100,GENERACION,ZONA ESPAÑOLA,RE Mercado Solar Fotovoltáica,100.0
44,285.133,GNVD169,UOF GNVD169,GNERA ENERGIA Y TECNOLOGIA,100,GENERACION,ZONA ESPAÑOLA,RE Mercado Eólica,100.0
44,292.453,GNVD170,OUF GNVD170,GNERA ENERGIA Y TECNOLOGIA,100,GENERACION,ZONA ESPAÑOLA,RE Mercado Solar Fotovoltáica,100.0
44,299.773,GNVD171,UOF GNVD171,GNERA ENERGIA Y TECNOLOGIA,100,GENERACION,ZONA ESPAÑOLA,RE Mercado Solar Fotovoltáica,100.0
44,307.093,GNVD172,UOF GNVD172,GNERA ENERGIA Y TECNOLOGIA,100,GENERACION,ZONA ESPAÑOLA,RE Mercado Solar Fotovoltáica,100.0
44,314.413,GNVD174,UOF GNVD174,GNERA ENERGIA Y TECNOLOGIA,100,GENERACION,ZONA ESPAÑOLA,RE Mercado Solar Fotovoltáica,100.0
44,321.733,GNVD175,UOF GNVD175,GNERA ENERGIA Y TECNOLOGIA,100,GENERACION,ZONA ESPAÑOLA,RE Mercado Hidráulica,100.0
44,329.093,GNVD176,UOF GNVD176,GNERA ENERGIA Y TECNOLOGIA,100,GENERACION,ZONA ESPAÑOLA,RE Mercado Térmica no,100.0
44,342.493,GNVD180,UOF GNVD180?,GNERA ENERGIA Y TECNOLOGIA,100,GENERACION,ZONA ESPAÑOLA,RE Mercado Térmica no,100.0
44,355.933,GNVD181,UOF GNVD181,GNERA ENERGIA Y TECNOLOGIA,100,GENERACION,ZONA ESPAÑOLA,RE Mercado Hidráulica,100.0
44,363.253,GNVD192,UOF GNVD192,GNERA ENERGIA Y TECNOLOGIA,100,GENERACION,ZONA ESPAÑOLA,RE Mercado Solar Fotovoltáica,100.0
44,370.573,GNVD193,GNVD193,GNERA ENERGIA Y TECNOLOGIA,100,GENERACION,ZONA ESPAÑOLA,RE Mercado Solar Fotovoltáica,100.0
44,377.893,GNVD194,GNVD194,GNERA ENERGIA Y TECNOLOGIA,100,GENERACION,ZONA ESPAÑOLA,RE Mercado Solar Fotovoltáica,100.0
44,385.213,GNVD196,GNVD196,GNERA ENERGIA Y TECNOLOGIA,100,GENERACION,ZONA ESPAÑOLA,RE Mercado Térmica no,100.0
44,398.653,GNVD197,UOF GNVD197,GNERA ENERGIA Y TECNOLOGIA,100,GENERACION,ZONA ESPAÑOLA,RE Mercado Solar Fotovoltáica,100.0
44,405.973,GNVD198,UOF GNVD198,GNERA ENERGIA Y TECNOLOGIA,100,GENERACION,ZONA ESPAÑOLA,RE Mercado Eólica,100.0
44,413.293,GNVD200,UOF GNVD200,GNERA ENERGIA Y TECNOLOGIA,100,GENERACION,ZONA ESPAÑOLA,RE Mercado Eólica,100.0
44,420.613,GNVD201,GNVD201,GNERA ENERGIA Y TECNOLOGIA,100,GENERACION,ZONA ESPAÑOLA,RE Mercado Solar Fotovoltáica,100.0
44,427.933,GNVD202,GNVD202,GNERA ENERGIA Y TECNOLOGIA,100,GENERACION,ZONA ESPAÑOLA,RE Mercado Solar Fotovoltáica,100.0
44,435.253,GNVD203,GNVD203,GNERA ENERGIA Y TECNOLOGIA,100,GENERACION,ZONA ESPAÑOLA,RE Mercado Solar Fotovoltáica,100.0
44,442.573,GNVD204,GNVD204,GNERA ENERGIA Y TECNOLOGIA,100,GENERACION,ZONA ESPAÑOLA,RE Mercado Solar Fotovoltáica,100.0
44,449.893,GNVD205,GNVD205,GNERA ENERGIA Y TECNOLOGIA,100,GENERACION,ZONA ESPAÑOLA,RE Mercado Eólica,100.0
44,457.213,GNVD206,GNVD206,GNERA ENERGIA Y TECNOLOGIA,100,GENERACION,ZONA ESPAÑOLA,RE Mercado Eólica,100.0
44,464.533,GNVD207,GNVD207,GNERA ENERGIA Y TECNOLOGIA,100,GENERACION,ZONA ESPAÑOLA,RE Mercado Solar Fotovoltáica,100.0
44,471.853,GNVD208,GNVD208,GNERA ENERGIA Y TECNOLOGIA,100,GENERACION,ZONA ESPAÑOLA,RE Mercado Solar Fotovoltáica,100.0
44,479.173,GNVD209,GNVD209,GNERA ENERGIA Y TECNOLOGIA,100,GENERACION,ZONA ESPAÑOLA,RE Mercado Solar Fotovoltáica,100.0
44,486.493,GNVD210,GNVD210,GNERA ENERGIA Y TECNOLOGIA,100,GENERACION,ZONA ESPAÑOLA,RE Mercado Solar Fotovoltáica,100.0
44,493.813,GNVD211,GNVD211,GNERA ENERGIA Y TECNOLOGIA,100,GENERACION,ZONA ESPAÑOLA,RE Mercado Solar Fotovoltáica,100.0
44,501.133,GNVD212,GNVD212,GNERA ENERGIA Y TECNOLOGIA,100,GENERACION,ZONA ESPAÑOLA,RE Mercado Solar Fotovoltáica,100.0
44,508.453,GNVD213,GNVD213,GNERA ENERGIA Y TECNOLOGIA,100,GENERACION,ZONA ESPAÑOLA,RE Mercado Solar Fotovoltáica,100.0
44,515.773,GNVD214,GNVD214,GNERA ENERGIA Y TECNOLOGIA,100,GENERACION,ZONA ESPAÑOLA,RE Mercado Solar Fotovoltáica,100.0
44,523.093,GNVD215,GNVD215,GNERA ENERGIA Y TECNOLOGIA,100,GENERACION,ZONA ESPAÑOLA,RE Mercado Solar Fotovoltáica,100.0
44,530.413,GNVD216,GNVD216,GNERA ENERGIA Y TECNOLOGIA,100,GENERACION,ZONA ESPAÑOLA,RE Mercado Solar Fotovoltáica,100.0
44,537.733,GNVD217,GNVD217,GNERA ENERGIA Y TECNOLOGIA,100,GENERACION,ZONA ESPAÑOLA,RE Mercado Solar Fotovoltáica,100.0
44,545.093,GNVD218,GNVD218,GNERA ENERGIA Y TECNOLOGIA,100,GENERACION,ZONA ESPAÑOLA,RE Mercado Solar Fotovoltáica,100.0
44,552.373,GNVD219,GNVD219,GNERA ENERGIA Y TECNOLOGIA,100,GENERACION,ZONA ESPAÑOLA,RE Mercado Solar Fotovoltáica,100.0
44,559.693,GNVD220,GNVD220,GNERA ENERGIA Y TECNOLOGIA,100,GENERACION,ZONA ESPAÑOLA,RE Mercado Solar Fotovoltáica,100.0
45,141.133,GNVD222,GNVD222,GNERA ENERGIA Y TECNOLOGIA,100,GENERACION,ZONA ESPAÑOLA,RE Mercado Solar Fotovoltáica,100.0
45,148.453,GNVD223,UOF GNVD223,GNERA ENERGIA Y TECNOLOGIA,100,GENERACION,ZONA ESPAÑOLA,RE Mercado Solar Fotovoltáica,100.0
45,155.773,GNVD224,UOF GNVD224,GNERA ENERGIA Y TECNOLOGIA,100,GENERACION,ZONA ESPAÑOLA,RE Mercado Solar Fotovoltáica,100.0
45,163.093,GNVD225,UOF GNVD225,GNERA ENERGIA Y TECNOLOGIA,100,GENERACION,ZONA ESPAÑOLA,RE Mercado Solar Fotovoltáica,100.0
45,170.413,GNVD227,UOF GNVD227,GNERA ENERGIA Y TECNOLOGIA,100,GENERACION,ZONA ESPAÑOLA,RE Mercado Solar Fotovoltáica,100.0
45,177.733,GNVD228,UOF GNVD228,GNERA ENERGIA Y TECNOLOGIA,100,GENERACION,ZONA ESPAÑOLA,RE Mercado Solar Fotovoltáica,100.0
45,185.093,GNVD229,UOF GNVD229,GNERA ENERGIA Y TECNOLOGIA,100,GENERACION,ZONA ESPAÑOLA,RE Mercado Solar Fotovoltáica,100.0
45,192.373,GNVD230,UOF GNVD230,GNERA ENERGIA Y TECNOLOGIA,100,GENERACION,ZONA ESPAÑOLA,RE Mercado Solar Fotovoltáica,100.0
45,199.693,GNVD231,GNVD231,GNERA ENERGIA Y TECNOLOGIA,100,GENERACION,ZONA ESPAÑOLA,RE Mercado Solar Fotovoltáica,100.0
45,207.093,GNVD232,UOF GNVD232,GNERA ENERGIA Y TECNOLOGIA,100,GENERACION,ZONA ESPAÑOLA,RE Mercado Solar Fotovoltáica,100.0
45,214.333,GNVD233,UOF GNVD233,GNERA ENERGIA Y TECNOLOGIA,100,GENERACION,ZONA ESPAÑOLA,RE Mercado Solar Fotovoltáica,100.0
45,221.653,GNVD234,UOF GNVD234,GNERA ENERGIA Y TECNOLOGIA,100,GENERACION,ZONA ESPAÑOLA,RE Mercado Eólica,100.0
45,228.973,GNVD236,GNVD236,GNERA ENERGIA Y TECNOLOGIA,100,GENERACION,ZONA ESPAÑOLA,RE Mercado Solar Fotovoltáica,100.0
45,236.293,GNVD237,GNVD237,GNERA ENERGIA Y TECNOLOGIA,100,GENERACION,ZONA ESPAÑOLA,RE Mercado Solar Fotovoltáica,100.0
45,243.613,GNVD238,UOF GNVD238,GNERA ENERGIA Y TECNOLOGIA,100,GENERACION,ZONA ESPAÑOLA,RE Mercado Térmica Renovable,100.0
45,250.933,GNVD239,UOF GNVD239,GNERA ENERGIA Y TECNOLOGIA,100,GENERACION,ZONA ESPAÑOLA,RE Mercado Térmica no,100.0
45,264.373,GNVD240,UOF GNVD240,GNERA ENERGIA Y TECNOLOGIA,100,GENERACION,ZONA ESPAÑOLA,RE Mercado Térmica no,100.0
45,277.813,GNVD241,UOF GNVD241,GNERA ENERGIA Y TECNOLOGIA,100,GENERACION,ZONA ESPAÑOLA,RE Mercado Térmica no,100.0
45,291.253,GNVD242,UOF GNVD242,GNERA ENERGIA Y TECNOLOGIA,100,GENERACION,ZONA ESPAÑOLA,RE Mercado Térmica no,100.0
45,304.693,GNVD243,UOF GNVD243,GNERA ENERGIA Y TECNOLOGIA,100,GENERACION,ZONA ESPAÑOLA,RE Mercado Térmica no,100.0
45,318.133,GNVD244,UOF GNVD244,GNERA ENERGIA Y TECNOLOGIA,100,GENERACION,ZONA ESPAÑOLA,RE Mercado Térmica no,100.0
45,331.573,GNVD245,UOF GNVD245,GNERA ENERGIA Y TECNOLOGIA,100,GENERACION,ZONA ESPAÑOLA,RE Mercado Solar Fotovoltáica,100.0
45,338.893,GNVD246,UOF GNVD246,GNERA ENERGIA Y TECNOLOGIA,100,GENERACION,ZONA ESPAÑOLA,RE Mercado Solar Fotovoltáica,100.0
45,346.213,GNVD247,UOF GNVD247,GNERA ENERGIA Y TECNOLOGIA,100,GENERACION,ZONA ESPAÑOLA,RE Mercado Solar Fotovoltáica,100.0
45,353.533,GNVD248,UOF GNVD248,GNERA ENERGIA Y TECNOLOGIA,100,GENERACION,ZONA ESPAÑOLA,RE Mercado Solar Fotovoltáica,100.0
45,360.853,GNVD249,UOF GNVD249,GNERA ENERGIA Y TECNOLOGIA,100,GENERACION,ZONA ESPAÑOLA,RE Mercado Solar Fotovoltáica,100.0
45,368.173,GNVD250,UOF GNVD250,GNERA ENERGIA Y TECNOLOGIA,100,GENERACION,ZONA ESPAÑOLA,RE Mercado Solar Fotovoltáica,100.0
45,375.493,GNVD251,UOF GNVD251,GNERA ENERGIA Y TECNOLOGIA,100,GENERACION,ZONA ESPAÑOLA,RE Mercado Solar Fotovoltáica,100.0
45,382.813,GNVD252,UOF GNVD252,GNERA ENERGIA Y TECNOLOGIA,100,GENERACION,ZONA ESPAÑOLA,RE Mercado Solar Fotovoltáica,100.0
45,390.133,GNVD253,UOF GNVD253,GNERA ENERGIA Y TECNOLOGIA,100,GENERACION,ZONA ESPAÑOLA,RE Mercado Solar Fotovoltáica,100.0
45,397.453,GNVD254,UOF GNVD254,GNERA ENERGIA Y TECNOLOGIA,100,GENERACION,ZONA ESPAÑOLA,RE Mercado Solar Fotovoltáica,100.0
45,404.773,GNVD255,UOF GNVD255,GNERA ENERGIA Y TECNOLOGIA,100,GENERACION,ZONA ESPAÑOLA,RE Mercado Solar Fotovoltáica,100.0
45,412.093,GNVD256,UOF GNVD256,GNERA ENERGIA Y TECNOLOGIA,100,GENERACION,ZONA ESPAÑOLA,RE Mercado Solar Fotovoltáica,100.0
45,419.413,GNVD257,UOF GNVD257,GNERA ENERGIA Y TECNOLOGIA,100,GENERACION,ZONA ESPAÑOLA,RE Mercado Solar Fotovoltáica,100.0
45,426.733,GNVD258,UOF GNVD258,GNERA ENERGIA Y TECNOLOGIA,100,GENERACION,ZONA ESPAÑOLA,RE Mercado Solar Fotovoltáica,100.0
45,434.093,GNVD259,UOF GNVD259,GNERA ENERGIA Y TECNOLOGIA,100,GENERACION,ZONA ESPAÑOLA,RE Mercado Solar Fotovoltáica,100.0
45,441.373,GNVD260,UOF GNVD260,GNERA ENERGIA Y TECNOLOGIA,100,GENERACION,ZONA ESPAÑOLA,RE Mercado Solar Fotovoltáica,100.0
45,448.693,GNVD261,UOF GNVD261,GNERA ENERGIA Y TECNOLOGIA,100,GENERACION,ZONA ESPAÑOLA,RE Mercado Solar Fotovoltáica,100.0
45,456.093,GNVD262,UOF GNVD262,GNERA ENERGIA Y TECNOLOGIA,100,GENERACION,ZONA ESPAÑOLA,RE Mercado Solar Fotovoltáica,100.0
45,463.333,GNVD263,UOF GNVD263,GNERA ENERGIA Y TECNOLOGIA,100,GENERACION,ZONA ESPAÑOLA,RE Mercado Solar Fotovoltáica,100.0
45,470.653,GNVD264,UOF GNVD264,GNERA ENERGIA Y TECNOLOGIA,100,GENERACION,ZONA ESPAÑOLA,RE Mercado Eólica,100.0
45,477.973,GNVD265,UOF GNVD265,GNERA ENERGIA Y TECNOLOGIA,100,GENERACION,ZONA ESPAÑOLA,RE Mercado Solar Fotovoltáica,100.0
45,485.293,GNVD266,UOF GNVD266,GNERA ENERGIA Y TECNOLOGIA,100,GENERACION,ZONA ESPAÑOLA,RE Mercado Solar Fotovoltáica,100.0
45,492.613,GNVD267,UOF GNVD267,GNERA ENERGIA Y TECNOLOGIA,100,GENERACION,ZONA ESPAÑOLA,RE Mercado Solar Fotovoltáica,100.0
45,499.933,GNVD268,UOF GNVD268,GNERA ENERGIA Y TECNOLOGIA,100,GENERACION,ZONA ESPAÑOLA,RE Mercado Solar Fotovoltáica,100.0
45,507.253,GNVD269,UOF GNVD269,GNERA ENERGIA Y TECNOLOGIA,100,GENERACION,ZONA ESPAÑOLA,RE Mercado Solar Fotovoltáica,100.0
45,514.573,GNVD270,UOF GNVD270,GNERA ENERGIA Y TECNOLOGIA,100,GENERACION,ZONA ESPAÑOLA,RE Mercado Solar Fotovoltáica,100.0
45,521.893,GNVD271,UOF GNVD271,GNERA ENERGIA Y TECNOLOGIA,100,GENERACION,ZONA ESPAÑOLA,RE Mercado Solar Fotovoltáica,100.0
45,529.213,GNVD272,UOF GNVD272,GNERA ENERGIA Y TECNOLOGIA,100,GENERACION,ZONA ESPAÑOLA,RE Mercado Solar Fotovoltáica,100.0
45,536.533,GNVD273,UOF GNVD273,GNERA ENERGIA Y TECNOLOGIA,100,GENERACION,ZONA ESPAÑOLA,RE Mercado Solar Fotovoltáica,100.0
45,543.853,GNVD274,UOF GNVD274,GNERA ENERGIA Y TECNOLOGIA,100,GENERACION,ZONA ESPAÑOLA,RE Mercado Solar Fotovoltáica,100.0
45,551.173,GNVD275,UOF GNVD275,GNERA ENERGIA Y TECNOLOGIA,100,GENERACION,ZONA ESPAÑOLA,RE Mercado Eólica,100.0
45,558.493,GNVD276,UOF GNVD276,GNERA ENERGIA Y TECNOLOGIA,100,GENERACION,ZONA ESPAÑOLA,RE Mercado Eólica,100.0
46,141.133,GNVD277,UOF GNVD277,GNERA ENERGIA Y TECNOLOGIA,100,GENERACION,ZONA ESPAÑOLA,RE Mercado Térmica no,100.0
46,154.573,GNVD278,UOF GNVD278,GNERA ENERGIA Y TECNOLOGIA,100,GENERACION,ZONA ESPAÑOLA,RE Mercado Térmica no,100.0
46,168.093,GNVD279,UOF GNVD279,GNERA ENERGIA Y TECNOLOGIA,100,GENERACION,ZONA ESPAÑOLA,RE Mercado Solar Fotovoltáica,100.0
46,175.333,GNVD280,UOF GNVD280,GNERA ENERGIA Y TECNOLOGIA,100,GENERACION,ZONA ESPAÑOLA,RE Mercado Solar Fotovoltáica,100.0
46,182.653,GNVD281,UOF GNVD281,GNERA ENERGIA Y TECNOLOGIA,100,GENERACION,ZONA ESPAÑOLA,RE Mercado Solar Fotovoltáica,100.0
46,189.973,GNVD282,UOF GNVD282,GNERA ENERGIA Y TECNOLOGIA,100,GENERACION,ZONA ESPAÑOLA,RE Mercado Solar Fotovoltáica,100.0
46,197.293,GNVD283,UOF GNVD283,GNERA ENERGIA Y TECNOLOGIA,100,GENERACION,ZONA ESPAÑOLA,RE Mercado Solar Fotovoltáica,100.0
46,204.613,GNVD284,UOF GNVD284,GNERA ENERGIA Y TECNOLOGIA,100,GENERACION,ZONA ESPAÑOLA,RE Mercado Solar Fotovoltáica,100.0
46,211.933,GNVD285,UOF GNVD285,GNERA ENERGIA Y TECNOLOGIA,100,GENERACION,ZONA ESPAÑOLA,RE Mercado Solar Fotovoltáica,100.0
46,219.253,GNVD286,UOF GNVD286,GNERA ENERGIA Y TECNOLOGIA,100,GENERACION,ZONA ESPAÑOLA,RE Mercado Solar Fotovoltáica,100.0
46,226.573,GNVD287,UOF GNVD287,GNERA ENERGIA Y TECNOLOGIA,100,GENERACION,ZONA ESPAÑOLA,RE Mercado Solar Fotovoltáica,100.0
46,233.893,GNVD288,UOF GNVD288,GNERA ENERGIA Y TECNOLOGIA,100,GENERACION,ZONA ESPAÑOLA,RE Mercado Solar Fotovoltáica,100.0
46,241.213,GNVD289,UOF GNVD289,GNERA ENERGIA Y TECNOLOGIA,100,GENERACION,ZONA ESPAÑOLA,RE Mercado Solar Fotovoltáica,100.0
46,248.533,GNVD290,UOF GNVD290,GNERA ENERGIA Y TECNOLOGIA,100,GENERACION,ZONA ESPAÑOLA,RE Mercado Solar Fotovoltáica,100.0
46,255.853,GNVD291,UOF GNVD291,GNERA ENERGIA Y TECNOLOGIA,100,GENERACION,ZONA ESPAÑOLA,RE Mercado Solar Fotovoltáica,100.0
46,263.173,GNVD292,UOF GNVD292,GNERA ENERGIA Y TECNOLOGIA,100,GENERACION,ZONA ESPAÑOLA,RE Mercado Solar Fotovoltáica,100.0
46,270.493,GNVD293,UOF GNVD293,GNERA ENERGIA Y TECNOLOGIA,100,GENERACION,ZONA ESPAÑOLA,RE Mercado Solar Fotovoltáica,100.0
46,277.813,GNVD294,UOF GNVD294,GNERA ENERGIA Y TECNOLOGIA,100,GENERACION,ZONA ESPAÑOLA,RE Mercado Solar Fotovoltáica,100.0
46,285.133,GNVD295,UOF GNVD295,GNERA ENERGIA Y TECNOLOGIA,100,GENERACION,ZONA ESPAÑOLA,RE Mercado Solar Fotovoltáica,100.0
46,292.453,GNVD296,UOF GNVD296,GNERA ENERGIA Y TECNOLOGIA,100,GENERACION,ZONA ESPAÑOLA,RE Mercado Solar Fotovoltáica,100.0
46,299.773,GNVD297,UOF GNVD297,GNERA ENERGIA Y TECNOLOGIA,100,GENERACION,ZONA ESPAÑOLA,RE Mercado Solar Fotovoltáica,100.0
46,307.093,GNVD298,UOF GNVD298,GNERA ENERGIA Y TECNOLOGIA,100,GENERACION,ZONA ESPAÑOLA,RE Mercado Eólica Marina,100.0
46,314.413,GNVD299,UOF GNVD299,GNERA ENERGIA Y TECNOLOGIA,100,GENERACION,ZONA ESPAÑOLA,RE Mercado Solar Fotovoltáica,100.0
46,321.733,GNVD300,UOF GNVD300,GNERA ENERGIA Y TECNOLOGIA,100,GENERACION,ZONA ESPAÑOLA,RE Mercado Solar Fotovoltáica,100.0
46,329.093,GNVD301,UOF GNVD301,GNERA ENERGIA Y TECNOLOGIA,100,GENERACION,ZONA ESPAÑOLA,RE Mercado Solar Fotovoltáica,100.0
46,336.373,GNVD302,GNVD302,GNERA ENERGIA Y TECNOLOGIA,100,GENERACION,ZONA ESPAÑOLA,RE Mercado Eólica,100.0
46,343.693,GNVD303,UOF GNVD303,GNERA ENERGIA Y TECNOLOGIA,100,GENERACION,ZONA ESPAÑOLA,RE Mercado Solar Fotovoltáica,100.0
46,351.093,GNVD304,UOF GNVD304,GNERA ENERGIA Y TECNOLOGIA,100,GENERACION,ZONA ESPAÑOLA,RE Mercado Solar Fotovoltáica,100.0
46,358.333,GNVD305,UOF GNVD305,GNERA ENERGIA Y TECNOLOGIA,100,GENERACION,ZONA ESPAÑOLA,RE Mercado Solar Fotovoltáica,100.0
46,365.653,GNVD306,UOF GNVD306,GNERA ENERGIA Y TECNOLOGIA,100,GENERACION,ZONA ESPAÑOLA,RE Mercado Solar Fotovoltáica,100.0
46,372.973,GNVD307,UOF GNVD307,GNERA ENERGIA Y TECNOLOGIA,100,GENERACION,ZONA ESPAÑOLA,RE Mercado Solar Fotovoltáica,100.0
46,380.293,GNVD308,UOF GNVD308,GNERA ENERGIA Y TECNOLOGIA,100,GENERACION,ZONA ESPAÑOLA,RE Mercado Solar Fotovoltáica,100.0
46,387.613,GNVD310,UOF GNVD310,GNERA ENERGIA Y TECNOLOGIA,100,GENERACION,ZONA ESPAÑOLA,RE Mercado Eólica,100.0
46,394.933,GNVD311,UOF GNVD311,GNERA ENERGIA Y TECNOLOGIA,100,GENERACION,ZONA ESPAÑOLA,RE Mercado Solar Fotovoltáica,100.0
46,402.253,GNVD312,UOF GNVD312,GNERA ENERGIA Y TECNOLOGIA,100,GENERACION,ZONA ESPAÑOLA,RE Mercado Solar Fotovoltáica,100.0
46,409.573,GNVD313,UOF GNVD313,GNERA ENERGIA Y TECNOLOGIA,100,GENERACION,ZONA ESPAÑOLA,RE Mercado Solar Fotovoltáica,100.0
46,416.893,GNVD314,UOF GNVD314,GNERA ENERGIA Y TECNOLOGIA,100,GENERACION,ZONA ESPAÑOLA,RE Mercado Solar Fotovoltáica,100.0
46,424.213,GNVD315,UOF GNVD315,GNERA ENERGIA Y TECNOLOGIA,100,GENERACION,ZONA ESPAÑOLA,RE Mercado Solar Fotovoltáica,100.0
46,431.533,GNVD316,UOF GNVD316,GNERA ENERGIA Y TECNOLOGIA,100,GENERACION,ZONA ESPAÑOLA,RE Mercado Solar Fotovoltáica,100.0
46,438.853,GNVD317,UOF GNVD317,GNERA ENERGIA Y TECNOLOGIA,100,GENERACION,ZONA ESPAÑOLA,RE Mercado Solar Fotovoltáica,100.0
46,446.173,GNVD318,UOF GNVD318,GNERA ENERGIA Y TECNOLOGIA,100,GENERACION,ZONA ESPAÑOLA,RE Mercado Solar Fotovoltáica,100.0
46,453.493,GNVD319,UOF GNVD319,GNERA ENERGIA Y TECNOLOGIA,100,GENERACION,ZONA ESPAÑOLA,RE Mercado Solar Fotovoltáica,100.0
46,460.813,GNVD320,UOF GNVD320,GNERA ENERGIA Y TECNOLOGIA,100,GENERACION,ZONA ESPAÑOLA,RE Mercado Solar Fotovoltáica,100.0
46,468.133,GNVD321,UOF GNVD321,GNERA ENERGIA Y TECNOLOGIA,100,GENERACION,ZONA ESPAÑOLA,RE Mercado Solar Fotovoltáica,100.0
46,475.453,GNVD322,UOF GNVD322,GNERA ENERGIA Y TECNOLOGIA,100,GENERACION,ZONA ESPAÑOLA,RE Mercado Solar Fotovoltáica,100.0
46,482.773,GNVD323,UOF GNVD323,GNERA ENERGIA Y TECNOLOGIA,100,GENERACION,ZONA ESPAÑOLA,RE Mercado Solar Fotovoltáica,100.0
46,490.093,GNVD324,UOF GNVD324,GNERA ENERGIA Y TECNOLOGIA,100,GENERACION,ZONA ESPAÑOLA,RE Mercado Solar Fotovoltáica,100.0
46,497.413,GNVD325,UOF GNVD325,GNERA ENERGIA Y TECNOLOGIA,100,GENERACION,ZONA ESPAÑOLA,RE Mercado Solar Fotovoltáica,100.0
46,504.733,GNVD326,UOF GNVD326,GNERA ENERGIA Y TECNOLOGIA,100,GENERACION,ZONA ESPAÑOLA,RE Mercado Solar Fotovoltáica,100.0
46,512.093,GNVD327,GNVD327,GNERA ENERGIA Y TECNOLOGIA,100,GENERACION,ZONA ESPAÑOLA,RE Mercado Solar Fotovoltáica,100.0
46,519.373,GNVD328,UOF GNVD328,GNERA ENERGIA Y TECNOLOGIA,100,GENERACION,ZONA ESPAÑOLA,RE Mercado Solar Fotovoltáica,100.0
46,526.693,GNVD329,UOF GNVD329,GNERA ENERGIA Y TECNOLOGIA,100,GENERACION,ZONA ESPAÑOLA,RE Mercado Solar Fotovoltáica,100.0
46,534.093,GNVD330,UOF GNVD330,GNERA ENERGIA Y TECNOLOGIA,100,GENERACION,ZONA ESPAÑOLA,RE Mercado Solar Fotovoltáica,100.0
46,541.333,GNVD331,GNVD331,GNERA ENERGIA Y TECNOLOGIA,100,GENERACION,ZONA ESPAÑOLA,RE Mercado Solar Fotovoltáica,100.0
46,548.653,GNVD332,GNVD332,GNERA ENERGIA Y TECNOLOGIA,100,GENERACION,ZONA ESPAÑOLA,Híbrida Renov.-Almacenamiento,100.0
46,555.973,GNVD333,GNVD333,GNERA ENERGIA Y TECNOLOGIA,100,GENERACION,ZONA ESPAÑOLA,RE Mercado Solar Fotovoltáica,100.0
46,563.293,GNVD334,GNVD334,GNERA ENERGIA Y TECNOLOGIA,100,GENERACION,ZONA ESPAÑOLA,RE Mercado Solar Fotovoltáica,100.0
47,141.133,GNVD335,GNVD335,GNERA ENERGIA Y TECNOLOGIA,100,GENERACION,ZONA ESPAÑOLA,RE Mercado Solar Fotovoltáica,100.0
47,148.453,GNVD336,GNVD336,GNERA ENERGIA Y TECNOLOGIA,100,GENERACION,ZONA ESPAÑOLA,RE Mercado Solar Fotovoltáica,100.0
47,155.773,GNVD338,GNVD338,GNERA ENERGIA Y TECNOLOGIA,100,GENERACION,ZONA ESPAÑOLA,RE Mercado Solar Fotovoltáica,100.0
47,163.093,GNVD339,GNVD339,GNERA ENERGIA Y TECNOLOGIA,100,GENERACION,ZONA ESPAÑOLA,RE Mercado Solar Fotovoltáica,100.0
47,170.413,GNVD340,GNVD340,GNERA ENERGIA Y TECNOLOGIA,100,GENERACION,ZONA ESPAÑOLA,RE Mercado Solar Fotovoltáica,100.0
47,177.733,GNVD341,GNVD341,GNERA ENERGIA Y TECNOLOGIA,100,GENERACION,ZONA ESPAÑOLA,RE Mercado Solar Fotovoltáica,100.0
47,185.093,GNVD342,GNVD342,GNERA ENERGIA Y TECNOLOGIA,100,GENERACION,ZONA ESPAÑOLA,RE Mercado Solar Fotovoltáica,100.0
47,192.373,GNVD343,GNVD343,GNERA ENERGIA Y TECNOLOGIA,100,GENERACION,ZONA ESPAÑOLA,RE Mercado Eólica,100.0
47,199.693,GNVD344,UOF GNVD344,GNERA ENERGIA Y TECNOLOGIA,100,GENERACION,ZONA ESPAÑOLA,RE Mercado Solar Fotovoltáica,100.0
47,207.093,GNVD345,UOF GNVD345,GNERA ENERGIA Y TECNOLOGIA,100,GENERACION,ZONA ESPAÑOLA,RE Mercado Solar Fotovoltáica,100.0
47,214.333,GNVD346,UOF GNVD346,GNERA ENERGIA Y TECNOLOGIA,100,GENERACION,ZONA ESPAÑOLA,RE Mercado Solar Fotovoltáica,100.0
47,221.653,GNVD348,UOF GNVD348,GNERA ENERGIA Y TECNOLOGIA,100,GENERACION,ZONA ESPAÑOLA,RE Mercado Solar Fotovoltáica,100.0
47,228.973,GNVD349,UOF GNVD349,GNERA ENERGIA Y TECNOLOGIA,100,GENERACION,ZONA ESPAÑOLA,RE Mercado Solar Fotovoltáica,100.0
47,236.293,GNVD350,UOF GNVD350,GNERA ENERGIA Y TECNOLOGIA,100,GENERACION,ZONA ESPAÑOLA,RE Mercado Solar Fotovoltáica,100.0
47,243.613,GNVD351,UOF GNVD351,GNERA ENERGIA Y TECNOLOGIA,100,GENERACION,ZONA ESPAÑOLA,RE Mercado Solar Fotovoltáica,100.0
47,250.933,GNVD352,UOF GNVD352,GNERA ENERGIA Y TECNOLOGIA,100,GENERACION,ZONA ESPAÑOLA,RE Mercado Solar Fotovoltáica,100.0
47,258.253,GNVD353,UOF GNVD353,GNERA ENERGIA Y TECNOLOGIA,100,GENERACION,ZONA ESPAÑOLA,RE Mercado Solar Fotovoltáica,100.0
47,265.573,GNVD354,UOF GNVD354,GNERA ENERGIA Y TECNOLOGIA,100,GENERACION,ZONA ESPAÑOLA,RE Mercado Solar Fotovoltáica,100.0
47,272.893,GNVD355,UOF GNVD355,GNERA ENERGIA Y TECNOLOGIA,100,GENERACION,ZONA ESPAÑOLA,RE Mercado Solar Fotovoltáica,100.0
47,280.213,GNVD356,UOF GNVD356,GNERA ENERGIA Y TECNOLOGIA,100,GENERACION,ZONA ESPAÑOLA,RE Mercado Solar Fotovoltáica,100.0
47,287.533,GNVD357,UOF GNVD357,GNERA ENERGIA Y TECNOLOGIA,100,GENERACION,ZONA ESPAÑOLA,RE Mercado Solar Fotovoltáica,100.0
47,294.853,GNVD358,UOF GNVD358,GNERA ENERGIA Y TECNOLOGIA,100,GENERACION,ZONA ESPAÑOLA,RE Mercado Solar Fotovoltáica,100.0
47,302.173,GNVD359,UOF GNVD359,GNERA ENERGIA Y TECNOLOGIA,100,GENERACION,ZONA ESPAÑOLA,RE Mercado Solar Fotovoltáica,100.0
47,309.493,GNVD360,UOF GNVD360,GNERA ENERGIA Y TECNOLOGIA,100,GENERACION,ZONA ESPAÑOLA,RE Mercado Solar Fotovoltáica,100.0
47,316.813,GNVD361,UOF GNVD361,GNERA ENERGIA Y TECNOLOGIA,100,GENERACION,ZONA ESPAÑOLA,RE Mercado Solar Fotovoltáica,100.0
47,324.133,GNVD362,UOF GNVD362,GNERA ENERGIA Y TECNOLOGIA,100,GENERACION,ZONA ESPAÑOLA,RE Mercado Solar Fotovoltáica,100.0
47,331.453,GNVD363,UOF GNVD363,GNERA ENERGIA Y TECNOLOGIA,100,GENERACION,ZONA ESPAÑOLA,RE Mercado Solar Fotovoltáica,100.0
47,338.773,GNVD364,UOF GNVD364,GNERA ENERGIA Y TECNOLOGIA,100,GENERACION,ZONA ESPAÑOLA,RE Mercado Solar Fotovoltáica,100.0
47,346.093,GNVD365,UOF GNVD365,GNERA ENERGIA Y TECNOLOGIA,100,GENERACION,ZONA ESPAÑOLA,RE Mercado Solar Fotovoltáica,100.0
47,353.413,GNVD366,UOF GNVD366,GNERA ENERGIA Y TECNOLOGIA,100,GENERACION,ZONA ESPAÑOLA,RE Mercado Solar Fotovoltáica,100.0
47,360.733,GNVD367,UOF GNVD367,GNERA ENERGIA Y TECNOLOGIA,100,GENERACION,ZONA ESPAÑOLA,RE Mercado Solar Fotovoltáica,100.0
47,368.093,GNVD368,UOF GNVD368,GNERA ENERGIA Y TECNOLOGIA,100,GENERACION,ZONA ESPAÑOLA,RE Mercado Solar Fotovoltáica,100.0
47,375.373,GNVD369,UOF GNVD369,GNERA ENERGIA Y TECNOLOGIA,100,GENERACION,ZONA ESPAÑOLA,RE Mercado Solar Fotovoltáica,100.0
47,382.693,GNVD370,UOF GNVD370,GNERA ENERGIA Y TECNOLOGIA,100,GENERACION,ZONA ESPAÑOLA,RE Mercado Solar Fotovoltáica,100.0
47,390.093,GNVD371,UOF GNVD371,GNERA ENERGIA Y TECNOLOGIA,100,GENERACION,ZONA ESPAÑOLA,RE Mercado Solar Fotovoltáica,100.0
47,397.333,GNVD372,UOF GNVD372,GNERA ENERGIA Y TECNOLOGIA,100,GENERACION,ZONA ESPAÑOLA,RE Mercado Solar Fotovoltáica,100.0
47,404.653,GNVD373,UOF GNVD373,GNERA ENERGIA Y TECNOLOGIA,100,GENERACION,ZONA ESPAÑOLA,RE Mercado Solar Fotovoltáica,100.0
47,411.973,GNVD374,UOF GNVD374,GNERA ENERGIA Y TECNOLOGIA,100,GENERACION,ZONA ESPAÑOLA,RE Mercado Eólica,100.0
47,419.293,GNVD375,GNVD375,GNERA ENERGIA Y TECNOLOGIA,100,GENERACION,ZONA ESPAÑOLA,RE Mercado Solar Fotovoltáica,100.0
47,426.613,GNVD376,UOF GNVD376,GNERA ENERGIA Y TECNOLOGIA,100,GENERACION,ZONA ESPAÑOLA,RE Mercado Solar Fotovoltáica,100.0
47,433.933,GNVD377,UOF GNVD377,GNERA ENERGIA Y TECNOLOGIA,100,GENERACION,ZONA ESPAÑOLA,RE Mercado Solar Fotovoltáica,100.0
47,441.253,GNVD378,UOF GNVD378,GNERA ENERGIA Y TECNOLOGIA,100,GENERACION,ZONA ESPAÑOLA,RE Mercado Solar Fotovoltáica,100.0
47,448.573,GNVD379,UOF GNVD379,GNERA ENERGIA Y TECNOLOGIA,100,GENERACION,ZONA ESPAÑOLA,RE Mercado Solar Fotovoltáica,100.0
47,455.893,GNVD380,UOF GNVD380,GNERA ENERGIA Y TECNOLOGIA,100,GENERACION,ZONA ESPAÑOLA,RE Mercado Solar Fotovoltáica,100.0
47,463.213,GNVD381,UOF GNVD381,GNERA ENERGIA Y TECNOLOGIA,100,GENERACION,ZONA ESPAÑOLA,RE Mercado Solar Fotovoltáica,100.0
47,470.533,GNVD382,UOF GNVD382,GNERA ENERGIA Y TECNOLOGIA,100,GENERACION,ZONA ESPAÑOLA,RE Mercado Solar Fotovoltáica,100.0
47,477.853,GOIEVD1,VENTA PRODUCCION BIOGAS,GOIENER S.COOP,100,GENERACION,ZONA ESPAÑOLA,RE Mercado Térmica Renovable,100.0
47,485.173,GOIEVD2,VENTA PRODUCCION FOTOVOLTAICA,GOIENER S.COOP,100,GENERACION,ZONA ESPAÑOLA,RE Mercado Solar Fotovoltáica,100.0
47,492.493,GOIEVD3,VENTA PRODUCCÍON HIDRAULICA,GOIENER S.COOP,100,GENERACION,ZONA ESPAÑOLA,RE Mercado Hidráulica,100.0
47,499.813,GOIRE01,VENTA H.OLATE,GOIENER S.COOP,100,GENERACION,ZONA ESPAÑOLA,RE Mercado Hidráulica,100.0
47,507.133,GOLDV02,CARTEIRA DE VENDA (UPAC),"GOLDENERGY COMERCIALIZADORA ENERGIA, S.A.",100,GENERACION,ZONA PORTUGUESA,RE Tarifa CUR (uof),100.0
47,514.453,GRENV02,VENDA ENERGIA PT,GREEN VENTURE TRADING LDA,100,GENERACION,ZONA PORTUGUESA,RE Tarifa CUR (uof),100.0
47,521.773,GSEVD01,INSTALACIONES SOLAR TARIFA,"AVANZALIA ENERGÍA COMERCIALIZADORA, S.A.",100,GENERACION,ZONA ESPAÑOLA,RE Mercado Solar Fotovoltáica,100.0
47,529.093,GSLRE04,GSLRE04,"GASILUZ ECO ENERCÍA, S.L.",100,GENERACION,ZONA ESPAÑOLA,RE Mercado Solar Fotovoltáica,100.0
47,536.413,GSVD102,GUILLENA,"GESTERNOVA, S.A.",100,GENERACION,ZONA ESPAÑOLA,RE Mercado Solar Fotovoltáica,100.0
47,543.733,GSVD103,VILLANUEVA,"GESTERNOVA, S.A.",100,GENERACION,ZONA ESPAÑOLA,RE Mercado Solar Fotovoltáica,100.0
47,551.093,GSVD104,TALYELA2,"GESTERNOVA, S.A.",100,GENERACION,ZONA ESPAÑOLA,RE Mercado Solar Fotovoltáica,100.0
47,558.373,GSVD105,BARGSNO,"GESTERNOVA, S.A.",100,GENERACION,ZONA ESPAÑOLA,RE Mercado Solar Fotovoltáica,100.0
48,141.133,GSVD106,BRGSSU,"GESTERNOVA, S.A.",100,GENERACION,ZONA ESPAÑOLA,RE Mercado Solar Fotovoltáica,100.0
48,148.453,GSVD109,GAMONAL,"GESTERNOVA, S.A.",100,GENERACION,ZONA ESPAÑOLA,RE Mercado Solar Fotovoltáica,100.0
48,155.773,GSVD110,FALCONRA,"GESTERNOVA, S.A.",100,GENERACION,ZONA ESPAÑOLA,RE Mercado Solar Fotovoltáica,100.0
48,163.093,GSVD111,TARACENAN,"GESTERNOVA, S.A.",100,GENERACION,ZONA ESPAÑOLA,RE Mercado Solar Fotovoltáica,100.0
48,170.413,GSVD112,TARACENAS,"GESTERNOVA, S.A.",100,GENERACION,ZONA ESPAÑOLA,RE Mercado Solar Fotovoltáica,100.0
48,177.733,GSVD116,POLEO,"GESTERNOVA, S.A.",100,GENERACION,ZONA ESPAÑOLA,RE Mercado Eólica,100.0
48,185.093,GSVD117,PANADERAS,"GESTERNOVA, S.A.",100,GENERACION,ZONA ESPAÑOLA,RE Mercado Eólica,100.0
48,192.373,GSVD121,TERM_AFRIC,"GESTERNOVA, S.A.",100,GENERACION,ZONA ESPAÑOLA,RE Mercado Solar Térmica,100.0
48,199.693,GSVD122,TERM_LLANO,"GESTERNOVA, S.A.",100,GENERACION,ZONA ESPAÑOLA,RE Mercado Solar Térmica,100.0
48,207.093,GSVD123,TERM_BRGES,"GESTERNOVA, S.A.",100,GENERACION,ZONA ESPAÑOLA,RE Mercado Solar Térmica,100.0
48,214.333,GSVD127,CARAVACA_1,"GESTERNOVA, S.A.",100,GENERACION,ZONA ESPAÑOLA,RE Mercado Solar Fotovoltáica,100.0
48,221.653,GSVD128,CASILLA DE JUAN GIL,"GESTERNOVA, S.A.",100,GENERACION,ZONA ESPAÑOLA,RE Mercado Solar Fotovoltáica,100.0
48,228.973,GSVD129,SAN-FERNANDO,"GESTERNOVA, S.A.",100,GENERACION,ZONA ESPAÑOLA,RE Mercado Hidráulica,100.0
48,236.293,GSVD132,SAX,"GESTERNOVA, S.A.",100,GENERACION,ZONA ESPAÑOLA,RE Mercado Solar Fotovoltáica,100.0
48,243.613,GSVD133,VIÑASGOMEZ,"GESTERNOVA, S.A.",100,GENERACION,ZONA ESPAÑOLA,RE Mercado Solar Fotovoltáica,100.0
48,250.933,GSVD135,TORRECILLA1,"GESTERNOVA, S.A.",100,GENERACION,ZONA ESPAÑOLA,RE Mercado Solar Fotovoltáica,100.0
48,258.253,GSVD136,TORRECILLA2,"GESTERNOVA, S.A.",100,GENERACION,ZONA ESPAÑOLA,RE Mercado Solar Fotovoltáica,100.0
48,265.573,GSVD137,CALAMOCHAI,"GESTERNOVA, S.A.",100,GENERACION,ZONA ESPAÑOLA,RE Mercado Solar Fotovoltáica,100.0
48,272.893,GSVD138,CALAMOCHAII,"GESTERNOVA, S.A.",100,GENERACION,ZONA ESPAÑOLA,RE Mercado Solar Fotovoltáica,100.0
48,280.213,GSVD139,ESCUCHAI,"GESTERNOVA, S.A.",100,GENERACION,ZONA ESPAÑOLA,RE Mercado Solar Fotovoltáica,100.0
48,287.533,GSVD140,ESCUCHAII,"GESTERNOVA, S.A.",100,GENERACION,ZONA ESPAÑOLA,RE Mercado Solar Fotovoltáica,100.0
48,294.853,GSVD141,HIJARI,"GESTERNOVA, S.A.",100,GENERACION,ZONA ESPAÑOLA,RE Mercado Solar Fotovoltáica,100.0
48,302.173,GSVD142,PEÑAFLORII,"GESTERNOVA, S.A.",100,GENERACION,ZONA ESPAÑOLA,RE Mercado Solar Fotovoltáica,100.0
48,309.493,GSVD143,TAMBORESI,"GESTERNOVA, S.A.",100,GENERACION,ZONA ESPAÑOLA,RE Mercado Solar Fotovoltáica,100.0
48,316.813,GSVD144,MOMPLANETE,"GESTERNOVA, S.A.",100,GENERACION,ZONA ESPAÑOLA,RE Mercado Solar Fotovoltáica,100.0
48,324.133,GSVD145,ELRANCHO,"GESTERNOVA, S.A.",100,GENERACION,ZONA ESPAÑOLA,RE Mercado Solar Fotovoltáica,100.0
48,331.453,GSVD146,EL BARROSO,"GESTERNOVA, S.A.",100,GENERACION,ZONA ESPAÑOLA,RE Mercado Eólica,100.0
48,338.773,GSVD147,VALCAIRE,"GESTERNOVA, S.A.",100,GENERACION,ZONA ESPAÑOLA,RE Mercado Eólica,100.0
48,346.093,GSVD148,TERMOSOLAR1,"GESTERNOVA, S.A.",100,GENERACION,ZONA ESPAÑOLA,RE Mercado Solar Térmica,100.0
48,353.413,GSVD149,TERMOSOLAR2,"GESTERNOVA, S.A.",100,GENERACION,ZONA ESPAÑOLA,RE Mercado Solar Térmica,100.0
48,360.733,GSVD150,GALA,"GESTERNOVA, S.A.",100,GENERACION,ZONA ESPAÑOLA,RE Mercado Solar Fotovoltáica,100.0
48,368.093,GSVD151,AUREA,"GESTERNOVA, S.A.",100,GENERACION,ZONA ESPAÑOLA,RE Mercado Solar Fotovoltáica,100.0
48,375.373,GSVD152,GAETANA,"GESTERNOVA, S.A.",100,GENERACION,ZONA ESPAÑOLA,RE Mercado Solar Fotovoltáica,100.0
48,382.693,GSVD153,SAPRELORCA,"GESTERNOVA, S.A.",100,GENERACION,ZONA ESPAÑOLA,RE Mercado Solar Fotovoltáica,100.0
48,390.093,GSVD154,CAMPO SAN PEDRO,"GESTERNOVA, S.A.",100,GENERACION,ZONA ESPAÑOLA,RE Mercado Solar Fotovoltáica,100.0
48,397.333,GSVD155,TWINHOUSE PLANT 1,"GESTERNOVA, S.A.",100,GENERACION,ZONA ESPAÑOLA,RE Mercado Solar Fotovoltáica,100.0
48,404.653,GSVD156,TWINHOUSE,"GESTERNOVA, S.A.",100,GENERACION,ZONA ESPAÑOLA,RE Mercado Solar Fotovoltáica,100.0
48,411.973,GSVD157,LA CISTERNIGA I,"GESTERNOVA, S.A.",100,GENERACION,ZONA ESPAÑOLA,RE Mercado Solar Fotovoltáica,100.0
48,419.293,GSVD158,FV NIEVA,"GESTERNOVA, S.A.",100,GENERACION,ZONA ESPAÑOLA,RE Mercado Solar Fotovoltáica,100.0
48,426.613,GSVD159,TORREIGLESIAS,"GESTERNOVA, S.A.",100,GENERACION,ZONA ESPAÑOLA,RE Mercado Solar Fotovoltáica,100.0
48,433.933,GSVD160,FV IM2 SANTO DOMINGO DE OLIVEN,"GESTERNOVA, S.A.",100,GENERACION,ZONA ESPAÑOLA,RE Mercado Solar Fotovoltáica,100.0
48,441.253,GSVD161,FV IM2 PUEBLA DE SANCHO PEREZ,"GESTERNOVA, S.A.",100,GENERACION,ZONA ESPAÑOLA,RE Mercado Solar Fotovoltáica,100.0
48,448.573,GSVD162,IM2 ALCONERA,"GESTERNOVA, S.A.",100,GENERACION,ZONA ESPAÑOLA,RE Mercado Solar Fotovoltáica,100.0
48,455.893,GSVD167,FV RETORNO SOLAR,"GESTERNOVA, S.A.",100,GENERACION,ZONA ESPAÑOLA,RE Mercado Solar Fotovoltáica,100.0
48,463.213,GSVD168,FV TALAYUELA III,"GESTERNOVA, S.A.",100,GENERACION,ZONA ESPAÑOLA,RE Mercado Solar Fotovoltáica,100.0
48,470.533,GSVD169,VIVALES 6,"GESTERNOVA, S.A.",100,GENERACION,ZONA ESPAÑOLA,RE Mercado Solar Fotovoltáica,100.0
48,477.853,GSVD170,ENERLASTRAS,"GESTERNOVA, S.A.",100,GENERACION,ZONA ESPAÑOLA,RE Mercado Solar Fotovoltáica,100.0
48,485.173,GSVD171,POWER CHOICE TORRALBA,"GESTERNOVA, S.A.",100,GENERACION,ZONA ESPAÑOLA,RE Mercado Solar Fotovoltáica,100.0
48,492.493,GSVD174,PARQUE EOLICO LAS TADEAS,"GESTERNOVA, S.A.",100,GENERACION,ZONA ESPAÑOLA,RE Mercado Eólica,100.0
48,499.813,GSVD175,LA HERRADA,"GESTERNOVA, S.A.",100,GENERACION,ZONA ESPAÑOLA,RE Mercado Eólica,100.0
48,507.133,GSVD176,FV OLMEDILLA HIVE,"GESTERNOVA, S.A.",100,GENERACION,ZONA ESPAÑOLA,RE Mercado Solar Fotovoltáica,100.0
48,514.453,GSVD177,FV SABINAR HIVE,"GESTERNOVA, S.A.",100,GENERACION,ZONA ESPAÑOLA,RE Mercado Solar Fotovoltáica,100.0
48,521.773,GSVD178,OMEDILLA 2,"GESTERNOVA, S.A.",100,GENERACION,ZONA ESPAÑOLA,RE Mercado Solar Fotovoltáica,100.0
48,529.093,GSVD179,PFV PRADILLO,"GESTERNOVA, S.A.",100,GENERACION,ZONA ESPAÑOLA,RE Mercado Solar Fotovoltáica,100.0
48,536.413,GSVD180,PFV PRADILLO 2,"GESTERNOVA, S.A.",100,GENERACION,ZONA ESPAÑOLA,RE Mercado Solar Fotovoltáica,100.0
48,543.733,GSVD181,PFV PRADILLO 4,"GESTERNOVA, S.A.",100,GENERACION,ZONA ESPAÑOLA,RE Mercado Solar Fotovoltáica,100.0
48,551.093,GSVD183,PSF IM2 GIBRALEON,"GESTERNOVA, S.A.",100,GENERACION,ZONA ESPAÑOLA,RE Mercado Solar Fotovoltáica,100.0
48,558.373,GSVD184,FV IM2 PUEBLA DE LA REINA,"GESTERNOVA, S.A.",100,GENERACION,ZONA ESPAÑOLA,RE Mercado Solar Fotovoltáica,100.0
49,141.133,GSVD185,FV IM2 ZENETE,"GESTERNOVA, S.A.",100,GENERACION,ZONA ESPAÑOLA,RE Mercado Solar Fotovoltáica,100.0
49,148.453,GSVD186,CF EL BARCIAL,"GESTERNOVA, S.A.",100,GENERACION,ZONA ESPAÑOLA,RE Mercado Solar Fotovoltáica,100.0
49,155.773,GSVD187,FV VERSIÓN,"GESTERNOVA, S.A.",100,GENERACION,ZONA ESPAÑOLA,RE Mercado Solar Fotovoltáica,100.0
49,163.093,GSVD188,SOLUZ GUZMAN,"GESTERNOVA, S.A.",100,GENERACION,ZONA ESPAÑOLA,RE Mercado Solar Térmica,100.0
49,170.413,GSVD189,GSVD189,"GESTERNOVA, S.A.",100,GENERACION,ZONA ESPAÑOLA,RE Mercado Solar Fotovoltáica,100.0
49,177.733,GSVD193,GSVD193,"GESTERNOVA, S.A.",100,GENERACION,ZONA ESPAÑOLA,RE Mercado Solar Fotovoltáica,100.0
49,185.093,GSVD194,GSVD194,"GESTERNOVA, S.A.",100,GENERACION,ZONA ESPAÑOLA,RE Mercado Solar Fotovoltáica,100.0
49,192.373,GSVD196,GSVD196,"GESTERNOVA, S.A.",100,GENERACION,ZONA ESPAÑOLA,RE Mercado Solar Fotovoltáica,100.0
49,199.693,GSVD197,GSVD197,"GESTERNOVA, S.A.",100,GENERACION,ZONA ESPAÑOLA,RE Mercado Solar Fotovoltáica,100.0
49,207.093,GSVD199,GSVD199,"GESTERNOVA, S.A.",100,GENERACION,ZONA ESPAÑOLA,RE Mercado Solar Fotovoltáica,100.0
49,214.333,GSVD200,GSVD200,"GESTERNOVA, S.A.",100,GENERACION,ZONA ESPAÑOLA,RE Mercado Hidráulica,100.0
49,221.653,GSVD201,GSVD201,"GESTERNOVA, S.A.",100,GENERACION,ZONA ESPAÑOLA,RE Mercado Hidráulica,100.0
49,228.973,GSVD203,GSVD203,"GESTERNOVA, S.A.",100,GENERACION,ZONA ESPAÑOLA,RE Mercado Hidráulica,100.0
49,236.293,GSVD204,GSVD204,"GESTERNOVA, S.A.",100,GENERACION,ZONA ESPAÑOLA,RE Mercado Solar Fotovoltáica,100.0
49,243.613,GSVD205,GSVD205,"GESTERNOVA, S.A.",100,GENERACION,ZONA ESPAÑOLA,RE Mercado Solar Fotovoltáica,100.0
49,250.933,GSVD206,GSVD206,"GESTERNOVA, S.A.",100,GENERACION,ZONA ESPAÑOLA,RE Mercado Solar Fotovoltáica,100.0
49,258.253,GSVD208,GSVD208,"GESTERNOVA, S.A.",100,GENERACION,ZONA ESPAÑOLA,RE Mercado Hidráulica,100.0
49,265.573,GSVD209,GSVD209,"GESTERNOVA, S.A.",100,GENERACION,ZONA ESPAÑOLA,RE Mercado Hidráulica,100.0
49,272.893,GSVD210,GSVD210,"GESTERNOVA, S.A.",100,GENERACION,ZONA ESPAÑOLA,RE Mercado Solar Fotovoltáica,100.0
49,280.213,GSVD211,GSVD211,"GESTERNOVA, S.A.",100,GENERACION,ZONA ESPAÑOLA,RE Mercado Solar Fotovoltáica,100.0
49,287.533,GSVD212,GSVD212,"GESTERNOVA, S.A.",100,GENERACION,ZONA ESPAÑOLA,RE Mercado Solar Fotovoltáica,100.0
49,294.853,GSVD213,GSVD213,"GESTERNOVA, S.A.",100,GENERACION,ZONA ESPAÑOLA,RE Mercado Solar Fotovoltáica,100.0
49,302.173,GSVD214,GSVD214,"GESTERNOVA, S.A.",100,GENERACION,ZONA ESPAÑOLA,RE Mercado Solar Fotovoltáica,100.0
49,309.493,GSVD215,GSVD215,"GESTERNOVA, S.A.",100,GENERACION,ZONA ESPAÑOLA,RE Mercado Solar Fotovoltáica,100.0
49,316.813,GSVD216,GSVD216,"GESTERNOVA, S.A.",100,GENERACION,ZONA ESPAÑOLA,RE Mercado Solar Fotovoltáica,100.0
49,324.133,GSVD217,GSVD217,"GESTERNOVA, S.A.",100,GENERACION,ZONA ESPAÑOLA,RE Mercado Solar Fotovoltáica,100.0
49,331.453,GSVD218,GSVD218,"GESTERNOVA, S.A.",100,GENERACION,ZONA ESPAÑOLA,RE Mercado Solar Fotovoltáica,100.0
49,338.773,GSVD219,GSVD219,"GESTERNOVA, S.A.",100,GENERACION,ZONA ESPAÑOLA,RE Mercado Solar Fotovoltáica,100.0
49,346.093,GSVD220,GSVD220,"GESTERNOVA, S.A.",100,GENERACION,ZONA ESPAÑOLA,RE Mercado Solar Fotovoltáica,100.0
49,353.413,GSVD221,GSVD221,"GESTERNOVA, S.A.",100,GENERACION,ZONA ESPAÑOLA,RE Mercado Solar Fotovoltáica,100.0
49,360.733,GSVD222,GSVD222,"GESTERNOVA, S.A.",100,GENERACION,ZONA ESPAÑOLA,RE Mercado Solar Fotovoltáica,100.0
49,368.093,GSVD224,GSVD224,"GESTERNOVA, S.A.",100,GENERACION,ZONA ESPAÑOLA,RE Mercado Solar Fotovoltáica,100.0
49,375.373,GSVD225,GSVD225,"GESTERNOVA, S.A.",100,GENERACION,ZONA ESPAÑOLA,RE Mercado Solar Fotovoltáica,100.0
49,382.693,GSVD226,GSVD226,"GESTERNOVA, S.A.",100,GENERACION,ZONA ESPAÑOLA,RE Mercado Solar Fotovoltáica,100.0
49,390.093,GSVD227,GSVD227,"GESTERNOVA, S.A.",100,GENERACION,ZONA ESPAÑOLA,RE Mercado Solar Fotovoltáica,100.0
49,397.333,GSVD228,GSVD228,"GESTERNOVA, S.A.",100,GENERACION,ZONA ESPAÑOLA,RE Mercado Eólica,100.0
49,404.653,GSVD229,GSVD229,"GESTERNOVA, S.A.",100,GENERACION,ZONA ESPAÑOLA,RE Mercado Solar Térmica,100.0
49,411.973,GSVD230,GSVD230,"GESTERNOVA, S.A.",100,GENERACION,ZONA ESPAÑOLA,RE Mercado Hidráulica,100.0
49,419.293,GSVD231,GSVD231,"GESTERNOVA, S.A.",100,GENERACION,ZONA ESPAÑOLA,RE Mercado Solar Fotovoltáica,100.0
49,426.613,GSVD232,GSVD232,"GESTERNOVA, S.A.",100,GENERACION,ZONA ESPAÑOLA,RE Mercado Solar Fotovoltáica,100.0
49,433.933,GSVD233,GSVD233,"GESTERNOVA, S.A.",100,GENERACION,ZONA ESPAÑOLA,RE Mercado Solar Fotovoltáica,100.0
49,441.253,GSVD234,GSVD234,"GESTERNOVA, S.A.",100,GENERACION,ZONA ESPAÑOLA,RE Mercado Solar Fotovoltáica,100.0
49,448.573,GSVD235,GSVD235,"GESTERNOVA, S.A.",100,GENERACION,ZONA ESPAÑOLA,RE Mercado Solar Fotovoltáica,100.0
49,455.893,GSVD236,GSVD236,"GESTERNOVA, S.A.",100,GENERACION,ZONA ESPAÑOLA,RE Mercado Solar Fotovoltáica,100.0
49,463.213,GSVD237,GSVD237,"GESTERNOVA, S.A.",100,GENERACION,ZONA ESPAÑOLA,RE Mercado Eólica,100.0
49,470.533,GSVD238,GSVD238,"GESTERNOVA, S.A.",100,GENERACION,ZONA ESPAÑOLA,RE Mercado Eólica,100.0
49,477.853,GSVD239,GSVD239,"GESTERNOVA, S.A.",100,GENERACION,ZONA ESPAÑOLA,RE Mercado Eólica,100.0
49,485.173,GSVD240,GSVD240,"GESTERNOVA, S.A.",100,GENERACION,ZONA ESPAÑOLA,RE Mercado Eólica,100.0
49,492.493,GSVD241,GSVD241,"GESTERNOVA, S.A.",100,GENERACION,ZONA ESPAÑOLA,RE Mercado Solar Fotovoltáica,100.0
49,499.813,GSVD242,GSVD242,"GESTERNOVA, S.A.",100,GENERACION,ZONA ESPAÑOLA,RE Mercado Solar Fotovoltáica,100.0
49,507.133,GSVD243,GSVD243,"GESTERNOVA, S.A.",100,GENERACION,ZONA ESPAÑOLA,RE Mercado Solar Fotovoltáica,100.0
49,514.453,GSVD244,GSVD244,"GESTERNOVA, S.A.",100,GENERACION,ZONA ESPAÑOLA,RE Mercado Eólica,100.0
49,521.773,GSVD245,GSVD245,"GESTERNOVA, S.A.",100,GENERACION,ZONA ESPAÑOLA,RE Mercado Solar Fotovoltáica,100.0
49,529.093,GSVD246,GSVD246,"GESTERNOVA, S.A.",100,GENERACION,ZONA ESPAÑOLA,RE Mercado Solar Fotovoltáica,100.0
49,536.413,GSVD247,GSVD247,"GESTERNOVA, S.A.",100,GENERACION,ZONA ESPAÑOLA,RE Mercado Eólica,100.0
49,543.733,GSVD248,GSVD248,"GESTERNOVA, S.A.",100,GENERACION,ZONA ESPAÑOLA,RE Mercado Solar Fotovoltáica,100.0
49,551.093,GSVD249,GSVD249,"GESTERNOVA, S.A.",100,GENERACION,ZONA ESPAÑOLA,RE Mercado Solar Fotovoltáica,100.0
49,558.373,GSVD250,GSVD250,"GESTERNOVA, S.A.",100,GENERACION,ZONA ESPAÑOLA,RE Mercado Solar Fotovoltáica,100.0
50,141.133,GSVD251,GSVD251,"GESTERNOVA, S.A.",100,GENERACION,ZONA ESPAÑOLA,RE Mercado Solar Fotovoltáica,100.0
50,148.453,GSVD252,GSVD252,"GESTERNOVA, S.A.",100,GENERACION,ZONA ESPAÑOLA,RE Mercado Solar Fotovoltáica,100.0
50,155.773,GSVD253,GSVD253,"GESTERNOVA, S.A.",100,GENERACION,ZONA ESPAÑOLA,RE Mercado Solar Fotovoltáica,100.0
50,163.093,GSVD254,GSVD254,"GESTERNOVA, S.A.",100,GENERACION,ZONA ESPAÑOLA,RE Mercado Solar Fotovoltáica,100.0
50,170.413,GSVD255,GSVD255,"GESTERNOVA, S.A.",100,GENERACION,ZONA ESPAÑOLA,RE Mercado Solar Fotovoltáica,100.0
50,177.733,GSVD256,GSVD256,"GESTERNOVA, S.A.",100,GENERACION,ZONA ESPAÑOLA,RE Mercado Solar Fotovoltáica,100.0
50,185.093,GSVD257,GSVD257,"GESTERNOVA, S.A.",100,GENERACION,ZONA ESPAÑOLA,RE Mercado Eólica,100.0
50,192.373,GSVD258,GSVD258,"GESTERNOVA, S.A.",100,GENERACION,ZONA ESPAÑOLA,RE Mercado Eólica,100.0
50,199.693,GSVD259,GSVD259,"GESTERNOVA, S.A.",100,GENERACION,ZONA ESPAÑOLA,RE Mercado Eólica,100.0
50,207.093,GSVD260,GSVD260,"GESTERNOVA, S.A.",100,GENERACION,ZONA ESPAÑOLA,RE Mercado Eólica,100.0
50,214.333,GSVD261,GSVD261,"GESTERNOVA, S.A.",100,GENERACION,ZONA ESPAÑOLA,RE Mercado Solar Fotovoltáica,100.0
50,221.653,GSVD262,GSVD262,"GESTERNOVA, S.A.",100,GENERACION,ZONA ESPAÑOLA,RE Mercado Solar Fotovoltáica,100.0
50,228.973,GSVD263,GSVD263,"GESTERNOVA, S.A.",100,GENERACION,ZONA ESPAÑOLA,RE Mercado Solar Fotovoltáica,100.0
50,236.293,GSVD264,GSVD264,"GESTERNOVA, S.A.",100,GENERACION,ZONA ESPAÑOLA,RE Mercado Solar Fotovoltáica,100.0
50,243.613,GSVD265,GSVD265,"GESTERNOVA, S.A.",100,GENERACION,ZONA ESPAÑOLA,RE Mercado Solar Fotovoltáica,100.0
50,250.933,GSVD266,GSVD266,"GESTERNOVA, S.A.",100,GENERACION,ZONA ESPAÑOLA,RE Mercado Solar Fotovoltáica,100.0
50,258.253,GSVD267,GSVD267,"GESTERNOVA, S.A.",100,GENERACION,ZONA ESPAÑOLA,RE Mercado Solar Fotovoltáica,100.0
50,265.573,GSVD268,GSVD268,"GESTERNOVA, S.A.",100,GENERACION,ZONA ESPAÑOLA,RE Mercado Solar Fotovoltáica,100.0
50,272.893,GSVD269,GSVD269,"GESTERNOVA, S.A.",100,GENERACION,ZONA ESPAÑOLA,RE Mercado Solar Fotovoltáica,100.0
50,280.213,GSVD270,GSVD270,"GESTERNOVA, S.A.",100,GENERACION,ZONA ESPAÑOLA,RE Mercado Solar Fotovoltáica,100.0
50,287.533,GSVD271,GSVD271,"GESTERNOVA, S.A.",100,GENERACION,ZONA ESPAÑOLA,RE Mercado Solar Fotovoltáica,100.0
50,294.853,GSVD272,GSVD272,"GESTERNOVA, S.A.",100,GENERACION,ZONA ESPAÑOLA,RE Mercado Solar Fotovoltáica,100.0
50,302.173,GSVD273,GSVD273,"GESTERNOVA, S.A.",100,GENERACION,ZONA ESPAÑOLA,RE Mercado Solar Fotovoltáica,100.0
50,309.493,GSVD274,GSVD274,"GESTERNOVA, S.A.",100,GENERACION,ZONA ESPAÑOLA,RE Mercado Solar Fotovoltáica,100.0
50,316.813,GSVD275,GSVD275,"GESTERNOVA, S.A.",100,GENERACION,ZONA ESPAÑOLA,RE Mercado Solar Fotovoltáica,100.0
50,324.133,GSVD276,GSVD276,"GESTERNOVA, S.A.",100,GENERACION,ZONA ESPAÑOLA,RE Mercado Solar Fotovoltáica,100.0
50,331.453,GSVD277,GSVD277,"GESTERNOVA, S.A.",100,GENERACION,ZONA ESPAÑOLA,RE Mercado Solar Fotovoltáica,100.0
50,338.773,GSVD278,GSVD278,"GESTERNOVA, S.A.",100,GENERACION,ZONA ESPAÑOLA,RE Mercado Solar Fotovoltáica,100.0
50,346.093,GSVD279,GSVD279,"GESTERNOVA, S.A.",100,GENERACION,ZONA ESPAÑOLA,RE Mercado Solar Fotovoltáica,100.0
50,353.413,GSVD280,GSVD280,"GESTERNOVA, S.A.",100,GENERACION,ZONA ESPAÑOLA,RE Mercado Solar Fotovoltáica,100.0
50,360.733,GSVD281,GSVD281,"GESTERNOVA, S.A.",100,GENERACION,ZONA ESPAÑOLA,RE Mercado Solar Fotovoltáica,100.0
50,368.093,GSVD282,GSVD282,"GESTERNOVA, S.A.",100,GENERACION,ZONA ESPAÑOLA,RE Mercado Solar Fotovoltáica,100.0
50,375.373,GSVD283,GSVD283,"GESTERNOVA, S.A.",100,GENERACION,ZONA ESPAÑOLA,RE Mercado Solar Fotovoltáica,100.0
50,382.693,GSVD284,GSVD284,"GESTERNOVA, S.A.",100,GENERACION,ZONA ESPAÑOLA,RE Mercado Solar Fotovoltáica,100.0
50,390.093,GSVD285,GSVD285,"GESTERNOVA, S.A.",100,GENERACION,ZONA ESPAÑOLA,RE Mercado Solar Fotovoltáica,100.0
50,397.333,GSVD286,GSVD286,"GESTERNOVA, S.A.",100,GENERACION,ZONA ESPAÑOLA,RE Mercado Solar Fotovoltáica,100.0
50,404.653,GSVD287,GSVD287,"GESTERNOVA, S.A.",100,GENERACION,ZONA ESPAÑOLA,RE Mercado Solar Fotovoltáica,100.0
50,411.973,GSVD288,GSVD288,"GESTERNOVA, S.A.",100,GENERACION,ZONA ESPAÑOLA,RE Mercado Solar Fotovoltáica,100.0
50,419.293,GSVD289,GSVD289,"GESTERNOVA, S.A.",100,GENERACION,ZONA ESPAÑOLA,RE Mercado Solar Fotovoltáica,100.0
50,426.613,GSVD290,GSVD290,"GESTERNOVA, S.A.",100,GENERACION,ZONA ESPAÑOLA,RE Mercado Solar Fotovoltáica,100.0
50,433.933,GSVD291,GSVD291,"GESTERNOVA, S.A.",100,GENERACION,ZONA ESPAÑOLA,RE Mercado Solar Fotovoltáica,100.0
50,441.253,GSVD292,GSVD292,"GESTERNOVA, S.A.",100,GENERACION,ZONA ESPAÑOLA,RE Mercado Solar Fotovoltáica,100.0
50,448.573,GSVD293,GSVD293,"GESTERNOVA, S.A.",100,GENERACION,ZONA ESPAÑOLA,RE Mercado Solar Fotovoltáica,100.0
50,455.893,GSVD294,GSVD294,"GESTERNOVA, S.A.",100,GENERACION,ZONA ESPAÑOLA,RE Mercado Solar Fotovoltáica,100.0
50,463.213,GSVD295,GSVD295,"GESTERNOVA, S.A.",100,GENERACION,ZONA ESPAÑOLA,RE Mercado Solar Fotovoltáica,100.0
50,470.533,GSVD296,GSVD296,"GESTERNOVA, S.A.",100,GENERACION,ZONA ESPAÑOLA,RE Mercado Solar Fotovoltáica,100.0
50,477.853,GSVD297,GSVD297,"GESTERNOVA, S.A.",100,GENERACION,ZONA ESPAÑOLA,RE Mercado Solar Fotovoltáica,100.0
50,485.173,GSVD298,GSVD298,"GESTERNOVA, S.A.",100,GENERACION,ZONA ESPAÑOLA,RE Mercado Solar Fotovoltáica,100.0
50,492.493,GSVD299,GSVD299,"GESTERNOVA, S.A.",100,GENERACION,ZONA ESPAÑOLA,RE Mercado Solar Fotovoltáica,100.0
50,499.813,GSVD300,GSVD300,"GESTERNOVA, S.A.",100,GENERACION,ZONA ESPAÑOLA,RE Mercado Eólica,100.0
50,507.133,GSVD301,GSVD301,"GESTERNOVA, S.A.",100,GENERACION,ZONA ESPAÑOLA,RE Mercado Eólica,100.0
50,514.453,GSVD304,GSVD304,"GESTERNOVA, S.A.",100,GENERACION,ZONA ESPAÑOLA,RE Mercado Solar Fotovoltáica,100.0
50,521.773,GSVD305,GSVD305,"GESTERNOVA, S.A.",100,GENERACION,ZONA ESPAÑOLA,RE Mercado Solar Fotovoltáica,100.0
50,529.093,GSVD306,GSVD306,"GESTERNOVA, S.A.",100,GENERACION,ZONA ESPAÑOLA,RE Mercado Solar Fotovoltáica,100.0
50,536.413,GSVD307,GSVD307,"GESTERNOVA, S.A.",100,GENERACION,ZONA ESPAÑOLA,RE Mercado Solar Fotovoltáica,100.0
50,543.733,GSVD309,GSVD309,"GESTERNOVA, S.A.",100,GENERACION,ZONA ESPAÑOLA,RE Mercado Solar Fotovoltáica,100.0
50,551.093,GSVD310,GSVD310,"GESTERNOVA, S.A.",100,GENERACION,ZONA ESPAÑOLA,RE Mercado Solar Fotovoltáica,100.0
50,558.373,GSVD311,GSVD311,"GESTERNOVA, S.A.",100,GENERACION,ZONA ESPAÑOLA,RE Mercado Solar Fotovoltáica,100.0
51,141.133,GSVD312,GSVD312,"GESTERNOVA, S.A.",100,GENERACION,ZONA ESPAÑOLA,RE Mercado Solar Fotovoltáica,100.0
51,148.453,GSVD313,GSVD313,"GESTERNOVA, S.A.",100,GENERACION,ZONA ESPAÑOLA,RE Mercado Solar Fotovoltáica,100.0
51,155.773,GSVD314,GSVD314,"GESTERNOVA, S.A.",100,GENERACION,ZONA ESPAÑOLA,RE Mercado Solar Fotovoltáica,100.0
51,163.093,GSVD315,GSVD315,"GESTERNOVA, S.A.",100,GENERACION,ZONA ESPAÑOLA,RE Mercado Solar Fotovoltáica,100.0
51,170.413,GSVD316,GSVD316,"GESTERNOVA, S.A.",100,GENERACION,ZONA ESPAÑOLA,RE Mercado Solar Fotovoltáica,100.0
51,177.733,GSVD317,GSVD317,"GESTERNOVA, S.A.",100,GENERACION,ZONA ESPAÑOLA,RE Mercado Solar Fotovoltáica,100.0
51,185.093,GSVD318,GSVD318,"GESTERNOVA, S.A.",100,GENERACION,ZONA ESPAÑOLA,RE Mercado Solar Fotovoltáica,100.0
51,192.373,GSVD319,GSVD319,"GESTERNOVA, S.A.",100,GENERACION,ZONA ESPAÑOLA,RE Mercado Solar Fotovoltáica,100.0
51,199.693,GSVD320,GSVD320,"GESTERNOVA, S.A.",100,GENERACION,ZONA ESPAÑOLA,RE Mercado Solar Fotovoltáica,100.0
51,207.093,GSVD321,GSVD321,"GESTERNOVA, S.A.",100,GENERACION,ZONA ESPAÑOLA,RE Mercado Solar Térmica,100.0
51,214.333,GSVD322,GSVD322,"GESTERNOVA, S.A.",100,GENERACION,ZONA ESPAÑOLA,RE Mercado Solar Térmica,100.0
51,221.653,GSVD323,GSVD323,"GESTERNOVA, S.A.",100,GENERACION,ZONA ESPAÑOLA,RE Mercado Solar Térmica,100.0
51,228.973,GSVD324,GSVD324,"GESTERNOVA, S.A.",100,GENERACION,ZONA ESPAÑOLA,RE Mercado Eólica,100.0
51,236.293,GSVD325,GSVD325,"GESTERNOVA, S.A.",100,GENERACION,ZONA ESPAÑOLA,RE Mercado Solar Fotovoltáica,100.0
51,243.613,GSVD326,GSVD326,"GESTERNOVA, S.A.",100,GENERACION,ZONA ESPAÑOLA,RE Mercado Solar Fotovoltáica,100.0
51,250.933,GSVD327,GSVD327,"GESTERNOVA, S.A.",100,GENERACION,ZONA ESPAÑOLA,RE Mercado Eólica,100.0
51,258.253,GSVD329,GSVD329,"GESTERNOVA, S.A.",100,GENERACION,ZONA ESPAÑOLA,RE Mercado Solar Fotovoltáica,100.0
51,265.573,GSVD330,GSVD330,"GESTERNOVA, S.A.",100,GENERACION,ZONA ESPAÑOLA,RE Mercado Solar Fotovoltáica,100.0
51,272.893,GSVD331,GSVD331,"GESTERNOVA, S.A.",100,GENERACION,ZONA ESPAÑOLA,RE Mercado Solar Fotovoltáica,100.0
51,280.213,GSVD333,GSVD333,"GESTERNOVA, S.A.",100,GENERACION,ZONA ESPAÑOLA,RE Mercado Solar Fotovoltáica,100.0
51,287.533,GSVD334,GSVD334,"GESTERNOVA, S.A.",100,GENERACION,ZONA ESPAÑOLA,RE Mercado Solar Fotovoltáica,100.0
51,294.853,GSVD335,GSVD335,"GESTERNOVA, S.A.",100,GENERACION,ZONA ESPAÑOLA,RE Mercado Solar Fotovoltáica,100.0
51,302.173,GSVD336,GSVD336,"GESTERNOVA, S.A.",100,GENERACION,ZONA ESPAÑOLA,RE Mercado Solar Fotovoltáica,100.0
51,309.493,GSVD337,GSVD337,"GESTERNOVA, S.A.",100,GENERACION,ZONA ESPAÑOLA,RE Mercado Solar Fotovoltáica,100.0
51,316.813,GSVD338,GSVD338,"GESTERNOVA, S.A.",100,GENERACION,ZONA ESPAÑOLA,RE Mercado Solar Fotovoltáica,100.0
51,324.133,GSVD339,GSVD339,"GESTERNOVA, S.A.",100,GENERACION,ZONA ESPAÑOLA,RE Mercado Solar Fotovoltáica,100.0
51,331.453,GSVD340,GSVD340,"GESTERNOVA, S.A.",100,GENERACION,ZONA ESPAÑOLA,RE Mercado Solar Fotovoltáica,100.0
51,338.773,GUADIA,BACIA HID. DO GUADIANA,EDP GEM PORTUGAL S.A.,100,GENERACION,ZONA PORTUGUESA,RE Tarifa CUR (uof),100.0
51,346.093,GUIG,C.H. GUILLENA GENERACION,"ENDESA GENERACIÓN, S.A.",100,GENERACION,ZONA ESPAÑOLA,Hidráulica de Bombeo Puro,100.0
51,353.413,GUIRE01,GUISSONA VENTA,CORPORACIÓN ALIMENTARIA GUISSONA,100,GENERACION,ZONA ESPAÑOLA,RE Mercado Térmica no,100.0
51,366.853,HCGVD09,U. O. TUDELA COGENERACION,"EDP ESPAÑA, S.A.U. (GENERACIÓN)",100,GENERACION,ZONA ESPAÑOLA,RE Mercado Térmica no,100.0
51,380.293,HCGVD1,OFERTA VENTA RENOVABLES,"EDP ESPAÑA, S.A.U. (GENERACIÓN)",100,GENERACION,ZONA ESPAÑOLA,RE Mercado Solar Fotovoltáica,100.0
51,387.613,HCGVD11,U.O. P.E. NO HABILITADOS,"EDP ESPAÑA, S.A.U. (GENERACIÓN)",100,GENERACION,ZONA ESPAÑOLA,RE Mercado Eólica,100.0
51,394.933,HCGVD12,U.O. PARQUES HABILITADOS S.A.,"EDP ESPAÑA, S.A.U. (GENERACIÓN)",100,GENERACION,ZONA ESPAÑOLA,RE Mercado Eólica,100.0
51,402.253,HCGVD13,U.O. PARQUES EOLICA LA BRUJULA,"EDP ESPAÑA, S.A.U. (GENERACIÓN)",100,GENERACION,ZONA ESPAÑOLA,RE Mercado Eólica,100.0
51,409.573,HCGVD14,U.O. PARQUES ZONA REGULACION,"EDP ESPAÑA, S.A.U. (GENERACIÓN)",100,GENERACION,ZONA ESPAÑOLA,RE Mercado Eólica,100.0
51,416.893,HCGVD15,UO CH CRISA,"EDP ESPAÑA, S.A.U. (GENERACIÓN)",100,GENERACION,ZONA ESPAÑOLA,RE Mercado Hidráulica,100.0
51,424.213,HCGVD16,CH GUADALIMAR (GIRIBAILLE),"EDP ESPAÑA, S.A.U. (GENERACIÓN)",100,GENERACION,ZONA ESPAÑOLA,RE Mercado Hidráulica,100.0
51,431.533,HCGVD17,P. FOTOVOLTAICA ACAMPO ARPAL,"EDP ESPAÑA, S.A.U. (GENERACIÓN)",100,GENERACION,ZONA ESPAÑOLA,RE Mercado Solar Fotovoltáica,100.0
51,438.853,HCGVD18,U.O. HIBRIDAS,"EDP ESPAÑA, S.A.U. (GENERACIÓN)",100,GENERACION,ZONA ESPAÑOLA,Híbrida Renovable,100.0
51,446.173,HCGVD19,U.O. HIBRIDAS SIN HABILITAR,"EDP ESPAÑA, S.A.U. (GENERACIÓN)",100,GENERACION,ZONA ESPAÑOLA,RE Mercado Eólica,100.0
51,453.493,HCGVD2,OFERTA VENTA RENOVABLES TERMIC,"EDP ESPAÑA, S.A.U. (GENERACIÓN)",100,GENERACION,ZONA ESPAÑOLA,RE Mercado Térmica no,100.0
51,466.933,HCGVD21,UE PE NO HABILITADOS 2,"EDP ESPAÑA, S.A.U. (GENERACIÓN)",100,GENERACION,ZONA ESPAÑOLA,RE Mercado Eólica,100.0
51,474.253,HCGVD22,UO PE HABILITADOS 2,"EDP ESPAÑA, S.A.U. (GENERACIÓN)",100,GENERACION,ZONA ESPAÑOLA,RE Mercado Eólica,100.0
51,481.573,HCGVD23,UO PE HABILITADOS 3,"EDP ESPAÑA, S.A.U. (GENERACIÓN)",100,GENERACION,ZONA ESPAÑOLA,RE Mercado Eólica,100.0
51,488.893,HCGVD24,FOTOVOLTAICAS HABILITADAS,"EDP ESPAÑA, S.A.U. (GENERACIÓN)",100,GENERACION,ZONA ESPAÑOLA,RE Mercado Solar Fotovoltáica,100.0
51,496.213,HCGVD26,UO HIBRIDA CON ALMACENAMIENTO,"EDP ESPAÑA, S.A.U. (GENERACIÓN)",100,GENERACION,ZONA ESPAÑOLA,Híbrida Renov.-Almacenamiento,100.0
51,503.533,HCHI,UGH. HIDROCANTÁBRICO,"EDP ESPAÑA, S.A.U. (GENERACIÓN)",100,GENERACION,ZONA ESPAÑOLA,Hidráulica Generación,100.0
51,510.853,HELIVD1,REPRES. TARIFA HELIOS I,"PLANTA SOLAR HELIOS I, S.L.",100,GENERACION,ZONA ESPAÑOLA,RE Mercado Solar Fotovoltáica,100.0
51,518.173,HISVD09,FMARQUES,"ALPIQ ENERGÍA ESPAÑA, S.A.U.",100,GENERACION,ZONA ESPAÑOLA,RE Mercado Solar Fotovoltáica,100.0
51,525.493,HISVD11,INSTALACION SOLAR GUILLENA,"ALPIQ ENERGÍA ESPAÑA, S.A.U.",100,GENERACION,ZONA ESPAÑOLA,RE Mercado Solar Fotovoltáica,100.0
51,532.813,HISVD12,FSALOB,"ALPIQ ENERGÍA ESPAÑA, S.A.U.",100,GENERACION,ZONA ESPAÑOLA,RE Mercado Solar Fotovoltáica,100.0
51,540.133,HISVD21,FV CAP,"ALPIQ ENERGÍA ESPAÑA, S.A.U.",100,GENERACION,ZONA ESPAÑOLA,RE Mercado Solar Fotovoltáica,100.0
51,547.453,HISVD23,SIGMA,"ALPIQ ENERGÍA ESPAÑA, S.A.U.",100,GENERACION,ZONA ESPAÑOLA,RE Mercado Solar Fotovoltáica,100.0
51,554.773,HISVD24,ALIZARSUN,"ALPIQ ENERGÍA ESPAÑA, S.A.U.",100,GENERACION,ZONA ESPAÑOLA,RE Mercado Solar Fotovoltáica,100.0
51,562.093,HISVD25,CASTOR,"ALPIQ ENERGÍA ESPAÑA, S.A.U.",100,GENERACION,ZONA ESPAÑOLA,RE Mercado Solar Fotovoltáica,100.0
52,141.133,HISVD27,CORTIJO GUER,"ALPIQ ENERGÍA ESPAÑA, S.A.U.",100,GENERACION,ZONA ESPAÑOLA,RE Mercado Eólica,100.0
52,148.453,HISVD28,SIERRA ARCAS,"ALPIQ ENERGÍA ESPAÑA, S.A.U.",100,GENERACION,ZONA ESPAÑOLA,RE Mercado Eólica,100.0
52,155.773,HISVD43,COSENTSOL,"ALPIQ ENERGÍA ESPAÑA, S.A.U.",100,GENERACION,ZONA ESPAÑOLA,RE Mercado Solar Fotovoltáica,100.0
52,163.093,HISVD45,CASA VALDES,"ALPIQ ENERGÍA ESPAÑA, S.A.U.",100,GENERACION,ZONA ESPAÑOLA,RE Mercado Solar Fotovoltáica,100.0
52,170.413,HISVD48,PUERTA DEL SOL,"ALPIQ ENERGÍA ESPAÑA, S.A.U.",100,GENERACION,ZONA ESPAÑOLA,RE Mercado Solar Fotovoltáica,100.0
52,177.733,HISVD52,HISVD52,"ALPIQ ENERGÍA ESPAÑA, S.A.U.",100,GENERACION,ZONA ESPAÑOLA,RE Mercado Solar Fotovoltáica,100.0
52,185.093,HISVD59,HISVD59,"ALPIQ ENERGÍA ESPAÑA, S.A.U.",100,GENERACION,ZONA ESPAÑOLA,RE Mercado Eólica,100.0
52,192.373,HISVD76,UTRILLA HIVE,"ALPIQ ENERGÍA ESPAÑA, S.A.U.",100,GENERACION,ZONA ESPAÑOLA,RE Mercado Solar Fotovoltáica,100.0
52,199.693,HISVD77,ENTRECAMINOS,"ALPIQ ENERGÍA ESPAÑA, S.A.U.",100,GENERACION,ZONA ESPAÑOLA,RE Mercado Solar Fotovoltáica,100.0
52,207.093,HISVD78,HAZA DE LAS TOBAS,"ALPIQ ENERGÍA ESPAÑA, S.A.U.",100,GENERACION,ZONA ESPAÑOLA,RE Mercado Solar Fotovoltáica,100.0
52,214.333,HISVD79,HISVD79,"ALPIQ ENERGÍA ESPAÑA, S.A.U.",100,GENERACION,ZONA ESPAÑOLA,RE Mercado Solar Fotovoltáica,100.0
52,221.653,HISVD80,HISVD80,"ALPIQ ENERGÍA ESPAÑA, S.A.U.",100,GENERACION,ZONA ESPAÑOLA,RE Mercado Solar Fotovoltáica,100.0
52,228.973,HISVD81,MORATALLA,"ALPIQ ENERGÍA ESPAÑA, S.A.U.",100,GENERACION,ZONA ESPAÑOLA,RE Mercado Solar Fotovoltáica,100.0
52,236.293,HISVD83,FVALP18,"ALPIQ ENERGÍA ESPAÑA, S.A.U.",100,GENERACION,ZONA ESPAÑOLA,RE Mercado Solar Fotovoltáica,100.0
52,243.613,HISVD84,FVALP19,"ALPIQ ENERGÍA ESPAÑA, S.A.U.",100,GENERACION,ZONA ESPAÑOLA,RE Mercado Solar Fotovoltáica,100.0
52,250.933,HISVD85,FVALP20,"ALPIQ ENERGÍA ESPAÑA, S.A.U.",100,GENERACION,ZONA ESPAÑOLA,RE Mercado Solar Fotovoltáica,100.0
52,258.253,HISVD86,FALP21,"ALPIQ ENERGÍA ESPAÑA, S.A.U.",100,GENERACION,ZONA ESPAÑOLA,RE Mercado Solar Fotovoltáica,100.0
52,265.573,HISVD87,HISVD87,"ALPIQ ENERGÍA ESPAÑA, S.A.U.",100,GENERACION,ZONA ESPAÑOLA,RE Mercado Solar Fotovoltáica,100.0
52,272.893,HISVD88,HISVD88,"ALPIQ ENERGÍA ESPAÑA, S.A.U.",100,GENERACION,ZONA ESPAÑOLA,RE Mercado Eólica,100.0
52,280.213,HISVD89,HISVD89,"ALPIQ ENERGÍA ESPAÑA, S.A.U.",100,GENERACION,ZONA ESPAÑOLA,RE Mercado Eólica,100.0
52,287.533,HISVD90,HISVD90,"ALPIQ ENERGÍA ESPAÑA, S.A.U.",100,GENERACION,ZONA ESPAÑOLA,RE Mercado Eólica,100.0
52,294.853,HISVD91,HISVD91,"ALPIQ ENERGÍA ESPAÑA, S.A.U.",100,GENERACION,ZONA ESPAÑOLA,RE Mercado Eólica,100.0
52,302.173,HISVD92,HISVD92,"ALPIQ ENERGÍA ESPAÑA, S.A.U.",100,GENERACION,ZONA ESPAÑOLA,RE Mercado Eólica,100.0
52,309.493,HISVD93,HISVD93,"ALPIQ ENERGÍA ESPAÑA, S.A.U.",100,GENERACION,ZONA ESPAÑOLA,RE Mercado Eólica,100.0
52,316.813,HISVD94,HISVD94,"ALPIQ ENERGÍA ESPAÑA, S.A.U.",100,GENERACION,ZONA ESPAÑOLA,RE Mercado Eólica,100.0
52,324.133,HISVD95,HISVD95,"ALPIQ ENERGÍA ESPAÑA, S.A.U.",100,GENERACION,ZONA ESPAÑOLA,RE Mercado Eólica,100.0
52,331.453,HISVD96,HISVD96,"ALPIQ ENERGÍA ESPAÑA, S.A.U.",100,GENERACION,ZONA ESPAÑOLA,RE Mercado Eólica,100.0
52,338.773,HISVD97,HISVD97,"ALPIQ ENERGÍA ESPAÑA, S.A.U.",100,GENERACION,ZONA ESPAÑOLA,RE Mercado Eólica,100.0
52,346.093,HISVD98,HISVD98,"ALPIQ ENERGÍA ESPAÑA, S.A.U.",100,GENERACION,ZONA ESPAÑOLA,RE Mercado Eólica,100.0
52,353.413,HISVD99,HISVD99,"ALPIQ ENERGÍA ESPAÑA, S.A.U.",100,GENERACION,ZONA ESPAÑOLA,RE Mercado Eólica,100.0
52,360.733,HMSROR1,UOF HMSROR1,GNERA ENERGIA Y TECNOLOGIA,100,GENERACION,ZONA ESPAÑOLA,Hidráulica Generación,100.0
52,368.093,HPOBLA1,UOF HIDRO LA POBLA1 Y 2,NEXUS ENERGÍA (ACT. COMERCIALIZACIÓN RE),100,GENERACION,ZONA ESPAÑOLA,Hidráulica Generación,100.0
52,375.373,HSVD100,HSVD100,"ALPIQ ENERGÍA ESPAÑA, S.A.U.",100,GENERACION,ZONA ESPAÑOLA,RE Mercado Eólica,100.0
52,382.693,HSVD102,HSVD102,"ALPIQ ENERGÍA ESPAÑA, S.A.U.",100,GENERACION,ZONA ESPAÑOLA,RE Mercado Eólica,100.0
52,390.093,HSVD103,HSVD103,"ALPIQ ENERGÍA ESPAÑA, S.A.U.",100,GENERACION,ZONA ESPAÑOLA,RE Mercado Solar Fotovoltáica,100.0
52,397.333,HSVD104,HSVD104,"ALPIQ ENERGÍA ESPAÑA, S.A.U.",100,GENERACION,ZONA ESPAÑOLA,RE Mercado Solar Fotovoltáica,100.0
52,404.653,HSVD105,HSVD105,"ALPIQ ENERGÍA ESPAÑA, S.A.U.",100,GENERACION,ZONA ESPAÑOLA,RE Mercado Solar Fotovoltáica,100.0
52,411.973,HSVD106,HSVD106,"ALPIQ ENERGÍA ESPAÑA, S.A.U.",100,GENERACION,ZONA ESPAÑOLA,RE Mercado Solar Fotovoltáica,100.0
52,419.293,HURVD01,EÓLICA REP. BASER,BASER COMERCIALIZADORA DE REFERENCIA SA,100,GENERACION,ZONA ESPAÑOLA,RE Mercado Eólica,100.0
52,426.613,HURVD02,FOTOVOLTAICA REP BASER,BASER COMERCIALIZADORA DE REFERENCIA SA,100,GENERACION,ZONA ESPAÑOLA,RE Mercado Solar Fotovoltáica,100.0
52,433.933,HURVD03,HIDRÁULICA REP BASER,BASER COMERCIALIZADORA DE REFERENCIA SA,100,GENERACION,ZONA ESPAÑOLA,RE Mercado Hidráulica,100.0
52,441.253,HURVD04,BIOMASA REP BASER,BASER COMERCIALIZADORA DE REFERENCIA SA,100,GENERACION,ZONA ESPAÑOLA,RE Mercado Térmica Renovable,100.0
52,448.573,HURVD05,TERMOSOLAR REP BASER,BASER COMERCIALIZADORA DE REFERENCIA SA,100,GENERACION,ZONA ESPAÑOLA,RE Mercado Solar Térmica,100.0
52,455.893,HURVD06,TÉRMICA REP BASER,BASER COMERCIALIZADORA DE REFERENCIA SA,100,GENERACION,ZONA ESPAÑOLA,RE Mercado Térmica no,100.0
52,469.333,HURVD07,EÓLICA REP BASER (PRUEBAS),BASER COMERCIALIZADORA DE REFERENCIA SA,100,GENERACION,ZONA ESPAÑOLA,RE Tar. CUR Eólica,100.0
52,476.653,HURVD08,FOTOV. REP BASER (PRUEBAS),BASER COMERCIALIZADORA DE REFERENCIA SA,100,GENERACION,ZONA ESPAÑOLA,RE Tar. CUR Solar Fotovoltáica,100.0
52,483.973,HURVD09,HIDRÁULICA REP BASER (PRUEBAS),BASER COMERCIALIZADORA DE REFERENCIA SA,100,GENERACION,ZONA ESPAÑOLA,RE Tar. CUR Hidráulica,100.0
52,491.293,HURVD10,BIOMASA REP BASER (PRUEBAS),BASER COMERCIALIZADORA DE REFERENCIA SA,100,GENERACION,ZONA ESPAÑOLA,RE Tar. CUR Térmica Renovable,100.0
52,498.613,HURVD11,TERMOSOLAR REP BASER (PRUEBAS),BASER COMERCIALIZADORA DE REFERENCIA SA,100,GENERACION,ZONA ESPAÑOLA,RE Tar. CUR Solar Térmica,100.0
52,505.933,HURVD12,TÉRMICA REP BASER (PRUEBAS),BASER COMERCIALIZADORA DE REFERENCIA SA,100,GENERACION,ZONA ESPAÑOLA,RE Tar. CUR Térmica no Renov.,100.0
52,513.253,IBEVD11,EÓLICA HABILITADA,IBERDROLA ENERGÍA ESPAÑA S..A.,100,GENERACION,ZONA ESPAÑOLA,RE Mercado Eólica,100.0
52,520.573,IBEVD16,FOTOVOLTAICA NO EXENTA,IBERDROLA ENERGÍA ESPAÑA S..A.,100,GENERACION,ZONA ESPAÑOLA,RE Mercado Solar Fotovoltáica,100.0
52,527.893,IBEVD19,FOTOVOLTAICA HABILITADA,IBERDROLA ENERGÍA ESPAÑA S..A.,100,GENERACION,ZONA ESPAÑOLA,RE Mercado Solar Fotovoltáica,100.0
52,535.213,IBEVD20,COGENERACION PETROLEO,IBERDROLA ENERGÍA ESPAÑA S..A.,100,GENERACION,ZONA ESPAÑOLA,RE Mercado Térmica no,100.0
52,548.653,IBEVD21,FOTOVOLTAICA HAB SSCC Y SEC,IBERDROLA ENERGÍA ESPAÑA S..A.,100,GENERACION,ZONA ESPAÑOLA,RE Mercado Solar Fotovoltáica,100.0
52,555.973,IBEVD22,HIBRIDACION FV - BATERIA,IBERDROLA ENERGÍA ESPAÑA S..A.,100,GENERACION,ZONA ESPAÑOLA,Híbrida Renov.-Almacenamiento,100.0
52,563.293,IBEVD23,VENTA EXCEDENTES FV,IBERDROLA ENERGÍA ESPAÑA S..A.,100,GENERACION,ZONA ESPAÑOLA,RE Mercado Solar Fotovoltáica,100.0
53,141.133,IBEVD24,HIBRIDACION EOLICA - BATERIA,IBERDROLA ENERGÍA ESPAÑA S..A.,100,GENERACION,ZONA ESPAÑOLA,Híbrida Renov.-Almacenamiento,100.0
53,148.453,IBEVD25,VENTA HIBRIDACION EOLICA Y FV,IBERDROLA ENERGÍA ESPAÑA S..A.,100,GENERACION,ZONA ESPAÑOLA,Híbrida Renovable,100.0
53,155.773,IBEVD26,EOLICA EIBGEBU,IBERDROLA ENERGÍA ESPAÑA S..A.,100,GENERACION,ZONA ESPAÑOLA,RE Mercado Eólica,100.0
53,163.093,IBEVD27,FOTOVOLTAICA ORIOL,IBERDROLA ENERGÍA ESPAÑA S..A.,100,GENERACION,ZONA ESPAÑOLA,RE Mercado Solar Fotovoltáica,100.0
53,170.413,IBEVD28,FOTOVOLTAICA NBALBOA,IBERDROLA ENERGÍA ESPAÑA S..A.,100,GENERACION,ZONA ESPAÑOLA,RE Mercado Solar Fotovoltáica,100.0
53,177.733,IBEVD29,FOTOVOLTAICA PIZARRO,IBERDROLA ENERGÍA ESPAÑA S..A.,100,GENERACION,ZONA ESPAÑOLA,RE Mercado Solar Fotovoltáica,100.0
53,185.093,IBEVD30,FOTOVOLTAICA FVARENA,IBERDROLA ENERGÍA ESPAÑA S..A.,100,GENERACION,ZONA ESPAÑOLA,RE Mercado Solar Fotovoltáica,100.0
53,192.373,IBEVD31,FOTOVOLTAICA FVCEDIL,IBERDROLA ENERGÍA ESPAÑA S..A.,100,GENERACION,ZONA ESPAÑOLA,RE Mercado Solar Fotovoltáica,100.0
53,199.693,IBEVD32,HIBRIDACION FV CAMPOARAÑUELO,IBERDROLA ENERGÍA ESPAÑA S..A.,100,GENERACION,ZONA ESPAÑOLA,Híbrida Renov.-Almacenamiento,100.0
53,207.093,IBEVD33,FIBGETA,IBERDROLA ENERGÍA ESPAÑA S..A.,100,GENERACION,ZONA ESPAÑOLA,RE Mercado Solar Fotovoltáica,100.0
53,214.333,IBEVD34,EOLICAS RIOJA MOLINOS CIDACOS,IBERDROLA ENERGÍA ESPAÑA S..A.,100,GENERACION,ZONA ESPAÑOLA,RE Mercado Eólica,100.0
53,221.653,IBEVD35,EOLICAS MOLINOS RIOJA,IBERDROLA ENERGÍA ESPAÑA S..A.,100,GENERACION,ZONA ESPAÑOLA,RE Mercado Eólica,100.0
53,228.973,IBEVD36,EOLICAS RENOVABLES RIOJA,IBERDROLA ENERGÍA ESPAÑA S..A.,100,GENERACION,ZONA ESPAÑOLA,RE Mercado Eólica,100.0
53,236.293,IBEVD37,EOLICAS DESARROLLO RIOJA,IBERDROLA ENERGÍA ESPAÑA S..A.,100,GENERACION,ZONA ESPAÑOLA,RE Mercado Eólica,100.0
53,243.613,IBEVD38,FV VELILLA,IBERDROLA ENERGÍA ESPAÑA S..A.,100,GENERACION,ZONA ESPAÑOLA,RE Mercado Solar Fotovoltáica,100.0
53,250.933,IBEVD39,FV CAPARACENA,IBERDROLA ENERGÍA ESPAÑA S..A.,100,GENERACION,ZONA ESPAÑOLA,RE Mercado Solar Fotovoltáica,100.0
53,258.253,IBEVD40,EOLICA EIBGECA,IBERDROLA ENERGÍA ESPAÑA S..A.,100,GENERACION,ZONA ESPAÑOLA,RE Mercado Eólica,100.0
53,265.573,IBEVD41,FOTOVOLTAICA FIBGEMS,IBERDROLA ENERGÍA ESPAÑA S..A.,100,GENERACION,ZONA ESPAÑOLA,RE Mercado Solar Fotovoltáica,100.0
53,272.893,IBEVD42,FOTOVOLTAICA FIBGT12,IBERDROLA ENERGÍA ESPAÑA S..A.,100,GENERACION,ZONA ESPAÑOLA,RE Mercado Solar Fotovoltáica,100.0
53,280.213,IBEVD43,FOTOVOLTAICA FIBGT34,IBERDROLA ENERGÍA ESPAÑA S..A.,100,GENERACION,ZONA ESPAÑOLA,RE Mercado Solar Fotovoltáica,100.0
53,287.533,IBEVD44,FOTOVOLTAICA FIBGEVI,IBERDROLA ENERGÍA ESPAÑA S..A.,100,GENERACION,ZONA ESPAÑOLA,RE Mercado Solar Fotovoltáica,100.0
53,294.853,IBEVD45,FOTOVOLTAICA FIBGEPE,IBERDROLA ENERGÍA ESPAÑA S..A.,100,GENERACION,ZONA ESPAÑOLA,RE Mercado Solar Fotovoltáica,100.0
53,302.173,IBEVD46,FV CIUDAD RODRIGO,IBERDROLA ENERGÍA ESPAÑA S..A.,100,GENERACION,ZONA ESPAÑOLA,RE Mercado Solar Fotovoltáica,100.0
53,309.493,IBEVD47,EOLICA PE VALDEMORO,IBERDROLA ENERGÍA ESPAÑA S..A.,100,GENERACION,ZONA ESPAÑOLA,RE Mercado Eólica,100.0
53,316.813,IBEVD48,EOLICA PE NORGES,IBERDROLA ENERGÍA ESPAÑA S..A.,100,GENERACION,ZONA ESPAÑOLA,RE Mercado Eólica,100.0
53,324.133,IBEVD49,HIB FV ROMERAL + BAT,IBERDROLA ENERGÍA ESPAÑA S..A.,100,GENERACION,ZONA ESPAÑOLA,Híbrida Renov.-Almacenamiento,100.0
53,331.453,IBEVD50,HIB FV REVILLA + BATERIA,IBERDROLA ENERGÍA ESPAÑA S..A.,100,GENERACION,ZONA ESPAÑOLA,Híbrida Renov.-Almacenamiento,100.0
53,338.773,IBEVD51,HIB FV OLMEDILLA + BAT,IBERDROLA ENERGÍA ESPAÑA S..A.,100,GENERACION,ZONA ESPAÑOLA,Híbrida Renov.-Almacenamiento,100.0
53,346.093,IBEVD52,HIB FV ANDEVALO + BAT,IBERDROLA ENERGÍA ESPAÑA S..A.,100,GENERACION,ZONA ESPAÑOLA,Híbrida Renov.-Almacenamiento,100.0
53,353.413,IBEVD53,HIB FV ALZ + BAT,IBERDROLA ENERGÍA ESPAÑA S..A.,100,GENERACION,ZONA ESPAÑOLA,Híbrida Renov.-Almacenamiento,100.0
53,360.733,IBEVD54,HIB FVALZII + BAT,IBERDROLA ENERGÍA ESPAÑA S..A.,100,GENERACION,ZONA ESPAÑOLA,Híbrida Renov.-Almacenamiento,100.0
53,368.093,IBEVD55,UOF PE IGLESIAS,IBERDROLA ENERGÍA ESPAÑA S..A.,100,GENERACION,ZONA ESPAÑOLA,RE Mercado Eólica,100.0
53,375.373,IBEVD56,UOF FV BALSICAS,IBERDROLA ENERGÍA ESPAÑA S..A.,100,GENERACION,ZONA ESPAÑOLA,RE Mercado Solar Fotovoltáica,100.0
53,382.693,IBEVD57,FV CN COFRENTES,IBERDROLA ENERGÍA ESPAÑA S..A.,100,GENERACION,ZONA ESPAÑOLA,RE Mercado Solar Fotovoltáica,100.0
53,390.093,IBGEVD2,COGENERACIÓN TARIFA,IBERDROLA ENERGÍA ESPAÑA S..A.,100,GENERACION,ZONA ESPAÑOLA,RE Mercado Térmica no,100.0
53,403.453,IBGEVD3,MINI HIDRAULICA MAS DE 1 MW,IBERDROLA ENERGÍA ESPAÑA S..A.,100,GENERACION,ZONA ESPAÑOLA,RE Mercado Hidráulica,100.0
53,410.773,IBGEVD6,FOTOVOLTAICA NO EXENTA,IBERDROLA ENERGÍA ESPAÑA S..A.,100,GENERACION,ZONA ESPAÑOLA,RE Mercado Solar Fotovoltáica,100.0
53,418.093,IBGEVD9,COGENERACIÓN PETROLEO,IBERDROLA ENERGÍA ESPAÑA S..A.,100,GENERACION,ZONA ESPAÑOLA,RE Mercado Térmica no,100.0
53,431.533,ICUVD02,IBCUR RE 2,"CURENERGÍA COMERCIALIZADOR DE ÚLTIMO RECURSO, SAU",100,GENERACION,ZONA ESPAÑOLA,RE Mercado Eólica,100.0
53,438.853,ICUVD04,IBCUR RE 4,"CURENERGÍA COMERCIALIZADOR DE ÚLTIMO RECURSO, SAU",100,GENERACION,ZONA ESPAÑOLA,RE Mercado Solar Fotovoltáica,100.0
53,446.173,ICUVD05,IBCUR RE 5,"CURENERGÍA COMERCIALIZADOR DE ÚLTIMO RECURSO, SAU",100,GENERACION,ZONA ESPAÑOLA,RE Mercado Hidráulica,100.0
53,453.493,ICUVD06,IBCUR RE 6,"CURENERGÍA COMERCIALIZADOR DE ÚLTIMO RECURSO, SAU",100,GENERACION,ZONA ESPAÑOLA,RE Mercado Térmica Renovable,100.0
53,460.813,ICUVD07,IBCUR RE 7,"CURENERGÍA COMERCIALIZADOR DE ÚLTIMO RECURSO, SAU",100,GENERACION,ZONA ESPAÑOLA,RE Mercado Solar Térmica,100.0
53,468.133,ICUVD08,IBCUR RE 8,"CURENERGÍA COMERCIALIZADOR DE ÚLTIMO RECURSO, SAU",100,GENERACION,ZONA ESPAÑOLA,RE Mercado Térmica no,100.0
53,481.573,ICUVD09,IBCUR RE 9,"CURENERGÍA COMERCIALIZADOR DE ÚLTIMO RECURSO, SAU",100,GENERACION,ZONA ESPAÑOLA,RE Tar. CUR Eólica,100.0
53,488.893,ICUVD10,IBCUR RE 10,"CURENERGÍA COMERCIALIZADOR DE ÚLTIMO RECURSO, SAU",100,GENERACION,ZONA ESPAÑOLA,RE Tar. CUR Solar Fotovoltáica,100.0
53,496.213,ICUVD11,IBCUR RE 11,"CURENERGÍA COMERCIALIZADOR DE ÚLTIMO RECURSO, SAU",100,GENERACION,ZONA ESPAÑOLA,RE Tar. CUR Hidráulica,100.0
53,503.533,ICUVD12,IBCUR RE 12,"CURENERGÍA COMERCIALIZADOR DE ÚLTIMO RECURSO, SAU",100,GENERACION,ZONA ESPAÑOLA,RE Tar. CUR Térmica Renovable,100.0
53,510.853,ICUVD13,IBCUR RE 13,"CURENERGÍA COMERCIALIZADOR DE ÚLTIMO RECURSO, SAU",100,GENERACION,ZONA ESPAÑOLA,RE Tar. CUR Solar Térmica,100.0
53,518.173,ICUVD14,IBCUR RE 14,"CURENERGÍA COMERCIALIZADOR DE ÚLTIMO RECURSO, SAU",100,GENERACION,ZONA ESPAÑOLA,RE Tar. CUR Térmica no Renov.,100.0
53,525.493,ICUVD17,ICUVD17,"CURENERGÍA COMERCIALIZADOR DE ÚLTIMO RECURSO, SAU",100,GENERACION,ZONA ESPAÑOLA,RE Mercado Geotérmica,100.0
53,532.813,ICUVD18,ICUVD18,"CURENERGÍA COMERCIALIZADOR DE ÚLTIMO RECURSO, SAU",100,GENERACION,ZONA ESPAÑOLA,RE Mercado Geotérmica,100.0
53,540.133,ICUVD19,IBCUR RE 19,"CURENERGÍA COMERCIALIZADOR DE ÚLTIMO RECURSO, SAU",100,GENERACION,ZONA ESPAÑOLA,RE Mercado Térmica no,100.0
53,553.573,ICUVD20,IBCUR RE 20,"CURENERGÍA COMERCIALIZADOR DE ÚLTIMO RECURSO, SAU",100,GENERACION,ZONA ESPAÑOLA,RE Mercado Térmica no,100.0
54,141.133,IGESV02,FOTOVOLTAICA PORTUGAL,IBERDROLA ENERGÍA ESPAÑA S..A.,100,GENERACION,ZONA PORTUGUESA,RE Tarifa CUR (uof),100.0
54,148.453,IGESV2,IB CLIENTES PORTUGAL PRODUCTOR,"IBERDROLA CLIENTES PORTUGAL, UNIPESSOAL, LDA",100,GENERACION,ZONA PORTUGUESA,RE Tarifa CUR (uof),100.0
54,155.773,IGNIV02,VENTA PORTUGAL,IGNIS ENERGIA S.L.,100,GENERACION,ZONA PORTUGUESA,RE Tarifa CUR (uof),100.0
54,163.093,IGNVD29,UOF XALLAS I,IGNIS ENERGIA S.L.,100,GENERACION,ZONA ESPAÑOLA,RE Mercado Hidráulica,100.0
54,170.413,IGNVD30,UOF CH. CASTRELO,IGNIS ENERGIA S.L.,100,GENERACION,ZONA ESPAÑOLA,RE Mercado Hidráulica,100.0
54,177.733,IGNVD31,UOF XALLAS II,IGNIS ENERGIA S.L.,100,GENERACION,ZONA ESPAÑOLA,RE Mercado Hidráulica,100.0
54,185.093,IGNVD40,SOLAR FOTOVOLTAICA NARANJILLAS,IGNIS ENERGIA S.L.,100,GENERACION,ZONA ESPAÑOLA,RE Mercado Solar Fotovoltáica,100.0
54,192.373,IGNVD41,PUERTOLLANO 5,IGNIS ENERGIA S.L.,100,GENERACION,ZONA ESPAÑOLA,RE Mercado Solar Fotovoltáica,100.0
54,199.693,IGNVD42,PUERTOLLANO 6,IGNIS ENERGIA S.L.,100,GENERACION,ZONA ESPAÑOLA,RE Mercado Solar Fotovoltáica,100.0
54,207.093,IGNVD43,PUERTOLLANO 7,IGNIS ENERGIA S.L.,100,GENERACION,ZONA ESPAÑOLA,RE Mercado Solar Fotovoltáica,100.0
54,214.333,IGNVD44,PUERTOLLANO 8,IGNIS ENERGIA S.L.,100,GENERACION,ZONA ESPAÑOLA,RE Mercado Solar Fotovoltáica,100.0
54,221.653,IGNVD45,PUERTOLLANO 9,IGNIS ENERGIA S.L.,100,GENERACION,ZONA ESPAÑOLA,RE Mercado Solar Fotovoltáica,100.0
54,228.973,IGNVD46,UOF HIDRO ARENOSO,IGNIS ENERGIA S.L.,100,GENERACION,ZONA ESPAÑOLA,RE Mercado Hidráulica,100.0
54,236.293,IGNVD47,UOF HIDRO BREÑA 2,IGNIS ENERGIA S.L.,100,GENERACION,ZONA ESPAÑOLA,RE Mercado Hidráulica,100.0
54,243.613,IGNVD48,UOF EDAR LAGARES,IGNIS ENERGIA S.L.,100,GENERACION,ZONA ESPAÑOLA,RE Mercado Térmica Renovable,100.0
54,250.933,IGNVD49,UOF HIDRO PEÑA DEL AGUILA,IGNIS ENERGIA S.L.,100,GENERACION,ZONA ESPAÑOLA,RE Mercado Hidráulica,100.0
54,258.253,IGNVD51,UOF HINOJOSA SOLAR,IGNIS ENERGIA S.L.,100,GENERACION,ZONA ESPAÑOLA,RE Mercado Solar Fotovoltáica,100.0
54,265.573,IGNVD53,UOF SF CAMPANARIO 1,IGNIS ENERGIA S.L.,100,GENERACION,ZONA ESPAÑOLA,RE Mercado Solar Fotovoltáica,100.0
54,272.893,IGNVD54,UOF SF CAMPANARIO 3,IGNIS ENERGIA S.L.,100,GENERACION,ZONA ESPAÑOLA,RE Mercado Solar Fotovoltáica,100.0
54,280.213,IGNVD55,UOF SOLAR FOTOVOLTAICA TORRIJO,IGNIS ENERGIA S.L.,100,GENERACION,ZONA ESPAÑOLA,RE Mercado Solar Fotovoltáica,100.0
54,287.533,IGNVD56,UOF CAMPANARIO 2,IGNIS ENERGIA S.L.,100,GENERACION,ZONA ESPAÑOLA,RE Mercado Solar Fotovoltáica,100.0
54,294.853,IGNVD57,IGNIS 7,IGNIS ENERGIA S.L.,100,GENERACION,ZONA ESPAÑOLA,RE Mercado Solar Fotovoltáica,100.0
54,302.173,IGNVD58,UOF BIEFFE MEDITAL,IGNIS ENERGIA S.L.,100,GENERACION,ZONA ESPAÑOLA,RE Mercado Térmica no,100.0
54,315.613,IGNVD59,UOF QUART,IGNIS ENERGIA S.L.,100,GENERACION,ZONA ESPAÑOLA,RE Mercado Térmica no,100.0
54,329.093,IGNVD60,UOF CAMPANARIO V,IGNIS ENERGIA S.L.,100,GENERACION,ZONA ESPAÑOLA,RE Mercado Solar Fotovoltáica,100.0
54,336.373,IGNVD62,UOF SF ELAWAN CAMPANARIO 4,IGNIS ENERGIA S.L.,100,GENERACION,ZONA ESPAÑOLA,RE Mercado Solar Fotovoltáica,100.0
54,343.693,IGNVD63,GALICIA VENTO,IGNIS ENERGIA S.L.,100,GENERACION,ZONA ESPAÑOLA,RE Mercado Eólica,100.0
54,351.093,IGNVD64,MONTES DEL CIERZO,IGNIS ENERGIA S.L.,100,GENERACION,ZONA ESPAÑOLA,RE Mercado Eólica,100.0
54,358.333,IGNVD65,AERO SUR,IGNIS ENERGIA S.L.,100,GENERACION,ZONA ESPAÑOLA,RE Mercado Eólica,100.0
54,365.653,IGNVD66,MALPICA,IGNIS ENERGIA S.L.,100,GENERACION,ZONA ESPAÑOLA,RE Mercado Eólica,100.0
54,372.973,IGNVD67,PARAMO DE POZA,IGNIS ENERGIA S.L.,100,GENERACION,ZONA ESPAÑOLA,RE Mercado Eólica,100.0
54,380.293,IGNVD68,ECOFRENTES,IGNIS ENERGIA S.L.,100,GENERACION,ZONA ESPAÑOLA,RE Mercado Eólica,100.0
54,387.613,IGNVD69,UOF PSF SUNPLEX,IGNIS ENERGIA S.L.,100,GENERACION,ZONA ESPAÑOLA,RE Mercado Solar Fotovoltáica,100.0
54,394.933,IGNVD70,UOF PSF FOTOSFERA,IGNIS ENERGIA S.L.,100,GENERACION,ZONA ESPAÑOLA,RE Mercado Solar Fotovoltáica,100.0
54,402.253,IGNVD71,UOF PSF KISSORO,IGNIS ENERGIA S.L.,100,GENERACION,ZONA ESPAÑOLA,RE Mercado Solar Fotovoltáica,100.0
54,409.573,IGNVD73,PE FRONTONES,IGNIS ENERGIA S.L.,100,GENERACION,ZONA ESPAÑOLA,RE Mercado Eólica,100.0
54,416.893,IGNVD74,PE FUENTE ALAMO,IGNIS ENERGIA S.L.,100,GENERACION,ZONA ESPAÑOLA,RE Mercado Eólica,100.0
54,424.213,IGNVD75,PE DERRAMADOR,IGNIS ENERGIA S.L.,100,GENERACION,ZONA ESPAÑOLA,RE Mercado Eólica,100.0
54,431.533,IGNVD78,PE CABEZA MESÁ,IGNIS ENERGIA S.L.,100,GENERACION,ZONA ESPAÑOLA,RE Mercado Eólica,100.0
54,438.853,IGNVD79,PE BON VENT CORBERA,IGNIS ENERGIA S.L.,100,GENERACION,ZONA ESPAÑOLA,RE Mercado Eólica,100.0
54,446.173,IGNVD80,PE TORRE MADRINA,IGNIS ENERGIA S.L.,100,GENERACION,ZONA ESPAÑOLA,RE Mercado Eólica,100.0
54,453.493,IGNVD81,PE COLL DEL MORO,IGNIS ENERGIA S.L.,100,GENERACION,ZONA ESPAÑOLA,RE Mercado Eólica,100.0
54,460.813,IGNVD82,PE VILALBA DELS ARCS,IGNIS ENERGIA S.L.,100,GENERACION,ZONA ESPAÑOLA,RE Mercado Eólica,100.0
54,468.133,IGNVD83,PSHUELVA21BRUC,IGNIS ENERGIA S.L.,100,GENERACION,ZONA ESPAÑOLA,RE Mercado Solar Fotovoltáica,100.0
54,475.453,IGNVD97,EUROCAB FV1,IGNIS ENERGIA S.L.,100,GENERACION,ZONA ESPAÑOLA,RE Mercado Solar Fotovoltáica,100.0
54,482.773,IGNVD98,SOLARES MENOS DE 1MW,IGNIS ENERGIA S.L.,100,GENERACION,ZONA ESPAÑOLA,RE Mercado Solar Fotovoltáica,100.0
54,490.093,IGNVD99,"ROLWIND HUELVA 1, S.L.U.",IGNIS ENERGIA S.L.,100,GENERACION,ZONA ESPAÑOLA,RE Mercado Solar Fotovoltáica,100.0
54,497.413,IGVD100,"ROLWIND HUELVA 2, S.L.U.",IGNIS ENERGIA S.L.,100,GENERACION,ZONA ESPAÑOLA,RE Mercado Solar Fotovoltáica,100.0
54,504.733,IGVD101,"ROLWIND HUELVA 3, S.L.U.",IGNIS ENERGIA S.L.,100,GENERACION,ZONA ESPAÑOLA,RE Mercado Solar Fotovoltáica,100.0
54,512.093,IGVD105,UOF POWER ELECTRONICS,IGNIS ENERGIA S.L.,100,GENERACION,ZONA ESPAÑOLA,RE Mercado Solar Fotovoltáica,100.0
54,519.373,IGVD106,MUNERA I,IGNIS ENERGIA S.L.,100,GENERACION,ZONA ESPAÑOLA,RE Mercado Eólica,100.0
54,526.693,IGVD107,LA DEHESICA,IGNIS ENERGIA S.L.,100,GENERACION,ZONA ESPAÑOLA,RE Mercado Eólica,100.0
54,534.093,IGVD108,LA NAVICA,IGNIS ENERGIA S.L.,100,GENERACION,ZONA ESPAÑOLA,RE Mercado Eólica,100.0
54,541.333,IGVD109,PE ALFOZ,IGNIS ENERGIA S.L.,100,GENERACION,ZONA ESPAÑOLA,RE Mercado Eólica,100.0
54,548.653,IGVD110,VILALBA,IGNIS ENERGIA S.L.,100,GENERACION,ZONA ESPAÑOLA,RE Mercado Eólica,100.0
54,555.973,IGVD111,LA FATARELLA,IGNIS ENERGIA S.L.,100,GENERACION,ZONA ESPAÑOLA,RE Mercado Eólica,100.0
54,563.293,IGVD112,CERROS DE RADONA,IGNIS ENERGIA S.L.,100,GENERACION,ZONA ESPAÑOLA,RE Mercado Eólica,100.0
55,141.133,IGVD113,EL BERROCAL,IGNIS ENERGIA S.L.,100,GENERACION,ZONA ESPAÑOLA,RE Mercado Solar Fotovoltáica,100.0
55,148.453,IGVD117,UOF TOSCANO SOLAR,IGNIS ENERGIA S.L.,100,GENERACION,ZONA ESPAÑOLA,RE Mercado Solar Fotovoltáica,100.0
55,155.773,IGVD118,UOF VALDENEBRO,IGNIS ENERGIA S.L.,100,GENERACION,ZONA ESPAÑOLA,RE Mercado Solar Fotovoltáica,100.0
55,163.093,IGVD126,UOF ESQUEDAS,IGNIS ENERGIA S.L.,100,GENERACION,ZONA ESPAÑOLA,RE Mercado Solar Fotovoltáica,100.0
55,170.413,IGVD127,UOF ALTOS LUBIA,IGNIS ENERGIA S.L.,100,GENERACION,ZONA ESPAÑOLA,RE Mercado Solar Fotovoltáica,100.0
55,177.733,IGVD129,"MOLINOS DEL EBRO, S.A.",IGNIS ENERGIA S.L.,100,GENERACION,ZONA ESPAÑOLA,RE Mercado Eólica,100.0
55,185.093,IGVD130,"MOLINOS DEL JALÓN, S.A.",IGNIS ENERGIA S.L.,100,GENERACION,ZONA ESPAÑOLA,RE Mercado Eólica,100.0
55,192.373,IGVD131,"MOLINOS DEL MONCAYO, S.L.",IGNIS ENERGIA S.L.,100,GENERACION,ZONA ESPAÑOLA,RE Mercado Eólica,100.0
55,199.693,IGVD132,RENOVABLES SAMCA S.A.,IGNIS ENERGIA S.L.,100,GENERACION,ZONA ESPAÑOLA,RE Mercado Solar Térmica,100.0
55,207.093,IGVD133,"MONEGROS SOLAR, S.A.",IGNIS ENERGIA S.L.,100,GENERACION,ZONA ESPAÑOLA,RE Mercado Solar Fotovoltáica,100.0
55,214.333,IGVD134,"BRILEN, S.A.",IGNIS ENERGIA S.L.,100,GENERACION,ZONA ESPAÑOLA,RE Mercado Térmica no,100.0
55,227.773,IGVD135,COGENERACIÓN MADERUELO (MYTA),IGNIS ENERGIA S.L.,100,GENERACION,ZONA ESPAÑOLA,RE Mercado Térmica no,100.0
55,241.213,IGVD136,"EUROARCE MINERÍA, S.A.",IGNIS ENERGIA S.L.,100,GENERACION,ZONA ESPAÑOLA,Híbrida Renov.-Térmica,100.0
55,248.533,IGVD137,"MINERA DE SANTA MARTA, S.A.",IGNIS ENERGIA S.L.,100,GENERACION,ZONA ESPAÑOLA,RE Mercado Térmica no,100.0
55,261.973,IGVD138,COGENERACIÓN ONDA,IGNIS ENERGIA S.L.,100,GENERACION,ZONA ESPAÑOLA,RE Mercado Térmica no,100.0
55,275.413,IGVD139,COGENERACIÓN ONDA 1,IGNIS ENERGIA S.L.,100,GENERACION,ZONA ESPAÑOLA,RE Mercado Térmica no,100.0
55,288.853,IGVD140,COGENERACIÓN NUEVAS ATOMIZADAS,IGNIS ENERGIA S.L.,100,GENERACION,ZONA ESPAÑOLA,RE Mercado Térmica no,100.0
55,302.293,IGVD141,COGENERACIÓN CONVA,IGNIS ENERGIA S.L.,100,GENERACION,ZONA ESPAÑOLA,RE Mercado Térmica no,100.0
55,315.733,IGVD142,FV TRUJILLO,IGNIS ENERGIA S.L.,100,GENERACION,ZONA ESPAÑOLA,RE Mercado Solar Fotovoltáica,100.0
55,323.093,IGVD146,UOF DON RODRIGO II,IGNIS ENERGIA S.L.,100,GENERACION,ZONA ESPAÑOLA,RE Mercado Solar Fotovoltáica,100.0
55,330.373,IGVD147,UOF FV ELVISA,IGNIS ENERGIA S.L.,100,GENERACION,ZONA ESPAÑOLA,RE Mercado Solar Fotovoltáica,100.0
55,337.693,IGVD148,ARENOSAS,IGNIS ENERGIA S.L.,100,GENERACION,ZONA ESPAÑOLA,RE Mercado Solar Fotovoltáica,100.0
55,345.093,IGVD149,MALABRIGO,IGNIS ENERGIA S.L.,100,GENERACION,ZONA ESPAÑOLA,RE Mercado Solar Fotovoltáica,100.0
55,352.333,IGVD150,EL YARTE,IGNIS ENERGIA S.L.,100,GENERACION,ZONA ESPAÑOLA,RE Mercado Solar Fotovoltáica,100.0
55,359.653,IGVD151,LA GUITA,IGNIS ENERGIA S.L.,100,GENERACION,ZONA ESPAÑOLA,RE Mercado Solar Fotovoltáica,100.0
55,366.973,IGVD153,"UOF RENOVABLES DEL CIERZO, S.L",IGNIS ENERGIA S.L.,100,GENERACION,ZONA ESPAÑOLA,RE Mercado Eólica,100.0
55,374.293,IGVD154,UOF OUTES-BARRIGO-SMBARDA,IGNIS ENERGIA S.L.,100,GENERACION,ZONA ESPAÑOLA,RE Mercado Eólica,100.0
55,381.613,IGVD156,UOF VALDOMPERE MDO SUB 1,IGNIS ENERGIA S.L.,100,GENERACION,ZONA ESPAÑOLA,RE Mercado Solar Fotovoltáica,100.0
55,388.933,IGVD157,UOF VALDOMPERE MDO SUB 2,IGNIS ENERGIA S.L.,100,GENERACION,ZONA ESPAÑOLA,RE Mercado Solar Fotovoltáica,100.0
55,396.253,IGVD158,UOF VALDOMPERE MDO SUB 3,IGNIS ENERGIA S.L.,100,GENERACION,ZONA ESPAÑOLA,RE Mercado Solar Fotovoltáica,100.0
55,403.573,IGVD160,UOF TORRIJOS I,IGNIS ENERGIA S.L.,100,GENERACION,ZONA ESPAÑOLA,RE Mercado Solar Fotovoltáica,100.0
55,410.893,IGVD161,UOF BELINCHON I,IGNIS ENERGIA S.L.,100,GENERACION,ZONA ESPAÑOLA,RE Mercado Solar Fotovoltáica,100.0
55,418.213,IGVD162,UOF ESCUDEROS IV,IGNIS ENERGIA S.L.,100,GENERACION,ZONA ESPAÑOLA,RE Mercado Solar Fotovoltáica,100.0
55,425.533,IGVD165,UOF SAN MARCOS II (PE NAVARRA),IGNIS ENERGIA S.L.,100,GENERACION,ZONA ESPAÑOLA,RE Mercado Eólica,100.0
55,432.853,IGVD166,UP GENERICA IGNIS HIDRAULICA,IGNIS ENERGIA S.L.,100,GENERACION,ZONA ESPAÑOLA,RE Mercado Hidráulica,100.0
55,440.173,IGVD168,UOF SF MILANO,IGNIS ENERGIA S.L.,100,GENERACION,ZONA ESPAÑOLA,RE Mercado Solar Fotovoltáica,100.0
55,447.493,IGVD169,UOF SF GUADACANO,IGNIS ENERGIA S.L.,100,GENERACION,ZONA ESPAÑOLA,RE Mercado Solar Fotovoltáica,100.0
55,454.813,IGVD170,FV SALINETES I,IGNIS ENERGIA S.L.,100,GENERACION,ZONA ESPAÑOLA,RE Mercado Solar Fotovoltáica,100.0
55,462.133,IGVD172,UOF FV LAS ARROYADAS,IGNIS ENERGIA S.L.,100,GENERACION,ZONA ESPAÑOLA,RE Mercado Solar Fotovoltáica,100.0
55,469.453,IGVD173,UOF PFV TALAFIZA I,IGNIS ENERGIA S.L.,100,GENERACION,ZONA ESPAÑOLA,RE Mercado Solar Fotovoltáica,100.0
55,476.773,IGVD174,UOF VISCOFAN,IGNIS ENERGIA S.L.,100,GENERACION,ZONA ESPAÑOLA,RE Mercado Térmica no,100.0
55,490.213,IGVD175,UOF MUGAI,IGNIS ENERGIA S.L.,100,GENERACION,ZONA ESPAÑOLA,RE Mercado Eólica,100.0
55,497.533,IGVD176,UOF MUGA2,IGNIS ENERGIA S.L.,100,GENERACION,ZONA ESPAÑOLA,RE Mercado Eólica,100.0
55,504.853,IGVD177,UOF MUGA3,IGNIS ENERGIA S.L.,100,GENERACION,ZONA ESPAÑOLA,RE Mercado Eólica,100.0
55,512.173,IGVD178,UOF GINES,IGNIS ENERGIA S.L.,100,GENERACION,ZONA ESPAÑOLA,RE Mercado Eólica,100.0
55,519.493,IGVD179,UOF CABEZ,IGNIS ENERGIA S.L.,100,GENERACION,ZONA ESPAÑOLA,RE Mercado Eólica,100.0
55,526.813,IGVD180,UOF PORTI,IGNIS ENERGIA S.L.,100,GENERACION,ZONA ESPAÑOLA,RE Mercado Eólica,100.0
55,534.133,IGVD181,UOF VIRGE,IGNIS ENERGIA S.L.,100,GENERACION,ZONA ESPAÑOLA,RE Mercado Eólica,100.0
55,541.453,IGVD182,UOF VIRG2,IGNIS ENERGIA S.L.,100,GENERACION,ZONA ESPAÑOLA,RE Mercado Eólica,100.0
55,548.773,IGVD183,UOF MAJAS,IGNIS ENERGIA S.L.,100,GENERACION,ZONA ESPAÑOLA,RE Mercado Eólica,100.0
55,556.093,IGVD184,UOF FV ESCUDEROS I,IGNIS ENERGIA S.L.,100,GENERACION,ZONA ESPAÑOLA,RE Mercado Solar Fotovoltáica,100.0
55,563.413,IGVD185,UOF PSF ELAWAN BELINCHON 2,IGNIS ENERGIA S.L.,100,GENERACION,ZONA ESPAÑOLA,RE Mercado Solar Fotovoltáica,100.0
56,141.133,IGVD186,UOF ELAWAN BELINCHON III,IGNIS ENERGIA S.L.,100,GENERACION,ZONA ESPAÑOLA,RE Mercado Solar Fotovoltáica,100.0
56,148.453,IGVD187,UOF FV ELAWAN MANZANARES I,IGNIS ENERGIA S.L.,100,GENERACION,ZONA ESPAÑOLA,RE Mercado Solar Fotovoltáica,100.0
56,155.773,IGVD188,UOF ESCUDEROS 2,IGNIS ENERGIA S.L.,100,GENERACION,ZONA ESPAÑOLA,RE Mercado Solar Fotovoltáica,100.0
56,163.093,IGVD189,UOF ESCUDEROS 3,IGNIS ENERGIA S.L.,100,GENERACION,ZONA ESPAÑOLA,RE Mercado Solar Fotovoltáica,100.0
56,170.413,IGVD190,UOF ESCUDEROS 5,IGNIS ENERGIA S.L.,100,GENERACION,ZONA ESPAÑOLA,RE Mercado Solar Fotovoltáica,100.0
56,177.733,IGVD191,UOF FV ALHENDIN I,IGNIS ENERGIA S.L.,100,GENERACION,ZONA ESPAÑOLA,RE Mercado Solar Fotovoltáica,100.0
56,185.093,IGVD192,UOF FV ALHENDIN II,IGNIS ENERGIA S.L.,100,GENERACION,ZONA ESPAÑOLA,RE Mercado Solar Fotovoltáica,100.0
56,192.373,IGVD193,UOF FV ALHENDIN III,IGNIS ENERGIA S.L.,100,GENERACION,ZONA ESPAÑOLA,RE Mercado Solar Fotovoltáica,100.0
56,199.693,IGVD194,UOF PSFV PICÓN,IGNIS ENERGIA S.L.,100,GENERACION,ZONA ESPAÑOLA,RE Mercado Solar Fotovoltáica,100.0
56,207.093,IGVD195,UOF CÁCERES 2023,IGNIS ENERGIA S.L.,100,GENERACION,ZONA ESPAÑOLA,RE Mercado Solar Fotovoltáica,100.0
56,214.333,IGVD196,UOF SAN SERVÁN 2021,IGNIS ENERGIA S.L.,100,GENERACION,ZONA ESPAÑOLA,RE Mercado Solar Fotovoltáica,100.0
56,221.653,IGVD197,UOF PE ANDELLA,IGNIS ENERGIA S.L.,100,GENERACION,ZONA ESPAÑOLA,RE Mercado Eólica,100.0
56,228.973,IGVD198,UOF CF ACAMPO ESTREN 11498,IGNIS ENERGIA S.L.,100,GENERACION,ZONA ESPAÑOLA,RE Mercado Solar Fotovoltáica,100.0
56,236.293,IGVD199,UOF AIRPORT (MATRIX),IGNIS ENERGIA S.L.,100,GENERACION,ZONA ESPAÑOLA,RE Mercado Solar Fotovoltáica,100.0
56,243.613,IGVD200,CACERES 1,IGNIS ENERGIA S.L.,100,GENERACION,ZONA ESPAÑOLA,RE Mercado Solar Fotovoltáica,100.0
56,250.933,IGVD201,CACERES 2,IGNIS ENERGIA S.L.,100,GENERACION,ZONA ESPAÑOLA,RE Mercado Solar Fotovoltáica,100.0
56,258.253,IGVD202,AGUASVIVAS,IGNIS ENERGIA S.L.,100,GENERACION,ZONA ESPAÑOLA,RE Mercado Solar Fotovoltáica,100.0
56,265.573,IGVD204,UOD PE INIESTA,IGNIS ENERGIA S.L.,100,GENERACION,ZONA ESPAÑOLA,RE Mercado Eólica,100.0
56,272.893,IGVD205,UOF LOS MACHOS,IGNIS ENERGIA S.L.,100,GENERACION,ZONA ESPAÑOLA,RE Mercado Solar Fotovoltáica,100.0
56,280.213,IGVD206,UOF MANZTIERRA I,IGNIS ENERGIA S.L.,100,GENERACION,ZONA ESPAÑOLA,RE Mercado Solar Fotovoltáica,100.0
56,287.533,IGVD207,UOF BRAZOINVES I,IGNIS ENERGIA S.L.,100,GENERACION,ZONA ESPAÑOLA,RE Mercado Solar Fotovoltáica,100.0
56,294.853,IGVD208,UOF EL CUCO,IGNIS ENERGIA S.L.,100,GENERACION,ZONA ESPAÑOLA,RE Mercado Solar Fotovoltáica,100.0
56,302.173,IGVD209,UOF CIERZO,IGNIS ENERGIA S.L.,100,GENERACION,ZONA ESPAÑOLA,RE Mercado Solar Fotovoltáica,100.0
56,309.493,IGVD210,UOF GUARDIAN,IGNIS ENERGIA S.L.,100,GENERACION,ZONA ESPAÑOLA,RE Mercado Solar Fotovoltáica,100.0
56,316.813,IGVD211,UOF ARCHOI,IGNIS ENERGIA S.L.,100,GENERACION,ZONA ESPAÑOLA,RE Mercado Solar Fotovoltáica,100.0
56,324.133,IGVD212,UOF ARCHO II,IGNIS ENERGIA S.L.,100,GENERACION,ZONA ESPAÑOLA,RE Mercado Solar Fotovoltáica,100.0
56,331.453,IGVD213,UOF BRAZATORTAS,IGNIS ENERGIA S.L.,100,GENERACION,ZONA ESPAÑOLA,RE Mercado Solar Fotovoltáica,100.0
56,338.773,IGVD214,UOF GARNACHA,IGNIS ENERGIA S.L.,100,GENERACION,ZONA ESPAÑOLA,RE Mercado Solar Fotovoltáica,100.0
56,346.093,IGVD215,UOF TREVAGO 1,IGNIS ENERGIA S.L.,100,GENERACION,ZONA ESPAÑOLA,RE Mercado Solar Fotovoltáica,100.0
56,353.413,IGVD216,UOF TREVAGO 2,IGNIS ENERGIA S.L.,100,GENERACION,ZONA ESPAÑOLA,RE Mercado Solar Fotovoltáica,100.0
56,360.733,IGVD217,UOF VENATOR,IGNIS ENERGIA S.L.,100,GENERACION,ZONA ESPAÑOLA,RE Mercado Térmica no,100.0
56,374.173,IGVD218,UOFCORAC-CORACHA,IGNIS ENERGIA S.L.,100,GENERACION,ZONA ESPAÑOLA,RE Mercado Solar Fotovoltáica,100.0
56,381.493,IGVD219,UOFCIMER-CIMERA,IGNIS ENERGIA S.L.,100,GENERACION,ZONA ESPAÑOLA,RE Mercado Solar Fotovoltáica,100.0
56,388.813,IGVD220,UOFALAMB-ALAMBOR,IGNIS ENERGIA S.L.,100,GENERACION,ZONA ESPAÑOLA,RE Mercado Solar Fotovoltáica,100.0
56,396.133,IGVD221,UOFLUZ8-ALTER ENERSUN,IGNIS ENERGIA S.L.,100,GENERACION,ZONA ESPAÑOLA,RE Mercado Solar Fotovoltáica,100.0
56,403.453,IGVD222,UOFLUZ1-ALTER ENERSUN,IGNIS ENERGIA S.L.,100,GENERACION,ZONA ESPAÑOLA,RE Mercado Solar Fotovoltáica,100.0
56,410.773,IGVD223,UOFLUZ2-ALTER ENERSUN,IGNIS ENERGIA S.L.,100,GENERACION,ZONA ESPAÑOLA,RE Mercado Solar Fotovoltáica,100.0
56,418.093,IGVD224,UOFLUZ4-ALTER ENERSUN,IGNIS ENERGIA S.L.,100,GENERACION,ZONA ESPAÑOLA,RE Mercado Solar Fotovoltáica,100.0
56,425.413,IGVD225,UOFLUZ3-ALTER ENERSUN,IGNIS ENERGIA S.L.,100,GENERACION,ZONA ESPAÑOLA,RE Mercado Solar Fotovoltáica,100.0
56,432.733,IGVD226,UOFLUZ5-ALTER ENERSUN,IGNIS ENERGIA S.L.,100,GENERACION,ZONA ESPAÑOLA,RE Mercado Solar Fotovoltáica,100.0
56,440.093,IGVD227,UOFLUZ6-ALTER ENERSUN,IGNIS ENERGIA S.L.,100,GENERACION,ZONA ESPAÑOLA,RE Mercado Solar Fotovoltáica,100.0
56,447.373,IGVD228,UOFLUZ7-ALTER ENERSUN,IGNIS ENERGIA S.L.,100,GENERACION,ZONA ESPAÑOLA,RE Mercado Solar Fotovoltáica,100.0
56,454.693,IGVD229,UOFCER-EL CERRO,IGNIS ENERGIA S.L.,100,GENERACION,ZONA ESPAÑOLA,RE Mercado Solar Fotovoltáica,100.0
56,462.093,IGVD230,UOF PSF BARRANQUILLA,IGNIS ENERGIA S.L.,100,GENERACION,ZONA ESPAÑOLA,RE Mercado Solar Fotovoltáica,100.0
56,469.333,IGVD231,PARQUE EOLICO CERNEGULA,IGNIS ENERGIA S.L.,100,GENERACION,ZONA ESPAÑOLA,RE Mercado Eólica,100.0
56,476.653,IGVD232,PSF VALLE DEL SOL,IGNIS ENERGIA S.L.,100,GENERACION,ZONA ESPAÑOLA,RE Mercado Solar Fotovoltáica,100.0
56,483.973,IGVD233,UOF ALMANSOL,IGNIS ENERGIA S.L.,100,GENERACION,ZONA ESPAÑOLA,RE Mercado Solar Fotovoltáica,100.0
56,491.293,IGVD234,UOF TABERNAS,IGNIS ENERGIA S.L.,100,GENERACION,ZONA ESPAÑOLA,RE Mercado Solar Fotovoltáica,100.0
56,498.613,IGVD235,UOF CASTAÑO SOLAR,IGNIS ENERGIA S.L.,100,GENERACION,ZONA ESPAÑOLA,RE Mercado Solar Fotovoltáica,100.0
56,505.933,IGVD236,UOF SERBAL SOLAR,IGNIS ENERGIA S.L.,100,GENERACION,ZONA ESPAÑOLA,RE Mercado Solar Fotovoltáica,100.0
56,513.253,IGVD237,SALINETES II,IGNIS ENERGIA S.L.,100,GENERACION,ZONA ESPAÑOLA,RE Mercado Solar Fotovoltáica,100.0
56,520.573,IGVD238,REBENTO,IGNIS ENERGIA S.L.,100,GENERACION,ZONA ESPAÑOLA,RE Mercado Solar Fotovoltáica,100.0
56,527.893,IGVD239,UOFPATO,IGNIS ENERGIA S.L.,100,GENERACION,ZONA ESPAÑOLA,RE Mercado Solar Fotovoltáica,100.0
56,535.213,IGVD240,UOFBAOB,IGNIS ENERGIA S.L.,100,GENERACION,ZONA ESPAÑOLA,RE Mercado Solar Fotovoltáica,100.0
56,542.533,IGVD241,UOFCOV2,IGNIS ENERGIA S.L.,100,GENERACION,ZONA ESPAÑOLA,RE Mercado Solar Fotovoltáica,100.0
56,549.853,IGVD242,UOFCOV3,IGNIS ENERGIA S.L.,100,GENERACION,ZONA ESPAÑOLA,RE Mercado Solar Fotovoltáica,100.0
56,557.173,IGVD243,UOFCOV4,IGNIS ENERGIA S.L.,100,GENERACION,ZONA ESPAÑOLA,RE Mercado Solar Fotovoltáica,100.0
57,141.133,IGVD244,UOF GAZULES I,IGNIS ENERGIA S.L.,100,GENERACION,ZONA ESPAÑOLA,RE Mercado Solar Fotovoltáica,100.0
57,148.453,IGVD245,UOF GAZULES II,IGNIS ENERGIA S.L.,100,GENERACION,ZONA ESPAÑOLA,RE Mercado Solar Fotovoltáica,100.0
57,155.773,IGVD246,PE SOLIEDRA,IGNIS ENERGIA S.L.,100,GENERACION,ZONA ESPAÑOLA,RE Mercado Eólica,100.0
57,163.093,IGVD247,PS TORRUBIA,IGNIS ENERGIA S.L.,100,GENERACION,ZONA ESPAÑOLA,RE Mercado Solar Fotovoltáica,100.0
57,170.413,IGVD248,PEPINO 3,IGNIS ENERGIA S.L.,100,GENERACION,ZONA ESPAÑOLA,RE Mercado Solar Fotovoltáica,100.0
57,177.733,IGVD249,EMBUTIDOS RODRIGUEZ,IGNIS ENERGIA S.L.,100,GENERACION,ZONA ESPAÑOLA,RE Mercado Térmica no,100.0
57,191.173,IGVD250,RENOPOOL,IGNIS ENERGIA S.L.,100,GENERACION,ZONA ESPAÑOLA,RE Mercado Solar Fotovoltáica,100.0
57,198.493,IGVD251,FV ERESMA SOLAR,IGNIS ENERGIA S.L.,100,GENERACION,ZONA ESPAÑOLA,RE Mercado Solar Fotovoltáica,100.0
57,205.813,IGVD252,CS BADAJOZ 2,IGNIS ENERGIA S.L.,100,GENERACION,ZONA ESPAÑOLA,RE Mercado Solar Fotovoltáica,100.0
57,213.133,IGVD253,CS BADAJOZ 4,IGNIS ENERGIA S.L.,100,GENERACION,ZONA ESPAÑOLA,RE Mercado Solar Fotovoltáica,100.0
57,220.453,IGVD254,GERENA II,IGNIS ENERGIA S.L.,100,GENERACION,ZONA ESPAÑOLA,RE Mercado Solar Fotovoltáica,100.0
57,227.773,IGVD255,UOF CHAMORRO,IGNIS ENERGIA S.L.,100,GENERACION,ZONA ESPAÑOLA,RE Mercado Solar Fotovoltáica,100.0
57,235.093,IGVD256,PFV LA GUARDIA,IGNIS ENERGIA S.L.,100,GENERACION,ZONA ESPAÑOLA,RE Mercado Solar Fotovoltáica,100.0
57,242.413,IGVD257,UOF TORRIJOS RJE,IGNIS ENERGIA S.L.,100,GENERACION,ZONA ESPAÑOLA,RE Mercado Solar Fotovoltáica,100.0
57,249.733,IGVD258,UOF SOCOVOS,IGNIS ENERGIA S.L.,100,GENERACION,ZONA ESPAÑOLA,RE Mercado Solar Fotovoltáica,100.0
57,257.093,IGVD259,UOF ALCALA GUADAIRA 1,IGNIS ENERGIA S.L.,100,GENERACION,ZONA ESPAÑOLA,RE Mercado Solar Fotovoltáica,100.0
57,264.373,IGVD260,UOF ALCALA GUADAIRA 2,IGNIS ENERGIA S.L.,100,GENERACION,ZONA ESPAÑOLA,RE Mercado Solar Fotovoltáica,100.0
57,271.693,IGVD261,UOF FV ALMENDRO SOLAR,IGNIS ENERGIA S.L.,100,GENERACION,ZONA ESPAÑOLA,RE Mercado Solar Fotovoltáica,100.0
57,279.093,IGVD262,UOF RETAMA SOLAR,IGNIS ENERGIA S.L.,100,GENERACION,ZONA ESPAÑOLA,RE Mercado Solar Fotovoltáica,100.0
57,286.333,IGVD263,UOF KENIA 1,IGNIS ENERGIA S.L.,100,GENERACION,ZONA ESPAÑOLA,RE Mercado Solar Fotovoltáica,100.0
57,293.653,IGVD264,UOF KENIA 2,IGNIS ENERGIA S.L.,100,GENERACION,ZONA ESPAÑOLA,RE Mercado Solar Fotovoltáica,100.0
57,300.973,IGVD265,UOF KENIA 3,IGNIS ENERGIA S.L.,100,GENERACION,ZONA ESPAÑOLA,RE Mercado Solar Fotovoltáica,100.0
57,308.293,IGVD266,UOF KENIA 4,IGNIS ENERGIA S.L.,100,GENERACION,ZONA ESPAÑOLA,RE Mercado Solar Fotovoltáica,100.0
57,315.613,IGVD267,UOF ADELFA SOLAR,IGNIS ENERGIA S.L.,100,GENERACION,ZONA ESPAÑOLA,RE Mercado Solar Fotovoltáica,100.0
57,322.933,IGVD268,EBRO HIBRIDADA,IGNIS ENERGIA S.L.,100,GENERACION,ZONA ESPAÑOLA,Híbrida Renovable,100.0
57,330.253,IGVD269,UOF CS BADAJOZ 1,IGNIS ENERGIA S.L.,100,GENERACION,ZONA ESPAÑOLA,RE Mercado Solar Fotovoltáica,100.0
57,337.573,IGVD270,UOF CS BADAJOZ 6,IGNIS ENERGIA S.L.,100,GENERACION,ZONA ESPAÑOLA,RE Mercado Solar Fotovoltáica,100.0
57,344.893,IGVD271,UOF BADAJOZ 3,IGNIS ENERGIA S.L.,100,GENERACION,ZONA ESPAÑOLA,RE Mercado Solar Fotovoltáica,100.0
57,352.213,IGVD272,UOF BADAJOZ 5,IGNIS ENERGIA S.L.,100,GENERACION,ZONA ESPAÑOLA,RE Mercado Solar Fotovoltáica,100.0
57,359.533,IGVD273,UOF XALLAS III,IGNIS ENERGIA S.L.,100,GENERACION,ZONA ESPAÑOLA,RE Mercado Hidráulica,100.0
57,366.853,IGVD274,FV ELAWAN ESCATRON I,IGNIS ENERGIA S.L.,100,GENERACION,ZONA ESPAÑOLA,RE Mercado Solar Fotovoltáica,100.0
57,374.173,IGVD275,FV ELAWAN ESCATRON II,IGNIS ENERGIA S.L.,100,GENERACION,ZONA ESPAÑOLA,RE Mercado Solar Fotovoltáica,100.0
57,381.493,IGVD276,FV ELAWAN ESCATRON III,IGNIS ENERGIA S.L.,100,GENERACION,ZONA ESPAÑOLA,RE Mercado Solar Fotovoltáica,100.0
57,388.813,IGVD277,UOF RUEDA 3,IGNIS ENERGIA S.L.,100,GENERACION,ZONA ESPAÑOLA,RE Mercado Eólica,100.0
57,396.133,IGVD278,UOF RUEDA SOLAR 1,IGNIS ENERGIA S.L.,100,GENERACION,ZONA ESPAÑOLA,RE Mercado Solar Fotovoltáica,100.0
57,403.453,IGVD279,UOF RUEDA SOLAR 2,IGNIS ENERGIA S.L.,100,GENERACION,ZONA ESPAÑOLA,RE Mercado Solar Fotovoltáica,100.0
57,410.773,IGVD280,UOF SALGUERO,IGNIS ENERGIA S.L.,100,GENERACION,ZONA ESPAÑOLA,RE Mercado Eólica,100.0
57,418.093,IGVD281,UOF MONTE BECERRIL,IGNIS ENERGIA S.L.,100,GENERACION,ZONA ESPAÑOLA,RE Mercado Eólica,100.0
57,425.413,IGVD282,UOF BALUARTE,IGNIS ENERGIA S.L.,100,GENERACION,ZONA ESPAÑOLA,RE Mercado Solar Fotovoltáica,100.0
57,432.733,IGVD283,UOF BOMBARDA,IGNIS ENERGIA S.L.,100,GENERACION,ZONA ESPAÑOLA,RE Mercado Solar Fotovoltáica,100.0
57,440.093,IGVD284,UOF PE MIRAVETE,IGNIS ENERGIA S.L.,100,GENERACION,ZONA ESPAÑOLA,RE Mercado Eólica,100.0
57,447.373,IGVD285,UOF CARBESO SOLAR,IGNIS ENERGIA S.L.,100,GENERACION,ZONA ESPAÑOLA,RE Mercado Solar Fotovoltáica,100.0
57,454.693,IGVD286,UOF CRUZ DE LOS CAMINOS,IGNIS ENERGIA S.L.,100,GENERACION,ZONA ESPAÑOLA,RE Mercado Solar Fotovoltáica,100.0
57,462.093,IGVD287,UOF PIEDRA DE LA SAL,IGNIS ENERGIA S.L.,100,GENERACION,ZONA ESPAÑOLA,RE Mercado Solar Fotovoltáica,100.0
57,469.333,IGVD288,UOF CASILLA SOLAR,IGNIS ENERGIA S.L.,100,GENERACION,ZONA ESPAÑOLA,RE Mercado Solar Fotovoltáica,100.0
57,476.653,IGVD289,UOF PIZANA SOLAR,IGNIS ENERGIA S.L.,100,GENERACION,ZONA ESPAÑOLA,RE Mercado Solar Fotovoltáica,100.0
57,483.973,IGVD290,UOF JILGUERO SOLAR,IGNIS ENERGIA S.L.,100,GENERACION,ZONA ESPAÑOLA,RE Mercado Solar Fotovoltáica,100.0
57,491.293,IGVD291,UOF RASCON SOLAR,IGNIS ENERGIA S.L.,100,GENERACION,ZONA ESPAÑOLA,RE Mercado Solar Fotovoltáica,100.0
57,498.613,IGVD292,UOF LA DEHESA,IGNIS ENERGIA S.L.,100,GENERACION,ZONA ESPAÑOLA,RE Mercado Solar Térmica,100.0
57,505.933,IGVD293,UOF RUEDA WIND 1,IGNIS ENERGIA S.L.,100,GENERACION,ZONA ESPAÑOLA,RE Mercado Eólica,100.0
57,513.253,IGVD294,UOF RUEDA WIND 2,IGNIS ENERGIA S.L.,100,GENERACION,ZONA ESPAÑOLA,RE Mercado Eólica,100.0
57,520.573,IGVD295,UOF JEREZ 2020,IGNIS ENERGIA S.L.,100,GENERACION,ZONA ESPAÑOLA,RE Mercado Solar Fotovoltáica,100.0
57,527.893,IGVD296,UOF ALCONCHEL 2020.2,IGNIS ENERGIA S.L.,100,GENERACION,ZONA ESPAÑOLA,RE Mercado Solar Fotovoltáica,100.0
57,535.213,IGVD297,ALCONCHEL 2020,IGNIS ENERGIA S.L.,100,GENERACION,ZONA ESPAÑOLA,RE Mercado Solar Fotovoltáica,100.0
57,542.533,IGVD298,UOF ALCONCHEL 2021,IGNIS ENERGIA S.L.,100,GENERACION,ZONA ESPAÑOLA,RE Mercado Solar Fotovoltáica,100.0
57,549.853,IGVD299,UOF XALLAS IV,IGNIS ENERGIA S.L.,100,GENERACION,ZONA ESPAÑOLA,RE Mercado Hidráulica,100.0
57,557.173,IGVD300,UOF EBRO CT,IGNIS ENERGIA S.L.,100,GENERACION,ZONA ESPAÑOLA,RE Mercado Eólica,100.0
58,141.133,IGVD301,UOF POLACRA SOLAR 2,IGNIS ENERGIA S.L.,100,GENERACION,ZONA ESPAÑOLA,RE Mercado Solar Fotovoltáica,100.0
58,148.453,IGVD302,UOF EL AGUILA,IGNIS ENERGIA S.L.,100,GENERACION,ZONA ESPAÑOLA,RE Mercado Solar Fotovoltáica,100.0
58,155.773,IGVD303,UOF CHAMBO,IGNIS ENERGIA S.L.,100,GENERACION,ZONA ESPAÑOLA,RE Mercado Solar Fotovoltáica,100.0
58,163.093,IGVD304,UOF EIDEN,IGNIS ENERGIA S.L.,100,GENERACION,ZONA ESPAÑOLA,RE Mercado Solar Fotovoltáica,100.0
58,170.413,IGVD305,UOF MAMBAR,IGNIS ENERGIA S.L.,100,GENERACION,ZONA ESPAÑOLA,RE Mercado Solar Fotovoltáica,100.0
58,177.733,IGVD306,UOF TORRIJOS NOVES SUR,IGNIS ENERGIA S.L.,100,GENERACION,ZONA ESPAÑOLA,RE Mercado Solar Fotovoltáica,100.0
58,185.093,IGVD307,UOF TORRIJOS NOVES NORTE,IGNIS ENERGIA S.L.,100,GENERACION,ZONA ESPAÑOLA,RE Mercado Solar Fotovoltáica,100.0
58,192.373,IGVD309,UOF LOS ALCAZARES I,IGNIS ENERGIA S.L.,100,GENERACION,ZONA ESPAÑOLA,RE Mercado Solar Fotovoltáica,100.0
58,199.693,IGVD310,UOF LAS TORRES DE COTILLAS II,IGNIS ENERGIA S.L.,100,GENERACION,ZONA ESPAÑOLA,RE Mercado Solar Fotovoltáica,100.0
58,207.093,IGVD311,UOF LA PEDRAJA I,IGNIS ENERGIA S.L.,100,GENERACION,ZONA ESPAÑOLA,RE Mercado Solar Fotovoltáica,100.0
58,214.333,IGVD312,UOF LAS YESERAS,IGNIS ENERGIA S.L.,100,GENERACION,ZONA ESPAÑOLA,RE Mercado Solar Fotovoltáica,100.0
58,221.653,IM3RE01,IM3RE01,IM3 ENERGIA SL,100,GENERACION,ZONA ESPAÑOLA,RE Mercado Solar Fotovoltáica,100.0
58,228.973,IM3RE02,IM3RE02,IM3 ENERGIA SL,100,GENERACION,ZONA ESPAÑOLA,RE Mercado Solar Fotovoltáica,100.0
58,236.293,INATV02,UNIDAD DE VENTA,"INATLANTI, LDA",100,GENERACION,ZONA PORTUGUESA,RE Tarifa CUR (uof),100.0
58,243.613,INERE01,INERE01,INER ENERGIA CASTILLA LA MANCHA SL,100,GENERACION,ZONA ESPAÑOLA,RE Mercado Solar Fotovoltáica,100.0
58,250.933,INTRE01,RE HIDRAULICA TTR,DUFERCO IBERIA SL,100,GENERACION,ZONA ESPAÑOLA,RE Mercado Hidráulica,100.0
58,258.253,INTRE02,INTRA FV >1MW,DUFERCO IBERIA SL,100,GENERACION,ZONA ESPAÑOLA,RE Mercado Solar Fotovoltáica,100.0
58,265.573,INTRE03,HIDRO ASTURIAS ALTANO,DUFERCO IBERIA SL,100,GENERACION,ZONA ESPAÑOLA,RE Mercado Hidráulica,100.0
58,272.893,INTRE04,HIDRO CUENCA ALTANO,DUFERCO IBERIA SL,100,GENERACION,ZONA ESPAÑOLA,RE Mercado Hidráulica,100.0
58,280.213,INTRE05,FV RIOSEQUINO ALTANO,DUFERCO IBERIA SL,100,GENERACION,ZONA ESPAÑOLA,RE Mercado Solar Fotovoltáica,100.0
58,287.533,INTVD01,INTRA01,DUFERCO IBERIA SL,100,GENERACION,ZONA ESPAÑOLA,RE Mercado Hidráulica,100.0
58,294.853,INTVD02,INTRA FV <1MW,DUFERCO IBERIA SL,100,GENERACION,ZONA ESPAÑOLA,RE Mercado Solar Fotovoltáica,100.0
58,302.173,IPG,C.H. IP GENERACION,"ENDESA GENERACIÓN, S.A.",100,GENERACION,ZONA ESPAÑOLA,Hidráulica de Bombeo Puro,100.0
58,309.493,ISMRE02,REPRESENTACION MAYA,INGEBAU SOLUCIONES DE MEDIDA SL,100,GENERACION,ZONA ESPAÑOLA,RE Mercado Solar Fotovoltáica,100.0
58,316.813,ISMRE03,REPRESENTACION MAZARRON,INGEBAU SOLUCIONES DE MEDIDA SL,100,GENERACION,ZONA ESPAÑOLA,RE Mercado Solar Fotovoltáica,100.0
58,324.133,ISMRE04,REPRESENTACIÓN PEÑAS,INGEBAU SOLUCIONES DE MEDIDA SL,100,GENERACION,ZONA ESPAÑOLA,RE Mercado Solar Fotovoltáica,100.0
58,331.453,ISMRE05,REPRESENTACIÓN PINOSO,INGEBAU SOLUCIONES DE MEDIDA SL,100,GENERACION,ZONA ESPAÑOLA,RE Mercado Solar Fotovoltáica,100.0
58,338.773,ITUVD01,PRADILLO,ITURBEGI S.L.,100,GENERACION,ZONA ESPAÑOLA,RE Mercado Hidráulica,100.0
58,346.093,ITUVD02,GURREA,ITURBEGI S.L.,100,GENERACION,ZONA ESPAÑOLA,RE Mercado Hidráulica,100.0
58,353.413,JAFPV02,JAFPLUS_AGR,JAF PLUS LDA,100,GENERACION,ZONA PORTUGUESA,RE Tarifa CUR (uof),100.0
58,360.733,JUCA,UGH. JUCAR,IBERDROLA ENERGÍA ESPAÑA S..A.,100,GENERACION,ZONA ESPAÑOLA,Hidráulica Generación,100.0
58,368.093,LAN1,LAN1,GNERA ENERGIA Y TECNOLOGIA,100,GENERACION,ZONA ESPAÑOLA,Hidráulica Generación,100.0
58,375.373,LAN2,LAN2,GNERA ENERGIA Y TECNOLOGIA,100,GENERACION,ZONA ESPAÑOLA,Hidráulica Generación,100.0
58,382.693,LARES1,C.C. LARES 1,EDP GEM PORTUGAL S.A.,100,GENERACION,ZONA PORTUGUESA,Ciclo Combinado,100.0
58,390.093,LARES2,C.C. LARES 2,EDP GEM PORTUGAL S.A.,100,GENERACION,ZONA PORTUGUESA,Ciclo Combinado,100.0
58,397.333,LAUEVD0,COGENERACION,"LA UNIÓN ELECTRO INDUSTRIAL, S.L.U.",100,GENERACION,ZONA ESPAÑOLA,RE Mercado Térmica no,100.0
58,410.773,LAUEVD2,REPRES. INSTALACIONES >15 KW,"LA UNIÓN ELECTRO INDUSTRIAL, S.L.U.",100,GENERACION,ZONA ESPAÑOLA,RE Mercado Solar Fotovoltáica,100.0
58,418.093,LAUEVD5,REPRES. INSTALACIONES >1MW,"LA UNIÓN ELECTRO INDUSTRIAL, S.L.U.",100,GENERACION,ZONA ESPAÑOLA,RE Mercado Solar Fotovoltáica,100.0
58,425.413,LAUEVD6,LAUEVD6,"LA UNIÓN ELECTRO INDUSTRIAL, S.L.U.",100,GENERACION,ZONA ESPAÑOLA,RE Mercado Hidráulica,100.0
58,432.733,LAURE01,PSFV-EL CAMPILLO,"LA UNIÓN ELECTRO INDUSTRIAL, S.L.U.",100,GENERACION,ZONA ESPAÑOLA,RE Mercado Solar Fotovoltáica,100.0
58,440.093,LAURE02,PSF-EL TOLL,"LA UNIÓN ELECTRO INDUSTRIAL, S.L.U.",100,GENERACION,ZONA ESPAÑOLA,RE Mercado Solar Fotovoltáica,100.0
58,447.373,LBAT,LOS BATANEJOS,WIND TO MARKET (ACT.: COMERCIALIZACIÓN RE),100,GENERACION,ZONA ESPAÑOLA,Hidráulica Generación,100.0
58,454.693,LEZIV02,PLANTA FOTOVOLTAICA CERCA,EDP GEM PORTUGAL S.A.,100,GENERACION,ZONA PORTUGUESA,RE Tarifa CUR (uof),100.0
58,462.093,LIDVD01,LIDVD01,"GREENING SMART ENERGY, SL",100,GENERACION,ZONA ESPAÑOLA,RE Mercado Solar Fotovoltáica,100.0
58,469.333,LIDVD02,LIDVD02,"GREENING SMART ENERGY, SL",100,GENERACION,ZONA ESPAÑOLA,RE Mercado Solar Fotovoltáica,100.0
58,476.653,LIDVD03,LIDVD03,"GREENING SMART ENERGY, SL",100,GENERACION,ZONA ESPAÑOLA,RE Mercado Solar Fotovoltáica,100.0
58,483.973,LIDVD04,LIDVD04,"GREENING SMART ENERGY, SL",100,GENERACION,ZONA ESPAÑOLA,RE Mercado Solar Fotovoltáica,100.0
58,491.293,LLO1,LA LOSA 1,WIND TO MARKET (ACT.: COMERCIALIZACIÓN RE),100,GENERACION,ZONA ESPAÑOLA,Hidráulica Generación,100.0
58,498.613,LLO2,LA LOSA 2,WIND TO MARKET (ACT.: COMERCIALIZACIÓN RE),100,GENERACION,ZONA ESPAÑOLA,Hidráulica Generación,100.0
58,505.933,LLO3,LA LOSA 3,WIND TO MARKET (ACT.: COMERCIALIZACIÓN RE),100,GENERACION,ZONA ESPAÑOLA,Hidráulica Generación,100.0
58,513.253,LMA1,LA MANCHEGA,WIND TO MARKET (ACT.: COMERCIALIZACIÓN RE),100,GENERACION,ZONA ESPAÑOLA,Hidráulica Generación,100.0
58,520.573,LMEJUCA,MINIHIDRAULICA JUCA,"LONJAS TECNOLOGÍA, S.A.",100,GENERACION,ZONA ESPAÑOLA,Hidráulica Generación,100.0
58,527.893,LMERVD1,VENTA EXCED. AUTOPROD. LMER,"LONJAS TECNOLOGÍA, S.A.",100,GENERACION,ZONA ESPAÑOLA,RE Mercado Térmica no,100.0
58,541.333,LMERVD2,FYLMER-FOTOV,"LONJAS TECNOLOGÍA, S.A.",100,GENERACION,ZONA ESPAÑOLA,RE Mercado Solar Fotovoltáica,100.0
58,548.653,LMERVD3,POLO HERMANOS,"LONJAS TECNOLOGÍA, S.A.",100,GENERACION,ZONA ESPAÑOLA,RE Mercado Térmica no,100.0
58,562.093,LMERVD6,BIOCOMPOST,"LONJAS TECNOLOGÍA, S.A.",100,GENERACION,ZONA ESPAÑOLA,RE Mercado Térmica Renovable,100.0
59,141.133,LMERVD7,CG ARGAL MIRALCAMP,"LONJAS TECNOLOGÍA, S.A.",100,GENERACION,ZONA ESPAÑOLA,RE Mercado Térmica no,100.0
59,154.573,LMEVD10,CMILLAS,"LONJAS TECNOLOGÍA, S.A.",100,GENERACION,ZONA ESPAÑOLA,RE Mercado Térmica no,100.0
59,168.093,LMEVD11,MILLAS II,"LONJAS TECNOLOGÍA, S.A.",100,GENERACION,ZONA ESPAÑOLA,RE Mercado Térmica no,100.0
59,181.453,LMEVD13,ESLA,"LONJAS TECNOLOGÍA, S.A.",100,GENERACION,ZONA ESPAÑOLA,RE Mercado Térmica no,100.0
59,194.893,LMEVD14,PARC DE ALBA,"LONJAS TECNOLOGÍA, S.A.",100,GENERACION,ZONA ESPAÑOLA,RE Mercado Térmica no,100.0
59,208.333,LMEVD15,ESCANDELLA,"LONJAS TECNOLOGÍA, S.A.",100,GENERACION,ZONA ESPAÑOLA,RE Mercado Térmica no,100.0
59,221.773,LMEVD17,VERTEDEROS RESUDIOS S.A,"LONJAS TECNOLOGÍA, S.A.",100,GENERACION,ZONA ESPAÑOLA,RE Mercado Térmica Renovable,100.0
59,229.093,LMEVD18,GAS RESIDUOS,"LONJAS TECNOLOGÍA, S.A.",100,GENERACION,ZONA ESPAÑOLA,RE Mercado Térmica Renovable,100.0
59,236.413,LMEVD23,PUERTO BLANCO,"LONJAS TECNOLOGÍA, S.A.",100,GENERACION,ZONA ESPAÑOLA,RE Mercado Térmica no,100.0
59,249.853,LMEVD25,RIOANTIGUO,"LONJAS TECNOLOGÍA, S.A.",100,GENERACION,ZONA ESPAÑOLA,RE Mercado Hidráulica,100.0
59,257.173,LMEVD26,SANCHEZ ROMERO,"LONJAS TECNOLOGÍA, S.A.",100,GENERACION,ZONA ESPAÑOLA,RE Mercado Térmica no,100.0
59,270.613,LMEVD27,HIBFUTUCER,"LONJAS TECNOLOGÍA, S.A.",100,GENERACION,ZONA ESPAÑOLA,Híbrida Renov.-Térmica,100.0
59,277.933,LMEVD28,HIBHELIOS,"LONJAS TECNOLOGÍA, S.A.",100,GENERACION,ZONA ESPAÑOLA,RE Mercado Térmica no,100.0
59,291.373,LMEVD29,HIB-IBERFRUTA,"LONJAS TECNOLOGÍA, S.A.",100,GENERACION,ZONA ESPAÑOLA,RE Mercado Térmica no,100.0
59,304.813,LMEVD30,HIB-COMA,"LONJAS TECNOLOGÍA, S.A.",100,GENERACION,ZONA ESPAÑOLA,Híbrida Renovable,100.0
59,312.133,LMEVD31,FVTERMOAR,"LONJAS TECNOLOGÍA, S.A.",100,GENERACION,ZONA ESPAÑOLA,RE Mercado Solar Fotovoltáica,100.0
59,319.453,LMEVD32,SENORIOS,"LONJAS TECNOLOGÍA, S.A.",100,GENERACION,ZONA ESPAÑOLA,RE Mercado Térmica no,100.0
59,332.893,LMEVD33,QUALICAPS,"LONJAS TECNOLOGÍA, S.A.",100,GENERACION,ZONA ESPAÑOLA,RE Mercado Térmica no,100.0
59,346.333,LMEVD34,HIBBEBE,"LONJAS TECNOLOGÍA, S.A.",100,GENERACION,ZONA ESPAÑOLA,Híbrida Renovable,100.0
59,353.653,LMM1,LA MARMOTA 1,WIND TO MARKET (ACT.: COMERCIALIZACIÓN RE),100,GENERACION,ZONA ESPAÑOLA,Hidráulica Generación,100.0
59,360.973,LMM2,LA MARMOTA 2,WIND TO MARKET (ACT.: COMERCIALIZACIÓN RE),100,GENERACION,ZONA ESPAÑOLA,Hidráulica Generación,100.0
59,368.293,LMPM001,RE PMERCADO 1,"LONJAS TECNOLOGÍA, S.A.",100,GENERACION,ZONA ESPAÑOLA,RE Mercado Térmica Renovable,100.0
59,375.613,LMRE001,LONJAS MERCADOS AG. VEND. 1,"LONJAS TECNOLOGÍA, S.A.",100,GENERACION,ZONA ESPAÑOLA,RE Mercado Solar Fotovoltáica,100.0
59,382.933,LMRE003,ESTEVE,"LONJAS TECNOLOGÍA, S.A.",100,GENERACION,ZONA ESPAÑOLA,RE Mercado Térmica no,100.0
59,396.373,LMRE005,FVRIOJA,"LONJAS TECNOLOGÍA, S.A.",100,GENERACION,ZONA ESPAÑOLA,RE Mercado Solar Fotovoltáica,100.0
59,403.693,LNU1,LOS NUEVOS 1,WIND TO MARKET (ACT.: COMERCIALIZACIÓN RE),100,GENERACION,ZONA ESPAÑOLA,Hidráulica Generación,100.0
59,411.093,LNU2,LOS NUEVOS 2,WIND TO MARKET (ACT.: COMERCIALIZACIÓN RE),100,GENERACION,ZONA ESPAÑOLA,Hidráulica Generación,100.0
59,418.333,LOGIV02,LOGICA VENDA,"LOGICA ENERGY, LDA",100,GENERACION,ZONA PORTUGUESA,RE Tarifa CUR (uof),100.0
59,425.653,LORC,LORCHA,WIND TO MARKET (ACT.: COMERCIALIZACIÓN RE),100,GENERACION,ZONA ESPAÑOLA,Hidráulica Generación,100.0
59,432.973,LUMRE01,LUMRE01,HIDROELÉCTRICA LUMYMEY,100,GENERACION,ZONA ESPAÑOLA,RE Mercado Solar Fotovoltáica,100.0
59,440.293,LUSIV02,LUSIV02,LUSIADAENERGIA S.A,100,GENERACION,ZONA PORTUGUESA,RE Tarifa CUR (uof),100.0
59,447.613,LUZBV02,UOF GENERACION,LUZBOA-COMERCIALIZAÇAO DE ENERGIA LDA,100,GENERACION,ZONA PORTUGUESA,RE Tarifa CUR (uof),100.0
59,454.933,MALA1,C.C. MÁLAGA 1,GAS NATURAL COMERCIALIZADORA,100,GENERACION,ZONA ESPAÑOLA,Ciclo Combinado,100.0
59,462.253,MASRE01,MASIRP01,INTELIGENCIA PARA EL AHORRO ENERGETICO S.L.,100,GENERACION,ZONA ESPAÑOLA,RE Mercado Solar Fotovoltáica,100.0
59,469.573,MAZVD01,UNIDAD OFERTA GENERICA FV,MAZE ENERGY SLU,100,GENERACION,ZONA ESPAÑOLA,RE Mercado Solar Fotovoltáica,100.0
59,476.893,METRE01,VENTA RENOVABLE,"MET ENERGIA ESPANA, S.A.",100,GENERACION,ZONA ESPAÑOLA,RE Mercado Solar Fotovoltáica,100.0
59,484.213,METRE02,FV PR3,"MET ENERGIA ESPANA, S.A.",100,GENERACION,ZONA ESPAÑOLA,RE Mercado Solar Fotovoltáica,100.0
59,491.533,METRE03,FV SAN JORGE,"MET ENERGIA ESPANA, S.A.",100,GENERACION,ZONA ESPAÑOLA,RE Mercado Solar Fotovoltáica,100.0
59,498.853,METRE04,FV LA PALMA,"MET ENERGIA ESPANA, S.A.",100,GENERACION,ZONA ESPAÑOLA,RE Mercado Solar Fotovoltáica,100.0
59,506.173,METRE05,FV PEDREGAL,"MET ENERGIA ESPANA, S.A.",100,GENERACION,ZONA ESPAÑOLA,RE Mercado Solar Fotovoltáica,100.0
59,513.493,METRE06,FV ROCIO,"MET ENERGIA ESPANA, S.A.",100,GENERACION,ZONA ESPAÑOLA,RE Mercado Solar Fotovoltáica,100.0
59,520.813,METRE07,FV LA HERRERA,"MET ENERGIA ESPANA, S.A.",100,GENERACION,ZONA ESPAÑOLA,RE Mercado Solar Fotovoltáica,100.0
59,528.133,METRE08,FV PEÑAFLOR,"MET ENERGIA ESPANA, S.A.",100,GENERACION,ZONA ESPAÑOLA,RE Mercado Solar Fotovoltáica,100.0
59,535.453,METRE09,MUTXAMEL,"MET ENERGIA ESPANA, S.A.",100,GENERACION,ZONA ESPAÑOLA,RE Mercado Solar Fotovoltáica,100.0
59,542.773,METRE10,UFSALADAS,"MET ENERGIA ESPANA, S.A.",100,GENERACION,ZONA ESPAÑOLA,RE Mercado Solar Fotovoltáica,100.0
59,550.093,METRE11,UF PERLETA I,"MET ENERGIA ESPANA, S.A.",100,GENERACION,ZONA ESPAÑOLA,RE Mercado Solar Fotovoltáica,100.0
59,557.413,METRE12,UF PERLETA II,"MET ENERGIA ESPANA, S.A.",100,GENERACION,ZONA ESPAÑOLA,RE Mercado Solar Fotovoltáica,100.0
60,141.133,MHLRMER,HYDRO MHLR,ASISTENCIA ENERGÉTICA S.L.,100,GENERACION,ZONA ESPAÑOLA,Hidráulica Generación,100.0
60,148.453,MLTG,C.H. MORALETS GENERACION,"ENDESA GENERACIÓN, S.A.",100,GENERACION,ZONA ESPAÑOLA,Hidráulica de Bombeo Puro,100.0
60,155.773,MOLIVIR,C.H. MOLINO VIEJO,"ELÉCTRICA ANTONIO MADRID, S.L.",100,GENERACION,ZONA ESPAÑOLA,Hidráulica Generación,100.0
60,163.093,MONDEGO,AREA DO MONDEGO,EDP GEM PORTUGAL S.A.,100,GENERACION,ZONA PORTUGUESA,Hidráulica Generación,100.0
60,170.413,MOREL1R,MORELA 1 - RO,NEXUS ENERGÍA (ACT. COMERCIALIZACIÓN RE),100,GENERACION,ZONA ESPAÑOLA,RE Mercado Térmica no,100.0
60,183.853,MOREL2R,MORELA2-RO,NEXUS ENERGÍA (ACT. COMERCIALIZACIÓN RE),100,GENERACION,ZONA ESPAÑOLA,RE Mercado Térmica no,100.0
60,197.293,MUEL,C.H. LA MUELA TURBINACION,IBERDROLA ENERGÍA ESPAÑA S..A.,100,GENERACION,ZONA ESPAÑOLA,Hidráulica de Bombeo Puro,100.0
60,204.613,MUONV02,MUON VENDA,"MUON ELECTRIC, LDA.",100,GENERACION,ZONA PORTUGUESA,RE Tarifa CUR (uof),100.0
60,211.933,MYERE01,MYENERGIA V,MY ENERGIA ONER S.L.,100,GENERACION,ZONA ESPAÑOLA,RE Mercado Solar Fotovoltáica,100.0
60,219.253,MYERE02,U. OFERTA DE COMPRA MY ENERGIA,MY ENERGIA ONER S.L.,100,GENERACION,ZONA ESPAÑOLA,RE Mercado Solar Fotovoltáica,100.0
60,226.573,NCEVD01,REPRESENTACION FOTOVOLTAICA,"NUEVA COMERCIALIZADORA ESPAÑOLA, S.L.",100,GENERACION,ZONA ESPAÑOLA,RE Mercado Solar Fotovoltáica,100.0
60,233.893,NETRE01,UOF SIC12,NOVA ENERGIA TRADING SL,100,GENERACION,ZONA ESPAÑOLA,RE Mercado Solar Fotovoltáica,100.0
60,241.213,NETRE02,REPRESENTACIO PBEJAR,NOVA ENERGIA TRADING SL,100,GENERACION,ZONA ESPAÑOLA,RE Mercado Solar Fotovoltáica,100.0
60,248.533,NETRE03,REPRESENTACIO SIC5,NOVA ENERGIA TRADING SL,100,GENERACION,ZONA ESPAÑOLA,RE Mercado Solar Fotovoltáica,100.0
60,255.853,NETRE04,ENERVALL2,NOVA ENERGIA TRADING SL,100,GENERACION,ZONA ESPAÑOLA,RE Mercado Solar Fotovoltáica,100.0
60,263.173,NETRE05,REP GRANJERA,NOVA ENERGIA TRADING SL,100,GENERACION,ZONA ESPAÑOLA,RE Mercado Solar Fotovoltáica,100.0
60,270.493,NEXVD03,VENTA SOLAR,NEXUS ENERGÍA (ACT. COMERCIALIZACIÓN RE),100,GENERACION,ZONA ESPAÑOLA,RE Mercado Solar Fotovoltáica,100.0
60,277.813,NEXVD05,VENTA HIDRAUL,NEXUS ENERGÍA (ACT. COMERCIALIZACIÓN RE),100,GENERACION,ZONA ESPAÑOLA,RE Mercado Hidráulica,100.0
60,285.133,NEXVD07,VENTA TERMIC,NEXUS ENERGÍA (ACT. COMERCIALIZACIÓN RE),100,GENERACION,ZONA ESPAÑOLA,RE Mercado Térmica no,100.0
60,298.573,NEXVD09,VENTA RENOV,NEXUS ENERGÍA (ACT. COMERCIALIZACIÓN RE),100,GENERACION,ZONA ESPAÑOLA,RE Mercado Térmica Renovable,100.0
60,305.893,NEXVD11,EOLICA TARIFA NEXUS 11,NEXUS ENERGÍA (ACT. COMERCIALIZACIÓN RE),100,GENERACION,ZONA ESPAÑOLA,RE Mercado Eólica,100.0
60,313.213,NEXVD20,VENTA TARIFA 20,NEXUS ENERGÍA (ACT. COMERCIALIZACIÓN RE),100,GENERACION,ZONA ESPAÑOLA,RE Mercado Térmica no,100.0
60,326.653,NEXVD21,VENTA TARIFA 21,NEXUS ENERGÍA (ACT. COMERCIALIZACIÓN RE),100,GENERACION,ZONA ESPAÑOLA,RE Mercado Solar Fotovoltáica,100.0
60,333.973,NEXVD22,VENTA TARIFA 22,NEXUS ENERGÍA (ACT. COMERCIALIZACIÓN RE),100,GENERACION,ZONA ESPAÑOLA,RE Mercado Térmica no,100.0
60,347.413,NEXVD23,VENTA TARIFA 23,NEXUS ENERGÍA (ACT. COMERCIALIZACIÓN RE),100,GENERACION,ZONA ESPAÑOLA,RE Mercado Térmica no,100.0
60,360.853,NEXVD25,VENTA TARIFA 25,NEXUS ENERGÍA (ACT. COMERCIALIZACIÓN RE),100,GENERACION,ZONA ESPAÑOLA,RE Mercado Térmica no,100.0
60,374.293,NEXVD32,VENTA TARIFA 32,NEXUS ENERGÍA (ACT. COMERCIALIZACIÓN RE),100,GENERACION,ZONA ESPAÑOLA,RE Mercado Térmica no,100.0
60,387.733,NEXVD33,VENTA TARIFA 33,NEXUS ENERGÍA (ACT. COMERCIALIZACIÓN RE),100,GENERACION,ZONA ESPAÑOLA,RE Mercado Térmica no,100.0
60,401.173,NEXVD35,VENTA TARIFA 35,NEXUS ENERGÍA (ACT. COMERCIALIZACIÓN RE),100,GENERACION,ZONA ESPAÑOLA,RE Mercado Térmica no,100.0
60,414.613,NEXVD36,VENTA TARIFA 36,NEXUS ENERGÍA (ACT. COMERCIALIZACIÓN RE),100,GENERACION,ZONA ESPAÑOLA,RE Mercado Térmica no,100.0
60,428.093,NEXVD45,VENTA A TARIFA SERREZUELA XXI,NEXUS ENERGÍA (ACT. COMERCIALIZACIÓN RE),100,GENERACION,ZONA ESPAÑOLA,RE Mercado Solar Fotovoltáica,100.0
60,435.373,NEXVD46,VENTA A TARIFA EOLICA WIESA,NEXUS ENERGÍA (ACT. COMERCIALIZACIÓN RE),100,GENERACION,ZONA ESPAÑOLA,RE Mercado Eólica,100.0
60,442.693,NEXVD47,REGIMEN ESPECIAL MAYOR DE 10MW,NEXUS ENERGÍA (ACT. COMERCIALIZACIÓN RE),100,GENERACION,ZONA ESPAÑOLA,RE Mercado Solar Fotovoltáica,100.0
60,450.093,NEXVD52,EOLICA MAYOR 5MW,NEXUS ENERGÍA (ACT. COMERCIALIZACIÓN RE),100,GENERACION,ZONA ESPAÑOLA,RE Mercado Eólica,100.0
60,457.333,NEXVD53,FV MAYOR DE 5MW,NEXUS ENERGÍA (ACT. COMERCIALIZACIÓN RE),100,GENERACION,ZONA ESPAÑOLA,RE Mercado Solar Fotovoltáica,100.0
60,464.653,NEXVD57,FV MAYOR DE 5MW,NEXUS ENERGÍA (ACT. COMERCIALIZACIÓN RE),100,GENERACION,ZONA ESPAÑOLA,RE Mercado Solar Fotovoltáica,100.0
60,471.973,NEXVD58,FV MAYOR DE 5MW,NEXUS ENERGÍA (ACT. COMERCIALIZACIÓN RE),100,GENERACION,ZONA ESPAÑOLA,RE Mercado Solar Fotovoltáica,100.0
60,479.293,NEXVD59,FV MAYOR DE 5MW,NEXUS ENERGÍA (ACT. COMERCIALIZACIÓN RE),100,GENERACION,ZONA ESPAÑOLA,RE Mercado Solar Fotovoltáica,100.0
60,486.613,NEXVD60,FV MAYOR DE 5MW,NEXUS ENERGÍA (ACT. COMERCIALIZACIÓN RE),100,GENERACION,ZONA ESPAÑOLA,RE Mercado Solar Fotovoltáica,100.0
60,493.933,NEXVD61,FV MAYOR DE 5MW,NEXUS ENERGÍA (ACT. COMERCIALIZACIÓN RE),100,GENERACION,ZONA ESPAÑOLA,RE Mercado Solar Fotovoltáica,100.0
60,501.253,NEXVD62,FV MAYOR DE 5MW,NEXUS ENERGÍA (ACT. COMERCIALIZACIÓN RE),100,GENERACION,ZONA ESPAÑOLA,RE Mercado Solar Fotovoltáica,100.0
60,508.573,NEXVD63,FV MAYOR DE 5MW,NEXUS ENERGÍA (ACT. COMERCIALIZACIÓN RE),100,GENERACION,ZONA ESPAÑOLA,RE Mercado Solar Fotovoltáica,100.0
60,515.893,NEXVD64,FV MAYOR DE 5MW,NEXUS ENERGÍA (ACT. COMERCIALIZACIÓN RE),100,GENERACION,ZONA ESPAÑOLA,RE Mercado Solar Fotovoltáica,100.0
60,523.213,NEXVD65,FV MAYOR DE 5MW,NEXUS ENERGÍA (ACT. COMERCIALIZACIÓN RE),100,GENERACION,ZONA ESPAÑOLA,RE Mercado Solar Fotovoltáica,100.0
60,530.533,NEXVD67,FV MAYOR DE 5MW,NEXUS ENERGÍA (ACT. COMERCIALIZACIÓN RE),100,GENERACION,ZONA ESPAÑOLA,RE Mercado Solar Fotovoltáica,100.0
60,537.853,NEXVD70,FV MAYOR DE 5MW,NEXUS ENERGÍA (ACT. COMERCIALIZACIÓN RE),100,GENERACION,ZONA ESPAÑOLA,RE Mercado Solar Fotovoltáica,100.0
60,545.173,NEXVD71,FV MAYOR DE 5MW,NEXUS ENERGÍA (ACT. COMERCIALIZACIÓN RE),100,GENERACION,ZONA ESPAÑOLA,RE Mercado Solar Fotovoltáica,100.0
60,552.493,NEXVD72,FV MAYOR DE 5MW,NEXUS ENERGÍA (ACT. COMERCIALIZACIÓN RE),100,GENERACION,ZONA ESPAÑOLA,RE Mercado Solar Fotovoltáica,100.0
61,141.133,NEXVD76,TERMICA MAYOR DE 5MW,NEXUS ENERGÍA (ACT. COMERCIALIZACIÓN RE),100,GENERACION,ZONA ESPAÑOLA,RE Mercado Térmica no,100.0
61,154.573,NEXVD77,TERMICA MAYOR DE 5MW,NEXUS ENERGÍA (ACT. COMERCIALIZACIÓN RE),100,GENERACION,ZONA ESPAÑOLA,RE Mercado Térmica no,100.0
61,168.093,NEXVD80,TERMICA MAYOR DE 5MW,NEXUS ENERGÍA (ACT. COMERCIALIZACIÓN RE),100,GENERACION,ZONA ESPAÑOLA,RE Mercado Térmica no,100.0
61,181.453,NEXVD81,TERMICA MAYOR DE 5MW,NEXUS ENERGÍA (ACT. COMERCIALIZACIÓN RE),100,GENERACION,ZONA ESPAÑOLA,RE Mercado Térmica no,100.0
61,194.893,NEXVD85,EOLICA MAYOR DE 1MW,NEXUS ENERGÍA (ACT. COMERCIALIZACIÓN RE),100,GENERACION,ZONA ESPAÑOLA,RE Mercado Eólica,100.0
61,202.213,NEXVD86,HIDRAULICA MAYOR DE 1MW,NEXUS ENERGÍA (ACT. COMERCIALIZACIÓN RE),100,GENERACION,ZONA ESPAÑOLA,RE Mercado Hidráulica,100.0
61,209.533,NEXVD87,TERMICA MAYOR DE 1 MW,NEXUS ENERGÍA (ACT. COMERCIALIZACIÓN RE),100,GENERACION,ZONA ESPAÑOLA,RE Mercado Térmica no,100.0
61,222.973,NEXVD88,RESIDUOS MAYOR DE 1MW,NEXUS ENERGÍA (ACT. COMERCIALIZACIÓN RE),100,GENERACION,ZONA ESPAÑOLA,RE Mercado Térmica Renovable,100.0
61,230.293,NEXVD89,CERM,NEXUS ENERGÍA (ACT. COMERCIALIZACIÓN RE),100,GENERACION,ZONA ESPAÑOLA,RE Mercado Térmica no,100.0
61,243.733,NEXVD90,UOF COG DER PETROLEO MAYOR 1MW,NEXUS ENERGÍA (ACT. COMERCIALIZACIÓN RE),100,GENERACION,ZONA ESPAÑOLA,RE Mercado Térmica no,100.0
61,257.173,NEXVD91,UO FSCASTU,NEXUS ENERGÍA (ACT. COMERCIALIZACIÓN RE),100,GENERACION,ZONA ESPAÑOLA,RE Mercado Solar Fotovoltáica,100.0
61,264.493,NEXVD98,UOF BIOGAS MENOR 1MW,NEXUS ENERGÍA (ACT. COMERCIALIZACIÓN RE),100,GENERACION,ZONA ESPAÑOLA,RE Mercado Térmica no,100.0
61,277.933,NRENVD1,NRENO-VENTA,"NEXUS RENOVABLES, S.L.",100,GENERACION,ZONA ESPAÑOLA,RE Mercado Solar Fotovoltáica,100.0
61,285.253,NXPM03,RE PRECIO MERCADO TERMICA,NEXUS ENERGÍA (ACT. COMERCIALIZACIÓN RE),100,GENERACION,ZONA ESPAÑOLA,RE Mercado Térmica no,100.0
61,298.693,NXVD100,UOF EPEBRE,NEXUS ENERGÍA (ACT. COMERCIALIZACIÓN RE),100,GENERACION,ZONA ESPAÑOLA,RE Mercado Eólica,100.0
61,306.093,NXVD101,UOF ALTEN ALCONERA DOS,NEXUS ENERGÍA (ACT. COMERCIALIZACIÓN RE),100,GENERACION,ZONA ESPAÑOLA,RE Mercado Solar Fotovoltáica,100.0
61,313.333,NXVD104,UOF MAYOR 5MW CAÑAMERO,NEXUS ENERGÍA (ACT. COMERCIALIZACIÓN RE),100,GENERACION,ZONA ESPAÑOLA,RE Mercado Solar Fotovoltáica,100.0
61,320.653,NXVD107,UOF SOLAR ALAMO,NEXUS ENERGÍA (ACT. COMERCIALIZACIÓN RE),100,GENERACION,ZONA ESPAÑOLA,RE Mercado Solar Fotovoltáica,100.0
61,327.973,NXVD108,UOF EOLICA LOMAS,NEXUS ENERGÍA (ACT. COMERCIALIZACIÓN RE),100,GENERACION,ZONA ESPAÑOLA,RE Mercado Eólica,100.0
61,335.293,NXVD109,UOF HIDRAULICA CORADA,NEXUS ENERGÍA (ACT. COMERCIALIZACIÓN RE),100,GENERACION,ZONA ESPAÑOLA,RE Mercado Hidráulica,100.0
61,342.613,NXVD110,UOF HIDRAULICA JERTE,NEXUS ENERGÍA (ACT. COMERCIALIZACIÓN RE),100,GENERACION,ZONA ESPAÑOLA,RE Mercado Hidráulica,100.0
61,349.933,NXVD111,UOF HIDRAULICA ALANGE,NEXUS ENERGÍA (ACT. COMERCIALIZACIÓN RE),100,GENERACION,ZONA ESPAÑOLA,RE Mercado Hidráulica,100.0
61,357.253,NXVD112,UOF HIDRAULICA PORMA,NEXUS ENERGÍA (ACT. COMERCIALIZACIÓN RE),100,GENERACION,ZONA ESPAÑOLA,RE Mercado Hidráulica,100.0
61,364.573,NXVD113,UOF SOLAR FERNANDINA,NEXUS ENERGÍA (ACT. COMERCIALIZACIÓN RE),100,GENERACION,ZONA ESPAÑOLA,RE Mercado Solar Fotovoltáica,100.0
61,371.893,NXVD114,UOF EOLICA LA NAVA,NEXUS ENERGÍA (ACT. COMERCIALIZACIÓN RE),100,GENERACION,ZONA ESPAÑOLA,RE Mercado Eólica,100.0
61,379.213,NXVD117,EOLICA LOS CIERZOS,NEXUS ENERGÍA (ACT. COMERCIALIZACIÓN RE),100,GENERACION,ZONA ESPAÑOLA,RE Mercado Eólica,100.0
61,386.533,NXVD118,UOF FV MIRAMUNDO,NEXUS ENERGÍA (ACT. COMERCIALIZACIÓN RE),100,GENERACION,ZONA ESPAÑOLA,RE Mercado Solar Fotovoltáica,100.0
61,393.853,NXVD120,UOF FV ZAFRA,NEXUS ENERGÍA (ACT. COMERCIALIZACIÓN RE),100,GENERACION,ZONA ESPAÑOLA,RE Mercado Solar Fotovoltáica,100.0
61,401.173,NXVD126,UOF EOLICA MINON,NEXUS ENERGÍA (ACT. COMERCIALIZACIÓN RE),100,GENERACION,ZONA ESPAÑOLA,RE Mercado Eólica,100.0
61,408.493,NXVD127,UOF FV ALARCOS,NEXUS ENERGÍA (ACT. COMERCIALIZACIÓN RE),100,GENERACION,ZONA ESPAÑOLA,RE Mercado Solar Fotovoltáica,100.0
61,415.813,NXVD128,UOF FV TORRE COTILLAS,NEXUS ENERGÍA (ACT. COMERCIALIZACIÓN RE),100,GENERACION,ZONA ESPAÑOLA,RE Mercado Solar Fotovoltáica,100.0
61,423.133,NXVD129,UOF FV TALARRUBIAS I,NEXUS ENERGÍA (ACT. COMERCIALIZACIÓN RE),100,GENERACION,ZONA ESPAÑOLA,RE Mercado Solar Fotovoltáica,100.0
61,430.453,NXVD130,UOF FV TALARRUBIAS II,NEXUS ENERGÍA (ACT. COMERCIALIZACIÓN RE),100,GENERACION,ZONA ESPAÑOLA,RE Mercado Solar Fotovoltáica,100.0
61,437.773,NXVD131,UOF FV X-ELIO ALMANSA,NEXUS ENERGÍA (ACT. COMERCIALIZACIÓN RE),100,GENERACION,ZONA ESPAÑOLA,RE Mercado Solar Fotovoltáica,100.0
61,445.093,NXVD132,UOF FV X-ELIO SEVILLA,NEXUS ENERGÍA (ACT. COMERCIALIZACIÓN RE),100,GENERACION,ZONA ESPAÑOLA,RE Mercado Solar Fotovoltáica,100.0
61,452.413,NXVD133,UOF FV X-ELIO ALCORES,NEXUS ENERGÍA (ACT. COMERCIALIZACIÓN RE),100,GENERACION,ZONA ESPAÑOLA,RE Mercado Solar Fotovoltáica,100.0
61,459.733,NXVD134,UOF FV CADIMA,NEXUS ENERGÍA (ACT. COMERCIALIZACIÓN RE),100,GENERACION,ZONA ESPAÑOLA,RE Mercado Solar Fotovoltáica,100.0
61,467.093,NXVD135,UOF FV PARCAS,NEXUS ENERGÍA (ACT. COMERCIALIZACIÓN RE),100,GENERACION,ZONA ESPAÑOLA,RE Mercado Solar Fotovoltáica,100.0
61,474.373,NXVD136,UOF FV ALJORRA,NEXUS ENERGÍA (ACT. COMERCIALIZACIÓN RE),100,GENERACION,ZONA ESPAÑOLA,RE Mercado Solar Fotovoltáica,100.0
61,481.693,NXVD137,UOF FV PEROGORDO,NEXUS ENERGÍA (ACT. COMERCIALIZACIÓN RE),100,GENERACION,ZONA ESPAÑOLA,RE Mercado Solar Fotovoltáica,100.0
61,489.093,NXVD142,UOF HIDRAULICA LLOREN,NEXUS ENERGÍA (ACT. COMERCIALIZACIÓN RE),100,GENERACION,ZONA ESPAÑOLA,RE Mercado Hidráulica,100.0
61,496.333,NXVD143,UOF HIDRAULICA MOLINO,NEXUS ENERGÍA (ACT. COMERCIALIZACIÓN RE),100,GENERACION,ZONA ESPAÑOLA,RE Mercado Hidráulica,100.0
61,503.653,NXVD144,UOF HIDRAULICA POBLA,NEXUS ENERGÍA (ACT. COMERCIALIZACIÓN RE),100,GENERACION,ZONA ESPAÑOLA,RE Mercado Hidráulica,100.0
61,510.973,NXVD145,UOF HIDRAULICA FRESER,NEXUS ENERGÍA (ACT. COMERCIALIZACIÓN RE),100,GENERACION,ZONA ESPAÑOLA,RE Mercado Hidráulica,100.0
61,518.293,NXVD147,UOF BIOMASA CUBILLOS DEL SIL,NEXUS ENERGÍA (ACT. COMERCIALIZACIÓN RE),100,GENERACION,ZONA ESPAÑOLA,RE Mercado Térmica Renovable,100.0
61,525.613,NXVD150,UOF FOTOVOLTAICA CARRIL,NEXUS ENERGÍA (ACT. COMERCIALIZACIÓN RE),100,GENERACION,ZONA ESPAÑOLA,RE Mercado Solar Fotovoltáica,100.0
61,532.933,NXVD151,UOF CSF PINILLA,NEXUS ENERGÍA (ACT. COMERCIALIZACIÓN RE),100,GENERACION,ZONA ESPAÑOLA,RE Mercado Solar Fotovoltáica,100.0
61,540.253,NXVD152,UOF EOLICA OUROL,NEXUS ENERGÍA (ACT. COMERCIALIZACIÓN RE),100,GENERACION,ZONA ESPAÑOLA,RE Mercado Eólica,100.0
61,547.573,NXVD153,UOF FV LOS BELOS,NEXUS ENERGÍA (ACT. COMERCIALIZACIÓN RE),100,GENERACION,ZONA ESPAÑOLA,RE Mercado Solar Fotovoltáica,100.0
61,554.893,NXVD154,UOF FV EL MUELLE,NEXUS ENERGÍA (ACT. COMERCIALIZACIÓN RE),100,GENERACION,ZONA ESPAÑOLA,RE Mercado Solar Fotovoltáica,100.0
61,562.213,NXVD156,UOF SOLAR AZARA,NEXUS ENERGÍA (ACT. COMERCIALIZACIÓN RE),100,GENERACION,ZONA ESPAÑOLA,RE Mercado Solar Fotovoltáica,100.0
62,141.133,NXVD160,UOF SOLAR MONTESOL,NEXUS ENERGÍA (ACT. COMERCIALIZACIÓN RE),100,GENERACION,ZONA ESPAÑOLA,RE Mercado Solar Fotovoltáica,100.0
62,148.453,NXVD162,UOF EOLICA SIERRA DE TRIGO,NEXUS ENERGÍA (ACT. COMERCIALIZACIÓN RE),100,GENERACION,ZONA ESPAÑOLA,RE Mercado Eólica,100.0
62,155.773,NXVD163,UOF EOLICA LA MUELA NORTE,NEXUS ENERGÍA (ACT. COMERCIALIZACIÓN RE),100,GENERACION,ZONA ESPAÑOLA,RE Mercado Eólica,100.0
62,163.093,NXVD164,UOF EOLICA LA PLATA,NEXUS ENERGÍA (ACT. COMERCIALIZACIÓN RE),100,GENERACION,ZONA ESPAÑOLA,RE Mercado Eólica,100.0
62,170.413,NXVD165,UOF EOLICA EL REDONDAL,NEXUS ENERGÍA (ACT. COMERCIALIZACIÓN RE),100,GENERACION,ZONA ESPAÑOLA,RE Mercado Eólica,100.0
62,177.733,NXVD166,UOF EOLICA SERRA DA LOBA,NEXUS ENERGÍA (ACT. COMERCIALIZACIÓN RE),100,GENERACION,ZONA ESPAÑOLA,RE Mercado Eólica,100.0
62,185.093,NXVD167,UOF EOLICA EL SARDON,NEXUS ENERGÍA (ACT. COMERCIALIZACIÓN RE),100,GENERACION,ZONA ESPAÑOLA,RE Mercado Eólica,100.0
62,192.373,NXVD168,MONTE SEIXO,NEXUS ENERGÍA (ACT. COMERCIALIZACIÓN RE),100,GENERACION,ZONA ESPAÑOLA,RE Mercado Eólica,100.0
62,199.693,NXVD169,UOF EOLICA SERRA DO CANDO,NEXUS ENERGÍA (ACT. COMERCIALIZACIÓN RE),100,GENERACION,ZONA ESPAÑOLA,RE Mercado Eólica,100.0
62,207.093,NXVD170,UOF EOLICA EL CONJURO,NEXUS ENERGÍA (ACT. COMERCIALIZACIÓN RE),100,GENERACION,ZONA ESPAÑOLA,RE Mercado Eólica,100.0
62,214.333,NXVD171,UOF EOLICA VALDECONEJOS,NEXUS ENERGÍA (ACT. COMERCIALIZACIÓN RE),100,GENERACION,ZONA ESPAÑOLA,RE Mercado Eólica,100.0
62,221.653,NXVD172,UOF EOLICA EL CARRASCAL,NEXUS ENERGÍA (ACT. COMERCIALIZACIÓN RE),100,GENERACION,ZONA ESPAÑOLA,RE Mercado Eólica,100.0
62,228.973,NXVD173,UOF EOLICA EL CARRASCAL2,NEXUS ENERGÍA (ACT. COMERCIALIZACIÓN RE),100,GENERACION,ZONA ESPAÑOLA,RE Mercado Eólica,100.0
62,236.293,NXVD174,UOF EOLICA LA CERRADILLA,NEXUS ENERGÍA (ACT. COMERCIALIZACIÓN RE),100,GENERACION,ZONA ESPAÑOLA,RE Mercado Eólica,100.0
62,243.613,NXVD175,UOF EOLICA LA CERRADILLA2,NEXUS ENERGÍA (ACT. COMERCIALIZACIÓN RE),100,GENERACION,ZONA ESPAÑOLA,RE Mercado Eólica,100.0
62,250.933,NXVD176,UOF TERMOSOLAR VILLENA,NEXUS ENERGÍA (ACT. COMERCIALIZACIÓN RE),100,GENERACION,ZONA ESPAÑOLA,RE Mercado Solar Térmica,100.0
62,258.253,NXVD177,UOF SOLAR MAGASQUILLA,NEXUS ENERGÍA (ACT. COMERCIALIZACIÓN RE),100,GENERACION,ZONA ESPAÑOLA,RE Mercado Solar Fotovoltáica,100.0
62,265.573,NXVD179,UOF SOLAR PASAJESOL,NEXUS ENERGÍA (ACT. COMERCIALIZACIÓN RE),100,GENERACION,ZONA ESPAÑOLA,RE Mercado Solar Fotovoltáica,100.0
62,272.893,NXVD180,UOF GAMONAREJO,NEXUS ENERGÍA (ACT. COMERCIALIZACIÓN RE),100,GENERACION,ZONA ESPAÑOLA,RE Mercado Solar Fotovoltáica,100.0
62,280.213,NXVD188,UOF SOLAR CALCAL,NEXUS ENERGÍA (ACT. COMERCIALIZACIÓN RE),100,GENERACION,ZONA ESPAÑOLA,RE Mercado Solar Fotovoltáica,100.0
62,287.533,NXVD190,UOF SOLAR ALIWIN,NEXUS ENERGÍA (ACT. COMERCIALIZACIÓN RE),100,GENERACION,ZONA ESPAÑOLA,RE Mercado Solar Fotovoltáica,100.0
62,294.853,NXVD193,UOF SOLAR OLIVENZA,NEXUS ENERGÍA (ACT. COMERCIALIZACIÓN RE),100,GENERACION,ZONA ESPAÑOLA,RE Mercado Solar Fotovoltáica,100.0
62,302.173,NXVD194,UOF SOLAR LA SOLANA,NEXUS ENERGÍA (ACT. COMERCIALIZACIÓN RE),100,GENERACION,ZONA ESPAÑOLA,RE Mercado Solar Fotovoltáica,100.0
62,309.493,NXVD195,UOF SOLAR TORDESILLAS,NEXUS ENERGÍA (ACT. COMERCIALIZACIÓN RE),100,GENERACION,ZONA ESPAÑOLA,RE Mercado Solar Fotovoltáica,100.0
62,316.813,NXVD197,UOF SOLAR SARDA,NEXUS ENERGÍA (ACT. COMERCIALIZACIÓN RE),100,GENERACION,ZONA ESPAÑOLA,RE Mercado Solar Fotovoltáica,100.0
62,324.133,NXVD198,UOF SOLAR ALCONERA,NEXUS ENERGÍA (ACT. COMERCIALIZACIÓN RE),100,GENERACION,ZONA ESPAÑOLA,RE Mercado Solar Fotovoltáica,100.0
62,331.453,NXVD199,UOF SOLAR QUIJOTE,NEXUS ENERGÍA (ACT. COMERCIALIZACIÓN RE),100,GENERACION,ZONA ESPAÑOLA,RE Mercado Solar Fotovoltáica,100.0
62,338.773,NXVD200,UOF SOLAR SERREZUELA,NEXUS ENERGÍA (ACT. COMERCIALIZACIÓN RE),100,GENERACION,ZONA ESPAÑOLA,RE Mercado Solar Fotovoltáica,100.0
62,346.093,NXVD201,UOF SOLAR TURRONEROS,NEXUS ENERGÍA (ACT. COMERCIALIZACIÓN RE),100,GENERACION,ZONA ESPAÑOLA,RE Mercado Solar Fotovoltáica,100.0
62,353.413,NXVD206,UOF SOLAR CALAVERON,NEXUS ENERGÍA (ACT. COMERCIALIZACIÓN RE),100,GENERACION,ZONA ESPAÑOLA,RE Mercado Solar Fotovoltáica,100.0
62,360.733,NXVD207,UOF SOLAR EL POCICO,NEXUS ENERGÍA (ACT. COMERCIALIZACIÓN RE),100,GENERACION,ZONA ESPAÑOLA,RE Mercado Solar Fotovoltáica,100.0
62,368.093,NXVD212,UOF SOLAR HELIOS1,NEXUS ENERGÍA (ACT. COMERCIALIZACIÓN RE),100,GENERACION,ZONA ESPAÑOLA,RE Mercado Solar Fotovoltáica,100.0
62,375.373,NXVD213,UOF SOLAR HELIOS2,NEXUS ENERGÍA (ACT. COMERCIALIZACIÓN RE),100,GENERACION,ZONA ESPAÑOLA,RE Mercado Solar Fotovoltáica,100.0
62,382.693,NXVD214,UOF SOLAR FONTIVEROS,NEXUS ENERGÍA (ACT. COMERCIALIZACIÓN RE),100,GENERACION,ZONA ESPAÑOLA,RE Mercado Solar Fotovoltáica,100.0
62,390.093,NXVD215,UOF SOLAR LA SERRANA,NEXUS ENERGÍA (ACT. COMERCIALIZACIÓN RE),100,GENERACION,ZONA ESPAÑOLA,RE Mercado Solar Fotovoltáica,100.0
62,397.333,NXVD216,UOF SOLAR LOBOSILLO,NEXUS ENERGÍA (ACT. COMERCIALIZACIÓN RE),100,GENERACION,ZONA ESPAÑOLA,RE Mercado Solar Fotovoltáica,100.0
62,404.653,NXVD217,UOF SOLAR PUENTE PIEDRA,NEXUS ENERGÍA (ACT. COMERCIALIZACIÓN RE),100,GENERACION,ZONA ESPAÑOLA,RE Mercado Solar Fotovoltáica,100.0
62,411.973,NXVD218,UOF EOLICA ASCOY,NEXUS ENERGÍA (ACT. COMERCIALIZACIÓN RE),100,GENERACION,ZONA ESPAÑOLA,RE Mercado Eólica,100.0
62,419.293,NXVD219,UOF EOLICA CARCELEN,NEXUS ENERGÍA (ACT. COMERCIALIZACIÓN RE),100,GENERACION,ZONA ESPAÑOLA,RE Mercado Eólica,100.0
62,426.613,NXVD221,UOF SOLAR LOBON,NEXUS ENERGÍA (ACT. COMERCIALIZACIÓN RE),100,GENERACION,ZONA ESPAÑOLA,RE Mercado Solar Fotovoltáica,100.0
62,433.933,NXVD222,UOF SOLAR AZUER1,NEXUS ENERGÍA (ACT. COMERCIALIZACIÓN RE),100,GENERACION,ZONA ESPAÑOLA,RE Mercado Solar Fotovoltáica,100.0
62,441.253,NXVD223,UOF SOLAR AZUER2,NEXUS ENERGÍA (ACT. COMERCIALIZACIÓN RE),100,GENERACION,ZONA ESPAÑOLA,RE Mercado Solar Fotovoltáica,100.0
62,448.573,NXVD224,UOF SOLAR SERREZUELA2,NEXUS ENERGÍA (ACT. COMERCIALIZACIÓN RE),100,GENERACION,ZONA ESPAÑOLA,RE Mercado Solar Fotovoltáica,100.0
62,455.893,NXVD225,UOF SOLAR CORESE,NEXUS ENERGÍA (ACT. COMERCIALIZACIÓN RE),100,GENERACION,ZONA ESPAÑOLA,RE Mercado Solar Fotovoltáica,100.0
62,463.213,NXVD226,UOF EOLICA ALTO DA CROA1,NEXUS ENERGÍA (ACT. COMERCIALIZACIÓN RE),100,GENERACION,ZONA ESPAÑOLA,RE Mercado Eólica,100.0
62,470.533,NXVD227,UOF EOLICA ALTO DA CROA2,NEXUS ENERGÍA (ACT. COMERCIALIZACIÓN RE),100,GENERACION,ZONA ESPAÑOLA,RE Mercado Eólica,100.0
62,477.853,NXVD228,UOF EOLICA MONTE TOUREDO,NEXUS ENERGÍA (ACT. COMERCIALIZACIÓN RE),100,GENERACION,ZONA ESPAÑOLA,RE Mercado Eólica,100.0
62,485.173,NXVD229,UOF EOLICA ALMERIQ,NEXUS ENERGÍA (ACT. COMERCIALIZACIÓN RE),100,GENERACION,ZONA ESPAÑOLA,RE Mercado Eólica,100.0
62,492.493,NXVD230,UOF EOLICA JANCOLI,NEXUS ENERGÍA (ACT. COMERCIALIZACIÓN RE),100,GENERACION,ZONA ESPAÑOLA,RE Mercado Eólica,100.0
62,499.813,NXVD231,UOF EOLICA JANDAPE,NEXUS ENERGÍA (ACT. COMERCIALIZACIÓN RE),100,GENERACION,ZONA ESPAÑOLA,RE Mercado Eólica,100.0
62,507.133,NXVD232,UOF EOLICA JANDSUY,NEXUS ENERGÍA (ACT. COMERCIALIZACIÓN RE),100,GENERACION,ZONA ESPAÑOLA,RE Mercado Eólica,100.0
62,514.453,NXVD233,UOF EOLICA LAS MONJAS,NEXUS ENERGÍA (ACT. COMERCIALIZACIÓN RE),100,GENERACION,ZONA ESPAÑOLA,RE Mercado Eólica,100.0
62,521.773,NXVD234,UOF EOLICA MOSTAZA,NEXUS ENERGÍA (ACT. COMERCIALIZACIÓN RE),100,GENERACION,ZONA ESPAÑOLA,RE Mercado Eólica,100.0
62,529.093,NXVD235,UOF EOLICA FACINA,NEXUS ENERGÍA (ACT. COMERCIALIZACIÓN RE),100,GENERACION,ZONA ESPAÑOLA,RE Mercado Eólica,100.0
62,536.413,NXVD236,UOF EOLICA RANCHO VIEJO,NEXUS ENERGÍA (ACT. COMERCIALIZACIÓN RE),100,GENERACION,ZONA ESPAÑOLA,RE Mercado Eólica,100.0
62,543.733,NXVD237,UOF EOLICA TEJONERO,NEXUS ENERGÍA (ACT. COMERCIALIZACIÓN RE),100,GENERACION,ZONA ESPAÑOLA,RE Mercado Eólica,100.0
62,551.093,NXVD238,UOF EOLICA VOLTOR,NEXUS ENERGÍA (ACT. COMERCIALIZACIÓN RE),100,GENERACION,ZONA ESPAÑOLA,RE Mercado Eólica,100.0
62,558.373,NXVD241,UOF SOLAR SACRO IMPERIO,NEXUS ENERGÍA (ACT. COMERCIALIZACIÓN RE),100,GENERACION,ZONA ESPAÑOLA,RE Mercado Solar Fotovoltáica,100.0
63,141.133,NXVD242,UOF SOLAR LOMOS II,NEXUS ENERGÍA (ACT. COMERCIALIZACIÓN RE),100,GENERACION,ZONA ESPAÑOLA,RE Mercado Solar Fotovoltáica,100.0
63,148.453,NXVD243,UOF TERMOSOLAR LEBRIJA,NEXUS ENERGÍA (ACT. COMERCIALIZACIÓN RE),100,GENERACION,ZONA ESPAÑOLA,RE Mercado Solar Térmica,100.0
63,155.773,NXVD246,UOF COGENERACION SALONI,NEXUS ENERGÍA (ACT. COMERCIALIZACIÓN RE),100,GENERACION,ZONA ESPAÑOLA,RE Mercado Térmica no,100.0
63,169.213,NXVD247,UOF SANTANDERINA,NEXUS ENERGÍA (ACT. COMERCIALIZACIÓN RE),100,GENERACION,ZONA ESPAÑOLA,RE Mercado Térmica no,100.0
63,182.653,NXVD248,UP TERMICA MIQUEL I COSTAS,NEXUS ENERGÍA (ACT. COMERCIALIZACIÓN RE),100,GENERACION,ZONA ESPAÑOLA,RE Mercado Térmica no,100.0
63,196.093,NXVD250,UOF SOLAR AURA GUIJO CORIA,NEXUS ENERGÍA (ACT. COMERCIALIZACIÓN RE),100,GENERACION,ZONA ESPAÑOLA,RE Mercado Solar Fotovoltáica,100.0
63,203.413,NXVD251,UOF SOLAR AURA DE AGUDO,NEXUS ENERGÍA (ACT. COMERCIALIZACIÓN RE),100,GENERACION,ZONA ESPAÑOLA,RE Mercado Solar Fotovoltáica,100.0
63,210.733,NXVD252,UOF COG TEJIDOS ROYO,NEXUS ENERGÍA (ACT. COMERCIALIZACIÓN RE),100,GENERACION,ZONA ESPAÑOLA,RE Mercado Térmica no,100.0
63,224.173,NXVD253,UOF COGENERACION CHAPELA,NEXUS ENERGÍA (ACT. COMERCIALIZACIÓN RE),100,GENERACION,ZONA ESPAÑOLA,RE Mercado Térmica no,100.0
63,237.613,NXVD254,UOF SOLAR MANZANARES,NEXUS ENERGÍA (ACT. COMERCIALIZACIÓN RE),100,GENERACION,ZONA ESPAÑOLA,RE Mercado Solar Fotovoltáica,100.0
63,244.933,NXVD255,UOF SOLAR LOS ARCOS,NEXUS ENERGÍA (ACT. COMERCIALIZACIÓN RE),100,GENERACION,ZONA ESPAÑOLA,RE Mercado Solar Fotovoltáica,100.0
63,252.253,NXVD256,UOF SOLAR LA ESTACION,NEXUS ENERGÍA (ACT. COMERCIALIZACIÓN RE),100,GENERACION,ZONA ESPAÑOLA,RE Mercado Solar Fotovoltáica,100.0
63,259.573,NXVD258,UOF SOLAR CALIG,NEXUS ENERGÍA (ACT. COMERCIALIZACIÓN RE),100,GENERACION,ZONA ESPAÑOLA,RE Mercado Solar Fotovoltáica,100.0
63,266.893,NXVD259,UOF GARFER AJUSTE,NEXUS ENERGÍA (ACT. COMERCIALIZACIÓN RE),100,GENERACION,ZONA ESPAÑOLA,RE Mercado Térmica no,100.0
63,280.333,NXVD261,UOF SOLAR OLMEDILLA ALARCON,NEXUS ENERGÍA (ACT. COMERCIALIZACIÓN RE),100,GENERACION,ZONA ESPAÑOLA,RE Mercado Solar Fotovoltáica,100.0
63,287.653,NXVD262,UOF SOLAR AIELO,NEXUS ENERGÍA (ACT. COMERCIALIZACIÓN RE),100,GENERACION,ZONA ESPAÑOLA,RE Mercado Solar Fotovoltáica,100.0
63,294.973,NXVD263,UOF SOLAR MANDALA,NEXUS ENERGÍA (ACT. COMERCIALIZACIÓN RE),100,GENERACION,ZONA ESPAÑOLA,RE Mercado Solar Fotovoltáica,100.0
63,302.293,NXVD272,UOF VERTEDERO RUICES,NEXUS ENERGÍA (ACT. COMERCIALIZACIÓN RE),100,GENERACION,ZONA ESPAÑOLA,RE Mercado Térmica Renovable,100.0
63,309.613,NXVD273,UOF SOLAR MAS DE LAS MATAS,NEXUS ENERGÍA (ACT. COMERCIALIZACIÓN RE),100,GENERACION,ZONA ESPAÑOLA,RE Mercado Solar Fotovoltáica,100.0
63,316.933,NXVD274,UOF SOLAR CASTELERAS,NEXUS ENERGÍA (ACT. COMERCIALIZACIÓN RE),100,GENERACION,ZONA ESPAÑOLA,RE Mercado Solar Fotovoltáica,100.0
63,324.253,NXVD275,UOF PREMB AJUSTE,NEXUS ENERGÍA (ACT. COMERCIALIZACIÓN RE),100,GENERACION,ZONA ESPAÑOLA,RE Mercado Térmica no,100.0
63,337.693,NXVD276,UOF CURTIS BIOMASA,NEXUS ENERGÍA (ACT. COMERCIALIZACIÓN RE),100,GENERACION,ZONA ESPAÑOLA,RE Mercado Térmica Renovable,100.0
63,345.093,NXVD277,UOF SOLAR CAÑADA MOLINO,NEXUS ENERGÍA (ACT. COMERCIALIZACIÓN RE),100,GENERACION,ZONA ESPAÑOLA,RE Mercado Solar Fotovoltáica,100.0
63,352.333,NXVD279,UOF SOLAR LOS MISTRALES,NEXUS ENERGÍA (ACT. COMERCIALIZACIÓN RE),100,GENERACION,ZONA ESPAÑOLA,RE Mercado Solar Fotovoltáica,100.0
63,359.653,NXVD280,UOF SOLAR SOLNOCTIS3,NEXUS ENERGÍA (ACT. COMERCIALIZACIÓN RE),100,GENERACION,ZONA ESPAÑOLA,RE Mercado Solar Fotovoltáica,100.0
63,366.973,NXVD281,UOF SOLAR PAJARITOS,NEXUS ENERGÍA (ACT. COMERCIALIZACIÓN RE),100,GENERACION,ZONA ESPAÑOLA,RE Mercado Solar Fotovoltáica,100.0
63,374.293,NXVD282,UOF SOLAR SOLMURCIA,NEXUS ENERGÍA (ACT. COMERCIALIZACIÓN RE),100,GENERACION,ZONA ESPAÑOLA,RE Mercado Solar Fotovoltáica,100.0
63,381.613,NXVD284,UOF SOLAR DEHESILLA,NEXUS ENERGÍA (ACT. COMERCIALIZACIÓN RE),100,GENERACION,ZONA ESPAÑOLA,RE Mercado Solar Fotovoltáica,100.0
63,388.933,NXVD285,UOF SOLAR BURGUILLOS,NEXUS ENERGÍA (ACT. COMERCIALIZACIÓN RE),100,GENERACION,ZONA ESPAÑOLA,RE Mercado Solar Fotovoltáica,100.0
63,396.253,NXVD286,UOF SOLAR SAN JORGE,NEXUS ENERGÍA (ACT. COMERCIALIZACIÓN RE),100,GENERACION,ZONA ESPAÑOLA,RE Mercado Solar Fotovoltáica,100.0
63,403.573,NXVD287,UOF HIDRO HVLLNGO,NEXUS ENERGÍA (ACT. COMERCIALIZACIÓN RE),100,GENERACION,ZONA ESPAÑOLA,RE Mercado Hidráulica,100.0
63,410.893,NXVD288,UOF HIDRO HMPUNTE,NEXUS ENERGÍA (ACT. COMERCIALIZACIÓN RE),100,GENERACION,ZONA ESPAÑOLA,RE Mercado Hidráulica,100.0
63,418.213,NXVD289,UOF HIDRO HVVINAS,NEXUS ENERGÍA (ACT. COMERCIALIZACIÓN RE),100,GENERACION,ZONA ESPAÑOLA,RE Mercado Hidráulica,100.0
63,425.533,NXVD292,UOF SOLAR ABLITAS,NEXUS ENERGÍA (ACT. COMERCIALIZACIÓN RE),100,GENERACION,ZONA ESPAÑOLA,RE Mercado Solar Fotovoltáica,100.0
63,432.853,NXVD293,UOF SOLAR CASTUR,NEXUS ENERGÍA (ACT. COMERCIALIZACIÓN RE),100,GENERACION,ZONA ESPAÑOLA,RE Mercado Solar Fotovoltáica,100.0
63,440.173,NXVD294,UOF SOLAR BELINCHON1,NEXUS ENERGÍA (ACT. COMERCIALIZACIÓN RE),100,GENERACION,ZONA ESPAÑOLA,RE Mercado Solar Fotovoltáica,100.0
63,447.493,NXVD295,UOF SOLAR MARPANI,NEXUS ENERGÍA (ACT. COMERCIALIZACIÓN RE),100,GENERACION,ZONA ESPAÑOLA,RE Mercado Solar Fotovoltáica,100.0
63,454.813,NXVD296,UOF SOLAR BELINCHON 2,NEXUS ENERGÍA (ACT. COMERCIALIZACIÓN RE),100,GENERACION,ZONA ESPAÑOLA,RE Mercado Solar Fotovoltáica,100.0
63,462.133,NXVD297,UOF SOLAR CARTUJOS 1,NEXUS ENERGÍA (ACT. COMERCIALIZACIÓN RE),100,GENERACION,ZONA ESPAÑOLA,RE Mercado Solar Fotovoltáica,100.0
63,469.453,NXVD298,UOF SOLAR CARTUJOS 2,NEXUS ENERGÍA (ACT. COMERCIALIZACIÓN RE),100,GENERACION,ZONA ESPAÑOLA,RE Mercado Solar Fotovoltáica,100.0
63,476.773,NXVD299,UOF SOLAR FEDE,NEXUS ENERGÍA (ACT. COMERCIALIZACIÓN RE),100,GENERACION,ZONA ESPAÑOLA,RE Mercado Solar Fotovoltáica,100.0
63,484.093,NXVD300,UOF SOLAR FV ALCON 1,NEXUS ENERGÍA (ACT. COMERCIALIZACIÓN RE),100,GENERACION,ZONA ESPAÑOLA,RE Mercado Solar Fotovoltáica,100.0
63,491.413,NXVD301,UOF SOLAR ARABAYONA,NEXUS ENERGÍA (ACT. COMERCIALIZACIÓN RE),100,GENERACION,ZONA ESPAÑOLA,RE Mercado Solar Fotovoltáica,100.0
63,498.733,NXVD302,UOF SOLAR OLIVARES,NEXUS ENERGÍA (ACT. COMERCIALIZACIÓN RE),100,GENERACION,ZONA ESPAÑOLA,RE Mercado Solar Fotovoltáica,100.0
63,506.093,NXVD303,UOF SOLAR OLIVARES2,NEXUS ENERGÍA (ACT. COMERCIALIZACIÓN RE),100,GENERACION,ZONA ESPAÑOLA,RE Mercado Solar Fotovoltáica,100.0
63,513.373,NXVD304,UOF SOLAR OLIVARES3,NEXUS ENERGÍA (ACT. COMERCIALIZACIÓN RE),100,GENERACION,ZONA ESPAÑOLA,RE Mercado Solar Fotovoltáica,100.0
63,520.693,NXVD305,UOF SOLAR OLIVARES4,NEXUS ENERGÍA (ACT. COMERCIALIZACIÓN RE),100,GENERACION,ZONA ESPAÑOLA,RE Mercado Solar Fotovoltáica,100.0
63,528.093,NXVD306,UOF SOLAR BUIXALLEU,NEXUS ENERGÍA (ACT. COMERCIALIZACIÓN RE),100,GENERACION,ZONA ESPAÑOLA,RE Mercado Solar Fotovoltáica,100.0
63,535.333,NXVD308,UOF EOLICA ESANCHO,NEXUS ENERGÍA (ACT. COMERCIALIZACIÓN RE),100,GENERACION,ZONA ESPAÑOLA,RE Mercado Eólica,100.0
63,542.653,NXVD313,UOF EOLICA COSJAR,NEXUS ENERGÍA (ACT. COMERCIALIZACIÓN RE),100,GENERACION,ZONA ESPAÑOLA,RE Mercado Eólica,100.0
63,549.973,NXVD316,UOF EOLICA HERRERA,NEXUS ENERGÍA (ACT. COMERCIALIZACIÓN RE),100,GENERACION,ZONA ESPAÑOLA,RE Mercado Eólica,100.0
63,557.293,NXVD317,UOF SOLAR ZUERA2,NEXUS ENERGÍA (ACT. COMERCIALIZACIÓN RE),100,GENERACION,ZONA ESPAÑOLA,RE Mercado Solar Fotovoltáica,100.0
64,141.133,NXVD318,UOF SOLAR PLASENCIA,NEXUS ENERGÍA (ACT. COMERCIALIZACIÓN RE),100,GENERACION,ZONA ESPAÑOLA,RE Mercado Solar Fotovoltáica,100.0
64,148.453,NXVD319,UOF SOLAR ZUERA,NEXUS ENERGÍA (ACT. COMERCIALIZACIÓN RE),100,GENERACION,ZONA ESPAÑOLA,RE Mercado Solar Fotovoltáica,100.0
64,155.773,NXVD320,UOF SOLAR ARROBO,NEXUS ENERGÍA (ACT. COMERCIALIZACIÓN RE),100,GENERACION,ZONA ESPAÑOLA,RE Mercado Solar Fotovoltáica,100.0
64,163.093,NXVD321,UOF SOLAR CASTELNOU II,NEXUS ENERGÍA (ACT. COMERCIALIZACIÓN RE),100,GENERACION,ZONA ESPAÑOLA,RE Mercado Solar Fotovoltáica,100.0
64,170.413,NXVD322,UOF SOLAR PLAZA,NEXUS ENERGÍA (ACT. COMERCIALIZACIÓN RE),100,GENERACION,ZONA ESPAÑOLA,RE Mercado Solar Fotovoltáica,100.0
64,177.733,NXVD324,UOF SOLAR CASTELNOU,NEXUS ENERGÍA (ACT. COMERCIALIZACIÓN RE),100,GENERACION,ZONA ESPAÑOLA,RE Mercado Solar Fotovoltáica,100.0
64,185.093,NXVD325,UOF SOLAR RENEDO,NEXUS ENERGÍA (ACT. COMERCIALIZACIÓN RE),100,GENERACION,ZONA ESPAÑOLA,RE Mercado Solar Fotovoltáica,100.0
64,192.373,NXVD326,UOF SOLAR ST TOMAS,NEXUS ENERGÍA (ACT. COMERCIALIZACIÓN RE),100,GENERACION,ZONA ESPAÑOLA,RE Mercado Solar Fotovoltáica,100.0
64,199.693,NXVD327,UOF SOLAR OLIVENZA1,NEXUS ENERGÍA (ACT. COMERCIALIZACIÓN RE),100,GENERACION,ZONA ESPAÑOLA,RE Mercado Solar Fotovoltáica,100.0
64,207.093,NXVD328,UOF SOLAR OLIVENZA2,NEXUS ENERGÍA (ACT. COMERCIALIZACIÓN RE),100,GENERACION,ZONA ESPAÑOLA,RE Mercado Solar Fotovoltáica,100.0
64,214.333,NXVD329,UOF SOLAR VALVERDE,NEXUS ENERGÍA (ACT. COMERCIALIZACIÓN RE),100,GENERACION,ZONA ESPAÑOLA,RE Mercado Solar Fotovoltáica,100.0
64,221.653,NXVD330,UOF SOLAR CASTUERA,NEXUS ENERGÍA (ACT. COMERCIALIZACIÓN RE),100,GENERACION,ZONA ESPAÑOLA,RE Mercado Solar Fotovoltáica,100.0
64,228.973,NXVD331,UOF SOLAR ALGARROBO I,NEXUS ENERGÍA (ACT. COMERCIALIZACIÓN RE),100,GENERACION,ZONA ESPAÑOLA,RE Mercado Solar Fotovoltáica,100.0
64,236.293,NXVD332,UOF SOLAR ALGARROBO II,NEXUS ENERGÍA (ACT. COMERCIALIZACIÓN RE),100,GENERACION,ZONA ESPAÑOLA,RE Mercado Solar Fotovoltáica,100.0
64,243.613,NXVD333,UOF SOLAR ALGARROBO III,NEXUS ENERGÍA (ACT. COMERCIALIZACIÓN RE),100,GENERACION,ZONA ESPAÑOLA,RE Mercado Solar Fotovoltáica,100.0
64,250.933,NXVD334,UOF SOLAR CONTRERAS,NEXUS ENERGÍA (ACT. COMERCIALIZACIÓN RE),100,GENERACION,ZONA ESPAÑOLA,RE Mercado Solar Fotovoltáica,100.0
64,258.253,NXVD335,UOF SOLAR LOCABA,NEXUS ENERGÍA (ACT. COMERCIALIZACIÓN RE),100,GENERACION,ZONA ESPAÑOLA,RE Mercado Solar Fotovoltáica,100.0
64,265.573,NXVD336,UOF SOLAR LA SENIA,NEXUS ENERGÍA (ACT. COMERCIALIZACIÓN RE),100,GENERACION,ZONA ESPAÑOLA,RE Mercado Solar Fotovoltáica,100.0
64,272.893,NXVD337,UOF SOLAR LA SOLLANA,NEXUS ENERGÍA (ACT. COMERCIALIZACIÓN RE),100,GENERACION,ZONA ESPAÑOLA,RE Mercado Solar Fotovoltáica,100.0
64,280.213,NXVD338,UOF SOLAR TURBINTO,NEXUS ENERGÍA (ACT. COMERCIALIZACIÓN RE),100,GENERACION,ZONA ESPAÑOLA,RE Mercado Solar Fotovoltáica,100.0
64,287.533,NXVD339,UOF SOLAR LO ILLAN,NEXUS ENERGÍA (ACT. COMERCIALIZACIÓN RE),100,GENERACION,ZONA ESPAÑOLA,RE Mercado Solar Fotovoltáica,100.0
64,294.853,NXVD340,UOF SOLAR SAN PELAYO,NEXUS ENERGÍA (ACT. COMERCIALIZACIÓN RE),100,GENERACION,ZONA ESPAÑOLA,RE Mercado Solar Fotovoltáica,100.0
64,302.173,NXVD341,UOF SOLAR BELINCHON3,NEXUS ENERGÍA (ACT. COMERCIALIZACIÓN RE),100,GENERACION,ZONA ESPAÑOLA,RE Mercado Solar Fotovoltáica,100.0
64,309.493,NXVD342,UOF SOLAR LA ISLA,NEXUS ENERGÍA (ACT. COMERCIALIZACIÓN RE),100,GENERACION,ZONA ESPAÑOLA,RE Mercado Solar Fotovoltáica,100.0
64,316.813,NXVD344,UOF SOLAR DULCINEA 5,NEXUS ENERGÍA (ACT. COMERCIALIZACIÓN RE),100,GENERACION,ZONA ESPAÑOLA,RE Mercado Solar Fotovoltáica,100.0
64,324.133,NXVD345,UOF SOLAR DULCINEA 6,NEXUS ENERGÍA (ACT. COMERCIALIZACIÓN RE),100,GENERACION,ZONA ESPAÑOLA,RE Mercado Solar Fotovoltáica,100.0
64,331.453,NXVD349,UOF SOLAR ALAMILLA,NEXUS ENERGÍA (ACT. COMERCIALIZACIÓN RE),100,GENERACION,ZONA ESPAÑOLA,RE Mercado Solar Fotovoltáica,100.0
64,338.773,NXVD350,UOF SOLAR YECLA 1,NEXUS ENERGÍA (ACT. COMERCIALIZACIÓN RE),100,GENERACION,ZONA ESPAÑOLA,RE Mercado Solar Fotovoltáica,100.0
64,346.093,NXVD351,UOF SOLAR YECLA 2,NEXUS ENERGÍA (ACT. COMERCIALIZACIÓN RE),100,GENERACION,ZONA ESPAÑOLA,RE Mercado Solar Fotovoltáica,100.0
64,353.413,NXVD352,UOF SOLAR YECLA 3,NEXUS ENERGÍA (ACT. COMERCIALIZACIÓN RE),100,GENERACION,ZONA ESPAÑOLA,RE Mercado Solar Fotovoltáica,100.0
64,360.733,NXVD353,UOF SOLAR BARGAS,NEXUS ENERGÍA (ACT. COMERCIALIZACIÓN RE),100,GENERACION,ZONA ESPAÑOLA,RE Mercado Solar Fotovoltáica,100.0
64,368.093,NXVD354,UOF SOLAR ABENOJAR,NEXUS ENERGÍA (ACT. COMERCIALIZACIÓN RE),100,GENERACION,ZONA ESPAÑOLA,RE Mercado Solar Fotovoltáica,100.0
64,375.373,NXVD355,UOF SOLAR TINAJEROS 1,NEXUS ENERGÍA (ACT. COMERCIALIZACIÓN RE),100,GENERACION,ZONA ESPAÑOLA,RE Mercado Solar Fotovoltáica,100.0
64,382.693,NXVD356,UOF SOLAR TINAJEROS 2,NEXUS ENERGÍA (ACT. COMERCIALIZACIÓN RE),100,GENERACION,ZONA ESPAÑOLA,RE Mercado Solar Fotovoltáica,100.0
64,390.093,NXVD357,UOF SOLAR QUIJOTE 3,NEXUS ENERGÍA (ACT. COMERCIALIZACIÓN RE),100,GENERACION,ZONA ESPAÑOLA,RE Mercado Solar Fotovoltáica,100.0
64,397.333,NXVD358,UOF SOLAR TALAYUELA 1,NEXUS ENERGÍA (ACT. COMERCIALIZACIÓN RE),100,GENERACION,ZONA ESPAÑOLA,RE Mercado Solar Fotovoltáica,100.0
64,404.653,NXVD359,UOF SOLAR TALAYUELA 2,NEXUS ENERGÍA (ACT. COMERCIALIZACIÓN RE),100,GENERACION,ZONA ESPAÑOLA,RE Mercado Solar Fotovoltáica,100.0
64,411.973,NXVD363,UOF SOLAR LA HERRERA,NEXUS ENERGÍA (ACT. COMERCIALIZACIÓN RE),100,GENERACION,ZONA ESPAÑOLA,RE Mercado Solar Fotovoltáica,100.0
64,419.293,NXVD364,UOF SOLAR PITIEGUA,NEXUS ENERGÍA (ACT. COMERCIALIZACIÓN RE),100,GENERACION,ZONA ESPAÑOLA,RE Mercado Solar Fotovoltáica,100.0
64,426.613,NXVD365,MURCIA1,NEXUS ENERGÍA (ACT. COMERCIALIZACIÓN RE),100,GENERACION,ZONA ESPAÑOLA,RE Mercado Solar Fotovoltáica,100.0
64,433.933,NXVD366,UOF SOLAR MURCIA 2,NEXUS ENERGÍA (ACT. COMERCIALIZACIÓN RE),100,GENERACION,ZONA ESPAÑOLA,RE Mercado Solar Fotovoltáica,100.0
64,441.253,NXVD367,UOF SOLAR NOBLEJAS,NEXUS ENERGÍA (ACT. COMERCIALIZACIÓN RE),100,GENERACION,ZONA ESPAÑOLA,RE Mercado Solar Fotovoltáica,100.0
64,448.573,NXVD368,UOF SOLAR CORVERA,NEXUS ENERGÍA (ACT. COMERCIALIZACIÓN RE),100,GENERACION,ZONA ESPAÑOLA,RE Mercado Solar Fotovoltáica,100.0
64,455.893,NXVD370,UOF SOLAR JUNEDA,NEXUS ENERGÍA (ACT. COMERCIALIZACIÓN RE),100,GENERACION,ZONA ESPAÑOLA,RE Mercado Solar Fotovoltáica,100.0
64,463.213,NXVD371,UOF SOLAR BELMEZ 1,NEXUS ENERGÍA (ACT. COMERCIALIZACIÓN RE),100,GENERACION,ZONA ESPAÑOLA,RE Mercado Solar Fotovoltáica,100.0
64,470.533,NXVD372,UOF SOLAR BELMEZ 2,NEXUS ENERGÍA (ACT. COMERCIALIZACIÓN RE),100,GENERACION,ZONA ESPAÑOLA,RE Mercado Solar Fotovoltáica,100.0
64,477.853,NXVD377,UOF SOLAR ALYA,NEXUS ENERGÍA (ACT. COMERCIALIZACIÓN RE),100,GENERACION,ZONA ESPAÑOLA,RE Mercado Solar Fotovoltáica,100.0
64,485.173,NXVD378,UOF SOLAR ALAMAK,NEXUS ENERGÍA (ACT. COMERCIALIZACIÓN RE),100,GENERACION,ZONA ESPAÑOLA,RE Mercado Solar Fotovoltáica,100.0
64,492.493,NXVD380,UOF SOLAR LA TRUCHA,NEXUS ENERGÍA (ACT. COMERCIALIZACIÓN RE),100,GENERACION,ZONA ESPAÑOLA,RE Mercado Solar Fotovoltáica,100.0
64,499.813,NXVD381,UOF SOLAR LAS MULAS,NEXUS ENERGÍA (ACT. COMERCIALIZACIÓN RE),100,GENERACION,ZONA ESPAÑOLA,RE Mercado Solar Fotovoltáica,100.0
64,507.133,NXVD382,UOF SOLAR LAS CAPILLAS,NEXUS ENERGÍA (ACT. COMERCIALIZACIÓN RE),100,GENERACION,ZONA ESPAÑOLA,RE Mercado Solar Fotovoltáica,100.0
64,514.453,NXVD383,UOF SOLAR BURGO DE OSMA1,NEXUS ENERGÍA (ACT. COMERCIALIZACIÓN RE),100,GENERACION,ZONA ESPAÑOLA,RE Mercado Solar Fotovoltáica,100.0
64,521.773,NXVD384,UOF SOLAR BURGO DE OSMA2,NEXUS ENERGÍA (ACT. COMERCIALIZACIÓN RE),100,GENERACION,ZONA ESPAÑOLA,RE Mercado Solar Fotovoltáica,100.0
64,529.093,NXVD385,UOF SOLAR RABIZAS,NEXUS ENERGÍA (ACT. COMERCIALIZACIÓN RE),100,GENERACION,ZONA ESPAÑOLA,RE Mercado Solar Fotovoltáica,100.0
64,536.413,NXVD386,UOF SOLAR CALATRAVA 2,NEXUS ENERGÍA (ACT. COMERCIALIZACIÓN RE),100,GENERACION,ZONA ESPAÑOLA,RE Mercado Solar Fotovoltáica,100.0
64,543.733,NXVD387,UOF SOLAR LENTISCO,NEXUS ENERGÍA (ACT. COMERCIALIZACIÓN RE),100,GENERACION,ZONA ESPAÑOLA,RE Mercado Solar Fotovoltáica,100.0
64,551.093,NXVD389,UOF SOLAR LOS BROVALES,NEXUS ENERGÍA (ACT. COMERCIALIZACIÓN RE),100,GENERACION,ZONA ESPAÑOLA,RE Mercado Solar Fotovoltáica,100.0
64,558.373,NXVD392,UOF SOLAR,NEXUS ENERGÍA (ACT. COMERCIALIZACIÓN RE),100,GENERACION,ZONA ESPAÑOLA,RE Mercado Solar Fotovoltáica,100.0
65,141.133,NXVD393,UOF SOLAR INDINA,NEXUS ENERGÍA (ACT. COMERCIALIZACIÓN RE),100,GENERACION,ZONA ESPAÑOLA,RE Mercado Solar Fotovoltáica,100.0
65,148.453,NXVD394,UOF SOLAR LOS BROVALES2,NEXUS ENERGÍA (ACT. COMERCIALIZACIÓN RE),100,GENERACION,ZONA ESPAÑOLA,RE Mercado Solar Fotovoltáica,100.0
65,155.773,NXVD395,UOF SOLAR LARRAL,NEXUS ENERGÍA (ACT. COMERCIALIZACIÓN RE),100,GENERACION,ZONA ESPAÑOLA,RE Mercado Solar Fotovoltáica,100.0
65,163.093,NXVD396,UOF SOLAR LA PEÑAZA,NEXUS ENERGÍA (ACT. COMERCIALIZACIÓN RE),100,GENERACION,ZONA ESPAÑOLA,RE Mercado Solar Fotovoltáica,100.0
65,170.413,NXVD397,UOF EOLICA TABLARES,NEXUS ENERGÍA (ACT. COMERCIALIZACIÓN RE),100,GENERACION,ZONA ESPAÑOLA,RE Mercado Eólica,100.0
65,177.733,NXVD399,UOF SOLAR BROVALES 1,NEXUS ENERGÍA (ACT. COMERCIALIZACIÓN RE),100,GENERACION,ZONA ESPAÑOLA,RE Mercado Solar Fotovoltáica,100.0
65,185.093,NXVD400,UOF SOLAR LAS CABEZUELAS,NEXUS ENERGÍA (ACT. COMERCIALIZACIÓN RE),100,GENERACION,ZONA ESPAÑOLA,RE Mercado Solar Fotovoltáica,100.0
65,192.373,NXVD403,UOF SOLAR LAS BRISAS,NEXUS ENERGÍA (ACT. COMERCIALIZACIÓN RE),100,GENERACION,ZONA ESPAÑOLA,RE Mercado Solar Fotovoltáica,100.0
65,199.693,NXVD404,UOF SOLAR VALLOBAR,NEXUS ENERGÍA (ACT. COMERCIALIZACIÓN RE),100,GENERACION,ZONA ESPAÑOLA,RE Mercado Solar Fotovoltáica,100.0
65,207.093,NXVD405,UOF SOLAR LA PEÑA 1,NEXUS ENERGÍA (ACT. COMERCIALIZACIÓN RE),100,GENERACION,ZONA ESPAÑOLA,RE Mercado Solar Fotovoltáica,100.0
65,214.333,NXVD406,UOF SOLAR LA PEÑA 2,NEXUS ENERGÍA (ACT. COMERCIALIZACIÓN RE),100,GENERACION,ZONA ESPAÑOLA,RE Mercado Solar Fotovoltáica,100.0
65,221.653,NXVD407,UOF SOLAR LA PUEBLA 2,NEXUS ENERGÍA (ACT. COMERCIALIZACIÓN RE),100,GENERACION,ZONA ESPAÑOLA,RE Mercado Solar Fotovoltáica,100.0
65,228.973,NXVD408,UOF SOLAR LOS POLLOS,NEXUS ENERGÍA (ACT. COMERCIALIZACIÓN RE),100,GENERACION,ZONA ESPAÑOLA,RE Mercado Solar Fotovoltáica,100.0
65,236.293,NXVD409,UOF SOLAR SANTA CATALINA,NEXUS ENERGÍA (ACT. COMERCIALIZACIÓN RE),100,GENERACION,ZONA ESPAÑOLA,RE Mercado Solar Fotovoltáica,100.0
65,243.613,NXVD410,UOF SOLAR BADAJOZ 9,NEXUS ENERGÍA (ACT. COMERCIALIZACIÓN RE),100,GENERACION,ZONA ESPAÑOLA,RE Mercado Solar Fotovoltáica,100.0
65,250.933,NXVD411,UOF SOLAR PELEAS 14,NEXUS ENERGÍA (ACT. COMERCIALIZACIÓN RE),100,GENERACION,ZONA ESPAÑOLA,RE Mercado Solar Fotovoltáica,100.0
65,258.253,NXVD412,UOF SOLAR MERIDA 19,NEXUS ENERGÍA (ACT. COMERCIALIZACIÓN RE),100,GENERACION,ZONA ESPAÑOLA,RE Mercado Solar Fotovoltáica,100.0
65,265.573,NXVD413,UOF SOLAR ALBETA 1,NEXUS ENERGÍA (ACT. COMERCIALIZACIÓN RE),100,GENERACION,ZONA ESPAÑOLA,RE Mercado Solar Fotovoltáica,100.0
65,272.893,NXVD414,UOF SOLAR ALBETA 2,NEXUS ENERGÍA (ACT. COMERCIALIZACIÓN RE),100,GENERACION,ZONA ESPAÑOLA,RE Mercado Solar Fotovoltáica,100.0
65,280.213,NXVD415,UOF SOLAR ARBA,NEXUS ENERGÍA (ACT. COMERCIALIZACIÓN RE),100,GENERACION,ZONA ESPAÑOLA,RE Mercado Solar Fotovoltáica,100.0
65,287.533,NXVD416,UOF SOLAR NOEZ,NEXUS ENERGÍA (ACT. COMERCIALIZACIÓN RE),100,GENERACION,ZONA ESPAÑOLA,RE Mercado Solar Fotovoltáica,100.0
65,294.853,NXVD417,UOF SOLAR MAZARAMBROZ,NEXUS ENERGÍA (ACT. COMERCIALIZACIÓN RE),100,GENERACION,ZONA ESPAÑOLA,RE Mercado Solar Fotovoltáica,100.0
65,302.173,NXVD418,UOF EOLICA SOTAVENTO,NEXUS ENERGÍA (ACT. COMERCIALIZACIÓN RE),100,GENERACION,ZONA ESPAÑOLA,RE Mercado Eólica,100.0
65,309.493,NXVD419,UOF SOLAR NOVELDA I,NEXUS ENERGÍA (ACT. COMERCIALIZACIÓN RE),100,GENERACION,ZONA ESPAÑOLA,RE Mercado Solar Fotovoltáica,100.0
65,316.813,NXVD421,UOF SOLAR VERDINALES,NEXUS ENERGÍA (ACT. COMERCIALIZACIÓN RE),100,GENERACION,ZONA ESPAÑOLA,RE Mercado Solar Fotovoltáica,100.0
65,324.133,NXVD422,UOF SOLAR SOLNOCTIS6,NEXUS ENERGÍA (ACT. COMERCIALIZACIÓN RE),100,GENERACION,ZONA ESPAÑOLA,RE Mercado Solar Fotovoltáica,100.0
65,331.453,NXVD423,UOF SOLAR OBAGOLS,NEXUS ENERGÍA (ACT. COMERCIALIZACIÓN RE),100,GENERACION,ZONA ESPAÑOLA,RE Mercado Solar Fotovoltáica,100.0
65,338.773,NXVD424,UOF SOLAR CANILES,NEXUS ENERGÍA (ACT. COMERCIALIZACIÓN RE),100,GENERACION,ZONA ESPAÑOLA,RE Mercado Solar Fotovoltáica,100.0
65,346.093,NXVD426,UOF SOLAR ARCA,NEXUS ENERGÍA (ACT. COMERCIALIZACIÓN RE),100,GENERACION,ZONA ESPAÑOLA,RE Mercado Solar Fotovoltáica,100.0
65,353.413,NXVD427,UOF EOLICA COMIOLICA,NEXUS ENERGÍA (ACT. COMERCIALIZACIÓN RE),100,GENERACION,ZONA ESPAÑOLA,RE Mercado Eólica,100.0
65,360.733,NXVD428,UOF TERMOSOLAR ARIES1,NEXUS ENERGÍA (ACT. COMERCIALIZACIÓN RE),100,GENERACION,ZONA ESPAÑOLA,RE Mercado Solar Térmica,100.0
65,368.093,NXVD429,UOF TERMOSOLAR ARIES2,NEXUS ENERGÍA (ACT. COMERCIALIZACIÓN RE),100,GENERACION,ZONA ESPAÑOLA,RE Mercado Solar Térmica,100.0
65,375.373,NXVD430,UOF TERMOSOLAR DIOXIPE,NEXUS ENERGÍA (ACT. COMERCIALIZACIÓN RE),100,GENERACION,ZONA ESPAÑOLA,RE Mercado Solar Térmica,100.0
65,382.693,NXVD431,UOF SOLAR CARMONA,NEXUS ENERGÍA (ACT. COMERCIALIZACIÓN RE),100,GENERACION,ZONA ESPAÑOLA,RE Mercado Solar Fotovoltáica,100.0
65,390.093,NXVD432,UOF SOLAR CARMONA 1,NEXUS ENERGÍA (ACT. COMERCIALIZACIÓN RE),100,GENERACION,ZONA ESPAÑOLA,RE Mercado Solar Fotovoltáica,100.0
65,397.333,NXVD433,UOF SOLAR BARCONES,NEXUS ENERGÍA (ACT. COMERCIALIZACIÓN RE),100,GENERACION,ZONA ESPAÑOLA,RE Mercado Solar Fotovoltáica,100.0
65,404.653,NXVD438,UOF SOLAR CENTROVIA 1,NEXUS ENERGÍA (ACT. COMERCIALIZACIÓN RE),100,GENERACION,ZONA ESPAÑOLA,RE Mercado Solar Fotovoltáica,100.0
65,411.973,NXVD439,UOF SOLAR CENTROVIA 2,NEXUS ENERGÍA (ACT. COMERCIALIZACIÓN RE),100,GENERACION,ZONA ESPAÑOLA,RE Mercado Solar Fotovoltáica,100.0
65,419.293,NXVD440,UOF SOLAR CENTROVIA 3,NEXUS ENERGÍA (ACT. COMERCIALIZACIÓN RE),100,GENERACION,ZONA ESPAÑOLA,RE Mercado Solar Fotovoltáica,100.0
65,426.613,NXVD442,UOF SOLAR SIBERIA,NEXUS ENERGÍA (ACT. COMERCIALIZACIÓN RE),100,GENERACION,ZONA ESPAÑOLA,RE Mercado Solar Fotovoltáica,100.0
65,433.933,NXVD443,UOF SOLAR CELEO,NEXUS ENERGÍA (ACT. COMERCIALIZACIÓN RE),100,GENERACION,ZONA ESPAÑOLA,RE Mercado Solar Fotovoltáica,100.0
65,441.253,NXVD444,UOF SOLAR GUARROMAN 81,NEXUS ENERGÍA (ACT. COMERCIALIZACIÓN RE),100,GENERACION,ZONA ESPAÑOLA,RE Mercado Solar Fotovoltáica,100.0
65,448.573,NXVD446,UOF SOLAR MADRIGAL 1,NEXUS ENERGÍA (ACT. COMERCIALIZACIÓN RE),100,GENERACION,ZONA ESPAÑOLA,RE Mercado Solar Fotovoltáica,100.0
65,455.893,NXVD447,UOF SOLAR MADRIGAL 2,NEXUS ENERGÍA (ACT. COMERCIALIZACIÓN RE),100,GENERACION,ZONA ESPAÑOLA,RE Mercado Solar Fotovoltáica,100.0
65,463.213,NXVD448,UOF RESIDUOS JEREZ,NEXUS ENERGÍA (ACT. COMERCIALIZACIÓN RE),100,GENERACION,ZONA ESPAÑOLA,RE Mercado Térmica Renovable,100.0
65,470.533,NXVD449,UOF SOLAR CONDADO,NEXUS ENERGÍA (ACT. COMERCIALIZACIÓN RE),100,GENERACION,ZONA ESPAÑOLA,RE Mercado Solar Fotovoltáica,100.0
65,477.853,NXVD450,UOF SOLAR SAN CRISTOBAL,NEXUS ENERGÍA (ACT. COMERCIALIZACIÓN RE),100,GENERACION,ZONA ESPAÑOLA,RE Mercado Solar Fotovoltáica,100.0
65,485.173,NXVD453,UOF SOLAR PEDERNOSO,NEXUS ENERGÍA (ACT. COMERCIALIZACIÓN RE),100,GENERACION,ZONA ESPAÑOLA,RE Mercado Solar Fotovoltáica,100.0
65,492.493,NXVD454,UOF SOLAR SAN CLEMENTE,NEXUS ENERGÍA (ACT. COMERCIALIZACIÓN RE),100,GENERACION,ZONA ESPAÑOLA,RE Mercado Solar Fotovoltáica,100.0
65,499.813,NXVD456,UOF SOLAR ALCONCHEL,NEXUS ENERGÍA (ACT. COMERCIALIZACIÓN RE),100,GENERACION,ZONA ESPAÑOLA,RE Mercado Solar Fotovoltáica,100.0
65,507.133,NXVD457,UOF SOLAR ZANCONES,NEXUS ENERGÍA (ACT. COMERCIALIZACIÓN RE),100,GENERACION,ZONA ESPAÑOLA,RE Mercado Solar Fotovoltáica,100.0
65,514.453,NXVD458,UOF SOLAR VILLAMAYOR,NEXUS ENERGÍA (ACT. COMERCIALIZACIÓN RE),100,GENERACION,ZONA ESPAÑOLA,RE Mercado Solar Fotovoltáica,100.0
65,521.773,NXVD459,UOF SOLAR BASIR 51,NEXUS ENERGÍA (ACT. COMERCIALIZACIÓN RE),100,GENERACION,ZONA ESPAÑOLA,RE Mercado Solar Fotovoltáica,100.0
65,529.093,NXVD460,UOF SOLAR NAVELOS,NEXUS ENERGÍA (ACT. COMERCIALIZACIÓN RE),100,GENERACION,ZONA ESPAÑOLA,RE Mercado Solar Fotovoltáica,100.0
65,536.413,NXVD461,UOF SOLAR OLIVA,NEXUS ENERGÍA (ACT. COMERCIALIZACIÓN RE),100,GENERACION,ZONA ESPAÑOLA,RE Mercado Solar Fotovoltáica,100.0
65,543.733,NXVD462,UOF SOLAR DEGREEN,NEXUS ENERGÍA (ACT. COMERCIALIZACIÓN RE),100,GENERACION,ZONA ESPAÑOLA,RE Mercado Solar Fotovoltáica,100.0
65,551.093,NXVD463,UOF SOLAR MANZANEQUE,NEXUS ENERGÍA (ACT. COMERCIALIZACIÓN RE),100,GENERACION,ZONA ESPAÑOLA,RE Mercado Solar Fotovoltáica,100.0
65,558.373,NXVD464,UOF SOLAR ULLDECONA,NEXUS ENERGÍA (ACT. COMERCIALIZACIÓN RE),100,GENERACION,ZONA ESPAÑOLA,RE Mercado Solar Fotovoltáica,100.0
66,141.133,NXVD465,UOF SOLAR LA GALERA,NEXUS ENERGÍA (ACT. COMERCIALIZACIÓN RE),100,GENERACION,ZONA ESPAÑOLA,RE Mercado Solar Fotovoltáica,100.0
66,148.453,NXVD466,UOF SOLAR SAN CLEMENTE,NEXUS ENERGÍA (ACT. COMERCIALIZACIÓN RE),100,GENERACION,ZONA ESPAÑOLA,RE Mercado Solar Fotovoltáica,100.0
66,155.773,NXVD467,UOF SOLAR CABILDO,NEXUS ENERGÍA (ACT. COMERCIALIZACIÓN RE),100,GENERACION,ZONA ESPAÑOLA,RE Mercado Solar Fotovoltáica,100.0
66,163.093,NXVD468,UOF SOLAR ATAQUINES,NEXUS ENERGÍA (ACT. COMERCIALIZACIÓN RE),100,GENERACION,ZONA ESPAÑOLA,RE Mercado Solar Fotovoltáica,100.0
66,170.413,NXVD471,UOF SOLAR ONDA A,NEXUS ENERGÍA (ACT. COMERCIALIZACIÓN RE),100,GENERACION,ZONA ESPAÑOLA,RE Mercado Solar Fotovoltáica,100.0
66,177.733,NXVD472,UOF SOLAR YUNQUE,NEXUS ENERGÍA (ACT. COMERCIALIZACIÓN RE),100,GENERACION,ZONA ESPAÑOLA,RE Mercado Solar Fotovoltáica,100.0
66,185.093,NXVD473,UOF SOLAR FAGUS,NEXUS ENERGÍA (ACT. COMERCIALIZACIÓN RE),100,GENERACION,ZONA ESPAÑOLA,RE Mercado Solar Fotovoltáica,100.0
66,192.373,NXVD474,UOF SOLAR CASTANEA,NEXUS ENERGÍA (ACT. COMERCIALIZACIÓN RE),100,GENERACION,ZONA ESPAÑOLA,RE Mercado Solar Fotovoltáica,100.0
66,199.693,NXVD475,UOF SOLAR CORYLUS,NEXUS ENERGÍA (ACT. COMERCIALIZACIÓN RE),100,GENERACION,ZONA ESPAÑOLA,RE Mercado Solar Fotovoltáica,100.0
66,207.093,NXVD476,UOF SOLAR BETULA,NEXUS ENERGÍA (ACT. COMERCIALIZACIÓN RE),100,GENERACION,ZONA ESPAÑOLA,RE Mercado Solar Fotovoltáica,100.0
66,214.333,NXVD477,UOF SOLAR GAMONOSA,NEXUS ENERGÍA (ACT. COMERCIALIZACIÓN RE),100,GENERACION,ZONA ESPAÑOLA,RE Mercado Solar Fotovoltáica,100.0
66,221.653,NXVD478,UOF SOLAR PARQUE2,NEXUS ENERGÍA (ACT. COMERCIALIZACIÓN RE),100,GENERACION,ZONA ESPAÑOLA,RE Mercado Solar Fotovoltáica,100.0
66,228.973,NXVD479,UOF SOLAR PARED6,NEXUS ENERGÍA (ACT. COMERCIALIZACIÓN RE),100,GENERACION,ZONA ESPAÑOLA,RE Mercado Solar Fotovoltáica,100.0
66,236.293,NXVD480,UOF SOLAR PARED4,NEXUS ENERGÍA (ACT. COMERCIALIZACIÓN RE),100,GENERACION,ZONA ESPAÑOLA,RE Mercado Solar Fotovoltáica,100.0
66,243.613,NXVD481,UOF SOLAR PARED3,NEXUS ENERGÍA (ACT. COMERCIALIZACIÓN RE),100,GENERACION,ZONA ESPAÑOLA,RE Mercado Solar Fotovoltáica,100.0
66,250.933,NXVD482,UOF SOLAR PARED7,NEXUS ENERGÍA (ACT. COMERCIALIZACIÓN RE),100,GENERACION,ZONA ESPAÑOLA,RE Mercado Solar Fotovoltáica,100.0
66,258.253,NXVD483,UOF SOLAR PARED5,NEXUS ENERGÍA (ACT. COMERCIALIZACIÓN RE),100,GENERACION,ZONA ESPAÑOLA,RE Mercado Solar Fotovoltáica,100.0
66,265.573,NXVD484,UOF SOLAR ARPAL,NEXUS ENERGÍA (ACT. COMERCIALIZACIÓN RE),100,GENERACION,ZONA ESPAÑOLA,RE Mercado Solar Fotovoltáica,100.0
66,272.893,NXVD485,UOF SOLAR EKIOLA,NEXUS ENERGÍA (ACT. COMERCIALIZACIÓN RE),100,GENERACION,ZONA ESPAÑOLA,RE Mercado Solar Fotovoltáica,100.0
66,280.213,NXVD486,UOF SOLAR MIRALBAIDA,NEXUS ENERGÍA (ACT. COMERCIALIZACIÓN RE),100,GENERACION,ZONA ESPAÑOLA,RE Mercado Solar Fotovoltáica,100.0
66,287.533,NXVD487,UOF SOLAR CUBLA,NEXUS ENERGÍA (ACT. COMERCIALIZACIÓN RE),100,GENERACION,ZONA ESPAÑOLA,RE Mercado Solar Fotovoltáica,100.0
66,294.853,NXVD488,UOF SOLAR PHILIPS,NEXUS ENERGÍA (ACT. COMERCIALIZACIÓN RE),100,GENERACION,ZONA ESPAÑOLA,RE Mercado Solar Fotovoltáica,100.0
66,302.173,NXVD489,UOF SOLAR SOL Y VIENTO,NEXUS ENERGÍA (ACT. COMERCIALIZACIÓN RE),100,GENERACION,ZONA ESPAÑOLA,RE Mercado Solar Fotovoltáica,100.0
66,309.493,NXVD490,UOF SOLAR ALBESA,NEXUS ENERGÍA (ACT. COMERCIALIZACIÓN RE),100,GENERACION,ZONA ESPAÑOLA,RE Mercado Solar Fotovoltáica,100.0
66,316.813,NXVD491,UOF SOLAR TORREGROSA,NEXUS ENERGÍA (ACT. COMERCIALIZACIÓN RE),100,GENERACION,ZONA ESPAÑOLA,RE Mercado Solar Fotovoltáica,100.0
66,324.133,NXVD493,UOF SOLAR ALONDE,NEXUS ENERGÍA (ACT. COMERCIALIZACIÓN RE),100,GENERACION,ZONA ESPAÑOLA,RE Mercado Solar Fotovoltáica,100.0
66,331.453,NXVD494,UOF SOLAR TAUSTE,NEXUS ENERGÍA (ACT. COMERCIALIZACIÓN RE),100,GENERACION,ZONA ESPAÑOLA,RE Mercado Solar Fotovoltáica,100.0
66,338.773,NXVD495,UOF SOLAR TEBAR,NEXUS ENERGÍA (ACT. COMERCIALIZACIÓN RE),100,GENERACION,ZONA ESPAÑOLA,RE Mercado Solar Fotovoltáica,100.0
66,346.093,NXVD496,UOF SOLAR CANES,NEXUS ENERGÍA (ACT. COMERCIALIZACIÓN RE),100,GENERACION,ZONA ESPAÑOLA,RE Mercado Solar Fotovoltáica,100.0
66,353.413,NXVD497,UOF HIDRO LEIRA,NEXUS ENERGÍA (ACT. COMERCIALIZACIÓN RE),100,GENERACION,ZONA ESPAÑOLA,RE Mercado Hidráulica,100.0
66,360.733,NXVD498,UOF SOLAR ABACUS,NEXUS ENERGÍA (ACT. COMERCIALIZACIÓN RE),100,GENERACION,ZONA ESPAÑOLA,RE Mercado Solar Fotovoltáica,100.0
66,368.093,NXVD499,UOF SOLAR CLASA,NEXUS ENERGÍA (ACT. COMERCIALIZACIÓN RE),100,GENERACION,ZONA ESPAÑOLA,RE Mercado Solar Fotovoltáica,100.0
66,375.373,NXVD500,UOF SOLAR LA SANTA,NEXUS ENERGÍA (ACT. COMERCIALIZACIÓN RE),100,GENERACION,ZONA ESPAÑOLA,RE Mercado Solar Fotovoltáica,100.0
66,382.693,NXVD501,UOF SOLAR CAMPO LUGAR,NEXUS ENERGÍA (ACT. COMERCIALIZACIÓN RE),100,GENERACION,ZONA ESPAÑOLA,RE Mercado Solar Fotovoltáica,100.0
66,390.093,NXVD502,UOF SOLAR SANABRIA,NEXUS ENERGÍA (ACT. COMERCIALIZACIÓN RE),100,GENERACION,ZONA ESPAÑOLA,RE Mercado Solar Fotovoltáica,100.0
66,397.333,NXVD503,UOF SOLAR RIBADELAGO,NEXUS ENERGÍA (ACT. COMERCIALIZACIÓN RE),100,GENERACION,ZONA ESPAÑOLA,RE Mercado Solar Fotovoltáica,100.0
66,404.653,NXVD504,UOF SOLAR LEA ARTIBAIKO,NEXUS ENERGÍA (ACT. COMERCIALIZACIÓN RE),100,GENERACION,ZONA ESPAÑOLA,RE Mercado Solar Fotovoltáica,100.0
66,411.973,NXVD505,UOF SOLAR GORBEIALDEKO,NEXUS ENERGÍA (ACT. COMERCIALIZACIÓN RE),100,GENERACION,ZONA ESPAÑOLA,RE Mercado Solar Fotovoltáica,100.0
66,419.293,NXVD506,UOF PALLERUELA,NEXUS ENERGÍA (ACT. COMERCIALIZACIÓN RE),100,GENERACION,ZONA ESPAÑOLA,RE Mercado Solar Fotovoltáica,100.0
66,426.613,NXVD509,UOF SOLAR PR2,NEXUS ENERGÍA (ACT. COMERCIALIZACIÓN RE),100,GENERACION,ZONA ESPAÑOLA,RE Mercado Solar Fotovoltáica,100.0
66,433.933,NXVD510,UOF SOLAR PR3,NEXUS ENERGÍA (ACT. COMERCIALIZACIÓN RE),100,GENERACION,ZONA ESPAÑOLA,RE Mercado Solar Fotovoltáica,100.0
66,441.253,NXVD511,UOF SOLAR PARQUE 1,NEXUS ENERGÍA (ACT. COMERCIALIZACIÓN RE),100,GENERACION,ZONA ESPAÑOLA,RE Mercado Solar Fotovoltáica,100.0
66,448.573,NXVD512,UOF SOLAR ERGON,NEXUS ENERGÍA (ACT. COMERCIALIZACIÓN RE),100,GENERACION,ZONA ESPAÑOLA,RE Mercado Solar Fotovoltáica,100.0
66,455.893,NXVD513,UOF SOLAR ALMORAUGE,NEXUS ENERGÍA (ACT. COMERCIALIZACIÓN RE),100,GENERACION,ZONA ESPAÑOLA,RE Mercado Solar Fotovoltáica,100.0
66,463.213,NXVD514,UOF SOLAR MER2,NEXUS ENERGÍA (ACT. COMERCIALIZACIÓN RE),100,GENERACION,ZONA ESPAÑOLA,RE Mercado Solar Fotovoltáica,100.0
66,470.533,NXVD515,UOF SOLAR MER3,NEXUS ENERGÍA (ACT. COMERCIALIZACIÓN RE),100,GENERACION,ZONA ESPAÑOLA,RE Mercado Solar Fotovoltáica,100.0
66,477.853,NXVD516,UOF HIBRIDA RIO EBRO,NEXUS ENERGÍA (ACT. COMERCIALIZACIÓN RE),100,GENERACION,ZONA ESPAÑOLA,RE Mercado Eólica,100.0
66,485.173,NXVD517,UOF SOLAR TERRER,NEXUS ENERGÍA (ACT. COMERCIALIZACIÓN RE),100,GENERACION,ZONA ESPAÑOLA,RE Mercado Solar Fotovoltáica,100.0
66,492.493,NXVD518,UOF HIBRIDA RIO EBRO2,NEXUS ENERGÍA (ACT. COMERCIALIZACIÓN RE),100,GENERACION,ZONA ESPAÑOLA,RE Mercado Eólica,100.0
66,499.813,NXVD519,UOF SOLAR ZARATAN,NEXUS ENERGÍA (ACT. COMERCIALIZACIÓN RE),100,GENERACION,ZONA ESPAÑOLA,RE Mercado Solar Fotovoltáica,100.0
66,507.133,NXVD520,UOF SOLAR EL RODEO,NEXUS ENERGÍA (ACT. COMERCIALIZACIÓN RE),100,GENERACION,ZONA ESPAÑOLA,RE Mercado Solar Fotovoltáica,100.0
66,514.453,NXVD521,UOF SOLAR VALENTINS,NEXUS ENERGÍA (ACT. COMERCIALIZACIÓN RE),100,GENERACION,ZONA ESPAÑOLA,RE Mercado Solar Fotovoltáica,100.0
66,521.773,NXVD522,UOF SOLAR BECERRIL,NEXUS ENERGÍA (ACT. COMERCIALIZACIÓN RE),100,GENERACION,ZONA ESPAÑOLA,RE Mercado Solar Fotovoltáica,100.0
66,529.093,NXVD523,UOF SOLAR PALOMERA,NEXUS ENERGÍA (ACT. COMERCIALIZACIÓN RE),100,GENERACION,ZONA ESPAÑOLA,RE Mercado Solar Fotovoltáica,100.0
66,536.413,NXVD524,UOF RESIDUOS RESIDVO,NEXUS ENERGÍA (ACT. COMERCIALIZACIÓN RE),100,GENERACION,ZONA ESPAÑOLA,RE Mercado Térmica Renovable,100.0
66,543.733,NXVD525,UOF RESIDUOS VACARISSES,NEXUS ENERGÍA (ACT. COMERCIALIZACIÓN RE),100,GENERACION,ZONA ESPAÑOLA,RE Mercado Térmica Renovable,100.0
66,551.093,NXVD526,UOF RESIDUOS RENDIJA,NEXUS ENERGÍA (ACT. COMERCIALIZACIÓN RE),100,GENERACION,ZONA ESPAÑOLA,RE Mercado Térmica Renovable,100.0
66,558.373,NXVD527,UOF RESIDUOS VERT ALCALA,NEXUS ENERGÍA (ACT. COMERCIALIZACIÓN RE),100,GENERACION,ZONA ESPAÑOLA,RE Mercado Térmica Renovable,100.0
67,141.133,NXVD528,UOF HIDRO BAUSEN,NEXUS ENERGÍA (ACT. COMERCIALIZACIÓN RE),100,GENERACION,ZONA ESPAÑOLA,RE Mercado Hidráulica,100.0
67,148.453,NXVD529,UOF SOLAR SAN VALENTIN 1,NEXUS ENERGÍA (ACT. COMERCIALIZACIÓN RE),100,GENERACION,ZONA ESPAÑOLA,RE Mercado Solar Fotovoltáica,100.0
67,155.773,NXVD530,UOF HIBRIDA PEDROLA,NEXUS ENERGÍA (ACT. COMERCIALIZACIÓN RE),100,GENERACION,ZONA ESPAÑOLA,Híbrida Renovable,100.0
67,163.093,NXVD531,UOF HIBRIDA AGUILA,NEXUS ENERGÍA (ACT. COMERCIALIZACIÓN RE),100,GENERACION,ZONA ESPAÑOLA,Híbrida Renovable,100.0
67,170.413,NXVD532,UOF HIBRIDA AGUILI,NEXUS ENERGÍA (ACT. COMERCIALIZACIÓN RE),100,GENERACION,ZONA ESPAÑOLA,Híbrida Renovable,100.0
67,177.733,NXVD533,UOF SOLAR CIBANAL,NEXUS ENERGÍA (ACT. COMERCIALIZACIÓN RE),100,GENERACION,ZONA ESPAÑOLA,RE Mercado Solar Fotovoltáica,100.0
67,185.093,NXVD534,UOF SOLAR CARRASCA,NEXUS ENERGÍA (ACT. COMERCIALIZACIÓN RE),100,GENERACION,ZONA ESPAÑOLA,RE Mercado Solar Fotovoltáica,100.0
67,192.373,NXVD535,UOF SOLAR CARROCERIAS,NEXUS ENERGÍA (ACT. COMERCIALIZACIÓN RE),100,GENERACION,ZONA ESPAÑOLA,RE Mercado Solar Fotovoltáica,100.0
67,199.693,NXVD536,UOF SOLAR POWERSOL,NEXUS ENERGÍA (ACT. COMERCIALIZACIÓN RE),100,GENERACION,ZONA ESPAÑOLA,RE Mercado Solar Fotovoltáica,100.0
67,207.093,NXVD537,UOF SOLAR VILLAQUIRAN,NEXUS ENERGÍA (ACT. COMERCIALIZACIÓN RE),100,GENERACION,ZONA ESPAÑOLA,RE Mercado Solar Fotovoltáica,100.0
67,214.333,NXVD538,UOF SOLAR MARCHENA,NEXUS ENERGÍA (ACT. COMERCIALIZACIÓN RE),100,GENERACION,ZONA ESPAÑOLA,RE Mercado Solar Fotovoltáica,100.0
67,221.653,NXVD539,UOF SOLAR GUADALCAZAR,NEXUS ENERGÍA (ACT. COMERCIALIZACIÓN RE),100,GENERACION,ZONA ESPAÑOLA,RE Mercado Solar Fotovoltáica,100.0
67,228.973,NXVD540,UOF SOLAR ALMODOVAR DEL RIO I,NEXUS ENERGÍA (ACT. COMERCIALIZACIÓN RE),100,GENERACION,ZONA ESPAÑOLA,RE Mercado Solar Fotovoltáica,100.0
67,236.293,NXVD541,UOF SOLAR ALMODOVAR,NEXUS ENERGÍA (ACT. COMERCIALIZACIÓN RE),100,GENERACION,ZONA ESPAÑOLA,RE Mercado Solar Fotovoltáica,100.0
67,243.613,NXVD542,UOF SOLAR RUSANDO,NEXUS ENERGÍA (ACT. COMERCIALIZACIÓN RE),100,GENERACION,ZONA ESPAÑOLA,RE Mercado Solar Fotovoltáica,100.0
67,250.933,NXVD543,UOF SOLAR PQ1,NEXUS ENERGÍA (ACT. COMERCIALIZACIÓN RE),100,GENERACION,ZONA ESPAÑOLA,RE Mercado Solar Fotovoltáica,100.0
67,258.253,NXVD544,UOF SOLAR REY1,NEXUS ENERGÍA (ACT. COMERCIALIZACIÓN RE),100,GENERACION,ZONA ESPAÑOLA,RE Mercado Solar Fotovoltáica,100.0
67,265.573,NXVD545,UOF SOLAR REY2,NEXUS ENERGÍA (ACT. COMERCIALIZACIÓN RE),100,GENERACION,ZONA ESPAÑOLA,RE Mercado Solar Fotovoltáica,100.0
67,272.893,NXVD546,UOF SOLAR REY3,NEXUS ENERGÍA (ACT. COMERCIALIZACIÓN RE),100,GENERACION,ZONA ESPAÑOLA,RE Mercado Solar Fotovoltáica,100.0
67,280.213,NXVD547,UOF SOLAR REY4,NEXUS ENERGÍA (ACT. COMERCIALIZACIÓN RE),100,GENERACION,ZONA ESPAÑOLA,RE Mercado Solar Fotovoltáica,100.0
67,287.533,NXVD548,UOF HIBRIDA COSCOJAR,NEXUS ENERGÍA (ACT. COMERCIALIZACIÓN RE),100,GENERACION,ZONA ESPAÑOLA,Híbrida Renovable,100.0
67,294.853,NXVD549,UOF SOLAR MERINERO,NEXUS ENERGÍA (ACT. COMERCIALIZACIÓN RE),100,GENERACION,ZONA ESPAÑOLA,RE Mercado Solar Fotovoltáica,100.0
67,302.173,NXVD550,UOF SOLAR YUNCLILLOS,NEXUS ENERGÍA (ACT. COMERCIALIZACIÓN RE),100,GENERACION,ZONA ESPAÑOLA,RE Mercado Solar Fotovoltáica,100.0
67,309.493,NXVD551,UOF SOLAR PINTA,NEXUS ENERGÍA (ACT. COMERCIALIZACIÓN RE),100,GENERACION,ZONA ESPAÑOLA,RE Mercado Solar Fotovoltáica,100.0
67,316.813,NXVD553,UOF SOLAR PALMAR,NEXUS ENERGÍA (ACT. COMERCIALIZACIÓN RE),100,GENERACION,ZONA ESPAÑOLA,RE Mercado Solar Fotovoltáica,100.0
67,324.133,NXVD556,UOF SOLAR CHUCENA 2,NEXUS ENERGÍA (ACT. COMERCIALIZACIÓN RE),100,GENERACION,ZONA ESPAÑOLA,RE Mercado Solar Fotovoltáica,100.0
67,331.453,NXVD557,UOF SOLAR AZNALCOLLAR,NEXUS ENERGÍA (ACT. COMERCIALIZACIÓN RE),100,GENERACION,ZONA ESPAÑOLA,RE Mercado Solar Fotovoltáica,100.0
67,338.773,NXVD558,UF SOLAR CARMONA 1,NEXUS ENERGÍA (ACT. COMERCIALIZACIÓN RE),100,GENERACION,ZONA ESPAÑOLA,RE Mercado Solar Fotovoltáica,100.0
67,346.093,NXVD559,UOF SOLAR CARMONA 2,NEXUS ENERGÍA (ACT. COMERCIALIZACIÓN RE),100,GENERACION,ZONA ESPAÑOLA,RE Mercado Solar Fotovoltáica,100.0
67,353.413,NXVD560,UOF SOLAR CARMONA 3,NEXUS ENERGÍA (ACT. COMERCIALIZACIÓN RE),100,GENERACION,ZONA ESPAÑOLA,RE Mercado Solar Fotovoltáica,100.0
67,360.733,NXVD561,UOF SOLAR HUELVES,NEXUS ENERGÍA (ACT. COMERCIALIZACIÓN RE),100,GENERACION,ZONA ESPAÑOLA,RE Mercado Solar Fotovoltáica,100.0
67,368.093,NXVD562,UOF SOLAR CACERES 1,NEXUS ENERGÍA (ACT. COMERCIALIZACIÓN RE),100,GENERACION,ZONA ESPAÑOLA,RE Mercado Solar Fotovoltáica,100.0
67,375.373,NXVD563,UOF SOLAR CASAQUEMADA SOLAR,NEXUS ENERGÍA (ACT. COMERCIALIZACIÓN RE),100,GENERACION,ZONA ESPAÑOLA,RE Mercado Solar Fotovoltáica,100.0
67,382.693,NXVD564,UOF SOLAR CACERES 2,NEXUS ENERGÍA (ACT. COMERCIALIZACIÓN RE),100,GENERACION,ZONA ESPAÑOLA,RE Mercado Solar Fotovoltáica,100.0
67,390.093,NXVD565,UOF SOLAR ALSEMUR1,NEXUS ENERGÍA (ACT. COMERCIALIZACIÓN RE),100,GENERACION,ZONA ESPAÑOLA,RE Mercado Solar Fotovoltáica,100.0
67,397.333,NXVD566,UOF SOLAR ALSEMUR2,NEXUS ENERGÍA (ACT. COMERCIALIZACIÓN RE),100,GENERACION,ZONA ESPAÑOLA,RE Mercado Solar Fotovoltáica,100.0
67,404.653,NXVD567,UOF SOLAR ALSEMUR3,NEXUS ENERGÍA (ACT. COMERCIALIZACIÓN RE),100,GENERACION,ZONA ESPAÑOLA,RE Mercado Solar Fotovoltáica,100.0
67,411.973,NXVD568,UOF SOLAR BARROS1,NEXUS ENERGÍA (ACT. COMERCIALIZACIÓN RE),100,GENERACION,ZONA ESPAÑOLA,RE Mercado Solar Fotovoltáica,100.0
67,419.293,NXVD569,UOF SOLAR BARROS2,NEXUS ENERGÍA (ACT. COMERCIALIZACIÓN RE),100,GENERACION,ZONA ESPAÑOLA,RE Mercado Solar Fotovoltáica,100.0
67,426.613,NXVD570,UOF SOLAR VALSEQUILLO,NEXUS ENERGÍA (ACT. COMERCIALIZACIÓN RE),100,GENERACION,ZONA ESPAÑOLA,RE Mercado Solar Fotovoltáica,100.0
67,433.933,NXVD571,UOF EOLICA VALDEHIERRO,NEXUS ENERGÍA (ACT. COMERCIALIZACIÓN RE),100,GENERACION,ZONA ESPAÑOLA,RE Mercado Eólica,100.0
67,441.253,NXVD572,UOF SOLAR PISORACA 3,NEXUS ENERGÍA (ACT. COMERCIALIZACIÓN RE),100,GENERACION,ZONA ESPAÑOLA,RE Mercado Solar Fotovoltáica,100.0
67,448.573,NXVD573,UOF SOLAR PISORACA 2,NEXUS ENERGÍA (ACT. COMERCIALIZACIÓN RE),100,GENERACION,ZONA ESPAÑOLA,RE Mercado Solar Fotovoltáica,100.0
67,455.893,NXVD574,UOF SOLAR GRIJOTA 5,NEXUS ENERGÍA (ACT. COMERCIALIZACIÓN RE),100,GENERACION,ZONA ESPAÑOLA,RE Mercado Solar Fotovoltáica,100.0
67,463.213,NXVD575,UOF SOLAR GRIJOTA 4,NEXUS ENERGÍA (ACT. COMERCIALIZACIÓN RE),100,GENERACION,ZONA ESPAÑOLA,RE Mercado Solar Fotovoltáica,100.0
67,470.533,NXVD576,UOF HIBRIDA SUNRISE,NEXUS ENERGÍA (ACT. COMERCIALIZACIÓN RE),100,GENERACION,ZONA ESPAÑOLA,RE Mercado Solar Fotovoltáica,100.0
67,477.853,NXVD577,UOF SOLAR FRAGA1,NEXUS ENERGÍA (ACT. COMERCIALIZACIÓN RE),100,GENERACION,ZONA ESPAÑOLA,RE Mercado Solar Fotovoltáica,100.0
67,485.173,NXVD578,UOF SOLAR GUTERA,NEXUS ENERGÍA (ACT. COMERCIALIZACIÓN RE),100,GENERACION,ZONA ESPAÑOLA,RE Mercado Solar Fotovoltáica,100.0
67,492.493,NXVD579,UOF SOLAR ALLIUM,NEXUS ENERGÍA (ACT. COMERCIALIZACIÓN RE),100,GENERACION,ZONA ESPAÑOLA,RE Mercado Solar Fotovoltáica,100.0
67,499.813,NXVD580,UOF SOLAR VILLACAÑAS,NEXUS ENERGÍA (ACT. COMERCIALIZACIÓN RE),100,GENERACION,ZONA ESPAÑOLA,RE Mercado Solar Fotovoltáica,100.0
67,507.133,NXVD581,UOF SOLAR EL BOYAL,NEXUS ENERGÍA (ACT. COMERCIALIZACIÓN RE),100,GENERACION,ZONA ESPAÑOLA,RE Mercado Solar Fotovoltáica,100.0
67,514.453,NXVD582,UOF SOLAR CORVERA,NEXUS ENERGÍA (ACT. COMERCIALIZACIÓN RE),100,GENERACION,ZONA ESPAÑOLA,RE Mercado Solar Fotovoltáica,100.0
67,521.773,NXVD583,UOF SOLAR BRAZATORTAS 1,NEXUS ENERGÍA (ACT. COMERCIALIZACIÓN RE),100,GENERACION,ZONA ESPAÑOLA,RE Mercado Solar Fotovoltáica,100.0
67,529.093,NXVD586,UOF SOLAR LLIRIA,NEXUS ENERGÍA (ACT. COMERCIALIZACIÓN RE),100,GENERACION,ZONA ESPAÑOLA,RE Mercado Solar Fotovoltáica,100.0
67,536.413,NXVD587,UOF SOLAR GRIJOTA 3,NEXUS ENERGÍA (ACT. COMERCIALIZACIÓN RE),100,GENERACION,ZONA ESPAÑOLA,RE Mercado Solar Fotovoltáica,100.0
67,543.733,NXVD588,UOF SOLAR URRETXUKO,NEXUS ENERGÍA (ACT. COMERCIALIZACIÓN RE),100,GENERACION,ZONA ESPAÑOLA,RE Mercado Solar Fotovoltáica,100.0
67,551.093,NXVD589,UOF SOLAR MARTIN,NEXUS ENERGÍA (ACT. COMERCIALIZACIÓN RE),100,GENERACION,ZONA ESPAÑOLA,RE Mercado Solar Fotovoltáica,100.0
67,558.373,NXVD590,UOF SOLAR INIESTA,NEXUS ENERGÍA (ACT. COMERCIALIZACIÓN RE),100,GENERACION,ZONA ESPAÑOLA,RE Mercado Solar Fotovoltáica,100.0
68,141.133,NXVD591,UOF SOLAR VILLAMECA I,NEXUS ENERGÍA (ACT. COMERCIALIZACIÓN RE),100,GENERACION,ZONA ESPAÑOLA,RE Mercado Solar Fotovoltáica,100.0
68,148.453,NXVD592,UOF SOLAR VILLAMECA II,NEXUS ENERGÍA (ACT. COMERCIALIZACIÓN RE),100,GENERACION,ZONA ESPAÑOLA,RE Mercado Solar Fotovoltáica,100.0
68,155.773,NXVD593,UOF SOLAR MAGASQUILLA,NEXUS ENERGÍA (ACT. COMERCIALIZACIÓN RE),100,GENERACION,ZONA ESPAÑOLA,RE Mercado Solar Fotovoltáica,100.0
68,163.093,NXVD594,UOF SOLAR HUMILLADERO,NEXUS ENERGÍA (ACT. COMERCIALIZACIÓN RE),100,GENERACION,ZONA ESPAÑOLA,RE Mercado Solar Fotovoltáica,100.0
68,170.413,NXVD595,UF SOLAR REBUSCO,NEXUS ENERGÍA (ACT. COMERCIALIZACIÓN RE),100,GENERACION,ZONA ESPAÑOLA,RE Mercado Solar Fotovoltáica,100.0
68,177.733,NXVD596,UF SOLAR CONDECILLO,NEXUS ENERGÍA (ACT. COMERCIALIZACIÓN RE),100,GENERACION,ZONA ESPAÑOLA,RE Mercado Solar Fotovoltáica,100.0
68,185.093,NXVD597,UOF SOLAR ERUELA,NEXUS ENERGÍA (ACT. COMERCIALIZACIÓN RE),100,GENERACION,ZONA ESPAÑOLA,RE Mercado Solar Fotovoltáica,100.0
68,192.373,NXVD598,UOF SOLAR ALMARAZ,NEXUS ENERGÍA (ACT. COMERCIALIZACIÓN RE),100,GENERACION,ZONA ESPAÑOLA,RE Mercado Solar Fotovoltáica,100.0
68,199.693,OENV02,UN FISICA1,"OENEO ENERGY,LDA",100,GENERACION,ZONA PORTUGUESA,RE Tarifa CUR (uof),100.0
68,207.093,PALOS1,C.C. PALOS 1,GAS NATURAL COMERCIALIZADORA,100,GENERACION,ZONA ESPAÑOLA,Ciclo Combinado,100.0
68,214.333,PALOS2,C.C. PALOS 2,GAS NATURAL COMERCIALIZADORA,100,GENERACION,ZONA ESPAÑOLA,Ciclo Combinado,100.0
68,221.653,PALOS3,C.C. PALOS 3,GAS NATURAL COMERCIALIZADORA,100,GENERACION,ZONA ESPAÑOLA,Ciclo Combinado,100.0
68,228.973,PBCN1,C.C. PUERTO BARCELONA 1,GAS NATURAL COMERCIALIZADORA,100,GENERACION,ZONA ESPAÑOLA,Ciclo Combinado,100.0
68,236.293,PBCN2,C.C. PUERTO DE BARCELONA 2,GAS NATURAL COMERCIALIZADORA,100,GENERACION,ZONA ESPAÑOLA,Ciclo Combinado,100.0
68,243.613,PEGO3,CICLO COMBINADO EN PORTUGAL,"ENDESA GENERACIÓN, S.A.",100,GENERACION,ZONA PORTUGUESA,Ciclo Combinado,100.0
68,250.933,PEGO4,CICLO COMBINADO EN PORTUGAL,"ENDESA GENERACIÓN, S.A.",100,GENERACION,ZONA PORTUGUESA,Ciclo Combinado,100.0
68,258.253,PEURE01,"ANSERALL I,II,III","PRODUCTORA ELÉCTRICA URGELENSE-1, S.L.",100,GENERACION,ZONA ESPAÑOLA,RE Mercado Hidráulica,100.0
68,265.573,PEURE02,UO SANTA LUCIA,"PRODUCTORA ELÉCTRICA URGELENSE-1, S.L.",100,GENERACION,ZONA ESPAÑOLA,RE Mercado Hidráulica,100.0
68,272.893,PGR5,C.C. PUENTES 5,"ENDESA GENERACIÓN, S.A.",100,GENERACION,ZONA ESPAÑOLA,Ciclo Combinado,100.0
68,280.213,PHENV02,PH VENDA,"PH ENERGIA, LDA",100,GENERACION,ZONA PORTUGUESA,RE Tarifa CUR (uof),100.0
68,287.533,PORTV02,PORTULOGOSAUTOCONSUMO,PORTULOGOS POWER LDA,100,GENERACION,ZONA PORTUGUESA,RE Tarifa CUR (uof),100.0
68,294.853,PTLIV02,FOTOVOLTAICOS,MEO ENERGIA COMERCIALIZACAO DE ENERGIA SA,100,GENERACION,ZONA PORTUGUESA,RE Tarifa CUR (uof),100.0
68,302.173,PULRE01,PULSAR REPR 01,PULSAR SERVICIOS ENERGÉTICOS SL,100,GENERACION,ZONA ESPAÑOLA,RE Mercado Térmica Renovable,100.0
68,309.493,PVENT1,C.C. PLANA DE VENT 1,GAS NATURAL COMERCIALIZADORA,100,GENERACION,ZONA ESPAÑOLA,Ciclo Combinado,100.0
68,316.813,PVENT2,C.C. PLANA DE VENT 2,"ALPIQ ENERGÍA ESPAÑA, S.A.U.",100,GENERACION,ZONA ESPAÑOLA,Ciclo Combinado,100.0
68,324.133,PWPV02,UNIDADE VENDA,"POWER PLUS II - COMERCIALIZACAO DE ENERGIA, LDA.",100,GENERACION,ZONA PORTUGUESA,RE Tarifa CUR (uof),100.0
68,331.453,PZCPR,PZCPR,"REPSOL GENERACIÓN ELÉCTRICA, S.A",100,GENERACION,ZONA ESPAÑOLA,Hidráulica Generación,100.0
68,338.773,RABID2R,COG. LA RABIDA II,"SERVICIOS ENERGETICOS DE ALTA EFICIENCIA, S.A",100,GENERACION,ZONA ESPAÑOLA,RE Mercado Térmica no,100.0
68,352.213,RDQ1,RINCON DEL DUQUE 1,WIND TO MARKET (ACT.: COMERCIALIZACIÓN RE),100,GENERACION,ZONA ESPAÑOLA,Hidráulica Generación,100.0
68,359.533,RDQ2,RINCON DEL DUQUE 2,WIND TO MARKET (ACT.: COMERCIALIZACIÓN RE),100,GENERACION,ZONA ESPAÑOLA,Hidráulica Generación,100.0
68,366.853,REPPLL,REPSOL PUERTOLLANO,REPSOL FUELS SA,100,GENERACION,ZONA ESPAÑOLA,RE Mercado Térmica no,100.0
68,380.293,REPR,REPRIMALA,WIND TO MARKET (ACT.: COMERCIALIZACIÓN RE),100,GENERACION,ZONA ESPAÑOLA,Hidráulica Generación,100.0
68,387.613,REPTV02,UN. PROPIAS AUTOCONSUMO CON EX,"REPSOL PORTUGUESA, LDA",100,GENERACION,ZONA PORTUGUESA,RE Tarifa CUR (uof),100.0
68,394.933,REPVD01,UD A TARIFA REPSOL,REPSOL FUELS SA,100,GENERACION,ZONA ESPAÑOLA,RE Mercado Térmica no,100.0
68,408.373,REPVD02,COG2 CARTAGENA,REPSOL FUELS SA,100,GENERACION,ZONA ESPAÑOLA,RE Mercado Térmica no,100.0
68,421.813,REPVD03,PETRONOR VENTA A TARIFA,REPSOL FUELS SA,100,GENERACION,ZONA ESPAÑOLA,RE Mercado Térmica no,100.0
68,435.253,REPVD04,PETRONOR1 VENTA A TARIFA,REPSOL FUELS SA,100,GENERACION,ZONA ESPAÑOLA,RE Mercado Térmica no,100.0
68,448.693,REPVD05,REPVD05,REPSOL FUELS SA,100,GENERACION,ZONA ESPAÑOLA,RE Mercado Térmica no,100.0
68,462.133,REPVD06,REPVD06,REPSOL FUELS SA,100,GENERACION,ZONA ESPAÑOLA,RE Mercado Térmica no,100.0
68,475.573,REPVD07,REPVD07,REPSOL FUELS SA,100,GENERACION,ZONA ESPAÑOLA,RE Mercado Térmica no,100.0
68,489.093,RESRE01,CABEZO,FALCK NEXT ENERGY SRL SPAIN SUCURSAL,100,GENERACION,ZONA ESPAÑOLA,RE Mercado Eólica,100.0
68,496.333,RESRE02,CARRECASTRO,FALCK NEXT ENERGY SRL SPAIN SUCURSAL,100,GENERACION,ZONA ESPAÑOLA,RE Mercado Eólica,100.0
68,503.653,RESRE03,DEHESILLA I,FALCK NEXT ENERGY SRL SPAIN SUCURSAL,100,GENERACION,ZONA ESPAÑOLA,RE Mercado Eólica,100.0
68,510.973,RESRE04,DEHESILLA 2,FALCK NEXT ENERGY SRL SPAIN SUCURSAL,100,GENERACION,ZONA ESPAÑOLA,RE Mercado Eólica,100.0
68,518.293,RESRE05,ESQUILVENT,FALCK NEXT ENERGY SRL SPAIN SUCURSAL,100,GENERACION,ZONA ESPAÑOLA,RE Mercado Eólica,100.0
68,525.613,RESRE06,SAN LORENZO C,FALCK NEXT ENERGY SRL SPAIN SUCURSAL,100,GENERACION,ZONA ESPAÑOLA,RE Mercado Eólica,100.0
68,532.933,RESRE07,SAN LORENZO D,FALCK NEXT ENERGY SRL SPAIN SUCURSAL,100,GENERACION,ZONA ESPAÑOLA,RE Mercado Eólica,100.0
68,540.253,RESSECR,C.H. RESSEC,"ELÉCTRICA ANTONIO MADRID, S.L.",100,GENERACION,ZONA ESPAÑOLA,Hidráulica Generación,100.0
68,547.573,RIBATE1,C.C. RIBATEJO 1,EDP GEM PORTUGAL S.A.,100,GENERACION,ZONA PORTUGUESA,Ciclo Combinado,100.0
68,554.893,RIBATE2,C.C. RIBATEJO 2,EDP GEM PORTUGAL S.A.,100,GENERACION,ZONA PORTUGUESA,Ciclo Combinado,100.0
68,562.213,RIBATE3,C.C. RIBATEJO 3,EDP GEM PORTUGAL S.A.,100,GENERACION,ZONA PORTUGUESA,Ciclo Combinado,100.0
69,141.133,RIVRE01,RIVAS VENDEDOR REG.ESPECIAL 01,AYUNTAMIENTO DE RIVAS-VACIAMADRID,100,GENERACION,ZONA ESPAÑOLA,RE Mercado Solar Fotovoltáica,100.0
69,148.453,RMU1,RIO MUERTO,WIND TO MARKET (ACT.: COMERCIALIZACIÓN RE),100,GENERACION,ZONA ESPAÑOLA,Hidráulica Generación,100.0
69,155.773,ROFVD01,ROFEICA ENERGIA VENTA,"ROFEICA ENERGIA, S.A.",100,GENERACION,ZONA ESPAÑOLA,RE Mercado Térmica no,100.0
69,169.213,ROFVD02,ROFVD02,"ROFEICA ENERGIA, S.A.",100,GENERACION,ZONA ESPAÑOLA,RE Mercado Térmica no,100.0
69,182.653,RPTRTAR,REPSOL PETRÓLEO TARRAGONA,REPSOL FUELS SA,100,GENERACION,ZONA ESPAÑOLA,RE Mercado Térmica no,100.0
69,196.093,RSEVD02,VENTAS FV MENORES 1 MW,"RESPIRA ENERGIA ESPAÑA, S.A.",100,GENERACION,ZONA ESPAÑOLA,RE Mercado Solar Fotovoltáica,100.0
69,203.413,RSEVD03,VENTAS HIDRAULICA MENOR 1 MW,"RESPIRA ENERGIA ESPAÑA, S.A.",100,GENERACION,ZONA ESPAÑOLA,RE Mercado Hidráulica,100.0
69,210.733,RSEVD04,VENTAS EOLICA MENORES 1 MW,"RESPIRA ENERGIA ESPAÑA, S.A.",100,GENERACION,ZONA ESPAÑOLA,RE Mercado Eólica,100.0
69,218.093,RSPVD01,VENTAS TECNOLOGIA HIDRAULICA,"RESPIRA ENERGIA MEDITERRANIA, S.A.",100,GENERACION,ZONA ESPAÑOLA,RE Mercado Hidráulica,100.0
69,225.373,RSPVD02,VENTES SOLAR FOTOVOLTAICA,"RESPIRA ENERGIA MEDITERRANIA, S.A.",100,GENERACION,ZONA ESPAÑOLA,RE Mercado Solar Fotovoltáica,100.0
69,232.693,RSPVD03,VENTAS FOTOVOLTAICAS > 1MW,"RESPIRA ENERGIA MEDITERRANIA, S.A.",100,GENERACION,ZONA ESPAÑOLA,RE Mercado Solar Fotovoltáica,100.0
69,240.093,RSPVD05,HIDRO > 1MW,"RESPIRA ENERGIA MEDITERRANIA, S.A.",100,GENERACION,ZONA ESPAÑOLA,RE Mercado Hidráulica,100.0
69,247.333,RSPVD06,VENTA TERMICA-BIOGAS MENOR 1MW,"RESPIRA ENERGIA MEDITERRANIA, S.A.",100,GENERACION,ZONA ESPAÑOLA,RE Mercado Térmica Renovable,100.0
69,254.653,RZABAL,VALORIZACION DE RESIDUOS DT-1,WIND TO MARKET (ACT.: COMERCIALIZACIÓN RE),100,GENERACION,ZONA ESPAÑOLA,RE Mercado Térmica no,100.0
69,268.093,SAGU1,C.C. SAGUNTO 1,GAS NATURAL COMERCIALIZADORA,100,GENERACION,ZONA ESPAÑOLA,Ciclo Combinado,100.0
69,275.413,SAGU2,C.C. SAGUNTO 2,GAS NATURAL COMERCIALIZADORA,100,GENERACION,ZONA ESPAÑOLA,Ciclo Combinado,100.0
69,282.733,SAGU3,C.C. SAGUNTO 3,GAS NATURAL COMERCIALIZADORA,100,GENERACION,ZONA ESPAÑOLA,Ciclo Combinado,100.0
69,290.093,SAMPVD1,SAMPOL TARIFA,SAMPOL INGENIERIA Y OBRAS,100,GENERACION,ZONA ESPAÑOLA,RE Mercado Térmica no,100.0
69,303.493,SAMPVD2,SAMPOL TARIFA 2,SAMPOL INGENIERIA Y OBRAS,100,GENERACION,ZONA ESPAÑOLA,RE Mercado Térmica no,100.0
69,316.933,SAN1,SANGUESA,WIND TO MARKET (ACT.: COMERCIALIZACIÓN RE),100,GENERACION,ZONA ESPAÑOLA,Hidráulica Generación,100.0
69,324.253,SBEU,UGH. SIL-BIBEY-EUME,"ENDESA GENERACIÓN, S.A.",100,GENERACION,ZONA ESPAÑOLA,Hidráulica Generación,100.0
69,331.573,SBO3,C.C. SABÓN 3,GAS NATURAL COMERCIALIZADORA,100,GENERACION,ZONA ESPAÑOLA,Ciclo Combinado,100.0
69,338.893,SEDAVD1,SEDAE RE 1,"SERVICIOS ENERGETICOS DE ALTA EFICIENCIA, S.A",100,GENERACION,ZONA ESPAÑOLA,RE Mercado Térmica no,100.0
69,352.333,SEDVD02,GEGSAI,"SERVICIOS ENERGETICOS DE ALTA EFICIENCIA, S.A",100,GENERACION,ZONA ESPAÑOLA,RE Mercado Térmica no,100.0
69,365.773,SEDVD03,GEGSAII,"SERVICIOS ENERGETICOS DE ALTA EFICIENCIA, S.A",100,GENERACION,ZONA ESPAÑOLA,RE Mercado Térmica no,100.0
69,379.213,SEDVD04,LUBRISU,"SERVICIOS ENERGETICOS DE ALTA EFICIENCIA, S.A",100,GENERACION,ZONA ESPAÑOLA,RE Mercado Térmica no,100.0
69,392.653,SEDVD05,SEDAE RE1,"SERVICIOS ENERGETICOS DE ALTA EFICIENCIA, S.A",100,GENERACION,ZONA ESPAÑOLA,RE Mercado Térmica no,100.0
69,406.093,SEDVD06,SEDVD06,"SERVICIOS ENERGETICOS DE ALTA EFICIENCIA, S.A",100,GENERACION,ZONA ESPAÑOLA,RE Mercado Eólica,100.0
69,413.413,SEDVD07,SEDVD07,"SERVICIOS ENERGETICOS DE ALTA EFICIENCIA, S.A",100,GENERACION,ZONA ESPAÑOLA,RE Mercado Térmica no,100.0
69,426.853,SERRE01,REPR SERVC 01,SERVICIOS ENERGÉTICOS AVANZADOS SL,100,GENERACION,ZONA ESPAÑOLA,RE Mercado Solar Fotovoltáica,100.0
69,434.173,SERRE02,REPR SERVC 02,SERVICIOS ENERGÉTICOS AVANZADOS SL,100,GENERACION,ZONA ESPAÑOLA,RE Mercado Solar Fotovoltáica,100.0
69,441.493,SESVD02,HIDRAULICA,SHELL ESPAÑA,100,GENERACION,ZONA ESPAÑOLA,RE Mercado Hidráulica,100.0
69,448.813,SESVD03,UNIDAD DE OFERTA EOLICA,SHELL ESPAÑA,100,GENERACION,ZONA ESPAÑOLA,RE Mercado Eólica,100.0
69,456.133,SESVD04,UNIDAD DE OFERTA BIOGAS ORGANO,SHELL ESPAÑA,100,GENERACION,ZONA ESPAÑOLA,RE Mercado Térmica Renovable,100.0
69,463.453,SESVD05,UNIDAD DE OFERTA BIOGAS CARTAG,SHELL ESPAÑA,100,GENERACION,ZONA ESPAÑOLA,RE Mercado Térmica Renovable,100.0
69,470.773,SESVD08,UNIDAD OFERTA BIOGAS,SHELL ESPAÑA,100,GENERACION,ZONA ESPAÑOLA,RE Mercado Térmica Renovable,100.0
69,478.093,SESVD13,UNIDAD FOTOVOLTAICA 4,SHELL ESPAÑA,100,GENERACION,ZONA ESPAÑOLA,RE Mercado Solar Fotovoltáica,100.0
69,485.413,SESVD25,ENERPARC AASS,SHELL ESPAÑA,100,GENERACION,ZONA ESPAÑOLA,RE Mercado Solar Fotovoltáica,100.0
69,492.733,SESVD29,UNIDAD OFERTA BIOGAS GADOR 2,SHELL ESPAÑA,100,GENERACION,ZONA ESPAÑOLA,RE Mercado Térmica Renovable,100.0
69,500.093,SFA1,SAN FAUSTO 1,WIND TO MARKET (ACT.: COMERCIALIZACIÓN RE),100,GENERACION,ZONA ESPAÑOLA,Hidráulica Generación,100.0
69,507.373,SFA2,SAN FAUSTO 2,WIND TO MARKET (ACT.: COMERCIALIZACIÓN RE),100,GENERACION,ZONA ESPAÑOLA,Hidráulica Generación,100.0
69,514.693,SHEVD01,UNIDAD FOTOVOLTAICA 1,SHELL ENERGY EUROPE LIMITED,100,GENERACION,ZONA ESPAÑOLA,RE Mercado Solar Fotovoltáica,100.0
69,522.093,SHEVD02,UNIDAD FOTOVOLTAICA 2,SHELL ENERGY EUROPE LIMITED,100,GENERACION,ZONA ESPAÑOLA,RE Mercado Solar Fotovoltáica,100.0
69,529.333,SHEVD03,UNIDAD FOTOVOLTAICA 3,SHELL ENERGY EUROPE LIMITED,100,GENERACION,ZONA ESPAÑOLA,RE Mercado Solar Fotovoltáica,100.0
69,536.653,SHEVD04,UNIDAD FOTOVOLTAICA 4,SHELL ENERGY EUROPE LIMITED,100,GENERACION,ZONA ESPAÑOLA,RE Mercado Solar Fotovoltáica,100.0
69,543.973,SHEVD05,UNIDAD FOTOVOLTAICA 5,SHELL ENERGY EUROPE LIMITED,100,GENERACION,ZONA ESPAÑOLA,RE Mercado Solar Fotovoltáica,100.0
69,551.293,SHEVD06,UNIDAD FOTOVOLTAICA 6,SHELL ENERGY EUROPE LIMITED,100,GENERACION,ZONA ESPAÑOLA,RE Mercado Solar Fotovoltáica,100.0
69,558.613,SHEVD07,UNIDAD DE OFERTA FOTOVOLTAICA,SHELL ENERGY EUROPE LIMITED,100,GENERACION,ZONA ESPAÑOLA,RE Mercado Solar Fotovoltáica,100.0
70,141.133,SHEVD08,UNIDAD DE OFERTA FOTOVOLTAICA,SHELL ENERGY EUROPE LIMITED,100,GENERACION,ZONA ESPAÑOLA,RE Mercado Solar Fotovoltáica,100.0
70,148.453,SHEVD09,FV PUERTOLLANO,SHELL ENERGY EUROPE LIMITED,100,GENERACION,ZONA ESPAÑOLA,RE Mercado Solar Fotovoltáica,100.0
70,155.773,SHEVD10,FV EL VILLAR,SHELL ENERGY EUROPE LIMITED,100,GENERACION,ZONA ESPAÑOLA,RE Mercado Solar Fotovoltáica,100.0
70,163.093,SHEVD11,UNIDAD DE OFERTA DE MERIDA,SHELL ENERGY EUROPE LIMITED,100,GENERACION,ZONA ESPAÑOLA,RE Mercado Solar Fotovoltáica,100.0
70,170.413,SHEVD12,FV FREYA,SHELL ENERGY EUROPE LIMITED,100,GENERACION,ZONA ESPAÑOLA,RE Mercado Solar Fotovoltáica,100.0
70,177.733,SHEVD13,FV DON RODRIGO III,SHELL ENERGY EUROPE LIMITED,100,GENERACION,ZONA ESPAÑOLA,RE Mercado Solar Fotovoltáica,100.0
70,185.093,SHEVD14,FV DON RODRIGO IV,SHELL ENERGY EUROPE LIMITED,100,GENERACION,ZONA ESPAÑOLA,RE Mercado Solar Fotovoltáica,100.0
70,192.373,SHEVD15,FV DON RODRIGO V,SHELL ENERGY EUROPE LIMITED,100,GENERACION,ZONA ESPAÑOLA,RE Mercado Solar Fotovoltáica,100.0
70,199.693,SHEVD16,FV BIANOR,SHELL ENERGY EUROPE LIMITED,100,GENERACION,ZONA ESPAÑOLA,RE Mercado Solar Fotovoltáica,100.0
70,207.093,SHEVD17,FUENTE1,SHELL ENERGY EUROPE LIMITED,100,GENERACION,ZONA ESPAÑOLA,RE Mercado Solar Fotovoltáica,100.0
70,214.333,SHEVD18,FUENTE2,SHELL ENERGY EUROPE LIMITED,100,GENERACION,ZONA ESPAÑOLA,RE Mercado Solar Fotovoltáica,100.0
70,221.653,SHEVD19,FUENTE3,SHELL ENERGY EUROPE LIMITED,100,GENERACION,ZONA ESPAÑOLA,RE Mercado Solar Fotovoltáica,100.0
70,228.973,SHEVD20,FUENTE4,SHELL ENERGY EUROPE LIMITED,100,GENERACION,ZONA ESPAÑOLA,RE Mercado Solar Fotovoltáica,100.0
70,236.293,SHEVD21,HINOJOSAS,SHELL ENERGY EUROPE LIMITED,100,GENERACION,ZONA ESPAÑOLA,RE Mercado Solar Fotovoltáica,100.0
70,243.613,SHEVD22,UO THERMISTO (TRILLO 1),SHELL ENERGY EUROPE LIMITED,100,GENERACION,ZONA ESPAÑOLA,RE Mercado Solar Fotovoltáica,100.0
70,250.933,SHEVD23,TELESTO7 (TRILLO2),SHELL ENERGY EUROPE LIMITED,100,GENERACION,ZONA ESPAÑOLA,RE Mercado Solar Fotovoltáica,100.0
70,258.253,SHEVD24,UO TETHYS (TRILLO 3),SHELL ENERGY EUROPE LIMITED,100,GENERACION,ZONA ESPAÑOLA,RE Mercado Solar Fotovoltáica,100.0
70,265.573,SHEVD25,UO RHEA (TRILLO 4),SHELL ENERGY EUROPE LIMITED,100,GENERACION,ZONA ESPAÑOLA,RE Mercado Solar Fotovoltáica,100.0
70,272.893,SHEVD26,TELESTO (TRILLO5),SHELL ENERGY EUROPE LIMITED,100,GENERACION,ZONA ESPAÑOLA,RE Mercado Solar Fotovoltáica,100.0
70,280.213,SHEVD27,BIANOR SPV,SHELL ENERGY EUROPE LIMITED,100,GENERACION,ZONA ESPAÑOLA,RE Mercado Solar Fotovoltáica,100.0
70,287.533,SHEVD28,FV CANADA ALTA,SHELL ENERGY EUROPE LIMITED,100,GENERACION,ZONA ESPAÑOLA,RE Mercado Solar Fotovoltáica,100.0
70,294.853,SHEVD29,UNIDAD PV 29,SHELL ENERGY EUROPE LIMITED,100,GENERACION,ZONA ESPAÑOLA,RE Mercado Solar Fotovoltáica,100.0
70,302.173,SHEVD30,UNIDAD PV 30,SHELL ENERGY EUROPE LIMITED,100,GENERACION,ZONA ESPAÑOLA,RE Mercado Solar Fotovoltáica,100.0
70,309.493,SHEVD31,UNIDAD PV 31,SHELL ENERGY EUROPE LIMITED,100,GENERACION,ZONA ESPAÑOLA,RE Mercado Solar Fotovoltáica,100.0
70,316.813,SHEVD32,UNIDAD EOLICA 32,SHELL ENERGY EUROPE LIMITED,100,GENERACION,ZONA ESPAÑOLA,RE Mercado Eólica,100.0
70,324.133,SHEVD33,UNIDAD EOLICA 33,SHELL ENERGY EUROPE LIMITED,100,GENERACION,ZONA ESPAÑOLA,RE Mercado Eólica,100.0
70,331.453,SHEVD34,UNIDAD OFERTA EOLICA,SHELL ENERGY EUROPE LIMITED,100,GENERACION,ZONA ESPAÑOLA,RE Mercado Eólica,100.0
70,338.773,SIL,UGH. SIL,IBERDROLA ENERGÍA ESPAÑA S..A.,100,GENERACION,ZONA ESPAÑOLA,Hidráulica Generación,100.0
70,346.093,SIMPVD1,VENTA DE ENERGÍA,SIMPLES ENERGIA DE ESPAÑA SL,100,GENERACION,ZONA ESPAÑOLA,RE Mercado Solar Fotovoltáica,100.0
70,353.413,SIMPV02,VENDA DE ENERGIA PT,SIMPLES ENERGIA DE ESPAÑA SL,100,GENERACION,ZONA PORTUGUESA,RE Tarifa CUR (uof),100.0
70,360.733,SLRRE01,SOLARIA REPRESENTACION VENTA,SOLARIA REPRESENTACION EN MERCADO S.L.,100,GENERACION,ZONA ESPAÑOLA,RE Mercado Solar Fotovoltáica,100.0
70,368.093,SLRRE02,CENTAURUS SOLAR,SOLARIA REPRESENTACION EN MERCADO S.L.,100,GENERACION,ZONA ESPAÑOLA,RE Mercado Solar Fotovoltáica,100.0
70,375.373,SLRRE03,AQUARII SOLAR,SOLARIA REPRESENTACION EN MERCADO S.L.,100,GENERACION,ZONA ESPAÑOLA,RE Mercado Solar Fotovoltáica,100.0
70,382.693,SLRRE04,MAGACELA SOLAR,SOLARIA REPRESENTACION EN MERCADO S.L.,100,GENERACION,ZONA ESPAÑOLA,RE Mercado Solar Fotovoltáica,100.0
70,390.093,SLRRE05,FUENMAYOR,SOLARIA REPRESENTACION EN MERCADO S.L.,100,GENERACION,ZONA ESPAÑOLA,RE Mercado Solar Fotovoltáica,100.0
70,397.333,SLRRE06,AURIGA SOLAR,SOLARIA REPRESENTACION EN MERCADO S.L.,100,GENERACION,ZONA ESPAÑOLA,RE Mercado Solar Fotovoltáica,100.0
70,404.653,SLRRE07,FV MEDINA,SOLARIA REPRESENTACION EN MERCADO S.L.,100,GENERACION,ZONA ESPAÑOLA,RE Mercado Solar Fotovoltáica,100.0
70,411.973,SLRRE08,FV BELINCHON,SOLARIA REPRESENTACION EN MERCADO S.L.,100,GENERACION,ZONA ESPAÑOLA,RE Mercado Solar Fotovoltáica,100.0
70,419.293,SLRRE09,CEPHEUS SOLAR,SOLARIA REPRESENTACION EN MERCADO S.L.,100,GENERACION,ZONA ESPAÑOLA,RE Mercado Solar Fotovoltáica,100.0
70,426.613,SLRRE10,SCORPIUS SOLAR,SOLARIA REPRESENTACION EN MERCADO S.L.,100,GENERACION,ZONA ESPAÑOLA,RE Mercado Solar Fotovoltáica,100.0
70,433.933,SLRRE11,TUCANA SOLAR,SOLARIA REPRESENTACION EN MERCADO S.L.,100,GENERACION,ZONA ESPAÑOLA,RE Mercado Solar Fotovoltáica,100.0
70,441.253,SLRRE13,TORDESILLAS III SOLAR,SOLARIA REPRESENTACION EN MERCADO S.L.,100,GENERACION,ZONA ESPAÑOLA,RE Mercado Solar Fotovoltáica,100.0
70,448.573,SLRRE14,BALDIO SOLAR,SOLARIA REPRESENTACION EN MERCADO S.L.,100,GENERACION,ZONA ESPAÑOLA,RE Mercado Solar Fotovoltáica,100.0
70,455.893,SLRRE15,PALACIOS SOLAR,SOLARIA REPRESENTACION EN MERCADO S.L.,100,GENERACION,ZONA ESPAÑOLA,RE Mercado Solar Fotovoltáica,100.0
70,463.213,SLRRE16,VALDELOSA SOLAR,SOLARIA REPRESENTACION EN MERCADO S.L.,100,GENERACION,ZONA ESPAÑOLA,RE Mercado Solar Fotovoltáica,100.0
70,470.533,SLRRE17,FV AGREGADA,SOLARIA REPRESENTACION EN MERCADO S.L.,100,GENERACION,ZONA ESPAÑOLA,RE Mercado Solar Fotovoltáica,100.0
70,477.853,SLRRE18,DELPHINUS SOLAR,SOLARIA REPRESENTACION EN MERCADO S.L.,100,GENERACION,ZONA ESPAÑOLA,RE Mercado Solar Fotovoltáica,100.0
70,485.173,SLRRE19,TELESTO SOLAR 10,SOLARIA REPRESENTACION EN MERCADO S.L.,100,GENERACION,ZONA ESPAÑOLA,RE Mercado Solar Fotovoltáica,100.0
70,492.493,SLRRE20,TELESTO SOLAR 4,SOLARIA REPRESENTACION EN MERCADO S.L.,100,GENERACION,ZONA ESPAÑOLA,RE Mercado Solar Fotovoltáica,100.0
70,499.813,SLRRE21,TELESTO SOLAR 9,SOLARIA REPRESENTACION EN MERCADO S.L.,100,GENERACION,ZONA ESPAÑOLA,RE Mercado Solar Fotovoltáica,100.0
70,507.133,SLRRE23,HIB HERCULES GENERACION,SOLARIA REPRESENTACION EN MERCADO S.L.,100,GENERACION,ZONA ESPAÑOLA,Híbrida Renov.-Almacenamiento,100.0
70,514.453,SLRRE24,DIONE SOLAR,SOLARIA REPRESENTACION EN MERCADO S.L.,100,GENERACION,ZONA ESPAÑOLA,RE Mercado Solar Fotovoltáica,100.0
70,521.773,SLRRE25,VOLANS SOLAR 1,SOLARIA REPRESENTACION EN MERCADO S.L.,100,GENERACION,ZONA ESPAÑOLA,RE Mercado Solar Fotovoltáica,100.0
70,529.093,SLRRE26,VOLANS SOLAR 2,SOLARIA REPRESENTACION EN MERCADO S.L.,100,GENERACION,ZONA ESPAÑOLA,RE Mercado Solar Fotovoltáica,100.0
70,536.413,SLRRE27,JUNO SOLAR 1,SOLARIA REPRESENTACION EN MERCADO S.L.,100,GENERACION,ZONA ESPAÑOLA,RE Mercado Solar Fotovoltáica,100.0
70,543.733,SLRRE28,JUNO SOLAR 2,SOLARIA REPRESENTACION EN MERCADO S.L.,100,GENERACION,ZONA ESPAÑOLA,RE Mercado Solar Fotovoltáica,100.0
70,551.093,SLRRE29,MIMAS SOLAR,SOLARIA REPRESENTACION EN MERCADO S.L.,100,GENERACION,ZONA ESPAÑOLA,RE Mercado Solar Fotovoltáica,100.0
70,558.373,SLRRE30,TITAN SOLAR,SOLARIA REPRESENTACION EN MERCADO S.L.,100,GENERACION,ZONA ESPAÑOLA,RE Mercado Solar Fotovoltáica,100.0
71,141.133,SLRRE31,SANTIZ SOLAR,SOLARIA REPRESENTACION EN MERCADO S.L.,100,GENERACION,ZONA ESPAÑOLA,RE Mercado Solar Fotovoltáica,100.0
71,148.453,SLRRE32,ARIES SOLAR,SOLARIA REPRESENTACION EN MERCADO S.L.,100,GENERACION,ZONA ESPAÑOLA,RE Mercado Solar Fotovoltáica,100.0
71,155.773,SLRRE33,TORDESILLAS SOLAR II,SOLARIA REPRESENTACION EN MERCADO S.L.,100,GENERACION,ZONA ESPAÑOLA,RE Mercado Solar Fotovoltáica,100.0
71,163.093,SLRRE34,PEGASO SOLAR,SOLARIA REPRESENTACION EN MERCADO S.L.,100,GENERACION,ZONA ESPAÑOLA,RE Mercado Solar Fotovoltáica,100.0
71,170.413,SLRRE35,POLEÑINO SOLAR,SOLARIA REPRESENTACION EN MERCADO S.L.,100,GENERACION,ZONA ESPAÑOLA,RE Mercado Solar Fotovoltáica,100.0
71,177.733,SLRRE36,BETA SOLAR,SOLARIA REPRESENTACION EN MERCADO S.L.,100,GENERACION,ZONA ESPAÑOLA,RE Mercado Solar Fotovoltáica,100.0
71,185.093,SLRRE37,ALPHA SOLAR,SOLARIA REPRESENTACION EN MERCADO S.L.,100,GENERACION,ZONA ESPAÑOLA,RE Mercado Solar Fotovoltáica,100.0
71,192.373,SLRRE38,GAMMA SOLAR,SOLARIA REPRESENTACION EN MERCADO S.L.,100,GENERACION,ZONA ESPAÑOLA,RE Mercado Solar Fotovoltáica,100.0
71,199.693,SLRRE39,DELTA SOLAR,SOLARIA REPRESENTACION EN MERCADO S.L.,100,GENERACION,ZONA ESPAÑOLA,RE Mercado Solar Fotovoltáica,100.0
71,207.093,SLRRE40,HIB TOR 1 GENERACION,SOLARIA REPRESENTACION EN MERCADO S.L.,100,GENERACION,ZONA ESPAÑOLA,Híbrida Renov.-Almacenamiento,100.0
71,214.333,SLTG,UGH. ESTANG. SALLENTE TURB.,"ENDESA GENERACIÓN, S.A.",100,GENERACION,ZONA ESPAÑOLA,Hidráulica de Bombeo Puro,100.0
71,221.653,SLWRE01,SOLCASTEL,SOLWE ENERGÍA,100,GENERACION,ZONA ESPAÑOLA,RE Mercado Solar Fotovoltáica,100.0
71,228.973,SLWRE02,JUNDESOL,SOLWE ENERGÍA,100,GENERACION,ZONA ESPAÑOLA,RE Mercado Solar Fotovoltáica,100.0
71,236.293,SMARE01,MARCHENA SOLAR PLANT,SMARTLUZ ENERGY,100,GENERACION,ZONA ESPAÑOLA,RE Mercado Solar Fotovoltáica,100.0
71,243.613,SMBV02,VENDA BATERIA BATALHA,SIMPLES ENERGIA DE ESPAÑA SL,100,GENERACION,ZONA PORTUGUESA,Almacenamiento Venta,100.0
71,250.933,SNICOG,SNIACE COGENERACION,ENERGY BY COGEN,100,GENERACION,ZONA ESPAÑOLA,RE Mercado Térmica no,100.0
71,264.373,SNTEVD1,UOF PARA UP TTECQU,TEC 94,100,GENERACION,ZONA ESPAÑOLA,Agente vendedor Reg. Especial,100.0
71,271.693,SOLRE01,SOLAR PLANT,FALCK NEXT ENERGY SRL SPAIN SUCURSAL,100,GENERACION,ZONA ESPAÑOLA,RE Mercado Solar Fotovoltáica,100.0
71,279.093,SOL2,EL SOLVENTE 2,WIND TO MARKET (ACT.: COMERCIALIZACIÓN RE),100,GENERACION,ZONA ESPAÑOLA,Hidráulica Generación,100.0
71,286.333,SOMRE05,SOMEN REPR FV P,SOM ENERGIA SCCL,100,GENERACION,ZONA ESPAÑOLA,RE Mercado Solar Fotovoltáica,100.0
71,293.653,SOMRE06,FV MAYOR DE 1MW,SOM ENERGIA SCCL,100,GENERACION,ZONA ESPAÑOLA,RE Mercado Solar Fotovoltáica,100.0
71,300.973,SOMRE07,MINIHIDRO PENIN.,SOM ENERGIA SCCL,100,GENERACION,ZONA ESPAÑOLA,RE Mercado Hidráulica,100.0
71,308.293,SRI3,C.T. SOTO 3,"EDP ESPAÑA, S.A.U. (GENERACIÓN)",100,GENERACION,ZONA ESPAÑOLA,Hulla Antracita,100.0
71,315.613,SRI4R,C.C. SOTO 4,"EDP ESPAÑA, S.A.U. (GENERACIÓN)",100,GENERACION,ZONA ESPAÑOLA,Ciclo Combinado,100.0
71,322.933,SRI5R,CC SOTO RIBERA 5 REPR,"EDP ESPAÑA, S.A.U. (GENERACIÓN)",100,GENERACION,ZONA ESPAÑOLA,Ciclo Combinado,100.0
71,330.253,SROQ1,C.C. SAN ROQUE 1,GAS NATURAL COMERCIALIZADORA,100,GENERACION,ZONA ESPAÑOLA,Ciclo Combinado,100.0
71,337.573,SROQ2,C.C. SAN ROQUE 2,"ENDESA GENERACIÓN, S.A.",100,GENERACION,ZONA ESPAÑOLA,Ciclo Combinado,100.0
71,344.893,STC4,C.C. SANTURCE 4,IBERDROLA ENERGÍA ESPAÑA S..A.,100,GENERACION,ZONA ESPAÑOLA,Ciclo Combinado,100.0
71,352.213,STRRE01,VENTAS STROM,"ENERGY STROM XXI, S.L.",100,GENERACION,ZONA ESPAÑOLA,RE Mercado Solar Fotovoltáica,100.0
71,359.533,STVRE03,VADOMOJON,STIN S.A.,100,GENERACION,ZONA ESPAÑOLA,RE Mercado Hidráulica,100.0
71,366.853,TAJO,UGH. TAJO,IBERDROLA ENERGÍA ESPAÑA S..A.,100,GENERACION,ZONA ESPAÑOLA,Hidráulica Generación,100.0
71,374.173,TAMEGA,TAMEGA,IBERDROLA ENERGÍA ESPAÑA S..A.,100,GENERACION,ZONA PORTUGUESA,Hidráulica Generación,100.0
71,381.493,TAPOWER,C.C. TARRAGONA POWER,IBERDROLA ENERGÍA ESPAÑA S..A.,100,GENERACION,ZONA ESPAÑOLA,Ciclo Combinado,100.0
71,388.813,TEES,UGH. TERA-ESLA,"ENDESA GENERACIÓN, S.A.",100,GENERACION,ZONA ESPAÑOLA,Hidráulica Generación,100.0
71,396.133,TEMON,SISTEMA TEJO-MONDEGO,EDP GEM PORTUGAL S.A.,100,GENERACION,ZONA PORTUGUESA,RE Tarifa CUR (uof),100.0
71,403.453,TERE,UGH. TER,"ENDESA GENERACIÓN, S.A.",100,GENERACION,ZONA ESPAÑOLA,Hidráulica Generación,100.0
71,410.773,TERRE01,TERSA FOT.,TERSA - TRACTAMENT I SELECCIÓ DE RESIDUS,100,GENERACION,ZONA ESPAÑOLA,RE Mercado Solar Fotovoltáica,100.0
71,418.093,TERRE02,TERSA RESIDUOS SÓLIDOS URBANOS,TERSA - TRACTAMENT I SELECCIÓ DE RESIDUS,100,GENERACION,ZONA ESPAÑOLA,RE Mercado Térmica no,100.0
71,431.533,TERRE03,TERSA BIOGAS,TERSA - TRACTAMENT I SELECCIÓ DE RESIDUS,100,GENERACION,ZONA ESPAÑOLA,RE Mercado Térmica Renovable,100.0
71,438.853,TGPLV02,REPRESENTACION EN PT,TOTALENERGIES GAS AND POWER LIMITED,100,GENERACION,ZONA PORTUGUESA,RE Tarifa CUR (uof),100.0
71,446.173,TJEG,C.H. TAJO ENCANTADA GENERACION,"ENDESA GENERACIÓN, S.A.",100,GENERACION,ZONA ESPAÑOLA,Hidráulica de Bombeo Puro,100.0
71,453.493,TOTRE01,REPRESENTACIÓN FV GG1,TOTALENERGIES GAS AND POWER LIMITED,100,GENERACION,ZONA ESPAÑOLA,RE Mercado Solar Fotovoltáica,100.0
71,460.813,TOTRE02,REPRESENTACION PFV LA ISLA,TOTALENERGIES GAS AND POWER LIMITED,100,GENERACION,ZONA ESPAÑOLA,RE Mercado Solar Fotovoltáica,100.0
71,468.133,TOTRE03,REPRESENTACION EOLICA WI1014,TOTALENERGIES GAS AND POWER LIMITED,100,GENERACION,ZONA ESPAÑOLA,RE Mercado Eólica,100.0
71,475.453,TOTRE04,ARBOTANTE SOLAR,TOTALENERGIES GAS AND POWER LIMITED,100,GENERACION,ZONA ESPAÑOLA,RE Mercado Solar Fotovoltáica,100.0
71,482.773,TOTRE05,LA CARRASCOSA,TOTALENERGIES GAS AND POWER LIMITED,100,GENERACION,ZONA ESPAÑOLA,RE Mercado Solar Fotovoltáica,100.0
71,490.093,TOTRE06,LA NORIA,TOTALENERGIES GAS AND POWER LIMITED,100,GENERACION,ZONA ESPAÑOLA,RE Mercado Solar Fotovoltáica,100.0
71,497.413,TOTRE07,PILASTRA SOLAR,TOTALENERGIES GAS AND POWER LIMITED,100,GENERACION,ZONA ESPAÑOLA,RE Mercado Solar Fotovoltáica,100.0
71,504.733,TOTRE08,POSTIGO SOLAR,TOTALENERGIES GAS AND POWER LIMITED,100,GENERACION,ZONA ESPAÑOLA,RE Mercado Solar Fotovoltáica,100.0
71,512.093,TOTRE09,LOS VALIENTES I,TOTALENERGIES GAS AND POWER LIMITED,100,GENERACION,ZONA ESPAÑOLA,RE Mercado Solar Fotovoltáica,100.0
71,519.373,TOTRE10,LOS VALIENTES II,TOTALENERGIES GAS AND POWER LIMITED,100,GENERACION,ZONA ESPAÑOLA,RE Mercado Solar Fotovoltáica,100.0
71,526.693,TOTRE11,PFV DNR,TOTALENERGIES GAS AND POWER LIMITED,100,GENERACION,ZONA ESPAÑOLA,RE Mercado Solar Fotovoltáica,100.0
71,534.093,TOTRE12,LAS CAROLINAS III,TOTALENERGIES GAS AND POWER LIMITED,100,GENERACION,ZONA ESPAÑOLA,RE Mercado Solar Fotovoltáica,100.0
71,541.333,TOTRE13,LAS CAROLINAS 4,TOTALENERGIES GAS AND POWER LIMITED,100,GENERACION,ZONA ESPAÑOLA,RE Mercado Solar Fotovoltáica,100.0
71,548.653,TOTRE14,FV EL ROMERAL I,TOTALENERGIES GAS AND POWER LIMITED,100,GENERACION,ZONA ESPAÑOLA,RE Mercado Solar Fotovoltáica,100.0
71,555.973,TOTRE15,FV EL ROMERAL II,TOTALENERGIES GAS AND POWER LIMITED,100,GENERACION,ZONA ESPAÑOLA,RE Mercado Solar Fotovoltáica,100.0
71,563.293,TOTRE16,FV BALSICAS,TOTALENERGIES GAS AND POWER LIMITED,100,GENERACION,ZONA ESPAÑOLA,RE Mercado Solar Fotovoltáica,100.0
72,141.133,TRARE01,VENTABIOGAS,TRADEBE GESTION ESPAÑA SL,100,GENERACION,ZONA ESPAÑOLA,RE Mercado Térmica Renovable,100.0
72,148.453,TRIRE01,GUASCOR,SECOND FOUNDATION TRADING AG,100,GENERACION,ZONA ESPAÑOLA,RE Mercado Térmica no,100.0
72,161.893,TRIRE02,CATRAL 1,SECOND FOUNDATION TRADING AG,100,GENERACION,ZONA ESPAÑOLA,RE Mercado Solar Fotovoltáica,100.0
72,169.213,TRIRE03,SOLGENERA,SECOND FOUNDATION TRADING AG,100,GENERACION,ZONA ESPAÑOLA,RE Mercado Solar Fotovoltáica,100.0
72,176.533,TRIRE04,MAS FUSTE,SECOND FOUNDATION TRADING AG,100,GENERACION,ZONA ESPAÑOLA,RE Mercado Solar Fotovoltáica,100.0
72,183.853,TRIRE05,CATRAL2,SECOND FOUNDATION TRADING AG,100,GENERACION,ZONA ESPAÑOLA,RE Mercado Solar Fotovoltáica,100.0
72,191.173,TRIRE07,UF ALBATERA,SECOND FOUNDATION TRADING AG,100,GENERACION,ZONA ESPAÑOLA,RE Mercado Solar Fotovoltáica,100.0
72,198.493,TRIRE08,BORJA,SECOND FOUNDATION TRADING AG,100,GENERACION,ZONA ESPAÑOLA,RE Mercado Solar Fotovoltáica,100.0
72,205.813,TRL1,C.N. TRILLO,"IBERENERGIA,S.A.","15,5",GENERACION,ZONA ESPAÑOLA,Nuclear,15.5
72,213.133,TRL1,C.N. TRILLO,GAS NATURAL COMERCIALIZADORA,"34,5",GENERACION,ZONA ESPAÑOLA,Nuclear,34.5
72,220.453,TRL1,C.N. TRILLO,IBERDROLA ENERGÍA ESPAÑA S..A.,49,GENERACION,ZONA ESPAÑOLA,Nuclear,49.0
72,227.773,TRL1,C.N. TRILLO,"ENDESA GENERACIÓN, S.A.",1,GENERACION,ZONA ESPAÑOLA,Nuclear,1.0
72,235.093,TSRDV02,TSRDV02,ENGELHART CTP RENEWABLES GMBH,100,GENERACION,ZONA PORTUGUESA,RE Tarifa CUR (uof),100.0
72,242.413,TSRRE01,GESTION DE INFRAESTRUCTURAS,ENGELHART CTP RENEWABLES GMBH,100,GENERACION,ZONA ESPAÑOLA,RE Mercado Solar Fotovoltáica,100.0
72,249.733,UFBG,C.H. BOLARQUE GENERACION,GAS NATURAL COMERCIALIZADORA,100,GENERACION,ZONA ESPAÑOLA,Hidráulica de Bombeo Puro,100.0
72,257.093,UFGC,UGH. UF-GALICIA COSTA,GAS NATURAL COMERCIALIZADORA,100,GENERACION,ZONA ESPAÑOLA,Hidráulica Generación,100.0
72,264.373,UFMI,UGH. UF-MIÑO,GAS NATURAL COMERCIALIZADORA,100,GENERACION,ZONA ESPAÑOLA,Hidráulica Generación,100.0
72,271.693,UFTA,UGH. UF-TAJO,GAS NATURAL COMERCIALIZADORA,100,GENERACION,ZONA ESPAÑOLA,Hidráulica Generación,100.0
72,279.093,ULEA,ULEA,WIND TO MARKET (ACT.: COMERCIALIZACIÓN RE),100,GENERACION,ZONA ESPAÑOLA,Hidráulica Generación,100.0
72,286.333,UPACAV,UOF ACADIEMS VENTA,IGNIS ENERGIA S.L.,100,GENERACION,ZONA ESPAÑOLA,Almacenamiento Venta,100.0
72,293.653,UPPTCHA,UPPTCHA,HIDROELÉCTRICA LUMYMEY,100,GENERACION,ZONA ESPAÑOLA,Hidráulica Generación,100.0
72,300.973,UPPTDIS,UPPTDIS,HIDROELÉCTRICA LUMYMEY,100,GENERACION,ZONA ESPAÑOLA,Hidráulica Generación,100.0
72,308.293,UPXENV,UPXENV,GNERA ENERGIA Y TECNOLOGIA,100,GENERACION,ZONA ESPAÑOLA,Almacenamiento Venta,100.0
72,315.613,VAN2,C.N. VANDELLOS II,"ENDESA GENERACIÓN, S.A.",72,GENERACION,ZONA ESPAÑOLA,Nuclear,72.0
72,322.933,VAN2,C.N. VANDELLOS II,IBERDROLA ENERGÍA ESPAÑA S..A.,28,GENERACION,ZONA ESPAÑOLA,Nuclear,28.0
72,330.253,VGERE08,HNSMER,"REPSOL SERVICIOS RENOVABLES, S.A.",100,GENERACION,ZONA ESPAÑOLA,RE Mercado Hidráulica,100.0
72,337.573,VGERE12,VGERE12,"REPSOL SERVICIOS RENOVABLES, S.A.",100,GENERACION,ZONA ESPAÑOLA,RE Mercado Eólica,100.0
72,344.893,VGERE13,VGERE13,"REPSOL SERVICIOS RENOVABLES, S.A.",100,GENERACION,ZONA ESPAÑOLA,RE Mercado Térmica no,100.0
72,358.333,VGERE17,VGERE17,"REPSOL SERVICIOS RENOVABLES, S.A.",100,GENERACION,ZONA ESPAÑOLA,RE Mercado Térmica no,100.0
72,371.773,VGERE18,VGERE18,"REPSOL SERVICIOS RENOVABLES, S.A.",100,GENERACION,ZONA ESPAÑOLA,RE Mercado Térmica no,100.0
72,385.213,VGERE33,VGERE33,"REPSOL SERVICIOS RENOVABLES, S.A.",100,GENERACION,ZONA ESPAÑOLA,RE Mercado Eólica,100.0
72,392.533,VGERE34,VGERE34,"REPSOL SERVICIOS RENOVABLES, S.A.",100,GENERACION,ZONA ESPAÑOLA,RE Mercado Solar Fotovoltáica,100.0
72,399.853,VGERE35,VGERE35,"REPSOL SERVICIOS RENOVABLES, S.A.",100,GENERACION,ZONA ESPAÑOLA,RE Mercado Solar Fotovoltáica,100.0
72,407.173,VGERE39,VGERE39,"REPSOL SERVICIOS RENOVABLES, S.A.",100,GENERACION,ZONA ESPAÑOLA,RE Mercado Eólica,100.0
72,414.493,VGERE42,LA SERNA,"REPSOL SERVICIOS RENOVABLES, S.A.",100,GENERACION,ZONA ESPAÑOLA,RE Mercado Eólica,100.0
72,421.813,VGERE43,KAPPAG,"REPSOL SERVICIOS RENOVABLES, S.A.",100,GENERACION,ZONA ESPAÑOLA,RE Mercado Solar Fotovoltáica,100.0
72,429.133,VGERE44,SIGMA,"REPSOL SERVICIOS RENOVABLES, S.A.",100,GENERACION,ZONA ESPAÑOLA,RE Mercado Solar Fotovoltáica,100.0
72,436.453,VGERE45,POLUX,"REPSOL SERVICIOS RENOVABLES, S.A.",100,GENERACION,ZONA ESPAÑOLA,RE Mercado Eólica,100.0
72,443.773,VGERE46,GALLEGO,"REPSOL SERVICIOS RENOVABLES, S.A.",100,GENERACION,ZONA ESPAÑOLA,RE Mercado Eólica,100.0
72,451.093,VGERE47,EARTIG,"REPSOL SERVICIOS RENOVABLES, S.A.",100,GENERACION,ZONA ESPAÑOLA,RE Mercado Eólica,100.0
72,458.413,VGERE48,VGERE48,"REPSOL SERVICIOS RENOVABLES, S.A.",100,GENERACION,ZONA ESPAÑOLA,RE Mercado Eólica,100.0
72,465.733,VGERE49,VGERE49,"REPSOL SERVICIOS RENOVABLES, S.A.",100,GENERACION,ZONA ESPAÑOLA,RE Mercado Eólica,100.0
72,473.093,VGERE50,EL TOMILLAR,"REPSOL SERVICIOS RENOVABLES, S.A.",100,GENERACION,ZONA ESPAÑOLA,RE Mercado Solar Fotovoltáica,100.0
72,480.373,VGERE51,VGERE51,"REPSOL SERVICIOS RENOVABLES, S.A.",100,GENERACION,ZONA ESPAÑOLA,RE Mercado Eólica,100.0
72,487.693,VGERE52,ECERRAT,"REPSOL SERVICIOS RENOVABLES, S.A.",100,GENERACION,ZONA ESPAÑOLA,RE Mercado Eólica,100.0
72,495.093,VGERE53,FTRI,"REPSOL SERVICIOS RENOVABLES, S.A.",100,GENERACION,ZONA ESPAÑOLA,RE Mercado Solar Fotovoltáica,100.0
72,502.333,VGERE54,VGERE54,"REPSOL SERVICIOS RENOVABLES, S.A.",100,GENERACION,ZONA ESPAÑOLA,RE Mercado Eólica,100.0
72,509.653,VGERE55,VGERE55,"REPSOL SERVICIOS RENOVABLES, S.A.",100,GENERACION,ZONA ESPAÑOLA,RE Mercado Eólica,100.0
72,516.973,VGERE56,VGERE56,"REPSOL SERVICIOS RENOVABLES, S.A.",100,GENERACION,ZONA ESPAÑOLA,RE Mercado Solar Fotovoltáica,100.0
72,524.293,VGERE57,VGERE57,"REPSOL SERVICIOS RENOVABLES, S.A.",100,GENERACION,ZONA ESPAÑOLA,RE Mercado Eólica,100.0
72,531.613,VGERE60,VGERE60,"REPSOL SERVICIOS RENOVABLES, S.A.",100,GENERACION,ZONA ESPAÑOLA,RE Mercado Eólica,100.0
72,538.933,VGERE61,VGERE61,"REPSOL SERVICIOS RENOVABLES, S.A.",100,GENERACION,ZONA ESPAÑOLA,RE Mercado Eólica,100.0
72,546.253,VGERE62,VGERE62,"REPSOL SERVICIOS RENOVABLES, S.A.",100,GENERACION,ZONA ESPAÑOLA,RE Mercado Eólica,100.0
72,553.573,VGERE63,VGERE63,"REPSOL SERVICIOS RENOVABLES, S.A.",100,GENERACION,ZONA ESPAÑOLA,RE Mercado Eólica,100.0
72,560.893,VGERE64,VGERE64,"REPSOL SERVICIOS RENOVABLES, S.A.",100,GENERACION,ZONA ESPAÑOLA,RE Mercado Eólica,100.0
73,141.133,VGERE65,VGERE65,"REPSOL SERVICIOS RENOVABLES, S.A.",100,GENERACION,ZONA ESPAÑOLA,RE Mercado Solar Fotovoltáica,100.0
73,148.453,VGERE66,VGERE66 EREPSOH,"REPSOL SERVICIOS RENOVABLES, S.A.",100,GENERACION,ZONA ESPAÑOLA,Híbrida Renovable,100.0
73,155.773,VGERE67,VGERE67 FOTOVOLTAICA,"REPSOL SERVICIOS RENOVABLES, S.A.",100,GENERACION,ZONA ESPAÑOLA,RE Mercado Solar Fotovoltáica,100.0
73,163.093,VIERE01,SOLMATCH,REPSOL COMERCIALIZADORA DE ELECTRICIDAD Y GAS SLU,100,GENERACION,ZONA ESPAÑOLA,RE Mercado Solar Fotovoltáica,100.0
73,170.413,VIES,UGH. VIESGO,"REPSOL SERVICIOS RENOVABLES, S.A.",100,GENERACION,ZONA ESPAÑOLA,Hidráulica Generación,100.0
73,177.733,VISRE19,VISALIA LOGIFASHION SOLAR,VISALIA ENERGIA SLU,100,GENERACION,ZONA ESPAÑOLA,RE Mercado Solar Fotovoltáica,100.0
73,185.093,VISRE22,VISALIA FV OLIVARES,VISALIA ENERGIA SLU,100,GENERACION,ZONA ESPAÑOLA,RE Mercado Solar Fotovoltáica,100.0
73,192.373,VISRE23,VISALIA FV TORRECILLA,VISALIA ENERGIA SLU,100,GENERACION,ZONA ESPAÑOLA,RE Mercado Solar Fotovoltáica,100.0
73,199.693,VISRE24,FV RIO,VISALIA ENERGIA SLU,100,GENERACION,ZONA ESPAÑOLA,RE Mercado Solar Fotovoltáica,100.0
73,207.093,VISRE25,FV COTO,VISALIA ENERGIA SLU,100,GENERACION,ZONA ESPAÑOLA,RE Mercado Solar Fotovoltáica,100.0
73,214.333,VISRE26,VISALIA FV TORDESILLAS 2,VISALIA ENERGIA SLU,100,GENERACION,ZONA ESPAÑOLA,RE Mercado Solar Fotovoltáica,100.0
73,221.653,VOLNV02,UNIDADE DE VENDA VOLTON,"VOLTON-ENERGIA E SOLUÇÕES, LDA",100,GENERACION,ZONA PORTUGUESA,RE Tarifa CUR (uof),100.0
73,228.973,VTERE01,REPRESENTACION FV,VITA ENERGY CONSULTING SL,100,GENERACION,ZONA ESPAÑOLA,RE Mercado Solar Fotovoltáica,100.0
73,236.293,VTERE02,REPRESENTACION FV >1,VITA ENERGY CONSULTING SL,100,GENERACION,ZONA ESPAÑOLA,RE Mercado Solar Fotovoltáica,100.0
73,243.613,VTERE03,REPRESENTACION FV P,VITA ENERGY CONSULTING SL,100,GENERACION,ZONA ESPAÑOLA,RE Mercado Solar Fotovoltáica,100.0
73,250.933,WATRE02,WATIUM FOTOVOLTAICA 01,VISALIA ENERGIA SLU,100,GENERACION,ZONA ESPAÑOLA,RE Mercado Solar Fotovoltáica,100.0
73,258.253,WATRE03,WATIUM FOTOVOLTAICA 13 ROELES,VISALIA ENERGIA SLU,100,GENERACION,ZONA ESPAÑOLA,RE Mercado Solar Fotovoltáica,100.0
73,265.573,WATRE05,WATIUM FOTOVOLTAICA AGUASAL,VISALIA ENERGIA SLU,100,GENERACION,ZONA ESPAÑOLA,RE Mercado Solar Fotovoltáica,100.0
73,272.893,WATRE06,WATIUM FV PÍO CÁMARA BURGOS,VISALIA ENERGIA SLU,100,GENERACION,ZONA ESPAÑOLA,RE Mercado Solar Fotovoltáica,100.0
73,280.213,WATRE07,WATIUM FV RODERO ENERGÍA,VISALIA ENERGIA SLU,100,GENERACION,ZONA ESPAÑOLA,RE Mercado Solar Fotovoltáica,100.0
73,287.533,WATRE12,PIO CAMARA EL VISO,VISALIA ENERGIA SLU,100,GENERACION,ZONA ESPAÑOLA,RE Mercado Solar Fotovoltáica,100.0
73,294.853,WATRE13,BARCO DE LOS FRAILES I,VISALIA ENERGIA SLU,100,GENERACION,ZONA ESPAÑOLA,RE Mercado Solar Fotovoltáica,100.0
73,302.173,WATRE14,WATIUM FV VILLAHERMOSA,VISALIA ENERGIA SLU,100,GENERACION,ZONA ESPAÑOLA,RE Mercado Solar Fotovoltáica,100.0
73,309.493,WATRE16,FV LA MOCHA,VISALIA ENERGIA SLU,100,GENERACION,ZONA ESPAÑOLA,RE Mercado Solar Fotovoltáica,100.0
73,316.813,WATRE17,WATIUM FV 13 ROELES NORTE,VISALIA ENERGIA SLU,100,GENERACION,ZONA ESPAÑOLA,RE Mercado Solar Fotovoltáica,100.0
73,324.133,WATRE18,WATIUM PSF TARRAGÓN,VISALIA ENERGIA SLU,100,GENERACION,ZONA ESPAÑOLA,RE Mercado Solar Fotovoltáica,100.0
73,331.453,WMARVD1,VENTA EXCED AUTOPROD WMARK VD1,WIND TO MARKET (ACT.: COMERCIALIZACIÓN RE),100,GENERACION,ZONA ESPAÑOLA,RE Mercado Solar Fotovoltáica,100.0
73,338.773,WMCHVNR,W2M REGIMEN ORDINARIO CHAVIN,WIND TO MARKET (ACT.: COMERCIALIZACIÓN RE),100,GENERACION,ZONA ESPAÑOLA,Hidráulica Generación,100.0
73,346.093,WMEBRO,W2M REGIMER ORDINARIO EBRO,WIND TO MARKET (ACT.: COMERCIALIZACIÓN RE),100,GENERACION,ZONA ESPAÑOLA,Hidráulica Generación,100.0
73,353.413,WMGRDZR,W2M REGIMEN ORDINARIO GERDIZ,WIND TO MARKET (ACT.: COMERCIALIZACIÓN RE),100,GENERACION,ZONA ESPAÑOLA,Hidráulica Generación,100.0
73,360.733,WMJUCA,W2M REGIMEN ORDINARIO JUCAR,WIND TO MARKET (ACT.: COMERCIALIZACIÓN RE),100,GENERACION,ZONA ESPAÑOLA,Hidráulica Generación,100.0
73,368.093,WMPGOMR,WM REGIMEN ORDINARIO PIAGO MAR,WIND TO MARKET (ACT.: COMERCIALIZACIÓN RE),100,GENERACION,ZONA ESPAÑOLA,Hidráulica Generación,100.0
73,375.373,WMTRCDR,WM REGIMEN ORDINARIO TRONCEDA,WIND TO MARKET (ACT.: COMERCIALIZACIÓN RE),100,GENERACION,ZONA ESPAÑOLA,Hidráulica Generación,100.0
73,382.693,WMTRC2R,WM REGIMEN ORDINARIO TRONCEDA2,WIND TO MARKET (ACT.: COMERCIALIZACIÓN RE),100,GENERACION,ZONA ESPAÑOLA,Hidráulica Generación,100.0
73,390.093,WMVD007,VENTA EXCED AUTOPROD WMARK 007,WIND TO MARKET (ACT.: COMERCIALIZACIÓN RE),100,GENERACION,ZONA ESPAÑOLA,RE Mercado Térmica no,100.0
73,403.453,WMVD01,VENTA EXCED HIB WMVD01,WIND TO MARKET (ACT.: COMERCIALIZACIÓN RE),100,GENERACION,ZONA ESPAÑOLA,Híbrida Renovable,100.0
73,410.773,WMVD014,VENTA EXCED AUTOPROD WMARK 014,WIND TO MARKET (ACT.: COMERCIALIZACIÓN RE),100,GENERACION,ZONA ESPAÑOLA,RE Mercado Térmica no,100.0
73,424.213,WMVD02,VENTA EXCED HIB WMVD02,WIND TO MARKET (ACT.: COMERCIALIZACIÓN RE),100,GENERACION,ZONA ESPAÑOLA,Híbrida Renovable,100.0
73,431.533,WMVD034,VENTA EXCED AUTOPROD WMARK 034,WIND TO MARKET (ACT.: COMERCIALIZACIÓN RE),100,GENERACION,ZONA ESPAÑOLA,RE Mercado Térmica no,100.0
73,444.973,WMVD043,VENTA EXCED AUTOPROD WMARK 043,WIND TO MARKET (ACT.: COMERCIALIZACIÓN RE),100,GENERACION,ZONA ESPAÑOLA,RE Mercado Térmica no,100.0
73,458.413,WMVD050,VENTA EXCED AUTOPROD WMARK 050,WIND TO MARKET (ACT.: COMERCIALIZACIÓN RE),100,GENERACION,ZONA ESPAÑOLA,RE Mercado Térmica no,100.0
73,471.853,WMVD087,VTA EXCED AUTOPROD. WMARK 087,WIND TO MARKET (ACT.: COMERCIALIZACIÓN RE),100,GENERACION,ZONA ESPAÑOLA,RE Mercado Eólica,100.0
73,479.173,WMVD088,VENTA EXCED AUTOPROD WMARK 088,WIND TO MARKET (ACT.: COMERCIALIZACIÓN RE),100,GENERACION,ZONA ESPAÑOLA,RE Mercado Eólica,100.0
73,486.493,WMVD090,VENTA EXCED AUTOPROD WMARK 090,WIND TO MARKET (ACT.: COMERCIALIZACIÓN RE),100,GENERACION,ZONA ESPAÑOLA,RE Mercado Eólica,100.0
73,493.813,WMVD101,VENTA EXCED AUTOPROD WMARK 101,WIND TO MARKET (ACT.: COMERCIALIZACIÓN RE),100,GENERACION,ZONA ESPAÑOLA,RE Mercado Eólica,100.0
73,501.133,WMVD114,VENTA EXCED AUTOPROD WMARK 114,WIND TO MARKET (ACT.: COMERCIALIZACIÓN RE),100,GENERACION,ZONA ESPAÑOLA,RE Mercado Térmica Renovable,100.0
73,508.453,WMVD117,VENTA EXCED AUTOPROD WMARK 117,WIND TO MARKET (ACT.: COMERCIALIZACIÓN RE),100,GENERACION,ZONA ESPAÑOLA,RE Mercado Térmica no,100.0
73,521.893,WMVD127,VENTA EXCED AUTOPROD WMARK 127,WIND TO MARKET (ACT.: COMERCIALIZACIÓN RE),100,GENERACION,ZONA ESPAÑOLA,RE Mercado Térmica no,100.0
73,535.333,WMVD131,VENTA EXCED AUTOPROD WMARK 131,WIND TO MARKET (ACT.: COMERCIALIZACIÓN RE),100,GENERACION,ZONA ESPAÑOLA,RE Mercado Hidráulica,100.0
73,542.653,WMVD144,VENTA EXCED AUTOPROD WMARK 144,WIND TO MARKET (ACT.: COMERCIALIZACIÓN RE),100,GENERACION,ZONA ESPAÑOLA,RE Mercado Térmica no,100.0
73,556.093,WMVD145,VENTA EXCED AUTOPROD WMARK 145,WIND TO MARKET (ACT.: COMERCIALIZACIÓN RE),100,GENERACION,ZONA ESPAÑOLA,RE Mercado Eólica,100.0
74,141.133,WMVD146,VENTA EXCED AUTOPROD WMARK146,WIND TO MARKET (ACT.: COMERCIALIZACIÓN RE),100,GENERACION,ZONA ESPAÑOLA,RE Mercado Térmica no,100.0
74,154.573,WMVD147,VENTA EXCED AUTOPROD WMARK 147,WIND TO MARKET (ACT.: COMERCIALIZACIÓN RE),100,GENERACION,ZONA ESPAÑOLA,RE Mercado Eólica,100.0
74,161.893,WMVD150,VENTA EXCED AUTOPROD WMARK 150,WIND TO MARKET (ACT.: COMERCIALIZACIÓN RE),100,GENERACION,ZONA ESPAÑOLA,RE Mercado Hidráulica,100.0
74,169.213,WMVD155,VENTA EXCED AUTOPROD WMARK 155,WIND TO MARKET (ACT.: COMERCIALIZACIÓN RE),100,GENERACION,ZONA ESPAÑOLA,RE Mercado Solar Fotovoltáica,100.0
74,176.533,WMVD165,VENTA EXCED AUTOPROD WMARK 165,WIND TO MARKET (ACT.: COMERCIALIZACIÓN RE),100,GENERACION,ZONA ESPAÑOLA,RE Mercado Hidráulica,100.0
74,183.853,WMVD168,VENTA EXCED AUTOPROD WMARK 168,WIND TO MARKET (ACT.: COMERCIALIZACIÓN RE),100,GENERACION,ZONA ESPAÑOLA,RE Mercado Térmica no,100.0
74,197.293,WMVD169,VENTA EXCED AUTOPROD WMARK 169,WIND TO MARKET (ACT.: COMERCIALIZACIÓN RE),100,GENERACION,ZONA ESPAÑOLA,RE Mercado Térmica no,100.0
74,210.733,WMVD170,VENTA EXCED AUTOPROD WMARK 170,WIND TO MARKET (ACT.: COMERCIALIZACIÓN RE),100,GENERACION,ZONA ESPAÑOLA,RE Mercado Térmica no,100.0
74,224.173,WMVD172,VENTA EXCED AUTOPROD WMARK 172,WIND TO MARKET (ACT.: COMERCIALIZACIÓN RE),100,GENERACION,ZONA ESPAÑOLA,RE Mercado Térmica Renovable,100.0
74,231.493,WMVD173,VENTA EXCED AUTOPROD WMARK 173,WIND TO MARKET (ACT.: COMERCIALIZACIÓN RE),100,GENERACION,ZONA ESPAÑOLA,RE Mercado Térmica no,100.0
74,244.933,WMVD177,VENTA EXCED AUTOPROD WMARK 177,WIND TO MARKET (ACT.: COMERCIALIZACIÓN RE),100,GENERACION,ZONA ESPAÑOLA,RE Mercado Hidráulica,100.0
74,252.253,WMVD180,VENTA EXCED AUTOPROD WMARK 180,WIND TO MARKET (ACT.: COMERCIALIZACIÓN RE),100,GENERACION,ZONA ESPAÑOLA,RE Mercado Térmica no,100.0
74,265.693,WMVD181,VENTA EXCED AUTOPROD WMARK 181,WIND TO MARKET (ACT.: COMERCIALIZACIÓN RE),100,GENERACION,ZONA ESPAÑOLA,RE Mercado Térmica no,100.0
74,279.133,WMVD183,VENTA EXCED AUTOPROD WMARK 183,WIND TO MARKET (ACT.: COMERCIALIZACIÓN RE),100,GENERACION,ZONA ESPAÑOLA,RE Mercado Hidráulica,100.0
74,286.453,WMVD184,VENTA EXCED AUTOPROD WMARK 184,WIND TO MARKET (ACT.: COMERCIALIZACIÓN RE),100,GENERACION,ZONA ESPAÑOLA,RE Mercado Hidráulica,100.0
74,293.773,WMVD186,VENTA EXCED AUTOPROD WMARK 186,WIND TO MARKET (ACT.: COMERCIALIZACIÓN RE),100,GENERACION,ZONA ESPAÑOLA,RE Mercado Eólica,100.0
74,301.093,WMVD188,VENTA EXCED AUTOPROD WMARK 188,WIND TO MARKET (ACT.: COMERCIALIZACIÓN RE),100,GENERACION,ZONA ESPAÑOLA,RE Mercado Térmica no,100.0
74,314.533,WMVD189,VENTA EXCED AUTOPROD WMARK 189,WIND TO MARKET (ACT.: COMERCIALIZACIÓN RE),100,GENERACION,ZONA ESPAÑOLA,RE Mercado Eólica,100.0
74,321.853,WMVD194,VENTA EXCED AUTOPROD WMARK 194,WIND TO MARKET (ACT.: COMERCIALIZACIÓN RE),100,GENERACION,ZONA ESPAÑOLA,RE Mercado Térmica no,100.0
74,335.293,WMVD204,VENTA EXCED AUTOPROD WMARK 204,WIND TO MARKET (ACT.: COMERCIALIZACIÓN RE),100,GENERACION,ZONA ESPAÑOLA,RE Mercado Eólica,100.0
74,342.613,WMVD205,VENTA EXCED AUTOPROD WMARK 205,WIND TO MARKET (ACT.: COMERCIALIZACIÓN RE),100,GENERACION,ZONA ESPAÑOLA,RE Mercado Térmica no,100.0
74,356.093,WMVD206,VENTA EXCED AUTOPROD WMARK 206,WIND TO MARKET (ACT.: COMERCIALIZACIÓN RE),100,GENERACION,ZONA ESPAÑOLA,RE Mercado Solar Fotovoltáica,100.0
74,363.373,WMVD207,VENTA EXCED AUTOPROD WMARK 207,WIND TO MARKET (ACT.: COMERCIALIZACIÓN RE),100,GENERACION,ZONA ESPAÑOLA,RE Mercado Eólica,100.0
74,370.693,WMVD208,VENTA EXCED AUTOPROD WMARK 208,WIND TO MARKET (ACT.: COMERCIALIZACIÓN RE),100,GENERACION,ZONA ESPAÑOLA,RE Mercado Térmica no,100.0
74,384.133,WMVD209,ERE FREGENAL DE LA SIERRA,WIND TO MARKET (ACT.: COMERCIALIZACIÓN RE),100,GENERACION,ZONA ESPAÑOLA,RE Mercado Solar Fotovoltáica,100.0
74,391.453,WMVD211,VENTA EXCED AUTOPROD WMARK 211,WIND TO MARKET (ACT.: COMERCIALIZACIÓN RE),100,GENERACION,ZONA ESPAÑOLA,RE Mercado Solar Fotovoltáica,100.0
74,398.773,WMVD212,VENTA EXCED AUTOPROD WMARK 212,WIND TO MARKET (ACT.: COMERCIALIZACIÓN RE),100,GENERACION,ZONA ESPAÑOLA,RE Mercado Eólica,100.0
74,406.093,WMVD213,VENTA EXCED AUTOPROD WMARK 212,WIND TO MARKET (ACT.: COMERCIALIZACIÓN RE),100,GENERACION,ZONA ESPAÑOLA,RE Mercado Solar Fotovoltáica,100.0
74,413.413,WMVD214,VENTA EXCED AUTOPROD WMARK 214,WIND TO MARKET (ACT.: COMERCIALIZACIÓN RE),100,GENERACION,ZONA ESPAÑOLA,RE Mercado Solar Fotovoltáica,100.0
74,420.733,WMVD216,VENTA EXCED AUTOPROD WMARK 216,WIND TO MARKET (ACT.: COMERCIALIZACIÓN RE),100,GENERACION,ZONA ESPAÑOLA,RE Mercado Solar Fotovoltáica,100.0
74,428.093,WMVD218,PSF SENEN,WIND TO MARKET (ACT.: COMERCIALIZACIÓN RE),100,GENERACION,ZONA ESPAÑOLA,RE Mercado Solar Fotovoltáica,100.0
74,435.373,WMVD219,PSF JADE,WIND TO MARKET (ACT.: COMERCIALIZACIÓN RE),100,GENERACION,ZONA ESPAÑOLA,RE Mercado Solar Fotovoltáica,100.0
74,442.693,WMVD221,PSF ARTEMISA,WIND TO MARKET (ACT.: COMERCIALIZACIÓN RE),100,GENERACION,ZONA ESPAÑOLA,RE Mercado Solar Fotovoltáica,100.0
74,450.093,WMVD224,PSF LA PIZARRA II,WIND TO MARKET (ACT.: COMERCIALIZACIÓN RE),100,GENERACION,ZONA ESPAÑOLA,RE Mercado Solar Fotovoltáica,100.0
74,457.333,WMVD225,PSF GESTENIA,WIND TO MARKET (ACT.: COMERCIALIZACIÓN RE),100,GENERACION,ZONA ESPAÑOLA,RE Mercado Solar Fotovoltáica,100.0
74,464.653,WMVD226,PSF AGATHA,WIND TO MARKET (ACT.: COMERCIALIZACIÓN RE),100,GENERACION,ZONA ESPAÑOLA,RE Mercado Solar Fotovoltáica,100.0
74,471.973,WMVD227,PSF ESMERALDA,WIND TO MARKET (ACT.: COMERCIALIZACIÓN RE),100,GENERACION,ZONA ESPAÑOLA,RE Mercado Solar Fotovoltáica,100.0
74,479.293,WMVD228,PSF HERACLES,WIND TO MARKET (ACT.: COMERCIALIZACIÓN RE),100,GENERACION,ZONA ESPAÑOLA,RE Mercado Solar Fotovoltáica,100.0
74,486.613,WMVD229,VENTA EXCED AUTOPROD WMARK 229,WIND TO MARKET (ACT.: COMERCIALIZACIÓN RE),100,GENERACION,ZONA ESPAÑOLA,RE Mercado Solar Fotovoltáica,100.0
74,493.933,WMVD230,VENTA EXCED AUTOPROD WMARK 230,WIND TO MARKET (ACT.: COMERCIALIZACIÓN RE),100,GENERACION,ZONA ESPAÑOLA,RE Mercado Solar Fotovoltáica,100.0
74,501.253,WMVD231,VENTA EXCED AUTOPROD WMARK 231,WIND TO MARKET (ACT.: COMERCIALIZACIÓN RE),100,GENERACION,ZONA ESPAÑOLA,RE Mercado Solar Fotovoltáica,100.0
74,508.573,WMVD232,VENTA EXCED AUTOPROD WMVD232,WIND TO MARKET (ACT.: COMERCIALIZACIÓN RE),100,GENERACION,ZONA ESPAÑOLA,RE Mercado Solar Fotovoltáica,100.0
74,515.893,WMVD234,VENTA EXCED AUTOPROD WMVD234,WIND TO MARKET (ACT.: COMERCIALIZACIÓN RE),100,GENERACION,ZONA ESPAÑOLA,RE Mercado Solar Fotovoltáica,100.0
74,523.213,WMVD235,VENTA EXCED AUTOPROD WMVD235,WIND TO MARKET (ACT.: COMERCIALIZACIÓN RE),100,GENERACION,ZONA ESPAÑOLA,RE Mercado Solar Fotovoltáica,100.0
74,530.533,WMVD236,VENTA EXCED AUTOPROD WMVD236,WIND TO MARKET (ACT.: COMERCIALIZACIÓN RE),100,GENERACION,ZONA ESPAÑOLA,RE Mercado Solar Fotovoltáica,100.0
74,537.853,WMVD240,VENTA EXCED AUTOPROD WMVD240,WIND TO MARKET (ACT.: COMERCIALIZACIÓN RE),100,GENERACION,ZONA ESPAÑOLA,RE Mercado Solar Fotovoltáica,100.0
74,545.173,WMVD241,VENTA EXCED AUTOPROD WMVD241,WIND TO MARKET (ACT.: COMERCIALIZACIÓN RE),100,GENERACION,ZONA ESPAÑOLA,RE Mercado Solar Fotovoltáica,100.0
74,552.493,WMVD242,VENTA EXCED AUTOPROD WMVD242,WIND TO MARKET (ACT.: COMERCIALIZACIÓN RE),100,GENERACION,ZONA ESPAÑOLA,RE Mercado Eólica,100.0
74,559.813,WMVD243,VENTA EXCED AUTOPROD WMVD243,WIND TO MARKET (ACT.: COMERCIALIZACIÓN RE),100,GENERACION,ZONA ESPAÑOLA,RE Mercado Eólica,100.0
75,141.133,WMVD244,VENTA EXCED AUTOPROD WMVD244,WIND TO MARKET (ACT.: COMERCIALIZACIÓN RE),100,GENERACION,ZONA ESPAÑOLA,RE Mercado Solar Fotovoltáica,100.0
75,148.453,WMVD249,VENTA EXCED AUTOPROD WMVD249,WIND TO MARKET (ACT.: COMERCIALIZACIÓN RE),100,GENERACION,ZONA ESPAÑOLA,RE Mercado Solar Fotovoltáica,100.0
75,155.773,WMVD250,VENTA EXCED AUTOPROD WMVD250,WIND TO MARKET (ACT.: COMERCIALIZACIÓN RE),100,GENERACION,ZONA ESPAÑOLA,RE Mercado Solar Fotovoltáica,100.0
75,163.093,WMVD253,VENTA EXCED AUTOPROD WMVD253,WIND TO MARKET (ACT.: COMERCIALIZACIÓN RE),100,GENERACION,ZONA ESPAÑOLA,RE Mercado Eólica,100.0
75,170.413,WMVD254,VENTA EXCED AUTOPROD WMVD254,WIND TO MARKET (ACT.: COMERCIALIZACIÓN RE),100,GENERACION,ZONA ESPAÑOLA,RE Mercado Eólica,100.0
75,177.733,WMVD255,VENTA EXCED AUTOPROD WMVD255,WIND TO MARKET (ACT.: COMERCIALIZACIÓN RE),100,GENERACION,ZONA ESPAÑOLA,RE Mercado Eólica,100.0
75,185.093,WMVD256,VENTA EXCED AUTOPROD WMVD256,WIND TO MARKET (ACT.: COMERCIALIZACIÓN RE),100,GENERACION,ZONA ESPAÑOLA,RE Mercado Eólica,100.0
75,192.373,WMVD257,VENTA EXCED AUTOPROD WMVD257,WIND TO MARKET (ACT.: COMERCIALIZACIÓN RE),100,GENERACION,ZONA ESPAÑOLA,RE Mercado Eólica,100.0
75,199.693,WMVD258,VENTA EXCED AUTOPROD WMVD258,WIND TO MARKET (ACT.: COMERCIALIZACIÓN RE),100,GENERACION,ZONA ESPAÑOLA,RE Mercado Eólica,100.0
75,207.093,WMVD259,VENTA EXCED AUTOPROD WMVD259,WIND TO MARKET (ACT.: COMERCIALIZACIÓN RE),100,GENERACION,ZONA ESPAÑOLA,RE Mercado Solar Térmica,100.0
75,214.333,WMVD260,VENTA EXCED AUTOPROD WMVD260,WIND TO MARKET (ACT.: COMERCIALIZACIÓN RE),100,GENERACION,ZONA ESPAÑOLA,RE Mercado Solar Térmica,100.0
75,221.653,WMVD261,VENTA EXCED AUTOPROD WMVD261,WIND TO MARKET (ACT.: COMERCIALIZACIÓN RE),100,GENERACION,ZONA ESPAÑOLA,RE Mercado Solar Térmica,100.0
75,228.973,WMVD262,VENTA EXCED AUTOPROD WMVD262,WIND TO MARKET (ACT.: COMERCIALIZACIÓN RE),100,GENERACION,ZONA ESPAÑOLA,RE Mercado Solar Térmica,100.0
75,236.293,WMVD264,VENTA EXCED AUTOPROD WMVD264,WIND TO MARKET (ACT.: COMERCIALIZACIÓN RE),100,GENERACION,ZONA ESPAÑOLA,RE Mercado Eólica,100.0
75,243.613,WMVD265,VENTA EXCED AUTOPROD WMVD265,WIND TO MARKET (ACT.: COMERCIALIZACIÓN RE),100,GENERACION,ZONA ESPAÑOLA,RE Mercado Eólica,100.0
75,250.933,WMVD266,VENTA EXCED AUTOPROD WMVD266,WIND TO MARKET (ACT.: COMERCIALIZACIÓN RE),100,GENERACION,ZONA ESPAÑOLA,RE Mercado Solar Fotovoltáica,100.0
75,258.253,WMVD268,VENTA EXCED AUTOPROD WMVD268,WIND TO MARKET (ACT.: COMERCIALIZACIÓN RE),100,GENERACION,ZONA ESPAÑOLA,RE Mercado Solar Fotovoltáica,100.0
75,265.573,WMVD269,VENTA EXCED AUTOPROD WMVD269,WIND TO MARKET (ACT.: COMERCIALIZACIÓN RE),100,GENERACION,ZONA ESPAÑOLA,RE Mercado Eólica,100.0
75,272.893,WMVD270,VENTA EXCED AUTOPROD WMVD270,WIND TO MARKET (ACT.: COMERCIALIZACIÓN RE),100,GENERACION,ZONA ESPAÑOLA,RE Mercado Eólica,100.0
75,280.213,WMVD271,VENTA EXCED AUTOPROD WMVD271,WIND TO MARKET (ACT.: COMERCIALIZACIÓN RE),100,GENERACION,ZONA ESPAÑOLA,RE Mercado Solar Fotovoltáica,100.0
75,287.533,WMVD273,VENTA EXCED AUTOPROD WMVD273,WIND TO MARKET (ACT.: COMERCIALIZACIÓN RE),100,GENERACION,ZONA ESPAÑOLA,RE Mercado Eólica,100.0
75,294.853,WMVD274,VENTA EXCED AUTOPROD WMVD274,WIND TO MARKET (ACT.: COMERCIALIZACIÓN RE),100,GENERACION,ZONA ESPAÑOLA,RE Mercado Solar Fotovoltáica,100.0
75,302.173,ZABU,ZARBURDON,WIND TO MARKET (ACT.: COMERCIALIZACIÓN RE),100,GENERACION,ZONA ESPAÑOLA,Hidráulica Generación,100.0
75,309.493,ZRMRE01,UOF CERVANTINA,COMERCIALIZADORA ELECTRICA COMUNIDAD SOLAR,100,GENERACION,ZONA ESPAÑOLA,RE Mercado Solar Fotovoltáica,100.0
75,316.813,ZRMRE02,UOF HYANOR 1,COMERCIALIZADORA ELECTRICA COMUNIDAD SOLAR,100,GENERACION,ZONA ESPAÑOLA,RE Mercado Hidráulica,100.0
75,324.133,ZRMRE03,UOF HYANOR 2,COMERCIALIZADORA ELECTRICA COMUNIDAD SOLAR,100,GENERACION,ZONA ESPAÑOLA,RE Mercado Solar Fotovoltáica,100.0
75,331.453,GADXRC1,GENERICA VENTA,AUDAX RENOVABLES S.A.,100,GENERICA,ZONA ESPAÑOLA,Unidad Generica,100.0
75,338.773,GADXRV1,GENERICA VENTA,AUDAX RENOVABLES S.A.,100,GENERICA,ZONA ESPAÑOLA,Unidad Generica,100.0
75,346.093,GAENEC1,GAENEV1,COX ENERGIA COMERCIALIZADORA ESPAÑA S.L.U.,100,GENERICA,ZONA ESPAÑOLA,Unidad Generica,100.0
75,353.413,GAENEV1,GAENEV1,COX ENERGIA COMERCIALIZADORA ESPAÑA S.L.U.,100,GENERICA,ZONA ESPAÑOLA,Unidad Generica,100.0
75,360.733,GASTUC1,ASTURAGUA GENERICA,ASTURAGUA SEVICIO INTEGRAL DEL CICLO DEL AGUA SAU,100,GENERICA,ZONA ESPAÑOLA,Unidad Generica,100.0
75,368.093,GASTUV1,ASTURAGUA GENERICA,ASTURAGUA SEVICIO INTEGRAL DEL CICLO DEL AGUA SAU,100,GENERICA,ZONA ESPAÑOLA,Unidad Generica,100.0
75,375.373,GBNPRC1,BONPREU GENERICA,"BON PREU, S.A.U.",100,GENERICA,ZONA ESPAÑOLA,VENTA GENERICA,100.0
75,382.693,GBNPRV1,BONPREU GENERICA,"BON PREU, S.A.U.",100,GENERICA,ZONA ESPAÑOLA,Unidad Generica,100.0
75,390.093,GBPC1,UNIDAD GENERICA VENTA,"BP GAS AND POWER IBERIA, S.A.U.",100,GENERICA,ZONA ESPAÑOLA,VENTA GENERICA,100.0
75,397.333,GBPV1,UNIDAD GENERICA VENTA,"BP GAS AND POWER IBERIA, S.A.U.",100,GENERICA,ZONA ESPAÑOLA,Unidad Generica,100.0
75,404.653,GCENTC1,CENTE GENERICA COMPRA,"ENERGYA VM GESTION DE ENERGIA, S.L.",100,GENERICA,ZONA ESPAÑOLA,Unidad Generica,100.0
75,411.973,GCENTV1,CENTE GENERICA VENTA,"ENERGYA VM GESTION DE ENERGIA, S.L.",100,GENERICA,ZONA ESPAÑOLA,Unidad Generica,100.0
75,419.293,GCLDPC2,CLIDP GENERICA VENTA,CLIDOMER UNIPESSOAL LDA,100,GENERICA,ZONA PORTUGUESA,Unidad Generica,100.0
75,426.613,GCLDPV2,CLIDP GENERICA VENTA,CLIDOMER UNIPESSOAL LDA,100,GENERICA,ZONA PORTUGUESA,Unidad Generica,100.0
75,433.933,GDETIC1,DETIC GENERICA COMPRA,"MOEVE GAS AND POWER, S.A.U",100,GENERICA,ZONA ESPAÑOLA,Unidad Generica,100.0
75,441.253,GDETIV1,DETIC GENERICA VENTA,"MOEVE GAS AND POWER, S.A.U",100,GENERICA,ZONA ESPAÑOLA,Unidad Generica,100.0
75,448.573,GDREUC1,UNIDAD GENERICA FOENER,"FOENER ENERGÍA, S.L.",100,GENERICA,ZONA ESPAÑOLA,VENTA GENERICA,100.0
75,455.893,GDREUV1,UNIDAD GENERICA FOENER,"FOENER ENERGÍA, S.L.",100,GENERICA,ZONA ESPAÑOLA,Unidad Generica,100.0
75,463.213,GDUFEC1,DUFER GENERIC UNIT,DXT COMMODITIES SA,100,GENERICA,ZONA ESPAÑOLA,Unidad Generica,100.0
75,470.533,GDUFEV1,DUFER GENERIC UNIT,DXT COMMODITIES SA,100,GENERICA,ZONA ESPAÑOLA,Unidad Generica,100.0
75,477.853,GEBLCC1,GENÉRICA VENTA EBLCO,"ENGIE ESPAÑA,S.L.U",100,GENERICA,ZONA ESPAÑOLA,Unidad Generica,100.0
75,485.173,GEBLCV1,GENÉRICA VENTA EBLCO,"ENGIE ESPAÑA,S.L.U",100,GENERICA,ZONA ESPAÑOLA,Unidad Generica,100.0
75,492.493,GEDFTC1,EDFT GENERICA COMPRA,EDF TRADING LIMITED,100,GENERICA,ZONA ESPAÑOLA,Unidad Generica,100.0
75,499.813,GEDFTV1,EDFT GENERICA VENTA,EDF TRADING LIMITED,100,GENERICA,ZONA ESPAÑOLA,Unidad Generica,100.0
75,507.133,GEDPGC2,EDPGP GENERICA COMPRA PORT,EDP GEM PORTUGAL S.A.,100,GENERICA,ZONA PORTUGUESA,Unidad Generica,100.0
75,514.453,GEDPGV2,EDPGP GENERICA VENTA PORT,EDP GEM PORTUGAL S.A.,100,GENERICA,ZONA PORTUGUESA,Unidad Generica,100.0
75,521.773,GEENEC1,GEENEV1,MAGNON GREEN ENERGY SL,100,GENERICA,ZONA ESPAÑOLA,Unidad Generica,100.0
75,529.093,GEENEV1,GEENEV1,MAGNON GREEN ENERGY SL,100,GENERICA,ZONA ESPAÑOLA,Unidad Generica,100.0
75,536.413,GEFGC1,EFG GENERICA COMPRA,"FACTOR ENERGIA, S.A.",100,GENERICA,ZONA ESPAÑOLA,Unidad Generica,100.0
75,543.733,GEFGV1,EFG GENERICA VENTA,"FACTOR ENERGIA, S.A.",100,GENERICA,ZONA ESPAÑOLA,Unidad Generica,100.0
75,551.093,GEGEDC1,EGED GENERICA COMPRA,ACCIONA GREEN ENERGY DEVELOPMENTS,100,GENERICA,ZONA ESPAÑOLA,Unidad Generica,100.0
75,558.373,GEGEDV1,EGED GENERICA VENTA,ACCIONA GREEN ENERGY DEVELOPMENTS,100,GENERICA,ZONA ESPAÑOLA,Unidad Generica,100.0
76,141.133,GEGLEC1,EGLE GENERICA COMPRA,"AXPO IBERIA, S.L.",100,GENERICA,ZONA ESPAÑOLA,Unidad Generica,100.0
76,148.453,GEGLEC2,EGLE GENERICA COMPRA (PORT),"AXPO IBERIA, S.L.",100,GENERICA,ZONA PORTUGUESA,Unidad Generica,100.0
76,155.773,GEGLEV1,EGLE GENERICA VENTA,"AXPO IBERIA, S.L.",100,GENERICA,ZONA ESPAÑOLA,Unidad Generica,100.0
76,163.093,GEGLEV2,EGLE GENERICA VENTA (PORT),"AXPO IBERIA, S.L.",100,GENERICA,ZONA PORTUGUESA,Unidad Generica,100.0
76,170.413,GELEGC1,BILATERAL VENTA,ELEGA ENERGIA,100,GENERICA,ZONA ESPAÑOLA,VENTA GENERICA,100.0
76,177.733,GELEGV1,BILATERAL VENTA,ELEGA ENERGIA,100,GENERICA,ZONA ESPAÑOLA,Unidad Generica,100.0
76,185.093,GENDCC2,ENDCO GENERICA COMPRA,ENDESA ENERGÍA,100,GENERICA,ZONA PORTUGUESA,Unidad Generica,100.0
76,192.373,GENDCV2,ENDCO GENERICA VENTA,ENDESA ENERGÍA,100,GENERICA,ZONA PORTUGUESA,Unidad Generica,100.0
76,199.693,GENDGC1,ENDG GENERICA COMPRA,"ENDESA GENERACIÓN, S.A.",100,GENERICA,ZONA ESPAÑOLA,Unidad Generica,100.0
76,207.093,GENDGV1,ENDG GENERICA VENTA,"ENDESA GENERACIÓN, S.A.",100,GENERICA,ZONA ESPAÑOLA,Unidad Generica,100.0
76,214.333,GENDPC2,GENERICA COMPRA PORTUGAL,"ENDESA ENERGIA, SUCURSAL EN PORTUGAL",100,GENERICA,ZONA PORTUGUESA,Unidad Generica,100.0
76,221.653,GENDPV2,GENERICA COMPRA PORTUGAL,"ENDESA ENERGIA, SUCURSAL EN PORTUGAL",100,GENERICA,ZONA PORTUGUESA,Unidad Generica,100.0
76,228.973,GENGIC2,GENERICA VENTA ENGIE PORTUGAL,"ENGIE COMERCIALIZACAO DE ENERGIA, LDA",100,GENERICA,ZONA PORTUGUESA,VENTA GENERICA,100.0
76,236.293,GENGIV2,GENERICA VENTA ENGIE PORTUGAL,"ENGIE COMERCIALIZACAO DE ENERGIA, LDA",100,GENERICA,ZONA PORTUGUESA,Unidad Generica,100.0
76,243.613,GEROUC1,UNIDAD DE OFERTA GENERICA,ELECTROROUTE ENERGY TRADING LIMITED,100,GENERICA,ZONA ESPAÑOLA,Unidad Generica,100.0
76,250.933,GEROUV1,UNIDAD DE OFERTA GENERICA,ELECTROROUTE ENERGY TRADING LIMITED,100,GENERICA,ZONA ESPAÑOLA,Unidad Generica,100.0
76,258.253,GFORTC1,FORTIA GENERICA COMPRA,"FORTIA ENERGIA, S.L.",100,GENERICA,ZONA ESPAÑOLA,Unidad Generica,100.0
76,265.573,GFORTV1,FORTIA GENERICA VENTA,"FORTIA ENERGIA, S.L.",100,GENERICA,ZONA ESPAÑOLA,Unidad Generica,100.0
76,272.893,GFRGSC1,FR_GS GENERIC UNIT,"ENGIE GLOBAL MARKETS, BELGIAN BRANCH",100,GENERICA,ZONA ESPAÑOLA,Unidad Generica,100.0
76,280.213,GFRGSV1,FR_GS GENERIC UNIT,"ENGIE GLOBAL MARKETS, BELGIAN BRANCH",100,GENERICA,ZONA ESPAÑOLA,Unidad Generica,100.0
76,287.533,GGACC1,GEOATLANTER GENERICA COMPRA,GEOATLANTER,100,GENERICA,ZONA ESPAÑOLA,Unidad Generica,100.0
76,294.853,GGACV1,GEOATLANTER GENERICA VENTA,GEOATLANTER,100,GENERICA,ZONA ESPAÑOLA,Unidad Generica,100.0
76,302.173,GGALPC2,GALPW GENERICA COMPRA PORT,PETROGAL SA,100,GENERICA,ZONA PORTUGUESA,Unidad Generica,100.0
76,309.493,GGALPV2,GALPW GENERICA VENTA PORT,PETROGAL SA,100,GENERICA,ZONA PORTUGUESA,Unidad Generica,100.0
76,316.813,GGMTC1,GMT GEN. COMPRA,GAZPROM MARKETING AND TRADING LTD,100,GENERICA,ZONA ESPAÑOLA,Unidad Generica,100.0
76,324.133,GGMTV1,GMT GEN. VENTA,GAZPROM MARKETING AND TRADING LTD,100,GENERICA,ZONA ESPAÑOLA,Unidad Generica,100.0
76,331.453,GGNCOC1,UNIDAD GENERICA ESPAÑA,GAS NATURAL COMERCIALIZADORA,100,GENERICA,ZONA ESPAÑOLA,Unidad Generica,100.0
76,338.773,GGNCOC2,UNIDAD GENERICA COMPRA PORT,GAS NATURAL COMERCIALIZADORA,100,GENERICA,ZONA PORTUGUESA,Unidad Generica,100.0
76,346.093,GGNCOV1,UNIDAD GENERICA ESPAÑA,GAS NATURAL COMERCIALIZADORA,100,GENERICA,ZONA ESPAÑOLA,Unidad Generica,100.0
76,353.413,GGNCOV2,UNIDAD GENERICA VENTA PORT,GAS NATURAL COMERCIALIZADORA,100,GENERICA,ZONA PORTUGUESA,Unidad Generica,100.0
76,360.733,GGNRAC1,U. GENERICA INTERCONEXION,GNERA ENERGIA Y TECNOLOGIA,100,GENERICA,ZONA ESPAÑOLA,Unidad Generica,100.0
76,368.093,GGNRAV1,U. GENERICA INTERCONEXION,GNERA ENERGIA Y TECNOLOGIA,100,GENERICA,ZONA ESPAÑOLA,Unidad Generica,100.0
76,375.373,GGNSEC2,GNSE PORTUGAL GENERICA,NATURGY IBERIA S.A.,100,GENERICA,ZONA PORTUGUESA,Unidad Generica,100.0
76,382.693,GGNSEV2,GNSE PORTUGAL GENERICA,NATURGY IBERIA S.A.,100,GENERICA,ZONA PORTUGUESA,Unidad Generica,100.0
76,390.093,GGSLZC1,GASILUZ GENERICA,"GASILUZ ECO ENERCÍA, S.L.",100,GENERICA,ZONA ESPAÑOLA,VENTA GENERICA,100.0
76,397.333,GGSLZV1,GASILUZ GENERICA,"GASILUZ ECO ENERCÍA, S.L.",100,GENERICA,ZONA ESPAÑOLA,Unidad Generica,100.0
76,404.653,GHCGC1,HC G GENERICA COMPRA,"EDP ESPAÑA, S.A.U. (GENERACIÓN)",100,GENERICA,ZONA ESPAÑOLA,Unidad Generica,100.0
76,411.973,GHCGV1,HC G GENERICA VENTA,"EDP ESPAÑA, S.A.U. (GENERACIÓN)",100,GENERICA,ZONA ESPAÑOLA,Unidad Generica,100.0
76,419.293,GHISPC1,HISPE GENERICA COMPRA,"ALPIQ ENERGÍA ESPAÑA, S.A.U.",100,GENERICA,ZONA ESPAÑOLA,Unidad Generica,100.0
76,426.613,GHISPV1,HISPE GENERICA VENTA,"ALPIQ ENERGÍA ESPAÑA, S.A.U.",100,GENERICA,ZONA ESPAÑOLA,Unidad Generica,100.0
76,433.933,GIBEGC1,IBEG GEN. COMPRA ESP,IBERDROLA ENERGÍA ESPAÑA S..A.,100,GENERICA,ZONA ESPAÑOLA,Unidad Generica,100.0
76,441.253,GIBEGV1,IBEG GEN. VENTA ESP,IBERDROLA ENERGÍA ESPAÑA S..A.,100,GENERICA,ZONA ESPAÑOLA,Unidad Generica,100.0
76,448.573,GIBGEC1,IBGES GENERICA COMPRA,IBERDROLA ENERGÍA ESPAÑA S..A.,100,GENERICA,ZONA ESPAÑOLA,Unidad Generica,100.0
76,455.893,GIBGEV1,IBGES GENERICA VENTA,IBERDROLA ENERGÍA ESPAÑA S..A.,100,GENERICA,ZONA ESPAÑOLA,Unidad Generica,100.0
76,463.213,GIGNIC1,UNIDAD GENERICA VENTA,IGNIS ENERGIA S.L.,100,GENERICA,ZONA ESPAÑOLA,Unidad Generica,100.0
76,470.533,GIGNIV1,UNIDAD GENERICA VENTA,IGNIS ENERGIA S.L.,100,GENERICA,ZONA ESPAÑOLA,Unidad Generica,100.0
76,477.853,GJAROC1,JARON GENERICA COMPRA,J. ARON & COMPANY,100,GENERICA,ZONA ESPAÑOLA,Unidad Generica,100.0
76,485.173,GJAROV1,JARON GENERICA VENTA,J. ARON & COMPANY,100,GENERICA,ZONA ESPAÑOLA,Unidad Generica,100.0
76,492.493,GKVASC1,KVASIGENERICA,KVASIR TECHNOLOGIES LIMITED,100,GENERICA,ZONA ESPAÑOLA,VENTA GENERICA,100.0
76,499.813,GKVASV1,KVASIGENERICA,KVASIR TECHNOLOGIES LIMITED,100,GENERICA,ZONA ESPAÑOLA,Unidad Generica,100.0
76,507.133,GMARTC1,BILATERAL VENTA,MULTIENERGÍAS MLC SL,100,GENERICA,ZONA ESPAÑOLA,VENTA GENERICA,100.0
76,514.453,GMARTV1,BILATERAL VENTA,MULTIENERGÍAS MLC SL,100,GENERICA,ZONA ESPAÑOLA,Unidad Generica,100.0
76,521.773,GMERCC1,MERCU GENERICA COMPRA,MERCURIA ENERGY TRADING SA,100,GENERICA,ZONA ESPAÑOLA,Unidad Generica,100.0
76,529.093,GMERCV1,MERCU GENERICA VENTA,MERCURIA ENERGY TRADING SA,100,GENERICA,ZONA ESPAÑOLA,Unidad Generica,100.0
76,536.413,GMETGC1,GMETGV1,"MET ENERGIA ESPANA, S.A.",100,GENERICA,ZONA ESPAÑOLA,Unidad Generica,100.0
76,543.733,GMETGV1,GMETGV1,"MET ENERGIA ESPANA, S.A.",100,GENERICA,ZONA ESPAÑOLA,Unidad Generica,100.0
76,551.093,GNEASC1,GENERICA NEAS,CENTRICA ENERGY TRADING AS,100,GENERICA,ZONA ESPAÑOLA,Unidad Generica,100.0
76,558.373,GNEASV1,GENERICA NEAS,CENTRICA ENERGY TRADING AS,100,GENERICA,ZONA ESPAÑOLA,Unidad Generica,100.0
77,141.133,GNEXUC1,NEXU GENERICA COMPRA,NEXUS ENERGÍA,100,GENERICA,ZONA ESPAÑOLA,Unidad Generica,100.0
77,148.453,GNEXUV1,NEXU GENERICA VENTA,NEXUS ENERGÍA,100,GENERICA,ZONA ESPAÑOLA,Unidad Generica,100.0
77,155.773,GNIDHC1,NIDHOG GENERIC,NIDHOG APS,100,GENERICA,ZONA ESPAÑOLA,VENTA GENERICA,100.0
77,163.093,GNIDHV1,NIDHOG GENERIC,NIDHOG APS,100,GENERICA,ZONA ESPAÑOLA,Unidad Generica,100.0
77,170.413,GNOBLC1,GENERIC,NOBLE CLEAN FUELS LIMITED,100,GENERICA,ZONA ESPAÑOLA,Unidad Generica,100.0
77,177.733,GNOBLV1,GENERIC,NOBLE CLEAN FUELS LIMITED,100,GENERICA,ZONA ESPAÑOLA,Unidad Generica,100.0
77,185.093,GONEC1,ONE GENERICA COMPRA,OFFICE NATIONAL D'ELECTRICITÉ ET DE L'EAU POTABLE,100,GENERICA,ZONA ESPAÑOLA,Unidad Generica,100.0
77,192.373,GONEV1,ONE GENERICA VENTA,OFFICE NATIONAL D'ELECTRICITÉ ET DE L'EAU POTABLE,100,GENERICA,ZONA ESPAÑOLA,Unidad Generica,100.0
77,199.693,GPOWEC1,GENERIC UNIT,POWERMART APS,100,GENERICA,ZONA ESPAÑOLA,Unidad Generica,100.0
77,207.093,GPOWEV1,GENERIC UNIT,POWERMART APS,100,GENERICA,ZONA ESPAÑOLA,Unidad Generica,100.0
77,214.333,GREPSC1,REPSB GENERICA VENTA,"REPSOL SERVICIOS RENOVABLES, S.A.",100,GENERICA,ZONA ESPAÑOLA,Unidad Generica,100.0
77,221.653,GREPSV1,REPSB GENERICA VENTA,"REPSOL SERVICIOS RENOVABLES, S.A.",100,GENERICA,ZONA ESPAÑOLA,Unidad Generica,100.0
77,228.973,GSAMPC1,SAMP GENERICA COMPRA,SAMPOL INGENIERIA Y OBRAS,100,GENERICA,ZONA ESPAÑOLA,Unidad Generica,100.0
77,236.293,GSAMPV1,SAMP GENERICA VENTA,SAMPOL INGENIERIA Y OBRAS,100,GENERICA,ZONA ESPAÑOLA,Unidad Generica,100.0
77,243.613,GSHEEC1,SHEEN GENERICA COMPRA,SHELL ENERGY EUROPE LIMITED,100,GENERICA,ZONA ESPAÑOLA,Unidad Generica,100.0
77,250.933,GSHEEC2,GENERICA VENTA PORTUGAL,SHELL ENERGY EUROPE LIMITED,100,GENERICA,ZONA PORTUGUESA,VENTA GENERICA,100.0
77,258.253,GSHEEV1,SHEEN GENERICA VENTA,SHELL ENERGY EUROPE LIMITED,100,GENERICA,ZONA ESPAÑOLA,Unidad Generica,100.0
77,265.573,GSHEEV2,GENERICA VENTA PORTUGAL,SHELL ENERGY EUROPE LIMITED,100,GENERICA,ZONA PORTUGUESA,Unidad Generica,100.0
77,272.893,GSMARC1,SMARC GENERICA,SMARTESTENERGY LIMITED,100,GENERICA,ZONA ESPAÑOLA,VENTA GENERICA,100.0
77,280.213,GSMARV1,SMARC GENERICA,SMARTESTENERGY LIMITED,100,GENERICA,ZONA ESPAÑOLA,Unidad Generica,100.0
77,287.533,GSMGC1,GSM GENERICA COMPRA,STATKRAFT MARKETS GMBH,100,GENERICA,ZONA ESPAÑOLA,Unidad Generica,100.0
77,294.853,GSMGC2,PT GENERIC BUY,STATKRAFT MARKETS GMBH,100,GENERICA,ZONA PORTUGUESA,Unidad Generica,100.0
77,302.173,GSMGV1,GSM GENERICA VENTA,STATKRAFT MARKETS GMBH,100,GENERICA,ZONA ESPAÑOLA,Unidad Generica,100.0
77,309.493,GSMGV2,PT GENERIC SELL,STATKRAFT MARKETS GMBH,100,GENERICA,ZONA PORTUGUESA,Unidad Generica,100.0
77,316.813,GSSEEC1,GENERSSE,SSE ENERGY SUPPLY LIMITED,100,GENERICA,ZONA ESPAÑOLA,VENTA GENERICA,100.0
77,324.133,GSSEEV1,GENERSSE,SSE ENERGY SUPPLY LIMITED,100,GENERICA,ZONA ESPAÑOLA,Unidad Generica,100.0
77,331.453,GTGPLC1,TGPL GENERICA COMPRA,TOTALENERGIES GAS AND POWER LIMITED,100,GENERICA,ZONA ESPAÑOLA,Unidad Generica,100.0
77,338.773,GTGPLC2,TGPL GENERICA COMPRA PT,TOTALENERGIES GAS AND POWER LIMITED,100,GENERICA,ZONA PORTUGUESA,VENTA GENERICA,100.0
77,346.093,GTGPLV1,TGPL GENERICA VENTA,TOTALENERGIES GAS AND POWER LIMITED,100,GENERICA,ZONA ESPAÑOLA,Unidad Generica,100.0
77,353.413,GTGPLV2,TGPL GENERICA VENTA PT,TOTALENERGIES GAS AND POWER LIMITED,100,GENERICA,ZONA PORTUGUESA,Unidad Generica,100.0
77,360.733,GTSRDC1,GENERICA,ENGELHART CTP RENEWABLES GMBH,100,GENERICA,ZONA ESPAÑOLA,Unidad Generica,100.0
77,368.093,GTSRDV1,GENERICA,ENGELHART CTP RENEWABLES GMBH,100,GENERICA,ZONA ESPAÑOLA,Unidad Generica,100.0
77,375.373,GUNELC1,UNIDAD GENERICA,UNIELECTRICA ENERGIA S.A.,100,GENERICA,ZONA ESPAÑOLA,Unidad Generica,100.0
77,382.693,GUNELV1,UNIDAD GENERICA,UNIELECTRICA ENERGIA S.A.,100,GENERICA,ZONA ESPAÑOLA,Unidad Generica,100.0
77,390.093,GVIEGC1,VIEG GENERICA COMPRA,"REPSOL GENERACIÓN ELÉCTRICA, S.A",100,GENERICA,ZONA ESPAÑOLA,Unidad Generica,100.0
77,397.333,GVIEGV1,VIEG GENERICA VENTA,"REPSOL GENERACIÓN ELÉCTRICA, S.A",100,GENERICA,ZONA ESPAÑOLA,Unidad Generica,100.0
77,404.653,GVISAC1,UNIDAD GENÉRICA VISALIA,VISALIA ENERGIA SLU,100,GENERICA,ZONA ESPAÑOLA,VENTA GENERICA,100.0
77,411.973,GVISAV1,UNIDAD GENÉRICA VISALIA,VISALIA ENERGIA SLU,100,GENERICA,ZONA ESPAÑOLA,Unidad Generica,100.0
77,419.293,GVITLC1,VITOL GENERICA FRANCIA,VITOL S.A.,100,GENERICA,ZONA ESPAÑOLA,Unidad Generica,100.0
77,426.613,GVITLV1,VITOL GENERICA FRANCIA,VITOL S.A.,100,GENERICA,ZONA ESPAÑOLA,Unidad Generica,100.0
77,433.933,GWMARC1,UNIDAD GENERICA W2M,WIND TO MARKET (ACT.: COMERCIALIZACIÓN RE),100,GENERICA,ZONA ESPAÑOLA,Unidad Generica,100.0
77,441.253,GWMARV1,UNIDAD GENERICA W2M,WIND TO MARKET (ACT.: COMERCIALIZACIÓN RE),100,GENERICA,ZONA ESPAÑOLA,Unidad Generica,100.0
77,448.573,CLIPCX1,CLIPCX1,HOLALUZ-CLIDOM SA,100,PORFOLIO,ZONA ESPAÑOLA,Porfolio Produccion Compra,100.0
77,455.893,CLIPVX1,CLIPVX1,HOLALUZ-CLIDOM SA,100,PORFOLIO,ZONA ESPAÑOLA,Porfolio Produccion Venta,100.0
77,463.213,EBLPCX1,PORFOLIO EBLCO COMPRA,"ENGIE ESPAÑA,S.L.U",100,PORFOLIO,ZONA ESPAÑOLA,Porfolio Produccion Compra,100.0
77,470.533,EBLPVX1,PORFOLIO EBLCO VENTA,"ENGIE ESPAÑA,S.L.U",100,PORFOLIO,ZONA ESPAÑOLA,Porfolio Produccion Venta,100.0
77,477.853,EGLCCX1,PORTFOLIO COMPRA COME,"AXPO IBERIA, S.L.",100,PORFOLIO,ZONA ESPAÑOLA,Porfolio Comerc. Compra,100.0
77,485.173,EGLCVX1,PORTFOLIO VENTA COMER,"AXPO IBERIA, S.L.",100,PORFOLIO,ZONA ESPAÑOLA,Porfolio Comerc. Venta,100.0
77,492.493,EGLPCX1,COMPRA GENERACION,"AXPO IBERIA, S.L.",100,PORFOLIO,ZONA ESPAÑOLA,Porfolio Produccion Compra,100.0
77,499.813,EGLPVX1,VENTA GENERACIÓN,"AXPO IBERIA, S.L.",100,PORFOLIO,ZONA ESPAÑOLA,Porfolio Produccion Venta,100.0
77,507.133,EGPPCX2,PORTFOLIO COMPRA,EDP GEM PORTUGAL S.A.,100,PORFOLIO,ZONA PORTUGUESA,Porfolio Produccion Compra,100.0
77,514.453,EGPPVX2,PORTFOLIO VENDA,EDP GEM PORTUGAL S.A.,100,PORFOLIO,ZONA PORTUGUESA,Porfolio Produccion Venta,100.0
77,521.773,ELEPCX1,ELEPCX1,"ELECTRICIDAD ELEIA, S.L.U.",100,PORFOLIO,ZONA ESPAÑOLA,Porfolio Produccion Compra,100.0
77,529.093,ELEPVX1,ELEPVX1,"ELECTRICIDAD ELEIA, S.L.U.",100,PORFOLIO,ZONA ESPAÑOLA,Porfolio Produccion Venta,100.0
77,536.413,ENUPCX1,ENUPCX1,ENERGIA NUFRI SLU,100,PORFOLIO,ZONA ESPAÑOLA,Porfolio Produccion Compra,100.0
77,543.733,ENUPVX1,ENUPVX1,ENERGIA NUFRI SLU,100,PORFOLIO,ZONA ESPAÑOLA,Porfolio Produccion Venta,100.0
77,551.093,FENPCX1,PORFOLIO P COMPRA,FENIE ENERGIA,100,PORFOLIO,ZONA ESPAÑOLA,Porfolio Produccion Compra,100.0
77,558.373,FENPVX1,PORFOLIO P,FENIE ENERGIA,100,PORFOLIO,ZONA ESPAÑOLA,Porfolio Produccion Venta,100.0
78,141.133,GESPCX1,PORFOLIO GENERACION COMPRA,"GESTERNOVA, S.A.",100,PORFOLIO,ZONA ESPAÑOLA,Porfolio Produccion Compra,100.0
78,148.453,GESPVX1,PORFOLIO GENERACION VENTA,"GESTERNOVA, S.A.",100,PORFOLIO,ZONA ESPAÑOLA,Porfolio Produccion Venta,100.0
78,155.773,GNCPCX1,GNCO PORTFOLIO COMPRA,GAS NATURAL COMERCIALIZADORA,100,PORFOLIO,ZONA ESPAÑOLA,Porfolio Produccion Compra,100.0
78,163.093,GNCPVX1,GNCO PORTFOLIO VENTA,GAS NATURAL COMERCIALIZADORA,100,PORFOLIO,ZONA ESPAÑOLA,Porfolio Produccion Venta,100.0
78,170.413,GNRPCX1,PORFOLIO PRODUCCIÓN COMPRA ES,GNERA ENERGIA Y TECNOLOGIA,100,PORFOLIO,ZONA ESPAÑOLA,Porfolio Produccion Compra,100.0
78,177.733,GNRPVX1,PORFOLIO PRODUCCIÓN VENTA ES,GNERA ENERGIA Y TECNOLOGIA,100,PORFOLIO,ZONA ESPAÑOLA,Porfolio Produccion Venta,100.0
78,185.093,GOICCX1,GOICCX1,GOIENER S.COOP,100,PORFOLIO,ZONA ESPAÑOLA,Porfolio Comerc. Compra,100.0
78,192.373,GOICVX1,GOICVX1,GOIENER S.COOP,100,PORFOLIO,ZONA ESPAÑOLA,Porfolio Comerc. Venta,100.0
78,199.693,IBGCCX1,UNID. PORFO. IBGES COMER. COMP,IBERDROLA ENERGÍA ESPAÑA S..A.,100,PORFOLIO,ZONA ESPAÑOLA,Porfolio Comerc. Compra,100.0
78,207.093,IBGCVX1,UNID. PORF. IBGES COMERC. VENT,IBERDROLA ENERGÍA ESPAÑA S..A.,100,PORFOLIO,ZONA ESPAÑOLA,Porfolio Comerc. Venta,100.0
78,214.333,IBGPCX1,PROD. PORF. IBGES COMERC. COM,IBERDROLA ENERGÍA ESPAÑA S..A.,100,PORFOLIO,ZONA ESPAÑOLA,Porfolio Produccion Compra,100.0
78,221.653,IBGPVX1,PROD. PORF. IBGES COMERC. VENT,IBERDROLA ENERGÍA ESPAÑA S..A.,100,PORFOLIO,ZONA ESPAÑOLA,Porfolio Produccion Venta,100.0
78,228.973,ICUPCX1,U. PORFOLIO IBCUR PROD. COM,"CURENERGÍA COMERCIALIZADOR DE ÚLTIMO RECURSO, SAU",100,PORFOLIO,ZONA ESPAÑOLA,Porfolio Produccion Compra,100.0
78,236.293,ICUPVX1,U. PORFOLIO IBCUR PROD. VEN,"CURENERGÍA COMERCIALIZADOR DE ÚLTIMO RECURSO, SAU",100,PORFOLIO,ZONA ESPAÑOLA,Porfolio Produccion Venta,100.0
78,243.613,ISMCCX1,PORTFOLIO COMPRA,INGEBAU SOLUCIONES DE MEDIDA SL,100,PORFOLIO,ZONA ESPAÑOLA,Porfolio Comerc. Compra,100.0
78,250.933,ISMCVX1,PORTFOLIO VENTA,INGEBAU SOLUCIONES DE MEDIDA SL,100,PORFOLIO,ZONA ESPAÑOLA,Porfolio Comerc. Venta,100.0
78,258.253,ISMPCX1,COMPRA PORTFOLIO,INGEBAU SOLUCIONES DE MEDIDA SL,100,PORFOLIO,ZONA ESPAÑOLA,Porfolio Produccion Compra,100.0
78,265.573,ISMPVX1,VENTA PORTFOLIO,INGEBAU SOLUCIONES DE MEDIDA SL,100,PORFOLIO,ZONA ESPAÑOLA,Porfolio Produccion Venta,100.0
78,272.893,LAUCCX1,PORFOLIO COMPRA COMER,"LA UNIÓN ELECTRO INDUSTRIAL, S.L.U.",100,PORFOLIO,ZONA ESPAÑOLA,Porfolio Comerc. Compra,100.0
78,280.213,LAUCVX1,PORFOLIO VENTA COMER,"LA UNIÓN ELECTRO INDUSTRIAL, S.L.U.",100,PORFOLIO,ZONA ESPAÑOLA,Porfolio Comerc. Venta,100.0
78,287.533,NEUCCX1,NEUCCX1,"NEURO ENERGIA Y GESTION, SL",100,PORFOLIO,ZONA ESPAÑOLA,Porfolio Comerc. Compra,100.0
78,294.853,NEUCVX1,NEUCVX1,"NEURO ENERGIA Y GESTION, SL",100,PORFOLIO,ZONA ESPAÑOLA,Porfolio Comerc. Venta,100.0
78,302.173,NEXPCX1,U PORFOLIO GENERACION,NEXUS ENERGÍA (ACT. COMERCIALIZACIÓN RE),100,PORFOLIO,ZONA ESPAÑOLA,Porfolio Produccion Compra,100.0
78,309.493,NEXPVX1,U PORFOLIO GENERACION,NEXUS ENERGÍA (ACT. COMERCIALIZACIÓN RE),100,PORFOLIO,ZONA ESPAÑOLA,Porfolio Produccion Venta,100.0
78,316.813,TRIPCX1,PORTFOLIO BUY,SECOND FOUNDATION TRADING AG,100,PORFOLIO,ZONA ESPAÑOLA,Porfolio Produccion Compra,100.0
78,324.133,TRIPVX1,PORTFOLIO SELL,SECOND FOUNDATION TRADING AG,100,PORFOLIO,ZONA ESPAÑOLA,Porfolio Produccion Venta,100.0
78,331.453,CD06R01,CD06R01,"MOEVE GAS AND POWER, S.A.U",100,0,ZONA ESPAÑOLA,Compras Cons. Directo Balance,100.0
