Unnamed: 0,Unnamed: 1,Unnamed: 2,Unnamed: 3,Dia,03-07-2026,03-07-2026.1,03-07-2026.2,03-07-2026.3,03-07-2026.4,03-07-2026.5,03-07-2026.6,03-07-2026.7,03-07-2026.8,03-07-2026.9,03-07-2026.10,03-07-2026.11,03-07-2026.12,03-07-2026.13,03-07-2026.14,03-07-2026.15,03-07-2026.16,03-07-2026.17,03-07-2026.18,03-07-2026.19,03-07-2026.20,03-07-2026.21,03-07-2026.22,03-07-2026.23,03-07-2026.24,03-07-2026.25,03-07-2026.26,03-07-2026.27,03-07-2026.28,03-07-2026.29,03-07-2026.30,03-07-2026.31,03-07-2026.32,03-07-2026.33,03-07-2026.34,03-07-2026.35,03-07-2026.36,03-07-2026.37,03-07-2026.38,03-07-2026.39,03-07-2026.40,03-07-2026.41,03-07-2026.42,03-07-2026.43,03-07-2026.44,03-07-2026.45,03-07-2026.46,03-07-2026.47,03-07-2026.48,03-07-2026.49,03-07-2026.50,03-07-2026.51,03-07-2026.52,03-07-2026.53,03-07-2026.54,03-07-2026.55,03-07-2026.56,03-07-2026.57,03-07-2026.58,03-07-2026.59,03-07-2026.60,03-07-2026.61,03-07-2026.62,03-07-2026.63,03-07-2026.64,03-07-2026.65,03-07-2026.66,03-07-2026.67,03-07-2026.68,03-07-2026.69,03-07-2026.70,03-07-2026.71,03-07-2026.72,03-07-2026.73,03-07-2026.74,03-07-2026.75,03-07-2026.76,03-07-2026.77,03-07-2026.78,03-07-2026.79,03-07-2026.80,03-07-2026.81,03-07-2026.82,03-07-2026.83,03-07-2026.84,03-07-2026.85,03-07-2026.86,03-07-2026.87,03-07-2026.88,03-07-2026.89,03-07-2026.90,03-07-2026.91,03-07-2026.92,03-07-2026.93,03-07-2026.94,03-07-2026.95
,,,,Cuarto de Hora del dia,1,2,3,4,5,6,7,8,9,10,11,12,13,14,15,16,17,18,19,20,21,22,23,24,25,26,27,28,29,30,31,32,33,34,35,36,37,38,39,40,41,42,43,44,45,46,47,48,49,50,51,52,53,54,55,56,57,58,59,60,61,62,63,64,65,66,67,68,69,70,71,72,73,74,75,76,77,78,79,80,81,82,83,84,85,86,87,88,89,90,91,92,93,94,95,96
Sentido,Unidad de Programación,Bloque,Tipo Oferta,Indicadores,€/MWh,€/MWh,€/MWh,€/MWh,€/MWh,€/MWh,€/MWh,€/MWh,€/MWh,€/MWh,€/MWh,€/MWh,€/MWh,€/MWh,€/MWh,€/MWh,€/MWh,€/MWh,€/MWh,€/MWh,€/MWh,€/MWh,€/MWh,€/MWh,€/MWh,€/MWh,€/MWh,€/MWh,€/MWh,€/MWh,€/MWh,€/MWh,€/MWh,€/MWh,€/MWh,€/MWh,€/MWh,€/MWh,€/MWh,€/MWh,€/MWh,€/MWh,€/MWh,€/MWh,€/MWh,€/MWh,€/MWh,€/MWh,€/MWh,€/MWh,€/MWh,€/MWh,€/MWh,€/MWh,€/MWh,€/MWh,€/MWh,€/MWh,€/MWh,€/MWh,€/MWh,€/MWh,€/MWh,€/MWh,€/MWh,€/MWh,€/MWh,€/MWh,€/MWh,€/MWh,€/MWh,€/MWh,€/MWh,€/MWh,€/MWh,€/MWh,€/MWh,€/MWh,€/MWh,€/MWh,€/MWh,€/MWh,€/MWh,€/MWh,€/MWh,€/MWh,€/MWh,€/MWh,€/MWh,€/MWh,€/MWh,€/MWh,€/MWh,€/MWh,€/MWh,€/MWh
Venta,A2GAME2,Blq. 1,10,,"9999,99","9999,99","9999,99","9999,99","9999,99","9999,99","9999,99","9999,99","9999,99","9999,99","9999,99","9999,99","9999,99","9999,99","9999,99","9999,99","9999,99","9999,99","9999,99","9999,99","9999,99","9999,99","9999,99","9999,99","9999,99","9999,99","9999,99","9999,99","9999,99","9999,99","9999,99","9999,99","9999,99","9999,99","9999,99","9999,99","9999,99","9999,99","9999,99","9999,99","9999,99","9999,99","9999,99","9999,99","9999,99","9999,99","9999,99","9999,99","9999,99","9999,99","9999,99","9999,99","9999,99","9999,99","9999,99","9999,99","9999,99","9999,99","9999,99","9999,99","9999,99","9999,99","9999,99","9999,99","9999,99","9999,99","9999,99","9999,99","9999,99","9999,99","9999,99","9999,99","9999,99","9999,99","9999,99","9999,99","9999,99","9999,99","9999,99","9999,99","9999,99","9999,99","9999,99","9999,99","9999,99","9999,99","9999,99","9999,99","9999,99","9999,99","9999,99","9999,99","9999,99","9999,99","9999,99","9999,99"
Venta,ACE3,Blq. 1,1,,"209,41","209,41","209,41","209,41","209,41","209,41","209,41","209,41","209,41","209,41","209,41","209,41","209,41","209,41","209,41","209,41","209,41","209,41","209,41","209,41","209,41","209,41","209,41","209,41","207,18","207,18","207,18","207,18","207,18","207,18","207,18","207,18","207,18","207,18","207,18","207,18","207,18","207,18","207,18","207,18","207,18","207,18","207,18","207,18","215,23","215,23","215,23","215,23","215,23","215,23","215,23","215,23","215,23","215,23","215,23","215,23","215,23","215,23","215,23","215,23","215,23","215,23","215,23","215,23","215,23","215,23","215,23","215,23","215,23","215,23","215,23","215,23","207,23","207,23","199,18","199,18","199,18","199,18","199,18","199,18","207,23","207,23","199,18","199,18","199,18","199,18","199,18","199,18","199,18","199,18","207,23","207,23","207,23","207,23","207,23","207,23"
Venta,ACE3,Blq. 2,1,,"416,62","416,62","416,62","416,62","416,62","416,62","416,62","416,62","416,62","416,62","416,62","416,62","416,62","416,62","416,62","416,62","416,62","416,62","416,62","416,62","416,62","416,62","416,62","416,62","416,62","416,62","416,62","416,62","416,62","416,62","416,62","416,62","416,62","416,62","416,62","416,62","416,62","416,62","416,62","416,62","416,62","416,62","416,62","416,62","421,68","421,68","421,68","421,68","421,68","421,68","421,68","421,68","421,68","421,68","421,68","421,68","421,68","421,68","421,68","421,68","421,68","421,68","421,68","421,68","421,68","421,68","421,68","421,68","421,68","421,68","421,68","421,68","421,68","421,68","416,62","416,62","416,62","416,62","416,62","416,62","421,68","421,68","416,62","416,62","416,62","416,62","416,62","416,62","416,62","416,62","421,68","421,68","421,68","421,68","421,68","421,68"
Venta,ACE4,Blq. 1,1,,"200,87","200,87","200,87","200,87","200,87","200,87","200,87","200,87","200,87","200,87","200,87","200,87","200,87","200,87","200,87","200,87","200,87","200,87","200,87","200,87","200,87","200,87","200,87","200,87","200,87","200,87","200,87","200,87","200,87","200,87","200,87","200,87","200,87","200,87","200,87","200,87","200,87","200,87","200,87","200,87","200,87","200,87","200,87","200,87","200,87","200,87","200,87","200,87","200,87","200,87","200,87","200,87","200,87","200,87","200,87","200,87","200,87","200,87","200,87","200,87","200,87","200,87","200,87","200,87","200,87","200,87","200,87","200,87","200,87","200,87","200,87","200,87","200,87","200,87","200,87","200,87","200,87","200,87","200,87","200,87","200,87","200,87","200,87","200,87","200,87","200,87","200,87","200,87","200,87","200,87","200,87","200,87","200,87","200,87","200,87","200,87"
Venta,AFALZ4C,Blq. 1,17,,"416,62","416,62","416,62","416,62","416,62","416,62","416,62","416,62","416,62","416,62","416,62","416,62","416,62","416,62","416,62","416,62","416,62","416,62","416,62","416,62","416,62","416,62","416,62","416,62","416,62","416,62","416,62","416,62","416,62","416,62","416,62","416,62","416,62","416,62","416,62","416,62","416,62","416,62","416,62","416,62","416,62","416,62","416,62","416,62","421,68","421,68","421,68","421,68","421,68","421,68","421,68","421,68","421,68","421,68","421,68","421,68","421,68","421,68","421,68","421,68","421,68","421,68","421,68","421,68","421,68","421,68","421,68","421,68","421,68","421,68","421,68","421,68","421,68","421,68","421,68","421,68","421,68","421,68","421,68","421,68","421,68","421,68","421,68","421,68","421,68","421,68","421,68","421,68","421,68","421,68","421,68","421,68","421,68","421,68","421,68","421,68"
Venta,AFALZ5C,Blq. 1,17,,"416,62","416,62","416,62","416,62","416,62","416,62","416,62","416,62","416,62","416,62","416,62","416,62","416,62","416,62","416,62","416,62","416,62","416,62","416,62","416,62","416,62","416,62","416,62","416,62","416,62","416,62","416,62","416,62","416,62","416,62","416,62","416,62","416,62","416,62","416,62","416,62","416,62","416,62","416,62","416,62","416,62","416,62","416,62","416,62","421,68","421,68","421,68","421,68","421,68","421,68","421,68","421,68","421,68","421,68","421,68","421,68","421,68","421,68","421,68","421,68","421,68","421,68","421,68","421,68","421,68","421,68","421,68","421,68","421,68","421,68","421,68","421,68","421,68","421,68","421,68","421,68","421,68","421,68","421,68","421,68","421,68","421,68","421,68","421,68","421,68","421,68","421,68","421,68","421,68","421,68","421,68","421,68","421,68","421,68","421,68","421,68"
Venta,AFIANHC,Blq. 1,17,,"416,62","416,62","416,62","416,62","416,62","416,62","416,62","416,62","416,62","416,62","416,62","416,62","416,62","416,62","416,62","416,62","416,62","416,62","416,62","416,62","416,62","416,62","416,62","416,62","416,62","416,62","416,62","416,62","416,62","416,62","416,62","416,62","416,62","416,62","416,62","416,62","416,62","416,62","416,62","416,62","416,62","416,62","416,62","416,62","421,68","421,68","421,68","421,68","421,68","421,68","421,68","421,68","421,68","421,68","421,68","421,68","421,68","421,68","421,68","421,68","421,68","421,68","421,68","421,68","421,68","421,68","421,68","421,68","421,68","421,68","421,68","421,68","421,68","421,68","421,68","421,68","421,68","421,68","421,68","421,68","421,68","421,68","421,68","421,68","421,68","421,68","421,68","421,68","421,68","421,68","421,68","421,68","421,68","421,68","421,68","421,68"
Venta,AFIBGEC,Blq. 1,17,,"416,62","416,62","416,62","416,62","416,62","416,62","416,62","416,62","416,62","416,62","416,62","416,62","416,62","416,62","416,62","416,62","416,62","416,62","416,62","416,62","416,62","416,62","416,62","416,62","416,62","416,62","416,62","416,62","416,62","416,62","416,62","416,62","416,62","416,62","416,62","416,62","416,62","416,62","416,62","416,62","416,62","416,62","416,62","416,62","421,68","421,68","421,68","421,68","421,68","421,68","421,68","421,68","421,68","421,68","421,68","421,68","421,68","421,68","421,68","421,68","421,68","421,68","421,68","421,68","421,68","421,68","421,68","421,68","421,68","421,68","421,68","421,68","421,68","421,68","421,68","421,68","421,68","421,68","421,68","421,68","421,68","421,68","421,68","421,68","421,68","421,68","421,68","421,68","421,68","421,68","421,68","421,68","421,68","421,68","421,68","421,68"
Venta,AFIBGEV,Blq. 1,17,,"416,62","416,62","416,62","416,62","416,62","416,62","416,62","416,62","416,62","416,62","416,62","416,62","416,62","416,62","416,62","416,62","416,62","416,62","416,62","416,62","416,62","416,62","416,62","416,62","416,62","416,62","416,62","416,62","416,62","416,62","416,62","416,62","416,62","416,62","416,62","416,62","416,62","416,62","416,62","416,62","416,62","416,62","416,62","416,62","421,68","421,68","421,68","421,68","421,68","421,68","421,68","421,68","421,68","421,68","421,68","421,68","421,68","421,68","421,68","421,68","421,68","421,68","421,68","421,68","421,68","421,68","421,68","421,68","421,68","421,68","421,68","421,68","421,68","421,68","421,68","421,68","421,68","421,68","421,68","421,68","421,68","421,68","421,68","421,68","421,68","421,68","421,68","421,68","421,68","421,68","421,68","421,68","421,68","421,68","421,68","421,68"
Venta,AFIBHEC,Blq. 1,17,,"416,62","416,62","416,62","416,62","416,62","416,62","416,62","416,62","416,62","416,62","416,62","416,62","416,62","416,62","416,62","416,62","416,62","416,62","416,62","416,62","416,62","416,62","416,62","416,62","416,62","416,62","416,62","416,62","416,62","416,62","416,62","416,62","416,62","416,62","416,62","416,62","416,62","416,62","416,62","416,62","416,62","416,62","416,62","416,62","421,68","421,68","421,68","421,68","421,68","421,68","421,68","421,68","421,68","421,68","421,68","421,68","421,68","421,68","421,68","421,68","421,68","421,68","421,68","421,68","421,68","421,68","421,68","421,68","421,68","421,68","421,68","421,68","421,68","421,68","421,68","421,68","421,68","421,68","421,68","421,68","421,68","421,68","421,68","421,68","421,68","421,68","421,68","421,68","421,68","421,68","421,68","421,68","421,68","421,68","421,68","421,68"
Venta,AFIBHFC,Blq. 1,17,,"416,62","416,62","416,62","416,62","416,62","416,62","416,62","416,62","416,62","416,62","416,62","416,62","416,62","416,62","416,62","416,62","416,62","416,62","416,62","416,62","416,62","416,62","416,62","416,62","416,62","416,62","416,62","416,62","416,62","416,62","416,62","416,62","416,62","416,62","416,62","416,62","416,62","416,62","416,62","416,62","416,62","416,62","416,62","416,62","421,68","421,68","421,68","421,68","420,68","420,68","420,68","420,68","420,68","420,68","420,68","420,68","420,68","420,68","420,68","420,68","420,68","420,68","420,68","420,68","420,68","420,68","420,68","420,68","421,68","421,68","421,68","421,68","421,68","421,68","421,68","421,68","421,68","421,68","421,68","421,68","421,68","421,68","421,68","421,68","421,68","421,68","421,68","421,68","421,68","421,68","421,68","421,68","421,68","421,68","421,68","421,68"
Venta,AFIOLHC,Blq. 1,17,,"416,62","416,62","416,62","416,62","416,62","416,62","416,62","416,62","416,62","416,62","416,62","416,62","416,62","416,62","416,62","416,62","416,62","416,62","416,62","416,62","416,62","416,62","416,62","416,62","416,62","416,62","416,62","416,62","416,62","416,62","416,62","416,62","416,62","416,62","416,62","416,62","416,62","416,62","416,62","416,62","416,62","416,62","416,62","416,62","421,68","421,68","421,68","421,68","421,68","421,68","421,68","421,68","421,68","421,68","421,68","421,68","421,68","421,68","421,68","421,68","421,68","421,68","421,68","421,68","421,68","421,68","421,68","421,68","421,68","421,68","421,68","421,68","421,68","421,68","421,68","421,68","421,68","421,68","421,68","421,68","421,68","421,68","421,68","421,68","421,68","421,68","421,68","421,68","421,68","421,68","421,68","421,68","421,68","421,68","421,68","421,68"
Venta,AFIREHC,Blq. 1,17,,"416,62","416,62","416,62","416,62","416,62","416,62","416,62","416,62","416,62","416,62","416,62","416,62","416,62","416,62","416,62","416,62","416,62","416,62","416,62","416,62","416,62","416,62","416,62","416,62","416,62","416,62","416,62","416,62","416,62","416,62","416,62","416,62","416,62","416,62","416,62","416,62","416,62","416,62","416,62","416,62","416,62","416,62","416,62","416,62","421,68","421,68","421,68","421,68","421,68","421,68","421,68","421,68","421,68","421,68","421,68","421,68","421,68","421,68","421,68","421,68","420,68","420,68","420,68","420,68","420,68","420,68","420,68","420,68","420,68","420,68","420,68","420,68","421,68","421,68","421,68","421,68","421,68","421,68","421,68","421,68","421,68","421,68","421,68","421,68","421,68","421,68","421,68","421,68","421,68","421,68","421,68","421,68","421,68","421,68","421,68","421,68"
Venta,AFIREHC,Blq. 2,17,,,,,,,,,,,,,,,,,,,,,,,,,,,,,,,,,,,,,,,,,,,,,,,,,,,,,,,,,,,,,,,,,,,,,,"421,68","421,68","421,68","421,68",,,,,,,,,,,,,,,,,,,,,,,,
Venta,AFIROHC,Blq. 1,17,,"416,62","416,62","416,62","416,62","416,62","416,62","416,62","416,62","416,62","416,62","416,62","416,62","416,62","416,62","416,62","416,62","416,62","416,62","416,62","416,62","416,62","416,62","416,62","416,62","416,62","416,62","416,62","416,62","416,62","416,62","416,62","416,62","416,62","416,62","416,62","416,62","416,62","416,62","416,62","416,62","416,62","416,62","416,62","416,62","421,68","421,68","421,68","421,68","421,68","421,68","421,68","421,68","421,68","421,68","421,68","421,68","421,68","421,68","421,68","421,68","421,68","421,68","421,68","421,68","421,68","421,68","421,68","421,68","421,68","421,68","421,68","421,68","421,68","421,68","421,68","421,68","421,68","421,68","421,68","421,68","421,68","421,68","421,68","421,68","421,68","421,68","421,68","421,68","421,68","421,68","421,68","421,68","421,68","421,68","421,68","421,68"
Venta,AGUB,Blq. 1,3,,"147,60","147,60","147,60","147,60","147,60","147,60","147,60","147,60","147,60","147,60","147,60","147,60","147,60","147,60","147,60","147,60","147,60","147,60","147,60","147,60","147,60","147,60","147,60","147,60","147,60","147,60","147,60","147,60","147,60","147,60","147,60","147,60","147,60","147,60","147,60","147,60","147,60","147,60","147,60","147,60","147,60","147,60","147,60","147,60","147,60","147,60","147,60","147,60","147,60","147,60","147,60","147,60","147,60","147,60","147,60","147,60","147,60","147,60","147,60","147,60","147,60","147,60","147,60","147,60","147,60","147,60","147,60","147,60","147,60","147,60","147,60","147,60","147,60","147,60","147,60","147,60","147,60","147,60","147,60","147,60","147,60","147,60","147,60","147,60","147,60","147,60","147,60","147,60","147,60","147,60","147,60","147,60","147,60","147,60","147,60","147,60"
Venta,AGUG,Blq. 1,1,,"147,60","147,60","147,60","147,60","147,60","147,60","147,60","147,60","147,60","147,60","147,60","147,60","147,60","147,60","147,60","147,60","147,60","147,60","147,60","147,60","147,60","147,60","147,60","147,60","147,60","147,60","147,60","147,60","147,60","147,60","147,60","147,60","147,60","147,60","147,60","147,60","147,60","147,60","147,60","147,60","147,60","147,60","147,60","147,60","147,60","147,60","147,60","147,60","147,60","147,60","147,60","147,60","147,60","147,60","147,60","147,60","147,60","147,60","147,60","147,60","147,60","147,60","147,60","147,60","147,60","147,60","147,60","147,60","147,60","147,60","147,60","147,60","147,60","147,60","147,60","147,60","147,60","147,60","147,60","147,60","147,60","147,60","147,60","147,60","147,60","147,60","147,60","147,60","147,60","147,60","147,60","147,60","147,60","147,60","147,60","147,60"
Venta,AIREV01,Blq. 1,2,,,,,,,,,,,,,,,,,,,,,,,,,,,,,,"9999,00","9999,00","9999,00","9999,00","9999,00","9999,00","9999,00","9999,00","9999,00","9999,00","9999,00","9999,00","9999,00","9999,00","9999,00","9999,00","9999,00","9999,00","9999,00","9999,00","9999,00","9999,00","9999,00","9999,00","9999,00","9999,00","9999,00","9999,00","9999,00","9999,00","9999,00","9999,00","9999,00","9999,00","9999,00","9999,00","9999,00","9999,00","9999,00","9999,00","9999,00","9999,00","9999,00","9999,00","9999,00","9999,00","9999,00","9999,00","9999,00","9999,00","9999,00","9999,00","9999,00","9999,00","9999,00","9999,00","9999,00",,,,,,,,,,,
Venta,ALBATER,Blq. 1,10,,,,,,,,,,,,,,,,,,,,,,,,,,,,,,,,"9999,00","9999,00","9999,00","9999,00","9999,00","9999,00","9999,00","9999,00",,,,,,"9999,00","9999,00","9999,00","9999,00","9999,00",,,,,,,,,,,,,,,,,,,"9999,00","9999,00","9999,00","9999,00","9999,00",,,,"9999,00","9999,00","9999,00","9999,00","9999,00","9999,00","9999,00","9999,00","9999,00",,,,,,,,,,,,,
Venta,ALCAZA2,Blq. 1,10,,,,,,,,,,,,,,,,,,,,,,,,,,,,,,,,,,,,,"101,08","100,65","100,00","100,00","99,99","100,00","100,00","100,00","100,00","100,00","100,00","100,00","100,00","99,99","99,99","99,99","99,99","99,90","99,90","99,89","99,89","99,89","99,89","99,89","99,90","99,95","99,97","99,89","99,94","99,93","99,99","100,00","100,00","100,00","100,00","100,00","100,00","100,00","100,01","100,97","101,08",,,,,,,,,,,,,,,,,,,,
Venta,ALG3,Blq. 1,1,,"144,90","175,61","175,61","175,61","175,61","175,61","175,61","175,61","175,61","175,61","175,61","175,61","175,61","175,61","175,61","175,61","299,75","299,75","299,75","299,75","299,75","299,75","299,75","299,75","334,23","334,23","334,23","334,23","334,23","334,23","334,23","334,23","334,23","334,23","334,23","334,23","230,78","230,78","230,78","230,78","230,78","230,78","230,78","230,78","230,78","230,78","230,78","230,78","230,78","230,78","230,78","230,78","230,78","230,78","230,78","230,78","230,78","230,78","230,78","230,78","230,78","230,78","230,78","230,78","230,78","230,78","230,78","230,78","230,78","230,78","230,78","230,78","230,78","230,78","230,78","230,78","230,78","230,78","230,78","230,78","230,78","230,78","230,78","216,99","216,99","216,99","216,99","216,99","216,99","216,99","216,99","216,99","216,99","216,99","216,99","216,99"
Venta,ALHAM,Blq. 1,10,,"499,00","499,00","499,00","499,00","499,00","499,00","499,00","499,00","499,00","499,00","499,00","499,00","499,00","499,00","499,00","499,00","499,00","499,00","499,00","499,00","499,00","499,00","499,00","499,00","499,00","499,00","499,00","499,00","499,00","499,00","499,00","499,00","499,00","499,00","499,00","499,00","499,00","499,00","499,00","499,00","499,00","499,00","499,00","499,00","499,00","499,00","499,00","499,00","499,00","499,00","499,00","499,00","499,00","499,00","499,00","499,00","499,00","499,00","499,00","499,00","499,00","499,00","499,00","499,00","499,00","499,00","499,00","499,00","499,00","499,00","499,00","499,00","499,00","499,00","499,00","499,00","499,00","499,00","499,00","499,00","499,00","499,00","499,00","499,00","499,00","499,00","499,00","499,00","499,00","499,00","499,00","499,00","499,00","499,00","499,00","499,00"
Venta,ALZ1,Blq. 1,1,,"416,62","416,62","416,62","416,62","416,62","416,62","416,62","416,62","416,62","416,62","416,62","416,62","416,62","416,62","416,62","416,62","416,62","416,62","416,62","416,62","416,62","416,62","416,62","416,62","416,62","416,62","416,62","416,62","416,62","416,62","416,62","416,62","416,62","416,62","416,62","416,62","416,62","416,62","416,62","416,62","416,62","416,62","416,62","416,62","421,68","421,68","421,68","421,68","421,68","421,68","421,68","421,68","421,68","421,68","421,68","421,68","421,68","421,68","421,68","421,68","421,68","421,68","421,68","421,68","421,68","421,68","421,68","421,68","421,68","421,68","421,68","421,68","421,68","421,68","421,68","421,68","421,68","421,68","421,68","421,68","421,68","421,68","421,68","421,68","421,68","421,68","421,68","421,68","421,68","421,68","421,68","421,68","421,68","421,68","421,68","421,68"
Venta,ALZ2,Blq. 1,1,,"416,62","416,62","416,62","416,62","416,62","416,62","416,62","416,62","416,62","416,62","416,62","416,62","416,62","416,62","416,62","416,62","416,62","416,62","416,62","416,62","416,62","416,62","416,62","416,62","416,62","416,62","416,62","416,62","416,62","416,62","416,62","416,62","416,62","416,62","416,62","416,62","416,62","416,62","416,62","416,62","416,62","416,62","416,62","416,62","421,68","421,68","421,68","421,68","421,68","421,68","421,68","421,68","421,68","421,68","421,68","421,68","421,68","421,68","421,68","421,68","421,68","421,68","421,68","421,68","421,68","421,68","421,68","421,68","421,68","421,68","421,68","421,68","421,68","421,68","421,68","421,68","421,68","421,68","421,68","421,68","421,68","421,68","421,68","421,68","421,68","421,68","421,68","421,68","421,68","421,68","421,68","421,68","421,68","421,68","421,68","421,68"
Venta,AMBIETA,Blq. 1,1,,"379,80","379,80","379,80","379,80","379,80","379,80","379,80","379,80","379,80","379,80","379,80","379,80","379,80","379,80","379,80","379,80","379,80","379,80","379,80","379,80","379,80","379,80","379,80","379,80","379,80","379,80","379,80","379,80","379,80","379,80","379,80","379,80","379,80","379,80","379,80","379,80","379,80","379,80","379,80","379,80","379,80","379,80","379,80","379,80","379,80","379,80","379,80","379,80","379,80","379,80","379,80","379,80","379,80","379,80","379,80","379,80","379,80","379,80","379,80","379,80","379,80","379,80","379,80","379,80","379,80","379,80","379,80","379,80","379,80","379,80","379,80","379,80","379,80","379,80","379,80","379,80","379,80","379,80","379,80","379,80","379,80","379,80","379,80","379,80","379,80","379,80","379,80","379,80","379,80","379,80","379,80","379,80","379,80","379,80","379,80","379,80"
Venta,ARCH,Blq. 1,1,,"750,00","750,00","750,00","750,00","750,00","750,00","750,00","750,00","750,00","750,00","750,00","750,00","750,00","750,00","750,00","750,00","750,00","750,00","750,00","750,00","750,00","750,00","750,00","750,00","750,00","750,00","750,00","750,00","750,00","750,00","750,00","750,00","750,00","750,00","750,00","750,00","750,00","750,00","750,00","750,00","750,00","750,00","750,00","750,00","750,00","750,00","750,00","750,00","750,00","750,00","750,00","750,00","750,00","750,00","750,00","750,00","750,00","750,00","750,00","750,00","750,00","750,00","750,00","750,00","750,00","750,00","750,00","750,00","750,00","750,00","750,00","750,00","750,00","750,00","750,00","750,00","750,00","750,00","750,00","750,00","750,00","750,00","750,00","750,00","750,00","750,00","750,00","750,00","750,00","750,00","750,00","750,00","750,00","750,00","750,00","750,00"
Venta,ARCOS1,Blq. 1,1,,"188,03","188,03","188,03","188,03","188,03","188,03","188,03","188,03","188,03","188,03","188,03","188,03","188,03","188,03","188,03","188,03","188,03","188,03","188,03","188,03","188,03","188,03","188,03","188,03","185,63","185,63","185,63","185,63","183,32","183,32","183,32","183,32","183,32","183,32","183,32","183,32","183,32","183,32","183,32","183,32","183,32","183,32","183,32","183,32","189,78","189,78","189,78","189,78","189,78","189,78","189,78","189,78","189,78","189,78","189,78","189,78","189,78","189,78","189,78","189,78","189,78","189,78","189,78","189,78","189,78","189,78","189,78","189,78","189,78","189,78","189,78","189,78","189,78","189,78","189,78","189,78","189,78","189,78","189,78","189,78","189,78","189,78","189,78","421,68","421,68","421,68","421,68","421,68","421,68","421,68","421,68","421,68","189,78","189,78","189,78","189,78"
Venta,ARCOS1,Blq. 2,1,,"416,62","416,62","416,62","416,62","416,62","416,62","416,62","416,62","416,62","416,62","416,62","416,62","416,62","416,62","416,62","416,62","416,62","416,62","416,62","416,62","416,62","416,62","416,62","416,62","416,62","416,62","416,62","416,62","416,62","416,62","416,62","416,62","416,62","416,62","416,62","416,62","416,62","416,62","416,62","416,62","416,62","416,62","416,62","416,62","421,68","421,68","421,68","421,68","421,68","421,68","421,68","421,68","421,68","421,68","421,68","421,68","421,68","421,68","421,68","421,68","421,68","421,68","421,68","421,68","421,68","421,68","421,68","421,68","421,68","421,68","421,68","421,68","421,68","421,68","421,68","421,68","421,68","421,68","421,68","421,68","421,68","421,68","421,68",,,,,,,,,,"421,68","421,68","421,68","421,68"
Venta,ARCOS2,Blq. 1,1,,"416,62","416,62","416,62","416,62","416,62","416,62","416,62","416,62","416,62","416,62","416,62","416,62","416,62","416,62","416,62","416,62","416,62","416,62","416,62","416,62","416,62","416,62","416,62","416,62","416,62","416,62","416,62","416,62","416,62","416,62","416,62","416,62","416,62","416,62","416,62","416,62","416,62","416,62","416,62","416,62","416,62","416,62","416,62","416,62","421,68","421,68","421,68","421,68","421,68","421,68","421,68","421,68","421,68","421,68","421,68","421,68","421,68","421,68","421,68","421,68","421,68","421,68","421,68","421,68","421,68","421,68","421,68","421,68","421,68","421,68","421,68","421,68","421,68","421,68","421,68","421,68","421,68","421,68","421,68","421,68","421,68","421,68","421,68","421,68","421,68","421,68","421,68","421,68","421,68","421,68","421,68","421,68","421,68","421,68","421,68","421,68"
Venta,ARCOS3,Blq. 1,1,,"223,82","223,82","223,82","223,82","223,82","223,82","223,82","223,82","223,82","223,82","223,82","223,82","223,82","223,82","223,82","223,82","223,82","223,82","223,82","223,82","223,82","223,82","223,82","223,82","221,43","221,43","221,43","221,43","221,43","221,43","221,43","221,43","221,43","221,43","221,43","221,43","221,43","221,43","221,43","221,43","221,43","221,43","221,43","221,43","228,78","228,78","228,78","228,78","228,78","228,78","228,78","228,78","228,78","228,78","228,78","228,78","228,78","228,78","228,78","228,78","228,78","228,78","228,78","228,78","228,78","228,78","228,78","228,78","228,78","228,78","228,78","228,78","228,78","228,78","228,78","228,78","228,78","228,78","228,78","228,78","228,78","228,78","228,78","228,78","228,78","228,78","228,78","228,78","228,78","228,78","228,78","228,78","228,78","228,78","228,78","228,78"
Venta,ARCOS3,Blq. 2,1,,"245,44","245,44","245,44","245,44","245,44","245,44","245,44","245,44","245,44","245,44","245,44","245,44","245,44","245,44","245,44","245,44","245,44","245,44","245,44","245,44","245,44","245,44","245,44","245,44","242,41","242,41","242,41","242,41","242,41","242,41","242,41","242,41","242,41","242,41","242,41","242,41","242,41","242,41","242,41","242,41","242,41","242,41","242,41","242,41","250,43","250,43","250,43","250,43","250,43","250,43","250,43","250,43","250,43","250,43","250,43","250,43","250,43","250,43","250,43","250,43","250,43","250,43","250,43","250,43","250,43","250,43","250,43","250,43","250,43","250,43","250,43","250,43","250,43","250,43","250,43","250,43","250,43","250,43","250,43","250,43","250,43","250,43","250,43","250,43","250,43","250,43","250,43","250,43","250,43","250,43","250,43","250,43","250,43","250,43","250,43","250,43"
Venta,ARCOS3,Blq. 3,1,,"416,62","416,62","416,62","416,62","416,62","416,62","416,62","416,62","416,62","416,62","416,62","416,62","416,62","416,62","416,62","416,62","416,62","416,62","416,62","416,62","416,62","416,62","416,62","416,62","416,62","416,62","416,62","416,62","416,62","416,62","416,62","416,62","416,62","416,62","416,62","416,62","416,62","416,62","416,62","416,62","416,62","416,62","416,62","416,62","421,68","421,68","421,68","421,68","421,68","421,68","421,68","421,68","421,68","421,68","421,68","421,68","421,68","421,68","421,68","421,68","421,68","421,68","421,68","421,68","421,68","421,68","421,68","421,68","421,68","421,68","421,68","421,68","421,68","421,68","421,68","421,68","421,68","421,68","421,68","421,68","421,68","421,68","421,68","421,68","421,68","421,68","421,68","421,68","421,68","421,68","421,68","421,68","421,68","421,68","421,68","421,68"
Venta,ARRU1,Blq. 1,1,,"394,09","203,40","203,40","203,40","203,40","203,40","203,40","203,40","203,40","203,40","203,40","203,40","203,40","203,40","203,40","203,40","203,40","203,40","203,40","203,40","203,40","203,40","203,40","203,40","147,60","147,60","147,60","147,60","147,60","147,60","147,60","147,60","147,60","147,60","147,60","147,60","147,60","147,60","147,60","147,60","147,60","147,60","147,60","147,60","208,70","208,70","208,70","208,70","208,70","208,70","208,70","208,70","208,70","208,70","208,70","208,70","208,70","208,70","208,70","208,70","208,70","208,70","208,70","208,70","208,70","208,70","208,70","208,70","208,70","208,70","208,70","208,70","157,30","157,30","157,30","157,30","157,30","157,30","157,30","157,30","157,30","157,30","157,30","157,30","157,30","157,30","157,30","157,30","157,30","157,30","157,30","157,30","157,30","157,30","157,30","157,30"
Venta,ARRU2,Blq. 1,1,,"205,40","205,40","205,40","205,40","205,40","205,40","205,40","205,40","205,40","205,40","205,40","205,40","205,40","205,40","205,40","205,40","205,40","205,40","205,40","205,40","205,40","205,40","205,40","205,40","150,60","150,60","150,60","150,60","150,60","150,60","150,60","150,60","150,60","150,60","150,60","150,60","150,60","150,60","150,60","150,60","150,60","150,60","150,60","150,60","209,60","209,60","209,60","209,60","209,60","209,60","209,60","209,60","209,60","209,60","209,60","209,60","209,60","209,60","209,60","209,60","209,60","209,60","209,60","209,60","209,60","209,60","209,60","209,60","209,60","209,60","209,60","209,60","159,90","159,90","159,90","159,90","159,90","159,90","159,90","159,90","159,90","159,90","159,90","159,90","159,90","159,90","159,90","159,90","159,90","159,90","159,90","159,90","159,90","159,90","159,90","159,90"
Venta,ASC1,Blq. 1,1,,"50,50","50,50","50,50","50,50","50,50","50,50","50,50","50,50","50,50","50,50","50,50","50,50","50,50","50,50","50,50","50,50","50,50","50,50","50,50","50,50","50,50","50,50","50,50","50,50","50,50","50,50","50,50","50,50","50,50","50,50","50,50","50,50","50,50","50,50","50,50","50,50","50,50","50,50","50,50","50,50","50,50","50,50","50,50","50,50","50,50","50,50","50,50","50,50","50,50","50,50","50,50","50,50","50,50","50,50","50,50","50,50","50,50","50,50","50,50","50,50","50,50","50,50","50,50","50,50","50,50","50,50","50,50","50,50","50,50","50,50","50,50","50,50","50,50","50,50","50,50","50,50","50,50","50,50","50,50","50,50","50,50","50,50","50,50","50,50","50,50","50,50","50,50","50,50","50,50","50,50","50,50","50,50","50,50","50,50","50,50","50,50"
Venta,ASC2,Blq. 1,1,,"50,00","50,00","50,00","50,00","50,00","50,00","50,00","50,00","50,00","50,00","50,00","50,00","50,00","50,00","50,00","50,00","50,00","50,00","50,00","50,00","50,00","50,00","50,00","50,00","50,00","50,00","50,00","50,00","50,00","50,00","50,00","50,00","50,00","50,00","50,00","50,00","50,00","50,00","50,00","50,00","50,00","50,00","50,00","50,00","50,00","50,00","50,00","50,00","50,00","50,00","50,00","50,00","50,00","50,00","50,00","50,00","50,00","50,00","50,00","50,00","50,00","50,00","50,00","50,00","50,00","50,00","50,00","50,00","50,00","50,00","50,00","50,00","50,00","50,00","50,00","50,00","50,00","50,00","50,00","50,00","50,00","50,00","50,00","50,00","50,00","50,00","50,00","50,00","50,00","50,00","50,00","50,00","50,00","50,00","50,00","50,00"
Venta,ATOMICO,Blq. 1,10,,"999,99","999,99","999,99","999,99","999,99","999,99","999,99","999,99","999,99","999,99","999,99","999,99","999,99","999,99","999,99","999,99","999,99","999,99","999,99","999,99","999,99","999,99","999,99","999,99","999,99","999,99","999,99","999,99","999,99","999,99","999,99","999,99","999,99","999,99","999,99","999,99","999,99","999,99","999,99","999,99","999,99","999,99","999,99","999,99","999,99","999,99","999,99","999,99","999,99","999,99","999,99","999,99","999,99","999,99","999,99","999,99","999,99","999,99","999,99","999,99","999,99","999,99","999,99","999,99","999,99","999,99","999,99","999,99","999,99","999,99","999,99","999,99","999,99","999,99","999,99","999,99","999,99","999,99","999,99","999,99","999,99","999,99","999,99","999,99","999,99","999,99","999,99","999,99","999,99","999,99","999,99","999,99","999,99","999,99","999,99","999,99"
Venta,AUNGNR,Blq. 1,2,,"499,00","499,00","499,00","499,00","499,00","499,00","499,00","499,00","499,00","499,00","499,00","499,00","499,00","499,00","499,00","499,00","499,00","499,00","499,00","499,00","499,00","499,00","499,00","499,00","499,00","499,00","499,00","499,00","499,00","499,00","499,00","499,00","499,00","499,00","499,00","499,00","499,00","499,00","499,00","499,00","499,00","499,00","499,00","499,00","499,00","499,00","499,00","499,00","499,00","499,00","499,00","499,00","499,00","499,00","499,00","499,00","499,00","499,00","499,00","499,00","499,00","499,00","499,00","499,00","499,00","499,00","499,00","499,00","499,00","499,00","499,00","499,00","499,00","499,00","499,00","499,00","499,00","499,00","499,00","499,00","499,00","499,00","499,00","499,00","499,00","499,00","499,00","499,00","499,00","499,00","499,00","499,00","499,00","499,00","499,00","499,00"
Venta,AYPGNR,Blq. 1,2,,"499,00","499,00","499,00","499,00","499,00","499,00","499,00","499,00","499,00","499,00","499,00","499,00","499,00","499,00","499,00","499,00","499,00","499,00","499,00","499,00","499,00","499,00","499,00","499,00","499,00","499,00","499,00","499,00","499,00","499,00","499,00","499,00","499,00","499,00","499,00","499,00","499,00","499,00","499,00","499,00","499,00","499,00","499,00","499,00","499,00","499,00","499,00","499,00","499,00","499,00","499,00","499,00","499,00","499,00","499,00","499,00","499,00","499,00","499,00","499,00","499,00","499,00","499,00","499,00","499,00","499,00","499,00","499,00","499,00","499,00","499,00","499,00","499,00","499,00","499,00","499,00","499,00","499,00","499,00","499,00","499,00","499,00","499,00","499,00","499,00","499,00","499,00","499,00","499,00","499,00","499,00","499,00","499,00","499,00","499,00","499,00"
Venta,AZULIB,Blq. 1,10,,"431,00","431,00","431,00","431,00","431,00","431,00","431,00","431,00","431,00","431,00","431,00","431,00","431,00","431,00","431,00","431,00","431,00","431,00","431,00","431,00","431,00","431,00","431,00","431,00","431,00","431,00","431,00","431,00","431,00","431,00","431,00","431,00","431,00","431,00","431,00","431,00","431,00","431,00","431,00","431,00","431,00","431,00","431,00","431,00","431,00","431,00","431,00","431,00","431,00","431,00","431,00","431,00","431,00","431,00","431,00","431,00","431,00","431,00","431,00","431,00","431,00","431,00","431,00","431,00","431,00","431,00","431,00","431,00","431,00","431,00","431,00","431,00","431,00","431,00","431,00","431,00","431,00","431,00","431,00","431,00","431,00","431,00","431,00","431,00","431,00","431,00","431,00","431,00","431,00","431,00","431,00","431,00","431,00","431,00","431,00","431,00"
Venta,BAHIAB,Blq. 1,1,,"2356,11","955,28","310,61","292,66","292,66","292,66","292,66","292,66","604,80","604,80","604,80","604,80","477,63","477,63","477,63","477,63","292,66","292,66","292,66","292,66","292,66","292,66","292,66","292,66","292,66","292,66","292,66","354,06","448,05","544,41","693,56","3828,67","266,47","266,47","266,47","266,47","266,47","266,47","266,47","266,47","266,47","266,47","266,47","266,47","266,47","266,47","266,47","266,47","266,47","266,47","266,47","266,47","266,47","266,47","266,47","266,47","266,47","266,47","266,47","266,47","266,47","266,47","266,47","266,47","266,47","266,47","266,47","266,47","266,47","266,47","266,47","266,47","266,47","266,47","266,47","266,47","266,47","266,47","266,47","266,47","2356,11","653,39","310,61","292,66","292,66","292,66","292,66","292,66","292,66","292,66","292,66","292,66","257,98","257,98","211,74","211,74"
Venta,BAHIAB,Blq. 2,1,,,,"335,61","317,66","317,66","317,66","317,66","317,66",,,,,,,,,"317,66","317,66","317,66","317,66","317,66","317,66","317,66","317,66","317,66","317,66","317,66","379,06",,,,,"291,47","291,47","291,47","291,47","291,47","291,47","291,47","291,47","291,47","291,47","291,47","291,47","291,47","291,47","291,47","291,47","291,47","291,47","291,47","291,47","291,47","291,47","291,47","291,47","291,47","291,47","291,47","291,47","291,47","291,47","291,47","291,47","291,47","291,47","291,47","291,47","291,47","291,47","291,47","291,47","291,47","291,47","291,47","291,47","291,47","291,47","291,47","291,47",,,,"305,00","305,00","305,00","305,00","305,00","305,00","305,00","305,00","305,00","305,00","305,00","305,00","305,00"
Venta,BAHIAB,Blq. 3,1,,,,"360,61","342,66","342,66","342,66","342,66","342,66",,,,,,,,,"342,66","342,66","342,66","342,66","342,66","342,66","342,66","342,66","342,66","342,66","342,66","404,06",,,,,,,,,,,,,,,,,,,,,,,,,,,,,,,,,,,,,,,,,,,,,,,,,,,,,,,,,,,,,,,,,,,,
Venta,BERJUCA,Blq. 1,1,,"750,00","750,00","750,00","750,00","750,00","750,00","750,00","750,00","750,00","750,00","750,00","750,00","750,00","750,00","750,00","750,00","750,00","750,00","750,00","750,00","750,00","750,00","750,00","750,00","750,00","750,00","750,00","750,00","750,00","750,00","750,00","750,00","750,00","750,00","750,00","750,00","750,00","750,00","750,00","750,00","750,00","750,00","750,00","750,00","750,00","750,00","750,00","750,00","750,00","750,00","750,00","750,00","750,00","750,00","750,00","750,00","750,00","750,00","750,00","750,00","750,00","750,00","750,00","750,00","750,00","750,00","750,00","750,00","750,00","750,00","750,00","750,00","750,00","750,00","750,00","750,00","750,00","750,00","750,00","750,00","750,00","750,00","750,00","750,00","750,00","750,00","750,00","750,00","750,00","750,00","750,00","750,00","750,00","750,00","750,00","750,00"
Venta,BES3,Blq. 1,1,,"165,07","165,07","165,07","165,07","165,07","165,07","165,07","165,07","165,07","165,07","165,07","165,07","165,07","165,07","165,07","165,07","165,07","165,07","165,07","165,07","165,07","165,07","165,07","165,07","165,07","165,07","165,07","165,07","165,07","165,07","165,07","165,07","165,07","165,07","165,07","165,07","165,07","165,07","165,07","165,07","165,07","165,07","165,07","165,07","165,07","165,07","165,07","165,07","165,07","165,07","165,07","165,07","165,07","165,07","165,07","165,07","165,07","165,07","165,07","165,07","165,07","165,07","165,07","165,07","165,07","165,07","165,07","165,07","165,07","165,07","165,07","165,07","165,07","165,07","165,07","165,07","165,07","165,07","165,07","165,07","165,07","165,07","165,07","165,07","165,07","165,07","165,07","165,07","165,07","165,07","165,07","165,07","165,07","165,07","165,07","165,07"
Venta,BES4,Blq. 1,1,,"201,76","201,76","201,76","201,76","201,76","201,76","201,76","201,76","201,76","201,76","201,76","201,76","201,76","201,76","201,76","201,76","201,76","201,76","201,76","201,76","201,76","201,76","201,76","201,76","201,76","201,76","201,76","201,76","201,76","201,76","201,76","201,76","201,76","201,76","201,76","201,76","201,76","201,76","201,76","201,76","201,76","201,76","201,76","201,76","201,76","201,76","201,76","201,76","201,76","201,76","201,76","201,76","201,76","201,76","201,76","201,76","201,76","201,76","201,76","201,76","201,76","201,76","201,76","201,76","201,76","201,76","201,76","201,76","201,76","201,76","201,76","201,76","201,76","201,76","201,76","201,76","201,76","201,76","201,76","201,76","201,76","201,76","201,76","201,76","201,76","201,76","201,76","201,76","201,76","201,76","201,76","201,76","201,76","201,76","201,76","201,76"
Venta,BES5,Blq. 1,1,,"185,06","185,06","185,06","185,06","185,06","185,06","185,06","185,06","185,06","185,06","185,06","185,06","185,06","185,06","185,06","185,06","185,06","185,06","185,06","185,06","185,06","185,06","185,06","185,06","185,06","185,06","185,06","185,06","185,06","185,06","185,06","185,06","185,06","185,06","185,06","185,06","185,06","185,06","185,06","185,06","185,06","185,06","185,06","185,06","185,06","185,06","185,06","185,06","185,06","185,06","185,06","185,06","185,06","185,06","185,06","185,06","185,06","185,06","185,06","185,06","185,06","185,06","185,06","185,06","185,06","185,06","185,06","185,06","185,06","185,06","185,06","185,06","185,06","185,06","185,06","185,06","185,06","185,06","185,06","185,06","185,06","185,06","185,06","185,06","185,06","185,06","185,06","185,06","185,06","185,06","185,06","185,06","185,06","185,06","185,06","185,06"
Venta,BLANC,Blq. 1,10,,"499,00","499,00","499,00","499,00","499,00","499,00","499,00","499,00","499,00","499,00","499,00","499,00","499,00","499,00","499,00","499,00","499,00","499,00","499,00","499,00","499,00","499,00","499,00","499,00","499,00","499,00","499,00","499,00","499,00","499,00","499,00","499,00","499,00","499,00","499,00","499,00","499,00","499,00","499,00","499,00","499,00","499,00","499,00","499,00","499,00","499,00","499,00","499,00","499,00","499,00","499,00","499,00","499,00","499,00","499,00","499,00","499,00","499,00","499,00","499,00","499,00","499,00","499,00","499,00","499,00","499,00","499,00","499,00","499,00","499,00","499,00","499,00","499,00","499,00","499,00","499,00","499,00","499,00","499,00","499,00","499,00","499,00","499,00","499,00","499,00","499,00","499,00","499,00","499,00","499,00","499,00","499,00","499,00","499,00","499,00","499,00"
Venta,BOLI,Blq. 1,1,,"750,00","750,00","750,00","750,00","750,00","750,00","750,00","750,00","750,00","750,00","750,00","750,00","750,00","750,00","750,00","750,00","750,00","750,00","750,00","750,00","750,00","750,00","750,00","750,00","750,00","750,00","750,00","750,00","750,00","750,00","750,00","750,00","750,00","750,00","750,00","750,00","750,00","750,00","750,00","750,00","750,00","750,00","750,00","750,00","750,00","750,00","750,00","750,00","750,00","750,00","750,00","750,00","750,00","750,00","750,00","750,00","750,00","750,00","750,00","750,00","750,00","750,00","750,00","750,00","750,00","750,00","750,00","750,00","750,00","750,00","750,00","750,00","750,00","750,00","750,00","750,00","750,00","750,00","750,00","750,00","750,00","750,00","750,00","750,00","750,00","750,00","750,00","750,00","750,00","750,00","750,00","750,00","750,00","750,00","750,00","750,00"
Venta,BTRR1,Blq. 1,10,,"499,00","499,00","499,00","499,00","499,00","499,00","499,00","499,00","499,00","499,00","499,00","499,00","499,00","499,00","499,00","499,00","499,00","499,00","499,00","499,00","499,00","499,00","499,00","499,00","499,00","499,00","499,00","499,00","499,00","499,00","499,00","499,00","499,00","499,00","499,00","499,00","499,00","499,00","499,00","499,00","499,00","499,00","499,00","499,00","499,00","499,00","499,00","499,00","499,00","499,00","499,00","499,00","499,00","499,00","499,00","499,00","499,00","499,00","499,00","499,00","499,00","499,00","499,00","499,00","499,00","499,00","499,00","499,00","499,00","499,00","499,00","499,00","499,00","499,00","499,00","499,00","499,00","499,00","499,00","499,00","499,00","499,00","499,00","499,00","499,00","499,00","499,00","499,00","499,00","499,00","499,00","499,00","499,00","499,00","499,00","499,00"
Venta,BTRR2,Blq. 1,10,,"499,00","499,00","499,00","499,00","499,00","499,00","499,00","499,00","499,00","499,00","499,00","499,00","499,00","499,00","499,00","499,00","499,00","499,00","499,00","499,00","499,00","499,00","499,00","499,00","499,00","499,00","499,00","499,00","499,00","499,00","499,00","499,00","499,00","499,00","499,00","499,00","499,00","499,00","499,00","499,00","499,00","499,00","499,00","499,00","499,00","499,00","499,00","499,00","499,00","499,00","499,00","499,00","499,00","499,00","499,00","499,00","499,00","499,00","499,00","499,00","499,00","499,00","499,00","499,00","499,00","499,00","499,00","499,00","499,00","499,00","499,00","499,00","499,00","499,00","499,00","499,00","499,00","499,00","499,00","499,00","499,00","499,00","499,00","499,00","499,00","499,00","499,00","499,00","499,00","499,00","499,00","499,00","499,00","499,00","499,00","499,00"
Venta,BTRR3,Blq. 1,10,,"499,00","499,00","499,00","499,00","499,00","499,00","499,00","499,00","499,00","499,00","499,00","499,00","499,00","499,00","499,00","499,00","499,00","499,00","499,00","499,00","499,00","499,00","499,00","499,00","499,00","499,00","499,00","499,00","499,00","499,00","499,00","499,00","499,00","499,00","499,00","499,00","499,00","499,00","499,00","499,00","499,00","499,00","499,00","499,00","499,00","499,00","499,00","499,00","499,00","499,00","499,00","499,00","499,00","499,00","499,00","499,00","499,00","499,00","499,00","499,00","499,00","499,00","499,00","499,00","499,00","499,00","499,00","499,00","499,00","499,00","499,00","499,00","499,00","499,00","499,00","499,00","499,00","499,00","499,00","499,00","499,00","499,00","499,00","499,00","499,00","499,00","499,00","499,00","499,00","499,00","499,00","499,00","499,00","499,00","499,00","499,00"
Venta,BYDETIC,Blq. 1,2,,"999,99","999,99","999,99","999,99","999,99","999,99","999,99","999,99","999,99","999,99","999,99","999,99","999,99","999,99","999,99","999,99","999,99","999,99","999,99","999,99","999,99","999,99","999,99","999,99","999,99","999,99","999,99","999,99","999,99","999,99","999,99","999,99","999,99","999,99","999,99","999,99","999,99","999,99","999,99","999,99","999,99","999,99","999,99","999,99","999,99","999,99","999,99","999,99","999,99","999,99","999,99","999,99","999,99","999,99","999,99","999,99","999,99","999,99","999,99","999,99","999,99","999,99","999,99","999,99","999,99","999,99","999,99","999,99","999,99","999,99","999,99","999,99","999,99","999,99","999,99","999,99","999,99","999,99","999,99","999,99","999,99","999,99","999,99","999,99","999,99","999,99","999,99","999,99","999,99","999,99","999,99","999,99","999,99","999,99","999,99","999,99"
Venta,CAMGI10,Blq. 1,1,,"231,80","231,80","231,80","231,80","231,80","231,80","231,80","231,80","231,80","231,80","231,80","231,80","231,80","231,80","231,80","231,80","201,80","201,80","201,80","201,80","201,80","201,80","201,80","201,80","201,80","201,80","201,80","201,80","201,80","201,80","201,80","201,80","201,80","201,80","201,80","201,80","181,80","181,80","181,80","181,80","181,80","181,80","181,80","181,80","181,80","181,80","181,80","181,80","181,80","181,80","181,80","181,80","181,80","181,80","181,80","181,80","181,80","181,80","181,80","181,80","181,80","181,80","181,80","181,80","181,80","181,80","181,80","181,80","181,80","181,80","181,80","181,80","181,80","181,80","181,80","181,80","181,80","181,80","181,80","181,80","181,80","181,80","181,80","181,80","181,80","181,80","181,80","181,80","181,80","181,80","181,80","181,80","181,80","181,80","181,80","181,80"
Venta,CAMGI20,Blq. 1,1,,"350,00","350,00","350,00","350,00","350,00","350,00","350,00","350,00","350,00","350,00","350,00","350,00","350,00","350,00","350,00","350,00","350,00","350,00","350,00","350,00","350,00","350,00","350,00","350,00","350,00","350,00","350,00","350,00","350,00","350,00","350,00","350,00","350,00","350,00","350,00","350,00","350,00","350,00","350,00","350,00","350,00","350,00","350,00","350,00","350,00","350,00","350,00","350,00","350,00","350,00","350,00","350,00","350,00","350,00","350,00","350,00","350,00","350,00","350,00","350,00","350,00","350,00","350,00","350,00","350,00","350,00","350,00","350,00","350,00","350,00","350,00","350,00","350,00","350,00","350,00","350,00","350,00","350,00","350,00","350,00","350,00","350,00","350,00","350,00","350,00","350,00","350,00","350,00","350,00","350,00","350,00","350,00","350,00","350,00","350,00","350,00"
Venta,CASAI,Blq. 1,10,,,,,,,,,,,,,,,,,,,,,,,,,,,,,,,,,,,,,,,,,,,,,,,,,,,,,,"99,90","99,90","99,89","99,89","99,89","99,89","99,89","99,90",,,"99,89",,,,,,,,,,,,,,,,,,,,,,,,,,,,,,,,,
Venta,CASAII,Blq. 1,10,,,,,,,,,,,,,,,,,,,,,,,,,,,,,,,,,,,,,,,,,,,,,,,,,,,,,,"99,90","99,90","99,89","99,89","99,89","99,89","99,89","99,90",,,"99,89",,,,,,,,,,,,,,,,,,,,,,,,,,,,,,,,,
Venta,CASAIX,Blq. 1,10,,,,,,,,,,,,,,,,,,,,,,,,,,,,,,,,,,,,,,,,,,,,,,,,,,,,,,"99,90","99,90","99,89","99,89","99,89","99,89","99,89","99,90",,,"99,89",,,,,,,,,,,,,,,,,,,,,,,,,,,,,,,,,
Venta,CASAVI,Blq. 1,10,,,,,,,,,,,,,,,,,,,,,,,,,,,,,,,,,,,,,,,,,,,,,,,,,,,,,,"99,90","99,90","99,89","99,89","99,89","99,89","99,89","99,90",,,"99,89",,,,,,,,,,,,,,,,,,,,,,,,,,,,,,,,,
Venta,CASAVII,Blq. 1,10,,,,,,,,,,,,,,,,,,,,,,,,,,,,,,,,,,,,,,,,,,,,,,,,,,,,,,"99,90","99,90","99,89","99,89","99,89","99,89","99,89","99,90",,,"99,89",,,,,,,,,,,,,,,,,,,,,,,,,,,,,,,,,
Venta,CASMON,Blq. 1,10,,"499,00","499,00","499,00","499,00","499,00","499,00","499,00","499,00","499,00","499,00","499,00","499,00","499,00","499,00","499,00","499,00","499,00","499,00","499,00","499,00","499,00","499,00","499,00","499,00","499,00","499,00","499,00","499,00","499,00","499,00","499,00","499,00","499,00","499,00","499,00","499,00","499,00","499,00","499,00","499,00","499,00","499,00","499,00","499,00","499,00","499,00","499,00","499,00","499,00","499,00","499,00","499,00","499,00","499,00","499,00","499,00","499,00","499,00","499,00","499,00","499,00","499,00","499,00","499,00","499,00","499,00","499,00","499,00","499,00","499,00","499,00","499,00","499,00","499,00","499,00","499,00","499,00","499,00","499,00","499,00","499,00","499,00","499,00","499,00","499,00","499,00","499,00","499,00","499,00","499,00","499,00","499,00","499,00","499,00","499,00","499,00"
Venta,CATRAL1,Blq. 1,10,,,,,,,,,,,,,,,,,,,,,,,,,,,,,,,,,,"9999,00","9999,00","9999,00","9999,00","9999,00","9999,00","9999,00",,"9999,00","9999,00","9999,00","9999,00","9999,00","9999,00","9999,00","9999,00",,,,,,,,,,,,"9999,00","9999,00",,,,,,"9999,00","9999,00","9999,00","9999,00","9999,00","9999,00",,"9999,00","9999,00","9999,00","9999,00","9999,00","9999,00","9999,00","9999,00","9999,00","9999,00","9999,00",,,,,,,,,,,,
Venta,CATRAL2,Blq. 1,2,,,,,,,,,,,,,,,,,,,,,,,,,,,,,,,,,"9999,00","9999,00","9999,00","9999,00","9999,00","9999,00","9999,00","9999,00","9999,00","9999,00","9999,00","9999,00","9999,00","9999,00","9999,00","9999,00","9999,00","9999,00","9999,00","9999,00","9999,00","9999,00","9999,00","9999,00","9999,00","9999,00","9999,00","9999,00","9999,00","9999,00","9999,00","9999,00","9999,00","9999,00","9999,00","9999,00","9999,00","9999,00","9999,00","9999,00","9999,00","9999,00","9999,00","9999,00","9999,00","9999,00","9999,00","9999,00","9999,00","9999,00",,,,,,,,,,,,,,,
Venta,CGGRABI,Blq. 1,10,,"499,00","499,00","499,00","499,00","499,00","499,00","499,00","499,00","499,00","499,00","499,00","499,00","499,00","499,00","499,00","499,00","499,00","499,00","499,00","499,00","499,00","499,00","499,00","499,00","499,00","499,00","499,00","499,00","499,00","499,00","499,00","499,00","499,00","499,00","499,00","499,00","499,00","499,00","499,00","499,00","499,00","499,00","499,00","499,00","499,00","499,00","499,00","499,00","499,00","499,00","499,00","499,00","499,00","499,00","499,00","499,00","499,00","499,00","499,00","499,00","499,00","499,00","499,00","499,00","499,00","499,00","499,00","499,00","499,00","499,00","499,00","499,00","499,00","499,00","499,00","499,00","499,00","499,00","499,00","499,00","499,00","499,00","499,00","499,00","499,00","499,00","499,00","499,00","499,00","499,00","499,00","499,00","499,00","499,00","499,00","499,00"
Venta,CGLAM,Blq. 1,2,,"499,00","499,00","499,00","499,00","499,00","499,00","499,00","499,00","499,00","499,00","499,00","499,00","499,00","499,00","499,00","499,00","499,00","499,00","499,00","499,00","499,00","499,00","499,00","499,00","499,00","499,00","499,00","499,00","499,00","499,00","499,00","499,00","499,00","499,00","499,00","499,00","499,00","499,00","499,00","499,00","499,00","499,00","499,00","499,00","499,00","499,00","499,00","499,00","499,00","499,00","499,00","499,00","499,00","499,00","499,00","499,00","499,00","499,00","499,00","499,00","499,00","499,00","499,00","499,00","499,00","499,00","499,00","499,00","499,00","499,00","499,00","499,00","499,00","499,00","499,00","499,00","499,00","499,00","499,00","499,00","499,00","499,00","499,00","499,00","499,00","499,00","499,00","499,00","499,00","499,00","499,00","499,00","499,00","499,00","499,00","499,00"
Venta,CHBAO,Blq. 1,1,,"499,00","499,00","499,00","499,00","499,00","499,00","499,00","499,00","499,00","499,00","499,00","499,00","499,00","499,00","499,00","499,00","499,00","499,00","499,00","499,00","499,00","499,00","499,00","499,00","499,00","499,00","499,00","499,00","499,00","499,00","499,00","499,00","499,00","499,00","499,00","499,00","499,00","499,00","499,00","499,00","499,00","499,00","499,00","499,00","499,00","499,00","499,00","499,00","499,00","499,00","499,00","499,00","499,00","499,00","499,00","499,00","499,00","499,00","499,00","499,00","499,00","499,00","499,00","499,00","499,00","499,00","499,00","499,00","499,00","499,00","499,00","499,00","499,00","499,00","499,00","499,00","499,00","499,00","499,00","499,00","499,00","499,00","499,00","499,00","499,00","499,00","499,00","499,00","499,00","499,00","499,00","499,00","499,00","499,00","499,00","499,00"
Venta,CHIPB,Blq. 1,3,,"250,00","250,00","250,00","250,00","250,00","250,00","250,00","250,00","250,00","250,00","250,00","250,00","250,00","250,00","250,00","250,00","250,00","250,00","250,00","250,00","250,00","250,00","250,00","250,00","250,00","250,00","250,00","250,00","250,00","250,00","250,00","250,00","250,00","250,00","250,00","250,00","250,00","250,00","250,00","250,00","250,00","250,00","250,00","250,00","250,00","250,00","250,00","250,00","250,00","250,00","250,00","250,00","250,00","250,00","250,00","250,00","250,00","250,00","250,00","250,00","250,00","250,00","250,00","250,00","250,00","250,00","250,00","250,00","250,00","250,00","250,00","250,00","250,00","250,00","250,00","250,00","250,00","250,00","250,00","250,00","250,00","250,00","250,00","250,00","250,00","250,00","250,00","250,00","250,00","250,00","250,00","250,00","250,00","250,00","250,00","250,00"
Venta,CHIPG,Blq. 1,1,,"250,00","250,00","250,00","250,00","250,00","250,00","250,00","250,00","250,00","250,00","250,00","250,00","250,00","250,00","250,00","250,00","250,00","250,00","250,00","250,00","250,00","250,00","250,00","250,00","250,00","250,00","250,00","250,00","250,00","250,00","250,00","250,00","250,00","250,00","250,00","250,00","250,00","250,00","250,00","250,00","250,00","250,00","250,00","250,00","250,00","250,00","250,00","250,00","250,00","250,00","250,00","250,00","250,00","250,00","250,00","250,00","250,00","250,00","250,00","250,00","250,00","250,00","250,00","250,00","250,00","250,00","250,00","250,00","250,00","250,00","250,00","250,00","250,00","250,00","250,00","250,00","250,00","250,00","250,00","250,00","250,00","250,00","250,00","250,00","250,00","250,00","250,00","250,00","250,00","250,00","250,00","250,00","250,00","250,00","250,00","250,00"
Venta,CHURC,Blq. 1,1,,"499,00","499,00","499,00","499,00","499,00","499,00","499,00","499,00","499,00","499,00","499,00","499,00","499,00","499,00","499,00","499,00","499,00","499,00","499,00","499,00","499,00","499,00","499,00","499,00","499,00","499,00","499,00","499,00","499,00","499,00","499,00","499,00","499,00","499,00","499,00","499,00","499,00","499,00","499,00","499,00","499,00","499,00","499,00","499,00","499,00","499,00","499,00","499,00","499,00","499,00","499,00","499,00","499,00","499,00","499,00","499,00","499,00","499,00","499,00","499,00","499,00","499,00","499,00","499,00","499,00","499,00","499,00","499,00","499,00","499,00","499,00","499,00","499,00","499,00","499,00","499,00","499,00","499,00","499,00","499,00","499,00","499,00","499,00","499,00","499,00","499,00","499,00","499,00","499,00","499,00","499,00","499,00","499,00","499,00","499,00","499,00"
Venta,CHURD,Blq. 1,1,,"499,00","499,00","499,00","499,00","499,00","499,00","499,00","499,00","499,00","499,00","499,00","499,00","499,00","499,00","499,00","499,00","499,00","499,00","499,00","499,00","499,00","499,00","499,00","499,00","499,00","499,00","499,00","499,00","499,00","499,00","499,00","499,00","499,00","499,00","499,00","499,00","499,00","499,00","499,00","499,00","499,00","499,00","499,00","499,00","499,00","499,00","499,00","499,00","499,00","499,00","499,00","499,00","499,00","499,00","499,00","499,00","499,00","499,00","499,00","499,00","499,00","499,00","499,00","499,00","499,00","499,00","499,00","499,00","499,00","499,00","499,00","499,00","499,00","499,00","499,00","499,00","499,00","499,00","499,00","499,00","499,00","499,00","499,00","499,00","499,00","499,00","499,00","499,00","499,00","499,00","499,00","499,00","499,00","499,00","499,00","499,00"
Venta,CID1,Blq. 1,10,,,,,,,,,,,,,,,,,,,,,,,,,,,,,,,,,,,,,,,"100,00","100,00","99,99","100,00","100,00","100,00","100,00","100,00","100,00","100,00","100,00","99,99","99,99","99,99","99,99","99,90","99,90","99,89","99,89","99,89","99,89","99,89","99,90","99,95","99,97","99,89","99,94","99,93","99,99","100,00","100,00","100,00","100,00","100,00","100,00","100,00","100,01",,,,,,,,,,,,,,,,,,,,,,
Venta,CID2,Blq. 1,10,,,,,,,,,,,,,,,,,,,,,,,,,,,,,,,,,,,,,,,"100,00","100,00","99,99","100,00","100,00","100,00","100,00","100,00","100,00","100,00","100,00","99,99","99,99","99,99","99,99","99,90","99,90","99,89","99,89","99,89","99,89","99,89","99,90","99,95","99,97","99,89","99,94","99,93","99,99","100,00","100,00","100,00","100,00","100,00","100,00","100,00","100,01",,,,,,,,,,,,,,,,,,,,,,
Venta,CID3,Blq. 1,10,,,,,,,,,,,,,,,,,,,,,,,,,,,,,,,,,,,,,,,"100,00","100,00","99,99","100,00","100,00","100,00","100,00","100,00","100,00","100,00","100,00","99,99","99,99","99,99","99,99","99,90","99,90","99,89","99,89","99,89","99,89","99,89","99,90","99,95","99,97","99,89","99,94","99,93","99,99","100,00","100,00","100,00","100,00","100,00","100,00","100,00","100,01",,,,,,,,,,,,,,,,,,,,,,
Venta,CID4,Blq. 1,10,,,,,,,,,,,,,,,,,,,,,,,,,,,,,,,,,,,,,,,"100,00","100,00","99,99","100,00","100,00","100,00","100,00","100,00","100,00","100,00","100,00","99,99","99,99","99,99","99,99","99,90","99,90","99,89","99,89","99,89","99,89","99,89","99,90","99,95","99,97","99,89","99,94","99,93","99,99","100,00","100,00","100,00","100,00","100,00","100,00","100,00","100,01",,,,,,,,,,,,,,,,,,,,,,
Venta,CILCOR,Blq. 1,10,,"300,00","300,00","300,00","300,00","300,00","300,00","300,00","300,00","300,00","300,00","300,00","300,00","300,00","300,00","300,00","300,00","300,00","300,00","300,00","300,00","300,00","300,00","300,00","300,00","300,00","300,00","300,00","300,00","300,00","300,00","300,00","300,00","300,00","300,00","300,00","300,00","300,00","300,00","300,00","300,00","300,00","300,00","300,00","300,00","300,00","300,00","300,00","300,00","300,00","300,00","300,00","300,00","300,00","300,00","300,00","300,00","300,00","300,00","300,00","300,00","300,00","300,00","300,00","300,00","300,00","300,00","300,00","300,00","300,00","300,00","300,00","300,00","300,00","300,00","300,00","300,00","300,00","300,00","300,00","300,00","300,00","300,00","300,00","300,00","300,00","300,00","300,00","300,00","300,00","300,00","300,00","300,00","300,00","300,00","300,00","300,00"
Venta,CLIFV10,Blq. 1,10,,,,,,,,,,,,,,,,,,,,,,,,,,,"9999,00","9999,00","9999,00","9999,00","9999,00","9999,00","9999,00","9999,00","9999,00","9999,00","9999,00","9999,00","9999,00","9999,00","9999,00","9999,00","9999,00","9999,00","9999,00","9999,00","9999,00","9999,00","9999,00","9999,00","9999,00","9999,00","9999,00","9999,00","9999,00","9999,00","9999,00","9999,00","9999,00","9999,00","9999,00","9999,00","9999,00","9999,00","9999,00","9999,00","9999,00","9999,00","9999,00","9999,00","9999,00","9999,00","9999,00","9999,00","9999,00","9999,00","9999,00","9999,00","9999,00","9999,00","9999,00","9999,00","9999,00","9999,00","9999,00","9999,00","9999,00","9999,00",,,,,,,,,
Venta,CLIFV21,Blq. 1,10,,,,,,,,,,,,,,,,,,,,,,,,,,,,,,,,,,,,,"101,08","100,65","100,00","100,00","99,99","100,00","100,00","100,00","100,00","100,00","100,00","100,00","100,00","99,99","99,99","99,99","99,99","99,90","99,90","99,89","99,89","99,89","99,89","99,89","99,90","99,95","99,97","99,89","99,94","99,93","99,99","100,00","100,00","100,00","100,00","100,00","100,00","100,00","100,01","100,97","101,08",,,,,,,,,,,,,,,,,,,,
Venta,CLIFV30,Blq. 1,10,,,,,,,,,,,,,,,,,,,,,,,,,,"9999,00","9999,00","9999,00","9999,00","9999,00","9999,00","9999,00","9999,00","9999,00","9999,00","9999,00","9999,00","9999,00","9999,00","9999,00","9999,00","9999,00","9999,00","9999,00","9999,00","9999,00","9999,00","9999,00","9999,00","9999,00","9999,00","9999,00","9999,00","9999,00","9999,00","9999,00","9999,00","9999,00","9999,00","9999,00","9999,00","9999,00","9999,00","9999,00","9999,00","9999,00","9999,00","9999,00","9999,00","9999,00","9999,00","9999,00","9999,00","9999,00","9999,00","9999,00","9999,00","9999,00","9999,00","9999,00","9999,00","9999,00","9999,00","9999,00","9999,00","9999,00","9999,00","9999,00","9999,00",,,,,,,,
Venta,CLIFV31,Blq. 1,10,,,,,,,,,,,,,,,,,,,,,,,,,,"9999,00","9999,00","9999,00","9999,00","9999,00","9999,00","9999,00","9999,00","9999,00","9999,00","9999,00","9999,00","9999,00","9999,00","9999,00","9999,00","9999,00","9999,00","9999,00","9999,00","9999,00","9999,00","9999,00","9999,00","9999,00","9999,00","9999,00","9999,00","9999,00","9999,00","9999,00","9999,00","9999,00","9999,00","9999,00","9999,00","9999,00","9999,00","9999,00","9999,00","9999,00","9999,00","9999,00","9999,00","9999,00","9999,00","9999,00","9999,00","9999,00","9999,00","9999,00","9999,00","9999,00","9999,00","9999,00","9999,00","9999,00","9999,00","9999,00","9999,00","9999,00","9999,00","9999,00","9999,00",,,,,,,,
Venta,CLIFV32,Blq. 1,10,,,,,,,,,,,,,,,,,,,,,,,,,,"9999,00","9999,00","9999,00","9999,00","9999,00","9999,00","9999,00","9999,00","9999,00","9999,00","9999,00","9999,00","9999,00","9999,00","9999,00","9999,00","9999,00","9999,00","9999,00","9999,00","9999,00","9999,00","9999,00","9999,00","9999,00","9999,00","9999,00","9999,00","9999,00","9999,00","9999,00","9999,00","9999,00","9999,00","9999,00","9999,00","9999,00","9999,00","9999,00","9999,00","9999,00","9999,00","9999,00","9999,00","9999,00","9999,00","9999,00","9999,00","9999,00","9999,00","9999,00","9999,00","9999,00","9999,00","9999,00","9999,00","9999,00","9999,00","9999,00","9999,00","9999,00","9999,00","9999,00","9999,00",,,,,,,,
Venta,CLIFV35,Blq. 1,10,,,,,,,,,,,,,,,,,,,,,,,,,,"9999,00","9999,00","9999,00","9999,00","9999,00","9999,00","9999,00","9999,00","9999,00","9999,00","9999,00","9999,00","9999,00","9999,00","9999,00","9999,00","9999,00","9999,00","9999,00","9999,00","9999,00","9999,00","9999,00","9999,00","9999,00","9999,00","9999,00","9999,00","9999,00","9999,00","9999,00","9999,00","9999,00","9999,00","9999,00","9999,00","9999,00","9999,00","9999,00","9999,00","9999,00","9999,00","9999,00","9999,00","9999,00","9999,00","9999,00","9999,00","9999,00","9999,00","9999,00","9999,00","9999,00","9999,00","9999,00","9999,00","9999,00","9999,00","9999,00","9999,00","9999,00","9999,00","9999,00","9999,00",,,,,,,,
Venta,CLIFV45,Blq. 1,10,,,,,,,,,,,,,,,,,,,,,,,,,,,,,,,"9999,00","9999,00","9999,00","9999,00","9999,00","9999,00","9999,00","9999,00","9999,00","9999,00","9999,00","9999,00","9999,00","9999,00","9999,00","9999,00","9999,00","9999,00","9999,00","9999,00","9999,00","9999,00","9999,00","9999,00","9999,00","9999,00","9999,00","9999,00","9999,00","9999,00","9999,00","9999,00","9999,00","9999,00","9999,00","9999,00","9999,00","9999,00","9999,00","9999,00","9999,00","9999,00","9999,00","9999,00","9999,00","9999,00","9999,00","9999,00","9999,00","9999,00","9999,00","9999,00","9999,00","9999,00","9999,00","9999,00","9999,00","9999,00",,,,,,,,,
Venta,CLIFV53,Blq. 1,10,,,,,,,,,,,,,,,,,,,,,,,,,,,,,,"9999,00","9999,00","9999,00","9999,00","9999,00","9999,00","9999,00","9999,00","9999,00","9999,00","9999,00",,"9999,00","9999,00","9999,00","9999,00","9999,00",,,,,,,,,,,,,,,,,,,,,,"9999,00","9999,00","9999,00","9999,00","9999,00","9999,00","9999,00","9999,00","9999,00","9999,00","9999,00","9999,00","9999,00","9999,00","9999,00","9999,00","9999,00","9999,00","9999,00","9999,00","9999,00","9999,00",,,,,,,,
Venta,CLIFV54,Blq. 1,10,,,,,,,,,,,,,,,,,,,,,,,,,,"9999,00","9999,00","9999,00","9999,00",,"9999,00","9999,00","9999,00","9999,00","9999,00","9999,00","9999,00","9999,00","9999,00","9999,00",,"9999,00","9999,00","9999,00","9999,00","9999,00",,,,,,,,,,,,,,,,,,,,,,"9999,00","9999,00","9999,00","9999,00","9999,00","9999,00","9999,00","9999,00","9999,00","9999,00","9999,00","9999,00","9999,00","9999,00","9999,00","9999,00","9999,00","9999,00","9999,00","9999,00","9999,00","9999,00",,,,,,,,
Venta,CLIFV55,Blq. 1,10,,,,,,,,,,,,,,,,,,,,,,,,,,"9999,00","9999,00","9999,00","9999,00","9999,00","9999,00","9999,00","9999,00","9999,00","9999,00","9999,00","9999,00","9999,00","9999,00","9999,00","9999,00","9999,00","9999,00","9999,00","9999,00","9999,00","9999,00","9999,00","9999,00","9999,00","9999,00","9999,00","9999,00","9999,00","9999,00","9999,00","9999,00","9999,00","9999,00","9999,00","9999,00","9999,00","9999,00","9999,00","9999,00","9999,00","9999,00","9999,00","9999,00","9999,00","9999,00","9999,00","9999,00","9999,00","9999,00","9999,00","9999,00","9999,00","9999,00","9999,00","9999,00","9999,00","9999,00","9999,00","9999,00","9999,00","9999,00","9999,00","9999,00",,,,,,,,
Venta,CLIWI11,Blq. 1,10,,"9999,00","9999,00","9999,00","9999,00","9999,00","9999,00","9999,00","9999,00","9999,00","9999,00","9999,00","9999,00","9999,00","9999,00","9999,00","9999,00","9999,00","9999,00","9999,00","9999,00","9999,00","9999,00","9999,00","9999,00","9999,00","9999,00","9999,00","9999,00","9999,00","9999,00","9999,00","9999,00","9999,00","9999,00","9999,00","9999,00","9999,00","9999,00","9999,00","9999,00","9999,00","9999,00","9999,00","9999,00","9999,00","9999,00","9999,00","9999,00","9999,00","9999,00","9999,00","9999,00","9999,00","9999,00","9999,00","9999,00","9999,00","9999,00","9999,00","9999,00","9999,00","9999,00","9999,00","9999,00","9999,00","9999,00","9999,00","9999,00","9999,00","9999,00","9999,00","9999,00","9999,00","9999,00","9999,00","9999,00","9999,00","9999,00","9999,00","9999,00","9999,00","9999,00","9999,00","9999,00","9999,00","9999,00","9999,00","9999,00","9999,00","9999,00","9999,00","9999,00","9999,00","9999,00","9999,00","9999,00"
Venta,COF1,Blq. 1,1,,"416,62","416,62","416,62","416,62","416,62","416,62","416,62","416,62","416,62","416,62","416,62","416,62","416,62","416,62","416,62","416,62","416,62","416,62","416,62","416,62","416,62","416,62","416,62","416,62","416,62","416,62","416,62","416,62","416,62","416,62","416,62","416,62","416,62","416,62","416,62","416,62","416,62","416,62","416,62","416,62","416,62","416,62","416,62","416,62","421,68","421,68","421,68","421,68","421,68","421,68","421,68","421,68","421,68","421,68","421,68","421,68","421,68","421,68","421,68","421,68","421,68","421,68","421,68","421,68","421,68","421,68","421,68","421,68","421,68","421,68","421,68","421,68","421,68","421,68","421,68","421,68","421,68","421,68","421,68","421,68","421,68","421,68","421,68","421,68","421,68","421,68","421,68","421,68","421,68","421,68","421,68","421,68","421,68","421,68","421,68","421,68"
Venta,COG75RQ,Blq. 1,10,,"300,00","300,00","300,00","300,00","300,00","300,00","300,00","300,00","300,00","300,00","300,00","300,00","300,00","300,00","300,00","300,00","300,00","300,00","300,00","300,00","300,00","300,00","300,00","300,00","300,00","300,00","300,00","300,00","300,00","300,00","300,00","300,00","300,00","300,00","300,00","300,00","300,00","300,00","300,00","300,00","300,00","300,00","300,00","300,00","300,00","300,00","300,00","300,00","300,00","300,00","300,00","300,00","300,00","300,00","300,00","300,00","300,00","300,00","300,00","300,00","300,00","300,00","300,00","300,00","300,00","300,00","300,00","300,00","300,00","300,00","300,00","300,00","300,00","300,00","300,00","300,00","300,00","300,00","300,00","300,00","300,00","300,00","300,00","300,00","300,00","300,00","300,00","300,00","300,00","300,00","300,00","300,00","300,00","300,00","300,00","300,00"
Venta,COGAIAD,Blq. 1,10,,"999,99","999,99","999,99","999,99","999,99","999,99","999,99","999,99","999,99","999,99","999,99","999,99","999,99","999,99","999,99","999,99","999,99","999,99","999,99","999,99","999,99","999,99","999,99","999,99","999,99","999,99","999,99","999,99","999,99","999,99","999,99","999,99","999,99","999,99","999,99","999,99","999,99","999,99","999,99","999,99","999,99","999,99","999,99","999,99","999,99","999,99","999,99","999,99","999,99","999,99","999,99","999,99","999,99","999,99","999,99","999,99","999,99","999,99","999,99","999,99","999,99","999,99","999,99","999,99","999,99","999,99","999,99","999,99","999,99","999,99","999,99","999,99","999,99","999,99","999,99","999,99","999,99","999,99","999,99","999,99","999,99","999,99","999,99","999,99","999,99","999,99","999,99","999,99","999,99","999,99","999,99","999,99","999,99","999,99","999,99","999,99"
Venta,COGAJ,Blq. 1,2,,"499,00","499,00","499,00","499,00","499,00","499,00","499,00","499,00","499,00","499,00","499,00","499,00","499,00","499,00","499,00","499,00","499,00","499,00","499,00","499,00","499,00","499,00","499,00","499,00","499,00","499,00","499,00","499,00","499,00","499,00","499,00","499,00","499,00","499,00","499,00","499,00","499,00","499,00","499,00","499,00","499,00","499,00","499,00","499,00","499,00","499,00","499,00","499,00","499,00","499,00","499,00","499,00","499,00","499,00","499,00","499,00","499,00","499,00","499,00","499,00","499,00","499,00","499,00","499,00","499,00","499,00","499,00","499,00","499,00","499,00","499,00","499,00","499,00","499,00","499,00","499,00","499,00","499,00","499,00","499,00","499,00","499,00","499,00","499,00","499,00","499,00","499,00","499,00","499,00","499,00","499,00","499,00","499,00","499,00","499,00","499,00"
Venta,COGAJ5,Blq. 1,10,,"499,00","499,00","499,00","499,00","499,00","499,00","499,00","499,00","499,00","499,00","499,00","499,00","499,00","499,00","499,00","499,00","499,00","499,00","499,00","499,00","499,00","499,00","499,00","499,00","499,00","499,00","499,00","499,00","499,00","499,00","499,00","499,00","499,00","499,00","499,00","499,00","499,00","499,00","499,00","499,00","499,00","499,00","499,00","499,00","499,00","499,00","499,00","499,00","499,00","499,00","499,00","499,00","499,00","499,00","499,00","499,00","499,00","499,00","499,00","499,00","499,00","499,00","499,00","499,00","499,00","499,00","499,00","499,00","499,00","499,00","499,00","499,00","499,00","499,00","499,00","499,00","499,00","499,00","499,00","499,00","499,00","499,00","499,00","499,00","499,00","499,00","499,00","499,00","499,00","499,00","499,00","499,00","499,00","499,00","499,00","499,00"
Venta,COGAMYL,Blq. 1,10,,"999,99","999,99","999,99","999,99","999,99","999,99","999,99","999,99","999,99","999,99","999,99","999,99","999,99","999,99","999,99","999,99","999,99","999,99","999,99","999,99","999,99","999,99","999,99","999,99","999,99","999,99","999,99","999,99","999,99","999,99","999,99","999,99","999,99","999,99","999,99","999,99","999,99","999,99","999,99","999,99","999,99","999,99","999,99","999,99","999,99","999,99","999,99","999,99","999,99","999,99","999,99","999,99","999,99","999,99","999,99","999,99","999,99","999,99","999,99","999,99","999,99","999,99","999,99","999,99","999,99","999,99","999,99","999,99","999,99","999,99","999,99","999,99","999,99","999,99","999,99","999,99","999,99","999,99","999,99","999,99","999,99","999,99","999,99","999,99","999,99","999,99","999,99","999,99","999,99","999,99","999,99","999,99","999,99","999,99","999,99","999,99"
Venta,COGATOM,Blq. 1,10,,"999,99","999,99","999,99","999,99","999,99","999,99","999,99","999,99","999,99","999,99","999,99","999,99","999,99","999,99","999,99","999,99","999,99","999,99","999,99","999,99","999,99","999,99","999,99","999,99","999,99","999,99","999,99","999,99","999,99","999,99","999,99","999,99","999,99","999,99","999,99","999,99","999,99","999,99","999,99","999,99","999,99","999,99","999,99","999,99","999,99","999,99","999,99","999,99","999,99","999,99","999,99","999,99","999,99","999,99","999,99","999,99","999,99","999,99","999,99","999,99","999,99","999,99","999,99","999,99","999,99","999,99","999,99","999,99","999,99","999,99","999,99","999,99","999,99","999,99","999,99","999,99","999,99","999,99","999,99","999,99","999,99","999,99","999,99","999,99","999,99","999,99","999,99","999,99",,,,,,,,
Venta,COGAZEB,Blq. 1,10,,"999,99","999,99","999,99","999,99","999,99","999,99","999,99","999,99","999,99","999,99","999,99","999,99","999,99","999,99","999,99","999,99","999,99","999,99","999,99","999,99","999,99","999,99","999,99","999,99","999,99","999,99","999,99","999,99","999,99","999,99","999,99","999,99","999,99","999,99","999,99","999,99","999,99","999,99","999,99","999,99","999,99","999,99","999,99","999,99","999,99","999,99","999,99","999,99","999,99","999,99","999,99","999,99","999,99","999,99","999,99","999,99","999,99","999,99","999,99","999,99","999,99","999,99","999,99","999,99","999,99","999,99","999,99","999,99","999,99","999,99","999,99","999,99","999,99","999,99","999,99","999,99","999,99","999,99","999,99","999,99","999,99","999,99","999,99","999,99","999,99","999,99","999,99","999,99","999,99","999,99","999,99","999,99","999,99","999,99","999,99","999,99"
Venta,COGBARR,Blq. 1,10,,"999,99","999,99","999,99","999,99","999,99",,,,,,,,,,,,,,,,,,,,,,,,,,,,,,,,,,,,,,,,,,,,,,,,,,,,,,,,,,,,,,,,,,,,,,,,,,,,,"999,99","999,99","999,99","999,99","999,99","999,99","999,99","999,99","999,99","999,99","999,99","999,99","999,99","999,99","999,99"
Venta,COGCLIM,Blq. 1,10,,"999,99","999,99","999,99","999,99","999,99","999,99","999,99","999,99","999,99","999,99","999,99","999,99","999,99","999,99","999,99","999,99","999,99","999,99","999,99","999,99","999,99","999,99","999,99","999,99","999,99","999,99","999,99","999,99","999,99","999,99","999,99","999,99","999,99","999,99","999,99","999,99","999,99","999,99","999,99",,"999,99","999,99","999,99","999,99","999,99","999,99","999,99",,"999,99","999,99","999,99",,"999,99","999,99","999,99","999,99",,,,,,,,,,,,,"999,99","999,99","999,99","999,99","999,99","999,99","999,99","999,99","999,99","999,99","999,99","999,99","999,99","999,99","999,99","999,99","999,99","999,99","999,99","999,99","999,99","999,99","999,99","999,99","999,99","999,99","999,99","999,99"
Venta,COGCORE,Blq. 1,10,,"999,99","999,99","999,99","999,99","999,99","999,99","999,99","999,99","999,99","999,99","999,99","999,99","999,99","999,99","999,99","999,99","999,99","999,99","999,99","999,99","999,99","999,99","999,99","999,99","999,99","999,99","999,99","999,99","999,99","999,99","999,99","999,99","999,99","999,99","999,99","999,99","999,99","999,99","999,99","999,99","999,99","999,99","999,99","999,99","999,99","999,99","999,99","999,99","999,99","999,99","999,99","999,99","999,99","999,99","999,99","999,99","999,99","999,99","999,99","999,99","999,99","999,99","999,99","999,99","999,99","999,99","999,99","999,99","999,99","999,99","999,99","999,99","999,99","999,99","999,99","999,99","999,99","999,99","999,99","999,99","999,99","999,99","999,99","999,99","999,99","999,99","999,99","999,99","999,99","999,99","999,99","999,99","999,99","999,99","999,99","999,99"
Venta,COGDAMM,Blq. 1,10,,"999,99","999,99","999,99","999,99","999,99","999,99","999,99","999,99","999,99","999,99","999,99","999,99","999,99","999,99","999,99","999,99","999,99","999,99","999,99","999,99","999,99","999,99","999,99","999,99","999,99","999,99","999,99","999,99","999,99","999,99","999,99","999,99","999,99","999,99","999,99","999,99","999,99","999,99","999,99","999,99","999,99","999,99","999,99","999,99","999,99","999,99","999,99","999,99","999,99","999,99","999,99","999,99","999,99","999,99","999,99","999,99","999,99","999,99","999,99","999,99","999,99","999,99","999,99","999,99","999,99","999,99","999,99","999,99","999,99","999,99","999,99","999,99","999,99","999,99","999,99","999,99","999,99","999,99","999,99","999,99","999,99","999,99","999,99","999,99","999,99","999,99","999,99","999,99","999,99","999,99","999,99","999,99","999,99","999,99","999,99","999,99"
Venta,COGDERC,Blq. 1,2,,,,,,,,,,,,,,,,,,,,,,"999,99","999,99","999,99","999,99","999,99","999,99","999,99","999,99","999,99","999,99","999,99","999,99","999,99","999,99","999,99","999,99","999,99","999,99","999,99","999,99","999,99","999,99","999,99","999,99","999,99","999,99","999,99","999,99",,,,,,,,,,,,,,,,,,,,,"999,99","999,99","999,99","999,99","999,99","999,99","999,99","999,99","999,99","999,99","999,99","999,99","999,99","999,99","999,99","999,99","999,99","999,99","999,99","999,99","999,99","999,99","999,99","999,99","999,99","999,99","999,99","999,99"
Venta,COGESPU,Blq. 1,10,,"999,99","999,99","999,99","999,99","999,99","999,99","999,99","999,99","999,99","999,99","999,99","999,99","999,99","999,99","999,99","999,99","999,99","999,99","999,99","999,99","999,99","999,99","999,99","999,99","999,99","999,99","999,99","999,99","999,99","999,99","999,99","999,99","999,99","999,99","999,99","999,99","999,99","999,99","999,99","999,99",,,,,,,,,,,,,,,,,,,,,,,,,,,,,,,,,"999,99","999,99","999,99","999,99","999,99","999,99","999,99","999,99","999,99","999,99","999,99","999,99","999,99","999,99","999,99","999,99","999,99","999,99","999,99","999,99","999,99","999,99","999,99","999,99"
Venta,COGFOMP,Blq. 1,10,,"999,99","999,99","999,99","999,99","999,99","999,99","999,99","999,99","999,99","999,99","999,99","999,99","999,99","999,99","999,99","999,99","999,99","999,99","999,99","999,99","999,99","999,99","999,99","999,99","999,99","999,99","999,99","999,99","999,99","999,99","999,99","999,99","999,99","999,99","999,99","999,99","999,99","999,99","999,99","999,99","999,99","999,99","999,99","999,99","999,99","999,99","999,99","999,99","999,99","999,99","999,99","999,99","999,99","999,99","999,99","999,99","999,99","999,99","999,99","999,99","999,99","999,99","999,99","999,99","999,99","999,99","999,99","999,99","999,99","999,99","999,99","999,99","999,99","999,99","999,99","999,99","999,99","999,99","999,99","999,99","999,99","999,99","999,99","999,99","999,99","999,99","999,99","999,99","999,99","999,99","999,99","999,99","999,99","999,99","999,99","999,99"
Venta,COGFRIM,Blq. 1,10,,"180,00","180,00","180,00","180,00","180,00","180,00","180,00","180,00","180,00","180,00","180,00","180,00","180,00","180,00","180,00","180,00","180,00","180,00","180,00","180,00","180,00","180,00","180,00","180,00","180,00","180,00","180,00","180,00","180,00","180,00","180,00","180,00","180,00","180,00","180,00","180,00",,,,,,,,,,,,,,,,,,,,,,,,,,,,,,,,,,,,,,,,,,,,,,,,,,,,,,,,,,,,
Venta,COGFUST,Blq. 1,2,,"999,99","999,99","999,99","999,99","999,99","999,99","999,99","999,99",,,,,,,,,,,,,,,,,,,,,,,,,,,,,,,,,,,,,,,,,,,,,,,,,,,,,,,,,,,,,,,,,,,,,"999,99","999,99","999,99","999,99","999,99","999,99","999,99","999,99","999,99","999,99","999,99","999,99","999,99","999,99","999,99","999,99","999,99","999,99","999,99","999,99"
Venta,COGGESB,Blq. 1,10,,"999,99","999,99","999,99","999,99","999,99","999,99","999,99","999,99","999,99","999,99","999,99","999,99","999,99","999,99","999,99","999,99","999,99","999,99","999,99","999,99","999,99","999,99","999,99","999,99","999,99","999,99","999,99","999,99","999,99","999,99","999,99","999,99","999,99","999,99","999,99","999,99","999,99","999,99","999,99","999,99","999,99","999,99","999,99","999,99","999,99","999,99","999,99","999,99","999,99","999,99","999,99","999,99","999,99","999,99","999,99","999,99","999,99","999,99","999,99","999,99","999,99","999,99","999,99","999,99","999,99","999,99","999,99","999,99","999,99","999,99","999,99","999,99","999,99","999,99","999,99","999,99","999,99","999,99","999,99","999,99","999,99","999,99","999,99","999,99","999,99","999,99","999,99","999,99","999,99","999,99","999,99","999,99","999,99","999,99","999,99","999,99"
Venta,COGINC2,Blq. 1,2,,,,,,,,,,,,,,,,,,,,,,,,,,"999,99","999,99","999,99","999,99","999,99","999,99","999,99","999,99","999,99","999,99","999,99","999,99","999,99","999,99","999,99",,"999,99","999,99","999,99","999,99",,,,,,,,,,,,,"999,99","999,99","999,99","999,99","999,99","999,99","999,99","999,99","999,99","999,99","999,99","999,99","999,99","999,99","999,99","999,99","999,99","999,99","999,99","999,99","999,99","999,99","999,99","999,99","999,99","999,99","999,99","999,99","999,99","999,99","999,99","999,99",,,,,,,,
Venta,COGINCU,Blq. 1,10,,,,,,,,,,,,,,,,,,,,,,,,,,"999,99","999,99","999,99","999,99","999,99","999,99","999,99","999,99","999,99","999,99","999,99","999,99","999,99","999,99","999,99",,,,,,,,,,,,,,,,,,,,,,,,,,,,,,,"999,99","999,99","999,99","999,99","999,99","999,99","999,99","999,99","999,99","999,99","999,99","999,99","999,99","999,99","999,99","999,99","999,99","999,99","999,99",,,,,,,,
Venta,COGLOSR,Blq. 1,2,,"999,99","999,99","999,99","999,99","999,99","999,99","999,99","999,99","999,99","999,99","999,99","999,99","999,99","999,99","999,99","999,99","999,99","999,99","999,99","999,99","999,99","999,99","999,99","999,99","999,99","999,99","999,99","999,99","999,99","999,99","999,99","999,99","999,99","999,99","999,99","999,99","999,99","999,99","999,99",,"999,99","999,99","999,99","999,99",,,,,,,,,,,,,,,,,,,,,,,,,,"999,99","999,99","999,99","999,99","999,99","999,99","999,99","999,99","999,99","999,99","999,99","999,99","999,99","999,99","999,99","999,99","999,99","999,99","999,99","999,99","999,99","999,99","999,99","999,99","999,99","999,99","999,99"
Venta,COGMARQ,Blq. 1,2,,"999,99","999,99","999,99","999,99","999,99","999,99","999,99","999,99","999,99","999,99","999,99","999,99","999,99","999,99","999,99","999,99","999,99","999,99","999,99","999,99","999,99","999,99","999,99","999,99","999,99","999,99","999,99","999,99","999,99","999,99","999,99","999,99","999,99","999,99","999,99","999,99","999,99","999,99","999,99",,"999,99","999,99","999,99","999,99",,,,,,,,,,,,,,,,,,,,,,,,,,"999,99","999,99","999,99","999,99","999,99","999,99","999,99","999,99","999,99","999,99","999,99","999,99","999,99","999,99","999,99","999,99","999,99","999,99","999,99","999,99","999,99","999,99","999,99","999,99","999,99","999,99","999,99"
Venta,COGMIMS,Blq. 1,2,,"999,99","999,99","999,99","999,99","999,99","999,99","999,99","999,99","999,99","999,99","999,99","999,99","999,99","999,99","999,99","999,99","999,99","999,99","999,99","999,99",,"999,99","999,99","999,99","999,99","999,99","999,99","999,99","999,99","999,99","999,99","999,99","999,99","999,99","999,99","999,99",,,,,,,,,,,,,,,,,,,,,,,,,,,,,,,,,,,,,,,,,,,,,,,,,,,,,,,,,,,,
Venta,COGMORA,Blq. 1,10,,"999,99","999,99","999,99","999,99","999,99","999,99","999,99","999,99","999,99","999,99","999,99","999,99","999,99","999,99","999,99","999,99","999,99","999,99","999,99","999,99","999,99","999,99","999,99","999,99","999,99","999,99","999,99","999,99","999,99","999,99","999,99","999,99","999,99","999,99","999,99","999,99","999,99","999,99","999,99","999,99","999,99","999,99","999,99","999,99","999,99","999,99","999,99","999,99","999,99","999,99","999,99","999,99","999,99","999,99","999,99","999,99","999,99","999,99","999,99","999,99","999,99","999,99","999,99","999,99","999,99","999,99","999,99","999,99","999,99","999,99","999,99","999,99","999,99","999,99","999,99","999,99","999,99","999,99","999,99","999,99","999,99","999,99","999,99","999,99","999,99","999,99","999,99","999,99","999,99","999,99","999,99","999,99","999,99","999,99","999,99","999,99"
Venta,COGNOVA,Blq. 1,10,,"999,99","999,99","999,99","999,99","999,99","999,99","999,99","999,99","999,99","999,99","999,99","999,99","999,99","999,99","999,99","999,99","999,99","999,99","999,99","999,99","999,99","999,99","999,99","999,99","999,99","999,99","999,99","999,99","999,99","999,99","999,99","999,99","999,99","999,99","999,99","999,99","999,99","999,99","999,99","999,99","999,99","999,99","999,99","999,99","999,99","999,99","999,99","999,99","999,99","999,99","999,99","999,99","999,99","999,99","999,99","999,99","999,99","999,99","999,99","999,99","999,99","999,99","999,99","999,99","999,99","999,99","999,99","999,99","999,99","999,99","999,99","999,99","999,99","999,99","999,99","999,99","999,99","999,99","999,99","999,99","999,99","999,99","999,99","999,99","999,99","999,99","999,99","999,99","999,99","999,99","999,99","999,99","999,99","999,99","999,99","999,99"
Venta,COGNULE,Blq. 1,10,,"999,99","999,99","999,99","999,99","999,99","999,99","999,99","999,99","999,99","999,99","999,99","999,99","999,99","999,99","999,99","999,99","999,99","999,99","999,99","999,99","999,99","999,99","999,99","999,99","999,99","999,99","999,99","999,99","999,99","999,99","999,99","999,99","999,99","999,99","999,99","999,99","999,99","999,99","999,99","999,99","999,99","999,99","999,99","999,99","999,99","999,99","999,99","999,99","999,99","999,99","999,99","999,99","999,99","999,99","999,99","999,99","999,99","999,99","999,99","999,99","999,99","999,99","999,99","999,99","999,99","999,99","999,99","999,99","999,99","999,99","999,99","999,99","999,99","999,99","999,99","999,99","999,99","999,99","999,99","999,99","999,99","999,99","999,99","999,99","999,99","999,99","999,99","999,99","999,99","999,99","999,99","999,99","999,99","999,99","999,99","999,99"
Venta,COGORUJ,Blq. 1,10,,"999,99","999,99","999,99","999,99","999,99","999,99","999,99","999,99","999,99","999,99","999,99","999,99","999,99","999,99","999,99","999,99","999,99","999,99","999,99","999,99","999,99","999,99","999,99","999,99","999,99","999,99","999,99","999,99","999,99","999,99","999,99","999,99","999,99","999,99","999,99","999,99","999,99","999,99","999,99","999,99","999,99","999,99","999,99","999,99","999,99","999,99","999,99","999,99","999,99","999,99","999,99","999,99","999,99","999,99","999,99","999,99","999,99","999,99","999,99","999,99","999,99","999,99","999,99","999,99","999,99","999,99","999,99","999,99","999,99","999,99","999,99","999,99","999,99","999,99","999,99","999,99","999,99","999,99","999,99","999,99","999,99","999,99","999,99","999,99","999,99","999,99","999,99","999,99","999,99","999,99","999,99","999,99","999,99","999,99","999,99","999,99"
Venta,COGPACH,Blq. 1,2,,"999,99","999,99","999,99","999,99","999,99","999,99","999,99","999,99","999,99","999,99","999,99","999,99","999,99","999,99","999,99","999,99","999,99","999,99","999,99","999,99","999,99","999,99","999,99","999,99","999,99","999,99","999,99","999,99","999,99","999,99","999,99",,,,,,,,,,,,,,,,,,,,,,,,,,,,,,,,,,,,,,,,,,,,,,,,,,,"999,99","999,99","999,99","999,99","999,99","999,99","999,99","999,99","999,99","999,99","999,99","999,99","999,99","999,99","999,99"
Venta,COGRENS,Blq. 1,10,,"999,99","999,99","999,99","999,99","999,99","999,99","999,99","999,99","999,99","999,99","999,99","999,99","999,99","999,99","999,99","999,99","999,99","999,99","999,99","999,99","999,99","999,99","999,99","999,99","999,99","999,99","999,99","999,99","999,99","999,99","999,99","999,99","999,99","999,99","999,99","999,99","999,99","999,99","999,99","999,99","999,99","999,99","999,99","999,99","999,99","999,99","999,99","999,99","999,99","999,99","999,99","999,99","999,99","999,99","999,99","999,99","999,99","999,99","999,99","999,99","999,99","999,99","999,99","999,99","999,99","999,99","999,99","999,99","999,99","999,99","999,99","999,99","999,99","999,99","999,99","999,99","999,99","999,99","999,99","999,99","999,99","999,99","999,99","999,99","999,99","999,99","999,99","999,99","999,99","999,99","999,99","999,99","999,99","999,99","999,99","999,99"
Venta,COGSEFR,Blq. 1,10,,"999,99","999,99","999,99","999,99","999,99","999,99","999,99","999,99","999,99","999,99","999,99","999,99","999,99","999,99","999,99","999,99","999,99","999,99","999,99","999,99","999,99","999,99","999,99","999,99","999,99","999,99","999,99","999,99","999,99","999,99","999,99","999,99","999,99","999,99","999,99","999,99","999,99","999,99","999,99","999,99","999,99","999,99","999,99","999,99","999,99","999,99","999,99","999,99","999,99","999,99","999,99","999,99","999,99","999,99","999,99","999,99","999,99","999,99","999,99","999,99","999,99","999,99","999,99","999,99","999,99","999,99","999,99","999,99","999,99","999,99","999,99","999,99","999,99","999,99","999,99","999,99","999,99","999,99","999,99","999,99","999,99","999,99","999,99","999,99","999,99","999,99","999,99","999,99","999,99","999,99","999,99","999,99","999,99","999,99","999,99","999,99"
Venta,COGTROV,Blq. 1,10,,"999,99","999,99","999,99","999,99","999,99","999,99","999,99","999,99","999,99","999,99","999,99","999,99","999,99","999,99","999,99","999,99","999,99","999,99","999,99","999,99","999,99","999,99","999,99","999,99","999,99","999,99","999,99","999,99","999,99","999,99","999,99","999,99","999,99","999,99","999,99","999,99","999,99","999,99","999,99","999,99","999,99","999,99","999,99","999,99","999,99","999,99","999,99","999,99","999,99","999,99","999,99","999,99","999,99","999,99","999,99","999,99","999,99","999,99","999,99","999,99","999,99","999,99","999,99","999,99","999,99","999,99","999,99","999,99","999,99","999,99","999,99","999,99","999,99","999,99","999,99","999,99","999,99","999,99","999,99","999,99","999,99","999,99","999,99","999,99","999,99","999,99","999,99","999,99","999,99","999,99","999,99","999,99","999,99","999,99","999,99","999,99"
Venta,COGUTZ2,Blq. 1,2,,"999,99","999,99","999,99","999,99","999,99","999,99","999,99","999,99","999,99","999,99","999,99","999,99","999,99","999,99","999,99","999,99","999,99","999,99","999,99","999,99","999,99","999,99","999,99","999,99","999,99","999,99","999,99","999,99","999,99","999,99","999,99","999,99","999,99","999,99","999,99","999,99","999,99","999,99","999,99","999,99","999,99","999,99","999,99","999,99","999,99","999,99","999,99","999,99","999,99","999,99","999,99","999,99","999,99","999,99","999,99","999,99","999,99","999,99","999,99","999,99","999,99","999,99","999,99","999,99","999,99","999,99","999,99","999,99","999,99","999,99","999,99","999,99","999,99","999,99","999,99","999,99","999,99","999,99","999,99","999,99","999,99","999,99","999,99","999,99","999,99","999,99","999,99","999,99","999,99","999,99","999,99","999,99","999,99","999,99","999,99","999,99"
Venta,COGUTZU,Blq. 1,10,,"999,99","999,99","999,99","999,99","999,99","999,99","999,99","999,99","999,99","999,99","999,99","999,99","999,99","999,99","999,99","999,99","999,99","999,99","999,99","999,99","999,99","999,99","999,99","999,99","999,99","999,99","999,99","999,99","999,99","999,99","999,99","999,99","999,99","999,99","999,99","999,99","999,99","999,99","999,99","999,99","999,99","999,99","999,99","999,99","999,99","999,99","999,99","999,99","999,99","999,99","999,99","999,99","999,99","999,99","999,99","999,99","999,99","999,99","999,99","999,99","999,99","999,99","999,99","999,99","999,99","999,99","999,99","999,99","999,99","999,99","999,99","999,99","999,99","999,99","999,99","999,99","999,99","999,99","999,99","999,99","999,99","999,99","999,99","999,99","999,99","999,99","999,99","999,99","999,99","999,99","999,99","999,99","999,99","999,99","999,99","999,99"
Venta,COL4,Blq. 1,1,,"177,80","177,80","177,80","177,80","177,80","177,80","177,80","177,80","177,80","177,80","177,80","177,80","177,80","177,80","177,80","177,80","177,80","177,80","177,80","177,80","177,80","177,80","177,80","177,80","177,80","177,80","177,80","177,80","177,80","177,80","177,80","177,80","177,80","177,80","177,80","177,80","177,80","177,80","177,80","177,80","177,80","177,80","177,80","177,80","177,80","177,80","177,80","177,80","177,80","177,80","177,80","177,80","177,80","177,80","177,80","177,80","177,80","177,80","177,80","177,80","177,80","177,80","177,80","177,80","177,80","177,80","177,80","177,80","177,80","177,80","177,80","177,80","177,80","177,80","177,80","177,80","177,80","177,80","177,80","177,80","177,80","177,80","177,80","177,80","177,80","177,80","177,80","177,80","177,80","177,80","177,80","177,80","177,80","177,80","177,80","177,80"
Venta,CTGN1,Blq. 1,1,,"237,28","237,28","237,28","237,28","237,28","237,28","237,28","237,28","237,28","237,28","237,28","237,28","237,28","237,28","237,28","237,28","187,28","187,28","187,28","187,28","187,28","187,28","187,28","187,28","187,28","187,28","187,28","187,28","187,28","187,28","187,28","187,28","187,28","187,28","187,28","187,28","187,28","187,28","187,28","187,28","187,28","187,28","187,28","187,28","187,28","187,28","187,28","187,28","187,28","187,28","187,28","187,28","187,28","187,28","187,28","187,28","187,28","187,28","187,28","187,28","187,28","187,28","187,28","187,28","187,28","187,28","187,28","187,28","187,28","187,28","187,28","187,28","187,28","187,28","187,28","187,28","187,28","187,28","187,28","187,28","187,28","187,28","187,28","187,28","187,28","187,28","187,28","187,28","187,28","187,28","187,28","187,28","187,28","187,28","187,28","187,28"
Venta,CTGN2,Blq. 1,1,,"192,28","192,28","192,28","192,28","192,28","192,28","192,28","192,28","192,28","192,28","192,28","192,28","192,28","192,28","192,28","192,28","192,28","192,28","192,28","192,28","192,28","192,28","192,28","192,28","192,28","192,28","192,28","192,28","192,28","192,28","192,28","192,28","182,28","182,28","182,28","182,28","182,28","182,28","182,28","182,28","182,28","182,28","182,28","182,28","182,28","182,28","182,28","182,28","182,28","182,28","182,28","182,28","182,28","182,28","182,28","182,28","182,28","182,28","182,28","182,28","182,28","182,28","182,28","182,28","182,28","182,28","182,28","182,28","182,28","182,28","182,28","182,28","182,28","182,28","182,28","182,28","182,28","182,28","182,28","182,28","182,28","182,28","182,28","182,28","182,28","182,28","182,28","182,28","182,28","182,28","182,28","182,28","182,28","182,28","182,28","182,28"
Venta,CTGN3,Blq. 1,1,,"237,40","237,40","237,40","237,40","237,40","237,40","237,40","237,40","237,40","237,40","237,40","237,40","237,40","237,40","237,40","237,40","187,40","187,40","187,40","187,40","187,40","187,40","187,40","187,40","187,40","187,40","187,40","187,40","187,40","187,40","187,40","187,40","187,40","187,40","187,40","187,40","187,40","187,40","187,40","187,40","187,40","187,40","187,40","187,40","187,40","187,40","187,40","187,40","187,40","187,40","187,40","187,40","187,40","187,40","187,40","187,40","187,40","187,40","187,40","187,40","187,40","187,40","187,40","187,40","187,40","187,40","187,40","187,40","187,40","187,40","187,40","187,40","187,40","187,40","187,40","187,40","187,40","187,40","187,40","187,40","187,40","187,40","187,40","187,40","187,40","187,40","187,40","187,40","187,40","187,40","187,40","187,40","187,40","187,40","187,40","187,40"
Venta,CTJON2,Blq. 1,1,,"199,35","199,35","199,35","199,35","199,35","199,35","199,35","199,35","199,35","199,35","199,35","199,35","199,35","199,35","199,35","199,35","199,35","199,35","199,35","199,35","199,35","199,35","199,35","199,35","196,89","196,89","196,89","196,89","196,89","196,89","196,89","196,89","196,89","196,89","196,89","196,89","196,89","196,89","196,89","196,89","196,89","196,89","196,89","196,89","204,71","204,71","204,71","204,71","204,71","204,71","204,71","204,71","204,71","204,71","204,71","204,71","204,71","204,71","204,71","204,71","204,71","204,71","204,71","204,71","204,71","204,71","204,71","204,71","204,71","204,71","204,71","204,71","204,71","204,71","204,71","204,71","204,71","204,71","204,71","204,71","204,71","204,71","204,71","204,71","204,71","204,71","204,71","204,71","204,71","204,71","204,71","204,71","204,71","204,71","204,71","204,71"
Venta,CTJON2,Blq. 2,1,,"416,52","416,52","416,52","416,52","416,52","416,52","416,52","416,52","416,52","416,52","416,52","416,52","416,52","416,52","416,52","416,52","416,52","416,52","416,52","416,52","416,52","416,52","416,52","416,52","416,52","416,52","416,52","416,52","416,52","416,52","416,52","416,52","416,52","416,52","416,52","416,52","416,52","416,52","416,52","416,52","416,52","416,52","416,52","416,52","421,58","421,58","421,58","421,58","421,58","421,58","421,58","421,58","421,58","421,58","421,58","421,58","421,58","421,58","421,58","421,58","421,58","421,58","421,58","421,58","421,58","421,58","421,58","421,58","421,58","421,58","421,58","421,58","421,58","421,58","421,58","421,58","421,58","421,58","421,58","421,58","421,58","421,58","421,58","421,58","421,58","421,58","421,58","421,58","421,58","421,58","421,58","421,58","421,58","421,58","421,58","421,58"
Venta,CTN3,Blq. 1,1,,"416,62","416,62","416,62","416,62","416,62","416,62","416,62","416,62","416,62","416,62","416,62","416,62","416,62","416,62","416,62","416,62","416,62","416,62","416,62","416,62","416,62","416,62","416,62","416,62","416,62","416,62","416,62","416,62","416,62","416,62","416,62","416,62","416,62","416,62","416,62","416,62","416,62","416,62","416,62","416,62","416,62","416,62","416,62","416,62","421,68","421,68","421,68","421,68","421,68","421,68","421,68","421,68","421,68","421,68","421,68","421,68","421,68","421,68","421,68","421,68","421,68","421,68","421,68","421,68","421,68","421,68","421,68","421,68","421,68","421,68","421,68","421,68","421,68","421,68","421,68","421,68","421,68","421,68","421,68","421,68","421,68","421,68","421,68","421,68","421,68","421,68","421,68","421,68","421,68","421,68","421,68","421,68","421,68","421,68","421,68","421,68"
Venta,CTN4,Blq. 1,1,,"200,21","200,21","200,21","200,21","200,21","200,21","200,21","200,21","200,21","200,21","200,21","200,21","200,21","200,21","200,21","200,21","200,21","200,21","200,21","200,21","200,21","200,21","200,21","200,21","197,25","197,25","197,25","197,25","197,25","197,25","197,25","197,25","197,25","197,25","197,25","197,25","197,25","197,25","197,25","197,25","197,25","197,25","197,25","197,25","205,07","205,07","205,07","205,07","205,07","205,07","205,07","205,07","195,04","195,04","195,04","195,04","195,04","195,04","195,04","195,04","195,04","195,04","195,04","195,04","195,04","195,04","195,04","195,04","195,04","195,04","195,04","195,04","195,04","195,04","195,04","195,04","195,04","195,04","195,04","195,04","195,04","195,04","195,04","195,04","195,04","195,04","195,04","195,04","195,04","195,04","195,04","195,04","195,04","195,04","195,04","195,04"
Venta,CTN4,Blq. 2,1,,"416,62","416,62","416,62","416,62","416,62","416,62","416,62","416,62","416,62","416,62","416,62","416,62","416,62","416,62","416,62","416,62","416,62","416,62","416,62","416,62","416,62","416,62","416,62","416,62","416,62","416,62","416,62","416,62","416,62","416,62","416,62","416,62","416,62","416,62","416,62","416,62","416,62","416,62","416,62","416,62","416,62","416,62","416,62","416,62","421,68","421,68","421,68","421,68","421,68","421,68","421,68","421,68","215,76","215,76","215,76","215,76","215,76","215,76","215,76","215,76","215,76","215,76","215,76","215,76","215,76","215,76","215,76","215,76","215,76","215,76","215,76","215,76","215,76","215,76","215,76","215,76","215,76","215,76","215,76","215,76","215,76","215,76","215,76","215,76","215,76","215,76","215,76","215,76","215,76","215,76","215,76","215,76","215,76","215,76","215,76","215,76"
Venta,CTN4,Blq. 3,1,,,,,,,,,,,,,,,,,,,,,,,,,,,,,,,,,,,,,,,,,,,,,,,,,,,,,,"421,68","421,68","421,68","421,68","421,68","421,68","421,68","421,68","421,68","421,68","421,68","421,68","421,68","421,68","421,68","421,68","421,68","421,68","421,68","421,68","421,68","421,68","421,68","421,68","421,68","421,68","421,68","421,68","421,68","421,68","421,68","421,68","421,68","421,68","421,68","421,68","421,68","421,68","421,68","421,68","421,68","421,68","421,68","421,68"
Venta,CTNU,Blq. 1,1,,"158,00","158,00","158,00","158,00","158,00","158,00","158,00","158,00","158,00","158,00","158,00","158,00","158,00","158,00","158,00","158,00","158,00","158,00","158,00","158,00","158,00","158,00","158,00","158,00","158,00","158,00","158,00","158,00","158,00","158,00","158,00","158,00","158,00","158,00","158,00","158,00","158,00","158,00","158,00","158,00","158,00","158,00","158,00","158,00","158,00","158,00","158,00","158,00","158,00","158,00","158,00","158,00","158,00","158,00","158,00","158,00","158,00","158,00","158,00","158,00","158,00","158,00","158,00","158,00","158,00","158,00","158,00","158,00","158,00","158,00","158,00","158,00","158,00","158,00","158,00","158,00","158,00","158,00","158,00","158,00","158,00","158,00","158,00","158,00","158,00","158,00","158,00","158,00","158,00","158,00","158,00","158,00","158,00","158,00","158,00","158,00"
Venta,CTNU,Blq. 2,1,,"168,00","168,00","168,00","168,00","168,00","168,00","168,00","168,00","168,00","168,00","168,00","168,00","168,00","168,00","168,00","168,00","168,00","168,00","168,00","168,00","168,00","168,00","168,00","168,00","168,00","168,00","168,00","168,00","168,00","168,00","168,00","168,00","168,00","168,00","168,00","168,00","168,00","168,00","168,00","168,00","168,00","168,00","168,00","168,00","168,00","168,00","168,00","168,00","168,00","168,00","168,00","168,00","168,00","168,00","168,00","168,00","168,00","168,00","168,00","168,00","168,00","168,00","168,00","168,00","168,00","168,00","168,00","168,00","168,00","168,00","168,00","168,00","168,00","168,00","168,00","168,00","168,00","168,00","168,00","168,00","168,00","168,00","168,00","168,00","168,00","168,00","168,00","168,00","168,00","168,00","168,00","168,00","168,00","168,00","168,00","168,00"
Venta,CTNU,Blq. 3,1,,"178,00","178,00","178,00","178,00","178,00","178,00","178,00","178,00","178,00","178,00","178,00","178,00","178,00","178,00","178,00","178,00","178,00","178,00","178,00","178,00","178,00","178,00","178,00","178,00","178,00","178,00","178,00","178,00","178,00","178,00","178,00","178,00","178,00","178,00","178,00","178,00","178,00","178,00","178,00","178,00","178,00","178,00","178,00","178,00","178,00","178,00","178,00","178,00","178,00","178,00","178,00","178,00","178,00","178,00","178,00","178,00","178,00","178,00","178,00","178,00","178,00","178,00","178,00","178,00","178,00","178,00","178,00","178,00","178,00","178,00","178,00","178,00","178,00","178,00","178,00","178,00","178,00","178,00","178,00","178,00","178,00","178,00","178,00","178,00","178,00","178,00","178,00","178,00","178,00","178,00","178,00","178,00","178,00","178,00","178,00","178,00"
Venta,CTNU,Blq. 4,1,,"188,00","188,00","188,00","188,00","188,00","188,00","188,00","188,00","188,00","188,00","188,00","188,00","188,00","188,00","188,00","188,00","188,00","188,00","188,00","188,00","188,00","188,00","188,00","188,00","188,00","188,00","188,00","188,00","188,00","188,00","188,00","188,00","188,00","188,00","188,00","188,00","188,00","188,00","188,00","188,00","188,00","188,00","188,00","188,00","188,00","188,00","188,00","188,00","188,00","188,00","188,00","188,00","188,00","188,00","188,00","188,00","188,00","188,00","188,00","188,00","188,00","188,00","188,00","188,00","188,00","188,00","188,00","188,00","188,00","188,00","188,00","188,00","188,00","188,00","188,00","188,00","188,00","188,00","188,00","188,00","188,00","188,00","188,00","188,00","188,00","188,00","188,00","188,00","188,00","188,00","188,00","188,00","188,00","188,00","188,00","188,00"
Venta,CTNU,Blq. 5,1,,"198,00","198,00","198,00","198,00","198,00","198,00","198,00","198,00","198,00","198,00","198,00","198,00","198,00","198,00","198,00","198,00","198,00","198,00","198,00","198,00","198,00","198,00","198,00","198,00","198,00","198,00","198,00","198,00","198,00","198,00","198,00","198,00","198,00","198,00","198,00","198,00","198,00","198,00","198,00","198,00","198,00","198,00","198,00","198,00","198,00","198,00","198,00","198,00","198,00","198,00","198,00","198,00","198,00","198,00","198,00","198,00","198,00","198,00","198,00","198,00","198,00","198,00","198,00","198,00","198,00","198,00","198,00","198,00","198,00","198,00","198,00","198,00","198,00","198,00","198,00","198,00","198,00","198,00","198,00","198,00","198,00","198,00","198,00","198,00","198,00","198,00","198,00","198,00","198,00","198,00","198,00","198,00","198,00","198,00","198,00","198,00"
Venta,CTNU,Blq. 6,1,,"208,00","208,00","208,00","208,00","208,00","208,00","208,00","208,00","208,00","208,00","208,00","208,00","208,00","208,00","208,00","208,00","208,00","208,00","208,00","208,00","208,00","208,00","208,00","208,00","208,00","208,00","208,00","208,00","208,00","208,00","208,00","208,00","208,00","208,00","208,00","208,00","208,00","208,00","208,00","208,00","208,00","208,00","208,00","208,00","208,00","208,00","208,00","208,00","208,00","208,00","208,00","208,00","208,00","208,00","208,00","208,00","208,00","208,00","208,00","208,00","208,00","208,00","208,00","208,00","208,00","208,00","208,00","208,00","208,00","208,00","208,00","208,00","208,00","208,00","208,00","208,00","208,00","208,00","208,00","208,00","208,00","208,00","208,00","208,00","208,00","208,00","208,00","208,00","208,00","208,00","208,00","208,00","208,00","208,00","208,00","208,00"
Venta,CTNU,Blq. 7,1,,"218,00","218,00","218,00","218,00","218,00","218,00","218,00","218,00","218,00","218,00","218,00","218,00","218,00","218,00","218,00","218,00","218,00","218,00","218,00","218,00","218,00","218,00","218,00","218,00","218,00","218,00","218,00","218,00","218,00","218,00","218,00","218,00","218,00","218,00","218,00","218,00","218,00","218,00","218,00","218,00","218,00","218,00","218,00","218,00","218,00","218,00","218,00","218,00","218,00","218,00","218,00","218,00","218,00","218,00","218,00","218,00","218,00","218,00","218,00","218,00","218,00","218,00","218,00","218,00","218,00","218,00","218,00","218,00","218,00","218,00","218,00","218,00","218,00","218,00","218,00","218,00","218,00","218,00","218,00","218,00","218,00","218,00","218,00","218,00","218,00","218,00","218,00","218,00","218,00","218,00","218,00","218,00","218,00","218,00","218,00","218,00"
Venta,CTNU,Blq. 8,1,,"268,00","268,00","268,00","268,00","268,00","268,00","268,00","268,00","268,00","268,00","268,00","268,00","268,00","268,00","268,00","268,00","268,00","268,00","268,00","268,00","268,00","268,00","268,00","268,00","268,00","268,00","268,00","268,00","268,00","268,00","268,00","268,00","268,00","268,00","268,00","268,00","268,00","268,00","268,00","268,00","268,00","268,00","268,00","268,00","268,00","268,00","268,00","268,00","268,00","268,00","268,00","268,00","268,00","268,00","268,00","268,00","268,00","268,00","268,00","268,00","268,00","268,00","268,00","268,00","268,00","268,00","268,00","268,00","268,00","268,00","268,00","268,00","268,00","268,00","268,00","268,00","268,00","268,00","268,00","268,00","268,00","268,00","268,00","268,00","268,00","268,00","268,00","268,00","268,00","268,00","268,00","268,00","268,00","268,00","268,00","268,00"
Venta,DUEB,Blq. 1,3,,"416,62","416,62","416,62","416,62","416,62","416,62","416,62","416,62","416,62","416,62","416,62","416,62","416,62","416,62","416,62","416,62","416,62","416,62","416,62","416,62","416,62","416,62","416,62","416,62","416,62","416,62","416,62","416,62","416,62","416,62","416,62","416,62","97,99","97,89","97,79","97,69","97,59","97,59","97,59","97,59","97,59","97,59","97,59","97,59","97,59","97,59","97,59","97,59","97,59","97,59","97,59","97,59","97,59","97,59","97,59","97,59","97,59","97,59","97,59","97,59","97,59","97,59","97,59","97,59","97,59","97,59","97,59","97,59","97,59","97,59","97,59","97,59","97,59","97,59","97,59","97,59","97,59","97,59","98,67","421,68","421,68","421,68","421,68","421,68","421,68","421,68","421,68","421,68","421,68","421,68","421,68","421,68","421,68","421,68","421,68","421,68"
Venta,DUEB,Blq. 2,3,,,,,,,,,,,,,,,,,,,,,,,,,,,,,,,,,,"129,10","97,99","97,89","97,79","97,69","97,69","97,69","97,69","97,69","97,69","97,69","97,69","97,69","97,69","97,69","97,69","97,69","97,69","97,69","97,69","97,69","97,69","97,69","97,69","97,69","97,69","97,69","97,69","97,69","97,69","97,69","97,69","97,69","97,69","97,69","97,69","97,69","97,69","97,69","97,69","97,69","97,69","97,69","97,69","97,69","97,69","126,65",,,,,,,,,,,,,,,,,
Venta,DUEB,Blq. 3,3,,,,,,,,,,,,,,,,,,,,,,,,,,,,,,,,,,"416,62","129,10","97,99","97,89","97,79","97,79","97,79","97,79","97,79","97,79","97,79","97,79","97,79","97,79","97,79","97,79","97,79","97,79","97,79","97,79","97,79","97,79","97,79","97,79","97,79","97,79","97,79","97,79","97,79","97,79","97,79","97,79","97,79","97,79","97,79","97,79","97,79","97,79","97,79","97,79","97,79","97,79","97,79","97,79","97,79","97,79","129,10",,,,,,,,,,,,,,,,,
Venta,DUEB,Blq. 4,3,,,,,,,,,,,,,,,,,,,,,,,,,,,,,,,,,,,"416,62","126,65","97,99","97,89","97,89","97,89","97,89","97,89","97,89","97,89","97,89","97,89","97,89","97,89","97,89","97,89","97,89","97,89","97,89","97,89","97,89","97,89","97,89","97,89","97,89","97,89","97,89","97,89","97,89","97,89","97,89","97,89","97,89","97,89","97,89","97,89","97,89","97,89","97,89","97,89","97,89","97,89","97,89","97,89","97,89","421,68",,,,,,,,,,,,,,,,,
Venta,DUEB,Blq. 5,3,,,,,,,,,,,,,,,,,,,,,,,,,,,,,,,,,,,,"129,10","126,65","97,99","97,99","97,99","97,99","97,99","97,99","97,99","97,99","97,99","97,99","97,99","97,99","97,99","97,99","97,99","97,99","97,99","97,99","97,99","97,99","97,99","97,99","97,99","97,99","97,99","97,99","97,99","97,99","97,99","97,99","97,99","97,99","97,99","97,99","97,99","97,99","97,99","97,99","97,99","97,99","97,99","97,99",,,,,,,,,,,,,,,,,,
Venta,DUEB,Blq. 6,3,,,,,,,,,,,,,,,,,,,,,,,,,,,,,,,,,,,,"416,62","129,10","126,65","126,65","126,65","126,65","126,65","126,65","126,65","126,65","126,65","126,65","126,65","126,65","126,65","126,65","126,65","126,65","126,65","126,65","126,65","126,65","126,65","126,65","126,65","126,65","126,65","126,65","126,65","126,65","126,65","126,65","126,65","126,65","126,65","126,65","126,65","126,65","126,65","126,65","126,65","126,65","126,65","126,65",,,,,,,,,,,,,,,,,,
Venta,DUEB,Blq. 7,3,,,,,,,,,,,,,,,,,,,,,,,,,,,,,,,,,,,,,"416,62","129,10","129,10","129,10","129,10","129,10","129,10","129,10","129,10","129,10","129,10","129,10","129,10","129,10","129,10","129,10","129,10","129,10","129,10","129,10","129,10","129,10","129,10","129,10","129,10","129,10","129,10","129,10","129,10","129,10","129,10","129,10","129,10","129,10","129,10","129,10","129,10","129,10","129,10","129,10","129,10","129,10","129,10",,,,,,,,,,,,,,,,,,
Venta,DUEB,Blq. 8,3,,,,,,,,,,,,,,,,,,,,,,,,,,,,,,,,,,,,,,"416,62","416,62","139,30","139,30","139,11","139,11","139,11","139,11","139,11","139,11","139,11","139,11","139,30","139,30","139,30","139,30","139,30","139,30","139,30","139,30","139,30","139,30","139,30","139,30","139,30","139,30","139,30","139,30","139,30","139,30","139,30","139,30","139,30","139,30","139,30","139,30","139,30","139,30","139,30","139,30","421,68","421,68",,,,,,,,,,,,,,,,,,
Venta,DUEB,Blq. 9,3,,,,,,,,,,,,,,,,,,,,,,,,,,,,,,,,,,,,,,,,"416,62","416,62","139,30","139,30","139,30","139,30","139,30","139,30","139,30","139,30","421,68","421,68","421,68","421,68","421,68","421,68","421,68","421,68","421,68","421,68","421,68","421,68","421,68","421,68","421,68","421,68","421,68","421,68","421,68","421,68","421,68","421,68","421,68","421,68","421,68","421,68","421,68","421,68",,,,,,,,,,,,,,,,,,,,
Venta,DUEB,Blq.10,3,,,,,,,,,,,,,,,,,,,,,,,,,,,,,,,,,,,,,,,,,,"416,62","416,62","416,62","416,62","421,68","421,68","421,68","421,68",,,,,,,,,,,,,,,,,,,,,,,,,,,,,,,,,,,,,,,,,,,,,,,,
Venta,DUER,Blq. 1,1,,"152,54","152,54","152,54","152,54","152,54","152,54","152,54","152,54","147,54","147,54","147,54","147,54","152,54","147,54","147,54","147,54","147,54","147,54","147,54","147,54","147,54","147,54","152,54","147,54","152,54","152,54","152,54","152,54","152,54","152,54","152,54","147,54","147,54","147,54","147,54","147,54","147,54","147,54","147,54","147,54","147,54","147,54","147,54","147,54","147,54","147,54","147,54","147,54","147,54","147,54","147,54","147,54","147,54","147,54","147,54","147,54","147,54","147,54","147,54","147,54","147,54","147,54","147,54","147,54","147,54","147,54","147,54","147,54","147,54","147,54","147,54","147,54","147,54","147,54","147,54","147,54","147,54","147,54","147,54","147,54","147,54","152,54","152,54","152,54","152,54","152,54","152,54","152,54","152,54","152,54","152,54","152,54","152,54","152,54","152,54","152,54"
Venta,DUER,Blq. 2,1,,"169,04","169,04","169,04","169,04","169,04","169,04","169,04","169,04","152,54","152,54","152,54","152,54","169,04","152,54","152,54","152,54","152,54","152,54","152,54","152,54","152,54","152,54","169,04","152,54","169,04","169,04","169,04","169,04","169,04","169,04","169,04","152,54","152,54","152,54","152,54","152,54","152,54","152,54","152,54","152,54","152,54","152,54","152,54","152,54","152,54","152,54","152,54","152,54","152,54","152,54","152,54","152,54","152,54","152,54","152,54","152,54","152,54","152,54","152,54","152,54","152,54","152,54","152,54","152,54","152,54","152,54","152,54","152,54","152,54","152,54","152,54","152,54","152,54","152,54","152,54","152,54","152,54","152,54","152,54","152,54","152,54","169,04","169,04","169,04","179,54","179,54","179,54","179,54","179,54","179,54","179,54","179,54","169,04","169,04","169,04","169,04"
Venta,DUER,Blq. 3,1,,"179,54","179,54","179,54","179,54","179,54","179,54","179,54","179,54","169,04","169,04","169,04","169,04","179,54","169,04","169,04","169,04","169,04","169,04","169,04","169,04","169,04","169,04","179,54","169,04","179,54","179,54","179,54","179,54","179,54","179,54","179,54","169,04","169,04","169,04","169,04","169,04","169,04","169,04","169,04","169,04","169,04","169,04","169,04","169,04","169,04","169,04","169,04","169,04","169,04","169,04","169,04","169,04","169,04","169,04","169,04","169,04","169,04","169,04","169,04","169,04","169,04","169,04","169,04","169,04","169,04","169,04","169,04","169,04","169,04","169,04","169,04","169,04","169,04","169,04","169,04","169,04","169,04","169,04","169,04","169,04","169,04","179,54","179,54","179,54","187,16","187,16","187,16","187,16","187,16","187,16","187,16","187,16","179,54","179,54","179,54","179,54"
Venta,DUER,Blq. 4,1,,"187,16","187,16","187,16","187,16","187,16","187,16","187,16","187,16","179,54","179,54","179,54","179,54","187,16","179,54","179,54","179,54","179,54","179,54","179,54","179,54","179,54","179,54","187,16","179,54","187,16","187,16","187,16","187,16","187,16","187,16","187,16","179,54","179,54","179,54","179,54","179,54","179,54","179,54","179,54","179,54","179,54","179,54","179,54","179,54","179,54","179,54","179,54","179,54","179,54","179,54","179,54","179,54","179,54","179,54","179,54","179,54","179,54","179,54","179,54","179,54","179,54","179,54","179,54","179,54","179,54","179,54","179,54","179,54","179,54","179,54","179,54","179,54","179,54","179,54","179,54","179,54","179,54","179,54","179,54","179,54","179,54","187,16","187,16","187,16","196,60","196,60","196,60","196,60","196,60","196,60","196,60","196,60","187,16","187,16","187,16","187,16"
Venta,DUER,Blq. 5,1,,"196,60","196,60","196,60","196,60","196,60","196,60","196,60","196,60","187,16","187,16","187,16","187,16","196,60","187,16","187,16","187,16","187,16","187,16","187,16","187,16","187,16","187,16","196,60","187,16","196,60","196,60","196,60","196,60","196,60","196,60","196,60","187,16","187,16","187,16","187,16","187,16","187,16","187,16","187,16","187,16","187,16","187,16","187,16","187,16","187,16","187,16","187,16","187,16","187,16","187,16","187,16","187,16","187,16","187,16","187,16","187,16","187,16","187,16","187,16","187,16","187,16","187,16","187,16","187,16","187,16","187,16","187,16","187,16","187,16","187,16","187,16","187,16","187,16","187,16","187,16","187,16","187,16","187,16","187,16","187,16","187,16","196,60","196,60","196,60","197,71","197,71","197,71","197,71","197,71","197,71","197,71","197,71","196,60","196,60","196,60","196,60"
Venta,DUER,Blq. 6,1,,"197,71","197,71","197,71","197,71","197,71","197,71","197,71","197,71","196,60","196,60","196,60","196,60","197,71","196,60","196,60","196,60","196,60","196,60","196,60","196,60","196,60","196,60","198,82","196,60","198,82","198,82","198,82","198,82","198,82","198,82","198,82","196,60","196,60","196,60","196,60","196,60","196,60","196,60","196,60","196,60","196,60","196,60","196,60","196,60","196,60","196,60","196,60","196,60","196,60","196,60","196,60","196,60","196,60","196,60","196,60","196,60","196,60","196,60","196,60","196,60","196,60","196,60","196,60","196,60","196,60","196,60","196,60","196,60","196,60","196,60","196,60","196,60","196,60","196,60","196,60","196,60","196,60","196,60","196,60","196,60","196,60","197,71","197,71","197,71","198,82","198,82","198,82","198,82","198,82","198,82","198,82","198,82","197,71","197,71","197,71","197,71"
Venta,DUER,Blq. 7,1,,"198,82","198,82","198,82","198,82","198,82","198,82","198,82","198,82","197,71","197,71","197,71","197,71","198,82","197,71","197,71","197,71","197,71","197,71","197,71","197,71","198,82","198,82","199,93","198,82","199,93","199,93","199,93","199,93","199,93","199,93","199,93","198,82","198,82","198,82","198,82","198,82","198,82","198,82","198,82","198,82","197,71","197,71","197,71","197,71","197,71","197,71","197,71","197,71","197,71","197,71","197,71","197,71","197,71","197,71","197,71","197,71","197,71","197,71","197,71","197,71","197,71","197,71","197,71","197,71","197,71","197,71","197,71","197,71","197,71","197,71","197,71","197,71","197,71","197,71","197,71","197,71","197,71","197,71","197,71","197,71","197,71","198,82","198,82","198,82","199,93","199,93","199,93","199,93","199,93","199,93","199,93","199,93","198,82","198,82","198,82","198,82"
Venta,DUER,Blq. 8,1,,"199,93","199,93","199,93","199,93","199,93","199,93","199,93","199,93","198,82","198,82","198,82","198,82","199,93","198,82","198,82","198,82","198,82","198,82","198,82","198,82","199,93","199,93","201,04","199,93","201,04","201,04","201,04","201,04","201,04","201,04","201,04","199,93","199,93","199,93","199,93","199,93","199,93","199,93","199,93","199,93","198,82","198,82","198,82","198,82","198,82","198,82","198,82","198,82","198,82","198,82","198,82","198,82","198,82","198,82","198,82","198,82","198,82","198,82","198,82","198,82","198,82","198,82","198,82","198,82","198,82","198,82","198,82","198,82","198,82","198,82","198,82","198,82","198,82","198,82","198,82","198,82","198,82","198,82","198,82","198,82","198,82","199,93","199,93","199,93","201,04","201,04","201,04","201,04","201,04","201,04","201,04","201,04","199,93","199,93","199,93","199,93"
Venta,DUER,Blq. 9,1,,"201,04","201,04","201,04","201,04","201,04","201,04","201,04","201,04","199,93","199,93","199,93","199,93","201,04","199,93","199,93","199,93","199,93","199,93","199,93","199,93","201,04","201,04","416,59","201,04","416,59","416,59","416,59","416,59","416,59","416,59","416,59","201,04","201,04","201,04","201,04","201,04","201,04","201,04","201,04","201,04","199,93","199,93","199,93","199,93","199,93","199,93","199,93","199,93","199,93","199,93","199,93","199,93","199,93","199,93","199,93","199,93","199,93","199,93","199,93","199,93","199,93","199,93","199,93","199,93","199,93","199,93","199,93","199,93","199,93","199,93","199,93","199,93","199,93","199,93","199,93","199,93","199,93","199,93","199,93","199,93","199,93","201,04","201,04","201,04","417,62","417,62","417,62","417,62","417,62","417,62","417,62","417,62","201,04","201,04","201,04","201,04"
Venta,DUER,Blq.10,1,,"500,00","500,00","500,00","500,00","500,00","500,00","500,00","500,00","500,00","500,00","500,00","500,00","500,00","500,00","500,00","500,00","500,00","500,00","500,00","500,00","500,00","500,00","500,00","500,00","500,00","500,00","500,00","500,00","500,00","500,00","500,00","500,00","500,00","500,00","500,00","500,00","500,00","500,00","500,00","500,00","500,00","500,00","500,00","500,00","500,00","500,00","500,00","500,00","500,00","500,00","500,00","500,00","500,00","500,00","500,00","500,00","500,00","500,00","500,00","500,00","500,00","500,00","500,00","500,00","500,00","500,00","500,00","500,00","500,00","500,00","500,00","500,00","500,00","500,00","500,00","500,00","500,00","500,00","500,00","500,00","500,00","500,00","500,00","500,00","500,00","500,00","500,00","500,00","500,00","500,00","500,00","500,00","500,00","500,00","500,00","500,00"
Venta,E1CEG,Blq. 1,10,,"0,00","0,00","0,00","0,00","0,00","0,00","0,00","0,00","0,00","0,00","0,00","0,00","0,00","0,00","0,00","0,00","0,00","0,00","0,00","0,00","0,00","0,00","0,00","0,00","0,00","0,00","0,00","0,00","0,00","0,00","0,00","0,00","0,00","0,00","0,00","0,00","0,00","0,00","0,00","0,00","0,00","0,00","0,00","0,00","0,00","0,00","0,00","0,00","0,00","0,00","0,00","0,00","0,00","0,00","0,00","0,00","0,00","0,00","0,00","0,00","0,00","0,00","0,00","0,00","0,00","0,00","0,00","0,00","0,00","0,00","0,00","0,00","0,00","0,00","0,00","0,00","0,00","0,00","0,00","0,00","0,00","0,00","0,00","0,00","0,00","0,00","0,00","0,00","0,00","0,00","0,00","0,00","0,00","0,00","0,00","0,00"
Venta,E1VENTU,Blq. 1,10,,"0,00","0,00","0,00","0,00","0,00","0,00","0,00","0,00","0,00","0,00","0,00","0,00","0,00","0,00","0,00","0,00","0,00","0,00","0,00","0,00","0,00","0,00","0,00","0,00","0,00","0,00","0,00","0,00","0,00","0,00","0,00","0,00","0,00","0,00","0,00","0,00","0,00","0,00","0,00","0,00","0,00","0,00","0,00","0,00","0,00","0,00","0,00","0,00","0,00","0,00","0,00","0,00","0,00","0,00","0,00","0,00","0,00","0,00","0,00","0,00","0,00","0,00","0,00","0,00","0,00","0,00","0,00","0,00","0,00","0,00","0,00","0,00","0,00","0,00","0,00","0,00","0,00","0,00","0,00","0,00","0,00","0,00","0,00","0,00","0,00","0,00","0,00","0,00","0,00","0,00","0,00","0,00","0,00","0,00","0,00","0,00"
Venta,EABARA,Blq. 1,10,,"196,54","189,00","186,59","184,72","179,98","176,26","175,78","175,30","175,78","175,30","173,54","172,88","175,57","173,30","173,30","172,88","173,30","173,30","173,30","173,30","173,30","175,00","175,30","175,78","180,69","186,14","187,89","192,50",,"185,69","176,26","165,00","160,18","143,07","128,50","101,08","100,65","100,00","100,00","99,99","100,00","100,00","100,00","100,00","100,00","100,00","100,00","100,00","99,99","99,99","99,99","99,99","99,90","99,90","99,89","99,89",,,,"99,90","99,95","99,97","99,89","99,94","99,93","99,99","100,00","100,00","100,00","100,00","100,00","100,00","100,00","100,01","100,97","101,08","102,99","107,30","132,77","143,15","147,11","184,44","204,02","226,67","215,30","222,47","228,01","222,47","231,12","226,71","222,47","220,00","221,01","215,60","213,63","210,24"
Venta,EABILI,Blq. 1,10,,"0,00","0,00","0,00","0,00","0,00","0,00","0,00","0,00","0,00","0,00","0,00","0,00","0,00","0,00","0,00","0,00","0,00","0,00","0,00","0,00","0,00","0,00","0,00","0,00","0,00","0,00","0,00","0,00","0,00","0,00","0,00","0,00","0,00","0,00","0,00","0,00","0,00","0,00","0,00","0,00","0,00","0,00","0,00","0,00","0,00","0,00","0,00","0,00","0,00","0,00","0,00","0,00","0,00","0,00","0,00","0,00","0,00","0,00","0,00","0,00","0,00","0,00","0,00","0,00","0,00","0,00","0,00","0,00","0,00","0,00","0,00","0,00","0,00","0,00","0,00","0,00","0,00","0,00","0,00","0,00","0,00","0,00","0,00","0,00","0,00","0,00","0,00","0,00","0,00","0,00","0,00","0,00","0,00","0,00","0,00","0,00"
Venta,EADRAG,Blq. 1,10,,"196,54","189,00","186,59","184,72",,,,,,,,,,,,,,,,,"173,30","175,00","175,30","175,78","180,69","186,14","187,89","192,50",,,,,"160,18","143,07","128,50","101,08","100,65","100,00","100,00","99,99","100,00","100,00","100,00","100,00","100,00","100,00","100,00","100,00","99,99","99,99","99,99","99,99","99,90","99,90","99,89","99,89","99,89","99,89","99,89","99,90","99,95","99,97","99,89","99,94","99,93","99,99","100,00","100,00","100,00","100,00","100,00","100,00","100,00","100,01","100,97","101,08","102,99","107,30","132,77","143,15","147,11","184,44","204,02","226,67",,,,,"231,12","226,71","222,47","220,00","221,01","215,60","213,63","210,24"
Venta,EAGON2,Blq. 1,10,,"0,00","0,00","0,00","0,00","0,00","0,00","0,00","0,00","0,00","0,00","0,00","0,00","0,00","0,00","0,00","0,00","0,00","0,00","0,00","0,00","0,00","0,00","0,00","0,00","0,00","0,00","0,00","0,00","0,00","0,00","0,00","0,00","0,00","0,00","0,00","0,00","0,00","0,00","0,00","0,00","0,00","0,00","0,00","0,00","0,00","0,00","0,00","0,00","0,00","0,00","0,00","0,00","0,00","0,00","0,00","0,00","0,00","0,00","0,00","0,00","0,00","0,00","0,00","0,00","0,00","0,00","0,00","0,00","0,00","0,00","0,00","0,00","0,00","0,00","0,00","0,00","0,00","0,00","0,00","0,00","0,00","0,00","0,00","0,00","0,00","0,00","0,00","0,00","0,00","0,00","0,00","0,00","0,00","0,00","0,00","0,00"
Venta,EALIJA2,Blq. 1,10,,"999,99","999,99","999,99","999,99","999,99","999,99","999,99","999,99","999,99","999,99","999,99","999,99","999,99","999,99","999,99","999,99","999,99","999,99","999,99","999,99","999,99","999,99","999,99","999,99","999,99","999,99","999,99","999,99","999,99","999,99","999,99","999,99","999,99","999,99","999,99",,,,,,,,,,,,,,,,,,,,,,,,,,,,,,,,,,,,,,,,,,,"999,99","999,99","999,99","999,99","999,99","999,99","999,99","999,99","999,99","999,99","999,99","999,99","999,99","999,99","999,99","999,99","999,99","999,99","999,99"
Venta,EARTIG,Blq. 1,10,,"300,00","300,00","300,00","300,00","300,00","300,00","300,00","300,00","300,00","300,00","300,00","300,00","300,00","300,00","300,00","300,00","300,00","300,00","300,00","300,00","300,00","300,00","300,00","300,00","300,00","300,00","300,00","300,00","300,00","300,00","300,00","300,00","300,00","300,00","300,00","300,00","300,00","300,00","300,00","300,00","300,00","300,00","300,00","300,00","300,00","300,00","300,00","300,00","300,00","300,00","300,00","300,00","300,00","300,00","300,00","300,00","300,00","300,00","300,00","300,00","300,00","300,00","300,00","300,00","300,00","300,00","300,00","300,00","300,00","300,00","300,00","300,00","300,00","300,00","300,00","300,00","300,00","300,00","300,00","300,00","300,00","300,00","300,00","300,00","300,00","300,00","300,00","300,00","300,00","300,00","300,00","300,00","300,00","300,00","300,00","300,00"
Venta,EAUSIN,Blq. 1,10,,"0,00","0,00","0,00","0,00","0,00","0,00","0,00","0,00","0,00","0,00","0,00","0,00","0,00","0,00","0,00","0,00","0,00","0,00","0,00","0,00","0,00","0,00","0,00","0,00","0,00","0,00","0,00","0,00","0,00","0,00","0,00","0,00","0,00","0,00","0,00","0,00","0,00","0,00","0,00","0,00","0,00","0,00","0,00","0,00","0,00","0,00","0,00","0,00","0,00","0,00","0,00","0,00","0,00","0,00","0,00","0,00","0,00","0,00","0,00","0,00","0,00","0,00","0,00","0,00","0,00","0,00","0,00","0,00","0,00","0,00","0,00","0,00","0,00","0,00","0,00","0,00","0,00","0,00","0,00","0,00","0,00","0,00","0,00","0,00","0,00","0,00","0,00","0,00","0,00","0,00","0,00","0,00","0,00","0,00","0,00","0,00"
Venta,EBHIBHV,Blq. 1,18,,"416,62","416,62","416,62","416,62","416,62","416,62","416,62","416,62","416,62","416,62","416,62","416,62","416,62","416,62","416,62","166,24","167,89","166,44","166,44","166,44","167,89","167,83","168,13","167,05","416,62","416,62","416,62","416,62","416,62","416,62","416,62","416,62","416,62","416,62","416,62","90,17","105,65","100,70","92,00","90,00","91,08","90,17","90,01","90,00","90,17","91,08","90,17","90,17","421,68","94,99","92,00","90,92","92,00","92,00","93,18","92,86","90,17","90,17","90,10","90,01","90,00","90,00","90,03","90,00","91,08","91,99","90,00","92,00","91,08","95,00","95,88","95,88","421,68","421,68","421,68","421,68","421,68","421,68","421,68","421,68","421,68","421,68","421,68","225,47","214,30","227,47","230,02","229,86","421,68","421,68","421,68","421,68","421,68","421,68","421,68","421,68"
Venta,EBHIBHV,Blq. 2,18,,,,,,,,,,,,,,,,,"416,62","416,62","416,62","416,62","416,62","416,62","416,62","416,62","416,62",,,,,,,,,,,,"416,62","416,62","416,62","416,62","416,62","416,62","416,62","416,62","416,62","421,68","421,68","421,68","421,68",,"421,68","421,68","421,68","421,68","421,68","421,68","421,68","421,68","421,68","421,68","421,68","421,68","421,68","421,68","421,68","421,68","421,68","421,68","421,68","421,68","421,68","421,68","421,68",,,,,,,,,,,,"421,68","421,68","421,68","421,68","421,68",,,,,,,,
Venta,EBRA,Blq. 1,1,,"417,62","417,62","417,62","417,62","417,62","417,62","417,62","417,62","417,62","417,62","417,62","417,62","417,62","417,62","417,62","417,62","417,62","417,62","417,62","417,62","417,62","417,62","417,62","417,62","417,62","417,62","417,62","417,62","417,62","417,62","417,62","417,62","417,62","417,62","417,62","417,62","417,62","417,62","417,62","417,62","417,62","417,62","417,62","417,62","417,62","417,62","417,62","417,62","417,62","417,62","417,62","417,62","417,62","417,62","417,62","417,62","417,62","417,62","417,62","417,62","417,62","417,62","417,62","417,62","417,62","417,62","417,62","417,62","417,62","417,62","417,62","417,62","417,62","417,62","417,62","417,62","417,62","417,62","417,62","417,62","417,62","417,62","417,62","417,62","417,62","417,62","417,62","417,62","417,62","417,62","417,62","417,62","417,62","417,62","417,62","417,62"
Venta,EBRA,Blq. 2,1,,"426,62","426,62","426,62","426,62","426,62","426,62","426,62","426,62","426,62","426,62","426,62","426,62","426,62","426,62","426,62","426,62","426,62","426,62","426,62","426,62","426,62","426,62","426,62","426,62","426,62","426,62","426,62","426,62","426,62","426,62","426,62","426,62","426,62","426,62","426,62","426,62","426,62","426,62","426,62","426,62","426,62","426,62","426,62","426,62","421,68","421,68","421,68","421,68","421,68","421,68","421,68","421,68","421,68","421,68","421,68","421,68","421,68","421,68","421,68","421,68","421,68","421,68","421,68","421,68","421,68","421,68","421,68","421,68","421,68","421,68","421,68","421,68","421,68","421,68","421,68","421,68","421,68","421,68","421,68","421,68","421,68","421,68","421,68","421,68","421,68","421,68","421,68","421,68","421,68","421,68","421,68","421,68","421,68","421,68","421,68","421,68"
Venta,EBRA,Blq. 3,1,,"441,59","441,59","441,59","441,59","441,59","441,59","441,59","441,59","441,59","441,59","441,59","441,59","441,59","441,59","441,59","441,59","441,59","441,59","441,59","441,59","441,59","441,59","441,59","441,59","441,59","441,59","441,59","441,59","441,59","441,59","441,59","441,59","441,59","441,59","441,59","441,59","441,59","441,59","441,59","441,59","441,59","441,59","441,59","441,59","431,68","431,68","431,68","431,68","431,68","431,68","431,68","431,68","431,68","431,68","431,68","431,68","431,68","431,68","431,68","431,68","431,68","431,68","431,68","431,68","431,68","431,68","431,68","431,68","431,68","431,68","431,68","431,68","431,68","431,68","431,68","431,68","431,68","431,68","431,68","431,68","431,68","431,68","431,68","431,68","431,68","431,68","431,68","431,68","431,68","431,68","431,68","431,68","431,68","431,68","431,68","431,68"
Venta,EBRA,Blq. 4,1,,"488,88","488,88","488,88","488,88","488,88","488,88","488,88","488,88","488,88","488,88","488,88","488,88","488,88","488,88","488,88","488,88","488,88","488,88","488,88","488,88","488,88","488,88","488,88","488,88","488,88","488,88","488,88","488,88","488,88","488,88","488,88","488,88","488,88","488,88","488,88","488,88","488,88","488,88","488,88","488,88","488,88","488,88","488,88","488,88","446,65","446,65","446,65","446,65","446,65","446,65","446,65","446,65","446,65","446,65","446,65","446,65","446,65","446,65","446,65","446,65","446,65","446,65","446,65","446,65","446,65","446,65","446,65","446,65","446,65","446,65","446,65","446,65","446,65","446,65","446,65","446,65","446,65","446,65","446,65","446,65","446,65","446,65","446,65","446,65","446,65","446,65","446,65","446,65","446,65","446,65","446,65","446,65","446,65","446,65","446,65","446,65"
Venta,EBRA,Blq. 5,1,,,,,,,,,,,,,,,,,,,,,,,,,,,,,,,,,,,,,,,,,,,,,,"494,50","494,50","494,50","494,50","494,50","494,50","494,50","494,50","494,50","494,50","494,50","494,50","494,50","494,50","494,50","494,50","494,50","494,50","494,50","494,50","494,50","494,50","494,50","494,50","494,50","494,50","494,50","494,50","494,50","494,50","494,50","494,50","494,50","494,50","494,50","494,50","494,50","494,50","494,50","494,50","494,50","494,50","494,50","494,50","494,50","494,50","494,50","494,50","494,50","494,50","494,50","494,50"
Venta,EBRACC1,Blq. 1,1,,"245,00","245,00","245,00","245,00","245,00","245,00","245,00","245,00","245,00","245,00","245,00","245,00","245,00","245,00","245,00","245,00","245,00","245,00","245,00","245,00","245,00","245,00","245,00","245,00","245,00","245,00","245,00","245,00","245,00","245,00","245,00","245,00","245,00","245,00","245,00","245,00","245,00","245,00","245,00","245,00","245,00","245,00","245,00","245,00","245,00","245,00","245,00","245,00","245,00","245,00","245,00","245,00","245,00","245,00","245,00","245,00","245,00","245,00","245,00","245,00","245,00","245,00","245,00","245,00","245,00","245,00","245,00","245,00","245,00","245,00","245,00","245,00","245,00","245,00","245,00","245,00","245,00","245,00","245,00","245,00","245,00","245,00","245,00","245,00","245,00","245,00","245,00","245,00","245,00","245,00","245,00","245,00","245,00","245,00","245,00","245,00"
Venta,EBRACC2,Blq. 1,1,,"245,00","245,00","245,00","245,00","245,00","245,00","245,00","245,00","245,00","245,00","245,00","245,00","245,00","245,00","245,00","245,00","245,00","245,00","245,00","245,00","245,00","245,00","245,00","245,00","245,00","245,00","245,00","245,00","245,00","245,00","245,00","245,00","245,00","245,00","245,00","245,00","245,00","245,00","245,00","245,00","245,00","245,00","245,00","245,00","245,00","245,00","245,00","245,00","245,00","245,00","245,00","245,00","245,00","245,00","245,00","245,00","245,00","245,00","245,00","245,00","245,00","245,00","245,00","245,00","245,00","245,00","245,00","245,00","245,00","245,00","245,00","245,00","245,00","245,00","245,00","245,00","245,00","245,00","245,00","245,00","245,00","245,00","245,00","245,00","245,00","245,00","245,00","245,00","245,00","245,00","245,00","245,00","245,00","245,00","245,00","245,00"
Venta,EBRERZ,Blq. 1,1,,"250,00","250,00","250,00","250,00","250,00","250,00","250,00","250,00","250,00","250,00","250,00","250,00","250,00","250,00","250,00","250,00","250,00","250,00","250,00","250,00","250,00","250,00","250,00","250,00","250,00","250,00","250,00","250,00","250,00","250,00","250,00","250,00","250,00","250,00","250,00","250,00","250,00","250,00","250,00","250,00","250,00","250,00","250,00","250,00","250,00","250,00","250,00","250,00","250,00","250,00","250,00","250,00","250,00","250,00","250,00","250,00","250,00","250,00","250,00","250,00","250,00","250,00","250,00","250,00","250,00","250,00","250,00","250,00","250,00","250,00","250,00","250,00","250,00","250,00","250,00","250,00","250,00","250,00","250,00","250,00","250,00","250,00","250,00","250,00","250,00","250,00","250,00","250,00","250,00","250,00","250,00","250,00","250,00","250,00","250,00","250,00"
Venta,EBRFEN,Blq. 1,1,,"250,00","250,00","250,00","250,00","250,00","250,00","250,00","250,00","250,00","250,00","250,00","250,00","250,00","250,00","250,00","250,00","250,00","250,00","250,00","250,00","250,00","250,00","250,00","250,00","250,00","250,00","250,00","250,00","250,00","250,00","250,00","250,00","250,00","250,00","250,00","250,00","250,00","250,00","250,00","250,00","250,00","250,00","250,00","250,00","250,00","250,00","250,00","250,00","250,00","250,00","250,00","250,00","250,00","250,00","250,00","250,00","250,00","250,00","250,00","250,00","250,00","250,00","250,00","250,00","250,00","250,00","250,00","250,00","250,00","250,00","250,00","250,00","250,00","250,00","250,00","250,00","250,00","250,00","250,00","250,00","250,00","250,00","250,00","250,00","250,00","250,00","250,00","250,00","250,00","250,00","250,00","250,00","250,00","250,00","250,00","250,00"
Venta,EBROF,Blq. 1,1,,"499,00","499,00","499,00","499,00","499,00","499,00","499,00","499,00","499,00","499,00","499,00","499,00","499,00","499,00","499,00","499,00","499,00","499,00","499,00","499,00","499,00","499,00","499,00","499,00","499,00","499,00","499,00","499,00","499,00","499,00","499,00","499,00","499,00","499,00","499,00","499,00","499,00","499,00","499,00","499,00","499,00","499,00","499,00","499,00","499,00","499,00","499,00","499,00","499,00","499,00","499,00","499,00","499,00","499,00","499,00","499,00","499,00","499,00","499,00","499,00","499,00","499,00","499,00","499,00","499,00","499,00","499,00","499,00","499,00","499,00","499,00","499,00","499,00","499,00","499,00","499,00","499,00","499,00","499,00","499,00","499,00","499,00","499,00","499,00","499,00","499,00","499,00","499,00","499,00","499,00","499,00","499,00","499,00","499,00","499,00","499,00"
Venta,EBSISG,Blq. 1,10,,"196,54","189,00","186,59","184,72","179,98","176,26","175,78","175,30","175,78","175,30","173,54","172,88","175,57","173,30","173,30","172,88","173,30","173,30","173,30","173,30","173,30","175,00","175,30","175,78",,,,,"186,59","185,69","176,26","165,00","160,18","143,07","128,50","101,08","100,65","100,00","100,00","99,99","100,00","100,00","100,00","100,00","100,00","100,00","100,00","100,00","99,99","99,99","99,99","99,99","99,90","99,90","99,89","99,89",,,,,,,,,,,,,,,,,,,,,,,,,"147,11","184,44","204,02","226,67",,,,,"231,12","226,71","222,47","220,00","221,01","215,60","213,63","210,24"
Venta,ECARRER,Blq. 1,10,,"0,00","0,00","0,00","0,00","0,00","0,00","0,00","0,00","0,00","0,00","0,00","0,00","0,00","0,00","0,00","0,00","0,00","0,00","0,00","0,00","0,00","0,00","0,00","0,00","0,00","0,00","0,00","0,00","0,00","0,00","0,00","0,00","0,00","0,00","0,00","0,00","0,00","0,00","0,00","0,00","0,00","0,00","0,00","0,00","0,00","0,00","0,00","0,00","0,00","0,00","0,00","0,00","0,00","0,00","0,00","0,00","0,00","0,00","0,00","0,00","0,00","0,00","0,00","0,00","0,00","0,00","0,00","0,00","0,00","0,00","0,00","0,00","0,00","0,00","0,00","0,00","0,00","0,00","0,00","0,00","0,00","0,00","0,00","0,00","0,00","0,00","0,00","0,00","0,00","0,00","0,00","0,00","0,00","0,00","0,00","0,00"
Venta,ECASAR,Blq. 1,10,,"0,00","0,00","0,00","0,00","0,00","0,00","0,00","0,00","0,00","0,00","0,00","0,00","0,00","0,00","0,00","0,00","0,00","0,00","0,00","0,00","0,00","0,00","0,00","0,00","0,00","0,00","0,00","0,00","0,00","0,00","0,00","0,00","0,00","0,00","0,00","0,00","0,00","0,00","0,00","0,00","0,00","0,00","0,00","0,00","0,00","0,00","0,00","0,00","0,00","0,00","0,00","0,00","0,00","0,00","0,00","0,00","0,00","0,00","0,00","0,00","0,00","0,00","0,00","0,00","0,00","0,00","0,00","0,00","0,00","0,00","0,00","0,00","0,00","0,00","0,00","0,00","0,00","0,00","0,00","0,00","0,00","0,00","0,00","0,00","0,00","0,00","0,00","0,00","0,00","0,00","0,00","0,00","0,00","0,00","0,00","0,00"
Venta,ECEGRG,Blq. 1,10,,,,,,"179,98","176,26","175,78","175,30",,,,,,,,,,,,,,,,,,,,,,,,,"160,18","143,07","128,50","101,08","100,65","100,00","100,00","99,99",,,,,,,,,"99,99","99,99","99,99","99,99","99,90","99,90","99,89","99,89","99,89","99,89","99,89","99,90",,,,,,,,,,,"100,00","100,00","100,00","100,01","100,97","101,08","102,99",,,,,,,,,,,,,,,,,,,
Venta,ECERRA2,Blq. 1,10,,"300,00","300,00","300,00","300,00","300,00","300,00","300,00","300,00","300,00","300,00","300,00","300,00","300,00","300,00","300,00","300,00","300,00","300,00","300,00","300,00","300,00","300,00","300,00","300,00","300,00","300,00","300,00","300,00","300,00","300,00","300,00","300,00","300,00","300,00","300,00","300,00","300,00","300,00","300,00","300,00","300,00","300,00","300,00","300,00","300,00","300,00","300,00","300,00","300,00","300,00","300,00","300,00","300,00","300,00","300,00","300,00","300,00","300,00","300,00","300,00","300,00","300,00","300,00","300,00","300,00","300,00","300,00","300,00","300,00","300,00","300,00","300,00","300,00","300,00","300,00","300,00","300,00","300,00","300,00","300,00","300,00","300,00","300,00","300,00","300,00","300,00","300,00","300,00","300,00","300,00","300,00","300,00","300,00","300,00","300,00","300,00"
Venta,ECERRAG,Blq. 1,10,,"300,00","300,00","300,00","300,00","300,00","300,00","300,00","300,00","300,00","300,00","300,00","300,00","300,00","300,00","300,00","300,00","300,00","300,00","300,00","300,00","300,00","300,00","300,00","300,00","300,00","300,00","300,00","300,00","300,00","300,00","300,00","300,00","300,00","300,00","300,00","300,00","300,00","300,00","300,00","300,00","300,00","300,00","300,00","300,00","300,00","300,00","300,00","300,00","300,00","300,00","300,00","300,00","300,00","300,00","300,00","300,00","300,00","300,00","300,00","300,00","300,00","300,00","300,00","300,00","300,00","300,00","300,00","300,00","300,00","300,00","300,00","300,00","300,00","300,00","300,00","300,00","300,00","300,00","300,00","300,00","300,00","300,00","300,00","300,00","300,00","300,00","300,00","300,00","300,00","300,00","300,00","300,00","300,00","300,00","300,00","300,00"
Venta,ECERRAT,Blq. 1,10,,"300,00","300,00","300,00","300,00","300,00","300,00","300,00","300,00","300,00","300,00","300,00","300,00","300,00","300,00","300,00","300,00","300,00","300,00","300,00","300,00","300,00","300,00","300,00","300,00","300,00","300,00","300,00","300,00","300,00","300,00","300,00","300,00","300,00","300,00","300,00","300,00","300,00","300,00","300,00","300,00","300,00","300,00","300,00","300,00","300,00","300,00","300,00","300,00","300,00","300,00","300,00","300,00","300,00","300,00","300,00","300,00","300,00","300,00","300,00","300,00","300,00","300,00","300,00","300,00","300,00","300,00","300,00","300,00","300,00","300,00","300,00","300,00","300,00","300,00","300,00","300,00","300,00","300,00","300,00","300,00","300,00","300,00","300,00","300,00","300,00","300,00","300,00","300,00","300,00","300,00","300,00","300,00","300,00","300,00","300,00","300,00"
Venta,ECHO,Blq. 1,1,,"750,00","750,00","750,00","750,00","750,00","750,00","750,00","750,00","750,00","750,00","750,00","750,00","750,00","750,00","750,00","750,00","750,00","750,00","750,00","750,00","750,00","750,00","750,00","750,00","750,00","750,00","750,00","750,00","750,00","750,00","750,00","750,00","750,00","750,00","750,00","750,00","750,00","750,00","750,00","750,00","750,00","750,00","750,00","750,00","750,00","750,00","750,00","750,00","750,00","750,00","750,00","750,00","750,00","750,00","750,00","750,00","750,00","750,00","750,00","750,00","750,00","750,00","750,00","750,00","750,00","750,00","750,00","750,00","750,00","750,00","750,00","750,00","750,00","750,00","750,00","750,00","750,00","750,00","750,00","750,00","750,00","750,00","750,00","750,00","750,00","750,00","750,00","750,00","750,00","750,00","750,00","750,00","750,00","750,00","750,00","750,00"
Venta,ECINCA,Blq. 1,10,,"300,00","300,00","300,00","300,00","300,00","300,00","300,00","300,00","300,00","300,00","300,00","300,00","300,00","300,00","300,00","300,00","300,00","300,00","300,00","300,00","300,00","300,00","300,00","300,00","300,00","300,00","300,00","300,00","300,00","300,00","300,00","300,00","300,00","300,00","300,00","300,00","300,00","300,00","300,00","300,00","300,00","300,00","300,00","300,00","300,00","300,00","300,00","300,00","300,00","300,00","300,00","300,00","300,00","300,00","300,00","300,00","300,00","300,00","300,00","300,00","300,00","300,00","300,00","300,00","300,00","300,00","300,00","300,00","300,00","300,00","300,00","300,00","300,00","300,00","300,00","300,00","300,00","300,00","300,00","300,00","300,00","300,00","300,00","300,00","300,00","300,00","300,00","300,00","300,00","300,00","300,00","300,00","300,00","300,00","300,00","300,00"
Venta,ECINCAG,Blq. 1,10,,"300,00","300,00","300,00","300,00","300,00","300,00","300,00","300,00","300,00","300,00","300,00","300,00","300,00","300,00","300,00","300,00","300,00","300,00","300,00","300,00","300,00","300,00","300,00","300,00","300,00","300,00","300,00","300,00","300,00","300,00","300,00","300,00","300,00","300,00","300,00","300,00","300,00","300,00","300,00","300,00","300,00","300,00","300,00","300,00","300,00","300,00","300,00","300,00","300,00","300,00","300,00","300,00","300,00","300,00","300,00","300,00","300,00","300,00","300,00","300,00","300,00","300,00","300,00","300,00","300,00","300,00","300,00","300,00","300,00","300,00","300,00","300,00","300,00","300,00","300,00","300,00","300,00","300,00","300,00","300,00","300,00","300,00","300,00","300,00","300,00","300,00","300,00","300,00","300,00","300,00","300,00","300,00","300,00","300,00","300,00","300,00"
Venta,ECMTA,Blq. 1,10,,"300,00","300,00","300,00","300,00","300,00","300,00","300,00","300,00","300,00","300,00","300,00","300,00","300,00","300,00","300,00","300,00","300,00","300,00","300,00","300,00","300,00","300,00","300,00","300,00","300,00","300,00","300,00","300,00","300,00","300,00","300,00","300,00","300,00","300,00","300,00","300,00","300,00","300,00","300,00","300,00","300,00","300,00","300,00","300,00","300,00","300,00","300,00","300,00","300,00","300,00","300,00","300,00","300,00","300,00","300,00","300,00","300,00","300,00","300,00","300,00","300,00","300,00","300,00","300,00","300,00","300,00","300,00","300,00","300,00","300,00","300,00","300,00","300,00","300,00","300,00","300,00","300,00","300,00","300,00","300,00","300,00","300,00","300,00","300,00","300,00","300,00","300,00","300,00","300,00","300,00","300,00","300,00","300,00","300,00","300,00","300,00"
Venta,ECNR,Blq. 1,10,,"300,00","300,00","300,00","300,00","300,00","300,00","300,00","300,00","300,00","300,00","300,00","300,00","300,00","300,00","300,00","300,00","300,00","300,00","300,00","300,00","300,00","300,00","300,00","300,00","300,00","300,00","300,00","300,00","300,00","300,00","300,00","300,00","300,00","300,00","300,00","300,00","300,00","300,00","300,00","300,00","300,00","300,00","300,00","300,00","300,00","300,00","300,00","300,00","300,00","300,00","300,00","300,00","300,00","300,00","300,00","300,00","300,00","300,00","300,00","300,00","300,00","300,00","300,00","300,00","300,00","300,00","300,00","300,00","300,00","300,00","300,00","300,00","300,00","300,00","300,00","300,00","300,00","300,00","300,00","300,00","300,00","300,00","300,00","300,00","300,00","300,00","300,00","300,00","300,00","300,00","300,00","300,00","300,00","300,00","300,00","300,00"
Venta,ECNRG,Blq. 1,10,,"300,00","300,00","300,00","300,00","300,00","300,00","300,00","300,00","300,00","300,00","300,00","300,00","300,00","300,00","300,00","300,00","300,00","300,00","300,00","300,00","300,00","300,00","300,00","300,00","300,00","300,00","300,00","300,00","300,00","300,00","300,00","300,00","300,00","300,00","300,00","300,00","300,00","300,00","300,00","300,00","300,00","300,00","300,00","300,00","300,00","300,00","300,00","300,00","300,00","300,00","300,00","300,00","300,00","300,00","300,00","300,00","300,00","300,00","300,00","300,00","300,00","300,00","300,00","300,00","300,00","300,00","300,00","300,00","300,00","300,00","300,00","300,00","300,00","300,00","300,00","300,00","300,00","300,00","300,00","300,00","300,00","300,00","300,00","300,00","300,00","300,00","300,00","300,00","300,00","300,00","300,00","300,00","300,00","300,00","300,00","300,00"
Venta,ECT3,Blq. 1,1,,"157,62","157,62","157,62","300,05","277,87","277,87","205,52","205,52","205,52","205,52","205,52","205,52","205,52","205,52","205,52","205,52","205,52","205,52","205,52","205,52","205,52","205,52","205,52","205,52","225,69","225,69","225,69","225,69","225,69","225,69","225,69","225,69","225,69","205,52","205,52","205,52","205,52","205,52","205,52","205,52","205,52","205,52","205,52","205,52","205,52","205,52","205,52","205,52","205,52","205,52","205,52","205,52","205,52","205,52","205,52","205,52","205,52","205,52","205,52","205,52","205,52","205,52","205,52","205,52","205,52","205,52","205,52","205,52","205,52","205,52","205,52","205,52","205,52","205,52","205,52","205,52","205,52","205,52","205,52","205,52","205,52","205,52","205,52","205,52","428,56","5317,42","157,62","157,62","157,62","157,62","157,62","157,62","157,62","157,62","192,27","158,68"
Venta,ECURRAG,Blq. 1,10,,"196,54","189,00","186,59","184,72","179,98","176,26","175,78","175,30","175,78","175,30","173,54","172,88","175,57","173,30","173,30","172,88","173,30","173,30","173,30",,"173,30",,,,"180,69","186,14","187,89","192,50","186,59","185,69","176,26","165,00","160,18","143,07","128,50","101,08","100,65","100,00","100,00","99,99","100,00","100,00","100,00","100,00","100,00","100,00","100,00","100,00","99,99","99,99","99,99","99,99","99,90","99,90","99,89","99,89","99,89","99,89","99,89","99,90","99,95","99,97","99,89","99,94","99,93","99,99","100,00","100,00",,,"100,00","100,00",,,,,"102,99","107,30","132,77","143,15",,,,,,,,,,,,,,,,
Venta,EDEVAG,Blq. 1,10,,"196,54","189,00","186,59","184,72",,,,,"175,78","175,30","173,54",,,,,,,,,,,,,,,,,,,,,,"160,18",,,,"100,65","100,00","100,00","99,99","100,00","100,00","100,00","100,00","100,00","100,00","100,00","100,00","99,99","99,99","99,99","99,99","99,90","99,90","99,89","99,89","99,89","99,89","99,89","99,90","99,95","99,97","99,89","99,94","99,93","99,99","100,00","100,00","100,00","100,00","100,00","100,00","100,00","100,01","100,97","101,08","102,99","107,30","132,77","143,15","147,11","184,44","204,02","226,67","215,30","222,47",,,,,,,,,,
Venta,EDRIBGE,Blq. 1,10,,"416,62","416,62","416,62","416,62","179,09","172,88","175,78","168,13","416,62","416,62","416,62","416,62","416,62","416,62","416,62","416,62","167,89","166,44","166,44","166,44","416,62","416,62","416,62","416,62","416,62","416,62","198,86","200,52","416,62","416,62","200,52","184,00","170,14","143,57","103,46","90,17","105,65","100,70","92,00","90,00","91,08","90,17","90,01","90,00","90,17","91,08","90,17","90,17","421,68","421,68","421,68","90,92","92,00","92,00","93,18","92,86","90,17","90,17","90,10","90,01","90,00","90,00","90,03","90,00","91,08","91,99","90,00","92,00","91,08","95,00","95,88","95,88","421,68","421,68","421,68","421,68","421,68","421,68","421,68","421,68","144,47","165,00","421,68","421,68","421,68","421,68","421,68","421,68","421,68","226,61","224,72","213,42","421,68","421,68","421,68","421,68"
Venta,EDRIBGE,Blq. 2,10,,,,,,"416,62","416,62","416,62","416,62",,,,,,,,,"416,62","416,62","416,62","416,62",,,,,,,"416,62","416,62",,,"416,62","416,62","416,62","416,62","416,62","416,62","416,62","416,62","416,62","416,62","416,62","416,62","416,62","416,62","421,68","421,68","421,68","421,68",,,,"421,68","421,68","421,68","421,68","421,68","421,68","421,68","421,68","421,68","421,68","421,68","421,68","421,68","421,68","421,68","421,68","421,68","421,68","421,68","421,68","421,68",,,,,,,,,"421,68","421,68",,,,,,,,"421,68","421,68","421,68",,,,
Venta,EEBAN,Blq. 1,10,,"0,00","0,00","0,00","0,00","0,00","0,00","0,00","0,00","0,00","0,00","0,00","0,00","0,00","0,00","0,00","0,00","0,00","0,00","0,00","0,00","0,00","0,00","0,00","0,00","0,00","0,00","0,00","0,00","0,00","0,00","0,00","0,00","0,00","0,00","0,00","0,00","0,00","0,00","0,00","0,00","0,00","0,00","0,00","0,00","0,00","0,00","0,00","0,00","0,00","0,00","0,00","0,00","0,00","0,00","0,00","0,00","0,00","0,00","0,00","0,00","0,00","0,00","0,00","0,00","0,00","0,00","0,00","0,00","0,00","0,00","0,00","0,00","0,00","0,00","0,00","0,00","0,00","0,00","0,00","0,00","0,00","0,00","0,00","0,00","0,00","0,00","0,00","0,00","0,00","0,00","0,00","0,00","0,00","0,00","0,00","0,00"
Venta,EECAB,Blq. 1,10,,"0,00","0,00","0,00","0,00","0,00","0,00","0,00","0,00","0,00","0,00","0,00","0,00","0,00","0,00","0,00","0,00","0,00","0,00","0,00","0,00","0,00","0,00","0,00","0,00","0,00","0,00","0,00","0,00","0,00","0,00","0,00","0,00","0,00","0,00","0,00","0,00","0,00","0,00","0,00","0,00","0,00","0,00","0,00","0,00","0,00","0,00","0,00","0,00","0,00","0,00","0,00","0,00","0,00","0,00","0,00","0,00","0,00","0,00","0,00","0,00","0,00","0,00","0,00","0,00","0,00","0,00","0,00","0,00","0,00","0,00","0,00","0,00","0,00","0,00","0,00","0,00","0,00","0,00","0,00","0,00","0,00","0,00","0,00","0,00","0,00","0,00","0,00","0,00","0,00","0,00","0,00","0,00","0,00","0,00","0,00","0,00"
