Unnamed: 0,Unnamed: 1,Indicadores,Programa (MWh),Programa (MWh).1,Programa (MWh).2,Programa (MWh).3,Programa (MWh).4,Programa (MWh).5,Programa (MWh).6,Programa (MWh).7,Programa (MWh).8,Programa (MWh).9,Programa (MWh).10,Programa (MWh).11,Programa (MWh).12,Programa (MWh).13,Programa (MWh).14,Programa (MWh).15,Programa (MWh).16,Programa (MWh).17,Programa (MWh).18,Programa (MWh).19,Programa (MWh).20,Programa (MWh).21,Programa (MWh).22,Programa (MWh).23,Programa (MWh).24,Programa (MWh).25,Programa (MWh).26,Programa (MWh).27,Programa (MWh).28,Programa (MWh).29,Programa (MWh).30,Programa (MWh).31,Programa (MWh).32,Programa (MWh).33,Programa (MWh).34,Programa (MWh).35,Programa (MWh).36,Programa (MWh).37,Programa (MWh).38,Programa (MWh).39,Programa (MWh).40,Programa (MWh).41,Programa (MWh).42,Programa (MWh).43,Programa (MWh).44,Programa (MWh).45,Programa (MWh).46,Programa (MWh).47,Programa (MWh).48,Programa (MWh).49,Programa (MWh).50,Programa (MWh).51,Programa (MWh).52,Programa (MWh).53,Programa (MWh).54,Programa (MWh).55,Programa (MWh).56,Programa (MWh).57,Programa (MWh).58,Programa (MWh).59,Programa (MWh).60,Programa (MWh).61,Programa (MWh).62,Programa (MWh).63,Programa (MWh).64,Programa (MWh).65,Programa (MWh).66,Programa (MWh).67,Programa (MWh).68,Programa (MWh).69,Programa (MWh).70,Programa (MWh).71,Programa (MWh).72,Programa (MWh).73,Programa (MWh).74,Programa (MWh).75,Programa (MWh).76,Programa (MWh).77,Programa (MWh).78,Programa (MWh).79,Programa (MWh).80,Programa (MWh).81,Programa (MWh).82,Programa (MWh).83,Programa (MWh).84,Programa (MWh).85,Programa (MWh).86,Programa (MWh).87,Programa (MWh).88,Programa (MWh).89,Programa (MWh).90,Programa (MWh).91,Programa (MWh).92,Programa (MWh).93,Programa (MWh).94,Programa (MWh).95,Programa (MWh).96
,,Dia,08-julio-2026,08-julio-2026,08-julio-2026,08-julio-2026,08-julio-2026,08-julio-2026,08-julio-2026,08-julio-2026,08-julio-2026,08-julio-2026,08-julio-2026,08-julio-2026,08-julio-2026,08-julio-2026,08-julio-2026,08-julio-2026,08-julio-2026,08-julio-2026,08-julio-2026,08-julio-2026,08-julio-2026,08-julio-2026,08-julio-2026,08-julio-2026,08-julio-2026,08-julio-2026,08-julio-2026,08-julio-2026,08-julio-2026,08-julio-2026,08-julio-2026,08-julio-2026,08-julio-2026,08-julio-2026,08-julio-2026,08-julio-2026,08-julio-2026,08-julio-2026,08-julio-2026,08-julio-2026,08-julio-2026,08-julio-2026,08-julio-2026,08-julio-2026,08-julio-2026,08-julio-2026,08-julio-2026,08-julio-2026,08-julio-2026,08-julio-2026,08-julio-2026,08-julio-2026,08-julio-2026,08-julio-2026,08-julio-2026,08-julio-2026,08-julio-2026,08-julio-2026,08-julio-2026,08-julio-2026,08-julio-2026,08-julio-2026,08-julio-2026,08-julio-2026,08-julio-2026,08-julio-2026,08-julio-2026,08-julio-2026,08-julio-2026,08-julio-2026,08-julio-2026,08-julio-2026,08-julio-2026,08-julio-2026,08-julio-2026,08-julio-2026,08-julio-2026,08-julio-2026,08-julio-2026,08-julio-2026,08-julio-2026,08-julio-2026,08-julio-2026,08-julio-2026,08-julio-2026,08-julio-2026,08-julio-2026,08-julio-2026,08-julio-2026,08-julio-2026,08-julio-2026,08-julio-2026,08-julio-2026,08-julio-2026,08-julio-2026,08-julio-2026,08-julio-2026
,,Programa,PHFC,PHFC,PHFC,PHFC,PHFC,PHFC,PHFC,PHFC,PHFC,PHFC,PHFC,PHFC,PHFC,PHFC,PHFC,PHFC,PHFC,PHFC,PHFC,PHFC,PHFC,PHFC,PHFC,PHFC,PHFC,PHFC,PHFC,PHFC,PHFC,PHFC,PHFC,PHFC,PHFC,PHFC,PHFC,PHFC,PHFC,PHFC,PHFC,PHFC,PHFC,PHFC,PHFC,PHFC,PHFC,PHFC,PHFC,PHFC,PHFC,PHFC,PHFC,PHFC,PHFC,PHFC,PHFC,PHFC,PHFC,PHFC,PHFC,PHFC,PHFC,PHFC,PHFC,PHFC,PHFC,PHFC,PHFC,PHFC,PHFC,PHFC,PHFC,PHFC,PHFC,PHFC,PHFC,PHFC,PHFC,PHFC,PHFC,PHFC,PHFC,PHFC,PHFC,PHFC,PHFC,PHFC,PHFC,PHFC,PHFC,PHFC,PHFC,PHFC,PHFC,PHFC,PHFC,PHFC,PHFC
Unidad de Programación,Tipo Oferta,Cuarto de Hora del dia,Total,1,2,3,4,5,6,7,8,9,10,11,12,13,14,15,16,17,18,19,20,21,22,23,24,25,26,27,28,29,30,31,32,33,34,35,36,37,38,39,40,41,42,43,44,45,46,47,48,49,50,51,52,53,54,55,56,57,58,59,60,61,62,63,64,65,66,67,68,69,70,71,72,73,74,75,76,77,78,79,80,81,82,83,84,85,86,87,88,89,90,91,92,93,94,95,96
A2GAME2,10,,"15,600","0,075","0,075","0,075","0,075","0,075","0,075","0,075","0,075","0,075","0,075","0,075","0,075","0,075","0,075","0,075","0,075","0,075","0,075","0,075","0,075","0,075","0,075","0,075","0,075","0,075","0,075","0,075","0,075","0,075","0,075","0,075","0,075","0,075","0,075","0,075","0,075","0,075","0,075","0,075","0,075","0,075","0,075","0,075","0,075","0,075","0,075","0,075","0,075","0,250","0,250","0,250","0,250","0,250","0,250","0,250","0,250","0,250","0,250","0,250","0,250","0,250","0,250","0,250","0,250","0,250","0,250","0,250","0,250","0,250","0,250","0,250","0,250","0,250","0,250","0,250","0,250","0,250","0,250","0,250","0,250","0,250","0,250","0,250","0,250","0,250","0,250","0,250","0,250","0,250","0,250","0,250","0,250","0,250","0,250","0,250","0,250"
ABA1,1,,"2,400","0,025","0,025","0,025","0,025","0,025","0,025","0,025","0,025","0,025","0,025","0,025","0,025","0,025","0,025","0,025","0,025","0,025","0,025","0,025","0,025","0,025","0,025","0,025","0,025","0,025","0,025","0,025","0,025","0,025","0,025","0,025","0,025","0,025","0,025","0,025","0,025","0,025","0,025","0,025","0,025","0,025","0,025","0,025","0,025","0,025","0,025","0,025","0,025","0,025","0,025","0,025","0,025","0,025","0,025","0,025","0,025","0,025","0,025","0,025","0,025","0,025","0,025","0,025","0,025","0,025","0,025","0,025","0,025","0,025","0,025","0,025","0,025","0,025","0,025","0,025","0,025","0,025","0,025","0,025","0,025","0,025","0,025","0,025","0,025","0,025","0,025","0,025","0,025","0,025","0,025","0,025","0,025","0,025","0,025","0,025","0,025"
ABA2,1,,"2,400","0,025","0,025","0,025","0,025","0,025","0,025","0,025","0,025","0,025","0,025","0,025","0,025","0,025","0,025","0,025","0,025","0,025","0,025","0,025","0,025","0,025","0,025","0,025","0,025","0,025","0,025","0,025","0,025","0,025","0,025","0,025","0,025","0,025","0,025","0,025","0,025","0,025","0,025","0,025","0,025","0,025","0,025","0,025","0,025","0,025","0,025","0,025","0,025","0,025","0,025","0,025","0,025","0,025","0,025","0,025","0,025","0,025","0,025","0,025","0,025","0,025","0,025","0,025","0,025","0,025","0,025","0,025","0,025","0,025","0,025","0,025","0,025","0,025","0,025","0,025","0,025","0,025","0,025","0,025","0,025","0,025","0,025","0,025","0,025","0,025","0,025","0,025","0,025","0,025","0,025","0,025","0,025","0,025","0,025","0,025","0,025"
ABO2G,1,,"6752,550","57,500","57,500","57,500","57,500","57,500","57,500","57,500","57,500","57,500","57,500","57,500","57,500","57,500","57,500","57,500","57,500","57,500","57,500","57,500","57,500","57,500","57,500","57,500","57,500","57,500","57,500","57,500","57,500","57,500","57,500","57,500","57,500","57,500","57,925","63,750","71,250","75,000","75,000","76,675","83,750","87,500","87,500","87,500","87,500","87,500","87,500","89,175","96,250","100,000","100,000","100,000","100,000","100,000","100,000","100,000","100,000","100,000","100,000","100,000","100,000","96,250","89,175","87,500","87,500","83,750","76,675","75,000","75,000","75,000","75,000","75,000","75,000","75,000","75,000","75,000","75,000","71,250","63,750","57,925","57,500","57,500","57,500","57,500","57,500","57,500","57,500","57,500","57,500","57,500","57,500","57,500","57,500","57,500","57,500","57,500","57,500"
ABOUC01,8,,"-54,075","-0,450","-0,425","-0,425","-0,425","-0,425","-0,400","-0,400","-0,375","-0,375","-0,400","-0,375","-0,375","-0,375","-0,375","-0,350","-0,375","-0,375","-0,375","-0,375","-0,375","-0,375","-0,400","-0,375","-0,400","-0,425","-0,400","-0,450","-0,475","-0,475","-0,475","-0,500","-0,500","-0,550","-0,575","-0,600","-0,600","-0,650","-0,625","-0,650","-0,650","-0,700","-0,725","-0,725","-0,725","-0,750","-0,750","-0,750","-0,750","-0,750","-0,775","-0,800","-0,800","-0,775","-0,775","-0,775","-0,750","-0,725","-0,700","-0,700","-0,675","-0,675","-0,675","-0,700","-0,700","-0,675","-0,675","-0,675","-0,650","-0,675","-0,675","-0,675","-0,675","-0,650","-0,650","-0,650","-0,625","-0,625","-0,625","-0,600","-0,575","-0,575","-0,550","-0,550","-0,550","-0,525","-0,525","-0,525","-0,525","-0,525","-0,500","-0,500","-0,475","-0,475","-0,450","-0,425","-0,425"
ABOX,11,,"-43,200","-0,450","-0,450","-0,450","-0,450","-0,450","-0,450","-0,450","-0,450","-0,450","-0,450","-0,450","-0,450","-0,450","-0,450","-0,450","-0,450","-0,450","-0,450","-0,450","-0,450","-0,450","-0,450","-0,450","-0,450","-0,450","-0,450","-0,450","-0,450","-0,450","-0,450","-0,450","-0,450","-0,450","-0,450","-0,450","-0,450","-0,450","-0,450","-0,450","-0,450","-0,450","-0,450","-0,450","-0,450","-0,450","-0,450","-0,450","-0,450","-0,450","-0,450","-0,450","-0,450","-0,450","-0,450","-0,450","-0,450","-0,450","-0,450","-0,450","-0,450","-0,450","-0,450","-0,450","-0,450","-0,450","-0,450","-0,450","-0,450","-0,450","-0,450","-0,450","-0,450","-0,450","-0,450","-0,450","-0,450","-0,450","-0,450","-0,450","-0,450","-0,450","-0,450","-0,450","-0,450","-0,450","-0,450","-0,450","-0,450","-0,450","-0,450","-0,450","-0,450","-0,450","-0,450","-0,450","-0,450"
ACAPC01,7,,"-10,850","-0,100","-0,100","-0,100","-0,100","-0,100","-0,100","-0,100","-0,100","-0,100","-0,075","-0,075","-0,075","-0,075","-0,075","-0,100","-0,075","-0,100","-0,100","-0,100","-0,075","-0,075","-0,075","-0,075","-0,075","-0,100","-0,125","-0,150","-0,150","-0,150","-0,150","-0,150","-0,150","-0,125","-0,150","-0,150","-0,150","-0,125","-0,100","-0,125","-0,125","-0,150","-0,150","-0,150","-0,125","-0,125","-0,125","-0,150","-0,150","-0,150","-0,150","-0,150","-0,150","-0,150","-0,150","-0,150","-0,125","-0,100","-0,100","-0,100","-0,075","-0,100","-0,100","-0,125","-0,125","-0,125","-0,125","-0,125","-0,125","-0,125","-0,125","-0,125","-0,125","-0,125","-0,125","-0,100","-0,100","-0,100","-0,100","-0,125","-0,125","-0,125","-0,125","-0,100","-0,100","-0,100","-0,100","-0,100","-0,100","-0,075","-0,100","-0,075","-0,075","-0,100","-0,100","-0,075","-0,075"
ACE3,1,,"2782,550","35,000","35,000","35,000","35,000","35,000","35,000","35,000","35,000","35,000","35,000","35,000","35,000","35,000","35,000","35,000","35,000","35,000","35,000","35,000","35,000","35,000","35,000","35,000","35,000","35,000","35,000","35,000","35,000","35,000","35,000","35,000","35,000","35,000","35,000","35,000","35,000","9,000",,,,,,,,,,,,,,,,,,,,,,,,,,,,,,,,,,,,"1,000","7,000","21,250","35,000","35,000","35,000","35,000","35,000","79,900","79,900","79,900","79,900","81,125","81,125","81,125","81,125","83,150","83,150","83,150","83,150","83,150","83,150","83,150","83,150"
ACE4,1,,"3086,200","83,250","83,250","83,250","83,250","83,675","83,675","80,475","76,025","84,000","84,000","84,000","84,000","84,125","84,125","84,125","84,125","84,450","84,450","84,450","84,450","84,875","84,875","84,875","78,375","85,025","85,025","85,025","85,025","33,750","33,750","33,750","33,750","33,750","14,975",,,,,,,,,,,,,,,,,,,,,,,,,,,,,,,,,,,,,,,,,,,,"0,575","7,975","13,675","33,750","33,750","33,750","33,750","33,750","33,750","33,750","33,750","33,750","33,750","33,750","33,750","33,750","33,750","33,750","33,750"
ACNHC01,8,,"-177,450",,"-1,700","-1,725","-1,625","-1,650","-1,625","-1,650","-1,625","-1,600","-1,525","-1,575","-1,575","-1,575","-1,625","-1,625","-1,550","-1,550","-1,600","-1,600","-1,550","-1,575","-1,600","-1,600","-1,650","-1,675","-1,725","-1,825","-1,850","-1,900","-1,975","-2,000","-2,025","-2,000","-2,000","-2,025","-2,025","-2,075","-2,150","-2,200","-2,175","-2,075","-2,075","-2,050","-2,100","-2,050","-2,050","-2,050","-2,000","-2,075","-2,100","-2,100","-2,075","-2,075","-2,075","-2,050","-2,025","-1,975","-2,050","-2,025","-1,925","-1,875","-1,875","-1,925","-1,925","-1,975","-1,975","-1,975","-1,975","-1,875","-1,975","-1,975","-1,950","-1,875","-1,875","-1,875","-1,875","-1,875","-1,900","-1,900","-1,925","-1,950","-1,975","-1,975","-2,000","-1,950","-1,975","-1,950","-1,925","-1,875","-1,850","-1,825","-1,775","-1,650","-1,625","-1,600","-1,575"
ACSOC01,8,,"-60,800","-0,500","-0,500","-0,500","-0,400","-0,400","-0,400","-0,400","-0,400","-0,400","-0,400","-0,400","-0,400","-0,400","-0,400","-0,400","-0,400","-0,400","-0,400","-0,400","-0,400","-0,400","-0,400","-0,400","-0,400","-0,500","-0,500","-0,500","-0,500","-0,600","-0,600","-0,600","-0,600","-0,700","-0,700","-0,700","-0,700","-0,800","-0,800","-0,800","-0,800","-0,800","-0,800","-0,800","-0,800","-0,800","-0,800","-0,800","-0,900","-0,900","-0,900","-0,900","-0,900","-0,900","-0,900","-0,900","-0,800","-0,800","-0,800","-0,800","-0,700","-0,700","-0,700","-0,700","-0,700","-0,700","-0,700","-0,700","-0,700","-0,700","-0,700","-0,700","-0,700","-0,700","-0,700","-0,700","-0,700","-0,700","-0,700","-0,700","-0,700","-0,700","-0,700","-0,700","-0,700","-0,600","-0,600","-0,600","-0,600","-0,600","-0,600","-0,600","-0,600","-0,600","-0,600","-0,500","-0,500"
ACTIC01,8,,"-40,800","-0,375","-0,375","-0,375","-0,375","-0,350","-0,350","-0,350","-0,350","-0,350","-0,350","-0,350","-0,350","-0,350","-0,350","-0,350","-0,350","-0,350","-0,325","-0,325","-0,325","-0,350","-0,350","-0,350","-0,325","-0,325","-0,325","-0,325","-0,325","-0,350","-0,350","-0,350","-0,325","-0,375","-0,350","-0,350","-0,350","-0,450","-0,450","-0,450","-0,450","-0,475","-0,475","-0,475","-0,475","-0,500","-0,500","-0,500","-0,475","-0,500","-0,500","-0,500","-0,500","-0,500","-0,500","-0,500","-0,500","-0,500","-0,500","-0,500","-0,500","-0,500","-0,500","-0,500","-0,500","-0,500","-0,500","-0,500","-0,500","-0,500","-0,500","-0,500","-0,500","-0,475","-0,475","-0,475","-0,475","-0,475","-0,475","-0,475","-0,475","-0,450","-0,450","-0,450","-0,450","-0,425","-0,425","-0,425","-0,450","-0,425","-0,425","-0,425","-0,425","-0,400","-0,400","-0,400","-0,400"
ADEIC01,8,,"-337,575","-3,450","-3,425","-3,525","-3,475","-3,450","-3,450","-3,425","-3,425","-3,475","-3,450","-3,375","-3,300","-3,350","-3,325","-3,350","-3,350","-3,400","-3,425","-3,375","-3,375","-3,375","-3,375","-3,250","-3,250","-3,225","-3,250","-3,325","-3,375","-3,525","-3,625","-3,750","-3,800","-4,000","-4,025","-3,975","-3,875","-3,850","-3,775","-3,750","-3,700","-3,675","-3,575","-3,500","-3,450","-3,475","-3,475","-3,425","-3,400","-3,475","-3,500","-3,500","-3,525","-3,525","-3,550","-3,550","-3,525","-3,500","-3,600","-3,550","-3,600","-3,525","-3,375","-3,450","-3,525","-3,575","-3,600","-3,575","-3,575","-3,500","-3,525","-3,525","-3,625","-3,625","-3,675","-3,725","-3,725","-3,700","-3,775","-3,875","-3,875","-3,825","-3,800","-3,750","-3,650","-3,675","-3,650","-3,525","-3,400","-3,275","-3,150","-3,150","-3,175","-3,225","-3,150","-3,100","-3,100"
ADEIV01,2,,"1,275",,,,,,,,,,,,,,,,,,,,,,,,,,,,,,,,,"0,025","0,025","0,025","0,025","0,025","0,025","0,025","0,025","0,025","0,025","0,025","0,025","0,025","0,025","0,025","0,025","0,025","0,025","0,025","0,025","0,025","0,025","0,025","0,025","0,025","0,025","0,025","0,025","0,025","0,025","0,025","0,025","0,025","0,025","0,025","0,025","0,025","0,025","0,025","0,025","0,025","0,025","0,025","0,025","0,025","0,025","0,025","0,025","0,025","0,025","0,025",,,,,,,,,,,,,
ADELC01,8,,"-518,125","-5,025","-4,950","-4,875","-4,775","-4,700","-4,650","-4,575","-4,525","-4,450","-4,400","-4,350","-4,300","-4,250","-4,250","-4,250","-4,225","-4,225","-4,225","-4,250","-4,250","-4,250","-4,325","-4,400","-4,450","-4,525","-4,675","-4,825","-4,975","-5,125","-5,200","-5,275","-5,325","-5,400","-5,500","-5,600","-5,700","-5,800","-5,875","-5,950","-6,025","-6,100","-6,125","-6,175","-6,200","-6,225","-6,250","-6,275","-6,275","-6,300","-6,300","-6,325","-6,325","-6,325","-6,350","-6,350","-6,375","-6,375","-6,325","-6,275","-6,200","-6,150","-6,125","-6,075","-6,050","-6,000","-6,000","-5,975","-5,975","-5,950","-5,875","-5,800","-5,725","-5,650","-5,625","-5,600","-5,550","-5,525","-5,500","-5,475","-5,450","-5,425","-5,425","-5,450","-5,450","-5,450","-5,425","-5,400","-5,350","-5,325","-5,225","-5,150","-5,050","-4,950","-4,950","-4,950","-4,925"
ADSEC01,8,,"-6,500","-0,075","-0,075","-0,075","-0,075","-0,075","-0,050","-0,050","-0,050","-0,050","-0,050","-0,050","-0,050","-0,050","-0,050","-0,050","-0,050","-0,050","-0,050","-0,050","-0,050","-0,050","-0,050","-0,050","-0,050","-0,050","-0,050","-0,050","-0,050","-0,050","-0,050","-0,050","-0,050","-0,050","-0,050","-0,050","-0,050","-0,050","-0,075","-0,075","-0,075","-0,075","-0,075","-0,075","-0,075","-0,075","-0,075","-0,075","-0,075","-0,075","-0,075","-0,075","-0,075","-0,100","-0,100","-0,100","-0,100","-0,075","-0,075","-0,075","-0,075","-0,075","-0,075","-0,075","-0,075","-0,075","-0,075","-0,075","-0,075","-0,075","-0,075","-0,075","-0,075","-0,075","-0,075","-0,075","-0,075","-0,075","-0,075","-0,075","-0,075","-0,075","-0,075","-0,075","-0,075","-0,075","-0,075","-0,075","-0,075","-0,075","-0,075","-0,075","-0,075","-0,075","-0,075","-0,075","-0,075"
ADSNC01,8,,"-54,525","-0,050","-0,675","-0,650","-0,650","-0,650","-0,650","-0,650","-0,625","-0,475",,"-0,350","-0,650","-0,625","-0,625","-0,625","-0,625","-0,600","-0,600","-0,600","-0,600","-0,600","-0,600","-0,600","-0,600","-0,600","-0,600","-0,600",,,,,,"-0,550","-0,650","-0,675","-0,700","-0,650","-0,700","-0,700","-0,725","-0,725","-0,750","-0,750","-0,750","-0,750","-0,750","-0,750","-0,750","-0,775","-0,775","-0,775","-0,775","-0,750","-0,750","-0,750","-0,750","-0,750","-0,750","-0,750","-0,750","-0,725","-0,725","-0,725","-0,725","-0,725","-0,725","-0,725","-0,725","-0,750","-0,775","-0,775","-0,800","-0,800","-0,800","-0,800","-0,800","-0,825","-0,825","-0,175","-0,475","-0,775",,,,,,,"-0,675","-0,650","-0,650",,,,"-0,600","-0,600","-0,575"
ADURC01,8,,"-73,825","-0,675","-0,650","-0,650","-0,625","-0,625","-0,625","-0,625","-0,625","-0,600","-0,600","-0,600","-0,600","-0,600","-0,600","-0,600","-0,600","-0,575","-0,575","-0,575","-0,575","-0,600","-0,600","-0,600","-0,600","-0,550","-0,525","-0,550","-0,575","-0,625","-0,650","-0,700","-0,725","-0,800","-0,850","-0,875","-0,875","-0,875","-0,900","-0,900","-0,925","-0,925","-0,925","-0,925","-0,925","-0,950","-0,950","-0,950","-0,950","-0,950","-0,950","-0,950","-0,950","-0,950","-0,950","-0,950","-0,975","-1,025","-1,050","-1,025","-1,000","-0,950","-0,925","-0,925","-0,900","-0,925","-0,925","-0,900","-0,875","-0,850","-0,825","-0,775","-0,750","-0,700","-0,675","-0,650","-0,675","-0,700","-0,725","-0,725","-0,725","-0,725","-0,725","-0,725","-0,725","-0,750","-0,775","-0,775","-0,800","-0,800","-0,825","-0,800","-0,775","-0,725","-0,700","-0,700","-0,675"
ADXC01,8,,"-3725,300","-30,900","-31,100","-30,900","-30,500","-30,100","-29,600","-29,500","-28,900","-28,700","-28,700","-28,500","-28,300","-28,400","-28,200","-28,300","-28,000","-28,200","-27,800","-27,500","-27,500","-28,500","-29,000","-28,700","-29,500","-31,600","-32,900","-33,500","-34,400","-36,700","-38,000","-38,700","-38,800","-41,500","-43,100","-43,500","-43,800","-46,400","-47,000","-48,000","-48,000","-49,100","-49,400","-49,500","-49,300","-49,600","-49,700","-49,200","-49,400","-47,000","-46,700","-46,300","-45,800","-46,400","-46,000","-46,400","-46,400","-48,000","-47,700","-47,100","-46,200","-44,400","-44,300","-44,200","-44,100","-43,800","-43,600","-43,200","-42,800","-42,700","-42,800","-42,600","-42,400","-41,300","-41,800","-42,300","-42,200","-41,900","-42,300","-42,300","-42,300","-40,400","-40,300","-40,000","-39,900","-37,700","-37,100","-36,800","-36,000","-35,100","-34,800","-34,100","-33,200","-32,300","-31,700","-31,400","-30,800"
AEDEC01,8,,"-29,925","-0,300","-0,300","-0,300","-0,300","-0,300","-0,300","-0,300","-0,350","-0,300","-0,350","-0,300","-0,300","-0,300","-0,300","-0,300","-0,300","-0,300","-0,300","-0,300","-0,300","-0,300","-0,300","-0,300","-0,300","-0,300","-0,300","-0,300","-0,300","-0,300","-0,300","-0,300","-0,300","-0,300","-0,325","-0,325","-0,325","-0,325","-0,325","-0,325","-0,325","-0,325","-0,325","-0,325","-0,325","-0,300","-0,300","-0,300","-0,325","-0,300","-0,300","-0,300","-0,300","-0,300","-0,300","-0,300","-0,300","-0,300","-0,300","-0,300","-0,300","-0,300","-0,300","-0,300","-0,300","-0,300","-0,300","-0,300","-0,300","-0,300","-0,300","-0,300","-0,300","-0,325","-0,375","-0,400","-0,400","-0,425","-0,425","-0,425","-0,300","-0,350","-0,300","-0,300","-0,300","-0,300","-0,300","-0,300","-0,300","-0,300","-0,300","-0,300","-0,300","-0,300","-0,300","-0,300","-0,300"
AEIDGEN,10,,"4,825","0,100","0,125","0,125","0,125","0,050","0,050","0,050","0,050","0,050","0,050","0,050","0,050","0,050","0,050","0,050","0,050","0,050","0,050","0,050","0,050","0,050","0,050","0,050","0,050","0,050","0,050","0,050","0,025","0,025","0,025","0,025","0,025","0,025","0,025","0,025","0,025","0,025","0,025",,,,,,,,,,,,,,,"0,025","0,025","0,025","0,025","0,025","0,025","0,025","0,025","0,025","0,025","0,025","0,025","0,025","0,050","0,050","0,050","0,050","0,050","0,050","0,050","0,075","0,075","0,075","0,075","0,075","0,075","0,075","0,075","0,075","0,100","0,100","0,100","0,125","0,125","0,125","0,125","0,125","0,125","0,125","0,100","0,075","0,075","0,075","0,075"
AENEC01,8,,"-607,950","-5,100","-5,650","-5,600","-5,000","-5,625","-5,600","-5,575","-5,475","-5,400","-5,325","-5,275","-5,250","-5,225","-5,200","-5,175","-5,150","-5,425","-5,400","-5,400","-5,400","-5,425","-5,425","-5,175","-5,250","-4,275","-5,100","-5,200","-4,475","-4,600","-4,675","-4,775","-4,875","-5,025","-5,725","-5,175","-5,225","-6,200","-6,250","-7,025","-7,350","-7,125","-7,150","-7,600","-7,600","-7,975","-8,000","-7,900","-7,875","-7,875","-7,575","-8,025","-8,125","-7,575","-7,575","-7,550","-7,525","-7,825","-7,675","-7,650","-7,625","-7,950","-7,950","-7,925","-7,925","-7,925","-7,900","-7,875","-7,850","-7,500","-7,500","-7,475","-7,450","-7,100","-7,075","-7,050","-7,075","-7,100","-7,100","-7,100","-7,075","-7,025","-6,625","-6,600","-6,575","-6,550","-6,550","-6,200","-5,825","-4,875","-4,800","-4,750","-4,725","-4,750","-4,700","-4,650","-4,550"
AEQC01,8,,"-838,500","-7,050","-6,875","-6,725","-6,575","-6,450","-6,325","-6,225","-6,125","-6,050","-5,975","-5,900","-5,850","-5,825","-5,775","-5,775","-5,750","-5,775","-5,800","-5,850","-5,900","-6,025","-6,150","-6,325","-6,525","-6,750","-7,000","-7,275","-7,575","-7,875","-8,175","-8,450","-8,750","-9,000","-9,275","-9,500","-9,725","-9,900","-10,100","-10,250","-10,400","-10,550","-10,675","-10,800","-10,900","-11,000","-11,100","-11,175","-11,250","-11,300","-11,350","-11,375","-11,375","-11,350","-11,300","-11,225","-11,125","-11,025","-10,900","-10,775","-10,625","-10,500","-10,350","-10,225","-10,100","-9,975","-9,875","-9,775","-9,675","-9,575","-9,500","-9,425","-9,375","-9,325","-9,275","-9,250","-9,225","-9,225","-9,225","-9,225","-9,225","-9,200","-9,200","-9,175","-9,125","-9,075","-9,000","-8,925","-8,825","-8,725","-8,575","-8,425","-8,250","-8,050","-7,825","-7,625","-7,400"
AFALZ4C,17,,"-63,300",,,,,,,,,,,,,,,,,,,,,,,,,"-5,000","-5,000","-5,000",,,,,,"-6,450",,"-3,750",,"-3,750",,"-6,450",,"-6,450",,"-6,450",,,,,,,,,,,,,,"-1,500","-1,500","-1,500","-1,500","-1,500","-1,500","-1,500","-1,500","-1,500","-1,500",,,,,,,,,,,,,,,,,,,,,,,,,,,,,,
AFALZ5C,17,,"-15,000",,,,,,,,,,,,,,,,,,,,,,,,,,,,,,,,,,,,,,,,,,,,,,,,,,,,,,,,,"-1,500","-1,500","-1,500","-1,500","-1,500","-1,500","-1,500","-1,500","-1,500","-1,500",,,,,,,,,,,,,,,,,,,,,,,,,,,,,,
AFIBGEV,17,,"5,000",,,,,,,,,,,,,,,,,,,,,,,,,,,,,,,,,,,,,,,,,,,,,,,,,,,,,,,,,,,,,,,,,,,,,,,,,,,,,,,,,,,,,"1,250","1,250","1,250","1,250",,,,,,,,
AFIBHFC,17,,"-25,000",,,,,,,,,,,,,,,,,,,,,,,,,,,,,,,,,,,,,,,,,,,,,,,,,"-1,250","-1,250","-1,250","-1,250","-1,250","-1,250","-1,250","-1,250","-1,250","-1,250","-1,250","-1,250","-1,250","-1,250","-1,250","-1,250","-1,250","-1,250","-1,250","-1,250",,,,,,,,,,,,,,,,,,,,,,,,,,,,
AFIOLHC,17,,"-80,500",,,,,,,,,,,,,,,,,,,,,,,,,,,,,,,,,,,,,,,,,,,,,,,,,,,,,,,,,"-5,750","-5,750","-5,750","-5,750","-5,750","-5,750","-5,750","-5,750","-5,750","-5,750","-5,750","-5,750","-5,750","-5,750",,,,,,,,,,,,,,,,,,,,,,,,,,
AFIREHC,17,,"-62,500",,,,,,,,,,,,,,,,,,,,,,,,,,,,,,,,,,,,,,,,,,,,,,,,,,,,,,,,,,,,,"-6,250","-6,250","-6,250","-6,250","-6,250","-6,250","-6,250","-6,250","-3,125","-3,125","-3,125","-3,125",,,,,,,,,,,,,,,,,,,,,,,,
AFIROHC,17,,"-140,500",,,,,,,,,,,,,,,,,,,,,,,,,,,,,,,,,"-5,000",,"-5,000",,"-5,000",,"-5,000",,"-5,000",,"-5,000",,"-5,000",,"-5,000",,"-5,000",,"-5,000",,"-5,000",,"-5,000",,,"-5,750","-5,750","-5,750","-5,750","-5,750","-5,750","-5,750","-5,750","-5,750","-5,750","-5,750","-5,750","-5,750","-5,750",,,,,,,,,,,,,,,,,,,,,,,,,
AGENC01,8,,"-196,350","-1,500","-1,500","-1,500","-1,500","-1,400","-1,400","-1,400","-1,400","-1,325","-1,325","-1,325","-1,325","-1,300","-1,300","-1,300","-1,300","-1,325","-1,325","-1,325","-1,325","-1,450","-1,450","-1,425","-1,425","-1,850","-1,850","-1,850","-1,825","-2,250","-2,250","-2,250","-2,225","-2,475","-2,475","-2,450","-2,425","-2,525","-2,500","-2,500","-2,500","-2,550","-2,525","-2,525","-2,500","-2,550","-2,525","-2,525","-2,500","-2,550","-2,525","-2,525","-2,525","-2,525","-2,525","-2,525","-2,525","-2,375","-2,350","-2,350","-2,350","-2,200","-2,225","-2,225","-2,225","-2,150","-2,150","-2,175","-2,175","-2,150","-2,150","-2,175","-2,175","-2,125","-2,125","-2,150","-2,150","-2,225","-2,225","-2,225","-2,225","-2,300","-2,300","-2,325","-2,325","-2,325","-2,325","-2,350","-2,375","-2,025","-2,000","-2,000","-2,000","-1,725","-1,725","-1,725","-1,700"
AGMAC01,7,,"-18,100","-0,025","-0,025","-0,025","-0,025","-0,025","-0,025","-0,025","-0,025","-0,025","-0,025","-0,025","-0,025","-0,025","-0,050","-0,025","-0,025","-0,025","-0,025","-0,025","-0,025","-0,050","-0,050","-0,075","-0,075","-0,100","-0,125","-0,125","-0,175","-0,175","-0,150","-0,150","-0,200","-0,300","-0,275","-0,375","-0,350","-0,400","-0,350","-0,350","-0,375","-0,375","-0,325","-0,325","-0,325","-0,325","-0,300","-0,300","-0,325","-0,325","-0,300","-0,225","-0,250","-0,250","-0,250","-0,275","-0,350","-0,200","-0,150","-0,175","-0,150","-0,175","-0,275","-0,150","-0,250","-0,175","-0,200","-0,300","-0,275","-0,375","-0,375","-0,400","-0,350","-0,400","-0,375","-0,350","-0,275","-0,175","-0,175","-0,150","-0,150","-0,150","-0,150","-0,150","-0,150","-0,150","-0,175","-0,175","-0,175","-0,175","-0,175","-0,175","-0,175","-0,175","-0,175","-0,125","-0,050"
AGRIC01,8,,"-554,050","-4,100","-4,425","-4,325","-3,925","-4,250","-4,225","-4,175","-4,100","-4,050","-4,000","-3,975","-3,975","-3,975","-3,975","-3,950","-3,950","-4,100","-4,075","-4,125","-4,200","-4,275","-4,350","-4,250","-4,450","-3,825","-4,700","-4,850","-4,225","-4,325","-4,425","-4,525","-4,625","-4,750","-5,400","-4,875","-4,900","-5,825","-5,875","-6,575","-6,750","-6,600","-6,600","-7,000","-7,000","-7,350","-7,300","-7,350","-7,350","-7,300","-7,175","-7,175","-7,150","-7,100","-7,100","-7,075","-7,100","-7,025","-7,275","-7,300","-7,400","-7,825","-7,900","-7,950","-7,950","-8,000","-8,000","-7,975","-7,925","-7,525","-7,475","-7,400","-7,350","-6,900","-6,825","-6,800","-6,850","-6,925","-6,950","-6,975","-7,000","-7,025","-6,675","-6,625","-6,550","-6,450","-6,350","-5,925","-5,450","-4,375","-4,200","-4,075","-4,000","-4,025","-3,925","-3,825","-3,700"
AGUAV,10,,"333,350",,,,,,,,,,,,,,,,,,,,,,,,,,,,"0,050","0,300","0,925","1,775","2,700","3,675","4,775","5,950","6,975","7,725","8,275","8,700","8,975","9,075","9,075","8,975","8,875","8,875","8,500","8,550","8,575","8,325","8,300","8,275","8,200","8,100","7,950","7,750","7,600","7,475","7,400","7,350","7,275","7,175","7,050","6,900","6,700","6,425","6,000","5,550","5,150","5,000","4,750","4,600","4,500","4,450","4,300","4,250","4,200","4,025","3,725","3,325","2,950","2,500","1,925","1,325","0,800","0,400","0,075",,,,,,,,,,
AGUB,3,,"-2670,000",,,,,,,,,,,,,,,,,,,,,,,,,,,,,,,,,,,,,,,,"-89,000","-89,000","-89,000","-89,000","-89,000","-89,000","-89,000","-89,000","-89,000","-89,000","-89,000","-89,000","-89,000","-89,000","-89,000","-89,000","-89,000","-89,000","-89,000","-89,000","-89,000","-89,000","-89,000","-89,000","-89,000","-89,000","-89,000","-89,000","-89,000","-89,000",,,,,,,,,,,,,,,,,,,,,,,,,,,
AGUG,1,,"1655,175","20,000","20,000","20,000","20,000","20,000","20,000","20,000","20,000","39,775","30,000","20,000","20,000","20,000","20,000","20,000","20,000","20,000","20,000","20,000","20,000","20,000","20,000","20,000","20,000","20,000","20,000","20,000","21,200","36,000","39,900","36,000","36,000","45,050","40,000","20,000","20,000","20,000","40,000",,,,,,,,,,,,,,,,,,,,,,,,,,,,,,,,,"20,000","20,000","20,000","20,000","20,000","20,000","20,000","20,000","20,000","20,000","20,000","24,000","24,000","41,000","41,000","41,000","41,000","41,000","41,250","44,000","44,000","24,000","21,500","21,000","36,000","26,500"
AHORC01,8,,"-31,750","-0,300","-0,300","-0,300","-0,300","-0,300","-0,300","-0,300","-0,300","-0,300","-0,275","-0,300","-0,275","-0,275","-0,275","-0,275","-0,275","-0,275","-0,275","-0,275","-0,275","-0,275","-0,275","-0,275","-0,275","-0,275","-0,275","-0,275","-0,275","-0,300","-0,300","-0,300","-0,300","-0,350","-0,350","-0,350","-0,350","-0,350","-0,350","-0,350","-0,350","-0,375","-0,375","-0,375","-0,375","-0,375","-0,375","-0,350","-0,350","-0,375","-0,350","-0,375","-0,350","-0,375","-0,350","-0,350","-0,350","-0,375","-0,375","-0,350","-0,350","-0,350","-0,350","-0,350","-0,350","-0,325","-0,325","-0,325","-0,325","-0,350","-0,350","-0,350","-0,325","-0,350","-0,350","-0,350","-0,350","-0,375","-0,375","-0,350","-0,350","-0,350","-0,350","-0,350","-0,350","-0,375","-0,375","-0,350","-0,350","-0,375","-0,375","-0,350","-0,350","-0,375","-0,350","-0,300","-0,275"
AHTC01,8,,"-0,200",,,,,,,,,,,,,,,,,,,,,,,,,,,,,,,,,,,,,,,,,,,,,,,,,,,,,,,,,"-0,025","-0,025","-0,025","-0,025","-0,025","-0,025","-0,025","-0,025",,,,,,,,,,,,,,,,,,,,,,,,,,,,,,,,
AIREC01,8,,"-343,425","-3,125","-3,575","-3,600","-3,275","-3,600","-3,600","-3,550","-3,500","-3,375","-3,350","-3,300","-3,300","-3,325","-3,325","-3,325","-3,300","-3,500","-3,475","-3,475","-3,425","-3,350","-3,325","-3,150","-3,225","-2,650","-3,075","-3,250","-2,825","-2,975","-3,025","-3,050","-3,050","-2,975","-3,300","-2,950","-2,950","-3,525","-3,525","-3,950","-4,100","-3,950","-3,925","-4,150","-4,075","-4,275","-4,100","-4,075","-4,100","-4,000","-4,000","-3,975","-3,925","-3,825","-3,775","-3,725","-3,700","-3,650","-3,775","-3,775","-3,825","-4,100","-4,125","-4,150","-4,175","-4,200","-4,200","-4,250","-4,275","-4,150","-4,200","-4,200","-4,200","-3,950","-3,950","-3,925","-3,900","-3,875","-3,875","-3,850","-3,875","-3,875","-3,650","-3,650","-3,675","-3,700","-3,725","-3,550","-3,350","-2,775","-2,750","-2,725","-2,700","-2,700","-2,700","-2,675","-2,675"
AIREV01,2,,"31,850",,,,,,,,,,,,,,,,,,,,,,,,,,,,,,"0,025","0,075","0,100","0,150","0,225","0,275","0,350","0,400","0,475","0,525","0,575","0,625","0,675","0,725","0,775","0,800","0,825","0,850","0,875","0,875","0,875","0,900","0,900","0,925","0,925","0,925","0,925","0,925","0,900","0,900","0,875","0,850","0,825","0,800","0,775","0,750","0,725","0,700","0,675","0,650","0,625","0,575","0,550","0,500","0,450","0,400","0,375","0,325","0,275","0,225","0,175","0,150","0,125","0,075","0,050","0,025","0,025",,,,,,,,,,
AIZEC01,8,,"-17,500","-0,025","-0,150","-0,150","-0,150","-0,150","-0,150","-0,150","-0,150","-0,100",,"-0,075","-0,150","-0,125","-0,125","-0,125","-0,125","-0,125","-0,125","-0,125","-0,125","-0,125","-0,125","-0,125","-0,125","-0,150","-0,150","-0,150",,,,,,"-0,175","-0,200","-0,225","-0,250","-0,225","-0,250","-0,250","-0,250","-0,275","-0,275","-0,275","-0,275","-0,275","-0,275","-0,275","-0,275","-0,300","-0,300","-0,300","-0,300","-0,300","-0,300","-0,300","-0,300","-0,300","-0,300","-0,300","-0,300","-0,300","-0,300","-0,300","-0,300","-0,275","-0,275","-0,275","-0,275","-0,275","-0,275","-0,275","-0,275","-0,275","-0,275","-0,275","-0,275","-0,250","-0,250","-0,050","-0,150","-0,225",,,,,,,"-0,200","-0,200","-0,200",,,,"-0,175","-0,175","-0,150"
AJENC01,8,,"-17,400","-0,125","-0,125","-0,125","-0,125","-0,125","-0,125","-0,125","-0,125","-0,125","-0,125","-0,125","-0,125","-0,125","-0,125","-0,125","-0,125","-0,100","-0,100","-0,100","-0,100","-0,125","-0,125","-0,125","-0,125","-0,150","-0,150","-0,150","-0,150","-0,175","-0,175","-0,175","-0,175","-0,175","-0,175","-0,175","-0,175","-0,200","-0,200","-0,200","-0,200","-0,175","-0,175","-0,175","-0,175","-0,175","-0,175","-0,175","-0,175","-0,200","-0,200","-0,200","-0,200","-0,225","-0,225","-0,225","-0,225","-0,225","-0,225","-0,225","-0,225","-0,225","-0,225","-0,225","-0,225","-0,225","-0,225","-0,225","-0,225","-0,200","-0,200","-0,200","-0,200","-0,225","-0,225","-0,225","-0,225","-0,225","-0,225","-0,225","-0,225","-0,250","-0,250","-0,250","-0,250","-0,200","-0,200","-0,200","-0,200","-0,200","-0,200","-0,200","-0,200","-0,175","-0,175","-0,175","-0,175"
ALAHC01,8,,"-44,600","-0,450","-0,425","-0,425","-0,425","-0,400","-0,400","-0,400","-0,400","-0,375","-0,375","-0,375","-0,375","-0,350","-0,350","-0,350","-0,350","-0,350","-0,350","-0,350","-0,350","-0,350","-0,325","-0,350","-0,325","-0,350","-0,375","-0,375","-0,400","-0,425","-0,425","-0,450","-0,450","-0,450","-0,475","-0,475","-0,475","-0,475","-0,475","-0,475","-0,475","-0,500","-0,500","-0,500","-0,500","-0,500","-0,475","-0,500","-0,500","-0,500","-0,500","-0,500","-0,500","-0,500","-0,525","-0,525","-0,525","-0,525","-0,550","-0,525","-0,525","-0,525","-0,525","-0,550","-0,550","-0,525","-0,525","-0,525","-0,550","-0,525","-0,525","-0,550","-0,550","-0,525","-0,525","-0,525","-0,525","-0,550","-0,550","-0,550","-0,525","-0,500","-0,500","-0,500","-0,500","-0,500","-0,500","-0,500","-0,500","-0,500","-0,475","-0,475","-0,475","-0,475","-0,450","-0,450","-0,425"
ALARCOS,10,,"353,925",,,,,,,,,,,,,,,,,,,,,,,,,"0,025","0,050","0,050","0,025","0,050","0,325","0,850","1,650","2,775","3,950","4,975","5,875","6,650","7,275","7,725","7,975","8,100","8,175","8,225","8,300","6,750","6,750","6,750","6,750","7,000","7,000","7,000","7,250","7,250","7,000","7,000","7,000","7,250","7,250","7,000","7,000","7,250","7,250","7,500","7,250","7,500","7,250","7,500","7,250","7,250","7,250","7,250","7,250","7,950","7,850","7,700","7,575","7,375","7,000","6,400","5,550","4,625","3,675","2,650","1,525","0,725","0,375","0,150","0,025",,,,,,,,
ALBATER,10,,"21,575",,,,,,,,,,,,,,,,,,,,,,,,,,,,,,,"0,025","0,025","0,050","0,075","0,100","0,125","0,175","0,225","0,250","0,300","0,325","0,375","0,400","0,775","0,775","0,775","0,500","0,525","0,550","0,575","0,575","0,600","0,775","0,175","0,775","0,775","0,775","0,775","0,625","0,625","0,775","0,750","0,775","0,575","0,575","0,550","0,500","0,475","0,450","0,425","0,400","0,350","0,325","0,275","0,225","0,200","0,175","0,125","0,100","0,050","0,050","0,025","0,025",,,,,,,,,,,,,
ALBCC01,8,,"-11,625","-0,175","-0,150","-0,150","-0,150","-0,125","-0,125","-0,125","-0,125","-0,100","-0,100","-0,100","-0,100","-0,100","-0,100","-0,100","-0,100","-0,125","-0,125","-0,125","-0,125","-0,125","-0,125","-0,125","-0,125","-0,100","-0,100","-0,100","-0,100","-0,100","-0,100","-0,100","-0,100","-0,100","-0,100","-0,100","-0,100","-0,100","-0,100","-0,100","-0,100","-0,100","-0,100","-0,100","-0,100","-0,100","-0,125","-0,125","-0,150","-0,150","-0,150","-0,150","-0,150","-0,125","-0,100","-0,100","-0,075","-0,050","-0,025","-0,025","-0,025","-0,075","-0,075","-0,075","-0,075","-0,075","-0,075","-0,075","-0,075","-0,025",,"-0,025","-0,050","-0,100","-0,150","-0,175","-0,175","-0,125","-0,150","-0,150","-0,175","-0,175","-0,200","-0,200","-0,200","-0,200","-0,200","-0,200","-0,200","-0,225","-0,225","-0,225","-0,225","-0,200","-0,175","-0,175","-0,150"
ALBOLOT,10,,"1,025",,,,,,,,,,,,,,,,,,,,,,,,,,,,"0,025","0,025","0,025","0,025","0,025","0,050","0,050","0,075","0,100","0,125","0,150","0,150","0,175",,,,,,,,,,,,,,,,,,,,,,,,,,,,,,,,,,,,,,,,,"0,025",,,,,,,,,,,,,,,
ALCAC01,8,,"-744,600","-6,300","-6,300","-6,200","-6,000","-5,800","-5,800","-5,600","-5,600","-5,500","-5,400","-5,300","-5,300","-5,200","-5,200","-5,200","-5,100","-5,100","-5,100","-5,100","-5,100","-5,200","-5,300","-5,200","-5,400","-5,700","-5,900","-6,100","-6,300","-6,800","-6,800","-6,900","-6,900","-7,600","-7,700","-7,700","-7,800","-8,400","-8,500","-8,600","-8,700","-9,200","-9,200","-9,200","-9,300","-9,500","-9,600","-9,600","-9,800","-9,900","-9,900","-9,900","-10,100","-9,900","-9,900","-9,900","-9,800","-9,500","-9,500","-9,400","-9,300","-9,100","-9,200","-9,300","-9,300","-9,200","-9,200","-9,200","-9,200","-9,000","-9,100","-8,900","-9,000","-8,700","-8,900","-8,900","-8,700","-8,600","-8,700","-8,800","-8,800","-8,500","-8,500","-8,400","-8,400","-8,100","-8,000","-8,000","-7,900","-8,000","-7,900","-7,700","-7,600","-7,200","-7,100","-6,800","-6,600"
ALCAZA2,10,,"18,200",,,,,,,,,,,,,,,,,,,,,,,,,,,,,,"0,025","0,050","0,075","0,125","0,175","0,200","0,250","0,300","0,325","0,350","0,350","0,375","0,375","0,400","0,400","0,400","0,400","0,425","0,425","0,425","0,425","0,425","0,425","0,425","0,425","0,425","0,425","0,425","0,425","0,425","0,425","0,425","0,425","0,425","0,425","0,425","0,425","0,425","0,425","0,425","0,425","0,425","0,400","0,400","0,375","0,350","0,325","0,275","0,250","0,200","0,150","0,125","0,075","0,050","0,025",,,,,,,,,,,,
ALDDC01,8,,"-73,425","-1,050","-1,025","-1,000","-1,000","-1,050","-1,050","-1,025","-1,000","-0,925","-0,900","-0,875","-0,875","-0,875","-0,875","-0,875","-0,875","-0,875","-0,875","-0,875","-0,875","-0,875","-0,875","-0,875","-0,875","-0,900","-0,900","-0,875","-0,800","-0,650","-0,600","-0,575","-0,575","-0,625","-0,650","-0,650","-0,650","-0,650","-0,650","-0,650","-0,650","-0,650","-0,650","-0,650","-0,650","-0,625","-0,625","-0,625","-0,625","-0,625","-0,625","-0,625","-0,625","-0,650","-0,650","-0,650","-0,650","-0,650","-0,625","-0,625","-0,600","-0,575","-0,575","-0,575","-0,575","-0,575","-0,575","-0,575","-0,575","-0,600","-0,625","-0,625","-0,650","-0,650","-0,650","-0,650","-0,675","-0,675","-0,700","-0,700","-0,725","-0,725","-0,725","-0,725","-0,725","-0,650","-0,650","-0,700","-0,800","-1,000","-1,125","-1,175","-1,200","-1,175","-1,200","-1,175","-1,125"
ALDEC01,8,,"-4,175","-0,025","-0,025","-0,025","-0,025","-0,025","-0,025","-0,025","-0,025","-0,025","-0,025","-0,025","-0,025","-0,025","-0,025","-0,025","-0,025","-0,025","-0,025","-0,025","-0,025","-0,025","-0,025","-0,025","-0,025","-0,025","-0,025","-0,025","-0,025","-0,025","-0,025","-0,025","-0,025","-0,025","-0,025","-0,050","-0,050","-0,050","-0,050","-0,075","-0,075","-0,075","-0,075","-0,075","-0,075","-0,075","-0,075","-0,075","-0,075","-0,075","-0,075","-0,075","-0,075","-0,075","-0,075","-0,075","-0,050","-0,050","-0,050","-0,075","-0,075","-0,075","-0,075","-0,075","-0,075","-0,075","-0,075","-0,075","-0,075","-0,075","-0,075","-0,075","-0,050","-0,050","-0,050","-0,050","-0,025","-0,025","-0,025","-0,025","-0,025","-0,025","-0,025","-0,025","-0,025","-0,025","-0,025","-0,025","-0,025","-0,025","-0,025","-0,025","-0,025","-0,025","-0,025","-0,025","-0,025"
ALDEHU,10,,"112,750","1,050","1,125","1,175","1,225","1,200","1,100","1,000","0,875","0,775","0,675","0,575","0,475","0,475","0,550","0,650","0,725","0,750","0,700","0,675","0,625","0,575","0,550","0,525","0,475","0,450","0,400","0,350","0,325","0,300","0,300","0,300","0,300","0,275","0,275","0,275","0,250","0,250","0,250","0,275","0,275","0,300","0,350","0,400","0,425","0,500","0,575","0,650","0,725","0,675","0,850","1,050","1,250","1,450","1,675","1,925","2,150","2,275","2,275","2,300","2,300","2,300","2,275","2,250","2,200","2,250","2,350","2,425","2,525","2,550","2,475","2,400","2,325","2,225","2,125","2,000","1,875","1,775","1,650","1,550","1,450","1,425","1,500","1,575","1,625","1,650","1,600","1,575","1,525","1,475","1,375","1,300","1,225","1,175","1,125","1,100","1,050"
ALDRC01,8,,"-10238,025","-87,675","-87,625","-87,650","-85,375","-83,425","-81,550","-79,950","-78,475","-76,900","-75,525","-74,375","-73,575","-72,925","-72,425","-71,950","-71,475","-71,050","-70,725","-70,450","-70,325","-70,400","-71,050","-72,200","-74,275","-77,000","-80,425","-83,600","-86,825","-90,250","-94,025","-97,150","-100,050","-102,575","-105,525","-108,000","-110,175","-112,200","-114,225","-115,925","-117,475","-119,550","-121,100","-122,600","-123,975","-125,150","-126,150","-126,975","-127,950","-128,750","-129,900","-130,825","-131,575","-131,825","-132,275","-132,350","-131,900","-131,175","-129,900","-128,725","-127,600","-126,500","-125,300","-124,475","-123,825","-123,125","-122,475","-121,950","-121,625","-121,500","-121,375","-121,250","-121,025","-120,875","-120,700","-120,675","-120,825","-121,550","-121,800","-121,975","-122,125","-122,700","-122,575","-122,175","-121,275","-120,650","-119,050","-117,400","-115,775","-114,200","-112,075","-109,775","-107,175","-104,150","-101,025","-97,800","-98,250"
ALDRV01,2,,"11,125",,,,,,,,,,,,,,,,,,,,,,,,,,,,,,,,"0,025","0,025","0,050","0,050","0,075","0,100","0,100","0,150","0,150","0,175","0,200","0,225","0,250","0,250","0,275","0,300","0,300","0,325","0,325","0,325","0,350","0,350","0,350","0,350","0,350","0,350","0,350","0,350","0,350","0,350","0,350","0,325","0,325","0,300","0,300","0,275","0,275","0,250","0,225","0,225","0,200","0,175","0,150","0,125","0,125","0,100","0,075","0,050","0,050","0,025","0,025",,,,,,,,,,,,,,
ALG3,1,,"643,000",,,,,,,,,,,,,,,,,,,,,,,,,,,,,,,,,,,,,,,,,,,,,,,,,,,,,,,,,,,,,,,,,,,,,,,,,"3,750","5,500","11,000","12,000","12,000","12,000","12,000","12,250","22,250","34,500","34,500","36,250","36,250","36,250","36,250","36,250","36,250","36,250","36,250","36,250","36,250","36,250","36,250","36,250"
ALHAM,10,,"30,050",,,,,,,,,,,,,,,,,,,,,,,,,,,,,,,,"0,025","0,050","0,100","0,150","0,200","0,275","0,325","0,400","0,450","0,525","0,575","0,625","0,675","0,700","0,750","0,775","0,800","0,850","0,875","0,900","0,900","0,925","0,925","0,925","0,925","0,950","0,925","0,925","0,925","0,925","0,900","0,875","0,850","0,825","0,800","0,775","0,725","0,700","0,650","0,600","0,550","0,475","0,425","0,375","0,300","0,250","0,200","0,150","0,100","0,075","0,050","0,025","0,025","0,025","0,025","0,025",,,,,,,,,
ALIOC01,8,,"-8,675","-0,100","-0,100","-0,100","-0,075","-0,075","-0,075","-0,075","-0,075","-0,075","-0,075","-0,075","-0,075","-0,075","-0,075","-0,075","-0,075","-0,075","-0,075","-0,075","-0,050","-0,050","-0,050","-0,050","-0,050","-0,050","-0,050","-0,050","-0,050","-0,050","-0,050","-0,075","-0,075","-0,075","-0,075","-0,075","-0,075","-0,075","-0,075","-0,075","-0,075","-0,075","-0,075","-0,100","-0,100","-0,100","-0,100","-0,100","-0,100","-0,100","-0,100","-0,100","-0,100","-0,100","-0,100","-0,100","-0,100","-0,100","-0,100","-0,100","-0,100","-0,100","-0,100","-0,100","-0,100","-0,100","-0,100","-0,100","-0,100","-0,100","-0,100","-0,100","-0,100","-0,100","-0,100","-0,100","-0,100","-0,100","-0,100","-0,125","-0,125","-0,125","-0,125","-0,125","-0,125","-0,125","-0,125","-0,125","-0,125","-0,125","-0,125","-0,125","-0,100","-0,100","-0,100","-0,100","-0,100"
ALMAC01,7,,"-91,500","-1,100","-1,100","-1,100","-1,100","-1,100","-1,100","-1,100","-1,100","-1,050","-1,050","-1,050","-1,050","-1,075","-1,075","-1,075","-1,075","-1,050","-1,050","-1,050","-1,050","-1,050","-1,050","-1,050","-1,050","-1,050","-1,050","-1,050","-1,050","-1,125","-1,125","-1,125","-1,125","-1,100","-1,100","-1,100","-1,100","-0,950","-0,950","-0,950","-0,950","-0,850","-0,850","-0,850","-0,850","-0,675","-0,675","-0,675","-0,675","-0,750","-0,750","-0,750","-0,750","-0,750","-0,750","-0,750","-0,750","-0,750","-0,750","-0,750","-0,750","-0,825","-0,825","-0,825","-0,825","-0,850","-0,850","-0,850","-0,850","-0,850","-0,850","-0,850","-0,850","-0,900","-0,900","-0,900","-0,900","-0,850","-0,850","-0,850","-0,850","-1,050","-1,050","-1,050","-1,050","-1,025","-1,025","-1,025","-1,025","-1,050","-1,050","-1,050","-1,050","-1,050","-1,050","-1,050","-1,050"
ALPXC01,8,,"-148,325","-1,100","-1,075","-1,050","-1,050","-1,025","-1,000","-0,975","-0,975","-0,975","-0,975","-0,975","-0,950","-0,950","-0,950","-0,950","-0,950","-0,975","-0,975","-0,975","-0,975","-0,950","-0,975","-1,000","-1,050","-1,100","-1,150","-1,225","-1,300","-1,425","-1,500","-1,575","-1,675","-1,750","-1,850","-1,925","-1,975","-2,025","-2,075","-2,125","-2,125","-2,125","-2,150","-2,150","-2,150","-2,175","-2,175","-2,175","-2,150","-2,150","-2,150","-2,125","-2,125","-2,125","-2,100","-2,075","-2,025","-1,975","-1,950","-1,900","-1,875","-1,825","-1,800","-1,775","-1,750","-1,750","-1,725","-1,725","-1,700","-1,725","-1,725","-1,700","-1,700","-1,700","-1,700","-1,700","-1,675","-1,650","-1,625","-1,600","-1,600","-1,575","-1,550","-1,550","-1,525","-1,500","-1,475","-1,450","-1,400","-1,350","-1,300","-1,275","-1,225","-1,200","-1,150","-1,125","-1,100"
ALQSC01,8,,"-129,475","-1,725","-1,675","-1,625","-1,550","-1,500","-1,450","-1,400","-1,350","-1,325","-1,275","-1,250","-1,225","-1,200","-1,175","-1,150","-1,125","-1,125","-1,100","-1,075","-1,075","-1,050","-1,050","-1,025","-1,025","-1,025","-1,000","-1,000","-1,000","-1,000","-1,000","-1,000","-0,975","-0,975","-0,950","-0,950","-0,950","-0,975","-0,975","-0,975","-0,975","-1,000","-1,025","-1,025","-1,050","-1,075","-1,100","-1,125","-1,150","-1,200","-1,225","-1,250","-1,275","-1,300","-1,325","-1,350","-1,400","-1,425","-1,450","-1,475","-1,500","-1,500","-1,525","-1,525","-1,525","-1,500","-1,500","-1,500","-1,500","-1,525","-1,525","-1,525","-1,550","-1,550","-1,550","-1,575","-1,575","-1,575","-1,600","-1,600","-1,625","-1,625","-1,650","-1,650","-1,700","-1,725","-1,750","-1,800","-1,825","-1,825","-1,825","-1,800","-1,775","-1,750","-1,700","-1,650","-1,600"
ALSEC01,8,,"-138,800","-1,400","-1,400","-1,400","-1,300","-1,300","-1,200","-1,200","-1,200","-1,200","-1,200","-1,200","-1,200","-1,100","-1,100","-1,100","-1,100","-1,100","-1,100","-1,100","-1,100","-1,100","-1,100","-1,100","-1,100","-1,100","-1,200","-1,200","-1,200","-1,200","-1,200","-1,300","-1,300","-1,400","-1,400","-1,400","-1,400","-1,500","-1,500","-1,500","-1,500","-1,600","-1,600","-1,600","-1,600","-1,600","-1,600","-1,600","-1,600","-1,700","-1,700","-1,700","-1,700","-1,700","-1,700","-1,700","-1,800","-1,700","-1,700","-1,700","-1,600","-1,500","-1,500","-1,600","-1,600","-1,600","-1,500","-1,500","-1,600","-1,600","-1,600","-1,500","-1,600","-1,600","-1,600","-1,500","-1,600","-1,600","-1,600","-1,600","-1,600","-1,600","-1,600","-1,600","-1,600","-1,500","-1,500","-1,500","-1,600","-1,600","-1,600","-1,500","-1,500","-1,500","-1,500","-1,400","-1,400"
ALUEC01,8,,"-108,500","-1,025","-1,025","-1,025","-1,025","-0,950","-0,950","-0,950","-0,950","-0,900","-0,900","-0,900","-0,900","-0,900","-0,900","-0,900","-0,900","-0,875","-0,875","-0,875","-0,875","-0,900","-0,900","-0,900","-0,900","-0,950","-0,950","-0,950","-0,950","-0,975","-0,975","-0,975","-0,975","-1,025","-1,025","-1,025","-1,025","-1,125","-1,125","-1,125","-1,125","-1,225","-1,225","-1,225","-1,225","-1,275","-1,275","-1,275","-1,275","-1,350","-1,350","-1,350","-1,350","-1,375","-1,375","-1,375","-1,375","-1,325","-1,325","-1,325","-1,325","-1,250","-1,250","-1,250","-1,250","-1,225","-0,225","-1,225","-1,225","-1,200","-1,200","-1,200","-1,200","-1,250","-1,250","-1,250","-1,250","-1,225","-1,225","-1,225","-1,225","-1,275","-1,275","-1,275","-1,275","-1,275","-1,275","-1,275","-1,275","-1,300","-1,300","-1,300","-1,300","-1,200","-1,200","-1,200","-1,200"
ALUZC01,8,,"-539,200","-4,800","-4,800","-4,700","-4,600","-4,300","-4,200","-4,100","-4,100","-3,900","-3,900","-3,800","-3,800","-3,700","-3,700","-3,700","-3,600","-3,600","-3,600","-3,600","-3,600","-3,500","-3,600","-3,600","-3,600","-3,600","-3,700","-3,700","-3,800","-3,900","-4,000","-4,100","-4,200","-4,800","-4,900","-5,000","-5,100","-5,700","-5,800","-5,900","-5,900","-6,500","-6,500","-6,600","-6,600","-6,800","-6,800","-6,900","-6,900","-7,100","-7,100","-7,200","-7,200","-7,400","-7,400","-7,400","-7,500","-7,200","-7,200","-7,200","-7,200","-7,000","-6,900","-6,900","-6,900","-6,800","-6,800","-6,800","-6,800","-6,700","-6,700","-6,700","-6,700","-6,700","-6,700","-6,700","-6,800","-6,700","-6,700","-6,700","-6,600","-6,500","-6,400","-6,300","-6,300","-6,100","-6,000","-6,000","-6,000","-6,100","-6,000","-5,900","-5,700","-5,500","-5,400","-5,300","-5,200"
ALZ1,1,,"23594,400","245,775","245,775","245,775","245,775","245,775","245,775","245,775","245,775","245,775","245,775","245,775","245,775","245,775","245,775","245,775","245,775","245,775","245,775","245,775","245,775","245,775","245,775","245,775","245,775","245,775","245,775","245,775","245,775","245,775","245,775","245,775","245,775","245,775","245,775","245,775","245,775","245,775","245,775","245,775","245,775","245,775","245,775","245,775","245,775","245,775","245,775","245,775","245,775","245,775","245,775","245,775","245,775","245,775","245,775","245,775","245,775","245,775","245,775","245,775","245,775","245,775","245,775","245,775","245,775","245,775","245,775","245,775","245,775","245,775","245,775","245,775","245,775","245,775","245,775","245,775","245,775","245,775","245,775","245,775","245,775","245,775","245,775","245,775","245,775","245,775","245,775","245,775","245,775","245,775","245,775","245,775","245,775","245,775","245,775","245,775","245,775"
ALZ2,1,,"23110,800","240,750","240,750","240,750","240,750","240,750","240,750","240,750","240,750","240,750","240,750","240,750","240,750","240,750","240,750","240,750","240,750","240,750","240,750","240,750","240,750","240,750","240,750","240,750","240,750","240,750","240,750","240,750","240,750","240,750","240,750","240,750","240,750","240,750","240,750","240,750","240,750","240,750","240,750","240,750","240,750","240,750","240,750","240,750","240,750","240,750","240,750","240,750","240,750","240,725","240,725","240,725","240,725","240,725","240,725","240,725","240,725","240,725","240,725","240,725","240,725","240,725","240,725","240,725","240,725","240,725","240,725","240,725","240,725","240,725","240,725","240,725","240,725","240,725","240,725","240,725","240,725","240,725","240,725","240,725","240,725","240,725","240,725","240,725","240,725","240,725","240,725","240,725","240,725","240,725","240,725","240,725","240,725","240,725","240,725","240,725","240,725"
AMBIETA,1,,"2850,000","53,250","53,250","53,250","53,250","53,250","53,250","53,250","53,250","53,250","53,250","53,250","53,250","53,250","53,250","53,250","53,250","53,250","53,250","53,250","53,250","53,250","53,250","53,250","53,250","53,250","53,250","53,250","53,250","53,250","53,250","53,250","53,250","53,250","53,250","53,250","53,250","28,000","2,000",,,,,,,,,,,,,,,,,,,,,,,,,,,,,,,,,,,,,,,,"9,000","14,000","28,000","53,250","53,250","53,250","53,250","53,250","53,250","53,250","53,250","53,250","53,250","53,250","53,250","53,250","53,250","53,250","53,250"
AMBIETX,11,,"-26,650",,,,,,,,,,,,,,,,,,,,,,,,,,,,,,,,,,,,,,,"-1,000","-1,000","-1,000","-1,000","-0,875","-0,875","-0,875","-0,875","-0,625","-0,625","-0,625","-0,625","-0,575","-0,575","-0,575","-0,575","-0,350","-0,350","-0,350","-0,575","-0,575","-0,575","-0,575","-0,575","-0,575","-0,575","-0,575","-0,625","-0,625","-0,625","-0,625","-0,625","-0,625","-0,625","-0,625","-0,925","-0,925","-0,925","-0,925",,,,,,,,,,,,,,,,,,,
AMEC01,8,,"-1557,750","-12,600","-12,100","-11,675","-11,525","-11,375","-11,300","-11,025","-10,750","-10,750","-10,550","-10,400","-10,300","-10,300","-10,250","-10,175","-9,925","-9,850","-10,000","-10,050","-10,000","-10,150","-10,300","-10,650","-10,850","-11,400","-11,750","-12,425","-12,800","-14,100","-14,975","-15,475","-15,950","-16,575","-17,075","-17,225","-17,400","-18,000","-18,500","-18,925","-19,025","-19,425","-19,775","-20,275","-20,425","-20,675","-20,925","-21,075","-21,475","-21,450","-21,500","-21,325","-21,650","-21,475","-21,325","-21,175","-20,750","-20,375","-20,250","-19,700","-19,275","-18,700","-18,650","-18,425","-18,250","-17,875","-18,175","-18,050","-17,875","-17,850","-17,900","-18,225","-18,025","-17,975","-18,175","-18,325","-18,300","-18,650","-18,875","-19,025","-18,825","-18,925","-19,150","-19,175","-18,675","-18,150","-18,000","-17,625","-17,125","-17,100","-16,725","-16,175","-15,400","-14,775","-14,375","-13,975","-13,500"
AMIC01,8,,"-28,200","-0,250","-0,250","-0,250","-0,250","-0,225","-0,250","-0,250","-0,225","-0,200","-0,200","-0,200","-0,200","-0,225","-0,225","-0,225","-0,225","-0,225","-0,225","-0,225","-0,200","-0,200","-0,200","-0,200","-0,200","-0,225","-0,225","-0,225","-0,200","-0,250","-0,250","-0,250","-0,250","-0,300","-0,300","-0,300","-0,300","-0,300","-0,300","-0,300","-0,300","-0,300","-0,300","-0,300","-0,300","-0,325","-0,325","-0,325","-0,325","-0,350","-0,350","-0,350","-0,350","-0,375","-0,375","-0,375","-0,375","-0,375","-0,375","-0,375","-0,375","-0,375","-0,375","-0,375","-0,375","-0,350","-0,350","-0,350","-0,350","-0,325","-0,325","-0,325","-0,325","-0,325","-0,325","-0,325","-0,325","-0,350","-0,350","-0,350","-0,350","-0,325","-0,325","-0,325","-0,325","-0,300","-0,300","-0,300","-0,300","-0,300","-0,300","-0,300","-0,300","-0,275","-0,275","-0,275","-0,275"
AMPEACI,10,,"36,400","0,575","0,650","0,700","0,775","0,800","0,825","0,850","0,875","1,125","1,050","0,975","0,900","0,825","0,775","0,725","0,675","0,575","0,575","0,550","0,525","0,600","0,575","0,550","0,550","0,500","0,475","0,425","0,375","0,075","0,075","0,075","0,050","0,050","0,050","0,050","0,050","0,050","0,050","0,025","0,025",,,,,,,"0,025","0,025","0,025","0,025","0,025","0,025","0,075","0,075","0,100","0,100","0,125","0,125","0,125","0,150","0,150","0,175","0,175","0,200","0,200","0,225","0,250","0,275","0,300","0,325","0,350","0,375","0,375","0,400","0,400","0,425","0,425","0,450","0,450","0,475","0,525","0,550","0,600","0,650","0,600","0,725","0,750","0,750","0,700","0,675","0,625","0,625","0,375","0,325","0,275","0,225"
AMPEC01,8,,"-17,400","-0,025","-0,200","-0,200","-0,200","-0,200","-0,200","-0,200","-0,175","-0,125",,"-0,075","-0,150","-0,125","-0,125","-0,125","-0,125","-0,125","-0,125","-0,125","-0,125","-0,125","-0,125","-0,125","-0,125","-0,150","-0,175","-0,175",,,,,,"-0,225","-0,275","-0,275","-0,275","-0,250","-0,250","-0,250","-0,250","-0,275","-0,300","-0,300","-0,300","-0,300","-0,300","-0,300","-0,300","-0,300","-0,300","-0,300","-0,300","-0,325","-0,350","-0,325","-0,300","-0,250","-0,225","-0,225","-0,225","-0,250","-0,275","-0,275","-0,275","-0,275","-0,275","-0,275","-0,275","-0,275","-0,275","-0,275","-0,250","-0,225","-0,200","-0,200","-0,200","-0,200","-0,200","-0,050","-0,125","-0,200",,,,,,,"-0,150","-0,175","-0,175",,,,"-0,150","-0,150","-0,150"
AMPRC01,8,,"-2,925","-0,025","-0,025","-0,025","-0,025","-0,025","-0,025","-0,025","-0,025","-0,025","-0,025","-0,025","-0,025","-0,025","-0,025","-0,025","-0,025","-0,025","-0,025","-0,025","-0,025","-0,025","-0,025","-0,025","-0,025","-0,025","-0,025","-0,025","-0,025",,,,"-0,025","-0,025","-0,025",,"-0,025",,,"-0,025","-0,025","-0,025","-0,025","-0,025","-0,025","-0,025","-0,025","-0,025","-0,025","-0,025","-0,025","-0,025","-0,025","-0,050","-0,050","-0,050","-0,050","-0,075","-0,050","-0,050","-0,050","-0,050","-0,050","-0,050","-0,050","-0,050","-0,050","-0,050","-0,050","-0,050","-0,050","-0,050","-0,050","-0,025","-0,025","-0,025","-0,025","-0,050","-0,050","-0,050","-0,050","-0,025","-0,050","-0,050","-0,050",,,,"-0,025","-0,025","-0,050","-0,025","-0,050","-0,025","-0,025","-0,025","-0,025"
ANGLC01,8,,"-19,400","-0,175","-0,175","-0,175","-0,175","-0,175","-0,175","-0,175","-0,150","-0,150","-0,150","-0,150","-0,150","-0,150","-0,150","-0,150","-0,150","-0,150","-0,150","-0,150","-0,150","-0,150","-0,150","-0,150","-0,150","-0,150","-0,150","-0,175","-0,175","-0,175","-0,175","-0,200","-0,200","-0,200","-0,200","-0,200","-0,200","-0,200","-0,200","-0,225","-0,225","-0,225","-0,225","-0,250","-0,250","-0,250","-0,250","-0,250","-0,250","-0,250","-0,250","-0,250","-0,250","-0,250","-0,250","-0,250","-0,250","-0,250","-0,250","-0,250","-0,250","-0,250","-0,250","-0,250","-0,225","-0,225","-0,225","-0,225","-0,225","-0,225","-0,225","-0,225","-0,225","-0,225","-0,225","-0,225","-0,200","-0,200","-0,200","-0,200","-0,200","-0,200","-0,200","-0,200","-0,200","-0,200","-0,200","-0,200","-0,200","-0,200","-0,200","-0,200","-0,200","-0,200","-0,200","-0,200","-0,175"
ANIMC01,8,,"-158,250","-2,075","-2,050","-2,050","-2,000","-1,950","-1,925","-1,875","-1,825","-1,850","-1,825","-1,800","-1,775","-1,775","-1,825","-1,800","-1,800","-1,850","-1,850","-1,875","-1,850","-1,925","-1,950","-1,925","-1,875","-1,800","-1,825","-1,750","-1,600","-1,350","-1,350","-1,375","-1,375","-1,425","-1,425","-1,450","-1,400","-1,425","-1,450","-1,450","-1,450","-1,475","-1,450","-1,475","-1,450","-1,450","-1,450","-1,475","-1,475","-1,500","-1,500","-1,475","-1,450","-1,475","-1,450","-1,450","-1,400","-1,375","-1,375","-1,350","-1,325","-1,300","-1,325","-1,300","-1,325","-1,300","-1,325","-1,325","-1,325","-1,325","-1,400","-1,400","-1,400","-1,425","-1,500","-1,450","-1,500","-1,500","-1,525","-1,550","-1,600","-1,625","-1,650","-1,650","-1,625","-1,675","-1,725","-1,775","-1,875","-2,225","-2,375","-2,425","-2,375","-2,325","-2,350","-2,275","-2,175"
ANTEC01,8,,"-2,350","-0,025","-0,025","-0,025","-0,025","-0,025","-0,025","-0,025","-0,025","-0,025","-0,025","-0,025","-0,025","-0,025","-0,025","-0,025","-0,025","-0,025","-0,025","-0,025","-0,025","-0,025","-0,025","-0,025","-0,025","-0,025","-0,025","-0,025","-0,025","-0,025","-0,025","-0,025","-0,025","-0,025",,"-0,025",,"-0,025","-0,025","-0,025","-0,025","-0,025","-0,025","-0,025","-0,025","-0,025","-0,025","-0,025","-0,025","-0,025","-0,025","-0,025","-0,025","-0,025","-0,025","-0,025","-0,025","-0,025","-0,025","-0,025","-0,025","-0,025","-0,025","-0,025","-0,025","-0,025","-0,025","-0,025","-0,025","-0,025","-0,025","-0,025","-0,025","-0,025","-0,025","-0,025","-0,025","-0,025","-0,025","-0,025","-0,025","-0,025","-0,025","-0,025","-0,025","-0,025","-0,025","-0,025","-0,025","-0,025","-0,025","-0,025","-0,025","-0,025","-0,025","-0,025","-0,025"
APOLC01,8,,"-270,175","-2,750","-2,725","-2,775","-2,725","-2,550","-2,600","-2,625","-2,575","-2,475","-2,475","-2,500","-2,450","-2,375","-2,450","-2,375","-2,375","-2,350","-2,350","-2,350","-2,375","-2,400","-2,375","-2,350","-2,300","-2,475","-2,625","-2,700","-2,825","-2,950","-2,975","-2,975","-2,950","-3,150","-3,150","-3,075","-3,050","-3,625","-2,675","-3,075","-3,050","-3,100","-3,075","-3,075","-3,025","-3,075","-3,025","-2,925","-3,000","-3,050","-3,025","-3,025","-3,050","-3,025","-3,000","-3,025","-2,950","-2,875","-2,850","-2,750","-2,675","-2,625","-2,650","-2,675","-2,725","-2,575","-2,625","-2,575","-2,575","-2,525","-2,625","-2,600","-2,625","-2,650","-2,625","-2,700","-2,800","-2,900","-3,000","-3,050","-3,075","-3,200","-3,150","-3,125","-3,125","-3,200","-3,175","-3,175","-3,175","-3,200","-3,150","-3,100","-3,075","-2,875","-2,875","-2,875","-2,925"
APRC01,7,,"-14,925","-0,200","-0,200","-0,200","-0,175","-0,175","-0,175","-0,175","-0,150","-0,175","-0,175","-0,175","-0,175","-0,150","-0,150","-0,175","-0,175","-0,150","-0,150","-0,150","-0,150","-0,150","-0,125","-0,125","-0,125","-0,125","-0,125","-0,125","-0,125","-0,125","-0,125","-0,150","-0,150","-0,150","-0,125","-0,150","-0,150","-0,150","-0,150","-0,150","-0,125","-0,150","-0,150","-0,150","-0,150","-0,175","-0,175","-0,175","-0,150","-0,150","-0,175","-0,175","-0,175","-0,200","-0,175","-0,175","-0,150","-0,125","-0,125","-0,125","-0,150","-0,150","-0,125","-0,150","-0,150","-0,175","-0,175","-0,175","-0,175","-0,175","-0,175","-0,150","-0,150","-0,175","-0,125","-0,175","-0,175","-0,175","-0,150","-0,150","-0,125","-0,150","-0,150","-0,175","-0,150","-0,150","-0,150","-0,150","-0,150","-0,150","-0,150","-0,150","-0,150","-0,175","-0,150","-0,150","-0,150"
APRIC01,8,,"-185,450","-1,275","-1,425","-1,400","-1,225","-1,325","-1,300","-1,275","-1,275","-1,275","-1,250","-1,250","-1,225","-1,225","-1,225","-1,225","-1,225","-1,275","-1,250","-1,275","-1,275","-1,275","-1,300","-1,300","-1,350","-1,175","-1,475","-1,550","-1,350","-1,400","-1,450","-1,500","-1,575","-1,675","-1,950","-1,800","-1,850","-2,225","-2,250","-2,575","-2,875","-2,625","-2,650","-2,825","-2,825","-3,225","-3,325","-2,950","-2,950","-2,950","-2,825","-3,275","-3,375","-2,700","-2,675","-2,600","-2,550","-2,825","-2,450","-2,400","-2,375","-2,450","-2,450","-2,425","-2,425","-2,425","-2,400","-2,400","-2,400","-2,300","-2,300","-2,275","-2,250","-2,075","-2,050","-2,025","-2,025","-2,025","-2,000","-2,000","-2,000","-2,000","-1,875","-1,875","-1,875","-1,875","-1,850","-1,750","-1,650","-1,375","-1,375","-1,350","-1,300","-1,275","-1,225","-1,200","-1,150"
ARACC01,8,,"-365,575","-3,100","-3,100","-2,975","-2,975","-3,500","-3,625","-3,625","-3,625","-2,800","-3,175","-3,500","-3,625","-3,450","-3,450","-3,450","-3,325","-2,750","-3,250","-2,750","-2,625","-2,600","-2,350","-2,600","-2,350","-2,950","-2,950","-2,950","-2,950","-4,050","-4,050","-4,050","-4,050","-4,500","-4,375","-5,000","-4,500","-4,600","-4,600","-6,300","-6,175","-6,450","-5,200","-5,075","-4,825","-6,275","-5,300","-4,950","-5,075","-5,075","-5,075","-5,075","-5,075","-4,775","-4,525","-4,775","-4,775","-4,475","-4,475","-4,475","-4,475","-4,275","-4,275","-4,275","-4,275","-4,225","-3,975","-3,975","-3,975","-2,725","-4,875","-4,875","-4,875","-3,575","-3,575","-3,575","-3,575","-3,175","-3,175","-3,425","-3,425","-3,000","-3,000","-3,000","-3,250","-2,850","-2,850","-2,850","-2,975","-2,900","-2,650","-2,650","-2,650","-2,350","-2,600","-2,600","-2,475"
ARAIC01,8,,"-1,400","-0,025","-0,025","-0,025","-0,025","-0,025","-0,025","-0,025","-0,025","-0,025","-0,025","-0,025","-0,025","-0,025","-0,025","-0,025","-0,025","-0,025","-0,025","-0,025","-0,025","-0,025","-0,025","-0,025","-0,025","-0,025",,,,"-0,025",,,,,,,"-0,025","-0,025","-0,025","-0,025","-0,025","-0,025","-0,025","-0,025","-0,025",,,,"-0,025","-0,025","-0,025","-0,025",,"-0,025","-0,025","-0,025","-0,025",,,,,,,,,,,,,,,,,,,,,,"-0,025",,,,,,,"-0,025","-0,025","-0,025","-0,025","-0,025","-0,025","-0,025","-0,025","-0,025","-0,025","-0,025","-0,025"
ARCOS1,1,,"6668,475","89,275","89,275","89,275","89,275","89,275","89,275","89,275","89,275","84,825","84,825","90,575","90,575","90,900","90,900","90,900","90,900","91,100","91,100","91,100","91,100","91,150","91,150","91,150","91,150","91,150","91,150","91,150","91,150","91,275","91,275","91,275","91,275","91,050","91,050","91,050","42,500","89,450","51,250","42,500","42,500","42,500","42,500","42,500","42,500","42,500","42,500","42,500","42,500","42,500","42,500","42,500","42,500","42,500","42,500","42,500","42,500","42,500","42,500","42,500","42,500","42,500","42,500","42,500","42,500","42,500","42,500","42,500","42,500","42,500","42,500","42,500","42,500","42,500","42,500","42,500","51,250","42,500","84,725","84,725","84,725","86,000","86,000","86,000","86,000","87,350","87,350","87,350","87,350","88,875","88,875","88,875","88,875","88,875","88,875","88,875","88,875"
ARCOS3,1,,"3851,100",,,,"2,500","10,000","17,500","22,500","37,500","92,650","92,650","92,650","92,650","92,950","92,950","92,950","92,950","93,150","93,150","93,150","93,150","93,200","93,200","93,200","93,200","42,500","42,500","42,500","42,500","42,500","42,500","42,500","42,500","93,100","93,100","15,000",,,,,,,,,,,,,,,,,,,,,,,,,,,,,,,,,,,,"5,750","8,750","9,000","19,750","31,250","42,500","42,500","42,500","42,500","42,500","88,925","88,925","88,925","88,925","89,950","89,950","89,950","89,950","91,200","91,200","91,200","91,200","91,200","91,200","91,200","91,200"
ARGC01,7,,"-6,050","-0,075","-0,075","-0,075","-0,075","-0,050","-0,050","-0,050","-0,050","-0,050","-0,075","-0,075","-0,050","-0,075","-0,075","-0,075","-0,075","-0,075","-0,075","-0,075","-0,050","-0,050","-0,050","-0,050","-0,050","-0,075","-0,075","-0,050","-0,050","-0,050","-0,050","-0,050","-0,050","-0,050","-0,050","-0,050","-0,050","-0,050","-0,050","-0,050","-0,050","-0,050","-0,050","-0,050","-0,050","-0,050","-0,050","-0,050","-0,050","-0,050","-0,050","-0,050","-0,050","-0,050","-0,050","-0,075","-0,075","-0,075","-0,075","-0,075","-0,075","-0,075","-0,075","-0,100","-0,100","-0,100","-0,100","-0,075","-0,075","-0,075","-0,075","-0,075","-0,100","-0,075","-0,075","-0,075","-0,075","-0,075","-0,075","-0,075","-0,075","-0,075","-0,050","-0,050","-0,050","-0,050","-0,050","-0,050","-0,050","-0,050","-0,050","-0,050","-0,050","-0,050","-0,075","-0,075","-0,075"
ARRU1,1,,"2317,075","38,750","38,750","38,750","38,750","38,750","38,750","38,750","38,750","38,750","38,750","38,750","38,750","38,750","38,750","38,750","38,750","38,750","38,750","38,750","38,750","38,750","38,750","38,750","38,750","38,750","38,750","38,750","38,750","38,750","38,750","38,750","38,750","38,750","38,750","38,750","38,750","18,750",,,,,,,,,,,,,,,,,,,,,,,,,,,,,,,,,,,"11,000","20,000","25,625","32,950","38,750","38,750","38,750","38,750","38,750","38,750","38,750","38,750","38,750","38,750","38,750","38,750","38,750","38,750","38,750","38,750","38,750","38,750","38,750","38,750","38,750"
ARRU1X,11,,"-18,250",,,,,,,,,,,,,,,,,,,,,,,,,,,,,,,,,,,,,,"-1,000","-1,300","-1,300","-1,000","-0,500","-0,600","-0,600","-0,500","-0,500","-0,500","-0,300","-0,300","-0,300","-0,300","-0,250","-0,250","-0,250","-0,250","-0,250","-0,250","-0,250","-0,250","-0,250","-0,300","-0,300","-0,300","-0,300","-0,300","-0,400","-0,800","-0,800","-1,000","-1,200","-1,300",,,,,,,,,,,,,,,,,,,,,,,,,
ARRU2,1,,"2297,450","38,500","38,500","38,500","38,500","38,500","38,500","38,500","38,500","38,500","38,500","38,500","38,500","38,500","38,500","38,500","38,500","38,500","38,500","38,500","38,500","38,500","38,500","38,500","38,500","38,500","38,500","38,500","38,500","38,500","38,500","38,500","38,500","38,500","38,500","38,500","38,500","18,750",,,,,,,,,,,,,,,,,,,,,,,,,,,,,,,,,,,"8,000","19,000","24,475","32,725","38,500","38,500","38,500","38,500","38,500","38,500","38,500","38,500","38,500","38,500","38,500","38,500","38,500","38,500","38,500","38,500","38,500","38,500","38,500","38,500","38,500"
ARRU2X,11,,"-14,000",,,,,,,,,,,,,,,,,,,,,,,,,,,,,,,,,,,,,,"-1,000","-1,000","-0,900","-0,600","-0,300","-0,400","-0,300","-0,300","-0,400","-0,200","-0,200","-0,200","-0,200","-0,200","-0,150","-0,150","-0,150","-0,150","-0,150","-0,150","-0,150","-0,150","-0,150","-0,150","-0,100","-0,200","-0,200","-0,700","-0,600","-0,700","-0,900","-0,900","-0,900","-1,100",,,,,,,,,,,,,,,,,,,,,,,,,
ASC1,1,,"23458,000","243,750","243,750","243,750","243,750","244,500","244,500","244,500","244,500","244,250","244,250","244,250","244,250","244,250","244,250","244,250","244,250","245,500","245,500","245,500","245,500","245,500","245,500","245,500","245,500","245,500","245,500","245,500","245,500","245,750","245,750","245,750","245,750","245,500","245,500","245,500","245,500","244,500","244,500","244,500","244,500","243,500","243,500","243,500","243,500","242,750","242,750","242,750","242,750","241,500","241,500","241,500","241,500","241,500","241,500","241,500","241,500","241,500","241,500","241,500","241,500","241,500","241,500","241,500","241,500","241,500","241,500","241,500","241,500","241,500","241,500","241,500","241,500","245,000","245,000","245,000","245,000","246,750","246,750","246,750","246,750","246,750","246,750","246,750","246,750","247,250","247,250","247,250","247,250","247,000","247,000","247,000","247,000","247,500","247,500","247,500","247,500"
ASC2,1,,"23290,000","242,000","242,000","242,000","242,000","242,750","242,750","242,750","242,750","242,500","242,500","242,500","242,500","242,500","242,500","242,500","242,500","243,750","243,750","243,750","243,750","243,750","243,750","243,750","243,750","243,750","243,750","243,750","243,750","244,000","244,000","244,000","244,000","243,750","243,750","243,750","243,750","242,750","242,750","242,750","242,750","241,750","241,750","241,750","241,750","241,000","241,000","241,000","241,000","239,750","239,750","239,750","239,750","239,750","239,750","239,750","239,750","239,750","239,750","239,750","239,750","239,750","239,750","239,750","239,750","239,750","239,750","239,750","239,750","239,750","239,750","239,750","239,750","243,250","243,250","243,250","243,250","245,000","245,000","245,000","245,000","245,000","245,000","245,000","245,000","245,500","245,500","245,500","245,500","245,250","245,250","245,250","245,250","245,750","245,750","245,750","245,750"
ASIDUE,1,,"109,200","1,125","1,125","1,125","1,125","1,125","1,125","1,125","1,125","1,125","1,125","1,125","1,125","1,125","1,125","1,125","1,125","1,125","1,125","1,125","1,125","1,125","1,125","1,125","1,125","1,125","1,125","1,125","1,125","1,125","1,125","1,125","1,125","1,125","1,125","1,125","1,125","1,125","1,125","1,125","1,125","1,125","1,125","1,125","1,125","1,125","1,125","1,125","1,125","1,150","1,150","1,150","1,150","1,150","1,150","1,150","1,150","1,150","1,150","1,150","1,150","1,150","1,150","1,150","1,150","1,150","1,150","1,150","1,150","1,150","1,150","1,150","1,150","1,150","1,150","1,150","1,150","1,150","1,150","1,150","1,150","1,150","1,150","1,150","1,150","1,150","1,150","1,150","1,150","1,150","1,150","1,150","1,150","1,150","1,150","1,150","1,150"
ASIEBR2,1,,"19,200","0,200","0,200","0,200","0,200","0,200","0,200","0,200","0,200","0,200","0,200","0,200","0,200","0,200","0,200","0,200","0,200","0,200","0,200","0,200","0,200","0,200","0,200","0,200","0,200","0,200","0,200","0,200","0,200","0,200","0,200","0,200","0,200","0,200","0,200","0,200","0,200","0,200","0,200","0,200","0,200","0,200","0,200","0,200","0,200","0,200","0,200","0,200","0,200","0,200","0,200","0,200","0,200","0,200","0,200","0,200","0,200","0,200","0,200","0,200","0,200","0,200","0,200","0,200","0,200","0,200","0,200","0,200","0,200","0,200","0,200","0,200","0,200","0,200","0,200","0,200","0,200","0,200","0,200","0,200","0,200","0,200","0,200","0,200","0,200","0,200","0,200","0,200","0,200","0,200","0,200","0,200","0,200","0,200","0,200","0,200","0,200"
ASIEBRO,1,,"16,800","0,175","0,175","0,175","0,175","0,175","0,175","0,175","0,175","0,175","0,175","0,175","0,175","0,175","0,175","0,175","0,175","0,175","0,175","0,175","0,175","0,175","0,175","0,175","0,175","0,175","0,175","0,175","0,175","0,175","0,175","0,175","0,175","0,175","0,175","0,175","0,175","0,175","0,175","0,175","0,175","0,175","0,175","0,175","0,175","0,175","0,175","0,175","0,175","0,175","0,175","0,175","0,175","0,175","0,175","0,175","0,175","0,175","0,175","0,175","0,175","0,175","0,175","0,175","0,175","0,175","0,175","0,175","0,175","0,175","0,175","0,175","0,175","0,175","0,175","0,175","0,175","0,175","0,175","0,175","0,175","0,175","0,175","0,175","0,175","0,175","0,175","0,175","0,175","0,175","0,175","0,175","0,175","0,175","0,175","0,175","0,175"
ASIJUCA,1,,"68,400","0,725","0,725","0,725","0,725","0,725","0,725","0,725","0,725","0,725","0,725","0,725","0,725","0,725","0,725","0,725","0,725","0,725","0,725","0,725","0,725","0,725","0,725","0,725","0,725","0,725","0,725","0,725","0,725","0,725","0,725","0,725","0,725","0,725","0,725","0,725","0,725","0,725","0,725","0,725","0,725","0,725","0,725","0,725","0,725","0,725","0,725","0,725","0,725","0,700","0,700","0,700","0,700","0,700","0,700","0,700","0,700","0,700","0,700","0,700","0,700","0,700","0,700","0,700","0,700","0,700","0,700","0,700","0,700","0,700","0,700","0,700","0,700","0,700","0,700","0,700","0,700","0,700","0,700","0,700","0,700","0,700","0,700","0,700","0,700","0,700","0,700","0,700","0,700","0,700","0,700","0,700","0,700","0,700","0,700","0,700","0,700"
ASITAJ,1,,"12,000","0,125","0,125","0,125","0,125","0,125","0,125","0,125","0,125","0,125","0,125","0,125","0,125","0,125","0,125","0,125","0,125","0,125","0,125","0,125","0,125","0,125","0,125","0,125","0,125","0,125","0,125","0,125","0,125","0,125","0,125","0,125","0,125","0,125","0,125","0,125","0,125","0,125","0,125","0,125","0,125","0,125","0,125","0,125","0,125","0,125","0,125","0,125","0,125","0,125","0,125","0,125","0,125","0,125","0,125","0,125","0,125","0,125","0,125","0,125","0,125","0,125","0,125","0,125","0,125","0,125","0,125","0,125","0,125","0,125","0,125","0,125","0,125","0,125","0,125","0,125","0,125","0,125","0,125","0,125","0,125","0,125","0,125","0,125","0,125","0,125","0,125","0,125","0,125","0,125","0,125","0,125","0,125","0,125","0,125","0,125","0,125"
ASRIHCC,17,,"-0,850",,,,,,,,,,,,,,,,,,,,,,,,,,,,,,,,,,,,,,,,,,,,"-0,050","-0,050","-0,050","-0,050","-0,050","-0,050","-0,050","-0,050","-0,050","-0,050","-0,050","-0,050","-0,050","-0,050","-0,050","-0,050","-0,050",,,,,,,,,,,,,,,,,,,,,,,,,,,,,,,,,,,,
ASRIHCV,17,,"0,500",,,,,,,,,,,,,,,,,,,,,,,,,,,,,,,,,,,,,,,,,,,,,,,,,,,,,,,,,,,,,,,,,,,,,,,,,,,,,,,,,,,"0,050","0,050","0,050","0,050","0,050","0,050","0,050","0,050","0,050","0,050",,,,
ASSEC01,8,,"-114,650","-1,100","-1,075","-1,075","-1,050","-1,025","-1,000","-1,000","-0,975","-0,975","-0,975","-0,975","-0,975","-0,950","-0,950","-0,950","-0,950","-0,950","-0,950","-0,950","-0,950","-0,975","-0,975","-0,975","-0,975","-0,975","-0,975","-0,975","-1,000","-1,025","-1,050","-1,075","-1,125","-1,150","-1,175","-1,200","-1,200","-1,225","-1,250","-1,250","-1,275","-1,300","-1,325","-1,325","-1,325","-1,325","-1,325","-1,325","-1,325","-1,350","-1,350","-1,350","-1,350","-1,350","-1,350","-1,350","-1,325","-1,325","-1,300","-1,300","-1,300","-1,275","-1,275","-1,275","-1,275","-1,275","-1,275","-1,275","-1,275","-1,300","-1,300","-1,300","-1,325","-1,325","-1,350","-1,350","-1,375","-1,375","-1,375","-1,375","-1,375","-1,350","-1,350","-1,350","-1,350","-1,350","-1,325","-1,325","-1,300","-1,300","-1,275","-1,250","-1,200","-1,150","-1,100","-1,075","-1,075"
ASTC01,7,,"-5,675","-0,100","-0,075","-0,075","-0,075","-0,075","-0,075","-0,075","-0,075","-0,075","-0,075","-0,075","-0,075","-0,075","-0,050","-0,050","-0,075","-0,075","-0,075","-0,075","-0,075","-0,075","-0,050","-0,050","-0,050","-0,075","-0,075","-0,075","-0,075","-0,075","-0,075","-0,075","-0,075","-0,050","-0,050","-0,050","-0,050","-0,050","-0,050","-0,050","-0,050","-0,050","-0,075","-0,075","-0,050","-0,050","-0,050","-0,050","-0,050","-0,050","-0,050","-0,075","-0,050","-0,050","-0,050","-0,050","-0,050","-0,050","-0,075","-0,075","-0,050","-0,075","-0,075","-0,075","-0,075","-0,075","-0,075","-0,050","-0,050","-0,025","-0,025","-0,050","-0,050","-0,025","-0,025","-0,025","-0,025","-0,025","-0,025","-0,025","-0,025","-0,025","-0,025","-0,025","-0,025","-0,025","-0,025","-0,025","-0,025","-0,100","-0,100","-0,100","-0,100","-0,100","-0,050","-0,100","-0,100"
ASTEC01,8,,"-0,425",,,,,,,,,,,,,,,,,,,,,,,,,,,,,,,,,,,,,,,"-0,025","-0,025","-0,025","-0,025","-0,025","-0,025","-0,025","-0,025","-0,025","-0,025","-0,025","-0,025","-0,025","-0,025","-0,025","-0,025","-0,025",,,,,,,,,,,,,,,,,,,,,,,,,,,,,,,,,,,,,,,,,
ASTRC01,8,,"-124,225","-1,625","-1,650","-1,650","-1,650","-1,575","-1,600","-1,600","-1,550","-1,525","-1,550","-1,525","-1,500","-1,500","-1,475","-1,475","-1,425","-1,475","-1,500","-1,400","-1,375","-1,375","-1,400","-1,425","-1,325","-1,350","-1,400","-1,350","-1,175","-0,975","-0,975","-0,950","-0,950","-1,075","-1,100","-1,100","-1,100","-1,175","-1,175","-1,125","-1,200","-1,225","-1,225","-1,175","-1,250","-1,250","-1,275","-1,350","-1,275","-1,300","-1,325","-1,400","-1,300","-1,300","-1,300","-1,300","-1,300","-1,250","-1,225","-1,225","-1,250","-1,175","-1,125","-1,150","-1,125","-1,100","-1,175","-1,125","-1,075","-1,075","-1,125","-1,125","-1,100","-1,075","-1,050","-1,050","-1,075","-1,000","-1,025","-1,100","-1,075","-1,000","-1,075","-1,100","-1,050","-1,025","-1,075","-1,150","-1,325","-1,550","-1,675","-1,725","-1,775","-1,750","-1,750","-1,775","-1,675"
ATEEC01,8,,"-960,600","-8,050","-8,625","-8,450","-7,500","-8,000","-7,800","-7,650","-7,500","-7,400","-7,275","-7,175","-7,100","-7,075","-7,050","-7,000","-6,975","-7,275","-7,250","-7,275","-7,350","-7,425","-7,500","-7,325","-7,525","-6,575","-7,325","-7,925","-7,025","-7,000","-7,125","-7,400","-7,650","-8,050","-9,125","-8,525","-8,725","-10,250","-10,500","-11,725","-11,875","-12,000","-12,125","-12,800","-12,850","-13,275","-13,350","-13,350","-13,325","-13,075","-12,975","-13,000","-12,850","-12,925","-12,650","-12,500","-12,350","-12,100","-12,275","-12,125","-11,975","-12,175","-12,025","-11,925","-11,875","-11,850","-11,800","-11,800","-11,850","-11,575","-11,625","-11,675","-11,725","-11,325","-11,350","-11,425","-11,550","-11,700","-11,825","-11,900","-11,925","-11,950","-11,425","-11,400","-11,325","-11,025","-10,925","-10,500","-10,175","-9,000","-8,975","-8,825","-8,575","-8,275","-8,000","-7,700","-7,400"
ATLSC01,8,,"-3085,550","-28,825","-28,850","-28,825","-28,750","-27,650","-27,675","-27,675","-27,650","-26,650","-26,675","-26,650","-26,625","-25,925","-25,900","-25,875","-25,850","-25,525","-25,475","-25,500","-25,425","-26,650","-26,625","-26,575","-26,475","-31,350","-31,400","-31,300","-31,100","-33,650","-33,600","-33,550","-33,475","-35,725","-35,625","-35,500","-35,375","-36,125","-36,100","-36,100","-36,125","-36,600","-36,525","-36,500","-36,450","-36,725","-36,725","-36,700","-36,625","-36,625","-36,575","-36,550","-36,550","-35,525","-35,575","-35,600","-35,725","-34,125","-34,100","-34,075","-34,075","-33,300","-33,325","-33,325","-33,350","-32,800","-32,800","-32,800","-32,800","-33,275","-33,275","-33,350","-33,400","-33,500","-33,525","-33,525","-33,600","-33,800","-33,825","-33,875","-33,925","-33,400","-33,450","-33,450","-33,525","-32,725","-32,775","-32,975","-33,175","-31,475","-31,300","-31,250","-31,275","-29,850","-29,800","-29,725","-29,675"
ATLSR01,8,,"-16,800","-0,175","-0,175","-0,175","-0,175","-0,175","-0,175","-0,175","-0,175","-0,175","-0,175","-0,175","-0,175","-0,175","-0,175","-0,175","-0,175","-0,175","-0,175","-0,175","-0,175","-0,175","-0,175","-0,175","-0,175","-0,175","-0,175","-0,175","-0,175","-0,175","-0,175","-0,175","-0,175","-0,175","-0,175","-0,175","-0,175","-0,175","-0,175","-0,175","-0,175","-0,175","-0,175","-0,175","-0,175","-0,175","-0,175","-0,175","-0,175","-0,175","-0,175","-0,175","-0,175","-0,175","-0,175","-0,175","-0,175","-0,175","-0,175","-0,175","-0,175","-0,175","-0,175","-0,175","-0,175","-0,175","-0,175","-0,175","-0,175","-0,175","-0,175","-0,175","-0,175","-0,175","-0,175","-0,175","-0,175","-0,175","-0,175","-0,175","-0,175","-0,175","-0,175","-0,175","-0,175","-0,175","-0,175","-0,175","-0,175","-0,175","-0,175","-0,175","-0,175","-0,175","-0,175","-0,175","-0,175"
ATOMCEC,10,,"98,900","1,050","1,050","1,050","1,050","1,050","1,050","1,050","1,050","1,075","1,075","1,075","1,075","1,075","1,075","1,075","1,075","1,075","1,075","1,075","1,075","1,075","1,075","1,075","1,075","1,075","1,075","1,075","1,075","1,075","1,075","1,075","1,075","1,075","1,075","1,075","1,075","1,050","1,050","1,050","1,050","1,025","1,025","1,025","1,025","1,000","1,000","1,000","1,000","0,975","0,975","0,975","0,975","0,975","0,975","0,975","0,975","0,975","0,975","0,975","0,975","0,975","0,975","0,975","0,975","0,975","0,975","0,975","0,975","0,975","0,975","0,975","0,975","1,000","1,000","1,000","1,000","1,000","1,000","1,000","1,000","1,025","1,025","1,025","1,025","1,050","1,050","1,050","1,050","1,050","1,050","1,050","1,050","1,050","1,050","1,050","1,050"
ATOMICO,10,,"92,000","0,975","0,975","0,975","0,975","0,975","0,975","0,975","0,975","0,975","0,975","0,975","0,975","0,975","0,975","0,975","0,975","1,000","1,000","1,000","1,000","1,000","1,000","1,000","1,000","1,000","1,000","1,000","1,000","1,000","1,000","1,000","1,000","1,000","1,000","1,000","1,000","0,975","0,975","0,975","0,975","0,975","0,975","0,975","0,975","0,950","0,950","0,950","0,950","0,925","0,925","0,925","0,925","0,925","0,925","0,925","0,925","0,925","0,925","0,925","0,925","0,925","0,925","0,925","0,925","0,925","0,925","0,925","0,925","0,925","0,925","0,925","0,925","0,925","0,925","0,925","0,925","0,925","0,925","0,925","0,925","0,950","0,950","0,950","0,950","0,950","0,950","0,950","0,950","0,950","0,950","0,950","0,950","0,950","0,950","0,950","0,950"
ATPC01,8,,"-6,950","-0,075","-0,075","-0,075","-0,050","-0,050","-0,050","-0,050","-0,050","-0,050","-0,050","-0,050","-0,050","-0,050","-0,050","-0,050","-0,050","-0,050","-0,050","-0,050","-0,050","-0,050","-0,050","-0,050","-0,050","-0,050","-0,050","-0,050","-0,050","-0,050","-0,050","-0,075","-0,075","-0,075","-0,075","-0,075","-0,075","-0,075","-0,075","-0,075","-0,075","-0,075","-0,075","-0,100","-0,100","-0,100","-0,100","-0,100","-0,100","-0,100","-0,100","-0,100","-0,100","-0,100","-0,100","-0,100","-0,100","-0,100","-0,100","-0,100","-0,075","-0,075","-0,075","-0,075","-0,075","-0,075","-0,075","-0,075","-0,075","-0,075","-0,075","-0,075","-0,075","-0,075","-0,075","-0,075","-0,075","-0,075","-0,075","-0,075","-0,075","-0,075","-0,075","-0,075","-0,075","-0,075","-0,075","-0,075","-0,075","-0,075","-0,075","-0,075","-0,075","-0,075","-0,075","-0,075","-0,075"
AUDAC01,8,,"-698,200","-6,300","-6,300","-6,200","-6,100","-6,000","-6,000","-5,900","-5,900","-5,800","-5,800","-5,800","-5,700","-5,700","-5,700","-5,700","-5,500","-5,600","-5,500","-5,500","-5,400","-5,600","-5,500","-5,500","-5,500","-5,600","-5,700","-5,700","-6,000","-6,200","-6,300","-6,500","-6,600","-7,100","-7,300","-7,400","-7,400","-8,100","-8,200","-8,300","-8,200","-8,500","-8,500","-8,500","-8,500","-8,600","-8,800","-9,000","-8,900","-8,900","-9,000","-8,900","-8,900","-9,000","-9,000","-8,800","-8,700","-8,600","-8,500","-8,500","-8,400","-8,100","-8,100","-8,100","-8,000","-8,000","-8,000","-8,100","-8,100","-8,100","-8,100","-8,100","-8,100","-7,900","-8,000","-8,000","-7,900","-7,700","-7,800","-7,900","-7,800","-7,600","-7,600","-7,500","-7,500","-7,400","-7,400","-7,500","-7,400","-7,300","-7,300","-7,200","-7,000","-6,600","-6,600","-6,400","-6,400"
AVILC01,7,,"-16,100","-0,275","-0,275","-0,275","-0,275","-0,275","-0,275","-0,275","-0,275","-0,275","-0,275","-0,275","-0,275","-0,250","-0,250","-0,250","-0,250","-0,250","-0,250","-0,250","-0,250","-0,275","-0,275","-0,275","-0,275","-0,225","-0,225","-0,225","-0,225","-0,075","-0,075","-0,075","-0,075","-0,100","-0,100","-0,100","-0,100","-0,125","-0,125","-0,125","-0,125","-0,125","-0,125","-0,125","-0,125","-0,125","-0,125","-0,125","-0,125","-0,125","-0,125","-0,125","-0,125","-0,125","-0,125","-0,125","-0,125","-0,100","-0,100","-0,100","-0,100","-0,100","-0,100","-0,100","-0,100","-0,100","-0,100","-0,100","-0,100","-0,100","-0,100","-0,100","-0,100","-0,100","-0,100","-0,100","-0,100","-0,100","-0,100","-0,100","-0,100","-0,100","-0,100","-0,100","-0,100","-0,100","-0,100","-0,100","-0,100","-0,300","-0,300","-0,300","-0,300","-0,300","-0,300","-0,300","-0,300"
AXPOR01,8,,"-3006,400","-29,250","-29,325","-29,275","-29,200","-29,150","-29,100","-29,225","-29,175","-29,125","-29,075","-29,075","-29,150","-29,150","-29,200","-29,250","-29,225","-29,325","-29,225","-29,225","-29,275","-29,275","-29,200","-29,125","-29,000","-30,150","-30,425","-30,500","-30,475","-32,350","-32,450","-32,475","-32,500","-32,575","-32,525","-32,225","-32,125","-32,200","-32,125","-32,075","-32,175","-32,100","-32,075","-32,100","-32,075","-32,200","-32,100","-32,100","-32,325","-32,350","-32,350","-32,100","-32,200","-32,200","-32,025","-31,925","-31,900","-31,800","-31,800","-31,825","-31,900","-31,850","-31,925","-31,825","-31,675","-31,650","-31,750","-32,100","-32,225","-32,050","-31,975","-31,950","-31,950","-31,900","-31,950","-31,950","-31,775","-32,175","-32,200","-32,150","-32,100","-32,200","-32,275","-32,250","-32,100","-31,975","-31,950","-32,050","-32,100","-32,225","-32,425","-32,450","-32,450","-32,450","-32,425","-32,275","-32,275"
AYLUC01,8,,"-6,000","-0,050","-0,050","-0,050","-0,050","-0,050","-0,050","-0,050","-0,050","-0,050","-0,050","-0,050","-0,050","-0,050","-0,050","-0,050","-0,050","-0,050","-0,050","-0,050","-0,050","-0,050","-0,050","-0,050","-0,050","-0,050","-0,050","-0,050","-0,050","-0,075","-0,075","-0,075","-0,075","-0,075","-0,075","-0,075","-0,075","-0,075","-0,075","-0,075","-0,075","-0,075","-0,075","-0,075","-0,075","-0,075","-0,075","-0,075","-0,075","-0,075","-0,075","-0,075","-0,075","-0,075","-0,075","-0,075","-0,075","-0,050","-0,050","-0,050","-0,050","-0,050","-0,050","-0,050","-0,050","-0,050","-0,050","-0,050","-0,050","-0,075","-0,075","-0,075","-0,075","-0,075","-0,075","-0,075","-0,075","-0,075","-0,075","-0,075","-0,075","-0,075","-0,075","-0,075","-0,075","-0,075","-0,075","-0,075","-0,075","-0,050","-0,050","-0,050","-0,050","-0,050","-0,050","-0,050","-0,050"
BACAC01,7,,"-35,200","-0,400","-0,400","-0,400","-0,425","-0,375","-0,400","-0,400","-0,375","-0,400","-0,400","-0,400","-0,400","-0,400","-0,375","-0,375","-0,375","-0,400","-0,375","-0,375","-0,375","-0,375","-0,375","-0,375","-0,350","-0,350","-0,350","-0,325","-0,300","-0,275","-0,275","-0,275","-0,275","-0,275","-0,300","-0,300","-0,300","-0,300","-0,300","-0,300","-0,325","-0,325","-0,325","-0,325","-0,325","-0,325","-0,325","-0,350","-0,375","-0,375","-0,400","-0,400","-0,400","-0,400","-0,400","-0,400","-0,375","-0,375","-0,375","-0,375","-0,375","-0,375","-0,375","-0,375","-0,375","-0,375","-0,375","-0,400","-0,375","-0,400","-0,400","-0,400","-0,375","-0,375","-0,375","-0,375","-0,375","-0,375","-0,375","-0,375","-0,375","-0,375","-0,375","-0,375","-0,400","-0,400","-0,400","-0,400","-0,375","-0,375","-0,375","-0,375","-0,375","-0,375","-0,400","-0,375","-0,400"
BAHIAB,1,,"2996,500","87,500","87,500","87,500","87,500","43,250","43,250","43,250","43,250","43,250","43,250","43,250","43,250","43,250","43,250","43,250","43,250","43,250","43,250","43,250","43,250","43,250","43,250","43,250","43,250","43,250","43,250","43,250","43,250","43,250","43,250","43,250","43,250","43,250","43,250","43,250","43,250","43,250","43,250","43,250","43,250","40,000","30,000","2,500",,,,,,,,,,,,,,,,,,,,,,,,,,,,"7,500","15,000","20,000","25,000","41,250","43,250","43,250","43,250","43,250","43,250","43,250","43,250","43,250","43,250","43,250","43,250","43,250","43,250","43,250","43,250","43,250","43,250","43,250","43,250","43,250","43,250"
BAHIABX,11,,"-24,625",,,,,,,,,,,,,,,,,,,,,,,,,,,,,,,,,,,,,,,,,,,,"-1,100","-0,900","-0,725","-0,700","-0,675","-0,675","-0,675","-0,675","-0,675","-0,675","-0,675","-0,725","-0,800","-0,800","-0,800","-0,800","-0,800","-0,800","-0,800","-0,800","-0,800","-1,250","-1,300","-1,325","-1,500","-1,850","-1,325",,,,,,,,,,,,,,,,,,,,,,,,,,
BAKC01,7,,"-5,850","-0,050","-0,050","-0,050","-0,050","-0,050","-0,050","-0,050","-0,050","-0,050","-0,050","-0,050","-0,050","-0,050","-0,050","-0,050","-0,050","-0,050","-0,050","-0,050","-0,050","-0,050","-0,050","-0,050","-0,050","-0,075","-0,075","-0,075","-0,075","-0,100","-0,100","-0,075","-0,075","-0,075","-0,075","-0,075","-0,075","-0,075","-0,075","-0,075","-0,050","-0,075","-0,075","-0,075","-0,075","-0,075","-0,100","-0,075","-0,075","-0,050","-0,050","-0,025","-0,050","-0,050","-0,050","-0,050","-0,050","-0,025","-0,050","-0,050","-0,050","-0,050","-0,050","-0,050","-0,075","-0,075","-0,050","-0,075","-0,075","-0,050","-0,050","-0,050","-0,050","-0,025","-0,050","-0,075","-0,050","-0,050","-0,050","-0,050","-0,075","-0,075","-0,075","-0,100","-0,100","-0,075","-0,075","-0,075","-0,075","-0,075","-0,075","-0,075","-0,050","-0,050","-0,050","-0,050","-0,050"
BALKC01,7,,"-3,800","-0,050","-0,050","-0,050","-0,050","-0,050","-0,050","-0,050","-0,050","-0,050","-0,050","-0,050","-0,050","-0,050","-0,050","-0,050","-0,050","-0,050","-0,050","-0,050","-0,050","-0,050","-0,050","-0,050","-0,050","-0,075","-0,075","-0,075","-0,075","-0,075","-0,075","-0,075","-0,075","-0,075","-0,075","-0,075","-0,075","-0,050","-0,050","-0,050","-0,050","-0,050","-0,050","-0,050","-0,050","-0,025","-0,025","-0,025","-0,025","-0,025","-0,025","-0,025","-0,025",,,,,,,,,,,,,,,,,,,,,"-0,025","-0,025","-0,025","-0,025","-0,050","-0,050","-0,050","-0,050","-0,050","-0,050","-0,050","-0,050","-0,050","-0,050","-0,050","-0,050","-0,050","-0,050","-0,050","-0,050","-0,050","-0,050","-0,050","-0,050"
BANARES,10,,"6,900",,,,,,,,,,,,,,,,,,,,,,,,,,,,,"0,025","0,025","0,025","0,025","0,075","0,075","0,075","0,075","0,125","0,125","0,125","0,125","0,150","0,150","0,150","0,150","0,150","0,150","0,150","0,150","0,175","0,175","0,175","0,175","0,175","0,175","0,175","0,175","0,175","0,175","0,175","0,175","0,150","0,150","0,150","0,150","0,150","0,150","0,150","0,150","0,125","0,125","0,125","0,125","0,125","0,125","0,125","0,125","0,075","0,075","0,075","0,075","0,050","0,050","0,050","0,050",,,,,,,,,,,,
BATTOS,10,,"22,100",,,,,,,,,,,,,,,,,,,,,,,,,,,,,,"0,025","0,050","0,050","0,100","0,125","0,150","0,200","0,225","0,275","0,325","0,350","0,400","0,425","0,475","0,500","0,525","0,550","0,575","0,600","0,600","0,625","0,625","0,625","0,650","0,650","0,650","0,650","0,650","0,650","0,650","0,650","0,650","0,650","0,650","0,625","0,600","0,575","0,550","0,550","0,500","0,475","0,425","0,400","0,350","0,300","0,275","0,225","0,200","0,150","0,125","0,100","0,050","0,050","0,025",,,,,,,,,,,,,
BAYWA1,10,,"276,300",,,,,,,,,,,,,,,,,,,,,,,,,,,,,"0,050","0,125","0,275","0,475","0,775","1,175","1,625","2,125","2,675","3,250","3,875","4,500","5,100","5,700","6,300","6,825","7,275","7,000","7,325","7,575","7,900","8,100","8,275","8,400","8,500","8,550","8,550","8,550","8,550","8,525","8,500","8,475","8,400","8,325","8,225","8,100","7,925","7,700","7,450","7,175","1,750","1,750","1,750","1,750","5,200","4,725","4,225","3,725","3,225","2,700","2,200","1,725","1,300","0,925","0,625","0,350","0,150","0,025",,,,,,,,,,
BAYWA3,10,,"42,200",,,,,,,,,,,,,,,,,,,,,,,,,,,,,,"0,025","0,050","0,100","0,175","0,250","0,350","0,450","0,550","0,675","0,775","0,875","0,975","1,025","1,075","1,075","1,075","1,050","1,075","1,075","1,075","1,075","1,075","1,050","1,050","1,050","1,050","1,050","1,050","1,050","1,025","1,025","1,025","1,025","1,025","1,025","1,025","1,025","1,025","1,025","0,250","0,500","0,500","0,500","0,975","0,925","0,875","0,825","0,750","0,650","0,550","0,450","0,350","0,250","0,175","0,100","0,050",,,,,,,,,,,
BECOC01,8,,"-428,750","-4,625","-4,400","-4,250","-4,125","-4,050","-3,950","-3,875","-3,800","-3,750","-3,675","-3,625","-3,550","-3,500","-3,450","-3,400","-3,375","-3,350","-3,325","-3,300","-3,325","-3,325","-3,325","-3,375","-3,475","-3,650","-3,725","-3,775","-3,750","-3,625","-3,600","-3,650","-3,725","-3,900","-3,975","-4,050","-4,100","-4,125","-4,175","-4,200","-4,200","-4,200","-4,200","-4,200","-4,200","-4,175","-4,175","-4,150","-4,100","-4,050","-4,025","-4,000","-4,000","-4,025","-4,025","-4,025","-4,000","-3,950","-3,950","-3,975","-4,025","-4,075","-4,125","-4,200","-4,300","-4,475","-4,575","-4,675","-4,775","-4,850","-4,925","-5,025","-5,100","-5,100","-5,200","-5,350","-5,550","-5,925","-6,150","-6,250","-6,275","-6,175","-6,200","-6,225","-6,300","-6,525","-6,600","-6,550","-6,425","-6,225","-6,100","-5,925","-5,750","-5,550","-5,350","-5,150","-4,925"
BEJAR,10,,"29,200",,,,,,,,,,,,,,,,,,,,,,,,,,,,,,"0,025","0,050","0,075","0,125","0,150","0,200","0,250","0,325","0,400","0,475","0,550","0,600","0,675","0,725","0,750","0,775","0,800","0,775","0,800","0,825","0,825","0,825","0,825","0,850","0,850","0,850","0,850","0,850","0,850","0,825","0,825","0,825","0,825","0,825","0,825","0,825","0,800","0,800","0,775","0,775","0,725","0,700","0,650","0,250","0,225","0,175","0,150","0,125","0,100","0,075","0,075","0,050","0,025","0,025",,,,,,,,,,,,,
BELIN1,10,,"411,050",,,,,,,,,,,,,,,,,,,,,,,,,,,,,"0,175","0,700","1,500","2,425","3,350","4,425","5,525","6,550","7,300","7,850","8,275","8,650","8,950","9,150","9,275","9,375","9,525","9,250","9,375","9,475","9,650","9,625","9,575","9,525","9,450","9,350","9,250","9,150","9,100","9,100","9,100","9,100","9,050","9,000","8,950","8,850","8,775","8,675","8,550","8,450","8,375","8,325","8,275","8,175","8,150","7,925","7,625","7,225","6,725","6,075","5,375","4,625","3,825","2,925","2,000","1,225","0,625","0,200",,,,,,,,,,
BENOC01,8,,"-58,450","-0,600","-0,575","-0,575","-0,550","-0,550","-0,575","-0,550","-0,525","-0,500","-0,500","-0,500","-0,500","-0,500","-0,500","-0,500","-0,500","-0,500","-0,500","-0,475","-0,500","-0,500","-0,500","-0,500","-0,500","-0,525","-0,550","-0,575","-0,625","-0,650","-0,650","-0,675","-0,675","-0,700","-0,700","-0,700","-0,675","-0,700","-0,700","-0,650","-0,700","-0,700","-0,725","-0,725","-0,750","-0,750","-0,750","-0,725","-0,700","-0,750","-0,725","-0,725","-0,725","-0,700","-0,725","-0,650","-0,650","-0,675","-0,625","-0,675","-0,650","-0,625","-0,625","-0,550","-0,575","-0,525","-0,575","-0,550","-0,525","-0,600","-0,575","-0,525","-0,525","-0,525","-0,525","-0,550","-0,550","-0,550","-0,575","-0,600","-0,625","-0,600","-0,625","-0,650","-0,650","-0,675","-0,675","-0,675","-0,675","-0,675","-0,650","-0,650","-0,625","-0,600","-0,575","-0,575","-0,575"
BEREBRO,1,,"21,950","0,250","0,250","0,250","0,250","0,250","0,250","0,250","0,250","0,225","0,225","0,225","0,225","0,225","0,225","0,225","0,225","0,225","0,225","0,225","0,225","0,225","0,225","0,225","0,225","0,225","0,225","0,225","0,225","0,225","0,225","0,225","0,225","0,225","0,225","0,225","0,225","0,225","0,225","0,225","0,225","0,225","0,225","0,225","0,225","0,225","0,225","0,225","0,225","0,250","0,250","0,250","0,250","0,225","0,225","0,225","0,225","0,225","0,225","0,225","0,225","0,225","0,225","0,225","0,225","0,225","0,225","0,225","0,225","0,225","0,225","0,225","0,225","0,225","0,225","0,225","0,225","0,225","0,225","0,225","0,225","0,225","0,225","0,225","0,225","0,250","0,225","0,225","0,225","0,225","0,225","0,250","0,225","0,225","0,225","0,225","0,225"
BERJUCA,1,,"0,400",,,,,,,,,,,,,,,,,,,,,,,,,,,,,,,,,,,,,,,,,,,,,,,,,,,,,,,,,,,,,,,,,"0,025","0,025","0,025","0,025","0,025","0,025","0,025","0,025","0,025","0,025","0,025","0,025","0,025","0,025","0,025","0,025",,,,,,,,,,,,,,,,
BERLC01,8,,"-7,975","-0,075","-0,075","-0,075","-0,075","-0,075","-0,050","-0,050","-0,050","-0,050","-0,050","-0,050","-0,050","-0,050","-0,050","-0,050","-0,050","-0,050","-0,050","-0,050","-0,050","-0,050","-0,075","-0,075","-0,075","-0,075","-0,075","-0,075","-0,075","-0,075","-0,050","-0,075","-0,075","-0,075","-0,075","-0,075","-0,075","-0,100","-0,100","-0,100","-0,100","-0,075","-0,100","-0,100","-0,100","-0,100","-0,100","-0,100","-0,100","-0,075","-0,100","-0,100","-0,100","-0,100","-0,075","-0,100","-0,100","-0,100","-0,075","-0,075","-0,075","-0,075","-0,075","-0,075","-0,100","-0,100","-0,100","-0,100","-0,100","-0,075","-0,075","-0,100","-0,100","-0,100","-0,100","-0,100","-0,100","-0,100","-0,100","-0,100","-0,100","-0,100","-0,100","-0,100","-0,100","-0,100","-0,100","-0,100","-0,100","-0,100","-0,100","-0,100","-0,100","-0,100","-0,100","-0,100","-0,075"
BES3,1,,"806,000",,,,,,,,,,,,,,,,,,,,,,,,,,,,,,,,,,,,,,,,,,,,,,,,,,,,,,,,,,,,,,,,,,"5,250",,,"15,525","0,225",,,,,,,"39,250","39,250","39,250","39,250","39,250","39,250","39,250","39,250","39,250","39,250","39,250","39,250","39,250","39,250","39,250","39,250","39,250","39,250","39,250","39,250"
BES4,1,,"2539,225","28,750","28,750","28,750","28,750","28,750","28,750","28,750","28,750","5,225",,,,,,,,,,,,,"6,875","17,950","22,450","28,750","28,750","28,750","28,750","28,750","28,750","28,750","28,750",,,,,,,,,,,,,"28,750","28,750","28,750","28,750","28,750","28,750","28,750","28,750","28,750","28,750","28,750","28,750","28,750","28,750","28,750","28,750","28,750","28,750","28,750","28,750","28,750","28,750","28,750","28,750","30,250","28,750","28,750","42,150","37,650","50,100","59,750","70,200","58,300","67,150","87,325","85,075","85,000","87,425","87,425","86,425","28,750","28,750","28,750","28,750","28,750","28,750","28,750","28,750","28,750","28,750","28,750","28,750"
BES5,1,,"4492,500","37,500","37,500","37,500","37,500","37,500","37,500","37,500","37,500","37,500","37,500","37,500","37,500","37,500","37,500","37,500","37,500","37,500","37,500","37,500","37,500","37,500","37,500","37,500","37,500","37,500","37,500","37,500","37,500","37,500","37,500","37,500","37,500","37,500","37,500","37,500","37,500","37,500","37,500","37,500","37,500","37,500","37,500","37,500","37,500","37,500","37,500","37,500","37,500","37,500","37,500","37,500","37,500","37,500","37,500","37,500","37,500","37,500","37,500","37,500","37,500","37,500","37,500","37,500","37,500","37,500","37,500","37,500","37,500","37,500","37,500","37,500","37,500","37,500","37,500","37,500","80,000","80,000","80,000","80,000","80,000","80,000","80,000","80,000","80,000","80,000","80,000","80,000","80,000","80,000","80,000","80,000","80,000","80,000","80,000","80,000","80,000"
BESC01,8,,"-1,900",,,,,,,,,,,,,,,,,,,,,,,,,,,,,,,,,,,,"-0,050",,"-0,050","-0,050","-0,050","-0,050","-0,050","-0,050","-0,050","-0,050","-0,050","-0,050","-0,050","-0,050","-0,050","-0,050","-0,050","-0,050","-0,050","-0,050","-0,050","-0,050","-0,050","-0,050","-0,050","-0,050","-0,050","-0,050","-0,050","-0,050","-0,050","-0,050","-0,050","-0,050","-0,050","-0,050","-0,050","-0,050","-0,050",,,,,,,,,,,,,,,,,,,,,,
BESTC01,8,,"-7,500","-0,050","-0,050","-0,050","-0,050","-0,050","-0,050","-0,050","-0,050","-0,050","-0,050","-0,050","-0,050","-0,050","-0,050","-0,050","-0,050","-0,050","-0,050","-0,050","-0,050","-0,050","-0,050","-0,050","-0,050","-0,050","-0,050","-0,050","-0,050","-0,075","-0,075","-0,075","-0,050","-0,075","-0,075","-0,075","-0,075","-0,100","-0,100","-0,100","-0,100","-0,100","-0,100","-0,100","-0,100","-0,100","-0,100","-0,100","-0,100","-0,100","-0,100","-0,100","-0,100","-0,100","-0,100","-0,100","-0,100","-0,100","-0,100","-0,100","-0,100","-0,100","-0,100","-0,100","-0,100","-0,100","-0,100","-0,100","-0,100","-0,100","-0,100","-0,100","-0,100","-0,100","-0,100","-0,100","-0,100","-0,075","-0,075","-0,075","-0,100","-0,075","-0,075","-0,075","-0,075","-0,075","-0,075","-0,075","-0,075","-0,075","-0,075","-0,075","-0,075","-0,075","-0,075","-0,075","-0,075"
BEYOC01,8,,"-219,075","-1,625","-1,600","-1,575","-1,525","-1,475","-1,450","-1,400","-1,400","-1,375","-1,375","-1,375","-1,350","-1,325","-1,350","-1,325","-1,300","-1,275","-1,275","-1,275","-1,300","-1,325","-1,325","-1,350","-1,425","-1,500","-1,575","-1,650","-1,750","-2,050","-2,200","-2,275","-2,300","-2,550","-2,675","-2,700","-2,675","-2,825","-2,875","-2,900","-2,950","-2,975","-2,975","-3,025","-3,000","-3,000","-3,000","-3,025","-3,000","-3,025","-3,075","-3,100","-3,100","-3,100","-3,100","-3,100","-3,050","-2,950","-2,900","-2,850","-2,800","-2,675","-2,625","-2,600","-2,550","-2,550","-2,575","-2,550","-2,550","-2,600","-2,600","-2,650","-2,600","-2,600","-2,575","-2,625","-2,625","-2,650","-2,675","-2,675","-2,700","-2,650","-2,700","-2,675","-2,625","-2,525","-2,475","-2,400","-2,325","-2,200","-2,100","-2,025","-1,975","-1,900","-1,825","-1,750","-1,700"
BIOC01,7,,"-9,575","-0,150","-0,150","-0,150","-0,150","-0,150","-0,150","-0,150","-0,150","-0,150","-0,150","-0,150","-0,150","-0,150","-0,150","-0,150","-0,150","-0,150","-0,150","-0,150","-0,150","-0,150","-0,150","-0,150","-0,150","-0,150","-0,150","-0,150","-0,150","-0,150","-0,125","-0,125","-0,125","-0,125","-0,100","-0,100","-0,100","-0,100","-0,100","-0,075","-0,075","-0,075","-0,050","-0,050","-0,025","-0,025","-0,025","-0,025","-0,025","-0,025","-0,025","-0,025","-0,025","-0,025","-0,025","-0,025","-0,025","-0,025","-0,025","-0,025","-0,025","-0,025","-0,025","-0,025","-0,025","-0,025","-0,025","-0,025","-0,050","-0,025","-0,025","-0,025","-0,050","-0,075","-0,050","-0,100","-0,100","-0,125","-0,125","-0,125","-0,150","-0,150","-0,125","-0,100","-0,125","-0,125","-0,150","-0,150","-0,150","-0,150","-0,150","-0,150","-0,150","-0,150","-0,150","-0,150","-0,150"
BIROC01,8,,"-1307,050","-9,500","-10,575","-10,300","-8,825","-9,825","-9,650","-9,450","-9,300","-9,175","-9,025","-8,900","-8,875","-8,875","-8,800","-8,800","-8,750","-9,600","-9,600","-9,600","-9,650","-9,700","-9,725","-9,000","-9,200","-8,350","-8,750","-8,875","-8,900","-9,175","-9,425","-9,700","-9,875","-10,175","-10,350","-10,550","-10,750","-11,350","-11,600","-14,450","-14,675","-15,025","-15,225","-17,050","-17,175","-18,675","-18,800","-18,950","-19,075","-19,300","-18,150","-19,625","-19,675","-18,350","-18,450","-18,425","-18,275","-19,225","-19,000","-18,675","-18,400","-19,325","-19,025","-18,775","-18,700","-18,625","-18,550","-18,525","-18,575","-17,500","-17,575","-17,625","-17,600","-16,150","-16,100","-16,100","-16,150","-16,250","-16,275","-16,375","-16,425","-16,400","-14,825","-14,750","-14,675","-14,350","-14,225","-12,975","-11,725","-11,625","-11,525","-11,250","-10,950","-10,600","-10,225","-9,925","-9,625"
BIRSPRA,2,,"2,400","0,075","0,075","0,075","0,075","0,075","0,075","0,075","0,075","0,075","0,075","0,075","0,075","0,075","0,075","0,075","0,075","0,075","0,075","0,075","0,075","0,075","0,075","0,075","0,075","0,075","0,075","0,075","0,075","0,075","0,075","0,075","0,075",,,,,,,,,,,,,,,,,,,,,,,,,,,,,,,,,,,,,,,,,,,,,,,,,,,,,,,,,,,,,,,,
BLAGAR,10,,"7,050","0,150","0,150","0,150","0,150","0,150","0,150","0,150","0,150","0,150","0,150","0,150","0,150","0,150","0,150","0,150","0,150","0,150","0,150","0,150","0,150","0,150","0,150","0,150","0,150","0,150","0,150","0,150","0,150",,,,,,,,,,,,,,,,,,,,,,,,,,,,,,,,,,,,,,,,,,,,,,,,,,"0,150","0,150","0,150","0,150","0,150","0,150","0,150","0,150","0,150","0,150","0,150","0,150","0,150","0,150","0,150","0,150","0,150","0,150","0,150"
BLANC,10,,"36,525",,,,,,,,,,,,,,,,,,,,,,,,,,,,,,"0,025","0,025","0,050","0,075","0,075","0,125","0,200","0,275","0,350","0,425","0,525","0,575","0,650","0,725","0,800","0,850","0,875","0,950","0,975","1,000","1,025","1,075","1,100","1,100","1,125","1,150","1,125","1,150","1,150","1,150","1,125","1,125","1,100","1,075","1,075","1,025","1,000","0,950","0,925","0,900","0,825","0,775","0,700","0,625","0,575","0,500","0,400","0,350","0,275","0,200","0,125","0,075","0,050","0,025","0,025",,,,,,,,,,,,
BNPRC01,8,,"-1130,300","-11,175","-11,525","-10,900","-10,550","-12,825","-12,475","-12,175","-11,925","-9,350","-8,675","-11,250","-10,525","-10,650","-10,700","-10,525","-10,175","-8,250","-8,125","-8,125","-7,875","-8,150","-8,425","-8,300","-8,000","-8,450","-9,450","-8,900","-9,000","-10,025","-9,475","-9,875","-9,750","-10,100","-9,600","-10,300","-9,700","-9,375","-9,275","-12,650","-12,300","-12,575","-9,325","-10,225","-8,650","-11,575","-10,600","-9,450","-9,750","-9,675","-9,750","-9,850","-9,975","-10,025","-9,675","-10,325","-10,525","-10,600","-10,700","-10,825","-11,000","-11,150","-11,350","-11,550","-11,800","-11,975","-11,700","-12,550","-12,425","-9,675","-17,250","-17,525","-18,225","-14,625","-15,475","-15,700","-15,875","-15,325","-15,425","-16,100","-16,300","-16,125","-16,300","-16,375","-16,900","-16,425","-16,425","-16,375","-16,425","-15,675","-15,200","-14,725","-14,725","-13,675","-13,600","-13,075","-12,325"
BNPRV01,2,,"4,700",,,,,,,,,,,,,,,,,,,,,,,,,"0,025","0,025","0,025","0,025","0,025","0,025","0,025","0,025","0,050","0,050","0,050","0,050","0,075","0,075","0,075","0,075","0,100","0,100","0,100","0,100","0,125","0,125","0,125","0,125","0,125","0,125","0,125","0,125","0,125","0,125","0,125","0,125","0,125","0,125","0,125","0,125","0,125","0,125","0,125","0,125","0,100","0,100","0,100","0,100","0,075","0,075","0,075","0,075","0,050","0,050","0,050","0,050","0,025","0,025","0,025","0,025","0,025","0,025","0,025","0,025",,,,,,,,,,,,
BOAEC01,8,,"-0,650","-0,025",,,,,"-0,025",,,,,"-0,025",,,,,"-0,025","-0,025",,,,,"-0,025",,,,,"-0,025",,,,,"-0,025","-0,025",,,,,"-0,025",,,,"-0,025",,,,,,"-0,025",,"-0,025",,,,,"-0,025",,"-0,025",,"-0,025",,,"-0,025",,"-0,025",,,,"-0,025",,"-0,025",,,"-0,025",,,,,"-0,025",,,"-0,025",,,,,"-0,025",,,,,"-0,025",,"-0,025",,,
BPC01,8,,"-98,575","-0,850","-0,850","-0,850","-0,850","-0,825","-0,825","-0,825","-0,825","-0,825","-0,825","-0,825","-0,825","-0,825","-0,825","-0,825","-0,825","-0,800","-0,800","-0,800","-0,825","-0,825","-0,825","-0,850","-0,875","-0,950","-1,000","-1,025","-1,025","-1,000","-1,000","-1,000","-1,000","-1,000","-1,000","-1,000","-1,025","-1,025","-1,025","-1,050","-1,075","-1,075","-1,100","-1,125","-1,125","-1,150","-1,175","-1,175","-1,175","-1,175","-1,200","-1,175","-1,175","-1,175","-1,150","-1,150","-1,150","-1,150","-1,125","-1,125","-1,125","-1,100","-1,100","-1,100","-1,100","-1,100","-1,100","-1,125","-1,125","-1,150","-1,150","-1,175","-1,175","-1,175","-1,200","-1,200","-1,200","-1,200","-1,200","-1,200","-1,200","-1,200","-1,200","-1,175","-1,175","-1,150","-1,125","-1,100","-1,075","-1,000","-0,975","-0,925","-0,900","-0,875","-0,850","-0,850","-0,850"
BPSRR01,8,,"-41,500","-0,400","-0,400","-0,400","-0,400","-0,400","-0,400","-0,400","-0,400","-0,300","-0,300","-0,300","-0,300","-0,300","-0,300","-0,300","-0,300","-0,300","-0,300","-0,300","-0,300","-0,300","-0,300","-0,300","-0,400","-0,400","-0,400","-0,400","-0,400","-0,400","-0,400","-0,400","-0,400","-0,400","-0,400","-0,400","-0,500","-0,500","-0,500","-0,500","-0,500","-0,500","-0,500","-0,500","-0,500","-0,500","-0,500","-0,500","-0,500","-0,500","-0,500","-0,500","-0,500","-0,500","-0,500","-0,500","-0,500","-0,500","-0,500","-0,500","-0,500","-0,500","-0,500","-0,500","-0,500","-0,500","-0,500","-0,500","-0,500","-0,500","-0,500","-0,500","-0,500","-0,500","-0,500","-0,500","-0,500","-0,500","-0,500","-0,500","-0,500","-0,500","-0,500","-0,500","-0,500","-0,500","-0,500","-0,400","-0,400","-0,400","-0,400","-0,400","-0,300","-0,300","-0,300","-0,300","-0,300"
BREFEN,10,,"10,225","0,025","0,025","0,025","0,025","0,025","0,025","0,025","0,025","0,025","0,025","0,025","0,025","0,025","0,025","0,025","0,025","0,375","0,375","0,375","0,375",,,,,,,,,,,"0,325","0,250","0,325","0,325","0,325","0,325","0,325","0,325",,,,"0,325","0,325",,,,,,,,,,,,,,,,,,,,,,,,,,"0,075",,,,"0,075","0,100","0,100","0,100","0,500","0,100","0,100","0,450","0,425","0,475","0,050","0,050","0,425","0,325","0,300","0,050","0,325","0,325","0,300","0,300","0,050","0,050","0,050","0,050"
BRJV01,10,,"13,975",,,,,,,,,,,,,,,,,,,,,,,,,,,,,,,,,,,,,,,,,,,,"1,775","0,600","0,450",,,,,,,"2,000","1,150","2,000","2,000","0,900","1,100",,,,,"2,000",,,,,,,,,,,,,,,,,,,,,,,,,,,,,,,,,
BRR1X,11,,"-86,625","-0,500","-0,500","-0,500","-0,500","-0,500","-0,500","-0,875","-0,875","-0,875","-0,875","-0,875","-0,875","-0,875","-0,875","-0,875","-0,875","-0,875","-0,875","-0,875","-0,875","-0,875","-0,875","-0,875","-0,875","-0,500","-0,500","-0,500","-0,500","-0,500","-0,500","-0,500","-0,500","-0,875","-0,875","-1,250","-1,250","-1,250","-1,250","-1,250","-1,250","-1,250","-1,250","-1,250","-1,250","-1,250","-1,250","-1,250","-1,250","-1,250","-1,250","-1,250","-1,250","-1,250","-1,250","-1,250","-1,250","-1,250","-1,250","-1,250","-1,250","-1,250","-1,250","-1,250","-1,250","-1,250","-1,250","-1,250","-1,250","-1,250","-1,250","-1,250","-1,250","-1,250","-1,250","-1,250","-0,875","-0,500","-0,500","-0,500","-0,500","-0,500","-0,500","-0,500","-0,500","-0,500","-0,500","-0,500","-0,500","-0,500","-0,500","-0,500","-0,500","-0,500","-0,500","-0,500","-0,500"
BRUC,10,,"373,025",,,,,,,,,,,,,,,,,,,,,,,,,,,,,,"0,075","0,275","0,625","1,200","1,975","2,900","3,850","4,725","5,625","6,525","7,300","7,925","8,400","8,525","8,875","9,150","8,875","8,950","8,950","8,850","8,900","8,950","9,000","9,100","9,225","9,375","9,475","9,525","9,475","9,400","9,350","9,325","9,375","9,425","9,450","9,000","9,000","8,500","8,000","8,000","7,500","7,000","6,500","5,250","5,500","5,500","5,500","6,000","6,250","5,750","4,850","4,000","3,075","2,200","1,450","0,850","0,375","0,050",,,,,,,,,
BSGEC01,8,,"-26,450","-0,225","-0,250","-0,250","-0,250","-0,250","-0,225","-0,250","-0,275","-0,325","-0,350","-0,325","-0,325","-0,350","-0,325","-0,325","-0,325","-0,325","-0,325","-0,250","-0,250","-0,250","-0,250","-0,250","-0,250","-0,275","-0,300","-0,325","-0,375","-0,375","-0,375","-0,425","-0,450","-0,375","-0,350","-0,375","-0,350","-0,375","-0,350","-0,300","-0,300","-0,300","-0,300","-0,300","-0,300","-0,300","-0,300","-0,300","-0,275","-0,250","-0,250","-0,250","-0,250","-0,225","-0,250","-0,225","-0,225","-0,225","-0,200","-0,175","-0,150","-0,150","-0,150","-0,150","-0,150","-0,125","-0,150","-0,150","-0,150","-0,150","-0,175","-0,200","-0,225","-0,250","-0,250","-0,275","-0,300","-0,250","-0,300","-0,250","-0,275","-0,300","-0,300","-0,300","-0,325","-0,300","-0,300","-0,300","-0,300","-0,300","-0,325","-0,325","-0,300","-0,300","-0,300","-0,300","-0,300"
BSOUP01,10,,"72,275",,,,,,,,,,,,,,,,,,,,,,,,,,,,,,"0,025","0,075","0,150","0,275","0,425","0,600","0,825","1,050","1,250","1,450","1,600","1,650","1,725","1,750","1,800","1,750","1,750","1,750","1,725","1,675","1,625","1,650","1,600","1,600","1,625","1,650","1,625","1,600","1,600","1,600","1,600","1,575","1,575","1,600","1,550","1,575","1,550","1,550","1,550","1,600","1,550","1,500","1,525","1,550","1,525","1,475","1,450","1,375","1,225","1,025","0,875","0,675","0,500","0,350","0,225","0,125","0,075","0,050",,,,,,,,,
BTRR1,10,,"446,950",,,,,,,,,,,,,,,,,,,,,,,,,,,,,"0,150","0,775","1,425","2,250","3,150","4,200","5,325","6,875","7,425","8,325","8,575","8,925","9,325","9,750","9,875","9,950","9,975","10,025","10,100","10,050","9,950","9,900","9,925","9,975","9,950","9,950","10,025","9,925","9,900","9,750","9,775","9,825","9,725","9,850","9,850","9,850","9,900","9,825","9,825","9,825","9,825","9,725","9,675","9,350","9,175","9,300","8,625","8,325","7,825","6,925","6,050","5,225","3,800","3,350","2,575","1,750","1,050","0,450",,,,,,,,,,
BTRR2,10,,"446,725",,,,,,,,,,,,,,,,,,,,,,,,,,,,"0,025","0,100","0,450","0,950","1,700","2,400","3,400","4,200","5,250","6,550","7,750","8,625","9,200","9,625","9,900","10,025","10,100","10,050","10,025","10,025","9,975","9,900","10,000","9,975","9,925","9,900","9,825","9,850","9,725","9,750","9,675","9,700","9,675","9,425","9,750","9,775","9,700","9,775","9,800","9,750","9,750","9,850","9,825","9,800","9,625","9,525","9,450","9,025","8,575","7,975","7,925","7,050","5,775","4,600","3,725","3,000","2,400","1,525","0,800","0,325",,,,,,,,,
BTRR3,10,,"445,100",,,,,,,,,,,,,,,,,,,,,,,,,,,,,"0,075","0,350","0,650","1,375","2,075","3,300","4,275","5,050","6,225","7,375","7,775","8,775","9,200","9,625","9,825","9,850","9,875","9,975","10,025","10,025","9,800","9,925","9,825","9,975","9,950","10,025","10,050","10,050","10,025","9,825","9,975","9,950","10,000","10,150","10,025","10,025","9,900","9,825","9,925","9,950","10,050","10,100","9,925","9,950","9,800","9,475","9,125","8,675","8,050","7,550","6,750","5,575","4,750","3,700","2,700","2,125","1,250","0,475","0,200",,,,,,,,,
BYDETIC,2,,"17,200","0,225","0,225","0,225","0,225","0,225","0,225","0,225","0,225","0,225","0,225","0,225","0,225","0,225","0,225","0,225","0,225","0,225","0,225","0,225","0,225","0,225","0,225","0,225","0,225","0,225","0,225","0,225","0,225","0,225","0,225","0,225","0,225","0,225","0,225","0,225","0,225","0,125","0,125","0,125","0,125","0,125","0,125","0,125","0,125","0,125","0,125","0,125","0,125","0,125","0,125","0,125","0,125","0,125","0,125","0,125","0,125","0,125","0,125","0,125","0,125","0,125","0,125","0,125","0,125","0,125","0,125","0,125","0,125","0,125","0,125","0,125","0,125","0,125","0,125","0,125","0,125","0,125","0,125","0,125","0,125","0,225","0,225","0,225","0,225","0,225","0,225","0,225","0,225","0,225","0,225","0,225","0,225","0,225","0,225","0,225","0,225"
BYENC01,8,,"-251,600","-2,100","-2,100","-2,100","-2,100","-2,100","-2,100","-2,000","-2,000","-2,000","-2,000","-2,000","-2,000","-1,900","-1,900","-1,900","-1,900","-1,900","-1,900","-1,900","-1,900","-1,900","-1,900","-1,900","-2,000","-2,000","-2,100","-2,100","-2,100","-2,300","-2,300","-2,300","-2,300","-2,600","-2,600","-2,600","-2,600","-2,900","-2,900","-2,900","-2,900","-3,100","-3,100","-3,100","-3,100","-3,200","-3,200","-3,200","-3,200","-3,300","-3,300","-3,300","-3,300","-3,300","-3,300","-3,300","-3,300","-3,200","-3,100","-3,100","-3,100","-3,000","-3,000","-3,000","-3,000","-3,000","-3,000","-3,000","-3,000","-3,000","-3,000","-3,100","-3,100","-3,000","-2,900","-2,900","-2,900","-2,800","-2,800","-2,900","-2,900","-2,800","-2,800","-2,800","-2,800","-2,700","-2,700","-2,600","-2,600","-2,600","-2,500","-2,500","-2,500","-2,400","-2,400","-2,300","-2,200"
CADLC01,8,,"-802,750","-6,325","-6,100","-5,950","-5,575","-5,550","-5,400","-5,375","-5,275","-5,200","-4,950","-5,075","-5,050","-5,075","-5,200","-5,175","-4,950","-5,000","-5,125","-5,150","-4,975","-5,075","-5,125","-5,175","-5,350","-5,550","-5,775","-6,125","-6,400","-6,675","-7,100","-7,375","-7,625","-7,850","-8,100","-8,425","-8,650","-8,925","-9,425","-9,800","-10,000","-9,950","-10,125","-10,275","-10,625","-10,575","-10,725","-10,850","-10,625","-11,125","-11,200","-11,275","-11,300","-11,325","-11,350","-11,300","-11,225","-10,975","-11,400","-11,300","-10,650","-10,325","-10,225","-10,425","-10,275","-10,250","-10,100","-10,000","-9,875","-9,325","-9,725","-9,650","-9,600","-9,250","-9,175","-9,200","-9,350","-9,475","-9,575","-9,675","-9,800","-9,925","-10,025","-10,025","-9,975","-9,500","-9,425","-9,200","-9,050","-8,825","-8,550","-8,275","-7,975","-7,400","-7,075","-6,725","-6,350"
CALEC01,7,,"-70,800","-0,675","-0,675","-0,675","-0,675","-0,600","-0,600","-0,600","-0,600","-0,600","-0,600","-0,600","-0,600","-0,600","-0,600","-0,600","-0,600","-0,600","-0,600","-0,600","-0,600","-0,625","-0,625","-0,625","-0,625","-0,625","-0,625","-0,625","-0,625","-0,725","-0,725","-0,725","-0,725","-0,750","-0,750","-0,750","-0,750","-0,750","-0,750","-0,750","-0,750","-0,750","-0,750","-0,750","-0,750","-0,850","-0,850","-0,850","-0,850","-0,850","-0,850","-0,850","-0,850","-0,775","-0,775","-0,775","-0,775","-0,850","-0,850","-0,850","-0,850","-0,850","-0,850","-0,850","-0,850","-0,850","-0,850","-0,850","-0,850","-0,850","-0,850","-0,850","-0,850","-0,850","-0,850","-0,850","-0,850","-0,850","-0,850","-0,850","-0,850","-0,775","-0,775","-0,775","-0,775","-0,675","-0,675","-0,675","-0,675","-0,675","-0,675","-0,675","-0,675","-0,700","-0,700","-0,700","-0,700"
CAMCC01,8,,"-2,000","-0,025","-0,025","-0,025","-0,025","-0,025","-0,025","-0,025","-0,025",,,,,,,,,,,,,,,,,,,,,,,,,"-0,025","-0,025","-0,025","-0,025","-0,025","-0,025","-0,025","-0,025","-0,025","-0,025","-0,025","-0,025","-0,025","-0,025","-0,025","-0,025","-0,025","-0,025","-0,025","-0,025","-0,025","-0,025","-0,025","-0,025","-0,025","-0,025","-0,025","-0,025","-0,025","-0,025","-0,025","-0,025","-0,025","-0,025","-0,025","-0,025","-0,025","-0,025","-0,025","-0,025","-0,025","-0,025","-0,025","-0,025","-0,025","-0,025","-0,025","-0,025","-0,025","-0,025","-0,025","-0,025","-0,050","-0,050","-0,050","-0,050","-0,050","-0,050","-0,050","-0,050","-0,025","-0,025","-0,025","-0,025"
CAMGI10,1,,"6481,425","89,700","89,700","89,700","89,700","89,725","89,725","89,725","89,600","89,650","89,650","89,650","89,650","89,525","89,525","89,525","89,525","89,800","89,800","89,800","89,800","90,250","90,250","90,250","88,975","90,400","90,400","90,400","90,400","90,175","90,175","90,175","90,175","89,900","89,900","89,900","37,925","76,650","49,025","37,925","37,925","37,925","37,925","37,925","37,925","37,925","37,925","37,925","37,925","37,925","37,925","37,925","37,925","37,925","37,925","37,925","37,925","37,925","37,925","37,925","37,925","37,925","37,925","37,925","37,925","37,925","37,925","37,925","37,925","37,925","37,925","37,925","39,425","37,925","37,925","61,325","75,575","56,225","81,300","83,550","81,300","83,850","83,600","83,600","82,600","85,175","85,425","85,175","82,925","86,750","86,750","86,750","86,750","86,800","86,800","86,800","86,800"
CAMGI20,1,,"6487,325","87,800","87,800","87,800","87,800","87,800","77,300","77,300","75,725","87,800","87,800","87,800","87,800","87,800","87,800","87,800","87,800","87,825","87,825","87,825","87,825","87,825","87,825","87,825","87,825","87,825","87,825","87,825","87,825","87,825","77,325","77,325","77,325","76,750","76,750","76,750","67,425","75,950","64,625","40,000","40,000","40,000","40,000","40,000","40,000","40,000","40,000","40,000","40,000","40,000","40,000","40,000","40,000","40,000","40,000","40,000","40,000","40,000","40,000","40,000","40,000","40,000","40,000","40,000","40,000","40,000","40,000","40,000","40,000","40,000","40,000","40,000","57,700","47,975","65,950","71,675","71,125","63,775","76,700","77,550","82,800","77,650","77,650","77,650","77,650","88,150","88,150","88,150","88,150","88,150","88,150","88,150","88,150","88,150","88,150","88,150","88,150"
CANTI44,10,,"44,300",,,,,,,,,,,,,,,,,,,,,,,,,,,,,,"0,025","0,050","0,100","0,200","0,325","0,450","0,550","0,675","0,775","0,875","0,950","1,000","1,025","1,050","1,075","1,075","1,075","1,100","1,100","1,050","1,050","1,050","1,075","1,075","1,075","1,100","1,100","1,100","1,125","1,125","1,125","1,125","1,100","1,100","1,100","1,000","1,000","1,000","1,000","1,000","0,750","0,750","0,750","0,500","0,750","0,500","0,500","0,750","0,700","0,600","0,500","0,425","0,325","0,225","0,150","0,100","0,050","0,025",,,,,,,,,
CANXC01,7,,"-95,900","-1,100","-1,150","-1,150","-1,100","-1,100","-1,075","-1,100","-1,075","-1,050","-1,050","-1,075","-1,075","-1,025","-1,050","-1,025","-1,025","-1,000","-1,050","-1,050","-1,050","-1,050","-1,100","-1,075","-1,050","-1,050","-1,025","-1,025","-1,025","-1,025","-1,050","-1,025","-0,975","-1,000","-1,025","-1,025","-1,025","-0,725","-1,000","-0,950","-0,925","-0,900","-0,875","-0,875","-0,900","-0,850","-0,875","-0,875","-0,850","-0,850","-0,775","-0,775","-0,825","-0,800","-0,800","-0,825","-0,800","-0,775","-0,775","-0,800","-0,825","-0,850","-0,825","-0,825","-0,850","-0,850","-0,900","-0,925","-0,900","-0,925","-0,950","-0,950","-0,950","-0,950","-0,975","-0,950","-0,975","-1,025","-1,075","-1,125","-1,125","-1,150","-1,150","-1,150","-1,125","-1,175","-1,200","-1,175","-1,200","-1,200","-1,200","-1,175","-1,200","-1,225","-1,175","-1,175","-1,175"
CARRA,2,,"22,325",,,,,,,,,,,,,,,,,,,,,,,,,,,,,,,"0,025","0,025","0,050","0,075","0,100","0,125","0,175","0,225","0,275","0,325","0,375","0,400","0,450","0,500","0,525","0,575","0,575","0,625","0,650","0,650","0,650","0,675","0,675","0,675","0,675","0,675","0,675","0,675","0,675","0,675","0,650","0,650","0,650","0,650","0,625","0,600","0,600","0,550","0,500","0,475","0,475","0,425","0,350","0,325","0,275","0,250","0,200","0,175","0,125","0,100","0,075","0,050","0,050","0,025","0,025",,,,,,,,,,,
CASAC01,7,,"-7,725","-0,025",,"-0,025",,"-0,025",,"-0,025",,"-0,025",,"-0,025",,"-0,025",,"-0,025",,"-0,025",,"-0,025",,"-0,025",,"-0,025",,"-0,075","-0,075","-0,075","-0,075","-0,100","-0,100","-0,100","-0,100","-0,150","-0,150","-0,150","-0,150","-0,150","-0,150","-0,150","-0,150","-0,150","-0,150","-0,150","-0,150","-0,125","-0,125","-0,125","-0,125","-0,125","-0,125","-0,125","-0,125","-0,150","-0,150","-0,150","-0,150","-0,125","-0,125","-0,125","-0,125","-0,125","-0,125","-0,125","-0,125","-0,125","-0,125","-0,125","-0,125","-0,100","-0,100","-0,100","-0,100","-0,100","-0,100","-0,100","-0,100","-0,100","-0,100","-0,100","-0,100","-0,075","-0,075","-0,075","-0,075","-0,075","-0,075","-0,075","-0,075",,"-0,025",,,,,,
CASAII,10,,"249,175",,,,,,,,,,,,,,,,,,,,,,,,,,,,,"0,025","0,125","0,250","0,475","0,850","1,400","2,050","2,725","3,350","4,000","4,650","5,175","5,475","5,575","5,550","5,550","5,625","5,750","5,900","6,025","6,375","6,450","6,550","6,600","6,600","6,550","6,500","6,400","6,325","6,200","6,075","5,975","5,975","6,050","6,150","6,225","6,175","6,025","5,850","5,650","5,525","5,400","5,325","5,175","4,975","4,775","4,500","4,150","3,675","3,000","2,250","1,575","1,125","0,850","0,650","0,500","0,325","0,150","0,025",,,,,,,,,
CASAIII,10,,"290,125",,,,,,,,,,,,,,,,,,,,,,,,,,,,"0,100","0,400","1,000","1,800","2,575","3,225","3,850","4,425","4,950","5,350","5,650","5,900","6,075","6,250","6,350","6,450","6,500","6,550","6,600","6,600","6,600","6,775","6,775","6,750","6,700","6,650","6,600","6,525","6,425","6,350","6,225","6,125","6,025","5,950","5,900","5,875","5,825","5,800","5,775","5,750","5,700","5,600","5,450","5,275","5,100","4,975","4,875","4,775","4,675","4,500","4,325","4,100","3,800","3,350","2,750","2,075","1,450","0,900","0,400","0,050",,,,,,,,,
CASAIV,10,,"254,350",,,,,,,,,,,,,,,,,,,,,,,,,,,,"0,050","0,200","0,475","0,825","1,275","1,800","2,450","3,150","3,775","4,275","4,650","4,975","5,225","5,450","5,625","5,750","5,875","5,950","6,025","6,075","6,100","6,325","6,325","6,300","6,275","6,200","6,100","5,975","5,850","5,750","5,650","5,550","5,500","5,425","5,400","5,375","5,350","5,325","5,300","5,300","5,275","5,200","5,100","4,950","4,825","4,700","4,600","4,475","4,325","4,075","3,725","3,325","2,875","2,450","1,950","1,425","0,975","0,575","0,250","0,025",,,,,,,,,
CASAIX,10,,"230,650",,,,,,,,,,,,,,,,,,,,,,,,,,,,,"0,075","0,250","0,500","0,775","1,075","1,425","1,775","2,125","2,500","2,850","3,225","3,575","3,875","4,175","4,450","4,700","4,950","5,175","5,400","5,600","5,975","6,150","6,300","6,400","6,425","6,400","6,350","6,250","6,150","6,050","5,925","5,825","5,800","5,850","5,925","5,950","5,875","5,725","5,550","5,350","5,150","4,925","4,725","4,500","4,300","4,125","3,950","3,750","3,450","3,050","2,600","2,150","1,750","1,350","0,975","0,650","0,375","0,150","0,025",,,,,,,,,
CASAV,10,,"70,075",,,,,,,,,,,,,,,,,,,,,,,,,,,,"0,025","0,075","0,150","0,275","0,425","0,575","0,775","1,000","1,175","1,300","1,400","1,475","1,525","1,575","1,600","1,650","1,650","1,675","1,675","1,675","1,675","1,700","1,700","1,675","1,650","1,625","1,600","1,600","1,575","1,550","1,500","1,475","1,450","1,450","1,425","1,425","1,400","1,400","1,400","1,425","1,400","1,400","1,350","1,300","1,250","1,225","1,200","1,175","1,150","1,100","1,025","0,950","0,850","0,725","0,600","0,450","0,300","0,175","0,075",,,,,,,,,,
CASAVI,10,,"335,525",,,,,,,,,,,,,,,,,,,,,,,,,,,,,"0,050","0,125","0,300","0,575","1,050","1,725","2,550","3,400","4,250","5,200","6,175","6,950","7,425","7,600","7,600","7,600","7,700","7,850","8,050","8,225","8,650","8,725","8,800","8,825","8,800","8,750","8,675","8,550","8,450","8,300","8,125","8,000","7,975","8,050","8,150","8,200","8,125","7,950","7,700","7,475","7,250","7,075","6,900","6,700","6,525","6,375","6,200","5,900","5,350","4,525","3,600","2,725","2,050","1,475","1,025","0,650","0,350","0,150","0,025",,,,,,,,,
CASAVII,10,,"312,575",,,,,,,,,,,,,,,,,,,,,,,,,,,,,"0,100","0,350","0,675","1,075","1,475","1,925","2,425","2,900","3,375","3,875","4,350","4,800","5,225","5,600","5,950","6,300","6,625","6,950","7,275","7,575","8,125","8,325","8,500","8,600","8,650","8,575","8,450","8,350","8,225","8,100","7,975","7,900","7,900","8,000","8,125","8,175","8,100","7,875","7,600","7,300","7,000","6,725","6,425","6,150","5,875","5,650","5,400","5,125","4,700","4,150","3,550","2,950","2,400","1,850","1,325","0,875","0,500","0,225","0,025",,,,,,,,,
CASMON,10,,"27,425",,,,,,,,,,,,,,,,,,,,,,,,,,,,,"0,025","0,025","0,075","0,100","0,175","0,225","0,275","0,325","0,375","0,400","0,425","0,425","0,450","0,500","0,575","0,575","0,575","0,575","0,625","0,575","0,575","0,575","0,625","0,625","0,625","0,625","0,625","0,625","0,625","0,625","0,625","0,625","0,575","0,575","0,600","0,600","0,600","0,600","0,600","0,625","0,600","0,600","0,575","0,575","0,550","0,575","0,550","0,525","0,550","0,550","0,475","0,450","0,425","0,350","0,250","0,150","0,125","0,050","0,025",,,,,,,,,
CATGC01,8,,"-105,475","-1,000","-0,975","-0,925","-0,900","-0,875","-0,825","-0,800","-0,800","-0,775","-0,750","-0,750","-0,725","-0,725","-0,700","-0,700","-0,700","-0,675","-0,675","-0,675","-0,675","-0,675","-0,675","-0,675","-0,675","-0,700","-0,700","-0,725","-0,750","-0,800","-0,850","-0,875","-0,875","-0,875","-0,875","-0,900","-0,925","-0,975","-1,000","-1,050","-1,075","-1,100","-1,125","-1,150","-1,150","-1,175","-1,200","-1,200","-1,225","-1,250","-1,275","-1,275","-1,300","-1,325","-1,350","-1,350","-1,375","-1,375","-1,375","-1,375","-1,375","-1,375","-1,375","-1,375","-1,375","-1,400","-1,400","-1,400","-1,400","-1,400","-1,400","-1,400","-1,375","-1,375","-1,350","-1,350","-1,350","-1,325","-1,325","-1,325","-1,325","-1,350","-1,350","-1,350","-1,350","-1,375","-1,400","-1,375","-1,350","-1,325","-1,300","-1,250","-1,225","-1,175","-1,150","-1,100","-1,050"
CATRAL1,10,,"12,725",,,,,,,,,,,,,,,,,,,,,,,,,,,,,,,,,"0,025","0,025","0,050","0,050","0,075","0,100","0,125","0,150","0,175","0,200","0,225","0,450","0,450","0,450","0,275","0,300","0,300","0,325","0,325","0,350","0,450","0,100","0,450","0,450","0,450","0,450","0,375","0,375","0,450","0,450","0,450","0,350","0,325","0,325","0,325","0,300","0,275","0,275","0,250","0,225","0,200","0,200","0,175","0,150","0,125","0,100","0,075","0,050","0,025","0,025","0,025","0,050",,,,,,,,,,,,
CATRAL2,2,,"4,300",,,,,,,,,,,,,,,,,,,,,,,,,,,,,,,,"0,050","0,025","0,025","0,025","0,075","0,050","0,050","0,050","0,100","0,075","0,075","0,075","0,150","0,150","0,150","0,100","0,100","0,100","0,100","0,100","0,100","0,150","0,150","0,150","0,150","0,150","0,150","0,100","0,100","0,150","0,150","0,150","0,100","0,100","0,075","0,075","0,075","0,075","0,050","0,050","0,075","0,100","0,050","0,025","0,025","0,025","0,025","0,025","0,050","0,025",,,,,,,,,,,,,,,
CATRC01,8,,"-19,425","-0,175","-0,150","-0,175","-0,150","-0,150","-0,175","-0,150","-0,150","-0,150","-0,150","-0,125","-0,125","-0,150","-0,150","-0,150","-0,150","-0,150","-0,150","-0,125","-0,125","-0,150","-0,150","-0,125","-0,150","-0,150","-0,150","-0,150","-0,150","-0,150","-0,150","-0,175","-0,175","-0,200","-0,225","-0,225","-0,225","-0,225","-0,250","-0,225","-0,225","-0,225","-0,225","-0,200","-0,225","-0,225","-0,225","-0,250","-0,250","-0,225","-0,250","-0,250","-0,250","-0,225","-0,225","-0,225","-0,225","-0,225","-0,225","-0,225","-0,200","-0,200","-0,200","-0,200","-0,200","-0,200","-0,225","-0,225","-0,225","-0,225","-0,225","-0,250","-0,250","-0,250","-0,250","-0,250","-0,250","-0,250","-0,250","-0,250","-0,250","-0,250","-0,250","-0,250","-0,225","-0,250","-0,250","-0,250","-0,225","-0,225","-0,225","-0,225","-0,200","-0,225","-0,200","-0,175","-0,200"
CCASC01,8,,"-20,725","-0,075","-0,825","-0,825","-0,825","-0,800","-0,800","-0,800","-0,800","-0,525",,"-0,375","-0,725","-0,675","-0,675","-0,675","-0,675","-0,625","-0,625","-0,625","-0,625","-0,575","-0,575","-0,575","-0,575","-0,500","-0,050",,,,,,,"-0,050","-0,050","-0,050",,,,,,,,,,,,,,,,,,,,,,,,,,,,,,,,,,,,,,,,,,"-0,100","-0,100","-0,025","-0,050","-0,525",,,,,,,"-0,775","-0,775","-0,775",,,,"-0,675","-0,675","-0,675"
CCATC01,8,,"-21,175","-0,250","-0,250","-0,225","-0,225","-0,225","-0,200","-0,200","-0,200","-0,200","-0,200","-0,200","-0,200","-0,175","-0,175","-0,175","-0,175","-0,175","-0,175","-0,175","-0,175","-0,150","-0,150","-0,150","-0,150","-0,150","-0,150","-0,150","-0,150","-0,150","-0,150","-0,150","-0,150","-0,150","-0,150","-0,150","-0,150","-0,150","-0,150","-0,175","-0,175","-0,175","-0,175","-0,200","-0,200","-0,200","-0,200","-0,200","-0,200","-0,225","-0,225","-0,225","-0,225","-0,250","-0,250","-0,250","-0,250","-0,250","-0,250","-0,250","-0,275","-0,275","-0,275","-0,275","-0,275","-0,275","-0,275","-0,275","-0,275","-0,275","-0,275","-0,250","-0,250","-0,250","-0,250","-0,250","-0,250","-0,250","-0,250","-0,250","-0,250","-0,250","-0,250","-0,250","-0,275","-0,275","-0,275","-0,275","-0,300","-0,300","-0,300","-0,300","-0,300","-0,275","-0,275","-0,275","-0,250"
CD02R01,7,,"-19,150","-0,100","-0,100","-0,100","-0,100","-0,125","-0,125","-0,125","-0,125","-0,050","-0,050","-0,050","-0,050","-0,050","-0,050","-0,050","-0,050","-0,075","-0,075","-0,075","-0,075","-0,075","-0,075","-0,075","-0,075","-0,300","-0,300","-0,275","-0,275","-0,350","-0,350","-0,350","-0,350","-0,300","-0,300","-0,300","-0,300","-0,350","-0,325","-0,350","-0,350","-0,350","-0,350","-0,350","-0,350","-0,325","-0,325","-0,325","-0,325","-0,325","-0,325","-0,325","-0,325","-0,275","-0,275","-0,275","-0,275","-0,275","-0,275","-0,275","-0,275","-0,275","-0,275","-0,275","-0,275","-0,200","-0,200","-0,200","-0,200","-0,150","-0,100","-0,100","-0,100","-0,075","-0,075","-0,075","-0,175","-0,150","-0,200","-0,150","-0,100","-0,175","-0,100","-0,100","-0,100","-0,175","-0,175","-0,175","-0,175","-0,175","-0,175","-0,175","-0,175","-0,175","-0,175","-0,175","-0,175"
CD03R01,7,,"-1746,025","-18,350","-18,350","-18,350","-18,350","-18,475","-18,475","-18,475","-18,475","-18,275","-18,275","-18,275","-18,275","-18,375","-18,375","-18,375","-18,375","-18,575","-18,575","-18,575","-18,575","-18,500","-18,500","-18,500","-18,500","-18,575","-18,575","-18,500","-18,500","-18,275","-18,275","-18,350","-18,275","-17,950","-17,950","-17,950","-17,950","-17,975","-17,900","-17,975","-18,075","-18,100","-18,175","-18,175","-18,175","-18,100","-18,100","-18,100","-18,100","-18,175","-18,175","-18,175","-18,175","-18,000","-18,000","-18,000","-18,000","-17,925","-17,925","-17,925","-17,925","-18,000","-18,000","-18,000","-18,000","-18,100","-18,100","-18,100","-18,100","-18,100","-18,025","-18,025","-18,025","-18,000","-18,000","-18,000","-18,150","-18,150","-18,225","-18,150","-18,050","-17,950","-17,800","-17,800","-17,800","-18,150","-18,150","-18,150","-18,150","-18,325","-18,325","-18,325","-18,325","-18,200","-18,200","-18,200","-18,200"
CD04R01,7,,"-319,400","-1,100","-1,100","-1,100","-1,100","-1,125","-1,125","-1,125","-1,125","-1,050","-1,050","-1,050","-1,050","-0,975","-0,975","-0,975","-0,975","-1,025","-1,025","-1,025","-1,025","-0,975","-0,975","-0,975","-0,975","-1,150","-1,150","-1,150","-1,150","-1,275","-1,275","-1,275","-1,275","-1,225","-1,225","-1,225","-1,225","-1,075","-1,075","-1,075","-1,075","-1,075","-1,075","-1,075","-1,075","-1,025","-1,025","-1,025","-1,025","-1,300","-1,300","-1,300","-1,300","-8,975","-8,975","-8,975","-8,975","-9,325","-9,325","-9,325","-9,325","-9,575","-9,575","-9,575","-9,575","-7,000","-7,000","-7,000","-7,000","-9,075","-9,075","-9,075","-9,075","-8,225","-8,225","-8,225","-8,225","-8,350","-8,350","-8,350","-8,350","-2,175","-2,175","-2,175","-2,175","-1,000","-1,000","-1,000","-1,000","-0,900","-0,900","-0,900","-0,900","-0,875","-0,875","-0,875","-0,875"
CD05R01,7,,"-440,050","-4,575","-4,575","-4,575","-4,575","-4,725","-4,725","-4,725","-4,725","-4,425","-4,425","-4,425","-4,425","-4,425","-4,425","-4,425","-4,425","-4,425","-4,425","-4,425","-4,425","-4,425","-4,425","-4,425","-4,425","-4,575","-4,575","-4,400","-4,400","-4,400","-4,400","-4,550","-4,400","-4,400","-4,400","-4,400","-4,400","-4,550","-4,400","-4,550","-4,700","-4,550","-4,725","-4,725","-4,725","-4,725","-4,725","-4,725","-4,725","-4,700","-4,700","-4,700","-4,700","-4,700","-4,700","-4,700","-4,700","-4,700","-4,700","-4,700","-4,700","-4,725","-4,725","-4,725","-4,725","-4,725","-4,725","-4,725","-4,725","-4,550","-4,400","-4,400","-4,400","-4,400","-4,400","-4,400","-4,725","-4,550","-4,725","-4,550","-4,400","-4,725","-4,400","-4,400","-4,400","-4,725","-4,725","-4,725","-4,725","-4,750","-4,750","-4,750","-4,750","-4,750","-4,750","-4,750","-4,750"
CD06R01,7,,"-318,600","-3,400","-3,400","-3,400","-3,400","-3,425","-3,425","-3,425","-3,425","-3,425","-3,425","-3,425","-3,425","-3,350","-3,350","-3,350","-3,350","-3,275","-3,275","-3,275","-3,275","-3,275","-3,275","-3,275","-3,275","-3,300","-3,300","-3,300","-3,300","-3,225","-3,225","-3,225","-3,225","-3,200","-3,200","-3,200","-3,200","-3,200","-3,200","-3,200","-3,200","-3,300","-3,300","-3,300","-3,300","-3,300","-3,300","-3,300","-3,300","-3,275","-3,275","-3,275","-3,275","-3,225","-3,225","-3,225","-3,225","-3,175","-3,175","-3,175","-3,175","-3,200","-3,200","-3,200","-3,200","-3,275","-3,275","-3,275","-3,275","-3,300","-3,300","-3,300","-3,300","-3,325","-3,325","-3,325","-3,325","-3,375","-3,375","-3,375","-3,375","-3,450","-3,450","-3,450","-3,450","-3,475","-3,475","-3,475","-3,475","-3,450","-3,450","-3,450","-3,450","-3,450","-3,450","-3,450","-3,450"
CEBAC01,8,,"-53,950","-0,625","-0,625","-0,600","-0,575","-0,550","-0,550","-0,525","-0,525","-0,500","-0,500","-0,500","-0,475","-0,475","-0,450","-0,450","-0,450","-0,425","-0,425","-0,425","-0,425","-0,425","-0,425","-0,425","-0,425","-0,425","-0,425","-0,425","-0,425","-0,425","-0,425","-0,425","-0,425","-0,425","-0,425","-0,425","-0,425","-0,450","-0,475","-0,475","-0,475","-0,500","-0,500","-0,500","-0,525","-0,525","-0,525","-0,525","-0,550","-0,550","-0,550","-0,550","-0,575","-0,600","-0,625","-0,650","-0,650","-0,675","-0,700","-0,700","-0,700","-0,725","-0,725","-0,725","-0,700","-0,675","-0,650","-0,650","-0,650","-0,675","-0,675","-0,675","-0,675","-0,675","-0,675","-0,650","-0,650","-0,625","-0,625","-0,625","-0,625","-0,600","-0,600","-0,600","-0,625","-0,625","-0,650","-0,650","-0,650","-0,675","-0,675","-0,675","-0,650","-0,650","-0,625","-0,625","-0,600"
CEDC01,8,,"-82,750","-0,925","-0,900","-0,900","-0,925","-0,850","-0,850","-0,850","-0,850","-0,800","-0,825","-0,825","-0,775","-0,775","-0,800","-0,775","-0,775","-0,800","-0,775","-0,775","-0,800","-0,800","-0,775","-0,800","-0,800","-0,875","-0,875","-0,875","-0,875","-0,950","-0,950","-0,975","-0,975","-0,850","-0,875","-0,850","-0,875","-0,900","-0,875","-0,850","-0,875","-0,925","-0,900","-0,925","-0,950","-0,925","-0,900","-0,925","-0,925","-0,925","-0,925","-0,925","-0,900","-0,875","-0,900","-0,875","-0,875","-0,850","-0,825","-0,875","-0,875","-0,850","-0,800","-0,825","-0,850","-0,825","-0,825","-0,850","-0,825","-0,850","-0,900","-0,825","-0,875","-0,850","-0,850","-0,850","-0,875","-0,900","-0,900","-0,875","-0,925","-0,925","-0,950","-0,900","-0,925","-0,900","-0,875","-0,825","-0,800","-0,875","-0,850","-0,850","-0,850","-0,775","-0,775","-0,775","-0,750"
CEEEC01,8,,"-1934,100","-16,400","-16,100","-15,600","-15,225","-15,050","-14,775","-14,475","-14,200","-13,950","-13,750","-13,600","-13,500","-13,550","-13,375","-13,275","-13,150","-13,050","-13,025","-13,075","-13,025","-13,150","-13,125","-13,350","-13,850","-14,900","-15,575","-16,400","-16,925","-18,350","-19,225","-19,775","-20,100","-20,700","-21,225","-21,550","-22,000","-22,575","-22,675","-23,050","-23,300","-23,850","-24,375","-24,825","-24,775","-25,050","-25,400","-25,525","-25,475","-25,750","-25,775","-25,875","-25,800","-25,625","-25,650","-25,525","-25,250","-24,825","-24,750","-24,600","-24,550","-24,000","-23,750","-23,775","-23,800","-23,600","-23,525","-23,400","-23,275","-23,350","-23,250","-23,125","-22,675","-22,225","-22,225","-22,250","-22,175","-22,150","-22,075","-22,100","-22,050","-21,875","-21,725","-21,450","-21,400","-21,000","-20,825","-20,650","-20,375","-20,125","-19,700","-19,275","-18,800","-18,525","-18,025","-17,450","-16,925"
CELSC01,7,,"-291,900","-1,450","-1,450","-1,450","-1,450","-1,450","-1,450","-1,450","-1,450","-1,450","-1,450","-1,450","-1,300","-1,300","-1,300","-1,300","-1,475","-1,475","-1,475","-1,475","-1,500","-1,475","-1,475","-1,475","-1,300","-1,300","-1,300","-1,300","-4,400","-4,375","-4,375","-4,375","-4,550","-4,525","-4,525","-4,525","-4,500","-4,500","-4,500","-4,500","-4,650","-4,650","-4,650","-4,650","-4,800","-4,800","-4,800","-4,800","-4,825","-4,800","-4,800","-4,800","-4,750","-4,750","-4,750","-4,750","-4,425","-4,425","-4,425","-4,425","-4,425","-4,425","-4,425","-4,425","-4,775","-4,775","-4,775","-4,775","-2,825","-2,825","-2,825","-2,825","-2,725","-2,725","-2,725","-2,725","-2,600","-2,600","-2,600","-2,600","-2,650","-2,650","-2,650","-2,650","-2,675","-2,675","-2,675","-2,675","-2,250","-2,250","-2,250","-2,250","-1,300","-1,300","-1,300","-1,300","-1,450"
CENTC01,8,,"-4792,625","-42,375","-41,825","-41,375","-40,975","-40,650","-40,250","-39,875","-39,500","-39,075","-38,700","-38,425","-38,225","-38,025","-37,825","-37,675","-37,600","-37,625","-35,050","-37,600","-37,825","-37,675","-37,875","-38,650","-39,925","-42,225","-43,525","-44,775","-45,925","-47,200","-48,350","-49,400","-50,325","-51,275","-52,225","-53,075","-53,775","-54,375","-55,075","-55,725","-56,300","-56,850","-57,425","-57,900","-58,300","-58,725","-59,150","-59,425","-59,650","-59,650","-59,825","-60,100","-60,475","-61,575","-61,950","-61,650","-60,600","-58,575","-56,325","-55,600","-55,600","-57,400","-55,750","-58,675","-57,450","-56,375","-54,900","-54,700","-54,525","-54,250","-54,075","-53,875","-53,700","-53,375","-53,200","-53,100","-53,150","-53,300","-53,325","-53,325","-53,275","-53,325","-53,275","-53,025","-52,525","-51,975","-51,475","-50,850","-50,075","-49,025","-48,250","-47,375","-46,425","-45,275","-44,325","-43,475","-42,725"
CERLC01,7,,"-10,425","-0,125","-0,125","-0,125","-0,125","-0,125","-0,125","-0,125","-0,125","-0,125","-0,125","-0,125","-0,125","-0,125","-0,125","-0,125","-0,125","-0,125","-0,125","-0,150","-0,150","-0,125","-0,125","-0,125","-0,125","-0,150","-0,125","-0,125","-0,125","-0,125","-0,150","-0,150","-0,150","-0,125","-0,125","-0,125","-0,125","-0,125","-0,100","-0,100","-0,100","-0,100","-0,075","-0,075","-0,075","-0,075","-0,075","-0,075","-0,075","-0,075","-0,050","-0,050","-0,050","-0,050","-0,050","-0,050","-0,050","-0,050","-0,050","-0,050","-0,075","-0,050","-0,075","-0,075","-0,075","-0,075","-0,075","-0,075","-0,075","-0,075","-0,075","-0,075","-0,075","-0,100","-0,100","-0,100","-0,125","-0,125","-0,125","-0,125","-0,125","-0,125","-0,150","-0,150","-0,150","-0,150","-0,150","-0,150","-0,150","-0,150","-0,150","-0,150","-0,150","-0,125","-0,125","-0,125","-0,125"
CERVUP,2,,"9,475",,,,,,,,,,,,,,,,,,,,,,,,,,,,,,"0,025","0,025","0,050","0,075","0,100","0,125","0,150","0,175","0,175","0,200","0,200","0,225","0,225","0,225","0,225","0,225","0,225","0,225","0,225","0,225","0,225","0,225","0,225","0,225","0,225","0,225","0,225","0,225","0,225","0,225","0,225","0,225","0,225","0,200","0,200","0,225","0,200","0,200","0,200","0,200","0,200","0,200","0,200","0,200","0,175","0,175","0,150","0,125","0,100","0,075","0,050","0,050","0,025","0,050","0,025",,,,,,,,,,,,
CHANC01,8,,"-3,725","-0,050","-0,050","-0,050","-0,025","-0,025","-0,025","-0,025","-0,025","-0,025","-0,025","-0,025","-0,025","-0,025","-0,025","-0,025","-0,025","-0,025","-0,025","-0,025","-0,025","-0,025","-0,025","-0,025","-0,025","-0,025","-0,025","-0,025","-0,025","-0,025","-0,025","-0,025","-0,025","-0,025","-0,025","-0,025","-0,025","-0,025","-0,025","-0,025","-0,025","-0,025","-0,025","-0,025","-0,025","-0,025","-0,025","-0,050","-0,050","-0,050","-0,050","-0,050","-0,050","-0,050","-0,050","-0,050","-0,050","-0,050","-0,050","-0,050","-0,050","-0,050","-0,050","-0,050","-0,050","-0,050","-0,050","-0,050","-0,050","-0,050","-0,050","-0,050","-0,050","-0,050","-0,050","-0,050","-0,050","-0,050","-0,050","-0,050","-0,050","-0,050","-0,050","-0,050","-0,050","-0,050","-0,050","-0,050","-0,050","-0,050","-0,050","-0,050","-0,050","-0,050","-0,050","-0,050","-0,050"
CHCC01,8,,"-2278,650","-25,025","-25,025","-24,625","-23,800","-23,225","-22,425","-21,775","-21,250","-21,300","-20,800","-20,375","-20,025","-20,100","-19,775","-19,475","-19,250","-19,250","-19,025","-18,850","-18,750","-18,825","-18,700","-18,725","-19,075","-18,975","-19,350","-19,550","-19,825","-20,100","-20,375","-20,675","-21,050","-21,350","-21,725","-21,975","-22,150","-21,950","-22,125","-22,350","-22,650","-22,825","-23,125","-23,375","-23,575","-23,250","-23,475","-23,775","-24,200","-23,900","-24,325","-24,825","-25,450","-24,975","-25,600","-26,150","-26,575","-26,150","-26,600","-26,700","-26,450","-25,900","-25,650","-25,425","-25,225","-25,325","-25,100","-25,000","-24,975","-25,375","-25,350","-25,275","-25,200","-25,300","-25,200","-25,175","-25,225","-25,600","-25,650","-25,725","-25,850","-25,975","-26,100","-26,325","-26,675","-26,700","-27,050","-27,500","-28,050","-28,875","-29,475","-29,475","-28,875","-27,850","-27,275","-27,000","-27,000"
CHCOC01,8,,"-559,800","-6,175","-6,175","-6,175","-6,175","-5,400","-5,400","-5,400","-5,400","-4,875","-4,875","-4,875","-4,875","-4,500","-4,500","-4,500","-4,500","-4,250","-4,250","-4,250","-4,250","-4,000","-4,000","-4,000","-4,000","-3,875","-3,875","-3,875","-3,875","-3,900","-3,900","-3,900","-3,900","-4,125","-4,125","-4,125","-4,125","-4,325","-4,325","-4,325","-4,325","-4,550","-4,550","-4,550","-4,550","-4,925","-4,925","-4,925","-4,925","-5,650","-5,650","-5,650","-5,650","-6,950","-6,950","-6,950","-6,950","-8,050","-8,050","-8,050","-8,050","-8,000","-8,000","-8,000","-8,000","-7,625","-7,625","-7,625","-7,625","-7,325","-7,325","-7,325","-7,325","-7,000","-7,000","-7,000","-7,000","-6,675","-6,675","-6,675","-6,675","-6,600","-6,600","-6,600","-6,600","-6,900","-6,900","-6,900","-6,900","-7,325","-7,325","-7,325","-7,325","-6,950","-6,950","-6,950","-6,950"
CHENC01,8,,"-4,750",,"-0,050","-0,050","-0,050","-0,050","-0,050","-0,050","-0,050","-0,050",,"-0,025","-0,050","-0,050","-0,050","-0,050","-0,050","-0,050","-0,050","-0,050","-0,050","-0,050","-0,050","-0,050","-0,050","-0,050","-0,050","-0,050",,,,,,"-0,050","-0,050","-0,075",,"-0,075","-0,075","-0,075","-0,075","-0,075","-0,075","-0,075","-0,075","-0,075","-0,075","-0,075","-0,075","-0,075","-0,075","-0,075","-0,075","-0,075","-0,075","-0,075","-0,075","-0,075","-0,075","-0,075","-0,075","-0,075","-0,075","-0,075","-0,075","-0,075","-0,075","-0,075","-0,075","-0,075","-0,075","-0,075","-0,050","-0,050","-0,050","-0,050","-0,050","-0,050","-0,050",,"-0,025","-0,050",,,,,,,"-0,050","-0,050","-0,050",,,,"-0,050","-0,050","-0,050"
CHIPB,3,,"-453,750",,,,,,,,,,,,,,,,,,,,,,,,,,,,,,,,,,,,,,,,"-16,500","-16,500","-16,500","-16,500","-16,500","-16,500","-16,500","-16,500","-16,500","-8,250","-16,500","-8,250","-8,250","-16,500","-16,500","-16,500","-16,500","-16,500","-16,500","-16,500","-16,500","-16,500","-16,500","-16,500","-16,500","-16,500","-16,500","-16,500","-16,500",,,,,,,,,,,,,,,,,,,,,,,,,,,,
CHIPG,1,,"266,000","7,000","7,000","7,000","7,000","7,000","7,000","7,000","7,000","7,000","7,000","7,000","7,000",,,,,,,,,,,,,,,,,,,,,,,,,,,,,,,,,,,,,,,,,,,,,,,,,,,,,,,,,,,,,,,,,,,,,,,,"14,000","14,000","14,000","14,000","14,000","14,000","14,000","14,000","14,000","14,000","14,000","14,000","14,000"
CHISC01,8,,"-2,400","-0,025","-0,025","-0,025","-0,025","-0,025","-0,025","-0,025","-0,025","-0,025","-0,025","-0,025","-0,025","-0,025","-0,025","-0,025","-0,025","-0,025","-0,025","-0,025","-0,025","-0,025","-0,025","-0,025","-0,025","-0,025","-0,025","-0,025","-0,025","-0,025","-0,025","-0,025","-0,025","-0,025","-0,025","-0,025","-0,025","-0,025","-0,025","-0,025","-0,025","-0,025","-0,025","-0,025","-0,025","-0,025","-0,025","-0,025","-0,025","-0,025","-0,025","-0,025","-0,025","-0,025","-0,025","-0,025","-0,025","-0,025","-0,025","-0,025","-0,025","-0,025","-0,025","-0,025","-0,025","-0,025","-0,025","-0,025","-0,025","-0,025","-0,025","-0,025","-0,025","-0,025","-0,025","-0,025","-0,025","-0,025","-0,025","-0,025","-0,025","-0,025","-0,025","-0,025","-0,025","-0,025","-0,025","-0,025","-0,025","-0,025","-0,025","-0,025","-0,025","-0,025","-0,025","-0,025","-0,025"
CHURC01,7,,"-28,200",,,,,,,,,,,,,,,,,,,,,,,,,"-0,025","-0,025","-0,025","-0,025","-0,250","-0,250","-0,250","-0,250","-0,550","-0,550","-0,550","-0,550","-0,550","-0,550","-0,550","-0,550","-0,450","-0,450","-0,450","-0,450","-0,600","-0,600","-0,600","-0,600","-0,625","-0,625","-0,625","-0,625","-0,650","-0,650","-0,650","-0,650","-0,650","-0,650","-0,650","-0,650","-0,650","-0,650","-0,650","-0,650","-0,650","-0,650","-0,650","-0,650","-0,650","-0,650","-0,650","-0,650","-0,500","-0,500","-0,500","-0,500","-0,250","-0,250","-0,250","-0,250",,,,,,,,,,,,,,,,
CHVADOM,10,,"22,450","0,400","0,400","0,400","0,400","0,400","0,400","0,400","0,400","0,400","0,400","0,400","0,400","0,400","0,425","0,400","0,400","0,400","0,400","0,400","0,400","0,400","0,400","0,400","0,400","0,400","0,400","0,400","0,400","0,425","0,400","0,400","0,400","0,400","0,400","0,400","0,400","0,400","0,400","0,400","0,400",,,,,,,,,,,,,,,,,,,,,,,,,,,,,,,,,,,,,,,,,"0,400","0,400","0,400","0,400","0,400","0,400","0,400","0,400","0,400","0,400","0,400","0,400","0,400","0,400","0,400","0,400"
